response-time,DNS+dialup,DNS,Request-write,Response-delay,Response-read,status-code,offset
0.0052,0.0002,0.0000,0.0002,0.0046,0.0001,200,0.0009
0.0061,0.0004,0.0000,0.0013,0.0044,0.0000,200,0.0009
0.0064,0.0011,0.0000,0.0006,0.0037,0.0000,200,0.0008
0.0067,0.0007,0.0000,0.0002,0.0048,0.0001,200,0.0007
0.0053,0.0014,0.0000,0.0005,0.0034,0.0000,200,0.0022
0.0063,0.0010,0.0000,0.0003,0.0049,0.0000,200,0.0014
0.0079,0.0015,0.0000,0.0005,0.0059,0.0001,200,0.0015
0.0082,0.0012,0.0000,0.0004,0.0066,0.0000,200,0.0012
0.0032,0.0000,0.0000,0.0000,0.0022,0.0000,200,0.0072
0.0009,0.0000,0.0000,0.0000,0.0009,0.0000,200,0.0094
0.0081,0.0022,0.0000,0.0009,0.0049,0.0000,200,0.0033
0.0079,0.0004,0.0000,0.0002,0.0071,0.0001,200,0.0063
0.0081,0.0000,0.0000,0.0000,0.0057,0.0000,200,0.0070
0.0097,0.0000,0.0000,0.0000,0.0074,0.0000,200,0.0057
0.0043,0.0000,0.0000,0.0000,0.0042,0.0000,200,0.0114
0.0079,0.0000,0.0000,0.0000,0.0023,0.0055,200,0.0095
0.0167,0.0005,0.0000,0.0012,0.0149,0.0001,200,0.0062
0.0154,0.0004,0.0000,0.0008,0.0141,0.0001,200,0.0079
0.0236,0.0033,0.0000,0.0009,0.0194,0.0001,200,0.0023
0.0178,0.0003,0.0000,0.0003,0.0172,0.0000,200,0.0083
0.0270,0.0033,0.0000,0.0006,0.0229,0.0000,200,0.0029
0.0269,0.0029,0.0000,0.0007,0.0233,0.0000,200,0.0031
0.0217,0.0001,0.0000,0.0003,0.0212,0.0000,200,0.0083
0.0214,0.0003,0.0000,0.0002,0.0208,0.0000,200,0.0087
0.0212,0.0001,0.0000,0.0002,0.0209,0.0000,200,0.0089
0.0270,0.0029,0.0000,0.0007,0.0234,0.0000,200,0.0032
0.0213,0.0001,0.0000,0.0001,0.0211,0.0000,200,0.0089
0.0215,0.0002,0.0000,0.0002,0.0210,0.0000,200,0.0088
0.0226,0.0008,0.0000,0.0009,0.0206,0.0003,200,0.0077
0.0227,0.0007,0.0000,0.0009,0.0196,0.0015,200,0.0077
0.0246,0.0010,0.0000,0.0003,0.0232,0.0000,200,0.0059
0.0240,0.0000,0.0000,0.0000,0.0230,0.0001,200,0.0084
0.0245,0.0003,0.0000,0.0007,0.0235,0.0000,200,0.0080
0.0030,0.0000,0.0000,0.0000,0.0030,0.0000,200,0.0302
0.0183,0.0000,0.0000,0.0000,0.0175,0.0008,200,0.0157
0.0305,0.0021,0.0000,0.0008,0.0267,0.0007,200,0.0035
0.0188,0.0000,0.0000,0.0000,0.0183,0.0005,200,0.0154
0.0043,0.0000,0.0000,0.0000,0.0043,0.0000,200,0.0300
0.0265,0.0005,0.0000,0.0009,0.0251,0.0000,200,0.0078
0.0264,0.0000,0.0000,0.0007,0.0252,0.0001,200,0.0082
0.0247,0.0000,0.0000,0.0000,0.0246,0.0000,200,0.0104
0.0299,0.0007,0.0000,0.0002,0.0285,0.0000,200,0.0058
0.0278,0.0004,0.0000,0.0007,0.0266,0.0001,200,0.0079
0.0302,0.0000,0.0000,0.0000,0.0285,0.0001,200,0.0064
0.0063,0.0000,0.0000,0.0000,0.0062,0.0000,200,0.0303
0.0072,0.0000,0.0000,0.0000,0.0071,0.0000,200,0.0300
0.0287,0.0000,0.0000,0.0006,0.0279,0.0000,200,0.0086
0.0355,0.0000,0.0000,0.0000,0.0305,0.0010,200,0.0028
0.0233,0.0000,0.0000,0.0000,0.0233,0.0000,200,0.0152
0.0328,0.0012,0.0000,0.0003,0.0312,0.0000,200,0.0058
0.0159,0.0000,0.0000,0.0000,0.0156,0.0002,200,0.0229
0.0064,0.0000,0.0000,0.0004,0.0056,0.0000,200,0.0325
0.0085,0.0000,0.0000,0.0000,0.0084,0.0000,200,0.0304
0.0033,0.0000,0.0000,0.0000,0.0028,0.0004,200,0.0357
0.0089,0.0000,0.0000,0.0000,0.0088,0.0001,200,0.0302
0.0014,0.0000,0.0000,0.0000,0.0013,0.0000,200,0.0385
0.0098,0.0000,0.0000,0.0000,0.0097,0.0000,200,0.0305
0.0156,0.0000,0.0000,0.0000,0.0151,0.0005,200,0.0261
0.0050,0.0000,0.0000,0.0008,0.0035,0.0000,200,0.0373
0.0032,0.0000,0.0000,0.0000,0.0031,0.0000,200,0.0391
0.0123,0.0000,0.0000,0.0000,0.0122,0.0000,200,0.0301
0.0100,0.0000,0.0000,0.0000,0.0099,0.0000,200,0.0324
0.0340,0.0000,0.0000,0.0000,0.0337,0.0000,200,0.0085
0.0252,0.0000,0.0000,0.0000,0.0251,0.0000,200,0.0174
0.0345,0.0001,0.0000,0.0006,0.0337,0.0000,200,0.0081
0.0088,0.0000,0.0000,0.0000,0.0087,0.0000,200,0.0340
0.0085,0.0000,0.0000,0.0000,0.0084,0.0001,200,0.0343
0.0367,0.0004,0.0000,0.0012,0.0349,0.0001,200,0.0063
0.0356,0.0008,0.0000,0.0007,0.0340,0.0000,200,0.0076
0.0017,0.0000,0.0000,0.0000,0.0012,0.0000,200,0.0417
0.0405,0.0021,0.0000,0.0009,0.0374,0.0001,200,0.0033
0.0055,0.0000,0.0000,0.0000,0.0054,0.0001,200,0.0388
0.0104,0.0000,0.0000,0.0000,0.0102,0.0002,200,0.0342
0.0025,0.0000,0.0000,0.0000,0.0024,0.0000,200,0.0425
0.0067,0.0000,0.0000,0.0000,0.0066,0.0001,200,0.0385
0.0156,0.0000,0.0000,0.0000,0.0155,0.0000,200,0.0301
0.0114,0.0000,0.0000,0.0000,0.0113,0.0000,200,0.0343
0.0018,0.0000,0.0000,0.0004,0.0009,0.0003,200,0.0446
0.0039,0.0000,0.0000,0.0000,0.0038,0.0000,200,0.0425
0.0015,0.0000,0.0000,0.0000,0.0010,0.0000,200,0.0452
0.0037,0.0000,0.0000,0.0000,0.0037,0.0001,200,0.0434
0.0398,0.0000,0.0000,0.0001,0.0390,0.0000,200,0.0074
0.0011,0.0000,0.0000,0.0000,0.0011,0.0001,200,0.0464
0.0091,0.0000,0.0000,0.0000,0.0090,0.0000,200,0.0389
0.0143,0.0000,0.0000,0.0001,0.0142,0.0000,200,0.0340
0.0060,0.0000,0.0000,0.0000,0.0059,0.0000,200,0.0428
0.0103,0.0000,0.0000,0.0000,0.0103,0.0000,200,0.0389
0.0126,0.0000,0.0000,0.0005,0.0120,0.0000,200,0.0366
0.0069,0.0000,0.0000,0.0000,0.0068,0.0000,200,0.0424
0.0437,0.0008,0.0000,0.0003,0.0425,0.0000,200,0.0060
0.0464,0.0026,0.0000,0.0004,0.0429,0.0004,200,0.0043
0.0014,0.0000,0.0000,0.0002,0.0010,0.0000,200,0.0493
0.0064,0.0000,0.0000,0.0000,0.0061,0.0000,200,0.0444
0.0056,0.0000,0.0000,0.0000,0.0055,0.0001,200,0.0458
0.0023,0.0000,0.0000,0.0000,0.0022,0.0000,200,0.0497
0.0491,0.0000,0.0000,0.0006,0.0451,0.0000,200,0.0030
0.0289,0.0000,0.0000,0.0000,0.0288,0.0000,200,0.0233
0.0083,0.0000,0.0000,0.0000,0.0083,0.0000,200,0.0438
0.0034,0.0000,0.0000,0.0001,0.0033,0.0000,200,0.0492
0.0145,0.0000,0.0000,0.0000,0.0143,0.0002,200,0.0388
0.0231,0.0000,0.0000,0.0000,0.0230,0.0000,200,0.0303
0.0067,0.0000,0.0000,0.0000,0.0065,0.0001,200,0.0472
0.0057,0.0000,0.0000,0.0000,0.0056,0.0000,200,0.0483
0.0168,0.0000,0.0000,0.0001,0.0167,0.0000,200,0.0372
0.0021,0.0000,0.0000,0.0000,0.0016,0.0005,200,0.0521
0.0030,0.0000,0.0000,0.0000,0.0024,0.0000,200,0.0514
0.0040,0.0000,0.0000,0.0000,0.0038,0.0001,200,0.0507
0.0408,0.0000,0.0000,0.0000,0.0406,0.0000,200,0.0142
0.0130,0.0000,0.0000,0.0000,0.0129,0.0001,200,0.0423
0.0501,0.0006,0.0000,0.0002,0.0490,0.0002,200,0.0062
0.0138,0.0000,0.0000,0.0000,0.0137,0.0000,200,0.0426
0.0535,0.0021,0.0000,0.0008,0.0502,0.0003,200,0.0036
0.0067,0.0000,0.0000,0.0000,0.0066,0.0000,200,0.0507
0.0054,0.0000,0.0000,0.0001,0.0052,0.0001,200,0.0520
0.0122,0.0000,0.0000,0.0001,0.0117,0.0004,200,0.0457
0.0161,0.0000,0.0000,0.0000,0.0160,0.0001,200,0.0423
0.0163,0.0000,0.0000,0.0000,0.0162,0.0000,200,0.0424
0.0071,0.0000,0.0000,0.0000,0.0070,0.0001,200,0.0522
0.0524,0.0000,0.0000,0.0007,0.0506,0.0001,200,0.0075
0.0197,0.0000,0.0000,0.0007,0.0190,0.0000,200,0.0403
0.0028,0.0000,0.0000,0.0000,0.0027,0.0000,200,0.0574
0.0272,0.0000,0.0000,0.0000,0.0271,0.0000,200,0.0332
0.0242,0.0000,0.0000,0.0000,0.0241,0.0001,200,0.0366
0.0018,0.0000,0.0000,0.0000,0.0018,0.0000,200,0.0592
0.0257,0.0000,0.0000,0.0000,0.0257,0.0000,200,0.0357
0.0129,0.0000,0.0000,0.0000,0.0128,0.0000,200,0.0488
0.0146,0.0000,0.0000,0.0000,0.0145,0.0000,200,0.0475
0.0083,0.0000,0.0000,0.0000,0.0082,0.0000,200,0.0540
0.0084,0.0000,0.0000,0.0000,0.0083,0.0001,200,0.0547
0.0284,0.0000,0.0000,0.0000,0.0283,0.0000,200,0.0351
0.0553,0.0002,0.0000,0.0002,0.0549,0.0000,200,0.0083
0.0161,0.0000,0.0000,0.0000,0.0160,0.0000,200,0.0481
0.0599,0.0006,0.0000,0.0009,0.0582,0.0001,200,0.0078
0.0040,0.0000,0.0000,0.0000,0.0039,0.0001,200,0.0636
0.0573,0.0000,0.0000,0.0000,0.0573,0.0000,200,0.0104
0.0095,0.0000,0.0000,0.0000,0.0095,0.0000,200,0.0584
0.0130,0.0000,0.0000,0.0000,0.0129,0.0000,200,0.0550
0.0117,0.0000,0.0000,0.0000,0.0116,0.0000,200,0.0563
0.0217,0.0000,0.0000,0.0000,0.0216,0.0000,200,0.0464
0.0422,0.0000,0.0000,0.0000,0.0421,0.0000,200,0.0259
0.0140,0.0000,0.0000,0.0000,0.0139,0.0000,200,0.0541
0.0254,0.0000,0.0000,0.0000,0.0253,0.0000,200,0.0428
0.0143,0.0000,0.0000,0.0000,0.0143,0.0000,200,0.0539
0.0250,0.0000,0.0000,0.0000,0.0250,0.0000,200,0.0432
0.0082,0.0000,0.0000,0.0001,0.0079,0.0000,200,0.0601
0.0143,0.0000,0.0000,0.0000,0.0142,0.0000,200,0.0540
0.0130,0.0000,0.0000,0.0000,0.0130,0.0000,200,0.0553
0.0109,0.0000,0.0000,0.0000,0.0105,0.0000,200,0.0575
0.0061,0.0000,0.0000,0.0000,0.0061,0.0000,200,0.0623
0.0177,0.0000,0.0000,0.0000,0.0177,0.0000,200,0.0508
0.0054,0.0000,0.0000,0.0000,0.0053,0.0000,200,0.0632
0.0392,0.0000,0.0000,0.0000,0.0392,0.0000,200,0.0299
0.0074,0.0000,0.0000,0.0000,0.0074,0.0000,200,0.0617
0.0349,0.0000,0.0000,0.0000,0.0347,0.0000,200,0.0346
0.0098,0.0000,0.0000,0.0000,0.0098,0.0000,200,0.0600
0.0096,0.0000,0.0000,0.0000,0.0095,0.0000,200,0.0604
0.0318,0.0000,0.0000,0.0000,0.0317,0.0000,200,0.0384
0.0024,0.0000,0.0000,0.0000,0.0023,0.0000,200,0.0682
0.0183,0.0000,0.0000,0.0000,0.0182,0.0001,200,0.0526
0.0030,0.0000,0.0000,0.0000,0.0029,0.0000,200,0.0682
0.0639,0.0002,0.0000,0.0007,0.0627,0.0003,200,0.0080
0.0032,0.0000,0.0000,0.0000,0.0031,0.0000,200,0.0691
0.0192,0.0000,0.0000,0.0000,0.0190,0.0001,200,0.0533
0.0206,0.0000,0.0000,0.0000,0.0205,0.0001,200,0.0522
0.0119,0.0000,0.0000,0.0000,0.0118,0.0000,200,0.0611
0.0048,0.0000,0.0000,0.0001,0.0046,0.0001,200,0.0685
0.0017,0.0000,0.0000,0.0001,0.0016,0.0001,200,0.0719
0.0055,0.0000,0.0000,0.0000,0.0055,0.0001,200,0.0684
0.0059,0.0000,0.0000,0.0000,0.0059,0.0000,200,0.0681
0.0060,0.0000,0.0000,0.0000,0.0060,0.0000,200,0.0685
0.0008,0.0000,0.0000,0.0000,0.0007,0.0000,200,0.0740
0.0112,0.0000,0.0000,0.0000,0.0111,0.0000,200,0.0641
0.0191,0.0000,0.0000,0.0001,0.0189,0.0000,200,0.0563
0.0059,0.0000,0.0000,0.0000,0.0058,0.0000,200,0.0698
0.0149,0.0000,0.0000,0.0000,0.0146,0.0003,200,0.0614
0.0168,0.0000,0.0000,0.0000,0.0164,0.0004,200,0.0602
0.0372,0.0000,0.0000,0.0000,0.0364,0.0006,200,0.0399
0.0071,0.0000,0.0000,0.0000,0.0064,0.0006,200,0.0709
0.0739,0.0023,0.0000,0.0012,0.0696,0.0006,200,0.0042
0.0111,0.0000,0.0000,0.0000,0.0098,0.0012,200,0.0682
0.0093,0.0000,0.0000,0.0000,0.0079,0.0014,200,0.0702
0.0089,0.0000,0.0000,0.0001,0.0087,0.0000,200,0.0706
0.0324,0.0000,0.0000,0.0000,0.0308,0.0014,200,0.0472
0.0210,0.0000,0.0000,0.0000,0.0209,0.0000,200,0.0587
0.0052,0.0000,0.0000,0.0000,0.0038,0.0013,200,0.0745
0.0117,0.0000,0.0000,0.0000,0.0101,0.0016,200,0.0680
0.0261,0.0000,0.0000,0.0000,0.0260,0.0000,200,0.0544
0.0079,0.0000,0.0000,0.0002,0.0076,0.0000,200,0.0728
0.0070,0.0000,0.0000,0.0000,0.0069,0.0000,200,0.0736
0.0129,0.0000,0.0000,0.0000,0.0127,0.0001,200,0.0679
0.0132,0.0000,0.0000,0.0000,0.0131,0.0001,200,0.0677
0.0030,0.0000,0.0000,0.0006,0.0024,0.0000,200,0.0780
0.0075,0.0000,0.0000,0.0000,0.0075,0.0000,200,0.0739
0.0130,0.0000,0.0000,0.0000,0.0129,0.0000,200,0.0692
0.0129,0.0000,0.0000,0.0000,0.0128,0.0001,200,0.0695
0.0019,0.0000,0.0000,0.0000,0.0018,0.0001,200,0.0809
0.0222,0.0000,0.0000,0.0001,0.0221,0.0000,200,0.0608
0.0259,0.0000,0.0000,0.0000,0.0258,0.0000,200,0.0571
0.0041,0.0000,0.0000,0.0000,0.0040,0.0000,200,0.0793
0.0205,0.0000,0.0000,0.0000,0.0205,0.0000,200,0.0635
0.0051,0.0000,0.0000,0.0000,0.0048,0.0002,200,0.0796
0.0016,0.0000,0.0000,0.0000,0.0016,0.0000,200,0.0830
0.0173,0.0000,0.0000,0.0000,0.0172,0.0000,200,0.0679
0.0032,0.0000,0.0000,0.0001,0.0030,0.0001,200,0.0828
0.0148,0.0000,0.0000,0.0000,0.0147,0.0000,200,0.0712
0.0064,0.0000,0.0000,0.0000,0.0063,0.0001,200,0.0798
0.0288,0.0000,0.0000,0.0001,0.0283,0.0004,200,0.0579
0.0138,0.0000,0.0000,0.0000,0.0137,0.0000,200,0.0729
0.0792,0.0004,0.0000,0.0003,0.0784,0.0000,200,0.0081
0.0153,0.0000,0.0000,0.0000,0.0152,0.0001,200,0.0723
0.0049,0.0000,0.0000,0.0000,0.0047,0.0002,200,0.0830
0.0081,0.0000,0.0000,0.0000,0.0080,0.0001,200,0.0805
0.0395,0.0000,0.0000,0.0000,0.0394,0.0000,200,0.0492
0.0087,0.0000,0.0000,0.0000,0.0086,0.0001,200,0.0806
0.0073,0.0000,0.0000,0.0000,0.0073,0.0000,200,0.0822
0.0027,0.0000,0.0000,0.0000,0.0026,0.0000,200,0.0873
0.0045,0.0000,0.0000,0.0000,0.0044,0.0001,200,0.0860
0.0043,0.0000,0.0000,0.0000,0.0043,0.0001,200,0.0867
0.0481,0.0000,0.0000,0.0000,0.0480,0.0000,200,0.0430
0.0024,0.0000,0.0000,0.0000,0.0023,0.0000,200,0.0893
0.0166,0.0000,0.0000,0.0003,0.0157,0.0000,200,0.0757
0.0195,0.0000,0.0000,0.0000,0.0194,0.0000,200,0.0733
0.0051,0.0000,0.0000,0.0000,0.0050,0.0000,200,0.0876
0.0460,0.0000,0.0000,0.0000,0.0459,0.0000,200,0.0467
0.0137,0.0000,0.0000,0.0000,0.0136,0.0000,200,0.0795
0.0053,0.0000,0.0000,0.0000,0.0052,0.0001,200,0.0887
0.0024,0.0000,0.0000,0.0000,0.0023,0.0000,200,0.0917
0.0089,0.0000,0.0000,0.0000,0.0089,0.0000,200,0.0852
0.0016,0.0000,0.0000,0.0000,0.0015,0.0000,200,0.0927
0.0416,0.0000,0.0000,0.0001,0.0414,0.0001,200,0.0533
0.0050,0.0000,0.0000,0.0000,0.0049,0.0001,200,0.0901
0.0044,0.0000,0.0000,0.0000,0.0043,0.0001,200,0.0911
0.0206,0.0000,0.0000,0.0001,0.0202,0.0000,200,0.0753
0.0081,0.0000,0.0000,0.0000,0.0080,0.0001,200,0.0880
0.0118,0.0000,0.0000,0.0000,0.0118,0.0000,200,0.0847
0.0062,0.0000,0.0000,0.0000,0.0062,0.0000,200,0.0905
0.0042,0.0000,0.0000,0.0000,0.0040,0.0001,200,0.0927
0.0290,0.0000,0.0000,0.0000,0.0289,0.0000,200,0.0686
0.0162,0.0000,0.0000,0.0000,0.0161,0.0000,200,0.0815
0.0306,0.0000,0.0000,0.0010,0.0295,0.0001,200,0.0676
0.0190,0.0000,0.0000,0.0000,0.0189,0.0001,200,0.0796
0.0303,0.0000,0.0000,0.0000,0.0303,0.0000,200,0.0683
0.0121,0.0000,0.0000,0.0000,0.0119,0.0000,200,0.0867
0.0316,0.0000,0.0000,0.0000,0.0313,0.0002,200,0.0682
0.0054,0.0000,0.0000,0.0000,0.0054,0.0000,200,0.0943
0.0032,0.0000,0.0000,0.0000,0.0032,0.0000,200,0.0970
0.0027,0.0000,0.0000,0.0000,0.0027,0.0000,200,0.0977
0.0559,0.0000,0.0000,0.0008,0.0550,0.0000,200,0.0450
0.0063,0.0000,0.0000,0.0000,0.0062,0.0001,200,0.0951
0.0168,0.0000,0.0000,0.0000,0.0167,0.0001,200,0.0847
0.0196,0.0000,0.0000,0.0001,0.0195,0.0000,200,0.0824
0.0047,0.0000,0.0000,0.0000,0.0044,0.0002,200,0.0982
0.0107,0.0000,0.0000,0.0000,0.0106,0.0000,200,0.0923
0.0106,0.0000,0.0000,0.0000,0.0106,0.0000,200,0.0928
0.0079,0.0000,0.0000,0.0002,0.0075,0.0000,200,0.0956
0.0066,0.0000,0.0000,0.0000,0.0063,0.0002,200,0.0976
0.0102,0.0000,0.0000,0.0000,0.0099,0.0000,200,0.0940
0.0062,0.0000,0.0000,0.0000,0.0061,0.0001,200,0.0986
0.0281,0.0000,0.0000,0.0002,0.0278,0.0001,200,0.0772
0.0048,0.0000,0.0000,0.0000,0.0048,0.0000,200,0.1009
0.0043,0.0000,0.0000,0.0000,0.0042,0.0000,200,0.1014
0.0023,0.0000,0.0000,0.0000,0.0019,0.0004,200,0.1041
0.0444,0.0000,0.0000,0.0000,0.0443,0.0000,200,0.0621
0.0174,0.0000,0.0000,0.0000,0.0173,0.0000,200,0.0895
0.0163,0.0000,0.0000,0.0001,0.0161,0.0001,200,0.0910
0.0234,0.0000,0.0000,0.0000,0.0233,0.0000,200,0.0840
0.0036,0.0000,0.0000,0.0000,0.0035,0.0000,200,0.1042
0.0013,0.0000,0.0000,0.0000,0.0012,0.0000,200,0.1070
0.0387,0.0000,0.0000,0.0000,0.0387,0.0000,200,0.0700
0.0056,0.0000,0.0000,0.0000,0.0054,0.0002,200,0.1034
0.0317,0.0000,0.0000,0.0000,0.0316,0.0000,200,0.0780
0.0069,0.0000,0.0000,0.0000,0.0067,0.0001,200,0.1029
0.0335,0.0000,0.0000,0.0002,0.0332,0.0001,200,0.0770
0.0246,0.0000,0.0000,0.0000,0.0245,0.0001,200,0.0861
0.0111,0.0000,0.0000,0.0004,0.0107,0.0000,200,0.0998
0.0157,0.0000,0.0000,0.0000,0.0157,0.0000,200,0.0960
0.0311,0.0000,0.0000,0.0000,0.0310,0.0000,200,0.0808
0.0025,0.0000,0.0000,0.0000,0.0025,0.0000,200,0.1097
0.0183,0.0000,0.0000,0.0000,0.0183,0.0000,200,0.0941
0.0038,0.0000,0.0000,0.0000,0.0036,0.0000,200,0.1087
0.0127,0.0000,0.0000,0.0000,0.0125,0.0001,200,0.1002
0.0201,0.0000,0.0000,0.0000,0.0200,0.0001,200,0.0932
0.0130,0.0000,0.0000,0.0000,0.0129,0.0000,200,0.1004
0.0038,0.0000,0.0000,0.0001,0.0035,0.0002,200,0.1108
0.0041,0.0000,0.0000,0.0002,0.0037,0.0002,200,0.1109
0.0102,0.0000,0.0000,0.0001,0.0101,0.0000,200,0.1048
0.0222,0.0000,0.0000,0.0000,0.0221,0.0001,200,0.0941
0.0208,0.0000,0.0000,0.0000,0.0207,0.0001,200,0.0959
0.0221,0.0000,0.0000,0.0000,0.0220,0.0000,200,0.0986
0.0150,0.0000,0.0000,0.0000,0.0149,0.0001,200,0.1057
0.0241,0.0000,0.0000,0.0000,0.0239,0.0001,200,0.0967
0.0460,0.0000,0.0000,0.0000,0.0459,0.0000,200,0.0748
0.0264,0.0000,0.0000,0.0000,0.0263,0.0000,200,0.0951
0.0187,0.0000,0.0000,0.0000,0.0179,0.0005,200,0.1029
0.0142,0.0000,0.0000,0.0000,0.0142,0.0001,200,0.1078
0.0230,0.0000,0.0000,0.0000,0.0229,0.0001,200,0.0990
0.0121,0.0000,0.0000,0.0000,0.0119,0.0001,200,0.1105
0.0232,0.0000,0.0000,0.0000,0.0231,0.0000,200,0.0998
0.0470,0.0000,0.0000,0.0033,0.0436,0.0000,200,0.0763
0.0510,0.0000,0.0000,0.0000,0.0509,0.0000,200,0.0725
0.0450,0.0000,0.0000,0.0000,0.0434,0.0006,200,0.0797
0.0227,0.0000,0.0000,0.0001,0.0224,0.0000,200,0.1020
0.0362,0.0000,0.0000,0.0000,0.0361,0.0000,200,0.0886
0.0576,0.0000,0.0000,0.0013,0.0562,0.0001,200,0.0677
0.0577,0.0000,0.0000,0.0000,0.0576,0.0000,200,0.0680
0.0129,0.0000,0.0000,0.0000,0.0128,0.0000,200,0.1129
0.0189,0.0000,0.0000,0.0000,0.0188,0.0000,200,0.1073
0.0057,0.0000,0.0000,0.0000,0.0056,0.0001,200,0.1208
0.0303,0.0000,0.0000,0.0001,0.0301,0.0000,200,0.0965
0.0185,0.0000,0.0000,0.0000,0.0184,0.0001,200,0.1090
0.0143,0.0000,0.0000,0.0000,0.0140,0.0003,200,0.1134
0.0118,0.0000,0.0000,0.0000,0.0117,0.0000,200,0.1164
0.0225,0.0000,0.0000,0.0000,0.0224,0.0000,200,0.1057
0.0604,0.0000,0.0000,0.0000,0.0602,0.0000,200,0.0683
0.0042,0.0000,0.0000,0.0000,0.0042,0.0000,200,0.1248
0.0029,0.0000,0.0000,0.0000,0.0028,0.0000,200,0.1268
0.0041,0.0000,0.0000,0.0000,0.0038,0.0003,200,0.1257
0.0546,0.0000,0.0000,0.0004,0.0542,0.0000,200,0.0753
0.0057,0.0000,0.0000,0.0000,0.0056,0.0000,200,0.1246
0.0089,0.0000,0.0000,0.0000,0.0088,0.0000,200,0.1220
0.0025,0.0000,0.0000,0.0000,0.0024,0.0000,200,0.1290
0.0242,0.0000,0.0000,0.0000,0.0241,0.0000,200,0.1074
0.0199,0.0000,0.0000,0.0000,0.0195,0.0004,200,0.1122
0.0101,0.0000,0.0000,0.0000,0.0100,0.0000,200,0.1220
0.0159,0.0000,0.0000,0.0000,0.0158,0.0001,200,0.1167
0.0031,0.0000,0.0000,0.0000,0.0029,0.0001,200,0.1299
0.0103,0.0000,0.0000,0.0000,0.0103,0.0000,200,0.1226
0.0119,0.0000,0.0000,0.0000,0.0118,0.0000,200,0.1216
0.0130,0.0000,0.0000,0.0000,0.0129,0.0000,200,0.1207
0.0192,0.0000,0.0000,0.0014,0.0177,0.0000,200,0.1150
0.0222,0.0000,0.0000,0.0000,0.0221,0.0000,200,0.1125
0.0139,0.0000,0.0000,0.0000,0.0138,0.0000,200,0.1208
0.0282,0.0000,0.0000,0.0000,0.0281,0.0000,200,0.1065
0.0036,0.0000,0.0000,0.0000,0.0035,0.0000,200,0.1315
0.0079,0.0000,0.0000,0.0000,0.0078,0.0000,200,0.1277
0.0085,0.0000,0.0000,0.0000,0.0078,0.0006,200,0.1281
0.0070,0.0000,0.0000,0.0000,0.0069,0.0000,200,0.1296
0.0120,0.0000,0.0000,0.0003,0.0114,0.0001,200,0.1247
0.0564,0.0000,0.0000,0.0000,0.0564,0.0000,200,0.0806
0.0225,0.0000,0.0000,0.0000,0.0224,0.0001,200,0.1151
0.0072,0.0000,0.0000,0.0000,0.0071,0.0000,200,0.1309
0.0106,0.0000,0.0000,0.0000,0.0105,0.0000,200,0.1275
0.0590,0.0000,0.0000,0.0000,0.0589,0.0000,200,0.0795
0.0040,0.0000,0.0000,0.0000,0.0039,0.0000,200,0.1347
0.0062,0.0000,0.0000,0.0000,0.0061,0.0000,200,0.1330
0.0537,0.0000,0.0000,0.0000,0.0535,0.0002,200,0.0860
0.0334,0.0000,0.0000,0.0000,0.0333,0.0000,200,0.1065
0.0116,0.0000,0.0000,0.0000,0.0115,0.0000,200,0.1287
0.0155,0.0000,0.0000,0.0000,0.0154,0.0001,200,0.1253
0.0599,0.0000,0.0000,0.0000,0.0598,0.0000,200,0.0811
0.0048,0.0000,0.0000,0.0000,0.0048,0.0000,200,0.1366
0.0059,0.0000,0.0000,0.0000,0.0058,0.0000,200,0.1356
0.0077,0.0000,0.0000,0.0000,0.0076,0.0001,200,0.1343
0.0097,0.0000,0.0000,0.0000,0.0097,0.0000,200,0.1326
0.0107,0.0000,0.0000,0.0000,0.0106,0.0001,200,0.1321
0.0036,0.0000,0.0000,0.0000,0.0034,0.0001,200,0.1398
0.0337,0.0000,0.0000,0.0000,0.0336,0.0000,200,0.1097
0.0183,0.0000,0.0000,0.0001,0.0181,0.0000,200,0.1258
0.0097,0.0000,0.0000,0.0000,0.0096,0.0001,200,0.1347
0.0615,0.0000,0.0000,0.0000,0.0613,0.0002,200,0.0834
0.0113,0.0000,0.0000,0.0000,0.0112,0.0000,200,0.1337
0.0154,0.0000,0.0000,0.0003,0.0147,0.0002,200,0.1299
0.0036,0.0000,0.0000,0.0000,0.0036,0.0000,200,0.1424
0.0032,0.0000,0.0000,0.0000,0.0029,0.0003,200,0.1428
0.0427,0.0000,0.0000,0.0000,0.0425,0.0002,200,0.1035
0.0349,0.0000,0.0000,0.0000,0.0348,0.0001,200,0.1118
0.0118,0.0000,0.0000,0.0000,0.0117,0.0001,200,0.1351
0.0152,0.0000,0.0000,0.0000,0.0151,0.0001,200,0.1321
0.0107,0.0000,0.0000,0.0000,0.0102,0.0005,200,0.1376
0.0014,0.0000,0.0000,0.0000,0.0013,0.0000,200,0.1469
0.0360,0.0000,0.0000,0.0000,0.0360,0.0000,200,0.1125
0.0106,0.0000,0.0000,0.0000,0.0105,0.0000,200,0.1381
0.0227,0.0000,0.0000,0.0000,0.0227,0.0000,200,0.1262
0.0478,0.0000,0.0000,0.0002,0.0476,0.0000,200,0.1015
0.0268,0.0000,0.0000,0.0004,0.0264,0.0001,200,0.1230
0.0353,0.0000,0.0000,0.0000,0.0353,0.0000,200,0.1146
0.0390,0.0000,0.0000,0.0000,0.0390,0.0000,200,0.1118
0.0026,0.0000,0.0000,0.0000,0.0025,0.0001,200,0.1485
0.0143,0.0000,0.0000,0.0000,0.0142,0.0000,200,0.1370
0.0126,0.0000,0.0000,0.0000,0.0125,0.0001,200,0.1387
0.0115,0.0000,0.0000,0.0000,0.0115,0.0000,200,0.1403
0.0114,0.0000,0.0000,0.0000,0.0113,0.0000,200,0.1407
0.0293,0.0000,0.0000,0.0000,0.0292,0.0001,200,0.1234
0.0215,0.0000,0.0000,0.0000,0.0215,0.0000,200,0.1315
0.0404,0.0000,0.0000,0.0000,0.0403,0.0000,200,0.1134
0.0071,0.0000,0.0000,0.0000,0.0070,0.0000,200,0.1467
0.0104,0.0000,0.0000,0.0000,0.0104,0.0000,200,0.1434
0.0129,0.0000,0.0000,0.0000,0.0128,0.0002,200,0.1420
0.0055,0.0000,0.0000,0.0000,0.0055,0.0000,200,0.1499
0.0192,0.0000,0.0000,0.0000,0.0191,0.0000,200,0.1366
0.0038,0.0000,0.0000,0.0000,0.0037,0.0000,200,0.1521
0.0176,0.0000,0.0000,0.0000,0.0175,0.0000,200,0.1385
0.0227,0.0000,0.0000,0.0000,0.0226,0.0000,200,0.1335
0.0120,0.0000,0.0000,0.0002,0.0113,0.0002,200,0.1444
0.0083,0.0000,0.0000,0.0000,0.0082,0.0001,200,0.1483
0.0108,0.0000,0.0000,0.0000,0.0107,0.0000,200,0.1460
0.0014,0.0000,0.0000,0.0000,0.0013,0.0000,200,0.1561
0.0081,0.0000,0.0000,0.0000,0.0080,0.0000,200,0.1498
0.0024,0.0000,0.0000,0.0005,0.0017,0.0002,200,0.1555
0.0076,0.0000,0.0000,0.0000,0.0075,0.0001,200,0.1508
0.0105,0.0000,0.0000,0.0000,0.0104,0.0001,200,0.1483
0.0328,0.0000,0.0000,0.0000,0.0327,0.0001,200,0.1265
0.0039,0.0000,0.0000,0.0001,0.0038,0.0001,200,0.1558
0.0520,0.0000,0.0000,0.0000,0.0519,0.0001,200,0.1083
0.0115,0.0000,0.0000,0.0000,0.0114,0.0000,200,0.1489
0.0068,0.0000,0.0000,0.0000,0.0067,0.0001,200,0.1539
0.0177,0.0000,0.0000,0.0000,0.0176,0.0001,200,0.1434
0.0201,0.0000,0.0000,0.0000,0.0197,0.0003,200,0.1415
0.0077,0.0000,0.0000,0.0001,0.0076,0.0000,200,0.1539
0.0041,0.0000,0.0000,0.0000,0.0040,0.0001,200,0.1579
0.0049,0.0000,0.0000,0.0000,0.0049,0.0000,200,0.1575
0.0087,0.0000,0.0000,0.0000,0.0085,0.0002,200,0.1537
0.0422,0.0000,0.0000,0.0000,0.0421,0.0000,200,0.1207
0.0067,0.0000,0.0000,0.0000,0.0065,0.0000,200,0.1564
0.0013,0.0000,0.0000,0.0000,0.0012,0.0001,200,0.1625
0.0153,0.0000,0.0000,0.0000,0.0153,0.0000,200,0.1487
0.0069,0.0000,0.0000,0.0000,0.0066,0.0003,200,0.1579
0.0135,0.0000,0.0000,0.0000,0.0134,0.0000,200,0.1513
0.0192,0.0000,0.0000,0.0000,0.0187,0.0004,200,0.1460
0.0102,0.0000,0.0000,0.0000,0.0101,0.0000,200,0.1550
0.0330,0.0000,0.0000,0.0000,0.0329,0.0000,200,0.1329
0.0055,0.0000,0.0000,0.0000,0.0054,0.0001,200,0.1607
0.0017,0.0000,0.0000,0.0000,0.0016,0.0000,200,0.1648
0.0145,0.0000,0.0000,0.0000,0.0143,0.0002,200,0.1527
0.0223,0.0000,0.0000,0.0003,0.0219,0.0000,200,0.1449
0.0218,0.0000,0.0000,0.0000,0.0218,0.0000,200,0.1462
0.0267,0.0000,0.0000,0.0000,0.0267,0.0000,200,0.1414
0.0087,0.0000,0.0000,0.0002,0.0085,0.0001,200,0.1597
0.0160,0.0000,0.0000,0.0000,0.0159,0.0001,200,0.1530
0.0045,0.0000,0.0000,0.0000,0.0039,0.0001,200,0.1647
0.0060,0.0000,0.0000,0.0000,0.0056,0.0003,200,0.1640
0.0301,0.0000,0.0000,0.0000,0.0301,0.0000,200,0.1398
0.0095,0.0000,0.0000,0.0000,0.0095,0.0001,200,0.1616
0.0041,0.0000,0.0000,0.0000,0.0040,0.0000,200,0.1671
0.0092,0.0000,0.0000,0.0000,0.0090,0.0001,200,0.1621
0.0350,0.0000,0.0000,0.0000,0.0347,0.0000,200,0.1367
0.0042,0.0000,0.0000,0.0000,0.0040,0.0001,200,0.1681
0.0284,0.0000,0.0000,0.0000,0.0283,0.0000,200,0.1440
0.0103,0.0000,0.0000,0.0001,0.0101,0.0001,200,0.1631
0.0080,0.0000,0.0000,0.0000,0.0078,0.0001,200,0.1659
0.0182,0.0000,0.0000,0.0000,0.0181,0.0001,200,0.1559
0.0273,0.0000,0.0000,0.0000,0.0273,0.0000,200,0.1474
0.0297,0.0000,0.0000,0.0000,0.0296,0.0001,200,0.1453
0.0241,0.0000,0.0000,0.0000,0.0240,0.0000,200,0.1511
0.0056,0.0000,0.0000,0.0000,0.0054,0.0000,200,0.1700
0.0042,0.0000,0.0000,0.0000,0.0041,0.0000,200,0.1717
0.0253,0.0000,0.0000,0.0000,0.0253,0.0000,200,0.1513
0.0142,0.0000,0.0000,0.0000,0.0139,0.0003,200,0.1625
0.0485,0.0000,0.0000,0.0000,0.0485,0.0000,200,0.1282
0.0430,0.0000,0.0000,0.0001,0.0425,0.0005,200,0.1347
0.0074,0.0000,0.0000,0.0000,0.0073,0.0001,200,0.1713
0.0120,0.0000,0.0000,0.0000,0.0119,0.0000,200,0.1672
0.0263,0.0000,0.0000,0.0000,0.0257,0.0005,200,0.1569
0.0209,0.0000,0.0000,0.0000,0.0208,0.0000,200,0.1629
0.0272,0.0000,0.0000,0.0000,0.0271,0.0000,200,0.1566
0.0115,0.0000,0.0000,0.0000,0.0113,0.0001,200,0.1724
0.0063,0.0000,0.0000,0.0002,0.0060,0.0000,200,0.1777
0.0128,0.0000,0.0000,0.0000,0.0127,0.0000,200,0.1712
0.0073,0.0000,0.0000,0.0003,0.0062,0.0001,200,0.1767
0.0157,0.0000,0.0000,0.0000,0.0156,0.0000,200,0.1684
0.0431,0.0000,0.0000,0.0000,0.0430,0.0000,200,0.1410
0.0231,0.0000,0.0000,0.0001,0.0229,0.0000,200,0.1611
0.0178,0.0000,0.0000,0.0000,0.0177,0.0000,200,0.1665
0.0240,0.0000,0.0000,0.0000,0.0238,0.0000,200,0.1602
0.0451,0.0000,0.0000,0.0000,0.0450,0.0000,200,0.1392
0.0790,0.0000,0.0000,0.0000,0.0785,0.0000,200,0.1053
0.0256,0.0000,0.0000,0.0001,0.0254,0.0000,200,0.1588
0.0148,0.0000,0.0000,0.0000,0.0148,0.0000,200,0.1701
0.0095,0.0000,0.0000,0.0000,0.0094,0.0000,200,0.1755
0.0116,0.0000,0.0000,0.0000,0.0115,0.0000,200,0.1735
0.0112,0.0000,0.0000,0.0000,0.0111,0.0000,200,0.1739
0.0092,0.0000,0.0000,0.0003,0.0081,0.0001,200,0.1767
0.0017,0.0000,0.0000,0.0000,0.0016,0.0000,200,0.1842
0.0119,0.0000,0.0000,0.0000,0.0119,0.0000,200,0.1741
0.0562,0.0000,0.0000,0.0001,0.0559,0.0000,200,0.1304
0.1190,0.0000,0.0000,0.0000,0.1190,0.0000,200,0.0681
0.0086,0.0000,0.0000,0.0000,0.0079,0.0002,200,0.1787
0.0037,0.0000,0.0000,0.0000,0.0037,0.0000,200,0.1842
0.0267,0.0000,0.0000,0.0000,0.0266,0.0000,200,0.1616
0.0026,0.0000,0.0000,0.0000,0.0025,0.0000,200,0.1859
0.0058,0.0000,0.0000,0.0000,0.0055,0.0002,200,0.1838
0.0017,0.0000,0.0000,0.0000,0.0016,0.0000,200,0.1879
0.0221,0.0000,0.0000,0.0000,0.0220,0.0000,200,0.1680
0.0156,0.0000,0.0000,0.0000,0.0155,0.0000,200,0.1747
0.0038,0.0000,0.0000,0.0000,0.0037,0.0001,200,0.1871
0.0318,0.0000,0.0000,0.0000,0.0317,0.0000,200,0.1593
0.0072,0.0000,0.0000,0.0000,0.0071,0.0000,200,0.1843
0.0077,0.0000,0.0000,0.0000,0.0077,0.0000,200,0.1844
0.0235,0.0000,0.0000,0.0000,0.0234,0.0000,200,0.1692
0.0096,0.0000,0.0000,0.0001,0.0095,0.0000,200,0.1831
0.0235,0.0000,0.0000,0.0002,0.0233,0.0000,200,0.1692
0.0091,0.0000,0.0000,0.0000,0.0090,0.0001,200,0.1842
0.0185,0.0000,0.0000,0.0000,0.0184,0.0001,200,0.1752
0.0101,0.0000,0.0000,0.0000,0.0101,0.0000,200,0.1840
0.0082,0.0000,0.0000,0.0000,0.0080,0.0001,200,0.1859
0.0236,0.0000,0.0000,0.0000,0.0236,0.0000,200,0.1711
0.0299,0.0000,0.0000,0.0001,0.0298,0.0000,200,0.1652
0.0048,0.0000,0.0000,0.0000,0.0046,0.0001,200,0.1903
0.0095,0.0000,0.0000,0.0001,0.0093,0.0001,200,0.1861
0.0465,0.0000,0.0000,0.0000,0.0465,0.0000,200,0.1493
0.0028,0.0000,0.0000,0.0000,0.0028,0.0000,200,0.1933
0.0073,0.0000,0.0000,0.0000,0.0073,0.0000,200,0.1896
0.0017,0.0000,0.0000,0.0000,0.0016,0.0001,200,0.1956
0.0070,0.0000,0.0000,0.0000,0.0069,0.0000,200,0.1911
0.0145,0.0000,0.0000,0.0000,0.0145,0.0000,200,0.1838
0.0148,0.0000,0.0000,0.0000,0.0146,0.0001,200,0.1840
0.0200,0.0000,0.0000,0.0000,0.0199,0.0000,200,0.1792
0.0143,0.0000,0.0000,0.0000,0.0142,0.0001,200,0.1849
0.0114,0.0000,0.0000,0.0000,0.0113,0.0000,200,0.1885
0.0018,0.0000,0.0000,0.0000,0.0017,0.0001,200,0.1984
0.0625,0.0000,0.0000,0.0000,0.0624,0.0000,200,0.1381
0.0041,0.0000,0.0000,0.0000,0.0040,0.0001,200,0.1969
0.0174,0.0000,0.0000,0.0000,0.0172,0.0000,200,0.1839
0.0499,0.0000,0.0000,0.0000,0.0498,0.0001,200,0.1519
0.0369,0.0000,0.0000,0.0000,0.0368,0.0001,200,0.1652
0.0011,0.0000,0.0000,0.0001,0.0010,0.0000,200,0.2017
0.0179,0.0000,0.0000,0.0000,0.0178,0.0000,200,0.1850
0.0054,0.0000,0.0000,0.0000,0.0051,0.0002,200,0.1981
0.0031,0.0000,0.0000,0.0000,0.0030,0.0001,200,0.2011
0.0106,0.0000,0.0000,0.0000,0.0104,0.0002,200,0.1937
0.0096,0.0000,0.0000,0.0000,0.0095,0.0000,200,0.1951
0.0062,0.0000,0.0000,0.0000,0.0062,0.0000,200,0.1992
0.0220,0.0000,0.0000,0.0000,0.0219,0.0000,200,0.1841
0.0088,0.0000,0.0000,0.0001,0.0085,0.0000,200,0.1973
0.0134,0.0000,0.0000,0.0000,0.0133,0.0001,200,0.1927
0.0076,0.0000,0.0000,0.0000,0.0075,0.0000,200,0.1992
0.0078,0.0000,0.0000,0.0001,0.0077,0.0000,200,0.2005
0.0638,0.0000,0.0000,0.0000,0.0636,0.0000,200,0.1450
0.0063,0.0000,0.0000,0.0000,0.0063,0.0000,200,0.2029
0.0090,0.0000,0.0000,0.0000,0.0089,0.0000,200,0.2002
0.0536,0.0000,0.0000,0.0000,0.0535,0.0001,200,0.1584
0.0055,0.0000,0.0000,0.0000,0.0054,0.0000,200,0.2069
0.0126,0.0000,0.0000,0.0000,0.0125,0.0000,200,0.1999
0.0033,0.0000,0.0000,0.0000,0.0033,0.0000,200,0.2092
0.0566,0.0000,0.0000,0.0000,0.0565,0.0000,200,0.1561
0.0369,0.0000,0.0000,0.0000,0.0368,0.0000,200,0.1759
0.0468,0.0000,0.0000,0.0000,0.0460,0.0008,200,0.1662
0.0091,0.0000,0.0000,0.0000,0.0090,0.0000,200,0.2043
0.0082,0.0000,0.0000,0.0000,0.0081,0.0000,200,0.2055
0.0298,0.0000,0.0000,0.0000,0.0297,0.0000,200,0.1841
0.0300,0.0000,0.0000,0.0000,0.0300,0.0000,200,0.1839
0.0093,0.0000,0.0000,0.0000,0.0091,0.0000,200,0.2047
0.0234,0.0000,0.0000,0.0000,0.0233,0.0000,200,0.1909
0.0205,0.0000,0.0000,0.0000,0.0204,0.0000,200,0.1942
0.0194,0.0000,0.0000,0.0000,0.0193,0.0001,200,0.1962
0.0085,0.0000,0.0000,0.0000,0.0084,0.0000,200,0.2088
0.0026,0.0000,0.0000,0.0000,0.0025,0.0000,200,0.2146
0.0232,0.0000,0.0000,0.0000,0.0231,0.0000,200,0.1941
0.0048,0.0000,0.0000,0.0000,0.0047,0.0000,200,0.2125
0.0214,0.0000,0.0000,0.0000,0.0214,0.0000,200,0.1959
0.0144,0.0000,0.0000,0.0000,0.0143,0.0000,200,0.2029
0.0252,0.0000,0.0000,0.0000,0.0252,0.0000,200,0.1922
0.0278,0.0000,0.0000,0.0000,0.0277,0.0000,200,0.1896
0.0046,0.0000,0.0000,0.0000,0.0045,0.0001,200,0.2139
0.0048,0.0000,0.0000,0.0000,0.0047,0.0000,200,0.2139
0.0160,0.0000,0.0000,0.0000,0.0158,0.0001,200,0.2034
0.0072,0.0000,0.0000,0.0000,0.0072,0.0000,200,0.2124
0.0111,0.0000,0.0000,0.0000,0.0110,0.0000,200,0.2092
0.0333,0.0000,0.0000,0.0000,0.0332,0.0000,200,0.1872
0.0070,0.0000,0.0000,0.0000,0.0069,0.0001,200,0.2139
0.0348,0.0000,0.0000,0.0000,0.0347,0.0001,200,0.1865
0.0011,0.0000,0.0000,0.0000,0.0011,0.0000,200,0.2206
0.0045,0.0000,0.0000,0.0000,0.0041,0.0003,200,0.2173
0.0035,0.0000,0.0000,0.0000,0.0035,0.0000,200,0.2187
0.0300,0.0000,0.0000,0.0000,0.0299,0.0000,200,0.1927
0.0483,0.0000,0.0000,0.0000,0.0481,0.0001,200,0.1751
0.0471,0.0000,0.0000,0.0000,0.0471,0.0000,200,0.1767
0.0110,0.0000,0.0000,0.0000,0.0109,0.0000,200,0.2134
0.0347,0.0000,0.0000,0.0000,0.0346,0.0000,200,0.1901
0.1034,0.0000,0.0000,0.0001,0.1032,0.0001,200,0.1215
0.0617,0.0000,0.0000,0.0000,0.0615,0.0001,200,0.1638
0.0113,0.0000,0.0000,0.0000,0.0111,0.0002,200,0.2143
0.0088,0.0000,0.0000,0.0000,0.0087,0.0001,200,0.2172
0.0142,0.0000,0.0000,0.0000,0.0141,0.0000,200,0.2121
0.0206,0.0000,0.0000,0.0000,0.0202,0.0003,200,0.2061
0.0095,0.0000,0.0000,0.0000,0.0093,0.0001,200,0.2173
0.0345,0.0000,0.0000,0.0000,0.0343,0.0001,200,0.1927
0.0366,0.0000,0.0000,0.0000,0.0364,0.0000,200,0.1915
0.0293,0.0000,0.0000,0.0000,0.0288,0.0001,200,0.1988
0.0434,0.0000,0.0000,0.0000,0.0433,0.0001,200,0.1851
0.0121,0.0000,0.0000,0.0000,0.0120,0.0001,200,0.2173
0.0064,0.0000,0.0000,0.0000,0.0062,0.0002,200,0.2233
0.0128,0.0000,0.0000,0.0000,0.0127,0.0001,200,0.2173
0.0085,0.0000,0.0000,0.0000,0.0083,0.0001,200,0.2222
0.0038,0.0000,0.0000,0.0000,0.0037,0.0000,200,0.2272
0.0173,0.0000,0.0000,0.0000,0.0173,0.0000,200,0.2137
0.0067,0.0000,0.0000,0.0000,0.0065,0.0001,200,0.2248
0.0142,0.0000,0.0000,0.0001,0.0134,0.0000,200,0.2174
0.0122,0.0000,0.0000,0.0000,0.0121,0.0000,200,0.2203
0.0309,0.0000,0.0000,0.0000,0.0307,0.0002,200,0.2020
0.0054,0.0000,0.0000,0.0000,0.0053,0.0001,200,0.2281
0.1100,0.0000,0.0000,0.0000,0.1099,0.0000,200,0.1235
0.0615,0.0000,0.0000,0.0000,0.0613,0.0000,200,0.1723
0.0276,0.0000,0.0000,0.0000,0.0275,0.0000,200,0.2083
0.0230,0.0000,0.0000,0.0000,0.0229,0.0000,200,0.2129
0.0058,0.0000,0.0000,0.0000,0.0057,0.0000,200,0.2301
0.0099,0.0000,0.0000,0.0000,0.0097,0.0001,200,0.2261
0.0168,0.0000,0.0000,0.0001,0.0165,0.0001,200,0.2196
0.0057,0.0000,0.0000,0.0000,0.0056,0.0000,200,0.2310
0.0520,0.0000,0.0000,0.0000,0.0519,0.0001,200,0.1850
0.0163,0.0000,0.0000,0.0000,0.0162,0.0000,200,0.2209
0.0247,0.0000,0.0000,0.0000,0.0246,0.0000,200,0.2128
0.0185,0.0000,0.0000,0.0000,0.0185,0.0000,200,0.2195
0.0129,0.0000,0.0000,0.0000,0.0128,0.0000,200,0.2255
0.0119,0.0000,0.0000,0.0000,0.0117,0.0001,200,0.2268
0.0182,0.0000,0.0000,0.0000,0.0180,0.0002,200,0.2213
0.0158,0.0000,0.0000,0.0000,0.0157,0.0001,200,0.2238
0.0113,0.0000,0.0000,0.0001,0.0111,0.0000,200,0.2285
0.0099,0.0000,0.0000,0.0000,0.0098,0.0001,200,0.2307
0.0027,0.0000,0.0000,0.0000,0.0027,0.0000,200,0.2380
0.0110,0.0000,0.0000,0.0000,0.0110,0.0000,200,0.2297
0.0047,0.0000,0.0000,0.0000,0.0046,0.0000,200,0.2364
0.0055,0.0000,0.0000,0.0000,0.0053,0.0000,200,0.2360
0.0033,0.0000,0.0000,0.0000,0.0032,0.0000,200,0.2387
0.0048,0.0000,0.0000,0.0000,0.0045,0.0001,200,0.2375
0.0103,0.0000,0.0000,0.0000,0.0102,0.0000,200,0.2324
0.0153,0.0000,0.0000,0.0000,0.0151,0.0002,200,0.2281
0.0424,0.0000,0.0000,0.0000,0.0422,0.0001,200,0.2013
0.0013,0.0000,0.0000,0.0000,0.0011,0.0002,200,0.2427
0.0068,0.0000,0.0000,0.0000,0.0068,0.0000,200,0.2372
0.0031,0.0000,0.0000,0.0002,0.0027,0.0002,200,0.2415
0.0115,0.0000,0.0000,0.0001,0.0113,0.0000,200,0.2335
0.0283,0.0000,0.0000,0.0000,0.0281,0.0000,200,0.2172
0.0096,0.0000,0.0000,0.0000,0.0095,0.0000,200,0.2359
0.0038,0.0000,0.0000,0.0000,0.0037,0.0000,200,0.2420
0.0245,0.0000,0.0000,0.0000,0.0244,0.0000,200,0.2217
0.0015,0.0000,0.0000,0.0000,0.0014,0.0001,200,0.2450
0.0013,0.0000,0.0000,0.0000,0.0012,0.0001,200,0.2458
0.0037,0.0000,0.0000,0.0000,0.0035,0.0001,200,0.2434
0.0415,0.0000,0.0000,0.0000,0.0414,0.0001,200,0.2061
0.0097,0.0000,0.0000,0.0000,0.0095,0.0001,200,0.2384
0.0214,0.0000,0.0000,0.0000,0.0211,0.0000,200,0.2267
0.0358,0.0000,0.0000,0.0000,0.0357,0.0000,200,0.2127
0.0885,0.0000,0.0000,0.0000,0.0884,0.0000,200,0.1604
0.0051,0.0000,0.0000,0.0000,0.0050,0.0000,200,0.2440
0.0057,0.0000,0.0000,0.0000,0.0055,0.0002,200,0.2437
0.0658,0.0000,0.0000,0.0000,0.0656,0.0001,200,0.1843
0.0467,0.0000,0.0000,0.0000,0.0465,0.0001,200,0.2042
0.0103,0.0000,0.0000,0.0000,0.0102,0.0000,200,0.2408
0.0110,0.0000,0.0000,0.0000,0.0109,0.0001,200,0.2406
0.0347,0.0000,0.0000,0.0000,0.0344,0.0002,200,0.2174
0.0262,0.0000,0.0000,0.0000,0.0261,0.0000,200,0.2263
0.0011,0.0000,0.0000,0.0000,0.0010,0.0001,200,0.2516
0.0373,0.0000,0.0000,0.0000,0.0373,0.0000,200,0.2156
0.0583,0.0000,0.0000,0.0000,0.0582,0.0001,200,0.1948
0.0095,0.0000,0.0000,0.0000,0.0094,0.0000,200,0.2440
0.0070,0.0000,0.0000,0.0001,0.0069,0.0000,200,0.2465
0.0058,0.0000,0.0000,0.0000,0.0056,0.0001,200,0.2481
0.0592,0.0000,0.0000,0.0000,0.0591,0.0000,200,0.1951
0.0147,0.0000,0.0000,0.0000,0.0146,0.0000,200,0.2396
0.0214,0.0000,0.0000,0.0000,0.0209,0.0005,200,0.2335
0.0094,0.0000,0.0000,0.0001,0.0093,0.0000,200,0.2455
0.0010,0.0000,0.0000,0.0000,0.0009,0.0001,200,0.2543
0.0055,0.0000,0.0000,0.0001,0.0053,0.0000,200,0.2501
0.0244,0.0000,0.0000,0.0000,0.0243,0.0000,200,0.2315
0.0233,0.0000,0.0000,0.0000,0.0232,0.0000,200,0.2330
0.0257,0.0000,0.0000,0.0000,0.0256,0.0001,200,0.2310
0.0086,0.0000,0.0000,0.0000,0.0060,0.0026,200,0.2510
0.0089,0.0000,0.0000,0.0000,0.0088,0.0000,200,0.2509
0.0117,0.0000,0.0000,0.0000,0.0116,0.0001,200,0.2481
0.0202,0.0000,0.0000,0.0000,0.0202,0.0000,200,0.2396
0.0191,0.0000,0.0000,0.0000,0.0189,0.0002,200,0.2407
0.0474,0.0000,0.0000,0.0000,0.0474,0.0000,200,0.2125
0.0137,0.0000,0.0000,0.0000,0.0136,0.0000,200,0.2462
0.0108,0.0000,0.0000,0.0000,0.0108,0.0000,200,0.2491
0.0306,0.0000,0.0000,0.0000,0.0305,0.0000,200,0.2294
0.0072,0.0000,0.0000,0.0000,0.0071,0.0000,200,0.2528
0.0071,0.0000,0.0000,0.0000,0.0069,0.0000,200,0.2529
0.0051,0.0000,0.0000,0.0000,0.0049,0.0001,200,0.2549
0.0288,0.0000,0.0000,0.0002,0.0285,0.0000,200,0.2316
0.0068,0.0000,0.0000,0.0000,0.0066,0.0001,200,0.2539
0.0726,0.0000,0.0000,0.0000,0.0726,0.0000,200,0.1883
0.0016,0.0000,0.0000,0.0000,0.0015,0.0000,200,0.2599
0.0128,0.0000,0.0000,0.0000,0.0126,0.0001,200,0.2521
0.0050,0.0000,0.0000,0.0000,0.0050,0.0000,200,0.2598
0.0464,0.0000,0.0000,0.0000,0.0463,0.0000,200,0.2185
0.0278,0.0000,0.0000,0.0000,0.0277,0.0001,200,0.2371
0.0157,0.0000,0.0000,0.0001,0.0154,0.0000,200,0.2494
0.0116,0.0000,0.0000,0.0000,0.0115,0.0001,200,0.2535
0.0052,0.0000,0.0000,0.0000,0.0051,0.0000,200,0.2600
0.0397,0.0000,0.0000,0.0000,0.0396,0.0000,200,0.2256
0.0055,0.0000,0.0000,0.0000,0.0052,0.0003,200,0.2600
0.0058,0.0000,0.0000,0.0000,0.0057,0.0001,200,0.2598
0.0100,0.0000,0.0000,0.0000,0.0100,0.0000,200,0.2556
0.0132,0.0000,0.0000,0.0000,0.0132,0.0000,200,0.2525
0.0167,0.0000,0.0000,0.0000,0.0167,0.0000,200,0.2490
0.0444,0.0000,0.0000,0.0000,0.0442,0.0000,200,0.2218
0.0191,0.0000,0.0000,0.0000,0.0190,0.0000,200,0.2471
0.0264,0.0000,0.0000,0.0000,0.0263,0.0000,200,0.2399
0.0064,0.0000,0.0000,0.0000,0.0064,0.0000,200,0.2599
0.0120,0.0000,0.0000,0.0000,0.0120,0.0000,200,0.2543
0.0064,0.0000,0.0000,0.0000,0.0061,0.0002,200,0.2600
0.0070,0.0000,0.0000,0.0000,0.0069,0.0000,200,0.2598
0.0445,0.0000,0.0000,0.0000,0.0444,0.0000,200,0.2227
0.0426,0.0000,0.0000,0.0000,0.0425,0.0000,200,0.2249
0.0020,0.0000,0.0000,0.0000,0.0019,0.0000,200,0.2657
0.0311,0.0000,0.0000,0.0000,0.0311,0.0000,200,0.2367
0.0321,0.0000,0.0000,0.0000,0.0321,0.0000,200,0.2359
0.0034,0.0000,0.0000,0.0000,0.0033,0.0000,200,0.2649
0.0090,0.0000,0.0000,0.0000,0.0089,0.0000,200,0.2597
0.0027,0.0000,0.0000,0.0000,0.0026,0.0000,200,0.2663
0.0032,0.0000,0.0000,0.0000,0.0031,0.0000,200,0.2662
0.0049,0.0000,0.0000,0.0000,0.0048,0.0001,200,0.2651
0.0020,0.0000,0.0000,0.0000,0.0020,0.0000,200,0.2681
0.0009,0.0000,0.0000,0.0000,0.0009,0.0000,200,0.2694
0.0347,0.0000,0.0000,0.0000,0.0346,0.0000,200,0.2359
0.0046,0.0000,0.0000,0.0000,0.0046,0.0000,200,0.2663
0.0058,0.0000,0.0000,0.0000,0.0057,0.0001,200,0.2652
0.0257,0.0000,0.0000,0.0000,0.0256,0.0000,200,0.2456
0.0060,0.0000,0.0000,0.0000,0.0059,0.0000,200,0.2656
0.0064,0.0000,0.0000,0.0000,0.0063,0.0000,200,0.2655
0.0022,0.0000,0.0000,0.0000,0.0021,0.0000,200,0.2699
0.0313,0.0000,0.0000,0.0000,0.0313,0.0000,200,0.2411
0.0179,0.0000,0.0000,0.0000,0.0179,0.0000,200,0.2549
0.0022,0.0000,0.0000,0.0000,0.0019,0.0002,200,0.2712
0.0033,0.0000,0.0000,0.0000,0.0030,0.0003,200,0.2707
0.0067,0.0000,0.0000,0.0000,0.0064,0.0003,200,0.2678
0.0044,0.0000,0.0000,0.0000,0.0039,0.0005,200,0.2703
0.0217,0.0000,0.0000,0.0000,0.0212,0.0004,200,0.2535
0.0141,0.0000,0.0000,0.0000,0.0136,0.0004,200,0.2615
0.0228,0.0000,0.0000,0.0000,0.0227,0.0000,200,0.2531
0.0314,0.0000,0.0000,0.0000,0.0306,0.0008,200,0.2446
0.0027,0.0000,0.0000,0.0002,0.0023,0.0001,200,0.2734
0.0702,0.0000,0.0000,0.0000,0.0701,0.0000,200,0.2061
0.0294,0.0000,0.0000,0.0000,0.0294,0.0000,200,0.2471
0.0157,0.0000,0.0000,0.0000,0.0156,0.0000,200,0.2609
0.0525,0.0000,0.0000,0.0000,0.0524,0.0000,200,0.2244
0.0069,0.0000,0.0000,0.0000,0.0068,0.0000,200,0.2701
0.0110,0.0000,0.0000,0.0000,0.0109,0.0000,200,0.2664
0.0132,0.0000,0.0000,0.0000,0.0131,0.0000,200,0.2648
0.0359,0.0000,0.0000,0.0001,0.0356,0.0002,200,0.2423
0.0035,0.0000,0.0000,0.0000,0.0028,0.0001,200,0.2752
0.0138,0.0000,0.0000,0.0000,0.0137,0.0000,200,0.2651
0.0078,0.0000,0.0000,0.0000,0.0078,0.0000,200,0.2719
0.0056,0.0000,0.0000,0.0002,0.0051,0.0002,200,0.2745
0.0144,0.0000,0.0000,0.0000,0.0143,0.0001,200,0.2657
0.0322,0.0000,0.0000,0.0000,0.0321,0.0000,200,0.2485
0.0122,0.0000,0.0000,0.0000,0.0120,0.0002,200,0.2690
0.0165,0.0000,0.0000,0.0000,0.0165,0.0000,200,0.2649
0.0054,0.0000,0.0000,0.0000,0.0053,0.0001,200,0.2766
0.0164,0.0000,0.0000,0.0000,0.0164,0.0000,200,0.2656
0.0087,0.0000,0.0000,0.0001,0.0085,0.0001,200,0.2739
0.0161,0.0000,0.0000,0.0000,0.0160,0.0001,200,0.2668
0.0168,0.0000,0.0000,0.0000,0.0167,0.0000,200,0.2663
0.0174,0.0000,0.0000,0.0000,0.0172,0.0001,200,0.2662
0.0031,0.0000,0.0000,0.0000,0.0031,0.0000,200,0.2806
0.0243,0.0000,0.0000,0.0000,0.0243,0.0000,200,0.2600
0.0060,0.0000,0.0000,0.0000,0.0059,0.0001,200,0.2787
0.0037,0.0000,0.0000,0.0000,0.0036,0.0000,200,0.2814
0.0287,0.0000,0.0000,0.0000,0.0286,0.0000,200,0.2566
0.0099,0.0000,0.0000,0.0000,0.0099,0.0000,200,0.2760
0.0078,0.0000,0.0000,0.0000,0.0077,0.0000,200,0.2782
0.0313,0.0000,0.0000,0.0001,0.0310,0.0001,200,0.2553
0.0110,0.0000,0.0000,0.0000,0.0109,0.0000,200,0.2759
0.0071,0.0000,0.0000,0.0000,0.0070,0.0000,200,0.2801
0.0168,0.0000,0.0000,0.0000,0.0165,0.0003,200,0.2710
0.0014,0.0000,0.0000,0.0000,0.0013,0.0000,200,0.2866
0.0275,0.0000,0.0000,0.0000,0.0273,0.0001,200,0.2607
0.0062,0.0000,0.0000,0.0000,0.0061,0.0001,200,0.2821
0.0212,0.0000,0.0000,0.0000,0.0211,0.0000,200,0.2677
0.0064,0.0000,0.0000,0.0000,0.0061,0.0000,200,0.2829
0.0054,0.0000,0.0000,0.0000,0.0053,0.0001,200,0.2843
0.0028,0.0000,0.0000,0.0000,0.0027,0.0001,200,0.2872
0.0196,0.0000,0.0000,0.0000,0.0196,0.0000,200,0.2709
0.0162,0.0000,0.0000,0.0003,0.0158,0.0001,200,0.2747
0.0437,0.0000,0.0000,0.0000,0.0436,0.0001,200,0.2476
0.0247,0.0000,0.0000,0.0000,0.0246,0.0001,200,0.2672
0.0084,0.0000,0.0000,0.0000,0.0083,0.0000,200,0.2836
0.0251,0.0000,0.0000,0.0000,0.0250,0.0001,200,0.2674
0.0044,0.0000,0.0000,0.0000,0.0043,0.0000,200,0.2882
0.0131,0.0000,0.0000,0.0000,0.0129,0.0001,200,0.2801
0.0165,0.0000,0.0000,0.0000,0.0165,0.0000,200,0.2769
0.0061,0.0000,0.0000,0.0003,0.0057,0.0000,200,0.2879
0.0257,0.0000,0.0000,0.0000,0.0256,0.0000,200,0.2684
0.0026,0.0000,0.0000,0.0000,0.0024,0.0001,200,0.2919
0.0607,0.0000,0.0000,0.0000,0.0607,0.0000,200,0.2338
0.0354,0.0000,0.0000,0.0000,0.0353,0.0000,200,0.2597
0.0087,0.0000,0.0000,0.0000,0.0086,0.0001,200,0.2869
0.0127,0.0000,0.0000,0.0000,0.0127,0.0000,200,0.2831
0.0204,0.0000,0.0000,0.0000,0.0203,0.0000,200,0.2761
0.0031,0.0000,0.0000,0.0000,0.0027,0.0003,200,0.2934
0.0089,0.0000,0.0000,0.0000,0.0087,0.0000,200,0.2878
0.0243,0.0000,0.0000,0.0001,0.0240,0.0000,200,0.2728
0.0077,0.0000,0.0000,0.0000,0.0077,0.0000,200,0.2900
0.0256,0.0000,0.0000,0.0000,0.0255,0.0000,200,0.2721
0.0128,0.0000,0.0000,0.0000,0.0127,0.0001,200,0.2850
0.0069,0.0000,0.0000,0.0000,0.0068,0.0001,200,0.2913
0.0382,0.0000,0.0000,0.0000,0.0381,0.0001,200,0.2605
0.0066,0.0000,0.0000,0.0000,0.0065,0.0000,200,0.2925
0.0231,0.0000,0.0000,0.0001,0.0229,0.0000,200,0.2765
0.0145,0.0000,0.0000,0.0001,0.0142,0.0002,200,0.2853
0.0180,0.0000,0.0000,0.0000,0.0179,0.0001,200,0.2820
0.0081,0.0000,0.0000,0.0000,0.0080,0.0000,200,0.2926
0.0114,0.0000,0.0000,0.0000,0.0112,0.0002,200,0.2893
0.0450,0.0000,0.0000,0.0000,0.0449,0.0001,200,0.2563
0.0220,0.0000,0.0000,0.0000,0.0217,0.0002,200,0.2798
0.0255,0.0000,0.0000,0.0000,0.0255,0.0000,200,0.2762
0.0064,0.0000,0.0000,0.0000,0.0063,0.0000,200,0.2958
0.0234,0.0000,0.0000,0.0000,0.0233,0.0000,200,0.2789
0.0034,0.0000,0.0000,0.0000,0.0033,0.0000,200,0.2991
0.0063,0.0000,0.0000,0.0000,0.0062,0.0000,200,0.2965
0.0018,0.0000,0.0000,0.0000,0.0017,0.0001,200,0.3013
0.0058,0.0000,0.0000,0.0000,0.0057,0.0000,200,0.2977
0.0196,0.0000,0.0000,0.0000,0.0193,0.0003,200,0.2847
0.0088,0.0000,0.0000,0.0000,0.0087,0.0000,200,0.2956
0.0093,0.0000,0.0000,0.0000,0.0088,0.0003,200,0.2951
0.0143,0.0000,0.0000,0.0000,0.0141,0.0001,200,0.2905
0.0077,0.0000,0.0000,0.0000,0.0076,0.0000,200,0.2977
0.0058,0.0000,0.0000,0.0000,0.0058,0.0000,200,0.3000
0.0078,0.0000,0.0000,0.0000,0.0077,0.0000,200,0.2982
0.0058,0.0000,0.0000,0.0000,0.0058,0.0000,200,0.3007
0.0045,0.0000,0.0000,0.0000,0.0044,0.0000,200,0.3022
0.0130,0.0000,0.0000,0.0000,0.0129,0.0000,200,0.2941
0.0058,0.0000,0.0000,0.0000,0.0057,0.0001,200,0.3018
0.0050,0.0000,0.0000,0.0000,0.0050,0.0000,200,0.3027
0.0109,0.0000,0.0000,0.0000,0.0108,0.0000,200,0.2972
0.0311,0.0000,0.0000,0.0001,0.0309,0.0001,200,0.2774
0.0054,0.0000,0.0000,0.0000,0.0053,0.0001,200,0.3035
0.0058,0.0000,0.0000,0.0001,0.0055,0.0001,200,0.3032
0.0023,0.0000,0.0000,0.0000,0.0022,0.0000,200,0.3070
0.0342,0.0000,0.0000,0.0000,0.0341,0.0000,200,0.2756
0.0085,0.0000,0.0000,0.0000,0.0083,0.0001,200,0.3018
0.0267,0.0000,0.0000,0.0000,0.0267,0.0000,200,0.2838
0.0016,0.0000,0.0000,0.0000,0.0014,0.0001,200,0.3093
0.0334,0.0000,0.0000,0.0000,0.0333,0.0000,200,0.2780
0.0012,0.0000,0.0000,0.0000,0.0012,0.0000,200,0.3103
0.0073,0.0000,0.0000,0.0000,0.0072,0.0000,200,0.3049
0.0214,0.0000,0.0000,0.0000,0.0213,0.0000,200,0.2940
0.0065,0.0000,0.0000,0.0004,0.0061,0.0000,200,0.3089
0.0095,0.0000,0.0000,0.0000,0.0095,0.0000,200,0.3060
0.0296,0.0000,0.0000,0.0000,0.0294,0.0001,200,0.2860
0.0041,0.0000,0.0000,0.0000,0.0041,0.0000,200,0.3114
0.0161,0.0000,0.0000,0.0000,0.0157,0.0004,200,0.2999
0.0455,0.0000,0.0000,0.0000,0.0454,0.0000,200,0.2716
0.0346,0.0000,0.0000,0.0000,0.0346,0.0000,200,0.2827
0.0449,0.0000,0.0000,0.0000,0.0449,0.0000,200,0.2725
0.0524,0.0000,0.0000,0.0000,0.0523,0.0000,200,0.2653
0.0285,0.0000,0.0000,0.0003,0.0281,0.0000,200,0.2897
0.0104,0.0000,0.0000,0.0000,0.0103,0.0000,200,0.3077
0.0244,0.0000,0.0000,0.0000,0.0243,0.0000,200,0.2945
0.0594,0.0000,0.0000,0.0000,0.0594,0.0000,200,0.2599
0.0203,0.0000,0.0000,0.0000,0.0202,0.0000,200,0.2996
0.0322,0.0000,0.0000,0.0000,0.0321,0.0000,200,0.2883
0.0094,0.0000,0.0000,0.0001,0.0093,0.0001,200,0.3115
0.0248,0.0000,0.0000,0.0000,0.0247,0.0001,200,0.2967
0.0025,0.0000,0.0000,0.0000,0.0024,0.0001,200,0.3194
0.0167,0.0000,0.0000,0.0000,0.0166,0.0001,200,0.3059
0.0421,0.0000,0.0000,0.0000,0.0420,0.0001,200,0.2812
0.0078,0.0000,0.0000,0.0000,0.0075,0.0002,200,0.3155
0.0375,0.0000,0.0000,0.0000,0.0373,0.0001,200,0.2860
0.0159,0.0000,0.0000,0.0000,0.0158,0.0000,200,0.3080
0.0021,0.0000,0.0000,0.0000,0.0020,0.0000,200,0.3219
0.0089,0.0000,0.0000,0.0000,0.0088,0.0000,200,0.3155
0.0202,0.0000,0.0000,0.0007,0.0195,0.0001,200,0.3044
0.0141,0.0000,0.0000,0.0000,0.0140,0.0001,200,0.3110
0.0039,0.0000,0.0000,0.0000,0.0039,0.0000,200,0.3215
0.0169,0.0000,0.0000,0.0000,0.0168,0.0001,200,0.3090
0.0037,0.0000,0.0000,0.0000,0.0037,0.0000,200,0.3226
0.0105,0.0000,0.0000,0.0000,0.0103,0.0000,200,0.3159
0.0060,0.0000,0.0000,0.0000,0.0060,0.0000,200,0.3210
0.0120,0.0000,0.0000,0.0000,0.0118,0.0001,200,0.3154
0.0040,0.0000,0.0000,0.0000,0.0037,0.0001,200,0.3239
0.0351,0.0000,0.0000,0.0001,0.0349,0.0000,200,0.2932
0.0180,0.0000,0.0000,0.0002,0.0177,0.0000,200,0.3105
0.0285,0.0000,0.0000,0.0000,0.0282,0.0002,200,0.3007
0.0110,0.0000,0.0000,0.0000,0.0109,0.0000,200,0.3181
0.0097,0.0000,0.0000,0.0000,0.0097,0.0000,200,0.3199
0.0054,0.0000,0.0000,0.0000,0.0053,0.0000,200,0.3246
0.0151,0.0000,0.0000,0.0000,0.0150,0.0000,200,0.3154
0.0257,0.0000,0.0000,0.0000,0.0255,0.0001,200,0.3054
0.0244,0.0000,0.0000,0.0000,0.0243,0.0000,200,0.3067
0.0032,0.0000,0.0000,0.0000,0.0029,0.0002,200,0.3282
0.0338,0.0000,0.0000,0.0000,0.0336,0.0001,200,0.2979
0.0551,0.0000,0.0000,0.0001,0.0549,0.0000,200,0.2770
0.0166,0.0000,0.0000,0.0000,0.0165,0.0000,200,0.3156
0.0282,0.0000,0.0000,0.0003,0.0278,0.0001,200,0.3044
0.0047,0.0000,0.0000,0.0000,0.0046,0.0000,200,0.3279
0.0009,0.0000,0.0000,0.0000,0.0008,0.0001,200,0.3321
0.0012,0.0000,0.0000,0.0000,0.0011,0.0000,200,0.3321
0.0105,0.0000,0.0000,0.0001,0.0103,0.0000,200,0.3233
0.0052,0.0000,0.0000,0.0000,0.0051,0.0001,200,0.3292
0.0114,0.0000,0.0000,0.0000,0.0113,0.0000,200,0.3233
0.0271,0.0000,0.0000,0.0000,0.0270,0.0000,200,0.3076
0.0036,0.0000,0.0000,0.0000,0.0035,0.0000,200,0.3314
0.0113,0.0000,0.0000,0.0000,0.0110,0.0003,200,0.3244
0.0068,0.0000,0.0000,0.0000,0.0068,0.0000,200,0.3291
0.0191,0.0000,0.0000,0.0000,0.0189,0.0001,200,0.3173
0.0019,0.0000,0.0000,0.0000,0.0018,0.0000,200,0.3346
0.0189,0.0000,0.0000,0.0001,0.0186,0.0001,200,0.3181
0.0032,0.0000,0.0000,0.0000,0.0032,0.0000,200,0.3344
0.0122,0.0000,0.0000,0.0000,0.0122,0.0000,200,0.3254
0.0176,0.0000,0.0000,0.0000,0.0175,0.0001,200,0.3205
0.0015,0.0000,0.0000,0.0000,0.0014,0.0001,200,0.3370
0.0445,0.0000,0.0000,0.0000,0.0444,0.0000,200,0.2945
0.0035,0.0000,0.0000,0.0000,0.0034,0.0001,200,0.3357
0.0111,0.0000,0.0000,0.0000,0.0110,0.0000,200,0.3286
0.0433,0.0000,0.0000,0.0000,0.0432,0.0000,200,0.2965
0.0037,0.0000,0.0000,0.0000,0.0036,0.0000,200,0.3365
0.0055,0.0000,0.0000,0.0000,0.0054,0.0000,200,0.3350
0.0034,0.0000,0.0000,0.0000,0.0034,0.0000,200,0.3377
0.0314,0.0000,0.0000,0.0000,0.0313,0.0000,200,0.3097
0.0243,0.0000,0.0000,0.0000,0.0242,0.0001,200,0.3174
0.0015,0.0000,0.0000,0.0001,0.0014,0.0000,200,0.3405
0.0040,0.0000,0.0000,0.0000,0.0039,0.0000,200,0.3385
0.0741,0.0000,0.0000,0.0000,0.0740,0.0000,200,0.2687
0.0098,0.0000,0.0000,0.0000,0.0097,0.0001,200,0.3333
0.0181,0.0000,0.0000,0.0000,0.0181,0.0000,200,0.3251
0.0037,0.0000,0.0000,0.0000,0.0036,0.0000,200,0.3402
0.0272,0.0000,0.0000,0.0000,0.0271,0.0000,200,0.3171
0.0110,0.0000,0.0000,0.0000,0.0109,0.0000,200,0.3338
0.0567,0.0000,0.0000,0.0000,0.0565,0.0000,200,0.2889
0.0092,0.0000,0.0000,0.0000,0.0091,0.0001,200,0.3364
0.0193,0.0000,0.0000,0.0000,0.0192,0.0000,200,0.3263
0.0060,0.0000,0.0000,0.0000,0.0059,0.0001,200,0.3397
0.0230,0.0000,0.0000,0.0000,0.0229,0.0001,200,0.3235
0.0277,0.0000,0.0000,0.0000,0.0276,0.0000,200,0.3189
0.0021,0.0000,0.0000,0.0000,0.0020,0.0000,200,0.3448
0.0295,0.0000,0.0000,0.0000,0.0294,0.0001,200,0.3177
0.0021,0.0000,0.0000,0.0000,0.0020,0.0001,200,0.3456
0.0568,0.0000,0.0000,0.0000,0.0567,0.0000,200,0.2910
0.0051,0.0000,0.0000,0.0000,0.0050,0.0001,200,0.3432
0.0095,0.0000,0.0000,0.0000,0.0094,0.0000,200,0.3390
0.0465,0.0000,0.0000,0.0000,0.0464,0.0000,200,0.3025
0.0451,0.0000,0.0000,0.0000,0.0450,0.0000,200,0.3044
0.0027,0.0000,0.0000,0.0000,0.0025,0.0002,200,0.3471
0.0260,0.0000,0.0000,0.0001,0.0258,0.0001,200,0.3239
0.0159,0.0000,0.0000,0.0000,0.0158,0.0001,200,0.3347
0.0521,0.0000,0.0000,0.0000,0.0520,0.0001,200,0.2987
0.0427,0.0000,0.0000,0.0000,0.0427,0.0000,200,0.3085
0.0090,0.0000,0.0000,0.0000,0.0089,0.0000,200,0.3425
0.0221,0.0000,0.0000,0.0000,0.0221,0.0000,200,0.3296
0.0042,0.0000,0.0000,0.0000,0.0041,0.0001,200,0.3478
0.0254,0.0000,0.0000,0.0000,0.0253,0.0000,200,0.3270
0.0198,0.0000,0.0000,0.0000,0.0198,0.0000,200,0.3330
0.0094,0.0000,0.0000,0.0000,0.0093,0.0001,200,0.3439
0.0162,0.0000,0.0000,0.0000,0.0161,0.0000,200,0.3377
0.0036,0.0000,0.0000,0.0001,0.0034,0.0000,200,0.3505
0.0013,0.0000,0.0000,0.0000,0.0010,0.0002,200,0.3533
0.0293,0.0000,0.0000,0.0000,0.0292,0.0000,200,0.3259
0.0024,0.0000,0.0000,0.0000,0.0023,0.0000,200,0.3529
0.0148,0.0000,0.0000,0.0000,0.0147,0.0000,200,0.3411
0.0060,0.0000,0.0000,0.0000,0.0059,0.0000,200,0.3499
0.0059,0.0000,0.0000,0.0000,0.0058,0.0000,200,0.3500
0.0286,0.0000,0.0000,0.0000,0.0285,0.0001,200,0.3275
0.0444,0.0000,0.0000,0.0000,0.0443,0.0001,200,0.3122
0.0060,0.0000,0.0000,0.0000,0.0058,0.0002,200,0.3512
0.0181,0.0000,0.0000,0.0000,0.0181,0.0000,200,0.3392
0.0110,0.0000,0.0000,0.0000,0.0101,0.0010,200,0.3465
0.0112,0.0000,0.0000,0.0000,0.0112,0.0000,200,0.3465
0.0042,0.0000,0.0000,0.0000,0.0041,0.0000,200,0.3538
0.0067,0.0000,0.0000,0.0000,0.0066,0.0001,200,0.3518
0.0034,0.0000,0.0000,0.0000,0.0033,0.0000,200,0.3552
0.0528,0.0000,0.0000,0.0000,0.0522,0.0002,200,0.3065
0.0028,0.0000,0.0000,0.0000,0.0027,0.0000,200,0.3566
0.0036,0.0000,0.0000,0.0000,0.0035,0.0001,200,0.3561
0.0169,0.0000,0.0000,0.0000,0.0169,0.0001,200,0.3431
0.0024,0.0000,0.0000,0.0000,0.0024,0.0000,200,0.3578
0.0046,0.0000,0.0000,0.0000,0.0045,0.0001,200,0.3559
0.0148,0.0000,0.0000,0.0000,0.0146,0.0001,200,0.3468
0.0132,0.0000,0.0000,0.0000,0.0130,0.0002,200,0.3485
0.0058,0.0000,0.0000,0.0001,0.0054,0.0003,200,0.3559
0.0163,0.0000,0.0000,0.0000,0.0162,0.0001,200,0.3455
0.0037,0.0000,0.0000,0.0000,0.0036,0.0001,200,0.3586
0.0056,0.0000,0.0000,0.0000,0.0055,0.0001,200,0.3573
0.0110,0.0000,0.0000,0.0000,0.0109,0.0000,200,0.3520
0.0032,0.0000,0.0000,0.0001,0.0030,0.0000,200,0.3600
0.0043,0.0000,0.0000,0.0000,0.0042,0.0001,200,0.3593
0.0006,0.0000,0.0000,0.0000,0.0006,0.0000,200,0.3632
0.0332,0.0000,0.0000,0.0000,0.0332,0.0000,200,0.3311
0.0191,0.0000,0.0000,0.0000,0.0190,0.0001,200,0.3457
0.0027,0.0000,0.0000,0.0000,0.0026,0.0000,200,0.3623
0.0048,0.0000,0.0000,0.0000,0.0047,0.0001,200,0.3605
0.0021,0.0000,0.0000,0.0000,0.0020,0.0001,200,0.3638
0.0119,0.0000,0.0000,0.0000,0.0119,0.0000,200,0.3541
0.0070,0.0000,0.0000,0.0000,0.0070,0.0001,200,0.3593
0.0221,0.0000,0.0000,0.0000,0.0220,0.0001,200,0.3477
0.0217,0.0000,0.0000,0.0000,0.0216,0.0001,200,0.3483
0.0378,0.0000,0.0000,0.0000,0.0376,0.0001,200,0.3326
0.0052,0.0000,0.0000,0.0000,0.0049,0.0002,200,0.3652
0.0068,0.0000,0.0000,0.0000,0.0066,0.0002,200,0.3636
0.0402,0.0000,0.0000,0.0000,0.0401,0.0000,200,0.3305
0.0151,0.0000,0.0000,0.0000,0.0150,0.0000,200,0.3559
0.0216,0.0000,0.0000,0.0000,0.0216,0.0000,200,0.3495
0.0137,0.0000,0.0000,0.0000,0.0132,0.0005,200,0.3580
0.0109,0.0000,0.0000,0.0000,0.0108,0.0000,200,0.3619
0.0465,0.0000,0.0000,0.0000,0.0463,0.0001,200,0.3264
0.0312,0.0000,0.0000,0.0000,0.0312,0.0000,200,0.3417
0.0311,0.0000,0.0000,0.0000,0.0310,0.0000,200,0.3420
0.0406,0.0000,0.0000,0.0000,0.0405,0.0000,200,0.3326
0.0185,0.0000,0.0000,0.0000,0.0180,0.0005,200,0.3553
0.1179,0.0000,0.0000,0.0000,0.1173,0.0006,200,0.2559
0.0819,0.0000,0.0000,0.0000,0.0813,0.0006,200,0.2920
0.0123,0.0000,0.0000,0.0000,0.0119,0.0004,200,0.3617
0.0440,0.0000,0.0000,0.0000,0.0435,0.0005,200,0.3300
0.0036,0.0000,0.0000,0.0000,0.0027,0.0008,200,0.3704
0.0298,0.0000,0.0000,0.0000,0.0290,0.0008,200,0.3443
0.0113,0.0000,0.0000,0.0000,0.0112,0.0000,200,0.3630
0.0134,0.0000,0.0000,0.0001,0.0129,0.0004,200,0.3617
0.0048,0.0000,0.0000,0.0001,0.0046,0.0000,200,0.3704
0.0135,0.0000,0.0000,0.0000,0.0135,0.0000,200,0.3616
0.0018,0.0000,0.0000,0.0000,0.0016,0.0000,200,0.3741
0.0095,0.0000,0.0000,0.0001,0.0094,0.0000,200,0.3664
0.0178,0.0000,0.0000,0.0000,0.0177,0.0000,200,0.3584
0.0014,0.0000,0.0000,0.0000,0.0013,0.0000,200,0.3751
0.0019,0.0000,0.0000,0.0000,0.0018,0.0001,200,0.3751
0.0076,0.0000,0.0000,0.0000,0.0075,0.0001,200,0.3698
0.0271,0.0000,0.0000,0.0001,0.0268,0.0002,200,0.3508
0.0265,0.0000,0.0000,0.0000,0.0265,0.0000,200,0.3515
0.0187,0.0000,0.0000,0.0000,0.0186,0.0000,200,0.3597
0.0047,0.0000,0.0000,0.0000,0.0046,0.0000,200,0.3740
0.0143,0.0000,0.0000,0.0000,0.0142,0.0000,200,0.3648
0.0055,0.0000,0.0000,0.0000,0.0054,0.0000,200,0.3738
0.0274,0.0000,0.0000,0.0000,0.0273,0.0000,200,0.3524
0.0093,0.0000,0.0000,0.0000,0.0092,0.0000,200,0.3710
0.0017,0.0000,0.0000,0.0000,0.0015,0.0002,200,0.3787
0.0167,0.0000,0.0000,0.0000,0.0165,0.0000,200,0.3644
0.0030,0.0000,0.0000,0.0000,0.0027,0.0003,200,0.3780
0.0238,0.0000,0.0000,0.0000,0.0237,0.0000,200,0.3575
0.0439,0.0000,0.0000,0.0001,0.0434,0.0003,200,0.3381
0.0162,0.0000,0.0000,0.0000,0.0161,0.0000,200,0.3660
0.0022,0.0000,0.0000,0.0000,0.0020,0.0002,200,0.3803
0.0064,0.0000,0.0000,0.0000,0.0063,0.0000,200,0.3765
0.0016,0.0000,0.0000,0.0000,0.0016,0.0000,200,0.3814
0.0071,0.0000,0.0000,0.0000,0.0070,0.0000,200,0.3763
0.0058,0.0000,0.0000,0.0000,0.0057,0.0000,200,0.3779
0.0135,0.0000,0.0000,0.0000,0.0134,0.0000,200,0.3705
0.0071,0.0000,0.0000,0.0000,0.0070,0.0000,200,0.3774
0.0020,0.0000,0.0000,0.0000,0.0019,0.0001,200,0.3829
0.1206,0.0000,0.0000,0.0000,0.1205,0.0000,200,0.2648
0.0495,0.0000,0.0000,0.0001,0.0493,0.0000,200,0.3360
0.0118,0.0000,0.0000,0.0000,0.0117,0.0000,200,0.3740
0.0111,0.0000,0.0000,0.0000,0.0109,0.0000,200,0.3751
0.0010,0.0000,0.0000,0.0000,0.0009,0.0001,200,0.3854
0.0849,0.0000,0.0000,0.0000,0.0847,0.0001,200,0.3022
0.0051,0.0000,0.0000,0.0000,0.0051,0.0000,200,0.3822
0.0120,0.0000,0.0000,0.0000,0.0119,0.0000,200,0.3759
0.0169,0.0000,0.0000,0.0001,0.0165,0.0000,200,0.3711
0.0039,0.0000,0.0000,0.0001,0.0038,0.0001,200,0.3845
0.0190,0.0000,0.0000,0.0000,0.0189,0.0000,200,0.3700
0.0100,0.0000,0.0000,0.0001,0.0099,0.0000,200,0.3793
0.0016,0.0000,0.0000,0.0000,0.0016,0.0001,200,0.3879
0.0037,0.0000,0.0000,0.0000,0.0035,0.0001,200,0.3864
0.0304,0.0000,0.0000,0.0000,0.0303,0.0001,200,0.3602
0.0109,0.0000,0.0000,0.0000,0.0109,0.0000,200,0.3797
0.0176,0.0000,0.0000,0.0000,0.0176,0.0000,200,0.3731
0.0092,0.0000,0.0000,0.0000,0.0091,0.0000,200,0.3820
0.0458,0.0000,0.0000,0.0000,0.0458,0.0000,200,0.3456
0.0108,0.0000,0.0000,0.0000,0.0107,0.0001,200,0.3810
0.0111,0.0000,0.0000,0.0000,0.0111,0.0000,200,0.3810
0.0020,0.0000,0.0000,0.0000,0.0019,0.0001,200,0.3906
0.0091,0.0000,0.0000,0.0000,0.0090,0.0000,200,0.3839
0.0085,0.0000,0.0000,0.0000,0.0083,0.0000,200,0.3849
0.0364,0.0000,0.0000,0.0000,0.0363,0.0001,200,0.3572
0.0224,0.0000,0.0000,0.0000,0.0223,0.0000,200,0.3718
0.0285,0.0000,0.0000,0.0000,0.0284,0.0001,200,0.3659
0.0179,0.0000,0.0000,0.0000,0.0178,0.0000,200,0.3770
0.0099,0.0000,0.0000,0.0000,0.0098,0.0001,200,0.3855
0.0164,0.0000,0.0000,0.0000,0.0163,0.0000,200,0.3791
0.0124,0.0000,0.0000,0.0000,0.0123,0.0001,200,0.3837
0.0100,0.0000,0.0000,0.0000,0.0099,0.0000,200,0.3862
0.0096,0.0000,0.0000,0.0000,0.0095,0.0001,200,0.3871
0.0166,0.0000,0.0000,0.0000,0.0165,0.0001,200,0.3804
0.0056,0.0000,0.0000,0.0000,0.0053,0.0003,200,0.3922
0.0073,0.0000,0.0000,0.0000,0.0073,0.0000,200,0.3907
0.0585,0.0000,0.0000,0.0000,0.0583,0.0001,200,0.3398
0.0094,0.0000,0.0000,0.0000,0.0091,0.0003,200,0.3893
0.0046,0.0000,0.0000,0.0000,0.0044,0.0001,200,0.3944
0.0346,0.0000,0.0000,0.0000,0.0345,0.0001,200,0.3650
0.0216,0.0000,0.0000,0.0000,0.0212,0.0003,200,0.3784
0.0081,0.0000,0.0000,0.0000,0.0080,0.0001,200,0.3919
0.0055,0.0000,0.0000,0.0000,0.0054,0.0000,200,0.3949
0.0116,0.0000,0.0000,0.0000,0.0115,0.0000,200,0.3890
0.0077,0.0000,0.0000,0.0000,0.0076,0.0000,200,0.3934
0.0274,0.0000,0.0000,0.0000,0.0274,0.0000,200,0.3743
0.0388,0.0000,0.0000,0.0000,0.0387,0.0000,200,0.3629
0.0042,0.0000,0.0000,0.0000,0.0040,0.0001,200,0.3978
0.0146,0.0000,0.0000,0.0000,0.0146,0.0000,200,0.3878
0.0065,0.0000,0.0000,0.0000,0.0064,0.0001,200,0.3961
0.0602,0.0000,0.0000,0.0000,0.0601,0.0000,200,0.3428
0.0276,0.0000,0.0000,0.0000,0.0276,0.0000,200,0.3758
0.0107,0.0000,0.0000,0.0000,0.0104,0.0002,200,0.3930
0.0039,0.0000,0.0000,0.0000,0.0038,0.0000,200,0.4000
0.0017,0.0000,0.0000,0.0000,0.0016,0.0000,200,0.4025
0.0310,0.0000,0.0000,0.0000,0.0309,0.0001,200,0.3739
0.0153,0.0000,0.0000,0.0000,0.0152,0.0001,200,0.3900
0.0325,0.0000,0.0000,0.0005,0.0319,0.0001,200,0.3732
0.0571,0.0000,0.0000,0.0000,0.0570,0.0000,200,0.3490
0.0325,0.0000,0.0000,0.0000,0.0325,0.0001,200,0.3739
0.0523,0.0000,0.0000,0.0000,0.0519,0.0001,200,0.3546
0.0092,0.0000,0.0000,0.0000,0.0090,0.0001,200,0.3982
0.0250,0.0000,0.0000,0.0000,0.0250,0.0000,200,0.3825
0.0351,0.0000,0.0000,0.0000,0.0350,0.0001,200,0.3729
0.0355,0.0000,0.0000,0.0000,0.0354,0.0001,200,0.3728
0.0022,0.0000,0.0000,0.0000,0.0022,0.0001,200,0.4063
0.0781,0.0000,0.0000,0.0000,0.0779,0.0002,200,0.3311
0.0082,0.0000,0.0000,0.0000,0.0080,0.0000,200,0.4011
0.0089,0.0000,0.0000,0.0000,0.0089,0.0000,200,0.4004
0.0039,0.0000,0.0000,0.0000,0.0038,0.0001,200,0.4057
0.0184,0.0000,0.0000,0.0000,0.0183,0.0001,200,0.3914
0.0174,0.0000,0.0000,0.0000,0.0174,0.0000,200,0.3926
0.0150,0.0000,0.0000,0.0000,0.0149,0.0000,200,0.3954
0.0226,0.0000,0.0000,0.0000,0.0225,0.0001,200,0.3884
0.0216,0.0000,0.0000,0.0000,0.0216,0.0001,200,0.3896
0.0032,0.0000,0.0000,0.0003,0.0028,0.0000,200,0.4083
0.0410,0.0000,0.0000,0.0000,0.0409,0.0000,200,0.3708
0.0086,0.0000,0.0000,0.0000,0.0081,0.0000,200,0.4035
0.0021,0.0000,0.0000,0.0000,0.0018,0.0000,200,0.4104
0.0088,0.0000,0.0000,0.0001,0.0086,0.0000,200,0.4042
0.0087,0.0000,0.0000,0.0000,0.0086,0.0000,200,0.4048
0.0049,0.0000,0.0000,0.0000,0.0048,0.0000,200,0.4092
0.0287,0.0000,0.0000,0.0000,0.0286,0.0000,200,0.3858
0.0049,0.0000,0.0000,0.0001,0.0048,0.0000,200,0.4096
0.0275,0.0000,0.0000,0.0000,0.0274,0.0000,200,0.3873
0.0108,0.0000,0.0000,0.0000,0.0107,0.0001,200,0.4070
0.0094,0.0000,0.0000,0.0000,0.0093,0.0000,200,0.4094
0.0447,0.0000,0.0000,0.0000,0.0446,0.0000,200,0.3740
0.0113,0.0000,0.0000,0.0000,0.0113,0.0000,200,0.4074
0.0170,0.0000,0.0000,0.0000,0.0169,0.0001,200,0.4017
0.0042,0.0000,0.0000,0.0000,0.0042,0.0000,200,0.4145
0.0198,0.0000,0.0000,0.0000,0.0196,0.0001,200,0.3990
0.0308,0.0000,0.0000,0.0000,0.0307,0.0000,200,0.3911
0.0223,0.0000,0.0000,0.0000,0.0210,0.0010,200,0.3996
0.0109,0.0000,0.0000,0.0000,0.0108,0.0000,200,0.4115
0.0127,0.0000,0.0000,0.0000,0.0127,0.0000,200,0.4098
0.0147,0.0000,0.0000,0.0000,0.0146,0.0000,200,0.4085
0.0236,0.0000,0.0000,0.0000,0.0235,0.0000,200,0.4005
0.0830,0.0000,0.0000,0.0000,0.0830,0.0000,200,0.3411
0.0180,0.0000,0.0000,0.0000,0.0180,0.0000,200,0.4065
0.0269,0.0000,0.0000,0.0001,0.0268,0.0000,200,0.3981
0.0116,0.0000,0.0000,0.0000,0.0116,0.0000,200,0.4135
0.0346,0.0000,0.0000,0.0000,0.0346,0.0000,200,0.3907
0.0327,0.0000,0.0000,0.0000,0.0326,0.0000,200,0.3936
0.0185,0.0000,0.0000,0.0000,0.0185,0.0000,200,0.4080
0.0174,0.0000,0.0000,0.0000,0.0172,0.0000,200,0.4093
0.0161,0.0000,0.0000,0.0000,0.0160,0.0000,200,0.4112
0.0031,0.0000,0.0000,0.0000,0.0030,0.0000,200,0.4245
0.0446,0.0000,0.0000,0.0000,0.0445,0.0001,200,0.3834
0.0322,0.0000,0.0000,0.0000,0.0320,0.0000,200,0.3962
0.0111,0.0000,0.0000,0.0000,0.0108,0.0003,200,0.4178
0.0020,0.0000,0.0000,0.0000,0.0018,0.0001,200,0.4273
0.0044,0.0000,0.0000,0.0000,0.0043,0.0000,200,0.4249
0.0265,0.0000,0.0000,0.0000,0.0264,0.0000,200,0.4030
0.0248,0.0000,0.0000,0.0000,0.0247,0.0001,200,0.4054
0.0167,0.0000,0.0000,0.0000,0.0166,0.0001,200,0.4141
0.0046,0.0000,0.0000,0.0000,0.0044,0.0001,200,0.4265
0.0088,0.0000,0.0000,0.0000,0.0087,0.0000,200,0.4225
0.0998,0.0000,0.0000,0.0000,0.0997,0.0000,200,0.3316
0.0038,0.0000,0.0000,0.0000,0.0036,0.0001,200,0.4284
0.0062,0.0000,0.0000,0.0000,0.0061,0.0001,200,0.4263
0.0106,0.0000,0.0000,0.0000,0.0104,0.0000,200,0.4219
0.0292,0.0000,0.0000,0.0000,0.0291,0.0000,200,0.4037
0.0211,0.0000,0.0000,0.0000,0.0210,0.0000,200,0.4121
0.0320,0.0000,0.0000,0.0000,0.0316,0.0003,200,0.4020
0.0214,0.0000,0.0000,0.0000,0.0214,0.0000,200,0.4125
0.0199,0.0000,0.0000,0.0000,0.0198,0.0000,200,0.4145
0.0008,0.0000,0.0000,0.0000,0.0007,0.0001,200,0.4339
0.0080,0.0000,0.0000,0.0000,0.0079,0.0000,200,0.4294
0.0301,0.0000,0.0000,0.0000,0.0301,0.0001,200,0.4075
0.0136,0.0000,0.0000,0.0000,0.0135,0.0000,200,0.4242
0.0193,0.0000,0.0000,0.0000,0.0184,0.0008,200,0.4188
0.0427,0.0000,0.0000,0.0000,0.0427,0.0000,200,0.3955
0.0094,0.0000,0.0000,0.0000,0.0094,0.0000,200,0.4288
0.0396,0.0000,0.0000,0.0000,0.0395,0.0000,200,0.3987
0.0090,0.0000,0.0000,0.0000,0.0089,0.0000,200,0.4293
0.0063,0.0000,0.0000,0.0000,0.0062,0.0000,200,0.4321
0.0554,0.0000,0.0000,0.0000,0.0554,0.0000,200,0.3830
0.0061,0.0000,0.0000,0.0000,0.0060,0.0000,200,0.4329
0.0078,0.0000,0.0000,0.0000,0.0078,0.0000,200,0.4311
0.0260,0.0000,0.0000,0.0000,0.0254,0.0006,200,0.4130
0.0043,0.0000,0.0000,0.0000,0.0043,0.0001,200,0.4347
0.0204,0.0000,0.0000,0.0000,0.0194,0.0010,200,0.4187
0.0399,0.0000,0.0000,0.0000,0.0398,0.0000,200,0.4000
0.0021,0.0000,0.0000,0.0000,0.0021,0.0000,200,0.4383
0.0217,0.0000,0.0000,0.0000,0.0212,0.0005,200,0.4187
0.0106,0.0000,0.0000,0.0001,0.0105,0.0000,200,0.4301
0.0031,0.0000,0.0000,0.0000,0.0030,0.0000,200,0.4383
0.0398,0.0000,0.0000,0.0000,0.0397,0.0000,200,0.4017
0.0026,0.0000,0.0000,0.0000,0.0023,0.0003,200,0.4399
0.0086,0.0000,0.0000,0.0000,0.0085,0.0000,200,0.4339
0.0053,0.0000,0.0000,0.0000,0.0048,0.0000,200,0.4376
0.0319,0.0000,0.0000,0.0000,0.0318,0.0000,200,0.4117
0.0056,0.0000,0.0000,0.0000,0.0055,0.0001,200,0.4384
0.0417,0.0000,0.0000,0.0000,0.0417,0.0000,200,0.4026
0.0099,0.0000,0.0000,0.0000,0.0097,0.0001,200,0.4345
0.0077,0.0000,0.0000,0.0015,0.0059,0.0002,200,0.4374
0.0221,0.0000,0.0000,0.0000,0.0220,0.0001,200,0.4232
0.0208,0.0000,0.0000,0.0000,0.0207,0.0000,200,0.4253
0.0079,0.0000,0.0000,0.0000,0.0078,0.0000,200,0.4384
0.0141,0.0000,0.0000,0.0000,0.0140,0.0000,200,0.4325
0.0245,0.0000,0.0000,0.0000,0.0241,0.0003,200,0.4223
0.0503,0.0000,0.0000,0.0000,0.0502,0.0000,200,0.3968
0.0146,0.0000,0.0000,0.0000,0.0145,0.0001,200,0.4325
0.0026,0.0000,0.0000,0.0000,0.0025,0.0001,200,0.4450
0.0063,0.0000,0.0000,0.0000,0.0061,0.0000,200,0.4415
0.0097,0.0000,0.0000,0.0000,0.0096,0.0000,200,0.4382
0.0232,0.0000,0.0000,0.0000,0.0231,0.0000,200,0.4252
0.0020,0.0000,0.0000,0.0000,0.0019,0.0000,200,0.4464
0.0760,0.0000,0.0000,0.0000,0.0760,0.0000,200,0.3730
0.0255,0.0000,0.0000,0.0001,0.0254,0.0001,200,0.4242
0.0084,0.0000,0.0000,0.0000,0.0083,0.0000,200,0.4414
0.0561,0.0000,0.0000,0.0000,0.0560,0.0000,200,0.3941
0.0099,0.0000,0.0000,0.0000,0.0098,0.0001,200,0.4407
0.0085,0.0000,0.0000,0.0000,0.0084,0.0000,200,0.4425
0.0111,0.0000,0.0000,0.0000,0.0110,0.0000,200,0.4404
0.0208,0.0000,0.0000,0.0000,0.0208,0.0000,200,0.4308
0.0077,0.0000,0.0000,0.0000,0.0076,0.0000,200,0.4444
0.0236,0.0000,0.0000,0.0000,0.0235,0.0001,200,0.4313
0.0120,0.0000,0.0000,0.0000,0.0119,0.0000,200,0.4430
0.0162,0.0000,0.0000,0.0000,0.0161,0.0000,200,0.4389
0.0159,0.0000,0.0000,0.0001,0.0156,0.0000,200,0.4392
0.0109,0.0000,0.0000,0.0000,0.0108,0.0000,200,0.4443
0.0076,0.0000,0.0000,0.0001,0.0075,0.0000,200,0.4476
0.0042,0.0000,0.0000,0.0000,0.0040,0.0000,200,0.4515
0.0167,0.0000,0.0000,0.0000,0.0166,0.0000,200,0.4391
0.0410,0.0000,0.0000,0.0000,0.0409,0.0001,200,0.4148
0.0338,0.0000,0.0000,0.0000,0.0338,0.0000,200,0.4220
0.0061,0.0000,0.0000,0.0002,0.0059,0.0000,200,0.4498
0.0292,0.0000,0.0000,0.0000,0.0291,0.0000,200,0.4267
0.0245,0.0000,0.0000,0.0000,0.0238,0.0007,200,0.4314
0.0461,0.0000,0.0000,0.0000,0.0459,0.0002,200,0.4100
0.0116,0.0000,0.0000,0.0000,0.0114,0.0001,200,0.4453
0.0018,0.0000,0.0000,0.0000,0.0018,0.0000,200,0.4551
0.0021,0.0000,0.0000,0.0000,0.0020,0.0000,200,0.4549
0.0240,0.0000,0.0000,0.0000,0.0240,0.0000,200,0.4331
0.0063,0.0000,0.0000,0.0000,0.0061,0.0001,200,0.4511
0.0294,0.0000,0.0000,0.0000,0.0294,0.0000,200,0.4280
0.0299,0.0000,0.0000,0.0000,0.0298,0.0000,200,0.4276
0.0184,0.0000,0.0000,0.0000,0.0184,0.0000,200,0.4391
0.0113,0.0000,0.0000,0.0000,0.0111,0.0002,200,0.4466
0.0393,0.0000,0.0000,0.0000,0.0392,0.0000,200,0.4187
0.0064,0.0000,0.0000,0.0000,0.0064,0.0000,200,0.4521
0.0150,0.0000,0.0000,0.0000,0.0149,0.0000,200,0.4436
0.0015,0.0000,0.0000,0.0000,0.0015,0.0000,200,0.4574
0.0032,0.0000,0.0000,0.0000,0.0031,0.0001,200,0.4560
0.0205,0.0000,0.0000,0.0000,0.0203,0.0001,200,0.4390
0.0157,0.0000,0.0000,0.0000,0.0156,0.0000,200,0.4440
0.0043,0.0000,0.0000,0.0000,0.0043,0.0001,200,0.4557
0.0046,0.0000,0.0000,0.0000,0.0044,0.0001,200,0.4559
0.0314,0.0000,0.0000,0.0000,0.0311,0.0001,200,0.4295
0.0053,0.0000,0.0000,0.0000,0.0052,0.0000,200,0.4558
0.0033,0.0000,0.0000,0.0001,0.0032,0.0000,200,0.4581
0.0137,0.0000,0.0000,0.0000,0.0136,0.0001,200,0.4479
0.0430,0.0000,0.0000,0.0000,0.0429,0.0000,200,0.4188
0.0156,0.0000,0.0000,0.0000,0.0155,0.0000,200,0.4463
0.0435,0.0000,0.0000,0.0000,0.0434,0.0001,200,0.4187
0.0020,0.0000,0.0000,0.0000,0.0019,0.0001,200,0.4605
0.0056,0.0000,0.0000,0.0000,0.0054,0.0001,200,0.4573
0.0254,0.0000,0.0000,0.0004,0.0250,0.0001,200,0.4377
0.0156,0.0000,0.0000,0.0000,0.0155,0.0001,200,0.4478
0.0055,0.0000,0.0000,0.0000,0.0054,0.0000,200,0.4586
0.0172,0.0000,0.0000,0.0000,0.0172,0.0000,200,0.4470
0.0070,0.0000,0.0000,0.0000,0.0069,0.0001,200,0.4579
0.0172,0.0000,0.0000,0.0000,0.0170,0.0001,200,0.4483
0.0015,0.0000,0.0000,0.0000,0.0014,0.0000,200,0.4641
0.0067,0.0000,0.0000,0.0000,0.0065,0.0001,200,0.4592
0.0167,0.0000,0.0000,0.0000,0.0164,0.0001,200,0.4497
0.0104,0.0000,0.0000,0.0000,0.0103,0.0000,200,0.4561
0.0098,0.0000,0.0000,0.0000,0.0098,0.0000,200,0.4575
0.0064,0.0000,0.0000,0.0000,0.0063,0.0001,200,0.4609
0.0103,0.0000,0.0000,0.0000,0.0102,0.0001,200,0.4595
0.0119,0.0000,0.0000,0.0000,0.0115,0.0003,200,0.4585
0.0229,0.0000,0.0000,0.0000,0.0212,0.0016,200,0.4490
0.0758,0.0000,0.0000,0.0000,0.0743,0.0014,200,0.3970
0.0099,0.0000,0.0000,0.0000,0.0097,0.0003,200,0.4632
0.0104,0.0000,0.0000,0.0000,0.0102,0.0001,200,0.4629
0.0183,0.0000,0.0000,0.0000,0.0156,0.0027,200,0.4551
0.0103,0.0000,0.0000,0.0000,0.0099,0.0003,200,0.4634
0.0088,0.0000,0.0000,0.0000,0.0084,0.0004,200,0.4649
0.0158,0.0000,0.0000,0.0000,0.0153,0.0005,200,0.4580
0.0138,0.0000,0.0000,0.0000,0.0133,0.0005,200,0.4601
0.0142,0.0000,0.0000,0.0000,0.0134,0.0005,200,0.4597
0.0080,0.0000,0.0000,0.0001,0.0074,0.0006,200,0.4659
0.0360,0.0000,0.0000,0.0000,0.0353,0.0006,200,0.4380
0.0189,0.0000,0.0000,0.0000,0.0182,0.0007,200,0.4552
0.0235,0.0000,0.0000,0.0000,0.0226,0.0008,200,0.4507
0.0131,0.0000,0.0000,0.0000,0.0123,0.0007,200,0.4611
0.0240,0.0000,0.0000,0.0000,0.0232,0.0008,200,0.4502
0.0017,0.0000,0.0000,0.0005,0.0012,0.0000,200,0.4728
0.0177,0.0000,0.0000,0.0000,0.0172,0.0000,200,0.4569
0.0176,0.0000,0.0000,0.0000,0.0175,0.0000,200,0.4570
0.0129,0.0000,0.0000,0.0001,0.0123,0.0000,200,0.4618
0.0085,0.0000,0.0000,0.0000,0.0085,0.0000,200,0.4664
0.0165,0.0000,0.0000,0.0001,0.0162,0.0002,200,0.4589
0.0086,0.0000,0.0000,0.0000,0.0085,0.0000,200,0.4673
0.0298,0.0000,0.0000,0.0000,0.0296,0.0001,200,0.4468
0.0010,0.0000,0.0000,0.0000,0.0008,0.0001,200,0.4759
0.0025,0.0000,0.0000,0.0000,0.0025,0.0001,200,0.4745
0.0111,0.0000,0.0000,0.0000,0.0110,0.0001,200,0.4665
0.0008,0.0000,0.0000,0.0000,0.0007,0.0001,200,0.4771
0.0164,0.0000,0.0000,0.0000,0.0163,0.0000,200,0.4618
0.0226,0.0000,0.0000,0.0000,0.0226,0.0000,200,0.4559
0.0052,0.0000,0.0000,0.0000,0.0051,0.0000,200,0.4737
0.0050,0.0000,0.0000,0.0000,0.0049,0.0001,200,0.4742
0.0390,0.0000,0.0000,0.0000,0.0390,0.0000,200,0.4404
0.0225,0.0000,0.0000,0.0000,0.0225,0.0000,200,0.4575
0.0766,0.0000,0.0000,0.0000,0.0763,0.0002,200,0.4039
0.0071,0.0000,0.0000,0.0000,0.0063,0.0001,200,0.4739
0.0019,0.0000,0.0000,0.0001,0.0015,0.0001,200,0.4794
0.0081,0.0000,0.0000,0.0003,0.0078,0.0000,200,0.4737
0.0058,0.0000,0.0000,0.0000,0.0058,0.0000,200,0.4769
0.0717,0.0000,0.0000,0.0000,0.0716,0.0000,200,0.4110
0.0157,0.0000,0.0000,0.0000,0.0156,0.0000,200,0.4673
0.0283,0.0000,0.0000,0.0000,0.0282,0.0001,200,0.4552
0.0120,0.0000,0.0000,0.0000,0.0119,0.0000,200,0.4749
0.0104,0.0000,0.0000,0.0000,0.0102,0.0001,200,0.4766
0.0082,0.0000,0.0000,0.0000,0.0080,0.0000,200,0.4789
0.0132,0.0000,0.0000,0.0000,0.0131,0.0000,200,0.4740
0.0168,0.0000,0.0000,0.0007,0.0159,0.0000,200,0.4704
0.0096,0.0000,0.0000,0.0000,0.0096,0.0000,200,0.4776
0.0231,0.0000,0.0000,0.0000,0.0230,0.0000,200,0.4642
0.0132,0.0000,0.0000,0.0000,0.0131,0.0000,200,0.4741
0.0095,0.0000,0.0000,0.0000,0.0094,0.0000,200,0.4779
0.0141,0.0000,0.0000,0.0007,0.0133,0.0000,200,0.4733
0.0450,0.0000,0.0000,0.0001,0.0448,0.0000,200,0.4425
0.0069,0.0000,0.0000,0.0001,0.0068,0.0000,200,0.4805
0.0327,0.0000,0.0000,0.0000,0.0325,0.0001,200,0.4550
0.0186,0.0000,0.0000,0.0002,0.0177,0.0000,200,0.4698
0.0145,0.0000,0.0000,0.0000,0.0144,0.0000,200,0.4740
0.0058,0.0000,0.0000,0.0000,0.0057,0.0000,200,0.4827
0.0105,0.0000,0.0000,0.0000,0.0105,0.0000,200,0.4782
0.0022,0.0000,0.0000,0.0000,0.0021,0.0001,200,0.4872
0.0514,0.0000,0.0000,0.0000,0.0513,0.0000,200,0.4383
0.0102,0.0000,0.0000,0.0000,0.0100,0.0001,200,0.4800
0.0246,0.0000,0.0000,0.0000,0.0246,0.0000,200,0.4656
0.0039,0.0000,0.0000,0.0000,0.0039,0.0000,200,0.4870
0.0356,0.0000,0.0000,0.0000,0.0355,0.0001,200,0.4558
0.0401,0.0000,0.0000,0.0000,0.0400,0.0001,200,0.4516
0.0046,0.0000,0.0000,0.0000,0.0046,0.0000,200,0.4873
0.0186,0.0000,0.0000,0.0000,0.0185,0.0001,200,0.4739
0.0097,0.0000,0.0000,0.0035,0.0061,0.0001,200,0.4835
0.0014,0.0000,0.0000,0.0000,0.0014,0.0000,200,0.4917
0.0195,0.0000,0.0000,0.0000,0.0193,0.0003,200,0.4741
0.0065,0.0000,0.0000,0.0000,0.0064,0.0000,200,0.4874
0.0070,0.0000,0.0000,0.0000,0.0069,0.0000,200,0.4873
0.0064,0.0000,0.0000,0.0000,0.0063,0.0000,200,0.4885
0.0122,0.0000,0.0000,0.0000,0.0120,0.0001,200,0.4830
0.0131,0.0000,0.0000,0.0000,0.0131,0.0000,200,0.4827
0.0087,0.0000,0.0000,0.0000,0.0086,0.0000,200,0.4874
0.0216,0.0000,0.0000,0.0000,0.0213,0.0002,200,0.4747
0.0218,0.0000,0.0000,0.0000,0.0217,0.0000,200,0.4746
0.0094,0.0000,0.0000,0.0000,0.0093,0.0000,200,0.4875
0.0352,0.0000,0.0000,0.0000,0.0351,0.0000,200,0.4622
0.0081,0.0000,0.0000,0.0000,0.0080,0.0001,200,0.4897
0.0499,0.0000,0.0000,0.0000,0.0498,0.0001,200,0.4484
0.0239,0.0000,0.0000,0.0000,0.0238,0.0000,200,0.4746
0.0073,0.0000,0.0000,0.0000,0.0072,0.0000,200,0.4914
0.0095,0.0000,0.0000,0.0000,0.0094,0.0000,200,0.4894
0.0126,0.0000,0.0000,0.0000,0.0125,0.0000,200,0.4871
0.0189,0.0000,0.0000,0.0002,0.0187,0.0000,200,0.4809
0.0385,0.0000,0.0000,0.0000,0.0381,0.0000,200,0.4614
0.0379,0.0000,0.0000,0.0000,0.0376,0.0001,200,0.4625
0.0267,0.0000,0.0000,0.0000,0.0266,0.0001,200,0.4738
0.0089,0.0000,0.0000,0.0000,0.0088,0.0001,200,0.4919
0.0015,0.0000,0.0000,0.0000,0.0014,0.0000,200,0.4998
0.0361,0.0000,0.0000,0.0000,0.0360,0.0000,200,0.4656
0.0137,0.0000,0.0000,0.0000,0.0136,0.0000,200,0.4884
0.0048,0.0000,0.0000,0.0000,0.0048,0.0000,200,0.4974
0.0050,0.0000,0.0000,0.0000,0.0049,0.0000,200,0.4978
0.0417,0.0000,0.0000,0.0000,0.0415,0.0001,200,0.4616
0.0078,0.0000,0.0000,0.0000,0.0077,0.0000,200,0.4961
0.0168,0.0000,0.0000,0.0000,0.0168,0.0000,200,0.4872
0.0290,0.0000,0.0000,0.0000,0.0289,0.0001,200,0.4754
0.0135,0.0000,0.0000,0.0000,0.0134,0.0000,200,0.4943
0.0337,0.0000,0.0000,0.0000,0.0337,0.0000,200,0.4741
0.0205,0.0000,0.0000,0.0000,0.0204,0.0000,200,0.4873
0.0344,0.0000,0.0000,0.0007,0.0337,0.0000,200,0.4735
0.0360,0.0000,0.0000,0.0031,0.0329,0.0000,200,0.4719
0.0081,0.0000,0.0000,0.0000,0.0080,0.0001,200,0.4999
0.0058,0.0000,0.0000,0.0000,0.0057,0.0001,200,0.5022
0.0093,0.0000,0.0000,0.0000,0.0093,0.0000,200,0.4987
0.0117,0.0000,0.0000,0.0000,0.0116,0.0000,200,0.4964
0.0156,0.0000,0.0000,0.0000,0.0155,0.0000,200,0.4925
0.0268,0.0000,0.0000,0.0000,0.0267,0.0000,200,0.4814
0.0099,0.0000,0.0000,0.0000,0.0098,0.0000,200,0.4983
0.0053,0.0000,0.0000,0.0000,0.0052,0.0001,200,0.5033
0.0361,0.0000,0.0000,0.0000,0.0360,0.0000,200,0.4731
0.0136,0.0000,0.0000,0.0000,0.0136,0.0000,200,0.4959
0.0085,0.0000,0.0000,0.0000,0.0084,0.0001,200,0.5013
0.0226,0.0000,0.0000,0.0004,0.0220,0.0000,200,0.4876
0.0027,0.0000,0.0000,0.0000,0.0024,0.0003,200,0.5078
0.0100,0.0000,0.0000,0.0000,0.0100,0.0000,200,0.5009
0.0037,0.0000,0.0000,0.0000,0.0036,0.0000,200,0.5080
0.0095,0.0000,0.0000,0.0000,0.0095,0.0000,200,0.5022
0.0025,0.0000,0.0000,0.0000,0.0024,0.0001,200,0.5098
0.0250,0.0000,0.0000,0.0000,0.0249,0.0000,200,0.4902
0.0250,0.0000,0.0000,0.0000,0.0249,0.0000,200,0.4902
0.0148,0.0000,0.0000,0.0000,0.0146,0.0001,200,0.5005
0.0266,0.0000,0.0000,0.0000,0.0265,0.0000,200,0.4887
0.0365,0.0000,0.0000,0.0000,0.0360,0.0005,200,0.4791
0.0197,0.0000,0.0000,0.0000,0.0196,0.0000,200,0.4963
0.0194,0.0000,0.0000,0.0000,0.0193,0.0000,200,0.4968
0.0106,0.0000,0.0000,0.0000,0.0104,0.0000,200,0.5081
0.0248,0.0000,0.0000,0.0000,0.0247,0.0000,200,0.4939
0.0078,0.0000,0.0000,0.0000,0.0077,0.0000,200,0.5109
0.0036,0.0000,0.0000,0.0000,0.0034,0.0001,200,0.5152
0.0036,0.0000,0.0000,0.0000,0.0036,0.0000,200,0.5152
0.0098,0.0000,0.0000,0.0000,0.0097,0.0000,200,0.5095
0.0116,0.0000,0.0000,0.0000,0.0110,0.0005,200,0.5078
0.0035,0.0000,0.0000,0.0000,0.0034,0.0001,200,0.5160
0.0256,0.0000,0.0000,0.0000,0.0256,0.0000,200,0.4949
0.0735,0.0000,0.0000,0.0000,0.0733,0.0000,200,0.4470
0.0095,0.0000,0.0000,0.0000,0.0093,0.0001,200,0.5117
0.0408,0.0000,0.0000,0.0000,0.0407,0.0000,200,0.4819
0.0125,0.0000,0.0000,0.0000,0.0124,0.0000,200,0.5102
0.0105,0.0000,0.0000,0.0000,0.0104,0.0000,200,0.5123
0.0344,0.0000,0.0000,0.0000,0.0343,0.0000,200,0.4884
0.0292,0.0000,0.0000,0.0000,0.0291,0.0000,200,0.4937
0.0225,0.0000,0.0000,0.0000,0.0225,0.0000,200,0.5003
0.0112,0.0000,0.0000,0.0000,0.0111,0.0000,200,0.5117
0.0049,0.0000,0.0000,0.0000,0.0047,0.0001,200,0.5187
0.0197,0.0000,0.0000,0.0001,0.0195,0.0000,200,0.5040
0.0157,0.0000,0.0000,0.0000,0.0156,0.0001,200,0.5086
0.0016,0.0000,0.0000,0.0000,0.0015,0.0001,200,0.5229
0.0012,0.0000,0.0000,0.0000,0.0012,0.0000,200,0.5236
0.0221,0.0000,0.0000,0.0000,0.0220,0.0000,200,0.5028
0.0320,0.0000,0.0000,0.0000,0.0319,0.0000,200,0.4932
0.0385,0.0000,0.0000,0.0000,0.0384,0.0000,200,0.4869
0.0347,0.0000,0.0000,0.0000,0.0346,0.0000,200,0.4909
0.0275,0.0000,0.0000,0.0000,0.0275,0.0000,200,0.4985
0.0077,0.0000,0.0000,0.0000,0.0076,0.0001,200,0.5188
0.0188,0.0000,0.0000,0.0000,0.0187,0.0000,200,0.5078
0.0716,0.0000,0.0000,0.0000,0.0715,0.0000,200,0.4557
0.0048,0.0000,0.0000,0.0000,0.0047,0.0001,200,0.5228
0.0050,0.0000,0.0000,0.0000,0.0049,0.0000,200,0.5229
0.0058,0.0000,0.0000,0.0000,0.0057,0.0000,200,0.5227
0.0136,0.0000,0.0000,0.0000,0.0135,0.0001,200,0.5153
0.0098,0.0000,0.0000,0.0000,0.0097,0.0001,200,0.5193
0.0363,0.0000,0.0000,0.0000,0.0362,0.0000,200,0.4932
0.0086,0.0000,0.0000,0.0000,0.0085,0.0001,200,0.5212
0.0076,0.0000,0.0000,0.0000,0.0073,0.0003,200,0.5227
0.0034,0.0000,0.0000,0.0000,0.0034,0.0000,200,0.5273
0.0279,0.0000,0.0000,0.0000,0.0278,0.0001,200,0.5038
0.0083,0.0000,0.0000,0.0000,0.0082,0.0000,200,0.5237
0.0040,0.0000,0.0000,0.0000,0.0039,0.0000,200,0.5285
0.0028,0.0000,0.0000,0.0000,0.0027,0.0000,200,0.5303
0.0086,0.0000,0.0000,0.0000,0.0085,0.0001,200,0.5249
0.0097,0.0000,0.0000,0.0000,0.0096,0.0000,200,0.5243
0.0262,0.0000,0.0000,0.0000,0.0261,0.0000,200,0.5080
0.0099,0.0000,0.0000,0.0000,0.0098,0.0000,200,0.5248
0.0361,0.0000,0.0000,0.0000,0.0360,0.0000,200,0.4989
0.0055,0.0000,0.0000,0.0000,0.0053,0.0002,200,0.5295
0.0574,0.0000,0.0000,0.0000,0.0569,0.0005,200,0.4785
0.0165,0.0000,0.0000,0.0000,0.0163,0.0001,200,0.5195
0.0154,0.0000,0.0000,0.0000,0.0154,0.0000,200,0.5205
0.0070,0.0000,0.0000,0.0000,0.0068,0.0000,200,0.5294
0.0182,0.0000,0.0000,0.0000,0.0176,0.0000,200,0.5187
0.0082,0.0000,0.0000,0.0000,0.0081,0.0000,200,0.5289
0.0034,0.0000,0.0000,0.0000,0.0033,0.0001,200,0.5342
0.0297,0.0000,0.0000,0.0000,0.0294,0.0001,200,0.5079
0.0047,0.0000,0.0000,0.0000,0.0045,0.0000,200,0.5334
0.0193,0.0000,0.0000,0.0000,0.0193,0.0000,200,0.5188
0.0126,0.0000,0.0000,0.0000,0.0125,0.0001,200,0.5256
0.0377,0.0000,0.0000,0.0000,0.0377,0.0000,200,0.5017
0.0520,0.0000,0.0000,0.0000,0.0520,0.0000,200,0.4874
0.0825,0.0000,0.0000,0.0000,0.0822,0.0003,200,0.4571
0.0092,0.0000,0.0000,0.0000,0.0091,0.0000,200,0.5308
0.0449,0.0000,0.0000,0.0000,0.0448,0.0001,200,0.4951
0.0090,0.0000,0.0000,0.0000,0.0087,0.0002,200,0.5317
0.0180,0.0000,0.0000,0.0000,0.0179,0.0000,200,0.5227
0.0030,0.0000,0.0000,0.0000,0.0028,0.0002,200,0.5381
0.0420,0.0000,0.0000,0.0000,0.0419,0.0000,200,0.4997
0.0043,0.0000,0.0000,0.0000,0.0043,0.0000,200,0.5376
0.0089,0.0000,0.0000,0.0000,0.0088,0.0000,200,0.5331
0.0138,0.0000,0.0000,0.0000,0.0135,0.0002,200,0.5299
0.0349,0.0000,0.0000,0.0000,0.0349,0.0000,200,0.5092
0.0045,0.0000,0.0000,0.0000,0.0044,0.0000,200,0.5397
0.0283,0.0000,0.0000,0.0000,0.0282,0.0000,200,0.5163
0.0038,0.0000,0.0000,0.0000,0.0037,0.0000,200,0.5411
0.0017,0.0000,0.0000,0.0000,0.0016,0.0000,200,0.5437
0.0097,0.0000,0.0000,0.0000,0.0097,0.0000,200,0.5364
0.0274,0.0000,0.0000,0.0000,0.0273,0.0000,200,0.5187
0.0356,0.0000,0.0000,0.0000,0.0355,0.0000,200,0.5105
0.0125,0.0000,0.0000,0.0000,0.0124,0.0000,200,0.5339
0.0067,0.0000,0.0000,0.0000,0.0066,0.0000,200,0.5401
0.0110,0.0000,0.0000,0.0000,0.0110,0.0001,200,0.5359
0.0245,0.0000,0.0000,0.0000,0.0243,0.0001,200,0.5228
0.0012,0.0000,0.0000,0.0003,0.0009,0.0000,200,0.5461
0.0071,0.0000,0.0000,0.0000,0.0070,0.0000,200,0.5407
0.0088,0.0000,0.0000,0.0000,0.0087,0.0000,200,0.5394
0.0227,0.0000,0.0000,0.0000,0.0226,0.0001,200,0.5260
0.0212,0.0000,0.0000,0.0000,0.0210,0.0001,200,0.5276
0.0116,0.0000,0.0000,0.0000,0.0115,0.0000,200,0.5376
0.0078,0.0000,0.0000,0.0003,0.0074,0.0001,200,0.5419
0.0061,0.0000,0.0000,0.0000,0.0060,0.0000,200,0.5441
0.0058,0.0000,0.0000,0.0000,0.0056,0.0001,200,0.5445
0.0089,0.0000,0.0000,0.0000,0.0087,0.0002,200,0.5419
0.0095,0.0000,0.0000,0.0000,0.0094,0.0000,200,0.5417
0.0319,0.0000,0.0000,0.0000,0.0317,0.0000,200,0.5194
0.0015,0.0000,0.0000,0.0001,0.0014,0.0000,200,0.5502
0.0239,0.0000,0.0000,0.0000,0.0238,0.0000,200,0.5279
0.0129,0.0000,0.0000,0.0000,0.0128,0.0000,200,0.5394
0.0481,0.0000,0.0000,0.0001,0.0479,0.0001,200,0.5045
0.0122,0.0000,0.0000,0.0000,0.0121,0.0001,200,0.5407
0.0058,0.0000,0.0000,0.0000,0.0058,0.0000,200,0.5473
0.0086,0.0000,0.0000,0.0000,0.0085,0.0000,200,0.5449
0.0144,0.0000,0.0000,0.0000,0.0143,0.0000,200,0.5400
0.0464,0.0000,0.0000,0.0000,0.0459,0.0005,200,0.5080
0.0175,0.0000,0.0000,0.0000,0.0174,0.0000,200,0.5369
0.0032,0.0000,0.0000,0.0000,0.0031,0.0000,200,0.5518
0.0040,0.0000,0.0000,0.0000,0.0040,0.0000,200,0.5512
0.0087,0.0000,0.0000,0.0000,0.0086,0.0000,200,0.5470
0.0209,0.0000,0.0000,0.0001,0.0206,0.0000,200,0.5349
0.0483,0.0000,0.0000,0.0000,0.0482,0.0000,200,0.5081
0.0484,0.0000,0.0000,0.0000,0.0482,0.0001,200,0.5081
0.0104,0.0000,0.0000,0.0000,0.0103,0.0000,200,0.5467
0.0096,0.0000,0.0000,0.0000,0.0096,0.0000,200,0.5478
0.0021,0.0000,0.0000,0.0000,0.0020,0.0001,200,0.5556
0.0093,0.0000,0.0000,0.0000,0.0093,0.0000,200,0.5488
0.0033,0.0000,0.0000,0.0000,0.0033,0.0000,200,0.5549
0.0077,0.0000,0.0000,0.0000,0.0074,0.0003,200,0.5512
0.0065,0.0000,0.0000,0.0000,0.0064,0.0000,200,0.5525
0.0028,0.0000,0.0000,0.0000,0.0028,0.0000,200,0.5564
0.0445,0.0000,0.0000,0.0001,0.0442,0.0001,200,0.5156
0.0243,0.0000,0.0000,0.0000,0.0242,0.0000,200,0.5359
0.0402,0.0000,0.0000,0.0000,0.0401,0.0000,200,0.5205
0.0104,0.0000,0.0000,0.0000,0.0103,0.0000,200,0.5503
0.0007,0.0000,0.0000,0.0000,0.0006,0.0000,200,0.5607
0.0064,0.0000,0.0000,0.0000,0.0064,0.0000,200,0.5552
0.0365,0.0000,0.0000,0.0000,0.0362,0.0002,200,0.5254
0.0103,0.0000,0.0000,0.0000,0.0103,0.0000,200,0.5523
0.0143,0.0000,0.0000,0.0000,0.0142,0.0001,200,0.5487
0.0087,0.0000,0.0000,0.0000,0.0086,0.0000,200,0.5544
0.0043,0.0000,0.0000,0.0000,0.0041,0.0000,200,0.5590
0.0266,0.0000,0.0000,0.0000,0.0264,0.0001,200,0.5371
0.0180,0.0000,0.0000,0.0000,0.0179,0.0000,200,0.5461
0.0393,0.0000,0.0000,0.0000,0.0392,0.0000,200,0.5252
0.0111,0.0000,0.0000,0.0000,0.0110,0.0000,200,0.5535
0.0052,0.0000,0.0000,0.0000,0.0050,0.0000,200,0.5601
0.0063,0.0000,0.0000,0.0000,0.0060,0.0001,200,0.5593
0.0192,0.0000,0.0000,0.0000,0.0192,0.0000,200,0.5464
0.0089,0.0000,0.0000,0.0000,0.0089,0.0000,200,0.5571
0.0092,0.0000,0.0000,0.0000,0.0092,0.0000,200,0.5575
0.0588,0.0000,0.0000,0.0000,0.0587,0.0000,200,0.5079
0.0404,0.0000,0.0000,0.0000,0.0403,0.0000,200,0.5266
0.0213,0.0000,0.0000,0.0000,0.0212,0.0000,200,0.5461
0.0071,0.0000,0.0000,0.0000,0.0070,0.0001,200,0.5607
0.0010,0.0000,0.0000,0.0001,0.0009,0.0000,200,0.5670
0.0056,0.0000,0.0000,0.0001,0.0054,0.0000,200,0.5631
0.0234,0.0000,0.0000,0.0000,0.0232,0.0002,200,0.5453
0.0035,0.0000,0.0000,0.0000,0.0034,0.0001,200,0.5657
0.0372,0.0000,0.0000,0.0000,0.0371,0.0001,200,0.5325
0.0137,0.0000,0.0000,0.0000,0.0137,0.0000,200,0.5564
0.0061,0.0000,0.0000,0.0000,0.0060,0.0000,200,0.5644
0.0239,0.0000,0.0000,0.0000,0.0238,0.0001,200,0.5473
0.0634,0.0000,0.0000,0.0000,0.0633,0.0000,200,0.5081
0.0568,0.0000,0.0000,0.0000,0.0566,0.0002,200,0.5153
0.0080,0.0000,0.0000,0.0000,0.0079,0.0001,200,0.5645
0.0075,0.0000,0.0000,0.0000,0.0074,0.0001,200,0.5652
0.0102,0.0000,0.0000,0.0000,0.0101,0.0000,200,0.5626
0.0156,0.0000,0.0000,0.0001,0.0154,0.0000,200,0.5577
0.0015,0.0000,0.0000,0.0000,0.0014,0.0000,200,0.5725
0.0476,0.0000,0.0000,0.0000,0.0475,0.0000,200,0.5265
0.0053,0.0000,0.0000,0.0001,0.0052,0.0000,200,0.5688
0.0019,0.0000,0.0000,0.0000,0.0017,0.0000,200,0.5728
0.0258,0.0000,0.0000,0.0000,0.0257,0.0000,200,0.5492
0.0014,0.0000,0.0000,0.0000,0.0013,0.0000,200,0.5741
0.0512,0.0000,0.0000,0.0000,0.0511,0.0001,200,0.5244
0.0060,0.0000,0.0000,0.0000,0.0059,0.0000,200,0.5697
0.0124,0.0000,0.0000,0.0000,0.0124,0.0000,200,0.5637
0.0078,0.0000,0.0000,0.0000,0.0077,0.0001,200,0.5686
0.0026,0.0000,0.0000,0.0000,0.0025,0.0000,200,0.5740
0.0189,0.0000,0.0000,0.0000,0.0189,0.0000,200,0.5581
0.0082,0.0000,0.0000,0.0000,0.0081,0.0000,200,0.5692
0.0074,0.0000,0.0000,0.0000,0.0072,0.0001,200,0.5705
0.0026,0.0000,0.0000,0.0000,0.0026,0.0000,200,0.5757
0.0112,0.0000,0.0000,0.0000,0.0111,0.0000,200,0.5674
0.0153,0.0000,0.0000,0.0000,0.0153,0.0000,200,0.5633
0.0352,0.0000,0.0000,0.0000,0.0351,0.0000,200,0.5442
0.0071,0.0000,0.0000,0.0000,0.0069,0.0001,200,0.5727
0.0080,0.0000,0.0000,0.0000,0.0079,0.0001,200,0.5721
0.0060,0.0000,0.0000,0.0000,0.0059,0.0000,200,0.5741
0.0042,0.0000,0.0000,0.0000,0.0041,0.0000,200,0.5765
0.0048,0.0000,0.0000,0.0000,0.0047,0.0000,200,0.5761
0.0097,0.0000,0.0000,0.0000,0.0096,0.0001,200,0.5716
0.0017,0.0000,0.0000,0.0000,0.0015,0.0000,200,0.5801
0.0181,0.0000,0.0000,0.0000,0.0180,0.0001,200,0.5641
0.0442,0.0000,0.0000,0.0002,0.0439,0.0001,200,0.5382
0.0295,0.0000,0.0000,0.0000,0.0294,0.0000,200,0.5532
0.0169,0.0000,0.0000,0.0000,0.0167,0.0002,200,0.5660
0.0335,0.0000,0.0000,0.0000,0.0333,0.0000,200,0.5497
0.0156,0.0000,0.0000,0.0000,0.0155,0.0000,200,0.5679
0.0087,0.0000,0.0000,0.0000,0.0086,0.0000,200,0.5754
0.0144,0.0000,0.0000,0.0000,0.0144,0.0000,200,0.5702
0.0024,0.0000,0.0000,0.0000,0.0022,0.0002,200,0.5822
0.0173,0.0000,0.0000,0.0000,0.0172,0.0001,200,0.5678
0.0046,0.0000,0.0000,0.0000,0.0045,0.0001,200,0.5809
0.0241,0.0000,0.0000,0.0001,0.0239,0.0002,200,0.5619
0.0092,0.0000,0.0000,0.0000,0.0090,0.0002,200,0.5771
0.0154,0.0000,0.0000,0.0000,0.0152,0.0000,200,0.5712
0.0329,0.0000,0.0000,0.0000,0.0327,0.0002,200,0.5543
0.0026,0.0000,0.0000,0.0000,0.0026,0.0000,200,0.5846
0.0559,0.0000,0.0000,0.0000,0.0558,0.0000,200,0.5320
0.0084,0.0000,0.0000,0.0000,0.0082,0.0001,200,0.5801
0.0541,0.0000,0.0000,0.0000,0.0539,0.0000,200,0.5350
0.0119,0.0000,0.0000,0.0000,0.0118,0.0001,200,0.5774
0.0416,0.0000,0.0000,0.0004,0.0410,0.0000,200,0.5482
0.0341,0.0000,0.0000,0.0000,0.0340,0.0000,200,0.5559
0.0054,0.0000,0.0000,0.0001,0.0051,0.0002,200,0.5851
0.0250,0.0000,0.0000,0.0000,0.0248,0.0001,200,0.5655
0.0066,0.0000,0.0000,0.0000,0.0066,0.0000,200,0.5841
0.0117,0.0000,0.0000,0.0000,0.0112,0.0002,200,0.5798
0.0131,0.0000,0.0000,0.0000,0.0130,0.0000,200,0.5786
0.0045,0.0000,0.0000,0.0000,0.0043,0.0002,200,0.5873
0.0158,0.0000,0.0000,0.0000,0.0157,0.0000,200,0.5765
0.0065,0.0000,0.0000,0.0000,0.0065,0.0000,200,0.5862
0.0589,0.0000,0.0000,0.0000,0.0589,0.0000,200,0.5347
0.0043,0.0000,0.0000,0.0000,0.0042,0.0000,200,0.5893
0.0430,0.0000,0.0000,0.0000,0.0429,0.0001,200,0.5508
0.0123,0.0000,0.0000,0.0000,0.0121,0.0002,200,0.5824
0.0420,0.0000,0.0000,0.0000,0.0420,0.0000,200,0.5529
0.0063,0.0000,0.0000,0.0000,0.0062,0.0000,200,0.5890
0.0204,0.0000,0.0000,0.0000,0.0203,0.0000,200,0.5750
0.0039,0.0000,0.0000,0.0000,0.0037,0.0001,200,0.5916
0.0035,0.0000,0.0000,0.0000,0.0034,0.0000,200,0.5928
0.0171,0.0000,0.0000,0.0000,0.0171,0.0000,200,0.5793
0.0207,0.0000,0.0000,0.0000,0.0206,0.0000,200,0.5758
0.0061,0.0000,0.0000,0.0000,0.0060,0.0000,200,0.5908
0.0160,0.0000,0.0000,0.0000,0.0159,0.0000,200,0.5812
0.0360,0.0000,0.0000,0.0000,0.0360,0.0001,200,0.5614
0.0108,0.0000,0.0000,0.0000,0.0107,0.0001,200,0.5872
0.0208,0.0000,0.0000,0.0000,0.0206,0.0001,200,0.5779
0.0022,0.0000,0.0000,0.0000,0.0021,0.0000,200,0.5964
0.0162,0.0000,0.0000,0.0000,0.0161,0.0001,200,0.5830
0.0086,0.0000,0.0000,0.0001,0.0085,0.0000,200,0.5905
0.0057,0.0000,0.0000,0.0000,0.0056,0.0001,200,0.5936
0.0264,0.0000,0.0000,0.0000,0.0263,0.0001,200,0.5733
0.0063,0.0000,0.0000,0.0000,0.0062,0.0000,200,0.5936
0.0133,0.0000,0.0000,0.0000,0.0119,0.0014,200,0.5885
0.0055,0.0000,0.0000,0.0000,0.0054,0.0000,200,0.5964
0.0232,0.0000,0.0000,0.0000,0.0232,0.0000,200,0.5787
0.0164,0.0000,0.0000,0.0000,0.0164,0.0000,200,0.5855
0.0184,0.0000,0.0000,0.0000,0.0183,0.0001,200,0.5835
0.0237,0.0000,0.0000,0.0000,0.0236,0.0000,200,0.5783
0.0206,0.0000,0.0000,0.0000,0.0205,0.0000,200,0.5818
0.0042,0.0000,0.0000,0.0000,0.0041,0.0000,200,0.5986
0.0034,0.0000,0.0000,0.0000,0.0033,0.0001,200,0.5997
0.0047,0.0000,0.0000,0.0000,0.0036,0.0000,200,0.5987
0.0076,0.0000,0.0000,0.0000,0.0075,0.0001,200,0.5963
0.0147,0.0000,0.0000,0.0000,0.0147,0.0000,200,0.5898
0.0130,0.0000,0.0000,0.0001,0.0129,0.0000,200,0.5918
0.0172,0.0000,0.0000,0.0000,0.0172,0.0000,200,0.5878
0.0052,0.0000,0.0000,0.0000,0.0052,0.0000,200,0.5999
0.0385,0.0000,0.0000,0.0000,0.0384,0.0000,200,0.5667
0.0247,0.0000,0.0000,0.0000,0.0246,0.0001,200,0.5807
0.0061,0.0000,0.0000,0.0000,0.0060,0.0000,200,0.5994
0.0070,0.0000,0.0000,0.0000,0.0069,0.0001,200,0.5991
0.0037,0.0000,0.0000,0.0000,0.0037,0.0000,200,0.6024
0.0015,0.0000,0.0000,0.0000,0.0013,0.0001,200,0.6052
0.0482,0.0000,0.0000,0.0000,0.0481,0.0001,200,0.5589
0.0328,0.0000,0.0000,0.0000,0.0326,0.0002,200,0.5747
0.0056,0.0000,0.0000,0.0000,0.0055,0.0001,200,0.6024
0.0026,0.0000,0.0000,0.0000,0.0025,0.0001,200,0.6055
0.0135,0.0000,0.0000,0.0000,0.0134,0.0001,200,0.5949
0.0134,0.0000,0.0000,0.0000,0.0134,0.0000,200,0.5954
0.0070,0.0000,0.0000,0.0000,0.0069,0.0000,200,0.6019
0.0045,0.0000,0.0000,0.0000,0.0044,0.0000,200,0.6048
0.0121,0.0000,0.0000,0.0000,0.0120,0.0001,200,0.5975
0.0742,0.0000,0.0000,0.0000,0.0740,0.0001,200,0.5360
0.0050,0.0000,0.0000,0.0000,0.0049,0.0000,200,0.6052
0.0052,0.0000,0.0000,0.0000,0.0051,0.0000,200,0.6054
0.0050,0.0000,0.0000,0.0000,0.0049,0.0001,200,0.6061
0.0083,0.0000,0.0000,0.0000,0.0083,0.0000,200,0.6029
0.0165,0.0000,0.0000,0.0000,0.0164,0.0001,200,0.5954
0.0491,0.0000,0.0000,0.0000,0.0490,0.0001,200,0.5631
0.0055,0.0000,0.0000,0.0000,0.0051,0.0003,200,0.6072
0.0285,0.0000,0.0000,0.0000,0.0284,0.0000,200,0.5846
0.0030,0.0000,0.0000,0.0001,0.0026,0.0000,200,0.6102
0.0060,0.0000,0.0000,0.0000,0.0059,0.0000,200,0.6081
0.0021,0.0000,0.0000,0.0001,0.0019,0.0001,200,0.6132
0.0772,0.0000,0.0000,0.0000,0.0770,0.0002,200,0.5381
0.0250,0.0000,0.0000,0.0000,0.0250,0.0000,200,0.5905
0.0045,0.0000,0.0000,0.0000,0.0043,0.0001,200,0.6112
0.0070,0.0000,0.0000,0.0000,0.0069,0.0001,200,0.6088
0.0082,0.0000,0.0000,0.0000,0.0081,0.0000,200,0.6080
0.0301,0.0000,0.0000,0.0000,0.0300,0.0001,200,0.5866
0.0082,0.0000,0.0000,0.0000,0.0081,0.0000,200,0.6089
0.0078,0.0000,0.0000,0.0000,0.0077,0.0001,200,0.6096
0.0067,0.0000,0.0000,0.0000,0.0066,0.0000,200,0.6111
0.0662,0.0000,0.0000,0.0000,0.0661,0.0001,200,0.5517
0.0352,0.0000,0.0000,0.0000,0.0351,0.0000,200,0.5832
0.0314,0.0000,0.0000,0.0000,0.0313,0.0000,200,0.5899
0.0180,0.0000,0.0000,0.0000,0.0178,0.0001,200,0.6033
0.0056,0.0000,0.0000,0.0000,0.0055,0.0000,200,0.6158
0.0175,0.0000,0.0000,0.0000,0.0174,0.0000,200,0.6039
0.0277,0.0000,0.0000,0.0000,0.0274,0.0001,200,0.5938
0.0062,0.0000,0.0000,0.0000,0.0061,0.0000,200,0.6153
0.0036,0.0000,0.0000,0.0000,0.0035,0.0000,200,0.6179
0.0055,0.0000,0.0000,0.0000,0.0047,0.0007,200,0.6167
0.0299,0.0000,0.0000,0.0000,0.0299,0.0000,200,0.5923
0.0029,0.0000,0.0000,0.0000,0.0028,0.0001,200,0.6214
0.0651,0.0000,0.0000,0.0000,0.0650,0.0001,200,0.5603
0.0303,0.0000,0.0000,0.0000,0.0302,0.0001,200,0.5955
0.0195,0.0000,0.0000,0.0000,0.0195,0.0000,200,0.6067
0.0599,0.0000,0.0000,0.0000,0.0598,0.0000,200,0.5667
0.0119,0.0000,0.0000,0.0000,0.0118,0.0001,200,0.6153
0.0119,0.0000,0.0000,0.0001,0.0115,0.0003,200,0.6155
0.0060,0.0000,0.0000,0.0000,0.0059,0.0000,200,0.6215
0.0067,0.0000,0.0000,0.0000,0.0066,0.0000,200,0.6214
0.0114,0.0000,0.0000,0.0000,0.0113,0.0001,200,0.6171
0.0019,0.0000,0.0000,0.0000,0.0016,0.0003,200,0.6271
0.0076,0.0000,0.0000,0.0000,0.0075,0.0000,200,0.6215
0.0068,0.0000,0.0000,0.0000,0.0057,0.0009,200,0.6258
0.0148,0.0000,0.0000,0.0000,0.0148,0.0000,200,0.6178
0.0409,0.0000,0.0000,0.0000,0.0408,0.0000,200,0.5917
0.0046,0.0000,0.0000,0.0000,0.0046,0.0000,200,0.6281
0.0143,0.0000,0.0000,0.0000,0.0143,0.0000,200,0.6184
0.0308,0.0000,0.0000,0.0000,0.0307,0.0000,200,0.6019
0.0074,0.0000,0.0000,0.0000,0.0074,0.0000,200,0.6254
0.0297,0.0000,0.0000,0.0000,0.0296,0.0000,200,0.6031
0.0155,0.0000,0.0000,0.0000,0.0154,0.0001,200,0.6174
0.0502,0.0000,0.0000,0.0000,0.0501,0.0000,200,0.5827
0.0086,0.0000,0.0000,0.0000,0.0085,0.0000,200,0.6243
0.0310,0.0000,0.0000,0.0000,0.0310,0.0000,200,0.6019
0.0224,0.0000,0.0000,0.0000,0.0223,0.0000,200,0.6106
0.0339,0.0000,0.0000,0.0000,0.0338,0.0000,200,0.5991
0.0361,0.0000,0.0000,0.0000,0.0359,0.0002,200,0.5969
0.0323,0.0000,0.0000,0.0000,0.0321,0.0001,200,0.6018
0.0070,0.0000,0.0000,0.0000,0.0069,0.0000,200,0.6275
0.0277,0.0000,0.0000,0.0000,0.0274,0.0003,200,0.6074
0.0226,0.0000,0.0000,0.0000,0.0225,0.0000,200,0.6127
0.0378,0.0000,0.0000,0.0000,0.0378,0.0000,200,0.5980
0.0320,0.0000,0.0000,0.0000,0.0319,0.0001,200,0.6045
0.0038,0.0000,0.0000,0.0000,0.0035,0.0002,200,0.6329
0.0230,0.0000,0.0000,0.0001,0.0228,0.0000,200,0.6141
0.0252,0.0000,0.0000,0.0012,0.0239,0.0001,200,0.6122
0.0049,0.0000,0.0000,0.0000,0.0048,0.0000,200,0.6326
0.0055,0.0000,0.0000,0.0000,0.0051,0.0003,200,0.6329
0.0010,0.0000,0.0000,0.0002,0.0008,0.0000,200,0.6375
0.0047,0.0000,0.0000,0.0000,0.0046,0.0001,200,0.6341
0.0066,0.0000,0.0000,0.0000,0.0066,0.0001,200,0.6327
0.0182,0.0000,0.0000,0.0000,0.0180,0.0002,200,0.6214
0.0179,0.0000,0.0000,0.0000,0.0178,0.0000,200,0.6222
0.0078,0.0000,0.0000,0.0000,0.0076,0.0001,200,0.6328
0.0793,0.0000,0.0000,0.0000,0.0791,0.0002,200,0.5616
0.0196,0.0000,0.0000,0.0000,0.0196,0.0000,200,0.6213
0.0354,0.0000,0.0000,0.0000,0.0353,0.0000,200,0.6061
0.0838,0.0000,0.0000,0.0001,0.0836,0.0000,200,0.5583
0.0157,0.0000,0.0000,0.0000,0.0156,0.0000,200,0.6266
0.0061,0.0000,0.0000,0.0000,0.0060,0.0000,200,0.6367
0.0028,0.0000,0.0000,0.0000,0.0028,0.0000,200,0.6401
0.0105,0.0000,0.0000,0.0000,0.0103,0.0002,200,0.6329
0.0031,0.0000,0.0000,0.0000,0.0029,0.0001,200,0.6406
0.0107,0.0000,0.0000,0.0000,0.0106,0.0000,200,0.6330
0.0031,0.0000,0.0000,0.0000,0.0030,0.0001,200,0.6410
0.0077,0.0000,0.0000,0.0000,0.0076,0.0001,200,0.6371
0.0091,0.0000,0.0000,0.0000,0.0084,0.0007,200,0.6359
0.0069,0.0000,0.0000,0.0000,0.0069,0.0000,200,0.6385
0.0106,0.0000,0.0000,0.0000,0.0105,0.0000,200,0.6352
0.0075,0.0000,0.0000,0.0000,0.0074,0.0001,200,0.6384
0.0605,0.0000,0.0000,0.0000,0.0604,0.0000,200,0.5860
0.0030,0.0000,0.0000,0.0000,0.0029,0.0001,200,0.6437
0.0021,0.0000,0.0000,0.0000,0.0020,0.0000,200,0.6450
0.0052,0.0000,0.0000,0.0000,0.0051,0.0000,200,0.6423
0.0037,0.0000,0.0000,0.0004,0.0030,0.0000,200,0.6441
0.0439,0.0000,0.0000,0.0000,0.0438,0.0001,200,0.6051
0.0037,0.0000,0.0000,0.0000,0.0036,0.0000,200,0.6454
0.0164,0.0000,0.0000,0.0000,0.0163,0.0000,200,0.6327
0.0078,0.0000,0.0000,0.0000,0.0078,0.0000,200,0.6415
0.0146,0.0000,0.0000,0.0000,0.0145,0.0000,200,0.6353
0.0112,0.0000,0.0000,0.0000,0.0111,0.0000,200,0.6388
0.0108,0.0000,0.0000,0.0000,0.0107,0.0001,200,0.6397
0.0188,0.0000,0.0000,0.0000,0.0187,0.0000,200,0.6328
0.0544,0.0000,0.0000,0.0000,0.0544,0.0000,200,0.5972
0.0295,0.0000,0.0000,0.0000,0.0294,0.0000,200,0.6222
0.0145,0.0000,0.0000,0.0000,0.0144,0.0000,200,0.6375
0.0361,0.0000,0.0000,0.0000,0.0360,0.0001,200,0.6161
0.0267,0.0000,0.0000,0.0000,0.0266,0.0001,200,0.6262
0.0109,0.0000,0.0000,0.0000,0.0109,0.0000,200,0.6420
0.0020,0.0000,0.0000,0.0000,0.0019,0.0001,200,0.6516
0.0080,0.0000,0.0000,0.0000,0.0079,0.0000,200,0.6459
0.0414,0.0000,0.0000,0.0000,0.0412,0.0000,200,0.6131
0.0101,0.0000,0.0000,0.0000,0.0100,0.0000,200,0.6448
0.0603,0.0000,0.0000,0.0000,0.0601,0.0000,200,0.5948
0.0271,0.0000,0.0000,0.0000,0.0270,0.0001,200,0.6285
0.0086,0.0000,0.0000,0.0000,0.0084,0.0001,200,0.6475
0.0097,0.0000,0.0000,0.0000,0.0096,0.0000,200,0.6465
0.0018,0.0000,0.0000,0.0001,0.0017,0.0000,200,0.6549
0.0162,0.0000,0.0000,0.0000,0.0161,0.0001,200,0.6410
0.0041,0.0000,0.0000,0.0000,0.0039,0.0002,200,0.6536
0.0147,0.0000,0.0000,0.0000,0.0146,0.0000,200,0.6430
0.0481,0.0000,0.0000,0.0004,0.0476,0.0000,200,0.6102
0.0150,0.0000,0.0000,0.0000,0.0149,0.0000,200,0.6437
0.0567,0.0000,0.0000,0.0000,0.0567,0.0000,200,0.6020
0.0265,0.0000,0.0000,0.0000,0.0262,0.0002,200,0.6326
0.0500,0.0000,0.0000,0.0000,0.0499,0.0001,200,0.6093
0.0069,0.0000,0.0000,0.0000,0.0068,0.0000,200,0.6529
0.0033,0.0000,0.0000,0.0000,0.0032,0.0001,200,0.6567
0.0281,0.0000,0.0000,0.0000,0.0279,0.0002,200,0.6326
0.0214,0.0000,0.0000,0.0001,0.0211,0.0000,200,0.6394
0.0124,0.0000,0.0000,0.0000,0.0123,0.0001,200,0.6491
0.0030,0.0000,0.0000,0.0000,0.0030,0.0000,200,0.6587
0.0090,0.0000,0.0000,0.0000,0.0089,0.0000,200,0.6530
0.0109,0.0000,0.0000,0.0000,0.0108,0.0001,200,0.6516
0.0073,0.0000,0.0000,0.0000,0.0073,0.0000,200,0.6556
0.0023,0.0000,0.0000,0.0000,0.0022,0.0000,200,0.6607
0.0549,0.0000,0.0000,0.0000,0.0548,0.0000,200,0.6084
0.0084,0.0000,0.0000,0.0000,0.0083,0.0000,200,0.6551
0.0039,0.0000,0.0000,0.0000,0.0037,0.0001,200,0.6600
0.0178,0.0000,0.0000,0.0000,0.0177,0.0000,200,0.6467
0.0497,0.0000,0.0000,0.0000,0.0494,0.0000,200,0.6157
0.1111,0.0000,0.0000,0.0000,0.1110,0.0000,200,0.5544
0.0165,0.0000,0.0000,0.0000,0.0164,0.0000,200,0.6489
0.0066,0.0000,0.0000,0.0000,0.0063,0.0001,200,0.6593
0.0018,0.0000,0.0000,0.0000,0.0017,0.0001,200,0.6645
0.0036,0.0000,0.0000,0.0000,0.0035,0.0000,200,0.6634
0.0012,0.0000,0.0000,0.0000,0.0011,0.0000,200,0.6659
0.0383,0.0000,0.0000,0.0000,0.0382,0.0000,200,0.6291
0.0116,0.0000,0.0000,0.0000,0.0116,0.0000,200,0.6562
0.0048,0.0000,0.0000,0.0000,0.0047,0.0000,200,0.6633
0.0166,0.0000,0.0000,0.0000,0.0165,0.0001,200,0.6520
0.0074,0.0000,0.0000,0.0001,0.0072,0.0000,200,0.6615
0.0076,0.0000,0.0000,0.0000,0.0075,0.0001,200,0.6617
0.0269,0.0000,0.0000,0.0000,0.0267,0.0000,200,0.6428
0.0195,0.0000,0.0000,0.0000,0.0195,0.0000,200,0.6505
0.0129,0.0000,0.0000,0.0000,0.0128,0.0000,200,0.6598
0.0452,0.0000,0.0000,0.0000,0.0451,0.0000,200,0.6275
0.0056,0.0000,0.0000,0.0000,0.0055,0.0000,200,0.6671
0.0046,0.0000,0.0000,0.0000,0.0046,0.0000,200,0.6681
0.0383,0.0000,0.0000,0.0000,0.0382,0.0000,200,0.6345
0.0229,0.0000,0.0000,0.0000,0.0228,0.0000,200,0.6499
0.0167,0.0000,0.0000,0.0000,0.0166,0.0000,200,0.6561
0.0138,0.0000,0.0000,0.0001,0.0135,0.0002,200,0.6591
0.0058,0.0000,0.0000,0.0000,0.0057,0.0000,200,0.6671
0.0276,0.0000,0.0000,0.0000,0.0275,0.0002,200,0.6458
0.0164,0.0000,0.0000,0.0000,0.0162,0.0001,200,0.6577
0.0165,0.0000,0.0000,0.0000,0.0164,0.0000,200,0.6576
0.0459,0.0000,0.0000,0.0000,0.0458,0.0001,200,0.6291
0.0018,0.0000,0.0000,0.0000,0.0018,0.0000,200,0.6735
0.0170,0.0000,0.0000,0.0000,0.0170,0.0000,200,0.6583
0.0026,0.0000,0.0000,0.0000,0.0025,0.0001,200,0.6727
0.0032,0.0000,0.0000,0.0000,0.0031,0.0001,200,0.6727
0.0272,0.0000,0.0000,0.0000,0.0271,0.0000,200,0.6491
0.0014,0.0000,0.0000,0.0000,0.0013,0.0000,200,0.6749
0.0071,0.0000,0.0000,0.0000,0.0070,0.0001,200,0.6697
0.0044,0.0000,0.0000,0.0000,0.0042,0.0002,200,0.6727
0.0201,0.0000,0.0000,0.0000,0.0200,0.0000,200,0.6572
0.0159,0.0000,0.0000,0.0000,0.0158,0.0001,200,0.6620
0.0152,0.0000,0.0000,0.0000,0.0152,0.0000,200,0.6630
0.0055,0.0000,0.0000,0.0000,0.0055,0.0000,200,0.6727
0.0056,0.0000,0.0000,0.0000,0.0055,0.0001,200,0.6728
0.0248,0.0000,0.0000,0.0000,0.0245,0.0002,200,0.6545
0.0271,0.0000,0.0000,0.0000,0.0271,0.0000,200,0.6522
0.0021,0.0000,0.0000,0.0000,0.0020,0.0000,200,0.6772
0.0109,0.0000,0.0000,0.0003,0.0105,0.0000,200,0.6689
0.0034,0.0000,0.0000,0.0000,0.0030,0.0000,200,0.6768
0.0121,0.0000,0.0000,0.0000,0.0120,0.0001,200,0.6686
0.0173,0.0000,0.0000,0.0000,0.0171,0.0001,200,0.6639
0.0112,0.0000,0.0000,0.0000,0.0111,0.0001,200,0.6700
0.0032,0.0000,0.0000,0.0000,0.0031,0.0000,200,0.6784
0.0301,0.0000,0.0000,0.0000,0.0300,0.0001,200,0.6517
0.0041,0.0000,0.0000,0.0000,0.0040,0.0001,200,0.6779
0.0172,0.0000,0.0000,0.0000,0.0171,0.0000,200,0.6654
0.0332,0.0000,0.0000,0.0000,0.0331,0.0001,200,0.6494
0.0152,0.0000,0.0000,0.0000,0.0152,0.0000,200,0.6678
0.0180,0.0000,0.0000,0.0002,0.0178,0.0000,200,0.6654
0.0166,0.0000,0.0000,0.0000,0.0164,0.0001,200,0.6673
0.0088,0.0000,0.0000,0.0000,0.0086,0.0002,200,0.6753
0.0114,0.0000,0.0000,0.0003,0.0111,0.0001,200,0.6728
0.0054,0.0000,0.0000,0.0000,0.0053,0.0000,200,0.6793
0.0222,0.0000,0.0000,0.0000,0.0221,0.0001,200,0.6629
0.0042,0.0000,0.0000,0.0000,0.0041,0.0001,200,0.6812
0.0022,0.0000,0.0000,0.0000,0.0021,0.0001,200,0.6834
0.0530,0.0000,0.0000,0.0000,0.0529,0.0001,200,0.6330
0.0124,0.0000,0.0000,0.0000,0.0123,0.0001,200,0.6741
0.0040,0.0000,0.0000,0.0000,0.0039,0.0000,200,0.6841
0.0062,0.0000,0.0000,0.0000,0.0061,0.0000,200,0.6820
0.0125,0.0000,0.0000,0.0000,0.0124,0.0001,200,0.6759
0.0158,0.0000,0.0000,0.0000,0.0156,0.0002,200,0.6727
0.0023,0.0000,0.0000,0.0000,0.0008,0.0002,200,0.6865
0.0310,0.0000,0.0000,0.0000,0.0309,0.0001,200,0.6587
0.0684,0.0000,0.0000,0.0000,0.0683,0.0000,200,0.6214
0.0571,0.0000,0.0000,0.0000,0.0570,0.0000,200,0.6327
0.0104,0.0000,0.0000,0.0000,0.0103,0.0001,200,0.6802
0.0409,0.0000,0.0000,0.0000,0.0408,0.0000,200,0.6500
0.0170,0.0000,0.0000,0.0000,0.0169,0.0000,200,0.6741
0.0437,0.0000,0.0000,0.0000,0.0436,0.0000,200,0.6477
0.0033,0.0000,0.0000,0.0000,0.0032,0.0000,200,0.6885
0.0258,0.0000,0.0000,0.0003,0.0255,0.0000,200,0.6663
0.0071,0.0000,0.0000,0.0000,0.0070,0.0001,200,0.6856
0.0151,0.0000,0.0000,0.0000,0.0149,0.0002,200,0.6782
0.0122,0.0000,0.0000,0.0000,0.0121,0.0000,200,0.6818
0.0057,0.0000,0.0000,0.0000,0.0056,0.0001,200,0.6884
0.0045,0.0000,0.0000,0.0000,0.0044,0.0000,200,0.6898
0.0091,0.0000,0.0000,0.0000,0.0090,0.0001,200,0.6854
0.0041,0.0000,0.0000,0.0000,0.0038,0.0002,200,0.6906
0.0343,0.0000,0.0000,0.0000,0.0342,0.0000,200,0.6608
0.0058,0.0000,0.0000,0.0000,0.0057,0.0000,200,0.6896
0.0042,0.0000,0.0000,0.0000,0.0037,0.0005,200,0.6922
0.0599,0.0000,0.0000,0.0000,0.0598,0.0000,200,0.6365
0.0056,0.0000,0.0000,0.0000,0.0055,0.0000,200,0.6908
0.0851,0.0000,0.0000,0.0002,0.0848,0.0000,200,0.6118
0.0220,0.0000,0.0000,0.0000,0.0219,0.0001,200,0.6753
0.0055,0.0000,0.0000,0.0000,0.0055,0.0000,200,0.6918
0.0017,0.0000,0.0000,0.0000,0.0016,0.0000,200,0.6964
0.0256,0.0000,0.0000,0.0000,0.0256,0.0000,200,0.6728
0.0555,0.0000,0.0000,0.0000,0.0554,0.0000,200,0.6434
0.0210,0.0000,0.0000,0.0000,0.0210,0.0000,200,0.6782
0.0051,0.0000,0.0000,0.0000,0.0050,0.0000,200,0.6947
0.0207,0.0000,0.0000,0.0000,0.0206,0.0001,200,0.6793
0.0053,0.0000,0.0000,0.0000,0.0052,0.0000,200,0.6951
0.0063,0.0000,0.0000,0.0000,0.0062,0.0000,200,0.6942
0.0095,0.0000,0.0000,0.0000,0.0094,0.0000,200,0.6914
0.0008,0.0000,0.0000,0.0000,0.0007,0.0000,200,0.7004
0.0174,0.0000,0.0000,0.0000,0.0174,0.0000,200,0.6847
0.0196,0.0000,0.0000,0.0000,0.0196,0.0000,200,0.6826
0.0217,0.0000,0.0000,0.0000,0.0214,0.0003,200,0.6806
0.0143,0.0000,0.0000,0.0000,0.0142,0.0000,200,0.6882
0.0142,0.0000,0.0000,0.0000,0.0141,0.0000,200,0.6889
0.0564,0.0000,0.0000,0.0000,0.0562,0.0001,200,0.6471
0.0071,0.0000,0.0000,0.0000,0.0070,0.0000,200,0.6973
0.0063,0.0000,0.0000,0.0000,0.0063,0.0000,200,0.6980
0.0111,0.0000,0.0000,0.0000,0.0109,0.0001,200,0.6934
0.0024,0.0000,0.0000,0.0000,0.0021,0.0002,200,0.7021
0.0050,0.0000,0.0000,0.0000,0.0049,0.0000,200,0.7001
0.0127,0.0000,0.0000,0.0001,0.0125,0.0000,200,0.6927
0.0059,0.0000,0.0000,0.0000,0.0058,0.0000,200,0.6998
0.0038,0.0000,0.0000,0.0000,0.0037,0.0000,200,0.7023
0.0735,0.0000,0.0000,0.0000,0.0734,0.0000,200,0.6330
0.0046,0.0000,0.0000,0.0000,0.0043,0.0002,200,0.7024
0.0232,0.0000,0.0000,0.0000,0.0230,0.0001,200,0.6839
0.0100,0.0000,0.0000,0.0004,0.0095,0.0000,200,0.6973
0.0536,0.0000,0.0000,0.0000,0.0535,0.0001,200,0.6540
0.0422,0.0000,0.0000,0.0000,0.0419,0.0002,200,0.6654
0.0031,0.0000,0.0000,0.0000,0.0030,0.0000,200,0.7051
0.0006,0.0000,0.0000,0.0000,0.0006,0.0000,200,0.7077
0.0127,0.0000,0.0000,0.0000,0.0126,0.0001,200,0.6963
0.0029,0.0000,0.0000,0.0000,0.0028,0.0000,200,0.7064
0.0111,0.0000,0.0000,0.0000,0.0110,0.0000,200,0.6984
0.0078,0.0000,0.0000,0.0000,0.0077,0.0000,200,0.7022
0.0194,0.0000,0.0000,0.0000,0.0193,0.0001,200,0.6911
0.0170,0.0000,0.0000,0.0000,0.0170,0.0001,200,0.6939
0.0784,0.0000,0.0000,0.0000,0.0783,0.0000,200,0.6329
0.0367,0.0000,0.0000,0.0000,0.0356,0.0011,200,0.6763
0.0279,0.0000,0.0000,0.0000,0.0279,0.0000,200,0.6851
0.0038,0.0000,0.0000,0.0000,0.0037,0.0000,200,0.7095
0.0065,0.0000,0.0000,0.0000,0.0063,0.0001,200,0.7084
0.0352,0.0000,0.0000,0.0000,0.0349,0.0001,200,0.6798
0.0379,0.0000,0.0000,0.0000,0.0379,0.0000,200,0.6771
0.0164,0.0000,0.0000,0.0000,0.0163,0.0001,200,0.6988
0.0281,0.0000,0.0000,0.0000,0.0280,0.0000,200,0.6881
0.0370,0.0000,0.0000,0.0000,0.0369,0.0000,200,0.6792
0.0101,0.0000,0.0000,0.0000,0.0101,0.0000,200,0.7061
0.0119,0.0000,0.0000,0.0000,0.0118,0.0000,200,0.7044
0.0132,0.0000,0.0000,0.0000,0.0132,0.0000,200,0.7031
0.0096,0.0000,0.0000,0.0002,0.0094,0.0000,200,0.7071
0.0093,0.0000,0.0000,0.0000,0.0093,0.0000,200,0.7081
0.0068,0.0000,0.0000,0.0002,0.0066,0.0000,200,0.7110
0.0220,0.0000,0.0000,0.0001,0.0218,0.0001,200,0.6964
0.0055,0.0000,0.0000,0.0000,0.0054,0.0000,200,0.7133
0.0019,0.0000,0.0000,0.0000,0.0018,0.0001,200,0.7175
0.0098,0.0000,0.0000,0.0000,0.0097,0.0000,200,0.7100
0.0041,0.0000,0.0000,0.0000,0.0040,0.0000,200,0.7162
0.0153,0.0000,0.0000,0.0000,0.0152,0.0000,200,0.7053
0.0383,0.0000,0.0000,0.0000,0.0382,0.0000,200,0.6830
0.0261,0.0000,0.0000,0.0000,0.0260,0.0000,200,0.6954
0.0092,0.0000,0.0000,0.0000,0.0091,0.0000,200,0.7130
0.0397,0.0000,0.0000,0.0000,0.0396,0.0000,200,0.6826
0.0473,0.0000,0.0000,0.0000,0.0473,0.0000,200,0.6763
0.0162,0.0000,0.0000,0.0000,0.0160,0.0000,200,0.7076
0.0145,0.0000,0.0000,0.0000,0.0145,0.0000,200,0.7093
0.0182,0.0000,0.0000,0.0000,0.0181,0.0001,200,0.7057
0.0309,0.0000,0.0000,0.0001,0.0307,0.0000,200,0.6945
0.0116,0.0000,0.0000,0.0000,0.0115,0.0000,200,0.7148
0.0180,0.0000,0.0000,0.0001,0.0178,0.0001,200,0.7090
0.0100,0.0000,0.0000,0.0000,0.0099,0.0001,200,0.7178
0.0278,0.0000,0.0000,0.0000,0.0277,0.0000,200,0.7004
0.0105,0.0000,0.0000,0.0000,0.0103,0.0001,200,0.7184
0.0139,0.0000,0.0000,0.0001,0.0137,0.0002,200,0.7150
0.0162,0.0000,0.0000,0.0000,0.0160,0.0001,200,0.7131
0.0136,0.0000,0.0000,0.0000,0.0133,0.0000,200,0.7163
0.0149,0.0000,0.0000,0.0000,0.0146,0.0001,200,0.7150
0.0296,0.0000,0.0000,0.0000,0.0295,0.0000,200,0.7009
0.0116,0.0000,0.0000,0.0000,0.0115,0.0000,200,0.7193
0.0266,0.0000,0.0000,0.0000,0.0265,0.0001,200,0.7044
0.0374,0.0000,0.0000,0.0000,0.0373,0.0001,200,0.6943
0.0123,0.0000,0.0000,0.0000,0.0122,0.0000,200,0.7198
0.0334,0.0000,0.0000,0.0000,0.0333,0.0000,200,0.6993
0.0164,0.0000,0.0000,0.0001,0.0162,0.0000,200,0.7166
0.0053,0.0000,0.0000,0.0000,0.0052,0.0001,200,0.7278
0.0225,0.0000,0.0000,0.0000,0.0224,0.0001,200,0.7112
0.0526,0.0000,0.0000,0.0000,0.0523,0.0002,200,0.6812
0.0237,0.0000,0.0000,0.0000,0.0236,0.0000,200,0.7105
0.0183,0.0000,0.0000,0.0002,0.0180,0.0000,200,0.7163
0.0067,0.0000,0.0000,0.0000,0.0066,0.0001,200,0.7281
0.0305,0.0000,0.0000,0.0000,0.0305,0.0000,200,0.7045
0.0121,0.0000,0.0000,0.0000,0.0119,0.0002,200,0.7238
0.0052,0.0000,0.0000,0.0000,0.0051,0.0000,200,0.7309
0.0124,0.0000,0.0000,0.0000,0.0124,0.0000,200,0.7239
0.0127,0.0000,0.0000,0.0000,0.0126,0.0001,200,0.7239
0.0552,0.0000,0.0000,0.0000,0.0551,0.0001,200,0.6816
0.0102,0.0000,0.0000,0.0000,0.0100,0.0001,200,0.7270
0.0139,0.0000,0.0000,0.0000,0.0138,0.0001,200,0.7236
0.0034,0.0000,0.0000,0.0000,0.0032,0.0001,200,0.7345
0.0374,0.0000,0.0000,0.0000,0.0372,0.0002,200,0.7012
0.0762,0.0000,0.0000,0.0000,0.0760,0.0000,200,0.6625
0.0226,0.0000,0.0000,0.0000,0.0223,0.0000,200,0.7162
0.0051,0.0000,0.0000,0.0000,0.0050,0.0001,200,0.7341
0.0021,0.0000,0.0000,0.0000,0.0020,0.0000,200,0.7376
0.0431,0.0000,0.0000,0.0000,0.0430,0.0001,200,0.6969
0.0148,0.0000,0.0000,0.0000,0.0148,0.0000,200,0.7254
0.0083,0.0000,0.0000,0.0000,0.0083,0.0000,200,0.7320
0.0091,0.0000,0.0000,0.0000,0.0090,0.0000,200,0.7316
0.0016,0.0000,0.0000,0.0000,0.0015,0.0000,200,0.7397
0.0378,0.0000,0.0000,0.0000,0.0378,0.0000,200,0.7035
0.0559,0.0000,0.0000,0.0000,0.0558,0.0001,200,0.6860
0.0730,0.0000,0.0000,0.0000,0.0728,0.0000,200,0.6694
0.0201,0.0000,0.0000,0.0001,0.0199,0.0000,200,0.7223
0.0040,0.0000,0.0000,0.0000,0.0039,0.0000,200,0.7389
0.0220,0.0000,0.0000,0.0000,0.0218,0.0001,200,0.7213
0.0135,0.0000,0.0000,0.0000,0.0134,0.0000,200,0.7299
0.0099,0.0000,0.0000,0.0000,0.0099,0.0000,200,0.7337
0.0036,0.0000,0.0000,0.0000,0.0036,0.0000,200,0.7407
0.0099,0.0000,0.0000,0.0000,0.0098,0.0000,200,0.7348
0.0050,0.0000,0.0000,0.0000,0.0049,0.0000,200,0.7400
0.0122,0.0000,0.0000,0.0000,0.0118,0.0003,200,0.7332
0.0129,0.0000,0.0000,0.0000,0.0129,0.0000,200,0.7326
0.0197,0.0000,0.0000,0.0000,0.0196,0.0001,200,0.7265
0.0264,0.0000,0.0000,0.0000,0.0263,0.0000,200,0.7203
0.0091,0.0000,0.0000,0.0003,0.0088,0.0001,200,0.7379
0.0430,0.0000,0.0000,0.0000,0.0430,0.0000,200,0.7045
0.0075,0.0000,0.0000,0.0000,0.0074,0.0000,200,0.7402
0.0039,0.0000,0.0000,0.0000,0.0038,0.0001,200,0.7447
0.0118,0.0000,0.0000,0.0000,0.0117,0.0000,200,0.7368
0.0088,0.0000,0.0000,0.0000,0.0087,0.0000,200,0.7404
0.0742,0.0000,0.0000,0.0000,0.0740,0.0002,200,0.6753
0.0024,0.0000,0.0000,0.0000,0.0023,0.0001,200,0.7477
0.0317,0.0000,0.0000,0.0000,0.0315,0.0002,200,0.7188
0.0175,0.0000,0.0000,0.0000,0.0172,0.0003,200,0.7337
0.0150,0.0000,0.0000,0.0000,0.0149,0.0001,200,0.7366
0.0445,0.0000,0.0000,0.0000,0.0445,0.0000,200,0.7070
0.0094,0.0000,0.0000,0.0000,0.0093,0.0001,200,0.7423
0.0058,0.0000,0.0000,0.0000,0.0057,0.0001,200,0.7462
0.0236,0.0000,0.0000,0.0001,0.0235,0.0000,200,0.7289
0.0142,0.0000,0.0000,0.0000,0.0141,0.0001,200,0.7386
0.0062,0.0000,0.0000,0.0001,0.0056,0.0005,200,0.7475
0.0148,0.0000,0.0000,0.0000,0.0147,0.0001,200,0.7393
0.0647,0.0000,0.0000,0.0000,0.0646,0.0000,200,0.6898
0.0817,0.0000,0.0000,0.0000,0.0817,0.0000,200,0.6728
0.0032,0.0000,0.0000,0.0000,0.0031,0.0000,200,0.7516
0.0007,0.0000,0.0000,0.0000,0.0006,0.0000,200,0.7548
0.0122,0.0000,0.0000,0.0000,0.0119,0.0001,200,0.7434
0.0048,0.0000,0.0000,0.0000,0.0047,0.0000,200,0.7513
0.0129,0.0000,0.0000,0.0000,0.0128,0.0001,200,0.7437
0.0160,0.0000,0.0000,0.0000,0.0159,0.0001,200,0.7413
0.0018,0.0000,0.0000,0.0000,0.0017,0.0000,200,0.7556
0.0041,0.0000,0.0000,0.0000,0.0040,0.0000,200,0.7537
0.0161,0.0000,0.0000,0.0000,0.0160,0.0001,200,0.7423
0.0294,0.0000,0.0000,0.0000,0.0293,0.0000,200,0.7293
0.0137,0.0000,0.0000,0.0000,0.0136,0.0000,200,0.7454
0.0268,0.0000,0.0000,0.0000,0.0267,0.0001,200,0.7330
0.0212,0.0000,0.0000,0.0000,0.0211,0.0000,200,0.7387
0.0135,0.0000,0.0000,0.0000,0.0134,0.0001,200,0.7470
0.0158,0.0000,0.0000,0.0000,0.0156,0.0001,200,0.7456
0.0049,0.0000,0.0000,0.0000,0.0047,0.0000,200,0.7565
0.0026,0.0000,0.0000,0.0000,0.0025,0.0001,200,0.7591
0.0064,0.0000,0.0000,0.0000,0.0064,0.0000,200,0.7555
0.0405,0.0000,0.0000,0.0000,0.0404,0.0000,200,0.7215
0.0460,0.0000,0.0000,0.0000,0.0459,0.0000,200,0.7163
0.0140,0.0000,0.0000,0.0000,0.0139,0.0001,200,0.7486
0.0339,0.0000,0.0000,0.0000,0.0336,0.0001,200,0.7290
0.0103,0.0000,0.0000,0.0000,0.0102,0.0001,200,0.7529
0.0337,0.0000,0.0000,0.0000,0.0336,0.0000,200,0.7299
0.0567,0.0000,0.0000,0.0000,0.0565,0.0000,200,0.7073
0.0214,0.0000,0.0000,0.0000,0.0213,0.0000,200,0.7429
0.0039,0.0000,0.0000,0.0001,0.0038,0.0000,200,0.7605
0.0023,0.0000,0.0000,0.0000,0.0022,0.0000,200,0.7626
0.0076,0.0000,0.0000,0.0000,0.0074,0.0001,200,0.7574
0.0053,0.0000,0.0000,0.0000,0.0051,0.0000,200,0.7598
0.0449,0.0000,0.0000,0.0000,0.0448,0.0001,200,0.7206
0.0009,0.0000,0.0000,0.0000,0.0008,0.0001,200,0.7649
0.0116,0.0000,0.0000,0.0000,0.0115,0.0001,200,0.7545
0.0231,0.0000,0.0000,0.0000,0.0230,0.0000,200,0.7433
0.0030,0.0000,0.0000,0.0000,0.0029,0.0001,200,0.7640
0.0314,0.0000,0.0000,0.0000,0.0313,0.0000,200,0.7358
0.0099,0.0000,0.0000,0.0000,0.0098,0.0001,200,0.7578
0.0835,0.0000,0.0000,0.0000,0.0833,0.0000,200,0.6843
0.0049,0.0000,0.0000,0.0000,0.0049,0.0001,200,0.7651
0.0185,0.0000,0.0000,0.0000,0.0184,0.0001,200,0.7516
0.0164,0.0000,0.0000,0.0000,0.0163,0.0001,200,0.7541
0.0402,0.0000,0.0000,0.0000,0.0401,0.0000,200,0.7310
0.0222,0.0000,0.0000,0.0000,0.0215,0.0007,200,0.7491
0.0297,0.0000,0.0000,0.0000,0.0296,0.0000,200,0.7418
0.0018,0.0000,0.0000,0.0000,0.0017,0.0000,200,0.7701
0.0381,0.0000,0.0000,0.0000,0.0380,0.0000,200,0.7350
0.0118,0.0000,0.0000,0.0000,0.0118,0.0000,200,0.7614
0.0372,0.0000,0.0000,0.0000,0.0371,0.0000,200,0.7363
0.0098,0.0000,0.0000,0.0000,0.0097,0.0001,200,0.7643
0.0143,0.0000,0.0000,0.0000,0.0142,0.0000,200,0.7598
0.0182,0.0000,0.0000,0.0000,0.0180,0.0001,200,0.7561
0.0262,0.0000,0.0000,0.0000,0.0261,0.0000,200,0.7486
0.0019,0.0000,0.0000,0.0000,0.0018,0.0000,200,0.7731
0.0310,0.0000,0.0000,0.0000,0.0310,0.0000,200,0.7443
0.0135,0.0000,0.0000,0.0000,0.0135,0.0000,200,0.7620
0.0240,0.0000,0.0000,0.0000,0.0240,0.0000,200,0.7517
0.0349,0.0000,0.0000,0.0000,0.0348,0.0001,200,0.7413
0.0095,0.0000,0.0000,0.0000,0.0090,0.0004,200,0.7672
0.0137,0.0000,0.0000,0.0001,0.0136,0.0000,200,0.7631
0.0279,0.0000,0.0000,0.0000,0.0278,0.0000,200,0.7495
0.0191,0.0000,0.0000,0.0000,0.0190,0.0000,200,0.7584
0.0030,0.0000,0.0000,0.0000,0.0029,0.0000,200,0.7748
0.0208,0.0000,0.0000,0.0001,0.0206,0.0000,200,0.7573
0.0412,0.0000,0.0000,0.0000,0.0411,0.0001,200,0.7372
0.0065,0.0000,0.0000,0.0000,0.0064,0.0000,200,0.7720
0.0082,0.0000,0.0000,0.0000,0.0078,0.0003,200,0.7711
0.0249,0.0000,0.0000,0.0000,0.0247,0.0002,200,0.7545
0.0099,0.0000,0.0000,0.0000,0.0096,0.0000,200,0.7700
0.0124,0.0000,0.0000,0.0000,0.0123,0.0001,200,0.7677
0.0025,0.0000,0.0000,0.0000,0.0024,0.0000,200,0.7781
0.0038,0.0000,0.0000,0.0000,0.0038,0.0000,200,0.7769
0.0058,0.0000,0.0000,0.0000,0.0057,0.0000,200,0.7755
0.0513,0.0000,0.0000,0.0000,0.0509,0.0003,200,0.7305
0.0157,0.0000,0.0000,0.0000,0.0156,0.0001,200,0.7661
0.0054,0.0000,0.0000,0.0000,0.0052,0.0001,200,0.7767
0.0195,0.0000,0.0000,0.0002,0.0193,0.0000,200,0.7629
0.0045,0.0000,0.0000,0.0000,0.0044,0.0000,200,0.7784
0.0214,0.0000,0.0000,0.0000,0.0213,0.0001,200,0.7620
0.0013,0.0000,0.0000,0.0000,0.0012,0.0000,200,0.7825
0.0040,0.0000,0.0000,0.0000,0.0038,0.0000,200,0.7798
0.0040,0.0000,0.0000,0.0000,0.0039,0.0000,200,0.7801
0.0228,0.0000,0.0000,0.0000,0.0227,0.0001,200,0.7617
0.0112,0.0000,0.0000,0.0000,0.0111,0.0001,200,0.7735
0.0087,0.0000,0.0000,0.0000,0.0086,0.0000,200,0.7762
0.0139,0.0000,0.0000,0.0000,0.0137,0.0002,200,0.7714
0.0052,0.0000,0.0000,0.0000,0.0051,0.0000,200,0.7807
0.0273,0.0000,0.0000,0.0000,0.0273,0.0000,200,0.7587
0.0042,0.0000,0.0000,0.0000,0.0041,0.0000,200,0.7821
0.0052,0.0000,0.0000,0.0000,0.0051,0.0000,200,0.7818
0.0069,0.0000,0.0000,0.0000,0.0067,0.0000,200,0.7806
0.0012,0.0000,0.0000,0.0000,0.0011,0.0000,200,0.7870
0.0107,0.0000,0.0000,0.0000,0.0105,0.0001,200,0.7785
0.0272,0.0000,0.0000,0.0000,0.0271,0.0000,200,0.7623
0.0081,0.0000,0.0000,0.0000,0.0081,0.0000,200,0.7813
0.0383,0.0000,0.0000,0.0000,0.0382,0.0000,200,0.7520
0.0061,0.0000,0.0000,0.0000,0.0060,0.0001,200,0.7847
0.0552,0.0000,0.0000,0.0000,0.0551,0.0001,200,0.7361
0.0073,0.0000,0.0000,0.0000,0.0073,0.0000,200,0.7842
0.0016,0.0000,0.0000,0.0000,0.0015,0.0000,200,0.7903
0.0149,0.0000,0.0000,0.0000,0.0148,0.0000,200,0.7774
0.0175,0.0000,0.0000,0.0000,0.0175,0.0000,200,0.7750
0.0103,0.0000,0.0000,0.0000,0.0102,0.0001,200,0.7829
0.0082,0.0000,0.0000,0.0000,0.0079,0.0000,200,0.7850
0.0167,0.0000,0.0000,0.0000,0.0160,0.0005,200,0.7775
0.0103,0.0000,0.0000,0.0000,0.0102,0.0001,200,0.7839
0.0100,0.0000,0.0000,0.0000,0.0099,0.0000,200,0.7845
0.0016,0.0000,0.0000,0.0000,0.0015,0.0000,200,0.7932
0.0035,0.0000,0.0000,0.0001,0.0034,0.0000,200,0.7915
0.0036,0.0000,0.0000,0.0000,0.0033,0.0000,200,0.7926
0.0348,0.0000,0.0000,0.0000,0.0347,0.0000,200,0.7613
0.0461,0.0000,0.0000,0.0000,0.0459,0.0001,200,0.7502
0.0248,0.0000,0.0000,0.0000,0.0245,0.0000,200,0.7715
0.0263,0.0000,0.0000,0.0000,0.0261,0.0001,200,0.7705
0.0011,0.0000,0.0000,0.0000,0.0011,0.0000,200,0.7962
0.0299,0.0000,0.0000,0.0001,0.0294,0.0000,200,0.7678
0.0222,0.0000,0.0000,0.0000,0.0220,0.0001,200,0.7757
0.0090,0.0000,0.0000,0.0000,0.0089,0.0000,200,0.7894
0.0231,0.0000,0.0000,0.0000,0.0231,0.0000,200,0.7754
0.0333,0.0000,0.0000,0.0000,0.0332,0.0000,200,0.7655
0.0099,0.0000,0.0000,0.0000,0.0097,0.0001,200,0.7894
0.0140,0.0000,0.0000,0.0000,0.0139,0.0001,200,0.7859
0.0027,0.0000,0.0000,0.0000,0.0027,0.0000,200,0.7973
0.0028,0.0000,0.0000,0.0000,0.0027,0.0001,200,0.7979
0.0269,0.0000,0.0000,0.0000,0.0269,0.0000,200,0.7741
0.0375,0.0000,0.0000,0.0000,0.0374,0.0000,200,0.7636
0.0034,0.0000,0.0000,0.0000,0.0033,0.0000,200,0.7984
0.0144,0.0000,0.0000,0.0000,0.0142,0.0002,200,0.7882
0.0061,0.0000,0.0000,0.0000,0.0060,0.0000,200,0.7968
0.0239,0.0000,0.0000,0.0001,0.0236,0.0002,200,0.7795
0.0302,0.0000,0.0000,0.0000,0.0301,0.0000,200,0.7732
0.0220,0.0000,0.0000,0.0000,0.0219,0.0000,200,0.7818
0.0047,0.0000,0.0000,0.0000,0.0045,0.0002,200,0.8000
0.0275,0.0000,0.0000,0.0000,0.0272,0.0002,200,0.7777
0.0390,0.0000,0.0000,0.0000,0.0387,0.0002,200,0.7670
0.0599,0.0000,0.0000,0.0001,0.0598,0.0000,200,0.7467
0.0616,0.0000,0.0000,0.0000,0.0616,0.0000,200,0.7450
0.0233,0.0000,0.0000,0.0000,0.0232,0.0000,200,0.7834
0.0067,0.0000,0.0000,0.0000,0.0066,0.0001,200,0.8007
0.0116,0.0000,0.0000,0.0000,0.0115,0.0000,200,0.7963
0.0062,0.0000,0.0000,0.0000,0.0061,0.0000,200,0.8018
0.0099,0.0000,0.0000,0.0000,0.0099,0.0000,200,0.7985
0.0422,0.0000,0.0000,0.0000,0.0421,0.0001,200,0.7664
0.0076,0.0000,0.0000,0.0000,0.0076,0.0000,200,0.8011
0.0053,0.0000,0.0000,0.0000,0.0052,0.0000,200,0.8038
0.0943,0.0000,0.0000,0.0000,0.0941,0.0002,200,0.7153
0.0149,0.0000,0.0000,0.0000,0.0148,0.0000,200,0.7948
0.0448,0.0000,0.0000,0.0000,0.0447,0.0001,200,0.7650
0.0169,0.0000,0.0000,0.0001,0.0168,0.0001,200,0.7931
0.0118,0.0000,0.0000,0.0000,0.0116,0.0002,200,0.7989
0.0029,0.0000,0.0000,0.0001,0.0027,0.0000,200,0.8080
0.0038,0.0000,0.0000,0.0000,0.0037,0.0000,200,0.8074
0.0030,0.0000,0.0000,0.0000,0.0030,0.0000,200,0.8084
0.0014,0.0000,0.0000,0.0001,0.0012,0.0000,200,0.8107
0.0252,0.0000,0.0000,0.0000,0.0251,0.0000,200,0.7874
0.0387,0.0000,0.0000,0.0000,0.0386,0.0001,200,0.7741
0.0096,0.0000,0.0000,0.0000,0.0095,0.0001,200,0.8034
0.0025,0.0000,0.0000,0.0000,0.0025,0.0000,200,0.8109
0.0135,0.0000,0.0000,0.0000,0.0134,0.0000,200,0.7999
0.0045,0.0000,0.0000,0.0000,0.0042,0.0000,200,0.8098
0.0016,0.0000,0.0000,0.0000,0.0015,0.0000,200,0.8129
0.0084,0.0000,0.0000,0.0000,0.0083,0.0000,200,0.8067
0.0292,0.0000,0.0000,0.0000,0.0292,0.0000,200,0.7860
0.0095,0.0000,0.0000,0.0000,0.0093,0.0000,200,0.8060
0.0040,0.0000,0.0000,0.0000,0.0039,0.0000,200,0.8121
0.0641,0.0000,0.0000,0.0000,0.0641,0.0001,200,0.7525
0.0244,0.0000,0.0000,0.0000,0.0244,0.0000,200,0.7923
0.0094,0.0000,0.0000,0.0000,0.0093,0.0001,200,0.8078
0.0107,0.0000,0.0000,0.0000,0.0106,0.0000,200,0.8067
0.0521,0.0000,0.0000,0.0000,0.0521,0.0000,200,0.7658
0.0013,0.0000,0.0000,0.0000,0.0012,0.0000,200,0.8167
0.0012,0.0000,0.0000,0.0000,0.0011,0.0000,200,0.8173
0.0246,0.0000,0.0000,0.0000,0.0245,0.0001,200,0.7942
0.0064,0.0000,0.0000,0.0000,0.0062,0.0000,200,0.8127
0.0165,0.0000,0.0000,0.0000,0.0165,0.0000,200,0.8026
0.0011,0.0000,0.0000,0.0000,0.0009,0.0000,200,0.8190
0.0052,0.0000,0.0000,0.0000,0.0051,0.0000,200,0.8151
0.0320,0.0000,0.0000,0.0002,0.0317,0.0000,200,0.7891
0.0039,0.0000,0.0000,0.0001,0.0038,0.0000,200,0.8173
0.0068,0.0000,0.0000,0.0000,0.0066,0.0002,200,0.8145
0.0252,0.0000,0.0000,0.0000,0.0251,0.0000,200,0.7962
0.0183,0.0000,0.0000,0.0000,0.0182,0.0000,200,0.8034
0.0087,0.0000,0.0000,0.0000,0.0086,0.0001,200,0.8130
0.0430,0.0000,0.0000,0.0000,0.0429,0.0000,200,0.7793
0.0132,0.0000,0.0000,0.0000,0.0132,0.0000,200,0.8091
0.0373,0.0000,0.0000,0.0000,0.0372,0.0001,200,0.7853
0.0280,0.0000,0.0000,0.0000,0.0279,0.0000,200,0.7950
0.0075,0.0000,0.0000,0.0000,0.0074,0.0001,200,0.8180
0.0233,0.0000,0.0000,0.0000,0.0231,0.0001,200,0.8028
0.0154,0.0000,0.0000,0.0000,0.0153,0.0000,200,0.8115
0.0049,0.0000,0.0000,0.0000,0.0048,0.0001,200,0.8226
0.0057,0.0000,0.0000,0.0000,0.0056,0.0001,200,0.8223
0.0369,0.0000,0.0000,0.0000,0.0368,0.0001,200,0.7914
0.0131,0.0000,0.0000,0.0000,0.0130,0.0001,200,0.8155
0.0428,0.0000,0.0000,0.0000,0.0427,0.0000,200,0.7863
0.0076,0.0000,0.0000,0.0000,0.0075,0.0000,200,0.8223
0.0324,0.0000,0.0000,0.0000,0.0323,0.0001,200,0.7977
0.0659,0.0000,0.0000,0.0000,0.0658,0.0000,200,0.7644
0.0054,0.0000,0.0000,0.0000,0.0051,0.0002,200,0.8255
0.0120,0.0000,0.0000,0.0000,0.0119,0.0000,200,0.8192
0.0031,0.0000,0.0000,0.0000,0.0027,0.0000,200,0.8286
0.0225,0.0000,0.0000,0.0000,0.0224,0.0001,200,0.8096
0.0168,0.0000,0.0000,0.0000,0.0166,0.0001,200,0.8161
0.0066,0.0000,0.0000,0.0000,0.0065,0.0001,200,0.8268
0.0238,0.0000,0.0000,0.0000,0.0237,0.0000,200,0.8100
0.0153,0.0000,0.0000,0.0000,0.0152,0.0001,200,0.8185
0.0161,0.0000,0.0000,0.0000,0.0161,0.0000,200,0.8180
0.0425,0.0000,0.0000,0.0000,0.0424,0.0001,200,0.7919
0.0135,0.0000,0.0000,0.0000,0.0134,0.0000,200,0.8212
0.0164,0.0000,0.0000,0.0000,0.0163,0.0001,200,0.8188
0.0143,0.0000,0.0000,0.0000,0.0142,0.0001,200,0.8213
0.0032,0.0000,0.0000,0.0001,0.0030,0.0000,200,0.8329
0.0095,0.0000,0.0000,0.0000,0.0094,0.0000,200,0.8280
0.0100,0.0000,0.0000,0.0000,0.0099,0.0000,200,0.8275
0.1154,0.0000,0.0000,0.0000,0.1153,0.0000,200,0.7222
0.0210,0.0000,0.0000,0.0002,0.0208,0.0000,200,0.8166
0.0033,0.0000,0.0000,0.0000,0.0032,0.0001,200,0.8347
0.0251,0.0000,0.0000,0.0000,0.0250,0.0000,200,0.8134
0.0395,0.0000,0.0000,0.0000,0.0394,0.0000,200,0.7993
0.0106,0.0000,0.0000,0.0000,0.0104,0.0000,200,0.8283
0.0014,0.0000,0.0000,0.0000,0.0011,0.0003,200,0.8385
0.0058,0.0000,0.0000,0.0000,0.0058,0.0000,200,0.8341
0.0336,0.0000,0.0000,0.0000,0.0335,0.0000,200,0.8067
0.0356,0.0000,0.0000,0.0000,0.0354,0.0000,200,0.8052
0.0300,0.0000,0.0000,0.0000,0.0299,0.0000,200,0.8112
0.0267,0.0000,0.0000,0.0000,0.0266,0.0000,200,0.8153
0.0031,0.0000,0.0000,0.0000,0.0030,0.0000,200,0.8389
0.0460,0.0000,0.0000,0.0000,0.0459,0.0000,200,0.7963
0.0485,0.0000,0.0000,0.0000,0.0484,0.0001,200,0.7942
0.0594,0.0000,0.0000,0.0000,0.0593,0.0000,200,0.7838
0.0060,0.0000,0.0000,0.0000,0.0059,0.0000,200,0.8375
0.0210,0.0000,0.0000,0.0000,0.0208,0.0001,200,0.8230
0.0317,0.0000,0.0000,0.0000,0.0313,0.0004,200,0.8134
0.0018,0.0000,0.0000,0.0000,0.0018,0.0000,200,0.8435
0.0034,0.0000,0.0000,0.0000,0.0034,0.0000,200,0.8419
0.0059,0.0000,0.0000,0.0000,0.0057,0.0001,200,0.8399
0.0100,0.0000,0.0000,0.0000,0.0099,0.0001,200,0.8360
0.0261,0.0000,0.0000,0.0000,0.0261,0.0000,200,0.8203
0.0068,0.0000,0.0000,0.0000,0.0067,0.0001,200,0.8399
0.0059,0.0000,0.0000,0.0000,0.0058,0.0000,200,0.8411
0.0376,0.0000,0.0000,0.0000,0.0375,0.0001,200,0.8096
0.0732,0.0000,0.0000,0.0000,0.0732,0.0000,200,0.7743
0.0110,0.0000,0.0000,0.0000,0.0107,0.0002,200,0.8375
0.0148,0.0000,0.0000,0.0000,0.0147,0.0000,200,0.8338
0.0178,0.0000,0.0000,0.0000,0.0177,0.0000,200,0.8311
0.0276,0.0000,0.0000,0.0000,0.0275,0.0000,200,0.8217
0.0234,0.0000,0.0000,0.0000,0.0233,0.0000,200,0.8261
0.0047,0.0000,0.0000,0.0000,0.0046,0.0000,200,0.8452
0.0143,0.0000,0.0000,0.0000,0.0142,0.0001,200,0.8356
0.0041,0.0000,0.0000,0.0000,0.0040,0.0001,200,0.8461
0.0304,0.0000,0.0000,0.0000,0.0303,0.0000,200,0.8201
0.0291,0.0000,0.0000,0.0000,0.0287,0.0003,200,0.8216
0.0134,0.0000,0.0000,0.0000,0.0133,0.0000,200,0.8376
0.0090,0.0000,0.0000,0.0000,0.0089,0.0000,200,0.8423
0.0101,0.0000,0.0000,0.0000,0.0100,0.0000,200,0.8427
0.0222,0.0000,0.0000,0.0000,0.0220,0.0001,200,0.8309
0.0073,0.0000,0.0000,0.0000,0.0072,0.0000,200,0.8458
0.0156,0.0000,0.0000,0.0000,0.0154,0.0000,200,0.8375
0.0216,0.0000,0.0000,0.0000,0.0212,0.0004,200,0.8317
0.0044,0.0000,0.0000,0.0000,0.0042,0.0001,200,0.8498
0.0078,0.0000,0.0000,0.0000,0.0072,0.0006,200,0.8464
0.0108,0.0000,0.0000,0.0000,0.0097,0.0010,200,0.8453
0.0474,0.0000,0.0000,0.0000,0.0455,0.0019,200,0.8087
0.0182,0.0000,0.0000,0.0000,0.0163,0.0019,200,0.8380
0.0087,0.0000,0.0000,0.0000,0.0075,0.0011,200,0.8475
0.0062,0.0000,0.0000,0.0000,0.0049,0.0012,200,0.8502
0.0656,0.0000,0.0000,0.0000,0.0642,0.0013,200,0.7908
0.0425,0.0000,0.0000,0.0000,0.0424,0.0000,200,0.8142
0.0150,0.0000,0.0000,0.0000,0.0150,0.0001,200,0.8419
0.0075,0.0000,0.0000,0.0000,0.0074,0.0000,200,0.8499
0.0564,0.0000,0.0000,0.0000,0.0563,0.0001,200,0.8011
0.0036,0.0000,0.0000,0.0000,0.0035,0.0000,200,0.8561
0.0111,0.0000,0.0000,0.0000,0.0110,0.0000,200,0.8486
0.0550,0.0000,0.0000,0.0000,0.0549,0.0001,200,0.8047
0.0105,0.0000,0.0000,0.0000,0.0104,0.0000,200,0.8492
0.0113,0.0000,0.0000,0.0001,0.0110,0.0002,200,0.8485
0.0512,0.0000,0.0000,0.0001,0.0511,0.0000,200,0.8086
0.0126,0.0000,0.0000,0.0000,0.0126,0.0000,200,0.8473
0.0247,0.0000,0.0000,0.0000,0.0246,0.0000,200,0.8352
0.0265,0.0000,0.0000,0.0000,0.0264,0.0000,200,0.8335
0.0147,0.0000,0.0000,0.0000,0.0146,0.0000,200,0.8454
0.0070,0.0000,0.0000,0.0002,0.0066,0.0001,200,0.8530
0.0045,0.0000,0.0000,0.0000,0.0043,0.0000,200,0.8562
0.0403,0.0000,0.0000,0.0000,0.0401,0.0002,200,0.8212
0.0127,0.0000,0.0000,0.0000,0.0126,0.0001,200,0.8489
0.0019,0.0000,0.0000,0.0000,0.0019,0.0000,200,0.8599
0.0678,0.0000,0.0000,0.0000,0.0678,0.0000,200,0.7945
0.0031,0.0000,0.0000,0.0000,0.0030,0.0001,200,0.8598
0.0026,0.0000,0.0000,0.0000,0.0024,0.0001,200,0.8607
0.0038,0.0000,0.0000,0.0000,0.0037,0.0000,200,0.8597
0.0347,0.0000,0.0000,0.0000,0.0346,0.0000,200,0.8291
0.0044,0.0000,0.0000,0.0000,0.0040,0.0002,200,0.8597
0.0027,0.0000,0.0000,0.0000,0.0026,0.0000,200,0.8615
0.0178,0.0000,0.0000,0.0000,0.0177,0.0000,200,0.8470
0.0052,0.0000,0.0000,0.0000,0.0051,0.0001,200,0.8599
0.0096,0.0000,0.0000,0.0000,0.0094,0.0001,200,0.8563
0.0103,0.0000,0.0000,0.0000,0.0102,0.0001,200,0.8562
0.0128,0.0000,0.0000,0.0015,0.0112,0.0000,200,0.8542
0.0335,0.0000,0.0000,0.0000,0.0334,0.0000,200,0.8338
0.0078,0.0000,0.0000,0.0000,0.0078,0.0000,200,0.8598
0.0335,0.0000,0.0000,0.0000,0.0334,0.0001,200,0.8344
0.1180,0.0000,0.0000,0.0000,0.1179,0.0000,200,0.7505
0.0180,0.0000,0.0000,0.0000,0.0179,0.0000,200,0.8510
0.0223,0.0000,0.0000,0.0000,0.0222,0.0000,200,0.8467
0.0396,0.0000,0.0000,0.0000,0.0395,0.0001,200,0.8299
0.0296,0.0000,0.0000,0.0000,0.0295,0.0001,200,0.8402
0.0103,0.0000,0.0000,0.0000,0.0102,0.0000,200,0.8597
0.0138,0.0000,0.0000,0.0000,0.0138,0.0000,200,0.8570
0.0151,0.0000,0.0000,0.0000,0.0149,0.0000,200,0.8561
0.0077,0.0000,0.0000,0.0000,0.0077,0.0000,200,0.8635
0.0048,0.0000,0.0000,0.0000,0.0047,0.0001,200,0.8665
0.0079,0.0000,0.0000,0.0000,0.0076,0.0003,200,0.8642
0.0121,0.0000,0.0000,0.0000,0.0120,0.0000,200,0.8601
0.0192,0.0000,0.0000,0.0001,0.0190,0.0001,200,0.8533
0.0110,0.0000,0.0000,0.0000,0.0109,0.0000,200,0.8618
0.0164,0.0000,0.0000,0.0000,0.0162,0.0002,200,0.8567
0.0081,0.0000,0.0000,0.0000,0.0079,0.0001,200,0.8651
0.0050,0.0000,0.0000,0.0000,0.0049,0.0000,200,0.8685
0.0527,0.0000,0.0000,0.0000,0.0527,0.0000,200,0.8213
0.0068,0.0000,0.0000,0.0000,0.0067,0.0000,200,0.8676
0.0184,0.0000,0.0000,0.0000,0.0183,0.0001,200,0.8564
0.0025,0.0000,0.0000,0.0000,0.0024,0.0000,200,0.8725
0.0178,0.0000,0.0000,0.0000,0.0177,0.0000,200,0.8575
0.0225,0.0000,0.0000,0.0000,0.0224,0.0000,200,0.8528
0.0081,0.0000,0.0000,0.0000,0.0080,0.0001,200,0.8679
0.0258,0.0000,0.0000,0.0000,0.0253,0.0002,200,0.8504
0.0445,0.0000,0.0000,0.0001,0.0444,0.0000,200,0.8321
0.0035,0.0000,0.0000,0.0000,0.0034,0.0000,200,0.8735
0.0051,0.0000,0.0000,0.0000,0.0050,0.0000,200,0.8721
0.0473,0.0000,0.0000,0.0001,0.0472,0.0000,200,0.8301
0.0247,0.0000,0.0000,0.0000,0.0247,0.0000,200,0.8531
0.0380,0.0000,0.0000,0.0000,0.0379,0.0000,200,0.8408
0.0277,0.0000,0.0000,0.0012,0.0264,0.0000,200,0.8513
0.0063,0.0000,0.0000,0.0000,0.0062,0.0000,200,0.8728
0.0058,0.0000,0.0000,0.0000,0.0057,0.0000,200,0.8735
0.0037,0.0000,0.0000,0.0000,0.0037,0.0000,200,0.8760
0.0045,0.0000,0.0000,0.0000,0.0044,0.0000,200,0.8753
0.0204,0.0000,0.0000,0.0000,0.0204,0.0000,200,0.8599
0.0043,0.0000,0.0000,0.0000,0.0042,0.0000,200,0.8762
0.0370,0.0000,0.0000,0.0001,0.0368,0.0000,200,0.8440
0.0009,0.0000,0.0000,0.0000,0.0008,0.0000,200,0.8805
0.0387,0.0000,0.0000,0.0000,0.0386,0.0000,200,0.8432
0.0126,0.0000,0.0000,0.0000,0.0124,0.0001,200,0.8700
0.0231,0.0000,0.0000,0.0001,0.0227,0.0002,200,0.8601
0.0142,0.0000,0.0000,0.0000,0.0141,0.0000,200,0.8690
0.0086,0.0000,0.0000,0.0000,0.0083,0.0003,200,0.8753
0.0537,0.0000,0.0000,0.0000,0.0536,0.0000,200,0.8303
0.0079,0.0000,0.0000,0.0000,0.0078,0.0000,200,0.8767
0.0138,0.0000,0.0000,0.0000,0.0137,0.0000,200,0.8712
0.0030,0.0000,0.0000,0.0000,0.0027,0.0002,200,0.8826
0.0024,0.0000,0.0000,0.0001,0.0023,0.0000,200,0.8832
0.0215,0.0000,0.0000,0.0000,0.0211,0.0003,200,0.8642
0.0332,0.0000,0.0000,0.0000,0.0331,0.0001,200,0.8530
0.0025,0.0000,0.0000,0.0000,0.0025,0.0000,200,0.8839
0.0067,0.0000,0.0000,0.0000,0.0066,0.0001,200,0.8797
0.0047,0.0000,0.0000,0.0000,0.0046,0.0000,200,0.8850
0.0224,0.0000,0.0000,0.0000,0.0223,0.0000,200,0.8673
0.0203,0.0000,0.0000,0.0000,0.0203,0.0000,200,0.8695
0.0124,0.0000,0.0000,0.0000,0.0124,0.0000,200,0.8774
0.0186,0.0000,0.0000,0.0000,0.0184,0.0002,200,0.8712
0.0109,0.0000,0.0000,0.0000,0.0108,0.0000,200,0.8790
0.0186,0.0000,0.0000,0.0000,0.0186,0.0000,200,0.8713
0.0339,0.0000,0.0000,0.0000,0.0338,0.0000,200,0.8560
0.0165,0.0000,0.0000,0.0000,0.0164,0.0000,200,0.8735
0.0404,0.0000,0.0000,0.0000,0.0403,0.0000,200,0.8495
0.0036,0.0000,0.0000,0.0000,0.0035,0.0001,200,0.8865
0.0113,0.0000,0.0000,0.0000,0.0108,0.0004,200,0.8788
0.0064,0.0000,0.0000,0.0000,0.0063,0.0001,200,0.8840
0.0045,0.0000,0.0000,0.0000,0.0043,0.0002,200,0.8865
0.0277,0.0000,0.0000,0.0000,0.0277,0.0000,200,0.8633
0.0289,0.0000,0.0000,0.0000,0.0288,0.0000,200,0.8623
0.0021,0.0000,0.0000,0.0000,0.0020,0.0000,200,0.8897
0.0022,0.0000,0.0000,0.0000,0.0021,0.0000,200,0.8898
0.0127,0.0000,0.0000,0.0002,0.0123,0.0003,200,0.8797
0.0138,0.0000,0.0000,0.0000,0.0137,0.0000,200,0.8791
0.0034,0.0000,0.0000,0.0000,0.0034,0.0000,200,0.8898
0.0135,0.0000,0.0000,0.0000,0.0134,0.0001,200,0.8803
0.0303,0.0000,0.0000,0.0000,0.0302,0.0001,200,0.8638
0.0046,0.0000,0.0000,0.0000,0.0045,0.0000,200,0.8899
0.0016,0.0000,0.0000,0.0000,0.0015,0.0000,200,0.8932
0.0030,0.0000,0.0000,0.0000,0.0025,0.0004,200,0.8929
0.0211,0.0000,0.0000,0.0001,0.0210,0.0000,200,0.8748
0.0119,0.0000,0.0000,0.0000,0.0118,0.0001,200,0.8845
0.0225,0.0000,0.0000,0.0000,0.0224,0.0000,200,0.8740
0.0071,0.0000,0.0000,0.0000,0.0070,0.0000,200,0.8900
0.0073,0.0000,0.0000,0.0000,0.0072,0.0001,200,0.8899
0.0469,0.0000,0.0000,0.0000,0.0468,0.0001,200,0.8507
0.0081,0.0000,0.0000,0.0000,0.0080,0.0001,200,0.8898
0.0297,0.0000,0.0000,0.0000,0.0296,0.0000,200,0.8689
0.0090,0.0000,0.0000,0.0000,0.0089,0.0001,200,0.8900
0.0019,0.0000,0.0000,0.0000,0.0019,0.0000,200,0.8971
0.0027,0.0000,0.0000,0.0001,0.0025,0.0000,200,0.8964
0.0178,0.0000,0.0000,0.0000,0.0177,0.0001,200,0.8819
0.0247,0.0000,0.0000,0.0000,0.0247,0.0000,200,0.8769
0.0105,0.0000,0.0000,0.0000,0.0104,0.0000,200,0.8912
0.0296,0.0000,0.0000,0.0000,0.0295,0.0000,200,0.8722
0.0629,0.0000,0.0000,0.0000,0.0628,0.0001,200,0.8388
0.0111,0.0000,0.0000,0.0000,0.0110,0.0001,200,0.8910
0.0323,0.0000,0.0000,0.0000,0.0322,0.0000,200,0.8699
0.0100,0.0000,0.0000,0.0000,0.0098,0.0001,200,0.8925
0.0320,0.0000,0.0000,0.0000,0.0319,0.0000,200,0.8708
0.0050,0.0000,0.0000,0.0000,0.0047,0.0000,200,0.8979
0.0119,0.0000,0.0000,0.0000,0.0118,0.0000,200,0.8918
0.0019,0.0000,0.0000,0.0000,0.0018,0.0001,200,0.9021
0.0053,0.0000,0.0000,0.0000,0.0052,0.0000,200,0.8991
0.0085,0.0000,0.0000,0.0000,0.0084,0.0001,200,0.8959
0.0029,0.0000,0.0000,0.0000,0.0028,0.0000,200,0.9024
0.0027,0.0000,0.0000,0.0000,0.0026,0.0001,200,0.9029
0.0155,0.0000,0.0000,0.0000,0.0154,0.0000,200,0.8904
0.0161,0.0000,0.0000,0.0000,0.0158,0.0002,200,0.8899
0.0251,0.0000,0.0000,0.0000,0.0245,0.0000,200,0.8814
0.0173,0.0000,0.0000,0.0000,0.0173,0.0000,200,0.8897
0.0136,0.0000,0.0000,0.0000,0.0135,0.0000,200,0.8939
0.0177,0.0000,0.0000,0.0000,0.0176,0.0000,200,0.8899
0.0063,0.0000,0.0000,0.0000,0.0063,0.0000,200,0.9017
0.0340,0.0000,0.0000,0.0000,0.0339,0.0000,200,0.8744
0.0027,0.0000,0.0000,0.0000,0.0026,0.0001,200,0.9060
0.0422,0.0000,0.0000,0.0000,0.0421,0.0000,200,0.8670
0.0447,0.0000,0.0000,0.0000,0.0446,0.0000,200,0.8648
0.0082,0.0000,0.0000,0.0000,0.0082,0.0001,200,0.9017
0.0166,0.0000,0.0000,0.0000,0.0165,0.0000,200,0.8941
0.0142,0.0000,0.0000,0.0000,0.0142,0.0000,200,0.8965
0.0161,0.0000,0.0000,0.0005,0.0154,0.0002,200,0.8948
0.0019,0.0000,0.0000,0.0000,0.0018,0.0001,200,0.9095
0.0262,0.0000,0.0000,0.0000,0.0260,0.0001,200,0.8856
0.0016,0.0000,0.0000,0.0000,0.0015,0.0001,200,0.9107
0.0468,0.0000,0.0000,0.0000,0.0467,0.0000,200,0.8659
0.0278,0.0000,0.0000,0.0000,0.0275,0.0002,200,0.8855
0.0324,0.0000,0.0000,0.0002,0.0319,0.0000,200,0.8810
0.0281,0.0000,0.0000,0.0000,0.0280,0.0001,200,0.8857
0.0047,0.0000,0.0000,0.0000,0.0046,0.0001,200,0.9092
0.0170,0.0000,0.0000,0.0000,0.0169,0.0001,200,0.8976
0.0401,0.0000,0.0000,0.0000,0.0399,0.0001,200,0.8751
0.0321,0.0000,0.0000,0.0000,0.0320,0.0000,200,0.8834
0.0166,0.0000,0.0000,0.0000,0.0165,0.0000,200,0.8990
0.0044,0.0000,0.0000,0.0001,0.0043,0.0000,200,0.9113
0.0250,0.0000,0.0000,0.0000,0.0249,0.0000,200,0.8910
0.0203,0.0000,0.0000,0.0000,0.0202,0.0000,200,0.8959
0.0219,0.0000,0.0000,0.0000,0.0219,0.0000,200,0.8945
0.0397,0.0000,0.0000,0.0000,0.0396,0.0001,200,0.8772
0.0065,0.0000,0.0000,0.0000,0.0064,0.0000,200,0.9109
0.0190,0.0000,0.0000,0.0000,0.0189,0.0001,200,0.9018
0.0578,0.0000,0.0000,0.0000,0.0578,0.0000,200,0.8629
0.0051,0.0000,0.0000,0.0000,0.0051,0.0000,200,0.9157
0.0635,0.0000,0.0000,0.0000,0.0633,0.0002,200,0.8574
0.0054,0.0000,0.0000,0.0000,0.0053,0.0000,200,0.9155
0.0181,0.0000,0.0000,0.0000,0.0181,0.0000,200,0.9028
0.0238,0.0000,0.0000,0.0000,0.0236,0.0000,200,0.8972
0.0146,0.0000,0.0000,0.0000,0.0145,0.0000,200,0.9065
0.0134,0.0000,0.0000,0.0000,0.0134,0.0000,200,0.9076
0.0193,0.0000,0.0000,0.0000,0.0193,0.0000,200,0.9018
0.0174,0.0000,0.0000,0.0000,0.0174,0.0000,200,0.9037
0.0419,0.0000,0.0000,0.0000,0.0418,0.0000,200,0.8793
0.0101,0.0000,0.0000,0.0000,0.0100,0.0000,200,0.9118
0.0010,0.0000,0.0000,0.0000,0.0009,0.0000,200,0.9210
0.0154,0.0000,0.0000,0.0000,0.0153,0.0000,200,0.9074
0.0024,0.0000,0.0000,0.0000,0.0023,0.0000,200,0.9207
0.0135,0.0000,0.0000,0.0000,0.0133,0.0001,200,0.9099
0.0238,0.0000,0.0000,0.0000,0.0237,0.0000,200,0.8997
0.0073,0.0000,0.0000,0.0000,0.0072,0.0000,200,0.9165
0.0111,0.0000,0.0000,0.0000,0.0110,0.0001,200,0.9138
0.0658,0.0000,0.0000,0.0000,0.0657,0.0001,200,0.8598
0.0367,0.0000,0.0000,0.0000,0.0367,0.0000,200,0.8899
0.0121,0.0000,0.0000,0.0000,0.0120,0.0000,200,0.9146
0.0037,0.0000,0.0000,0.0000,0.0037,0.0000,200,0.9231
0.0035,0.0000,0.0000,0.0000,0.0034,0.0000,200,0.9238
0.0239,0.0000,0.0000,0.0000,0.0238,0.0001,200,0.9041
0.0229,0.0000,0.0000,0.0000,0.0228,0.0000,200,0.9053
0.0056,0.0000,0.0000,0.0000,0.0055,0.0001,200,0.9235
0.0159,0.0000,0.0000,0.0000,0.0158,0.0000,200,0.9140
0.0255,0.0000,0.0000,0.0000,0.0255,0.0000,200,0.9044
0.0179,0.0000,0.0000,0.0001,0.0178,0.0001,200,0.9123
0.0097,0.0000,0.0000,0.0000,0.0096,0.0001,200,0.9210
0.0099,0.0000,0.0000,0.0000,0.0098,0.0001,200,0.9211
0.0082,0.0000,0.0000,0.0000,0.0081,0.0001,200,0.9234
0.0112,0.0000,0.0000,0.0000,0.0111,0.0000,200,0.9209
0.0028,0.0000,0.0000,0.0000,0.0025,0.0002,200,0.9300
0.0205,0.0000,0.0000,0.0000,0.0204,0.0000,200,0.9127
0.0199,0.0000,0.0000,0.0000,0.0198,0.0000,200,0.9133
0.0036,0.0000,0.0000,0.0000,0.0034,0.0001,200,0.9311
0.0139,0.0000,0.0000,0.0000,0.0138,0.0000,200,0.9209
0.0032,0.0000,0.0000,0.0000,0.0032,0.0000,200,0.9316
0.0124,0.0000,0.0000,0.0000,0.0123,0.0000,200,0.9228
0.0053,0.0000,0.0000,0.0000,0.0052,0.0000,200,0.9302
0.0149,0.0000,0.0000,0.0000,0.0148,0.0001,200,0.9210
0.0292,0.0000,0.0000,0.0000,0.0291,0.0000,200,0.9070
0.0058,0.0000,0.0000,0.0000,0.0057,0.0000,200,0.9308
0.0037,0.0000,0.0000,0.0000,0.0036,0.0001,200,0.9332
0.0212,0.0000,0.0000,0.0000,0.0212,0.0000,200,0.9157
0.0076,0.0000,0.0000,0.0000,0.0075,0.0001,200,0.9299
0.0112,0.0000,0.0000,0.0001,0.0111,0.0000,200,0.9267
0.0060,0.0000,0.0000,0.0001,0.0057,0.0000,200,0.9327
0.0179,0.0000,0.0000,0.0000,0.0179,0.0000,200,0.9208
0.0177,0.0000,0.0000,0.0000,0.0176,0.0000,200,0.9210
0.0055,0.0000,0.0000,0.0000,0.0054,0.0001,200,0.9332
0.0140,0.0000,0.0000,0.0000,0.0139,0.0000,200,0.9257
0.0177,0.0000,0.0000,0.0000,0.0176,0.0000,200,0.9219
0.0348,0.0000,0.0000,0.0000,0.0347,0.0001,200,0.9059
0.0794,0.0000,0.0000,0.0000,0.0793,0.0000,200,0.8616
0.0058,0.0000,0.0000,0.0000,0.0057,0.0000,200,0.9355
0.0256,0.0000,0.0000,0.0000,0.0255,0.0001,200,0.9160
0.0560,0.0000,0.0000,0.0000,0.0559,0.0000,200,0.8863
0.0405,0.0000,0.0000,0.0000,0.0404,0.0000,200,0.9021
0.0212,0.0000,0.0000,0.0000,0.0211,0.0001,200,0.9219
0.0066,0.0000,0.0000,0.0000,0.0065,0.0000,200,0.9365
0.0154,0.0000,0.0000,0.0000,0.0153,0.0000,200,0.9283
0.0352,0.0000,0.0000,0.0000,0.0352,0.0000,200,0.9084
0.0157,0.0000,0.0000,0.0000,0.0156,0.0000,200,0.9291
0.0079,0.0000,0.0000,0.0000,0.0079,0.0000,200,0.9369
0.0075,0.0000,0.0000,0.0000,0.0075,0.0000,200,0.9379
0.0108,0.0000,0.0000,0.0002,0.0106,0.0000,200,0.9347
0.0369,0.0000,0.0000,0.0000,0.0368,0.0001,200,0.9087
0.0188,0.0000,0.0000,0.0000,0.0187,0.0000,200,0.9273
0.0385,0.0000,0.0000,0.0000,0.0383,0.0002,200,0.9080
0.0030,0.0000,0.0000,0.0000,0.0029,0.0000,200,0.9436
0.0084,0.0000,0.0000,0.0002,0.0082,0.0000,200,0.9387
0.0027,0.0000,0.0000,0.0000,0.0026,0.0000,200,0.9448
0.0050,0.0000,0.0000,0.0000,0.0049,0.0000,200,0.9426
0.0140,0.0000,0.0000,0.0000,0.0139,0.0000,200,0.9347
0.0071,0.0000,0.0000,0.0000,0.0070,0.0001,200,0.9416
0.0053,0.0000,0.0000,0.0000,0.0050,0.0003,200,0.9436
0.0063,0.0000,0.0000,0.0000,0.0062,0.0000,200,0.9431
0.0229,0.0000,0.0000,0.0000,0.0227,0.0001,200,0.9269
0.0045,0.0000,0.0000,0.0000,0.0044,0.0001,200,0.9455
0.0083,0.0000,0.0000,0.0000,0.0082,0.0000,200,0.9422
0.0012,0.0000,0.0000,0.0000,0.0011,0.0001,200,0.9494
0.0454,0.0000,0.0000,0.0000,0.0453,0.0001,200,0.9056
0.0032,0.0000,0.0000,0.0000,0.0031,0.0000,200,0.9478
0.0529,0.0000,0.0000,0.0000,0.0528,0.0000,200,0.8986
0.0275,0.0000,0.0000,0.0000,0.0274,0.0001,200,0.9249
0.0173,0.0000,0.0000,0.0000,0.0171,0.0000,200,0.9351
0.0156,0.0000,0.0000,0.0000,0.0155,0.0000,200,0.9369
0.0248,0.0000,0.0000,0.0000,0.0247,0.0000,200,0.9279
0.0168,0.0000,0.0000,0.0000,0.0166,0.0001,200,0.9362
0.0175,0.0000,0.0000,0.0001,0.0173,0.0001,200,0.9359
0.0028,0.0000,0.0000,0.0000,0.0026,0.0001,200,0.9510
0.0622,0.0000,0.0000,0.0000,0.0618,0.0003,200,0.8920
0.0225,0.0000,0.0000,0.0000,0.0220,0.0005,200,0.9321
0.0338,0.0000,0.0000,0.0000,0.0333,0.0005,200,0.9211
0.0385,0.0000,0.0000,0.0000,0.0380,0.0005,200,0.9169
0.0041,0.0000,0.0000,0.0000,0.0035,0.0005,200,0.9527
0.0461,0.0000,0.0000,0.0000,0.0460,0.0000,200,0.9107
0.0162,0.0000,0.0000,0.0000,0.0156,0.0005,200,0.9406
0.0790,0.0000,0.0000,0.0000,0.0781,0.0009,200,0.8778
0.0182,0.0000,0.0000,0.0000,0.0176,0.0005,200,0.9387
0.0521,0.0000,0.0000,0.0000,0.0510,0.0011,200,0.9043
0.0308,0.0000,0.0000,0.0000,0.0307,0.0001,200,0.9267
0.0129,0.0000,0.0000,0.0003,0.0126,0.0000,200,0.9448
0.0432,0.0000,0.0000,0.0000,0.0431,0.0000,200,0.9151
0.0202,0.0000,0.0000,0.0000,0.0201,0.0000,200,0.9387
0.0023,0.0000,0.0000,0.0000,0.0022,0.0000,200,0.9568
0.0030,0.0000,0.0000,0.0000,0.0030,0.0000,200,0.9569
0.0134,0.0000,0.0000,0.0000,0.0133,0.0000,200,0.9466
0.0017,0.0000,0.0000,0.0000,0.0012,0.0005,200,0.9583
0.0076,0.0000,0.0000,0.0000,0.0074,0.0000,200,0.9524
0.0194,0.0000,0.0000,0.0000,0.0193,0.0001,200,0.9410
0.0060,0.0000,0.0000,0.0003,0.0055,0.0002,200,0.9550
0.0144,0.0000,0.0000,0.0000,0.0143,0.0000,200,0.9466
0.0115,0.0000,0.0000,0.0000,0.0114,0.0001,200,0.9498
0.0144,0.0000,0.0000,0.0000,0.0143,0.0001,200,0.9474
0.0092,0.0000,0.0000,0.0002,0.0084,0.0005,200,0.9537
0.0012,0.0000,0.0000,0.0000,0.0009,0.0001,200,0.9618
0.0106,0.0000,0.0000,0.0000,0.0105,0.0001,200,0.9524
0.0128,0.0000,0.0000,0.0000,0.0127,0.0000,200,0.9506
0.0113,0.0000,0.0000,0.0000,0.0112,0.0000,200,0.9524
0.0244,0.0000,0.0000,0.0000,0.0242,0.0001,200,0.9396
0.0259,0.0000,0.0000,0.0000,0.0259,0.0000,200,0.9387
0.0036,0.0000,0.0000,0.0000,0.0035,0.0000,200,0.9613
0.0083,0.0000,0.0000,0.0000,0.0083,0.0000,200,0.9568
0.0482,0.0000,0.0000,0.0000,0.0480,0.0001,200,0.9174
0.0281,0.0000,0.0000,0.0000,0.0280,0.0000,200,0.9375
0.0229,0.0000,0.0000,0.0000,0.0228,0.0001,200,0.9431
0.0032,0.0000,0.0000,0.0000,0.0027,0.0004,200,0.9640
0.0464,0.0000,0.0000,0.0000,0.0464,0.0000,200,0.9208
0.0165,0.0000,0.0000,0.0000,0.0165,0.0000,200,0.9510
0.0686,0.0000,0.0000,0.0000,0.0684,0.0001,200,0.8991
0.0152,0.0000,0.0000,0.0000,0.0151,0.0000,200,0.9530
0.0090,0.0000,0.0000,0.0000,0.0089,0.0000,200,0.9600
0.0018,0.0000,0.0000,0.0000,0.0017,0.0001,200,0.9675
0.0222,0.0000,0.0000,0.0000,0.0221,0.0000,200,0.9471
0.0037,0.0000,0.0000,0.0000,0.0036,0.0000,200,0.9656
0.0127,0.0000,0.0000,0.0000,0.0127,0.0000,200,0.9569
0.0101,0.0000,0.0000,0.0000,0.0101,0.0000,200,0.9599
0.0094,0.0000,0.0000,0.0000,0.0093,0.0000,200,0.9610
0.0074,0.0000,0.0000,0.0000,0.0072,0.0001,200,0.9634
0.0224,0.0000,0.0000,0.0000,0.0222,0.0001,200,0.9490
0.0257,0.0000,0.0000,0.0000,0.0256,0.0001,200,0.9461
0.0031,0.0000,0.0000,0.0000,0.0030,0.0000,200,0.9693
0.0008,0.0000,0.0000,0.0000,0.0006,0.0001,200,0.9718
0.0315,0.0000,0.0000,0.0000,0.0315,0.0000,200,0.9413
0.0217,0.0000,0.0000,0.0000,0.0216,0.0000,200,0.9515
0.0389,0.0000,0.0000,0.0000,0.0388,0.0001,200,0.9349
0.0025,0.0000,0.0000,0.0000,0.0023,0.0001,200,0.9718
0.0012,0.0000,0.0000,0.0000,0.0012,0.0000,200,0.9731
0.0111,0.0000,0.0000,0.0000,0.0110,0.0000,200,0.9637
0.0183,0.0000,0.0000,0.0000,0.0182,0.0000,200,0.9568
0.0180,0.0000,0.0000,0.0000,0.0179,0.0000,200,0.9578
0.0033,0.0000,0.0000,0.0000,0.0030,0.0002,200,0.9728
0.0166,0.0000,0.0000,0.0000,0.0165,0.0001,200,0.9600
0.0028,0.0000,0.0000,0.0000,0.0027,0.0000,200,0.9744
0.0239,0.0000,0.0000,0.0000,0.0235,0.0000,200,0.9534
0.0028,0.0000,0.0000,0.0000,0.0027,0.0000,200,0.9748
0.0206,0.0000,0.0000,0.0000,0.0204,0.0002,200,0.9574
0.0137,0.0000,0.0000,0.0000,0.0134,0.0003,200,0.9652
0.0102,0.0000,0.0000,0.0000,0.0101,0.0001,200,0.9689
0.0164,0.0000,0.0000,0.0001,0.0162,0.0000,200,0.9630
0.0076,0.0000,0.0000,0.0000,0.0075,0.0001,200,0.9723
0.0028,0.0000,0.0000,0.0000,0.0027,0.0000,200,0.9775
0.0136,0.0000,0.0000,0.0002,0.0133,0.0001,200,0.9672
0.0270,0.0000,0.0000,0.0002,0.0266,0.0002,200,0.9542
0.0215,0.0000,0.0000,0.0000,0.0213,0.0002,200,0.9600
0.0229,0.0000,0.0000,0.0000,0.0228,0.0000,200,0.9590
0.0120,0.0000,0.0000,0.0000,0.0120,0.0000,200,0.9704
0.0032,0.0000,0.0000,0.0000,0.0029,0.0003,200,0.9800
0.0202,0.0000,0.0000,0.0000,0.0201,0.0001,200,0.9630
0.0012,0.0000,0.0000,0.0000,0.0011,0.0000,200,0.9825
0.0710,0.0000,0.0000,0.0000,0.0709,0.0000,200,0.9134
0.0199,0.0000,0.0000,0.0000,0.0198,0.0000,200,0.9646
0.0031,0.0000,0.0000,0.0000,0.0030,0.0001,200,0.9819
0.0037,0.0000,0.0000,0.0000,0.0037,0.0000,200,0.9815
0.0266,0.0000,0.0000,0.0000,0.0265,0.0000,200,0.9588
0.0163,0.0000,0.0000,0.0000,0.0162,0.0000,200,0.9696
0.0104,0.0000,0.0000,0.0000,0.0103,0.0001,200,0.9758
0.0104,0.0000,0.0000,0.0000,0.0103,0.0001,200,0.9761
0.0104,0.0000,0.0000,0.0000,0.0103,0.0000,200,0.9766
0.0100,0.0000,0.0000,0.0000,0.0100,0.0000,200,0.9772
0.0044,0.0000,0.0000,0.0000,0.0043,0.0001,200,0.9831
0.0015,0.0000,0.0000,0.0000,0.0015,0.0000,200,0.9861
0.0209,0.0000,0.0000,0.0000,0.0208,0.0000,200,0.9672
0.0213,0.0000,0.0000,0.0001,0.0207,0.0004,200,0.9677
0.0403,0.0000,0.0000,0.0004,0.0398,0.0000,200,0.9487
0.0086,0.0000,0.0000,0.0000,0.0086,0.0000,200,0.9803
0.0084,0.0000,0.0000,0.0000,0.0082,0.0001,200,0.9812
0.0190,0.0000,0.0000,0.0000,0.0189,0.0001,200,0.9708
0.0335,0.0000,0.0000,0.0000,0.0334,0.0000,200,0.9568
0.0118,0.0000,0.0000,0.0000,0.0117,0.0000,200,0.9792
0.0023,0.0000,0.0000,0.0000,0.0022,0.0001,200,0.9890
0.0125,0.0000,0.0000,0.0000,0.0124,0.0000,200,0.9789
0.0428,0.0000,0.0000,0.0000,0.0427,0.0000,200,0.9487
0.0259,0.0000,0.0000,0.0001,0.0257,0.0000,200,0.9660
0.0045,0.0000,0.0000,0.0000,0.0043,0.0001,200,0.9876
0.0013,0.0000,0.0000,0.0000,0.0012,0.0000,200,0.9913
0.0036,0.0000,0.0000,0.0000,0.0035,0.0000,200,0.9898
0.0070,0.0000,0.0000,0.0004,0.0065,0.0000,200,0.9865
0.0332,0.0000,0.0000,0.0000,0.0324,0.0008,200,0.9604
0.0207,0.0000,0.0000,0.0000,0.0204,0.0002,200,0.9738
0.0443,0.0000,0.0000,0.0000,0.0439,0.0004,200,0.9505
0.0095,0.0000,0.0000,0.0000,0.0094,0.0001,200,0.9854
0.0452,0.0000,0.0000,0.0001,0.0450,0.0000,200,0.9501
0.0210,0.0000,0.0000,0.0001,0.0208,0.0000,200,0.9743
0.0032,0.0000,0.0000,0.0000,0.0024,0.0000,200,0.9926
0.0018,0.0000,0.0000,0.0000,0.0017,0.0000,200,0.9945
0.0807,0.0000,0.0000,0.0000,0.0806,0.0001,200,0.9162
0.0093,0.0000,0.0000,0.0000,0.0092,0.0001,200,0.9881
0.0023,0.0000,0.0000,0.0000,0.0022,0.0001,200,0.9959
0.0048,0.0000,0.0000,0.0000,0.0047,0.0000,200,0.9935
0.0177,0.0000,0.0000,0.0001,0.0174,0.0001,200,0.9808
0.0241,0.0000,0.0000,0.0001,0.0238,0.0001,200,0.9751
0.0142,0.0000,0.0000,0.0000,0.0141,0.0000,200,0.9852
0.0050,0.0000,0.0000,0.0000,0.0046,0.0000,200,0.9949
0.0310,0.0000,0.0000,0.0000,0.0309,0.0000,200,0.9693
0.0349,0.0000,0.0000,0.0000,0.0348,0.0001,200,0.9656
0.0016,0.0000,0.0000,0.0000,0.0015,0.0000,200,0.9994
0.0467,0.0000,0.0000,0.0002,0.0464,0.0000,200,0.9546
0.0807,0.0000,0.0000,0.0000,0.0807,0.0000,200,0.9212
0.0051,0.0000,0.0000,0.0000,0.0051,0.0000,200,0.9969
0.0185,0.0000,0.0000,0.0000,0.0184,0.0000,200,0.9837
0.0472,0.0000,0.0000,0.0002,0.0458,0.0001,200,0.9554
0.0197,0.0000,0.0000,0.0000,0.0196,0.0000,200,0.9832
0.0133,0.0000,0.0000,0.0000,0.0130,0.0002,200,0.9903
0.0242,0.0000,0.0000,0.0000,0.0241,0.0000,200,0.9794
0.0646,0.0000,0.0000,0.0000,0.0645,0.0000,200,0.9396
0.0277,0.0000,0.0000,0.0000,0.0276,0.0000,200,0.9772
0.0029,0.0000,0.0000,0.0000,0.0028,0.0000,200,1.0020
0.0163,0.0000,0.0000,0.0000,0.0162,0.0001,200,0.9890
0.0104,0.0000,0.0000,0.0000,0.0102,0.0001,200,0.9953
0.0049,0.0000,0.0000,0.0000,0.0048,0.0001,200,1.0013
0.0366,0.0000,0.0000,0.0000,0.0365,0.0000,200,0.9701
0.0152,0.0000,0.0000,0.0000,0.0149,0.0002,200,0.9915
0.0084,0.0000,0.0000,0.0000,0.0083,0.0000,200,0.9985
0.0207,0.0000,0.0000,0.0000,0.0206,0.0000,200,0.9870
0.0025,0.0000,0.0000,0.0000,0.0025,0.0000,200,1.0056
0.0101,0.0000,0.0000,0.0000,0.0100,0.0000,200,0.9982
0.0084,0.0000,0.0000,0.0000,0.0083,0.0001,200,1.0005
0.0248,0.0000,0.0000,0.0000,0.0245,0.0003,200,0.9844
0.0443,0.0000,0.0000,0.0000,0.0442,0.0001,200,0.9650
0.0465,0.0000,0.0000,0.0000,0.0463,0.0000,200,0.9629
0.0100,0.0000,0.0000,0.0000,0.0099,0.0000,200,0.9999
0.0066,0.0000,0.0000,0.0000,0.0065,0.0000,200,1.0037
0.0099,0.0000,0.0000,0.0000,0.0099,0.0000,200,1.0010
0.0040,0.0000,0.0000,0.0000,0.0039,0.0000,200,1.0070
0.0657,0.0000,0.0000,0.0000,0.0657,0.0000,200,0.9454
0.0151,0.0000,0.0000,0.0000,0.0150,0.0000,200,0.9963
0.0172,0.0000,0.0000,0.0000,0.0170,0.0002,200,0.9950
0.0088,0.0000,0.0000,0.0000,0.0087,0.0000,200,1.0036
0.0059,0.0000,0.0000,0.0000,0.0058,0.0000,200,1.0067
0.0215,0.0000,0.0000,0.0000,0.0214,0.0001,200,0.9913
0.0441,0.0000,0.0000,0.0000,0.0439,0.0001,200,0.9693
0.0526,0.0000,0.0000,0.0000,0.0526,0.0001,200,0.9610
0.0089,0.0000,0.0000,0.0000,0.0087,0.0000,200,1.0052
0.0224,0.0000,0.0000,0.0001,0.0223,0.0000,200,0.9921
0.0033,0.0000,0.0000,0.0000,0.0032,0.0000,200,1.0114
0.0043,0.0000,0.0000,0.0000,0.0042,0.0001,200,1.0109
0.0249,0.0000,0.0000,0.0000,0.0248,0.0000,200,0.9910
0.0380,0.0000,0.0000,0.0000,0.0379,0.0000,200,0.9781
0.0021,0.0000,0.0000,0.0000,0.0020,0.0001,200,1.0145
0.0194,0.0000,0.0000,0.0000,0.0191,0.0001,200,0.9974
0.0048,0.0000,0.0000,0.0000,0.0047,0.0000,200,1.0125
0.0104,0.0000,0.0000,0.0000,0.0103,0.0001,200,1.0077
0.0101,0.0000,0.0000,0.0000,0.0100,0.0000,200,1.0082
0.0039,0.0000,0.0000,0.0000,0.0038,0.0001,200,1.0146
0.0732,0.0000,0.0000,0.0000,0.0731,0.0000,200,0.9456
0.0058,0.0000,0.0000,0.0000,0.0056,0.0002,200,1.0133
0.0099,0.0000,0.0000,0.0000,0.0098,0.0000,200,1.0094
0.0346,0.0000,0.0000,0.0000,0.0344,0.0001,200,0.9850
0.0114,0.0000,0.0000,0.0000,0.0113,0.0000,200,1.0083
0.0198,0.0000,0.0000,0.0000,0.0197,0.0000,200,1.0003
0.0112,0.0000,0.0000,0.0000,0.0111,0.0000,200,1.0092
0.0314,0.0000,0.0000,0.0000,0.0312,0.0001,200,0.9896
0.0012,0.0000,0.0000,0.0000,0.0012,0.0000,200,1.0201
0.0044,0.0000,0.0000,0.0000,0.0044,0.0000,200,1.0169
0.0034,0.0000,0.0000,0.0000,0.0033,0.0001,200,1.0183
0.0039,0.0000,0.0000,0.0000,0.0036,0.0000,200,1.0180
0.0027,0.0000,0.0000,0.0000,0.0026,0.0001,200,1.0196
0.0162,0.0000,0.0000,0.0001,0.0161,0.0000,200,1.0063
0.0163,0.0000,0.0000,0.0000,0.0161,0.0001,200,1.0066
0.0024,0.0000,0.0000,0.0000,0.0021,0.0002,200,1.0213
0.0191,0.0000,0.0000,0.0000,0.0189,0.0001,200,1.0049
0.0117,0.0000,0.0000,0.0000,0.0112,0.0000,200,1.0124
0.0107,0.0000,0.0000,0.0000,0.0106,0.0001,200,1.0142
0.0041,0.0000,0.0000,0.0000,0.0039,0.0001,200,1.0213
0.0072,0.0000,0.0000,0.0000,0.0072,0.0000,200,1.0186
0.0125,0.0000,0.0000,0.0000,0.0124,0.0000,200,1.0136
0.0417,0.0000,0.0000,0.0001,0.0414,0.0000,200,0.9845
0.0115,0.0000,0.0000,0.0000,0.0114,0.0001,200,1.0152
0.0090,0.0000,0.0000,0.0000,0.0089,0.0001,200,1.0216
0.0431,0.0000,0.0000,0.0000,0.0430,0.0000,200,0.9877
0.0062,0.0000,0.0000,0.0000,0.0059,0.0002,200,1.0248
0.0120,0.0000,0.0000,0.0000,0.0116,0.0003,200,1.0224
0.0230,0.0000,0.0000,0.0000,0.0229,0.0001,200,1.0122
0.0183,0.0000,0.0000,0.0000,0.0181,0.0002,200,1.0173
0.0119,0.0000,0.0000,0.0002,0.0117,0.0001,200,1.0241
0.0684,0.0000,0.0000,0.0000,0.0679,0.0004,200,0.9681
0.0135,0.0000,0.0000,0.0000,0.0135,0.0000,200,1.0229
0.0158,0.0000,0.0000,0.0000,0.0157,0.0000,200,1.0209
0.0271,0.0000,0.0000,0.0000,0.0271,0.0000,200,1.0099
0.0135,0.0000,0.0000,0.0000,0.0134,0.0000,200,1.0240
0.0030,0.0000,0.0000,0.0000,0.0028,0.0001,200,1.0352
0.0165,0.0000,0.0000,0.0000,0.0164,0.0000,200,1.0223
0.0129,0.0000,0.0000,0.0000,0.0127,0.0001,200,1.0267
0.0016,0.0000,0.0000,0.0000,0.0015,0.0000,200,1.0388
0.0058,0.0000,0.0000,0.0000,0.0057,0.0000,200,1.0360
0.0530,0.0000,0.0000,0.0000,0.0529,0.0000,200,0.9889
0.0016,0.0000,0.0000,0.0000,0.0016,0.0000,200,1.0403
0.0391,0.0000,0.0000,0.0000,0.0390,0.0000,200,1.0029
0.0216,0.0000,0.0000,0.0000,0.0215,0.0000,200,1.0205
0.0433,0.0000,0.0000,0.0000,0.0431,0.0000,200,0.9992
0.0711,0.0000,0.0000,0.0000,0.0710,0.0000,200,0.9728
0.0192,0.0000,0.0000,0.0000,0.0191,0.0001,200,1.0258
0.0075,0.0000,0.0000,0.0000,0.0074,0.0000,200,1.0382
0.0224,0.0000,0.0000,0.0004,0.0219,0.0001,200,1.0237
0.0208,0.0000,0.0000,0.0000,0.0208,0.0000,200,1.0262
0.0486,0.0000,0.0000,0.0000,0.0485,0.0001,200,1.0022
0.0050,0.0000,0.0000,0.0000,0.0049,0.0000,200,1.0461
0.0205,0.0000,0.0000,0.0001,0.0203,0.0001,200,1.0307
0.0204,0.0000,0.0000,0.0000,0.0204,0.0000,200,1.0310
0.0562,0.0000,0.0000,0.0000,0.0560,0.0001,200,0.9953
0.0357,0.0000,0.0000,0.0000,0.0356,0.0000,200,1.0160
0.0583,0.0000,0.0000,0.0000,0.0582,0.0000,200,0.9936
0.0104,0.0000,0.0000,0.0000,0.0103,0.0001,200,1.0419
0.0417,0.0000,0.0000,0.0000,0.0416,0.0001,200,1.0109
0.0160,0.0000,0.0000,0.0000,0.0159,0.0001,200,1.0370
0.0115,0.0000,0.0000,0.0000,0.0114,0.0000,200,1.0420
0.0141,0.0000,0.0000,0.0000,0.0139,0.0000,200,1.0396
0.0320,0.0000,0.0000,0.0000,0.0319,0.0001,200,1.0219
0.0125,0.0000,0.0000,0.0000,0.0125,0.0000,200,1.0419
0.0187,0.0000,0.0000,0.0000,0.0185,0.0001,200,1.0365
0.0202,0.0000,0.0000,0.0000,0.0201,0.0001,200,1.0357
0.0038,0.0000,0.0000,0.0001,0.0037,0.0000,200,1.0530
0.0700,0.0000,0.0000,0.0000,0.0699,0.0000,200,0.9873
0.0020,0.0000,0.0000,0.0000,0.0019,0.0000,200,1.0558
0.0326,0.0000,0.0000,0.0000,0.0325,0.0000,200,1.0261
0.0076,0.0000,0.0000,0.0000,0.0075,0.0000,200,1.0519
0.0399,0.0000,0.0000,0.0000,0.0398,0.0000,200,1.0196
0.0152,0.0000,0.0000,0.0001,0.0149,0.0001,200,1.0450
0.0693,0.0000,0.0000,0.0000,0.0692,0.0001,200,0.9919
0.0272,0.0000,0.0000,0.0000,0.0271,0.0001,200,1.0345
0.0152,0.0000,0.0000,0.0000,0.0151,0.0000,200,1.0471
0.0470,0.0000,0.0000,0.0000,0.0469,0.0000,200,1.0159
0.0444,0.0000,0.0000,0.0001,0.0441,0.0001,200,1.0188
0.0187,0.0000,0.0000,0.0000,0.0186,0.0001,200,1.0457
0.0398,0.0000,0.0000,0.0001,0.0395,0.0001,200,1.0255
0.0573,0.0000,0.0000,0.0000,0.0573,0.0000,200,1.0092
0.0231,0.0000,0.0000,0.0000,0.0230,0.0001,200,1.0439
0.0310,0.0000,0.0000,0.0001,0.0308,0.0000,200,1.0365
0.0632,0.0000,0.0000,0.0000,0.0631,0.0001,200,1.0049
0.0098,0.0000,0.0000,0.0000,0.0097,0.0000,200,1.0595
0.0074,0.0000,0.0000,0.0000,0.0073,0.0001,200,1.0622
0.0177,0.0000,0.0000,0.0001,0.0176,0.0000,200,1.0523
0.0240,0.0000,0.0000,0.0001,0.0238,0.0000,200,1.0507
0.0179,0.0000,0.0000,0.0000,0.0178,0.0000,200,1.0569
0.0555,0.0000,0.0000,0.0000,0.0554,0.0000,200,1.0193
0.0729,0.0000,0.0000,0.0001,0.0727,0.0001,200,1.0020
0.0425,0.0000,0.0000,0.0000,0.0423,0.0002,200,1.0367
0.0860,0.0000,0.0000,0.0002,0.0857,0.0001,200,0.9934
0.0773,0.0000,0.0000,0.0000,0.0772,0.0001,200,1.0027
0.0729,0.0000,0.0000,0.0000,0.0729,0.0000,200,1.0102
0.0183,0.0000,0.0000,0.0000,0.0182,0.0001,200,1.0652
0.0091,0.0000,0.0000,0.0000,0.0089,0.0002,200,1.0749
0.0144,0.0000,0.0000,0.0000,0.0142,0.0001,200,1.0700
0.0864,0.0000,0.0000,0.0000,0.0864,0.0000,200,0.9983
0.0055,0.0000,0.0000,0.0000,0.0054,0.0001,200,1.0794
0.0336,0.0000,0.0000,0.0000,0.0334,0.0001,200,1.0517
0.0349,0.0000,0.0000,0.0000,0.0344,0.0005,200,1.0514
0.0168,0.0000,0.0000,0.0000,0.0166,0.0001,200,1.0696
0.0780,0.0000,0.0000,0.0000,0.0778,0.0000,200,1.0089
0.0366,0.0000,0.0000,0.0000,0.0365,0.0001,200,1.0515
0.0289,0.0000,0.0000,0.0000,0.0288,0.0000,200,1.0595
0.0264,0.0000,0.0000,0.0000,0.0264,0.0001,200,1.0629
0.0017,0.0000,0.0000,0.0000,0.0015,0.0000,200,1.0881
0.0372,0.0000,0.0000,0.0000,0.0371,0.0000,200,1.0527
0.0364,0.0000,0.0000,0.0000,0.0364,0.0000,200,1.0537
0.0261,0.0000,0.0000,0.0000,0.0260,0.0000,200,1.0643
0.0160,0.0000,0.0000,0.0000,0.0159,0.0000,200,1.0747
0.0062,0.0000,0.0000,0.0000,0.0060,0.0000,200,1.0849
0.0383,0.0000,0.0000,0.0000,0.0380,0.0002,200,1.0534
0.0128,0.0000,0.0000,0.0000,0.0127,0.0000,200,1.0793
0.0028,0.0000,0.0000,0.0000,0.0027,0.0001,200,1.0898
0.0514,0.0000,0.0000,0.0000,0.0513,0.0001,200,1.0420
0.0093,0.0000,0.0000,0.0000,0.0093,0.0000,200,1.0847
0.0081,0.0000,0.0000,0.0000,0.0078,0.0002,200,1.0870
0.0093,0.0000,0.0000,0.0000,0.0070,0.0023,200,1.0884
0.0473,0.0000,0.0000,0.0000,0.0473,0.0001,200,1.0544
0.0852,0.0000,0.0000,0.0000,0.0851,0.0001,200,1.0166
0.0890,0.0000,0.0000,0.0000,0.0889,0.0000,200,1.0128
0.0387,0.0000,0.0000,0.0000,0.0386,0.0000,200,1.0632
0.0114,0.0000,0.0000,0.0000,0.0114,0.0000,200,1.0905
0.0349,0.0000,0.0000,0.0000,0.0348,0.0000,200,1.0670
0.0166,0.0000,0.0000,0.0000,0.0164,0.0000,200,1.0854
0.0069,0.0000,0.0000,0.0000,0.0049,0.0003,200,1.0951
0.0080,0.0000,0.0000,0.0000,0.0079,0.0000,200,1.0940
0.0713,0.0000,0.0000,0.0000,0.0713,0.0000,200,1.0307
0.0177,0.0000,0.0000,0.0000,0.0176,0.0000,200,1.0844
0.0404,0.0000,0.0000,0.0000,0.0403,0.0000,200,1.0617
0.0448,0.0000,0.0000,0.0000,0.0447,0.0000,200,1.0573
0.0341,0.0000,0.0000,0.0000,0.0340,0.0000,200,1.0680
0.0978,0.0000,0.0000,0.0000,0.0978,0.0000,200,1.0043
0.0346,0.0000,0.0000,0.0000,0.0346,0.0000,200,1.0675
0.0190,0.0000,0.0000,0.0000,0.0190,0.0000,200,1.0832
0.0601,0.0000,0.0000,0.0000,0.0601,0.0000,200,1.0421
0.0510,0.0000,0.0000,0.0000,0.0509,0.0000,200,1.0512
0.0444,0.0000,0.0000,0.0002,0.0442,0.0000,200,1.0578
0.0911,0.0000,0.0000,0.0000,0.0910,0.0000,200,1.0112
0.0529,0.0000,0.0000,0.0000,0.0528,0.0001,200,1.0511
0.0042,0.0000,0.0000,0.0000,0.0042,0.0000,200,1.1021
0.0638,0.0000,0.0000,0.0000,0.0638,0.0001,200,1.0425
0.0374,0.0000,0.0000,0.0000,0.0373,0.0001,200,1.0693
0.0180,0.0000,0.0000,0.0013,0.0165,0.0000,200,1.0894
0.0172,0.0000,0.0000,0.0000,0.0171,0.0000,200,1.0907
0.0065,0.0000,0.0000,0.0000,0.0064,0.0000,200,1.1022
0.0076,0.0000,0.0000,0.0000,0.0074,0.0002,200,1.1018
0.0189,0.0000,0.0000,0.0000,0.0189,0.0000,200,1.0911
0.0237,0.0000,0.0000,0.0000,0.0236,0.0000,200,1.0864
0.0090,0.0000,0.0000,0.0000,0.0088,0.0001,200,1.1019
0.0097,0.0000,0.0000,0.0000,0.0096,0.0000,200,1.1020
0.0186,0.0000,0.0000,0.0001,0.0184,0.0001,200,1.0933
0.0222,0.0000,0.0000,0.0000,0.0222,0.0001,200,1.0901
0.0938,0.0000,0.0000,0.0000,0.0938,0.0000,200,1.0192
0.0041,0.0000,0.0000,0.0001,0.0032,0.0002,200,1.1094
0.0115,0.0000,0.0000,0.0000,0.0114,0.0001,200,1.1022
0.0117,0.0000,0.0000,0.0000,0.0117,0.0001,200,1.1020
0.0127,0.0000,0.0000,0.0000,0.0126,0.0000,200,1.1021
0.0234,0.0000,0.0000,0.0000,0.0233,0.0001,200,1.0917
0.0620,0.0000,0.0000,0.0001,0.0618,0.0000,200,1.0540
0.0243,0.0000,0.0000,0.0000,0.0242,0.0001,200,1.0921
0.0146,0.0000,0.0000,0.0006,0.0139,0.0000,200,1.1023
0.0511,0.0000,0.0000,0.0000,0.0510,0.0001,200,1.0665
0.0109,0.0000,0.0000,0.0000,0.0108,0.0001,200,1.1073
0.0285,0.0000,0.0000,0.0000,0.0285,0.0000,200,1.0899
0.0149,0.0000,0.0000,0.0000,0.0148,0.0001,200,1.1040
0.0175,0.0000,0.0000,0.0000,0.0174,0.0000,200,1.1020
0.0117,0.0000,0.0000,0.0000,0.0116,0.0000,200,1.1079
0.0066,0.0000,0.0000,0.0000,0.0065,0.0000,200,1.1130
0.0371,0.0000,0.0000,0.0000,0.0370,0.0000,200,1.0836
0.0084,0.0000,0.0000,0.0000,0.0082,0.0002,200,1.1124
0.0196,0.0000,0.0000,0.0000,0.0195,0.0000,200,1.1021
0.0196,0.0000,0.0000,0.0000,0.0195,0.0000,200,1.1020
0.0054,0.0000,0.0000,0.0000,0.0053,0.0001,200,1.1169
0.0388,0.0000,0.0000,0.0003,0.0384,0.0000,200,1.0840
0.0056,0.0000,0.0000,0.0000,0.0055,0.0001,200,1.1176
0.0219,0.0000,0.0000,0.0000,0.0219,0.0000,200,1.1019
0.0106,0.0000,0.0000,0.0001,0.0105,0.0000,200,1.1137
0.0229,0.0000,0.0000,0.0000,0.0226,0.0003,200,1.1022
0.0237,0.0000,0.0000,0.0000,0.0236,0.0000,200,1.1020
0.0337,0.0000,0.0000,0.0000,0.0335,0.0001,200,1.0926
0.0667,0.0000,0.0000,0.0000,0.0665,0.0001,200,1.0602
0.0255,0.0000,0.0000,0.0000,0.0254,0.0001,200,1.1021
0.0734,0.0000,0.0000,0.0000,0.0732,0.0001,200,1.0552
0.0224,0.0000,0.0000,0.0000,0.0222,0.0001,200,1.1067
0.0028,0.0000,0.0000,0.0000,0.0027,0.0000,200,1.1268
0.0185,0.0000,0.0000,0.0000,0.0184,0.0000,200,1.1116
0.0030,0.0000,0.0000,0.0000,0.0029,0.0000,200,1.1278
0.0062,0.0000,0.0000,0.0000,0.0061,0.0001,200,1.1251
0.0231,0.0000,0.0000,0.0000,0.0231,0.0000,200,1.1087
0.1463,0.0000,0.0000,0.0000,0.1462,0.0001,200,0.9859
0.0096,0.0000,0.0000,0.0000,0.0095,0.0000,200,1.1232
0.0038,0.0000,0.0000,0.0000,0.0038,0.0000,200,1.1297
0.0124,0.0000,0.0000,0.0000,0.0123,0.0000,200,1.1216
0.0327,0.0000,0.0000,0.0000,0.0326,0.0001,200,1.1019
0.0060,0.0000,0.0000,0.0000,0.0059,0.0001,200,1.1291
0.0495,0.0000,0.0000,0.0000,0.0495,0.0001,200,1.0863
0.0227,0.0000,0.0000,0.0000,0.0225,0.0001,200,1.1137
0.0175,0.0000,0.0000,0.0000,0.0175,0.0000,200,1.1196
0.0160,0.0000,0.0000,0.0000,0.0159,0.0001,200,1.1216
0.0580,0.0000,0.0000,0.0001,0.0578,0.0001,200,1.0800
0.0124,0.0000,0.0000,0.0000,0.0123,0.0001,200,1.1263
0.0171,0.0000,0.0000,0.0000,0.0170,0.0001,200,1.1223
0.0379,0.0000,0.0000,0.0000,0.0379,0.0001,200,1.1022
0.0148,0.0000,0.0000,0.0001,0.0141,0.0000,200,1.1257
0.0312,0.0000,0.0000,0.0000,0.0312,0.0000,200,1.1100
0.0131,0.0000,0.0000,0.0000,0.0130,0.0000,200,1.1286
0.0041,0.0000,0.0000,0.0000,0.0040,0.0000,200,1.1376
0.0834,0.0000,0.0000,0.0000,0.0833,0.0000,200,1.0587
0.0279,0.0000,0.0000,0.0000,0.0276,0.0001,200,1.1149
0.0082,0.0000,0.0000,0.0000,0.0080,0.0001,200,1.1351
0.0025,0.0000,0.0000,0.0000,0.0024,0.0000,200,1.1417
0.0032,0.0000,0.0000,0.0000,0.0032,0.0001,200,1.1413
0.0209,0.0000,0.0000,0.0000,0.0207,0.0002,200,1.1243
0.0122,0.0000,0.0000,0.0001,0.0121,0.0001,200,1.1335
0.0343,0.0000,0.0000,0.0000,0.0342,0.0000,200,1.1119
0.0066,0.0000,0.0000,0.0000,0.0066,0.0000,200,1.1401
0.0108,0.0000,0.0000,0.0000,0.0107,0.0001,200,1.1364
0.0499,0.0000,0.0000,0.0001,0.0497,0.0001,200,1.0977
0.0124,0.0000,0.0000,0.0001,0.0122,0.0000,200,1.1359
0.0302,0.0000,0.0000,0.0000,0.0302,0.0000,200,1.1184
0.0163,0.0000,0.0000,0.0000,0.0161,0.0001,200,1.1329
0.0885,0.0000,0.0000,0.0000,0.0884,0.0001,200,1.0612
0.0318,0.0000,0.0000,0.0000,0.0317,0.0001,200,1.1184
0.0301,0.0000,0.0000,0.0000,0.0300,0.0000,200,1.1206
0.0275,0.0000,0.0000,0.0000,0.0274,0.0000,200,1.1238
0.0312,0.0000,0.0000,0.0000,0.0309,0.0001,200,1.1208
0.0506,0.0000,0.0000,0.0000,0.0505,0.0001,200,1.1021
0.0784,0.0000,0.0000,0.0000,0.0783,0.0001,200,1.0747
0.0306,0.0000,0.0000,0.0000,0.0305,0.0001,200,1.1228
0.0065,0.0000,0.0000,0.0000,0.0064,0.0001,200,1.1476
0.0229,0.0000,0.0000,0.0000,0.0228,0.0000,200,1.1319
0.0109,0.0000,0.0000,0.0001,0.0107,0.0001,200,1.1445
0.0041,0.0000,0.0000,0.0000,0.0040,0.0000,200,1.1520
0.0409,0.0000,0.0000,0.0000,0.0407,0.0001,200,1.1159
0.0378,0.0000,0.0000,0.0000,0.0377,0.0001,200,1.1196
0.0156,0.0000,0.0000,0.0000,0.0155,0.0001,200,1.1427
0.0100,0.0000,0.0000,0.0000,0.0100,0.0000,200,1.1483
0.0086,0.0000,0.0000,0.0000,0.0085,0.0001,200,1.1497
0.0400,0.0000,0.0000,0.0000,0.0399,0.0001,200,1.1189
0.0534,0.0000,0.0000,0.0000,0.0533,0.0000,200,1.1063
0.0449,0.0000,0.0000,0.0000,0.0448,0.0001,200,1.1151
0.1234,0.0000,0.0000,0.0000,0.1230,0.0003,200,1.0374
0.0314,0.0000,0.0000,0.0000,0.0313,0.0000,200,1.1301
0.0280,0.0000,0.0000,0.0000,0.0279,0.0000,200,1.1340
0.0173,0.0000,0.0000,0.0000,0.0172,0.0001,200,1.1452
0.0568,0.0000,0.0000,0.0000,0.0567,0.0001,200,1.1063
0.0446,0.0000,0.0000,0.0000,0.0445,0.0000,200,1.1195
0.0118,0.0000,0.0000,0.0000,0.0117,0.0001,200,1.1531
0.0265,0.0000,0.0000,0.0000,0.0264,0.0000,200,1.1393
0.0103,0.0000,0.0000,0.0000,0.0102,0.0001,200,1.1561
0.0087,0.0000,0.0000,0.0000,0.0086,0.0000,200,1.1583
0.0539,0.0000,0.0000,0.0000,0.0537,0.0001,200,1.1135
0.0032,0.0000,0.0000,0.0000,0.0031,0.0001,200,1.1649
0.0102,0.0000,0.0000,0.0001,0.0100,0.0001,200,1.1583
0.0076,0.0000,0.0000,0.0000,0.0075,0.0001,200,1.1615
0.0311,0.0000,0.0000,0.0000,0.0310,0.0001,200,1.1387
0.0600,0.0000,0.0000,0.0000,0.0599,0.0000,200,1.1109
0.0309,0.0000,0.0000,0.0000,0.0307,0.0001,200,1.1405
0.0095,0.0000,0.0000,0.0000,0.0094,0.0000,200,1.1620
0.0408,0.0000,0.0000,0.0000,0.0407,0.0000,200,1.1313
0.0230,0.0000,0.0000,0.0001,0.0229,0.0000,200,1.1491
0.0156,0.0000,0.0000,0.0000,0.0154,0.0001,200,1.1574
0.0062,0.0000,0.0000,0.0000,0.0060,0.0002,200,1.1674
0.0276,0.0000,0.0000,0.0000,0.0275,0.0001,200,1.1468
0.0068,0.0000,0.0000,0.0000,0.0067,0.0001,200,1.1681
0.0255,0.0000,0.0000,0.0000,0.0253,0.0002,200,1.1508
0.0346,0.0000,0.0000,0.0000,0.0345,0.0000,200,1.1417
0.0037,0.0000,0.0000,0.0000,0.0035,0.0000,200,1.1736
0.0308,0.0000,0.0000,0.0001,0.0307,0.0000,200,1.1472
0.0072,0.0000,0.0000,0.0000,0.0071,0.0000,200,1.1715
0.0156,0.0000,0.0000,0.0000,0.0155,0.0000,200,1.1632
0.0489,0.0000,0.0000,0.0000,0.0487,0.0001,200,1.1307
0.0038,0.0000,0.0000,0.0000,0.0031,0.0002,200,1.1763
0.0386,0.0000,0.0000,0.0000,0.0384,0.0001,200,1.1421
0.0063,0.0000,0.0000,0.0001,0.0057,0.0000,200,1.1750
0.0803,0.0000,0.0000,0.0000,0.0802,0.0001,200,1.1018
0.0476,0.0000,0.0000,0.0000,0.0475,0.0000,200,1.1346
0.0385,0.0000,0.0000,0.0000,0.0384,0.0000,200,1.1441
0.0060,0.0000,0.0000,0.0000,0.0059,0.0000,200,1.1773
0.0324,0.0000,0.0000,0.0000,0.0323,0.0000,200,1.1513
0.0230,0.0000,0.0000,0.0000,0.0227,0.0002,200,1.1608
0.0305,0.0000,0.0000,0.0000,0.0304,0.0000,200,1.1534
0.0128,0.0000,0.0000,0.0000,0.0127,0.0001,200,1.1721
0.0839,0.0000,0.0000,0.0000,0.0838,0.0000,200,1.1018
0.0076,0.0000,0.0000,0.0000,0.0076,0.0000,200,1.1781
0.0061,0.0000,0.0000,0.0000,0.0060,0.0001,200,1.1800
0.0049,0.0000,0.0000,0.0000,0.0048,0.0000,200,1.1823
0.0151,0.0000,0.0000,0.0000,0.0151,0.0000,200,1.1721
0.0129,0.0000,0.0000,0.0000,0.0129,0.0000,200,1.1744
0.1126,0.0000,0.0000,0.0000,0.1126,0.0000,200,1.0747
0.0094,0.0000,0.0000,0.0000,0.0093,0.0000,200,1.1786
0.0207,0.0000,0.0000,0.0000,0.0206,0.0000,200,1.1685
0.0252,0.0000,0.0000,0.0000,0.0251,0.0000,200,1.1641
0.0366,0.0000,0.0000,0.0000,0.0364,0.0001,200,1.1527
0.0235,0.0000,0.0000,0.0000,0.0234,0.0000,200,1.1658
0.0186,0.0000,0.0000,0.0001,0.0184,0.0000,200,1.1709
0.0239,0.0000,0.0000,0.0000,0.0237,0.0001,200,1.1664
0.0336,0.0000,0.0000,0.0000,0.0335,0.0000,200,1.1568
0.0069,0.0000,0.0000,0.0000,0.0067,0.0000,200,1.1849
0.0099,0.0000,0.0000,0.0000,0.0098,0.0000,200,1.1820
0.0294,0.0000,0.0000,0.0000,0.0293,0.0000,200,1.1625
0.0221,0.0000,0.0000,0.0000,0.0220,0.0000,200,1.1699
0.0114,0.0000,0.0000,0.0000,0.0113,0.0000,200,1.1806
0.0598,0.0000,0.0000,0.0000,0.0597,0.0001,200,1.1323
0.0464,0.0000,0.0000,0.0000,0.0463,0.0000,200,1.1457
0.0758,0.0000,0.0000,0.0000,0.0757,0.0000,200,1.1164
0.0087,0.0000,0.0000,0.0000,0.0084,0.0000,200,1.1837
0.0334,0.0000,0.0000,0.0000,0.0333,0.0000,200,1.1597
0.0078,0.0000,0.0000,0.0000,0.0077,0.0000,200,1.1861
0.0600,0.0000,0.0000,0.0000,0.0599,0.0001,200,1.1371
0.0072,0.0000,0.0000,0.0000,0.0071,0.0001,200,1.1904
0.0310,0.0000,0.0000,0.0000,0.0309,0.0001,200,1.1670
0.0092,0.0000,0.0000,0.0000,0.0091,0.0000,200,1.1893
0.0069,0.0000,0.0000,0.0000,0.0068,0.0000,200,1.1920
0.0170,0.0000,0.0000,0.0000,0.0169,0.0001,200,1.1826
0.0630,0.0000,0.0000,0.0000,0.0630,0.0000,200,1.1380
0.0087,0.0000,0.0000,0.0000,0.0086,0.0000,200,1.1924
0.0582,0.0000,0.0000,0.0000,0.0581,0.0000,200,1.1433
0.0565,0.0000,0.0000,0.0000,0.0564,0.0000,200,1.1462
0.0317,0.0000,0.0000,0.0000,0.0313,0.0004,200,1.1714
0.0115,0.0000,0.0000,0.0000,0.0114,0.0001,200,1.1921
0.0100,0.0000,0.0000,0.0000,0.0099,0.0001,200,1.1939
0.0228,0.0000,0.0000,0.0000,0.0227,0.0000,200,1.1813
0.0150,0.0000,0.0000,0.0000,0.0149,0.0000,200,1.1892
0.0072,0.0000,0.0000,0.0000,0.0068,0.0004,200,1.1976
0.0130,0.0000,0.0000,0.0000,0.0129,0.0000,200,1.1919
0.0042,0.0000,0.0000,0.0000,0.0041,0.0000,200,1.2011
0.0048,0.0000,0.0000,0.0000,0.0047,0.0001,200,1.2011
0.0146,0.0000,0.0000,0.0000,0.0146,0.0000,200,1.1920
0.0179,0.0000,0.0000,0.0000,0.0178,0.0000,200,1.1893
0.0983,0.0000,0.0000,0.0000,0.0982,0.0001,200,1.1100
0.0287,0.0000,0.0000,0.0000,0.0285,0.0002,200,1.1796
0.0502,0.0000,0.0000,0.0000,0.0500,0.0002,200,1.1590
0.0543,0.0000,0.0000,0.0000,0.0543,0.0000,200,1.1554
0.0202,0.0000,0.0000,0.0000,0.0201,0.0001,200,1.1902
0.0237,0.0000,0.0000,0.0000,0.0236,0.0000,200,1.1872
0.0222,0.0000,0.0000,0.0000,0.0221,0.0000,200,1.1892
0.0039,0.0000,0.0000,0.0000,0.0037,0.0001,200,1.2083
0.0402,0.0000,0.0000,0.0000,0.0401,0.0000,200,1.1730
0.0276,0.0000,0.0000,0.0000,0.0275,0.0000,200,1.1857
0.0300,0.0000,0.0000,0.0000,0.0300,0.0000,200,1.1833
0.0145,0.0000,0.0000,0.0000,0.0144,0.0001,200,1.1989
0.0108,0.0000,0.0000,0.0002,0.0106,0.0000,200,1.2059
0.0627,0.0000,0.0000,0.0000,0.0625,0.0000,200,1.1541
0.0063,0.0000,0.0000,0.0000,0.0062,0.0001,200,1.2105
0.0054,0.0000,0.0000,0.0000,0.0053,0.0000,200,1.2114
0.0381,0.0000,0.0000,0.0000,0.0381,0.0000,200,1.1787
0.0173,0.0000,0.0000,0.0000,0.0170,0.0002,200,1.1996
0.0047,0.0000,0.0000,0.0000,0.0047,0.0000,200,1.2121
0.0238,0.0000,0.0000,0.0000,0.0238,0.0000,200,1.1931
0.0072,0.0000,0.0000,0.0000,0.0071,0.0000,200,1.2097
0.0278,0.0000,0.0000,0.0000,0.0276,0.0001,200,1.1922
0.0240,0.0000,0.0000,0.0000,0.0238,0.0001,200,1.2032
0.0435,0.0000,0.0000,0.0003,0.0430,0.0002,200,1.1873
0.0143,0.0000,0.0000,0.0000,0.0143,0.0000,200,1.2168
0.0418,0.0000,0.0000,0.0000,0.0417,0.0000,200,1.1895
0.0732,0.0000,0.0000,0.0000,0.0731,0.0000,200,1.1583
0.0147,0.0000,0.0000,0.0000,0.0147,0.0000,200,1.2168
0.0835,0.0000,0.0000,0.0000,0.0834,0.0001,200,1.1487
0.0154,0.0000,0.0000,0.0000,0.0152,0.0002,200,1.2170
0.0276,0.0000,0.0000,0.0000,0.0275,0.0000,200,1.2048
0.0347,0.0000,0.0000,0.0000,0.0346,0.0000,200,1.1979
0.0454,0.0000,0.0000,0.0000,0.0453,0.0000,200,1.1873
0.0406,0.0000,0.0000,0.0000,0.0406,0.0000,200,1.1921
0.0261,0.0000,0.0000,0.0000,0.0260,0.0000,200,1.2066
0.0261,0.0000,0.0000,0.0000,0.0260,0.0000,200,1.2072
0.0206,0.0000,0.0000,0.0000,0.0205,0.0001,200,1.2135
0.0312,0.0000,0.0000,0.0000,0.0311,0.0001,200,1.2036
0.0261,0.0000,0.0000,0.0000,0.0260,0.0001,200,1.2092
0.0033,0.0000,0.0000,0.0001,0.0025,0.0000,200,1.2323
0.0344,0.0000,0.0000,0.0000,0.0341,0.0000,200,1.2039
0.0412,0.0000,0.0000,0.0000,0.0409,0.0000,200,1.1972
0.0074,0.0000,0.0000,0.0000,0.0072,0.0000,200,1.2311
0.0059,0.0000,0.0000,0.0000,0.0058,0.0000,200,1.2326
0.0115,0.0000,0.0000,0.0000,0.0115,0.0000,200,1.2271
0.0078,0.0000,0.0000,0.0000,0.0072,0.0000,200,1.2309
0.0063,0.0000,0.0000,0.0000,0.0056,0.0007,200,1.2326
0.0229,0.0000,0.0000,0.0000,0.0228,0.0001,200,1.2168
0.0561,0.0000,0.0000,0.0000,0.0560,0.0001,200,1.1839
0.0857,0.0000,0.0000,0.0000,0.0855,0.0001,200,1.1547
0.0015,0.0000,0.0000,0.0000,0.0015,0.0000,200,1.2389
0.0284,0.0000,0.0000,0.0000,0.0284,0.0000,200,1.2132
0.0249,0.0000,0.0000,0.0000,0.0249,0.0000,200,1.2168
0.0035,0.0000,0.0000,0.0000,0.0029,0.0001,200,1.2383
0.0571,0.0000,0.0000,0.0000,0.0570,0.0000,200,1.1857
0.0014,0.0000,0.0000,0.0000,0.0013,0.0000,200,1.2416
0.0110,0.0000,0.0000,0.0000,0.0103,0.0000,200,1.2324
0.0352,0.0000,0.0000,0.0000,0.0351,0.0000,200,1.2083
0.0600,0.0000,0.0000,0.0001,0.0597,0.0001,200,1.1839
0.0056,0.0000,0.0000,0.0000,0.0055,0.0000,200,1.2387
0.0529,0.0000,0.0000,0.0000,0.0528,0.0000,200,1.1919
0.0067,0.0000,0.0000,0.0000,0.0066,0.0001,200,1.2404
0.0044,0.0000,0.0000,0.0000,0.0043,0.0000,200,1.2430
0.0311,0.0000,0.0000,0.0000,0.0309,0.0000,200,1.2169
0.0044,0.0000,0.0000,0.0000,0.0043,0.0000,200,1.2439
0.0438,0.0000,0.0000,0.0000,0.0436,0.0002,200,1.2053
0.0732,0.0000,0.0000,0.0000,0.0731,0.0000,200,1.1762
0.0022,0.0000,0.0000,0.0000,0.0018,0.0003,200,1.2479
0.0179,0.0000,0.0000,0.0000,0.0176,0.0003,200,1.2327
0.0462,0.0000,0.0000,0.0000,0.0459,0.0002,200,1.2049
0.0193,0.0000,0.0000,0.0000,0.0191,0.0003,200,1.2322
0.0124,0.0000,0.0000,0.0000,0.0124,0.0000,200,1.2396
0.0184,0.0000,0.0000,0.0000,0.0181,0.0002,200,1.2340
0.0077,0.0000,0.0000,0.0000,0.0074,0.0003,200,1.2448
0.0356,0.0000,0.0000,0.0000,0.0353,0.0003,200,1.2169
0.0394,0.0000,0.0000,0.0000,0.0390,0.0003,200,1.2132
0.0035,0.0000,0.0000,0.0001,0.0034,0.0000,200,1.2491
0.0841,0.0000,0.0000,0.0001,0.0840,0.0000,200,1.1691
0.1041,0.0000,0.0000,0.0001,0.1037,0.0002,200,1.1501
0.0103,0.0000,0.0000,0.0000,0.0102,0.0001,200,1.2443
0.0172,0.0000,0.0000,0.0005,0.0166,0.0001,200,1.2384
0.0177,0.0000,0.0000,0.0000,0.0175,0.0001,200,1.2385
0.0095,0.0000,0.0000,0.0000,0.0094,0.0000,200,1.2474
0.0189,0.0000,0.0000,0.0000,0.0185,0.0004,200,1.2386
0.0539,0.0000,0.0000,0.0000,0.0538,0.0000,200,1.2042
0.0065,0.0000,0.0000,0.0000,0.0065,0.0000,200,1.2524
0.0575,0.0000,0.0000,0.0000,0.0574,0.0000,200,1.2015
0.0284,0.0000,0.0000,0.0001,0.0282,0.0000,200,1.2316
0.0249,0.0000,0.0000,0.0001,0.0248,0.0000,200,1.2353
0.0047,0.0000,0.0000,0.0000,0.0046,0.0000,200,1.2555
0.0107,0.0000,0.0000,0.0001,0.0105,0.0000,200,1.2501
0.0279,0.0000,0.0000,0.0002,0.0276,0.0000,200,1.2333
0.0197,0.0000,0.0000,0.0000,0.0196,0.0000,200,1.2417
0.0097,0.0000,0.0000,0.0000,0.0091,0.0000,200,1.2526
0.0226,0.0000,0.0000,0.0000,0.0225,0.0001,200,1.2400
0.0605,0.0000,0.0000,0.0000,0.0604,0.0000,200,1.2027
0.0324,0.0000,0.0000,0.0000,0.0317,0.0001,200,1.2313
0.0155,0.0000,0.0000,0.0000,0.0153,0.0000,200,1.2483
0.0079,0.0000,0.0000,0.0000,0.0078,0.0000,200,1.2562
0.0264,0.0000,0.0000,0.0000,0.0263,0.0000,200,1.2385
0.0301,0.0000,0.0000,0.0000,0.0293,0.0008,200,1.2348
0.0052,0.0000,0.0000,0.0000,0.0051,0.0000,200,1.2612
0.0171,0.0000,0.0000,0.0003,0.0167,0.0000,200,1.2494
0.0084,0.0000,0.0000,0.0000,0.0084,0.0000,200,1.2590
0.0045,0.0000,0.0000,0.0000,0.0044,0.0001,200,1.2632
0.0174,0.0000,0.0000,0.0002,0.0172,0.0000,200,1.2510
0.0061,0.0000,0.0000,0.0000,0.0061,0.0000,200,1.2626
0.0823,0.0000,0.0000,0.0000,0.0821,0.0001,200,1.1873
0.0026,0.0000,0.0000,0.0000,0.0026,0.0000,200,1.2674
0.0092,0.0000,0.0000,0.0000,0.0090,0.0002,200,1.2608
0.0104,0.0000,0.0000,0.0000,0.0103,0.0001,200,1.2602
0.0123,0.0000,0.0000,0.0000,0.0120,0.0001,200,1.2590
0.0138,0.0000,0.0000,0.0000,0.0138,0.0000,200,1.2582
0.0847,0.0000,0.0000,0.0000,0.0847,0.0001,200,1.1880
0.0131,0.0000,0.0000,0.0000,0.0130,0.0000,200,1.2599
0.0030,0.0000,0.0000,0.0000,0.0029,0.0001,200,1.2706
0.0703,0.0000,0.0000,0.0000,0.0702,0.0000,200,1.2041
0.0765,0.0000,0.0000,0.0000,0.0764,0.0000,200,1.1985
0.0104,0.0000,0.0000,0.0000,0.0103,0.0000,200,1.2664
0.0082,0.0000,0.0000,0.0000,0.0081,0.0000,200,1.2687
0.0050,0.0000,0.0000,0.0000,0.0049,0.0000,200,1.2720
0.0638,0.0000,0.0000,0.0000,0.0638,0.0000,200,1.2133
0.0157,0.0000,0.0000,0.0000,0.0157,0.0000,200,1.2614
0.0133,0.0000,0.0000,0.0000,0.0132,0.0000,200,1.2640
0.0608,0.0000,0.0000,0.0000,0.0605,0.0003,200,1.2167
0.0042,0.0000,0.0000,0.0000,0.0041,0.0000,200,1.2736
0.0162,0.0000,0.0000,0.0000,0.0161,0.0000,200,1.2637
0.0888,0.0000,0.0000,0.0000,0.0886,0.0002,200,1.1918
0.0698,0.0000,0.0000,0.0000,0.0697,0.0000,200,1.2109
0.0085,0.0000,0.0000,0.0000,0.0083,0.0000,200,1.2727
0.0409,0.0000,0.0000,0.0000,0.0395,0.0001,200,1.2404
0.0410,0.0000,0.0000,0.0000,0.0409,0.0001,200,1.2418
0.0167,0.0000,0.0000,0.0000,0.0166,0.0001,200,1.2665
0.0260,0.0000,0.0000,0.0000,0.0259,0.0001,200,1.2575
0.0190,0.0000,0.0000,0.0000,0.0189,0.0000,200,1.2650
0.0515,0.0000,0.0000,0.0000,0.0515,0.0000,200,1.2327
0.0417,0.0000,0.0000,0.0000,0.0415,0.0002,200,1.2435
0.0084,0.0000,0.0000,0.0000,0.0083,0.0001,200,1.2772
0.0065,0.0000,0.0000,0.0000,0.0064,0.0000,200,1.2812
0.0352,0.0000,0.0000,0.0000,0.0352,0.0000,200,1.2525
0.0109,0.0000,0.0000,0.0000,0.0109,0.0000,200,1.2768
0.0071,0.0000,0.0000,0.0000,0.0071,0.0000,200,1.2807
0.0372,0.0000,0.0000,0.0001,0.0371,0.0000,200,1.2506
0.0107,0.0000,0.0000,0.0003,0.0103,0.0000,200,1.2772
0.0276,0.0000,0.0000,0.0000,0.0275,0.0000,200,1.2603
0.0531,0.0000,0.0000,0.0000,0.0530,0.0001,200,1.2356
0.0115,0.0000,0.0000,0.0000,0.0115,0.0000,200,1.2773
0.0270,0.0000,0.0000,0.0000,0.0270,0.0000,200,1.2636
0.0194,0.0000,0.0000,0.0000,0.0192,0.0000,200,1.2713
0.0108,0.0000,0.0000,0.0000,0.0108,0.0000,200,1.2799
0.0029,0.0000,0.0000,0.0000,0.0029,0.0000,200,1.2879
0.0231,0.0000,0.0000,0.0000,0.0231,0.0000,200,1.2677
0.0339,0.0000,0.0000,0.0000,0.0337,0.0002,200,1.2569
0.0036,0.0000,0.0000,0.0000,0.0035,0.0000,200,1.2877
0.0152,0.0000,0.0000,0.0000,0.0151,0.0000,200,1.2778
0.0057,0.0000,0.0000,0.0000,0.0056,0.0000,200,1.2877
0.0211,0.0000,0.0000,0.0000,0.0208,0.0002,200,1.2730
0.0107,0.0000,0.0000,0.0000,0.0106,0.0000,200,1.2839
0.0783,0.0000,0.0000,0.0000,0.0782,0.0001,200,1.2169
0.0069,0.0000,0.0000,0.0000,0.0052,0.0017,200,1.2908
0.0446,0.0000,0.0000,0.0000,0.0446,0.0000,200,1.2532
0.0127,0.0000,0.0000,0.0000,0.0126,0.0000,200,1.2852
0.0331,0.0000,0.0000,0.0000,0.0330,0.0000,200,1.2649
0.0455,0.0000,0.0000,0.0000,0.0454,0.0000,200,1.2526
0.0139,0.0000,0.0000,0.0000,0.0139,0.0000,200,1.2843
0.0053,0.0000,0.0000,0.0000,0.0053,0.0000,200,1.2930
0.0437,0.0000,0.0000,0.0000,0.0435,0.0000,200,1.2546
0.0106,0.0000,0.0000,0.0000,0.0105,0.0000,200,1.2878
0.0234,0.0000,0.0000,0.0000,0.0233,0.0000,200,1.2750
0.0045,0.0000,0.0000,0.0000,0.0044,0.0000,200,1.2946
0.0563,0.0000,0.0000,0.0000,0.0560,0.0001,200,1.2434
0.0094,0.0000,0.0000,0.0000,0.0092,0.0001,200,1.2908
0.0115,0.0000,0.0000,0.0000,0.0114,0.0001,200,1.2889
0.0722,0.0000,0.0000,0.0000,0.0721,0.0000,200,1.2315
0.0522,0.0000,0.0000,0.0029,0.0492,0.0000,200,1.2515
0.0103,0.0000,0.0000,0.0000,0.0102,0.0000,200,1.2934
0.0130,0.0000,0.0000,0.0000,0.0130,0.0000,200,1.2908
0.0354,0.0000,0.0000,0.0000,0.0353,0.0000,200,1.2684
0.0183,0.0000,0.0000,0.0000,0.0182,0.0000,200,1.2856
0.0060,0.0000,0.0000,0.0000,0.0059,0.0000,200,1.2979
0.0132,0.0000,0.0000,0.0000,0.0131,0.0000,200,1.2907
0.0062,0.0000,0.0000,0.0002,0.0059,0.0000,200,1.2978
0.0344,0.0000,0.0000,0.0000,0.0343,0.0000,200,1.2696
0.0417,0.0000,0.0000,0.0000,0.0417,0.0000,200,1.2623
0.0056,0.0000,0.0000,0.0000,0.0056,0.0001,200,1.2984
0.0580,0.0000,0.0000,0.0000,0.0577,0.0003,200,1.2471
0.0075,0.0000,0.0000,0.0000,0.0073,0.0002,200,1.2978
0.0238,0.0000,0.0000,0.0000,0.0237,0.0000,200,1.2828
0.0029,0.0000,0.0000,0.0000,0.0027,0.0001,200,1.3040
0.0300,0.0000,0.0000,0.0000,0.0299,0.0000,200,1.2770
0.0092,0.0000,0.0000,0.0000,0.0090,0.0002,200,1.2980
0.0240,0.0000,0.0000,0.0000,0.0240,0.0000,200,1.2832
0.0121,0.0000,0.0000,0.0000,0.0120,0.0000,200,1.2952
0.0553,0.0000,0.0000,0.0000,0.0552,0.0000,200,1.2520
0.0380,0.0000,0.0000,0.0000,0.0379,0.0000,200,1.2700
0.0317,0.0000,0.0000,0.0000,0.0311,0.0005,200,1.2775
0.0053,0.0000,0.0000,0.0000,0.0053,0.0000,200,1.3039
0.0395,0.0000,0.0000,0.0000,0.0394,0.0000,200,1.2700
0.0208,0.0000,0.0000,0.0001,0.0207,0.0000,200,1.2887
0.0115,0.0000,0.0000,0.0000,0.0110,0.0004,200,1.2982
0.0124,0.0000,0.0000,0.0000,0.0123,0.0001,200,1.2981
0.0913,0.0000,0.0000,0.0001,0.0910,0.0000,200,1.2199
0.0314,0.0000,0.0000,0.0002,0.0311,0.0001,200,1.2835
0.0343,0.0000,0.0000,0.0000,0.0341,0.0001,200,1.2813
0.0117,0.0000,0.0000,0.0000,0.0115,0.0002,200,1.3039
0.0414,0.0000,0.0000,0.0000,0.0413,0.0000,200,1.2743
0.0062,0.0000,0.0000,0.0000,0.0061,0.0001,200,1.3097
0.0733,0.0000,0.0000,0.0000,0.0732,0.0000,200,1.2428
0.0289,0.0000,0.0000,0.0000,0.0288,0.0000,200,1.2877
0.0290,0.0000,0.0000,0.0000,0.0290,0.0000,200,1.2878
0.0105,0.0000,0.0000,0.0000,0.0104,0.0000,200,1.3068
0.0172,0.0000,0.0000,0.0000,0.0169,0.0000,200,1.3004
0.0194,0.0000,0.0000,0.0000,0.0194,0.0000,200,1.2983
0.0086,0.0000,0.0000,0.0000,0.0085,0.0000,200,1.3092
0.0106,0.0000,0.0000,0.0000,0.0106,0.0000,200,1.3073
0.0085,0.0000,0.0000,0.0005,0.0079,0.0000,200,1.3095
0.0301,0.0000,0.0000,0.0000,0.0301,0.0000,200,1.2878
0.0192,0.0000,0.0000,0.0000,0.0191,0.0000,200,1.2991
0.0145,0.0000,0.0000,0.0000,0.0144,0.0000,200,1.3038
0.0277,0.0000,0.0000,0.0000,0.0277,0.0000,200,1.2907
0.0271,0.0000,0.0000,0.0000,0.0270,0.0000,200,1.2913
0.0147,0.0000,0.0000,0.0000,0.0146,0.0000,200,1.3038
0.0386,0.0000,0.0000,0.0000,0.0384,0.0000,200,1.2805
0.0125,0.0000,0.0000,0.0000,0.0125,0.0000,200,1.3073
0.0170,0.0000,0.0000,0.0000,0.0166,0.0004,200,1.3040
0.0032,0.0000,0.0000,0.0001,0.0030,0.0000,200,1.3178
0.0054,0.0000,0.0000,0.0000,0.0054,0.0000,200,1.3159
0.0041,0.0000,0.0000,0.0000,0.0039,0.0001,200,1.3198
0.0186,0.0000,0.0000,0.0000,0.0186,0.0000,200,1.3053
0.0060,0.0000,0.0000,0.0000,0.0057,0.0003,200,1.3184
0.0176,0.0000,0.0000,0.0000,0.0175,0.0000,200,1.3069
0.0205,0.0000,0.0000,0.0000,0.0205,0.0000,200,1.3040
0.0308,0.0000,0.0000,0.0000,0.0307,0.0000,200,1.2941
0.0279,0.0000,0.0000,0.0000,0.0278,0.0000,200,1.2983
0.0108,0.0000,0.0000,0.0000,0.0107,0.0001,200,1.3157
0.0154,0.0000,0.0000,0.0000,0.0152,0.0002,200,1.3112
0.0056,0.0000,0.0000,0.0000,0.0056,0.0000,200,1.3209
0.0187,0.0000,0.0000,0.0000,0.0186,0.0000,200,1.3080
0.0200,0.0000,0.0000,0.0000,0.0199,0.0000,200,1.3067
0.0083,0.0000,0.0000,0.0000,0.0083,0.0000,200,1.3184
0.0107,0.0000,0.0000,0.0000,0.0106,0.0000,200,1.3161
0.0725,0.0000,0.0000,0.0000,0.0722,0.0001,200,1.2543
0.0164,0.0000,0.0000,0.0000,0.0163,0.0000,200,1.3105
0.0231,0.0000,0.0000,0.0000,0.0229,0.0001,200,1.3038
0.0233,0.0000,0.0000,0.0000,0.0232,0.0000,200,1.3037
0.0233,0.0000,0.0000,0.0000,0.0232,0.0000,200,1.3037
0.0230,0.0000,0.0000,0.0000,0.0230,0.0000,200,1.3040
0.0031,0.0000,0.0000,0.0000,0.0031,0.0000,200,1.3239
0.0091,0.0000,0.0000,0.0000,0.0091,0.0000,200,1.3180
0.0093,0.0000,0.0000,0.0000,0.0092,0.0001,200,1.3179
0.0095,0.0000,0.0000,0.0000,0.0094,0.0001,200,1.3178
0.0256,0.0000,0.0000,0.0000,0.0255,0.0000,200,1.3051
0.0135,0.0000,0.0000,0.0000,0.0135,0.0000,200,1.3173
0.0271,0.0000,0.0000,0.0000,0.0270,0.0000,200,1.3037
0.0047,0.0000,0.0000,0.0000,0.0047,0.0000,200,1.3262
0.0143,0.0000,0.0000,0.0000,0.0143,0.0000,200,1.3166
0.0096,0.0000,0.0000,0.0000,0.0096,0.0000,200,1.3214
0.0067,0.0000,0.0000,0.0000,0.0066,0.0000,200,1.3244
0.0216,0.0000,0.0000,0.0000,0.0214,0.0000,200,1.3095
0.0162,0.0000,0.0000,0.0000,0.0161,0.0000,200,1.3149
0.0069,0.0000,0.0000,0.0000,0.0068,0.0000,200,1.3268
0.0026,0.0000,0.0000,0.0000,0.0026,0.0000,200,1.3311
0.0031,0.0000,0.0000,0.0000,0.0031,0.0000,200,1.3307
0.0068,0.0000,0.0000,0.0000,0.0068,0.0000,200,1.3270
0.0094,0.0000,0.0000,0.0000,0.0093,0.0000,200,1.3245
0.0248,0.0000,0.0000,0.0000,0.0247,0.0000,200,1.3092
0.0164,0.0000,0.0000,0.0000,0.0163,0.0000,200,1.3176
0.1740,0.0000,0.0000,0.0000,0.1740,0.0000,200,1.1600
0.0071,0.0000,0.0000,0.0000,0.0071,0.0000,200,1.3270
0.0157,0.0000,0.0000,0.0000,0.0156,0.0000,200,1.3185
0.0069,0.0000,0.0000,0.0000,0.0068,0.0000,200,1.3273
0.0186,0.0000,0.0000,0.0000,0.0182,0.0003,200,1.3163
0.0108,0.0000,0.0000,0.0000,0.0107,0.0001,200,1.3249
0.0090,0.0000,0.0000,0.0000,0.0086,0.0000,200,1.3267
0.0112,0.0000,0.0000,0.0000,0.0090,0.0021,200,1.3266
0.0108,0.0000,0.0000,0.0000,0.0091,0.0017,200,1.3270
0.0112,0.0000,0.0000,0.0000,0.0094,0.0017,200,1.3267
0.0383,0.0000,0.0000,0.0000,0.0364,0.0018,200,1.2997
0.0224,0.0000,0.0000,0.0000,0.0205,0.0018,200,1.3156
0.0039,0.0000,0.0000,0.0000,0.0020,0.0019,200,1.3342
0.0171,0.0000,0.0000,0.0000,0.0152,0.0019,200,1.3210
0.0040,0.0000,0.0000,0.0000,0.0022,0.0018,200,1.3341
0.0397,0.0000,0.0000,0.0000,0.0383,0.0014,200,1.2984
0.0213,0.0000,0.0000,0.0000,0.0200,0.0012,200,1.3169
0.0033,0.0000,0.0000,0.0001,0.0018,0.0010,200,1.3350
0.0043,0.0000,0.0000,0.0000,0.0035,0.0008,200,1.3339
0.0195,0.0000,0.0000,0.0000,0.0195,0.0000,200,1.3183
0.0129,0.0000,0.0000,0.0001,0.0126,0.0002,200,1.3272
0.0632,0.0000,0.0000,0.0000,0.0632,0.0000,200,1.2769
0.0093,0.0000,0.0000,0.0000,0.0093,0.0000,200,1.3311
0.0066,0.0000,0.0000,0.0000,0.0065,0.0001,200,1.3340
0.0098,0.0000,0.0000,0.0000,0.0098,0.0001,200,1.3310
0.0886,0.0000,0.0000,0.0000,0.0885,0.0000,200,1.2525
0.0072,0.0000,0.0000,0.0000,0.0071,0.0000,200,1.3341
0.0074,0.0000,0.0000,0.0000,0.0074,0.0000,200,1.3341
0.0177,0.0000,0.0000,0.0000,0.0175,0.0002,200,1.3268
0.0181,0.0000,0.0000,0.0000,0.0181,0.0000,200,1.3266
0.0451,0.0000,0.0000,0.0001,0.0449,0.0000,200,1.3002
0.0146,0.0000,0.0000,0.0000,0.0146,0.0000,200,1.3309
0.0217,0.0000,0.0000,0.0000,0.0211,0.0006,200,1.3240
0.0120,0.0000,0.0000,0.0000,0.0119,0.0001,200,1.3338
0.0226,0.0000,0.0000,0.0000,0.0224,0.0002,200,1.3268
0.0234,0.0000,0.0000,0.0000,0.0231,0.0003,200,1.3265
0.0094,0.0000,0.0000,0.0000,0.0090,0.0003,200,1.3413
0.0203,0.0000,0.0000,0.0000,0.0202,0.0000,200,1.3308
0.0101,0.0000,0.0000,0.0000,0.0100,0.0000,200,1.3415
0.0247,0.0000,0.0000,0.0000,0.0246,0.0001,200,1.3271
0.0074,0.0000,0.0000,0.0000,0.0070,0.0000,200,1.3447
0.0198,0.0000,0.0000,0.0000,0.0198,0.0001,200,1.3340
0.0161,0.0000,0.0000,0.0000,0.0160,0.0000,200,1.3382
0.0241,0.0000,0.0000,0.0000,0.0241,0.0000,200,1.3310
0.0252,0.0000,0.0000,0.0000,0.0250,0.0002,200,1.3309
0.0259,0.0000,0.0000,0.0000,0.0258,0.0001,200,1.3310
0.0194,0.0000,0.0000,0.0000,0.0192,0.0001,200,1.3384
0.0053,0.0000,0.0000,0.0000,0.0052,0.0001,200,1.3538
0.0197,0.0000,0.0000,0.0000,0.0196,0.0001,200,1.3401
0.0230,0.0000,0.0000,0.0000,0.0229,0.0000,200,1.3378
0.0543,0.0000,0.0000,0.0000,0.0542,0.0001,200,1.3073
0.0241,0.0000,0.0000,0.0000,0.0240,0.0000,200,1.3381
0.0120,0.0000,0.0000,0.0005,0.0115,0.0000,200,1.3511
0.0118,0.0000,0.0000,0.0000,0.0118,0.0000,200,1.3522
0.0311,0.0000,0.0000,0.0000,0.0310,0.0000,200,1.3339
0.0373,0.0000,0.0000,0.0000,0.0370,0.0002,200,1.3337
0.0400,0.0000,0.0000,0.0000,0.0400,0.0001,200,1.3357
0.0686,0.0000,0.0000,0.0000,0.0685,0.0000,200,1.3072
0.0352,0.0000,0.0000,0.0001,0.0350,0.0000,200,1.3406
0.0575,0.0000,0.0000,0.0000,0.0575,0.0000,200,1.3183
0.0208,0.0000,0.0000,0.0000,0.0207,0.0000,200,1.3551
0.0160,0.0000,0.0000,0.0000,0.0160,0.0000,200,1.3599
0.0168,0.0000,0.0000,0.0000,0.0168,0.0000,200,1.3591
0.0380,0.0000,0.0000,0.0000,0.0379,0.0000,200,1.3380
0.0378,0.0000,0.0000,0.0000,0.0378,0.0000,200,1.3381
0.0144,0.0000,0.0000,0.0000,0.0144,0.0000,200,1.3616
0.0383,0.0000,0.0000,0.0000,0.0374,0.0003,200,1.3377
0.0580,0.0000,0.0000,0.0000,0.0577,0.0003,200,1.3180
0.0199,0.0000,0.0000,0.0000,0.0198,0.0000,200,1.3577
0.0366,0.0000,0.0000,0.0000,0.0366,0.0000,200,1.3411
0.0259,0.0000,0.0000,0.0000,0.0258,0.0000,200,1.3518
0.0324,0.0000,0.0000,0.0000,0.0322,0.0000,200,1.3453
0.0398,0.0000,0.0000,0.0000,0.0394,0.0003,200,1.3382
0.0381,0.0000,0.0000,0.0000,0.0380,0.0000,200,1.3401
0.0517,0.0000,0.0000,0.0000,0.0514,0.0003,200,1.3270
0.0609,0.0000,0.0000,0.0000,0.0586,0.0022,200,1.3191
0.0572,0.0000,0.0000,0.0000,0.0571,0.0001,200,1.3245
0.0444,0.0000,0.0000,0.0000,0.0443,0.0000,200,1.3382
0.0283,0.0000,0.0000,0.0000,0.0283,0.0000,200,1.3543
0.0267,0.0000,0.0000,0.0000,0.0265,0.0000,200,1.3561
0.0381,0.0000,0.0000,0.0000,0.0380,0.0001,200,1.3455
0.0258,0.0000,0.0000,0.0000,0.0257,0.0001,200,1.3631
0.0120,0.0000,0.0000,0.0000,0.0119,0.0001,200,1.3777
0.0294,0.0000,0.0000,0.0000,0.0293,0.0000,200,1.3608
0.0144,0.0000,0.0000,0.0000,0.0143,0.0000,200,1.3758
0.0130,0.0000,0.0000,0.0000,0.0108,0.0000,200,1.3778
0.0077,0.0000,0.0000,0.0000,0.0075,0.0002,200,1.3837
0.0509,0.0000,0.0000,0.0000,0.0507,0.0002,200,1.3409
0.0569,0.0000,0.0000,0.0000,0.0569,0.0000,200,1.3357
0.0169,0.0000,0.0000,0.0000,0.0168,0.0000,200,1.3759
0.0469,0.0000,0.0000,0.0000,0.0468,0.0001,200,1.3458
0.0147,0.0000,0.0000,0.0000,0.0146,0.0000,200,1.3781
0.0128,0.0000,0.0000,0.0000,0.0127,0.0000,200,1.3800
0.0141,0.0000,0.0000,0.0002,0.0139,0.0000,200,1.3788
0.0146,0.0000,0.0000,0.0002,0.0143,0.0000,200,1.3782
0.0547,0.0000,0.0000,0.0000,0.0547,0.0000,200,1.3381
0.0430,0.0000,0.0000,0.0000,0.0429,0.0000,200,1.3499
0.0171,0.0000,0.0000,0.0000,0.0171,0.0000,200,1.3758
0.0661,0.0000,0.0000,0.0000,0.0660,0.0000,200,1.3269
0.0153,0.0000,0.0000,0.0000,0.0152,0.0000,200,1.3777
0.0281,0.0000,0.0000,0.0000,0.0279,0.0001,200,1.3649
0.0172,0.0000,0.0000,0.0000,0.0172,0.0000,200,1.3758
0.0490,0.0000,0.0000,0.0001,0.0488,0.0000,200,1.3445
0.0178,0.0000,0.0000,0.0000,0.0177,0.0000,200,1.3759
0.0182,0.0000,0.0000,0.0000,0.0181,0.0000,200,1.3760
0.0617,0.0000,0.0000,0.0000,0.0617,0.0000,200,1.3338
0.0196,0.0000,0.0000,0.0000,0.0195,0.0000,200,1.3759
0.0139,0.0000,0.0000,0.0001,0.0136,0.0000,200,1.3817
0.0180,0.0000,0.0000,0.0000,0.0179,0.0001,200,1.3777
0.0202,0.0000,0.0000,0.0000,0.0201,0.0000,200,1.3760
0.0207,0.0000,0.0000,0.0000,0.0207,0.0000,200,1.3760
0.0700,0.0000,0.0000,0.0000,0.0699,0.0000,200,1.3269
0.0023,0.0000,0.0000,0.0000,0.0022,0.0000,200,1.3968
0.0245,0.0000,0.0000,0.0000,0.0244,0.0001,200,1.3759
0.0050,0.0000,0.0000,0.0000,0.0049,0.0000,200,1.3957
0.0185,0.0000,0.0000,0.0000,0.0184,0.0000,200,1.3827
0.0084,0.0000,0.0000,0.0000,0.0084,0.0000,200,1.3929
0.0100,0.0000,0.0000,0.0000,0.0099,0.0000,200,1.3918
0.0454,0.0000,0.0000,0.0000,0.0454,0.0001,200,1.3569
0.0086,0.0000,0.0000,0.0000,0.0085,0.0000,200,1.3937
0.0405,0.0000,0.0000,0.0000,0.0405,0.0000,200,1.3621
0.0318,0.0000,0.0000,0.0000,0.0316,0.0001,200,1.3710
0.0101,0.0000,0.0000,0.0000,0.0101,0.0001,200,1.3929
0.1124,0.0000,0.0000,0.0000,0.1123,0.0001,200,1.2909
0.0138,0.0000,0.0000,0.0000,0.0137,0.0000,200,1.3901
0.0117,0.0000,0.0000,0.0000,0.0116,0.0001,200,1.3928
0.0122,0.0000,0.0000,0.0000,0.0121,0.0000,200,1.3930
0.0034,0.0000,0.0000,0.0000,0.0034,0.0001,200,1.4023
0.0136,0.0000,0.0000,0.0000,0.0135,0.0000,200,1.3929
0.0114,0.0000,0.0000,0.0000,0.0113,0.0000,200,1.3957
0.0059,0.0000,0.0000,0.0000,0.0058,0.0000,200,1.4018
0.0050,0.0000,0.0000,0.0000,0.0049,0.0000,200,1.4033
0.0153,0.0000,0.0000,0.0000,0.0152,0.0001,200,1.3935
0.0165,0.0000,0.0000,0.0000,0.0164,0.0000,200,1.3930
0.0212,0.0000,0.0000,0.0000,0.0211,0.0001,200,1.3890
0.0704,0.0000,0.0000,0.0000,0.0703,0.0000,200,1.3404
0.0197,0.0000,0.0000,0.0001,0.0196,0.0000,200,1.3914
0.0188,0.0000,0.0000,0.0000,0.0188,0.0000,200,1.3927
0.0362,0.0000,0.0000,0.0000,0.0361,0.0001,200,1.3760
0.0102,0.0000,0.0000,0.0000,0.0101,0.0000,200,1.4027
0.0023,0.0000,0.0000,0.0000,0.0022,0.0001,200,1.4108
0.0617,0.0000,0.0000,0.0000,0.0616,0.0000,200,1.3516
0.0210,0.0000,0.0000,0.0000,0.0208,0.0001,200,1.3927
0.0502,0.0000,0.0000,0.0000,0.0501,0.0001,200,1.3640
0.0208,0.0000,0.0000,0.0000,0.0207,0.0001,200,1.3942
0.0662,0.0000,0.0000,0.0001,0.0659,0.0001,200,1.3494
0.0191,0.0000,0.0000,0.0000,0.0190,0.0000,200,1.3969
0.0150,0.0000,0.0000,0.0000,0.0149,0.0000,200,1.4031
0.0354,0.0000,0.0000,0.0000,0.0353,0.0000,200,1.3827
0.0219,0.0000,0.0000,0.0000,0.0218,0.0000,200,1.3963
0.0801,0.0000,0.0000,0.0000,0.0800,0.0000,200,1.3380
0.0060,0.0000,0.0000,0.0000,0.0059,0.0000,200,1.4122
0.0143,0.0000,0.0000,0.0000,0.0142,0.0000,200,1.4039
0.0094,0.0000,0.0000,0.0000,0.0093,0.0000,200,1.4089
0.0255,0.0000,0.0000,0.0000,0.0255,0.0000,200,1.3928
0.0034,0.0000,0.0000,0.0001,0.0014,0.0019,200,1.4150
0.0104,0.0000,0.0000,0.0000,0.0103,0.0000,200,1.4095
0.0098,0.0000,0.0000,0.0000,0.0082,0.0015,200,1.4101
0.0743,0.0000,0.0000,0.0002,0.0735,0.0005,200,1.3457
0.0292,0.0000,0.0000,0.0000,0.0291,0.0000,200,1.4058
0.0305,0.0000,0.0000,0.0001,0.0304,0.0001,200,1.4045
0.0169,0.0000,0.0000,0.0000,0.0168,0.0000,200,1.4182
0.0152,0.0000,0.0000,0.0000,0.0145,0.0000,200,1.4199
0.0340,0.0000,0.0000,0.0000,0.0340,0.0000,200,1.4012
0.0424,0.0000,0.0000,0.0000,0.0423,0.0000,200,1.3928
0.0224,0.0000,0.0000,0.0000,0.0224,0.0000,200,1.4128
0.0171,0.0000,0.0000,0.0000,0.0171,0.0000,200,1.4182
0.0425,0.0000,0.0000,0.0000,0.0425,0.0000,200,1.3928
0.0350,0.0000,0.0000,0.0000,0.0349,0.0000,200,1.4004
0.0331,0.0000,0.0000,0.0000,0.0330,0.0000,200,1.4023
0.0195,0.0000,0.0000,0.0000,0.0195,0.0000,200,1.4159
0.0278,0.0000,0.0000,0.0000,0.0278,0.0000,200,1.4077
0.0448,0.0000,0.0000,0.0000,0.0448,0.0000,200,1.3907
0.0454,0.0000,0.0000,0.0000,0.0453,0.0000,200,1.3901
0.0219,0.0000,0.0000,0.0000,0.0219,0.0000,200,1.4137
0.0529,0.0000,0.0000,0.0000,0.0529,0.0000,200,1.3828
0.0242,0.0000,0.0000,0.0000,0.0241,0.0000,200,1.4115
0.0293,0.0000,0.0000,0.0000,0.0293,0.0000,200,1.4064
0.0202,0.0000,0.0000,0.0000,0.0201,0.0000,200,1.4156
0.0978,0.0000,0.0000,0.0000,0.0978,0.0000,200,1.3380
0.0248,0.0000,0.0000,0.0000,0.0248,0.0000,200,1.4110
0.0307,0.0000,0.0000,0.0000,0.0307,0.0000,200,1.4051
0.0332,0.0000,0.0000,0.0000,0.0331,0.0000,200,1.4027
0.0229,0.0000,0.0000,0.0000,0.0228,0.0000,200,1.4131
0.0161,0.0000,0.0000,0.0000,0.0160,0.0000,200,1.4199
0.0179,0.0000,0.0000,0.0000,0.0179,0.0000,200,1.4181
0.0433,0.0000,0.0000,0.0000,0.0433,0.0000,200,1.3927
0.0178,0.0000,0.0000,0.0000,0.0162,0.0000,200,1.4183
0.0371,0.0000,0.0000,0.0000,0.0370,0.0000,200,1.3990
0.0407,0.0000,0.0000,0.0000,0.0406,0.0000,200,1.3955
0.0162,0.0000,0.0000,0.0000,0.0162,0.0000,200,1.4200
0.0433,0.0000,0.0000,0.0000,0.0432,0.0000,200,1.3930
0.0856,0.0000,0.0000,0.0004,0.0851,0.0000,200,1.3507
0.0183,0.0000,0.0000,0.0000,0.0182,0.0000,200,1.4180
0.0467,0.0000,0.0000,0.0000,0.0466,0.0000,200,1.3897
0.0409,0.0000,0.0000,0.0000,0.0408,0.0000,200,1.3955
0.0182,0.0000,0.0000,0.0000,0.0181,0.0000,200,1.4183
0.0184,0.0000,0.0000,0.0000,0.0183,0.0000,200,1.4180
0.0606,0.0000,0.0000,0.0000,0.0606,0.0000,200,1.3759
0.0223,0.0000,0.0000,0.0001,0.0222,0.0000,200,1.4142
0.0283,0.0000,0.0000,0.0000,0.0283,0.0000,200,1.4083
0.0353,0.0000,0.0000,0.0000,0.0352,0.0000,200,1.4013
0.0233,0.0000,0.0000,0.0000,0.0233,0.0000,200,1.4133
0.0185,0.0000,0.0000,0.0000,0.0184,0.0000,200,1.4182
0.0012,0.0000,0.0000,0.0000,0.0012,0.0000,200,1.4355
0.0989,0.0000,0.0000,0.0000,0.0988,0.0000,200,1.3379
0.0012,0.0000,0.0000,0.0000,0.0012,0.0000,200,1.4356
0.0187,0.0000,0.0000,0.0000,0.0185,0.0000,200,1.4181
0.0013,0.0000,0.0000,0.0000,0.0011,0.0000,200,1.4355
0.0363,0.0000,0.0000,0.0000,0.0353,0.0010,200,1.4006
0.0019,0.0000,0.0000,0.0000,0.0019,0.0000,200,1.4350
0.0299,0.0000,0.0000,0.0000,0.0295,0.0004,200,1.4070
0.0020,0.0000,0.0000,0.0000,0.0019,0.0000,200,1.4350
0.0028,0.0000,0.0000,0.0000,0.0027,0.0001,200,1.4369
0.0031,0.0000,0.0000,0.0000,0.0027,0.0003,200,1.4369
0.0032,0.0000,0.0000,0.0000,0.0031,0.0000,200,1.4369
0.0042,0.0000,0.0000,0.0000,0.0032,0.0000,200,1.4358
0.0045,0.0000,0.0000,0.0000,0.0045,0.0000,200,1.4356
0.0033,0.0000,0.0000,0.0000,0.0033,0.0000,200,1.4369
0.0034,0.0000,0.0000,0.0000,0.0032,0.0002,200,1.4368
0.0032,0.0000,0.0000,0.0000,0.0026,0.0006,200,1.4370
0.0474,0.0000,0.0000,0.0000,0.0473,0.0000,200,1.3929
0.0056,0.0000,0.0000,0.0000,0.0055,0.0000,200,1.4362
0.0053,0.0000,0.0000,0.0000,0.0052,0.0000,200,1.4368
0.0027,0.0000,0.0000,0.0000,0.0024,0.0000,200,1.4398
0.0030,0.0000,0.0000,0.0000,0.0029,0.0000,200,1.4403
0.0073,0.0000,0.0000,0.0000,0.0072,0.0000,200,1.4362
0.0037,0.0000,0.0000,0.0000,0.0036,0.0001,200,1.4402
0.0038,0.0000,0.0000,0.0000,0.0038,0.0000,200,1.4401
0.0084,0.0000,0.0000,0.0000,0.0083,0.0000,200,1.4359
0.0084,0.0000,0.0000,0.0000,0.0083,0.0001,200,1.4362
0.0097,0.0000,0.0000,0.0000,0.0096,0.0001,200,1.4354
0.0052,0.0000,0.0000,0.0000,0.0051,0.0000,200,1.4401
0.0094,0.0000,0.0000,0.0000,0.0093,0.0000,200,1.4360
0.0037,0.0000,0.0000,0.0000,0.0036,0.0000,200,1.4418
0.0136,0.0000,0.0000,0.0000,0.0135,0.0001,200,1.4352
0.0128,0.0000,0.0000,0.0000,0.0128,0.0000,200,1.4361
0.0091,0.0000,0.0000,0.0000,0.0090,0.0000,200,1.4401
0.0141,0.0000,0.0000,0.0000,0.0141,0.0000,200,1.4351
0.0093,0.0000,0.0000,0.0000,0.0092,0.0001,200,1.4400
0.0135,0.0000,0.0000,0.0000,0.0135,0.0000,200,1.4357
0.0144,0.0000,0.0000,0.0000,0.0138,0.0006,200,1.4353
0.0073,0.0000,0.0000,0.0000,0.0072,0.0000,200,1.4424
0.0096,0.0000,0.0000,0.0000,0.0095,0.0001,200,1.4402
0.0144,0.0000,0.0000,0.0000,0.0144,0.0000,200,1.4354
0.0132,0.0000,0.0000,0.0000,0.0130,0.0001,200,1.4366
0.0137,0.0000,0.0000,0.0000,0.0135,0.0001,200,1.4361
0.0064,0.0000,0.0000,0.0001,0.0061,0.0002,200,1.4435
0.0145,0.0000,0.0000,0.0000,0.0142,0.0003,200,1.4354
0.0046,0.0000,0.0000,0.0000,0.0044,0.0000,200,1.4455
0.0137,0.0000,0.0000,0.0000,0.0136,0.0000,200,1.4365
0.0151,0.0000,0.0000,0.0000,0.0150,0.0000,200,1.4353
0.0145,0.0000,0.0000,0.0000,0.0145,0.0000,200,1.4359
0.0202,0.0000,0.0000,0.0000,0.0201,0.0001,200,1.4367
0.0068,0.0000,0.0000,0.0000,0.0068,0.0000,200,1.4502
0.0218,0.0000,0.0000,0.0000,0.0217,0.0000,200,1.4360
0.0216,0.0000,0.0000,0.0000,0.0215,0.0000,200,1.4363
0.0215,0.0000,0.0000,0.0000,0.0213,0.0001,200,1.4364
0.0081,0.0000,0.0000,0.0000,0.0081,0.0000,200,1.4498
0.0083,0.0000,0.0000,0.0000,0.0082,0.0000,200,1.4497
0.0081,0.0000,0.0000,0.0000,0.0081,0.0000,200,1.4499
0.0080,0.0000,0.0000,0.0000,0.0079,0.0000,200,1.4501
0.0218,0.0000,0.0000,0.0000,0.0217,0.0000,200,1.4363
0.0221,0.0000,0.0000,0.0000,0.0220,0.0000,200,1.4361
0.0089,0.0000,0.0000,0.0000,0.0088,0.0000,200,1.4493
0.0230,0.0000,0.0000,0.0000,0.0230,0.0000,200,1.4352
0.0136,0.0000,0.0000,0.0000,0.0136,0.0000,200,1.4446
0.0131,0.0000,0.0000,0.0000,0.0131,0.0000,200,1.4451
0.0079,0.0000,0.0000,0.0000,0.0079,0.0000,200,1.4504
0.0091,0.0000,0.0000,0.0000,0.0090,0.0000,200,1.4493
0.0227,0.0000,0.0000,0.0000,0.0227,0.0001,200,1.4358
0.0143,0.0000,0.0000,0.0000,0.0141,0.0001,200,1.4443
0.0228,0.0000,0.0000,0.0000,0.0224,0.0004,200,1.4359
0.0232,0.0000,0.0000,0.0000,0.0231,0.0001,200,1.4366
0.0106,0.0000,0.0000,0.0000,0.0105,0.0000,200,1.4498
0.0245,0.0000,0.0000,0.0000,0.0244,0.0001,200,1.4365
0.0032,0.0000,0.0000,0.0000,0.0032,0.0001,200,1.4583
0.0124,0.0000,0.0000,0.0000,0.0123,0.0001,200,1.4498
0.0176,0.0000,0.0000,0.0000,0.0174,0.0002,200,1.4454
0.0057,0.0000,0.0000,0.0000,0.0056,0.0001,200,1.4579
0.0156,0.0000,0.0000,0.0000,0.0153,0.0002,200,1.4488
0.0068,0.0000,0.0000,0.0000,0.0067,0.0000,200,1.4578
0.0067,0.0000,0.0000,0.0000,0.0064,0.0003,200,1.4583
0.0074,0.0000,0.0000,0.0000,0.0074,0.0000,200,1.4580
0.0063,0.0000,0.0000,0.0000,0.0061,0.0001,200,1.4598
0.0228,0.0000,0.0000,0.0000,0.0227,0.0000,200,1.4440
0.0084,0.0000,0.0000,0.0000,0.0083,0.0001,200,1.4586
0.0094,0.0000,0.0000,0.0000,0.0093,0.0000,200,1.4581
0.0070,0.0000,0.0000,0.0000,0.0069,0.0000,200,1.4610
0.0080,0.0000,0.0000,0.0000,0.0079,0.0001,200,1.4604
0.0290,0.0000,0.0000,0.0000,0.0289,0.0001,200,1.4401
0.0119,0.0000,0.0000,0.0000,0.0118,0.0000,200,1.4578
0.0336,0.0000,0.0000,0.0000,0.0336,0.0000,200,1.4364
0.0205,0.0000,0.0000,0.0000,0.0205,0.0000,200,1.4498
0.0341,0.0000,0.0000,0.0000,0.0340,0.0000,200,1.4366
0.0347,0.0000,0.0000,0.0000,0.0346,0.0000,200,1.4364
0.0076,0.0000,0.0000,0.0002,0.0073,0.0000,200,1.4643
0.0358,0.0000,0.0000,0.0000,0.0357,0.0001,200,1.4368
0.0368,0.0000,0.0000,0.0000,0.0368,0.0001,200,1.4358
0.0234,0.0000,0.0000,0.0000,0.0233,0.0000,200,1.4492
0.0373,0.0000,0.0000,0.0000,0.0373,0.0000,200,1.4353
0.0040,0.0000,0.0000,0.0000,0.0038,0.0001,200,1.4691
0.0028,0.0000,0.0000,0.0000,0.0027,0.0000,200,1.4707
0.0103,0.0000,0.0000,0.0000,0.0102,0.0000,200,1.4636
0.0161,0.0000,0.0000,0.0000,0.0160,0.0000,200,1.4580
0.0127,0.0000,0.0000,0.0000,0.0127,0.0000,200,1.4616
0.0023,0.0000,0.0000,0.0000,0.0021,0.0001,200,1.4726
0.0171,0.0000,0.0000,0.0000,0.0171,0.0000,200,1.4582
0.0262,0.0000,0.0000,0.0000,0.0260,0.0001,200,1.4492
0.0054,0.0000,0.0000,0.0000,0.0052,0.0002,200,1.4700
0.0018,0.0000,0.0000,0.0000,0.0017,0.0000,200,1.4741
0.0043,0.0000,0.0000,0.0000,0.0042,0.0000,200,1.4719
0.0414,0.0000,0.0000,0.0000,0.0413,0.0000,200,1.4352
0.0266,0.0000,0.0000,0.0000,0.0265,0.0000,200,1.4504
0.0034,0.0000,0.0000,0.0000,0.0033,0.0000,200,1.4743
0.0198,0.0000,0.0000,0.0000,0.0197,0.0000,200,1.4579
0.0192,0.0000,0.0000,0.0000,0.0191,0.0000,200,1.4587
0.0198,0.0000,0.0000,0.0000,0.0197,0.0001,200,1.4585
0.0084,0.0000,0.0000,0.0000,0.0084,0.0000,200,1.4703
0.0436,0.0000,0.0000,0.0000,0.0434,0.0001,200,1.4357
0.0126,0.0000,0.0000,0.0000,0.0124,0.0002,200,1.4670
0.0071,0.0000,0.0000,0.0000,0.0070,0.0000,200,1.4726
0.0122,0.0000,0.0000,0.0001,0.0121,0.0000,200,1.4675
0.0104,0.0000,0.0000,0.0000,0.0103,0.0000,200,1.4697
0.0157,0.0000,0.0000,0.0000,0.0156,0.0001,200,1.4646
0.0315,0.0000,0.0000,0.0000,0.0315,0.0000,200,1.4489
0.0141,0.0000,0.0000,0.0000,0.0140,0.0000,200,1.4680
0.0075,0.0000,0.0000,0.0000,0.0074,0.0000,200,1.4753
0.0150,0.0000,0.0000,0.0001,0.0148,0.0000,200,1.4684
0.0037,0.0000,0.0000,0.0000,0.0037,0.0000,200,1.4798
0.0259,0.0000,0.0000,0.0000,0.0259,0.0000,200,1.4581
0.0474,0.0000,0.0000,0.0000,0.0474,0.0000,200,1.4367
0.0024,0.0000,0.0000,0.0000,0.0023,0.0000,200,1.4840
0.0243,0.0000,0.0000,0.0001,0.0241,0.0000,200,1.4622
0.0115,0.0000,0.0000,0.0000,0.0115,0.0000,200,1.4749
0.0073,0.0000,0.0000,0.0000,0.0072,0.0000,200,1.4793
0.0127,0.0000,0.0000,0.0000,0.0124,0.0000,200,1.4739
0.0070,0.0000,0.0000,0.0000,0.0069,0.0000,200,1.4797
0.0032,0.0000,0.0000,0.0000,0.0031,0.0001,200,1.4835
0.0503,0.0000,0.0000,0.0000,0.0503,0.0000,200,1.4363
0.0156,0.0000,0.0000,0.0000,0.0156,0.0000,200,1.4711
0.0101,0.0000,0.0000,0.0000,0.0101,0.0001,200,1.4766
0.0091,0.0000,0.0000,0.0000,0.0090,0.0000,200,1.4777
0.0289,0.0000,0.0000,0.0000,0.0288,0.0000,200,1.4582
0.0294,0.0000,0.0000,0.0000,0.0293,0.0000,200,1.4580
0.0105,0.0000,0.0000,0.0000,0.0104,0.0001,200,1.4777
0.0457,0.0000,0.0000,0.0000,0.0456,0.0001,200,1.4432
0.0108,0.0000,0.0000,0.0000,0.0107,0.0000,200,1.4788
0.0322,0.0000,0.0000,0.0000,0.0322,0.0000,200,1.4581
0.0489,0.0000,0.0000,0.0000,0.0488,0.0000,200,1.4421
0.0115,0.0000,0.0000,0.0000,0.0114,0.0000,200,1.4803
0.0193,0.0000,0.0000,0.0000,0.0192,0.0000,200,1.4730
0.0433,0.0000,0.0000,0.0000,0.0431,0.0002,200,1.4497
0.0104,0.0000,0.0000,0.0000,0.0102,0.0001,200,1.4833
0.0174,0.0000,0.0000,0.0000,0.0174,0.0000,200,1.4770
0.0041,0.0000,0.0000,0.0000,0.0040,0.0000,200,1.4909
0.0038,0.0000,0.0000,0.0000,0.0037,0.0001,200,1.4918
0.0059,0.0000,0.0000,0.0000,0.0058,0.0000,200,1.4903
0.0242,0.0000,0.0000,0.0000,0.0241,0.0000,200,1.4726
0.0407,0.0000,0.0000,0.0000,0.0406,0.0000,200,1.4570
0.0400,0.0000,0.0000,0.0000,0.0400,0.0000,200,1.4583
0.0052,0.0000,0.0000,0.0000,0.0051,0.0000,200,1.4937
0.0106,0.0000,0.0000,0.0000,0.0105,0.0001,200,1.4889
0.0279,0.0000,0.0000,0.0000,0.0277,0.0001,200,1.4726
0.0145,0.0000,0.0000,0.0000,0.0144,0.0000,200,1.4866
0.0150,0.0000,0.0000,0.0000,0.0148,0.0002,200,1.4871
0.0077,0.0000,0.0000,0.0000,0.0076,0.0000,200,1.4950
0.0231,0.0000,0.0000,0.0000,0.0230,0.0000,200,1.4797
0.0266,0.0000,0.0000,0.0000,0.0264,0.0002,200,1.4762
0.0166,0.0000,0.0000,0.0000,0.0165,0.0001,200,1.4868
0.0168,0.0000,0.0000,0.0000,0.0167,0.0000,200,1.4867
0.0048,0.0000,0.0000,0.0000,0.0047,0.0000,200,1.4989
0.0200,0.0000,0.0000,0.0000,0.0199,0.0000,200,1.4841
0.0478,0.0000,0.0000,0.0000,0.0477,0.0000,200,1.4569
0.0024,0.0000,0.0000,0.0000,0.0023,0.0001,200,1.5028
0.0079,0.0000,0.0000,0.0000,0.0076,0.0002,200,1.4977
0.0429,0.0000,0.0000,0.0000,0.0414,0.0014,200,1.4629
0.0032,0.0000,0.0000,0.0000,0.0021,0.0011,200,1.5028
0.0216,0.0000,0.0000,0.0000,0.0216,0.0000,200,1.4865
0.0210,0.0000,0.0000,0.0000,0.0209,0.0001,200,1.4882
0.0460,0.0000,0.0000,0.0000,0.0459,0.0001,200,1.4661
0.0305,0.0000,0.0000,0.0000,0.0304,0.0000,200,1.4821
0.0093,0.0000,0.0000,0.0000,0.0093,0.0000,200,1.5033
0.0232,0.0000,0.0000,0.0001,0.0231,0.0000,200,1.4895
0.0198,0.0000,0.0000,0.0000,0.0197,0.0000,200,1.4930
0.0374,0.0000,0.0000,0.0000,0.0374,0.0000,200,1.4754
0.0070,0.0000,0.0000,0.0002,0.0067,0.0000,200,1.5058
0.0262,0.0000,0.0000,0.0000,0.0262,0.0000,200,1.4867
0.0474,0.0000,0.0000,0.0000,0.0474,0.0000,200,1.4655
0.0161,0.0000,0.0000,0.0000,0.0161,0.0000,200,1.4968
0.0093,0.0000,0.0000,0.0000,0.0092,0.0000,200,1.5037
0.0483,0.0000,0.0000,0.0004,0.0478,0.0000,200,1.4650
0.0307,0.0000,0.0000,0.0000,0.0306,0.0000,200,1.4828
0.0288,0.0000,0.0000,0.0000,0.0287,0.0001,200,1.4874
0.0047,0.0000,0.0000,0.0004,0.0041,0.0001,200,1.5121
0.0738,0.0000,0.0000,0.0000,0.0737,0.0001,200,1.4439
0.0158,0.0000,0.0000,0.0000,0.0157,0.0001,200,1.5027
0.0062,0.0000,0.0000,0.0000,0.0061,0.0001,200,1.5128
0.0525,0.0000,0.0000,0.0000,0.0524,0.0000,200,1.4667
0.0063,0.0000,0.0000,0.0000,0.0062,0.0000,200,1.5130
0.0068,0.0000,0.0000,0.0000,0.0067,0.0001,200,1.5128
0.0046,0.0000,0.0000,0.0000,0.0045,0.0001,200,1.5161
0.0166,0.0000,0.0000,0.0000,0.0165,0.0001,200,1.5056
0.0187,0.0000,0.0000,0.0000,0.0186,0.0000,200,1.5035
0.0359,0.0000,0.0000,0.0000,0.0358,0.0000,200,1.4868
0.0099,0.0000,0.0000,0.0000,0.0098,0.0001,200,1.5135
0.0161,0.0000,0.0000,0.0000,0.0160,0.0000,200,1.5081
0.0119,0.0000,0.0000,0.0000,0.0118,0.0000,200,1.5128
0.0384,0.0000,0.0000,0.0000,0.0384,0.0000,200,1.4867
0.0063,0.0000,0.0000,0.0000,0.0062,0.0000,200,1.5195
0.0029,0.0000,0.0000,0.0000,0.0028,0.0000,200,1.5234
0.0813,0.0000,0.0000,0.0000,0.0810,0.0000,200,1.4452
0.0267,0.0000,0.0000,0.0000,0.0265,0.0001,200,1.5005
0.0425,0.0000,0.0000,0.0000,0.0424,0.0000,200,1.4864
0.0116,0.0000,0.0000,0.0000,0.0114,0.0001,200,1.5177
0.0375,0.0000,0.0000,0.0000,0.0375,0.0000,200,1.4923
0.0799,0.0000,0.0000,0.0000,0.0797,0.0001,200,1.4499
0.0255,0.0000,0.0000,0.0001,0.0253,0.0001,200,1.5052
0.0267,0.0000,0.0000,0.0018,0.0249,0.0000,200,1.5042
0.0052,0.0000,0.0000,0.0000,0.0051,0.0001,200,1.5263
0.0094,0.0000,0.0000,0.0000,0.0094,0.0000,200,1.5222
0.0325,0.0000,0.0000,0.0000,0.0325,0.0000,200,1.5011
0.0172,0.0000,0.0000,0.0000,0.0171,0.0000,200,1.5168
0.0360,0.0000,0.0000,0.0000,0.0359,0.0000,200,1.4983
0.0049,0.0000,0.0000,0.0000,0.0047,0.0000,200,1.5298
0.0165,0.0000,0.0000,0.0000,0.0164,0.0001,200,1.5190
0.0060,0.0000,0.0000,0.0000,0.0060,0.0000,200,1.5316
0.1017,0.0000,0.0000,0.0000,0.1016,0.0000,200,1.4360
0.0192,0.0000,0.0000,0.0001,0.0191,0.0000,200,1.5185
0.0112,0.0000,0.0000,0.0000,0.0112,0.0000,200,1.5265
0.0249,0.0000,0.0000,0.0000,0.0249,0.0000,200,1.5128
0.0171,0.0000,0.0000,0.0001,0.0170,0.0000,200,1.5207
0.0434,0.0000,0.0000,0.0000,0.0433,0.0000,200,1.4944
0.0643,0.0000,0.0000,0.0000,0.0642,0.0001,200,1.4735
0.0518,0.0000,0.0000,0.0000,0.0517,0.0001,200,1.4866
0.0258,0.0000,0.0000,0.0000,0.0258,0.0000,200,1.5127
0.0085,0.0000,0.0000,0.0000,0.0083,0.0001,200,1.5309
0.0618,0.0000,0.0000,0.0002,0.0616,0.0000,200,1.4784
0.0183,0.0000,0.0000,0.0000,0.0182,0.0001,200,1.5226
0.0034,0.0000,0.0000,0.0000,0.0032,0.0001,200,1.5378
0.0284,0.0000,0.0000,0.0000,0.0283,0.0001,200,1.5129
0.0642,0.0000,0.0000,0.0000,0.0641,0.0000,200,1.4779
0.0051,0.0000,0.0000,0.0000,0.0050,0.0001,200,1.5377
0.0371,0.0000,0.0000,0.0002,0.0369,0.0000,200,1.5060
0.0118,0.0000,0.0000,0.0000,0.0112,0.0004,200,1.5315
0.0574,0.0000,0.0000,0.0002,0.0572,0.0000,200,1.4865
0.0029,0.0000,0.0000,0.0000,0.0028,0.0000,200,1.5412
0.0194,0.0000,0.0000,0.0000,0.0191,0.0003,200,1.5252
0.0646,0.0000,0.0000,0.0000,0.0645,0.0000,200,1.4800
0.0038,0.0000,0.0000,0.0000,0.0038,0.0000,200,1.5439
0.0134,0.0000,0.0000,0.0000,0.0134,0.0000,200,1.5343
0.0068,0.0000,0.0000,0.0002,0.0065,0.0000,200,1.5410
0.0348,0.0000,0.0000,0.0000,0.0347,0.0000,200,1.5130
0.0613,0.0000,0.0000,0.0000,0.0613,0.0000,200,1.4865
0.0350,0.0000,0.0000,0.0000,0.0350,0.0000,200,1.5129
0.0517,0.0000,0.0000,0.0000,0.0517,0.0000,200,1.4962
0.0458,0.0000,0.0000,0.0004,0.0453,0.0000,200,1.5021
0.0103,0.0000,0.0000,0.0000,0.0101,0.0000,200,1.5377
0.0021,0.0000,0.0000,0.0000,0.0020,0.0000,200,1.5477
0.0122,0.0000,0.0000,0.0000,0.0121,0.0000,200,1.5377
0.0366,0.0000,0.0000,0.0000,0.0365,0.0000,200,1.5133
0.0277,0.0000,0.0000,0.0000,0.0276,0.0000,200,1.5222
0.0307,0.0000,0.0000,0.0000,0.0306,0.0000,200,1.5192
0.0160,0.0000,0.0000,0.0000,0.0159,0.0000,200,1.5340
0.0224,0.0000,0.0000,0.0000,0.0223,0.0001,200,1.5293
0.0133,0.0000,0.0000,0.0000,0.0132,0.0000,200,1.5385
0.0141,0.0000,0.0000,0.0000,0.0141,0.0000,200,1.5377
0.0098,0.0000,0.0000,0.0000,0.0096,0.0000,200,1.5421
0.0161,0.0000,0.0000,0.0000,0.0160,0.0001,200,1.5378
0.0591,0.0000,0.0000,0.0000,0.0588,0.0001,200,1.4956
0.0067,0.0000,0.0000,0.0000,0.0062,0.0004,200,1.5480
0.0248,0.0000,0.0000,0.0000,0.0246,0.0000,200,1.5299
0.0204,0.0000,0.0000,0.0000,0.0202,0.0001,200,1.5348
0.0062,0.0000,0.0000,0.0000,0.0061,0.0001,200,1.5500
0.0572,0.0000,0.0000,0.0000,0.0569,0.0000,200,1.4996
0.0168,0.0000,0.0000,0.0000,0.0167,0.0000,200,1.5402
0.0055,0.0000,0.0000,0.0000,0.0055,0.0000,200,1.5519
0.0027,0.0000,0.0000,0.0000,0.0026,0.0000,200,1.5552
0.0201,0.0000,0.0000,0.0000,0.0198,0.0002,200,1.5384
0.0145,0.0000,0.0000,0.0000,0.0144,0.0000,200,1.5445
0.0218,0.0000,0.0000,0.0000,0.0218,0.0000,200,1.5378
0.0081,0.0000,0.0000,0.0000,0.0078,0.0000,200,1.5519
0.0555,0.0000,0.0000,0.0000,0.0553,0.0001,200,1.5047
0.0349,0.0000,0.0000,0.0000,0.0348,0.0001,200,1.5259
0.0238,0.0000,0.0000,0.0000,0.0237,0.0001,200,1.5394
0.0027,0.0000,0.0000,0.0000,0.0026,0.0000,200,1.5608
0.0204,0.0000,0.0000,0.0000,0.0204,0.0000,200,1.5433
0.0546,0.0000,0.0000,0.0000,0.0545,0.0000,200,1.5092
0.0305,0.0000,0.0000,0.0000,0.0303,0.0002,200,1.5337
0.0169,0.0000,0.0000,0.0000,0.0168,0.0000,200,1.5480
0.0893,0.0000,0.0000,0.0000,0.0892,0.0001,200,1.4759
0.0417,0.0000,0.0000,0.0000,0.0416,0.0001,200,1.5242
0.0219,0.0000,0.0000,0.0000,0.0219,0.0001,200,1.5446
0.0292,0.0000,0.0000,0.0000,0.0291,0.0000,200,1.5378
0.0194,0.0000,0.0000,0.0000,0.0193,0.0001,200,1.5479
0.0921,0.0000,0.0000,0.0000,0.0921,0.0000,200,1.4754
0.0160,0.0000,0.0000,0.0001,0.0158,0.0000,200,1.5518
0.0034,0.0000,0.0000,0.0000,0.0032,0.0001,200,1.5651
0.0168,0.0000,0.0000,0.0000,0.0168,0.0000,200,1.5517
0.0114,0.0000,0.0000,0.0000,0.0113,0.0001,200,1.5574
0.0123,0.0000,0.0000,0.0000,0.0123,0.0000,200,1.5570
0.0272,0.0000,0.0000,0.0000,0.0270,0.0001,200,1.5428
0.0209,0.0000,0.0000,0.0000,0.0208,0.0000,200,1.5498
0.0905,0.0000,0.0000,0.0000,0.0904,0.0000,200,1.4805
0.0050,0.0000,0.0000,0.0000,0.0049,0.0001,200,1.5665
0.0043,0.0000,0.0000,0.0000,0.0042,0.0001,200,1.5678
0.0456,0.0000,0.0000,0.0000,0.0455,0.0000,200,1.5272
0.0162,0.0000,0.0000,0.0000,0.0161,0.0000,200,1.5568
0.0030,0.0000,0.0000,0.0001,0.0029,0.0000,200,1.5700
0.0058,0.0000,0.0000,0.0000,0.0057,0.0001,200,1.5675
0.0161,0.0000,0.0000,0.0000,0.0160,0.0000,200,1.5578
0.0247,0.0000,0.0000,0.0000,0.0246,0.0001,200,1.5499
0.0063,0.0000,0.0000,0.0000,0.0062,0.0000,200,1.5688
0.0209,0.0000,0.0000,0.0000,0.0208,0.0001,200,1.5546
0.0215,0.0000,0.0000,0.0000,0.0214,0.0001,200,1.5547
0.0291,0.0000,0.0000,0.0000,0.0289,0.0000,200,1.5477
0.0223,0.0000,0.0000,0.0000,0.0218,0.0001,200,1.5547
0.0211,0.0000,0.0000,0.0000,0.0209,0.0001,200,1.5562
0.0472,0.0000,0.0000,0.0000,0.0471,0.0000,200,1.5307
0.0069,0.0000,0.0000,0.0000,0.0068,0.0001,200,1.5720
0.0295,0.0000,0.0000,0.0000,0.0294,0.0000,200,1.5499
0.0135,0.0000,0.0000,0.0000,0.0134,0.0000,200,1.5659
0.0332,0.0000,0.0000,0.0001,0.0330,0.0000,200,1.5477
0.0525,0.0000,0.0000,0.0000,0.0524,0.0000,200,1.5289
0.0403,0.0000,0.0000,0.0000,0.0400,0.0003,200,1.5413
0.0172,0.0000,0.0000,0.0000,0.0171,0.0001,200,1.5648
0.0186,0.0000,0.0000,0.0000,0.0186,0.0000,200,1.5639
0.0332,0.0000,0.0000,0.0000,0.0332,0.0000,200,1.5499
0.0069,0.0000,0.0000,0.0000,0.0068,0.0001,200,1.5768
0.0649,0.0000,0.0000,0.0000,0.0649,0.0000,200,1.5193
0.0092,0.0000,0.0000,0.0001,0.0091,0.0000,200,1.5755
0.0164,0.0000,0.0000,0.0001,0.0162,0.0000,200,1.5685
0.0013,0.0000,0.0000,0.0000,0.0012,0.0000,200,1.5838
0.0116,0.0000,0.0000,0.0000,0.0115,0.0000,200,1.5739
0.0109,0.0000,0.0000,0.0000,0.0108,0.0000,200,1.5751
0.0101,0.0000,0.0000,0.0000,0.0100,0.0001,200,1.5762
0.0653,0.0000,0.0000,0.0000,0.0651,0.0002,200,1.5247
0.0107,0.0000,0.0000,0.0000,0.0104,0.0002,200,1.5794
0.0311,0.0000,0.0000,0.0000,0.0308,0.0002,200,1.5591
0.0260,0.0000,0.0000,0.0000,0.0257,0.0003,200,1.5642
0.0194,0.0000,0.0000,0.0000,0.0193,0.0000,200,1.5709
0.0050,0.0000,0.0000,0.0000,0.0050,0.0000,200,1.5855
0.0087,0.0000,0.0000,0.0000,0.0086,0.0000,200,1.5820
0.0783,0.0000,0.0000,0.0000,0.0783,0.0000,200,1.5127
0.0056,0.0000,0.0000,0.0000,0.0055,0.0000,200,1.5863
0.0104,0.0000,0.0000,0.0000,0.0104,0.0000,200,1.5816
0.0177,0.0000,0.0000,0.0000,0.0177,0.0000,200,1.5745
0.0390,0.0000,0.0000,0.0000,0.0383,0.0000,200,1.5539
0.0296,0.0000,0.0000,0.0000,0.0296,0.0000,200,1.5634
0.0502,0.0000,0.0000,0.0000,0.0502,0.0001,200,1.5431
0.0087,0.0000,0.0000,0.0000,0.0086,0.0001,200,1.5849
0.0095,0.0000,0.0000,0.0000,0.0093,0.0001,200,1.5847
0.0035,0.0000,0.0000,0.0000,0.0035,0.0000,200,1.5907
0.0352,0.0000,0.0000,0.0000,0.0351,0.0000,200,1.5597
0.0136,0.0000,0.0000,0.0000,0.0136,0.0000,200,1.5814
0.0262,0.0000,0.0000,0.0000,0.0261,0.0000,200,1.5693
0.0482,0.0000,0.0000,0.0000,0.0480,0.0001,200,1.5478
0.0074,0.0000,0.0000,0.0000,0.0062,0.0012,200,1.5903
0.0341,0.0000,0.0000,0.0000,0.0340,0.0000,200,1.5637
0.0377,0.0000,0.0000,0.0000,0.0376,0.0000,200,1.5602
0.0078,0.0000,0.0000,0.0000,0.0077,0.0000,200,1.5900
0.0039,0.0000,0.0000,0.0000,0.0036,0.0003,200,1.5943
0.0152,0.0000,0.0000,0.0000,0.0152,0.0000,200,1.5831
0.0060,0.0000,0.0000,0.0000,0.0058,0.0002,200,1.5930
0.0510,0.0000,0.0000,0.0000,0.0509,0.0001,200,1.5499
0.0284,0.0000,0.0000,0.0000,0.0282,0.0002,200,1.5728
0.0170,0.0000,0.0000,0.0000,0.0170,0.0000,200,1.5842
0.0129,0.0000,0.0000,0.0000,0.0116,0.0013,200,1.5905
0.0245,0.0000,0.0000,0.0000,0.0244,0.0000,200,1.5794
0.0108,0.0000,0.0000,0.0000,0.0107,0.0000,200,1.5931
0.0306,0.0000,0.0000,0.0000,0.0305,0.0000,200,1.5733
0.0365,0.0000,0.0000,0.0000,0.0364,0.0000,200,1.5674
0.0566,0.0000,0.0000,0.0000,0.0565,0.0001,200,1.5479
0.0321,0.0000,0.0000,0.0000,0.0320,0.0000,200,1.5730
0.0131,0.0000,0.0000,0.0000,0.0129,0.0000,200,1.5920
0.0150,0.0000,0.0000,0.0000,0.0149,0.0000,200,1.5902
0.0045,0.0000,0.0000,0.0000,0.0044,0.0000,200,1.6012
0.0135,0.0000,0.0000,0.0000,0.0134,0.0000,200,1.5923
0.0177,0.0000,0.0000,0.0000,0.0176,0.0000,200,1.5901
0.0034,0.0000,0.0000,0.0000,0.0033,0.0000,200,1.6045
0.0255,0.0000,0.0000,0.0000,0.0255,0.0000,200,1.5825
0.0396,0.0000,0.0000,0.0000,0.0396,0.0000,200,1.5685
0.0031,0.0000,0.0000,0.0000,0.0030,0.0000,200,1.6051
0.0048,0.0000,0.0000,0.0000,0.0047,0.0000,200,1.6035
0.0164,0.0000,0.0000,0.0000,0.0163,0.0000,200,1.5919
0.0093,0.0000,0.0000,0.0000,0.0092,0.0000,200,1.5990
0.0314,0.0000,0.0000,0.0000,0.0313,0.0001,200,1.5772
0.0149,0.0000,0.0000,0.0000,0.0149,0.0000,200,1.5942
0.0057,0.0000,0.0000,0.0000,0.0056,0.0000,200,1.6039
0.0042,0.0000,0.0000,0.0000,0.0041,0.0000,200,1.6058
0.0252,0.0000,0.0000,0.0000,0.0252,0.0000,200,1.5851
0.0031,0.0000,0.0000,0.0000,0.0030,0.0001,200,1.6079
0.0179,0.0000,0.0000,0.0000,0.0178,0.0000,200,1.5949
0.0019,0.0000,0.0000,0.0000,0.0018,0.0000,200,1.6109
0.0651,0.0000,0.0000,0.0000,0.0637,0.0014,200,1.5478
0.0227,0.0000,0.0000,0.0000,0.0226,0.0000,200,1.5902
0.0126,0.0000,0.0000,0.0000,0.0126,0.0000,200,1.6012
0.0513,0.0000,0.0000,0.0000,0.0512,0.0000,200,1.5633
0.0417,0.0000,0.0000,0.0000,0.0416,0.0001,200,1.5730
0.0342,0.0000,0.0000,0.0000,0.0341,0.0000,200,1.5810
0.0224,0.0000,0.0000,0.0000,0.0223,0.0000,200,1.5934
0.0391,0.0000,0.0000,0.0000,0.0390,0.0000,200,1.5770
0.0232,0.0000,0.0000,0.0000,0.0232,0.0000,200,1.5936
0.0193,0.0000,0.0000,0.0000,0.0192,0.0000,200,1.5978
0.0502,0.0000,0.0000,0.0000,0.0502,0.0000,200,1.5670
0.0080,0.0000,0.0000,0.0000,0.0079,0.0001,200,1.6099
0.0148,0.0000,0.0000,0.0000,0.0148,0.0000,200,1.6039
0.0230,0.0000,0.0000,0.0000,0.0228,0.0000,200,1.5960
0.0402,0.0000,0.0000,0.0000,0.0401,0.0000,200,1.5789
0.0143,0.0000,0.0000,0.0000,0.0143,0.0000,200,1.6052
0.0043,0.0000,0.0000,0.0000,0.0042,0.0000,200,1.6157
0.0294,0.0000,0.0000,0.0000,0.0293,0.0001,200,1.5910
0.0206,0.0000,0.0000,0.0000,0.0205,0.0000,200,1.6009
0.0185,0.0000,0.0000,0.0000,0.0183,0.0001,200,1.6039
0.0785,0.0000,0.0000,0.0000,0.0784,0.0001,200,1.5441
0.0307,0.0000,0.0000,0.0000,0.0248,0.0058,200,1.5984
0.0239,0.0000,0.0000,0.0000,0.0239,0.0000,200,1.6052
0.0121,0.0000,0.0000,0.0000,0.0121,0.0000,200,1.6171
0.0197,0.0000,0.0000,0.0000,0.0196,0.0000,200,1.6095
0.0315,0.0000,0.0000,0.0000,0.0315,0.0000,200,1.5978
0.0938,0.0000,0.0000,0.0000,0.0938,0.0000,200,1.5355
0.0516,0.0000,0.0000,0.0000,0.0515,0.0000,200,1.5779
0.0340,0.0000,0.0000,0.0000,0.0339,0.0000,200,1.5955
0.0240,0.0000,0.0000,0.0000,0.0238,0.0001,200,1.6057
0.0320,0.0000,0.0000,0.0000,0.0319,0.0000,200,1.5978
0.0699,0.0000,0.0000,0.0000,0.0697,0.0002,200,1.5600
0.0113,0.0000,0.0000,0.0000,0.0112,0.0000,200,1.6187
0.0320,0.0000,0.0000,0.0000,0.0318,0.0001,200,1.5982
0.0143,0.0000,0.0000,0.0000,0.0142,0.0000,200,1.6168
0.0609,0.0000,0.0000,0.0000,0.0608,0.0001,200,1.5716
0.0241,0.0000,0.0000,0.0000,0.0241,0.0000,200,1.6092
0.0164,0.0000,0.0000,0.0000,0.0162,0.0001,200,1.6204
0.0145,0.0000,0.0000,0.0000,0.0143,0.0001,200,1.6223
0.0208,0.0000,0.0000,0.0000,0.0207,0.0000,200,1.6161
0.0084,0.0000,0.0000,0.0000,0.0083,0.0001,200,1.6290
0.0274,0.0000,0.0000,0.0000,0.0273,0.0000,200,1.6129
0.0325,0.0000,0.0000,0.0000,0.0325,0.0001,200,1.6081
0.0118,0.0000,0.0000,0.0000,0.0118,0.0000,200,1.6292
0.0111,0.0000,0.0000,0.0000,0.0110,0.0000,200,1.6300
0.0221,0.0000,0.0000,0.0000,0.0220,0.0000,200,1.6191
0.0200,0.0000,0.0000,0.0000,0.0199,0.0000,200,1.6215
0.0833,0.0000,0.0000,0.0000,0.0832,0.0000,200,1.5585
0.0758,0.0000,0.0000,0.0000,0.0757,0.0001,200,1.5707
0.0058,0.0000,0.0000,0.0000,0.0057,0.0001,200,1.6407
0.0338,0.0000,0.0000,0.0000,0.0336,0.0001,200,1.6127
0.0388,0.0000,0.0000,0.0000,0.0386,0.0002,200,1.6078
0.0061,0.0000,0.0000,0.0000,0.0060,0.0001,200,1.6411
0.0184,0.0000,0.0000,0.0000,0.0183,0.0000,200,1.6296
0.0020,0.0000,0.0000,0.0000,0.0019,0.0001,200,1.6465
0.0027,0.0000,0.0000,0.0001,0.0025,0.0001,200,1.6465
0.0125,0.0000,0.0000,0.0000,0.0124,0.0001,200,1.6374
0.0024,0.0000,0.0000,0.0000,0.0023,0.0001,200,1.6480
0.0435,0.0000,0.0000,0.0000,0.0433,0.0002,200,1.6080
0.0326,0.0000,0.0000,0.0000,0.0326,0.0000,200,1.6190
0.0234,0.0000,0.0000,0.0004,0.0229,0.0000,200,1.6293
0.0398,0.0000,0.0000,0.0000,0.0398,0.0000,200,1.6129
0.0029,0.0000,0.0000,0.0001,0.0027,0.0000,200,1.6499
0.0165,0.0000,0.0000,0.0000,0.0165,0.0000,200,1.6369
0.0221,0.0000,0.0000,0.0000,0.0216,0.0004,200,1.6325
0.0259,0.0000,0.0000,0.0000,0.0255,0.0004,200,1.6298
0.0194,0.0000,0.0000,0.0000,0.0193,0.0000,200,1.6368
0.0083,0.0000,0.0000,0.0000,0.0082,0.0000,200,1.6485
0.0273,0.0000,0.0000,0.0000,0.0269,0.0003,200,1.6302
0.0424,0.0000,0.0000,0.0000,0.0423,0.0000,200,1.6151
0.0295,0.0000,0.0000,0.0000,0.0292,0.0003,200,1.6292
0.0401,0.0000,0.0000,0.0000,0.0399,0.0002,200,1.6195
0.0651,0.0000,0.0000,0.0000,0.0650,0.0000,200,1.5951
0.0305,0.0000,0.0000,0.0000,0.0304,0.0000,200,1.6299
0.0297,0.0000,0.0000,0.0000,0.0297,0.0001,200,1.6311
0.0493,0.0000,0.0000,0.0000,0.0490,0.0003,200,1.6129
0.0225,0.0000,0.0000,0.0000,0.0224,0.0000,200,1.6403
0.0304,0.0000,0.0000,0.0000,0.0301,0.0003,200,1.6333
0.0080,0.0000,0.0000,0.0000,0.0078,0.0001,200,1.6562
0.0509,0.0000,0.0000,0.0000,0.0508,0.0001,200,1.6139
0.0140,0.0000,0.0000,0.0000,0.0139,0.0001,200,1.6516
0.0086,0.0000,0.0000,0.0000,0.0084,0.0001,200,1.6575
0.0591,0.0000,0.0000,0.0000,0.0588,0.0003,200,1.6083
0.0203,0.0000,0.0000,0.0001,0.0200,0.0001,200,1.6504
0.0087,0.0000,0.0000,0.0000,0.0086,0.0000,200,1.6622
0.0636,0.0000,0.0000,0.0000,0.0635,0.0001,200,1.6082
0.0584,0.0000,0.0000,0.0000,0.0583,0.0000,200,1.6146
0.0252,0.0000,0.0000,0.0001,0.0250,0.0001,200,1.6546
0.0631,0.0000,0.0000,0.0000,0.0630,0.0001,200,1.6226
0.0443,0.0000,0.0000,0.0000,0.0442,0.0000,200,1.6414
0.0270,0.0000,0.0000,0.0000,0.0270,0.0000,200,1.6587
0.0330,0.0000,0.0000,0.0000,0.0328,0.0002,200,1.6528
0.0211,0.0000,0.0000,0.0000,0.0210,0.0000,200,1.6648
0.0198,0.0000,0.0000,0.0000,0.0197,0.0000,200,1.6661
0.0568,0.0000,0.0000,0.0000,0.0568,0.0000,200,1.6291
0.0062,0.0000,0.0000,0.0001,0.0060,0.0000,200,1.6798
0.0332,0.0000,0.0000,0.0000,0.0332,0.0000,200,1.6528
0.0688,0.0000,0.0000,0.0000,0.0688,0.0000,200,1.6172
0.0154,0.0000,0.0000,0.0000,0.0153,0.0000,200,1.6707
0.0390,0.0000,0.0000,0.0000,0.0389,0.0000,200,1.6471
0.0567,0.0000,0.0000,0.0000,0.0567,0.0000,200,1.6295
0.0450,0.0000,0.0000,0.0000,0.0450,0.0000,200,1.6412
0.0328,0.0000,0.0000,0.0000,0.0327,0.0000,200,1.6535
0.0189,0.0000,0.0000,0.0000,0.0181,0.0000,200,1.6674
0.0761,0.0000,0.0000,0.0000,0.0760,0.0000,200,1.6103
0.0208,0.0000,0.0000,0.0000,0.0208,0.0000,200,1.6656
0.0399,0.0000,0.0000,0.0000,0.0398,0.0000,200,1.6466
0.0400,0.0000,0.0000,0.0000,0.0400,0.0000,200,1.6465
0.0666,0.0000,0.0000,0.0000,0.0665,0.0000,200,1.6200
0.0351,0.0000,0.0000,0.0000,0.0350,0.0000,200,1.6516
0.0456,0.0000,0.0000,0.0000,0.0455,0.0000,200,1.6411
0.0240,0.0000,0.0000,0.0000,0.0239,0.0000,200,1.6628
0.0573,0.0000,0.0000,0.0000,0.0568,0.0000,200,1.6295
0.0227,0.0000,0.0000,0.0000,0.0226,0.0000,200,1.6641
0.0139,0.0000,0.0000,0.0000,0.0138,0.0000,200,1.6730
0.0576,0.0000,0.0000,0.0000,0.0575,0.0000,200,1.6293
0.0161,0.0000,0.0000,0.0000,0.0160,0.0000,200,1.6708
0.0893,0.0000,0.0000,0.0000,0.0892,0.0000,200,1.5977
0.0266,0.0000,0.0000,0.0000,0.0266,0.0000,200,1.6604
0.0303,0.0000,0.0000,0.0000,0.0302,0.0000,200,1.6568
0.0344,0.0000,0.0000,0.0000,0.0343,0.0000,200,1.6527
0.0270,0.0000,0.0000,0.0000,0.0269,0.0000,200,1.6601
0.0454,0.0000,0.0000,0.0000,0.0453,0.0000,200,1.6418
0.0786,0.0000,0.0000,0.0000,0.0785,0.0000,200,1.6086
0.1013,0.0000,0.0000,0.0000,0.1013,0.0000,200,1.5859
0.0381,0.0000,0.0000,0.0000,0.0380,0.0000,200,1.6492
0.0791,0.0000,0.0000,0.0000,0.0791,0.0000,200,1.6082
0.0506,0.0000,0.0000,0.0000,0.0505,0.0000,200,1.6368
0.0727,0.0000,0.0000,0.0000,0.0727,0.0000,200,1.6147
0.0156,0.0000,0.0000,0.0000,0.0149,0.0006,200,1.6718
0.0266,0.0000,0.0000,0.0003,0.0261,0.0000,200,1.6608
0.0318,0.0000,0.0000,0.0000,0.0318,0.0000,200,1.6557
0.0793,0.0000,0.0000,0.0000,0.0782,0.0010,200,1.6083
0.0697,0.0000,0.0000,0.0001,0.0695,0.0000,200,1.6179
0.0306,0.0000,0.0000,0.0002,0.0302,0.0001,200,1.6575
0.0251,0.0000,0.0000,0.0000,0.0250,0.0000,200,1.6637
0.0298,0.0000,0.0000,0.0000,0.0297,0.0000,200,1.6596
0.0870,0.0000,0.0000,0.0000,0.0869,0.0001,200,1.6039
0.0043,0.0000,0.0000,0.0000,0.0042,0.0001,200,1.6873
0.0052,0.0000,0.0000,0.0000,0.0051,0.0000,200,1.6872
0.0066,0.0000,0.0000,0.0000,0.0064,0.0001,200,1.6864
0.0077,0.0000,0.0000,0.0000,0.0076,0.0001,200,1.6859
0.0078,0.0000,0.0000,0.0000,0.0077,0.0000,200,1.6865
0.0092,0.0000,0.0000,0.0000,0.0090,0.0002,200,1.6861
0.0097,0.0000,0.0000,0.0000,0.0096,0.0000,200,1.6861
0.0035,0.0000,0.0000,0.0000,0.0033,0.0002,200,1.6930
0.0018,0.0000,0.0000,0.0000,0.0017,0.0001,200,1.6953
0.0117,0.0000,0.0000,0.0000,0.0116,0.0001,200,1.6864
0.0121,0.0000,0.0000,0.0000,0.0120,0.0000,200,1.6865
0.0114,0.0000,0.0000,0.0000,0.0113,0.0001,200,1.6881
0.0138,0.0000,0.0000,0.0000,0.0138,0.0000,200,1.6858
0.0131,0.0000,0.0000,0.0000,0.0131,0.0000,200,1.6866
0.0030,0.0000,0.0000,0.0001,0.0029,0.0000,200,1.6971
0.0118,0.0000,0.0000,0.0000,0.0117,0.0000,200,1.6888
0.0146,0.0000,0.0000,0.0000,0.0145,0.0001,200,1.6867
0.0159,0.0000,0.0000,0.0000,0.0158,0.0001,200,1.6861
0.0156,0.0000,0.0000,0.0000,0.0155,0.0001,200,1.6869
0.0122,0.0000,0.0000,0.0000,0.0121,0.0001,200,1.6909
0.0099,0.0000,0.0000,0.0000,0.0098,0.0000,200,1.6957
0.0032,0.0000,0.0000,0.0001,0.0031,0.0000,200,1.7025
0.0198,0.0000,0.0000,0.0000,0.0197,0.0001,200,1.6859
0.0190,0.0000,0.0000,0.0000,0.0189,0.0000,200,1.6868
0.0058,0.0000,0.0000,0.0000,0.0057,0.0000,200,1.7001
0.0183,0.0000,0.0000,0.0000,0.0183,0.0000,200,1.6875
0.0197,0.0000,0.0000,0.0000,0.0196,0.0000,200,1.6862
0.0203,0.0000,0.0000,0.0000,0.0201,0.0002,200,1.6858
0.0126,0.0000,0.0000,0.0000,0.0125,0.0001,200,1.6943
0.0067,0.0000,0.0000,0.0000,0.0066,0.0000,200,1.7006
0.0206,0.0000,0.0000,0.0000,0.0205,0.0000,200,1.6872
0.0221,0.0000,0.0000,0.0000,0.0220,0.0000,200,1.6857
0.0208,0.0000,0.0000,0.0000,0.0208,0.0001,200,1.6874
0.0075,0.0000,0.0000,0.0000,0.0073,0.0001,200,1.7013
0.0223,0.0000,0.0000,0.0000,0.0222,0.0000,200,1.6871
0.0080,0.0000,0.0000,0.0000,0.0078,0.0002,200,1.7020
0.0231,0.0000,0.0000,0.0000,0.0231,0.0000,200,1.6869
0.0193,0.0000,0.0000,0.0000,0.0192,0.0001,200,1.6916
0.0058,0.0000,0.0000,0.0000,0.0055,0.0003,200,1.7058
0.0049,0.0000,0.0000,0.0000,0.0047,0.0001,200,1.7070
0.0254,0.0000,0.0000,0.0000,0.0252,0.0002,200,1.6872
0.0266,0.0000,0.0000,0.0000,0.0264,0.0001,200,1.6867
0.0260,0.0000,0.0000,0.0000,0.0259,0.0001,200,1.6874
0.0068,0.0000,0.0000,0.0000,0.0067,0.0000,200,1.7073
0.0025,0.0000,0.0000,0.0000,0.0023,0.0000,200,1.7118
0.0027,0.0000,0.0000,0.0000,0.0027,0.0000,200,1.7116
0.0151,0.0000,0.0000,0.0000,0.0151,0.0000,200,1.6995
0.0282,0.0000,0.0000,0.0000,0.0281,0.0000,200,1.6869
0.0281,0.0000,0.0000,0.0000,0.0280,0.0000,200,1.6874
0.0099,0.0000,0.0000,0.0000,0.0099,0.0000,200,1.7058
0.0298,0.0000,0.0000,0.0000,0.0297,0.0001,200,1.6863
0.0310,0.0000,0.0000,0.0000,0.0309,0.0000,200,1.6858
0.0015,0.0000,0.0000,0.0005,0.0009,0.0000,200,1.7155
0.0301,0.0000,0.0000,0.0000,0.0300,0.0001,200,1.6871
0.0118,0.0000,0.0000,0.0000,0.0117,0.0000,200,1.7057
0.0018,0.0000,0.0000,0.0000,0.0017,0.0001,200,1.7161
0.0030,0.0000,0.0000,0.0000,0.0029,0.0000,200,1.7151
0.0331,0.0000,0.0000,0.0000,0.0328,0.0001,200,1.6857
0.0075,0.0000,0.0000,0.0000,0.0074,0.0000,200,1.7134
0.0229,0.0000,0.0000,0.0000,0.0228,0.0000,200,1.6981
0.0111,0.0000,0.0000,0.0000,0.0108,0.0000,200,1.7100
0.0226,0.0000,0.0000,0.0001,0.0225,0.0000,200,1.6985
0.0130,0.0000,0.0000,0.0000,0.0129,0.0000,200,1.7082
0.0216,0.0000,0.0000,0.0000,0.0215,0.0000,200,1.6997
0.0353,0.0000,0.0000,0.0000,0.0352,0.0001,200,1.6860
0.0337,0.0000,0.0000,0.0000,0.0337,0.0001,200,1.6875
0.0070,0.0000,0.0000,0.0000,0.0070,0.0000,200,1.7143
0.0183,0.0000,0.0000,0.0000,0.0182,0.0000,200,1.7031
0.0047,0.0000,0.0000,0.0000,0.0046,0.0001,200,1.7170
0.0047,0.0000,0.0000,0.0000,0.0045,0.0002,200,1.7175
0.0150,0.0000,0.0000,0.0000,0.0149,0.0000,200,1.7078
0.0022,0.0000,0.0000,0.0000,0.0021,0.0000,200,1.7209
0.0180,0.0000,0.0000,0.0000,0.0180,0.0000,200,1.7057
0.0065,0.0000,0.0000,0.0000,0.0062,0.0002,200,1.7172
0.0185,0.0000,0.0000,0.0000,0.0184,0.0001,200,1.7058
0.0106,0.0000,0.0000,0.0003,0.0102,0.0001,200,1.7144
0.0047,0.0000,0.0000,0.0000,0.0046,0.0000,200,1.7210
0.0129,0.0000,0.0000,0.0000,0.0128,0.0000,200,1.7133
0.0301,0.0000,0.0000,0.0000,0.0300,0.0000,200,1.6967
0.0351,0.0000,0.0000,0.0000,0.0350,0.0000,200,1.6924
0.0178,0.0000,0.0000,0.0000,0.0174,0.0000,200,1.7101
0.0420,0.0000,0.0000,0.0000,0.0419,0.0001,200,1.6860
0.0226,0.0000,0.0000,0.0000,0.0225,0.0001,200,1.7061
0.0080,0.0000,0.0000,0.0000,0.0079,0.0001,200,1.7213
0.0141,0.0000,0.0000,0.0000,0.0140,0.0000,200,1.7157
0.0056,0.0000,0.0000,0.0000,0.0055,0.0000,200,1.7244
0.0194,0.0000,0.0000,0.0000,0.0194,0.0000,200,1.7110
0.0232,0.0000,0.0000,0.0000,0.0232,0.0000,200,1.7078
0.0082,0.0000,0.0000,0.0000,0.0079,0.0003,200,1.7230
0.0223,0.0000,0.0000,0.0000,0.0222,0.0000,200,1.7094
0.0433,0.0000,0.0000,0.0000,0.0428,0.0004,200,1.6894
0.0181,0.0000,0.0000,0.0000,0.0181,0.0000,200,1.7146
0.0024,0.0000,0.0000,0.0001,0.0023,0.0000,200,1.7310
0.0035,0.0000,0.0000,0.0000,0.0034,0.0000,200,1.7299
0.0215,0.0000,0.0000,0.0000,0.0213,0.0001,200,1.7127
0.0093,0.0000,0.0000,0.0000,0.0092,0.0000,200,1.7274
0.0053,0.0000,0.0000,0.0000,0.0052,0.0000,200,1.7316
0.0027,0.0000,0.0000,0.0000,0.0024,0.0002,200,1.7342
0.0035,0.0000,0.0000,0.0000,0.0035,0.0000,200,1.7334
0.0065,0.0000,0.0000,0.0000,0.0065,0.0000,200,1.7304
0.0203,0.0000,0.0000,0.0000,0.0202,0.0000,200,1.7167
0.0142,0.0000,0.0000,0.0000,0.0142,0.0000,200,1.7228
0.0073,0.0000,0.0000,0.0000,0.0072,0.0001,200,1.7298
0.0283,0.0000,0.0000,0.0000,0.0283,0.0000,200,1.7088
0.0061,0.0000,0.0000,0.0000,0.0059,0.0001,200,1.7317
0.0011,0.0000,0.0000,0.0000,0.0010,0.0000,200,1.7369
0.0175,0.0000,0.0000,0.0000,0.0175,0.0000,200,1.7211
0.0018,0.0000,0.0000,0.0000,0.0018,0.0000,200,1.7370
0.0541,0.0000,0.0000,0.0000,0.0539,0.0000,200,1.6876
0.0156,0.0000,0.0000,0.0001,0.0154,0.0000,200,1.7262
0.0277,0.0000,0.0000,0.0000,0.0276,0.0001,200,1.7141
0.0150,0.0000,0.0000,0.0000,0.0149,0.0000,200,1.7268
0.0161,0.0000,0.0000,0.0000,0.0159,0.0002,200,1.7257
0.0193,0.0000,0.0000,0.0000,0.0192,0.0000,200,1.7237
0.0356,0.0000,0.0000,0.0000,0.0355,0.0001,200,1.7181
0.0151,0.0000,0.0000,0.0000,0.0150,0.0001,200,1.7386
0.0668,0.0000,0.0000,0.0000,0.0667,0.0000,200,1.6870
0.0121,0.0000,0.0000,0.0000,0.0117,0.0000,200,1.7418
0.0327,0.0000,0.0000,0.0000,0.0324,0.0002,200,1.7212
0.0159,0.0000,0.0000,0.0000,0.0158,0.0000,200,1.7380
0.0665,0.0000,0.0000,0.0000,0.0664,0.0000,200,1.6875
0.0285,0.0000,0.0000,0.0000,0.0284,0.0001,200,1.7334
0.0436,0.0000,0.0000,0.0001,0.0434,0.0001,200,1.7188
0.0277,0.0000,0.0000,0.0000,0.0276,0.0000,200,1.7371
0.0436,0.0000,0.0000,0.0000,0.0434,0.0000,200,1.7213
0.0218,0.0000,0.0000,0.0000,0.0218,0.0000,200,1.7430
0.0321,0.0000,0.0000,0.0000,0.0320,0.0001,200,1.7327
0.0441,0.0000,0.0000,0.0000,0.0440,0.0000,200,1.7211
0.0596,0.0000,0.0000,0.0000,0.0596,0.0000,200,1.7058
0.0436,0.0000,0.0000,0.0000,0.0435,0.0000,200,1.7222
0.0421,0.0000,0.0000,0.0000,0.0420,0.0000,200,1.7237
0.0241,0.0000,0.0000,0.0000,0.0240,0.0000,200,1.7417
0.0280,0.0000,0.0000,0.0001,0.0279,0.0000,200,1.7378
0.0446,0.0000,0.0000,0.0000,0.0446,0.0000,200,1.7213
0.0448,0.0000,0.0000,0.0000,0.0447,0.0001,200,1.7212
0.0468,0.0000,0.0000,0.0000,0.0467,0.0001,200,1.7213
0.0313,0.0000,0.0000,0.0000,0.0313,0.0000,200,1.7371
0.0366,0.0000,0.0000,0.0000,0.0365,0.0001,200,1.7328
0.0699,0.0000,0.0000,0.0000,0.0698,0.0000,200,1.6997
0.0164,0.0000,0.0000,0.0000,0.0163,0.0001,200,1.7539
0.0059,0.0000,0.0000,0.0000,0.0058,0.0000,200,1.7652
0.0065,0.0000,0.0000,0.0000,0.0064,0.0001,200,1.7648
0.0061,0.0000,0.0000,0.0000,0.0060,0.0000,200,1.7659
0.0311,0.0000,0.0000,0.0000,0.0310,0.0001,200,1.7417
0.0049,0.0000,0.0000,0.0000,0.0048,0.0000,200,1.7681
0.0088,0.0000,0.0000,0.0000,0.0087,0.0000,200,1.7648
0.0355,0.0000,0.0000,0.0000,0.0353,0.0000,200,1.7388
0.0230,0.0000,0.0000,0.0000,0.0229,0.0001,200,1.7539
0.0153,0.0000,0.0000,0.0000,0.0151,0.0002,200,1.7619
0.0905,0.0000,0.0000,0.0000,0.0904,0.0000,200,1.6868
0.0059,0.0000,0.0000,0.0000,0.0057,0.0002,200,1.7714
0.0063,0.0000,0.0000,0.0000,0.0063,0.0000,200,1.7710
0.0090,0.0000,0.0000,0.0000,0.0087,0.0003,200,1.7684
0.0114,0.0000,0.0000,0.0000,0.0111,0.0003,200,1.7660
0.0901,0.0000,0.0000,0.0000,0.0898,0.0003,200,1.6873
0.0508,0.0000,0.0000,0.0000,0.0507,0.0001,200,1.7278
0.0369,0.0000,0.0000,0.0002,0.0363,0.0000,200,1.7418
0.0369,0.0000,0.0000,0.0000,0.0369,0.0000,200,1.7418
0.0423,0.0000,0.0000,0.0000,0.0422,0.0001,200,1.7367
0.0428,0.0000,0.0000,0.0000,0.0427,0.0000,200,1.7369
0.0154,0.0000,0.0000,0.0000,0.0153,0.0000,200,1.7648
0.0943,0.0000,0.0000,0.0000,0.0942,0.0000,200,1.6867
0.0119,0.0000,0.0000,0.0000,0.0118,0.0000,200,1.7694
0.0161,0.0000,0.0000,0.0000,0.0160,0.0001,200,1.7658
0.0289,0.0000,0.0000,0.0000,0.0288,0.0000,200,1.7538
0.0131,0.0000,0.0000,0.0000,0.0130,0.0001,200,1.7702
0.0110,0.0000,0.0000,0.0000,0.0108,0.0002,200,1.7731
0.0312,0.0000,0.0000,0.0000,0.0307,0.0004,200,1.7538
0.0312,0.0000,0.0000,0.0000,0.0310,0.0000,200,1.7537
0.0982,0.0000,0.0000,0.0000,0.0981,0.0001,200,1.6870
0.0089,0.0000,0.0000,0.0001,0.0087,0.0001,200,1.7769
0.0166,0.0000,0.0000,0.0000,0.0165,0.0001,200,1.7696
0.0042,0.0000,0.0000,0.0000,0.0041,0.0001,200,1.7827
0.1012,0.0000,0.0000,0.0000,0.1011,0.0001,200,1.6862
0.0046,0.0000,0.0000,0.0000,0.0045,0.0001,200,1.7834
0.0635,0.0000,0.0000,0.0000,0.0634,0.0000,200,1.7250
0.0606,0.0000,0.0000,0.0001,0.0604,0.0001,200,1.7287
0.0125,0.0000,0.0000,0.0000,0.0124,0.0000,200,1.7772
0.0249,0.0000,0.0000,0.0002,0.0245,0.0000,200,1.7654
0.0847,0.0000,0.0000,0.0000,0.0847,0.0000,200,1.7059
0.0033,0.0000,0.0000,0.0000,0.0030,0.0002,200,1.7875
0.0129,0.0000,0.0000,0.0000,0.0127,0.0001,200,1.7786
0.0146,0.0000,0.0000,0.0000,0.0145,0.0001,200,1.7773
0.0388,0.0000,0.0000,0.0000,0.0387,0.0000,200,1.7537
0.0028,0.0000,0.0000,0.0000,0.0027,0.0001,200,1.7897
0.0049,0.0000,0.0000,0.0000,0.0048,0.0001,200,1.7880
0.0283,0.0000,0.0000,0.0000,0.0282,0.0000,200,1.7648
0.0998,0.0000,0.0000,0.0000,0.0996,0.0002,200,1.6936
0.0089,0.0000,0.0000,0.0000,0.0088,0.0000,200,1.7852
0.0135,0.0000,0.0000,0.0000,0.0134,0.0000,200,1.7810
0.0581,0.0000,0.0000,0.0000,0.0580,0.0001,200,1.7369
0.0102,0.0000,0.0000,0.0000,0.0102,0.0000,200,1.7850
0.0062,0.0000,0.0000,0.0000,0.0061,0.0000,200,1.7892
0.0138,0.0000,0.0000,0.0000,0.0136,0.0001,200,1.7819
0.0679,0.0000,0.0000,0.0000,0.0678,0.0000,200,1.7280
0.0092,0.0000,0.0000,0.0000,0.0091,0.0001,200,1.7925
0.0110,0.0000,0.0000,0.0000,0.0109,0.0001,200,1.7908
0.0156,0.0000,0.0000,0.0000,0.0156,0.0000,200,1.7862
0.0245,0.0000,0.0000,0.0000,0.0245,0.0000,200,1.7774
0.0726,0.0000,0.0000,0.0000,0.0726,0.0000,200,1.7293
0.0150,0.0000,0.0000,0.0000,0.0149,0.0000,200,1.7869
0.0117,0.0000,0.0000,0.0000,0.0113,0.0003,200,1.7904
0.0090,0.0000,0.0000,0.0000,0.0089,0.0001,200,1.8019
0.0174,0.0000,0.0000,0.0000,0.0174,0.0000,200,1.7935
0.0298,0.0000,0.0000,0.0000,0.0296,0.0002,200,1.7812
0.0093,0.0000,0.0000,0.0000,0.0092,0.0000,200,1.8017
0.0154,0.0000,0.0000,0.0000,0.0153,0.0000,200,1.7957
0.0488,0.0000,0.0000,0.0000,0.0487,0.0000,200,1.7624
0.0161,0.0000,0.0000,0.0000,0.0160,0.0001,200,1.7954
0.0354,0.0000,0.0000,0.0000,0.0353,0.0001,200,1.7772
0.0112,0.0000,0.0000,0.0000,0.0111,0.0001,200,1.8018
0.0225,0.0000,0.0000,0.0001,0.0224,0.0000,200,1.7906
0.0200,0.0000,0.0000,0.0000,0.0199,0.0000,200,1.7941
0.1272,0.0000,0.0000,0.0000,0.1272,0.0000,200,1.6871
0.0038,0.0000,0.0000,0.0000,0.0037,0.0001,200,1.8111
0.0493,0.0000,0.0000,0.0000,0.0493,0.0000,200,1.7658
0.0229,0.0000,0.0000,0.0000,0.0228,0.0000,200,1.7929
0.0389,0.0000,0.0000,0.0001,0.0382,0.0001,200,1.7774
0.0144,0.0000,0.0000,0.0000,0.0144,0.0000,200,1.8019
0.0037,0.0000,0.0000,0.0000,0.0036,0.0000,200,1.8141
0.0961,0.0000,0.0000,0.0000,0.0960,0.0000,200,1.7217
0.0460,0.0000,0.0000,0.0000,0.0457,0.0003,200,1.7720
0.0394,0.0000,0.0000,0.0000,0.0393,0.0000,200,1.7787
0.0815,0.0000,0.0000,0.0000,0.0814,0.0000,200,1.7370
0.0082,0.0000,0.0000,0.0000,0.0081,0.0001,200,1.8109
0.0080,0.0000,0.0000,0.0000,0.0076,0.0000,200,1.8131
0.0033,0.0000,0.0000,0.0001,0.0031,0.0000,200,1.8180
0.0338,0.0000,0.0000,0.0000,0.0333,0.0005,200,1.7885
0.0565,0.0000,0.0000,0.0000,0.0565,0.0000,200,1.7659
0.0306,0.0000,0.0000,0.0000,0.0305,0.0000,200,1.7920
0.0295,0.0000,0.0000,0.0001,0.0293,0.0001,200,1.7931
0.0275,0.0000,0.0000,0.0000,0.0275,0.0000,200,1.7952
0.0121,0.0000,0.0000,0.0000,0.0120,0.0001,200,1.8110
0.1059,0.0000,0.0000,0.0000,0.1055,0.0003,200,1.7179
0.0075,0.0000,0.0000,0.0000,0.0069,0.0006,200,1.8163
0.0497,0.0000,0.0000,0.0000,0.0484,0.0012,200,1.7743
0.0413,0.0000,0.0000,0.0000,0.0412,0.0001,200,1.7850
0.0900,0.0000,0.0000,0.0000,0.0899,0.0001,200,1.7368
0.0030,0.0000,0.0000,0.0006,0.0021,0.0001,200,1.8240
0.0035,0.0000,0.0000,0.0009,0.0023,0.0000,200,1.8239
0.0049,0.0000,0.0000,0.0000,0.0048,0.0001,200,1.8226
0.0049,0.0000,0.0000,0.0004,0.0043,0.0001,200,1.8237
0.0023,0.0000,0.0000,0.0000,0.0022,0.0001,200,1.8271
0.0124,0.0000,0.0000,0.0000,0.0123,0.0000,200,1.8178
0.0362,0.0000,0.0000,0.0000,0.0362,0.0000,200,1.7945
0.0292,0.0000,0.0000,0.0000,0.0291,0.0001,200,1.8018
0.1450,0.0000,0.0000,0.0000,0.1450,0.0000,200,1.6862
0.0088,0.0000,0.0000,0.0000,0.0087,0.0000,200,1.8226
0.0136,0.0000,0.0000,0.0000,0.0135,0.0000,200,1.8185
0.0379,0.0000,0.0000,0.0000,0.0378,0.0000,200,1.7950
0.0122,0.0000,0.0000,0.0000,0.0121,0.0000,200,1.8213
0.0066,0.0000,0.0000,0.0000,0.0065,0.0000,200,1.8275
0.0508,0.0000,0.0000,0.0000,0.0507,0.0000,200,1.7840
0.0619,0.0000,0.0000,0.0000,0.0618,0.0000,200,1.7736
0.0561,0.0000,0.0000,0.0000,0.0559,0.0000,200,1.7797
0.0446,0.0000,0.0000,0.0000,0.0445,0.0000,200,1.7914
0.0259,0.0000,0.0000,0.0000,0.0258,0.0000,200,1.8109
0.0060,0.0000,0.0000,0.0000,0.0059,0.0000,200,1.8310
0.0149,0.0000,0.0000,0.0000,0.0148,0.0000,200,1.8224
0.0107,0.0000,0.0000,0.0000,0.0105,0.0002,200,1.8269
0.0594,0.0000,0.0000,0.0000,0.0593,0.0000,200,1.7790
0.0071,0.0000,0.0000,0.0000,0.0070,0.0000,200,1.8314
0.0527,0.0000,0.0000,0.0000,0.0527,0.0000,200,1.7858
0.0847,0.0000,0.0000,0.0000,0.0845,0.0002,200,1.7540
0.0214,0.0000,0.0000,0.0000,0.0214,0.0000,200,1.8178
0.0182,0.0000,0.0000,0.0000,0.0182,0.0000,200,1.8211
0.0112,0.0000,0.0000,0.0000,0.0111,0.0001,200,1.8286
0.0268,0.0000,0.0000,0.0001,0.0262,0.0000,200,1.8132
0.0236,0.0000,0.0000,0.0000,0.0236,0.0000,200,1.8181
0.0050,0.0000,0.0000,0.0000,0.0049,0.0000,200,1.8368
0.0099,0.0000,0.0000,0.0000,0.0098,0.0000,200,1.8321
0.0619,0.0000,0.0000,0.0000,0.0618,0.0000,200,1.7802
0.0038,0.0000,0.0000,0.0000,0.0038,0.0000,200,1.8385
0.0404,0.0000,0.0000,0.0000,0.0403,0.0000,200,1.8019
0.0503,0.0000,0.0000,0.0000,0.0502,0.0000,200,1.7925
0.0044,0.0000,0.0000,0.0000,0.0043,0.0001,200,1.8385
0.0013,0.0000,0.0000,0.0000,0.0012,0.0000,200,1.8420
0.0062,0.0000,0.0000,0.0000,0.0062,0.0000,200,1.8376
0.0051,0.0000,0.0000,0.0000,0.0050,0.0001,200,1.8392
0.0111,0.0000,0.0000,0.0000,0.0110,0.0001,200,1.8341
0.0067,0.0000,0.0000,0.0001,0.0066,0.0000,200,1.8386
0.0096,0.0000,0.0000,0.0000,0.0096,0.0000,200,1.8361
0.0186,0.0000,0.0000,0.0000,0.0185,0.0001,200,1.8273
0.0043,0.0000,0.0000,0.0000,0.0043,0.0000,200,1.8418
0.0024,0.0000,0.0000,0.0000,0.0023,0.0000,200,1.8444
0.0046,0.0000,0.0000,0.0000,0.0046,0.0000,200,1.8433
0.0287,0.0000,0.0000,0.0000,0.0287,0.0000,200,1.8192
0.0082,0.0000,0.0000,0.0001,0.0080,0.0000,200,1.8398
0.0029,0.0000,0.0000,0.0000,0.0028,0.0000,200,1.8453
0.0090,0.0000,0.0000,0.0000,0.0086,0.0004,200,1.8393
0.0372,0.0000,0.0000,0.0000,0.0358,0.0001,200,1.8112
0.0342,0.0000,0.0000,0.0000,0.0341,0.0000,200,1.8149
0.0365,0.0000,0.0000,0.0000,0.0365,0.0000,200,1.8126
0.0062,0.0000,0.0000,0.0000,0.0062,0.0000,200,1.8429
0.0041,0.0000,0.0000,0.0000,0.0039,0.0001,200,1.8452
0.0537,0.0000,0.0000,0.0000,0.0534,0.0002,200,1.7959
0.0361,0.0000,0.0000,0.0000,0.0353,0.0008,200,1.8151
0.0116,0.0000,0.0000,0.0000,0.0115,0.0000,200,1.8400
0.0210,0.0000,0.0000,0.0000,0.0209,0.0001,200,1.8312
0.0306,0.0000,0.0000,0.0000,0.0304,0.0000,200,1.8223
0.0018,0.0000,0.0000,0.0000,0.0017,0.0001,200,1.8515
0.0116,0.0000,0.0000,0.0000,0.0116,0.0000,200,1.8421
0.0121,0.0000,0.0000,0.0000,0.0121,0.0000,200,1.8418
0.0184,0.0000,0.0000,0.0000,0.0177,0.0006,200,1.8357
0.0052,0.0000,0.0000,0.0000,0.0051,0.0001,200,1.8491
0.0066,0.0000,0.0000,0.0000,0.0065,0.0001,200,1.8479
0.0058,0.0000,0.0000,0.0000,0.0057,0.0000,200,1.8529
0.0356,0.0000,0.0000,0.0001,0.0353,0.0000,200,1.8231
0.0096,0.0000,0.0000,0.0000,0.0096,0.0000,200,1.8491
0.0425,0.0000,0.0000,0.0000,0.0423,0.0001,200,1.8163
0.0131,0.0000,0.0000,0.0000,0.0130,0.0000,200,1.8457
0.0815,0.0000,0.0000,0.0000,0.0815,0.0000,200,1.7773
0.0051,0.0000,0.0000,0.0001,0.0049,0.0000,200,1.8537
0.0445,0.0000,0.0000,0.0000,0.0445,0.0000,200,1.8144
0.0287,0.0000,0.0000,0.0000,0.0287,0.0000,200,1.8302
0.0110,0.0000,0.0000,0.0000,0.0110,0.0000,200,1.8479
0.0098,0.0000,0.0000,0.0000,0.0097,0.0000,200,1.8491
0.0234,0.0000,0.0000,0.0000,0.0234,0.0000,200,1.8355
0.0113,0.0000,0.0000,0.0000,0.0112,0.0000,200,1.8484
0.0374,0.0000,0.0000,0.0000,0.0373,0.0000,200,1.8227
0.0276,0.0000,0.0000,0.0000,0.0275,0.0000,200,1.8329
0.0825,0.0000,0.0000,0.0000,0.0824,0.0001,200,1.7787
0.0056,0.0000,0.0000,0.0000,0.0030,0.0026,200,1.8601
0.0149,0.0000,0.0000,0.0000,0.0148,0.0000,200,1.8513
0.0207,0.0000,0.0000,0.0000,0.0206,0.0000,200,1.8461
0.0333,0.0000,0.0000,0.0000,0.0332,0.0000,200,1.8335
0.0064,0.0000,0.0000,0.0000,0.0063,0.0000,200,1.8605
0.0375,0.0000,0.0000,0.0000,0.0374,0.0000,200,1.8294
0.0185,0.0000,0.0000,0.0000,0.0184,0.0000,200,1.8484
0.1011,0.0000,0.0000,0.0000,0.1010,0.0000,200,1.7659
0.0202,0.0000,0.0000,0.0000,0.0202,0.0000,200,1.8468
0.0555,0.0000,0.0000,0.0000,0.0555,0.0000,200,1.8115
0.0286,0.0000,0.0000,0.0000,0.0286,0.0000,200,1.8384
0.0298,0.0000,0.0000,0.0001,0.0297,0.0000,200,1.8372
0.0179,0.0000,0.0000,0.0000,0.0178,0.0000,200,1.8493
0.0191,0.0000,0.0000,0.0000,0.0191,0.0000,200,1.8480
0.0138,0.0000,0.0000,0.0000,0.0138,0.0000,200,1.8533
0.0084,0.0000,0.0000,0.0000,0.0083,0.0000,200,1.8588
0.0085,0.0000,0.0000,0.0000,0.0084,0.0000,200,1.8588
0.0945,0.0000,0.0000,0.0000,0.0944,0.0000,200,1.7728
0.0084,0.0000,0.0000,0.0000,0.0083,0.0000,200,1.8589
0.0086,0.0000,0.0000,0.0000,0.0085,0.0000,200,1.8588
0.0139,0.0000,0.0000,0.0000,0.0132,0.0006,200,1.8541
0.0110,0.0000,0.0000,0.0000,0.0109,0.0000,200,1.8587
0.0238,0.0000,0.0000,0.0000,0.0237,0.0000,200,1.8459
0.0273,0.0000,0.0000,0.0000,0.0273,0.0000,200,1.8428
0.0037,0.0000,0.0000,0.0000,0.0036,0.0001,200,1.8670
0.0291,0.0000,0.0000,0.0000,0.0290,0.0000,200,1.8424
0.0063,0.0000,0.0000,0.0000,0.0051,0.0000,200,1.8657
0.0135,0.0000,0.0000,0.0000,0.0134,0.0001,200,1.8589
0.0129,0.0000,0.0000,0.0001,0.0127,0.0000,200,1.8596
0.0060,0.0000,0.0000,0.0000,0.0059,0.0001,200,1.8671
0.0148,0.0000,0.0000,0.0000,0.0148,0.0000,200,1.8589
0.0026,0.0000,0.0000,0.0000,0.0025,0.0000,200,1.8719
0.0162,0.0000,0.0000,0.0000,0.0160,0.0001,200,1.8587
0.0268,0.0000,0.0000,0.0000,0.0267,0.0000,200,1.8482
0.0081,0.0000,0.0000,0.0000,0.0080,0.0000,200,1.8673
0.0412,0.0000,0.0000,0.0000,0.0411,0.0000,200,1.8348
0.0459,0.0000,0.0000,0.0000,0.0458,0.0001,200,1.8307
0.0099,0.0000,0.0000,0.0000,0.0098,0.0000,200,1.8669
0.0101,0.0000,0.0000,0.0000,0.0100,0.0000,200,1.8671
0.0106,0.0000,0.0000,0.0000,0.0105,0.0001,200,1.8673
0.0049,0.0000,0.0000,0.0000,0.0048,0.0000,200,1.8737
0.0117,0.0000,0.0000,0.0000,0.0117,0.0001,200,1.8669
0.0107,0.0000,0.0000,0.0000,0.0105,0.0001,200,1.8680
0.0181,0.0000,0.0000,0.0000,0.0179,0.0002,200,1.8612
0.0041,0.0000,0.0000,0.0000,0.0040,0.0001,200,1.8754
0.0068,0.0000,0.0000,0.0000,0.0067,0.0000,200,1.8731
0.0101,0.0000,0.0000,0.0001,0.0099,0.0000,200,1.8707
0.0023,0.0000,0.0000,0.0000,0.0021,0.0000,200,1.8787
0.0027,0.0000,0.0000,0.0000,0.0026,0.0000,200,1.8787
0.0231,0.0000,0.0000,0.0000,0.0230,0.0000,200,1.8590
0.0108,0.0000,0.0000,0.0000,0.0107,0.0000,200,1.8749
0.0419,0.0000,0.0000,0.0000,0.0418,0.0001,200,1.8438
0.0037,0.0000,0.0000,0.0000,0.0036,0.0001,200,1.8820
0.0190,0.0000,0.0000,0.0000,0.0190,0.0000,200,1.8668
0.0186,0.0000,0.0000,0.0000,0.0186,0.0000,200,1.8673
0.0596,0.0000,0.0000,0.0000,0.0595,0.0000,200,1.8263
0.0192,0.0000,0.0000,0.0000,0.0191,0.0000,200,1.8672
0.0209,0.0000,0.0000,0.0000,0.0191,0.0001,200,1.8662
0.0105,0.0000,0.0000,0.0000,0.0105,0.0000,200,1.8768
0.0110,0.0000,0.0000,0.0000,0.0109,0.0000,200,1.8772
0.0084,0.0000,0.0000,0.0000,0.0081,0.0001,200,1.8799
0.0091,0.0000,0.0000,0.0002,0.0088,0.0000,200,1.8793
0.0221,0.0000,0.0000,0.0000,0.0220,0.0001,200,1.8667
0.0306,0.0000,0.0000,0.0000,0.0306,0.0000,200,1.8587
0.0237,0.0000,0.0000,0.0000,0.0237,0.0000,200,1.8668
0.0191,0.0000,0.0000,0.0000,0.0190,0.0000,200,1.8715
0.0796,0.0000,0.0000,0.0000,0.0792,0.0004,200,1.8110
0.0050,0.0000,0.0000,0.0000,0.0049,0.0000,200,1.8857
0.0056,0.0000,0.0000,0.0000,0.0054,0.0002,200,1.8859
0.0039,0.0000,0.0000,0.0000,0.0038,0.0000,200,1.8883
0.0386,0.0000,0.0000,0.0000,0.0384,0.0001,200,1.8543
0.0217,0.0000,0.0000,0.0000,0.0216,0.0000,200,1.8725
0.0021,0.0000,0.0000,0.0001,0.0019,0.0001,200,1.8922
0.0167,0.0000,0.0000,0.0000,0.0165,0.0001,200,1.8787
0.0165,0.0000,0.0000,0.0000,0.0164,0.0001,200,1.8884
0.0171,0.0000,0.0000,0.0000,0.0170,0.0001,200,1.8882
0.0517,0.0000,0.0000,0.0000,0.0516,0.0001,200,1.8545
0.0161,0.0000,0.0000,0.0000,0.0160,0.0001,200,1.8905
0.0208,0.0000,0.0000,0.0000,0.0207,0.0000,200,1.8863
0.0173,0.0000,0.0000,0.0000,0.0172,0.0001,200,1.8907
0.0382,0.0000,0.0000,0.0000,0.0381,0.0000,200,1.8702
0.0499,0.0000,0.0000,0.0000,0.0498,0.0001,200,1.8589
0.0555,0.0000,0.0000,0.0000,0.0553,0.0001,200,1.8540
0.0295,0.0000,0.0000,0.0000,0.0290,0.0001,200,1.8809
0.0360,0.0000,0.0000,0.0000,0.0359,0.0001,200,1.8750
0.0208,0.0000,0.0000,0.0000,0.0207,0.0001,200,1.8906
0.0314,0.0000,0.0000,0.0000,0.0313,0.0000,200,1.8809
0.0461,0.0000,0.0000,0.0000,0.0460,0.0001,200,1.8672
0.0391,0.0000,0.0000,0.0000,0.0390,0.0000,200,1.8745
0.0470,0.0000,0.0000,0.0000,0.0469,0.0001,200,1.8671
0.0054,0.0000,0.0000,0.0000,0.0053,0.0001,200,1.9095
0.0228,0.0000,0.0000,0.0000,0.0227,0.0000,200,1.8929
0.0092,0.0000,0.0000,0.0000,0.0091,0.0001,200,1.9071
0.0355,0.0000,0.0000,0.0000,0.0354,0.0000,200,1.8814
0.0680,0.0000,0.0000,0.0000,0.0677,0.0001,200,1.8496
0.0059,0.0000,0.0000,0.0000,0.0058,0.0001,200,1.9123
0.0079,0.0000,0.0000,0.0000,0.0078,0.0001,200,1.9110
0.0254,0.0000,0.0000,0.0000,0.0253,0.0000,200,1.8944
0.0350,0.0000,0.0000,0.0000,0.0349,0.0001,200,1.8857
0.0420,0.0000,0.0000,0.0000,0.0419,0.0001,200,1.8795
0.0313,0.0000,0.0000,0.0000,0.0311,0.0001,200,1.8907
0.0369,0.0000,0.0000,0.0000,0.0368,0.0001,200,1.8859
0.0127,0.0000,0.0000,0.0000,0.0126,0.0001,200,1.9104
0.0389,0.0000,0.0000,0.0000,0.0389,0.0000,200,1.8857
0.0040,0.0000,0.0000,0.0000,0.0039,0.0001,200,1.9207
0.0577,0.0000,0.0000,0.0000,0.0576,0.0002,200,1.8671
0.0553,0.0000,0.0000,0.0000,0.0550,0.0002,200,1.8697
0.0386,0.0000,0.0000,0.0000,0.0385,0.0000,200,1.8871
0.0483,0.0000,0.0000,0.0000,0.0482,0.0001,200,1.8779
0.0104,0.0000,0.0000,0.0000,0.0096,0.0007,200,1.9176
0.0192,0.0000,0.0000,0.0000,0.0191,0.0000,200,1.9088
0.0053,0.0000,0.0000,0.0000,0.0052,0.0000,200,1.9228
0.0017,0.0000,0.0000,0.0000,0.0016,0.0000,200,1.9279
0.0148,0.0000,0.0000,0.0000,0.0147,0.0000,200,1.9149
0.0530,0.0000,0.0000,0.0000,0.0530,0.0000,200,1.8766
0.0231,0.0000,0.0000,0.0000,0.0230,0.0000,200,1.9067
0.0222,0.0000,0.0000,0.0000,0.0221,0.0000,200,1.9080
0.0256,0.0000,0.0000,0.0000,0.0255,0.0000,200,1.9053
0.0135,0.0000,0.0000,0.0000,0.0134,0.0000,200,1.9181
0.0102,0.0000,0.0000,0.0000,0.0101,0.0000,200,1.9215
0.0204,0.0000,0.0000,0.0000,0.0202,0.0002,200,1.9114
0.0266,0.0000,0.0000,0.0000,0.0265,0.0000,200,1.9061
0.0087,0.0000,0.0000,0.0000,0.0086,0.0000,200,1.9247
0.0252,0.0000,0.0000,0.0000,0.0251,0.0000,200,1.9084
0.0092,0.0000,0.0000,0.0000,0.0091,0.0001,200,1.9248
0.0050,0.0000,0.0000,0.0000,0.0049,0.0000,200,1.9317
0.0148,0.0000,0.0000,0.0000,0.0147,0.0000,200,1.9219
0.0027,0.0000,0.0000,0.0000,0.0026,0.0000,200,1.9340
0.0087,0.0000,0.0000,0.0001,0.0086,0.0000,200,1.9280
0.0228,0.0000,0.0000,0.0000,0.0225,0.0002,200,1.9141
0.0414,0.0000,0.0000,0.0000,0.0413,0.0001,200,1.8954
0.0052,0.0000,0.0000,0.0000,0.0051,0.0000,200,1.9316
0.0616,0.0000,0.0000,0.0000,0.0615,0.0001,200,1.8760
0.0147,0.0000,0.0000,0.0000,0.0147,0.0000,200,1.9249
0.0089,0.0000,0.0000,0.0000,0.0088,0.0000,200,1.9309
0.0101,0.0000,0.0000,0.0000,0.0101,0.0000,200,1.9297
0.0876,0.0000,0.0000,0.0000,0.0875,0.0000,200,1.8522
0.0030,0.0000,0.0000,0.0000,0.0029,0.0001,200,1.9368
0.0230,0.0000,0.0000,0.0000,0.0230,0.0000,200,1.9168
0.0102,0.0000,0.0000,0.0000,0.0100,0.0002,200,1.9297
0.0737,0.0000,0.0000,0.0000,0.0736,0.0000,200,1.8670
0.0080,0.0000,0.0000,0.0000,0.0080,0.0000,200,1.9327
0.0028,0.0000,0.0000,0.0004,0.0021,0.0000,200,1.9399
0.0229,0.0000,0.0000,0.0000,0.0229,0.0000,200,1.9198
0.0538,0.0000,0.0000,0.0000,0.0534,0.0000,200,1.8889
0.0060,0.0000,0.0000,0.0000,0.0059,0.0000,200,1.9367
0.0539,0.0000,0.0000,0.0003,0.0534,0.0001,200,1.8893
0.0524,0.0000,0.0000,0.0000,0.0523,0.0001,200,1.8915
0.0075,0.0000,0.0000,0.0000,0.0074,0.0000,200,1.9367
0.0047,0.0000,0.0000,0.0000,0.0047,0.0000,200,1.9399
0.0054,0.0000,0.0000,0.0000,0.0053,0.0000,200,1.9397
0.0316,0.0000,0.0000,0.0000,0.0315,0.0000,200,1.9136
0.0155,0.0000,0.0000,0.0000,0.0148,0.0002,200,1.9298
0.0088,0.0000,0.0000,0.0000,0.0087,0.0000,200,1.9367
0.0221,0.0000,0.0000,0.0000,0.0220,0.0000,200,1.9257
0.0053,0.0000,0.0000,0.0000,0.0053,0.0000,200,1.9427
0.0324,0.0000,0.0000,0.0000,0.0324,0.0000,200,1.9158
0.0114,0.0000,0.0000,0.0000,0.0112,0.0002,200,1.9368
0.0031,0.0000,0.0000,0.0000,0.0030,0.0000,200,1.9452
0.0255,0.0000,0.0000,0.0000,0.0254,0.0000,200,1.9231
0.0088,0.0000,0.0000,0.0000,0.0088,0.0000,200,1.9398
0.0036,0.0000,0.0000,0.0000,0.0035,0.0000,200,1.9455
0.0043,0.0000,0.0000,0.0000,0.0042,0.0000,200,1.9451
0.0121,0.0000,0.0000,0.0000,0.0118,0.0000,200,1.9376
0.0793,0.0000,0.0000,0.0000,0.0791,0.0000,200,1.8724
0.0150,0.0000,0.0000,0.0000,0.0149,0.0000,200,1.9368
0.0274,0.0000,0.0000,0.0000,0.0273,0.0000,200,1.9248
0.0849,0.0000,0.0000,0.0000,0.0848,0.0000,200,1.8673
0.0224,0.0000,0.0000,0.0000,0.0224,0.0000,200,1.9302
0.0264,0.0000,0.0000,0.0000,0.0264,0.0000,200,1.9262
0.0033,0.0000,0.0000,0.0002,0.0030,0.0000,200,1.9494
0.0196,0.0000,0.0000,0.0000,0.0195,0.0000,200,1.9334
0.0946,0.0000,0.0000,0.0000,0.0946,0.0000,200,1.8588
0.0095,0.0000,0.0000,0.0000,0.0094,0.0000,200,1.9442
0.0145,0.0000,0.0000,0.0000,0.0144,0.0001,200,1.9398
0.0413,0.0000,0.0000,0.0000,0.0411,0.0001,200,1.9133
0.0358,0.0000,0.0000,0.0000,0.0357,0.0000,200,1.9189
0.0124,0.0000,0.0000,0.0000,0.0124,0.0000,200,1.9427
0.0021,0.0000,0.0000,0.0000,0.0020,0.0001,200,1.9536
0.0022,0.0000,0.0000,0.0000,0.0021,0.0000,200,1.9542
0.0082,0.0000,0.0000,0.0000,0.0082,0.0000,200,1.9497
0.0131,0.0000,0.0000,0.0000,0.0130,0.0001,200,1.9453
0.0148,0.0000,0.0000,0.0000,0.0147,0.0000,200,1.9439
0.0184,0.0000,0.0000,0.0000,0.0184,0.0000,200,1.9407
0.0069,0.0000,0.0000,0.0000,0.0068,0.0000,200,1.9526
0.0201,0.0000,0.0000,0.0000,0.0200,0.0000,200,1.9397
0.0269,0.0000,0.0000,0.0000,0.0269,0.0000,200,1.9335
0.0130,0.0000,0.0000,0.0000,0.0129,0.0000,200,1.9478
0.0019,0.0000,0.0000,0.0000,0.0018,0.0000,200,1.9591
0.0295,0.0000,0.0000,0.0001,0.0293,0.0001,200,1.9318
0.0123,0.0000,0.0000,0.0000,0.0123,0.0000,200,1.9491
0.0339,0.0000,0.0000,0.0000,0.0336,0.0001,200,1.9280
0.0083,0.0000,0.0000,0.0000,0.0082,0.0000,200,1.9547
0.0155,0.0000,0.0000,0.0000,0.0153,0.0001,200,1.9480
0.0084,0.0000,0.0000,0.0000,0.0082,0.0001,200,1.9558
0.0159,0.0000,0.0000,0.0002,0.0156,0.0000,200,1.9482
0.0036,0.0000,0.0000,0.0000,0.0035,0.0001,200,1.9610
0.0016,0.0000,0.0000,0.0000,0.0015,0.0000,200,1.9630
0.0353,0.0000,0.0000,0.0001,0.0345,0.0002,200,1.9297
0.0135,0.0000,0.0000,0.0000,0.0133,0.0000,200,1.9522
0.0084,0.0000,0.0000,0.0000,0.0080,0.0003,200,1.9587
0.0303,0.0000,0.0000,0.0000,0.0302,0.0000,200,1.9368
0.0060,0.0000,0.0000,0.0000,0.0060,0.0000,200,1.9614
0.0259,0.0000,0.0000,0.0000,0.0256,0.0002,200,1.9427
0.0639,0.0000,0.0000,0.0000,0.0638,0.0000,200,1.9048
0.0086,0.0000,0.0000,0.0000,0.0084,0.0002,200,1.9607
0.0045,0.0000,0.0000,0.0000,0.0041,0.0003,200,1.9657
0.0056,0.0000,0.0000,0.0000,0.0055,0.0000,200,1.9646
0.0190,0.0000,0.0000,0.0000,0.0189,0.0000,200,1.9527
0.0044,0.0000,0.0000,0.0002,0.0040,0.0000,200,1.9675
0.0240,0.0000,0.0000,0.0000,0.0233,0.0006,200,1.9486
0.0033,0.0000,0.0000,0.0000,0.0025,0.0008,200,1.9694
0.0246,0.0000,0.0000,0.0000,0.0244,0.0002,200,1.9483
0.0185,0.0000,0.0000,0.0000,0.0184,0.0001,200,1.9546
0.0100,0.0000,0.0000,0.0000,0.0100,0.0000,200,1.9635
0.0138,0.0000,0.0000,0.0000,0.0131,0.0006,200,1.9597
0.0347,0.0000,0.0000,0.0000,0.0347,0.0000,200,1.9398
0.0044,0.0000,0.0000,0.0000,0.0041,0.0003,200,1.9702
0.0235,0.0000,0.0000,0.0000,0.0234,0.0001,200,1.9522
0.0231,0.0000,0.0000,0.0000,0.0230,0.0000,200,1.9530
0.0119,0.0000,0.0000,0.0000,0.0118,0.0001,200,1.9642
0.0186,0.0000,0.0000,0.0000,0.0181,0.0004,200,1.9583
0.0124,0.0000,0.0000,0.0000,0.0121,0.0002,200,1.9646
0.0135,0.0000,0.0000,0.0000,0.0134,0.0001,200,1.9642
0.0103,0.0000,0.0000,0.0000,0.0098,0.0004,200,1.9686
0.0271,0.0000,0.0000,0.0000,0.0270,0.0000,200,1.9518
0.0266,0.0000,0.0000,0.0000,0.0265,0.0001,200,1.9526
0.0290,0.0000,0.0000,0.0000,0.0290,0.0000,200,1.9518
0.0160,0.0000,0.0000,0.0000,0.0159,0.0001,200,1.9650
0.0051,0.0000,0.0000,0.0000,0.0051,0.0000,200,1.9761
0.0076,0.0000,0.0000,0.0000,0.0076,0.0000,200,1.9736
0.0251,0.0000,0.0000,0.0000,0.0250,0.0000,200,1.9564
0.0211,0.0000,0.0000,0.0000,0.0210,0.0000,200,1.9605
0.0387,0.0000,0.0000,0.0000,0.0386,0.0000,200,1.9433
0.0091,0.0000,0.0000,0.0000,0.0090,0.0000,200,1.9729
0.0101,0.0000,0.0000,0.0000,0.0101,0.0000,200,1.9719
0.0339,0.0000,0.0000,0.0000,0.0339,0.0000,200,1.9482
0.0094,0.0000,0.0000,0.0001,0.0092,0.0000,200,1.9727
0.0092,0.0000,0.0000,0.0000,0.0084,0.0001,200,1.9731
0.0089,0.0000,0.0000,0.0000,0.0088,0.0001,200,1.9789
0.0064,0.0000,0.0000,0.0000,0.0063,0.0001,200,1.9815
0.0125,0.0000,0.0000,0.0000,0.0124,0.0000,200,1.9761
0.0725,0.0000,0.0000,0.0000,0.0722,0.0002,200,1.9163
0.0186,0.0000,0.0000,0.0000,0.0185,0.0000,200,1.9702
0.0176,0.0000,0.0000,0.0000,0.0175,0.0001,200,1.9717
0.0225,0.0000,0.0000,0.0000,0.0224,0.0000,200,1.9671
0.0150,0.0000,0.0000,0.0001,0.0147,0.0001,200,1.9746
0.0413,0.0000,0.0000,0.0000,0.0411,0.0000,200,1.9486
0.0146,0.0000,0.0000,0.0000,0.0145,0.0000,200,1.9757
0.0177,0.0000,0.0000,0.0000,0.0176,0.0000,200,1.9726
0.0354,0.0000,0.0000,0.0000,0.0352,0.0002,200,1.9552
0.0124,0.0000,0.0000,0.0000,0.0123,0.0000,200,1.9790
0.0510,0.0000,0.0000,0.0000,0.0509,0.0000,200,1.9408
0.0492,0.0000,0.0000,0.0000,0.0491,0.0000,200,1.9427
0.0143,0.0000,0.0000,0.0000,0.0142,0.0000,200,1.9777
0.0101,0.0000,0.0000,0.0000,0.0100,0.0000,200,1.9820
0.0341,0.0000,0.0000,0.0000,0.0341,0.0000,200,1.9579
0.0109,0.0000,0.0000,0.0000,0.0108,0.0000,200,1.9812
0.1901,0.0000,0.0000,0.0000,0.1900,0.0000,200,1.8020
0.0111,0.0000,0.0000,0.0000,0.0111,0.0000,200,1.9810
0.0101,0.0000,0.0000,0.0000,0.0101,0.0000,200,1.9821
0.0152,0.0000,0.0000,0.0000,0.0151,0.0000,200,1.9770
0.0328,0.0000,0.0000,0.0000,0.0328,0.0000,200,1.9595
0.0111,0.0000,0.0000,0.0000,0.0111,0.0000,200,1.9812
0.0102,0.0000,0.0000,0.0002,0.0101,0.0000,200,1.9821
0.0478,0.0000,0.0000,0.0000,0.0477,0.0000,200,1.9446
0.0239,0.0000,0.0000,0.0000,0.0237,0.0002,200,1.9687
0.0165,0.0000,0.0000,0.0000,0.0164,0.0000,200,1.9769
0.0053,0.0000,0.0000,0.0000,0.0050,0.0002,200,1.9888
0.0017,0.0000,0.0000,0.0000,0.0017,0.0000,200,1.9924
0.0125,0.0000,0.0000,0.0000,0.0124,0.0001,200,1.9821
0.0072,0.0000,0.0000,0.0000,0.0071,0.0000,200,1.9886
0.0042,0.0000,0.0000,0.0000,0.0041,0.0000,200,1.9919
0.0045,0.0000,0.0000,0.0000,0.0043,0.0001,200,1.9920
0.0047,0.0000,0.0000,0.0000,0.0040,0.0000,200,1.9918
0.0076,0.0000,0.0000,0.0000,0.0075,0.0001,200,1.9896
0.0051,0.0000,0.0000,0.0000,0.0051,0.0000,200,1.9923
0.0052,0.0000,0.0000,0.0000,0.0051,0.0001,200,1.9923
0.0307,0.0000,0.0000,0.0000,0.0306,0.0000,200,1.9671
0.0073,0.0000,0.0000,0.0000,0.0072,0.0000,200,1.9924
0.0077,0.0000,0.0000,0.0000,0.0075,0.0000,200,1.9920
0.0110,0.0000,0.0000,0.0000,0.0109,0.0000,200,1.9888
0.0027,0.0000,0.0000,0.0000,0.0026,0.0000,200,1.9972
0.0076,0.0000,0.0000,0.0000,0.0076,0.0000,200,1.9922
0.0056,0.0000,0.0000,0.0001,0.0051,0.0004,200,1.9945
0.0084,0.0000,0.0000,0.0000,0.0084,0.0000,200,1.9921
0.0048,0.0000,0.0000,0.0000,0.0046,0.0001,200,1.9961
0.0088,0.0000,0.0000,0.0000,0.0087,0.0001,200,1.9921
0.0109,0.0000,0.0000,0.0000,0.0108,0.0000,200,1.9903
0.0399,0.0000,0.0000,0.0000,0.0398,0.0000,200,1.9619
0.0100,0.0000,0.0000,0.0000,0.0098,0.0001,200,1.9926
0.0029,0.0000,0.0000,0.0000,0.0028,0.0000,200,1.9998
0.0086,0.0000,0.0000,0.0000,0.0086,0.0000,200,1.9941
0.0156,0.0000,0.0000,0.0000,0.0154,0.0001,200,1.9879
0.0101,0.0000,0.0000,0.0000,0.0100,0.0001,200,1.9940
0.0042,0.0000,0.0000,0.0000,0.0041,0.0000,200,2.0001
0.0230,0.0000,0.0000,0.0000,0.0227,0.0003,200,1.9823
0.0078,0.0000,0.0000,0.0000,0.0076,0.0000,200,1.9975
0.0028,0.0000,0.0000,0.0001,0.0026,0.0000,200,2.0026
0.0061,0.0000,0.0000,0.0000,0.0060,0.0001,200,1.9998
0.0054,0.0000,0.0000,0.0000,0.0053,0.0000,200,2.0012
0.0168,0.0000,0.0000,0.0000,0.0166,0.0001,200,1.9899
0.0164,0.0000,0.0000,0.0000,0.0162,0.0002,200,1.9903
0.0052,0.0000,0.0000,0.0000,0.0051,0.0000,200,2.0059
0.0303,0.0000,0.0000,0.0000,0.0302,0.0000,200,1.9808
0.0113,0.0000,0.0000,0.0000,0.0110,0.0003,200,1.9999
0.0103,0.0000,0.0000,0.0000,0.0102,0.0000,200,2.0009
0.0297,0.0000,0.0000,0.0000,0.0297,0.0000,200,1.9815
0.0219,0.0000,0.0000,0.0000,0.0219,0.0000,200,1.9893
0.0086,0.0000,0.0000,0.0000,0.0083,0.0000,200,2.0027
0.0191,0.0000,0.0000,0.0000,0.0190,0.0000,200,1.9922
0.0234,0.0000,0.0000,0.0000,0.0231,0.0000,200,1.9879
0.0087,0.0000,0.0000,0.0001,0.0084,0.0000,200,2.0026
0.0193,0.0000,0.0000,0.0000,0.0192,0.0000,200,1.9921
0.0085,0.0000,0.0000,0.0001,0.0083,0.0001,200,2.0034
0.0113,0.0000,0.0000,0.0000,0.0112,0.0000,200,2.0010
0.0072,0.0000,0.0000,0.0000,0.0072,0.0000,200,2.0066
0.0073,0.0000,0.0000,0.0001,0.0070,0.0000,200,2.0065
0.0394,0.0000,0.0000,0.0000,0.0393,0.0000,200,1.9745
0.0104,0.0000,0.0000,0.0000,0.0104,0.0000,200,2.0042
0.0106,0.0000,0.0000,0.0000,0.0104,0.0000,200,2.0041
0.0142,0.0000,0.0000,0.0000,0.0141,0.0000,200,2.0005
0.0193,0.0000,0.0000,0.0000,0.0192,0.0000,200,1.9965
0.0262,0.0000,0.0000,0.0000,0.0261,0.0000,200,1.9896
0.0118,0.0000,0.0000,0.0000,0.0117,0.0000,200,2.0053
0.0262,0.0000,0.0000,0.0000,0.0261,0.0001,200,1.9913
0.0126,0.0000,0.0000,0.0000,0.0125,0.0000,200,2.0053
0.0225,0.0000,0.0000,0.0000,0.0224,0.0001,200,1.9958
0.0047,0.0000,0.0000,0.0000,0.0046,0.0001,200,2.0139
0.0078,0.0000,0.0000,0.0000,0.0077,0.0001,200,2.0112
0.0222,0.0000,0.0000,0.0000,0.0221,0.0000,200,1.9978
0.0099,0.0000,0.0000,0.0000,0.0097,0.0002,200,2.0112
0.0013,0.0000,0.0000,0.0001,0.0011,0.0001,200,2.0200
0.0078,0.0000,0.0000,0.0000,0.0076,0.0000,200,2.0139
0.0085,0.0000,0.0000,0.0000,0.0084,0.0000,200,2.0139
0.0122,0.0000,0.0000,0.0000,0.0120,0.0001,200,2.0113
0.0128,0.0000,0.0000,0.0000,0.0127,0.0001,200,2.0114
0.0029,0.0000,0.0000,0.0000,0.0028,0.0001,200,2.0224
0.0298,0.0000,0.0000,0.0000,0.0298,0.0000,200,1.9965
0.0361,0.0000,0.0000,0.0000,0.0360,0.0001,200,1.9906
0.0203,0.0000,0.0000,0.0000,0.0202,0.0001,200,2.0111
0.0320,0.0000,0.0000,0.0003,0.0316,0.0000,200,1.9997
0.0162,0.0000,0.0000,0.0000,0.0161,0.0000,200,2.0158
0.0140,0.0000,0.0000,0.0001,0.0139,0.0000,200,2.0183
0.0112,0.0000,0.0000,0.0000,0.0111,0.0001,200,2.0213
0.0236,0.0000,0.0000,0.0000,0.0235,0.0001,200,2.0147
0.0230,0.0000,0.0000,0.0000,0.0229,0.0001,200,2.0158
0.0397,0.0000,0.0000,0.0000,0.0396,0.0000,200,1.9997
0.0278,0.0000,0.0000,0.0000,0.0277,0.0000,200,2.0123
0.0290,0.0000,0.0000,0.0000,0.0290,0.0001,200,2.0113
0.0203,0.0000,0.0000,0.0000,0.0201,0.0002,200,2.0211
0.0233,0.0000,0.0000,0.0001,0.0231,0.0001,200,2.0189
0.0284,0.0000,0.0000,0.0000,0.0284,0.0000,200,2.0147
0.0259,0.0000,0.0000,0.0000,0.0259,0.0000,200,2.0178
0.0327,0.0000,0.0000,0.0000,0.0327,0.0000,200,2.0113
0.0055,0.0000,0.0000,0.0000,0.0055,0.0000,200,2.0394
0.0276,0.0000,0.0000,0.0000,0.0275,0.0000,200,2.0176
0.0052,0.0000,0.0000,0.0000,0.0051,0.0000,200,2.0422
0.0413,0.0000,0.0000,0.0000,0.0412,0.0000,200,2.0067
0.0080,0.0000,0.0000,0.0002,0.0078,0.0001,200,2.0404
0.0058,0.0000,0.0000,0.0000,0.0057,0.0001,200,2.0431
0.0244,0.0000,0.0000,0.0000,0.0244,0.0000,200,2.0253
0.0087,0.0000,0.0000,0.0000,0.0085,0.0001,200,2.0414
0.0179,0.0000,0.0000,0.0000,0.0177,0.0001,200,2.0326
0.0243,0.0000,0.0000,0.0000,0.0242,0.0000,200,2.0267
0.0251,0.0000,0.0000,0.0000,0.0250,0.0001,200,2.0263
0.0081,0.0000,0.0000,0.0000,0.0080,0.0001,200,2.0440
0.0133,0.0000,0.0000,0.0000,0.0132,0.0000,200,2.0400
0.0741,0.0000,0.0000,0.0000,0.0741,0.0000,200,1.9793
0.0480,0.0000,0.0000,0.0000,0.0475,0.0005,200,2.0054
0.0060,0.0000,0.0000,0.0000,0.0060,0.0000,200,2.0480
0.0033,0.0000,0.0000,0.0000,0.0026,0.0006,200,2.0522
0.0023,0.0000,0.0000,0.0000,0.0016,0.0007,200,2.0534
0.0107,0.0000,0.0000,0.0000,0.0105,0.0002,200,2.0452
0.0396,0.0000,0.0000,0.0000,0.0395,0.0001,200,2.0171
0.0010,0.0000,0.0000,0.0000,0.0008,0.0000,200,2.0560
0.0458,0.0000,0.0000,0.0001,0.0456,0.0000,200,2.0119
0.0087,0.0000,0.0000,0.0000,0.0085,0.0000,200,2.0490
0.0267,0.0000,0.0000,0.0000,0.0266,0.0000,200,2.0314
0.0048,0.0000,0.0000,0.0000,0.0044,0.0003,200,2.0533
0.0571,0.0000,0.0000,0.0000,0.0570,0.0000,200,2.0017
0.0483,0.0000,0.0000,0.0000,0.0482,0.0001,200,2.0111
0.0063,0.0000,0.0000,0.0000,0.0062,0.0001,200,2.0534
0.0165,0.0000,0.0000,0.0000,0.0164,0.0000,200,2.0438
0.0109,0.0000,0.0000,0.0000,0.0107,0.0000,200,2.0501
0.0295,0.0000,0.0000,0.0000,0.0293,0.0002,200,2.0323
0.0242,0.0000,0.0000,0.0000,0.0241,0.0000,200,2.0383
0.0244,0.0000,0.0000,0.0000,0.0243,0.0001,200,2.0388
0.0404,0.0000,0.0000,0.0000,0.0403,0.0000,200,2.0234
0.0070,0.0000,0.0000,0.0000,0.0067,0.0003,200,2.0577
0.0097,0.0000,0.0000,0.0001,0.0095,0.0000,200,2.0555
0.0089,0.0000,0.0000,0.0000,0.0088,0.0000,200,2.0569
0.0349,0.0000,0.0000,0.0000,0.0348,0.0000,200,2.0317
0.0034,0.0000,0.0000,0.0000,0.0033,0.0001,200,2.0638
0.0566,0.0000,0.0000,0.0000,0.0565,0.0001,200,2.0114
0.0182,0.0000,0.0000,0.0000,0.0181,0.0001,200,2.0504
0.0117,0.0000,0.0000,0.0000,0.0116,0.0000,200,2.0577
0.0135,0.0000,0.0000,0.0000,0.0134,0.0000,200,2.0566
0.0100,0.0000,0.0000,0.0000,0.0099,0.0002,200,2.0610
0.0201,0.0000,0.0000,0.0000,0.0200,0.0001,200,2.0515
0.0068,0.0000,0.0000,0.0000,0.0067,0.0000,200,2.0652
0.0037,0.0000,0.0000,0.0002,0.0034,0.0001,200,2.0686
0.0251,0.0000,0.0000,0.0000,0.0250,0.0000,200,2.0474
0.0124,0.0000,0.0000,0.0000,0.0123,0.0000,200,2.0604
0.0252,0.0000,0.0000,0.0000,0.0249,0.0002,200,2.0484
0.0126,0.0000,0.0000,0.0000,0.0125,0.0001,200,2.0618
0.0071,0.0000,0.0000,0.0001,0.0070,0.0001,200,2.0680
0.0065,0.0000,0.0000,0.0000,0.0064,0.0001,200,2.0694
0.0026,0.0000,0.0000,0.0000,0.0025,0.0001,200,2.0736
0.0058,0.0000,0.0000,0.0000,0.0057,0.0000,200,2.0710
0.0196,0.0000,0.0000,0.0000,0.0195,0.0001,200,2.0581
0.0191,0.0000,0.0000,0.0000,0.0191,0.0000,200,2.0588
0.0008,0.0000,0.0000,0.0000,0.0007,0.0000,200,2.0779
0.0194,0.0000,0.0000,0.0000,0.0194,0.0000,200,2.0594
0.0082,0.0000,0.0000,0.0000,0.0080,0.0000,200,2.0725
0.0165,0.0000,0.0000,0.0000,0.0164,0.0000,200,2.0647
0.0316,0.0000,0.0000,0.0000,0.0316,0.0000,200,2.0497
0.0098,0.0000,0.0000,0.0000,0.0096,0.0000,200,2.0716
0.0156,0.0000,0.0000,0.0000,0.0155,0.0000,200,2.0658
0.0070,0.0000,0.0000,0.0000,0.0069,0.0000,200,2.0744
0.0048,0.0000,0.0000,0.0000,0.0047,0.0001,200,2.0768
0.0502,0.0000,0.0000,0.0000,0.0502,0.0000,200,2.0320
0.0045,0.0000,0.0000,0.0000,0.0044,0.0000,200,2.0777
0.0036,0.0000,0.0000,0.0000,0.0036,0.0000,200,2.0787
0.0226,0.0000,0.0000,0.0000,0.0226,0.0000,200,2.0597
0.0196,0.0000,0.0000,0.0000,0.0195,0.0000,200,2.0632
0.0134,0.0000,0.0000,0.0000,0.0133,0.0001,200,2.0702
0.0026,0.0000,0.0000,0.0000,0.0025,0.0000,200,2.0814
0.0031,0.0000,0.0000,0.0000,0.0030,0.0000,200,2.0814
0.0182,0.0000,0.0000,0.0000,0.0178,0.0003,200,2.0673
0.0138,0.0000,0.0000,0.0001,0.0136,0.0000,200,2.0723
0.0041,0.0000,0.0000,0.0000,0.0040,0.0000,200,2.0822
0.0050,0.0000,0.0000,0.0000,0.0049,0.0000,200,2.0816
0.0141,0.0000,0.0000,0.0000,0.0140,0.0000,200,2.0728
0.0210,0.0000,0.0000,0.0000,0.0207,0.0000,200,2.0665
0.0058,0.0000,0.0000,0.0000,0.0058,0.0000,200,2.0822
0.0049,0.0000,0.0000,0.0000,0.0048,0.0001,200,2.0840
0.0082,0.0000,0.0000,0.0000,0.0081,0.0001,200,2.0813
0.0167,0.0000,0.0000,0.0000,0.0166,0.0001,200,2.0751
0.0109,0.0000,0.0000,0.0000,0.0108,0.0001,200,2.0812
0.0028,0.0000,0.0000,0.0000,0.0027,0.0000,200,2.0895
0.0064,0.0000,0.0000,0.0000,0.0062,0.0002,200,2.0861
0.0057,0.0000,0.0000,0.0000,0.0056,0.0000,200,2.0869
0.0166,0.0000,0.0000,0.0001,0.0165,0.0000,200,2.0762
0.0144,0.0000,0.0000,0.0000,0.0143,0.0000,200,2.0788
0.0068,0.0000,0.0000,0.0000,0.0068,0.0000,200,2.0866
0.0082,0.0000,0.0000,0.0000,0.0081,0.0000,200,2.0855
0.0104,0.0000,0.0000,0.0000,0.0103,0.0001,200,2.0835
0.0336,0.0000,0.0000,0.0000,0.0335,0.0000,200,2.0625
0.0379,0.0000,0.0000,0.0001,0.0378,0.0000,200,2.0581
0.0116,0.0000,0.0000,0.0000,0.0115,0.0000,200,2.0845
0.0139,0.0000,0.0000,0.0000,0.0138,0.0000,200,2.0823
0.0149,0.0000,0.0000,0.0000,0.0148,0.0001,200,2.0813
0.0088,0.0000,0.0000,0.0000,0.0087,0.0000,200,2.0875
0.0422,0.0000,0.0000,0.0000,0.0422,0.0000,200,2.0541
0.0039,0.0000,0.0000,0.0000,0.0038,0.0000,200,2.0924
0.0156,0.0000,0.0000,0.0000,0.0156,0.0000,200,2.0807
0.0025,0.0000,0.0000,0.0000,0.0024,0.0000,200,2.0939
0.0046,0.0000,0.0000,0.0000,0.0045,0.0000,200,2.0918
0.0030,0.0000,0.0000,0.0000,0.0030,0.0000,200,2.0934
0.0042,0.0000,0.0000,0.0001,0.0041,0.0000,200,2.0923
0.0141,0.0000,0.0000,0.0000,0.0140,0.0000,200,2.0828
0.0080,0.0000,0.0000,0.0000,0.0079,0.0000,200,2.0889
0.0046,0.0000,0.0000,0.0001,0.0045,0.0000,200,2.0925
0.0045,0.0000,0.0000,0.0000,0.0044,0.0000,200,2.0928
0.0015,0.0000,0.0000,0.0000,0.0014,0.0000,200,2.0963
0.0032,0.0000,0.0000,0.0000,0.0031,0.0000,200,2.0965
0.0118,0.0000,0.0000,0.0000,0.0118,0.0000,200,2.0881
0.0038,0.0000,0.0000,0.0000,0.0037,0.0000,200,2.0960
0.0023,0.0000,0.0000,0.0000,0.0022,0.0000,200,2.0978
0.0039,0.0000,0.0000,0.0000,0.0039,0.0000,200,2.0962
0.0047,0.0000,0.0000,0.0000,0.0046,0.0000,200,2.0962
0.0054,0.0000,0.0000,0.0000,0.0053,0.0001,200,2.0964
0.0062,0.0000,0.0000,0.0000,0.0061,0.0000,200,2.0961
0.0065,0.0000,0.0000,0.0000,0.0064,0.0001,200,2.0964
0.0014,0.0000,0.0000,0.0000,0.0013,0.0001,200,2.1023
0.0102,0.0000,0.0000,0.0000,0.0101,0.0001,200,2.0937
0.0072,0.0000,0.0000,0.0000,0.0071,0.0000,200,2.0969
0.0078,0.0000,0.0000,0.0000,0.0077,0.0000,200,2.0969
0.0034,0.0000,0.0000,0.0000,0.0033,0.0000,200,2.1017
0.0127,0.0000,0.0000,0.0000,0.0126,0.0001,200,2.0932
0.0042,0.0000,0.0000,0.0000,0.0038,0.0003,200,2.1029
0.0213,0.0000,0.0000,0.0000,0.0212,0.0000,200,2.0864
0.0031,0.0000,0.0000,0.0000,0.0031,0.0001,200,2.1047
0.0083,0.0000,0.0000,0.0000,0.0082,0.0000,200,2.0999
0.0114,0.0000,0.0000,0.0000,0.0112,0.0002,200,2.0973
0.0078,0.0000,0.0000,0.0000,0.0075,0.0002,200,2.1009
0.0066,0.0000,0.0000,0.0000,0.0063,0.0001,200,2.1071
0.0173,0.0000,0.0000,0.0000,0.0173,0.0001,200,2.0964
0.0101,0.0000,0.0000,0.0000,0.0100,0.0001,200,2.1037
0.0175,0.0000,0.0000,0.0000,0.0175,0.0000,200,2.0963
0.0142,0.0000,0.0000,0.0000,0.0142,0.0000,200,2.0996
0.0061,0.0000,0.0000,0.0001,0.0054,0.0000,200,2.1078
0.0168,0.0000,0.0000,0.0000,0.0156,0.0011,200,2.0971
0.0139,0.0000,0.0000,0.0000,0.0138,0.0000,200,2.1001
0.0063,0.0000,0.0000,0.0000,0.0059,0.0003,200,2.1087
0.0071,0.0000,0.0000,0.0000,0.0063,0.0008,200,2.1087
0.0118,0.0000,0.0000,0.0000,0.0117,0.0000,200,2.1041
0.0023,0.0000,0.0000,0.0000,0.0022,0.0000,200,2.1137
0.0200,0.0000,0.0000,0.0000,0.0199,0.0001,200,2.0960
0.0087,0.0000,0.0000,0.0001,0.0086,0.0000,200,2.1076
0.0162,0.0000,0.0000,0.0002,0.0160,0.0000,200,2.1001
0.0025,0.0000,0.0000,0.0000,0.0025,0.0000,200,2.1139
0.0202,0.0000,0.0000,0.0000,0.0195,0.0006,200,2.0965
0.0029,0.0000,0.0000,0.0000,0.0028,0.0001,200,2.1159
0.0049,0.0000,0.0000,0.0000,0.0048,0.0000,200,2.1140
0.0051,0.0000,0.0000,0.0000,0.0050,0.0000,200,2.1138
0.0130,0.0000,0.0000,0.0000,0.0128,0.0001,200,2.1059
0.0150,0.0000,0.0000,0.0001,0.0149,0.0000,200,2.1039
0.0043,0.0000,0.0000,0.0000,0.0043,0.0000,200,2.1164
0.0049,0.0000,0.0000,0.0000,0.0048,0.0000,200,2.1159
0.0160,0.0000,0.0000,0.0000,0.0159,0.0001,200,2.1051
0.0099,0.0000,0.0000,0.0000,0.0098,0.0001,200,2.1138
0.0052,0.0000,0.0000,0.0000,0.0050,0.0001,200,2.1189
0.0035,0.0000,0.0000,0.0000,0.0034,0.0000,200,2.1207
0.0076,0.0000,0.0000,0.0000,0.0075,0.0000,200,2.1167
0.0165,0.0000,0.0000,0.0000,0.0164,0.0000,200,2.1081
0.0300,0.0000,0.0000,0.0000,0.0294,0.0006,200,2.0963
0.0043,0.0000,0.0000,0.0000,0.0029,0.0013,200,2.1237
0.0092,0.0000,0.0000,0.0000,0.0082,0.0010,200,2.1189
0.0090,0.0000,0.0000,0.0000,0.0073,0.0017,200,2.1208
0.0109,0.0000,0.0000,0.0000,0.0091,0.0018,200,2.1189
0.0105,0.0000,0.0000,0.0000,0.0100,0.0005,200,2.1188
0.0135,0.0000,0.0000,0.0000,0.0116,0.0018,200,2.1164
0.0059,0.0000,0.0000,0.0000,0.0040,0.0019,200,2.1240
0.0301,0.0000,0.0000,0.0000,0.0281,0.0019,200,2.0999
0.0112,0.0000,0.0000,0.0000,0.0092,0.0020,200,2.1188
0.0162,0.0000,0.0000,0.0000,0.0142,0.0020,200,2.1139
0.0161,0.0000,0.0000,0.0000,0.0159,0.0002,200,2.1150
0.0157,0.0000,0.0000,0.0000,0.0156,0.0001,200,2.1160
0.0075,0.0000,0.0000,0.0010,0.0064,0.0001,200,2.1246
0.0105,0.0000,0.0000,0.0000,0.0049,0.0000,200,2.1242
0.0105,0.0000,0.0000,0.0000,0.0102,0.0000,200,2.1242
0.0047,0.0000,0.0000,0.0000,0.0047,0.0000,200,2.1300
0.0066,0.0000,0.0000,0.0000,0.0056,0.0000,200,2.1281
0.0050,0.0000,0.0000,0.0000,0.0049,0.0000,200,2.1298
0.0068,0.0000,0.0000,0.0019,0.0048,0.0001,200,2.1280
0.0048,0.0000,0.0000,0.0000,0.0047,0.0000,200,2.1300
0.0085,0.0000,0.0000,0.0002,0.0082,0.0000,200,2.1263
0.0032,0.0000,0.0000,0.0000,0.0032,0.0000,200,2.1317
0.0050,0.0000,0.0000,0.0000,0.0050,0.0000,200,2.1299
0.0050,0.0000,0.0000,0.0000,0.0048,0.0001,200,2.1300
0.0196,0.0000,0.0000,0.0000,0.0194,0.0002,200,2.1164
0.0018,0.0000,0.0000,0.0000,0.0017,0.0000,200,2.1347
0.0024,0.0000,0.0000,0.0000,0.0022,0.0000,200,2.1350
0.0034,0.0000,0.0000,0.0000,0.0034,0.0000,200,2.1348
0.0034,0.0000,0.0000,0.0000,0.0034,0.0000,200,2.1348
0.0040,0.0000,0.0000,0.0000,0.0039,0.0000,200,2.1347
0.0031,0.0000,0.0000,0.0000,0.0030,0.0000,200,2.1360
0.0014,0.0000,0.0000,0.0000,0.0014,0.0000,200,2.1382
0.0055,0.0000,0.0000,0.0000,0.0054,0.0000,200,2.1347
0.0029,0.0000,0.0000,0.0000,0.0028,0.0001,200,2.1391
0.0122,0.0000,0.0000,0.0003,0.0119,0.0000,200,2.1301
0.0041,0.0000,0.0000,0.0000,0.0040,0.0000,200,2.1382
0.0107,0.0000,0.0000,0.0000,0.0106,0.0000,200,2.1321
0.0012,0.0000,0.0000,0.0000,0.0011,0.0000,200,2.1423
0.0126,0.0000,0.0000,0.0001,0.0125,0.0000,200,2.1312
0.0131,0.0000,0.0000,0.0003,0.0124,0.0004,200,2.1365
0.0116,0.0000,0.0000,0.0000,0.0114,0.0001,200,2.1387
0.0162,0.0000,0.0000,0.0000,0.0161,0.0000,200,2.1348
0.0018,0.0000,0.0000,0.0000,0.0017,0.0000,200,2.1496
0.0109,0.0000,0.0000,0.0000,0.0108,0.0000,200,2.1429
0.0141,0.0000,0.0000,0.0000,0.0140,0.0000,200,2.1397
0.0118,0.0000,0.0000,0.0000,0.0117,0.0000,200,2.1420
0.0117,0.0000,0.0000,0.0000,0.0117,0.0000,200,2.1423
0.0105,0.0000,0.0000,0.0000,0.0105,0.0000,200,2.1435
0.0103,0.0000,0.0000,0.0000,0.0102,0.0000,200,2.1438
0.0168,0.0000,0.0000,0.0000,0.0167,0.0001,200,2.1373
0.0017,0.0000,0.0000,0.0000,0.0016,0.0001,200,2.1537
0.0050,0.0000,0.0000,0.0000,0.0050,0.0000,200,2.1509
0.0021,0.0000,0.0000,0.0000,0.0020,0.0001,200,2.1541
0.0028,0.0000,0.0000,0.0001,0.0026,0.0001,200,2.1538
0.0030,0.0000,0.0000,0.0000,0.0029,0.0000,200,2.1537
0.0065,0.0000,0.0000,0.0001,0.0063,0.0000,200,2.1503
0.0038,0.0000,0.0000,0.0000,0.0037,0.0000,200,2.1540
0.0024,0.0000,0.0000,0.0000,0.0023,0.0001,200,2.1555
0.0039,0.0000,0.0000,0.0000,0.0038,0.0001,200,2.1540
0.0021,0.0000,0.0000,0.0000,0.0019,0.0001,200,2.1566
0.0005,0.0000,0.0000,0.0000,0.0004,0.0000,200,2.1586
0.0029,0.0000,0.0000,0.0000,0.0028,0.0000,200,2.1568
0.0010,0.0000,0.0000,0.0000,0.0009,0.0000,200,2.1591
0.0028,0.0000,0.0000,0.0000,0.0027,0.0001,200,2.1579
0.0048,0.0000,0.0000,0.0000,0.0047,0.0001,200,2.1601
0.0054,0.0000,0.0000,0.0000,0.0053,0.0000,200,2.1596
0.0072,0.0000,0.0000,0.0000,0.0070,0.0001,200,2.1579
0.0007,0.0000,0.0000,0.0000,0.0006,0.0001,200,2.1650
0.0012,0.0000,0.0000,0.0001,0.0011,0.0000,200,2.1651
0.0019,0.0000,0.0000,0.0000,0.0018,0.0001,200,2.1649
0.0018,0.0000,0.0000,0.0000,0.0017,0.0001,200,2.1657
0.0019,0.0000,0.0000,0.0000,0.0018,0.0000,200,2.1663
0.0012,0.0000,0.0000,0.0001,0.0011,0.0001,200,2.1675
0.0030,0.0000,0.0000,0.0001,0.0026,0.0003,200,2.1668
0.0012,0.0000,0.0000,0.0002,0.0009,0.0001,200,2.1687
0.0008,0.0000,0.0000,0.0000,0.0008,0.0000,200,2.1699
0.0012,0.0000,0.0000,0.0003,0.0009,0.0000,200,2.1699
0.0008,0.0000,0.0000,0.0000,0.0006,0.0000,200,2.1711
0.0579,0.0000,0.0000,0.0000,0.0577,0.0002,200,2.1719
