response-time,DNS+dialup,DNS,Request-write,Response-delay,Response-read,status-code,offset
0.0066,0.0018,0.0000,0.0022,0.0024,0.0001,200,0.0009
0.0031,0.0003,0.0000,0.0003,0.0024,0.0000,200,0.0047
0.0033,0.0004,0.0000,0.0005,0.0024,0.0000,200,0.0046
0.0032,0.0001,0.0000,0.0002,0.0028,0.0000,200,0.0048
0.0036,0.0006,0.0000,0.0005,0.0024,0.0000,200,0.0044
0.0088,0.0015,0.0000,0.0028,0.0043,0.0001,200,0.0034
0.0089,0.0012,0.0000,0.0027,0.0050,0.0000,200,0.0037
0.0056,0.0000,0.0000,0.0005,0.0049,0.0000,200,0.0078
0.0097,0.0006,0.0000,0.0021,0.0068,0.0000,200,0.0041
0.0092,0.0000,0.0000,0.0000,0.0080,0.0002,200,0.0074
0.0129,0.0010,0.0000,0.0026,0.0093,0.0000,200,0.0038
0.0138,0.0022,0.0000,0.0030,0.0087,0.0000,200,0.0030
0.0154,0.0042,0.0000,0.0032,0.0078,0.0001,200,0.0014
0.0129,0.0006,0.0000,0.0017,0.0105,0.0000,200,0.0041
0.0139,0.0020,0.0000,0.0030,0.0089,0.0000,200,0.0031
0.0075,0.0000,0.0000,0.0000,0.0072,0.0001,200,0.0096
0.0155,0.0031,0.0000,0.0032,0.0091,0.0000,200,0.0024
0.0169,0.0039,0.0000,0.0032,0.0097,0.0000,200,0.0018
0.0177,0.0038,0.0000,0.0032,0.0106,0.0000,200,0.0018
0.0096,0.0007,0.0000,0.0001,0.0088,0.0000,200,0.0101
0.0163,0.0011,0.0000,0.0027,0.0124,0.0001,200,0.0037
0.0138,0.0000,0.0000,0.0000,0.0136,0.0001,200,0.0099
0.0068,0.0000,0.0000,0.0000,0.0068,0.0000,200,0.0171
0.0226,0.0036,0.0000,0.0031,0.0158,0.0000,200,0.0020
0.0212,0.0015,0.0000,0.0028,0.0169,0.0000,200,0.0034
0.0079,0.0000,0.0000,0.0001,0.0078,0.0000,200,0.0168
0.0051,0.0000,0.0000,0.0000,0.0051,0.0000,200,0.0197
0.0239,0.0031,0.0000,0.0044,0.0162,0.0001,200,0.0023
0.0184,0.0000,0.0000,0.0000,0.0177,0.0000,200,0.0079
0.0094,0.0000,0.0000,0.0000,0.0093,0.0000,200,0.0170
0.0098,0.0000,0.0000,0.0000,0.0098,0.0000,200,0.0167
0.0087,0.0000,0.0000,0.0000,0.0086,0.0000,200,0.0186
0.0247,0.0025,0.0000,0.0031,0.0191,0.0000,200,0.0028
0.0246,0.0023,0.0000,0.0030,0.0193,0.0000,200,0.0029
0.0231,0.0002,0.0000,0.0013,0.0216,0.0000,200,0.0044
0.0267,0.0018,0.0000,0.0054,0.0194,0.0000,200,0.0009
0.0077,0.0000,0.0000,0.0000,0.0076,0.0000,200,0.0200
0.0235,0.0004,0.0000,0.0013,0.0217,0.0000,200,0.0042
0.0245,0.0018,0.0000,0.0029,0.0197,0.0000,200,0.0032
0.0216,0.0011,0.0000,0.0008,0.0195,0.0000,200,0.0062
0.0113,0.0000,0.0000,0.0000,0.0112,0.0000,200,0.0166
0.0109,0.0000,0.0000,0.0000,0.0108,0.0000,200,0.0170
0.0245,0.0000,0.0000,0.0000,0.0197,0.0000,200,0.0035
0.0249,0.0018,0.0000,0.0029,0.0202,0.0000,200,0.0032
0.0206,0.0000,0.0000,0.0000,0.0197,0.0000,200,0.0076
0.0256,0.0027,0.0000,0.0031,0.0197,0.0000,200,0.0026
0.0182,0.0000,0.0000,0.0000,0.0182,0.0000,200,0.0101
0.0022,0.0000,0.0000,0.0000,0.0021,0.0000,200,0.0262
0.0203,0.0000,0.0000,0.0000,0.0197,0.0002,200,0.0091
0.0104,0.0000,0.0000,0.0000,0.0103,0.0000,200,0.0195
0.0263,0.0013,0.0000,0.0027,0.0222,0.0000,200,0.0036
0.0256,0.0004,0.0000,0.0014,0.0237,0.0000,200,0.0042
0.0278,0.0034,0.0000,0.0045,0.0198,0.0000,200,0.0021
0.0278,0.0017,0.0000,0.0013,0.0248,0.0000,200,0.0029
0.0042,0.0000,0.0000,0.0001,0.0041,0.0000,200,0.0266
0.0215,0.0000,0.0000,0.0000,0.0215,0.0000,200,0.0101
0.0050,0.0000,0.0000,0.0000,0.0049,0.0000,200,0.0274
0.0045,0.0000,0.0000,0.0000,0.0044,0.0000,200,0.0279
0.0047,0.0000,0.0000,0.0000,0.0046,0.0000,200,0.0282
0.0051,0.0000,0.0000,0.0000,0.0050,0.0000,200,0.0280
0.0254,0.0000,0.0000,0.0000,0.0248,0.0001,200,0.0081
0.0057,0.0000,0.0000,0.0000,0.0057,0.0000,200,0.0282
0.0272,0.0000,0.0000,0.0001,0.0265,0.0000,200,0.0079
0.0023,0.0000,0.0000,0.0000,0.0022,0.0000,200,0.0329
0.0112,0.0000,0.0000,0.0000,0.0111,0.0000,200,0.0247
0.0114,0.0000,0.0000,0.0000,0.0113,0.0000,200,0.0246
0.0258,0.0000,0.0000,0.0000,0.0245,0.0012,200,0.0134
0.0093,0.0000,0.0000,0.0000,0.0080,0.0012,200,0.0298
0.0110,0.0000,0.0000,0.0000,0.0102,0.0008,200,0.0283
0.0211,0.0000,0.0000,0.0001,0.0209,0.0001,200,0.0299
0.0373,0.0000,0.0000,0.0000,0.0373,0.0000,200,0.0137
0.0217,0.0000,0.0000,0.0000,0.0216,0.0000,200,0.0294
0.0435,0.0000,0.0000,0.0000,0.0427,0.0000,200,0.0076
0.0173,0.0000,0.0000,0.0001,0.0168,0.0001,200,0.0339
0.0120,0.0000,0.0000,0.0000,0.0119,0.0000,200,0.0393
0.0205,0.0000,0.0000,0.0000,0.0205,0.0000,200,0.0308
0.0154,0.0000,0.0000,0.0000,0.0153,0.0000,200,0.0359
0.0478,0.0009,0.0000,0.0021,0.0447,0.0001,200,0.0039
0.0186,0.0000,0.0000,0.0000,0.0185,0.0000,200,0.0331
0.0011,0.0000,0.0000,0.0000,0.0010,0.0000,200,0.0512
0.0284,0.0000,0.0000,0.0000,0.0284,0.0000,200,0.0239
0.0201,0.0000,0.0000,0.0000,0.0200,0.0000,200,0.0324
0.0013,0.0000,0.0000,0.0000,0.0013,0.0000,200,0.0513
0.0176,0.0000,0.0000,0.0000,0.0176,0.0000,200,0.0351
0.0136,0.0000,0.0000,0.0117,0.0018,0.0000,200,0.0391
0.0021,0.0000,0.0000,0.0000,0.0020,0.0000,200,0.0511
0.0180,0.0000,0.0000,0.0000,0.0180,0.0000,200,0.0352
0.0019,0.0000,0.0000,0.0000,0.0019,0.0000,200,0.0513
0.0210,0.0000,0.0000,0.0000,0.0209,0.0000,200,0.0324
0.0365,0.0000,0.0000,0.0000,0.0364,0.0000,200,0.0168
0.0412,0.0000,0.0000,0.0000,0.0411,0.0000,200,0.0122
0.0257,0.0000,0.0000,0.0000,0.0257,0.0000,200,0.0277
0.0143,0.0000,0.0000,0.0001,0.0142,0.0000,200,0.0391
0.0259,0.0000,0.0000,0.0000,0.0258,0.0000,200,0.0276
0.0252,0.0000,0.0000,0.0000,0.0252,0.0000,200,0.0283
0.0510,0.0028,0.0000,0.0032,0.0450,0.0000,200,0.0026
0.0290,0.0000,0.0000,0.0000,0.0289,0.0000,200,0.0246
0.0262,0.0000,0.0000,0.0000,0.0261,0.0000,200,0.0275
0.0231,0.0000,0.0000,0.0000,0.0230,0.0000,200,0.0307
0.0260,0.0000,0.0000,0.0000,0.0260,0.0000,200,0.0277
0.0458,0.0000,0.0000,0.0000,0.0452,0.0000,200,0.0080
0.0412,0.0000,0.0000,0.0000,0.0411,0.0000,200,0.0126
0.0263,0.0000,0.0000,0.0000,0.0262,0.0000,200,0.0281
0.0286,0.0000,0.0000,0.0000,0.0281,0.0005,200,0.0263
0.0191,0.0000,0.0000,0.0000,0.0190,0.0001,200,0.0359
0.0288,0.0000,0.0000,0.0000,0.0287,0.0001,200,0.0263
0.0525,0.0024,0.0000,0.0031,0.0470,0.0000,200,0.0028
0.0255,0.0000,0.0000,0.0000,0.0254,0.0000,200,0.0299
0.0306,0.0000,0.0000,0.0000,0.0306,0.0000,200,0.0248
0.0019,0.0000,0.0000,0.0000,0.0019,0.0000,200,0.0535
0.0530,0.0029,0.0000,0.0032,0.0469,0.0000,200,0.0025
0.0021,0.0000,0.0000,0.0000,0.0021,0.0000,200,0.0534
0.0278,0.0000,0.0000,0.0000,0.0271,0.0007,200,0.0278
0.0039,0.0000,0.0000,0.0000,0.0034,0.0000,200,0.0517
0.0047,0.0000,0.0000,0.0000,0.0047,0.0000,200,0.0509
0.0046,0.0000,0.0000,0.0000,0.0046,0.0000,200,0.0511
0.0030,0.0000,0.0000,0.0000,0.0030,0.0000,200,0.0528
0.0035,0.0000,0.0000,0.0000,0.0034,0.0000,200,0.0524
0.0042,0.0000,0.0000,0.0000,0.0037,0.0000,200,0.0517
0.0049,0.0000,0.0000,0.0000,0.0049,0.0000,200,0.0510
0.0503,0.0018,0.0000,0.0007,0.0478,0.0000,200,0.0056
0.0036,0.0000,0.0000,0.0000,0.0032,0.0003,200,0.0524
0.0245,0.0000,0.0000,0.0000,0.0244,0.0000,200,0.0316
0.0324,0.0000,0.0000,0.0000,0.0324,0.0000,200,0.0237
0.0263,0.0000,0.0000,0.0000,0.0262,0.0000,200,0.0299
0.0549,0.0043,0.0000,0.0033,0.0471,0.0000,200,0.0013
0.0558,0.0034,0.0000,0.0045,0.0471,0.0007,200,0.0021
0.0045,0.0000,0.0000,0.0000,0.0038,0.0007,200,0.0533
0.0051,0.0000,0.0000,0.0000,0.0033,0.0018,200,0.0538
0.0029,0.0000,0.0000,0.0000,0.0029,0.0000,200,0.0560
0.0262,0.0000,0.0000,0.0000,0.0261,0.0001,200,0.0335
0.0060,0.0000,0.0000,0.0000,0.0059,0.0000,200,0.0537
0.0050,0.0000,0.0000,0.0000,0.0049,0.0000,200,0.0554
0.0078,0.0000,0.0000,0.0016,0.0053,0.0010,200,0.0527
0.0064,0.0000,0.0000,0.0000,0.0049,0.0015,200,0.0556
0.0043,0.0000,0.0000,0.0000,0.0034,0.0000,200,0.0578
0.0085,0.0000,0.0000,0.0000,0.0085,0.0000,200,0.0537
0.0345,0.0000,0.0000,0.0000,0.0285,0.0060,200,0.0278
0.0350,0.0000,0.0000,0.0000,0.0347,0.0002,200,0.0274
0.0451,0.0000,0.0000,0.0000,0.0450,0.0000,200,0.0179
0.0092,0.0000,0.0000,0.0003,0.0077,0.0000,200,0.0538
0.0071,0.0000,0.0000,0.0000,0.0070,0.0000,200,0.0561
0.0353,0.0000,0.0000,0.0000,0.0352,0.0001,200,0.0279
0.0359,0.0000,0.0000,0.0000,0.0287,0.0071,200,0.0275
0.0078,0.0000,0.0000,0.0000,0.0076,0.0001,200,0.0558
0.0101,0.0000,0.0000,0.0000,0.0100,0.0000,200,0.0535
0.0018,0.0000,0.0000,0.0000,0.0017,0.0000,200,0.0630
0.0112,0.0000,0.0000,0.0000,0.0111,0.0000,200,0.0537
0.0093,0.0000,0.0000,0.0000,0.0093,0.0000,200,0.0555
0.0095,0.0000,0.0000,0.0000,0.0094,0.0000,200,0.0555
0.0072,0.0000,0.0000,0.0000,0.0063,0.0000,200,0.0578
0.0092,0.0000,0.0000,0.0000,0.0091,0.0000,200,0.0558
0.0054,0.0000,0.0000,0.0000,0.0048,0.0000,200,0.0597
0.0116,0.0000,0.0000,0.0000,0.0116,0.0000,200,0.0535
0.0127,0.0000,0.0000,0.0000,0.0120,0.0000,200,0.0525
0.0090,0.0000,0.0000,0.0000,0.0089,0.0000,200,0.0562
0.0102,0.0000,0.0000,0.0000,0.0101,0.0000,200,0.0551
0.0064,0.0000,0.0000,0.0001,0.0059,0.0004,200,0.0589
0.0034,0.0000,0.0000,0.0000,0.0033,0.0000,200,0.0620
0.0128,0.0000,0.0000,0.0000,0.0128,0.0000,200,0.0526
0.0097,0.0000,0.0000,0.0000,0.0097,0.0000,200,0.0557
0.0106,0.0000,0.0000,0.0000,0.0105,0.0000,200,0.0549
0.0119,0.0000,0.0000,0.0000,0.0116,0.0003,200,0.0537
0.0099,0.0000,0.0000,0.0000,0.0099,0.0000,200,0.0557
0.0103,0.0000,0.0000,0.0000,0.0103,0.0000,200,0.0554
0.0125,0.0000,0.0000,0.0000,0.0124,0.0000,200,0.0532
0.0099,0.0000,0.0000,0.0000,0.0099,0.0000,200,0.0559
0.0069,0.0000,0.0000,0.0001,0.0068,0.0000,200,0.0589
0.0034,0.0000,0.0000,0.0000,0.0030,0.0004,200,0.0625
0.0127,0.0000,0.0000,0.0000,0.0121,0.0005,200,0.0533
0.0054,0.0000,0.0000,0.0000,0.0054,0.0000,200,0.0606
0.0101,0.0000,0.0000,0.0001,0.0098,0.0002,200,0.0560
0.0148,0.0000,0.0000,0.0000,0.0148,0.0000,200,0.0514
0.0130,0.0000,0.0000,0.0000,0.0129,0.0000,200,0.0535
0.0036,0.0000,0.0000,0.0000,0.0035,0.0001,200,0.0632
0.0116,0.0000,0.0000,0.0000,0.0115,0.0001,200,0.0555
0.0130,0.0000,0.0000,0.0000,0.0130,0.0000,200,0.0551
0.0133,0.0000,0.0000,0.0000,0.0132,0.0000,200,0.0553
0.0036,0.0000,0.0000,0.0000,0.0035,0.0000,200,0.0651
0.0043,0.0000,0.0000,0.0000,0.0038,0.0005,200,0.0651
0.0048,0.0000,0.0000,0.0000,0.0047,0.0000,200,0.0654
0.0021,0.0000,0.0000,0.0000,0.0019,0.0000,200,0.0681
0.0077,0.0000,0.0000,0.0000,0.0075,0.0002,200,0.0636
0.0121,0.0000,0.0000,0.0000,0.0103,0.0017,200,0.0623
0.0062,0.0000,0.0000,0.0000,0.0058,0.0003,200,0.0694
0.0076,0.0000,0.0000,0.0000,0.0073,0.0002,200,0.0713
0.0162,0.0000,0.0000,0.0000,0.0088,0.0074,200,0.0630
0.0100,0.0000,0.0000,0.0000,0.0095,0.0003,200,0.0702
0.0172,0.0000,0.0000,0.0000,0.0171,0.0000,200,0.0658
0.0297,0.0000,0.0000,0.0000,0.0297,0.0001,200,0.0533
0.0174,0.0000,0.0000,0.0000,0.0173,0.0000,200,0.0658
0.0181,0.0000,0.0000,0.0000,0.0181,0.0000,200,0.0655
0.0180,0.0000,0.0000,0.0000,0.0174,0.0005,200,0.0657
0.0045,0.0000,0.0000,0.0001,0.0027,0.0000,200,0.0792
0.0045,0.0000,0.0000,0.0000,0.0044,0.0000,200,0.0793
0.0187,0.0000,0.0000,0.0000,0.0104,0.0082,200,0.0652
0.0242,0.0000,0.0000,0.0005,0.0151,0.0086,200,0.0597
0.0181,0.0000,0.0000,0.0000,0.0066,0.0114,200,0.0659
0.0220,0.0000,0.0000,0.0000,0.0103,0.0114,200,0.0621
0.0179,0.0000,0.0000,0.0000,0.0177,0.0002,200,0.0662
0.0187,0.0000,0.0000,0.0000,0.0063,0.0123,200,0.0655
0.0185,0.0000,0.0000,0.0000,0.0075,0.0110,200,0.0657
0.0183,0.0000,0.0000,0.0000,0.0068,0.0114,200,0.0660
0.0221,0.0000,0.0000,0.0000,0.0128,0.0090,200,0.0622
0.0287,0.0000,0.0000,0.0000,0.0213,0.0074,200,0.0556
0.0184,0.0000,0.0000,0.0000,0.0092,0.0091,200,0.0660
0.0179,0.0000,0.0000,0.0000,0.0112,0.0067,200,0.0665
0.0213,0.0000,0.0000,0.0000,0.0125,0.0087,200,0.0632
0.0211,0.0000,0.0000,0.0000,0.0101,0.0109,200,0.0636
0.0196,0.0000,0.0000,0.0000,0.0113,0.0077,200,0.0650
0.0303,0.0000,0.0000,0.0000,0.0204,0.0098,200,0.0544
0.0285,0.0000,0.0000,0.0000,0.0219,0.0066,200,0.0562
0.0314,0.0000,0.0000,0.0000,0.0276,0.0037,200,0.0534
0.0191,0.0000,0.0000,0.0000,0.0118,0.0072,200,0.0604
0.0195,0.0000,0.0000,0.0000,0.0135,0.0060,200,0.0653
0.0201,0.0000,0.0000,0.0000,0.0149,0.0051,200,0.0648
0.0317,0.0000,0.0000,0.0000,0.0267,0.0049,200,0.0532
0.0196,0.0000,0.0000,0.0000,0.0082,0.0113,200,0.0653
0.0184,0.0000,0.0000,0.0000,0.0092,0.0091,200,0.0668
0.0196,0.0000,0.0000,0.0000,0.0116,0.0079,200,0.0656
0.0198,0.0000,0.0000,0.0000,0.0113,0.0084,200,0.0656
0.0205,0.0000,0.0000,0.0000,0.0163,0.0042,200,0.0649
0.0204,0.0000,0.0000,0.0000,0.0203,0.0000,200,0.0650
0.0204,0.0000,0.0000,0.0000,0.0117,0.0087,200,0.0652
0.0207,0.0000,0.0000,0.0000,0.0202,0.0000,200,0.0649
0.0203,0.0000,0.0000,0.0000,0.0203,0.0000,200,0.0654
0.0036,0.0000,0.0000,0.0001,0.0030,0.0000,200,0.0837
0.0214,0.0000,0.0000,0.0000,0.0214,0.0000,200,0.0659
0.0022,0.0000,0.0000,0.0000,0.0021,0.0002,200,0.0852
0.0033,0.0000,0.0000,0.0000,0.0033,0.0000,200,0.0841
0.0190,0.0000,0.0000,0.0000,0.0189,0.0000,200,0.0686
0.0047,0.0000,0.0000,0.0000,0.0047,0.0000,200,0.0831
0.0025,0.0000,0.0000,0.0000,0.0024,0.0000,200,0.0856
0.0085,0.0000,0.0000,0.0001,0.0083,0.0001,200,0.0803
0.0048,0.0000,0.0000,0.0000,0.0047,0.0001,200,0.0843
0.0060,0.0000,0.0000,0.0000,0.0059,0.0000,200,0.0838
0.0028,0.0000,0.0000,0.0000,0.0027,0.0000,200,0.0873
0.0059,0.0000,0.0000,0.0000,0.0058,0.0001,200,0.0845
0.0066,0.0000,0.0000,0.0000,0.0063,0.0001,200,0.0841
0.0066,0.0000,0.0000,0.0000,0.0066,0.0000,200,0.0843
0.0263,0.0000,0.0000,0.0000,0.0263,0.0000,200,0.0648
0.0075,0.0000,0.0000,0.0000,0.0073,0.0000,200,0.0837
0.0070,0.0000,0.0000,0.0000,0.0069,0.0000,200,0.0846
0.0358,0.0000,0.0000,0.0000,0.0295,0.0062,200,0.0561
0.0017,0.0000,0.0000,0.0000,0.0016,0.0001,200,0.0907
0.0081,0.0000,0.0000,0.0002,0.0076,0.0002,200,0.0848
0.0076,0.0000,0.0000,0.0000,0.0075,0.0000,200,0.0854
0.0051,0.0000,0.0000,0.0000,0.0051,0.0000,200,0.0878
0.0098,0.0000,0.0000,0.0000,0.0093,0.0004,200,0.0837
0.0023,0.0000,0.0000,0.0000,0.0023,0.0000,200,0.0912
0.0181,0.0000,0.0000,0.0001,0.0175,0.0000,200,0.0756
0.0085,0.0000,0.0000,0.0000,0.0083,0.0001,200,0.0857
0.0012,0.0000,0.0000,0.0000,0.0011,0.0000,200,0.0937
0.0038,0.0000,0.0000,0.0000,0.0038,0.0000,200,0.0912
0.0069,0.0000,0.0000,0.0000,0.0069,0.0000,200,0.0881
0.0036,0.0000,0.0000,0.0000,0.0032,0.0003,200,0.0924
0.0120,0.0000,0.0000,0.0000,0.0119,0.0000,200,0.0841
0.0014,0.0000,0.0000,0.0000,0.0012,0.0000,200,0.0949
0.0037,0.0000,0.0000,0.0000,0.0036,0.0000,200,0.0930
0.0124,0.0000,0.0000,0.0000,0.0123,0.0001,200,0.0846
0.0303,0.0000,0.0000,0.0000,0.0302,0.0000,200,0.0671
0.0137,0.0000,0.0000,0.0000,0.0136,0.0000,200,0.0847
0.0063,0.0000,0.0000,0.0000,0.0061,0.0001,200,0.0928
0.0112,0.0000,0.0000,0.0002,0.0108,0.0001,200,0.0887
0.0088,0.0000,0.0000,0.0000,0.0077,0.0011,200,0.0935
0.0119,0.0000,0.0000,0.0000,0.0119,0.0000,200,0.0904
0.0280,0.0000,0.0000,0.0096,0.0184,0.0000,200,0.0744
0.0186,0.0000,0.0000,0.0000,0.0185,0.0000,200,0.0839
0.0198,0.0000,0.0000,0.0000,0.0188,0.0005,200,0.0831
0.0179,0.0000,0.0000,0.0000,0.0178,0.0001,200,0.0852
0.0156,0.0000,0.0000,0.0000,0.0155,0.0000,200,0.0876
0.0196,0.0000,0.0000,0.0000,0.0195,0.0000,200,0.0846
0.0193,0.0000,0.0000,0.0000,0.0191,0.0001,200,0.0849
0.0098,0.0000,0.0000,0.0000,0.0097,0.0000,200,0.0950
0.0135,0.0000,0.0000,0.0000,0.0134,0.0000,200,0.0919
0.0210,0.0000,0.0000,0.0000,0.0210,0.0000,200,0.0849
0.0179,0.0000,0.0000,0.0000,0.0178,0.0000,200,0.0891
0.0107,0.0000,0.0000,0.0000,0.0103,0.0001,200,0.0963
0.0215,0.0000,0.0000,0.0000,0.0213,0.0002,200,0.0856
0.0227,0.0000,0.0000,0.0000,0.0225,0.0000,200,0.0854
0.0209,0.0000,0.0000,0.0000,0.0208,0.0000,200,0.0873
0.0248,0.0000,0.0000,0.0000,0.0248,0.0000,200,0.0844
0.0461,0.0000,0.0000,0.0000,0.0447,0.0000,200,0.0634
0.0538,0.0000,0.0000,0.0000,0.0533,0.0005,200,0.0559
0.0261,0.0000,0.0000,0.0000,0.0254,0.0000,200,0.0845
0.0135,0.0000,0.0000,0.0000,0.0134,0.0000,200,0.0974
0.0095,0.0000,0.0000,0.0000,0.0092,0.0002,200,0.1024
0.0061,0.0000,0.0000,0.0000,0.0060,0.0000,200,0.1059
0.0250,0.0000,0.0000,0.0000,0.0249,0.0001,200,0.0874
0.0445,0.0000,0.0000,0.0009,0.0435,0.0002,200,0.0686
0.0293,0.0000,0.0000,0.0000,0.0293,0.0000,200,0.0840
0.0261,0.0000,0.0000,0.0000,0.0260,0.0001,200,0.0875
0.0291,0.0000,0.0000,0.0000,0.0287,0.0001,200,0.0848
0.0313,0.0000,0.0000,0.0000,0.0312,0.0000,200,0.0830
0.0117,0.0000,0.0000,0.0001,0.0116,0.0000,200,0.1029
0.0027,0.0000,0.0000,0.0000,0.0025,0.0001,200,0.1125
0.0075,0.0000,0.0000,0.0000,0.0074,0.0000,200,0.1081
0.0089,0.0000,0.0000,0.0000,0.0086,0.0002,200,0.1070
0.0031,0.0000,0.0000,0.0000,0.0028,0.0001,200,0.1133
0.0144,0.0000,0.0000,0.0000,0.0143,0.0001,200,0.1023
0.0142,0.0000,0.0000,0.0000,0.0140,0.0002,200,0.1031
0.0246,0.0000,0.0000,0.0000,0.0245,0.0000,200,0.0930
0.0334,0.0000,0.0000,0.0000,0.0333,0.0000,200,0.0844
0.0184,0.0000,0.0000,0.0000,0.0183,0.0001,200,0.0999
0.0032,0.0000,0.0000,0.0000,0.0031,0.0000,200,0.1156
0.0228,0.0000,0.0000,0.0000,0.0227,0.0000,200,0.0961
0.0101,0.0000,0.0000,0.0000,0.0097,0.0003,200,0.1095
0.0168,0.0000,0.0000,0.0000,0.0163,0.0005,200,0.1032
0.0061,0.0000,0.0000,0.0000,0.0060,0.0000,200,0.1139
0.0260,0.0000,0.0000,0.0000,0.0259,0.0000,200,0.0942
0.0061,0.0000,0.0000,0.0000,0.0060,0.0000,200,0.1147
0.0062,0.0000,0.0000,0.0000,0.0061,0.0001,200,0.1152
0.0134,0.0000,0.0000,0.0000,0.0133,0.0000,200,0.1082
0.0148,0.0000,0.0000,0.0000,0.0147,0.0000,200,0.1071
0.0384,0.0000,0.0000,0.0000,0.0381,0.0002,200,0.0842
0.0267,0.0000,0.0000,0.0000,0.0266,0.0000,200,0.0960
0.0123,0.0000,0.0000,0.0000,0.0122,0.0000,200,0.1109
0.0194,0.0000,0.0000,0.0000,0.0192,0.0001,200,0.1042
0.0018,0.0000,0.0000,0.0000,0.0017,0.0000,200,0.1219
0.0045,0.0000,0.0000,0.0006,0.0038,0.0000,200,0.1196
0.0068,0.0000,0.0000,0.0000,0.0067,0.0000,200,0.1176
0.0105,0.0000,0.0000,0.0001,0.0101,0.0001,200,0.1143
0.0037,0.0000,0.0000,0.0000,0.0036,0.0000,200,0.1214
0.0207,0.0000,0.0000,0.0000,0.0206,0.0001,200,0.1047
0.0031,0.0000,0.0000,0.0000,0.0030,0.0001,200,0.1226
0.0045,0.0000,0.0000,0.0001,0.0044,0.0000,200,0.1216
0.0224,0.0000,0.0000,0.0000,0.0223,0.0001,200,0.1042
0.0084,0.0000,0.0000,0.0000,0.0081,0.0002,200,0.1188
0.0021,0.0000,0.0000,0.0010,0.0011,0.0000,200,0.1252
0.0113,0.0000,0.0000,0.0001,0.0112,0.0000,200,0.1164
0.0166,0.0000,0.0000,0.0000,0.0163,0.0002,200,0.1120
0.0098,0.0000,0.0000,0.0000,0.0098,0.0000,200,0.1188
0.0025,0.0000,0.0000,0.0000,0.0024,0.0000,200,0.1262
0.0235,0.0000,0.0000,0.0000,0.0235,0.0000,200,0.1053
0.0450,0.0000,0.0000,0.0000,0.0450,0.0000,200,0.0839
0.0041,0.0000,0.0000,0.0000,0.0040,0.0000,200,0.1255
0.0230,0.0000,0.0000,0.0000,0.0229,0.0000,200,0.1070
0.0027,0.0000,0.0000,0.0000,0.0026,0.0000,200,0.1277
0.0389,0.0000,0.0000,0.0000,0.0388,0.0000,200,0.0916
0.0083,0.0000,0.0000,0.0000,0.0082,0.0001,200,0.1227
0.0290,0.0000,0.0000,0.0000,0.0289,0.0001,200,0.1024
0.0221,0.0000,0.0000,0.0000,0.0220,0.0000,200,0.1097
0.0032,0.0000,0.0000,0.0000,0.0027,0.0000,200,0.1287
0.0032,0.0000,0.0000,0.0000,0.0031,0.0000,200,0.1289
0.0061,0.0000,0.0000,0.0000,0.0058,0.0003,200,0.1266
0.0085,0.0000,0.0000,0.0000,0.0084,0.0001,200,0.1244
0.0036,0.0000,0.0000,0.0000,0.0035,0.0001,200,0.1296
0.0096,0.0000,0.0000,0.0001,0.0094,0.0000,200,0.1237
0.0011,0.0000,0.0000,0.0000,0.0010,0.0000,200,0.1327
0.0110,0.0000,0.0000,0.0000,0.0108,0.0002,200,0.1231
0.0207,0.0000,0.0000,0.0000,0.0206,0.0000,200,0.1135
0.0159,0.0000,0.0000,0.0000,0.0152,0.0006,200,0.1184
0.0090,0.0000,0.0000,0.0000,0.0088,0.0001,200,0.1257
0.0022,0.0000,0.0000,0.0001,0.0017,0.0003,200,0.1331
0.0145,0.0000,0.0000,0.0005,0.0139,0.0000,200,0.1208
0.0191,0.0000,0.0000,0.0000,0.0189,0.0002,200,0.1167
0.0185,0.0000,0.0000,0.0000,0.0184,0.0000,200,0.1178
0.0079,0.0000,0.0000,0.0000,0.0075,0.0001,200,0.1289
0.0121,0.0000,0.0000,0.0000,0.0120,0.0000,200,0.1248
0.0020,0.0000,0.0000,0.0000,0.0019,0.0000,200,0.1353
0.0171,0.0000,0.0000,0.0000,0.0170,0.0000,200,0.1202
0.0102,0.0000,0.0000,0.0000,0.0101,0.0000,200,0.1272
0.0427,0.0000,0.0000,0.0000,0.0426,0.0001,200,0.0950
0.0358,0.0000,0.0000,0.0000,0.0358,0.0000,200,0.1023
0.0292,0.0000,0.0000,0.0000,0.0291,0.0000,200,0.1092
0.0015,0.0000,0.0000,0.0000,0.0014,0.0001,200,0.1374
0.0019,0.0000,0.0000,0.0000,0.0018,0.0000,200,0.1373
0.0112,0.0000,0.0000,0.0000,0.0111,0.0001,200,0.1286
0.0119,0.0000,0.0000,0.0000,0.0117,0.0001,200,0.1286
0.0435,0.0000,0.0000,0.0000,0.0433,0.0000,200,0.0971
0.0561,0.0000,0.0000,0.0000,0.0560,0.0001,200,0.0847
0.0477,0.0000,0.0000,0.0001,0.0474,0.0001,200,0.0935
0.0245,0.0000,0.0000,0.0000,0.0244,0.0000,200,0.1173
0.0021,0.0000,0.0000,0.0000,0.0020,0.0000,200,0.1398
0.0075,0.0000,0.0000,0.0000,0.0074,0.0000,200,0.1347
0.0107,0.0000,0.0000,0.0000,0.0106,0.0000,200,0.1318
0.0047,0.0000,0.0000,0.0000,0.0047,0.0000,200,0.1382
0.0090,0.0000,0.0000,0.0001,0.0088,0.0000,200,0.1342
0.0305,0.0000,0.0000,0.0000,0.0304,0.0000,200,0.1132
0.0064,0.0000,0.0000,0.0000,0.0064,0.0000,200,0.1377
0.0593,0.0000,0.0000,0.0000,0.0591,0.0002,200,0.0854
0.0082,0.0000,0.0000,0.0000,0.0080,0.0002,200,0.1368
0.0552,0.0000,0.0000,0.0000,0.0551,0.0000,200,0.0901
0.0101,0.0000,0.0000,0.0000,0.0098,0.0003,200,0.1358
0.0156,0.0000,0.0000,0.0000,0.0155,0.0000,200,0.1304
0.0079,0.0000,0.0000,0.0000,0.0078,0.0000,200,0.1384
0.0306,0.0000,0.0000,0.0003,0.0303,0.0000,200,0.1158
0.0026,0.0000,0.0000,0.0000,0.0021,0.0004,200,0.1453
0.0487,0.0000,0.0000,0.0000,0.0485,0.0000,200,0.0992
0.0020,0.0000,0.0000,0.0000,0.0019,0.0000,200,0.1460
0.0030,0.0000,0.0000,0.0000,0.0028,0.0000,200,0.1450
0.0362,0.0000,0.0000,0.0000,0.0361,0.0000,200,0.1119
0.0118,0.0000,0.0000,0.0000,0.0118,0.0000,200,0.1363
0.0057,0.0000,0.0000,0.0000,0.0056,0.0001,200,0.1429
0.0006,0.0000,0.0000,0.0000,0.0005,0.0000,200,0.1481
0.0787,0.0000,0.0000,0.0000,0.0786,0.0001,200,0.0702
0.0152,0.0000,0.0000,0.0000,0.0151,0.0001,200,0.1343
0.0009,0.0000,0.0000,0.0000,0.0009,0.0000,200,0.1489
0.0196,0.0000,0.0000,0.0000,0.0196,0.0000,200,0.1305
0.0305,0.0000,0.0000,0.0000,0.0304,0.0000,200,0.1200
0.0073,0.0000,0.0000,0.0000,0.0072,0.0000,200,0.1437
0.0034,0.0000,0.0000,0.0000,0.0033,0.0000,200,0.1480
0.0191,0.0000,0.0000,0.0000,0.0191,0.0000,200,0.1328
0.0097,0.0000,0.0000,0.0000,0.0097,0.0000,200,0.1422
0.0061,0.0000,0.0000,0.0000,0.0059,0.0002,200,0.1460
0.0027,0.0000,0.0000,0.0000,0.0027,0.0000,200,0.1495
0.0014,0.0000,0.0000,0.0000,0.0013,0.0001,200,0.1513
0.0214,0.0000,0.0000,0.0001,0.0213,0.0000,200,0.1314
0.0011,0.0000,0.0000,0.0000,0.0010,0.0000,200,0.1522
0.0225,0.0000,0.0000,0.0000,0.0225,0.0000,200,0.1310
0.0642,0.0000,0.0000,0.0000,0.0640,0.0001,200,0.0897
0.0126,0.0000,0.0000,0.0000,0.0125,0.0000,200,0.1418
0.0014,0.0000,0.0000,0.0000,0.0013,0.0000,200,0.1533
0.0701,0.0000,0.0000,0.0000,0.0701,0.0000,200,0.0848
0.0076,0.0000,0.0000,0.0009,0.0065,0.0002,200,0.1480
0.0077,0.0000,0.0000,0.0000,0.0076,0.0000,200,0.1479
0.0038,0.0000,0.0000,0.0000,0.0037,0.0000,200,0.1521
0.0042,0.0000,0.0000,0.0000,0.0041,0.0001,200,0.1519
0.0156,0.0000,0.0000,0.0000,0.0154,0.0000,200,0.1408
0.0293,0.0000,0.0000,0.0000,0.0292,0.0001,200,0.1273
0.0463,0.0000,0.0000,0.0000,0.0462,0.0000,200,0.1106
0.0234,0.0000,0.0000,0.0000,0.0233,0.0000,200,0.1339
0.0185,0.0000,0.0000,0.0000,0.0184,0.0001,200,0.1392
0.0190,0.0000,0.0000,0.0000,0.0187,0.0000,200,0.1390
0.0025,0.0000,0.0000,0.0001,0.0023,0.0000,200,0.1559
0.0213,0.0000,0.0000,0.0001,0.0212,0.0001,200,0.1373
0.0256,0.0000,0.0000,0.0003,0.0252,0.0001,200,0.1332
0.0112,0.0000,0.0000,0.0000,0.0112,0.0000,200,0.1481
0.0079,0.0000,0.0000,0.0001,0.0077,0.0000,200,0.1519
0.0116,0.0000,0.0000,0.0000,0.0116,0.0000,200,0.1486
0.0620,0.0000,0.0000,0.0000,0.0616,0.0003,200,0.0984
0.0059,0.0000,0.0000,0.0000,0.0058,0.0000,200,0.1549
0.0371,0.0000,0.0000,0.0000,0.0369,0.0002,200,0.1241
0.0211,0.0000,0.0000,0.0000,0.0210,0.0001,200,0.1405
0.0420,0.0000,0.0000,0.0000,0.0419,0.0000,200,0.1200
0.0113,0.0000,0.0000,0.0000,0.0112,0.0000,200,0.1510
0.0093,0.0000,0.0000,0.0000,0.0093,0.0000,200,0.1539
0.0086,0.0000,0.0000,0.0000,0.0085,0.0000,200,0.1547
0.0047,0.0000,0.0000,0.0000,0.0046,0.0001,200,0.1586
0.0269,0.0000,0.0000,0.0000,0.0265,0.0004,200,0.1369
0.0227,0.0000,0.0000,0.0000,0.0225,0.0002,200,0.1412
0.0183,0.0000,0.0000,0.0002,0.0181,0.0000,200,0.1465
0.0201,0.0000,0.0000,0.0002,0.0198,0.0000,200,0.1447
0.0229,0.0000,0.0000,0.0000,0.0228,0.0001,200,0.1418
0.0117,0.0000,0.0000,0.0000,0.0116,0.0000,200,0.1535
0.0153,0.0000,0.0000,0.0000,0.0149,0.0001,200,0.1501
0.0083,0.0000,0.0000,0.0000,0.0080,0.0002,200,0.1579
0.0225,0.0000,0.0000,0.0000,0.0225,0.0000,200,0.1441
0.0022,0.0000,0.0000,0.0000,0.0021,0.0000,200,0.1648
0.0066,0.0000,0.0000,0.0000,0.0065,0.0000,200,0.1604
0.0115,0.0000,0.0000,0.0000,0.0111,0.0004,200,0.1564
0.0031,0.0000,0.0000,0.0000,0.0031,0.0000,200,0.1648
0.0167,0.0000,0.0000,0.0000,0.0156,0.0011,200,0.1528
0.0190,0.0000,0.0000,0.0000,0.0188,0.0001,200,0.1505
0.0102,0.0000,0.0000,0.0000,0.0101,0.0000,200,0.1593
0.0209,0.0000,0.0000,0.0000,0.0208,0.0000,200,0.1487
0.0345,0.0000,0.0000,0.0000,0.0344,0.0000,200,0.1353
0.0024,0.0000,0.0000,0.0000,0.0023,0.0000,200,0.1679
0.0028,0.0000,0.0000,0.0000,0.0026,0.0001,200,0.1679
0.0802,0.0000,0.0000,0.0000,0.0799,0.0001,200,0.0909
0.0018,0.0000,0.0000,0.0000,0.0017,0.0000,200,0.1695
0.0049,0.0000,0.0000,0.0000,0.0047,0.0000,200,0.1667
0.0068,0.0000,0.0000,0.0000,0.0067,0.0001,200,0.1652
0.0074,0.0000,0.0000,0.0000,0.0073,0.0000,200,0.1648
0.0031,0.0000,0.0000,0.0000,0.0027,0.0001,200,0.1695
0.0018,0.0000,0.0000,0.0000,0.0017,0.0000,200,0.1710
0.0249,0.0000,0.0000,0.0000,0.0248,0.0000,200,0.1481
0.0119,0.0000,0.0000,0.0000,0.0119,0.0000,200,0.1616
0.0116,0.0000,0.0000,0.0000,0.0115,0.0001,200,0.1632
0.0146,0.0000,0.0000,0.0000,0.0146,0.0000,200,0.1602
0.0223,0.0000,0.0000,0.0000,0.0222,0.0001,200,0.1544
0.0538,0.0000,0.0000,0.0000,0.0536,0.0001,200,0.1235
0.0809,0.0000,0.0000,0.0000,0.0807,0.0001,200,0.0967
0.0143,0.0000,0.0000,0.0000,0.0140,0.0001,200,0.1638
0.0171,0.0000,0.0000,0.0000,0.0170,0.0001,200,0.1612
0.0091,0.0000,0.0000,0.0000,0.0088,0.0002,200,0.1698
0.0194,0.0000,0.0000,0.0000,0.0193,0.0000,200,0.1598
0.0101,0.0000,0.0000,0.0000,0.0101,0.0000,200,0.1695
0.0216,0.0000,0.0000,0.0000,0.0215,0.0000,200,0.1584
0.0484,0.0000,0.0000,0.0000,0.0483,0.0000,200,0.1321
0.0092,0.0000,0.0000,0.0000,0.0092,0.0000,200,0.1716
0.0244,0.0000,0.0000,0.0000,0.0242,0.0000,200,0.1566
0.0253,0.0000,0.0000,0.0000,0.0251,0.0001,200,0.1561
0.0034,0.0000,0.0000,0.0000,0.0032,0.0001,200,0.1783
0.0150,0.0000,0.0000,0.0000,0.0149,0.0000,200,0.1671
0.0118,0.0000,0.0000,0.0000,0.0117,0.0000,200,0.1707
0.0022,0.0000,0.0000,0.0000,0.0020,0.0001,200,0.1810
0.0021,0.0000,0.0000,0.0000,0.0018,0.0002,200,0.1814
0.0143,0.0000,0.0000,0.0000,0.0142,0.0000,200,0.1695
0.0271,0.0000,0.0000,0.0000,0.0270,0.0001,200,0.1572
0.0068,0.0000,0.0000,0.0000,0.0066,0.0002,200,0.1781
0.0218,0.0000,0.0000,0.0000,0.0214,0.0000,200,0.1638
0.0186,0.0000,0.0000,0.0000,0.0180,0.0006,200,0.1670
0.0397,0.0000,0.0000,0.0000,0.0395,0.0001,200,0.1462
0.0054,0.0000,0.0000,0.0001,0.0052,0.0000,200,0.1817
0.0051,0.0000,0.0000,0.0000,0.0050,0.0000,200,0.1820
0.0304,0.0000,0.0000,0.0000,0.0303,0.0000,200,0.1569
0.0440,0.0000,0.0000,0.0001,0.0439,0.0000,200,0.1433
0.0046,0.0000,0.0000,0.0000,0.0045,0.0000,200,0.1832
0.0132,0.0000,0.0000,0.0005,0.0124,0.0002,200,0.1749
0.0171,0.0000,0.0000,0.0000,0.0170,0.0001,200,0.1713
0.0068,0.0000,0.0000,0.0000,0.0063,0.0005,200,0.1825
0.0488,0.0000,0.0000,0.0000,0.0485,0.0000,200,0.1406
0.0027,0.0000,0.0000,0.0000,0.0026,0.0000,200,0.1871
0.0268,0.0000,0.0000,0.0000,0.0267,0.0001,200,0.1633
0.0049,0.0000,0.0000,0.0000,0.0048,0.0000,200,0.1860
0.0114,0.0000,0.0000,0.0000,0.0113,0.0001,200,0.1797
0.0126,0.0000,0.0000,0.0000,0.0125,0.0001,200,0.1788
0.0492,0.0000,0.0000,0.0000,0.0491,0.0000,200,0.1426
0.0195,0.0000,0.0000,0.0000,0.0194,0.0000,200,0.1726
0.0126,0.0000,0.0000,0.0000,0.0125,0.0001,200,0.1799
0.0373,0.0000,0.0000,0.0000,0.0372,0.0000,200,0.1556
0.0054,0.0000,0.0000,0.0000,0.0053,0.0000,200,0.1878
0.0441,0.0000,0.0000,0.0000,0.0439,0.0002,200,0.1498
0.0046,0.0000,0.0000,0.0000,0.0045,0.0000,200,0.1893
0.0355,0.0000,0.0000,0.0000,0.0354,0.0000,200,0.1589
0.0316,0.0000,0.0000,0.0000,0.0315,0.0001,200,0.1633
0.0225,0.0000,0.0000,0.0000,0.0225,0.0000,200,0.1728
0.0377,0.0000,0.0000,0.0000,0.0377,0.0000,200,0.1577
0.0061,0.0000,0.0000,0.0000,0.0060,0.0000,200,0.1898
0.0444,0.0000,0.0000,0.0000,0.0442,0.0002,200,0.1528
0.0310,0.0000,0.0000,0.0000,0.0309,0.0000,200,0.1662
0.0089,0.0000,0.0000,0.0000,0.0088,0.0000,200,0.1884
0.0130,0.0000,0.0000,0.0000,0.0129,0.0001,200,0.1844
0.0144,0.0000,0.0000,0.0000,0.0141,0.0002,200,0.1835
0.0078,0.0000,0.0000,0.0000,0.0076,0.0002,200,0.1911
0.0671,0.0000,0.0000,0.0000,0.0670,0.0000,200,0.1319
0.0024,0.0000,0.0000,0.0000,0.0023,0.0000,200,0.1972
0.0079,0.0000,0.0000,0.0000,0.0078,0.0000,200,0.1921
0.0234,0.0000,0.0000,0.0000,0.0233,0.0000,200,0.1773
0.0240,0.0000,0.0000,0.0000,0.0240,0.0000,200,0.1767
0.0452,0.0000,0.0000,0.0002,0.0447,0.0003,200,0.1556
0.0152,0.0000,0.0000,0.0000,0.0150,0.0000,200,0.1856
0.0023,0.0000,0.0000,0.0000,0.0022,0.0000,200,0.1990
0.0717,0.0000,0.0000,0.0000,0.0717,0.0000,200,0.1299
0.0316,0.0000,0.0000,0.0000,0.0315,0.0001,200,0.1703
0.0288,0.0000,0.0000,0.0000,0.0287,0.0000,200,0.1736
0.0235,0.0000,0.0000,0.0000,0.0234,0.0000,200,0.1792
0.0091,0.0000,0.0000,0.0000,0.0091,0.0001,200,0.1939
0.0085,0.0000,0.0000,0.0000,0.0084,0.0000,200,0.1949
0.0032,0.0000,0.0000,0.0000,0.0030,0.0001,200,0.2007
0.0141,0.0000,0.0000,0.0000,0.0140,0.0000,200,0.1902
0.0033,0.0000,0.0000,0.0000,0.0032,0.0001,200,0.2012
0.0015,0.0000,0.0000,0.0000,0.0015,0.0000,200,0.2031
0.0030,0.0000,0.0000,0.0000,0.0029,0.0000,200,0.2026
0.0185,0.0000,0.0000,0.0000,0.0184,0.0000,200,0.1871
0.0114,0.0000,0.0000,0.0000,0.0113,0.0000,200,0.1944
0.0720,0.0000,0.0000,0.0000,0.0719,0.0000,200,0.1341
0.0413,0.0000,0.0000,0.0000,0.0413,0.0000,200,0.1655
0.0213,0.0000,0.0000,0.0004,0.0207,0.0002,200,0.1856
0.0323,0.0000,0.0000,0.0007,0.0314,0.0001,200,0.1749
0.0089,0.0000,0.0000,0.0000,0.0088,0.0000,200,0.1988
0.0024,0.0000,0.0000,0.0000,0.0023,0.0000,200,0.2057
0.0238,0.0000,0.0000,0.0000,0.0237,0.0000,200,0.1850
0.0065,0.0000,0.0000,0.0000,0.0063,0.0002,200,0.2024
0.0196,0.0000,0.0000,0.0000,0.0195,0.0000,200,0.1894
0.0486,0.0000,0.0000,0.0000,0.0485,0.0000,200,0.1609
0.0057,0.0000,0.0000,0.0000,0.0056,0.0000,200,0.2039
0.0036,0.0000,0.0000,0.0000,0.0034,0.0000,200,0.2068
0.0237,0.0000,0.0000,0.0000,0.0236,0.0000,200,0.1873
0.0174,0.0000,0.0000,0.0000,0.0173,0.0000,200,0.1939
0.0110,0.0000,0.0000,0.0000,0.0108,0.0002,200,0.2009
0.0055,0.0000,0.0000,0.0000,0.0054,0.0000,200,0.2069
0.0127,0.0000,0.0000,0.0000,0.0125,0.0001,200,0.2000
0.0119,0.0000,0.0000,0.0000,0.0118,0.0001,200,0.2007
0.0114,0.0000,0.0000,0.0000,0.0113,0.0000,200,0.2020
0.0181,0.0000,0.0000,0.0000,0.0180,0.0000,200,0.1954
0.0520,0.0000,0.0000,0.0000,0.0519,0.0000,200,0.1620
0.0168,0.0000,0.0000,0.0000,0.0165,0.0000,200,0.1974
0.0194,0.0000,0.0000,0.0000,0.0193,0.0001,200,0.1954
0.0018,0.0000,0.0000,0.0000,0.0016,0.0002,200,0.2134
0.0182,0.0000,0.0000,0.0000,0.0181,0.0001,200,0.1972
0.0250,0.0000,0.0000,0.0000,0.0248,0.0001,200,0.1908
0.0086,0.0000,0.0000,0.0000,0.0085,0.0001,200,0.2077
0.0149,0.0000,0.0000,0.0000,0.0147,0.0000,200,0.2017
0.0031,0.0000,0.0000,0.0000,0.0028,0.0002,200,0.2142
0.0369,0.0000,0.0000,0.0000,0.0368,0.0000,200,0.1805
0.0054,0.0000,0.0000,0.0000,0.0054,0.0000,200,0.2127
0.0062,0.0000,0.0000,0.0000,0.0062,0.0000,200,0.2119
0.0474,0.0000,0.0000,0.0000,0.0473,0.0000,200,0.1721
0.0323,0.0000,0.0000,0.0000,0.0322,0.0000,200,0.1873
0.0388,0.0000,0.0000,0.0000,0.0387,0.0000,200,0.1808
0.0153,0.0000,0.0000,0.0000,0.0151,0.0000,200,0.2042
0.0047,0.0000,0.0000,0.0000,0.0045,0.0002,200,0.2159
0.0116,0.0000,0.0000,0.0000,0.0115,0.0000,200,0.2089
0.0435,0.0000,0.0000,0.0000,0.0434,0.0000,200,0.1775
0.0157,0.0000,0.0000,0.0000,0.0156,0.0000,200,0.2056
0.0385,0.0000,0.0000,0.0000,0.0383,0.0002,200,0.1838
0.0031,0.0000,0.0000,0.0000,0.0031,0.0000,200,0.2196
0.0103,0.0000,0.0000,0.0000,0.0102,0.0000,200,0.2124
0.0061,0.0000,0.0000,0.0000,0.0060,0.0001,200,0.2181
0.0029,0.0000,0.0000,0.0000,0.0025,0.0004,200,0.2213
0.0036,0.0000,0.0000,0.0000,0.0035,0.0000,200,0.2210
0.0155,0.0000,0.0000,0.0000,0.0152,0.0003,200,0.2095
0.0258,0.0000,0.0000,0.0000,0.0257,0.0001,200,0.1996
0.0133,0.0000,0.0000,0.0000,0.0131,0.0001,200,0.2127
0.0346,0.0000,0.0000,0.0000,0.0345,0.0000,200,0.1918
0.0090,0.0000,0.0000,0.0000,0.0089,0.0000,200,0.2174
0.0022,0.0000,0.0000,0.0000,0.0020,0.0001,200,0.2246
0.0077,0.0000,0.0000,0.0001,0.0074,0.0000,200,0.2196
0.0300,0.0000,0.0000,0.0003,0.0296,0.0000,200,0.1973
0.0353,0.0000,0.0000,0.0000,0.0352,0.0001,200,0.1925
0.0089,0.0000,0.0000,0.0000,0.0088,0.0000,200,0.2195
0.0158,0.0000,0.0000,0.0000,0.0156,0.0001,200,0.2134
0.0138,0.0000,0.0000,0.0000,0.0137,0.0001,200,0.2163
0.0680,0.0000,0.0000,0.0000,0.0678,0.0001,200,0.1623
0.0098,0.0000,0.0000,0.0000,0.0097,0.0000,200,0.2205
0.0059,0.0000,0.0000,0.0001,0.0057,0.0001,200,0.2254
0.0075,0.0000,0.0000,0.0000,0.0074,0.0001,200,0.2243
0.0051,0.0000,0.0000,0.0000,0.0050,0.0000,200,0.2272
0.0244,0.0000,0.0000,0.0000,0.0243,0.0000,200,0.2081
0.0030,0.0000,0.0000,0.0000,0.0029,0.0001,200,0.2301
0.0241,0.0000,0.0000,0.0000,0.0240,0.0001,200,0.2096
0.0112,0.0000,0.0000,0.0000,0.0112,0.0000,200,0.2227
0.0619,0.0000,0.0000,0.0000,0.0593,0.0001,200,0.1730
0.0399,0.0000,0.0000,0.0000,0.0398,0.0001,200,0.1959
0.0062,0.0000,0.0000,0.0000,0.0058,0.0000,200,0.2303
0.0033,0.0000,0.0000,0.0001,0.0031,0.0000,200,0.2336
0.0493,0.0000,0.0000,0.0000,0.0491,0.0001,200,0.1881
0.0397,0.0000,0.0000,0.0000,0.0396,0.0000,200,0.1979
0.0327,0.0000,0.0000,0.0000,0.0326,0.0000,200,0.2056
0.0375,0.0000,0.0000,0.0000,0.0375,0.0000,200,0.2008
0.0195,0.0000,0.0000,0.0000,0.0194,0.0000,200,0.2195
0.0113,0.0000,0.0000,0.0000,0.0112,0.0001,200,0.2285
0.0290,0.0000,0.0000,0.0000,0.0289,0.0000,200,0.2114
0.0045,0.0000,0.0000,0.0001,0.0044,0.0000,200,0.2358
0.0480,0.0000,0.0000,0.0000,0.0479,0.0001,200,0.1929
0.0160,0.0000,0.0000,0.0000,0.0159,0.0000,200,0.2250
0.0270,0.0000,0.0000,0.0000,0.0269,0.0000,200,0.2149
0.0243,0.0000,0.0000,0.0000,0.0241,0.0001,200,0.2181
0.0124,0.0000,0.0000,0.0000,0.0124,0.0000,200,0.2302
0.0052,0.0000,0.0000,0.0000,0.0051,0.0000,200,0.2376
0.0519,0.0000,0.0000,0.0000,0.0516,0.0001,200,0.1915
0.0142,0.0000,0.0000,0.0000,0.0141,0.0000,200,0.2293
0.0171,0.0000,0.0000,0.0000,0.0170,0.0000,200,0.2268
0.0060,0.0000,0.0000,0.0000,0.0060,0.0000,200,0.2384
0.0081,0.0000,0.0000,0.0000,0.0080,0.0001,200,0.2365
0.0133,0.0000,0.0000,0.0000,0.0132,0.0001,200,0.2313
0.0176,0.0000,0.0000,0.0000,0.0174,0.0001,200,0.2279
0.0345,0.0000,0.0000,0.0000,0.0344,0.0000,200,0.2110
0.0233,0.0000,0.0000,0.0000,0.0231,0.0002,200,0.2223
0.0019,0.0000,0.0000,0.0000,0.0019,0.0001,200,0.2439
0.0055,0.0000,0.0000,0.0001,0.0053,0.0000,200,0.2409
0.0150,0.0000,0.0000,0.0000,0.0149,0.0000,200,0.2318
0.0317,0.0000,0.0000,0.0000,0.0315,0.0002,200,0.2154
0.0429,0.0000,0.0000,0.0000,0.0428,0.0001,200,0.2046
0.0250,0.0000,0.0000,0.0000,0.0249,0.0000,200,0.2227
0.0340,0.0000,0.0000,0.0000,0.0337,0.0002,200,0.2140
0.0060,0.0000,0.0000,0.0000,0.0059,0.0000,200,0.2425
0.0389,0.0000,0.0000,0.0000,0.0388,0.0000,200,0.2104
0.0121,0.0000,0.0000,0.0000,0.0120,0.0000,200,0.2374
0.0175,0.0000,0.0000,0.0000,0.0174,0.0000,200,0.2323
0.0173,0.0000,0.0000,0.0000,0.0172,0.0000,200,0.2325
0.0020,0.0000,0.0000,0.0000,0.0019,0.0001,200,0.2484
0.0470,0.0000,0.0000,0.0000,0.0469,0.0000,200,0.2035
0.0301,0.0000,0.0000,0.0000,0.0298,0.0002,200,0.2205
0.0162,0.0000,0.0000,0.0000,0.0161,0.0000,200,0.2349
0.0044,0.0000,0.0000,0.0000,0.0043,0.0000,200,0.2471
0.0083,0.0000,0.0000,0.0002,0.0081,0.0000,200,0.2434
0.0072,0.0000,0.0000,0.0000,0.0072,0.0000,200,0.2446
0.0281,0.0000,0.0000,0.0000,0.0280,0.0000,200,0.2242
0.0098,0.0000,0.0000,0.0000,0.0098,0.0000,200,0.2428
0.0073,0.0000,0.0000,0.0000,0.0072,0.0001,200,0.2459
0.0114,0.0000,0.0000,0.0000,0.0114,0.0000,200,0.2419
0.0476,0.0000,0.0000,0.0000,0.0475,0.0000,200,0.2061
0.0024,0.0000,0.0000,0.0000,0.0023,0.0001,200,0.2517
0.0135,0.0000,0.0000,0.0000,0.0134,0.0001,200,0.2409
0.0164,0.0000,0.0000,0.0000,0.0163,0.0000,200,0.2383
0.0086,0.0000,0.0000,0.0000,0.0086,0.0000,200,0.2464
0.0136,0.0000,0.0000,0.0000,0.0129,0.0006,200,0.2427
0.0306,0.0000,0.0000,0.0000,0.0301,0.0001,200,0.2260
0.0162,0.0000,0.0000,0.0000,0.0161,0.0001,200,0.2404
0.0227,0.0000,0.0000,0.0000,0.0225,0.0002,200,0.2339
0.0203,0.0000,0.0000,0.0000,0.0202,0.0000,200,0.2370
0.0055,0.0000,0.0000,0.0000,0.0055,0.0000,200,0.2519
0.0189,0.0000,0.0000,0.0000,0.0189,0.0000,200,0.2390
0.0317,0.0000,0.0000,0.0000,0.0316,0.0000,200,0.2263
0.0119,0.0000,0.0000,0.0000,0.0118,0.0001,200,0.2468
0.0056,0.0000,0.0000,0.0000,0.0055,0.0001,200,0.2533
0.0027,0.0000,0.0000,0.0001,0.0025,0.0001,200,0.2566
0.0509,0.0000,0.0000,0.0000,0.0508,0.0001,200,0.2090
0.0025,0.0000,0.0000,0.0000,0.0024,0.0001,200,0.2580
0.0039,0.0000,0.0000,0.0000,0.0036,0.0003,200,0.2565
0.0104,0.0000,0.0000,0.0000,0.0103,0.0001,200,0.2506
0.0169,0.0000,0.0000,0.0000,0.0168,0.0001,200,0.2446
0.0015,0.0000,0.0000,0.0000,0.0014,0.0001,200,0.2604
0.0017,0.0000,0.0000,0.0000,0.0017,0.0000,200,0.2605
0.0054,0.0000,0.0000,0.0000,0.0053,0.0000,200,0.2573
0.0037,0.0000,0.0000,0.0000,0.0036,0.0000,200,0.2593
0.0105,0.0000,0.0000,0.0000,0.0103,0.0001,200,0.2526
0.0018,0.0000,0.0000,0.0001,0.0016,0.0000,200,0.2619
0.0145,0.0000,0.0000,0.0000,0.0143,0.0001,200,0.2498
0.0074,0.0000,0.0000,0.0000,0.0073,0.0000,200,0.2574
0.0111,0.0000,0.0000,0.0000,0.0110,0.0001,200,0.2537
0.0197,0.0000,0.0000,0.0000,0.0196,0.0000,200,0.2475
0.0238,0.0000,0.0000,0.0000,0.0237,0.0000,200,0.2434
0.0126,0.0000,0.0000,0.0000,0.0125,0.0000,200,0.2547
0.0177,0.0000,0.0000,0.0000,0.0177,0.0000,200,0.2495
0.0276,0.0000,0.0000,0.0000,0.0275,0.0000,200,0.2398
0.0586,0.0000,0.0000,0.0000,0.0586,0.0000,200,0.2088
0.0124,0.0000,0.0000,0.0000,0.0123,0.0000,200,0.2550
0.0960,0.0000,0.0000,0.0000,0.0959,0.0001,200,0.1720
0.0039,0.0000,0.0000,0.0000,0.0039,0.0000,200,0.2643
0.0520,0.0000,0.0000,0.0000,0.0520,0.0000,200,0.2166
0.0291,0.0000,0.0000,0.0000,0.0290,0.0001,200,0.2403
0.0194,0.0000,0.0000,0.0000,0.0194,0.0000,200,0.2505
0.0079,0.0000,0.0000,0.0000,0.0079,0.0000,200,0.2622
0.0103,0.0000,0.0000,0.0001,0.0101,0.0000,200,0.2599
0.0158,0.0000,0.0000,0.0000,0.0158,0.0000,200,0.2544
0.0558,0.0000,0.0000,0.0000,0.0555,0.0002,200,0.2152
0.0036,0.0000,0.0000,0.0000,0.0036,0.0000,200,0.2674
0.0011,0.0000,0.0000,0.0000,0.0007,0.0004,200,0.2710
0.0199,0.0000,0.0000,0.0000,0.0198,0.0000,200,0.2524
0.0269,0.0000,0.0000,0.0000,0.0268,0.0000,200,0.2454
0.0271,0.0000,0.0000,0.0000,0.0270,0.0000,200,0.2455
0.0060,0.0000,0.0000,0.0000,0.0058,0.0002,200,0.2674
0.0087,0.0000,0.0000,0.0000,0.0085,0.0002,200,0.2648
0.0672,0.0000,0.0000,0.0000,0.0671,0.0001,200,0.2071
0.0474,0.0000,0.0000,0.0000,0.0474,0.0000,200,0.2272
0.0078,0.0000,0.0000,0.0001,0.0077,0.0001,200,0.2672
0.0167,0.0000,0.0000,0.0000,0.0164,0.0000,200,0.2589
0.0117,0.0000,0.0000,0.0000,0.0116,0.0000,200,0.2648
0.0225,0.0000,0.0000,0.0001,0.0224,0.0000,200,0.2541
0.0043,0.0000,0.0000,0.0000,0.0040,0.0002,200,0.2726
0.0595,0.0000,0.0000,0.0000,0.0594,0.0000,200,0.2174
0.0164,0.0000,0.0000,0.0000,0.0163,0.0001,200,0.2610
0.0284,0.0000,0.0000,0.0000,0.0282,0.0001,200,0.2493
0.0110,0.0000,0.0000,0.0000,0.0110,0.0000,200,0.2672
0.0052,0.0000,0.0000,0.0000,0.0051,0.0000,200,0.2735
0.0025,0.0000,0.0000,0.0000,0.0024,0.0000,200,0.2765
0.0352,0.0000,0.0000,0.0000,0.0351,0.0001,200,0.2444
0.0025,0.0000,0.0000,0.0000,0.0024,0.0000,200,0.2776
0.0053,0.0000,0.0000,0.0000,0.0052,0.0000,200,0.2751
0.0875,0.0000,0.0000,0.0000,0.0874,0.0000,200,0.1932
0.0110,0.0000,0.0000,0.0000,0.0109,0.0001,200,0.2702
0.0042,0.0000,0.0000,0.0000,0.0041,0.0001,200,0.2774
0.0344,0.0000,0.0000,0.0000,0.0343,0.0001,200,0.2477
0.0263,0.0000,0.0000,0.0000,0.0261,0.0000,200,0.2562
0.0564,0.0000,0.0000,0.0000,0.0563,0.0000,200,0.2263
0.0155,0.0000,0.0000,0.0000,0.0154,0.0000,200,0.2679
0.0796,0.0000,0.0000,0.0000,0.0792,0.0003,200,0.2046
0.0097,0.0000,0.0000,0.0000,0.0096,0.0000,200,0.2744
0.0511,0.0000,0.0000,0.0000,0.0510,0.0000,200,0.2331
0.0125,0.0000,0.0000,0.0000,0.0124,0.0000,200,0.2722
0.0213,0.0000,0.0000,0.0000,0.0211,0.0001,200,0.2637
0.0266,0.0000,0.0000,0.0000,0.0265,0.0000,200,0.2587
0.0377,0.0000,0.0000,0.0000,0.0376,0.0000,200,0.2480
0.0347,0.0000,0.0000,0.0000,0.0346,0.0001,200,0.2511
0.0348,0.0000,0.0000,0.0000,0.0346,0.0000,200,0.2515
0.0414,0.0000,0.0000,0.0000,0.0413,0.0000,200,0.2456
0.0197,0.0000,0.0000,0.0000,0.0195,0.0000,200,0.2672
0.0036,0.0000,0.0000,0.0000,0.0031,0.0004,200,0.2841
0.0120,0.0000,0.0000,0.0000,0.0119,0.0001,200,0.2765
0.0218,0.0000,0.0000,0.0000,0.0215,0.0002,200,0.2683
0.0058,0.0000,0.0000,0.0000,0.0058,0.0000,200,0.2857
0.0350,0.0000,0.0000,0.0000,0.0350,0.0000,200,0.2566
0.0138,0.0000,0.0000,0.0001,0.0136,0.0001,200,0.2783
0.0219,0.0000,0.0000,0.0000,0.0218,0.0001,200,0.2701
0.0131,0.0000,0.0000,0.0000,0.0130,0.0000,200,0.2796
0.0058,0.0000,0.0000,0.0000,0.0042,0.0000,200,0.2869
0.0012,0.0000,0.0000,0.0000,0.0009,0.0003,200,0.2921
0.0130,0.0000,0.0000,0.0001,0.0129,0.0000,200,0.2803
0.0036,0.0000,0.0000,0.0000,0.0034,0.0000,200,0.2900
0.0012,0.0000,0.0000,0.0000,0.0011,0.0001,200,0.2927
0.0103,0.0000,0.0000,0.0001,0.0101,0.0001,200,0.2842
0.0334,0.0000,0.0000,0.0000,0.0333,0.0001,200,0.2615
0.0112,0.0000,0.0000,0.0000,0.0111,0.0000,200,0.2842
0.0200,0.0000,0.0000,0.0000,0.0199,0.0000,200,0.2756
0.0284,0.0000,0.0000,0.0000,0.0283,0.0000,200,0.2674
0.0238,0.0000,0.0000,0.0000,0.0236,0.0001,200,0.2723
0.0137,0.0000,0.0000,0.0000,0.0135,0.0000,200,0.2827
0.0161,0.0000,0.0000,0.0000,0.0160,0.0000,200,0.2807
0.0095,0.0000,0.0000,0.0000,0.0093,0.0001,200,0.2877
0.0478,0.0000,0.0000,0.0000,0.0477,0.0001,200,0.2498
0.0243,0.0000,0.0000,0.0000,0.0242,0.0000,200,0.2734
0.0213,0.0000,0.0000,0.0000,0.0212,0.0000,200,0.2769
0.0284,0.0000,0.0000,0.0000,0.0280,0.0003,200,0.2702
0.0066,0.0000,0.0000,0.0000,0.0065,0.0000,200,0.2920
0.0016,0.0000,0.0000,0.0000,0.0015,0.0000,200,0.2976
0.0139,0.0000,0.0000,0.0000,0.0138,0.0001,200,0.2858
0.0035,0.0000,0.0000,0.0000,0.0034,0.0001,200,0.2964
0.0141,0.0000,0.0000,0.0003,0.0136,0.0000,200,0.2863
0.0028,0.0000,0.0000,0.0000,0.0027,0.0001,200,0.2978
0.0211,0.0000,0.0000,0.0000,0.0208,0.0002,200,0.2801
0.0192,0.0000,0.0000,0.0000,0.0191,0.0000,200,0.2821
0.0277,0.0000,0.0000,0.0002,0.0267,0.0007,200,0.2747
0.0092,0.0000,0.0000,0.0001,0.0087,0.0004,200,0.2934
0.0395,0.0000,0.0000,0.0000,0.0394,0.0000,200,0.2631
0.0241,0.0000,0.0000,0.0000,0.0240,0.0001,200,0.2787
0.0062,0.0000,0.0000,0.0000,0.0061,0.0000,200,0.2972
0.0202,0.0000,0.0000,0.0000,0.0201,0.0001,200,0.2834
0.0038,0.0000,0.0000,0.0000,0.0037,0.0001,200,0.3004
0.0023,0.0000,0.0000,0.0000,0.0022,0.0000,200,0.3028
0.0026,0.0000,0.0000,0.0000,0.0025,0.0001,200,0.3025
0.0068,0.0000,0.0000,0.0000,0.0067,0.0001,200,0.2983
0.0426,0.0000,0.0000,0.0000,0.0426,0.0001,200,0.2629
0.0061,0.0000,0.0000,0.0000,0.0060,0.0000,200,0.2996
0.0180,0.0000,0.0000,0.0001,0.0179,0.0001,200,0.2886
0.0028,0.0000,0.0000,0.0000,0.0027,0.0000,200,0.3042
0.0022,0.0000,0.0000,0.0000,0.0021,0.0000,200,0.3051
0.0050,0.0000,0.0000,0.0000,0.0049,0.0001,200,0.3026
0.0043,0.0000,0.0000,0.0000,0.0042,0.0000,200,0.3036
0.0092,0.0000,0.0000,0.0000,0.0090,0.0001,200,0.2992
0.0392,0.0000,0.0000,0.0000,0.0390,0.0002,200,0.2694
0.0172,0.0000,0.0000,0.0000,0.0171,0.0000,200,0.2915
0.0325,0.0000,0.0000,0.0000,0.0323,0.0001,200,0.2768
0.0592,0.0000,0.0000,0.0000,0.0591,0.0001,200,0.2505
0.0167,0.0000,0.0000,0.0000,0.0166,0.0001,200,0.2939
0.0481,0.0000,0.0000,0.0000,0.0480,0.0000,200,0.2627
0.0282,0.0000,0.0000,0.0000,0.0280,0.0000,200,0.2825
0.0152,0.0000,0.0000,0.0001,0.0150,0.0000,200,0.2961
0.0186,0.0000,0.0000,0.0000,0.0186,0.0000,200,0.2928
0.0406,0.0000,0.0000,0.0000,0.0405,0.0000,200,0.2710
0.0013,0.0000,0.0000,0.0000,0.0010,0.0001,200,0.3107
0.0255,0.0000,0.0000,0.0000,0.0249,0.0001,200,0.2869
0.0123,0.0000,0.0000,0.0000,0.0121,0.0001,200,0.3006
0.0120,0.0000,0.0000,0.0000,0.0119,0.0000,200,0.3012
0.0014,0.0000,0.0000,0.0000,0.0012,0.0001,200,0.3125
0.0088,0.0000,0.0000,0.0000,0.0087,0.0000,200,0.3050
0.0064,0.0000,0.0000,0.0000,0.0063,0.0000,200,0.3079
0.0110,0.0000,0.0000,0.0000,0.0110,0.0000,200,0.3034
0.0566,0.0000,0.0000,0.0000,0.0565,0.0000,200,0.2580
0.0201,0.0000,0.0000,0.0000,0.0200,0.0001,200,0.2949
0.0089,0.0000,0.0000,0.0000,0.0089,0.0000,200,0.3066
0.0474,0.0000,0.0000,0.0000,0.0473,0.0000,200,0.2686
0.0233,0.0000,0.0000,0.0000,0.0232,0.0001,200,0.2932
0.0110,0.0000,0.0000,0.0000,0.0109,0.0000,200,0.3056
0.0641,0.0000,0.0000,0.0000,0.0638,0.0002,200,0.2531
0.0362,0.0000,0.0000,0.0000,0.0361,0.0000,200,0.2812
0.0031,0.0000,0.0000,0.0000,0.0031,0.0000,200,0.3144
0.0017,0.0000,0.0000,0.0000,0.0015,0.0002,200,0.3166
0.0100,0.0000,0.0000,0.0000,0.0100,0.0000,200,0.3087
0.0130,0.0000,0.0000,0.0000,0.0129,0.0000,200,0.3057
0.0021,0.0000,0.0000,0.0000,0.0019,0.0001,200,0.3174
0.0079,0.0000,0.0000,0.0000,0.0078,0.0000,200,0.3116
0.0036,0.0000,0.0000,0.0000,0.0035,0.0000,200,0.3160
0.0211,0.0000,0.0000,0.0001,0.0209,0.0002,200,0.2987
0.0351,0.0000,0.0000,0.0000,0.0350,0.0000,200,0.2849
0.0284,0.0000,0.0000,0.0000,0.0284,0.0000,200,0.2916
0.0176,0.0000,0.0000,0.0000,0.0175,0.0001,200,0.3026
0.0236,0.0000,0.0000,0.0000,0.0236,0.0000,200,0.2968
0.0037,0.0000,0.0000,0.0000,0.0036,0.0001,200,0.3172
0.0138,0.0000,0.0000,0.0000,0.0138,0.0000,200,0.3072
0.0078,0.0000,0.0000,0.0000,0.0075,0.0002,200,0.3138
0.0112,0.0000,0.0000,0.0000,0.0110,0.0001,200,0.3106
0.0431,0.0000,0.0000,0.0000,0.0430,0.0001,200,0.2790
0.0093,0.0000,0.0000,0.0000,0.0092,0.0001,200,0.3132
0.0018,0.0000,0.0000,0.0000,0.0017,0.0000,200,0.3216
0.0031,0.0000,0.0000,0.0000,0.0026,0.0005,200,0.3204
0.0388,0.0000,0.0000,0.0000,0.0386,0.0001,200,0.2853
0.0159,0.0000,0.0000,0.0002,0.0155,0.0001,200,0.3086
0.0527,0.0000,0.0000,0.0000,0.0525,0.0001,200,0.2722
0.0141,0.0000,0.0000,0.0000,0.0140,0.0000,200,0.3113
0.0145,0.0000,0.0000,0.0000,0.0144,0.0000,200,0.3114
0.0591,0.0000,0.0000,0.0000,0.0591,0.0000,200,0.2673
0.0082,0.0000,0.0000,0.0000,0.0078,0.0003,200,0.3188
0.0011,0.0000,0.0000,0.0000,0.0010,0.0000,200,0.3259
0.0040,0.0000,0.0000,0.0000,0.0038,0.0001,200,0.3234
0.0125,0.0000,0.0000,0.0000,0.0124,0.0000,200,0.3151
0.0071,0.0000,0.0000,0.0000,0.0070,0.0000,200,0.3211
0.0330,0.0000,0.0000,0.0000,0.0326,0.0004,200,0.2957
0.0112,0.0000,0.0000,0.0000,0.0111,0.0000,200,0.3175
0.0018,0.0000,0.0000,0.0005,0.0012,0.0000,200,0.3274
0.0161,0.0000,0.0000,0.0000,0.0160,0.0001,200,0.3138
0.0364,0.0000,0.0000,0.0000,0.0362,0.0000,200,0.2936
0.0064,0.0000,0.0000,0.0000,0.0063,0.0001,200,0.3241
0.0161,0.0000,0.0000,0.0000,0.0160,0.0000,200,0.3146
0.0301,0.0000,0.0000,0.0000,0.0300,0.0000,200,0.3012
0.0219,0.0000,0.0000,0.0004,0.0214,0.0000,200,0.3097
0.0124,0.0000,0.0000,0.0000,0.0124,0.0000,200,0.3196
0.0058,0.0000,0.0000,0.0000,0.0056,0.0001,200,0.3269
0.0029,0.0000,0.0000,0.0000,0.0028,0.0000,200,0.3299
0.0024,0.0000,0.0000,0.0002,0.0018,0.0003,200,0.3306
0.0180,0.0000,0.0000,0.0000,0.0179,0.0000,200,0.3155
0.0140,0.0000,0.0000,0.0000,0.0139,0.0000,200,0.3198
0.0133,0.0000,0.0000,0.0000,0.0132,0.0000,200,0.3209
0.0647,0.0000,0.0000,0.0000,0.0646,0.0001,200,0.2699
0.0405,0.0000,0.0000,0.0000,0.0404,0.0001,200,0.2945
0.0090,0.0000,0.0000,0.0000,0.0088,0.0001,200,0.3264
0.0403,0.0000,0.0000,0.0000,0.0401,0.0002,200,0.2954
0.0021,0.0000,0.0000,0.0000,0.0020,0.0000,200,0.3338
0.0145,0.0000,0.0000,0.0000,0.0142,0.0002,200,0.3221
0.0303,0.0000,0.0000,0.0000,0.0300,0.0002,200,0.3070
0.0192,0.0000,0.0000,0.0000,0.0190,0.0001,200,0.3183
0.0032,0.0000,0.0000,0.0000,0.0030,0.0000,200,0.3346
0.0028,0.0000,0.0000,0.0000,0.0027,0.0000,200,0.3354
0.0086,0.0000,0.0000,0.0000,0.0085,0.0001,200,0.3299
0.0187,0.0000,0.0000,0.0001,0.0185,0.0001,200,0.3203
0.0250,0.0000,0.0000,0.0000,0.0249,0.0000,200,0.3144
0.0144,0.0000,0.0000,0.0000,0.0143,0.0001,200,0.3254
0.0020,0.0000,0.0000,0.0000,0.0019,0.0000,200,0.3382
0.0030,0.0000,0.0000,0.0001,0.0028,0.0000,200,0.3374
0.0324,0.0000,0.0000,0.0000,0.0323,0.0001,200,0.3084
0.0131,0.0000,0.0000,0.0000,0.0130,0.0001,200,0.3281
0.0221,0.0000,0.0000,0.0000,0.0219,0.0002,200,0.3195
0.0097,0.0000,0.0000,0.0000,0.0096,0.0000,200,0.3327
0.0080,0.0000,0.0000,0.0000,0.0078,0.0001,200,0.3350
0.0033,0.0000,0.0000,0.0000,0.0031,0.0001,200,0.3398
0.0188,0.0000,0.0000,0.0000,0.0179,0.0000,200,0.3245
0.0105,0.0000,0.0000,0.0000,0.0104,0.0000,200,0.3335
0.0278,0.0000,0.0000,0.0000,0.0278,0.0000,200,0.3166
0.0046,0.0000,0.0000,0.0000,0.0045,0.0000,200,0.3404
0.0148,0.0000,0.0000,0.0000,0.0147,0.0000,200,0.3307
0.0025,0.0000,0.0000,0.0000,0.0024,0.0000,200,0.3431
0.0169,0.0000,0.0000,0.0000,0.0168,0.0000,200,0.3287
0.0023,0.0000,0.0000,0.0000,0.0021,0.0002,200,0.3440
0.0278,0.0000,0.0000,0.0000,0.0276,0.0001,200,0.3188
0.0157,0.0000,0.0000,0.0000,0.0156,0.0001,200,0.3313
0.0009,0.0000,0.0000,0.0000,0.0008,0.0000,200,0.3463
0.0192,0.0000,0.0000,0.0000,0.0191,0.0000,200,0.3287
0.0289,0.0000,0.0000,0.0000,0.0288,0.0000,200,0.3195
0.0266,0.0000,0.0000,0.0000,0.0265,0.0000,200,0.3218
0.0642,0.0000,0.0000,0.0000,0.0641,0.0001,200,0.2847
0.0062,0.0000,0.0000,0.0000,0.0060,0.0001,200,0.3429
0.0042,0.0000,0.0000,0.0000,0.0041,0.0001,200,0.3455
0.0685,0.0000,0.0000,0.0000,0.0685,0.0000,200,0.2816
0.0150,0.0000,0.0000,0.0000,0.0149,0.0000,200,0.3357
0.0168,0.0000,0.0000,0.0000,0.0168,0.0001,200,0.3342
0.0133,0.0000,0.0000,0.0000,0.0131,0.0002,200,0.3378
0.0039,0.0000,0.0000,0.0000,0.0038,0.0001,200,0.3478
0.0205,0.0000,0.0000,0.0000,0.0205,0.0000,200,0.3316
0.0250,0.0000,0.0000,0.0000,0.0249,0.0000,200,0.3276
0.0123,0.0000,0.0000,0.0000,0.0121,0.0001,200,0.3408
0.0039,0.0000,0.0000,0.0000,0.0038,0.0000,200,0.3497
0.0157,0.0000,0.0000,0.0000,0.0156,0.0000,200,0.3385
0.0276,0.0000,0.0000,0.0000,0.0275,0.0001,200,0.3269
0.0080,0.0000,0.0000,0.0000,0.0078,0.0002,200,0.3471
0.0102,0.0000,0.0000,0.0002,0.0100,0.0000,200,0.3450
0.0570,0.0000,0.0000,0.0000,0.0569,0.0000,200,0.2987
0.0198,0.0000,0.0000,0.0000,0.0197,0.0000,200,0.3366
0.0057,0.0000,0.0000,0.0000,0.0057,0.0000,200,0.3506
0.0039,0.0000,0.0000,0.0000,0.0038,0.0001,200,0.3526
0.0081,0.0000,0.0000,0.0000,0.0080,0.0000,200,0.3489
0.0144,0.0000,0.0000,0.0000,0.0144,0.0000,200,0.3433
0.0017,0.0000,0.0000,0.0000,0.0016,0.0001,200,0.3563
0.0099,0.0000,0.0000,0.0000,0.0098,0.0000,200,0.3484
0.0102,0.0000,0.0000,0.0000,0.0097,0.0005,200,0.3491
0.0139,0.0000,0.0000,0.0000,0.0138,0.0000,200,0.3456
0.0270,0.0000,0.0000,0.0000,0.0270,0.0000,200,0.3328
0.0094,0.0000,0.0000,0.0000,0.0093,0.0000,200,0.3510
0.0358,0.0000,0.0000,0.0000,0.0357,0.0000,200,0.3249
0.0504,0.0000,0.0000,0.0000,0.0502,0.0001,200,0.3107
0.0064,0.0000,0.0000,0.0000,0.0062,0.0000,200,0.3551
0.0499,0.0000,0.0000,0.0000,0.0498,0.0000,200,0.3120
0.0079,0.0000,0.0000,0.0000,0.0078,0.0000,200,0.3542
0.0120,0.0000,0.0000,0.0000,0.0119,0.0000,200,0.3511
0.0259,0.0000,0.0000,0.0000,0.0258,0.0000,200,0.3375
0.0224,0.0000,0.0000,0.0000,0.0224,0.0000,200,0.3413
0.0141,0.0000,0.0000,0.0000,0.0140,0.0000,200,0.3501
0.0551,0.0000,0.0000,0.0002,0.0548,0.0001,200,0.3093
0.0092,0.0000,0.0000,0.0000,0.0091,0.0000,200,0.3557
0.0253,0.0000,0.0000,0.0000,0.0252,0.0000,200,0.3402
0.0109,0.0000,0.0000,0.0000,0.0108,0.0001,200,0.3552
0.0069,0.0000,0.0000,0.0000,0.0068,0.0000,200,0.3594
0.0095,0.0000,0.0000,0.0000,0.0094,0.0001,200,0.3594
0.0224,0.0000,0.0000,0.0000,0.0223,0.0000,200,0.3472
0.0744,0.0000,0.0000,0.0000,0.0743,0.0000,200,0.2956
0.0279,0.0000,0.0000,0.0000,0.0278,0.0000,200,0.3424
0.0097,0.0000,0.0000,0.0000,0.0096,0.0001,200,0.3612
0.0095,0.0000,0.0000,0.0000,0.0094,0.0001,200,0.3619
0.0017,0.0000,0.0000,0.0000,0.0016,0.0000,200,0.3700
0.0113,0.0000,0.0000,0.0000,0.0112,0.0000,200,0.3607
0.0084,0.0000,0.0000,0.0000,0.0083,0.0000,200,0.3637
0.0092,0.0000,0.0000,0.0000,0.0091,0.0001,200,0.3633
0.0266,0.0000,0.0000,0.0000,0.0265,0.0001,200,0.3465
0.0190,0.0000,0.0000,0.0000,0.0189,0.0000,200,0.3545
0.0107,0.0000,0.0000,0.0000,0.0106,0.0000,200,0.3631
0.0539,0.0000,0.0000,0.0000,0.0538,0.0000,200,0.3201
0.0129,0.0000,0.0000,0.0000,0.0129,0.0000,200,0.3614
0.0418,0.0000,0.0000,0.0000,0.0417,0.0000,200,0.3329
0.0672,0.0000,0.0000,0.0000,0.0672,0.0000,200,0.3076
0.0362,0.0000,0.0000,0.0004,0.0358,0.0000,200,0.3390
0.0039,0.0000,0.0000,0.0000,0.0038,0.0000,200,0.3714
0.0136,0.0000,0.0000,0.0000,0.0136,0.0000,200,0.3621
0.0471,0.0000,0.0000,0.0000,0.0470,0.0002,200,0.3292
0.0033,0.0000,0.0000,0.0000,0.0033,0.0000,200,0.3731
0.0189,0.0000,0.0000,0.0000,0.0189,0.0000,200,0.3581
0.0132,0.0000,0.0000,0.0000,0.0131,0.0001,200,0.3642
0.0194,0.0000,0.0000,0.0000,0.0194,0.0000,200,0.3584
0.0220,0.0000,0.0000,0.0001,0.0218,0.0001,200,0.3564
0.0181,0.0000,0.0000,0.0000,0.0180,0.0000,200,0.3604
0.0130,0.0000,0.0000,0.0000,0.0129,0.0001,200,0.3660
0.0798,0.0000,0.0000,0.0000,0.0795,0.0003,200,0.2999
0.0081,0.0000,0.0000,0.0000,0.0081,0.0000,200,0.3716
0.0169,0.0000,0.0000,0.0000,0.0168,0.0001,200,0.3644
0.0615,0.0000,0.0000,0.0000,0.0615,0.0000,200,0.3201
0.0255,0.0000,0.0000,0.0000,0.0251,0.0001,200,0.3565
0.0055,0.0000,0.0000,0.0000,0.0050,0.0004,200,0.3770
0.0082,0.0000,0.0000,0.0000,0.0081,0.0000,200,0.3744
0.0511,0.0000,0.0000,0.0000,0.0510,0.0001,200,0.3320
0.0268,0.0000,0.0000,0.0001,0.0266,0.0000,200,0.3570
0.0059,0.0000,0.0000,0.0000,0.0058,0.0001,200,0.3785
0.0025,0.0000,0.0000,0.0000,0.0024,0.0000,200,0.3821
0.0056,0.0000,0.0000,0.0000,0.0055,0.0001,200,0.3797
0.0139,0.0000,0.0000,0.0000,0.0138,0.0001,200,0.3720
0.0168,0.0000,0.0000,0.0000,0.0167,0.0000,200,0.3696
0.0115,0.0000,0.0000,0.0000,0.0112,0.0003,200,0.3758
0.0138,0.0000,0.0000,0.0000,0.0138,0.0000,200,0.3735
0.0014,0.0000,0.0000,0.0000,0.0013,0.0001,200,0.3864
0.0121,0.0000,0.0000,0.0001,0.0120,0.0001,200,0.3763
0.0059,0.0000,0.0000,0.0000,0.0058,0.0001,200,0.3830
0.0070,0.0000,0.0000,0.0000,0.0069,0.0000,200,0.3825
0.0369,0.0000,0.0000,0.0000,0.0366,0.0001,200,0.3531
0.0153,0.0000,0.0000,0.0000,0.0152,0.0000,200,0.3752
0.0389,0.0000,0.0000,0.0000,0.0388,0.0000,200,0.3521
0.0522,0.0000,0.0000,0.0000,0.0522,0.0000,200,0.3394
0.0200,0.0000,0.0000,0.0000,0.0199,0.0000,200,0.3721
0.0271,0.0000,0.0000,0.0000,0.0270,0.0001,200,0.3655
0.0353,0.0000,0.0000,0.0000,0.0352,0.0001,200,0.3578
0.0092,0.0000,0.0000,0.0001,0.0091,0.0000,200,0.3844
0.0294,0.0000,0.0000,0.0000,0.0293,0.0001,200,0.3649
0.0194,0.0000,0.0000,0.0001,0.0192,0.0001,200,0.3753
0.0079,0.0000,0.0000,0.0000,0.0078,0.0000,200,0.3873
0.0472,0.0000,0.0000,0.0000,0.0472,0.0001,200,0.3484
0.0033,0.0000,0.0000,0.0000,0.0033,0.0000,200,0.3926
0.0046,0.0000,0.0000,0.0000,0.0044,0.0001,200,0.3921
0.0132,0.0000,0.0000,0.0000,0.0131,0.0000,200,0.3837
0.0037,0.0000,0.0000,0.0000,0.0037,0.0000,200,0.3936
0.0068,0.0000,0.0000,0.0000,0.0066,0.0000,200,0.3910
0.0079,0.0000,0.0000,0.0000,0.0078,0.0000,200,0.3905
0.0163,0.0000,0.0000,0.0000,0.0162,0.0000,200,0.3825
0.0256,0.0000,0.0000,0.0000,0.0256,0.0000,200,0.3738
0.0776,0.0000,0.0000,0.0000,0.0774,0.0001,200,0.3225
0.0064,0.0000,0.0000,0.0000,0.0060,0.0001,200,0.3943
0.0115,0.0000,0.0000,0.0001,0.0114,0.0001,200,0.3895
0.0043,0.0000,0.0000,0.0000,0.0042,0.0001,200,0.3974
0.0035,0.0000,0.0000,0.0000,0.0034,0.0000,200,0.3988
0.0014,0.0000,0.0000,0.0000,0.0013,0.0000,200,0.4011
0.0024,0.0000,0.0000,0.0000,0.0023,0.0001,200,0.4001
0.0279,0.0000,0.0000,0.0000,0.0279,0.0001,200,0.3748
0.0907,0.0000,0.0000,0.0001,0.0905,0.0000,200,0.3128
0.0502,0.0000,0.0000,0.0001,0.0501,0.0001,200,0.3536
0.0265,0.0000,0.0000,0.0000,0.0264,0.0000,200,0.3774
0.0246,0.0000,0.0000,0.0000,0.0243,0.0002,200,0.3798
0.1039,0.0000,0.0000,0.0000,0.1038,0.0000,200,0.3051
0.0246,0.0000,0.0000,0.0000,0.0243,0.0003,200,0.3846
0.0857,0.0000,0.0000,0.0000,0.0857,0.0000,200,0.3235
0.0141,0.0000,0.0000,0.0000,0.0141,0.0000,200,0.3952
0.0240,0.0000,0.0000,0.0000,0.0240,0.0000,200,0.3853
0.0071,0.0000,0.0000,0.0000,0.0070,0.0000,200,0.4023
0.0066,0.0000,0.0000,0.0000,0.0066,0.0000,200,0.4028
0.0281,0.0000,0.0000,0.0000,0.0281,0.0000,200,0.3813
0.0100,0.0000,0.0000,0.0000,0.0100,0.0000,200,0.3994
0.0679,0.0000,0.0000,0.0000,0.0679,0.0000,200,0.3416
0.0089,0.0000,0.0000,0.0000,0.0088,0.0000,200,0.4007
0.0371,0.0000,0.0000,0.0000,0.0370,0.0000,200,0.3725
0.0080,0.0000,0.0000,0.0000,0.0079,0.0000,200,0.4017
0.0131,0.0000,0.0000,0.0000,0.0130,0.0000,200,0.3967
0.0642,0.0000,0.0000,0.0000,0.0641,0.0000,200,0.3456
0.0225,0.0000,0.0000,0.0000,0.0224,0.0000,200,0.3874
0.0739,0.0000,0.0000,0.0000,0.0739,0.0000,200,0.3359
0.0183,0.0000,0.0000,0.0000,0.0182,0.0000,200,0.3916
0.0140,0.0000,0.0000,0.0000,0.0139,0.0000,200,0.3959
0.0361,0.0000,0.0000,0.0000,0.0360,0.0001,200,0.3739
0.0154,0.0000,0.0000,0.0000,0.0153,0.0000,200,0.3947
0.0416,0.0000,0.0000,0.0000,0.0415,0.0001,200,0.3689
0.0318,0.0000,0.0000,0.0000,0.0317,0.0000,200,0.3790
0.0140,0.0000,0.0000,0.0000,0.0140,0.0000,200,0.3969
0.0351,0.0000,0.0000,0.0000,0.0350,0.0001,200,0.3764
0.0077,0.0000,0.0000,0.0000,0.0077,0.0000,200,0.4038
0.0233,0.0000,0.0000,0.0000,0.0231,0.0002,200,0.3889
0.0028,0.0000,0.0000,0.0000,0.0027,0.0001,200,0.4098
0.0019,0.0000,0.0000,0.0000,0.0013,0.0000,200,0.4110
0.0117,0.0000,0.0000,0.0000,0.0116,0.0001,200,0.4024
0.0030,0.0000,0.0000,0.0000,0.0029,0.0001,200,0.4115
0.0060,0.0000,0.0000,0.0000,0.0059,0.0000,200,0.4090
0.0023,0.0000,0.0000,0.0000,0.0023,0.0000,200,0.4129
0.0409,0.0000,0.0000,0.0000,0.0409,0.0000,200,0.3748
0.0061,0.0000,0.0000,0.0000,0.0060,0.0000,200,0.4097
0.0380,0.0000,0.0000,0.0000,0.0379,0.0000,200,0.3784
0.0060,0.0000,0.0000,0.0000,0.0056,0.0000,200,0.4108
0.0078,0.0000,0.0000,0.0000,0.0073,0.0004,200,0.4099
0.0080,0.0000,0.0000,0.0000,0.0080,0.0000,200,0.4097
0.0019,0.0000,0.0000,0.0000,0.0019,0.0000,200,0.4158
0.0087,0.0000,0.0000,0.0000,0.0086,0.0001,200,0.4095
0.0477,0.0000,0.0000,0.0000,0.0476,0.0000,200,0.3709
0.0094,0.0000,0.0000,0.0000,0.0093,0.0000,200,0.4095
0.0099,0.0000,0.0000,0.0000,0.0098,0.0000,200,0.4091
0.0053,0.0000,0.0000,0.0000,0.0052,0.0000,200,0.4142
0.0050,0.0000,0.0000,0.0000,0.0049,0.0000,200,0.4150
0.0306,0.0000,0.0000,0.0001,0.0304,0.0001,200,0.3899
0.0023,0.0000,0.0000,0.0000,0.0023,0.0000,200,0.4182
0.0064,0.0000,0.0000,0.0001,0.0063,0.0001,200,0.4146
0.0116,0.0000,0.0000,0.0000,0.0115,0.0001,200,0.4097
0.0334,0.0000,0.0000,0.0000,0.0333,0.0001,200,0.3885
0.0070,0.0000,0.0000,0.0000,0.0067,0.0003,200,0.4157
0.0129,0.0000,0.0000,0.0000,0.0128,0.0000,200,0.4099
0.0526,0.0000,0.0000,0.0000,0.0526,0.0001,200,0.3703
0.0125,0.0000,0.0000,0.0000,0.0123,0.0000,200,0.4105
0.0048,0.0000,0.0000,0.0000,0.0047,0.0001,200,0.4186
0.0380,0.0000,0.0000,0.0001,0.0378,0.0000,200,0.3859
0.0038,0.0000,0.0000,0.0000,0.0037,0.0001,200,0.4205
0.0013,0.0000,0.0000,0.0000,0.0012,0.0000,200,0.4234
0.0805,0.0000,0.0000,0.0000,0.0804,0.0001,200,0.3444
0.0012,0.0000,0.0000,0.0000,0.0010,0.0001,200,0.4243
0.0020,0.0000,0.0000,0.0000,0.0019,0.0001,200,0.4239
0.0051,0.0000,0.0000,0.0000,0.0051,0.0000,200,0.4210
0.0170,0.0000,0.0000,0.0000,0.0169,0.0000,200,0.4093
0.0168,0.0000,0.0000,0.0000,0.0167,0.0001,200,0.4101
0.0023,0.0000,0.0000,0.0000,0.0022,0.0000,200,0.4249
0.0289,0.0000,0.0000,0.0000,0.0288,0.0000,200,0.3984
0.0051,0.0000,0.0000,0.0000,0.0050,0.0001,200,0.4227
0.0053,0.0000,0.0000,0.0000,0.0050,0.0000,200,0.4230
0.0026,0.0000,0.0000,0.0000,0.0026,0.0000,200,0.4261
0.0197,0.0000,0.0000,0.0000,0.0196,0.0000,200,0.4093
0.0029,0.0000,0.0000,0.0000,0.0028,0.0000,200,0.4263
0.0197,0.0000,0.0000,0.0000,0.0196,0.0000,200,0.4100
0.0210,0.0000,0.0000,0.0000,0.0208,0.0001,200,0.4092
0.0017,0.0000,0.0000,0.0000,0.0015,0.0001,200,0.4287
0.0185,0.0000,0.0000,0.0000,0.0184,0.0000,200,0.4123
0.0218,0.0000,0.0000,0.0000,0.0217,0.0000,200,0.4094
0.0189,0.0000,0.0000,0.0001,0.0187,0.0000,200,0.4126
0.0223,0.0000,0.0000,0.0000,0.0222,0.0001,200,0.4095
0.0175,0.0000,0.0000,0.0000,0.0170,0.0005,200,0.4152
0.0449,0.0000,0.0000,0.0000,0.0449,0.0000,200,0.3878
0.0020,0.0000,0.0000,0.0000,0.0019,0.0000,200,0.4308
0.0233,0.0000,0.0000,0.0000,0.0232,0.0000,200,0.4098
0.0138,0.0000,0.0000,0.0000,0.0137,0.0001,200,0.4195
0.0671,0.0000,0.0000,0.0000,0.0671,0.0000,200,0.3663
0.0092,0.0000,0.0000,0.0000,0.0091,0.0001,200,0.4247
0.0072,0.0000,0.0000,0.0001,0.0070,0.0000,200,0.4272
0.0095,0.0000,0.0000,0.0000,0.0091,0.0001,200,0.4255
0.0396,0.0000,0.0000,0.0000,0.0396,0.0000,200,0.3956
0.0125,0.0000,0.0000,0.0000,0.0119,0.0006,200,0.4228
0.0088,0.0000,0.0000,0.0000,0.0087,0.0000,200,0.4269
0.0017,0.0000,0.0000,0.0000,0.0015,0.0002,200,0.4344
0.0143,0.0000,0.0000,0.0000,0.0142,0.0000,200,0.4219
0.0028,0.0000,0.0000,0.0000,0.0027,0.0001,200,0.4334
0.0769,0.0000,0.0000,0.0000,0.0768,0.0001,200,0.3598
0.0082,0.0000,0.0000,0.0000,0.0079,0.0002,200,0.4292
0.0046,0.0000,0.0000,0.0000,0.0046,0.0000,200,0.4328
0.0052,0.0000,0.0000,0.0000,0.0051,0.0001,200,0.4327
0.0053,0.0000,0.0000,0.0000,0.0052,0.0001,200,0.4327
0.0023,0.0000,0.0000,0.0000,0.0023,0.0001,200,0.4362
0.0027,0.0000,0.0000,0.0000,0.0026,0.0000,200,0.4361
0.0183,0.0000,0.0000,0.0000,0.0181,0.0001,200,0.4214
0.0092,0.0000,0.0000,0.0001,0.0087,0.0004,200,0.4305
0.0107,0.0000,0.0000,0.0000,0.0105,0.0000,200,0.4290
0.0225,0.0000,0.0000,0.0002,0.0223,0.0000,200,0.4177
0.0207,0.0000,0.0000,0.0000,0.0206,0.0001,200,0.4200
0.0095,0.0000,0.0000,0.0000,0.0093,0.0000,200,0.4316
0.0118,0.0000,0.0000,0.0000,0.0116,0.0002,200,0.4302
0.0053,0.0000,0.0000,0.0000,0.0053,0.0000,200,0.4367
0.0382,0.0000,0.0000,0.0000,0.0382,0.0000,200,0.4039
0.0443,0.0000,0.0000,0.0000,0.0442,0.0000,200,0.3979
0.0330,0.0000,0.0000,0.0000,0.0330,0.0000,200,0.4096
0.0072,0.0000,0.0000,0.0000,0.0071,0.0001,200,0.4357
0.0503,0.0000,0.0000,0.0000,0.0502,0.0000,200,0.3931
0.0042,0.0000,0.0000,0.0000,0.0041,0.0001,200,0.4397
0.0022,0.0000,0.0000,0.0000,0.0021,0.0001,200,0.4420
0.0024,0.0000,0.0000,0.0000,0.0023,0.0000,200,0.4421
0.0023,0.0000,0.0000,0.0000,0.0022,0.0000,200,0.4426
0.0166,0.0000,0.0000,0.0000,0.0165,0.0000,200,0.4283
0.0100,0.0000,0.0000,0.0000,0.0099,0.0000,200,0.4353
0.0252,0.0000,0.0000,0.0000,0.0251,0.0000,200,0.4205
0.0270,0.0000,0.0000,0.0000,0.0270,0.0000,200,0.4189
0.0093,0.0000,0.0000,0.0000,0.0093,0.0000,200,0.4374
0.0061,0.0000,0.0000,0.0000,0.0060,0.0000,200,0.4407
0.0300,0.0000,0.0000,0.0000,0.0299,0.0001,200,0.4168
0.0160,0.0000,0.0000,0.0000,0.0159,0.0000,200,0.4312
0.0050,0.0000,0.0000,0.0001,0.0047,0.0000,200,0.4429
0.0087,0.0000,0.0000,0.0000,0.0086,0.0001,200,0.4397
0.0394,0.0000,0.0000,0.0000,0.0394,0.0000,200,0.4094
0.0025,0.0000,0.0000,0.0000,0.0024,0.0000,200,0.4468
0.0196,0.0000,0.0000,0.0000,0.0195,0.0000,200,0.4297
0.0403,0.0000,0.0000,0.0000,0.0402,0.0001,200,0.4095
0.0726,0.0000,0.0000,0.0000,0.0724,0.0002,200,0.3778
0.0393,0.0000,0.0000,0.0000,0.0392,0.0000,200,0.4115
0.0044,0.0000,0.0000,0.0000,0.0043,0.0000,200,0.4468
0.0260,0.0000,0.0000,0.0000,0.0259,0.0000,200,0.4259
0.0240,0.0000,0.0000,0.0000,0.0239,0.0000,200,0.4279
0.0705,0.0000,0.0000,0.0000,0.0704,0.0001,200,0.3816
0.0055,0.0000,0.0000,0.0000,0.0055,0.0000,200,0.4468
0.0505,0.0000,0.0000,0.0001,0.0503,0.0001,200,0.4025
0.0012,0.0000,0.0000,0.0000,0.0010,0.0002,200,0.4523
0.0017,0.0000,0.0000,0.0000,0.0016,0.0000,200,0.4519
0.0191,0.0000,0.0000,0.0003,0.0187,0.0001,200,0.4350
0.0084,0.0000,0.0000,0.0000,0.0083,0.0000,200,0.4459
0.0058,0.0000,0.0000,0.0000,0.0057,0.0001,200,0.4492
0.0011,0.0000,0.0000,0.0002,0.0009,0.0000,200,0.4541
0.0178,0.0000,0.0000,0.0000,0.0176,0.0002,200,0.4381
0.0172,0.0000,0.0000,0.0000,0.0172,0.0000,200,0.4389
0.0156,0.0000,0.0000,0.0000,0.0154,0.0001,200,0.4410
0.0017,0.0000,0.0000,0.0000,0.0017,0.0000,200,0.4553
0.0052,0.0000,0.0000,0.0000,0.0051,0.0000,200,0.4521
0.0132,0.0000,0.0000,0.0000,0.0129,0.0003,200,0.4442
0.0351,0.0000,0.0000,0.0000,0.0350,0.0001,200,0.4230
0.0232,0.0000,0.0000,0.0000,0.0230,0.0001,200,0.4353
0.0208,0.0000,0.0000,0.0000,0.0207,0.0001,200,0.4380
0.0274,0.0000,0.0000,0.0000,0.0273,0.0000,200,0.4319
0.0027,0.0000,0.0000,0.0000,0.0026,0.0001,200,0.4570
0.0558,0.0000,0.0000,0.0000,0.0556,0.0000,200,0.4044
0.0219,0.0000,0.0000,0.0001,0.0217,0.0001,200,0.4385
0.0034,0.0000,0.0000,0.0000,0.0033,0.0001,200,0.4573
0.0167,0.0000,0.0000,0.0000,0.0166,0.0000,200,0.4445
0.0195,0.0000,0.0000,0.0000,0.0194,0.0000,200,0.4420
0.0060,0.0000,0.0000,0.0000,0.0059,0.0001,200,0.4559
0.0029,0.0000,0.0000,0.0000,0.0028,0.0000,200,0.4597
0.0042,0.0000,0.0000,0.0000,0.0042,0.0000,200,0.4584
0.0299,0.0000,0.0000,0.0000,0.0297,0.0000,200,0.4331
0.0148,0.0000,0.0000,0.0000,0.0147,0.0000,200,0.4488
0.0129,0.0000,0.0000,0.0000,0.0129,0.0000,200,0.4512
0.0211,0.0000,0.0000,0.0001,0.0210,0.0000,200,0.4434
0.0375,0.0000,0.0000,0.0000,0.0373,0.0001,200,0.4273
0.0104,0.0000,0.0000,0.0000,0.0102,0.0000,200,0.4550
0.0082,0.0000,0.0000,0.0000,0.0082,0.0000,200,0.4575
0.0045,0.0000,0.0000,0.0000,0.0044,0.0000,200,0.4615
0.0124,0.0000,0.0000,0.0000,0.0124,0.0000,200,0.4535
0.0144,0.0000,0.0000,0.0000,0.0143,0.0001,200,0.4519
0.0172,0.0000,0.0000,0.0000,0.0171,0.0000,200,0.4493
0.0174,0.0000,0.0000,0.0000,0.0172,0.0002,200,0.4498
0.0144,0.0000,0.0000,0.0000,0.0144,0.0000,200,0.4529
0.0502,0.0000,0.0000,0.0000,0.0500,0.0001,200,0.4176
0.0069,0.0000,0.0000,0.0002,0.0066,0.0000,200,0.4619
0.0153,0.0000,0.0000,0.0000,0.0149,0.0004,200,0.4535
0.0512,0.0000,0.0000,0.0000,0.0508,0.0003,200,0.4177
0.0296,0.0000,0.0000,0.0004,0.0290,0.0000,200,0.4396
0.0239,0.0000,0.0000,0.0000,0.0239,0.0001,200,0.4457
0.0228,0.0000,0.0000,0.0000,0.0227,0.0000,200,0.4472
0.0298,0.0000,0.0000,0.0000,0.0297,0.0001,200,0.4402
0.0057,0.0000,0.0000,0.0000,0.0055,0.0000,200,0.4648
0.0126,0.0000,0.0000,0.0000,0.0125,0.0000,200,0.4581
0.0108,0.0000,0.0000,0.0000,0.0108,0.0000,200,0.4602
0.0069,0.0000,0.0000,0.0000,0.0068,0.0001,200,0.4645
0.0276,0.0000,0.0000,0.0000,0.0275,0.0000,200,0.4439
0.0104,0.0000,0.0000,0.0000,0.0103,0.0000,200,0.4612
0.0161,0.0000,0.0000,0.0000,0.0159,0.0002,200,0.4561
0.0691,0.0000,0.0000,0.0000,0.0690,0.0000,200,0.4035
0.0276,0.0000,0.0000,0.0000,0.0275,0.0001,200,0.4453
0.0034,0.0000,0.0000,0.0000,0.0032,0.0000,200,0.4700
0.0071,0.0000,0.0000,0.0000,0.0070,0.0000,200,0.4665
0.0028,0.0000,0.0000,0.0000,0.0027,0.0001,200,0.4714
0.0204,0.0000,0.0000,0.0000,0.0202,0.0000,200,0.4543
0.0158,0.0000,0.0000,0.0000,0.0157,0.0001,200,0.4593
0.0151,0.0000,0.0000,0.0000,0.0150,0.0001,200,0.4604
0.0059,0.0000,0.0000,0.0000,0.0056,0.0001,200,0.4700
0.0019,0.0000,0.0000,0.0000,0.0018,0.0001,200,0.4742
0.0040,0.0000,0.0000,0.0001,0.0038,0.0000,200,0.4726
0.0066,0.0000,0.0000,0.0000,0.0060,0.0006,200,0.4710
0.0043,0.0000,0.0000,0.0002,0.0041,0.0000,200,0.4734
0.0274,0.0000,0.0000,0.0000,0.0273,0.0000,200,0.4504
0.0298,0.0000,0.0000,0.0000,0.0289,0.0004,200,0.4484
0.0278,0.0000,0.0000,0.0000,0.0277,0.0001,200,0.4508
0.0412,0.0000,0.0000,0.0000,0.0411,0.0001,200,0.4374
0.1276,0.0000,0.0000,0.0000,0.1274,0.0002,200,0.3518
0.0375,0.0000,0.0000,0.0000,0.0375,0.0000,200,0.4421
0.0042,0.0000,0.0000,0.0000,0.0041,0.0000,200,0.4755
0.0181,0.0000,0.0000,0.0000,0.0178,0.0003,200,0.4626
0.0225,0.0000,0.0000,0.0001,0.0223,0.0001,200,0.4588
0.0154,0.0000,0.0000,0.0000,0.0153,0.0000,200,0.4660
0.0054,0.0000,0.0000,0.0000,0.0053,0.0001,200,0.4767
0.0154,0.0000,0.0000,0.0001,0.0151,0.0002,200,0.4672
0.0041,0.0000,0.0000,0.0001,0.0039,0.0001,200,0.4786
0.0079,0.0000,0.0000,0.0000,0.0072,0.0006,200,0.4759
0.0092,0.0000,0.0000,0.0000,0.0089,0.0002,200,0.4747
0.0150,0.0000,0.0000,0.0000,0.0147,0.0002,200,0.4689
0.0204,0.0000,0.0000,0.0000,0.0204,0.0000,200,0.4636
0.0146,0.0000,0.0000,0.0000,0.0140,0.0005,200,0.4705
0.0024,0.0000,0.0000,0.0000,0.0024,0.0000,200,0.4827
0.0131,0.0000,0.0000,0.0000,0.0128,0.0002,200,0.4722
0.0167,0.0000,0.0000,0.0000,0.0166,0.0000,200,0.4689
0.0170,0.0000,0.0000,0.0000,0.0169,0.0000,200,0.4688
0.0102,0.0000,0.0000,0.0000,0.0099,0.0001,200,0.4761
0.0534,0.0000,0.0000,0.0000,0.0532,0.0001,200,0.4333
0.0119,0.0000,0.0000,0.0000,0.0118,0.0001,200,0.4751
0.0078,0.0000,0.0000,0.0000,0.0078,0.0000,200,0.4794
0.0086,0.0000,0.0000,0.0000,0.0086,0.0000,200,0.4797
0.0254,0.0000,0.0000,0.0000,0.0254,0.0000,200,0.4630
0.0727,0.0000,0.0000,0.0000,0.0726,0.0001,200,0.4164
0.0447,0.0000,0.0000,0.0000,0.0446,0.0000,200,0.4449
0.0049,0.0000,0.0000,0.0000,0.0048,0.0001,200,0.4856
0.0089,0.0000,0.0000,0.0000,0.0088,0.0001,200,0.4821
0.0575,0.0000,0.0000,0.0000,0.0574,0.0000,200,0.4339
0.0140,0.0000,0.0000,0.0000,0.0139,0.0001,200,0.4781
0.0220,0.0000,0.0000,0.0000,0.0219,0.0000,200,0.4706
0.0190,0.0000,0.0000,0.0005,0.0185,0.0000,200,0.4736
0.0126,0.0000,0.0000,0.0000,0.0125,0.0000,200,0.4807
0.0162,0.0000,0.0000,0.0000,0.0161,0.0000,200,0.4778
0.0079,0.0000,0.0000,0.0000,0.0079,0.0000,200,0.4863
0.0060,0.0000,0.0000,0.0001,0.0059,0.0001,200,0.4896
0.0147,0.0000,0.0000,0.0000,0.0146,0.0000,200,0.4813
0.0186,0.0000,0.0000,0.0000,0.0186,0.0000,200,0.4776
0.0277,0.0000,0.0000,0.0000,0.0277,0.0000,200,0.4692
0.0010,0.0000,0.0000,0.0000,0.0009,0.0000,200,0.4962
0.0528,0.0000,0.0000,0.0000,0.0528,0.0000,200,0.4449
0.0619,0.0000,0.0000,0.0000,0.0618,0.0000,200,0.4363
0.0059,0.0000,0.0000,0.0000,0.0057,0.0001,200,0.4933
0.0146,0.0000,0.0000,0.0000,0.0143,0.0002,200,0.4851
0.0185,0.0000,0.0000,0.0000,0.0185,0.0000,200,0.4814
0.0065,0.0000,0.0000,0.0000,0.0064,0.0001,200,0.4939
0.0332,0.0000,0.0000,0.0000,0.0331,0.0000,200,0.4674
0.0103,0.0000,0.0000,0.0000,0.0102,0.0001,200,0.4905
0.0172,0.0000,0.0000,0.0000,0.0171,0.0000,200,0.4840
0.0187,0.0000,0.0000,0.0000,0.0186,0.0000,200,0.4826
0.0356,0.0000,0.0000,0.0000,0.0355,0.0001,200,0.4660
0.0221,0.0000,0.0000,0.0000,0.0220,0.0001,200,0.4797
0.0049,0.0000,0.0000,0.0000,0.0048,0.0001,200,0.4972
0.0028,0.0000,0.0000,0.0000,0.0027,0.0001,200,0.4997
0.0312,0.0000,0.0000,0.0001,0.0308,0.0000,200,0.4716
0.0468,0.0000,0.0000,0.0000,0.0465,0.0002,200,0.4566
0.0261,0.0000,0.0000,0.0000,0.0260,0.0001,200,0.4777
0.0257,0.0000,0.0000,0.0000,0.0255,0.0001,200,0.4785
0.0392,0.0000,0.0000,0.0000,0.0391,0.0001,200,0.4654
0.0090,0.0000,0.0000,0.0000,0.0089,0.0000,200,0.4960
0.0167,0.0000,0.0000,0.0000,0.0167,0.0001,200,0.4883
0.0140,0.0000,0.0000,0.0000,0.0139,0.0000,200,0.4914
0.0217,0.0000,0.0000,0.0000,0.0216,0.0001,200,0.4839
0.0175,0.0000,0.0000,0.0000,0.0175,0.0000,200,0.4884
0.0051,0.0000,0.0000,0.0000,0.0050,0.0000,200,0.5013
0.0015,0.0000,0.0000,0.0002,0.0012,0.0000,200,0.5053
0.0067,0.0000,0.0000,0.0000,0.0066,0.0000,200,0.5005
0.0360,0.0000,0.0000,0.0000,0.0359,0.0001,200,0.4715
0.0160,0.0000,0.0000,0.0000,0.0159,0.0000,200,0.4926
0.0216,0.0000,0.0000,0.0001,0.0215,0.0000,200,0.4870
0.0608,0.0000,0.0000,0.0000,0.0608,0.0000,200,0.4479
0.0041,0.0000,0.0000,0.0000,0.0040,0.0000,200,0.5046
0.0035,0.0000,0.0000,0.0002,0.0030,0.0003,200,0.5059
0.0093,0.0000,0.0000,0.0000,0.0092,0.0001,200,0.5006
0.0497,0.0000,0.0000,0.0000,0.0482,0.0014,200,0.4608
0.0257,0.0000,0.0000,0.0000,0.0256,0.0001,200,0.4852
0.0170,0.0000,0.0000,0.0000,0.0155,0.0015,200,0.4942
0.0046,0.0000,0.0000,0.0000,0.0046,0.0000,200,0.5068
0.0286,0.0000,0.0000,0.0000,0.0280,0.0005,200,0.4839
0.0016,0.0000,0.0000,0.0003,0.0011,0.0003,200,0.5109
0.0042,0.0000,0.0000,0.0000,0.0024,0.0001,200,0.5087
0.0295,0.0000,0.0000,0.0000,0.0294,0.0001,200,0.4838
0.0245,0.0000,0.0000,0.0000,0.0244,0.0001,200,0.4891
0.0064,0.0000,0.0000,0.0000,0.0063,0.0000,200,0.5075
0.0122,0.0000,0.0000,0.0000,0.0121,0.0000,200,0.5021
0.0033,0.0000,0.0000,0.0007,0.0024,0.0000,200,0.5115
0.0091,0.0000,0.0000,0.0000,0.0086,0.0000,200,0.5064
0.0069,0.0000,0.0000,0.0000,0.0068,0.0000,200,0.5086
0.0017,0.0000,0.0000,0.0000,0.0011,0.0006,200,0.5147
0.0146,0.0000,0.0000,0.0000,0.0145,0.0000,200,0.5018
0.0067,0.0000,0.0000,0.0003,0.0063,0.0000,200,0.5099
0.0178,0.0000,0.0000,0.0000,0.0177,0.0000,200,0.4992
0.0128,0.0000,0.0000,0.0000,0.0127,0.0000,200,0.5042
0.0044,0.0000,0.0000,0.0000,0.0044,0.0001,200,0.5132
0.0023,0.0000,0.0000,0.0000,0.0022,0.0000,200,0.5155
0.0175,0.0000,0.0000,0.0000,0.0174,0.0000,200,0.5008
0.0188,0.0000,0.0000,0.0000,0.0187,0.0000,200,0.4999
0.0325,0.0000,0.0000,0.0000,0.0324,0.0000,200,0.4868
0.0223,0.0000,0.0000,0.0000,0.0222,0.0000,200,0.4970
0.0022,0.0000,0.0000,0.0000,0.0021,0.0000,200,0.5177
0.0560,0.0000,0.0000,0.0000,0.0559,0.0000,200,0.4642
0.0353,0.0000,0.0000,0.0000,0.0352,0.0001,200,0.4852
0.0139,0.0000,0.0000,0.0000,0.0138,0.0001,200,0.5073
0.0044,0.0000,0.0000,0.0000,0.0043,0.0000,200,0.5170
0.0082,0.0000,0.0000,0.0000,0.0080,0.0001,200,0.5136
0.0027,0.0000,0.0000,0.0000,0.0026,0.0001,200,0.5193
0.0041,0.0000,0.0000,0.0000,0.0041,0.0000,200,0.5183
0.0178,0.0000,0.0000,0.0000,0.0176,0.0002,200,0.5051
0.0144,0.0000,0.0000,0.0000,0.0143,0.0000,200,0.5086
0.0052,0.0000,0.0000,0.0000,0.0049,0.0002,200,0.5187
0.0042,0.0000,0.0000,0.0000,0.0042,0.0000,200,0.5199
0.0087,0.0000,0.0000,0.0000,0.0086,0.0000,200,0.5155
0.0206,0.0000,0.0000,0.0000,0.0203,0.0000,200,0.5038
0.0115,0.0000,0.0000,0.0000,0.0114,0.0000,200,0.5129
0.0124,0.0000,0.0000,0.0000,0.0123,0.0001,200,0.5126
0.0336,0.0000,0.0000,0.0000,0.0335,0.0000,200,0.4922
0.0059,0.0000,0.0000,0.0000,0.0058,0.0001,200,0.5202
0.0282,0.0000,0.0000,0.0000,0.0281,0.0000,200,0.4982
0.0020,0.0000,0.0000,0.0000,0.0019,0.0000,200,0.5244
0.0357,0.0000,0.0000,0.0000,0.0356,0.0000,200,0.4910
0.0058,0.0000,0.0000,0.0000,0.0053,0.0004,200,0.5212
0.0257,0.0000,0.0000,0.0000,0.0257,0.0000,200,0.5012
0.0026,0.0000,0.0000,0.0000,0.0025,0.0001,200,0.5245
0.0254,0.0000,0.0000,0.0000,0.0253,0.0000,200,0.5025
0.0062,0.0000,0.0000,0.0000,0.0061,0.0000,200,0.5218
0.0104,0.0000,0.0000,0.0000,0.0103,0.0001,200,0.5177
0.0233,0.0000,0.0000,0.0000,0.0230,0.0000,200,0.5050
0.0048,0.0000,0.0000,0.0000,0.0047,0.0000,200,0.5242
0.0061,0.0000,0.0000,0.0000,0.0060,0.0000,200,0.5229
0.0025,0.0000,0.0000,0.0000,0.0024,0.0000,200,0.5269
0.0133,0.0000,0.0000,0.0000,0.0132,0.0001,200,0.5165
0.0205,0.0000,0.0000,0.0000,0.0202,0.0001,200,0.5094
0.0016,0.0000,0.0000,0.0000,0.0014,0.0001,200,0.5289
0.0036,0.0000,0.0000,0.0000,0.0035,0.0000,200,0.5270
0.0207,0.0000,0.0000,0.0001,0.0203,0.0001,200,0.5104
0.0658,0.0000,0.0000,0.0000,0.0658,0.0001,200,0.4657
0.0033,0.0000,0.0000,0.0000,0.0032,0.0000,200,0.5283
0.0450,0.0000,0.0000,0.0000,0.0449,0.0001,200,0.4872
0.0698,0.0000,0.0000,0.0000,0.0697,0.0000,200,0.4627
0.0049,0.0000,0.0000,0.0000,0.0048,0.0000,200,0.5279
0.0017,0.0000,0.0000,0.0001,0.0016,0.0000,200,0.5315
0.0015,0.0000,0.0000,0.0003,0.0012,0.0001,200,0.5322
0.0075,0.0000,0.0000,0.0000,0.0074,0.0000,200,0.5267
0.0172,0.0000,0.0000,0.0000,0.0172,0.0000,200,0.5170
0.0068,0.0000,0.0000,0.0000,0.0067,0.0000,200,0.5281
0.0265,0.0000,0.0000,0.0001,0.0247,0.0001,200,0.5087
0.0327,0.0000,0.0000,0.0005,0.0322,0.0000,200,0.5028
0.0068,0.0000,0.0000,0.0000,0.0066,0.0001,200,0.5294
0.0112,0.0000,0.0000,0.0000,0.0106,0.0000,200,0.5250
0.0066,0.0000,0.0000,0.0000,0.0066,0.0000,200,0.5300
0.0417,0.0000,0.0000,0.0000,0.0415,0.0002,200,0.4956
0.0135,0.0000,0.0000,0.0000,0.0134,0.0000,200,0.5241
0.0081,0.0000,0.0000,0.0001,0.0079,0.0002,200,0.5298
0.0221,0.0000,0.0000,0.0000,0.0220,0.0000,200,0.5165
0.0172,0.0000,0.0000,0.0000,0.0170,0.0002,200,0.5214
0.0262,0.0000,0.0000,0.0000,0.0261,0.0001,200,0.5125
0.0056,0.0000,0.0000,0.0000,0.0054,0.0001,200,0.5337
0.0468,0.0000,0.0000,0.0000,0.0468,0.0000,200,0.4927
0.0020,0.0000,0.0000,0.0000,0.0019,0.0000,200,0.5380
0.1212,0.0000,0.0000,0.0000,0.1211,0.0000,200,0.4190
0.0057,0.0000,0.0000,0.0000,0.0056,0.0001,200,0.5348
0.0117,0.0000,0.0000,0.0000,0.0117,0.0000,200,0.5290
0.0685,0.0000,0.0000,0.0000,0.0683,0.0000,200,0.4729
0.0064,0.0000,0.0000,0.0000,0.0063,0.0000,200,0.5352
0.0311,0.0000,0.0000,0.0005,0.0304,0.0001,200,0.5112
0.0411,0.0000,0.0000,0.0000,0.0408,0.0002,200,0.5015
0.0066,0.0000,0.0000,0.0000,0.0065,0.0000,200,0.5366
0.0040,0.0000,0.0000,0.0000,0.0039,0.0000,200,0.5395
0.0271,0.0000,0.0000,0.0000,0.0269,0.0000,200,0.5164
0.0105,0.0000,0.0000,0.0000,0.0104,0.0000,200,0.5333
0.0013,0.0000,0.0000,0.0000,0.0013,0.0000,200,0.5426
0.0139,0.0000,0.0000,0.0000,0.0139,0.0000,200,0.5306
0.0019,0.0000,0.0000,0.0000,0.0017,0.0002,200,0.5432
0.0310,0.0000,0.0000,0.0000,0.0310,0.0000,200,0.5143
0.0195,0.0000,0.0000,0.0000,0.0193,0.0001,200,0.5264
0.0132,0.0000,0.0000,0.0000,0.0131,0.0000,200,0.5328
0.0043,0.0000,0.0000,0.0002,0.0040,0.0001,200,0.5424
0.0021,0.0000,0.0000,0.0000,0.0020,0.0001,200,0.5453
0.0134,0.0000,0.0000,0.0000,0.0133,0.0000,200,0.5342
0.0043,0.0000,0.0000,0.0000,0.0042,0.0001,200,0.5435
0.0784,0.0000,0.0000,0.0000,0.0783,0.0001,200,0.4696
0.0205,0.0000,0.0000,0.0000,0.0205,0.0000,200,0.5280
0.0456,0.0000,0.0000,0.0000,0.0455,0.0000,200,0.5034
0.0304,0.0000,0.0000,0.0000,0.0300,0.0004,200,0.5193
0.0359,0.0000,0.0000,0.0000,0.0358,0.0000,200,0.5138
0.0045,0.0000,0.0000,0.0000,0.0045,0.0001,200,0.5459
0.0275,0.0000,0.0000,0.0000,0.0275,0.0000,200,0.5229
0.0022,0.0000,0.0000,0.0000,0.0021,0.0001,200,0.5490
0.0151,0.0000,0.0000,0.0000,0.0150,0.0000,200,0.5362
0.0078,0.0000,0.0000,0.0000,0.0076,0.0001,200,0.5440
0.0165,0.0000,0.0000,0.0000,0.0164,0.0001,200,0.5355
0.0049,0.0000,0.0000,0.0000,0.0048,0.0000,200,0.5476
0.0117,0.0000,0.0000,0.0000,0.0116,0.0000,200,0.5414
0.0156,0.0000,0.0000,0.0000,0.0155,0.0000,200,0.5376
0.0081,0.0000,0.0000,0.0001,0.0078,0.0002,200,0.5460
0.0337,0.0000,0.0000,0.0000,0.0336,0.0000,200,0.5205
0.0171,0.0000,0.0000,0.0000,0.0170,0.0001,200,0.5373
0.0154,0.0000,0.0000,0.0000,0.0153,0.0001,200,0.5400
0.0109,0.0000,0.0000,0.0000,0.0108,0.0000,200,0.5451
0.0337,0.0000,0.0000,0.0000,0.0335,0.0001,200,0.5224
0.0294,0.0000,0.0000,0.0000,0.0293,0.0000,200,0.5269
0.0587,0.0000,0.0000,0.0000,0.0586,0.0000,200,0.4978
0.0049,0.0000,0.0000,0.0000,0.0047,0.0000,200,0.5520
0.0057,0.0000,0.0000,0.0000,0.0056,0.0000,200,0.5518
0.0339,0.0000,0.0000,0.0001,0.0338,0.0000,200,0.5239
0.0058,0.0000,0.0000,0.0001,0.0057,0.0000,200,0.5524
0.0103,0.0000,0.0000,0.0000,0.0103,0.0000,200,0.5480
0.0149,0.0000,0.0000,0.0000,0.0148,0.0000,200,0.5438
0.0280,0.0000,0.0000,0.0000,0.0279,0.0001,200,0.5311
0.0188,0.0000,0.0000,0.0000,0.0187,0.0000,200,0.5407
0.0037,0.0000,0.0000,0.0000,0.0036,0.0001,200,0.5561
0.0157,0.0000,0.0000,0.0000,0.0156,0.0000,200,0.5446
0.0140,0.0000,0.0000,0.0000,0.0140,0.0001,200,0.5467
0.0210,0.0000,0.0000,0.0000,0.0205,0.0001,200,0.5402
0.0399,0.0000,0.0000,0.0000,0.0397,0.0000,200,0.5220
0.0358,0.0000,0.0000,0.0000,0.0357,0.0000,200,0.5261
0.0070,0.0000,0.0000,0.0005,0.0064,0.0000,200,0.5554
0.0241,0.0000,0.0000,0.0000,0.0241,0.0000,200,0.5385
0.0045,0.0000,0.0000,0.0000,0.0043,0.0001,200,0.5582
0.0036,0.0000,0.0000,0.0000,0.0035,0.0000,200,0.5595
0.0122,0.0000,0.0000,0.0000,0.0121,0.0000,200,0.5513
0.0220,0.0000,0.0000,0.0001,0.0218,0.0000,200,0.5416
0.0070,0.0000,0.0000,0.0000,0.0069,0.0000,200,0.5569
0.0389,0.0000,0.0000,0.0000,0.0388,0.0001,200,0.5258
0.0335,0.0000,0.0000,0.0000,0.0330,0.0004,200,0.5324
0.0071,0.0000,0.0000,0.0000,0.0070,0.0001,200,0.5592
0.0165,0.0000,0.0000,0.0000,0.0164,0.0000,200,0.5504
0.0110,0.0000,0.0000,0.0000,0.0108,0.0000,200,0.5560
0.0288,0.0000,0.0000,0.0000,0.0284,0.0004,200,0.5393
0.0063,0.0000,0.0000,0.0000,0.0062,0.0001,200,0.5619
0.0344,0.0000,0.0000,0.0000,0.0343,0.0001,200,0.5342
0.0129,0.0000,0.0000,0.0000,0.0127,0.0001,200,0.5564
0.0130,0.0000,0.0000,0.0000,0.0129,0.0001,200,0.5563
0.0028,0.0000,0.0000,0.0000,0.0028,0.0000,200,0.5670
0.0844,0.0000,0.0000,0.0000,0.0844,0.0000,200,0.4858
0.0096,0.0000,0.0000,0.0000,0.0093,0.0002,200,0.5613
0.0136,0.0000,0.0000,0.0000,0.0135,0.0001,200,0.5578
0.0069,0.0000,0.0000,0.0001,0.0066,0.0001,200,0.5647
0.0120,0.0000,0.0000,0.0000,0.0119,0.0000,200,0.5599
0.0115,0.0000,0.0000,0.0000,0.0114,0.0001,200,0.5607
0.0037,0.0000,0.0000,0.0000,0.0036,0.0000,200,0.5687
0.0056,0.0000,0.0000,0.0000,0.0056,0.0000,200,0.5669
0.0144,0.0000,0.0000,0.0000,0.0143,0.0001,200,0.5587
0.0106,0.0000,0.0000,0.0000,0.0105,0.0001,200,0.5632
0.0205,0.0000,0.0000,0.0000,0.0204,0.0001,200,0.5532
0.0257,0.0000,0.0000,0.0000,0.0255,0.0002,200,0.5485
0.0035,0.0000,0.0000,0.0000,0.0031,0.0003,200,0.5714
0.0111,0.0000,0.0000,0.0000,0.0111,0.0000,200,0.5639
0.0025,0.0000,0.0000,0.0000,0.0023,0.0001,200,0.5731
0.0095,0.0000,0.0000,0.0000,0.0094,0.0001,200,0.5662
0.0400,0.0000,0.0000,0.0000,0.0399,0.0000,200,0.5362
0.0053,0.0000,0.0000,0.0000,0.0049,0.0003,200,0.5716
0.0143,0.0000,0.0000,0.0000,0.0142,0.0000,200,0.5627
0.0112,0.0000,0.0000,0.0000,0.0111,0.0001,200,0.5659
0.0077,0.0000,0.0000,0.0000,0.0076,0.0001,200,0.5702
0.0105,0.0000,0.0000,0.0000,0.0099,0.0004,200,0.5681
0.1108,0.0000,0.0000,0.0001,0.1106,0.0000,200,0.4679
0.1128,0.0000,0.0000,0.0000,0.1127,0.0000,200,0.4663
0.0476,0.0000,0.0000,0.0000,0.0475,0.0000,200,0.5316
0.0295,0.0000,0.0000,0.0000,0.0294,0.0000,200,0.5498
0.0120,0.0000,0.0000,0.0000,0.0118,0.0001,200,0.5681
0.0228,0.0000,0.0000,0.0000,0.0227,0.0000,200,0.5575
0.0369,0.0000,0.0000,0.0000,0.0368,0.0001,200,0.5435
0.0191,0.0000,0.0000,0.0000,0.0189,0.0002,200,0.5619
0.0309,0.0000,0.0000,0.0000,0.0308,0.0001,200,0.5505
0.0031,0.0000,0.0000,0.0000,0.0029,0.0000,200,0.5786
0.0435,0.0000,0.0000,0.0000,0.0434,0.0001,200,0.5387
0.0355,0.0000,0.0000,0.0000,0.0355,0.0000,200,0.5474
0.0035,0.0000,0.0000,0.0001,0.0031,0.0002,200,0.5801
0.0532,0.0000,0.0000,0.0000,0.0532,0.0000,200,0.5305
0.0033,0.0000,0.0000,0.0000,0.0033,0.0000,200,0.5804
0.0149,0.0000,0.0000,0.0000,0.0148,0.0000,200,0.5693
0.0126,0.0000,0.0000,0.0000,0.0125,0.0001,200,0.5719
0.0316,0.0000,0.0000,0.0000,0.0315,0.0000,200,0.5531
0.0312,0.0000,0.0000,0.0000,0.0311,0.0001,200,0.5541
0.0089,0.0000,0.0000,0.0000,0.0088,0.0000,200,0.5769
0.0014,0.0000,0.0000,0.0000,0.0013,0.0000,200,0.5847
0.0106,0.0000,0.0000,0.0000,0.0106,0.0000,200,0.5756
0.0031,0.0000,0.0000,0.0000,0.0030,0.0000,200,0.5837
0.0107,0.0000,0.0000,0.0000,0.0106,0.0000,200,0.5762
0.0172,0.0000,0.0000,0.0000,0.0171,0.0001,200,0.5698
0.0062,0.0000,0.0000,0.0000,0.0061,0.0001,200,0.5810
0.0612,0.0000,0.0000,0.0000,0.0611,0.0001,200,0.5264
0.0160,0.0000,0.0000,0.0000,0.0159,0.0001,200,0.5722
0.0023,0.0000,0.0000,0.0000,0.0023,0.0000,200,0.5861
0.0033,0.0000,0.0000,0.0000,0.0032,0.0001,200,0.5858
0.0123,0.0000,0.0000,0.0000,0.0122,0.0000,200,0.5770
0.0269,0.0000,0.0000,0.0000,0.0256,0.0001,200,0.5627
0.0056,0.0000,0.0000,0.0000,0.0055,0.0000,200,0.5843
0.0043,0.0000,0.0000,0.0000,0.0041,0.0001,200,0.5862
0.0015,0.0000,0.0000,0.0000,0.0014,0.0001,200,0.5891
0.0367,0.0000,0.0000,0.0000,0.0366,0.0000,200,0.5544
0.0278,0.0000,0.0000,0.0000,0.0277,0.0001,200,0.5636
0.0376,0.0000,0.0000,0.0000,0.0375,0.0001,200,0.5541
0.0184,0.0000,0.0000,0.0000,0.0182,0.0001,200,0.5737
0.0031,0.0000,0.0000,0.0000,0.0030,0.0000,200,0.5899
0.0434,0.0000,0.0000,0.0000,0.0433,0.0000,200,0.5497
0.0087,0.0000,0.0000,0.0000,0.0087,0.0000,200,0.5845
0.0048,0.0000,0.0000,0.0000,0.0047,0.0000,200,0.5885
0.0142,0.0000,0.0000,0.0000,0.0141,0.0000,200,0.5793
0.0067,0.0000,0.0000,0.0000,0.0067,0.0001,200,0.5872
0.0360,0.0000,0.0000,0.0000,0.0357,0.0002,200,0.5584
0.0168,0.0000,0.0000,0.0000,0.0167,0.0000,200,0.5780
0.0038,0.0000,0.0000,0.0001,0.0036,0.0001,200,0.5914
0.0185,0.0000,0.0000,0.0002,0.0182,0.0000,200,0.5772
0.0446,0.0000,0.0000,0.0000,0.0445,0.0000,200,0.5512
0.0148,0.0000,0.0000,0.0000,0.0147,0.0000,200,0.5814
0.0181,0.0000,0.0000,0.0000,0.0180,0.0000,200,0.5786
0.0245,0.0000,0.0000,0.0000,0.0243,0.0000,200,0.5725
0.0106,0.0000,0.0000,0.0000,0.0105,0.0001,200,0.5868
0.0177,0.0000,0.0000,0.0000,0.0176,0.0000,200,0.5802
0.0277,0.0000,0.0000,0.0000,0.0276,0.0001,200,0.5709
0.0384,0.0000,0.0000,0.0000,0.0384,0.0000,200,0.5603
0.0108,0.0000,0.0000,0.0000,0.0105,0.0002,200,0.5882
0.0080,0.0000,0.0000,0.0000,0.0079,0.0000,200,0.5911
0.0019,0.0000,0.0000,0.0000,0.0018,0.0001,200,0.5979
0.0170,0.0000,0.0000,0.0000,0.0168,0.0000,200,0.5829
0.0943,0.0000,0.0000,0.0001,0.0941,0.0000,200,0.5056
0.0153,0.0000,0.0000,0.0000,0.0152,0.0001,200,0.5853
0.0187,0.0000,0.0000,0.0000,0.0185,0.0000,200,0.5822
0.0257,0.0000,0.0000,0.0000,0.0255,0.0001,200,0.5758
0.0087,0.0000,0.0000,0.0000,0.0086,0.0001,200,0.5930
0.0185,0.0000,0.0000,0.0000,0.0181,0.0000,200,0.5836
0.0639,0.0000,0.0000,0.0000,0.0638,0.0001,200,0.5385
0.0134,0.0000,0.0000,0.0000,0.0133,0.0001,200,0.5896
0.0042,0.0000,0.0000,0.0000,0.0041,0.0001,200,0.5991
0.0300,0.0000,0.0000,0.0000,0.0300,0.0000,200,0.5737
0.0165,0.0000,0.0000,0.0000,0.0164,0.0001,200,0.5876
0.0026,0.0000,0.0000,0.0000,0.0026,0.0000,200,0.6017
0.0125,0.0000,0.0000,0.0000,0.0123,0.0002,200,0.5921
0.0114,0.0000,0.0000,0.0000,0.0114,0.0000,200,0.5933
0.0133,0.0000,0.0000,0.0000,0.0132,0.0001,200,0.5917
0.0109,0.0000,0.0000,0.0000,0.0108,0.0000,200,0.5943
0.0033,0.0000,0.0000,0.0000,0.0032,0.0000,200,0.6021
0.0118,0.0000,0.0000,0.0000,0.0117,0.0000,200,0.5939
0.0098,0.0000,0.0000,0.0000,0.0097,0.0000,200,0.5962
0.0016,0.0000,0.0000,0.0000,0.0015,0.0000,200,0.6046
0.0272,0.0000,0.0000,0.0001,0.0270,0.0000,200,0.5792
0.0201,0.0000,0.0000,0.0000,0.0200,0.0000,200,0.5868
0.0086,0.0000,0.0000,0.0000,0.0086,0.0000,200,0.5987
0.0350,0.0000,0.0000,0.0001,0.0349,0.0000,200,0.5723
0.0065,0.0000,0.0000,0.0000,0.0064,0.0000,200,0.6014
0.0457,0.0000,0.0000,0.0002,0.0454,0.0000,200,0.5624
0.0151,0.0000,0.0000,0.0000,0.0151,0.0000,200,0.5931
0.0452,0.0000,0.0000,0.0000,0.0452,0.0000,200,0.5634
0.0121,0.0000,0.0000,0.0000,0.0120,0.0000,200,0.5970
0.0145,0.0000,0.0000,0.0002,0.0143,0.0000,200,0.5952
0.0132,0.0000,0.0000,0.0001,0.0131,0.0000,200,0.5975
0.0160,0.0000,0.0000,0.0000,0.0160,0.0000,200,0.5948
0.0244,0.0000,0.0000,0.0000,0.0243,0.0000,200,0.5870
0.0208,0.0000,0.0000,0.0000,0.0207,0.0000,200,0.5906
0.0097,0.0000,0.0000,0.0000,0.0096,0.0000,200,0.6025
0.0327,0.0000,0.0000,0.0000,0.0314,0.0013,200,0.5817
0.0189,0.0000,0.0000,0.0000,0.0187,0.0000,200,0.5956
0.0150,0.0000,0.0000,0.0000,0.0147,0.0003,200,0.5999
0.0057,0.0000,0.0000,0.0000,0.0034,0.0022,200,0.6097
0.0407,0.0000,0.0000,0.0000,0.0401,0.0006,200,0.5749
0.0166,0.0000,0.0000,0.0000,0.0164,0.0000,200,0.5999
0.0109,0.0000,0.0000,0.0000,0.0108,0.0000,200,0.6062
0.0170,0.0000,0.0000,0.0000,0.0168,0.0001,200,0.6006
0.0117,0.0000,0.0000,0.0000,0.0116,0.0001,200,0.6064
0.0078,0.0000,0.0000,0.0000,0.0077,0.0001,200,0.6108
0.0437,0.0000,0.0000,0.0000,0.0436,0.0001,200,0.5750
0.0042,0.0000,0.0000,0.0000,0.0041,0.0000,200,0.6154
0.0039,0.0000,0.0000,0.0000,0.0038,0.0001,200,0.6165
0.0125,0.0000,0.0000,0.0000,0.0125,0.0000,200,0.6087
0.0214,0.0000,0.0000,0.0000,0.0213,0.0000,200,0.5998
0.0135,0.0000,0.0000,0.0000,0.0133,0.0001,200,0.6080
0.0013,0.0000,0.0000,0.0000,0.0012,0.0000,200,0.6204
0.0166,0.0000,0.0000,0.0001,0.0164,0.0001,200,0.6057
0.0751,0.0000,0.0000,0.0000,0.0749,0.0002,200,0.5478
0.0012,0.0000,0.0000,0.0000,0.0011,0.0000,200,0.6217
0.0085,0.0000,0.0000,0.0000,0.0084,0.0001,200,0.6150
0.0332,0.0000,0.0000,0.0000,0.0329,0.0000,200,0.5905
0.0183,0.0000,0.0000,0.0000,0.0181,0.0002,200,0.6060
0.0199,0.0000,0.0000,0.0000,0.0197,0.0000,200,0.6047
0.0359,0.0000,0.0000,0.0000,0.0358,0.0000,200,0.5893
0.0288,0.0000,0.0000,0.0000,0.0287,0.0000,200,0.5967
0.0323,0.0000,0.0000,0.0000,0.0323,0.0000,200,0.5935
0.0222,0.0000,0.0000,0.0000,0.0221,0.0000,200,0.6043
0.0523,0.0000,0.0000,0.0000,0.0522,0.0000,200,0.5742
0.0018,0.0000,0.0000,0.0000,0.0017,0.0001,200,0.6252
0.0485,0.0000,0.0000,0.0000,0.0483,0.0001,200,0.5791
0.0121,0.0000,0.0000,0.0002,0.0117,0.0001,200,0.6156
0.0084,0.0000,0.0000,0.0000,0.0082,0.0002,200,0.6196
0.0877,0.0000,0.0000,0.0000,0.0877,0.0000,200,0.5406
0.0055,0.0000,0.0000,0.0000,0.0055,0.0000,200,0.6229
0.0059,0.0000,0.0000,0.0000,0.0058,0.0000,200,0.6229
0.0244,0.0000,0.0000,0.0000,0.0243,0.0001,200,0.6050
0.0180,0.0000,0.0000,0.0000,0.0179,0.0001,200,0.6115
0.0115,0.0000,0.0000,0.0000,0.0114,0.0001,200,0.6186
0.0233,0.0000,0.0000,0.0000,0.0229,0.0003,200,0.6073
0.0075,0.0000,0.0000,0.0000,0.0073,0.0001,200,0.6235
0.0066,0.0000,0.0000,0.0000,0.0064,0.0001,200,0.6246
0.0224,0.0000,0.0000,0.0000,0.0222,0.0001,200,0.6091
0.0027,0.0000,0.0000,0.0000,0.0026,0.0000,200,0.6293
0.0042,0.0000,0.0000,0.0000,0.0041,0.0001,200,0.6283
0.0285,0.0000,0.0000,0.0000,0.0284,0.0000,200,0.6041
0.0158,0.0000,0.0000,0.0000,0.0158,0.0000,200,0.6171
0.0061,0.0000,0.0000,0.0001,0.0059,0.0000,200,0.6276
0.0194,0.0000,0.0000,0.0000,0.0190,0.0003,200,0.6144
0.0066,0.0000,0.0000,0.0000,0.0061,0.0004,200,0.6280
0.0123,0.0000,0.0000,0.0000,0.0121,0.0001,200,0.6223
0.0111,0.0000,0.0000,0.0000,0.0109,0.0000,200,0.6237
0.0140,0.0000,0.0000,0.0001,0.0138,0.0001,200,0.6214
0.0144,0.0000,0.0000,0.0000,0.0143,0.0000,200,0.6212
0.0030,0.0000,0.0000,0.0000,0.0029,0.0000,200,0.6329
0.0061,0.0000,0.0000,0.0000,0.0060,0.0000,200,0.6301
0.0113,0.0000,0.0000,0.0000,0.0112,0.0000,200,0.6255
0.0060,0.0000,0.0000,0.0000,0.0058,0.0001,200,0.6309
0.0060,0.0000,0.0000,0.0000,0.0059,0.0001,200,0.6312
0.0019,0.0000,0.0000,0.0000,0.0018,0.0001,200,0.6355
0.0687,0.0000,0.0000,0.0000,0.0686,0.0000,200,0.5693
0.0028,0.0000,0.0000,0.0000,0.0026,0.0002,200,0.6354
0.0268,0.0000,0.0000,0.0000,0.0266,0.0001,200,0.6121
0.0555,0.0000,0.0000,0.0000,0.0554,0.0000,200,0.5837
0.0104,0.0000,0.0000,0.0000,0.0103,0.0001,200,0.6295
0.0329,0.0000,0.0000,0.0000,0.0327,0.0001,200,0.6073
0.0137,0.0000,0.0000,0.0001,0.0135,0.0000,200,0.6265
0.0302,0.0000,0.0000,0.0000,0.0301,0.0000,200,0.6107
0.0012,0.0000,0.0000,0.0000,0.0012,0.0000,200,0.6399
0.0099,0.0000,0.0000,0.0000,0.0098,0.0000,200,0.6315
0.0423,0.0000,0.0000,0.0000,0.0423,0.0000,200,0.5991
0.0239,0.0000,0.0000,0.0000,0.0237,0.0002,200,0.6182
0.0101,0.0000,0.0000,0.0000,0.0096,0.0005,200,0.6326
0.0315,0.0000,0.0000,0.0000,0.0314,0.0001,200,0.6114
0.0063,0.0000,0.0000,0.0000,0.0062,0.0000,200,0.6372
0.0357,0.0000,0.0000,0.0001,0.0355,0.0001,200,0.6082
0.0375,0.0000,0.0000,0.0000,0.0373,0.0001,200,0.6069
0.0168,0.0000,0.0000,0.0002,0.0166,0.0000,200,0.6277
0.0394,0.0000,0.0000,0.0000,0.0393,0.0000,200,0.6054
0.0035,0.0000,0.0000,0.0000,0.0032,0.0002,200,0.6414
0.0043,0.0000,0.0000,0.0000,0.0042,0.0001,200,0.6414
0.0192,0.0000,0.0000,0.0001,0.0191,0.0000,200,0.6265
0.0427,0.0000,0.0000,0.0000,0.0426,0.0000,200,0.6038
0.0160,0.0000,0.0000,0.0000,0.0156,0.0003,200,0.6307
0.0024,0.0000,0.0000,0.0000,0.0023,0.0001,200,0.6445
0.0149,0.0000,0.0000,0.0000,0.0147,0.0001,200,0.6326
0.0548,0.0000,0.0000,0.0000,0.0547,0.0000,200,0.5932
0.0037,0.0000,0.0000,0.0000,0.0036,0.0000,200,0.6444
0.0528,0.0000,0.0000,0.0000,0.0526,0.0001,200,0.5958
0.0079,0.0000,0.0000,0.0000,0.0078,0.0000,200,0.6409
0.0148,0.0000,0.0000,0.0000,0.0147,0.0001,200,0.6346
0.0467,0.0000,0.0000,0.0000,0.0466,0.0001,200,0.6030
0.0071,0.0000,0.0000,0.0001,0.0067,0.0000,200,0.6429
0.0018,0.0000,0.0000,0.0000,0.0016,0.0000,200,0.6485
0.0148,0.0000,0.0000,0.0000,0.0147,0.0001,200,0.6359
0.0090,0.0000,0.0000,0.0001,0.0087,0.0002,200,0.6420
0.0369,0.0000,0.0000,0.0000,0.0368,0.0001,200,0.6145
0.0261,0.0000,0.0000,0.0000,0.0260,0.0001,200,0.6258
0.0123,0.0000,0.0000,0.0000,0.0123,0.0000,200,0.6402
0.0065,0.0000,0.0000,0.0000,0.0062,0.0002,200,0.6466
0.0093,0.0000,0.0000,0.0000,0.0089,0.0003,200,0.6439
0.0140,0.0000,0.0000,0.0000,0.0139,0.0000,200,0.6393
0.0170,0.0000,0.0000,0.0000,0.0169,0.0002,200,0.6368
0.0203,0.0000,0.0000,0.0000,0.0202,0.0000,200,0.6338
0.0065,0.0000,0.0000,0.0000,0.0063,0.0001,200,0.6480
0.0146,0.0000,0.0000,0.0000,0.0145,0.0000,200,0.6402
0.0020,0.0000,0.0000,0.0000,0.0019,0.0001,200,0.6532
0.0150,0.0000,0.0000,0.0000,0.0145,0.0004,200,0.6411
0.0097,0.0000,0.0000,0.0000,0.0094,0.0001,200,0.6465
0.0021,0.0000,0.0000,0.0000,0.0020,0.0000,200,0.6541
0.0187,0.0000,0.0000,0.0000,0.0186,0.0000,200,0.6382
0.0100,0.0000,0.0000,0.0000,0.0098,0.0001,200,0.6475
0.0033,0.0000,0.0000,0.0000,0.0032,0.0000,200,0.6545
0.0312,0.0000,0.0000,0.0000,0.0312,0.0000,200,0.6270
0.0136,0.0000,0.0000,0.0000,0.0136,0.0000,200,0.6448
0.0066,0.0000,0.0000,0.0000,0.0065,0.0000,200,0.6519
0.0077,0.0000,0.0000,0.0000,0.0077,0.0000,200,0.6511
0.0274,0.0000,0.0000,0.0000,0.0273,0.0000,200,0.6320
0.0065,0.0000,0.0000,0.0001,0.0064,0.0000,200,0.6531
0.0128,0.0000,0.0000,0.0000,0.0127,0.0001,200,0.6469
0.0210,0.0000,0.0000,0.0000,0.0208,0.0001,200,0.6389
0.0566,0.0000,0.0000,0.0000,0.0566,0.0000,200,0.6033
0.0105,0.0000,0.0000,0.0000,0.0104,0.0000,200,0.6497
0.0226,0.0000,0.0000,0.0000,0.0223,0.0002,200,0.6380
0.0095,0.0000,0.0000,0.0001,0.0093,0.0001,200,0.6514
0.0057,0.0000,0.0000,0.0000,0.0056,0.0000,200,0.6552
0.0127,0.0000,0.0000,0.0000,0.0126,0.0000,200,0.6488
0.0020,0.0000,0.0000,0.0000,0.0019,0.0000,200,0.6599
0.0615,0.0000,0.0000,0.0000,0.0614,0.0000,200,0.6009
0.0256,0.0000,0.0000,0.0000,0.0254,0.0002,200,0.6369
0.0291,0.0000,0.0000,0.0000,0.0290,0.0001,200,0.6337
0.0346,0.0000,0.0000,0.0000,0.0345,0.0001,200,0.6288
0.0029,0.0000,0.0000,0.0000,0.0027,0.0001,200,0.6609
0.0455,0.0000,0.0000,0.0000,0.0455,0.0000,200,0.6187
0.0038,0.0000,0.0000,0.0000,0.0037,0.0000,200,0.6605
0.0363,0.0000,0.0000,0.0000,0.0362,0.0001,200,0.6284
0.0027,0.0000,0.0000,0.0000,0.0026,0.0000,200,0.6626
0.0221,0.0000,0.0000,0.0000,0.0219,0.0001,200,0.6435
0.0015,0.0000,0.0000,0.0002,0.0013,0.0000,200,0.6643
0.0044,0.0000,0.0000,0.0000,0.0043,0.0000,200,0.6618
0.0618,0.0000,0.0000,0.0000,0.0615,0.0003,200,0.6052
0.0138,0.0000,0.0000,0.0001,0.0136,0.0000,200,0.6533
0.0245,0.0000,0.0000,0.0000,0.0244,0.0001,200,0.6428
0.0150,0.0000,0.0000,0.0000,0.0148,0.0002,200,0.6525
0.0196,0.0000,0.0000,0.0000,0.0195,0.0001,200,0.6481
0.0467,0.0000,0.0000,0.0000,0.0467,0.0000,200,0.6212
0.0104,0.0000,0.0000,0.0000,0.0103,0.0000,200,0.6578
0.0186,0.0000,0.0000,0.0000,0.0185,0.0000,200,0.6500
0.0099,0.0000,0.0000,0.0000,0.0098,0.0000,200,0.6588
0.0344,0.0000,0.0000,0.0000,0.0342,0.0000,200,0.6348
0.0011,0.0000,0.0000,0.0000,0.0011,0.0000,200,0.6682
0.0134,0.0000,0.0000,0.0000,0.0133,0.0000,200,0.6562
0.0196,0.0000,0.0000,0.0000,0.0194,0.0001,200,0.6503
0.0162,0.0000,0.0000,0.0000,0.0161,0.0000,200,0.6538
0.0133,0.0000,0.0000,0.0000,0.0133,0.0000,200,0.6569
0.0201,0.0000,0.0000,0.0002,0.0195,0.0002,200,0.6507
0.0215,0.0000,0.0000,0.0003,0.0212,0.0000,200,0.6493
0.0059,0.0000,0.0000,0.0000,0.0057,0.0001,200,0.6652
0.0141,0.0000,0.0000,0.0000,0.0140,0.0001,200,0.6582
0.0026,0.0000,0.0000,0.0004,0.0022,0.0001,200,0.6699
0.0087,0.0000,0.0000,0.0000,0.0084,0.0001,200,0.6642
0.0131,0.0000,0.0000,0.0000,0.0130,0.0001,200,0.6602
0.0153,0.0000,0.0000,0.0000,0.0151,0.0002,200,0.6585
0.0155,0.0000,0.0000,0.0000,0.0154,0.0001,200,0.6585
0.0086,0.0000,0.0000,0.0000,0.0085,0.0000,200,0.6655
0.0667,0.0000,0.0000,0.0000,0.0667,0.0000,200,0.6081
0.0154,0.0000,0.0000,0.0000,0.0153,0.0001,200,0.6597
0.0075,0.0000,0.0000,0.0005,0.0070,0.0000,200,0.6679
0.0100,0.0000,0.0000,0.0000,0.0099,0.0000,200,0.6659
0.0091,0.0000,0.0000,0.0000,0.0090,0.0001,200,0.6671
0.0058,0.0000,0.0000,0.0000,0.0057,0.0000,200,0.6708
0.0523,0.0000,0.0000,0.0000,0.0521,0.0001,200,0.6243
0.0210,0.0000,0.0000,0.0000,0.0209,0.0000,200,0.6562
0.0323,0.0000,0.0000,0.0000,0.0322,0.0000,200,0.6449
0.0081,0.0000,0.0000,0.0001,0.0077,0.0002,200,0.6693
0.0318,0.0000,0.0000,0.0000,0.0317,0.0000,200,0.6457
0.0148,0.0000,0.0000,0.0000,0.0147,0.0001,200,0.6629
0.0032,0.0000,0.0000,0.0000,0.0031,0.0000,200,0.6748
0.0111,0.0000,0.0000,0.0000,0.0110,0.0000,200,0.6675
0.0102,0.0000,0.0000,0.0001,0.0100,0.0000,200,0.6687
0.0036,0.0000,0.0000,0.0000,0.0036,0.0000,200,0.6755
0.0062,0.0000,0.0000,0.0000,0.0059,0.0002,200,0.6738
0.0169,0.0000,0.0000,0.0000,0.0167,0.0001,200,0.6638
0.0074,0.0000,0.0000,0.0000,0.0073,0.0001,200,0.6733
0.0037,0.0000,0.0000,0.0000,0.0036,0.0000,200,0.6773
0.0255,0.0000,0.0000,0.0000,0.0254,0.0001,200,0.6562
0.0184,0.0000,0.0000,0.0000,0.0183,0.0000,200,0.6634
0.0477,0.0000,0.0000,0.0000,0.0475,0.0001,200,0.6346
0.0138,0.0000,0.0000,0.0000,0.0136,0.0000,200,0.6686
0.0068,0.0000,0.0000,0.0000,0.0066,0.0001,200,0.6762
0.0185,0.0000,0.0000,0.0000,0.0184,0.0000,200,0.6647
0.0111,0.0000,0.0000,0.0000,0.0111,0.0000,200,0.6724
0.0062,0.0000,0.0000,0.0000,0.0062,0.0000,200,0.6772
0.0056,0.0000,0.0000,0.0000,0.0055,0.0001,200,0.6786
0.0032,0.0000,0.0000,0.0000,0.0032,0.0000,200,0.6811
0.0026,0.0000,0.0000,0.0000,0.0025,0.0001,200,0.6822
0.0277,0.0000,0.0000,0.0000,0.0276,0.0000,200,0.6574
0.0014,0.0000,0.0000,0.0000,0.0013,0.0000,200,0.6842
0.0071,0.0000,0.0000,0.0003,0.0067,0.0000,200,0.6789
0.0490,0.0000,0.0000,0.0008,0.0480,0.0001,200,0.6375
0.0318,0.0000,0.0000,0.0000,0.0316,0.0002,200,0.6548
0.0041,0.0000,0.0000,0.0000,0.0037,0.0002,200,0.6830
0.0059,0.0000,0.0000,0.0000,0.0058,0.0001,200,0.6818
0.0061,0.0000,0.0000,0.0001,0.0060,0.0000,200,0.6816
0.0101,0.0000,0.0000,0.0000,0.0100,0.0000,200,0.6780
0.0710,0.0000,0.0000,0.0001,0.0709,0.0001,200,0.6176
0.0163,0.0000,0.0000,0.0000,0.0162,0.0000,200,0.6725
0.0437,0.0000,0.0000,0.0000,0.0436,0.0001,200,0.6456
0.0297,0.0000,0.0000,0.0000,0.0296,0.0000,200,0.6599
0.0132,0.0000,0.0000,0.0000,0.0131,0.0000,200,0.6767
0.0130,0.0000,0.0000,0.0000,0.0129,0.0000,200,0.6773
0.0179,0.0000,0.0000,0.0000,0.0175,0.0002,200,0.6730
0.0062,0.0000,0.0000,0.0004,0.0057,0.0000,200,0.6848
0.0013,0.0000,0.0000,0.0000,0.0012,0.0001,200,0.6903
0.0084,0.0000,0.0000,0.0003,0.0080,0.0000,200,0.6835
0.0329,0.0000,0.0000,0.0000,0.0329,0.0000,200,0.6594
0.0234,0.0000,0.0000,0.0000,0.0233,0.0000,200,0.6692
0.0078,0.0000,0.0000,0.0000,0.0078,0.0000,200,0.6851
0.0140,0.0000,0.0000,0.0000,0.0139,0.0000,200,0.6791
0.0026,0.0000,0.0000,0.0000,0.0025,0.0000,200,0.6910
0.0954,0.0000,0.0000,0.0000,0.0953,0.0000,200,0.5987
0.0169,0.0000,0.0000,0.0000,0.0168,0.0001,200,0.6775
0.0241,0.0000,0.0000,0.0000,0.0241,0.0000,200,0.6708
0.0250,0.0000,0.0000,0.0000,0.0247,0.0001,200,0.6700
0.0101,0.0000,0.0000,0.0000,0.0100,0.0000,200,0.6856
0.0262,0.0000,0.0000,0.0000,0.0260,0.0001,200,0.6696
0.0020,0.0000,0.0000,0.0000,0.0020,0.0000,200,0.6941
0.0083,0.0000,0.0000,0.0000,0.0081,0.0001,200,0.6881
0.0304,0.0000,0.0000,0.0000,0.0303,0.0000,200,0.6662
0.0077,0.0000,0.0000,0.0000,0.0075,0.0001,200,0.6899
0.0049,0.0000,0.0000,0.0000,0.0048,0.0000,200,0.6931
0.0385,0.0000,0.0000,0.0004,0.0381,0.0000,200,0.6597
0.0109,0.0000,0.0000,0.0000,0.0108,0.0001,200,0.6877
0.0225,0.0000,0.0000,0.0001,0.0222,0.0001,200,0.6766
0.0102,0.0000,0.0000,0.0000,0.0101,0.0000,200,0.6894
0.0041,0.0000,0.0000,0.0000,0.0040,0.0000,200,0.6957
0.0290,0.0000,0.0000,0.0001,0.0287,0.0000,200,0.6711
0.0024,0.0000,0.0000,0.0000,0.0023,0.0000,200,0.6982
0.0139,0.0000,0.0000,0.0000,0.0138,0.0001,200,0.6866
0.0075,0.0000,0.0000,0.0000,0.0073,0.0001,200,0.6936
0.0405,0.0000,0.0000,0.0000,0.0404,0.0001,200,0.6609
0.0316,0.0000,0.0000,0.0000,0.0315,0.0000,200,0.6703
0.0015,0.0000,0.0000,0.0001,0.0013,0.0001,200,0.7006
0.0663,0.0000,0.0000,0.0000,0.0662,0.0001,200,0.6362
0.0288,0.0000,0.0000,0.0000,0.0287,0.0000,200,0.6740
0.0357,0.0000,0.0000,0.0000,0.0356,0.0000,200,0.6677
0.0174,0.0000,0.0000,0.0000,0.0174,0.0000,200,0.6864
0.0094,0.0000,0.0000,0.0001,0.0089,0.0004,200,0.6950
0.0027,0.0000,0.0000,0.0000,0.0026,0.0000,200,0.7021
0.0058,0.0000,0.0000,0.0000,0.0057,0.0001,200,0.6995
0.0088,0.0000,0.0000,0.0001,0.0087,0.0000,200,0.6966
0.0046,0.0000,0.0000,0.0001,0.0042,0.0002,200,0.7011
0.0285,0.0000,0.0000,0.0000,0.0284,0.0001,200,0.6777
0.0038,0.0000,0.0000,0.0000,0.0037,0.0000,200,0.7028
0.0191,0.0000,0.0000,0.0000,0.0190,0.0001,200,0.6877
0.0044,0.0000,0.0000,0.0000,0.0044,0.0001,200,0.7026
0.0061,0.0000,0.0000,0.0000,0.0060,0.0000,200,0.7014
0.0045,0.0000,0.0000,0.0000,0.0044,0.0000,200,0.7034
0.0016,0.0000,0.0000,0.0001,0.0014,0.0001,200,0.7068
0.0198,0.0000,0.0000,0.0000,0.0197,0.0000,200,0.6888
0.0165,0.0000,0.0000,0.0000,0.0164,0.0001,200,0.6926
0.0024,0.0000,0.0000,0.0000,0.0022,0.0001,200,0.7070
0.0105,0.0000,0.0000,0.0000,0.0103,0.0002,200,0.6991
0.0125,0.0000,0.0000,0.0000,0.0124,0.0001,200,0.6979
0.0142,0.0000,0.0000,0.0001,0.0138,0.0002,200,0.6964
0.0023,0.0000,0.0000,0.0001,0.0021,0.0000,200,0.7084
0.0205,0.0000,0.0000,0.0000,0.0204,0.0000,200,0.6909
0.0053,0.0000,0.0000,0.0000,0.0050,0.0002,200,0.7061
0.0256,0.0000,0.0000,0.0000,0.0255,0.0000,200,0.6860
0.0165,0.0000,0.0000,0.0000,0.0164,0.0000,200,0.6958
0.0317,0.0000,0.0000,0.0000,0.0316,0.0000,200,0.6807
0.0303,0.0000,0.0000,0.0000,0.0301,0.0002,200,0.6825
0.0067,0.0000,0.0000,0.0000,0.0066,0.0000,200,0.7065
0.0213,0.0000,0.0000,0.0000,0.0211,0.0002,200,0.6923
0.0021,0.0000,0.0000,0.0000,0.0019,0.0002,200,0.7124
0.0164,0.0000,0.0000,0.0000,0.0161,0.0001,200,0.6986
0.0308,0.0000,0.0000,0.0000,0.0307,0.0000,200,0.6843
0.0543,0.0000,0.0000,0.0000,0.0542,0.0001,200,0.6615
0.0064,0.0000,0.0000,0.0000,0.0064,0.0000,200,0.7104
0.0085,0.0000,0.0000,0.0000,0.0083,0.0001,200,0.7091
0.0044,0.0000,0.0000,0.0005,0.0039,0.0000,200,0.7132
0.0232,0.0000,0.0000,0.0000,0.0231,0.0000,200,0.6944
0.0187,0.0000,0.0000,0.0000,0.0186,0.0001,200,0.6998
0.0059,0.0000,0.0000,0.0000,0.0057,0.0001,200,0.7128
0.0117,0.0000,0.0000,0.0000,0.0116,0.0000,200,0.7075
0.0109,0.0000,0.0000,0.0000,0.0108,0.0000,200,0.7085
0.0117,0.0000,0.0000,0.0001,0.0116,0.0000,200,0.7078
0.0091,0.0000,0.0000,0.0000,0.0090,0.0000,200,0.7114
0.0581,0.0000,0.0000,0.0000,0.0580,0.0000,200,0.6624
0.0536,0.0000,0.0000,0.0000,0.0535,0.0001,200,0.6670
0.0014,0.0000,0.0000,0.0002,0.0011,0.0000,200,0.7196
0.0382,0.0000,0.0000,0.0000,0.0380,0.0001,200,0.6835
0.0167,0.0000,0.0000,0.0000,0.0165,0.0002,200,0.7054
0.0183,0.0000,0.0000,0.0000,0.0182,0.0001,200,0.7038
0.0111,0.0000,0.0000,0.0000,0.0110,0.0001,200,0.7115
0.0488,0.0000,0.0000,0.0000,0.0486,0.0001,200,0.6742
0.0060,0.0000,0.0000,0.0000,0.0059,0.0000,200,0.7176
0.0071,0.0000,0.0000,0.0000,0.0070,0.0000,200,0.7169
0.0236,0.0000,0.0000,0.0000,0.0234,0.0001,200,0.7006
0.0357,0.0000,0.0000,0.0000,0.0357,0.0000,200,0.6886
0.0068,0.0000,0.0000,0.0000,0.0066,0.0002,200,0.7176
0.0088,0.0000,0.0000,0.0000,0.0087,0.0000,200,0.7158
0.0335,0.0000,0.0000,0.0000,0.0334,0.0001,200,0.6916
0.0336,0.0000,0.0000,0.0000,0.0335,0.0000,200,0.6919
0.0239,0.0000,0.0000,0.0000,0.0239,0.0000,200,0.7019
0.0457,0.0000,0.0000,0.0000,0.0456,0.0000,200,0.6807
0.0116,0.0000,0.0000,0.0000,0.0115,0.0000,200,0.7151
0.0063,0.0000,0.0000,0.0005,0.0057,0.0000,200,0.7205
0.0157,0.0000,0.0000,0.0000,0.0154,0.0002,200,0.7114
0.0026,0.0000,0.0000,0.0000,0.0025,0.0001,200,0.7246
0.0023,0.0000,0.0000,0.0000,0.0022,0.0000,200,0.7254
0.0185,0.0000,0.0000,0.0000,0.0184,0.0001,200,0.7094
0.0076,0.0000,0.0000,0.0000,0.0074,0.0001,200,0.7206
0.0229,0.0000,0.0000,0.0000,0.0229,0.0000,200,0.7057
0.0344,0.0000,0.0000,0.0000,0.0341,0.0001,200,0.6950
0.0171,0.0000,0.0000,0.0000,0.0171,0.0000,200,0.7122
0.0028,0.0000,0.0000,0.0000,0.0023,0.0005,200,0.7273
0.0043,0.0000,0.0000,0.0002,0.0040,0.0002,200,0.7258
0.0076,0.0000,0.0000,0.0000,0.0075,0.0000,200,0.7237
0.0097,0.0000,0.0000,0.0000,0.0096,0.0000,200,0.7221
0.0045,0.0000,0.0000,0.0000,0.0043,0.0000,200,0.7279
0.0220,0.0000,0.0000,0.0000,0.0219,0.0001,200,0.7106
0.0042,0.0000,0.0000,0.0000,0.0036,0.0005,200,0.7294
0.0187,0.0000,0.0000,0.0000,0.0186,0.0000,200,0.7150
0.0203,0.0000,0.0000,0.0000,0.0202,0.0001,200,0.7137
0.0060,0.0000,0.0000,0.0000,0.0060,0.0000,200,0.7282
0.0020,0.0000,0.0000,0.0000,0.0019,0.0000,200,0.7326
0.0298,0.0000,0.0000,0.0000,0.0297,0.0000,200,0.7054
0.0090,0.0000,0.0000,0.0000,0.0089,0.0000,200,0.7264
0.0118,0.0000,0.0000,0.0000,0.0117,0.0000,200,0.7241
0.0690,0.0000,0.0000,0.0003,0.0686,0.0001,200,0.6673
0.0096,0.0000,0.0000,0.0000,0.0095,0.0000,200,0.7271
0.0475,0.0000,0.0000,0.0000,0.0475,0.0000,200,0.6896
0.0026,0.0000,0.0000,0.0000,0.0025,0.0000,200,0.7352
0.0103,0.0000,0.0000,0.0000,0.0102,0.0001,200,0.7277
0.0120,0.0000,0.0000,0.0000,0.0119,0.0001,200,0.7268
0.0633,0.0000,0.0000,0.0000,0.0632,0.0000,200,0.6758
0.0193,0.0000,0.0000,0.0000,0.0192,0.0000,200,0.7205
0.0220,0.0000,0.0000,0.0000,0.0219,0.0001,200,0.7192
0.0275,0.0000,0.0000,0.0001,0.0273,0.0001,200,0.7146
0.0164,0.0000,0.0000,0.0000,0.0162,0.0001,200,0.7267
0.0107,0.0000,0.0000,0.0000,0.0106,0.0001,200,0.7324
0.0246,0.0000,0.0000,0.0000,0.0246,0.0000,200,0.7186
0.0510,0.0000,0.0000,0.0000,0.0509,0.0001,200,0.6929
0.0045,0.0000,0.0000,0.0000,0.0044,0.0001,200,0.7398
0.0647,0.0000,0.0000,0.0001,0.0646,0.0000,200,0.6799
0.0233,0.0000,0.0000,0.0002,0.0229,0.0001,200,0.7217
0.0348,0.0000,0.0000,0.0000,0.0348,0.0000,200,0.7106
0.0099,0.0000,0.0000,0.0000,0.0098,0.0001,200,0.7359
0.0087,0.0000,0.0000,0.0000,0.0086,0.0000,200,0.7377
0.0132,0.0000,0.0000,0.0001,0.0124,0.0001,200,0.7337
0.0186,0.0000,0.0000,0.0000,0.0185,0.0000,200,0.7286
0.0061,0.0000,0.0000,0.0000,0.0061,0.0000,200,0.7412
0.0726,0.0000,0.0000,0.0000,0.0725,0.0001,200,0.6751
0.0506,0.0000,0.0000,0.0000,0.0505,0.0000,200,0.6975
0.0064,0.0000,0.0000,0.0000,0.0063,0.0001,200,0.7421
0.0108,0.0000,0.0000,0.0000,0.0107,0.0000,200,0.7380
0.0025,0.0000,0.0000,0.0000,0.0024,0.0000,200,0.7468
0.0122,0.0000,0.0000,0.0000,0.0121,0.0000,200,0.7371
0.0625,0.0000,0.0000,0.0000,0.0623,0.0001,200,0.6871
0.0454,0.0000,0.0000,0.0000,0.0453,0.0001,200,0.7047
0.0202,0.0000,0.0000,0.0002,0.0200,0.0000,200,0.7301
0.0117,0.0000,0.0000,0.0000,0.0117,0.0000,200,0.7391
0.0066,0.0000,0.0000,0.0000,0.0065,0.0000,200,0.7446
0.0056,0.0000,0.0000,0.0000,0.0052,0.0004,200,0.7464
0.0154,0.0000,0.0000,0.0000,0.0153,0.0000,200,0.7367
0.0159,0.0000,0.0000,0.0000,0.0158,0.0000,200,0.7363
0.0181,0.0000,0.0000,0.0001,0.0180,0.0000,200,0.7340
0.0692,0.0000,0.0000,0.0000,0.0691,0.0001,200,0.6831
0.0183,0.0000,0.0000,0.0000,0.0182,0.0001,200,0.7343
0.0046,0.0000,0.0000,0.0000,0.0045,0.0001,200,0.7484
0.0051,0.0000,0.0000,0.0000,0.0051,0.0000,200,0.7481
0.0339,0.0000,0.0000,0.0000,0.0338,0.0000,200,0.7195
0.0293,0.0000,0.0000,0.0000,0.0291,0.0000,200,0.7244
0.0328,0.0000,0.0000,0.0001,0.0326,0.0000,200,0.7210
0.0038,0.0000,0.0000,0.0000,0.0037,0.0001,200,0.7504
0.0058,0.0000,0.0000,0.0000,0.0058,0.0000,200,0.7488
0.0298,0.0000,0.0000,0.0000,0.0297,0.0001,200,0.7250
0.0215,0.0000,0.0000,0.0000,0.0214,0.0001,200,0.7335
0.0061,0.0000,0.0000,0.0000,0.0060,0.0000,200,0.7493
0.0058,0.0000,0.0000,0.0000,0.0056,0.0001,200,0.7501
0.0013,0.0000,0.0000,0.0000,0.0012,0.0001,200,0.7549
0.0468,0.0000,0.0000,0.0000,0.0467,0.0000,200,0.7097
0.0056,0.0000,0.0000,0.0000,0.0055,0.0001,200,0.7512
0.0033,0.0000,0.0000,0.0000,0.0032,0.0001,200,0.7536
0.0144,0.0000,0.0000,0.0000,0.0143,0.0001,200,0.7431
0.0057,0.0000,0.0000,0.0000,0.0056,0.0001,200,0.7520
0.0010,0.0000,0.0000,0.0000,0.0010,0.0000,200,0.7570
0.0042,0.0000,0.0000,0.0000,0.0041,0.0000,200,0.7541
0.0241,0.0000,0.0000,0.0000,0.0240,0.0001,200,0.7346
0.0152,0.0000,0.0000,0.0001,0.0150,0.0000,200,0.7442
0.0099,0.0000,0.0000,0.0000,0.0099,0.0000,200,0.7496
0.0122,0.0000,0.0000,0.0000,0.0121,0.0001,200,0.7477
0.0146,0.0000,0.0000,0.0000,0.0144,0.0002,200,0.7459
0.0137,0.0000,0.0000,0.0000,0.0136,0.0000,200,0.7472
0.0086,0.0000,0.0000,0.0000,0.0085,0.0000,200,0.7530
0.0617,0.0000,0.0000,0.0000,0.0616,0.0000,200,0.7001
0.0010,0.0000,0.0000,0.0000,0.0010,0.0000,200,0.7609
0.0099,0.0000,0.0000,0.0000,0.0098,0.0001,200,0.7526
0.0666,0.0000,0.0000,0.0000,0.0665,0.0000,200,0.6962
0.0112,0.0000,0.0000,0.0000,0.0109,0.0003,200,0.7521
0.0039,0.0000,0.0000,0.0000,0.0038,0.0000,200,0.7595
0.0037,0.0000,0.0000,0.0000,0.0036,0.0000,200,0.7599
0.0014,0.0000,0.0000,0.0000,0.0013,0.0000,200,0.7625
0.0214,0.0000,0.0000,0.0000,0.0212,0.0000,200,0.7431
0.0067,0.0000,0.0000,0.0000,0.0066,0.0000,200,0.7583
0.0351,0.0000,0.0000,0.0000,0.0350,0.0000,200,0.7301
0.0036,0.0000,0.0000,0.0000,0.0034,0.0001,200,0.7620
0.0121,0.0000,0.0000,0.0000,0.0120,0.0000,200,0.7538
0.0026,0.0000,0.0000,0.0000,0.0026,0.0001,200,0.7636
0.0060,0.0000,0.0000,0.0002,0.0057,0.0001,200,0.7605
0.0376,0.0000,0.0000,0.0000,0.0375,0.0000,200,0.7293
0.0109,0.0000,0.0000,0.0000,0.0108,0.0000,200,0.7561
0.0018,0.0000,0.0000,0.0000,0.0017,0.0000,200,0.7659
0.0495,0.0000,0.0000,0.0000,0.0494,0.0000,200,0.7187
0.0135,0.0000,0.0000,0.0000,0.0134,0.0001,200,0.7551
0.0182,0.0000,0.0000,0.0000,0.0179,0.0000,200,0.7509
0.0170,0.0000,0.0000,0.0000,0.0167,0.0002,200,0.7521
0.0382,0.0000,0.0000,0.0000,0.0382,0.0000,200,0.7313
0.0651,0.0000,0.0000,0.0000,0.0650,0.0000,200,0.7044
0.0154,0.0000,0.0000,0.0000,0.0153,0.0000,200,0.7546
0.0020,0.0000,0.0000,0.0000,0.0019,0.0000,200,0.7682
0.0486,0.0000,0.0000,0.0000,0.0484,0.0002,200,0.7222
0.0053,0.0000,0.0000,0.0000,0.0051,0.0000,200,0.7655
0.0032,0.0000,0.0000,0.0000,0.0031,0.0000,200,0.7677
0.0489,0.0000,0.0000,0.0000,0.0488,0.0000,200,0.7227
0.0082,0.0000,0.0000,0.0000,0.0082,0.0000,200,0.7634
0.0052,0.0000,0.0000,0.0001,0.0048,0.0000,200,0.7670
0.0098,0.0000,0.0000,0.0000,0.0097,0.0000,200,0.7627
0.0034,0.0000,0.0000,0.0000,0.0034,0.0000,200,0.7696
0.0038,0.0000,0.0000,0.0000,0.0037,0.0001,200,0.7695
0.0052,0.0000,0.0000,0.0001,0.0047,0.0001,200,0.7686
0.0219,0.0000,0.0000,0.0000,0.0218,0.0000,200,0.7520
0.0388,0.0000,0.0000,0.0000,0.0387,0.0001,200,0.7354
0.0505,0.0000,0.0000,0.0000,0.0504,0.0000,200,0.7240
0.0099,0.0000,0.0000,0.0000,0.0098,0.0001,200,0.7652
0.0020,0.0000,0.0000,0.0000,0.0020,0.0000,200,0.7743
0.0062,0.0000,0.0000,0.0000,0.0061,0.0000,200,0.7701
0.0446,0.0000,0.0000,0.0000,0.0445,0.0001,200,0.7318
0.0315,0.0000,0.0000,0.0000,0.0314,0.0000,200,0.7449
0.0527,0.0000,0.0000,0.0001,0.0522,0.0003,200,0.7245
0.0333,0.0000,0.0000,0.0000,0.0332,0.0000,200,0.7439
0.0069,0.0000,0.0000,0.0000,0.0069,0.0000,200,0.7709
0.0394,0.0000,0.0000,0.0000,0.0393,0.0000,200,0.7387
0.0094,0.0000,0.0000,0.0000,0.0087,0.0005,200,0.7691
0.0046,0.0000,0.0000,0.0000,0.0046,0.0000,200,0.7739
0.0028,0.0000,0.0000,0.0000,0.0027,0.0001,200,0.7763
0.0206,0.0000,0.0000,0.0001,0.0204,0.0001,200,0.7587
0.0264,0.0000,0.0000,0.0000,0.0263,0.0000,200,0.7534
0.0232,0.0000,0.0000,0.0000,0.0231,0.0001,200,0.7568
0.0169,0.0000,0.0000,0.0000,0.0168,0.0001,200,0.7634
0.0144,0.0000,0.0000,0.0000,0.0143,0.0000,200,0.7663
0.0041,0.0000,0.0000,0.0000,0.0040,0.0000,200,0.7772
0.0358,0.0000,0.0000,0.0000,0.0358,0.0000,200,0.7455
0.0034,0.0000,0.0000,0.0001,0.0032,0.0001,200,0.7785
0.0115,0.0000,0.0000,0.0000,0.0114,0.0001,200,0.7708
0.0064,0.0000,0.0000,0.0000,0.0063,0.0000,200,0.7764
0.0277,0.0000,0.0000,0.0000,0.0276,0.0001,200,0.7554
0.0030,0.0000,0.0000,0.0000,0.0029,0.0000,200,0.7803
0.0115,0.0000,0.0000,0.0000,0.0114,0.0000,200,0.7722
0.0125,0.0000,0.0000,0.0000,0.0124,0.0000,200,0.7716
0.0063,0.0000,0.0000,0.0000,0.0062,0.0000,200,0.7778
0.0251,0.0000,0.0000,0.0000,0.0250,0.0000,200,0.7594
0.0124,0.0000,0.0000,0.0000,0.0123,0.0000,200,0.7725
0.0086,0.0000,0.0000,0.0000,0.0085,0.0000,200,0.7764
0.0012,0.0000,0.0000,0.0000,0.0012,0.0000,200,0.7841
0.0064,0.0000,0.0000,0.0000,0.0063,0.0001,200,0.7793
0.0059,0.0000,0.0000,0.0000,0.0058,0.0000,200,0.7801
0.0083,0.0000,0.0000,0.0000,0.0082,0.0000,200,0.7782
0.0080,0.0000,0.0000,0.0000,0.0079,0.0000,200,0.7786
0.0140,0.0000,0.0000,0.0000,0.0139,0.0001,200,0.7730
0.0054,0.0000,0.0000,0.0000,0.0053,0.0001,200,0.7819
0.0076,0.0000,0.0000,0.0000,0.0074,0.0001,200,0.7807
0.0052,0.0000,0.0000,0.0000,0.0051,0.0000,200,0.7831
0.0234,0.0000,0.0000,0.0000,0.0233,0.0001,200,0.7652
0.0018,0.0000,0.0000,0.0000,0.0017,0.0001,200,0.7870
0.0028,0.0000,0.0000,0.0000,0.0028,0.0000,200,0.7865
0.0148,0.0000,0.0000,0.0001,0.0146,0.0000,200,0.7751
0.0167,0.0000,0.0000,0.0000,0.0162,0.0000,200,0.7738
0.0347,0.0000,0.0000,0.0001,0.0344,0.0002,200,0.7559
0.0070,0.0000,0.0000,0.0000,0.0069,0.0001,200,0.7841
0.0079,0.0000,0.0000,0.0000,0.0078,0.0000,200,0.7836
0.0203,0.0000,0.0000,0.0000,0.0203,0.0001,200,0.7716
0.0344,0.0000,0.0000,0.0001,0.0342,0.0001,200,0.7580
0.0238,0.0000,0.0000,0.0000,0.0235,0.0001,200,0.7691
0.0231,0.0000,0.0000,0.0000,0.0231,0.0000,200,0.7700
0.0029,0.0000,0.0000,0.0000,0.0028,0.0000,200,0.7906
0.0092,0.0000,0.0000,0.0000,0.0092,0.0000,200,0.7845
0.0146,0.0000,0.0000,0.0000,0.0145,0.0000,200,0.7791
0.0144,0.0000,0.0000,0.0000,0.0142,0.0000,200,0.7798
0.0329,0.0000,0.0000,0.0000,0.0328,0.0001,200,0.7616
0.0100,0.0000,0.0000,0.0000,0.0099,0.0001,200,0.7850
0.0776,0.0000,0.0000,0.0000,0.0775,0.0000,200,0.7176
0.0032,0.0000,0.0000,0.0000,0.0031,0.0000,200,0.7924
0.0313,0.0000,0.0000,0.0000,0.0312,0.0001,200,0.7645
0.0187,0.0000,0.0000,0.0000,0.0186,0.0000,200,0.7772
0.0104,0.0000,0.0000,0.0000,0.0104,0.0001,200,0.7858
0.0072,0.0000,0.0000,0.0000,0.0071,0.0000,200,0.7893
0.0091,0.0000,0.0000,0.0000,0.0090,0.0000,200,0.7882
0.0014,0.0000,0.0000,0.0000,0.0013,0.0000,200,0.7959
0.0044,0.0000,0.0000,0.0000,0.0043,0.0001,200,0.7929
0.0041,0.0000,0.0000,0.0000,0.0041,0.0000,200,0.7937
0.0550,0.0000,0.0000,0.0000,0.0550,0.0000,200,0.7432
0.0048,0.0000,0.0000,0.0000,0.0047,0.0001,200,0.7935
0.0103,0.0000,0.0000,0.0000,0.0102,0.0001,200,0.7886
0.0428,0.0000,0.0000,0.0000,0.0427,0.0001,200,0.7565
0.0471,0.0000,0.0000,0.0001,0.0470,0.0000,200,0.7524
0.0047,0.0000,0.0000,0.0000,0.0046,0.0000,200,0.7955
0.0337,0.0000,0.0000,0.0000,0.0336,0.0000,200,0.7669
0.0247,0.0000,0.0000,0.0000,0.0247,0.0001,200,0.7763
0.0186,0.0000,0.0000,0.0000,0.0185,0.0000,200,0.7828
0.0080,0.0000,0.0000,0.0000,0.0079,0.0000,200,0.7937
0.0309,0.0000,0.0000,0.0000,0.0308,0.0001,200,0.7709
0.0124,0.0000,0.0000,0.0002,0.0122,0.0001,200,0.7899
0.0176,0.0000,0.0000,0.0000,0.0175,0.0001,200,0.7849
0.0069,0.0000,0.0000,0.0000,0.0068,0.0000,200,0.7962
0.0086,0.0000,0.0000,0.0000,0.0083,0.0002,200,0.7949
0.0034,0.0000,0.0000,0.0000,0.0033,0.0001,200,0.8006
0.0101,0.0000,0.0000,0.0001,0.0099,0.0000,200,0.7945
0.0186,0.0000,0.0000,0.0000,0.0180,0.0006,200,0.7860
0.0432,0.0000,0.0000,0.0000,0.0431,0.0000,200,0.7618
0.0031,0.0000,0.0000,0.0000,0.0030,0.0001,200,0.8023
0.0074,0.0000,0.0000,0.0000,0.0074,0.0000,200,0.7982
0.0105,0.0000,0.0000,0.0000,0.0103,0.0001,200,0.7957
0.0590,0.0000,0.0000,0.0003,0.0587,0.0000,200,0.7473
0.0136,0.0000,0.0000,0.0000,0.0135,0.0000,200,0.7931
0.0109,0.0000,0.0000,0.0000,0.0106,0.0002,200,0.7965
0.0102,0.0000,0.0000,0.0000,0.0101,0.0000,200,0.7973
0.0252,0.0000,0.0000,0.0001,0.0250,0.0000,200,0.7824
0.0097,0.0000,0.0000,0.0000,0.0096,0.0001,200,0.7983
0.0221,0.0000,0.0000,0.0000,0.0220,0.0000,200,0.7865
0.0177,0.0000,0.0000,0.0000,0.0175,0.0001,200,0.7911
0.0431,0.0000,0.0000,0.0000,0.0428,0.0003,200,0.7665
0.0082,0.0000,0.0000,0.0000,0.0081,0.0000,200,0.8018
0.0014,0.0000,0.0000,0.0000,0.0013,0.0000,200,0.8086
0.0568,0.0000,0.0000,0.0000,0.0568,0.0000,200,0.7532
0.0062,0.0000,0.0000,0.0000,0.0060,0.0000,200,0.8040
0.0043,0.0000,0.0000,0.0000,0.0042,0.0001,200,0.8062
0.0077,0.0000,0.0000,0.0000,0.0075,0.0002,200,0.8035
0.0053,0.0000,0.0000,0.0000,0.0052,0.0000,200,0.8064
0.0310,0.0000,0.0000,0.0001,0.0308,0.0000,200,0.7813
0.0023,0.0000,0.0000,0.0000,0.0022,0.0001,200,0.8100
0.0033,0.0000,0.0000,0.0000,0.0031,0.0000,200,0.8096
0.0109,0.0000,0.0000,0.0000,0.0108,0.0000,200,0.8025
0.0405,0.0000,0.0000,0.0000,0.0404,0.0000,200,0.7733
0.0262,0.0000,0.0000,0.0000,0.0261,0.0000,200,0.7883
0.0275,0.0000,0.0000,0.0000,0.0273,0.0000,200,0.7873
0.0028,0.0000,0.0000,0.0001,0.0027,0.0000,200,0.8123
0.0103,0.0000,0.0000,0.0000,0.0103,0.0000,200,0.8054
0.0586,0.0000,0.0000,0.0000,0.0585,0.0001,200,0.7575
0.0935,0.0000,0.0000,0.0000,0.0934,0.0000,200,0.7231
0.0203,0.0000,0.0000,0.0000,0.0201,0.0001,200,0.7973
0.0293,0.0000,0.0000,0.0001,0.0282,0.0010,200,0.7888
0.0284,0.0000,0.0000,0.0000,0.0275,0.0009,200,0.7904
0.0177,0.0000,0.0000,0.0000,0.0175,0.0001,200,0.8014
0.0115,0.0000,0.0000,0.0000,0.0108,0.0006,200,0.8080
0.0584,0.0000,0.0000,0.0000,0.0558,0.0025,200,0.7639
0.0114,0.0000,0.0000,0.0000,0.0109,0.0005,200,0.8112
0.0308,0.0000,0.0000,0.0000,0.0303,0.0005,200,0.7919
0.0089,0.0000,0.0000,0.0000,0.0084,0.0005,200,0.8138
0.0037,0.0000,0.0000,0.0000,0.0031,0.0005,200,0.8191
0.0099,0.0000,0.0000,0.0000,0.0094,0.0005,200,0.8128
0.0375,0.0000,0.0000,0.0000,0.0368,0.0006,200,0.7854
0.0063,0.0000,0.0000,0.0000,0.0032,0.0030,200,0.8165
0.0226,0.0000,0.0000,0.0000,0.0220,0.0006,200,0.8002
0.0172,0.0000,0.0000,0.0000,0.0165,0.0008,200,0.8057
0.0088,0.0000,0.0000,0.0000,0.0079,0.0008,200,0.8151
0.0324,0.0000,0.0000,0.0000,0.0323,0.0000,200,0.7916
0.0214,0.0000,0.0000,0.0000,0.0213,0.0001,200,0.8031
0.0203,0.0000,0.0000,0.0000,0.0202,0.0000,200,0.8050
0.0066,0.0000,0.0000,0.0000,0.0062,0.0004,200,0.8188
0.0153,0.0000,0.0000,0.0000,0.0152,0.0000,200,0.8105
0.0115,0.0000,0.0000,0.0000,0.0113,0.0000,200,0.8145
0.0010,0.0000,0.0000,0.0000,0.0009,0.0000,200,0.8255
0.0135,0.0000,0.0000,0.0000,0.0134,0.0000,200,0.8133
0.0116,0.0000,0.0000,0.0000,0.0115,0.0001,200,0.8158
0.0048,0.0000,0.0000,0.0000,0.0047,0.0000,200,0.8228
0.0158,0.0000,0.0000,0.0000,0.0157,0.0001,200,0.8123
0.0292,0.0000,0.0000,0.0000,0.0292,0.0000,200,0.7995
0.0305,0.0000,0.0000,0.0000,0.0302,0.0002,200,0.7989
0.0254,0.0000,0.0000,0.0000,0.0252,0.0000,200,0.8046
0.0227,0.0000,0.0000,0.0000,0.0226,0.0001,200,0.8074
0.0184,0.0000,0.0000,0.0000,0.0182,0.0001,200,0.8117
0.0255,0.0000,0.0000,0.0000,0.0254,0.0000,200,0.8046
0.0060,0.0000,0.0000,0.0000,0.0059,0.0000,200,0.8245
0.0301,0.0000,0.0000,0.0000,0.0300,0.0001,200,0.8011
0.0091,0.0000,0.0000,0.0000,0.0090,0.0000,200,0.8228
0.0222,0.0000,0.0000,0.0000,0.0220,0.0001,200,0.8101
0.0068,0.0000,0.0000,0.0000,0.0067,0.0001,200,0.8260
0.0093,0.0000,0.0000,0.0000,0.0092,0.0001,200,0.8239
0.0056,0.0000,0.0000,0.0000,0.0055,0.0000,200,0.8281
0.0239,0.0000,0.0000,0.0000,0.0238,0.0000,200,0.8102
0.0017,0.0000,0.0000,0.0000,0.0016,0.0000,200,0.8328
0.0538,0.0000,0.0000,0.0000,0.0537,0.0001,200,0.7812
0.0079,0.0000,0.0000,0.0000,0.0077,0.0001,200,0.8276
0.0058,0.0000,0.0000,0.0000,0.0058,0.0000,200,0.8301
0.0051,0.0000,0.0000,0.0000,0.0050,0.0000,200,0.8312
0.0037,0.0000,0.0000,0.0000,0.0035,0.0002,200,0.8332
0.0539,0.0000,0.0000,0.0000,0.0538,0.0000,200,0.7833
0.0073,0.0000,0.0000,0.0000,0.0071,0.0001,200,0.8305
0.0804,0.0000,0.0000,0.0001,0.0803,0.0000,200,0.7577
0.0038,0.0000,0.0000,0.0000,0.0037,0.0000,200,0.8345
0.0042,0.0000,0.0000,0.0000,0.0041,0.0000,200,0.8341
0.0311,0.0000,0.0000,0.0000,0.0310,0.0000,200,0.8076
0.0031,0.0000,0.0000,0.0000,0.0031,0.0001,200,0.8359
0.0142,0.0000,0.0000,0.0000,0.0139,0.0003,200,0.8260
0.0173,0.0000,0.0000,0.0002,0.0170,0.0000,200,0.8229
0.0302,0.0000,0.0000,0.0001,0.0300,0.0001,200,0.8100
0.0043,0.0000,0.0000,0.0000,0.0043,0.0000,200,0.8363
0.0143,0.0000,0.0000,0.0000,0.0142,0.0000,200,0.8265
0.0013,0.0000,0.0000,0.0000,0.0013,0.0000,200,0.8402
0.0038,0.0000,0.0000,0.0000,0.0037,0.0001,200,0.8378
0.0035,0.0000,0.0000,0.0000,0.0034,0.0001,200,0.8381
0.0195,0.0000,0.0000,0.0000,0.0194,0.0000,200,0.8227
0.0197,0.0000,0.0000,0.0000,0.0197,0.0000,200,0.8229
0.0354,0.0000,0.0000,0.0000,0.0353,0.0000,200,0.8075
0.0030,0.0000,0.0000,0.0000,0.0028,0.0002,200,0.8402
0.0050,0.0000,0.0000,0.0000,0.0049,0.0000,200,0.8402
0.0510,0.0000,0.0000,0.0000,0.0510,0.0000,200,0.7942
0.0152,0.0000,0.0000,0.0000,0.0150,0.0001,200,0.8301
0.0460,0.0000,0.0000,0.0001,0.0458,0.0000,200,0.7993
0.0083,0.0000,0.0000,0.0000,0.0082,0.0000,200,0.8370
0.0185,0.0000,0.0000,0.0000,0.0184,0.0000,200,0.8268
0.0077,0.0000,0.0000,0.0000,0.0076,0.0000,200,0.8383
0.0189,0.0000,0.0000,0.0000,0.0188,0.0001,200,0.8274
0.0040,0.0000,0.0000,0.0000,0.0037,0.0000,200,0.8426
0.0055,0.0000,0.0000,0.0000,0.0054,0.0000,200,0.8415
0.0103,0.0000,0.0000,0.0000,0.0102,0.0001,200,0.8371
0.0048,0.0000,0.0000,0.0000,0.0047,0.0001,200,0.8429
0.0183,0.0000,0.0000,0.0000,0.0181,0.0001,200,0.8300
0.0259,0.0000,0.0000,0.0000,0.0256,0.0003,200,0.8227
0.0039,0.0000,0.0000,0.0000,0.0037,0.0002,200,0.8452
0.0041,0.0000,0.0000,0.0000,0.0041,0.0000,200,0.8453
0.0157,0.0000,0.0000,0.0000,0.0157,0.0000,200,0.8338
0.0547,0.0000,0.0000,0.0000,0.0547,0.0000,200,0.7952
0.0489,0.0000,0.0000,0.0000,0.0486,0.0002,200,0.8017
0.0115,0.0000,0.0000,0.0000,0.0114,0.0000,200,0.8390
0.0104,0.0000,0.0000,0.0000,0.0102,0.0002,200,0.8407
0.0048,0.0000,0.0000,0.0000,0.0047,0.0000,200,0.8466
0.0013,0.0000,0.0000,0.0000,0.0012,0.0000,200,0.8506
0.0025,0.0000,0.0000,0.0000,0.0024,0.0000,200,0.8495
0.0074,0.0000,0.0000,0.0000,0.0072,0.0001,200,0.8452
0.0347,0.0000,0.0000,0.0007,0.0339,0.0000,200,0.8181
0.0035,0.0000,0.0000,0.0000,0.0034,0.0001,200,0.8499
0.0044,0.0000,0.0000,0.0000,0.0043,0.0000,200,0.8494
0.0069,0.0000,0.0000,0.0000,0.0068,0.0000,200,0.8470
0.0801,0.0000,0.0000,0.0000,0.0800,0.0000,200,0.7745
0.0096,0.0000,0.0000,0.0000,0.0094,0.0001,200,0.8452
0.0099,0.0000,0.0000,0.0003,0.0095,0.0000,200,0.8453
0.0029,0.0000,0.0000,0.0000,0.0028,0.0001,200,0.8527
0.0155,0.0000,0.0000,0.0000,0.0153,0.0001,200,0.8407
0.0215,0.0000,0.0000,0.0000,0.0211,0.0002,200,0.8350
0.0244,0.0000,0.0000,0.0000,0.0244,0.0000,200,0.8323
0.0141,0.0000,0.0000,0.0000,0.0139,0.0000,200,0.8431
0.0348,0.0000,0.0000,0.0000,0.0347,0.0001,200,0.8226
0.0065,0.0000,0.0000,0.0000,0.0063,0.0002,200,0.8514
0.0159,0.0000,0.0000,0.0000,0.0158,0.0000,200,0.8422
0.0049,0.0000,0.0000,0.0000,0.0048,0.0000,200,0.8538
0.0017,0.0000,0.0000,0.0000,0.0016,0.0001,200,0.8574
0.0372,0.0000,0.0000,0.0005,0.0366,0.0000,200,0.8223
0.0123,0.0000,0.0000,0.0000,0.0122,0.0000,200,0.8474
0.0370,0.0000,0.0000,0.0000,0.0369,0.0000,200,0.8228
0.0632,0.0000,0.0000,0.0000,0.0628,0.0004,200,0.7973
0.0034,0.0000,0.0000,0.0000,0.0032,0.0000,200,0.8579
0.0087,0.0000,0.0000,0.0000,0.0087,0.0000,200,0.8534
0.0141,0.0000,0.0000,0.0000,0.0139,0.0001,200,0.8484
0.0244,0.0000,0.0000,0.0000,0.0243,0.0001,200,0.8386
0.0129,0.0000,0.0000,0.0000,0.0127,0.0001,200,0.8506
0.0224,0.0000,0.0000,0.0000,0.0221,0.0000,200,0.8416
0.0073,0.0000,0.0000,0.0000,0.0071,0.0000,200,0.8567
0.1148,0.0000,0.0000,0.0000,0.1148,0.0000,200,0.7493
0.0266,0.0000,0.0000,0.0000,0.0266,0.0000,200,0.8383
0.0021,0.0000,0.0000,0.0000,0.0020,0.0000,200,0.8634
0.0501,0.0000,0.0000,0.0000,0.0499,0.0002,200,0.8161
0.0106,0.0000,0.0000,0.0000,0.0105,0.0000,200,0.8561
0.0112,0.0000,0.0000,0.0000,0.0110,0.0002,200,0.8581
0.0103,0.0000,0.0000,0.0000,0.0102,0.0000,200,0.8595
0.0356,0.0000,0.0000,0.0000,0.0356,0.0000,200,0.8355
0.0235,0.0000,0.0000,0.0000,0.0226,0.0008,200,0.8477
0.0060,0.0000,0.0000,0.0000,0.0059,0.0000,200,0.8655
0.0022,0.0000,0.0000,0.0000,0.0021,0.0001,200,0.8693
0.0113,0.0000,0.0000,0.0000,0.0112,0.0001,200,0.8605
0.0496,0.0000,0.0000,0.0000,0.0495,0.0000,200,0.8227
0.0196,0.0000,0.0000,0.0000,0.0192,0.0003,200,0.8527
0.0531,0.0000,0.0000,0.0000,0.0530,0.0000,200,0.8195
0.0157,0.0000,0.0000,0.0000,0.0156,0.0000,200,0.8572
0.0446,0.0000,0.0000,0.0000,0.0445,0.0000,200,0.8287
0.0106,0.0000,0.0000,0.0000,0.0104,0.0002,200,0.8630
0.0141,0.0000,0.0000,0.0000,0.0140,0.0000,200,0.8598
0.0290,0.0000,0.0000,0.0000,0.0290,0.0000,200,0.8453
0.0036,0.0000,0.0000,0.0000,0.0035,0.0000,200,0.8711
0.0770,0.0000,0.0000,0.0000,0.0770,0.0000,200,0.7978
0.0608,0.0000,0.0000,0.0000,0.0606,0.0001,200,0.8148
0.0135,0.0000,0.0000,0.0000,0.0134,0.0000,200,0.8622
0.0275,0.0000,0.0000,0.0000,0.0274,0.0001,200,0.8486
0.0298,0.0000,0.0000,0.0000,0.0297,0.0001,200,0.8463
0.0471,0.0000,0.0000,0.0000,0.0471,0.0000,200,0.8294
0.0128,0.0000,0.0000,0.0001,0.0127,0.0000,200,0.8640
0.0361,0.0000,0.0000,0.0000,0.0360,0.0000,200,0.8416
0.0691,0.0000,0.0000,0.0000,0.0687,0.0003,200,0.8088
0.0139,0.0000,0.0000,0.0000,0.0138,0.0000,200,0.8641
0.0016,0.0000,0.0000,0.0000,0.0015,0.0001,200,0.8768
0.0010,0.0000,0.0000,0.0000,0.0009,0.0000,200,0.8776
0.0272,0.0000,0.0000,0.0000,0.0271,0.0000,200,0.8520
0.0052,0.0000,0.0000,0.0000,0.0051,0.0000,200,0.8743
0.0087,0.0000,0.0000,0.0000,0.0086,0.0001,200,0.8715
0.0057,0.0000,0.0000,0.0000,0.0056,0.0000,200,0.8747
0.0490,0.0000,0.0000,0.0000,0.0490,0.0000,200,0.8318
0.0057,0.0000,0.0000,0.0000,0.0056,0.0000,200,0.8756
0.0154,0.0000,0.0000,0.0000,0.0153,0.0001,200,0.8662
0.0311,0.0000,0.0000,0.0000,0.0310,0.0000,200,0.8511
0.0335,0.0000,0.0000,0.0000,0.0334,0.0000,200,0.8491
0.0013,0.0000,0.0000,0.0000,0.0012,0.0000,200,0.8813
0.0266,0.0000,0.0000,0.0000,0.0266,0.0000,200,0.8565
0.0184,0.0000,0.0000,0.0000,0.0184,0.0000,200,0.8649
0.0096,0.0000,0.0000,0.0000,0.0095,0.0001,200,0.8739
0.0025,0.0000,0.0000,0.0000,0.0025,0.0000,200,0.8816
0.0058,0.0000,0.0000,0.0000,0.0057,0.0001,200,0.8786
0.0045,0.0000,0.0000,0.0000,0.0045,0.0000,200,0.8802
0.0135,0.0000,0.0000,0.0000,0.0133,0.0001,200,0.8718
0.0036,0.0000,0.0000,0.0000,0.0035,0.0001,200,0.8822
0.0319,0.0000,0.0000,0.0000,0.0319,0.0000,200,0.8539
0.0311,0.0000,0.0000,0.0000,0.0310,0.0000,200,0.8552
0.0151,0.0000,0.0000,0.0000,0.0151,0.0000,200,0.8715
0.0079,0.0000,0.0000,0.0000,0.0078,0.0000,200,0.8792
0.0119,0.0000,0.0000,0.0000,0.0118,0.0000,200,0.8756
0.0036,0.0000,0.0000,0.0000,0.0034,0.0002,200,0.8842
0.0156,0.0000,0.0000,0.0000,0.0155,0.0001,200,0.8727
0.0710,0.0000,0.0000,0.0001,0.0706,0.0000,200,0.8176
0.0086,0.0000,0.0000,0.0000,0.0085,0.0000,200,0.8804
0.0037,0.0000,0.0000,0.0000,0.0036,0.0000,200,0.8858
0.0832,0.0000,0.0000,0.0000,0.0831,0.0001,200,0.8067
0.0057,0.0000,0.0000,0.0000,0.0056,0.0001,200,0.8847
0.0010,0.0000,0.0000,0.0000,0.0010,0.0000,200,0.8895
0.0074,0.0000,0.0000,0.0000,0.0073,0.0000,200,0.8835
0.0122,0.0000,0.0000,0.0000,0.0121,0.0000,200,0.8795
0.0206,0.0000,0.0000,0.0000,0.0206,0.0000,200,0.8711
0.0142,0.0000,0.0000,0.0000,0.0141,0.0000,200,0.8780
0.0190,0.0000,0.0000,0.0000,0.0189,0.0000,200,0.8735
0.0100,0.0000,0.0000,0.0000,0.0099,0.0000,200,0.8831
0.0150,0.0000,0.0000,0.0000,0.0149,0.0001,200,0.8785
0.0210,0.0000,0.0000,0.0000,0.0208,0.0002,200,0.8729
0.0163,0.0000,0.0000,0.0000,0.0162,0.0000,200,0.8779
0.0335,0.0000,0.0000,0.0000,0.0334,0.0001,200,0.8613
0.0093,0.0000,0.0000,0.0000,0.0093,0.0000,200,0.8858
0.0022,0.0000,0.0000,0.0002,0.0017,0.0000,200,0.8935
0.0039,0.0000,0.0000,0.0000,0.0039,0.0000,200,0.8918
0.0378,0.0000,0.0000,0.0000,0.0377,0.0000,200,0.8587
0.0035,0.0000,0.0000,0.0000,0.0034,0.0000,200,0.8931
0.0225,0.0000,0.0000,0.0000,0.0223,0.0001,200,0.8748
0.0019,0.0000,0.0000,0.0001,0.0017,0.0000,200,0.8957
0.0116,0.0000,0.0000,0.0000,0.0114,0.0002,200,0.8866
0.0464,0.0000,0.0000,0.0000,0.0462,0.0000,200,0.8518
0.0731,0.0000,0.0000,0.0000,0.0731,0.0000,200,0.8253
0.0082,0.0000,0.0000,0.0000,0.0081,0.0000,200,0.8909
0.0105,0.0000,0.0000,0.0000,0.0102,0.0003,200,0.8886
0.0377,0.0000,0.0000,0.0000,0.0373,0.0003,200,0.8624
0.0362,0.0000,0.0000,0.0000,0.0361,0.0000,200,0.8640
0.0066,0.0000,0.0000,0.0000,0.0064,0.0001,200,0.8942
0.0159,0.0000,0.0000,0.0000,0.0158,0.0001,200,0.8853
0.0127,0.0000,0.0000,0.0000,0.0126,0.0000,200,0.8890
0.0299,0.0000,0.0000,0.0000,0.0299,0.0000,200,0.8723
0.0476,0.0000,0.0000,0.0000,0.0476,0.0000,200,0.8547
0.0270,0.0000,0.0000,0.0000,0.0269,0.0001,200,0.8761
0.0730,0.0000,0.0000,0.0000,0.0729,0.0000,200,0.8301
0.0441,0.0000,0.0000,0.0000,0.0440,0.0000,200,0.8591
0.0019,0.0000,0.0000,0.0000,0.0018,0.0000,200,0.9017
0.0197,0.0000,0.0000,0.0000,0.0196,0.0000,200,0.8844
0.0161,0.0000,0.0000,0.0000,0.0160,0.0000,200,0.8883
0.0352,0.0000,0.0000,0.0000,0.0351,0.0001,200,0.8697
0.0073,0.0000,0.0000,0.0000,0.0071,0.0001,200,0.8982
0.0026,0.0000,0.0000,0.0001,0.0024,0.0001,200,0.9032
0.0331,0.0000,0.0000,0.0000,0.0330,0.0000,200,0.8733
0.0091,0.0000,0.0000,0.0000,0.0086,0.0005,200,0.8984
0.0067,0.0000,0.0000,0.0000,0.0066,0.0000,200,0.9009
0.0032,0.0000,0.0000,0.0000,0.0031,0.0000,200,0.9043
0.0020,0.0000,0.0000,0.0000,0.0019,0.0000,200,0.9058
0.0258,0.0000,0.0000,0.0000,0.0257,0.0000,200,0.8826
0.0212,0.0000,0.0000,0.0000,0.0211,0.0001,200,0.8874
0.0494,0.0000,0.0000,0.0000,0.0493,0.0001,200,0.8598
0.0011,0.0000,0.0000,0.0000,0.0009,0.0001,200,0.9084
0.0118,0.0000,0.0000,0.0000,0.0117,0.0000,200,0.8982
0.0024,0.0000,0.0000,0.0000,0.0023,0.0000,200,0.9078
0.0274,0.0000,0.0000,0.0000,0.0273,0.0000,200,0.8833
0.0206,0.0000,0.0000,0.0000,0.0204,0.0001,200,0.8905
0.0654,0.0000,0.0000,0.0000,0.0654,0.0000,200,0.8459
0.0094,0.0000,0.0000,0.0000,0.0094,0.0000,200,0.9023
0.0021,0.0000,0.0000,0.0000,0.0020,0.0001,200,0.9100
0.0318,0.0000,0.0000,0.0000,0.0317,0.0001,200,0.8809
0.0101,0.0000,0.0000,0.0000,0.0100,0.0000,200,0.9031
0.0468,0.0000,0.0000,0.0000,0.0467,0.0001,200,0.8667
0.0125,0.0000,0.0000,0.0000,0.0124,0.0000,200,0.9012
0.0138,0.0000,0.0000,0.0001,0.0137,0.0000,200,0.9001
0.0193,0.0000,0.0000,0.0000,0.0193,0.0000,200,0.8951
0.0062,0.0000,0.0000,0.0000,0.0061,0.0000,200,0.9086
0.0087,0.0000,0.0000,0.0000,0.0086,0.0000,200,0.9064
0.0064,0.0000,0.0000,0.0000,0.0062,0.0001,200,0.9094
0.0197,0.0000,0.0000,0.0000,0.0197,0.0001,200,0.8965
0.0225,0.0000,0.0000,0.0000,0.0224,0.0001,200,0.8940
0.0114,0.0000,0.0000,0.0000,0.0113,0.0001,200,0.9055
0.0250,0.0000,0.0000,0.0000,0.0249,0.0000,200,0.8922
0.0029,0.0000,0.0000,0.0000,0.0026,0.0002,200,0.9148
0.0262,0.0000,0.0000,0.0000,0.0259,0.0003,200,0.8925
0.0070,0.0000,0.0000,0.0000,0.0069,0.0000,200,0.9118
0.0157,0.0000,0.0000,0.0000,0.0156,0.0000,200,0.9031
0.0099,0.0000,0.0000,0.0000,0.0096,0.0002,200,0.9092
0.0053,0.0000,0.0000,0.0000,0.0052,0.0000,200,0.9145
0.0064,0.0000,0.0000,0.0000,0.0061,0.0002,200,0.9135
0.0073,0.0000,0.0000,0.0000,0.0072,0.0001,200,0.9127
0.0020,0.0000,0.0000,0.0000,0.0020,0.0000,200,0.9188
0.0488,0.0000,0.0000,0.0000,0.0487,0.0001,200,0.8723
0.0027,0.0000,0.0000,0.0000,0.0026,0.0000,200,0.9187
0.0313,0.0000,0.0000,0.0000,0.0312,0.0001,200,0.8906
0.0030,0.0000,0.0000,0.0000,0.0029,0.0001,200,0.9191
0.0086,0.0000,0.0000,0.0000,0.0085,0.0000,200,0.9140
0.0020,0.0000,0.0000,0.0000,0.0018,0.0002,200,0.9211
0.0334,0.0000,0.0000,0.0000,0.0333,0.0000,200,0.8899
0.0075,0.0000,0.0000,0.0000,0.0074,0.0000,200,0.9162
0.0074,0.0000,0.0000,0.0000,0.0072,0.0001,200,0.9169
0.0047,0.0000,0.0000,0.0000,0.0047,0.0000,200,0.9201
0.0050,0.0000,0.0000,0.0000,0.0049,0.0000,200,0.9198
0.0277,0.0000,0.0000,0.0000,0.0276,0.0000,200,0.8976
0.0119,0.0000,0.0000,0.0000,0.0118,0.0000,200,0.9138
0.0150,0.0000,0.0000,0.0000,0.0149,0.0000,200,0.9107
0.0092,0.0000,0.0000,0.0000,0.0091,0.0000,200,0.9171
0.0073,0.0000,0.0000,0.0000,0.0071,0.0002,200,0.9221
0.0037,0.0000,0.0000,0.0000,0.0036,0.0000,200,0.9257
0.0424,0.0000,0.0000,0.0000,0.0424,0.0000,200,0.8871
0.0169,0.0000,0.0000,0.0000,0.0165,0.0003,200,0.9132
0.0076,0.0000,0.0000,0.0000,0.0071,0.0004,200,0.9231
0.0352,0.0000,0.0000,0.0000,0.0347,0.0005,200,0.8956
0.0550,0.0000,0.0000,0.0000,0.0544,0.0005,200,0.8765
0.0072,0.0000,0.0000,0.0000,0.0069,0.0003,200,0.9253
0.0175,0.0000,0.0000,0.0000,0.0173,0.0001,200,0.9151
0.0149,0.0000,0.0000,0.0000,0.0144,0.0005,200,0.9177
0.0565,0.0000,0.0000,0.0000,0.0560,0.0004,200,0.8761
0.0225,0.0000,0.0000,0.0000,0.0219,0.0005,200,0.9102
0.0334,0.0000,0.0000,0.0000,0.0328,0.0006,200,0.8993
0.1088,0.0000,0.0000,0.0000,0.1082,0.0005,200,0.8239
0.0080,0.0000,0.0000,0.0000,0.0073,0.0006,200,0.9248
0.0065,0.0000,0.0000,0.0000,0.0059,0.0006,200,0.9263
0.0110,0.0000,0.0000,0.0000,0.0103,0.0007,200,0.9218
0.0782,0.0000,0.0000,0.0000,0.0775,0.0007,200,0.8547
0.0121,0.0000,0.0000,0.0000,0.0113,0.0007,200,0.9208
0.0254,0.0000,0.0000,0.0001,0.0247,0.0006,200,0.9075
0.0097,0.0000,0.0000,0.0000,0.0088,0.0009,200,0.9233
0.0117,0.0000,0.0000,0.0000,0.0108,0.0009,200,0.9214
0.0087,0.0000,0.0000,0.0000,0.0063,0.0023,200,0.9248
0.0294,0.0000,0.0000,0.0000,0.0292,0.0001,200,0.9049
0.0017,0.0000,0.0000,0.0000,0.0016,0.0000,200,0.9331
0.0526,0.0000,0.0000,0.0000,0.0525,0.0001,200,0.8826
0.0798,0.0000,0.0000,0.0000,0.0797,0.0001,200,0.8556
0.0191,0.0000,0.0000,0.0000,0.0190,0.0000,200,0.9165
0.0031,0.0000,0.0000,0.0000,0.0030,0.0000,200,0.9326
0.0444,0.0000,0.0000,0.0000,0.0443,0.0000,200,0.8918
0.0068,0.0000,0.0000,0.0000,0.0067,0.0000,200,0.9295
0.0110,0.0000,0.0000,0.0000,0.0109,0.0001,200,0.9257
0.0063,0.0000,0.0000,0.0002,0.0060,0.0000,200,0.9307
0.0046,0.0000,0.0000,0.0000,0.0045,0.0001,200,0.9329
0.0338,0.0000,0.0000,0.0000,0.0337,0.0001,200,0.9042
0.0028,0.0000,0.0000,0.0000,0.0027,0.0001,200,0.9354
0.0018,0.0000,0.0000,0.0000,0.0017,0.0000,200,0.9369
0.0015,0.0000,0.0000,0.0000,0.0013,0.0000,200,0.9380
0.0207,0.0000,0.0000,0.0000,0.0205,0.0002,200,0.9188
0.0278,0.0000,0.0000,0.0000,0.0277,0.0000,200,0.9121
0.0035,0.0000,0.0000,0.0000,0.0034,0.0001,200,0.9368
0.0079,0.0000,0.0000,0.0000,0.0078,0.0000,200,0.9328
0.0012,0.0000,0.0000,0.0000,0.0012,0.0000,200,0.9395
0.0421,0.0000,0.0000,0.0000,0.0421,0.0000,200,0.8991
0.0086,0.0000,0.0000,0.0000,0.0085,0.0001,200,0.9330
0.0095,0.0000,0.0000,0.0000,0.0094,0.0001,200,0.9326
0.0072,0.0000,0.0000,0.0001,0.0071,0.0000,200,0.9351
0.0099,0.0000,0.0000,0.0000,0.0098,0.0001,200,0.9328
0.0139,0.0000,0.0000,0.0001,0.0132,0.0001,200,0.9294
0.0082,0.0000,0.0000,0.0002,0.0079,0.0000,200,0.9357
0.0033,0.0000,0.0000,0.0000,0.0032,0.0000,200,0.9407
0.0118,0.0000,0.0000,0.0000,0.0117,0.0000,200,0.9327
0.0039,0.0000,0.0000,0.0000,0.0038,0.0001,200,0.9412
0.0050,0.0000,0.0000,0.0000,0.0049,0.0000,200,0.9403
0.0126,0.0000,0.0000,0.0000,0.0125,0.0000,200,0.9329
0.0351,0.0000,0.0000,0.0000,0.0350,0.0000,200,0.9111
0.0128,0.0000,0.0000,0.0000,0.0127,0.0000,200,0.9335
0.0061,0.0000,0.0000,0.0000,0.0061,0.0000,200,0.9407
0.0085,0.0000,0.0000,0.0000,0.0081,0.0004,200,0.9395
0.0628,0.0000,0.0000,0.0000,0.0628,0.0000,200,0.8863
0.0143,0.0000,0.0000,0.0000,0.0143,0.0000,200,0.9348
0.0075,0.0000,0.0000,0.0000,0.0074,0.0000,200,0.9416
0.0380,0.0000,0.0000,0.0000,0.0380,0.0000,200,0.9113
0.0549,0.0000,0.0000,0.0000,0.0548,0.0000,200,0.8948
0.0427,0.0000,0.0000,0.0000,0.0425,0.0000,200,0.9075
0.0165,0.0000,0.0000,0.0000,0.0164,0.0001,200,0.9343
0.0435,0.0000,0.0000,0.0000,0.0434,0.0001,200,0.9075
0.0277,0.0000,0.0000,0.0000,0.0276,0.0001,200,0.9237
0.0144,0.0000,0.0000,0.0000,0.0143,0.0000,200,0.9375
0.0521,0.0000,0.0000,0.0000,0.0520,0.0000,200,0.9002
0.0037,0.0000,0.0000,0.0000,0.0036,0.0000,200,0.9491
0.0041,0.0000,0.0000,0.0000,0.0041,0.0000,200,0.9491
0.0107,0.0000,0.0000,0.0000,0.0105,0.0002,200,0.9427
0.0152,0.0000,0.0000,0.0000,0.0151,0.0000,200,0.9387
0.0098,0.0000,0.0000,0.0000,0.0097,0.0000,200,0.9444
0.0107,0.0000,0.0000,0.0000,0.0106,0.0000,200,0.9439
0.0127,0.0000,0.0000,0.0000,0.0125,0.0001,200,0.9423
0.0311,0.0000,0.0000,0.0000,0.0309,0.0001,200,0.9243
0.0332,0.0000,0.0000,0.0000,0.0331,0.0001,200,0.9226
0.0106,0.0000,0.0000,0.0000,0.0105,0.0001,200,0.9455
0.0203,0.0000,0.0000,0.0000,0.0202,0.0001,200,0.9362
0.0089,0.0000,0.0000,0.0000,0.0086,0.0000,200,0.9480
0.0247,0.0000,0.0000,0.0000,0.0246,0.0001,200,0.9327
0.0701,0.0000,0.0000,0.0003,0.0697,0.0000,200,0.8878
0.0030,0.0000,0.0000,0.0000,0.0029,0.0000,200,0.9558
0.0279,0.0000,0.0000,0.0002,0.0276,0.0000,200,0.9309
0.0431,0.0000,0.0000,0.0000,0.0429,0.0001,200,0.9158
0.0292,0.0000,0.0000,0.0002,0.0289,0.0001,200,0.9301
0.0041,0.0000,0.0000,0.0000,0.0039,0.0001,200,0.9553
0.0146,0.0000,0.0000,0.0000,0.0145,0.0001,200,0.9453
0.0638,0.0000,0.0000,0.0000,0.0637,0.0000,200,0.8966
0.0044,0.0000,0.0000,0.0000,0.0043,0.0001,200,0.9565
0.0014,0.0000,0.0000,0.0000,0.0013,0.0000,200,0.9599
0.0078,0.0000,0.0000,0.0000,0.0077,0.0000,200,0.9539
0.0327,0.0000,0.0000,0.0001,0.0325,0.0000,200,0.9294
0.0049,0.0000,0.0000,0.0000,0.0048,0.0000,200,0.9574
0.0128,0.0000,0.0000,0.0000,0.0127,0.0000,200,0.9502
0.0309,0.0000,0.0000,0.0000,0.0308,0.0000,200,0.9325
0.0145,0.0000,0.0000,0.0000,0.0143,0.0001,200,0.9491
0.0123,0.0000,0.0000,0.0000,0.0122,0.0000,200,0.9518
0.0607,0.0000,0.0000,0.0000,0.0605,0.0002,200,0.9036
0.0319,0.0000,0.0000,0.0000,0.0318,0.0001,200,0.9327
0.0058,0.0000,0.0000,0.0000,0.0057,0.0001,200,0.9593
0.0300,0.0000,0.0000,0.0000,0.0299,0.0001,200,0.9356
0.0019,0.0000,0.0000,0.0001,0.0016,0.0001,200,0.9643
0.0045,0.0000,0.0000,0.0000,0.0044,0.0000,200,0.9617
0.0267,0.0000,0.0000,0.0000,0.0265,0.0001,200,0.9399
0.0160,0.0000,0.0000,0.0000,0.0159,0.0000,200,0.9507
0.0205,0.0000,0.0000,0.0001,0.0203,0.0000,200,0.9468
0.0127,0.0000,0.0000,0.0000,0.0126,0.0001,200,0.9550
0.0172,0.0000,0.0000,0.0000,0.0171,0.0000,200,0.9511
0.0064,0.0000,0.0000,0.0000,0.0063,0.0000,200,0.9624
0.0026,0.0000,0.0000,0.0000,0.0026,0.0000,200,0.9662
0.0255,0.0000,0.0000,0.0000,0.0254,0.0000,200,0.9438
0.0091,0.0000,0.0000,0.0002,0.0086,0.0002,200,0.9609
0.0067,0.0000,0.0000,0.0000,0.0066,0.0000,200,0.9636
0.0057,0.0000,0.0000,0.0000,0.0056,0.0000,200,0.9651
0.0251,0.0000,0.0000,0.0000,0.0251,0.0000,200,0.9462
0.0281,0.0000,0.0000,0.0000,0.0280,0.0000,200,0.9433
0.0039,0.0000,0.0000,0.0000,0.0038,0.0000,200,0.9677
0.0102,0.0000,0.0000,0.0000,0.0101,0.0002,200,0.9621
0.0178,0.0000,0.0000,0.0000,0.0177,0.0000,200,0.9547
0.0756,0.0000,0.0000,0.0000,0.0755,0.0001,200,0.8973
0.0170,0.0000,0.0000,0.0000,0.0167,0.0001,200,0.9561
0.0018,0.0000,0.0000,0.0000,0.0017,0.0000,200,0.9714
0.0402,0.0000,0.0000,0.0000,0.0401,0.0000,200,0.9331
0.0148,0.0000,0.0000,0.0000,0.0148,0.0000,200,0.9589
0.0038,0.0000,0.0000,0.0000,0.0037,0.0000,200,0.9703
0.0089,0.0000,0.0000,0.0000,0.0088,0.0000,200,0.9656
0.0184,0.0000,0.0000,0.0000,0.0180,0.0004,200,0.9568
0.0087,0.0000,0.0000,0.0002,0.0083,0.0002,200,0.9667
0.0079,0.0000,0.0000,0.0000,0.0079,0.0000,200,0.9682
0.0440,0.0000,0.0000,0.0000,0.0437,0.0000,200,0.9326
0.0049,0.0000,0.0000,0.0000,0.0049,0.0000,200,0.9716
0.0316,0.0000,0.0000,0.0000,0.0316,0.0000,200,0.9451
0.0023,0.0000,0.0000,0.0000,0.0022,0.0001,200,0.9746
0.0047,0.0000,0.0000,0.0000,0.0046,0.0001,200,0.9724
0.0050,0.0000,0.0000,0.0000,0.0049,0.0001,200,0.9729
0.0257,0.0000,0.0000,0.0000,0.0256,0.0000,200,0.9528
0.0116,0.0000,0.0000,0.0000,0.0115,0.0001,200,0.9673
0.0196,0.0000,0.0000,0.0000,0.0195,0.0001,200,0.9594
0.0412,0.0000,0.0000,0.0000,0.0410,0.0001,200,0.9382
0.0158,0.0000,0.0000,0.0000,0.0156,0.0001,200,0.9641
0.0112,0.0000,0.0000,0.0000,0.0111,0.0001,200,0.9687
0.0289,0.0000,0.0000,0.0000,0.0288,0.0000,200,0.9514
0.0044,0.0000,0.0000,0.0000,0.0043,0.0001,200,0.9766
0.0104,0.0000,0.0000,0.0000,0.0103,0.0000,200,0.9707
0.0352,0.0000,0.0000,0.0000,0.0351,0.0001,200,0.9463
0.0287,0.0000,0.0000,0.0000,0.0286,0.0000,200,0.9532
0.0061,0.0000,0.0000,0.0000,0.0060,0.0000,200,0.9762
0.0107,0.0000,0.0000,0.0000,0.0105,0.0001,200,0.9723
0.0336,0.0000,0.0000,0.0000,0.0334,0.0002,200,0.9497
0.0416,0.0000,0.0000,0.0000,0.0415,0.0000,200,0.9422
0.0229,0.0000,0.0000,0.0000,0.0227,0.0002,200,0.9613
0.0038,0.0000,0.0000,0.0000,0.0036,0.0001,200,0.9811
0.0123,0.0000,0.0000,0.0000,0.0121,0.0000,200,0.9730
0.0124,0.0000,0.0000,0.0000,0.0123,0.0000,200,0.9732
0.0322,0.0000,0.0000,0.0000,0.0321,0.0000,200,0.9534
0.0009,0.0000,0.0000,0.0001,0.0006,0.0001,200,0.9849
0.0027,0.0000,0.0000,0.0000,0.0024,0.0003,200,0.9833
0.0499,0.0000,0.0000,0.0000,0.0497,0.0002,200,0.9363
0.0340,0.0000,0.0000,0.0000,0.0339,0.0000,200,0.9522
0.0172,0.0000,0.0000,0.0000,0.0171,0.0000,200,0.9693
0.0672,0.0000,0.0000,0.0000,0.0671,0.0000,200,0.9198
0.0017,0.0000,0.0000,0.0000,0.0016,0.0001,200,0.9856
0.0853,0.0000,0.0000,0.0000,0.0852,0.0001,200,0.9023
0.0075,0.0000,0.0000,0.0000,0.0073,0.0000,200,0.9803
0.0104,0.0000,0.0000,0.0000,0.0103,0.0001,200,0.9779
0.0361,0.0000,0.0000,0.0000,0.0361,0.0000,200,0.9542
0.0076,0.0000,0.0000,0.0001,0.0073,0.0000,200,0.9830
0.0069,0.0000,0.0000,0.0000,0.0068,0.0000,200,0.9838
0.0155,0.0000,0.0000,0.0000,0.0153,0.0000,200,0.9752
0.0207,0.0000,0.0000,0.0000,0.0206,0.0001,200,0.9714
0.0602,0.0000,0.0000,0.0000,0.0599,0.0003,200,0.9329
0.0310,0.0000,0.0000,0.0000,0.0309,0.0001,200,0.9629
0.0086,0.0000,0.0000,0.0000,0.0085,0.0000,200,0.9858
0.0205,0.0000,0.0000,0.0000,0.0204,0.0000,200,0.9741
0.0361,0.0000,0.0000,0.0000,0.0360,0.0000,200,0.9588
0.0139,0.0000,0.0000,0.0000,0.0137,0.0001,200,0.9815
0.0106,0.0000,0.0000,0.0000,0.0105,0.0000,200,0.9855
0.0094,0.0000,0.0000,0.0000,0.0093,0.0000,200,0.9873
0.0303,0.0000,0.0000,0.0000,0.0302,0.0000,200,0.9667
0.0208,0.0000,0.0000,0.0000,0.0207,0.0001,200,0.9767
0.0290,0.0000,0.0000,0.0000,0.0289,0.0000,200,0.9688
0.0024,0.0000,0.0000,0.0000,0.0023,0.0000,200,0.9961
0.0048,0.0000,0.0000,0.0000,0.0047,0.0000,200,0.9939
0.0345,0.0000,0.0000,0.0000,0.0343,0.0001,200,0.9646
0.0263,0.0000,0.0000,0.0000,0.0262,0.0000,200,0.9733
0.0212,0.0000,0.0000,0.0000,0.0211,0.0000,200,0.9789
0.0139,0.0000,0.0000,0.0000,0.0138,0.0000,200,0.9865
0.0065,0.0000,0.0000,0.0000,0.0064,0.0000,200,0.9949
0.0157,0.0000,0.0000,0.0000,0.0157,0.0000,200,0.9862
0.0145,0.0000,0.0000,0.0000,0.0144,0.0000,200,0.9875
0.0034,0.0000,0.0000,0.0000,0.0033,0.0000,200,0.9991
0.0395,0.0000,0.0000,0.0000,0.0394,0.0000,200,0.9634
0.0172,0.0000,0.0000,0.0000,0.0172,0.0000,200,0.9862
0.0541,0.0000,0.0000,0.0000,0.0539,0.0003,200,0.9494
0.0300,0.0000,0.0000,0.0000,0.0300,0.0000,200,0.9737
0.0097,0.0000,0.0000,0.0000,0.0096,0.0001,200,0.9944
0.0020,0.0000,0.0000,0.0000,0.0018,0.0001,200,1.0025
0.0252,0.0000,0.0000,0.0001,0.0251,0.0000,200,0.9794
0.0083,0.0000,0.0000,0.0000,0.0082,0.0000,200,0.9966
0.0146,0.0000,0.0000,0.0000,0.0145,0.0000,200,0.9906
0.0260,0.0000,0.0000,0.0000,0.0254,0.0002,200,0.9799
0.0025,0.0000,0.0000,0.0000,0.0023,0.0001,200,1.0037
0.0189,0.0000,0.0000,0.0000,0.0188,0.0000,200,0.9878
0.0206,0.0000,0.0000,0.0000,0.0206,0.0000,200,0.9869
0.0088,0.0000,0.0000,0.0000,0.0085,0.0003,200,0.9987
0.0378,0.0000,0.0000,0.0000,0.0378,0.0000,200,0.9700
0.0036,0.0000,0.0000,0.0000,0.0033,0.0000,200,1.0044
0.0163,0.0000,0.0000,0.0000,0.0162,0.0000,200,0.9922
0.0183,0.0000,0.0000,0.0000,0.0181,0.0000,200,0.9903
0.0084,0.0000,0.0000,0.0000,0.0083,0.0000,200,1.0004
0.0488,0.0000,0.0000,0.0000,0.0487,0.0000,200,0.9604
0.0084,0.0000,0.0000,0.0000,0.0083,0.0001,200,1.0013
0.0514,0.0000,0.0000,0.0000,0.0514,0.0000,200,0.9588
0.0443,0.0000,0.0000,0.0000,0.0442,0.0001,200,0.9661
0.0010,0.0000,0.0000,0.0000,0.0009,0.0000,200,1.0097
0.0344,0.0000,0.0000,0.0000,0.0341,0.0002,200,0.9769
0.0167,0.0000,0.0000,0.0000,0.0165,0.0002,200,0.9945
0.0185,0.0000,0.0000,0.0000,0.0182,0.0000,200,0.9932
0.0298,0.0000,0.0000,0.0000,0.0297,0.0000,200,0.9823
0.0039,0.0000,0.0000,0.0000,0.0038,0.0001,200,1.0087
0.0100,0.0000,0.0000,0.0000,0.0099,0.0000,200,1.0028
0.0817,0.0000,0.0000,0.0006,0.0811,0.0000,200,0.9315
0.0364,0.0000,0.0000,0.0000,0.0363,0.0000,200,0.9772
0.0358,0.0000,0.0000,0.0000,0.0356,0.0002,200,0.9785
0.0100,0.0000,0.0000,0.0000,0.0100,0.0000,200,1.0046
0.0381,0.0000,0.0000,0.0000,0.0380,0.0000,200,0.9766
0.0019,0.0000,0.0000,0.0000,0.0018,0.0001,200,1.0132
0.0077,0.0000,0.0000,0.0000,0.0077,0.0000,200,1.0076
0.0206,0.0000,0.0000,0.0000,0.0205,0.0001,200,0.9954
0.0022,0.0000,0.0000,0.0000,0.0021,0.0001,200,1.0144
0.0414,0.0000,0.0000,0.0000,0.0413,0.0001,200,0.9754
0.0384,0.0000,0.0000,0.0000,0.0383,0.0001,200,0.9791
0.0319,0.0000,0.0000,0.0000,0.0315,0.0000,200,0.9860
0.0183,0.0000,0.0000,0.0000,0.0180,0.0002,200,1.0001
0.0386,0.0000,0.0000,0.0000,0.0384,0.0001,200,0.9799
0.0060,0.0000,0.0000,0.0000,0.0060,0.0000,200,1.0128
0.0068,0.0000,0.0000,0.0000,0.0065,0.0002,200,1.0125
0.0094,0.0000,0.0000,0.0000,0.0093,0.0001,200,1.0104
0.0179,0.0000,0.0000,0.0000,0.0178,0.0000,200,1.0020
0.0151,0.0000,0.0000,0.0000,0.0150,0.0000,200,1.0052
0.0128,0.0000,0.0000,0.0000,0.0127,0.0000,200,1.0078
0.0127,0.0000,0.0000,0.0000,0.0125,0.0001,200,1.0085
0.0049,0.0000,0.0000,0.0000,0.0048,0.0001,200,1.0166
0.0103,0.0000,0.0000,0.0000,0.0102,0.0000,200,1.0117
0.0414,0.0000,0.0000,0.0000,0.0413,0.0000,200,0.9810
0.0028,0.0000,0.0000,0.0000,0.0028,0.0000,200,1.0203
0.0072,0.0000,0.0000,0.0000,0.0070,0.0000,200,1.0159
0.0392,0.0000,0.0000,0.0001,0.0389,0.0000,200,0.9843
0.0089,0.0000,0.0000,0.0000,0.0088,0.0000,200,1.0151
0.0097,0.0000,0.0000,0.0000,0.0095,0.0002,200,1.0146
0.0091,0.0000,0.0000,0.0000,0.0089,0.0001,200,1.0153
0.0026,0.0000,0.0000,0.0000,0.0025,0.0000,200,1.0220
0.0179,0.0000,0.0000,0.0000,0.0178,0.0001,200,1.0076
0.0349,0.0000,0.0000,0.0000,0.0347,0.0001,200,0.9907
0.0287,0.0000,0.0000,0.0000,0.0284,0.0002,200,0.9970
0.0014,0.0000,0.0000,0.0000,0.0011,0.0000,200,1.0244
0.0063,0.0000,0.0000,0.0001,0.0062,0.0001,200,1.0198
0.0358,0.0000,0.0000,0.0000,0.0356,0.0002,200,0.9907
0.0213,0.0000,0.0000,0.0000,0.0212,0.0000,200,1.0059
0.0394,0.0000,0.0000,0.0000,0.0394,0.0000,200,0.9883
0.0039,0.0000,0.0000,0.0000,0.0036,0.0000,200,1.0243
0.0308,0.0000,0.0000,0.0000,0.0307,0.0000,200,0.9978
0.0021,0.0000,0.0000,0.0000,0.0021,0.0000,200,1.0265
0.0086,0.0000,0.0000,0.0000,0.0084,0.0002,200,1.0206
0.0096,0.0000,0.0000,0.0000,0.0094,0.0002,200,1.0199
0.0116,0.0000,0.0000,0.0000,0.0115,0.0000,200,1.0185
0.0027,0.0000,0.0000,0.0000,0.0026,0.0001,200,1.0278
0.0016,0.0000,0.0000,0.0001,0.0013,0.0002,200,1.0292
0.0254,0.0000,0.0000,0.0000,0.0200,0.0053,200,1.0112
0.0064,0.0000,0.0000,0.0001,0.0062,0.0000,200,1.0305
0.0267,0.0000,0.0000,0.0000,0.0203,0.0063,200,1.0107
0.0074,0.0000,0.0000,0.0000,0.0073,0.0000,200,1.0301
0.0070,0.0000,0.0000,0.0001,0.0068,0.0000,200,1.0308
0.0031,0.0000,0.0000,0.0000,0.0030,0.0001,200,1.0375
0.0033,0.0000,0.0000,0.0000,0.0032,0.0000,200,1.0378
0.0085,0.0000,0.0000,0.0004,0.0012,0.0068,200,1.0366
0.0467,0.0000,0.0000,0.0000,0.0388,0.0078,200,0.9985
0.0264,0.0000,0.0000,0.0000,0.0174,0.0089,200,1.0189
0.0341,0.0000,0.0000,0.0000,0.0262,0.0079,200,1.0112
0.0352,0.0000,0.0000,0.0000,0.0350,0.0002,200,1.0102
0.0393,0.0000,0.0000,0.0000,0.0312,0.0080,200,1.0062
0.0198,0.0000,0.0000,0.0000,0.0117,0.0081,200,1.0258
0.0364,0.0000,0.0000,0.0000,0.0284,0.0080,200,1.0092
0.0310,0.0000,0.0000,0.0000,0.0229,0.0080,200,1.0146
0.0279,0.0000,0.0000,0.0000,0.0189,0.0090,200,1.0179
0.0639,0.0000,0.0000,0.0000,0.0549,0.0090,200,0.9819
0.0008,0.0000,0.0000,0.0000,0.0007,0.0000,200,1.0451
0.0186,0.0000,0.0000,0.0000,0.0096,0.0090,200,1.0273
0.0091,0.0000,0.0000,0.0000,0.0082,0.0009,200,1.0286
0.0178,0.0000,0.0000,0.0000,0.0087,0.0091,200,1.0282
0.0173,0.0000,0.0000,0.0000,0.0090,0.0083,200,1.0287
0.0426,0.0000,0.0000,0.0000,0.0342,0.0084,200,1.0035
0.0420,0.0000,0.0000,0.0000,0.0336,0.0084,200,1.0042
0.0427,0.0000,0.0000,0.0002,0.0341,0.0084,200,1.0034
0.0278,0.0000,0.0000,0.0000,0.0193,0.0084,200,1.0184
0.0443,0.0000,0.0000,0.0000,0.0358,0.0085,200,1.0019
0.0201,0.0000,0.0000,0.0000,0.0108,0.0092,200,1.0262
0.0208,0.0000,0.0000,0.0000,0.0124,0.0084,200,1.0255
0.0233,0.0000,0.0000,0.0000,0.0153,0.0079,200,1.0231
0.0376,0.0000,0.0000,0.0000,0.0296,0.0079,200,1.0088
0.0233,0.0000,0.0000,0.0000,0.0150,0.0082,200,1.0231
0.0328,0.0000,0.0000,0.0000,0.0251,0.0078,200,1.0136
0.0344,0.0000,0.0000,0.0000,0.0268,0.0076,200,1.0121
0.0209,0.0000,0.0000,0.0000,0.0135,0.0074,200,1.0256
0.0399,0.0000,0.0000,0.0000,0.0327,0.0071,200,1.0067
0.0386,0.0000,0.0000,0.0000,0.0316,0.0070,200,1.0080
0.0252,0.0000,0.0000,0.0000,0.0186,0.0065,200,1.0215
0.0292,0.0000,0.0000,0.0003,0.0224,0.0065,200,1.0175
0.0222,0.0000,0.0000,0.0000,0.0163,0.0059,200,1.0246
0.0473,0.0000,0.0000,0.0000,0.0418,0.0055,200,0.9995
0.0235,0.0000,0.0000,0.0000,0.0182,0.0053,200,1.0234
0.0890,0.0000,0.0000,0.0000,0.0832,0.0050,200,0.9580
0.0258,0.0000,0.0000,0.0001,0.0207,0.0047,200,1.0212
0.0421,0.0000,0.0000,0.0000,0.0377,0.0043,200,1.0050
0.0278,0.0000,0.0000,0.0000,0.0235,0.0043,200,1.0193
0.0247,0.0000,0.0000,0.0000,0.0205,0.0040,200,1.0224
0.0496,0.0000,0.0000,0.0000,0.0462,0.0033,200,0.9975
0.0231,0.0000,0.0000,0.0000,0.0199,0.0032,200,1.0240
0.0619,0.0000,0.0000,0.0002,0.0587,0.0030,200,0.9853
0.0304,0.0000,0.0000,0.0000,0.0277,0.0027,200,1.0168
0.0217,0.0000,0.0000,0.0000,0.0191,0.0026,200,1.0255
0.0182,0.0000,0.0000,0.0134,0.0026,0.0000,200,1.0296
0.0019,0.0000,0.0000,0.0000,0.0018,0.0001,200,1.0468
0.0039,0.0000,0.0000,0.0000,0.0038,0.0001,200,1.0460
0.0028,0.0000,0.0000,0.0000,0.0027,0.0000,200,1.0472
0.0035,0.0000,0.0000,0.0000,0.0034,0.0000,200,1.0466
0.0031,0.0000,0.0000,0.0000,0.0031,0.0000,200,1.0469
0.0034,0.0000,0.0000,0.0000,0.0032,0.0002,200,1.0469
0.0038,0.0000,0.0000,0.0000,0.0038,0.0000,200,1.0467
0.0052,0.0000,0.0000,0.0000,0.0051,0.0001,200,1.0459
0.0056,0.0000,0.0000,0.0000,0.0056,0.0000,200,1.0458
0.0056,0.0000,0.0000,0.0000,0.0054,0.0001,200,1.0462
0.0017,0.0000,0.0000,0.0000,0.0016,0.0000,200,1.0503
0.0053,0.0000,0.0000,0.0000,0.0053,0.0001,200,1.0472
0.0064,0.0000,0.0000,0.0000,0.0063,0.0000,200,1.0471
0.0081,0.0000,0.0000,0.0000,0.0080,0.0001,200,1.0456
0.0067,0.0000,0.0000,0.0000,0.0065,0.0002,200,1.0473
0.0074,0.0000,0.0000,0.0000,0.0074,0.0000,200,1.0470
0.0179,0.0000,0.0000,0.0000,0.0178,0.0001,200,1.0369
0.0075,0.0000,0.0000,0.0000,0.0074,0.0000,200,1.0478
0.0149,0.0000,0.0000,0.0000,0.0088,0.0000,200,1.0406
0.0041,0.0000,0.0000,0.0000,0.0040,0.0001,200,1.0519
0.0029,0.0000,0.0000,0.0000,0.0027,0.0001,200,1.0540
0.0068,0.0000,0.0000,0.0000,0.0068,0.0000,200,1.0501
0.0108,0.0000,0.0000,0.0000,0.0107,0.0000,200,1.0466
0.0108,0.0000,0.0000,0.0000,0.0104,0.0004,200,1.0465
0.0054,0.0000,0.0000,0.0000,0.0051,0.0002,200,1.0525
0.0117,0.0000,0.0000,0.0000,0.0116,0.0000,200,1.0463
0.0045,0.0000,0.0000,0.0000,0.0045,0.0000,200,1.0537
0.0075,0.0000,0.0000,0.0000,0.0074,0.0001,200,1.0511
0.0127,0.0000,0.0000,0.0000,0.0125,0.0001,200,1.0465
0.0135,0.0000,0.0000,0.0000,0.0134,0.0000,200,1.0459
0.0132,0.0000,0.0000,0.0000,0.0132,0.0000,200,1.0462
0.0130,0.0000,0.0000,0.0000,0.0130,0.0000,200,1.0471
0.0085,0.0000,0.0000,0.0000,0.0082,0.0003,200,1.0520
0.0147,0.0000,0.0000,0.0000,0.0146,0.0000,200,1.0458
0.0111,0.0000,0.0000,0.0000,0.0110,0.0000,200,1.0500
0.0158,0.0000,0.0000,0.0000,0.0157,0.0000,200,1.0456
0.0023,0.0000,0.0000,0.0000,0.0021,0.0001,200,1.0594
0.0065,0.0000,0.0000,0.0000,0.0064,0.0000,200,1.0555
0.0033,0.0000,0.0000,0.0000,0.0032,0.0000,200,1.0592
0.0257,0.0000,0.0000,0.0082,0.0172,0.0000,200,1.0374
0.0014,0.0000,0.0000,0.0000,0.0013,0.0001,200,1.0617
0.0118,0.0000,0.0000,0.0000,0.0113,0.0005,200,1.0514
0.0090,0.0000,0.0000,0.0000,0.0090,0.0000,200,1.0544
0.0048,0.0000,0.0000,0.0000,0.0045,0.0000,200,1.0594
0.0176,0.0000,0.0000,0.0000,0.0175,0.0000,200,1.0470
0.0175,0.0000,0.0000,0.0000,0.0174,0.0001,200,1.0471
0.0201,0.0000,0.0000,0.0000,0.0200,0.0001,200,1.0452
0.0081,0.0000,0.0000,0.0000,0.0080,0.0000,200,1.0574
0.0162,0.0000,0.0000,0.0000,0.0160,0.0001,200,1.0499
0.0037,0.0000,0.0000,0.0000,0.0036,0.0000,200,1.0625
0.0208,0.0000,0.0000,0.0000,0.0206,0.0002,200,1.0462
0.0059,0.0000,0.0000,0.0000,0.0057,0.0002,200,1.0614
0.0171,0.0000,0.0000,0.0000,0.0170,0.0000,200,1.0505
0.0218,0.0000,0.0000,0.0000,0.0216,0.0001,200,1.0463
0.0148,0.0000,0.0000,0.0000,0.0147,0.0001,200,1.0535
0.0136,0.0000,0.0000,0.0000,0.0135,0.0001,200,1.0552
0.0037,0.0000,0.0000,0.0000,0.0037,0.0000,200,1.0655
0.0085,0.0000,0.0000,0.0000,0.0085,0.0000,200,1.0611
0.0125,0.0000,0.0000,0.0000,0.0123,0.0001,200,1.0574
0.0151,0.0000,0.0000,0.0000,0.0150,0.0000,200,1.0548
0.0017,0.0000,0.0000,0.0000,0.0015,0.0000,200,1.0689
0.0242,0.0000,0.0000,0.0000,0.0241,0.0000,200,1.0467
0.0032,0.0000,0.0000,0.0000,0.0032,0.0000,200,1.0676
0.0133,0.0000,0.0000,0.0000,0.0132,0.0000,200,1.0579
0.0019,0.0000,0.0000,0.0000,0.0018,0.0000,200,1.0696
0.0058,0.0000,0.0000,0.0000,0.0057,0.0001,200,1.0662
0.0081,0.0000,0.0000,0.0001,0.0078,0.0002,200,1.0642
0.0093,0.0000,0.0000,0.0000,0.0092,0.0000,200,1.0631
0.0269,0.0000,0.0000,0.0000,0.0268,0.0001,200,1.0461
0.0130,0.0000,0.0000,0.0000,0.0129,0.0000,200,1.0605
0.0271,0.0000,0.0000,0.0000,0.0271,0.0000,200,1.0464
0.0284,0.0000,0.0000,0.0000,0.0283,0.0000,200,1.0454
0.0242,0.0000,0.0000,0.0000,0.0242,0.0000,200,1.0500
0.0127,0.0000,0.0000,0.0000,0.0126,0.0001,200,1.0620
0.0036,0.0000,0.0000,0.0000,0.0033,0.0003,200,1.0715
0.0034,0.0000,0.0000,0.0000,0.0033,0.0001,200,1.0720
0.0297,0.0000,0.0000,0.0000,0.0296,0.0001,200,1.0459
0.0307,0.0000,0.0000,0.0000,0.0306,0.0000,200,1.0453
0.0130,0.0000,0.0000,0.0001,0.0128,0.0001,200,1.0632
0.0203,0.0000,0.0000,0.0000,0.0202,0.0000,200,1.0560
0.0032,0.0000,0.0000,0.0000,0.0030,0.0001,200,1.0738
0.0114,0.0000,0.0000,0.0000,0.0111,0.0002,200,1.0661
0.0069,0.0000,0.0000,0.0000,0.0068,0.0000,200,1.0706
0.0316,0.0000,0.0000,0.0000,0.0315,0.0000,200,1.0464
0.0042,0.0000,0.0000,0.0000,0.0041,0.0001,200,1.0742
0.0314,0.0000,0.0000,0.0000,0.0314,0.0000,200,1.0471
0.0020,0.0000,0.0000,0.0000,0.0019,0.0000,200,1.0769
0.0084,0.0000,0.0000,0.0000,0.0083,0.0001,200,1.0712
0.0144,0.0000,0.0000,0.0000,0.0143,0.0000,200,1.0653
0.0153,0.0000,0.0000,0.0000,0.0152,0.0001,200,1.0646
0.0347,0.0000,0.0000,0.0000,0.0345,0.0002,200,1.0459
0.0207,0.0000,0.0000,0.0000,0.0206,0.0001,200,1.0601
0.0014,0.0000,0.0000,0.0000,0.0013,0.0000,200,1.0796
0.0361,0.0000,0.0000,0.0000,0.0360,0.0000,200,1.0454
0.0367,0.0000,0.0000,0.0000,0.0360,0.0000,200,1.0452
0.0048,0.0000,0.0000,0.0000,0.0047,0.0000,200,1.0775
0.0120,0.0000,0.0000,0.0000,0.0119,0.0000,200,1.0708
0.0108,0.0000,0.0000,0.0000,0.0105,0.0002,200,1.0724
0.0368,0.0000,0.0000,0.0000,0.0368,0.0001,200,1.0465
0.0379,0.0000,0.0000,0.0000,0.0377,0.0002,200,1.0461
0.0085,0.0000,0.0000,0.0000,0.0084,0.0000,200,1.0756
0.0019,0.0000,0.0000,0.0000,0.0018,0.0000,200,1.0828
0.0366,0.0000,0.0000,0.0000,0.0363,0.0003,200,1.0487
0.0104,0.0000,0.0000,0.0000,0.0104,0.0001,200,1.0751
0.0076,0.0000,0.0000,0.0000,0.0076,0.0000,200,1.0780
0.0291,0.0000,0.0000,0.0000,0.0290,0.0000,200,1.0569
0.0056,0.0000,0.0000,0.0000,0.0054,0.0000,200,1.0808
0.0169,0.0000,0.0000,0.0000,0.0168,0.0000,200,1.0699
0.0086,0.0000,0.0000,0.0000,0.0084,0.0002,200,1.0786
0.0114,0.0000,0.0000,0.0000,0.0112,0.0000,200,1.0762
0.0292,0.0000,0.0000,0.0000,0.0292,0.0000,200,1.0586
0.0121,0.0000,0.0000,0.0000,0.0120,0.0001,200,1.0763
0.0310,0.0000,0.0000,0.0000,0.0306,0.0004,200,1.0582
0.0074,0.0000,0.0000,0.0000,0.0074,0.0000,200,1.0819
0.0140,0.0000,0.0000,0.0000,0.0139,0.0000,200,1.0755
0.0225,0.0000,0.0000,0.0000,0.0225,0.0000,200,1.0670
0.0084,0.0000,0.0000,0.0000,0.0083,0.0000,200,1.0815
0.0334,0.0000,0.0000,0.0000,0.0333,0.0000,200,1.0569
0.0102,0.0000,0.0000,0.0000,0.0101,0.0000,200,1.0806
0.0013,0.0000,0.0000,0.0000,0.0012,0.0000,200,1.0895
0.0054,0.0000,0.0000,0.0000,0.0052,0.0001,200,1.0860
0.0192,0.0000,0.0000,0.0000,0.0188,0.0003,200,1.0723
0.0032,0.0000,0.0000,0.0000,0.0031,0.0000,200,1.0884
0.0238,0.0000,0.0000,0.0000,0.0237,0.0000,200,1.0682
0.0083,0.0000,0.0000,0.0000,0.0081,0.0001,200,1.0841
0.0469,0.0000,0.0000,0.0000,0.0468,0.0000,200,1.0456
0.0197,0.0000,0.0000,0.0000,0.0197,0.0000,200,1.0731
0.0069,0.0000,0.0000,0.0000,0.0066,0.0000,200,1.0864
0.0140,0.0000,0.0000,0.0000,0.0139,0.0000,200,1.0797
0.0010,0.0000,0.0000,0.0000,0.0009,0.0000,200,1.0928
0.0109,0.0000,0.0000,0.0000,0.0108,0.0000,200,1.0833
0.0157,0.0000,0.0000,0.0000,0.0156,0.0001,200,1.0790
0.0278,0.0000,0.0000,0.0000,0.0276,0.0000,200,1.0673
0.0062,0.0000,0.0000,0.0000,0.0061,0.0001,200,1.0893
0.0119,0.0000,0.0000,0.0000,0.0117,0.0000,200,1.0840
0.0043,0.0000,0.0000,0.0000,0.0040,0.0002,200,1.0925
0.0059,0.0000,0.0000,0.0000,0.0059,0.0000,200,1.0908
0.0261,0.0000,0.0000,0.0001,0.0260,0.0000,200,1.0708
0.0240,0.0000,0.0000,0.0000,0.0237,0.0002,200,1.0735
0.0101,0.0000,0.0000,0.0000,0.0101,0.0000,200,1.0876
0.0080,0.0000,0.0000,0.0000,0.0080,0.0000,200,1.0903
0.0130,0.0000,0.0000,0.0001,0.0128,0.0001,200,1.0856
0.0385,0.0000,0.0000,0.0000,0.0384,0.0001,200,1.0605
0.0022,0.0000,0.0000,0.0001,0.0020,0.0001,200,1.0975
0.0085,0.0000,0.0000,0.0000,0.0084,0.0000,200,1.0916
0.0075,0.0000,0.0000,0.0000,0.0072,0.0003,200,1.0925
0.0019,0.0000,0.0000,0.0000,0.0018,0.0000,200,1.0986
0.0375,0.0000,0.0000,0.0000,0.0374,0.0000,200,1.0631
0.0020,0.0000,0.0000,0.0000,0.0019,0.0000,200,1.0991
0.0059,0.0000,0.0000,0.0000,0.0057,0.0000,200,1.0955
0.0163,0.0000,0.0000,0.0000,0.0162,0.0000,200,1.0853
0.0372,0.0000,0.0000,0.0000,0.0372,0.0000,200,1.0646
0.0613,0.0000,0.0000,0.0000,0.0556,0.0001,200,1.0411
0.0116,0.0000,0.0000,0.0000,0.0114,0.0001,200,1.0913
0.0098,0.0000,0.0000,0.0000,0.0097,0.0001,200,1.0932
0.0089,0.0000,0.0000,0.0000,0.0088,0.0000,200,1.0942
0.0252,0.0000,0.0000,0.0002,0.0249,0.0001,200,1.0784
0.0135,0.0000,0.0000,0.0000,0.0133,0.0001,200,1.0908
0.0134,0.0000,0.0000,0.0000,0.0127,0.0005,200,1.0914
0.0275,0.0000,0.0000,0.0000,0.0274,0.0000,200,1.0775
0.0098,0.0000,0.0000,0.0000,0.0098,0.0000,200,1.0951
0.0221,0.0000,0.0000,0.0000,0.0220,0.0001,200,1.0832
0.0188,0.0000,0.0000,0.0000,0.0188,0.0000,200,1.0868
0.0595,0.0000,0.0000,0.0000,0.0593,0.0001,200,1.0467
0.0047,0.0000,0.0000,0.0000,0.0046,0.0000,200,1.1016
0.0176,0.0000,0.0000,0.0000,0.0175,0.0001,200,1.0892
0.0198,0.0000,0.0000,0.0000,0.0197,0.0001,200,1.0871
0.0058,0.0000,0.0000,0.0000,0.0058,0.0000,200,1.1019
0.0084,0.0000,0.0000,0.0000,0.0083,0.0000,200,1.1000
0.0056,0.0000,0.0000,0.0004,0.0050,0.0000,200,1.1029
0.0404,0.0000,0.0000,0.0000,0.0403,0.0001,200,1.0683
0.0169,0.0000,0.0000,0.0000,0.0168,0.0000,200,1.0919
0.0160,0.0000,0.0000,0.0000,0.0159,0.0001,200,1.0938
0.0014,0.0000,0.0000,0.0000,0.0013,0.0000,200,1.1084
0.0525,0.0000,0.0000,0.0001,0.0524,0.0000,200,1.0579
0.0148,0.0000,0.0000,0.0000,0.0147,0.0000,200,1.0959
0.0411,0.0000,0.0000,0.0000,0.0410,0.0000,200,1.0699
0.0366,0.0000,0.0000,0.0000,0.0364,0.0001,200,1.0747
0.0101,0.0000,0.0000,0.0000,0.0099,0.0001,200,1.1013
0.0311,0.0000,0.0000,0.0004,0.0306,0.0000,200,1.0810
0.0300,0.0000,0.0000,0.0000,0.0299,0.0000,200,1.0823
0.0086,0.0000,0.0000,0.0000,0.0085,0.0000,200,1.1036
0.0025,0.0000,0.0000,0.0000,0.0024,0.0000,200,1.1105
0.0133,0.0000,0.0000,0.0000,0.0131,0.0001,200,1.1000
0.0169,0.0000,0.0000,0.0000,0.0168,0.0000,200,1.0968
0.0079,0.0000,0.0000,0.0000,0.0078,0.0000,200,1.1063
0.0383,0.0000,0.0000,0.0000,0.0380,0.0002,200,1.0760
0.0076,0.0000,0.0000,0.0000,0.0075,0.0001,200,1.1077
0.0012,0.0000,0.0000,0.0000,0.0011,0.0000,200,1.1142
0.0181,0.0000,0.0000,0.0000,0.0180,0.0000,200,1.0977
0.0116,0.0000,0.0000,0.0000,0.0114,0.0001,200,1.1053
0.0275,0.0000,0.0000,0.0001,0.0274,0.0000,200,1.0895
0.0281,0.0000,0.0000,0.0000,0.0280,0.0001,200,1.0899
0.0193,0.0000,0.0000,0.0000,0.0192,0.0001,200,1.0997
0.0080,0.0000,0.0000,0.0001,0.0077,0.0001,200,1.1142
0.0253,0.0000,0.0000,0.0000,0.0253,0.0000,200,1.0970
0.0070,0.0000,0.0000,0.0001,0.0069,0.0001,200,1.1153
0.0256,0.0000,0.0000,0.0000,0.0255,0.0000,200,1.0968
0.0219,0.0000,0.0000,0.0000,0.0216,0.0003,200,1.1005
0.0111,0.0000,0.0000,0.0000,0.0110,0.0000,200,1.1114
0.0125,0.0000,0.0000,0.0001,0.0121,0.0000,200,1.1109
0.0015,0.0000,0.0000,0.0000,0.0014,0.0000,200,1.1223
0.0212,0.0000,0.0000,0.0000,0.0210,0.0001,200,1.1031
0.0113,0.0000,0.0000,0.0000,0.0112,0.0001,200,1.1133
0.0222,0.0000,0.0000,0.0000,0.0222,0.0000,200,1.1031
0.0191,0.0000,0.0000,0.0001,0.0188,0.0001,200,1.1068
0.0217,0.0000,0.0000,0.0000,0.0216,0.0000,200,1.1049
0.0217,0.0000,0.0000,0.0000,0.0216,0.0000,200,1.1050
0.0337,0.0000,0.0000,0.0000,0.0336,0.0000,200,1.0938
0.0112,0.0000,0.0000,0.0000,0.0111,0.0001,200,1.1170
0.0228,0.0000,0.0000,0.0000,0.0228,0.0000,200,1.1057
0.0029,0.0000,0.0000,0.0000,0.0029,0.0000,200,1.1260
0.0273,0.0000,0.0000,0.0000,0.0272,0.0000,200,1.1025
0.0239,0.0000,0.0000,0.0000,0.0238,0.0000,200,1.1061
0.0084,0.0000,0.0000,0.0000,0.0078,0.0005,200,1.1223
0.0220,0.0000,0.0000,0.0000,0.0214,0.0005,200,1.1087
0.0069,0.0000,0.0000,0.0000,0.0066,0.0003,200,1.1242
0.0151,0.0000,0.0000,0.0000,0.0150,0.0001,200,1.1169
0.0385,0.0000,0.0000,0.0000,0.0382,0.0003,200,1.0947
0.0038,0.0000,0.0000,0.0000,0.0037,0.0001,200,1.1300
0.0077,0.0000,0.0000,0.0000,0.0076,0.0001,200,1.1267
0.0048,0.0000,0.0000,0.0000,0.0047,0.0001,200,1.1298
0.0306,0.0000,0.0000,0.0000,0.0300,0.0000,200,1.1043
0.0202,0.0000,0.0000,0.0000,0.0200,0.0002,200,1.1159
0.0079,0.0000,0.0000,0.0000,0.0078,0.0000,200,1.1282
0.0031,0.0000,0.0000,0.0000,0.0029,0.0002,200,1.1332
0.0381,0.0000,0.0000,0.0000,0.0380,0.0001,200,1.0983
0.0249,0.0000,0.0000,0.0000,0.0248,0.0000,200,1.1122
0.0031,0.0000,0.0000,0.0000,0.0030,0.0000,200,1.1346
0.0503,0.0000,0.0000,0.0000,0.0501,0.0002,200,1.0878
0.0077,0.0000,0.0000,0.0002,0.0072,0.0001,200,1.1307
0.0080,0.0000,0.0000,0.0000,0.0079,0.0000,200,1.1307
0.0048,0.0000,0.0000,0.0000,0.0046,0.0001,200,1.1344
0.0383,0.0000,0.0000,0.0000,0.0382,0.0000,200,1.1011
0.0296,0.0000,0.0000,0.0000,0.0295,0.0000,200,1.1098
0.0079,0.0000,0.0000,0.0000,0.0078,0.0000,200,1.1320
0.0045,0.0000,0.0000,0.0000,0.0043,0.0002,200,1.1360
0.0017,0.0000,0.0000,0.0000,0.0016,0.0000,200,1.1391
0.0228,0.0000,0.0000,0.0000,0.0227,0.0000,200,1.1180
0.0257,0.0000,0.0000,0.0000,0.0256,0.0000,200,1.1155
0.0332,0.0000,0.0000,0.0000,0.0331,0.0000,200,1.1084
0.0306,0.0000,0.0000,0.0000,0.0305,0.0001,200,1.1114
0.0177,0.0000,0.0000,0.0000,0.0176,0.0000,200,1.1246
0.0034,0.0000,0.0000,0.0000,0.0033,0.0001,200,1.1394
0.0066,0.0000,0.0000,0.0000,0.0065,0.0000,200,1.1364
0.0035,0.0000,0.0000,0.0000,0.0034,0.0000,200,1.1399
0.0183,0.0000,0.0000,0.0000,0.0182,0.0000,200,1.1253
0.0149,0.0000,0.0000,0.0000,0.0149,0.0000,200,1.1289
0.0072,0.0000,0.0000,0.0000,0.0072,0.0000,200,1.1371
0.0340,0.0000,0.0000,0.0000,0.0339,0.0000,200,1.1107
0.0231,0.0000,0.0000,0.0000,0.0230,0.0000,200,1.1224
0.0145,0.0000,0.0000,0.0002,0.0140,0.0002,200,1.1311
0.0393,0.0000,0.0000,0.0000,0.0392,0.0000,200,1.1069
0.0061,0.0000,0.0000,0.0000,0.0056,0.0005,200,1.1412
0.0043,0.0000,0.0000,0.0000,0.0043,0.0000,200,1.1429
0.0050,0.0000,0.0000,0.0000,0.0049,0.0000,200,1.1423
0.0284,0.0000,0.0000,0.0000,0.0283,0.0000,200,1.1190
0.0199,0.0000,0.0000,0.0000,0.0198,0.0000,200,1.1275
0.0017,0.0000,0.0000,0.0000,0.0017,0.0000,200,1.1462
0.0047,0.0000,0.0000,0.0001,0.0044,0.0001,200,1.1438
0.0138,0.0000,0.0000,0.0000,0.0136,0.0001,200,1.1349
0.0695,0.0000,0.0000,0.0000,0.0695,0.0000,200,1.0799
0.0229,0.0000,0.0000,0.0000,0.0228,0.0000,200,1.1266
0.0372,0.0000,0.0000,0.0000,0.0372,0.0000,200,1.1122
0.0042,0.0000,0.0000,0.0001,0.0041,0.0000,200,1.1456
0.0018,0.0000,0.0000,0.0002,0.0015,0.0000,200,1.1486
0.0146,0.0000,0.0000,0.0001,0.0145,0.0000,200,1.1364
0.0655,0.0000,0.0000,0.0000,0.0655,0.0000,200,1.0856
0.0386,0.0000,0.0000,0.0000,0.0384,0.0001,200,1.1130
0.0100,0.0000,0.0000,0.0000,0.0099,0.0000,200,1.1416
0.0092,0.0000,0.0000,0.0000,0.0091,0.0000,200,1.1430
0.0437,0.0000,0.0000,0.0000,0.0433,0.0000,200,1.1088
0.0086,0.0000,0.0000,0.0000,0.0084,0.0002,200,1.1444
0.0030,0.0000,0.0000,0.0000,0.0029,0.0000,200,1.1504
0.0043,0.0000,0.0000,0.0000,0.0042,0.0001,200,1.1495
0.0306,0.0000,0.0000,0.0000,0.0304,0.0000,200,1.1235
0.0160,0.0000,0.0000,0.0000,0.0159,0.0000,200,1.1384
0.0166,0.0000,0.0000,0.0000,0.0165,0.0000,200,1.1382
0.1088,0.0000,0.0000,0.0000,0.1088,0.0000,200,1.0464
0.0058,0.0000,0.0000,0.0000,0.0058,0.0000,200,1.1498
0.0340,0.0000,0.0000,0.0000,0.0339,0.0001,200,1.1223
0.0029,0.0000,0.0000,0.0000,0.0028,0.0001,200,1.1538
0.0024,0.0000,0.0000,0.0000,0.0023,0.0000,200,1.1548
0.0103,0.0000,0.0000,0.0000,0.0101,0.0001,200,1.1472
0.0730,0.0000,0.0000,0.0000,0.0730,0.0000,200,1.0847
0.0296,0.0000,0.0000,0.0000,0.0295,0.0001,200,1.1285
0.0066,0.0000,0.0000,0.0000,0.0062,0.0003,200,1.1522
0.0490,0.0000,0.0000,0.0000,0.0489,0.0000,200,1.1098
0.0060,0.0000,0.0000,0.0000,0.0055,0.0004,200,1.1530
0.0112,0.0000,0.0000,0.0000,0.0109,0.0002,200,1.1480
0.0192,0.0000,0.0000,0.0000,0.0191,0.0001,200,1.1408
0.0026,0.0000,0.0000,0.0000,0.0024,0.0001,200,1.1575
0.0386,0.0000,0.0000,0.0000,0.0382,0.0002,200,1.1222
0.0224,0.0000,0.0000,0.0000,0.0221,0.0003,200,1.1387
0.0182,0.0000,0.0000,0.0000,0.0179,0.0003,200,1.1436
0.0103,0.0000,0.0000,0.0000,0.0102,0.0000,200,1.1516
0.0139,0.0000,0.0000,0.0000,0.0138,0.0001,200,1.1486
0.0038,0.0000,0.0000,0.0000,0.0038,0.0000,200,1.1587
0.0991,0.0000,0.0000,0.0000,0.0991,0.0000,200,1.0635
0.0027,0.0000,0.0000,0.0000,0.0026,0.0001,200,1.1601
0.0241,0.0000,0.0000,0.0000,0.0240,0.0001,200,1.1394
0.0076,0.0000,0.0000,0.0000,0.0070,0.0002,200,1.1563
0.0082,0.0000,0.0000,0.0000,0.0081,0.0000,200,1.1557
0.0407,0.0000,0.0000,0.0000,0.0405,0.0002,200,1.1238
0.0069,0.0000,0.0000,0.0000,0.0068,0.0000,200,1.1577
0.0181,0.0000,0.0000,0.0000,0.0180,0.0001,200,1.1473
0.0129,0.0000,0.0000,0.0000,0.0128,0.0000,200,1.1526
0.0316,0.0000,0.0000,0.0000,0.0315,0.0001,200,1.1339
0.0037,0.0000,0.0000,0.0001,0.0034,0.0000,200,1.1626
0.0073,0.0000,0.0000,0.0000,0.0073,0.0000,200,1.1590
0.0021,0.0000,0.0000,0.0000,0.0020,0.0000,200,1.1646
0.0215,0.0000,0.0000,0.0000,0.0213,0.0001,200,1.1456
0.0198,0.0000,0.0000,0.0000,0.0197,0.0000,200,1.1473
0.0156,0.0000,0.0000,0.0000,0.0151,0.0005,200,1.1515
0.0058,0.0000,0.0000,0.0000,0.0050,0.0000,200,1.1619
0.0147,0.0000,0.0000,0.0000,0.0145,0.0002,200,1.1534
0.0274,0.0000,0.0000,0.0000,0.0273,0.0000,200,1.1408
0.0046,0.0000,0.0000,0.0000,0.0045,0.0001,200,1.1639
0.0195,0.0000,0.0000,0.0000,0.0193,0.0001,200,1.1495
0.0125,0.0000,0.0000,0.0000,0.0120,0.0004,200,1.1572
0.0038,0.0000,0.0000,0.0008,0.0030,0.0001,200,1.1664
0.0043,0.0000,0.0000,0.0000,0.0042,0.0001,200,1.1663
0.0101,0.0000,0.0000,0.0000,0.0099,0.0001,200,1.1609
0.0978,0.0000,0.0000,0.0000,0.0977,0.0000,200,1.0736
0.0125,0.0000,0.0000,0.0000,0.0124,0.0000,200,1.1591
0.0039,0.0000,0.0000,0.0000,0.0038,0.0000,200,1.1684
0.0115,0.0000,0.0000,0.0000,0.0113,0.0001,200,1.1612
0.0608,0.0000,0.0000,0.0000,0.0607,0.0000,200,1.1121
0.0067,0.0000,0.0000,0.0000,0.0065,0.0000,200,1.1670
0.0059,0.0000,0.0000,0.0000,0.0057,0.0000,200,1.1681
0.0159,0.0000,0.0000,0.0000,0.0159,0.0000,200,1.1581
0.0105,0.0000,0.0000,0.0000,0.0104,0.0001,200,1.1639
0.0050,0.0000,0.0000,0.0000,0.0049,0.0000,200,1.1697
0.0184,0.0000,0.0000,0.0003,0.0180,0.0001,200,1.1567
0.0530,0.0000,0.0000,0.0000,0.0522,0.0000,200,1.1224
0.0128,0.0000,0.0000,0.0000,0.0127,0.0001,200,1.1628
0.1071,0.0000,0.0000,0.0000,0.1070,0.0001,200,1.0692
0.0065,0.0000,0.0000,0.0000,0.0064,0.0000,200,1.1702
0.0321,0.0000,0.0000,0.0000,0.0320,0.0000,200,1.1447
0.0096,0.0000,0.0000,0.0000,0.0095,0.0001,200,1.1677
0.0066,0.0000,0.0000,0.0000,0.0065,0.0000,200,1.1709
0.0026,0.0000,0.0000,0.0000,0.0025,0.0000,200,1.1754
0.0243,0.0000,0.0000,0.0000,0.0242,0.0000,200,1.1540
0.0131,0.0000,0.0000,0.0000,0.0129,0.0000,200,1.1654
0.0655,0.0000,0.0000,0.0000,0.0653,0.0001,200,1.1137
0.0071,0.0000,0.0000,0.0000,0.0063,0.0000,200,1.1726
0.0112,0.0000,0.0000,0.0000,0.0112,0.0000,200,1.1689
0.0296,0.0000,0.0000,0.0002,0.0292,0.0000,200,1.1511
0.0158,0.0000,0.0000,0.0000,0.0157,0.0001,200,1.1655
0.0079,0.0000,0.0000,0.0000,0.0078,0.0001,200,1.1738
0.0349,0.0000,0.0000,0.0000,0.0347,0.0001,200,1.1474
0.0059,0.0000,0.0000,0.0000,0.0057,0.0001,200,1.1767
0.0128,0.0000,0.0000,0.0000,0.0127,0.0000,200,1.1706
0.0429,0.0000,0.0000,0.0000,0.0428,0.0000,200,1.1405
0.0021,0.0000,0.0000,0.0001,0.0019,0.0000,200,1.1813
0.0254,0.0000,0.0000,0.0000,0.0253,0.0000,200,1.1587
0.0192,0.0000,0.0000,0.0000,0.0191,0.0001,200,1.1655
0.0180,0.0000,0.0000,0.0000,0.0179,0.0001,200,1.1671
0.0070,0.0000,0.0000,0.0000,0.0068,0.0000,200,1.1785
0.0025,0.0000,0.0000,0.0000,0.0024,0.0000,200,1.1833
0.0069,0.0000,0.0000,0.0000,0.0068,0.0001,200,1.1792
0.0196,0.0000,0.0000,0.0000,0.0195,0.0000,200,1.1667
0.0110,0.0000,0.0000,0.0000,0.0109,0.0000,200,1.1756
0.0050,0.0000,0.0000,0.0000,0.0050,0.0000,200,1.1817
0.0129,0.0000,0.0000,0.0000,0.0128,0.0000,200,1.1740
0.0014,0.0000,0.0000,0.0000,0.0014,0.0000,200,1.1859
0.0404,0.0000,0.0000,0.0000,0.0403,0.0000,200,1.1473
0.0504,0.0000,0.0000,0.0000,0.0503,0.0001,200,1.1377
0.0098,0.0000,0.0000,0.0000,0.0097,0.0000,200,1.1783
0.0046,0.0000,0.0000,0.0000,0.0043,0.0002,200,1.1841
0.0119,0.0000,0.0000,0.0000,0.0119,0.0000,200,1.1768
0.0095,0.0000,0.0000,0.0000,0.0095,0.0000,200,1.1797
0.0127,0.0000,0.0000,0.0000,0.0126,0.0000,200,1.1772
0.0359,0.0000,0.0000,0.0000,0.0358,0.0000,200,1.1544
0.0032,0.0000,0.0000,0.0000,0.0031,0.0000,200,1.1873
0.0286,0.0000,0.0000,0.0000,0.0280,0.0000,200,1.1619
0.0399,0.0000,0.0000,0.0000,0.0398,0.0000,200,1.1510
0.0146,0.0000,0.0000,0.0000,0.0143,0.0000,200,1.1763
0.0049,0.0000,0.0000,0.0001,0.0047,0.0000,200,1.1866
0.0175,0.0000,0.0000,0.0000,0.0172,0.0000,200,1.1743
0.0017,0.0000,0.0000,0.0000,0.0016,0.0000,200,1.1905
0.0064,0.0000,0.0000,0.0001,0.0062,0.0000,200,1.1861
0.0023,0.0000,0.0000,0.0000,0.0021,0.0001,200,1.1909
0.0155,0.0000,0.0000,0.0000,0.0154,0.0001,200,1.1780
0.0253,0.0000,0.0000,0.0000,0.0252,0.0000,200,1.1682
0.0167,0.0000,0.0000,0.0000,0.0166,0.0001,200,1.1775
0.0900,0.0000,0.0000,0.0000,0.0898,0.0001,200,1.1048
0.0149,0.0000,0.0000,0.0000,0.0148,0.0001,200,1.1802
0.0202,0.0000,0.0000,0.0000,0.0201,0.0001,200,1.1751
0.0151,0.0000,0.0000,0.0000,0.0150,0.0000,200,1.1807
0.0244,0.0000,0.0000,0.0000,0.0244,0.0000,200,1.1714
0.0065,0.0000,0.0000,0.0000,0.0065,0.0000,200,1.1900
0.0089,0.0000,0.0000,0.0000,0.0088,0.0001,200,1.1877
0.0121,0.0000,0.0000,0.0000,0.0120,0.0001,200,1.1851
0.0095,0.0000,0.0000,0.0000,0.0094,0.0001,200,1.1881
0.0074,0.0000,0.0000,0.0000,0.0074,0.0000,200,1.1905
0.0243,0.0000,0.0000,0.0000,0.0242,0.0001,200,1.1740
0.0120,0.0000,0.0000,0.0000,0.0119,0.0001,200,1.1869
0.0443,0.0000,0.0000,0.0000,0.0441,0.0001,200,1.1553
0.0256,0.0000,0.0000,0.0000,0.0254,0.0001,200,1.1747
0.0586,0.0000,0.0000,0.0000,0.0585,0.0000,200,1.1420
0.0126,0.0000,0.0000,0.0000,0.0120,0.0000,200,1.1881
0.0165,0.0000,0.0000,0.0000,0.0160,0.0004,200,1.1847
0.0078,0.0000,0.0000,0.0000,0.0077,0.0000,200,1.1935
0.0301,0.0000,0.0000,0.0000,0.0300,0.0000,200,1.1716
0.0164,0.0000,0.0000,0.0000,0.0163,0.0000,200,1.1855
0.0050,0.0000,0.0000,0.0001,0.0048,0.0001,200,1.1975
0.0403,0.0000,0.0000,0.0000,0.0402,0.0000,200,1.1626
0.0669,0.0000,0.0000,0.0000,0.0669,0.0000,200,1.1361
0.0108,0.0000,0.0000,0.0000,0.0107,0.0000,200,1.1925
0.0077,0.0000,0.0000,0.0000,0.0073,0.0004,200,1.1965
0.0550,0.0000,0.0000,0.0000,0.0549,0.0000,200,1.1495
0.0113,0.0000,0.0000,0.0000,0.0112,0.0000,200,1.1932
0.0415,0.0000,0.0000,0.0000,0.0414,0.0000,200,1.1635
0.0034,0.0000,0.0000,0.0000,0.0033,0.0001,200,1.2019
0.0113,0.0000,0.0000,0.0000,0.0112,0.0001,200,1.1942
0.0336,0.0000,0.0000,0.0000,0.0335,0.0001,200,1.1723
0.0141,0.0000,0.0000,0.0000,0.0140,0.0000,200,1.1922
0.0172,0.0000,0.0000,0.0000,0.0171,0.0000,200,1.1892
0.0057,0.0000,0.0000,0.0000,0.0056,0.0000,200,1.2013
0.0185,0.0000,0.0000,0.0000,0.0184,0.0000,200,1.1887
0.0093,0.0000,0.0000,0.0000,0.0092,0.0000,200,1.1983
0.0255,0.0000,0.0000,0.0000,0.0254,0.0001,200,1.1826
0.0032,0.0000,0.0000,0.0000,0.0030,0.0002,200,1.2055
0.0110,0.0000,0.0000,0.0000,0.0110,0.0001,200,1.1979
0.0045,0.0000,0.0000,0.0000,0.0045,0.0000,200,1.2045
0.0143,0.0000,0.0000,0.0000,0.0142,0.0000,200,1.1951
0.0162,0.0000,0.0000,0.0000,0.0161,0.0001,200,1.1935
0.0187,0.0000,0.0000,0.0000,0.0186,0.0000,200,1.1919
0.0064,0.0000,0.0000,0.0000,0.0061,0.0000,200,1.2042
0.0123,0.0000,0.0000,0.0000,0.0122,0.0000,200,1.1989
0.0207,0.0000,0.0000,0.0000,0.0206,0.0000,200,1.1909
0.0024,0.0000,0.0000,0.0002,0.0021,0.0000,200,1.2094
0.0256,0.0000,0.0000,0.0000,0.0255,0.0000,200,1.1867
0.0163,0.0000,0.0000,0.0000,0.0159,0.0003,200,1.1966
0.0053,0.0000,0.0000,0.0000,0.0053,0.0000,200,1.2076
0.0187,0.0000,0.0000,0.0000,0.0186,0.0000,200,1.1948
0.0091,0.0000,0.0000,0.0000,0.0090,0.0000,200,1.2045
0.0537,0.0000,0.0000,0.0000,0.0536,0.0000,200,1.1601
0.0253,0.0000,0.0000,0.0000,0.0252,0.0001,200,1.1887
0.0141,0.0000,0.0000,0.0000,0.0139,0.0001,200,1.2002
0.0096,0.0000,0.0000,0.0000,0.0095,0.0000,200,1.2049
0.0151,0.0000,0.0000,0.0000,0.0151,0.0000,200,1.1996
0.0054,0.0000,0.0000,0.0000,0.0053,0.0000,200,1.2097
0.0528,0.0000,0.0000,0.0000,0.0527,0.0001,200,1.1625
0.0090,0.0000,0.0000,0.0000,0.0089,0.0000,200,1.2072
0.0056,0.0000,0.0000,0.0000,0.0056,0.0000,200,1.2106
0.0496,0.0000,0.0000,0.0000,0.0495,0.0000,200,1.1671
0.0218,0.0000,0.0000,0.0000,0.0217,0.0001,200,1.1953
0.0213,0.0000,0.0000,0.0000,0.0212,0.0000,200,1.1958
0.1171,0.0000,0.0000,0.0000,0.1165,0.0001,200,1.1006
0.0362,0.0000,0.0000,0.0001,0.0359,0.0002,200,1.1822
0.0156,0.0000,0.0000,0.0000,0.0151,0.0005,200,1.2029
0.0228,0.0000,0.0000,0.0000,0.0227,0.0000,200,1.1958
0.0041,0.0000,0.0000,0.0000,0.0040,0.0001,200,1.2145
0.0360,0.0000,0.0000,0.0000,0.0359,0.0001,200,1.1834
0.0190,0.0000,0.0000,0.0004,0.0185,0.0001,200,1.2007
0.0173,0.0000,0.0000,0.0000,0.0172,0.0000,200,1.2030
0.0118,0.0000,0.0000,0.0000,0.0117,0.0000,200,1.2090
0.0049,0.0000,0.0000,0.0000,0.0048,0.0001,200,1.2162
0.0076,0.0000,0.0000,0.0000,0.0057,0.0002,200,1.2135
0.0033,0.0000,0.0000,0.0000,0.0032,0.0000,200,1.2184
0.0785,0.0000,0.0000,0.0000,0.0784,0.0000,200,1.1434
0.0074,0.0000,0.0000,0.0000,0.0073,0.0000,200,1.2151
0.0165,0.0000,0.0000,0.0000,0.0164,0.0001,200,1.2063
0.0219,0.0000,0.0000,0.0000,0.0218,0.0000,200,1.2012
0.0031,0.0000,0.0000,0.0000,0.0030,0.0000,200,1.2203
0.0180,0.0000,0.0000,0.0000,0.0178,0.0002,200,1.2059
0.0030,0.0000,0.0000,0.0000,0.0028,0.0000,200,1.2212
0.0413,0.0000,0.0000,0.0000,0.0412,0.0000,200,1.1834
0.0349,0.0000,0.0000,0.0000,0.0347,0.0001,200,1.1903
0.0124,0.0000,0.0000,0.0000,0.0123,0.0000,200,1.2129
0.0252,0.0000,0.0000,0.0000,0.0251,0.0000,200,1.2006
0.0091,0.0000,0.0000,0.0000,0.0090,0.0000,200,1.2171
0.0078,0.0000,0.0000,0.0000,0.0076,0.0001,200,1.2186
0.0006,0.0000,0.0000,0.0000,0.0006,0.0000,200,1.2258
0.0297,0.0000,0.0000,0.0000,0.0296,0.0000,200,1.1971
0.0021,0.0000,0.0000,0.0000,0.0021,0.0000,200,1.2252
0.0125,0.0000,0.0000,0.0002,0.0121,0.0001,200,1.2154
0.0217,0.0000,0.0000,0.0000,0.0215,0.0000,200,1.2064
0.0055,0.0000,0.0000,0.0000,0.0054,0.0001,200,1.2232
0.0204,0.0000,0.0000,0.0000,0.0203,0.0001,200,1.2087
0.0015,0.0000,0.0000,0.0000,0.0014,0.0000,200,1.2281
0.0262,0.0000,0.0000,0.0000,0.0258,0.0003,200,1.2033
0.0384,0.0000,0.0000,0.0000,0.0383,0.0000,200,1.1914
0.0033,0.0000,0.0000,0.0000,0.0031,0.0001,200,1.2268
0.0108,0.0000,0.0000,0.0001,0.0106,0.0000,200,1.2194
0.0043,0.0000,0.0000,0.0000,0.0043,0.0000,200,1.2264
0.0145,0.0000,0.0000,0.0000,0.0144,0.0001,200,1.2167
0.0036,0.0000,0.0000,0.0000,0.0030,0.0006,200,1.2291
0.0122,0.0000,0.0000,0.0000,0.0116,0.0006,200,1.2208
0.0217,0.0000,0.0000,0.0000,0.0214,0.0003,200,1.2118
0.0475,0.0000,0.0000,0.0000,0.0473,0.0002,200,1.1863
0.0094,0.0000,0.0000,0.0000,0.0083,0.0010,200,1.2246
0.0147,0.0000,0.0000,0.0000,0.0147,0.0000,200,1.2198
0.0210,0.0000,0.0000,0.0000,0.0208,0.0001,200,1.2143
0.0104,0.0000,0.0000,0.0000,0.0103,0.0001,200,1.2253
0.0063,0.0000,0.0000,0.0000,0.0062,0.0000,200,1.2301
0.0101,0.0000,0.0000,0.0001,0.0100,0.0000,200,1.2264
0.0348,0.0000,0.0000,0.0000,0.0348,0.0000,200,1.2018
0.0228,0.0000,0.0000,0.0000,0.0227,0.0001,200,1.2140
0.0224,0.0000,0.0000,0.0000,0.0224,0.0000,200,1.2147
0.0019,0.0000,0.0000,0.0000,0.0018,0.0000,200,1.2357
0.0162,0.0000,0.0000,0.0000,0.0161,0.0001,200,1.2217
0.0123,0.0000,0.0000,0.0000,0.0122,0.0000,200,1.2262
0.0158,0.0000,0.0000,0.0000,0.0156,0.0001,200,1.2227
0.0038,0.0000,0.0000,0.0000,0.0037,0.0001,200,1.2353
0.0204,0.0000,0.0000,0.0001,0.0203,0.0000,200,1.2187
0.0162,0.0000,0.0000,0.0000,0.0161,0.0001,200,1.2234
0.0061,0.0000,0.0000,0.0000,0.0059,0.0001,200,1.2340
0.0191,0.0000,0.0000,0.0000,0.0187,0.0003,200,1.2218
0.0108,0.0000,0.0000,0.0000,0.0107,0.0000,200,1.2302
0.0249,0.0000,0.0000,0.0000,0.0248,0.0000,200,1.2161
0.0027,0.0000,0.0000,0.0000,0.0026,0.0000,200,1.2391
0.0042,0.0000,0.0000,0.0000,0.0042,0.0000,200,1.2376
0.0039,0.0000,0.0000,0.0000,0.0037,0.0002,200,1.2385
0.0132,0.0000,0.0000,0.0000,0.0131,0.0000,200,1.2296
0.0050,0.0000,0.0000,0.0000,0.0048,0.0002,200,1.2379
0.0044,0.0000,0.0000,0.0000,0.0041,0.0002,200,1.2391
0.0018,0.0000,0.0000,0.0000,0.0017,0.0000,200,1.2418
0.0709,0.0000,0.0000,0.0000,0.0704,0.0000,200,1.1729
0.0352,0.0000,0.0000,0.0004,0.0347,0.0001,200,1.2091
0.0075,0.0000,0.0000,0.0000,0.0073,0.0000,200,1.2371
0.0021,0.0000,0.0000,0.0000,0.0019,0.0002,200,1.2428
0.0284,0.0000,0.0000,0.0000,0.0282,0.0002,200,1.2171
0.0339,0.0000,0.0000,0.0000,0.0339,0.0000,200,1.2116
0.0324,0.0000,0.0000,0.0000,0.0323,0.0000,200,1.2135
0.0015,0.0000,0.0000,0.0000,0.0014,0.0000,200,1.2449
0.0031,0.0000,0.0000,0.0000,0.0031,0.0000,200,1.2436
0.0040,0.0000,0.0000,0.0000,0.0040,0.0000,200,1.2429
0.0191,0.0000,0.0000,0.0000,0.0189,0.0001,200,1.2287
0.0144,0.0000,0.0000,0.0000,0.0143,0.0000,200,1.2368
0.0057,0.0000,0.0000,0.0000,0.0056,0.0000,200,1.2455
0.0400,0.0000,0.0000,0.0000,0.0398,0.0001,200,1.2112
0.0233,0.0000,0.0000,0.0000,0.0232,0.0000,200,1.2280
0.0463,0.0000,0.0000,0.0000,0.0462,0.0001,200,1.2053
0.0188,0.0000,0.0000,0.0000,0.0185,0.0000,200,1.2330
0.0087,0.0000,0.0000,0.0000,0.0076,0.0011,200,1.2435
0.0224,0.0000,0.0000,0.0001,0.0222,0.0000,200,1.2327
0.0087,0.0000,0.0000,0.0000,0.0086,0.0000,200,1.2465
0.0167,0.0000,0.0000,0.0000,0.0166,0.0000,200,1.2385
0.0143,0.0000,0.0000,0.0001,0.0141,0.0000,200,1.2410
0.0280,0.0000,0.0000,0.0000,0.0279,0.0000,200,1.2273
0.0114,0.0000,0.0000,0.0000,0.0113,0.0001,200,1.2446
0.0447,0.0000,0.0000,0.0000,0.0446,0.0001,200,1.2123
0.0384,0.0000,0.0000,0.0000,0.0384,0.0000,200,1.2187
0.0340,0.0000,0.0000,0.0000,0.0339,0.0000,200,1.2242
0.0190,0.0000,0.0000,0.0000,0.0189,0.0001,200,1.2396
0.0255,0.0000,0.0000,0.0002,0.0252,0.0000,200,1.2338
0.0087,0.0000,0.0000,0.0000,0.0086,0.0000,200,1.2512
0.0161,0.0000,0.0000,0.0000,0.0160,0.0000,200,1.2443
0.0242,0.0000,0.0000,0.0000,0.0241,0.0001,200,1.2364
0.0316,0.0000,0.0000,0.0000,0.0315,0.0000,200,1.2296
0.0209,0.0000,0.0000,0.0000,0.0208,0.0000,200,1.2410
0.0540,0.0000,0.0000,0.0000,0.0539,0.0000,200,1.2081
0.0205,0.0000,0.0000,0.0000,0.0204,0.0000,200,1.2418
0.0077,0.0000,0.0000,0.0000,0.0076,0.0000,200,1.2552
0.0121,0.0000,0.0000,0.0000,0.0120,0.0000,200,1.2515
0.0992,0.0000,0.0000,0.0000,0.0991,0.0000,200,1.1645
0.0200,0.0000,0.0000,0.0000,0.0200,0.0000,200,1.2437
0.0171,0.0000,0.0000,0.0000,0.0170,0.0000,200,1.2467
0.0307,0.0000,0.0000,0.0003,0.0302,0.0000,200,1.2335
0.0055,0.0000,0.0000,0.0000,0.0054,0.0001,200,1.2593
0.0141,0.0000,0.0000,0.0000,0.0140,0.0000,200,1.2513
0.0547,0.0000,0.0000,0.0000,0.0546,0.0001,200,1.2107
0.0022,0.0000,0.0000,0.0000,0.0021,0.0000,200,1.2637
0.0084,0.0000,0.0000,0.0000,0.0080,0.0003,200,1.2582
0.0068,0.0000,0.0000,0.0000,0.0067,0.0000,200,1.2598
0.0067,0.0000,0.0000,0.0000,0.0066,0.0000,200,1.2603
0.0363,0.0000,0.0000,0.0000,0.0357,0.0001,200,1.2308
0.0122,0.0000,0.0000,0.0000,0.0121,0.0000,200,1.2553
0.0314,0.0000,0.0000,0.0000,0.0313,0.0001,200,1.2366
0.0042,0.0000,0.0000,0.0000,0.0042,0.0000,200,1.2638
0.0321,0.0000,0.0000,0.0000,0.0320,0.0001,200,1.2365
0.0389,0.0000,0.0000,0.0000,0.0389,0.0000,200,1.2298
0.0134,0.0000,0.0000,0.0000,0.0132,0.0001,200,1.2560
0.0060,0.0000,0.0000,0.0000,0.0059,0.0000,200,1.2636
0.0478,0.0000,0.0000,0.0000,0.0476,0.0001,200,1.2224
0.0280,0.0000,0.0000,0.0000,0.0278,0.0001,200,1.2424
0.0043,0.0000,0.0000,0.0000,0.0041,0.0000,200,1.2666
0.0252,0.0000,0.0000,0.0000,0.0251,0.0001,200,1.2459
0.0374,0.0000,0.0000,0.0000,0.0372,0.0002,200,1.2345
0.0023,0.0000,0.0000,0.0000,0.0022,0.0000,200,1.2696
0.0211,0.0000,0.0000,0.0000,0.0211,0.0000,200,1.2513
0.0077,0.0000,0.0000,0.0000,0.0077,0.0000,200,1.2654
0.0711,0.0000,0.0000,0.0000,0.0710,0.0000,200,1.2025
0.0058,0.0000,0.0000,0.0000,0.0057,0.0000,200,1.2680
0.0222,0.0000,0.0000,0.0000,0.0222,0.0000,200,1.2522
0.0197,0.0000,0.0000,0.0000,0.0196,0.0000,200,1.2552
0.0181,0.0000,0.0000,0.0000,0.0180,0.0000,200,1.2571
0.0578,0.0000,0.0000,0.0000,0.0577,0.0000,200,1.2177
0.0015,0.0000,0.0000,0.0000,0.0014,0.0000,200,1.2744
0.0089,0.0000,0.0000,0.0000,0.0088,0.0000,200,1.2671
0.0147,0.0000,0.0000,0.0000,0.0146,0.0000,200,1.2619
0.0080,0.0000,0.0000,0.0000,0.0080,0.0000,200,1.2686
0.0072,0.0000,0.0000,0.0000,0.0069,0.0002,200,1.2702
0.0190,0.0000,0.0000,0.0000,0.0189,0.0000,200,1.2586
0.0070,0.0000,0.0000,0.0000,0.0067,0.0002,200,1.2708
0.0105,0.0000,0.0000,0.0000,0.0104,0.0000,200,1.2674
0.0031,0.0000,0.0000,0.0000,0.0030,0.0000,200,1.2751
0.0067,0.0000,0.0000,0.0000,0.0067,0.0000,200,1.2719
0.0012,0.0000,0.0000,0.0000,0.0012,0.0000,200,1.2776
0.0188,0.0000,0.0000,0.0000,0.0187,0.0001,200,1.2607
0.0115,0.0000,0.0000,0.0000,0.0112,0.0003,200,1.2680
0.0662,0.0000,0.0000,0.0000,0.0661,0.0000,200,1.2138
0.0025,0.0000,0.0000,0.0000,0.0024,0.0000,200,1.2779
0.0741,0.0000,0.0000,0.0000,0.0740,0.0000,200,1.2069
0.0358,0.0000,0.0000,0.0000,0.0357,0.0000,200,1.2455
0.0608,0.0000,0.0000,0.0000,0.0608,0.0000,200,1.2211
0.0353,0.0000,0.0000,0.0000,0.0353,0.0001,200,1.2469
0.0079,0.0000,0.0000,0.0000,0.0079,0.0000,200,1.2748
0.0064,0.0000,0.0000,0.0000,0.0063,0.0001,200,1.2767
0.0070,0.0000,0.0000,0.0000,0.0070,0.0000,200,1.2766
0.0109,0.0000,0.0000,0.0000,0.0108,0.0000,200,1.2731
0.0060,0.0000,0.0000,0.0000,0.0059,0.0000,200,1.2782
0.0157,0.0000,0.0000,0.0000,0.0156,0.0001,200,1.2688
0.0054,0.0000,0.0000,0.0000,0.0051,0.0002,200,1.2795
0.0024,0.0000,0.0000,0.0000,0.0023,0.0000,200,1.2828
0.0015,0.0000,0.0000,0.0000,0.0015,0.0000,200,1.2840
0.0012,0.0000,0.0000,0.0000,0.0011,0.0000,200,1.2844
0.0158,0.0000,0.0000,0.0000,0.0157,0.0000,200,1.2703
0.0173,0.0000,0.0000,0.0000,0.0172,0.0001,200,1.2695
0.0257,0.0000,0.0000,0.0000,0.0256,0.0000,200,1.2612
0.0219,0.0000,0.0000,0.0000,0.0218,0.0000,200,1.2654
0.0218,0.0000,0.0000,0.0000,0.0218,0.0000,200,1.2658
0.0124,0.0000,0.0000,0.0000,0.0123,0.0000,200,1.2755
0.0015,0.0000,0.0000,0.0000,0.0014,0.0000,200,1.2869
0.0314,0.0000,0.0000,0.0000,0.0312,0.0000,200,1.2570
0.0267,0.0000,0.0000,0.0000,0.0266,0.0001,200,1.2621
0.0112,0.0000,0.0000,0.0000,0.0111,0.0000,200,1.2778
0.0013,0.0000,0.0000,0.0000,0.0012,0.0001,200,1.2883
0.0124,0.0000,0.0000,0.0000,0.0124,0.0000,200,1.2773
0.0353,0.0000,0.0000,0.0000,0.0352,0.0001,200,1.2552
0.0057,0.0000,0.0000,0.0000,0.0057,0.0000,200,1.2852
0.0599,0.0000,0.0000,0.0000,0.0596,0.0002,200,1.2312
0.0018,0.0000,0.0000,0.0000,0.0017,0.0001,200,1.2896
0.0281,0.0000,0.0000,0.0000,0.0280,0.0001,200,1.2638
0.0113,0.0000,0.0000,0.0000,0.0112,0.0001,200,1.2810
0.0105,0.0000,0.0000,0.0000,0.0103,0.0000,200,1.2823
0.0281,0.0000,0.0000,0.0000,0.0280,0.0001,200,1.2648
0.0061,0.0000,0.0000,0.0000,0.0059,0.0001,200,1.2872
0.0530,0.0000,0.0000,0.0000,0.0528,0.0001,200,1.2409
0.0425,0.0000,0.0000,0.0000,0.0425,0.0000,200,1.2517
0.0227,0.0000,0.0000,0.0000,0.0226,0.0000,200,1.2719
0.0077,0.0000,0.0000,0.0000,0.0076,0.0001,200,1.2877
0.0151,0.0000,0.0000,0.0000,0.0150,0.0000,200,1.2804
0.0140,0.0000,0.0000,0.0000,0.0139,0.0000,200,1.2819
0.0223,0.0000,0.0000,0.0000,0.0222,0.0000,200,1.2738
0.0046,0.0000,0.0000,0.0002,0.0039,0.0000,200,1.2923
0.0119,0.0000,0.0000,0.0000,0.0118,0.0001,200,1.2855
0.0131,0.0000,0.0000,0.0000,0.0130,0.0000,200,1.2849
0.0354,0.0000,0.0000,0.0000,0.0353,0.0000,200,1.2629
0.0476,0.0000,0.0000,0.0000,0.0474,0.0001,200,1.2512
0.0346,0.0000,0.0000,0.0000,0.0345,0.0000,200,1.2642
0.0863,0.0000,0.0000,0.0000,0.0862,0.0001,200,1.2129
0.0007,0.0000,0.0000,0.0000,0.0006,0.0000,200,1.2993
0.0165,0.0000,0.0000,0.0000,0.0160,0.0005,200,1.2842
0.0141,0.0000,0.0000,0.0000,0.0135,0.0005,200,1.2867
0.0053,0.0000,0.0000,0.0000,0.0052,0.0000,200,1.2955
0.0063,0.0000,0.0000,0.0000,0.0062,0.0001,200,1.2946
0.0463,0.0000,0.0000,0.0001,0.0461,0.0000,200,1.2553
0.0140,0.0000,0.0000,0.0000,0.0139,0.0000,200,1.2884
0.0546,0.0000,0.0000,0.0000,0.0545,0.0000,200,1.2477
0.0094,0.0000,0.0000,0.0000,0.0092,0.0001,200,1.2933
0.0125,0.0000,0.0000,0.0000,0.0124,0.0000,200,1.2905
0.0030,0.0000,0.0000,0.0000,0.0028,0.0002,200,1.3009
0.0373,0.0000,0.0000,0.0000,0.0373,0.0000,200,1.2666
0.0063,0.0000,0.0000,0.0000,0.0062,0.0000,200,1.2980
0.0211,0.0000,0.0000,0.0000,0.0210,0.0000,200,1.2836
0.0261,0.0000,0.0000,0.0000,0.0260,0.0000,200,1.2788
0.0046,0.0000,0.0000,0.0000,0.0045,0.0000,200,1.3007
0.0072,0.0000,0.0000,0.0000,0.0071,0.0000,200,1.2982
0.0035,0.0000,0.0000,0.0000,0.0034,0.0000,200,1.3024
0.0043,0.0000,0.0000,0.0000,0.0042,0.0000,200,1.3024
0.0143,0.0000,0.0000,0.0000,0.0142,0.0000,200,1.2928
0.0310,0.0000,0.0000,0.0000,0.0309,0.0000,200,1.2761
0.0164,0.0000,0.0000,0.0000,0.0161,0.0003,200,1.2909
0.0080,0.0000,0.0000,0.0000,0.0079,0.0000,200,1.2999
0.0045,0.0000,0.0000,0.0000,0.0044,0.0001,200,1.3039
0.0373,0.0000,0.0000,0.0000,0.0372,0.0000,200,1.2712
0.0018,0.0000,0.0000,0.0000,0.0017,0.0001,200,1.3071
0.0116,0.0000,0.0000,0.0000,0.0115,0.0000,200,1.2974
0.0055,0.0000,0.0000,0.0000,0.0055,0.0000,200,1.3039
0.0427,0.0000,0.0000,0.0000,0.0425,0.0001,200,1.2671
0.0069,0.0000,0.0000,0.0000,0.0068,0.0001,200,1.3030
0.0239,0.0000,0.0000,0.0000,0.0238,0.0001,200,1.2862
0.0021,0.0000,0.0000,0.0000,0.0020,0.0001,200,1.3083
0.0039,0.0000,0.0000,0.0000,0.0037,0.0001,200,1.3073
0.0224,0.0000,0.0000,0.0000,0.0221,0.0000,200,1.2889
0.0050,0.0000,0.0000,0.0000,0.0048,0.0002,200,1.3066
0.0074,0.0000,0.0000,0.0000,0.0073,0.0000,200,1.3053
0.0340,0.0000,0.0000,0.0000,0.0338,0.0002,200,1.2795
0.0374,0.0000,0.0000,0.0000,0.0373,0.0000,200,1.2762
0.0077,0.0000,0.0000,0.0000,0.0077,0.0000,200,1.3059
0.0052,0.0000,0.0000,0.0000,0.0052,0.0000,200,1.3084
0.0207,0.0000,0.0000,0.0000,0.0206,0.0000,200,1.2930
0.0036,0.0000,0.0000,0.0000,0.0035,0.0000,200,1.3105
0.0043,0.0000,0.0000,0.0000,0.0041,0.0001,200,1.3102
0.0097,0.0000,0.0000,0.0002,0.0093,0.0000,200,1.3049
0.0367,0.0000,0.0000,0.0000,0.0367,0.0000,200,1.2786
0.0341,0.0000,0.0000,0.0000,0.0339,0.0002,200,1.2813
0.0432,0.0000,0.0000,0.0000,0.0431,0.0001,200,1.2724
0.0245,0.0000,0.0000,0.0000,0.0245,0.0000,200,1.2915
0.0032,0.0000,0.0000,0.0000,0.0031,0.0000,200,1.3135
0.0079,0.0000,0.0000,0.0000,0.0078,0.0000,200,1.3097
0.0125,0.0000,0.0000,0.0000,0.0124,0.0000,200,1.3054
0.0383,0.0000,0.0000,0.0000,0.0382,0.0001,200,1.2800
0.0073,0.0000,0.0000,0.0002,0.0070,0.0000,200,1.3117
0.0096,0.0000,0.0000,0.0001,0.0095,0.0000,200,1.3094
0.0238,0.0000,0.0000,0.0000,0.0237,0.0001,200,1.2953
0.0059,0.0000,0.0000,0.0000,0.0058,0.0001,200,1.3136
0.0253,0.0000,0.0000,0.0000,0.0250,0.0002,200,1.2943
0.0026,0.0000,0.0000,0.0000,0.0023,0.0000,200,1.3177
0.0124,0.0000,0.0000,0.0000,0.0122,0.0002,200,1.3079
0.0015,0.0000,0.0000,0.0000,0.0015,0.0000,200,1.3191
0.0022,0.0000,0.0000,0.0000,0.0021,0.0000,200,1.3190
0.0207,0.0000,0.0000,0.0000,0.0206,0.0000,200,1.3008
0.0047,0.0000,0.0000,0.0000,0.0046,0.0001,200,1.3195
0.0386,0.0000,0.0000,0.0001,0.0385,0.0000,200,1.2856
0.0064,0.0000,0.0000,0.0000,0.0063,0.0000,200,1.3179
0.0108,0.0000,0.0000,0.0000,0.0108,0.0000,200,1.3136
0.0365,0.0000,0.0000,0.0000,0.0365,0.0000,200,1.2879
0.0154,0.0000,0.0000,0.0000,0.0154,0.0000,200,1.3090
0.0085,0.0000,0.0000,0.0000,0.0084,0.0000,200,1.3160
0.0133,0.0000,0.0000,0.0000,0.0132,0.0000,200,1.3112
0.0091,0.0000,0.0000,0.0001,0.0088,0.0001,200,1.3154
0.0031,0.0000,0.0000,0.0000,0.0030,0.0000,200,1.3215
0.0180,0.0000,0.0000,0.0000,0.0179,0.0000,200,1.3071
0.0225,0.0000,0.0000,0.0000,0.0224,0.0000,200,1.3027
0.0062,0.0000,0.0000,0.0000,0.0061,0.0000,200,1.3194
0.0131,0.0000,0.0000,0.0000,0.0130,0.0000,200,1.3128
0.0346,0.0000,0.0000,0.0000,0.0346,0.0000,200,1.2919
0.0059,0.0000,0.0000,0.0000,0.0058,0.0000,200,1.3207
0.0025,0.0000,0.0000,0.0000,0.0024,0.0000,200,1.3245
0.0091,0.0000,0.0000,0.0000,0.0090,0.0000,200,1.3182
0.0291,0.0000,0.0000,0.0000,0.0289,0.0001,200,1.2988
0.0020,0.0000,0.0000,0.0000,0.0019,0.0000,200,1.3259
0.0143,0.0000,0.0000,0.0000,0.0142,0.0000,200,1.3141
0.0043,0.0000,0.0000,0.0000,0.0043,0.0000,200,1.3244
0.0077,0.0000,0.0000,0.0000,0.0077,0.0000,200,1.3212
0.0334,0.0000,0.0000,0.0000,0.0333,0.0000,200,1.2961
0.0053,0.0000,0.0000,0.0000,0.0052,0.0000,200,1.3245
0.0058,0.0000,0.0000,0.0000,0.0057,0.0000,200,1.3244
0.0065,0.0000,0.0000,0.0000,0.0064,0.0001,200,1.3242
0.0195,0.0000,0.0000,0.0001,0.0193,0.0000,200,1.3112
0.0294,0.0000,0.0000,0.0000,0.0293,0.0000,200,1.3016
0.0168,0.0000,0.0000,0.0000,0.0167,0.0000,200,1.3146
0.0067,0.0000,0.0000,0.0000,0.0067,0.0000,200,1.3251
0.0190,0.0000,0.0000,0.0000,0.0189,0.0000,200,1.3136
0.0083,0.0000,0.0000,0.0002,0.0079,0.0001,200,1.3244
0.0101,0.0000,0.0000,0.0000,0.0100,0.0000,200,1.3265
0.1127,0.0000,0.0000,0.0000,0.1126,0.0001,200,1.2239
0.0088,0.0000,0.0000,0.0000,0.0086,0.0002,200,1.3279
0.0089,0.0000,0.0000,0.0000,0.0089,0.0000,200,1.3279
0.0461,0.0000,0.0000,0.0000,0.0460,0.0000,200,1.2910
0.0091,0.0000,0.0000,0.0000,0.0086,0.0005,200,1.3288
0.0392,0.0000,0.0000,0.0000,0.0391,0.0000,200,1.2988
0.0061,0.0000,0.0000,0.0000,0.0060,0.0001,200,1.3318
0.0059,0.0000,0.0000,0.0000,0.0054,0.0000,200,1.3327
0.0222,0.0000,0.0000,0.0000,0.0222,0.0000,200,1.3168
0.0148,0.0000,0.0000,0.0000,0.0147,0.0000,200,1.3245
0.0774,0.0000,0.0000,0.0000,0.0773,0.0000,200,1.2623
0.0566,0.0000,0.0000,0.0000,0.0566,0.0000,200,1.2831
0.0104,0.0000,0.0000,0.0000,0.0103,0.0000,200,1.3298
0.1006,0.0000,0.0000,0.0000,0.1005,0.0000,200,1.2400
0.0205,0.0000,0.0000,0.0000,0.0204,0.0000,200,1.3203
0.0226,0.0000,0.0000,0.0000,0.0225,0.0001,200,1.3191
0.0028,0.0000,0.0000,0.0000,0.0027,0.0000,200,1.3390
0.0130,0.0000,0.0000,0.0000,0.0130,0.0000,200,1.3289
0.0057,0.0000,0.0000,0.0003,0.0053,0.0000,200,1.3366
0.0487,0.0000,0.0000,0.0000,0.0483,0.0001,200,1.2939
0.0014,0.0000,0.0000,0.0000,0.0013,0.0001,200,1.3419
0.0703,0.0000,0.0000,0.0000,0.0702,0.0000,200,1.2736
0.0196,0.0000,0.0000,0.0000,0.0196,0.0000,200,1.3243
0.0183,0.0000,0.0000,0.0000,0.0183,0.0000,200,1.3256
0.0076,0.0000,0.0000,0.0000,0.0075,0.0001,200,1.3367
0.0135,0.0000,0.0000,0.0000,0.0134,0.0001,200,1.3313
0.0365,0.0000,0.0000,0.0000,0.0364,0.0000,200,1.3089
0.0078,0.0000,0.0000,0.0000,0.0078,0.0000,200,1.3379
0.0420,0.0000,0.0000,0.0000,0.0419,0.0000,200,1.3043
0.0076,0.0000,0.0000,0.0000,0.0076,0.0000,200,1.3387
0.0321,0.0000,0.0000,0.0000,0.0319,0.0002,200,1.3145
0.0007,0.0000,0.0000,0.0000,0.0006,0.0000,200,1.3463
0.0023,0.0000,0.0000,0.0000,0.0021,0.0002,200,1.3448
0.0196,0.0000,0.0000,0.0000,0.0196,0.0000,200,1.3295
0.0095,0.0000,0.0000,0.0000,0.0094,0.0000,200,1.3397
0.0240,0.0000,0.0000,0.0000,0.0240,0.0000,200,1.3251
0.0049,0.0000,0.0000,0.0000,0.0048,0.0000,200,1.3443
0.0069,0.0000,0.0000,0.0000,0.0069,0.0000,200,1.3423
0.0186,0.0000,0.0000,0.0000,0.0186,0.0000,200,1.3307
0.0187,0.0000,0.0000,0.0000,0.0187,0.0000,200,1.3309
0.0198,0.0000,0.0000,0.0000,0.0194,0.0003,200,1.3307
0.0047,0.0000,0.0000,0.0000,0.0047,0.0000,200,1.3458
0.0037,0.0000,0.0000,0.0000,0.0036,0.0001,200,1.3469
0.0142,0.0000,0.0000,0.0000,0.0141,0.0000,200,1.3368
0.0075,0.0000,0.0000,0.0002,0.0072,0.0000,200,1.3439
0.0117,0.0000,0.0000,0.0000,0.0116,0.0000,200,1.3402
0.0056,0.0000,0.0000,0.0000,0.0054,0.0001,200,1.3466
0.0372,0.0000,0.0000,0.0002,0.0368,0.0000,200,1.3154
0.0157,0.0000,0.0000,0.0000,0.0156,0.0000,200,1.3371
0.0014,0.0000,0.0000,0.0000,0.0013,0.0001,200,1.3518
0.0157,0.0000,0.0000,0.0000,0.0156,0.0000,200,1.3380
0.0272,0.0000,0.0000,0.0000,0.0271,0.0000,200,1.3269
0.0138,0.0000,0.0000,0.0001,0.0137,0.0001,200,1.3407
0.0149,0.0000,0.0000,0.0000,0.0149,0.0000,200,1.3398
0.0139,0.0000,0.0000,0.0000,0.0137,0.0001,200,1.3416
0.0054,0.0000,0.0000,0.0000,0.0053,0.0001,200,1.3505
0.0059,0.0000,0.0000,0.0000,0.0058,0.0001,200,1.3504
0.0060,0.0000,0.0000,0.0000,0.0058,0.0000,200,1.3506
0.0437,0.0000,0.0000,0.0000,0.0436,0.0001,200,1.3136
0.0141,0.0000,0.0000,0.0000,0.0138,0.0001,200,1.3434
0.0052,0.0000,0.0000,0.0000,0.0051,0.0001,200,1.3526
0.0205,0.0000,0.0000,0.0000,0.0205,0.0000,200,1.3378
0.0321,0.0000,0.0000,0.0000,0.0321,0.0000,200,1.3265
0.0095,0.0000,0.0000,0.0000,0.0094,0.0000,200,1.3493
0.0437,0.0000,0.0000,0.0003,0.0434,0.0000,200,1.3156
0.0103,0.0000,0.0000,0.0000,0.0103,0.0000,200,1.3492
0.0708,0.0000,0.0000,0.0000,0.0708,0.0000,200,1.2890
0.0056,0.0000,0.0000,0.0000,0.0055,0.0001,200,1.3547
0.0112,0.0000,0.0000,0.0000,0.0111,0.0001,200,1.3493
0.0043,0.0000,0.0000,0.0000,0.0042,0.0001,200,1.3566
0.0654,0.0000,0.0000,0.0000,0.0653,0.0001,200,1.2959
0.0035,0.0000,0.0000,0.0000,0.0035,0.0000,200,1.3584
0.0066,0.0000,0.0000,0.0000,0.0064,0.0002,200,1.3556
0.0615,0.0000,0.0000,0.0000,0.0614,0.0000,200,1.3008
0.0426,0.0000,0.0000,0.0000,0.0425,0.0000,200,1.3203
0.0011,0.0000,0.0000,0.0000,0.0011,0.0000,200,1.3623
0.0271,0.0000,0.0000,0.0001,0.0270,0.0000,200,1.3366
0.0054,0.0000,0.0000,0.0000,0.0052,0.0001,200,1.3588
0.0086,0.0000,0.0000,0.0000,0.0085,0.0000,200,1.3559
0.0139,0.0000,0.0000,0.0000,0.0138,0.0001,200,1.3510
0.0050,0.0000,0.0000,0.0000,0.0049,0.0001,200,1.3605
0.0238,0.0000,0.0000,0.0000,0.0238,0.0000,200,1.3418
0.0232,0.0000,0.0000,0.0000,0.0231,0.0000,200,1.3426
0.0136,0.0000,0.0000,0.0000,0.0135,0.0001,200,1.3532
0.0020,0.0000,0.0000,0.0000,0.0019,0.0001,200,1.3649
0.0181,0.0000,0.0000,0.0000,0.0180,0.0000,200,1.3491
0.0432,0.0000,0.0000,0.0000,0.0431,0.0000,200,1.3242
0.0103,0.0000,0.0000,0.0000,0.0102,0.0000,200,1.3575
0.0083,0.0000,0.0000,0.0000,0.0082,0.0000,200,1.3595
0.0057,0.0000,0.0000,0.0000,0.0056,0.0000,200,1.3623
0.0143,0.0000,0.0000,0.0000,0.0142,0.0001,200,1.3542
0.0069,0.0000,0.0000,0.0000,0.0068,0.0000,200,1.3619
0.0112,0.0000,0.0000,0.0000,0.0111,0.0001,200,1.3578
0.0011,0.0000,0.0000,0.0000,0.0010,0.0001,200,1.3685
0.0374,0.0000,0.0000,0.0000,0.0373,0.0000,200,1.3326
0.0238,0.0000,0.0000,0.0000,0.0238,0.0001,200,1.3463
0.0209,0.0000,0.0000,0.0000,0.0208,0.0000,200,1.3497
0.0072,0.0000,0.0000,0.0000,0.0071,0.0000,200,1.3637
0.0054,0.0000,0.0000,0.0001,0.0053,0.0000,200,1.3658
0.0128,0.0000,0.0000,0.0000,0.0122,0.0004,200,1.3594
0.0013,0.0000,0.0000,0.0000,0.0012,0.0000,200,1.3709
0.0250,0.0000,0.0000,0.0000,0.0249,0.0000,200,1.3472
0.0034,0.0000,0.0000,0.0000,0.0034,0.0000,200,1.3688
0.0059,0.0000,0.0000,0.0000,0.0058,0.0000,200,1.3668
0.0087,0.0000,0.0000,0.0000,0.0085,0.0000,200,1.3644
0.0488,0.0000,0.0000,0.0000,0.0488,0.0000,200,1.3245
0.0036,0.0000,0.0000,0.0000,0.0036,0.0000,200,1.3700
0.0065,0.0000,0.0000,0.0000,0.0064,0.0000,200,1.3675
0.0032,0.0000,0.0000,0.0000,0.0031,0.0000,200,1.3712
0.0139,0.0000,0.0000,0.0000,0.0138,0.0000,200,1.3610
0.0178,0.0000,0.0000,0.0000,0.0177,0.0001,200,1.3573
0.0470,0.0000,0.0000,0.0000,0.0469,0.0000,200,1.3284
0.0054,0.0000,0.0000,0.0000,0.0053,0.0000,200,1.3706
0.0030,0.0000,0.0000,0.0000,0.0030,0.0000,200,1.3731
0.0043,0.0000,0.0000,0.0001,0.0042,0.0001,200,1.3722
0.0156,0.0000,0.0000,0.0000,0.0155,0.0000,200,1.3613
0.0016,0.0000,0.0000,0.0000,0.0015,0.0000,200,1.3753
0.0093,0.0000,0.0000,0.0000,0.0093,0.0000,200,1.3696
0.0191,0.0000,0.0000,0.0000,0.0191,0.0000,200,1.3598
0.0227,0.0000,0.0000,0.0000,0.0226,0.0000,200,1.3563
0.0031,0.0000,0.0000,0.0000,0.0030,0.0000,200,1.3759
0.0706,0.0000,0.0000,0.0000,0.0705,0.0000,200,1.3099
0.0081,0.0000,0.0000,0.0000,0.0080,0.0000,200,1.3740
0.0143,0.0000,0.0000,0.0000,0.0142,0.0000,200,1.3678
0.0058,0.0000,0.0000,0.0000,0.0057,0.0001,200,1.3769
0.0066,0.0000,0.0000,0.0000,0.0065,0.0000,200,1.3765
0.0194,0.0000,0.0000,0.0000,0.0192,0.0000,200,1.3641
0.0118,0.0000,0.0000,0.0001,0.0116,0.0000,200,1.3722
0.0091,0.0000,0.0000,0.0000,0.0089,0.0001,200,1.3749
0.0261,0.0000,0.0000,0.0000,0.0259,0.0000,200,1.3586
0.0098,0.0000,0.0000,0.0000,0.0097,0.0000,200,1.3751
0.0112,0.0000,0.0000,0.0000,0.0111,0.0000,200,1.3745
0.0206,0.0000,0.0000,0.0000,0.0205,0.0000,200,1.3656
0.0817,0.0000,0.0000,0.0000,0.0816,0.0000,200,1.3046
0.0187,0.0000,0.0000,0.0000,0.0185,0.0002,200,1.3680
0.0020,0.0000,0.0000,0.0000,0.0020,0.0000,200,1.3848
0.0010,0.0000,0.0000,0.0000,0.0009,0.0000,200,1.3863
0.0010,0.0000,0.0000,0.0000,0.0009,0.0000,200,1.3868
0.0391,0.0000,0.0000,0.0000,0.0390,0.0000,200,1.3493
0.0065,0.0000,0.0000,0.0000,0.0064,0.0000,200,1.3821
0.0450,0.0000,0.0000,0.0000,0.0449,0.0000,200,1.3439
0.0065,0.0000,0.0000,0.0000,0.0065,0.0000,200,1.3828
0.0224,0.0000,0.0000,0.0000,0.0223,0.0001,200,1.3672
0.0374,0.0000,0.0000,0.0000,0.0372,0.0002,200,1.3528
0.0215,0.0000,0.0000,0.0000,0.0210,0.0001,200,1.3690
0.0397,0.0000,0.0000,0.0000,0.0395,0.0001,200,1.3514
0.0015,0.0000,0.0000,0.0001,0.0013,0.0000,200,1.3897
0.0024,0.0000,0.0000,0.0000,0.0023,0.0000,200,1.3893
0.0083,0.0000,0.0000,0.0000,0.0081,0.0001,200,1.3840
0.0432,0.0000,0.0000,0.0000,0.0431,0.0000,200,1.3492
0.0097,0.0000,0.0000,0.0000,0.0096,0.0000,200,1.3832
0.0540,0.0000,0.0000,0.0000,0.0540,0.0000,200,1.3393
0.0079,0.0000,0.0000,0.0000,0.0078,0.0000,200,1.3856
0.0046,0.0000,0.0000,0.0000,0.0046,0.0000,200,1.3889
0.0012,0.0000,0.0000,0.0000,0.0011,0.0000,200,1.3929
0.0025,0.0000,0.0000,0.0000,0.0023,0.0002,200,1.3917
0.0410,0.0000,0.0000,0.0000,0.0408,0.0001,200,1.3536
0.0019,0.0000,0.0000,0.0000,0.0014,0.0005,200,1.3935
0.0093,0.0000,0.0000,0.0000,0.0093,0.0000,200,1.3863
0.0502,0.0000,0.0000,0.0000,0.0502,0.0000,200,1.3454
0.0172,0.0000,0.0000,0.0000,0.0172,0.0001,200,1.3790
0.0526,0.0000,0.0000,0.0000,0.0524,0.0002,200,1.3440
0.0088,0.0000,0.0000,0.0000,0.0087,0.0000,200,1.3878
0.0315,0.0000,0.0000,0.0000,0.0314,0.0000,200,1.3655
0.0672,0.0000,0.0000,0.0000,0.0671,0.0000,200,1.3302
0.0309,0.0000,0.0000,0.0000,0.0308,0.0001,200,1.3669
0.1086,0.0000,0.0000,0.0000,0.1085,0.0000,200,1.2898
0.0222,0.0000,0.0000,0.0000,0.0221,0.0001,200,1.3762
0.0264,0.0000,0.0000,0.0000,0.0263,0.0001,200,1.3727
0.0719,0.0000,0.0000,0.0000,0.0719,0.0000,200,1.3273
0.0047,0.0000,0.0000,0.0000,0.0046,0.0000,200,1.3946
0.0076,0.0000,0.0000,0.0000,0.0075,0.0000,200,1.3923
0.0482,0.0000,0.0000,0.0000,0.0480,0.0001,200,1.3521
0.1039,0.0000,0.0000,0.0000,0.1036,0.0002,200,1.2969
0.0017,0.0000,0.0000,0.0000,0.0014,0.0003,200,1.3991
0.0124,0.0000,0.0000,0.0000,0.0123,0.0000,200,1.3886
0.0339,0.0000,0.0000,0.0000,0.0338,0.0001,200,1.3678
0.0251,0.0000,0.0000,0.0000,0.0250,0.0000,200,1.3769
0.0396,0.0000,0.0000,0.0000,0.0395,0.0000,200,1.3629
0.0395,0.0000,0.0000,0.0000,0.0395,0.0000,200,1.3634
0.0490,0.0000,0.0000,0.0000,0.0488,0.0002,200,1.3546
0.0074,0.0000,0.0000,0.0000,0.0070,0.0002,200,1.3966
0.0111,0.0000,0.0000,0.0000,0.0110,0.0001,200,1.3933
0.0095,0.0000,0.0000,0.0002,0.0092,0.0001,200,1.3956
0.0450,0.0000,0.0000,0.0000,0.0449,0.0001,200,1.3603
0.0037,0.0000,0.0000,0.0000,0.0034,0.0002,200,1.4020
0.0327,0.0000,0.0000,0.0000,0.0326,0.0000,200,1.3736
0.0107,0.0000,0.0000,0.0000,0.0106,0.0000,200,1.3962
0.0282,0.0000,0.0000,0.0000,0.0281,0.0000,200,1.3790
0.0064,0.0000,0.0000,0.0000,0.0063,0.0001,200,1.4008
0.0026,0.0000,0.0000,0.0000,0.0023,0.0001,200,1.4051
0.0073,0.0000,0.0000,0.0000,0.0069,0.0002,200,1.4010
0.0066,0.0000,0.0000,0.0000,0.0065,0.0000,200,1.4017
0.0181,0.0000,0.0000,0.0000,0.0180,0.0000,200,1.3906
0.0208,0.0000,0.0000,0.0000,0.0207,0.0001,200,1.3883
0.0122,0.0000,0.0000,0.0000,0.0122,0.0000,200,1.3974
0.0276,0.0000,0.0000,0.0000,0.0275,0.0000,200,1.3821
0.0161,0.0000,0.0000,0.0000,0.0158,0.0003,200,1.3940
0.0135,0.0000,0.0000,0.0001,0.0133,0.0000,200,1.3966
0.0116,0.0000,0.0000,0.0000,0.0116,0.0000,200,1.3992
0.0185,0.0000,0.0000,0.0000,0.0183,0.0000,200,1.3923
0.0014,0.0000,0.0000,0.0000,0.0013,0.0001,200,1.4101
0.0183,0.0000,0.0000,0.0000,0.0182,0.0001,200,1.3935
0.0246,0.0000,0.0000,0.0000,0.0246,0.0000,200,1.3873
0.0084,0.0000,0.0000,0.0001,0.0083,0.0000,200,1.4040
0.0075,0.0000,0.0000,0.0000,0.0074,0.0001,200,1.4053
0.0056,0.0000,0.0000,0.0000,0.0055,0.0001,200,1.4077
0.0731,0.0000,0.0000,0.0000,0.0730,0.0001,200,1.3406
0.0357,0.0000,0.0000,0.0000,0.0355,0.0002,200,1.3790
0.0042,0.0000,0.0000,0.0001,0.0041,0.0000,200,1.4109
0.0029,0.0000,0.0000,0.0000,0.0027,0.0002,200,1.4124
0.0173,0.0000,0.0000,0.0000,0.0172,0.0001,200,1.3984
0.0026,0.0000,0.0000,0.0000,0.0025,0.0001,200,1.4133
0.0164,0.0000,0.0000,0.0000,0.0163,0.0000,200,1.3998
0.0071,0.0000,0.0000,0.0000,0.0070,0.0000,200,1.4096
0.0070,0.0000,0.0000,0.0000,0.0069,0.0001,200,1.4101
0.0152,0.0000,0.0000,0.0000,0.0150,0.0001,200,1.4025
0.0267,0.0000,0.0000,0.0000,0.0265,0.0000,200,1.3910
0.0110,0.0000,0.0000,0.0000,0.0110,0.0000,200,1.4069
0.0102,0.0000,0.0000,0.0000,0.0101,0.0000,200,1.4082
0.0021,0.0000,0.0000,0.0000,0.0020,0.0001,200,1.4167
0.0215,0.0000,0.0000,0.0000,0.0214,0.0001,200,1.3978
0.0124,0.0000,0.0000,0.0000,0.0123,0.0000,200,1.4072
0.0160,0.0000,0.0000,0.0000,0.0159,0.0000,200,1.4036
0.0299,0.0000,0.0000,0.0000,0.0297,0.0001,200,1.3902
0.0250,0.0000,0.0000,0.0000,0.0248,0.0001,200,1.3955
0.0049,0.0000,0.0000,0.0000,0.0047,0.0001,200,1.4162
0.0347,0.0000,0.0000,0.0000,0.0346,0.0000,200,1.3867
0.0030,0.0000,0.0000,0.0000,0.0030,0.0000,200,1.4184
0.0111,0.0000,0.0000,0.0000,0.0109,0.0000,200,1.4109
0.0389,0.0000,0.0000,0.0000,0.0388,0.0000,200,1.3835
0.0076,0.0000,0.0000,0.0000,0.0075,0.0000,200,1.4151
0.0074,0.0000,0.0000,0.0000,0.0072,0.0000,200,1.4159
0.0233,0.0000,0.0000,0.0000,0.0232,0.0000,200,1.4003
0.0232,0.0000,0.0000,0.0000,0.0230,0.0001,200,1.4008
0.0084,0.0000,0.0000,0.0000,0.0084,0.0000,200,1.4157
0.0303,0.0000,0.0000,0.0000,0.0302,0.0000,200,1.3942
0.0010,0.0000,0.0000,0.0000,0.0009,0.0000,200,1.4236
0.0047,0.0000,0.0000,0.0000,0.0046,0.0000,200,1.4205
0.0080,0.0000,0.0000,0.0000,0.0078,0.0002,200,1.4177
0.0418,0.0000,0.0000,0.0000,0.0417,0.0000,200,1.3840
0.0067,0.0000,0.0000,0.0000,0.0063,0.0005,200,1.4201
0.0567,0.0000,0.0000,0.0004,0.0563,0.0000,200,1.3701
0.0359,0.0000,0.0000,0.0000,0.0357,0.0001,200,1.3912
0.0054,0.0000,0.0000,0.0000,0.0053,0.0000,200,1.4220
0.0186,0.0000,0.0000,0.0000,0.0185,0.0000,200,1.4092
0.0300,0.0000,0.0000,0.0000,0.0299,0.0000,200,1.3984
0.0074,0.0000,0.0000,0.0000,0.0072,0.0002,200,1.4214
0.0259,0.0000,0.0000,0.0000,0.0259,0.0000,200,1.4030
0.0025,0.0000,0.0000,0.0000,0.0024,0.0000,200,1.4268
0.0207,0.0000,0.0000,0.0000,0.0205,0.0000,200,1.4087
0.0152,0.0000,0.0000,0.0000,0.0151,0.0000,200,1.4147
0.0495,0.0000,0.0000,0.0000,0.0494,0.0000,200,1.3805
0.0456,0.0000,0.0000,0.0000,0.0455,0.0000,200,1.3849
0.0314,0.0000,0.0000,0.0000,0.0313,0.0000,200,1.3993
0.0134,0.0000,0.0000,0.0000,0.0131,0.0002,200,1.4180
0.0583,0.0000,0.0000,0.0002,0.0580,0.0000,200,1.3734
0.0203,0.0000,0.0000,0.0000,0.0202,0.0000,200,1.4119
0.0052,0.0000,0.0000,0.0000,0.0051,0.0000,200,1.4270
0.0050,0.0000,0.0000,0.0000,0.0048,0.0001,200,1.4278
0.0361,0.0000,0.0000,0.0000,0.0359,0.0001,200,1.3970
0.0250,0.0000,0.0000,0.0000,0.0249,0.0001,200,1.4082
0.0382,0.0000,0.0000,0.0000,0.0381,0.0001,200,1.3956
0.0021,0.0000,0.0000,0.0000,0.0019,0.0001,200,1.4322
0.0112,0.0000,0.0000,0.0000,0.0111,0.0000,200,1.4232
0.0064,0.0000,0.0000,0.0001,0.0061,0.0001,200,1.4288
0.0311,0.0000,0.0000,0.0000,0.0309,0.0000,200,1.4057
0.0647,0.0000,0.0000,0.0000,0.0646,0.0000,200,1.3721
0.0177,0.0000,0.0000,0.0000,0.0176,0.0001,200,1.4196
0.0336,0.0000,0.0000,0.0000,0.0333,0.0000,200,1.4044
0.0129,0.0000,0.0000,0.0000,0.0125,0.0004,200,1.4258
0.0197,0.0000,0.0000,0.0000,0.0189,0.0007,200,1.4196
0.0033,0.0000,0.0000,0.0000,0.0032,0.0000,200,1.4368
0.0125,0.0000,0.0000,0.0000,0.0124,0.0001,200,1.4284
0.0281,0.0000,0.0000,0.0000,0.0280,0.0001,200,1.4128
0.0205,0.0000,0.0000,0.0000,0.0203,0.0002,200,1.4211
0.0629,0.0000,0.0000,0.0000,0.0628,0.0001,200,1.3789
0.0055,0.0000,0.0000,0.0000,0.0054,0.0000,200,1.4368
0.0047,0.0000,0.0000,0.0000,0.0046,0.0000,200,1.4380
0.0114,0.0000,0.0000,0.0001,0.0112,0.0001,200,1.4317
0.0144,0.0000,0.0000,0.0000,0.0142,0.0001,200,1.4294
0.0140,0.0000,0.0000,0.0000,0.0140,0.0000,200,1.4299
0.0254,0.0000,0.0000,0.0000,0.0253,0.0000,200,1.4188
0.0161,0.0000,0.0000,0.0000,0.0160,0.0001,200,1.4289
0.0208,0.0000,0.0000,0.0002,0.0205,0.0001,200,1.4245
0.0144,0.0000,0.0000,0.0000,0.0143,0.0001,200,1.4314
0.0139,0.0000,0.0000,0.0001,0.0133,0.0003,200,1.4328
0.0256,0.0000,0.0000,0.0000,0.0255,0.0001,200,1.4214
0.0298,0.0000,0.0000,0.0000,0.0297,0.0001,200,1.4172
0.0405,0.0000,0.0000,0.0000,0.0404,0.0000,200,1.4072
0.0058,0.0000,0.0000,0.0000,0.0057,0.0001,200,1.4423
0.0348,0.0000,0.0000,0.0000,0.0347,0.0000,200,1.4138
0.0083,0.0000,0.0000,0.0000,0.0081,0.0001,200,1.4408
0.0228,0.0000,0.0000,0.0000,0.0227,0.0000,200,1.4269
0.0104,0.0000,0.0000,0.0000,0.0103,0.0000,200,1.4393
0.0273,0.0000,0.0000,0.0000,0.0272,0.0001,200,1.4227
0.0035,0.0000,0.0000,0.0000,0.0031,0.0003,200,1.4470
0.0070,0.0000,0.0000,0.0001,0.0067,0.0002,200,1.4437
0.0096,0.0000,0.0000,0.0001,0.0094,0.0000,200,1.4416
0.0076,0.0000,0.0000,0.0001,0.0074,0.0000,200,1.4439
0.0026,0.0000,0.0000,0.0000,0.0025,0.0000,200,1.4491
0.0213,0.0000,0.0000,0.0000,0.0211,0.0001,200,1.4307
0.0432,0.0000,0.0000,0.0000,0.0431,0.0001,200,1.4097
0.0077,0.0000,0.0000,0.0000,0.0073,0.0003,200,1.4453
0.0100,0.0000,0.0000,0.0000,0.0099,0.0000,200,1.4431
0.0033,0.0000,0.0000,0.0000,0.0032,0.0001,200,1.4505
0.0025,0.0000,0.0000,0.0000,0.0024,0.0001,200,1.4517
0.0205,0.0000,0.0000,0.0003,0.0202,0.0000,200,1.4338
0.0089,0.0000,0.0000,0.0001,0.0088,0.0000,200,1.4458
0.0222,0.0000,0.0000,0.0000,0.0221,0.0000,200,1.4331
0.0047,0.0000,0.0000,0.0000,0.0046,0.0000,200,1.4508
0.0405,0.0000,0.0000,0.0000,0.0404,0.0000,200,1.4153
0.0324,0.0000,0.0000,0.0000,0.0323,0.0001,200,1.4241
0.0031,0.0000,0.0000,0.0000,0.0030,0.0001,200,1.4538
0.0380,0.0000,0.0000,0.0000,0.0379,0.0000,200,1.4193
0.0455,0.0000,0.0000,0.0000,0.0454,0.0001,200,1.4119
0.0082,0.0000,0.0000,0.0000,0.0081,0.0000,200,1.4497
0.0170,0.0000,0.0000,0.0000,0.0169,0.0000,200,1.4409
0.0138,0.0000,0.0000,0.0000,0.0135,0.0002,200,1.4450
0.0046,0.0000,0.0000,0.0000,0.0045,0.0000,200,1.4543
0.0094,0.0000,0.0000,0.0000,0.0093,0.0001,200,1.4497
0.0149,0.0000,0.0000,0.0000,0.0148,0.0000,200,1.4443
0.0265,0.0000,0.0000,0.0000,0.0264,0.0000,200,1.4333
0.0008,0.0000,0.0000,0.0000,0.0007,0.0000,200,1.4592
0.0102,0.0000,0.0000,0.0000,0.0101,0.0000,200,1.4500
0.0011,0.0000,0.0000,0.0000,0.0010,0.0000,200,1.4597
0.0221,0.0000,0.0000,0.0001,0.0220,0.0000,200,1.4387
0.0312,0.0000,0.0000,0.0000,0.0311,0.0001,200,1.4300
0.0013,0.0000,0.0000,0.0000,0.0012,0.0000,200,1.4602
0.0898,0.0000,0.0000,0.0000,0.0897,0.0000,200,1.3722
0.0067,0.0000,0.0000,0.0000,0.0066,0.0001,200,1.4555
0.0160,0.0000,0.0000,0.0001,0.0158,0.0001,200,1.4467
0.0089,0.0000,0.0000,0.0000,0.0089,0.0000,200,1.4543
0.0042,0.0000,0.0000,0.0000,0.0041,0.0000,200,1.4591
0.0520,0.0000,0.0000,0.0000,0.0519,0.0000,200,1.4115
0.0069,0.0000,0.0000,0.0000,0.0068,0.0001,200,1.4569
0.0092,0.0000,0.0000,0.0000,0.0091,0.0001,200,1.4553
0.0039,0.0000,0.0000,0.0000,0.0038,0.0000,200,1.4608
0.0174,0.0000,0.0000,0.0000,0.0173,0.0000,200,1.4481
0.0406,0.0000,0.0000,0.0000,0.0405,0.0000,200,1.4252
0.0308,0.0000,0.0000,0.0000,0.0306,0.0001,200,1.4352
0.0154,0.0000,0.0000,0.0000,0.0153,0.0001,200,1.4512
0.0037,0.0000,0.0000,0.0000,0.0036,0.0000,200,1.4632
0.0143,0.0000,0.0000,0.0004,0.0138,0.0001,200,1.4531
0.0353,0.0000,0.0000,0.0000,0.0352,0.0000,200,1.4322
0.0022,0.0000,0.0000,0.0000,0.0021,0.0000,200,1.4658
0.0126,0.0000,0.0000,0.0000,0.0125,0.0001,200,1.4558
0.0074,0.0000,0.0000,0.0000,0.0073,0.0000,200,1.4615
0.0021,0.0000,0.0000,0.0000,0.0019,0.0001,200,1.4669
0.0452,0.0000,0.0000,0.0000,0.0451,0.0001,200,1.4241
0.0084,0.0000,0.0000,0.0000,0.0084,0.0000,200,1.4619
0.0095,0.0000,0.0000,0.0000,0.0092,0.0001,200,1.4612
0.0069,0.0000,0.0000,0.0000,0.0068,0.0000,200,1.4638
0.0421,0.0000,0.0000,0.0001,0.0418,0.0000,200,1.4294
0.0113,0.0000,0.0000,0.0000,0.0113,0.0000,200,1.4608
0.0545,0.0000,0.0000,0.0000,0.0545,0.0000,200,1.4177
0.0359,0.0000,0.0000,0.0001,0.0354,0.0004,200,1.4373
0.0145,0.0000,0.0000,0.0000,0.0144,0.0000,200,1.4588
0.0099,0.0000,0.0000,0.0000,0.0098,0.0000,200,1.4635
0.0394,0.0000,0.0000,0.0000,0.0379,0.0000,200,1.4344
0.0397,0.0000,0.0000,0.0000,0.0396,0.0000,200,1.4342
0.0212,0.0000,0.0000,0.0000,0.0210,0.0001,200,1.4529
0.0682,0.0000,0.0000,0.0000,0.0682,0.0000,200,1.4063
0.0118,0.0000,0.0000,0.0000,0.0117,0.0001,200,1.4632
0.0335,0.0000,0.0000,0.0000,0.0334,0.0000,200,1.4418
0.0092,0.0000,0.0000,0.0000,0.0091,0.0000,200,1.4665
0.0182,0.0000,0.0000,0.0000,0.0181,0.0000,200,1.4579
0.0174,0.0000,0.0000,0.0000,0.0173,0.0001,200,1.4589
0.0189,0.0000,0.0000,0.0000,0.0188,0.0001,200,1.4578
0.0264,0.0000,0.0000,0.0000,0.0261,0.0003,200,1.4514
0.0133,0.0000,0.0000,0.0001,0.0132,0.0000,200,1.4645
0.0158,0.0000,0.0000,0.0000,0.0157,0.0000,200,1.4622
0.0384,0.0000,0.0000,0.0000,0.0383,0.0000,200,1.4401
0.0486,0.0000,0.0000,0.0000,0.0485,0.0001,200,1.4304
0.0086,0.0000,0.0000,0.0000,0.0086,0.0000,200,1.4707
0.0527,0.0000,0.0000,0.0000,0.0526,0.0001,200,1.4273
0.0044,0.0000,0.0000,0.0000,0.0042,0.0001,200,1.4761
0.0067,0.0000,0.0000,0.0000,0.0066,0.0000,200,1.4738
0.0387,0.0000,0.0000,0.0000,0.0386,0.0001,200,1.4427
0.0345,0.0000,0.0000,0.0000,0.0342,0.0000,200,1.4469
0.0560,0.0000,0.0000,0.0000,0.0557,0.0002,200,1.4257
0.0017,0.0000,0.0000,0.0000,0.0016,0.0000,200,1.4805
0.0340,0.0000,0.0000,0.0000,0.0339,0.0001,200,1.4486
0.0227,0.0000,0.0000,0.0002,0.0225,0.0000,200,1.4600
0.0168,0.0000,0.0000,0.0001,0.0167,0.0000,200,1.4660
0.0314,0.0000,0.0000,0.0000,0.0313,0.0000,200,1.4519
0.0087,0.0000,0.0000,0.0000,0.0087,0.0000,200,1.4751
0.0212,0.0000,0.0000,0.0000,0.0211,0.0000,200,1.4627
0.0027,0.0000,0.0000,0.0000,0.0026,0.0000,200,1.4821
0.0062,0.0000,0.0000,0.0000,0.0060,0.0001,200,1.4791
0.0085,0.0000,0.0000,0.0000,0.0083,0.0001,200,1.4778
0.0641,0.0000,0.0000,0.0000,0.0638,0.0002,200,1.4224
0.0138,0.0000,0.0000,0.0000,0.0136,0.0002,200,1.4734
0.0034,0.0000,0.0000,0.0000,0.0033,0.0000,200,1.4839
0.0014,0.0000,0.0000,0.0000,0.0013,0.0000,200,1.4864
0.0207,0.0000,0.0000,0.0000,0.0206,0.0000,200,1.4674
0.0138,0.0000,0.0000,0.0000,0.0137,0.0001,200,1.4745
0.0025,0.0000,0.0000,0.0001,0.0021,0.0000,200,1.4863
0.0124,0.0000,0.0000,0.0000,0.0123,0.0000,200,1.4768
0.0044,0.0000,0.0000,0.0000,0.0043,0.0000,200,1.4848
0.0134,0.0000,0.0000,0.0001,0.0133,0.0001,200,1.4763
0.0070,0.0000,0.0000,0.0000,0.0064,0.0001,200,1.4833
0.0108,0.0000,0.0000,0.0000,0.0100,0.0001,200,1.4800
0.0016,0.0000,0.0000,0.0000,0.0015,0.0001,200,1.4897
0.0193,0.0000,0.0000,0.0000,0.0188,0.0005,200,1.4722
0.0092,0.0000,0.0000,0.0000,0.0091,0.0001,200,1.4827
0.0097,0.0000,0.0000,0.0000,0.0096,0.0000,200,1.4826
0.0153,0.0000,0.0000,0.0000,0.0149,0.0004,200,1.4778
0.0139,0.0000,0.0000,0.0000,0.0139,0.0000,200,1.4793
0.0359,0.0000,0.0000,0.0004,0.0351,0.0001,200,1.4575
0.0188,0.0000,0.0000,0.0000,0.0185,0.0003,200,1.4753
0.0295,0.0000,0.0000,0.0001,0.0294,0.0000,200,1.4646
0.0206,0.0000,0.0000,0.0001,0.0204,0.0001,200,1.4739
0.0242,0.0000,0.0000,0.0000,0.0240,0.0001,200,1.4707
0.0169,0.0000,0.0000,0.0000,0.0168,0.0001,200,1.4785
0.0078,0.0000,0.0000,0.0000,0.0078,0.0000,200,1.4878
0.0133,0.0000,0.0000,0.0000,0.0132,0.0001,200,1.4828
0.0088,0.0000,0.0000,0.0000,0.0087,0.0000,200,1.4873
0.0226,0.0000,0.0000,0.0000,0.0225,0.0001,200,1.4742
0.0039,0.0000,0.0000,0.0000,0.0039,0.0000,200,1.4933
0.0158,0.0000,0.0000,0.0000,0.0158,0.0000,200,1.4814
0.0063,0.0000,0.0000,0.0000,0.0062,0.0000,200,1.4912
0.0096,0.0000,0.0000,0.0001,0.0094,0.0001,200,1.4883
0.0410,0.0000,0.0000,0.0000,0.0409,0.0000,200,1.4573
0.0440,0.0000,0.0000,0.0000,0.0440,0.0000,200,1.4547
0.0020,0.0000,0.0000,0.0000,0.0018,0.0002,200,1.4972
0.0283,0.0000,0.0000,0.0000,0.0280,0.0002,200,1.4715
0.0125,0.0000,0.0000,0.0000,0.0124,0.0001,200,1.4872
0.0268,0.0000,0.0000,0.0000,0.0266,0.0001,200,1.4733
0.0232,0.0000,0.0000,0.0000,0.0226,0.0006,200,1.4780
0.0040,0.0000,0.0000,0.0000,0.0037,0.0002,200,1.4975
0.0201,0.0000,0.0000,0.0000,0.0200,0.0000,200,1.4814
0.0123,0.0000,0.0000,0.0000,0.0122,0.0000,200,1.4892
0.0288,0.0000,0.0000,0.0000,0.0287,0.0001,200,1.4733
0.0074,0.0000,0.0000,0.0000,0.0074,0.0000,200,1.4948
0.0336,0.0000,0.0000,0.0000,0.0335,0.0000,200,1.4689
0.0107,0.0000,0.0000,0.0000,0.0106,0.0001,200,1.4923
0.0470,0.0000,0.0000,0.0000,0.0468,0.0000,200,1.4565
0.0284,0.0000,0.0000,0.0000,0.0281,0.0002,200,1.4758
0.0047,0.0000,0.0000,0.0000,0.0046,0.0001,200,1.5001
0.0050,0.0000,0.0000,0.0000,0.0049,0.0000,200,1.4998
0.0129,0.0000,0.0000,0.0000,0.0128,0.0000,200,1.4920
0.0215,0.0000,0.0000,0.0000,0.0214,0.0001,200,1.4838
0.0094,0.0000,0.0000,0.0000,0.0088,0.0003,200,1.4968
0.0131,0.0000,0.0000,0.0000,0.0130,0.0000,200,1.4931
0.0114,0.0000,0.0000,0.0000,0.0111,0.0003,200,1.4956
0.0391,0.0000,0.0000,0.0001,0.0390,0.0000,200,1.4680
0.0036,0.0000,0.0000,0.0000,0.0035,0.0000,200,1.5041
0.0428,0.0000,0.0000,0.0000,0.0424,0.0000,200,1.4654
0.0039,0.0000,0.0000,0.0000,0.0038,0.0001,200,1.5047
0.0562,0.0000,0.0000,0.0004,0.0557,0.0000,200,1.4529
0.0114,0.0000,0.0000,0.0000,0.0113,0.0001,200,1.4980
0.0433,0.0000,0.0000,0.0000,0.0432,0.0001,200,1.4675
0.0079,0.0000,0.0000,0.0000,0.0077,0.0000,200,1.5034
0.0025,0.0000,0.0000,0.0000,0.0025,0.0000,200,1.5091
0.0050,0.0000,0.0000,0.0000,0.0048,0.0000,200,1.5070
0.0316,0.0000,0.0000,0.0000,0.0315,0.0000,200,1.4805
0.0166,0.0000,0.0000,0.0000,0.0165,0.0000,200,1.4961
0.0245,0.0000,0.0000,0.0000,0.0244,0.0000,200,1.4888
0.0195,0.0000,0.0000,0.0000,0.0193,0.0002,200,1.4945
0.0022,0.0000,0.0000,0.0000,0.0021,0.0000,200,1.5121
0.0027,0.0000,0.0000,0.0000,0.0025,0.0001,200,1.5120
0.0122,0.0000,0.0000,0.0000,0.0121,0.0000,200,1.5030
0.0256,0.0000,0.0000,0.0000,0.0255,0.0001,200,1.4903
0.0311,0.0000,0.0000,0.0000,0.0301,0.0001,200,1.4853
0.0206,0.0000,0.0000,0.0000,0.0204,0.0002,200,1.4961
0.0144,0.0000,0.0000,0.0000,0.0143,0.0000,200,1.5023
0.0153,0.0000,0.0000,0.0000,0.0152,0.0000,200,1.5021
0.0489,0.0000,0.0000,0.0000,0.0488,0.0000,200,1.4693
0.0040,0.0000,0.0000,0.0000,0.0037,0.0002,200,1.5147
0.0145,0.0000,0.0000,0.0001,0.0139,0.0000,200,1.5048
0.0513,0.0000,0.0000,0.0000,0.0511,0.0001,200,1.4684
0.0131,0.0000,0.0000,0.0000,0.0129,0.0000,200,1.5071
0.0041,0.0000,0.0000,0.0000,0.0040,0.0001,200,1.5167
0.0200,0.0000,0.0000,0.0000,0.0200,0.0000,200,1.5012
0.0046,0.0000,0.0000,0.0000,0.0045,0.0001,200,1.5174
0.0151,0.0000,0.0000,0.0000,0.0151,0.0001,200,1.5078
0.0078,0.0000,0.0000,0.0000,0.0072,0.0005,200,1.5159
0.0176,0.0000,0.0000,0.0000,0.0175,0.0000,200,1.5062
0.0217,0.0000,0.0000,0.0000,0.0213,0.0001,200,1.5025
0.0020,0.0000,0.0000,0.0000,0.0019,0.0000,200,1.5229
0.0202,0.0000,0.0000,0.0000,0.0201,0.0001,200,1.5053
0.0075,0.0000,0.0000,0.0000,0.0074,0.0000,200,1.5182
0.0066,0.0000,0.0000,0.0001,0.0064,0.0001,200,1.5197
0.0332,0.0000,0.0000,0.0000,0.0331,0.0001,200,1.4933
0.0282,0.0000,0.0000,0.0000,0.0280,0.0002,200,1.4988
0.0365,0.0000,0.0000,0.0000,0.0364,0.0000,200,1.4913
0.0801,0.0000,0.0000,0.0000,0.0800,0.0000,200,1.4476
0.0172,0.0000,0.0000,0.0000,0.0171,0.0001,200,1.5108
0.0199,0.0000,0.0000,0.0000,0.0198,0.0000,200,1.5083
0.0273,0.0000,0.0000,0.0000,0.0272,0.0000,200,1.5015
0.0071,0.0000,0.0000,0.0001,0.0070,0.0000,200,1.5221
0.0343,0.0000,0.0000,0.0000,0.0342,0.0001,200,1.4954
0.0163,0.0000,0.0000,0.0000,0.0162,0.0000,200,1.5140
0.0247,0.0000,0.0000,0.0000,0.0246,0.0000,200,1.5062
0.0590,0.0000,0.0000,0.0000,0.0587,0.0003,200,1.4721
0.0102,0.0000,0.0000,0.0000,0.0101,0.0000,200,1.5212
0.0234,0.0000,0.0000,0.0000,0.0233,0.0000,200,1.5086
0.0083,0.0000,0.0000,0.0000,0.0082,0.0000,200,1.5242
0.0050,0.0000,0.0000,0.0000,0.0049,0.0001,200,1.5278
0.0065,0.0000,0.0000,0.0001,0.0060,0.0003,200,1.5270
0.0010,0.0000,0.0000,0.0000,0.0010,0.0000,200,1.5325
0.0051,0.0000,0.0000,0.0000,0.0051,0.0001,200,1.5288
0.0053,0.0000,0.0000,0.0000,0.0052,0.0000,200,1.5292
0.0352,0.0000,0.0000,0.0000,0.0351,0.0000,200,1.4997
0.0303,0.0000,0.0000,0.0000,0.0301,0.0001,200,1.5048
0.0089,0.0000,0.0000,0.0000,0.0087,0.0001,200,1.5266
0.0479,0.0000,0.0000,0.0000,0.0477,0.0002,200,1.4881
0.0018,0.0000,0.0000,0.0000,0.0016,0.0001,200,1.5345
0.0045,0.0000,0.0000,0.0001,0.0043,0.0001,200,1.5320
0.0236,0.0000,0.0000,0.0000,0.0235,0.0000,200,1.5133
0.0210,0.0000,0.0000,0.0000,0.0209,0.0001,200,1.5164
0.0126,0.0000,0.0000,0.0000,0.0125,0.0000,200,1.5249
0.0025,0.0000,0.0000,0.0000,0.0024,0.0001,200,1.5354
0.0129,0.0000,0.0000,0.0000,0.0129,0.0001,200,1.5255
0.0497,0.0000,0.0000,0.0000,0.0475,0.0021,200,1.4915
0.1166,0.0000,0.0000,0.0000,0.1165,0.0000,200,1.4246
0.0398,0.0000,0.0000,0.0000,0.0397,0.0000,200,1.5015
0.0472,0.0000,0.0000,0.0000,0.0471,0.0000,200,1.4941
0.0723,0.0000,0.0000,0.0000,0.0723,0.0000,200,1.4690
0.0041,0.0000,0.0000,0.0001,0.0039,0.0000,200,1.5374
0.0152,0.0000,0.0000,0.0000,0.0151,0.0000,200,1.5264
0.0177,0.0000,0.0000,0.0000,0.0176,0.0000,200,1.5239
0.0047,0.0000,0.0000,0.0000,0.0046,0.0000,200,1.5369
0.0214,0.0000,0.0000,0.0000,0.0210,0.0001,200,1.5208
0.0169,0.0000,0.0000,0.0000,0.0168,0.0001,200,1.5257
0.0020,0.0000,0.0000,0.0000,0.0019,0.0000,200,1.5413
0.0085,0.0000,0.0000,0.0000,0.0080,0.0004,200,1.5349
0.0026,0.0000,0.0000,0.0000,0.0025,0.0000,200,1.5412
0.0127,0.0000,0.0000,0.0000,0.0127,0.0000,200,1.5314
0.0070,0.0000,0.0000,0.0000,0.0069,0.0000,200,1.5375
0.0035,0.0000,0.0000,0.0000,0.0033,0.0001,200,1.5412
0.0032,0.0000,0.0000,0.0000,0.0031,0.0000,200,1.5416
0.0037,0.0000,0.0000,0.0000,0.0035,0.0001,200,1.5415
0.0025,0.0000,0.0000,0.0000,0.0024,0.0001,200,1.5441
0.0375,0.0000,0.0000,0.0001,0.0373,0.0001,200,1.5094
0.0487,0.0000,0.0000,0.0000,0.0486,0.0000,200,1.4983
0.0095,0.0000,0.0000,0.0000,0.0094,0.0000,200,1.5379
0.0276,0.0000,0.0000,0.0000,0.0275,0.0000,200,1.5202
0.0344,0.0000,0.0000,0.0000,0.0343,0.0000,200,1.5143
0.0021,0.0000,0.0000,0.0000,0.0019,0.0001,200,1.5471
0.0193,0.0000,0.0000,0.0000,0.0193,0.0000,200,1.5303
0.0508,0.0000,0.0000,0.0000,0.0507,0.0001,200,1.4991
0.0063,0.0000,0.0000,0.0000,0.0060,0.0003,200,1.5445
0.0143,0.0000,0.0000,0.0000,0.0142,0.0000,200,1.5365
0.0044,0.0000,0.0000,0.0000,0.0043,0.0000,200,1.5466
0.0067,0.0000,0.0000,0.0000,0.0066,0.0000,200,1.5448
0.0039,0.0000,0.0000,0.0000,0.0038,0.0000,200,1.5478
0.0580,0.0000,0.0000,0.0000,0.0578,0.0000,200,1.4942
0.0108,0.0000,0.0000,0.0000,0.0107,0.0002,200,1.5415
0.0117,0.0000,0.0000,0.0002,0.0113,0.0001,200,1.5413
0.0418,0.0000,0.0000,0.0000,0.0416,0.0002,200,1.5114
0.0369,0.0000,0.0000,0.0000,0.0368,0.0000,200,1.5166
0.0225,0.0000,0.0000,0.0000,0.0224,0.0000,200,1.5311
0.0653,0.0000,0.0000,0.0000,0.0652,0.0001,200,1.4892
0.0272,0.0000,0.0000,0.0000,0.0268,0.0004,200,1.5278
0.0116,0.0000,0.0000,0.0000,0.0115,0.0000,200,1.5434
0.0015,0.0000,0.0000,0.0000,0.0014,0.0001,200,1.5536
0.0046,0.0000,0.0000,0.0000,0.0045,0.0000,200,1.5510
0.0545,0.0000,0.0000,0.0000,0.0544,0.0000,200,1.5015
0.0088,0.0000,0.0000,0.0000,0.0086,0.0000,200,1.5474
0.0370,0.0000,0.0000,0.0000,0.0369,0.0000,200,1.5193
0.0286,0.0000,0.0000,0.0000,0.0285,0.0000,200,1.5281
0.0382,0.0000,0.0000,0.0000,0.0381,0.0001,200,1.5187
0.0086,0.0000,0.0000,0.0000,0.0085,0.0000,200,1.5487
0.0056,0.0000,0.0000,0.0000,0.0056,0.0000,200,1.5535
0.0095,0.0000,0.0000,0.0000,0.0095,0.0000,200,1.5497
0.0145,0.0000,0.0000,0.0000,0.0144,0.0000,200,1.5447
0.0178,0.0000,0.0000,0.0000,0.0177,0.0000,200,1.5415
0.0086,0.0000,0.0000,0.0000,0.0083,0.0003,200,1.5508
0.0091,0.0000,0.0000,0.0000,0.0090,0.0000,200,1.5508
0.0039,0.0000,0.0000,0.0000,0.0038,0.0001,200,1.5563
0.0246,0.0000,0.0000,0.0000,0.0241,0.0004,200,1.5363
0.0371,0.0000,0.0000,0.0000,0.0370,0.0000,200,1.5238
0.0111,0.0000,0.0000,0.0001,0.0109,0.0001,200,1.5500
0.0642,0.0000,0.0000,0.0000,0.0641,0.0000,200,1.4972
0.0128,0.0000,0.0000,0.0000,0.0127,0.0001,200,1.5491
0.0210,0.0000,0.0000,0.0000,0.0209,0.0000,200,1.5413
0.0111,0.0000,0.0000,0.0000,0.0110,0.0001,200,1.5517
0.0295,0.0000,0.0000,0.0000,0.0295,0.0000,200,1.5335
0.0274,0.0000,0.0000,0.0002,0.0271,0.0000,200,1.5360
0.0073,0.0000,0.0000,0.0000,0.0072,0.0000,200,1.5567
0.0091,0.0000,0.0000,0.0000,0.0090,0.0000,200,1.5551
0.0076,0.0000,0.0000,0.0000,0.0075,0.0001,200,1.5570
0.0371,0.0000,0.0000,0.0000,0.0370,0.0000,200,1.5281
0.0063,0.0000,0.0000,0.0000,0.0062,0.0001,200,1.5592
0.0103,0.0000,0.0000,0.0000,0.0102,0.0000,200,1.5562
0.0339,0.0000,0.0000,0.0000,0.0338,0.0000,200,1.5328
0.0044,0.0000,0.0000,0.0000,0.0043,0.0000,200,1.5623
0.0060,0.0000,0.0000,0.0000,0.0059,0.0001,200,1.5609
0.0072,0.0000,0.0000,0.0000,0.0072,0.0000,200,1.5599
0.0081,0.0000,0.0000,0.0000,0.0080,0.0001,200,1.5594
0.0047,0.0000,0.0000,0.0000,0.0045,0.0001,200,1.5634
0.0300,0.0000,0.0000,0.0000,0.0299,0.0001,200,1.5384
0.0561,0.0000,0.0000,0.0000,0.0560,0.0000,200,1.5127
0.0226,0.0000,0.0000,0.0000,0.0225,0.0000,200,1.5469
0.0544,0.0000,0.0000,0.0000,0.0543,0.0000,200,1.5151
0.0084,0.0000,0.0000,0.0000,0.0083,0.0001,200,1.5614
0.0037,0.0000,0.0000,0.0000,0.0036,0.0001,200,1.5665
0.0036,0.0000,0.0000,0.0000,0.0035,0.0000,200,1.5667
0.0041,0.0000,0.0000,0.0000,0.0039,0.0002,200,1.5671
0.0599,0.0000,0.0000,0.0000,0.0598,0.0001,200,1.5117
0.0032,0.0000,0.0000,0.0000,0.0030,0.0001,200,1.5687
0.0023,0.0000,0.0000,0.0001,0.0019,0.0000,200,1.5699
0.0905,0.0000,0.0000,0.0000,0.0904,0.0000,200,1.4817
0.0199,0.0000,0.0000,0.0000,0.0199,0.0001,200,1.5529
0.0163,0.0000,0.0000,0.0000,0.0163,0.0000,200,1.5573
0.0310,0.0000,0.0000,0.0000,0.0309,0.0000,200,1.5427
0.0015,0.0000,0.0000,0.0000,0.0013,0.0002,200,1.5722
0.0023,0.0000,0.0000,0.0000,0.0023,0.0001,200,1.5716
0.0095,0.0000,0.0000,0.0000,0.0093,0.0002,200,1.5651
0.0241,0.0000,0.0000,0.0000,0.0241,0.0001,200,1.5515
0.0206,0.0000,0.0000,0.0001,0.0204,0.0000,200,1.5550
0.0028,0.0000,0.0000,0.0002,0.0026,0.0000,200,1.5729
0.0091,0.0000,0.0000,0.0001,0.0090,0.0001,200,1.5668
0.0118,0.0000,0.0000,0.0000,0.0117,0.0001,200,1.5646
0.0030,0.0000,0.0000,0.0000,0.0030,0.0000,200,1.5736
0.0338,0.0000,0.0000,0.0000,0.0337,0.0001,200,1.5433
0.0219,0.0000,0.0000,0.0000,0.0218,0.0000,200,1.5559
0.0122,0.0000,0.0000,0.0000,0.0121,0.0000,200,1.5656
0.0234,0.0000,0.0000,0.0000,0.0229,0.0000,200,1.5545
0.0024,0.0000,0.0000,0.0000,0.0023,0.0001,200,1.5760
0.0236,0.0000,0.0000,0.0000,0.0235,0.0001,200,1.5549
0.0077,0.0000,0.0000,0.0000,0.0075,0.0001,200,1.5712
0.0035,0.0000,0.0000,0.0000,0.0034,0.0000,200,1.5756
0.0264,0.0000,0.0000,0.0000,0.0263,0.0001,200,1.5532
0.0019,0.0000,0.0000,0.0000,0.0019,0.0000,200,1.5778
0.0245,0.0000,0.0000,0.0000,0.0244,0.0001,200,1.5556
0.0109,0.0000,0.0000,0.0000,0.0108,0.0001,200,1.5695
0.0214,0.0000,0.0000,0.0000,0.0214,0.0001,200,1.5593
0.0286,0.0000,0.0000,0.0000,0.0285,0.0000,200,1.5524
0.0478,0.0000,0.0000,0.0000,0.0477,0.0001,200,1.5340
0.0119,0.0000,0.0000,0.0000,0.0117,0.0001,200,1.5701
0.0214,0.0000,0.0000,0.0000,0.0213,0.0001,200,1.5611
0.0105,0.0000,0.0000,0.0002,0.0102,0.0001,200,1.5721
0.0063,0.0000,0.0000,0.0000,0.0062,0.0000,200,1.5767
0.0525,0.0000,0.0000,0.0000,0.0523,0.0001,200,1.5309
0.0249,0.0000,0.0000,0.0000,0.0248,0.0000,200,1.5592
0.0044,0.0000,0.0000,0.0000,0.0043,0.0000,200,1.5797
0.0059,0.0000,0.0000,0.0001,0.0056,0.0002,200,1.5784
0.0176,0.0000,0.0000,0.0000,0.0175,0.0001,200,1.5667
0.0044,0.0000,0.0000,0.0001,0.0043,0.0000,200,1.5801
0.0070,0.0000,0.0000,0.0000,0.0069,0.0001,200,1.5779
0.0156,0.0000,0.0000,0.0000,0.0155,0.0000,200,1.5695
0.0213,0.0000,0.0000,0.0000,0.0212,0.0000,200,1.5643
0.0020,0.0000,0.0000,0.0000,0.0019,0.0001,200,1.5841
0.0032,0.0000,0.0000,0.0001,0.0030,0.0001,200,1.5834
0.0129,0.0000,0.0000,0.0000,0.0128,0.0000,200,1.5737
0.0028,0.0000,0.0000,0.0000,0.0027,0.0001,200,1.5843
0.0057,0.0000,0.0000,0.0000,0.0056,0.0000,200,1.5821
0.0037,0.0000,0.0000,0.0000,0.0037,0.0000,200,1.5841
0.0358,0.0000,0.0000,0.0000,0.0356,0.0002,200,1.5522
0.0256,0.0000,0.0000,0.0000,0.0256,0.0000,200,1.5628
0.0009,0.0000,0.0000,0.0000,0.0008,0.0001,200,1.5878
0.0059,0.0000,0.0000,0.0000,0.0059,0.0000,200,1.5830
0.0066,0.0000,0.0000,0.0000,0.0065,0.0000,200,1.5824
0.0023,0.0000,0.0000,0.0000,0.0022,0.0001,200,1.5871
0.0060,0.0000,0.0000,0.0000,0.0058,0.0002,200,1.5842
0.0131,0.0000,0.0000,0.0000,0.0130,0.0000,200,1.5772
0.0188,0.0000,0.0000,0.0000,0.0180,0.0007,200,1.5719
0.0111,0.0000,0.0000,0.0000,0.0110,0.0000,200,1.5796
0.0612,0.0000,0.0000,0.0000,0.0611,0.0001,200,1.5297
0.0125,0.0000,0.0000,0.0000,0.0123,0.0001,200,1.5789
0.0034,0.0000,0.0000,0.0000,0.0033,0.0000,200,1.5884
0.0114,0.0000,0.0000,0.0000,0.0111,0.0003,200,1.5810
0.0250,0.0000,0.0000,0.0000,0.0249,0.0001,200,1.5675
0.0241,0.0000,0.0000,0.0000,0.0240,0.0000,200,1.5685
0.0045,0.0000,0.0000,0.0000,0.0042,0.0002,200,1.5889
0.0143,0.0000,0.0000,0.0000,0.0142,0.0000,200,1.5791
0.0038,0.0000,0.0000,0.0000,0.0037,0.0001,200,1.5902
0.0141,0.0000,0.0000,0.0000,0.0140,0.0000,200,1.5804
0.0170,0.0000,0.0000,0.0000,0.0170,0.0000,200,1.5778
0.0165,0.0000,0.0000,0.0000,0.0165,0.0000,200,1.5785
0.0021,0.0000,0.0000,0.0000,0.0019,0.0001,200,1.5934
0.0047,0.0000,0.0000,0.0000,0.0046,0.0001,200,1.5910
0.0115,0.0000,0.0000,0.0000,0.0114,0.0000,200,1.5845
0.0038,0.0000,0.0000,0.0000,0.0037,0.0000,200,1.5926
0.0021,0.0000,0.0000,0.0000,0.0021,0.0000,200,1.5946
0.0350,0.0000,0.0000,0.0000,0.0350,0.0000,200,1.5619
0.0638,0.0000,0.0000,0.0000,0.0637,0.0000,200,1.5335
0.0125,0.0000,0.0000,0.0000,0.0124,0.0000,200,1.5851
0.0243,0.0000,0.0000,0.0000,0.0243,0.0000,200,1.5736
0.0085,0.0000,0.0000,0.0000,0.0083,0.0001,200,1.5902
0.0020,0.0000,0.0000,0.0000,0.0020,0.0000,200,1.5970
0.0385,0.0000,0.0000,0.0000,0.0383,0.0000,200,1.5609
0.0239,0.0000,0.0000,0.0000,0.0237,0.0001,200,1.5757
0.0297,0.0000,0.0000,0.0000,0.0296,0.0001,200,1.5702
0.0067,0.0000,0.0000,0.0000,0.0066,0.0001,200,1.5934
0.0064,0.0000,0.0000,0.0001,0.0063,0.0001,200,1.5940
0.0657,0.0000,0.0000,0.0000,0.0656,0.0001,200,1.5351
0.0421,0.0000,0.0000,0.0000,0.0421,0.0001,200,1.5592
0.0214,0.0000,0.0000,0.0000,0.0213,0.0000,200,1.5807
0.0097,0.0000,0.0000,0.0001,0.0096,0.0000,200,1.5926
0.0106,0.0000,0.0000,0.0000,0.0105,0.0000,200,1.5919
0.0607,0.0000,0.0000,0.0000,0.0605,0.0000,200,1.5422
0.0058,0.0000,0.0000,0.0000,0.0057,0.0000,200,1.5973
0.0065,0.0000,0.0000,0.0000,0.0065,0.0000,200,1.5967
0.0032,0.0000,0.0000,0.0000,0.0031,0.0000,200,1.6004
0.0156,0.0000,0.0000,0.0000,0.0155,0.0000,200,1.5907
0.0173,0.0000,0.0000,0.0000,0.0172,0.0000,200,1.5890
0.0058,0.0000,0.0000,0.0000,0.0057,0.0000,200,1.6007
0.0435,0.0000,0.0000,0.0000,0.0434,0.0000,200,1.5631
0.0072,0.0000,0.0000,0.0000,0.0071,0.0000,200,1.5994
0.0071,0.0000,0.0000,0.0000,0.0070,0.0000,200,1.5995
0.0110,0.0000,0.0000,0.0000,0.0109,0.0000,200,1.5957
0.0112,0.0000,0.0000,0.0000,0.0111,0.0000,200,1.5955
0.0241,0.0000,0.0000,0.0000,0.0240,0.0000,200,1.5827
0.0215,0.0000,0.0000,0.0000,0.0214,0.0000,200,1.5855
0.0618,0.0000,0.0000,0.0004,0.0612,0.0000,200,1.5452
0.0040,0.0000,0.0000,0.0000,0.0039,0.0000,200,1.6031
0.0221,0.0000,0.0000,0.0000,0.0218,0.0003,200,1.5850
0.0117,0.0000,0.0000,0.0000,0.0116,0.0000,200,1.5964
0.0123,0.0000,0.0000,0.0000,0.0122,0.0001,200,1.5960
0.0178,0.0000,0.0000,0.0000,0.0177,0.0000,200,1.5907
0.0077,0.0000,0.0000,0.0000,0.0076,0.0000,200,1.6013
0.0200,0.0000,0.0000,0.0000,0.0195,0.0000,200,1.5894
0.0422,0.0000,0.0000,0.0000,0.0421,0.0000,200,1.5681
0.0216,0.0000,0.0000,0.0000,0.0216,0.0000,200,1.5887
0.0038,0.0000,0.0000,0.0000,0.0037,0.0000,200,1.6066
0.0225,0.0000,0.0000,0.0000,0.0224,0.0001,200,1.5880
0.0247,0.0000,0.0000,0.0000,0.0247,0.0000,200,1.5861
0.0043,0.0000,0.0000,0.0000,0.0043,0.0000,200,1.6065
0.0247,0.0000,0.0000,0.0000,0.0246,0.0000,200,1.5866
0.0092,0.0000,0.0000,0.0000,0.0091,0.0000,200,1.6025
0.0243,0.0000,0.0000,0.0000,0.0243,0.0000,200,1.5878
0.0052,0.0000,0.0000,0.0000,0.0051,0.0000,200,1.6070
0.0022,0.0000,0.0000,0.0000,0.0021,0.0001,200,1.6105
0.0216,0.0000,0.0000,0.0000,0.0215,0.0001,200,1.5914
0.0071,0.0000,0.0000,0.0000,0.0070,0.0001,200,1.6062
0.0107,0.0000,0.0000,0.0000,0.0106,0.0001,200,1.6032
0.0010,0.0000,0.0000,0.0000,0.0009,0.0001,200,1.6133
0.0404,0.0000,0.0000,0.0000,0.0403,0.0001,200,1.5740
0.0331,0.0000,0.0000,0.0000,0.0330,0.0001,200,1.5818
0.0071,0.0000,0.0000,0.0000,0.0070,0.0001,200,1.6080
0.0090,0.0000,0.0000,0.0000,0.0089,0.0001,200,1.6067
0.0080,0.0000,0.0000,0.0000,0.0079,0.0000,200,1.6083
0.0098,0.0000,0.0000,0.0000,0.0097,0.0000,200,1.6071
0.0052,0.0000,0.0000,0.0000,0.0051,0.0001,200,1.6117
0.0736,0.0000,0.0000,0.0000,0.0735,0.0000,200,1.5438
0.0103,0.0000,0.0000,0.0000,0.0102,0.0000,200,1.6071
0.0039,0.0000,0.0000,0.0000,0.0038,0.0000,200,1.6139
0.0115,0.0000,0.0000,0.0000,0.0114,0.0000,200,1.6067
0.0015,0.0000,0.0000,0.0000,0.0014,0.0000,200,1.6168
0.0038,0.0000,0.0000,0.0000,0.0037,0.0000,200,1.6149
0.0064,0.0000,0.0000,0.0000,0.0063,0.0001,200,1.6127
0.0085,0.0000,0.0000,0.0000,0.0085,0.0000,200,1.6108
0.0331,0.0000,0.0000,0.0000,0.0330,0.0001,200,1.5866
0.0171,0.0000,0.0000,0.0000,0.0170,0.0000,200,1.6029
0.0103,0.0000,0.0000,0.0000,0.0102,0.0001,200,1.6104
0.0033,0.0000,0.0000,0.0000,0.0032,0.0001,200,1.6177
0.0063,0.0000,0.0000,0.0000,0.0062,0.0000,200,1.6151
0.0124,0.0000,0.0000,0.0000,0.0124,0.0000,200,1.6094
0.0139,0.0000,0.0000,0.0000,0.0138,0.0000,200,1.6103
0.0172,0.0000,0.0000,0.0000,0.0171,0.0000,200,1.6070
0.0024,0.0000,0.0000,0.0000,0.0023,0.0000,200,1.6218
0.0029,0.0000,0.0000,0.0000,0.0029,0.0000,200,1.6214
0.0222,0.0000,0.0000,0.0000,0.0221,0.0000,200,1.6021
0.0140,0.0000,0.0000,0.0000,0.0139,0.0000,200,1.6103
0.0181,0.0000,0.0000,0.0000,0.0181,0.0000,200,1.6063
0.0075,0.0000,0.0000,0.0000,0.0074,0.0000,200,1.6174
0.1548,0.0000,0.0000,0.0000,0.1548,0.0000,200,1.4703
0.0082,0.0000,0.0000,0.0000,0.0081,0.0000,200,1.6174
0.0194,0.0000,0.0000,0.0000,0.0194,0.0000,200,1.6067
0.0051,0.0000,0.0000,0.0000,0.0050,0.0000,200,1.6210
0.0065,0.0000,0.0000,0.0000,0.0064,0.0000,200,1.6197
0.0019,0.0000,0.0000,0.0000,0.0019,0.0000,200,1.6243
0.0178,0.0000,0.0000,0.0000,0.0177,0.0000,200,1.6085
0.0145,0.0000,0.0000,0.0000,0.0145,0.0000,200,1.6122
0.0249,0.0000,0.0000,0.0000,0.0249,0.0000,200,1.6022
0.0033,0.0000,0.0000,0.0000,0.0032,0.0000,200,1.6243
0.0139,0.0000,0.0000,0.0000,0.0137,0.0002,200,1.6143
0.0025,0.0000,0.0000,0.0000,0.0024,0.0001,200,1.6262
0.0094,0.0000,0.0000,0.0000,0.0093,0.0000,200,1.6193
0.0134,0.0000,0.0000,0.0000,0.0133,0.0000,200,1.6157
0.0053,0.0000,0.0000,0.0000,0.0052,0.0000,200,1.6242
0.0040,0.0000,0.0000,0.0000,0.0038,0.0001,200,1.6262
0.0306,0.0000,0.0000,0.0001,0.0304,0.0001,200,1.6000
0.0184,0.0000,0.0000,0.0000,0.0183,0.0000,200,1.6122
0.0548,0.0000,0.0000,0.0000,0.0547,0.0000,200,1.5764
0.0127,0.0000,0.0000,0.0000,0.0126,0.0001,200,1.6191
0.0254,0.0000,0.0000,0.0000,0.0253,0.0000,200,1.6066
0.0720,0.0000,0.0000,0.0001,0.0719,0.0000,200,1.5602
0.0127,0.0000,0.0000,0.0000,0.0126,0.0001,200,1.6200
0.0086,0.0000,0.0000,0.0000,0.0086,0.0000,200,1.6243
0.0024,0.0000,0.0000,0.0000,0.0023,0.0001,200,1.6313
0.0225,0.0000,0.0000,0.0000,0.0224,0.0000,200,1.6113
0.0051,0.0000,0.0000,0.0000,0.0050,0.0000,200,1.6291
0.0359,0.0000,0.0000,0.0000,0.0358,0.0000,200,1.5987
0.0216,0.0000,0.0000,0.0000,0.0216,0.0000,200,1.6131
0.0025,0.0000,0.0000,0.0002,0.0022,0.0000,200,1.6327
0.0172,0.0000,0.0000,0.0000,0.0170,0.0000,200,1.6183
0.0378,0.0000,0.0000,0.0000,0.0377,0.0000,200,1.5980
0.0358,0.0000,0.0000,0.0000,0.0357,0.0000,200,1.6001
0.0046,0.0000,0.0000,0.0000,0.0044,0.0000,200,1.6318
0.0181,0.0000,0.0000,0.0000,0.0180,0.0000,200,1.6187
0.0132,0.0000,0.0000,0.0000,0.0131,0.0000,200,1.6242
0.0016,0.0000,0.0000,0.0000,0.0015,0.0000,200,1.6359
0.0433,0.0000,0.0000,0.0000,0.0431,0.0001,200,1.5949
0.0240,0.0000,0.0000,0.0000,0.0239,0.0000,200,1.6144
0.0056,0.0000,0.0000,0.0000,0.0055,0.0000,200,1.6330
0.0134,0.0000,0.0000,0.0000,0.0132,0.0000,200,1.6252
0.0040,0.0000,0.0000,0.0000,0.0039,0.0000,200,1.6347
0.0136,0.0000,0.0000,0.0004,0.0131,0.0001,200,1.6256
0.0112,0.0000,0.0000,0.0000,0.0110,0.0001,200,1.6282
0.0059,0.0000,0.0000,0.0001,0.0057,0.0001,200,1.6338
0.0068,0.0000,0.0000,0.0001,0.0066,0.0001,200,1.6336
0.0038,0.0000,0.0000,0.0000,0.0036,0.0002,200,1.6374
0.0454,0.0000,0.0000,0.0000,0.0453,0.0001,200,1.5976
0.0167,0.0000,0.0000,0.0000,0.0166,0.0000,200,1.6276
0.0201,0.0000,0.0000,0.0000,0.0201,0.0000,200,1.6244
0.0096,0.0000,0.0000,0.0000,0.0095,0.0000,200,1.6352
0.0810,0.0000,0.0000,0.0001,0.0809,0.0000,200,1.5640
0.0071,0.0000,0.0000,0.0000,0.0070,0.0000,200,1.6381
0.0070,0.0000,0.0000,0.0000,0.0070,0.0000,200,1.6385
0.0149,0.0000,0.0000,0.0000,0.0148,0.0001,200,1.6364
0.0130,0.0000,0.0000,0.0000,0.0130,0.0001,200,1.6386
0.0276,0.0000,0.0000,0.0000,0.0273,0.0001,200,1.6249
0.0230,0.0000,0.0000,0.0000,0.0229,0.0001,200,1.6306
0.0179,0.0000,0.0000,0.0000,0.0178,0.0000,200,1.6358
0.0368,0.0000,0.0000,0.0005,0.0363,0.0000,200,1.6168
0.0024,0.0000,0.0000,0.0000,0.0023,0.0001,200,1.6513
0.0380,0.0000,0.0000,0.0000,0.0380,0.0000,200,1.6163
0.0437,0.0000,0.0000,0.0000,0.0436,0.0000,200,1.6108
0.0100,0.0000,0.0000,0.0000,0.0098,0.0002,200,1.6452
0.0168,0.0000,0.0000,0.0000,0.0167,0.0000,200,1.6386
0.0022,0.0000,0.0000,0.0000,0.0021,0.0001,200,1.6536
0.0814,0.0000,0.0000,0.0000,0.0813,0.0000,200,1.5746
0.0121,0.0000,0.0000,0.0000,0.0120,0.0001,200,1.6445
0.0216,0.0000,0.0000,0.0000,0.0214,0.0001,200,1.6356
0.0160,0.0000,0.0000,0.0000,0.0159,0.0000,200,1.6412
0.0627,0.0000,0.0000,0.0000,0.0626,0.0001,200,1.5950
0.0517,0.0000,0.0000,0.0000,0.0516,0.0000,200,1.6066
0.0376,0.0000,0.0000,0.0000,0.0375,0.0001,200,1.6207
0.0011,0.0000,0.0000,0.0000,0.0010,0.0000,200,1.6577
0.0556,0.0000,0.0000,0.0000,0.0555,0.0000,200,1.6036
0.0505,0.0000,0.0000,0.0000,0.0504,0.0001,200,1.6090
0.0234,0.0000,0.0000,0.0000,0.0233,0.0000,200,1.6367
0.0062,0.0000,0.0000,0.0000,0.0060,0.0001,200,1.6546
0.0222,0.0000,0.0000,0.0000,0.0221,0.0000,200,1.6392
0.0316,0.0000,0.0000,0.0000,0.0314,0.0000,200,1.6301
0.0189,0.0000,0.0000,0.0000,0.0188,0.0001,200,1.6431
0.0024,0.0000,0.0000,0.0000,0.0022,0.0001,200,1.6602
0.0286,0.0000,0.0000,0.0000,0.0285,0.0001,200,1.6342
0.0090,0.0000,0.0000,0.0000,0.0089,0.0000,200,1.6544
0.0366,0.0000,0.0000,0.0000,0.0365,0.0000,200,1.6272
0.0026,0.0000,0.0000,0.0000,0.0025,0.0000,200,1.6617
0.0382,0.0000,0.0000,0.0000,0.0381,0.0000,200,1.6262
0.0323,0.0000,0.0000,0.0000,0.0323,0.0000,200,1.6322
0.0305,0.0000,0.0000,0.0000,0.0305,0.0000,200,1.6346
0.0120,0.0000,0.0000,0.0000,0.0119,0.0000,200,1.6537
0.0051,0.0000,0.0000,0.0000,0.0049,0.0000,200,1.6608
0.0106,0.0000,0.0000,0.0000,0.0102,0.0003,200,1.6561
0.0116,0.0000,0.0000,0.0000,0.0115,0.0001,200,1.6554
0.0356,0.0000,0.0000,0.0001,0.0354,0.0001,200,1.6320
0.0161,0.0000,0.0000,0.0000,0.0160,0.0000,200,1.6517
0.0399,0.0000,0.0000,0.0000,0.0399,0.0000,200,1.6287
0.0042,0.0000,0.0000,0.0002,0.0039,0.0000,200,1.6645
0.0135,0.0000,0.0000,0.0000,0.0133,0.0002,200,1.6552
0.0039,0.0000,0.0000,0.0000,0.0038,0.0001,200,1.6658
0.0250,0.0000,0.0000,0.0000,0.0250,0.0000,200,1.6447
0.0404,0.0000,0.0000,0.0000,0.0402,0.0001,200,1.6295
0.0294,0.0000,0.0000,0.0000,0.0294,0.0000,200,1.6405
0.0397,0.0000,0.0000,0.0000,0.0397,0.0001,200,1.6305
0.0010,0.0000,0.0000,0.0000,0.0009,0.0001,200,1.6698
0.0037,0.0000,0.0000,0.0000,0.0036,0.0001,200,1.6675
0.0095,0.0000,0.0000,0.0000,0.0094,0.0000,200,1.6620
0.0454,0.0000,0.0000,0.0000,0.0454,0.0000,200,1.6263
0.0539,0.0000,0.0000,0.0000,0.0538,0.0001,200,1.6181
0.0130,0.0000,0.0000,0.0000,0.0130,0.0000,200,1.6592
0.0087,0.0000,0.0000,0.0000,0.0086,0.0000,200,1.6643
0.0147,0.0000,0.0000,0.0000,0.0147,0.0001,200,1.6583
0.0044,0.0000,0.0000,0.0000,0.0041,0.0001,200,1.6686
0.0036,0.0000,0.0000,0.0000,0.0035,0.0001,200,1.6698
0.0024,0.0000,0.0000,0.0000,0.0023,0.0000,200,1.6715
0.0177,0.0000,0.0000,0.0000,0.0176,0.0000,200,1.6566
0.0114,0.0000,0.0000,0.0001,0.0112,0.0001,200,1.6633
0.0375,0.0000,0.0000,0.0000,0.0374,0.0001,200,1.6375
0.0299,0.0000,0.0000,0.0000,0.0288,0.0002,200,1.6455
0.0044,0.0000,0.0000,0.0000,0.0043,0.0000,200,1.6712
0.0172,0.0000,0.0000,0.0000,0.0171,0.0000,200,1.6588
0.0206,0.0000,0.0000,0.0000,0.0205,0.0000,200,1.6558
0.0161,0.0000,0.0000,0.0000,0.0160,0.0000,200,1.6613
0.0512,0.0000,0.0000,0.0000,0.0511,0.0000,200,1.6262
0.0036,0.0000,0.0000,0.0000,0.0035,0.0000,200,1.6738
0.0135,0.0000,0.0000,0.0000,0.0133,0.0001,200,1.6644
0.0383,0.0000,0.0000,0.0000,0.0382,0.0000,200,1.6397
0.0115,0.0000,0.0000,0.0001,0.0113,0.0001,200,1.6670
0.0047,0.0000,0.0000,0.0000,0.0046,0.0000,200,1.6743
0.0059,0.0000,0.0000,0.0000,0.0059,0.0000,200,1.6734
0.0410,0.0000,0.0000,0.0000,0.0409,0.0000,200,1.6383
0.0077,0.0000,0.0000,0.0000,0.0076,0.0000,200,1.6722
0.0081,0.0000,0.0000,0.0000,0.0079,0.0001,200,1.6720
0.0084,0.0000,0.0000,0.0000,0.0083,0.0000,200,1.6730
0.0030,0.0000,0.0000,0.0000,0.0028,0.0000,200,1.6785
0.0245,0.0000,0.0000,0.0000,0.0244,0.0000,200,1.6572
0.0076,0.0000,0.0000,0.0000,0.0075,0.0000,200,1.6748
0.0066,0.0000,0.0000,0.0000,0.0065,0.0000,200,1.6760
0.0174,0.0000,0.0000,0.0000,0.0172,0.0001,200,1.6657
0.0068,0.0000,0.0000,0.0000,0.0067,0.0000,200,1.6765
0.0384,0.0000,0.0000,0.0000,0.0383,0.0000,200,1.6449
0.0045,0.0000,0.0000,0.0000,0.0043,0.0002,200,1.6793
0.0145,0.0000,0.0000,0.0000,0.0144,0.0001,200,1.6698
0.0057,0.0000,0.0000,0.0001,0.0055,0.0001,200,1.6790
0.0327,0.0000,0.0000,0.0000,0.0325,0.0002,200,1.6525
0.0205,0.0000,0.0000,0.0000,0.0203,0.0001,200,1.6651
0.0037,0.0000,0.0000,0.0000,0.0036,0.0001,200,1.6826
0.0019,0.0000,0.0000,0.0000,0.0018,0.0000,200,1.6847
0.0009,0.0000,0.0000,0.0000,0.0008,0.0000,200,1.6866
0.0249,0.0000,0.0000,0.0000,0.0248,0.0000,200,1.6626
0.0303,0.0000,0.0000,0.0000,0.0302,0.0000,200,1.6571
0.0188,0.0000,0.0000,0.0000,0.0186,0.0000,200,1.6687
0.0123,0.0000,0.0000,0.0000,0.0122,0.0000,200,1.6756
0.0216,0.0000,0.0000,0.0000,0.0215,0.0000,200,1.6667
0.0600,0.0000,0.0000,0.0000,0.0599,0.0000,200,1.6286
0.0174,0.0000,0.0000,0.0000,0.0173,0.0000,200,1.6717
0.0114,0.0000,0.0000,0.0000,0.0113,0.0001,200,1.6779
0.0211,0.0000,0.0000,0.0000,0.0210,0.0000,200,1.6687
0.0102,0.0000,0.0000,0.0001,0.0101,0.0001,200,1.6801
0.0466,0.0000,0.0000,0.0000,0.0465,0.0000,200,1.6443
0.0034,0.0000,0.0000,0.0000,0.0033,0.0001,200,1.6879
0.0084,0.0000,0.0000,0.0000,0.0082,0.0001,200,1.6833
0.0019,0.0000,0.0000,0.0000,0.0018,0.0000,200,1.6903
0.0102,0.0000,0.0000,0.0004,0.0096,0.0000,200,1.6824
0.0152,0.0000,0.0000,0.0000,0.0146,0.0006,200,1.6774
0.0040,0.0000,0.0000,0.0000,0.0039,0.0000,200,1.6893
0.0544,0.0000,0.0000,0.0000,0.0544,0.0000,200,1.6394
0.0948,0.0000,0.0000,0.0001,0.0947,0.0000,200,1.5990
0.0090,0.0000,0.0000,0.0000,0.0089,0.0000,200,1.6852
0.0189,0.0000,0.0000,0.0000,0.0188,0.0000,200,1.6754
0.0705,0.0000,0.0000,0.0000,0.0704,0.0000,200,1.6242
0.0089,0.0000,0.0000,0.0000,0.0088,0.0001,200,1.6862
0.0029,0.0000,0.0000,0.0000,0.0028,0.0000,200,1.6925
0.0375,0.0000,0.0000,0.0001,0.0374,0.0001,200,1.6583
0.0190,0.0000,0.0000,0.0000,0.0188,0.0000,200,1.6774
0.0339,0.0000,0.0000,0.0000,0.0339,0.0000,200,1.6628
0.0077,0.0000,0.0000,0.0000,0.0074,0.0000,200,1.6897
0.0100,0.0000,0.0000,0.0000,0.0097,0.0002,200,1.6874
0.0036,0.0000,0.0000,0.0000,0.0035,0.0000,200,1.6938
0.0033,0.0000,0.0000,0.0000,0.0033,0.0001,200,1.6942
0.0166,0.0000,0.0000,0.0000,0.0166,0.0001,200,1.6815
0.0205,0.0000,0.0000,0.0000,0.0204,0.0000,200,1.6780
0.0082,0.0000,0.0000,0.0000,0.0079,0.0002,200,1.6909
0.0072,0.0000,0.0000,0.0000,0.0072,0.0001,200,1.6921
0.0022,0.0000,0.0000,0.0000,0.0019,0.0002,200,1.6974
0.0105,0.0000,0.0000,0.0000,0.0104,0.0000,200,1.6891
0.0203,0.0000,0.0000,0.0000,0.0203,0.0000,200,1.6798
0.0085,0.0000,0.0000,0.0000,0.0083,0.0000,200,1.6917
0.0038,0.0000,0.0000,0.0000,0.0038,0.0000,200,1.6963
0.0035,0.0000,0.0000,0.0002,0.0032,0.0000,200,1.6974
0.0195,0.0000,0.0000,0.0000,0.0194,0.0001,200,1.6817
0.0088,0.0000,0.0000,0.0000,0.0087,0.0000,200,1.6926
0.0087,0.0000,0.0000,0.0000,0.0086,0.0001,200,1.6933
0.0080,0.0000,0.0000,0.0000,0.0079,0.0000,200,1.6943
0.0038,0.0000,0.0000,0.0000,0.0037,0.0001,200,1.6985
0.0761,0.0000,0.0000,0.0000,0.0760,0.0001,200,1.6267
0.0392,0.0000,0.0000,0.0002,0.0389,0.0000,200,1.6638
0.0286,0.0000,0.0000,0.0000,0.0285,0.0000,200,1.6750
0.0152,0.0000,0.0000,0.0000,0.0151,0.0001,200,1.6887
0.0206,0.0000,0.0000,0.0000,0.0205,0.0000,200,1.6839
0.0051,0.0000,0.0000,0.0000,0.0049,0.0000,200,1.6996
0.0196,0.0000,0.0000,0.0000,0.0194,0.0001,200,1.6856
0.0009,0.0000,0.0000,0.0000,0.0009,0.0000,200,1.7044
0.0382,0.0000,0.0000,0.0000,0.0381,0.0000,200,1.6677
0.0250,0.0000,0.0000,0.0000,0.0249,0.0000,200,1.6814
0.0110,0.0000,0.0000,0.0000,0.0109,0.0000,200,1.6955
0.0193,0.0000,0.0000,0.0000,0.0192,0.0000,200,1.6875
0.0294,0.0000,0.0000,0.0001,0.0293,0.0000,200,1.6775
0.0043,0.0000,0.0000,0.0000,0.0042,0.0001,200,1.7030
0.0040,0.0000,0.0000,0.0001,0.0037,0.0001,200,1.7039
0.0071,0.0000,0.0000,0.0000,0.0070,0.0001,200,1.7009
0.0106,0.0000,0.0000,0.0000,0.0105,0.0000,200,1.6974
0.0200,0.0000,0.0000,0.0000,0.0199,0.0000,200,1.6883
0.0018,0.0000,0.0000,0.0000,0.0017,0.0000,200,1.7068
0.0110,0.0000,0.0000,0.0000,0.0109,0.0001,200,1.6981
0.0041,0.0000,0.0000,0.0000,0.0040,0.0001,200,1.7053
0.0121,0.0000,0.0000,0.0000,0.0120,0.0000,200,1.6976
0.0403,0.0000,0.0000,0.0001,0.0402,0.0000,200,1.6699
0.0568,0.0000,0.0000,0.0000,0.0566,0.0001,200,1.6536
0.0235,0.0000,0.0000,0.0000,0.0234,0.0000,200,1.6875
0.0031,0.0000,0.0000,0.0000,0.0029,0.0001,200,1.7083
0.0091,0.0000,0.0000,0.0001,0.0090,0.0001,200,1.7028
0.0010,0.0000,0.0000,0.0000,0.0010,0.0000,200,1.7110
0.0065,0.0000,0.0000,0.0000,0.0063,0.0001,200,1.7060
0.0138,0.0000,0.0000,0.0000,0.0136,0.0001,200,1.6991
0.0047,0.0000,0.0000,0.0000,0.0045,0.0001,200,1.7086
0.0119,0.0000,0.0000,0.0000,0.0118,0.0000,200,1.7014
0.0125,0.0000,0.0000,0.0001,0.0123,0.0001,200,1.7012
0.0295,0.0000,0.0000,0.0000,0.0294,0.0000,200,1.6843
0.0017,0.0000,0.0000,0.0000,0.0016,0.0001,200,1.7124
0.0015,0.0000,0.0000,0.0000,0.0014,0.0000,200,1.7129
0.0414,0.0000,0.0000,0.0000,0.0413,0.0000,200,1.6730
0.0318,0.0000,0.0000,0.0000,0.0315,0.0002,200,1.6831
0.0009,0.0000,0.0000,0.0000,0.0008,0.0000,200,1.7143
0.0013,0.0000,0.0000,0.0000,0.0012,0.0001,200,1.7141
0.0283,0.0000,0.0000,0.0000,0.0282,0.0000,200,1.6874
0.0024,0.0000,0.0000,0.0000,0.0022,0.0001,200,1.7137
0.0089,0.0000,0.0000,0.0002,0.0085,0.0000,200,1.7078
0.0033,0.0000,0.0000,0.0000,0.0032,0.0000,200,1.7138
0.0102,0.0000,0.0000,0.0000,0.0101,0.0000,200,1.7073
0.0082,0.0000,0.0000,0.0000,0.0081,0.0001,200,1.7096
0.0038,0.0000,0.0000,0.0000,0.0035,0.0003,200,1.7144
0.0270,0.0000,0.0000,0.0000,0.0268,0.0000,200,1.6913
0.0184,0.0000,0.0000,0.0000,0.0183,0.0000,200,1.7002
0.0032,0.0000,0.0000,0.0000,0.0031,0.0000,200,1.7161
0.0076,0.0000,0.0000,0.0002,0.0072,0.0001,200,1.7120
0.0161,0.0000,0.0000,0.0000,0.0160,0.0000,200,1.7036
0.0175,0.0000,0.0000,0.0000,0.0170,0.0005,200,1.7023
0.0032,0.0000,0.0000,0.0000,0.0032,0.0000,200,1.7171
0.0114,0.0000,0.0000,0.0000,0.0113,0.0000,200,1.7091
0.0026,0.0000,0.0000,0.0000,0.0026,0.0000,200,1.7185
0.0489,0.0000,0.0000,0.0000,0.0483,0.0005,200,1.6730
0.0150,0.0000,0.0000,0.0000,0.0149,0.0000,200,1.7069
0.0088,0.0000,0.0000,0.0015,0.0067,0.0006,200,1.7133
0.0028,0.0000,0.0000,0.0000,0.0027,0.0001,200,1.7198
0.0438,0.0000,0.0000,0.0000,0.0438,0.0000,200,1.6793
0.0027,0.0000,0.0000,0.0000,0.0024,0.0001,200,1.7205
0.0528,0.0000,0.0000,0.0000,0.0524,0.0003,200,1.6708
0.0024,0.0000,0.0000,0.0000,0.0023,0.0000,200,1.7212
0.0020,0.0000,0.0000,0.0000,0.0019,0.0000,200,1.7218
0.0297,0.0000,0.0000,0.0000,0.0294,0.0003,200,1.6947
0.0251,0.0000,0.0000,0.0000,0.0250,0.0000,200,1.6994
0.0201,0.0000,0.0000,0.0000,0.0200,0.0000,200,1.7047
0.0028,0.0000,0.0000,0.0005,0.0020,0.0002,200,1.7226
0.0160,0.0000,0.0000,0.0000,0.0158,0.0001,200,1.7095
0.0325,0.0000,0.0000,0.0000,0.0320,0.0004,200,1.6938
0.0031,0.0000,0.0000,0.0000,0.0031,0.0000,200,1.7232
0.0433,0.0000,0.0000,0.0000,0.0430,0.0002,200,1.6834
0.0074,0.0000,0.0000,0.0000,0.0073,0.0001,200,1.7196
0.0271,0.0000,0.0000,0.0000,0.0270,0.0000,200,1.7002
0.0118,0.0000,0.0000,0.0000,0.0115,0.0002,200,1.7157
0.0082,0.0000,0.0000,0.0000,0.0081,0.0000,200,1.7197
0.0148,0.0000,0.0000,0.0015,0.0133,0.0000,200,1.7133
0.0585,0.0000,0.0000,0.0000,0.0584,0.0001,200,1.6703
0.0143,0.0000,0.0000,0.0000,0.0142,0.0001,200,1.7149
0.0089,0.0000,0.0000,0.0000,0.0088,0.0000,200,1.7204
0.0216,0.0000,0.0000,0.0001,0.0213,0.0001,200,1.7080
0.0233,0.0000,0.0000,0.0000,0.0232,0.0000,200,1.7065
0.0058,0.0000,0.0000,0.0001,0.0057,0.0000,200,1.7245
0.0041,0.0000,0.0000,0.0000,0.0041,0.0000,200,1.7263
0.0287,0.0000,0.0000,0.0001,0.0286,0.0001,200,1.7019
0.0046,0.0000,0.0000,0.0000,0.0045,0.0000,200,1.7263
0.0058,0.0000,0.0000,0.0000,0.0057,0.0000,200,1.7254
0.0160,0.0000,0.0000,0.0000,0.0159,0.0000,200,1.7154
0.0204,0.0000,0.0000,0.0000,0.0203,0.0000,200,1.7113
0.0057,0.0000,0.0000,0.0000,0.0056,0.0000,200,1.7266
0.0037,0.0000,0.0000,0.0000,0.0037,0.0000,200,1.7292
0.0088,0.0000,0.0000,0.0000,0.0087,0.0000,200,1.7244
0.0045,0.0000,0.0000,0.0000,0.0041,0.0003,200,1.7287
0.0098,0.0000,0.0000,0.0000,0.0097,0.0000,200,1.7238
0.0046,0.0000,0.0000,0.0000,0.0045,0.0000,200,1.7292
0.0166,0.0000,0.0000,0.0000,0.0165,0.0001,200,1.7175
0.0112,0.0000,0.0000,0.0000,0.0111,0.0001,200,1.7236
0.0077,0.0000,0.0000,0.0000,0.0077,0.0000,200,1.7272
0.0178,0.0000,0.0000,0.0001,0.0177,0.0001,200,1.7179
0.0191,0.0000,0.0000,0.0000,0.0190,0.0000,200,1.7167
0.0148,0.0000,0.0000,0.0000,0.0143,0.0004,200,1.7221
0.0122,0.0000,0.0000,0.0000,0.0121,0.0000,200,1.7247
0.0034,0.0000,0.0000,0.0000,0.0033,0.0000,200,1.7336
0.0044,0.0000,0.0000,0.0000,0.0043,0.0001,200,1.7332
0.0227,0.0000,0.0000,0.0000,0.0226,0.0000,200,1.7152
0.0329,0.0000,0.0000,0.0001,0.0327,0.0000,200,1.7052
0.0049,0.0000,0.0000,0.0000,0.0047,0.0002,200,1.7338
0.0077,0.0000,0.0000,0.0000,0.0076,0.0000,200,1.7312
0.0444,0.0000,0.0000,0.0000,0.0442,0.0002,200,1.6951
0.0057,0.0000,0.0000,0.0000,0.0057,0.0000,200,1.7341
0.0021,0.0000,0.0000,0.0000,0.0020,0.0000,200,1.7381
0.0056,0.0000,0.0000,0.0001,0.0053,0.0001,200,1.7350
0.0112,0.0000,0.0000,0.0000,0.0111,0.0000,200,1.7297
0.0135,0.0000,0.0000,0.0000,0.0134,0.0001,200,1.7279
0.0092,0.0000,0.0000,0.0000,0.0091,0.0000,200,1.7329
0.0023,0.0000,0.0000,0.0000,0.0022,0.0000,200,1.7398
0.0052,0.0000,0.0000,0.0001,0.0050,0.0000,200,1.7369
0.0130,0.0000,0.0000,0.0000,0.0129,0.0000,200,1.7296
0.0322,0.0000,0.0000,0.0000,0.0321,0.0000,200,1.7105
0.0473,0.0000,0.0000,0.0000,0.0471,0.0001,200,1.6958
0.0102,0.0000,0.0000,0.0000,0.0101,0.0000,200,1.7332
0.0164,0.0000,0.0000,0.0000,0.0163,0.0001,200,1.7275
0.0056,0.0000,0.0000,0.0000,0.0054,0.0001,200,1.7387
0.0476,0.0000,0.0000,0.0000,0.0474,0.0000,200,1.6967
0.0447,0.0000,0.0000,0.0000,0.0446,0.0001,200,1.7002
0.0353,0.0000,0.0000,0.0000,0.0351,0.0001,200,1.7102
0.0035,0.0000,0.0000,0.0000,0.0034,0.0000,200,1.7421
0.0275,0.0000,0.0000,0.0000,0.0274,0.0001,200,1.7183
0.0022,0.0000,0.0000,0.0000,0.0021,0.0000,200,1.7439
0.0029,0.0000,0.0000,0.0000,0.0028,0.0001,200,1.7434
0.0034,0.0000,0.0000,0.0000,0.0033,0.0000,200,1.7432
0.0091,0.0000,0.0000,0.0000,0.0091,0.0000,200,1.7376
0.0165,0.0000,0.0000,0.0000,0.0164,0.0001,200,1.7303
0.0067,0.0000,0.0000,0.0000,0.0066,0.0000,200,1.7406
0.0194,0.0000,0.0000,0.0000,0.0193,0.0000,200,1.7281
0.0034,0.0000,0.0000,0.0000,0.0033,0.0000,200,1.7443
0.0166,0.0000,0.0000,0.0000,0.0165,0.0000,200,1.7317
0.0023,0.0000,0.0000,0.0000,0.0020,0.0000,200,1.7463
0.0113,0.0000,0.0000,0.0000,0.0112,0.0000,200,1.7379
0.0023,0.0000,0.0000,0.0000,0.0021,0.0002,200,1.7473
0.0204,0.0000,0.0000,0.0000,0.0203,0.0000,200,1.7306
0.0042,0.0000,0.0000,0.0000,0.0041,0.0000,200,1.7468
0.0100,0.0000,0.0000,0.0000,0.0095,0.0005,200,1.7426
0.0156,0.0000,0.0000,0.0000,0.0155,0.0000,200,1.7371
0.0062,0.0000,0.0000,0.0000,0.0061,0.0000,200,1.7466
0.0023,0.0000,0.0000,0.0000,0.0022,0.0000,200,1.7510
0.0316,0.0000,0.0000,0.0000,0.0315,0.0001,200,1.7219
0.0043,0.0000,0.0000,0.0001,0.0040,0.0001,200,1.7496
0.0303,0.0000,0.0000,0.0000,0.0303,0.0000,200,1.7236
0.0351,0.0000,0.0000,0.0000,0.0350,0.0001,200,1.7193
0.0014,0.0000,0.0000,0.0000,0.0013,0.0001,200,1.7533
0.0181,0.0000,0.0000,0.0000,0.0180,0.0001,200,1.7368
0.0323,0.0000,0.0000,0.0000,0.0316,0.0001,200,1.7231
0.0023,0.0000,0.0000,0.0000,0.0021,0.0001,200,1.7535
0.0017,0.0000,0.0000,0.0000,0.0015,0.0002,200,1.7543
0.0083,0.0000,0.0000,0.0000,0.0082,0.0000,200,1.7484
0.0175,0.0000,0.0000,0.0000,0.0174,0.0001,200,1.7395
0.0212,0.0000,0.0000,0.0000,0.0211,0.0001,200,1.7358
0.0229,0.0000,0.0000,0.0000,0.0228,0.0000,200,1.7348
0.0138,0.0000,0.0000,0.0000,0.0137,0.0000,200,1.7443
0.0074,0.0000,0.0000,0.0000,0.0073,0.0000,200,1.7510
0.0285,0.0000,0.0000,0.0000,0.0284,0.0000,200,1.7304
0.0279,0.0000,0.0000,0.0000,0.0277,0.0000,200,1.7315
0.0040,0.0000,0.0000,0.0000,0.0039,0.0001,200,1.7558
0.0072,0.0000,0.0000,0.0000,0.0072,0.0000,200,1.7528
0.0487,0.0000,0.0000,0.0000,0.0485,0.0002,200,1.7120
0.0299,0.0000,0.0000,0.0000,0.0298,0.0000,200,1.7309
0.0039,0.0000,0.0000,0.0000,0.0038,0.0001,200,1.7570
0.0012,0.0000,0.0000,0.0000,0.0009,0.0001,200,1.7600
0.0431,0.0000,0.0000,0.0000,0.0430,0.0000,200,1.7182
0.0053,0.0000,0.0000,0.0000,0.0052,0.0001,200,1.7566
0.0094,0.0000,0.0000,0.0000,0.0093,0.0000,200,1.7526
0.0238,0.0000,0.0000,0.0000,0.0237,0.0000,200,1.7388
0.0169,0.0000,0.0000,0.0000,0.0168,0.0000,200,1.7461
0.0106,0.0000,0.0000,0.0000,0.0105,0.0000,200,1.7526
0.0027,0.0000,0.0000,0.0000,0.0026,0.0000,200,1.7609
0.0070,0.0000,0.0000,0.0000,0.0069,0.0001,200,1.7570
0.0169,0.0000,0.0000,0.0000,0.0169,0.0000,200,1.7477
0.0118,0.0000,0.0000,0.0001,0.0117,0.0000,200,1.7554
0.0037,0.0000,0.0000,0.0000,0.0036,0.0000,200,1.7636
0.0218,0.0000,0.0000,0.0000,0.0216,0.0001,200,1.7455
0.0651,0.0000,0.0000,0.0000,0.0650,0.0000,200,1.7023
0.0046,0.0000,0.0000,0.0000,0.0045,0.0001,200,1.7630
0.0189,0.0000,0.0000,0.0000,0.0188,0.0001,200,1.7492
0.0136,0.0000,0.0000,0.0000,0.0134,0.0001,200,1.7547
0.0292,0.0000,0.0000,0.0003,0.0287,0.0001,200,1.7401
0.0068,0.0000,0.0000,0.0000,0.0067,0.0001,200,1.7632
0.0302,0.0000,0.0000,0.0000,0.0301,0.0000,200,1.7409
0.0098,0.0000,0.0000,0.0000,0.0097,0.0000,200,1.7614
0.0230,0.0000,0.0000,0.0000,0.0229,0.0000,200,1.7486
0.0133,0.0000,0.0000,0.0000,0.0132,0.0001,200,1.7585
0.0266,0.0000,0.0000,0.0000,0.0265,0.0000,200,1.7458
0.0056,0.0000,0.0000,0.0001,0.0054,0.0000,200,1.7682
0.0062,0.0000,0.0000,0.0001,0.0061,0.0000,200,1.7676
0.0109,0.0000,0.0000,0.0000,0.0107,0.0001,200,1.7630
0.0200,0.0000,0.0000,0.0000,0.0198,0.0000,200,1.7539
0.0149,0.0000,0.0000,0.0000,0.0148,0.0000,200,1.7594
0.0128,0.0000,0.0000,0.0000,0.0127,0.0001,200,1.7620
0.0027,0.0000,0.0000,0.0000,0.0026,0.0000,200,1.7724
0.0016,0.0000,0.0000,0.0000,0.0015,0.0000,200,1.7738
0.0337,0.0000,0.0000,0.0000,0.0337,0.0000,200,1.7421
0.0347,0.0000,0.0000,0.0000,0.0346,0.0000,200,1.7415
0.0093,0.0000,0.0000,0.0000,0.0092,0.0000,200,1.7674
0.0152,0.0000,0.0000,0.0000,0.0151,0.0001,200,1.7620
0.0102,0.0000,0.0000,0.0000,0.0101,0.0001,200,1.7672
0.0107,0.0000,0.0000,0.0000,0.0106,0.0000,200,1.7673
0.0013,0.0000,0.0000,0.0000,0.0012,0.0000,200,1.7772
0.0040,0.0000,0.0000,0.0000,0.0039,0.0001,200,1.7748
0.0183,0.0000,0.0000,0.0000,0.0182,0.0001,200,1.7607
0.0083,0.0000,0.0000,0.0000,0.0079,0.0004,200,1.7716
0.0250,0.0000,0.0000,0.0000,0.0249,0.0000,200,1.7550
0.0154,0.0000,0.0000,0.0000,0.0153,0.0000,200,1.7646
0.0046,0.0000,0.0000,0.0000,0.0046,0.0000,200,1.7759
0.0119,0.0000,0.0000,0.0000,0.0118,0.0000,200,1.7693
0.0236,0.0000,0.0000,0.0000,0.0232,0.0003,200,1.7576
0.0014,0.0000,0.0000,0.0000,0.0013,0.0000,200,1.7799
0.0031,0.0000,0.0000,0.0001,0.0030,0.0000,200,1.7788
0.0744,0.0000,0.0000,0.0000,0.0744,0.0000,200,1.7080
0.0361,0.0000,0.0000,0.0000,0.0360,0.0000,200,1.7467
0.0085,0.0000,0.0000,0.0000,0.0084,0.0000,200,1.7750
0.0154,0.0000,0.0000,0.0000,0.0153,0.0000,200,1.7681
0.0024,0.0000,0.0000,0.0001,0.0022,0.0000,200,1.7812
0.0167,0.0000,0.0000,0.0000,0.0166,0.0000,200,1.7673
0.0107,0.0000,0.0000,0.0000,0.0106,0.0000,200,1.7738
0.0137,0.0000,0.0000,0.0000,0.0136,0.0000,200,1.7712
0.0048,0.0000,0.0000,0.0000,0.0047,0.0001,200,1.7805
0.0076,0.0000,0.0000,0.0001,0.0074,0.0000,200,1.7779
0.0030,0.0000,0.0000,0.0000,0.0029,0.0001,200,1.7828
0.0274,0.0000,0.0000,0.0000,0.0273,0.0001,200,1.7590
0.0032,0.0000,0.0000,0.0000,0.0030,0.0002,200,1.7835
0.0161,0.0000,0.0000,0.0000,0.0160,0.0000,200,1.7711
0.0237,0.0000,0.0000,0.0000,0.0236,0.0001,200,1.7640
0.0021,0.0000,0.0000,0.0000,0.0019,0.0002,200,1.7856
0.0080,0.0000,0.0000,0.0001,0.0079,0.0000,200,1.7800
0.0129,0.0000,0.0000,0.0000,0.0128,0.0001,200,1.7753
0.0040,0.0000,0.0000,0.0000,0.0039,0.0000,200,1.7846
0.0285,0.0000,0.0000,0.0000,0.0283,0.0001,200,1.7607
0.0052,0.0000,0.0000,0.0000,0.0051,0.0000,200,1.7840
0.0472,0.0000,0.0000,0.0000,0.0471,0.0001,200,1.7426
0.0037,0.0000,0.0000,0.0000,0.0036,0.0001,200,1.7864
0.0021,0.0000,0.0000,0.0000,0.0019,0.0002,200,1.7886
0.0550,0.0000,0.0000,0.0000,0.0549,0.0000,200,1.7357
0.0590,0.0000,0.0000,0.0000,0.0589,0.0001,200,1.7323
0.0498,0.0000,0.0000,0.0000,0.0498,0.0000,200,1.7421
0.0045,0.0000,0.0000,0.0000,0.0041,0.0004,200,1.7880
0.0106,0.0000,0.0000,0.0000,0.0105,0.0000,200,1.7819
0.0018,0.0000,0.0000,0.0000,0.0016,0.0000,200,1.7907
0.0057,0.0000,0.0000,0.0000,0.0055,0.0002,200,1.7876
0.0067,0.0000,0.0000,0.0000,0.0067,0.0000,200,1.7868
0.0065,0.0000,0.0000,0.0000,0.0064,0.0000,200,1.7872
0.0672,0.0000,0.0000,0.0001,0.0670,0.0001,200,1.7270
0.0014,0.0000,0.0000,0.0002,0.0010,0.0001,200,1.7933
0.0029,0.0000,0.0000,0.0000,0.0028,0.0000,200,1.7920
0.0132,0.0000,0.0000,0.0000,0.0130,0.0001,200,1.7824
0.0124,0.0000,0.0000,0.0000,0.0123,0.0000,200,1.7836
0.0262,0.0000,0.0000,0.0000,0.0261,0.0000,200,1.7701
0.0113,0.0000,0.0000,0.0000,0.0112,0.0000,200,1.7853
0.0033,0.0000,0.0000,0.0000,0.0032,0.0000,200,1.7935
0.0204,0.0000,0.0000,0.0000,0.0203,0.0001,200,1.7767
0.0069,0.0000,0.0000,0.0000,0.0068,0.0000,200,1.7907
0.0261,0.0000,0.0000,0.0000,0.0260,0.0000,200,1.7718
0.0421,0.0000,0.0000,0.0000,0.0420,0.0000,200,1.7561
0.0061,0.0000,0.0000,0.0000,0.0061,0.0000,200,1.7925
0.0108,0.0000,0.0000,0.0000,0.0106,0.0001,200,1.7883
0.0147,0.0000,0.0000,0.0000,0.0146,0.0001,200,1.7848
0.0525,0.0000,0.0000,0.0000,0.0524,0.0000,200,1.7475
0.0045,0.0000,0.0000,0.0000,0.0032,0.0000,200,1.7956
0.0553,0.0000,0.0000,0.0000,0.0552,0.0001,200,1.7449
0.0114,0.0000,0.0000,0.0000,0.0113,0.0000,200,1.7892
0.0021,0.0000,0.0000,0.0000,0.0020,0.0000,200,1.8001
0.0483,0.0000,0.0000,0.0000,0.0482,0.0000,200,1.7539
0.0098,0.0000,0.0000,0.0000,0.0097,0.0000,200,1.7924
0.0052,0.0000,0.0000,0.0002,0.0048,0.0001,200,1.7971
0.0027,0.0000,0.0000,0.0001,0.0026,0.0000,200,1.7996
0.0023,0.0000,0.0000,0.0000,0.0022,0.0000,200,1.8006
0.0436,0.0000,0.0000,0.0000,0.0434,0.0001,200,1.7598
0.0034,0.0000,0.0000,0.0000,0.0033,0.0002,200,1.8002
0.0020,0.0000,0.0000,0.0000,0.0020,0.0000,200,1.8022
0.0211,0.0000,0.0000,0.0001,0.0208,0.0001,200,1.7835
0.0091,0.0000,0.0000,0.0000,0.0091,0.0000,200,1.7960
0.0068,0.0000,0.0000,0.0000,0.0066,0.0002,200,1.7987
0.0297,0.0000,0.0000,0.0000,0.0297,0.0000,200,1.7761
0.0268,0.0000,0.0000,0.0000,0.0268,0.0000,200,1.7791
0.0102,0.0000,0.0000,0.0000,0.0101,0.0000,200,1.7963
0.0102,0.0000,0.0000,0.0001,0.0099,0.0000,200,1.7968
0.0138,0.0000,0.0000,0.0000,0.0136,0.0001,200,1.7937
0.0133,0.0000,0.0000,0.0000,0.0132,0.0000,200,1.7942
0.0089,0.0000,0.0000,0.0000,0.0081,0.0008,200,1.8001
0.0179,0.0000,0.0000,0.0000,0.0178,0.0000,200,1.7913
0.0309,0.0000,0.0000,0.0000,0.0308,0.0000,200,1.7785
0.0058,0.0000,0.0000,0.0000,0.0057,0.0000,200,1.8037
0.0040,0.0000,0.0000,0.0000,0.0039,0.0000,200,1.8059
0.0049,0.0000,0.0000,0.0000,0.0048,0.0000,200,1.8054
0.0044,0.0000,0.0000,0.0000,0.0043,0.0001,200,1.8064
0.0183,0.0000,0.0000,0.0000,0.0182,0.0000,200,1.7925
0.0133,0.0000,0.0000,0.0000,0.0131,0.0001,200,1.7976
0.0091,0.0000,0.0000,0.0000,0.0089,0.0000,200,1.8023
0.0125,0.0000,0.0000,0.0000,0.0124,0.0000,200,1.7990
0.0305,0.0000,0.0000,0.0000,0.0304,0.0001,200,1.7813
0.0013,0.0000,0.0000,0.0000,0.0009,0.0000,200,1.8108
0.0178,0.0000,0.0000,0.0000,0.0177,0.0001,200,1.7948
0.0232,0.0000,0.0000,0.0000,0.0231,0.0001,200,1.7898
0.0020,0.0000,0.0000,0.0000,0.0018,0.0002,200,1.8113
0.0042,0.0000,0.0000,0.0000,0.0041,0.0001,200,1.8094
0.0046,0.0000,0.0000,0.0000,0.0045,0.0001,200,1.8094
0.0177,0.0000,0.0000,0.0000,0.0176,0.0001,200,1.7965
0.0202,0.0000,0.0000,0.0000,0.0201,0.0000,200,1.7947
0.0054,0.0000,0.0000,0.0000,0.0053,0.0000,200,1.8098
0.0077,0.0000,0.0000,0.0001,0.0075,0.0000,200,1.8075
0.0133,0.0000,0.0000,0.0000,0.0133,0.0000,200,1.8022
0.0071,0.0000,0.0000,0.0000,0.0070,0.0001,200,1.8090
0.0118,0.0000,0.0000,0.0000,0.0117,0.0001,200,1.8047
0.0062,0.0000,0.0000,0.0000,0.0062,0.0000,200,1.8104
0.0016,0.0000,0.0000,0.0000,0.0015,0.0000,200,1.8152
0.0318,0.0000,0.0000,0.0000,0.0318,0.0001,200,1.7858
0.0155,0.0000,0.0000,0.0000,0.0154,0.0000,200,1.8022
0.0056,0.0000,0.0000,0.0000,0.0056,0.0000,200,1.8121
0.0146,0.0000,0.0000,0.0000,0.0146,0.0000,200,1.8034
0.0161,0.0000,0.0000,0.0000,0.0159,0.0001,200,1.8023
0.0026,0.0000,0.0000,0.0000,0.0025,0.0000,200,1.8161
0.0292,0.0000,0.0000,0.0000,0.0291,0.0000,200,1.7901
0.0078,0.0000,0.0000,0.0000,0.0077,0.0000,200,1.8118
0.0016,0.0000,0.0000,0.0000,0.0015,0.0000,200,1.8184
0.0026,0.0000,0.0000,0.0000,0.0023,0.0002,200,1.8176
0.0066,0.0000,0.0000,0.0000,0.0065,0.0000,200,1.8142
0.0047,0.0000,0.0000,0.0000,0.0045,0.0001,200,1.8164
0.0015,0.0000,0.0000,0.0000,0.0015,0.0000,200,1.8199
0.0341,0.0000,0.0000,0.0000,0.0339,0.0002,200,1.7876
0.0452,0.0000,0.0000,0.0000,0.0452,0.0000,200,1.7774
0.0101,0.0000,0.0000,0.0000,0.0100,0.0000,200,1.8126
0.0248,0.0000,0.0000,0.0000,0.0247,0.0000,200,1.7979
0.0051,0.0000,0.0000,0.0002,0.0049,0.0000,200,1.8177
0.0082,0.0000,0.0000,0.0000,0.0081,0.0001,200,1.8152
0.0179,0.0000,0.0000,0.0000,0.0179,0.0000,200,1.8059
0.0036,0.0000,0.0000,0.0000,0.0035,0.0000,200,1.8208
0.0058,0.0000,0.0000,0.0000,0.0057,0.0000,200,1.8187
0.0070,0.0000,0.0000,0.0000,0.0070,0.0000,200,1.8180
0.0025,0.0000,0.0000,0.0000,0.0024,0.0001,200,1.8229
0.0011,0.0000,0.0000,0.0000,0.0010,0.0000,200,1.8244
0.0110,0.0000,0.0000,0.0000,0.0108,0.0001,200,1.8149
0.0133,0.0000,0.0000,0.0002,0.0130,0.0000,200,1.8130
0.0049,0.0000,0.0000,0.0000,0.0048,0.0000,200,1.8215
0.0227,0.0000,0.0000,0.0000,0.0225,0.0000,200,1.8042
0.0205,0.0000,0.0000,0.0000,0.0205,0.0000,200,1.8070
0.0018,0.0000,0.0000,0.0000,0.0017,0.0000,200,1.8263
0.0105,0.0000,0.0000,0.0000,0.0104,0.0000,200,1.8177
0.0037,0.0000,0.0000,0.0000,0.0037,0.0000,200,1.8244
0.0303,0.0000,0.0000,0.0000,0.0303,0.0000,200,1.7982
0.0123,0.0000,0.0000,0.0001,0.0121,0.0001,200,1.8166
0.0067,0.0000,0.0000,0.0000,0.0066,0.0000,200,1.8227
0.0009,0.0000,0.0000,0.0000,0.0009,0.0000,200,1.8285
0.0018,0.0000,0.0000,0.0000,0.0018,0.0000,200,1.8281
0.0136,0.0000,0.0000,0.0000,0.0135,0.0001,200,1.8168
0.0014,0.0000,0.0000,0.0000,0.0012,0.0000,200,1.8293
0.0018,0.0000,0.0000,0.0000,0.0017,0.0001,200,1.8295
0.0041,0.0000,0.0000,0.0000,0.0039,0.0001,200,1.8281
0.0060,0.0000,0.0000,0.0000,0.0059,0.0000,200,1.8264
0.0121,0.0000,0.0000,0.0000,0.0119,0.0002,200,1.8211
0.0081,0.0000,0.0000,0.0000,0.0079,0.0001,200,1.8255
0.0045,0.0000,0.0000,0.0001,0.0044,0.0000,200,1.8300
0.0071,0.0000,0.0000,0.0000,0.0070,0.0000,200,1.8275
0.0210,0.0000,0.0000,0.0000,0.0209,0.0000,200,1.8135
0.0025,0.0000,0.0000,0.0000,0.0025,0.0000,200,1.8324
0.0066,0.0000,0.0000,0.0000,0.0065,0.0000,200,1.8289
0.0307,0.0000,0.0000,0.0000,0.0306,0.0001,200,1.8051
0.0224,0.0000,0.0000,0.0000,0.0222,0.0001,200,1.8136
0.0031,0.0000,0.0000,0.0002,0.0028,0.0000,200,1.8333
0.0142,0.0000,0.0000,0.0000,0.0141,0.0001,200,1.8227
0.0012,0.0000,0.0000,0.0001,0.0010,0.0001,200,1.8360
0.0182,0.0000,0.0000,0.0000,0.0181,0.0001,200,1.8196
0.0143,0.0000,0.0000,0.0000,0.0141,0.0002,200,1.8238
0.0170,0.0000,0.0000,0.0000,0.0169,0.0000,200,1.8218
0.0036,0.0000,0.0000,0.0000,0.0035,0.0001,200,1.8355
0.0089,0.0000,0.0000,0.0000,0.0088,0.0000,200,1.8304
0.0049,0.0000,0.0000,0.0000,0.0047,0.0001,200,1.8349
0.0028,0.0000,0.0000,0.0000,0.0027,0.0000,200,1.8372
0.0011,0.0000,0.0000,0.0000,0.0010,0.0000,200,1.8393
0.0172,0.0000,0.0000,0.0000,0.0170,0.0001,200,1.8234
0.0087,0.0000,0.0000,0.0001,0.0085,0.0001,200,1.8322
0.0149,0.0000,0.0000,0.0000,0.0148,0.0000,200,1.8269
0.0049,0.0000,0.0000,0.0000,0.0047,0.0002,200,1.8369
0.0038,0.0000,0.0000,0.0000,0.0037,0.0000,200,1.8381
0.0221,0.0000,0.0000,0.0000,0.0220,0.0000,200,1.8202
0.0033,0.0000,0.0000,0.0000,0.0032,0.0000,200,1.8390
0.0070,0.0000,0.0000,0.0000,0.0069,0.0000,200,1.8358
0.0120,0.0000,0.0000,0.0003,0.0116,0.0001,200,1.8313
0.0185,0.0000,0.0000,0.0000,0.0184,0.0000,200,1.8250
0.0022,0.0000,0.0000,0.0000,0.0021,0.0000,200,1.8418
0.0042,0.0000,0.0000,0.0000,0.0042,0.0000,200,1.8400
0.0101,0.0000,0.0000,0.0000,0.0100,0.0001,200,1.8346
0.0014,0.0000,0.0000,0.0000,0.0013,0.0001,200,1.8435
0.0108,0.0000,0.0000,0.0000,0.0106,0.0001,200,1.8346
0.0150,0.0000,0.0000,0.0000,0.0149,0.0000,200,1.8307
0.0123,0.0000,0.0000,0.0000,0.0123,0.0000,200,1.8336
0.0058,0.0000,0.0000,0.0000,0.0057,0.0001,200,1.8409
0.0092,0.0000,0.0000,0.0000,0.0090,0.0001,200,1.8378
0.0030,0.0000,0.0000,0.0000,0.0029,0.0000,200,1.8443
0.0585,0.0000,0.0000,0.0000,0.0583,0.0001,200,1.7892
0.0322,0.0000,0.0000,0.0000,0.0322,0.0000,200,1.8156
0.0043,0.0000,0.0000,0.0000,0.0041,0.0000,200,1.8440
0.0061,0.0000,0.0000,0.0000,0.0060,0.0000,200,1.8423
0.0031,0.0000,0.0000,0.0000,0.0030,0.0000,200,1.8457
0.0027,0.0000,0.0000,0.0000,0.0026,0.0000,200,1.8467
0.0133,0.0000,0.0000,0.0000,0.0132,0.0001,200,1.8363
0.0012,0.0000,0.0000,0.0000,0.0011,0.0001,200,1.8488
0.0025,0.0000,0.0000,0.0000,0.0024,0.0001,200,1.8478
0.0060,0.0000,0.0000,0.0000,0.0059,0.0000,200,1.8447
0.0040,0.0000,0.0000,0.0000,0.0039,0.0000,200,1.8470
0.0089,0.0000,0.0000,0.0000,0.0089,0.0000,200,1.8423
0.0043,0.0000,0.0000,0.0000,0.0043,0.0000,200,1.8472
0.0411,0.0000,0.0000,0.0000,0.0409,0.0000,200,1.8108
0.0032,0.0000,0.0000,0.0000,0.0031,0.0001,200,1.8493
0.0248,0.0000,0.0000,0.0000,0.0247,0.0000,200,1.8281
0.0112,0.0000,0.0000,0.0000,0.0110,0.0000,200,1.8418
0.0035,0.0000,0.0000,0.0000,0.0033,0.0000,200,1.8499
0.0282,0.0000,0.0000,0.0000,0.0282,0.0000,200,1.8254
0.0142,0.0000,0.0000,0.0000,0.0141,0.0000,200,1.8398
0.0042,0.0000,0.0000,0.0000,0.0042,0.0000,200,1.8503
0.0073,0.0000,0.0000,0.0000,0.0072,0.0001,200,1.8477
0.0018,0.0000,0.0000,0.0000,0.0017,0.0001,200,1.8537
0.0051,0.0000,0.0000,0.0000,0.0050,0.0001,200,1.8507
0.0113,0.0000,0.0000,0.0000,0.0112,0.0001,200,1.8449
0.0107,0.0000,0.0000,0.0000,0.0106,0.0000,200,1.8459
0.0152,0.0000,0.0000,0.0000,0.0152,0.0000,200,1.8419
0.0120,0.0000,0.0000,0.0000,0.0119,0.0001,200,1.8454
0.0046,0.0000,0.0000,0.0000,0.0045,0.0000,200,1.8529
0.0039,0.0000,0.0000,0.0001,0.0038,0.0000,200,1.8540
0.0019,0.0000,0.0000,0.0000,0.0019,0.0000,200,1.8566
0.0183,0.0000,0.0000,0.0000,0.0182,0.0000,200,1.8404
0.0042,0.0000,0.0000,0.0001,0.0041,0.0001,200,1.8550
0.0034,0.0000,0.0000,0.0000,0.0032,0.0001,200,1.8562
0.0018,0.0000,0.0000,0.0000,0.0018,0.0000,200,1.8579
0.0116,0.0000,0.0000,0.0000,0.0116,0.0000,200,1.8485
0.0119,0.0000,0.0000,0.0000,0.0118,0.0000,200,1.8483
0.0009,0.0000,0.0000,0.0000,0.0008,0.0001,200,1.8597
0.0034,0.0000,0.0000,0.0000,0.0032,0.0002,200,1.8575
0.0040,0.0000,0.0000,0.0000,0.0039,0.0000,200,1.8571
0.0085,0.0000,0.0000,0.0000,0.0085,0.0000,200,1.8530
0.0062,0.0000,0.0000,0.0000,0.0060,0.0002,200,1.8557
0.0020,0.0000,0.0000,0.0000,0.0019,0.0001,200,1.8602
0.0049,0.0000,0.0000,0.0001,0.0048,0.0000,200,1.8574
0.0042,0.0000,0.0000,0.0000,0.0041,0.0000,200,1.8587
0.0024,0.0000,0.0000,0.0000,0.0023,0.0001,200,1.8609
0.0122,0.0000,0.0000,0.0001,0.0120,0.0000,200,1.8513
0.0143,0.0000,0.0000,0.0000,0.0142,0.0001,200,1.8496
0.0032,0.0000,0.0000,0.0000,0.0031,0.0000,200,1.8612
0.0056,0.0000,0.0000,0.0000,0.0055,0.0000,200,1.8592
0.0019,0.0000,0.0000,0.0001,0.0016,0.0002,200,1.8639
0.0128,0.0000,0.0000,0.0000,0.0117,0.0011,200,1.8534
0.0145,0.0000,0.0000,0.0000,0.0140,0.0004,200,1.8519
0.0042,0.0000,0.0000,0.0000,0.0041,0.0001,200,1.8635
0.0081,0.0000,0.0000,0.0000,0.0079,0.0002,200,1.8596
0.0054,0.0000,0.0000,0.0000,0.0053,0.0001,200,1.8623
0.0030,0.0000,0.0000,0.0000,0.0028,0.0001,200,1.8659
0.0028,0.0000,0.0000,0.0002,0.0022,0.0003,200,1.8662
0.0106,0.0000,0.0000,0.0000,0.0092,0.0014,200,1.8585
0.0070,0.0000,0.0000,0.0001,0.0064,0.0005,200,1.8622
0.0078,0.0000,0.0000,0.0000,0.0077,0.0000,200,1.8615
0.0065,0.0000,0.0000,0.0000,0.0064,0.0000,200,1.8633
0.0195,0.0000,0.0000,0.0000,0.0194,0.0001,200,1.8509
0.0189,0.0000,0.0000,0.0000,0.0187,0.0001,200,1.8516
0.0029,0.0000,0.0000,0.0000,0.0027,0.0000,200,1.8680
0.0069,0.0000,0.0000,0.0000,0.0068,0.0000,200,1.8643
0.0050,0.0000,0.0000,0.0003,0.0046,0.0001,200,1.8664
0.0021,0.0000,0.0000,0.0000,0.0020,0.0001,200,1.8698
0.0031,0.0000,0.0000,0.0000,0.0030,0.0000,200,1.8691
0.0074,0.0000,0.0000,0.0000,0.0073,0.0000,200,1.8648
0.0050,0.0000,0.0000,0.0001,0.0048,0.0001,200,1.8677
0.0037,0.0000,0.0000,0.0000,0.0036,0.0001,200,1.8693
0.0029,0.0000,0.0000,0.0000,0.0026,0.0002,200,1.8704
0.0024,0.0000,0.0000,0.0001,0.0022,0.0000,200,1.8712
0.0185,0.0000,0.0000,0.0000,0.0184,0.0000,200,1.8555
0.0142,0.0000,0.0000,0.0000,0.0142,0.0000,200,1.8601
0.0039,0.0000,0.0000,0.0000,0.0038,0.0000,200,1.8708
0.0062,0.0000,0.0000,0.0000,0.0057,0.0000,200,1.8688
0.0029,0.0000,0.0000,0.0000,0.0028,0.0001,200,1.8726
0.0040,0.0000,0.0000,0.0001,0.0037,0.0002,200,1.8719
0.0019,0.0000,0.0000,0.0000,0.0018,0.0000,200,1.8743
0.0010,0.0000,0.0000,0.0000,0.0009,0.0000,200,1.8755
0.0066,0.0000,0.0000,0.0000,0.0065,0.0000,200,1.8704
0.0043,0.0000,0.0000,0.0000,0.0042,0.0001,200,1.8731
0.0058,0.0000,0.0000,0.0000,0.0057,0.0000,200,1.8722
0.0014,0.0000,0.0000,0.0000,0.0011,0.0003,200,1.8765
0.0022,0.0000,0.0000,0.0000,0.0021,0.0000,200,1.8759
0.0075,0.0000,0.0000,0.0000,0.0071,0.0004,200,1.8715
0.0009,0.0000,0.0000,0.0000,0.0008,0.0000,200,1.8781
0.0061,0.0000,0.0000,0.0000,0.0056,0.0004,200,1.8733
0.0021,0.0000,0.0000,0.0000,0.0020,0.0000,200,1.8774
0.0017,0.0000,0.0000,0.0000,0.0016,0.0000,200,1.8780
0.0080,0.0000,0.0000,0.0000,0.0079,0.0000,200,1.8722
0.0009,0.0000,0.0000,0.0000,0.0009,0.0000,200,1.8797
0.0076,0.0000,0.0000,0.0000,0.0075,0.0001,200,1.8736
0.0066,0.0000,0.0000,0.0000,0.0065,0.0000,200,1.8747
0.0010,0.0000,0.0000,0.0000,0.0009,0.0000,200,1.8806
0.0022,0.0000,0.0000,0.0000,0.0021,0.0000,200,1.8795
0.0029,0.0000,0.0000,0.0000,0.0023,0.0001,200,1.8790
0.0014,0.0000,0.0000,0.0000,0.0012,0.0001,200,1.8812
0.0011,0.0000,0.0000,0.0000,0.0010,0.0000,200,1.8817
0.0033,0.0000,0.0000,0.0000,0.0030,0.0002,200,1.8802
0.0018,0.0000,0.0000,0.0000,0.0014,0.0004,200,1.8826
0.0010,0.0000,0.0000,0.0000,0.0009,0.0000,200,1.8834
0.0032,0.0000,0.0000,0.0000,0.0031,0.0000,200,1.8813
0.0066,0.0000,0.0000,0.0000,0.0056,0.0009,200,1.8780
0.0037,0.0000,0.0000,0.0000,0.0036,0.0000,200,1.8817
0.0012,0.0000,0.0000,0.0000,0.0012,0.0000,200,1.8845
0.0016,0.0000,0.0000,0.0000,0.0015,0.0001,200,1.8844
0.0025,0.0000,0.0000,0.0001,0.0024,0.0000,200,1.8845
0.0017,0.0000,0.0000,0.0000,0.0015,0.0002,200,1.8854
0.0028,0.0000,0.0000,0.0000,0.0025,0.0002,200,1.8844
0.0045,0.0000,0.0000,0.0000,0.0044,0.0000,200,1.8827
0.0017,0.0000,0.0000,0.0000,0.0016,0.0001,200,1.8861
0.0016,0.0000,0.0000,0.0000,0.0012,0.0004,200,1.8870
0.0009,0.0000,0.0000,0.0000,0.0008,0.0000,200,1.8878
0.0015,0.0000,0.0000,0.0000,0.0014,0.0000,200,1.8872
0.0023,0.0000,0.0000,0.0000,0.0018,0.0004,200,1.8872
0.0078,0.0000,0.0000,0.0000,0.0076,0.0001,200,1.8820
0.0014,0.0000,0.0000,0.0000,0.0013,0.0001,200,1.8887
0.0029,0.0000,0.0000,0.0000,0.0028,0.0000,200,1.8872
0.0020,0.0000,0.0000,0.0000,0.0019,0.0000,200,1.8886
0.0016,0.0000,0.0000,0.0001,0.0015,0.0001,200,1.8897
0.0056,0.0000,0.0000,0.0001,0.0054,0.0000,200,1.8887
0.0042,0.0000,0.0000,0.0000,0.0041,0.0000,200,1.8901
0.0048,0.0000,0.0000,0.0000,0.0047,0.0000,200,1.8895
0.0030,0.0000,0.0000,0.0000,0.0028,0.0002,200,1.8913
0.0037,0.0000,0.0000,0.0002,0.0033,0.0000,200,1.8906
0.0044,0.0000,0.0000,0.0000,0.0043,0.0000,200,1.8901
0.0018,0.0000,0.0000,0.0000,0.0017,0.0001,200,1.8944
0.0020,0.0000,0.0000,0.0000,0.0020,0.0000,200,1.8943
0.0027,0.0000,0.0000,0.0000,0.0026,0.0000,200,1.8943
0.0013,0.0000,0.0000,0.0001,0.0012,0.0000,200,1.8964
0.0033,0.0000,0.0000,0.0000,0.0032,0.0000,200,1.8944
0.0015,0.0000,0.0000,0.0000,0.0013,0.0001,200,1.8962
0.0012,0.0000,0.0000,0.0000,0.0011,0.0000,200,1.8969
0.0040,0.0000,0.0000,0.0000,0.0040,0.0000,200,1.8942
0.0019,0.0000,0.0000,0.0000,0.0018,0.0000,200,1.8976
0.0022,0.0000,0.0000,0.0000,0.0021,0.0000,200,1.8977
0.0020,0.0000,0.0000,0.0000,0.0017,0.0001,200,1.8981
0.0021,0.0000,0.0000,0.0000,0.0019,0.0001,200,1.8983
0.0012,0.0000,0.0000,0.0000,0.0011,0.0001,200,1.8995
0.0006,0.0000,0.0000,0.0000,0.0006,0.0000,200,1.9001
0.0011,0.0000,0.0000,0.0000,0.0010,0.0000,200,1.9004
0.0009,0.0000,0.0000,0.0000,0.0009,0.0000,200,1.9007
0.0015,0.0000,0.0000,0.0000,0.0014,0.0000,200,1.9008
0.0009,0.0000,0.0000,0.0000,0.0009,0.0000,200,1.9015
0.0007,0.0000,0.0000,0.0000,0.0006,0.0001,200,1.9024
0.0012,0.0000,0.0000,0.0000,0.0008,0.0000,200,1.9022
0.0009,0.0000,0.0000,0.0000,0.0007,0.0001,200,1.9032
0.0006,0.0000,0.0000,0.0000,0.0005,0.0001,200,1.9040
