response-time,DNS+dialup,DNS,Request-write,Response-delay,Response-read,status-code,offset
0.0030,0.0005,0.0000,0.0001,0.0021,0.0003,200,0.0091
0.0031,0.0003,0.0000,0.0001,0.0018,0.0009,200,0.0093
0.0071,0.0014,0.0000,0.0029,0.0027,0.0001,200,0.0055
0.0069,0.0027,0.0000,0.0002,0.0034,0.0000,200,0.0058
0.0080,0.0021,0.0000,0.0029,0.0030,0.0000,200,0.0050
0.0081,0.0015,0.0000,0.0030,0.0035,0.0000,200,0.0054
0.0122,0.0031,0.0000,0.0029,0.0039,0.0000,200,0.0017
0.0089,0.0020,0.0000,0.0028,0.0041,0.0000,200,0.0051
0.0088,0.0017,0.0000,0.0030,0.0041,0.0000,200,0.0054
0.0044,0.0000,0.0000,0.0006,0.0027,0.0000,200,0.0123
0.0060,0.0006,0.0000,0.0017,0.0036,0.0000,200,0.0108
0.0061,0.0006,0.0000,0.0017,0.0038,0.0000,200,0.0108
0.0154,0.0006,0.0000,0.0047,0.0053,0.0000,200,0.0016
0.0061,0.0000,0.0000,0.0000,0.0032,0.0000,200,0.0109
0.0067,0.0022,0.0000,0.0009,0.0035,0.0000,200,0.0104
0.0114,0.0010,0.0000,0.0030,0.0073,0.0000,200,0.0057
0.0038,0.0000,0.0000,0.0000,0.0038,0.0000,200,0.0140
0.0058,0.0010,0.0000,0.0007,0.0041,0.0000,200,0.0121
0.0078,0.0018,0.0000,0.0008,0.0050,0.0002,200,0.0107
0.0061,0.0000,0.0000,0.0007,0.0048,0.0001,200,0.0130
0.0149,0.0048,0.0000,0.0003,0.0097,0.0001,200,0.0043
0.0063,0.0000,0.0000,0.0000,0.0061,0.0002,200,0.0135
0.0134,0.0002,0.0000,0.0045,0.0086,0.0000,200,0.0068
0.0085,0.0000,0.0000,0.0010,0.0064,0.0001,200,0.0118
0.0113,0.0019,0.0000,0.0017,0.0076,0.0000,200,0.0094
0.0094,0.0004,0.0000,0.0036,0.0054,0.0000,200,0.0113
0.0009,0.0000,0.0000,0.0000,0.0008,0.0000,200,0.0202
0.0131,0.0000,0.0000,0.0000,0.0056,0.0000,200,0.0091
0.0082,0.0000,0.0000,0.0000,0.0081,0.0000,200,0.0140
0.0192,0.0000,0.0000,0.0000,0.0063,0.0000,200,0.0041
0.0117,0.0001,0.0000,0.0049,0.0067,0.0000,200,0.0116
0.0113,0.0000,0.0000,0.0007,0.0096,0.0000,200,0.0121
0.0031,0.0000,0.0000,0.0000,0.0030,0.0001,200,0.0208
0.0116,0.0000,0.0000,0.0007,0.0102,0.0000,200,0.0127
0.0080,0.0000,0.0000,0.0000,0.0078,0.0002,200,0.0168
0.0010,0.0000,0.0000,0.0000,0.0009,0.0000,200,0.0239
0.0085,0.0000,0.0000,0.0000,0.0084,0.0000,200,0.0169
0.0011,0.0000,0.0000,0.0000,0.0010,0.0000,200,0.0243
0.0088,0.0000,0.0000,0.0000,0.0088,0.0000,200,0.0171
0.0117,0.0000,0.0000,0.0000,0.0117,0.0000,200,0.0142
0.0029,0.0000,0.0000,0.0000,0.0028,0.0001,200,0.0232
0.0161,0.0020,0.0000,0.0008,0.0132,0.0000,200,0.0105
0.0037,0.0000,0.0000,0.0000,0.0035,0.0002,200,0.0233
0.0169,0.0022,0.0000,0.0009,0.0137,0.0001,200,0.0104
0.0176,0.0000,0.0000,0.0000,0.0145,0.0000,200,0.0101
0.0080,0.0000,0.0000,0.0002,0.0077,0.0000,200,0.0198
0.0025,0.0000,0.0000,0.0000,0.0024,0.0000,200,0.0254
0.0184,0.0000,0.0000,0.0000,0.0146,0.0002,200,0.0101
0.0165,0.0000,0.0000,0.0000,0.0148,0.0000,200,0.0120
0.0147,0.0000,0.0000,0.0000,0.0146,0.0000,200,0.0141
0.0111,0.0000,0.0000,0.0000,0.0104,0.0007,200,0.0212
0.0213,0.0002,0.0000,0.0016,0.0194,0.0000,200,0.0110
0.0145,0.0000,0.0000,0.0000,0.0144,0.0000,200,0.0179
0.0039,0.0000,0.0000,0.0000,0.0038,0.0000,200,0.0285
0.0181,0.0000,0.0000,0.0003,0.0156,0.0000,200,0.0143
0.0155,0.0000,0.0000,0.0000,0.0154,0.0000,200,0.0170
0.0202,0.0005,0.0000,0.0008,0.0188,0.0000,200,0.0124
0.0260,0.0003,0.0000,0.0046,0.0210,0.0000,200,0.0066
0.0125,0.0000,0.0000,0.0002,0.0121,0.0000,200,0.0202
0.0093,0.0000,0.0000,0.0002,0.0089,0.0000,200,0.0234
0.0185,0.0000,0.0000,0.0001,0.0184,0.0000,200,0.0142
0.0148,0.0000,0.0000,0.0001,0.0147,0.0000,200,0.0180
0.0204,0.0001,0.0000,0.0010,0.0192,0.0000,200,0.0124
0.0210,0.0000,0.0000,0.0011,0.0190,0.0000,200,0.0119
0.0227,0.0024,0.0000,0.0010,0.0192,0.0000,200,0.0102
0.0273,0.0013,0.0000,0.0029,0.0231,0.0000,200,0.0056
0.0046,0.0000,0.0000,0.0000,0.0045,0.0001,200,0.0285
0.0191,0.0001,0.0000,0.0027,0.0161,0.0001,200,0.0143
0.0117,0.0000,0.0000,0.0000,0.0116,0.0000,200,0.0221
0.0151,0.0000,0.0000,0.0000,0.0149,0.0001,200,0.0191
0.0127,0.0000,0.0000,0.0000,0.0126,0.0001,200,0.0221
0.0015,0.0000,0.0000,0.0000,0.0014,0.0001,200,0.0338
0.0244,0.0002,0.0000,0.0005,0.0235,0.0001,200,0.0115
0.0042,0.0000,0.0000,0.0000,0.0041,0.0000,200,0.0324
0.0098,0.0000,0.0000,0.0001,0.0096,0.0001,200,0.0270
0.0028,0.0000,0.0000,0.0000,0.0027,0.0001,200,0.0342
0.0192,0.0000,0.0000,0.0000,0.0191,0.0001,200,0.0185
0.0052,0.0000,0.0000,0.0000,0.0050,0.0001,200,0.0327
0.0176,0.0000,0.0000,0.0000,0.0175,0.0000,200,0.0207
0.0274,0.0006,0.0000,0.0046,0.0221,0.0000,200,0.0112
0.0117,0.0000,0.0000,0.0001,0.0113,0.0004,200,0.0278
0.0032,0.0000,0.0000,0.0000,0.0030,0.0002,200,0.0368
0.0073,0.0000,0.0000,0.0000,0.0071,0.0002,200,0.0328
0.0349,0.0018,0.0000,0.0028,0.0302,0.0002,200,0.0053
0.0298,0.0018,0.0000,0.0008,0.0271,0.0001,200,0.0107
0.0243,0.0000,0.0000,0.0000,0.0241,0.0001,200,0.0167
0.0302,0.0004,0.0000,0.0017,0.0281,0.0000,200,0.0109
0.0243,0.0000,0.0000,0.0000,0.0242,0.0000,200,0.0171
0.0065,0.0000,0.0000,0.0000,0.0064,0.0000,200,0.0353
0.0313,0.0020,0.0000,0.0009,0.0284,0.0000,200,0.0106
0.0311,0.0001,0.0000,0.0016,0.0292,0.0002,200,0.0111
0.0019,0.0000,0.0000,0.0000,0.0018,0.0000,200,0.0405
0.0183,0.0000,0.0000,0.0000,0.0179,0.0004,200,0.0248
0.0098,0.0000,0.0000,0.0000,0.0096,0.0002,200,0.0334
0.0161,0.0000,0.0000,0.0000,0.0158,0.0001,200,0.0273
0.0109,0.0000,0.0000,0.0001,0.0108,0.0000,200,0.0327
0.0112,0.0000,0.0000,0.0000,0.0112,0.0000,200,0.0328
0.0180,0.0000,0.0000,0.0000,0.0180,0.0000,200,0.0261
0.0118,0.0000,0.0000,0.0000,0.0116,0.0001,200,0.0330
0.0119,0.0000,0.0000,0.0000,0.0118,0.0000,200,0.0329
0.0399,0.0019,0.0000,0.0028,0.0352,0.0000,200,0.0052
0.0066,0.0000,0.0000,0.0000,0.0065,0.0000,200,0.0412
0.0308,0.0000,0.0000,0.0000,0.0308,0.0000,200,0.0170
0.0064,0.0000,0.0000,0.0002,0.0060,0.0000,200,0.0414
0.0147,0.0000,0.0000,0.0000,0.0147,0.0000,200,0.0331
0.0191,0.0000,0.0000,0.0000,0.0190,0.0000,200,0.0288
0.0070,0.0000,0.0000,0.0000,0.0069,0.0000,200,0.0410
0.0096,0.0000,0.0000,0.0000,0.0096,0.0000,200,0.0383
0.0104,0.0000,0.0000,0.0000,0.0103,0.0000,200,0.0377
0.0157,0.0000,0.0000,0.0001,0.0155,0.0001,200,0.0330
0.0054,0.0000,0.0000,0.0000,0.0054,0.0000,200,0.0440
0.0110,0.0000,0.0000,0.0000,0.0109,0.0000,200,0.0386
0.0117,0.0000,0.0000,0.0000,0.0114,0.0001,200,0.0379
0.0172,0.0000,0.0000,0.0000,0.0171,0.0000,200,0.0326
0.0178,0.0000,0.0000,0.0000,0.0178,0.0000,200,0.0325
0.0161,0.0000,0.0000,0.0000,0.0160,0.0000,200,0.0348
0.0075,0.0000,0.0000,0.0000,0.0074,0.0001,200,0.0434
0.0190,0.0000,0.0000,0.0000,0.0189,0.0000,200,0.0325
0.0039,0.0000,0.0000,0.0000,0.0037,0.0000,200,0.0479
0.0025,0.0000,0.0000,0.0001,0.0024,0.0000,200,0.0495
0.0264,0.0000,0.0000,0.0000,0.0263,0.0001,200,0.0259
0.0127,0.0000,0.0000,0.0000,0.0121,0.0001,200,0.0401
0.0206,0.0000,0.0000,0.0000,0.0205,0.0001,200,0.0324
0.0208,0.0000,0.0000,0.0000,0.0207,0.0001,200,0.0326
0.0090,0.0000,0.0000,0.0000,0.0061,0.0004,200,0.0451
0.0101,0.0000,0.0000,0.0000,0.0100,0.0000,200,0.0441
0.0034,0.0000,0.0000,0.0000,0.0033,0.0001,200,0.0510
0.0110,0.0000,0.0000,0.0000,0.0109,0.0000,200,0.0436
0.0229,0.0000,0.0000,0.0000,0.0227,0.0001,200,0.0323
0.0075,0.0000,0.0000,0.0000,0.0071,0.0001,200,0.0481
0.0234,0.0000,0.0000,0.0000,0.0233,0.0001,200,0.0323
0.0201,0.0000,0.0000,0.0000,0.0196,0.0000,200,0.0358
0.0087,0.0000,0.0000,0.0000,0.0086,0.0001,200,0.0478
0.0050,0.0000,0.0000,0.0001,0.0047,0.0002,200,0.0518
0.0010,0.0000,0.0000,0.0000,0.0009,0.0000,200,0.0559
0.0094,0.0000,0.0000,0.0001,0.0092,0.0000,200,0.0478
0.0083,0.0000,0.0000,0.0000,0.0082,0.0001,200,0.0496
0.0011,0.0000,0.0000,0.0000,0.0010,0.0001,200,0.0569
0.0182,0.0000,0.0000,0.0000,0.0182,0.0000,200,0.0401
0.0313,0.0000,0.0000,0.0000,0.0311,0.0001,200,0.0279
0.0191,0.0000,0.0000,0.0000,0.0190,0.0000,200,0.0402
0.0036,0.0000,0.0000,0.0000,0.0031,0.0000,200,0.0557
0.0151,0.0000,0.0000,0.0000,0.0150,0.0000,200,0.0447
0.0177,0.0000,0.0000,0.0000,0.0176,0.0000,200,0.0422
0.0125,0.0000,0.0000,0.0000,0.0123,0.0000,200,0.0479
0.0185,0.0000,0.0000,0.0002,0.0181,0.0000,200,0.0424
0.0017,0.0000,0.0000,0.0000,0.0016,0.0000,200,0.0592
0.0094,0.0000,0.0000,0.0000,0.0092,0.0001,200,0.0520
0.0013,0.0000,0.0000,0.0000,0.0012,0.0000,200,0.0609
0.0190,0.0000,0.0000,0.0000,0.0189,0.0000,200,0.0432
0.0058,0.0000,0.0000,0.0000,0.0057,0.0000,200,0.0565
0.0081,0.0000,0.0000,0.0000,0.0077,0.0000,200,0.0542
0.0371,0.0000,0.0000,0.0000,0.0369,0.0002,200,0.0254
0.0527,0.0024,0.0000,0.0010,0.0493,0.0001,200,0.0102
0.0214,0.0000,0.0000,0.0000,0.0208,0.0000,200,0.0419
0.0269,0.0000,0.0000,0.0000,0.0268,0.0001,200,0.0365
0.0513,0.0000,0.0000,0.0006,0.0499,0.0000,200,0.0127
0.0083,0.0000,0.0000,0.0000,0.0082,0.0000,200,0.0568
0.0158,0.0000,0.0000,0.0000,0.0155,0.0000,200,0.0496
0.0237,0.0000,0.0000,0.0000,0.0236,0.0000,200,0.0418
0.0052,0.0000,0.0000,0.0000,0.0050,0.0001,200,0.0604
0.0197,0.0000,0.0000,0.0002,0.0191,0.0001,200,0.0503
0.0177,0.0000,0.0000,0.0002,0.0174,0.0001,200,0.0524
0.0424,0.0000,0.0000,0.0000,0.0423,0.0001,200,0.0277
0.0226,0.0000,0.0000,0.0000,0.0223,0.0002,200,0.0480
0.0053,0.0000,0.0000,0.0000,0.0052,0.0000,200,0.0655
0.0163,0.0000,0.0000,0.0001,0.0160,0.0000,200,0.0583
0.0166,0.0000,0.0000,0.0003,0.0159,0.0000,200,0.0580
0.0168,0.0000,0.0000,0.0000,0.0167,0.0001,200,0.0579
0.0125,0.0000,0.0000,0.0000,0.0125,0.0000,200,0.0622
0.0150,0.0000,0.0000,0.0000,0.0149,0.0000,200,0.0598
0.0149,0.0000,0.0000,0.0001,0.0148,0.0000,200,0.0599
0.0052,0.0000,0.0000,0.0000,0.0051,0.0001,200,0.0705
0.0317,0.0000,0.0000,0.0001,0.0315,0.0000,200,0.0447
0.0230,0.0000,0.0000,0.0000,0.0228,0.0001,200,0.0546
0.0180,0.0000,0.0000,0.0000,0.0179,0.0001,200,0.0614
0.0314,0.0000,0.0000,0.0000,0.0312,0.0002,200,0.0486
0.0107,0.0000,0.0000,0.0006,0.0099,0.0000,200,0.0700
0.0621,0.0000,0.0000,0.0000,0.0620,0.0000,200,0.0193
0.0234,0.0000,0.0000,0.0000,0.0233,0.0000,200,0.0592
0.0082,0.0000,0.0000,0.0000,0.0081,0.0000,200,0.0748
0.0306,0.0000,0.0000,0.0000,0.0304,0.0000,200,0.0530
0.0056,0.0000,0.0000,0.0000,0.0055,0.0001,200,0.0785
0.0318,0.0000,0.0000,0.0000,0.0315,0.0002,200,0.0534
0.0318,0.0000,0.0000,0.0000,0.0317,0.0000,200,0.0542
0.0230,0.0000,0.0000,0.0001,0.0229,0.0001,200,0.0635
0.0250,0.0000,0.0000,0.0000,0.0249,0.0001,200,0.0632
0.0072,0.0000,0.0000,0.0000,0.0071,0.0001,200,0.0813
0.0271,0.0000,0.0000,0.0000,0.0270,0.0001,200,0.0622
0.0416,0.0000,0.0000,0.0000,0.0415,0.0000,200,0.0478
0.0653,0.0000,0.0000,0.0000,0.0646,0.0006,200,0.0248
0.0506,0.0000,0.0000,0.0000,0.0504,0.0001,200,0.0395
0.0255,0.0000,0.0000,0.0000,0.0254,0.0000,200,0.0651
0.0610,0.0000,0.0000,0.0000,0.0605,0.0000,200,0.0326
0.0095,0.0000,0.0000,0.0000,0.0091,0.0000,200,0.0841
0.0677,0.0000,0.0000,0.0000,0.0676,0.0000,200,0.0259
0.0386,0.0000,0.0000,0.0001,0.0385,0.0000,200,0.0551
0.0085,0.0000,0.0000,0.0000,0.0084,0.0000,200,0.0852
0.0671,0.0000,0.0000,0.0000,0.0670,0.0001,200,0.0266
0.0315,0.0000,0.0000,0.0000,0.0315,0.0000,200,0.0623
0.0190,0.0000,0.0000,0.0000,0.0190,0.0000,200,0.0748
0.0174,0.0000,0.0000,0.0000,0.0174,0.0000,200,0.0764
0.0285,0.0000,0.0000,0.0000,0.0284,0.0000,200,0.0654
0.0299,0.0000,0.0000,0.0000,0.0298,0.0000,200,0.0640
0.0145,0.0000,0.0000,0.0000,0.0144,0.0001,200,0.0801
0.0143,0.0000,0.0000,0.0000,0.0143,0.0000,200,0.0807
0.0413,0.0000,0.0000,0.0000,0.0410,0.0000,200,0.0544
0.0022,0.0000,0.0000,0.0000,0.0022,0.0000,200,0.0936
0.0084,0.0000,0.0000,0.0000,0.0083,0.0001,200,0.0883
0.0469,0.0000,0.0000,0.0000,0.0467,0.0002,200,0.0498
0.0602,0.0000,0.0000,0.0000,0.0600,0.0001,200,0.0370
0.0276,0.0000,0.0000,0.0000,0.0273,0.0001,200,0.0700
0.0232,0.0000,0.0000,0.0000,0.0231,0.0000,200,0.0746
0.0018,0.0000,0.0000,0.0000,0.0016,0.0001,200,0.0967
0.0120,0.0000,0.0000,0.0000,0.0118,0.0000,200,0.0865
0.0060,0.0000,0.0000,0.0000,0.0059,0.0000,200,0.0936
0.0059,0.0000,0.0000,0.0000,0.0058,0.0000,200,0.0937
0.0344,0.0000,0.0000,0.0002,0.0341,0.0000,200,0.0655
0.0374,0.0000,0.0000,0.0000,0.0373,0.0001,200,0.0630
0.0250,0.0000,0.0000,0.0000,0.0249,0.0000,200,0.0757
0.0125,0.0000,0.0000,0.0001,0.0123,0.0000,200,0.0885
0.0051,0.0000,0.0000,0.0000,0.0050,0.0001,200,0.0966
0.0011,0.0000,0.0000,0.0000,0.0011,0.0000,200,0.1007
0.0016,0.0000,0.0000,0.0000,0.0015,0.0000,200,0.1010
0.0281,0.0000,0.0000,0.0000,0.0281,0.0000,200,0.0747
0.0518,0.0000,0.0000,0.0000,0.0518,0.0000,200,0.0514
0.0029,0.0000,0.0000,0.0000,0.0028,0.0000,200,0.1003
0.0176,0.0000,0.0000,0.0000,0.0175,0.0001,200,0.0860
0.0530,0.0000,0.0000,0.0004,0.0524,0.0001,200,0.0509
0.0300,0.0000,0.0000,0.0000,0.0299,0.0001,200,0.0747
0.0053,0.0000,0.0000,0.0000,0.0052,0.0001,200,0.0999
0.0022,0.0000,0.0000,0.0000,0.0021,0.0000,200,0.1033
0.0488,0.0000,0.0000,0.0000,0.0487,0.0001,200,0.0572
0.0166,0.0000,0.0000,0.0000,0.0165,0.0000,200,0.0894
0.0167,0.0000,0.0000,0.0001,0.0165,0.0000,200,0.0901
0.0162,0.0000,0.0000,0.0000,0.0161,0.0001,200,0.0906
0.0465,0.0000,0.0000,0.0000,0.0464,0.0001,200,0.0609
0.0138,0.0000,0.0000,0.0000,0.0138,0.0000,200,0.0937
0.0024,0.0000,0.0000,0.0000,0.0023,0.0000,200,0.1053
0.0289,0.0000,0.0000,0.0000,0.0288,0.0001,200,0.0794
0.0492,0.0000,0.0000,0.0000,0.0492,0.0000,200,0.0593
0.0462,0.0000,0.0000,0.0000,0.0461,0.0000,200,0.0625
0.0394,0.0000,0.0000,0.0001,0.0392,0.0001,200,0.0701
0.0012,0.0000,0.0000,0.0001,0.0011,0.0000,200,0.1085
0.0026,0.0000,0.0000,0.0000,0.0025,0.0000,200,0.1074
0.0271,0.0000,0.0000,0.0000,0.0271,0.0000,200,0.0829
0.0482,0.0000,0.0000,0.0000,0.0482,0.0000,200,0.0623
0.0130,0.0000,0.0000,0.0000,0.0129,0.0000,200,0.0976
0.0364,0.0000,0.0000,0.0000,0.0363,0.0001,200,0.0746
0.0086,0.0000,0.0000,0.0000,0.0085,0.0000,200,0.1028
0.0163,0.0000,0.0000,0.0000,0.0160,0.0003,200,0.0958
0.0165,0.0000,0.0000,0.0000,0.0165,0.0000,200,0.0957
0.0188,0.0000,0.0000,0.0000,0.0187,0.0001,200,0.0936
0.0307,0.0000,0.0000,0.0004,0.0303,0.0000,200,0.0825
0.0114,0.0000,0.0000,0.0000,0.0114,0.0000,200,0.1018
0.0051,0.0000,0.0000,0.0001,0.0049,0.0000,200,0.1087
0.0145,0.0000,0.0000,0.0000,0.0144,0.0000,200,0.0996
0.0022,0.0000,0.0000,0.0000,0.0021,0.0000,200,0.1124
0.0056,0.0000,0.0000,0.0000,0.0055,0.0001,200,0.1098
0.0218,0.0000,0.0000,0.0000,0.0217,0.0000,200,0.0939
0.0037,0.0000,0.0000,0.0000,0.0037,0.0000,200,0.1122
0.0028,0.0000,0.0000,0.0000,0.0026,0.0002,200,0.1138
0.0268,0.0000,0.0000,0.0001,0.0266,0.0001,200,0.0901
0.0064,0.0000,0.0000,0.0000,0.0063,0.0001,200,0.1107
0.0189,0.0000,0.0000,0.0000,0.0188,0.0000,200,0.0985
0.0160,0.0000,0.0000,0.0001,0.0158,0.0001,200,0.1018
0.0343,0.0000,0.0000,0.0000,0.0342,0.0001,200,0.0836
0.0114,0.0000,0.0000,0.0000,0.0113,0.0001,200,0.1068
0.0109,0.0000,0.0000,0.0000,0.0108,0.0001,200,0.1077
0.0133,0.0000,0.0000,0.0000,0.0133,0.0000,200,0.1060
0.0027,0.0000,0.0000,0.0000,0.0026,0.0001,200,0.1166
0.0490,0.0000,0.0000,0.0000,0.0489,0.0000,200,0.0708
0.0204,0.0000,0.0000,0.0000,0.0203,0.0001,200,0.0996
0.0130,0.0000,0.0000,0.0000,0.0127,0.0002,200,0.1075
0.0107,0.0000,0.0000,0.0001,0.0106,0.0000,200,0.1101
0.0657,0.0000,0.0000,0.0000,0.0655,0.0000,200,0.0555
0.0322,0.0000,0.0000,0.0000,0.0321,0.0001,200,0.0893
0.0025,0.0000,0.0000,0.0000,0.0024,0.0001,200,0.1193
0.0285,0.0000,0.0000,0.0000,0.0284,0.0000,200,0.0939
0.0159,0.0000,0.0000,0.0000,0.0159,0.0000,200,0.1068
0.0029,0.0000,0.0000,0.0000,0.0027,0.0001,200,0.1200
0.0704,0.0000,0.0000,0.0000,0.0703,0.0001,200,0.0528
0.0090,0.0000,0.0000,0.0000,0.0089,0.0000,200,0.1146
0.0125,0.0000,0.0000,0.0000,0.0124,0.0000,200,0.1114
0.0289,0.0000,0.0000,0.0000,0.0287,0.0001,200,0.0950
0.0085,0.0000,0.0000,0.0000,0.0084,0.0001,200,0.1157
0.0303,0.0000,0.0000,0.0000,0.0302,0.0000,200,0.0946
0.0130,0.0000,0.0000,0.0000,0.0130,0.0001,200,0.1122
0.0222,0.0000,0.0000,0.0000,0.0221,0.0000,200,0.1036
0.0283,0.0000,0.0000,0.0000,0.0282,0.0000,200,0.0978
0.0161,0.0000,0.0000,0.0000,0.0161,0.0000,200,0.1100
0.0292,0.0000,0.0000,0.0000,0.0290,0.0002,200,0.0972
0.0221,0.0000,0.0000,0.0002,0.0215,0.0003,200,0.1047
0.0079,0.0000,0.0000,0.0000,0.0077,0.0002,200,0.1194
0.0022,0.0000,0.0000,0.0000,0.0020,0.0002,200,0.1253
0.0221,0.0000,0.0000,0.0000,0.0220,0.0000,200,0.1054
0.0170,0.0000,0.0000,0.0000,0.0169,0.0001,200,0.1110
0.0343,0.0000,0.0000,0.0000,0.0342,0.0001,200,0.0938
0.0112,0.0000,0.0000,0.0000,0.0111,0.0000,200,0.1171
0.0014,0.0000,0.0000,0.0000,0.0013,0.0000,200,0.1275
0.0195,0.0000,0.0000,0.0000,0.0191,0.0004,200,0.1095
0.0358,0.0000,0.0000,0.0000,0.0357,0.0000,200,0.0938
0.0267,0.0000,0.0000,0.0000,0.0266,0.0001,200,0.1033
0.0029,0.0000,0.0000,0.0000,0.0029,0.0000,200,0.1272
0.0063,0.0000,0.0000,0.0000,0.0062,0.0000,200,0.1243
0.0127,0.0000,0.0000,0.0000,0.0126,0.0001,200,0.1182
0.0025,0.0000,0.0000,0.0000,0.0023,0.0001,200,0.1291
0.0177,0.0000,0.0000,0.0000,0.0175,0.0001,200,0.1141
0.0090,0.0000,0.0000,0.0000,0.0089,0.0001,200,0.1232
0.0088,0.0000,0.0000,0.0000,0.0087,0.0000,200,0.1239
0.0853,0.0000,0.0000,0.0000,0.0852,0.0001,200,0.0479
0.0122,0.0000,0.0000,0.0000,0.0120,0.0001,200,0.1215
0.0015,0.0000,0.0000,0.0000,0.0010,0.0005,200,0.1323
0.0137,0.0000,0.0000,0.0000,0.0136,0.0000,200,0.1206
0.0070,0.0000,0.0000,0.0000,0.0068,0.0001,200,0.1280
0.0084,0.0000,0.0000,0.0000,0.0082,0.0002,200,0.1268
0.0180,0.0000,0.0000,0.0000,0.0179,0.0001,200,0.1174
0.0052,0.0000,0.0000,0.0000,0.0051,0.0001,200,0.1306
0.0153,0.0000,0.0000,0.0000,0.0152,0.0000,200,0.1208
0.0061,0.0000,0.0000,0.0000,0.0061,0.0000,200,0.1302
0.0039,0.0000,0.0000,0.0000,0.0038,0.0000,200,0.1327
0.0134,0.0000,0.0000,0.0001,0.0133,0.0001,200,0.1236
0.0116,0.0000,0.0000,0.0000,0.0115,0.0001,200,0.1262
0.0009,0.0000,0.0000,0.0000,0.0009,0.0000,200,0.1370
0.0251,0.0000,0.0000,0.0000,0.0250,0.0000,200,0.1133
0.0406,0.0000,0.0000,0.0000,0.0404,0.0002,200,0.0986
0.0240,0.0000,0.0000,0.0000,0.0240,0.0000,200,0.1153
0.0201,0.0000,0.0000,0.0000,0.0198,0.0002,200,0.1198
0.0374,0.0000,0.0000,0.0000,0.0372,0.0000,200,0.1026
0.0120,0.0000,0.0000,0.0000,0.0118,0.0001,200,0.1281
0.0048,0.0000,0.0000,0.0000,0.0047,0.0000,200,0.1358
0.0126,0.0000,0.0000,0.0001,0.0125,0.0000,200,0.1283
0.0028,0.0000,0.0000,0.0000,0.0028,0.0000,200,0.1384
0.0195,0.0000,0.0000,0.0000,0.0194,0.0000,200,0.1219
0.0257,0.0000,0.0000,0.0000,0.0256,0.0000,200,0.1159
0.0207,0.0000,0.0000,0.0000,0.0207,0.0000,200,0.1212
0.0104,0.0000,0.0000,0.0000,0.0103,0.0001,200,0.1318
0.0012,0.0000,0.0000,0.0000,0.0011,0.0001,200,0.1412
0.0117,0.0000,0.0000,0.0000,0.0116,0.0000,200,0.1309
0.0068,0.0000,0.0000,0.0000,0.0067,0.0000,200,0.1361
0.0093,0.0000,0.0000,0.0000,0.0092,0.0000,200,0.1338
0.0248,0.0000,0.0000,0.0001,0.0246,0.0000,200,0.1186
0.0501,0.0000,0.0000,0.0000,0.0501,0.0000,200,0.0937
0.0505,0.0000,0.0000,0.0000,0.0504,0.0000,200,0.0938
0.0055,0.0000,0.0000,0.0000,0.0054,0.0001,200,0.1392
0.0027,0.0000,0.0000,0.0000,0.0026,0.0000,200,0.1421
0.0081,0.0000,0.0000,0.0001,0.0072,0.0008,200,0.1377
0.0109,0.0000,0.0000,0.0000,0.0108,0.0000,200,0.1349
0.0211,0.0000,0.0000,0.0000,0.0203,0.0007,200,0.1248
0.0195,0.0000,0.0000,0.0000,0.0190,0.0005,200,0.1264
0.0288,0.0000,0.0000,0.0000,0.0285,0.0003,200,0.1180
0.0090,0.0000,0.0000,0.0000,0.0088,0.0001,200,0.1379
0.0088,0.0000,0.0000,0.0000,0.0081,0.0007,200,0.1394
0.0151,0.0000,0.0000,0.0000,0.0151,0.0000,200,0.1332
0.0078,0.0000,0.0000,0.0000,0.0078,0.0000,200,0.1405
0.0402,0.0000,0.0000,0.0000,0.0400,0.0001,200,0.1083
0.0087,0.0000,0.0000,0.0002,0.0083,0.0002,200,0.1400
0.0037,0.0000,0.0000,0.0000,0.0034,0.0004,200,0.1458
0.0166,0.0000,0.0000,0.0002,0.0163,0.0000,200,0.1338
0.0371,0.0000,0.0000,0.0000,0.0370,0.0000,200,0.1132
0.0078,0.0000,0.0000,0.0000,0.0078,0.0000,200,0.1433
0.0226,0.0000,0.0000,0.0000,0.0225,0.0001,200,0.1289
0.0163,0.0000,0.0000,0.0000,0.0162,0.0000,200,0.1354
0.0129,0.0000,0.0000,0.0000,0.0124,0.0000,200,0.1401
0.0470,0.0000,0.0000,0.0000,0.0469,0.0000,200,0.1060
0.0093,0.0000,0.0000,0.0000,0.0090,0.0003,200,0.1443
0.0128,0.0000,0.0000,0.0000,0.0127,0.0000,200,0.1409
0.0226,0.0000,0.0000,0.0000,0.0224,0.0001,200,0.1315
0.1112,0.0000,0.0000,0.0000,0.1111,0.0000,200,0.0432
0.0019,0.0000,0.0000,0.0000,0.0018,0.0000,200,0.1530
0.0014,0.0000,0.0000,0.0000,0.0014,0.0001,200,0.1536
0.0013,0.0000,0.0000,0.0000,0.0012,0.0001,200,0.1543
0.0090,0.0000,0.0000,0.0000,0.0089,0.0001,200,0.1469
0.0118,0.0000,0.0000,0.0000,0.0116,0.0001,200,0.1447
0.0293,0.0000,0.0000,0.0000,0.0292,0.0001,200,0.1275
0.0036,0.0000,0.0000,0.0000,0.0035,0.0000,200,0.1537
0.0317,0.0000,0.0000,0.0000,0.0316,0.0001,200,0.1261
0.0011,0.0000,0.0000,0.0000,0.0010,0.0000,200,0.1568
0.0024,0.0000,0.0000,0.0000,0.0023,0.0000,200,0.1565
0.0130,0.0000,0.0000,0.0000,0.0129,0.0001,200,0.1459
0.0033,0.0000,0.0000,0.0000,0.0027,0.0006,200,0.1557
0.0132,0.0000,0.0000,0.0000,0.0132,0.0000,200,0.1459
0.0170,0.0000,0.0000,0.0000,0.0169,0.0001,200,0.1429
0.0431,0.0000,0.0000,0.0000,0.0431,0.0000,200,0.1168
0.0072,0.0000,0.0000,0.0000,0.0071,0.0001,200,0.1530
0.0054,0.0000,0.0000,0.0000,0.0053,0.0000,200,0.1549
0.0093,0.0000,0.0000,0.0000,0.0091,0.0001,200,0.1515
0.0011,0.0000,0.0000,0.0000,0.0010,0.0001,200,0.1602
0.0154,0.0000,0.0000,0.0000,0.0154,0.0000,200,0.1459
0.0387,0.0000,0.0000,0.0000,0.0386,0.0000,200,0.1227
0.0196,0.0000,0.0000,0.0000,0.0195,0.0001,200,0.1424
0.0146,0.0000,0.0000,0.0000,0.0142,0.0003,200,0.1482
0.0279,0.0000,0.0000,0.0000,0.0278,0.0000,200,0.1352
0.0193,0.0000,0.0000,0.0000,0.0192,0.0000,200,0.1439
0.0460,0.0000,0.0000,0.0000,0.0459,0.0000,200,0.1177
0.0039,0.0000,0.0000,0.0001,0.0037,0.0001,200,0.1603
0.0140,0.0000,0.0000,0.0000,0.0140,0.0000,200,0.1503
0.0059,0.0000,0.0000,0.0000,0.0058,0.0000,200,0.1589
0.0112,0.0000,0.0000,0.0002,0.0109,0.0000,200,0.1541
0.0618,0.0000,0.0000,0.0000,0.0617,0.0001,200,0.1039
0.0556,0.0000,0.0000,0.0000,0.0556,0.0000,200,0.1105
0.0083,0.0000,0.0000,0.0000,0.0082,0.0000,200,0.1579
0.0020,0.0000,0.0000,0.0001,0.0018,0.0000,200,0.1648
0.0173,0.0000,0.0000,0.0000,0.0170,0.0002,200,0.1503
0.0087,0.0000,0.0000,0.0001,0.0085,0.0000,200,0.1589
0.0037,0.0000,0.0000,0.0000,0.0037,0.0000,200,0.1644
0.0070,0.0000,0.0000,0.0000,0.0069,0.0000,200,0.1614
0.0054,0.0000,0.0000,0.0000,0.0052,0.0002,200,0.1631
0.0099,0.0000,0.0000,0.0000,0.0099,0.0000,200,0.1590
0.0266,0.0000,0.0000,0.0000,0.0265,0.0000,200,0.1426
0.0119,0.0000,0.0000,0.0000,0.0119,0.0001,200,0.1579
0.0050,0.0000,0.0000,0.0000,0.0049,0.0000,200,0.1653
0.0093,0.0000,0.0000,0.0000,0.0092,0.0001,200,0.1613
0.0367,0.0000,0.0000,0.0000,0.0367,0.0000,200,0.1343
0.0296,0.0000,0.0000,0.0000,0.0295,0.0000,200,0.1414
0.0057,0.0000,0.0000,0.0000,0.0056,0.0000,200,0.1662
0.0008,0.0000,0.0000,0.0000,0.0008,0.0000,200,0.1710
0.0082,0.0000,0.0000,0.0000,0.0081,0.0001,200,0.1637
0.0042,0.0000,0.0000,0.0000,0.0041,0.0001,200,0.1681
0.0246,0.0000,0.0000,0.0000,0.0245,0.0000,200,0.1485
0.0111,0.0000,0.0000,0.0000,0.0108,0.0003,200,0.1620
0.0035,0.0000,0.0000,0.0000,0.0035,0.0000,200,0.1698
0.0243,0.0000,0.0000,0.0000,0.0241,0.0001,200,0.1496
0.0012,0.0000,0.0000,0.0000,0.0011,0.0000,200,0.1731
0.0087,0.0000,0.0000,0.0000,0.0084,0.0003,200,0.1657
0.0041,0.0000,0.0000,0.0000,0.0040,0.0000,200,0.1710
0.0496,0.0000,0.0000,0.0003,0.0492,0.0000,200,0.1257
0.0083,0.0000,0.0000,0.0000,0.0082,0.0000,200,0.1676
0.0129,0.0000,0.0000,0.0000,0.0128,0.0000,200,0.1632
0.0189,0.0000,0.0000,0.0000,0.0187,0.0001,200,0.1573
0.0154,0.0000,0.0000,0.0000,0.0152,0.0002,200,0.1613
0.0283,0.0000,0.0000,0.0000,0.0281,0.0001,200,0.1487
0.0288,0.0000,0.0000,0.0000,0.0287,0.0001,200,0.1483
0.0184,0.0000,0.0000,0.0001,0.0182,0.0001,200,0.1591
0.0135,0.0000,0.0000,0.0000,0.0134,0.0000,200,0.1642
0.0036,0.0000,0.0000,0.0000,0.0035,0.0000,200,0.1743
0.0365,0.0000,0.0000,0.0000,0.0364,0.0000,200,0.1420
0.0046,0.0000,0.0000,0.0001,0.0045,0.0001,200,0.1744
0.0189,0.0000,0.0000,0.0000,0.0187,0.0001,200,0.1608
0.0201,0.0000,0.0000,0.0000,0.0200,0.0000,200,0.1599
0.0025,0.0000,0.0000,0.0000,0.0024,0.0000,200,0.1777
0.0022,0.0000,0.0000,0.0000,0.0018,0.0004,200,0.1784
0.0035,0.0000,0.0000,0.0000,0.0035,0.0000,200,0.1772
0.0212,0.0000,0.0000,0.0000,0.0211,0.0000,200,0.1600
0.0055,0.0000,0.0000,0.0000,0.0053,0.0002,200,0.1761
0.0190,0.0000,0.0000,0.0000,0.0189,0.0000,200,0.1628
0.0090,0.0000,0.0000,0.0000,0.0089,0.0000,200,0.1731
0.0059,0.0000,0.0000,0.0001,0.0057,0.0000,200,0.1767
0.0142,0.0000,0.0000,0.0000,0.0141,0.0000,200,0.1685
0.0611,0.0000,0.0000,0.0000,0.0606,0.0005,200,0.1224
0.0020,0.0000,0.0000,0.0001,0.0018,0.0001,200,0.1816
0.0021,0.0000,0.0000,0.0000,0.0020,0.0001,200,0.1821
0.0397,0.0000,0.0000,0.0000,0.0387,0.0000,200,0.1449
0.0040,0.0000,0.0000,0.0001,0.0039,0.0000,200,0.1807
0.0124,0.0000,0.0000,0.0000,0.0124,0.0000,200,0.1723
0.0300,0.0000,0.0000,0.0000,0.0300,0.0000,200,0.1551
0.0057,0.0000,0.0000,0.0001,0.0055,0.0000,200,0.1800
0.0491,0.0000,0.0000,0.0000,0.0491,0.0000,200,0.1366
0.0199,0.0000,0.0000,0.0000,0.0198,0.0001,200,0.1662
0.0129,0.0000,0.0000,0.0000,0.0126,0.0002,200,0.1739
0.0045,0.0000,0.0000,0.0000,0.0040,0.0005,200,0.1826
0.0397,0.0000,0.0000,0.0000,0.0392,0.0005,200,0.1484
0.0157,0.0000,0.0000,0.0000,0.0153,0.0004,200,0.1733
0.0205,0.0000,0.0000,0.0000,0.0195,0.0010,200,0.1689
0.0594,0.0000,0.0000,0.0000,0.0587,0.0007,200,0.1300
0.0427,0.0000,0.0000,0.0001,0.0418,0.0008,200,0.1468
0.0039,0.0000,0.0000,0.0000,0.0030,0.0008,200,0.1857
0.0114,0.0000,0.0000,0.0000,0.0099,0.0015,200,0.1775
0.0112,0.0000,0.0000,0.0000,0.0110,0.0001,200,0.1791
0.0474,0.0000,0.0000,0.0000,0.0474,0.0000,200,0.1431
0.0012,0.0000,0.0000,0.0000,0.0011,0.0000,200,0.1898
0.0144,0.0000,0.0000,0.0000,0.0143,0.0000,200,0.1770
0.0199,0.0000,0.0000,0.0000,0.0199,0.0000,200,0.1718
0.0691,0.0000,0.0000,0.0001,0.0690,0.0000,200,0.1229
0.0108,0.0000,0.0000,0.0000,0.0107,0.0000,200,0.1818
0.0018,0.0000,0.0000,0.0000,0.0018,0.0000,200,0.1910
0.0228,0.0000,0.0000,0.0000,0.0227,0.0001,200,0.1705
0.0081,0.0000,0.0000,0.0000,0.0080,0.0001,200,0.1857
0.0079,0.0000,0.0000,0.0000,0.0075,0.0000,200,0.1891
0.0075,0.0000,0.0000,0.0000,0.0074,0.0000,200,0.1894
0.0123,0.0000,0.0000,0.0000,0.0122,0.0000,200,0.1847
0.0158,0.0000,0.0000,0.0000,0.0158,0.0000,200,0.1811
0.0174,0.0000,0.0000,0.0003,0.0167,0.0001,200,0.1796
0.0252,0.0000,0.0000,0.0000,0.0251,0.0000,200,0.1718
0.0128,0.0000,0.0000,0.0000,0.0127,0.0000,200,0.1842
0.0100,0.0000,0.0000,0.0001,0.0098,0.0000,200,0.1870
0.0076,0.0000,0.0000,0.0000,0.0072,0.0000,200,0.1895
0.0212,0.0000,0.0000,0.0000,0.0212,0.0000,200,0.1759
0.0068,0.0000,0.0000,0.0000,0.0068,0.0000,200,0.1903
0.0676,0.0000,0.0000,0.0000,0.0675,0.0000,200,0.1296
0.0046,0.0000,0.0000,0.0000,0.0045,0.0000,200,0.1926
0.0039,0.0000,0.0000,0.0000,0.0038,0.0000,200,0.1938
0.0202,0.0000,0.0000,0.0000,0.0202,0.0000,200,0.1779
0.0071,0.0000,0.0000,0.0001,0.0067,0.0002,200,0.1918
0.0022,0.0000,0.0000,0.0000,0.0022,0.0000,200,0.1971
0.0024,0.0000,0.0000,0.0000,0.0023,0.0000,200,0.1971
0.0018,0.0000,0.0000,0.0000,0.0017,0.0000,200,0.1981
0.0025,0.0000,0.0000,0.0000,0.0025,0.0000,200,0.1977
0.0014,0.0000,0.0000,0.0000,0.0013,0.0001,200,0.1994
0.0039,0.0000,0.0000,0.0000,0.0037,0.0001,200,0.1971
0.0598,0.0000,0.0000,0.0000,0.0597,0.0000,200,0.1416
0.0154,0.0000,0.0000,0.0000,0.0147,0.0000,200,0.1861
0.0052,0.0000,0.0000,0.0000,0.0051,0.0000,200,0.1970
0.0055,0.0000,0.0000,0.0000,0.0054,0.0000,200,0.1972
0.0471,0.0000,0.0000,0.0000,0.0470,0.0000,200,0.1559
0.0025,0.0000,0.0000,0.0000,0.0025,0.0000,200,0.2008
0.0071,0.0000,0.0000,0.0000,0.0070,0.0000,200,0.1969
0.0295,0.0000,0.0000,0.0000,0.0290,0.0005,200,0.1751
0.0076,0.0000,0.0000,0.0000,0.0075,0.0001,200,0.1969
0.0382,0.0000,0.0000,0.0000,0.0381,0.0001,200,0.1668
0.0208,0.0000,0.0000,0.0000,0.0207,0.0000,200,0.1847
0.0696,0.0000,0.0000,0.0000,0.0694,0.0001,200,0.1363
0.0368,0.0000,0.0000,0.0000,0.0367,0.0000,200,0.1692
0.0549,0.0000,0.0000,0.0000,0.0549,0.0000,200,0.1512
0.0139,0.0000,0.0000,0.0000,0.0138,0.0000,200,0.1928
0.0236,0.0000,0.0000,0.0000,0.0234,0.0000,200,0.1835
0.0055,0.0000,0.0000,0.0000,0.0054,0.0000,200,0.2021
0.0565,0.0000,0.0000,0.0001,0.0562,0.0002,200,0.1517
0.0050,0.0000,0.0000,0.0000,0.0049,0.0000,200,0.2034
0.0044,0.0000,0.0000,0.0000,0.0043,0.0001,200,0.2046
0.0076,0.0000,0.0000,0.0000,0.0076,0.0000,200,0.2015
0.0127,0.0000,0.0000,0.0000,0.0122,0.0004,200,0.1971
0.0072,0.0000,0.0000,0.0000,0.0071,0.0001,200,0.2027
0.0301,0.0000,0.0000,0.0000,0.0295,0.0000,200,0.1802
0.0077,0.0000,0.0000,0.0000,0.0076,0.0000,200,0.2030
0.0215,0.0000,0.0000,0.0000,0.0211,0.0000,200,0.1894
0.0118,0.0000,0.0000,0.0000,0.0117,0.0000,200,0.1993
0.0311,0.0000,0.0000,0.0000,0.0311,0.0000,200,0.1807
0.0058,0.0000,0.0000,0.0000,0.0057,0.0001,200,0.2061
0.0113,0.0000,0.0000,0.0000,0.0112,0.0000,200,0.2010
0.0082,0.0000,0.0000,0.0000,0.0078,0.0000,200,0.2045
0.0411,0.0000,0.0000,0.0000,0.0409,0.0002,200,0.1719
0.0368,0.0000,0.0000,0.0000,0.0368,0.0000,200,0.1761
0.0162,0.0000,0.0000,0.0000,0.0162,0.0000,200,0.1972
0.0233,0.0000,0.0000,0.0000,0.0232,0.0000,200,0.1905
0.0025,0.0000,0.0000,0.0000,0.0024,0.0000,200,0.2119
0.0063,0.0000,0.0000,0.0000,0.0062,0.0000,200,0.2083
0.0064,0.0000,0.0000,0.0000,0.0059,0.0004,200,0.2090
0.0140,0.0000,0.0000,0.0000,0.0139,0.0000,200,0.2014
0.0757,0.0000,0.0000,0.0000,0.0756,0.0001,200,0.1399
0.0191,0.0000,0.0000,0.0000,0.0190,0.0002,200,0.1971
0.0081,0.0000,0.0000,0.0000,0.0078,0.0000,200,0.2083
0.0254,0.0000,0.0000,0.0000,0.0254,0.0000,200,0.1914
0.0063,0.0000,0.0000,0.0000,0.0063,0.0001,200,0.2108
0.0187,0.0000,0.0000,0.0000,0.0186,0.0000,200,0.1989
0.0073,0.0000,0.0000,0.0000,0.0072,0.0000,200,0.2111
0.0339,0.0000,0.0000,0.0000,0.0338,0.0000,200,0.1846
0.0189,0.0000,0.0000,0.0000,0.0189,0.0000,200,0.2000
0.0044,0.0000,0.0000,0.0000,0.0044,0.0000,200,0.2146
0.0067,0.0000,0.0000,0.0000,0.0066,0.0000,200,0.2130
0.0098,0.0000,0.0000,0.0000,0.0097,0.0000,200,0.2099
0.0230,0.0000,0.0000,0.0000,0.0229,0.0000,200,0.1969
0.0133,0.0000,0.0000,0.0000,0.0132,0.0000,200,0.2071
0.0117,0.0000,0.0000,0.0000,0.0114,0.0002,200,0.2091
0.0042,0.0000,0.0000,0.0000,0.0041,0.0000,200,0.2169
0.0040,0.0000,0.0000,0.0000,0.0040,0.0000,200,0.2172
0.0367,0.0000,0.0000,0.0000,0.0366,0.0001,200,0.1851
0.0469,0.0000,0.0000,0.0000,0.0467,0.0001,200,0.1753
0.0120,0.0000,0.0000,0.0000,0.0118,0.0001,200,0.2107
0.0257,0.0000,0.0000,0.0000,0.0256,0.0000,200,0.1971
0.0174,0.0000,0.0000,0.0000,0.0172,0.0002,200,0.2055
0.0022,0.0000,0.0000,0.0000,0.0020,0.0000,200,0.2219
0.0044,0.0000,0.0000,0.0000,0.0044,0.0000,200,0.2197
0.0347,0.0000,0.0000,0.0000,0.0344,0.0000,200,0.1895
0.0088,0.0000,0.0000,0.0000,0.0076,0.0012,200,0.2156
0.0122,0.0000,0.0000,0.0000,0.0118,0.0003,200,0.2123
0.0087,0.0000,0.0000,0.0000,0.0086,0.0000,200,0.2164
0.0387,0.0000,0.0000,0.0000,0.0386,0.0001,200,0.1868
0.0557,0.0000,0.0000,0.0000,0.0552,0.0005,200,0.1707
0.0035,0.0000,0.0000,0.0000,0.0035,0.0000,200,0.2229
0.0132,0.0000,0.0000,0.0000,0.0131,0.0000,200,0.2134
0.0015,0.0000,0.0000,0.0000,0.0014,0.0000,200,0.2256
0.0035,0.0000,0.0000,0.0000,0.0034,0.0001,200,0.2241
0.0068,0.0000,0.0000,0.0001,0.0067,0.0000,200,0.2210
0.0280,0.0000,0.0000,0.0000,0.0279,0.0000,200,0.2002
0.0096,0.0000,0.0000,0.0000,0.0095,0.0000,200,0.2189
0.0159,0.0000,0.0000,0.0000,0.0159,0.0000,200,0.2127
0.0051,0.0000,0.0000,0.0000,0.0050,0.0000,200,0.2241
0.0621,0.0000,0.0000,0.0000,0.0620,0.0000,200,0.1677
0.0035,0.0000,0.0000,0.0000,0.0034,0.0001,200,0.2266
0.0480,0.0000,0.0000,0.0000,0.0478,0.0001,200,0.1826
0.0056,0.0000,0.0000,0.0000,0.0055,0.0000,200,0.2251
0.0167,0.0000,0.0000,0.0000,0.0166,0.0000,200,0.2143
0.0053,0.0000,0.0000,0.0000,0.0052,0.0001,200,0.2264
0.0049,0.0000,0.0000,0.0000,0.0048,0.0000,200,0.2271
0.0078,0.0000,0.0000,0.0000,0.0076,0.0002,200,0.2244
0.0189,0.0000,0.0000,0.0000,0.0186,0.0004,200,0.2139
0.0645,0.0000,0.0000,0.0001,0.0644,0.0001,200,0.1685
0.0048,0.0000,0.0000,0.0000,0.0046,0.0001,200,0.2285
0.0134,0.0000,0.0000,0.0000,0.0134,0.0001,200,0.2200
0.0165,0.0000,0.0000,0.0000,0.0162,0.0002,200,0.2175
0.0130,0.0000,0.0000,0.0000,0.0129,0.0001,200,0.2212
0.0281,0.0000,0.0000,0.0000,0.0279,0.0001,200,0.2067
0.0121,0.0000,0.0000,0.0000,0.0120,0.0000,200,0.2228
0.0075,0.0000,0.0000,0.0000,0.0074,0.0000,200,0.2278
0.1119,0.0000,0.0000,0.0000,0.1118,0.0000,200,0.1239
0.0037,0.0000,0.0000,0.0000,0.0037,0.0000,200,0.2322
0.0201,0.0000,0.0000,0.0000,0.0198,0.0001,200,0.2162
0.0185,0.0000,0.0000,0.0000,0.0184,0.0001,200,0.2185
0.0333,0.0000,0.0000,0.0000,0.0331,0.0002,200,0.2040
0.0059,0.0000,0.0000,0.0000,0.0057,0.0000,200,0.2317
0.0449,0.0000,0.0000,0.0000,0.0447,0.0001,200,0.1933
0.0418,0.0000,0.0000,0.0000,0.0405,0.0012,200,0.1970
0.0037,0.0000,0.0000,0.0000,0.0037,0.0000,200,0.2354
0.0085,0.0000,0.0000,0.0000,0.0083,0.0002,200,0.2306
0.0065,0.0000,0.0000,0.0000,0.0064,0.0000,200,0.2331
0.0104,0.0000,0.0000,0.0001,0.0103,0.0000,200,0.2292
0.0342,0.0000,0.0000,0.0000,0.0341,0.0001,200,0.2059
0.0042,0.0000,0.0000,0.0000,0.0042,0.0000,200,0.2363
0.0051,0.0000,0.0000,0.0000,0.0049,0.0002,200,0.2359
0.0015,0.0000,0.0000,0.0000,0.0014,0.0000,200,0.2396
0.0530,0.0000,0.0000,0.0002,0.0528,0.0000,200,0.1881
0.0133,0.0000,0.0000,0.0000,0.0128,0.0001,200,0.2282
0.0061,0.0000,0.0000,0.0000,0.0060,0.0001,200,0.2358
0.0048,0.0000,0.0000,0.0000,0.0047,0.0001,200,0.2376
0.0369,0.0000,0.0000,0.0000,0.0367,0.0000,200,0.2060
0.0240,0.0000,0.0000,0.0000,0.0239,0.0001,200,0.2190
0.0517,0.0000,0.0000,0.0000,0.0516,0.0000,200,0.1920
0.0032,0.0000,0.0000,0.0000,0.0031,0.0000,200,0.2406
0.0211,0.0000,0.0000,0.0000,0.0210,0.0000,200,0.2227
0.0014,0.0000,0.0000,0.0000,0.0013,0.0000,200,0.2429
0.0139,0.0000,0.0000,0.0000,0.0139,0.0000,200,0.2311
0.0205,0.0000,0.0000,0.0000,0.0203,0.0001,200,0.2245
0.0074,0.0000,0.0000,0.0000,0.0073,0.0000,200,0.2381
0.0328,0.0000,0.0000,0.0000,0.0328,0.0000,200,0.2130
0.0177,0.0000,0.0000,0.0000,0.0177,0.0000,200,0.2287
0.0248,0.0000,0.0000,0.0000,0.0246,0.0001,200,0.2222
0.0230,0.0000,0.0000,0.0000,0.0229,0.0000,200,0.2241
0.0178,0.0000,0.0000,0.0001,0.0175,0.0001,200,0.2301
0.0050,0.0000,0.0000,0.0000,0.0050,0.0000,200,0.2430
0.0209,0.0000,0.0000,0.0000,0.0208,0.0001,200,0.2276
0.0286,0.0000,0.0000,0.0006,0.0279,0.0001,200,0.2204
0.0388,0.0000,0.0000,0.0000,0.0387,0.0000,200,0.2103
0.0084,0.0000,0.0000,0.0000,0.0082,0.0001,200,0.2412
0.0316,0.0000,0.0000,0.0000,0.0315,0.0000,200,0.2184
0.0114,0.0000,0.0000,0.0002,0.0111,0.0001,200,0.2387
0.0034,0.0000,0.0000,0.0000,0.0033,0.0000,200,0.2469
0.0121,0.0000,0.0000,0.0000,0.0118,0.0003,200,0.2391
0.0358,0.0000,0.0000,0.0000,0.0357,0.0000,200,0.2154
0.0113,0.0000,0.0000,0.0000,0.0111,0.0002,200,0.2401
0.0104,0.0000,0.0000,0.0000,0.0103,0.0000,200,0.2411
0.0042,0.0000,0.0000,0.0000,0.0042,0.0000,200,0.2479
0.0176,0.0000,0.0000,0.0000,0.0175,0.0001,200,0.2349
0.0194,0.0000,0.0000,0.0000,0.0193,0.0001,200,0.2334
0.0336,0.0000,0.0000,0.0000,0.0336,0.0000,200,0.2196
0.0114,0.0000,0.0000,0.0001,0.0113,0.0000,200,0.2424
0.0422,0.0000,0.0000,0.0000,0.0421,0.0000,200,0.2118
0.0199,0.0000,0.0000,0.0000,0.0198,0.0001,200,0.2348
0.0216,0.0000,0.0000,0.0000,0.0215,0.0000,200,0.2333
0.0094,0.0000,0.0000,0.0000,0.0093,0.0000,200,0.2458
0.0214,0.0000,0.0000,0.0001,0.0211,0.0002,200,0.2342
0.0027,0.0000,0.0000,0.0000,0.0026,0.0001,200,0.2533
0.0222,0.0000,0.0000,0.0000,0.0221,0.0000,200,0.2340
0.0195,0.0000,0.0000,0.0000,0.0193,0.0000,200,0.2370
0.0129,0.0000,0.0000,0.0000,0.0128,0.0001,200,0.2438
0.0521,0.0000,0.0000,0.0001,0.0519,0.0000,200,0.2050
0.0185,0.0000,0.0000,0.0000,0.0184,0.0001,200,0.2392
0.0068,0.0000,0.0000,0.0000,0.0066,0.0001,200,0.2512
0.0127,0.0000,0.0000,0.0000,0.0126,0.0001,200,0.2456
0.0105,0.0000,0.0000,0.0000,0.0104,0.0000,200,0.2480
0.0089,0.0000,0.0000,0.0000,0.0087,0.0000,200,0.2501
0.0055,0.0000,0.0000,0.0000,0.0054,0.0000,200,0.2538
0.0086,0.0000,0.0000,0.0000,0.0085,0.0000,200,0.2512
0.0151,0.0000,0.0000,0.0000,0.0150,0.0001,200,0.2450
0.0049,0.0000,0.0000,0.0000,0.0048,0.0001,200,0.2556
0.0193,0.0000,0.0000,0.0000,0.0192,0.0000,200,0.2415
0.0777,0.0000,0.0000,0.0001,0.0775,0.0000,200,0.1836
0.0047,0.0000,0.0000,0.0000,0.0046,0.0000,200,0.2571
0.0246,0.0000,0.0000,0.0010,0.0236,0.0000,200,0.2374
0.0101,0.0000,0.0000,0.0000,0.0100,0.0000,200,0.2521
0.0131,0.0000,0.0000,0.0000,0.0130,0.0000,200,0.2496
0.0092,0.0000,0.0000,0.0000,0.0091,0.0000,200,0.2540
0.0143,0.0000,0.0000,0.0000,0.0142,0.0000,200,0.2490
0.0329,0.0000,0.0000,0.0000,0.0328,0.0001,200,0.2307
0.0064,0.0000,0.0000,0.0000,0.0064,0.0000,200,0.2579
0.0159,0.0000,0.0000,0.0000,0.0156,0.0002,200,0.2485
0.0232,0.0000,0.0000,0.0000,0.0231,0.0001,200,0.2419
0.0036,0.0000,0.0000,0.0000,0.0034,0.0000,200,0.2618
0.0135,0.0000,0.0000,0.0000,0.0132,0.0002,200,0.2528
0.0052,0.0000,0.0000,0.0000,0.0052,0.0000,200,0.2613
0.0114,0.0000,0.0000,0.0000,0.0113,0.0000,200,0.2552
0.0031,0.0000,0.0000,0.0004,0.0023,0.0002,200,0.2636
0.0071,0.0000,0.0000,0.0000,0.0070,0.0001,200,0.2602
0.0093,0.0000,0.0000,0.0000,0.0092,0.0000,200,0.2585
0.0112,0.0000,0.0000,0.0000,0.0111,0.0001,200,0.2565
0.0473,0.0000,0.0000,0.0000,0.0472,0.0000,200,0.2208
0.0592,0.0000,0.0000,0.0000,0.0589,0.0003,200,0.2098
0.0372,0.0000,0.0000,0.0000,0.0371,0.0000,200,0.2319
0.0124,0.0000,0.0000,0.0000,0.0123,0.0001,200,0.2567
0.0045,0.0000,0.0000,0.0000,0.0044,0.0001,200,0.2651
0.0137,0.0000,0.0000,0.0000,0.0134,0.0002,200,0.2563
0.0291,0.0000,0.0000,0.0000,0.0291,0.0000,200,0.2411
0.0103,0.0000,0.0000,0.0000,0.0098,0.0004,200,0.2608
0.0557,0.0000,0.0000,0.0001,0.0554,0.0000,200,0.2155
0.0036,0.0000,0.0000,0.0000,0.0035,0.0000,200,0.2677
0.0053,0.0000,0.0000,0.0000,0.0051,0.0002,200,0.2663
0.0161,0.0000,0.0000,0.0000,0.0160,0.0000,200,0.2560
0.0015,0.0000,0.0000,0.0000,0.0014,0.0001,200,0.2711
0.0465,0.0000,0.0000,0.0000,0.0464,0.0001,200,0.2264
0.0161,0.0000,0.0000,0.0000,0.0160,0.0001,200,0.2576
0.0105,0.0000,0.0000,0.0000,0.0105,0.0000,200,0.2632
0.0073,0.0000,0.0000,0.0000,0.0071,0.0002,200,0.2666
0.0218,0.0000,0.0000,0.0000,0.0217,0.0000,200,0.2525
0.0155,0.0000,0.0000,0.0000,0.0154,0.0001,200,0.2593
0.0314,0.0000,0.0000,0.0000,0.0313,0.0001,200,0.2438
0.0017,0.0000,0.0000,0.0000,0.0015,0.0002,200,0.2738
0.0157,0.0000,0.0000,0.0000,0.0155,0.0001,200,0.2605
0.0214,0.0000,0.0000,0.0000,0.0213,0.0000,200,0.2549
0.0314,0.0000,0.0000,0.0001,0.0313,0.0000,200,0.2450
0.0472,0.0000,0.0000,0.0000,0.0472,0.0000,200,0.2297
0.0130,0.0000,0.0000,0.0000,0.0128,0.0001,200,0.2644
0.0230,0.0000,0.0000,0.0000,0.0229,0.0000,200,0.2547
0.0136,0.0000,0.0000,0.0000,0.0134,0.0001,200,0.2644
0.0319,0.0000,0.0000,0.0000,0.0318,0.0001,200,0.2464
0.0049,0.0000,0.0000,0.0000,0.0045,0.0002,200,0.2739
0.0096,0.0000,0.0000,0.0000,0.0095,0.0000,200,0.2696
0.0103,0.0000,0.0000,0.0000,0.0102,0.0000,200,0.2690
0.0291,0.0000,0.0000,0.0000,0.0282,0.0008,200,0.2515
0.0307,0.0000,0.0000,0.0000,0.0306,0.0000,200,0.2500
0.0188,0.0000,0.0000,0.0000,0.0187,0.0000,200,0.2620
0.0154,0.0000,0.0000,0.0000,0.0153,0.0000,200,0.2653
0.0119,0.0000,0.0000,0.0000,0.0116,0.0002,200,0.2691
0.0178,0.0000,0.0000,0.0000,0.0177,0.0001,200,0.2633
0.0094,0.0000,0.0000,0.0000,0.0093,0.0001,200,0.2721
0.0741,0.0000,0.0000,0.0001,0.0739,0.0001,200,0.2076
0.0159,0.0000,0.0000,0.0000,0.0155,0.0004,200,0.2667
0.0136,0.0000,0.0000,0.0000,0.0135,0.0000,200,0.2691
0.0063,0.0000,0.0000,0.0000,0.0061,0.0001,200,0.2771
0.0398,0.0000,0.0000,0.0000,0.0397,0.0000,200,0.2437
0.0215,0.0000,0.0000,0.0000,0.0214,0.0000,200,0.2627
0.0050,0.0000,0.0000,0.0000,0.0049,0.0000,200,0.2792
0.0082,0.0000,0.0000,0.0000,0.0081,0.0000,200,0.2762
0.0075,0.0000,0.0000,0.0000,0.0074,0.0001,200,0.2773
0.0089,0.0000,0.0000,0.0000,0.0088,0.0000,200,0.2763
0.0232,0.0000,0.0000,0.0000,0.0231,0.0000,200,0.2622
0.0066,0.0000,0.0000,0.0000,0.0065,0.0000,200,0.2795
0.0101,0.0000,0.0000,0.0000,0.0100,0.0001,200,0.2764
0.0013,0.0000,0.0000,0.0000,0.0012,0.0000,200,0.2854
0.0062,0.0000,0.0000,0.0000,0.0060,0.0001,200,0.2810
0.0174,0.0000,0.0000,0.0000,0.0173,0.0001,200,0.2699
0.0046,0.0000,0.0000,0.0000,0.0045,0.0000,200,0.2860
0.0099,0.0000,0.0000,0.0000,0.0098,0.0001,200,0.2807
0.0063,0.0000,0.0000,0.0000,0.0061,0.0001,200,0.2864
0.0068,0.0000,0.0000,0.0000,0.0066,0.0001,200,0.2872
0.0485,0.0000,0.0000,0.0000,0.0484,0.0000,200,0.2471
0.0278,0.0000,0.0000,0.0000,0.0277,0.0000,200,0.2678
0.0151,0.0000,0.0000,0.0000,0.0150,0.0001,200,0.2807
0.0235,0.0000,0.0000,0.0000,0.0233,0.0001,200,0.2729
0.0483,0.0000,0.0000,0.0000,0.0482,0.0001,200,0.2491
0.0080,0.0000,0.0000,0.0003,0.0076,0.0001,200,0.2906
0.0145,0.0000,0.0000,0.0002,0.0142,0.0000,200,0.2842
0.0085,0.0000,0.0000,0.0002,0.0079,0.0000,200,0.2906
0.0669,0.0000,0.0000,0.0000,0.0668,0.0000,200,0.2328
0.0290,0.0000,0.0000,0.0000,0.0289,0.0001,200,0.2714
0.0168,0.0000,0.0000,0.0000,0.0167,0.0000,200,0.2842
0.0171,0.0000,0.0000,0.0000,0.0168,0.0003,200,0.2849
0.0146,0.0000,0.0000,0.0000,0.0145,0.0001,200,0.2873
0.0212,0.0000,0.0000,0.0000,0.0211,0.0000,200,0.2811
0.0346,0.0000,0.0000,0.0000,0.0345,0.0001,200,0.2681
0.0452,0.0000,0.0000,0.0001,0.0451,0.0001,200,0.2583
0.0025,0.0000,0.0000,0.0000,0.0024,0.0000,200,0.3020
0.0221,0.0000,0.0000,0.0000,0.0220,0.0001,200,0.2827
0.0309,0.0000,0.0000,0.0000,0.0309,0.0000,200,0.2742
0.0300,0.0000,0.0000,0.0000,0.0298,0.0000,200,0.2755
0.0554,0.0000,0.0000,0.0000,0.0554,0.0000,200,0.2504
0.0308,0.0000,0.0000,0.0000,0.0307,0.0000,200,0.2752
0.0275,0.0000,0.0000,0.0000,0.0274,0.0000,200,0.2789
0.0141,0.0000,0.0000,0.0000,0.0140,0.0001,200,0.2928
0.0029,0.0000,0.0000,0.0000,0.0028,0.0000,200,0.3048
0.0270,0.0000,0.0000,0.0000,0.0270,0.0000,200,0.2815
0.0066,0.0000,0.0000,0.0000,0.0065,0.0000,200,0.3020
0.0343,0.0000,0.0000,0.0001,0.0341,0.0001,200,0.2748
0.0311,0.0000,0.0000,0.0000,0.0310,0.0000,200,0.2783
0.0362,0.0000,0.0000,0.0000,0.0361,0.0000,200,0.2737
0.0036,0.0000,0.0000,0.0000,0.0035,0.0000,200,0.3069
0.0261,0.0000,0.0000,0.0000,0.0259,0.0002,200,0.2844
0.0055,0.0000,0.0000,0.0000,0.0054,0.0001,200,0.3051
0.0334,0.0000,0.0000,0.0000,0.0333,0.0001,200,0.2777
0.0337,0.0000,0.0000,0.0000,0.0333,0.0004,200,0.2779
0.0602,0.0000,0.0000,0.0000,0.0601,0.0000,200,0.2515
0.0018,0.0000,0.0000,0.0000,0.0018,0.0000,200,0.3105
0.0030,0.0000,0.0000,0.0001,0.0025,0.0002,200,0.3094
0.0428,0.0000,0.0000,0.0000,0.0427,0.0001,200,0.2702
0.0027,0.0000,0.0000,0.0000,0.0026,0.0000,200,0.3106
0.0073,0.0000,0.0000,0.0000,0.0072,0.0001,200,0.3059
0.0286,0.0000,0.0000,0.0000,0.0285,0.0000,200,0.2852
0.0414,0.0000,0.0000,0.0000,0.0414,0.0000,200,0.2725
0.0172,0.0000,0.0000,0.0000,0.0171,0.0000,200,0.2974
0.0485,0.0000,0.0000,0.0000,0.0484,0.0000,200,0.2665
0.0198,0.0000,0.0000,0.0000,0.0197,0.0001,200,0.2957
0.0161,0.0000,0.0000,0.0000,0.0160,0.0001,200,0.2997
0.0043,0.0000,0.0000,0.0000,0.0040,0.0001,200,0.3123
0.0023,0.0000,0.0000,0.0000,0.0021,0.0002,200,0.3146
0.0354,0.0000,0.0000,0.0000,0.0353,0.0000,200,0.2817
0.0780,0.0000,0.0000,0.0000,0.0779,0.0000,200,0.2396
0.0080,0.0000,0.0000,0.0000,0.0079,0.0000,200,0.3100
0.0740,0.0000,0.0000,0.0000,0.0739,0.0000,200,0.2443
0.0354,0.0000,0.0000,0.0001,0.0352,0.0001,200,0.2834
0.0078,0.0000,0.0000,0.0000,0.0077,0.0001,200,0.3117
0.0231,0.0000,0.0000,0.0000,0.0230,0.0001,200,0.2964
0.0240,0.0000,0.0000,0.0000,0.0239,0.0000,200,0.2956
0.0249,0.0000,0.0000,0.0000,0.0244,0.0005,200,0.2956
0.0163,0.0000,0.0000,0.0000,0.0163,0.0000,200,0.3044
0.0206,0.0000,0.0000,0.0000,0.0205,0.0000,200,0.3004
0.0032,0.0000,0.0000,0.0000,0.0031,0.0000,200,0.3179
0.0106,0.0000,0.0000,0.0000,0.0097,0.0009,200,0.3106
0.0101,0.0000,0.0000,0.0000,0.0100,0.0001,200,0.3117
0.0011,0.0000,0.0000,0.0000,0.0010,0.0000,200,0.3209
0.0172,0.0000,0.0000,0.0000,0.0171,0.0001,200,0.3054
0.0072,0.0000,0.0000,0.0001,0.0070,0.0002,200,0.3158
0.0028,0.0000,0.0000,0.0000,0.0027,0.0001,200,0.3207
0.0374,0.0000,0.0000,0.0000,0.0372,0.0002,200,0.2867
0.0046,0.0000,0.0000,0.0001,0.0044,0.0001,200,0.3195
0.0262,0.0000,0.0000,0.0000,0.0262,0.0000,200,0.2987
0.0445,0.0000,0.0000,0.0000,0.0444,0.0001,200,0.2807
0.0164,0.0000,0.0000,0.0000,0.0163,0.0001,200,0.3091
0.0234,0.0000,0.0000,0.0000,0.0232,0.0001,200,0.3027
0.0141,0.0000,0.0000,0.0000,0.0140,0.0001,200,0.3124
0.0554,0.0000,0.0000,0.0000,0.0553,0.0001,200,0.2716
0.0449,0.0000,0.0000,0.0000,0.0448,0.0001,200,0.2827
0.0036,0.0000,0.0000,0.0000,0.0035,0.0000,200,0.3241
0.0028,0.0000,0.0000,0.0000,0.0027,0.0001,200,0.3255
0.0078,0.0000,0.0000,0.0001,0.0077,0.0000,200,0.3211
0.0104,0.0000,0.0000,0.0000,0.0102,0.0000,200,0.3188
0.0486,0.0000,0.0000,0.0000,0.0485,0.0000,200,0.2806
0.0621,0.0000,0.0000,0.0000,0.0620,0.0000,200,0.2672
0.0030,0.0000,0.0000,0.0000,0.0029,0.0001,200,0.3265
0.0162,0.0000,0.0000,0.0000,0.0159,0.0002,200,0.3140
0.0052,0.0000,0.0000,0.0000,0.0051,0.0001,200,0.3252
0.0036,0.0000,0.0000,0.0002,0.0034,0.0000,200,0.3275
0.0116,0.0000,0.0000,0.0000,0.0115,0.0000,200,0.3195
0.0257,0.0000,0.0000,0.0000,0.0256,0.0001,200,0.3058
0.0117,0.0000,0.0000,0.0000,0.0116,0.0000,200,0.3205
0.0247,0.0000,0.0000,0.0000,0.0247,0.0000,200,0.3076
0.0179,0.0000,0.0000,0.0000,0.0179,0.0000,200,0.3150
0.0046,0.0000,0.0000,0.0002,0.0043,0.0000,200,0.3283
0.0027,0.0000,0.0000,0.0000,0.0020,0.0006,200,0.3304
0.0044,0.0000,0.0000,0.0001,0.0042,0.0001,200,0.3292
0.0017,0.0000,0.0000,0.0000,0.0016,0.0000,200,0.3322
0.0208,0.0000,0.0000,0.0000,0.0207,0.0000,200,0.3133
0.0216,0.0000,0.0000,0.0000,0.0216,0.0000,200,0.3130
0.0213,0.0000,0.0000,0.0000,0.0212,0.0000,200,0.3138
0.0139,0.0000,0.0000,0.0000,0.0138,0.0000,200,0.3217
0.0759,0.0000,0.0000,0.0000,0.0758,0.0001,200,0.2597
0.0068,0.0000,0.0000,0.0002,0.0064,0.0001,200,0.3293
0.0047,0.0000,0.0000,0.0000,0.0047,0.0000,200,0.3315
0.0140,0.0000,0.0000,0.0000,0.0140,0.0000,200,0.3227
0.0662,0.0000,0.0000,0.0000,0.0661,0.0001,200,0.2711
0.0391,0.0000,0.0000,0.0000,0.0390,0.0001,200,0.2987
0.0033,0.0000,0.0000,0.0000,0.0032,0.0001,200,0.3346
0.0173,0.0000,0.0000,0.0000,0.0172,0.0001,200,0.3212
0.0213,0.0000,0.0000,0.0000,0.0213,0.0000,200,0.3176
0.0061,0.0000,0.0000,0.0000,0.0060,0.0000,200,0.3331
0.0147,0.0000,0.0000,0.0000,0.0145,0.0002,200,0.3249
0.0106,0.0000,0.0000,0.0000,0.0105,0.0000,200,0.3292
0.0102,0.0000,0.0000,0.0001,0.0099,0.0001,200,0.3302
0.0178,0.0000,0.0000,0.0000,0.0177,0.0000,200,0.3230
0.0326,0.0000,0.0000,0.0000,0.0324,0.0002,200,0.3086
0.0377,0.0000,0.0000,0.0001,0.0375,0.0001,200,0.3035
0.0823,0.0000,0.0000,0.0000,0.0821,0.0000,200,0.2590
0.0015,0.0000,0.0000,0.0000,0.0013,0.0001,200,0.3404
0.0036,0.0000,0.0000,0.0000,0.0035,0.0000,200,0.3385
0.0064,0.0000,0.0000,0.0000,0.0063,0.0001,200,0.3361
0.0196,0.0000,0.0000,0.0000,0.0194,0.0001,200,0.3236
0.0098,0.0000,0.0000,0.0000,0.0096,0.0001,200,0.3335
0.0110,0.0000,0.0000,0.0000,0.0110,0.0000,200,0.3324
0.0373,0.0000,0.0000,0.0000,0.0372,0.0001,200,0.3064
0.0010,0.0000,0.0000,0.0000,0.0009,0.0000,200,0.3431
0.0009,0.0000,0.0000,0.0000,0.0008,0.0001,200,0.3434
0.0283,0.0000,0.0000,0.0000,0.0283,0.0000,200,0.3166
0.0071,0.0000,0.0000,0.0000,0.0070,0.0000,200,0.3379
0.0187,0.0000,0.0000,0.0000,0.0183,0.0004,200,0.3270
0.0046,0.0000,0.0000,0.0000,0.0044,0.0001,200,0.3413
0.0288,0.0000,0.0000,0.0000,0.0288,0.0000,200,0.3172
0.0030,0.0000,0.0000,0.0003,0.0026,0.0000,200,0.3433
0.0155,0.0000,0.0000,0.0000,0.0153,0.0001,200,0.3311
0.0043,0.0000,0.0000,0.0000,0.0041,0.0001,200,0.3425
0.0030,0.0000,0.0000,0.0000,0.0029,0.0001,200,0.3441
0.0014,0.0000,0.0000,0.0000,0.0013,0.0000,200,0.3457
0.0014,0.0000,0.0000,0.0000,0.0013,0.0000,200,0.3460
0.0166,0.0000,0.0000,0.0000,0.0165,0.0000,200,0.3312
0.0070,0.0000,0.0000,0.0001,0.0068,0.0001,200,0.3412
0.0134,0.0000,0.0000,0.0000,0.0133,0.0001,200,0.3351
0.0069,0.0000,0.0000,0.0000,0.0068,0.0000,200,0.3419
0.0135,0.0000,0.0000,0.0000,0.0134,0.0001,200,0.3356
0.0018,0.0000,0.0000,0.0000,0.0017,0.0000,200,0.3477
0.0109,0.0000,0.0000,0.0000,0.0108,0.0000,200,0.3389
0.0492,0.0000,0.0000,0.0000,0.0491,0.0000,200,0.3010
0.0214,0.0000,0.0000,0.0000,0.0212,0.0002,200,0.3295
0.0487,0.0000,0.0000,0.0000,0.0487,0.0000,200,0.3023
0.0068,0.0000,0.0000,0.0000,0.0067,0.0000,200,0.3443
0.0336,0.0000,0.0000,0.0000,0.0333,0.0001,200,0.3183
0.0036,0.0000,0.0000,0.0000,0.0035,0.0001,200,0.3484
0.0146,0.0000,0.0000,0.0000,0.0146,0.0000,200,0.3378
0.0033,0.0000,0.0000,0.0000,0.0031,0.0000,200,0.3495
0.0162,0.0000,0.0000,0.0000,0.0161,0.0001,200,0.3367
0.0244,0.0000,0.0000,0.0000,0.0243,0.0001,200,0.3289
0.0025,0.0000,0.0000,0.0000,0.0022,0.0001,200,0.3509
0.0015,0.0000,0.0000,0.0000,0.0013,0.0001,200,0.3525
0.0072,0.0000,0.0000,0.0000,0.0071,0.0001,200,0.3471
0.0150,0.0000,0.0000,0.0001,0.0147,0.0001,200,0.3396
0.0611,0.0000,0.0000,0.0000,0.0610,0.0000,200,0.2939
0.0280,0.0000,0.0000,0.0000,0.0279,0.0000,200,0.3277
0.0723,0.0000,0.0000,0.0000,0.0722,0.0000,200,0.2834
0.0152,0.0000,0.0000,0.0000,0.0150,0.0001,200,0.3408
0.0409,0.0000,0.0000,0.0000,0.0408,0.0000,200,0.3155
0.0042,0.0000,0.0000,0.0000,0.0039,0.0003,200,0.3529
0.0086,0.0000,0.0000,0.0000,0.0086,0.0000,200,0.3485
0.0030,0.0000,0.0000,0.0000,0.0024,0.0005,200,0.3550
0.0385,0.0000,0.0000,0.0000,0.0384,0.0000,200,0.3196
0.0218,0.0000,0.0000,0.0000,0.0217,0.0000,200,0.3362
0.0047,0.0000,0.0000,0.0000,0.0046,0.0000,200,0.3539
0.0011,0.0000,0.0000,0.0000,0.0010,0.0000,200,0.3581
0.0195,0.0000,0.0000,0.0000,0.0194,0.0000,200,0.3397
0.0077,0.0000,0.0000,0.0001,0.0075,0.0000,200,0.3521
0.0082,0.0000,0.0000,0.0000,0.0076,0.0006,200,0.3528
0.0271,0.0000,0.0000,0.0000,0.0271,0.0000,200,0.3339
0.0054,0.0000,0.0000,0.0000,0.0053,0.0000,200,0.3557
0.0219,0.0000,0.0000,0.0000,0.0218,0.0000,200,0.3392
0.0055,0.0000,0.0000,0.0000,0.0054,0.0000,200,0.3560
0.0085,0.0000,0.0000,0.0000,0.0084,0.0001,200,0.3535
0.0631,0.0000,0.0000,0.0000,0.0630,0.0000,200,0.2993
0.0177,0.0000,0.0000,0.0000,0.0176,0.0001,200,0.3450
0.0407,0.0000,0.0000,0.0000,0.0406,0.0000,200,0.3221
0.0523,0.0000,0.0000,0.0000,0.0522,0.0000,200,0.3110
0.0115,0.0000,0.0000,0.0000,0.0114,0.0000,200,0.3518
0.0042,0.0000,0.0000,0.0000,0.0041,0.0000,200,0.3592
0.0168,0.0000,0.0000,0.0000,0.0168,0.0000,200,0.3466
0.0222,0.0000,0.0000,0.0000,0.0221,0.0001,200,0.3421
0.0183,0.0000,0.0000,0.0000,0.0182,0.0000,200,0.3463
0.0516,0.0000,0.0000,0.0000,0.0515,0.0001,200,0.3133
0.0018,0.0000,0.0000,0.0000,0.0016,0.0002,200,0.3634
0.0189,0.0000,0.0000,0.0000,0.0188,0.0000,200,0.3468
0.0013,0.0000,0.0000,0.0000,0.0012,0.0000,200,0.3649
0.0091,0.0000,0.0000,0.0000,0.0090,0.0000,200,0.3571
0.0079,0.0000,0.0000,0.0000,0.0078,0.0001,200,0.3586
0.0025,0.0000,0.0000,0.0000,0.0023,0.0002,200,0.3646
0.0057,0.0000,0.0000,0.0000,0.0052,0.0001,200,0.3620
0.0020,0.0000,0.0000,0.0000,0.0019,0.0000,200,0.3671
0.0203,0.0000,0.0000,0.0000,0.0202,0.0000,200,0.3488
0.0451,0.0000,0.0000,0.0000,0.0450,0.0000,200,0.3241
0.0067,0.0000,0.0000,0.0001,0.0066,0.0000,200,0.3626
0.0081,0.0000,0.0000,0.0000,0.0080,0.0000,200,0.3614
0.0152,0.0000,0.0000,0.0001,0.0151,0.0000,200,0.3543
0.0198,0.0000,0.0000,0.0000,0.0195,0.0003,200,0.3498
0.0117,0.0000,0.0000,0.0000,0.0116,0.0000,200,0.3580
0.0067,0.0000,0.0000,0.0000,0.0066,0.0001,200,0.3634
0.0538,0.0000,0.0000,0.0000,0.0537,0.0001,200,0.3169
0.0118,0.0000,0.0000,0.0000,0.0118,0.0000,200,0.3592
0.0158,0.0000,0.0000,0.0001,0.0156,0.0001,200,0.3557
0.0086,0.0000,0.0000,0.0000,0.0086,0.0001,200,0.3634
0.0266,0.0000,0.0000,0.0000,0.0264,0.0001,200,0.3459
0.0148,0.0000,0.0000,0.0001,0.0147,0.0001,200,0.3581
0.0071,0.0000,0.0000,0.0000,0.0069,0.0001,200,0.3662
0.0406,0.0000,0.0000,0.0001,0.0405,0.0001,200,0.3330
0.0128,0.0000,0.0000,0.0000,0.0127,0.0000,200,0.3611
0.0147,0.0000,0.0000,0.0000,0.0146,0.0000,200,0.3597
0.0416,0.0000,0.0000,0.0000,0.0416,0.0000,200,0.3330
0.0109,0.0000,0.0000,0.0000,0.0107,0.0002,200,0.3643
0.0120,0.0000,0.0000,0.0000,0.0120,0.0000,200,0.3633
0.0386,0.0000,0.0000,0.0000,0.0385,0.0001,200,0.3373
0.0072,0.0000,0.0000,0.0000,0.0071,0.0000,200,0.3692
0.0069,0.0000,0.0000,0.0000,0.0068,0.0000,200,0.3701
0.0111,0.0000,0.0000,0.0000,0.0110,0.0001,200,0.3662
0.0040,0.0000,0.0000,0.0000,0.0040,0.0000,200,0.3733
0.0014,0.0000,0.0000,0.0000,0.0013,0.0001,200,0.3765
0.0052,0.0000,0.0000,0.0001,0.0050,0.0001,200,0.3729
0.0092,0.0000,0.0000,0.0000,0.0092,0.0000,200,0.3695
0.0039,0.0000,0.0000,0.0000,0.0038,0.0000,200,0.3754
0.0020,0.0000,0.0000,0.0000,0.0019,0.0000,200,0.3773
0.0286,0.0000,0.0000,0.0000,0.0286,0.0000,200,0.3510
0.0077,0.0000,0.0000,0.0000,0.0076,0.0000,200,0.3724
0.0191,0.0000,0.0000,0.0000,0.0191,0.0000,200,0.3611
0.0069,0.0000,0.0000,0.0001,0.0068,0.0000,200,0.3736
0.0029,0.0000,0.0000,0.0001,0.0027,0.0001,200,0.3781
0.0109,0.0000,0.0000,0.0000,0.0108,0.0000,200,0.3707
0.0043,0.0000,0.0000,0.0000,0.0043,0.0000,200,0.3773
0.0199,0.0000,0.0000,0.0000,0.0198,0.0001,200,0.3624
0.0114,0.0000,0.0000,0.0000,0.0113,0.0001,200,0.3710
0.0265,0.0000,0.0000,0.0000,0.0264,0.0000,200,0.3564
0.0038,0.0000,0.0000,0.0000,0.0037,0.0001,200,0.3793
0.0142,0.0000,0.0000,0.0000,0.0141,0.0001,200,0.3697
0.0082,0.0000,0.0000,0.0000,0.0080,0.0000,200,0.3759
0.0104,0.0000,0.0000,0.0000,0.0103,0.0000,200,0.3739
0.0239,0.0000,0.0000,0.0000,0.0238,0.0001,200,0.3610
0.0590,0.0000,0.0000,0.0000,0.0588,0.0000,200,0.3261
0.0046,0.0000,0.0000,0.0000,0.0044,0.0000,200,0.3811
0.0030,0.0000,0.0000,0.0000,0.0030,0.0000,200,0.3829
0.0176,0.0000,0.0000,0.0000,0.0173,0.0003,200,0.3691
0.0089,0.0000,0.0000,0.0000,0.0088,0.0000,200,0.3778
0.0041,0.0000,0.0000,0.0000,0.0040,0.0001,200,0.3831
0.0428,0.0000,0.0000,0.0000,0.0427,0.0001,200,0.3449
0.0092,0.0000,0.0000,0.0000,0.0090,0.0000,200,0.3787
0.0188,0.0000,0.0000,0.0000,0.0187,0.0000,200,0.3695
0.0384,0.0000,0.0000,0.0000,0.0383,0.0000,200,0.3502
0.0378,0.0000,0.0000,0.0000,0.0376,0.0001,200,0.3512
0.0078,0.0000,0.0000,0.0000,0.0077,0.0001,200,0.3816
0.0091,0.0000,0.0000,0.0000,0.0090,0.0000,200,0.3804
0.0016,0.0000,0.0000,0.0000,0.0014,0.0002,200,0.3886
0.0208,0.0000,0.0000,0.0000,0.0206,0.0001,200,0.3696
0.0112,0.0000,0.0000,0.0000,0.0110,0.0000,200,0.3796
0.0086,0.0000,0.0000,0.0000,0.0085,0.0000,200,0.3824
0.0343,0.0000,0.0000,0.0000,0.0342,0.0001,200,0.3571
0.0228,0.0000,0.0000,0.0002,0.0225,0.0000,200,0.3691
0.0023,0.0000,0.0000,0.0000,0.0020,0.0002,200,0.3903
0.0380,0.0000,0.0000,0.0000,0.0380,0.0000,200,0.3546
0.0441,0.0000,0.0000,0.0000,0.0440,0.0000,200,0.3491
0.0183,0.0000,0.0000,0.0001,0.0182,0.0000,200,0.3753
0.0080,0.0000,0.0000,0.0000,0.0079,0.0000,200,0.3857
0.0503,0.0000,0.0000,0.0001,0.0501,0.0001,200,0.3437
0.0009,0.0000,0.0000,0.0000,0.0009,0.0000,200,0.3937
0.0284,0.0000,0.0000,0.0000,0.0284,0.0000,200,0.3665
0.0540,0.0000,0.0000,0.0000,0.0539,0.0001,200,0.3412
0.0154,0.0000,0.0000,0.0000,0.0153,0.0000,200,0.3801
0.0108,0.0000,0.0000,0.0000,0.0107,0.0000,200,0.3849
0.0349,0.0000,0.0000,0.0000,0.0348,0.0000,200,0.3611
0.0028,0.0000,0.0000,0.0000,0.0027,0.0000,200,0.3936
0.0494,0.0000,0.0000,0.0000,0.0493,0.0000,200,0.3473
0.0167,0.0000,0.0000,0.0000,0.0167,0.0000,200,0.3802
0.0258,0.0000,0.0000,0.0000,0.0257,0.0000,200,0.3715
0.0284,0.0000,0.0000,0.0000,0.0284,0.0000,200,0.3694
0.0086,0.0000,0.0000,0.0000,0.0085,0.0000,200,0.3896
0.0046,0.0000,0.0000,0.0000,0.0045,0.0000,200,0.3940
0.0068,0.0000,0.0000,0.0000,0.0065,0.0002,200,0.3925
0.0029,0.0000,0.0000,0.0000,0.0028,0.0000,200,0.3978
0.0141,0.0000,0.0000,0.0000,0.0140,0.0000,200,0.3867
0.0054,0.0000,0.0000,0.0001,0.0053,0.0000,200,0.3955
0.0193,0.0000,0.0000,0.0000,0.0193,0.0000,200,0.3816
0.0666,0.0000,0.0000,0.0000,0.0665,0.0000,200,0.3356
0.0031,0.0000,0.0000,0.0000,0.0029,0.0000,200,0.3993
0.0349,0.0000,0.0000,0.0000,0.0333,0.0001,200,0.3676
0.0106,0.0000,0.0000,0.0000,0.0105,0.0000,200,0.3919
0.0401,0.0000,0.0000,0.0000,0.0400,0.0000,200,0.3627
0.0079,0.0000,0.0000,0.0000,0.0078,0.0001,200,0.3950
0.0315,0.0000,0.0000,0.0000,0.0313,0.0002,200,0.3720
0.0270,0.0000,0.0000,0.0000,0.0269,0.0001,200,0.3770
0.0149,0.0000,0.0000,0.0000,0.0148,0.0000,200,0.3895
0.0088,0.0000,0.0000,0.0000,0.0088,0.0000,200,0.3957
0.0089,0.0000,0.0000,0.0000,0.0088,0.0000,200,0.3959
0.0151,0.0000,0.0000,0.0000,0.0150,0.0001,200,0.3903
0.0032,0.0000,0.0000,0.0000,0.0032,0.0000,200,0.4025
0.0718,0.0000,0.0000,0.0000,0.0717,0.0000,200,0.3341
0.0202,0.0000,0.0000,0.0000,0.0202,0.0000,200,0.3859
0.0141,0.0000,0.0000,0.0000,0.0139,0.0001,200,0.3926
0.0204,0.0000,0.0000,0.0000,0.0203,0.0001,200,0.3867
0.0161,0.0000,0.0000,0.0000,0.0160,0.0001,200,0.3914
0.0042,0.0000,0.0000,0.0000,0.0042,0.0000,200,0.4036
0.0117,0.0000,0.0000,0.0000,0.0116,0.0000,200,0.3967
0.1001,0.0000,0.0000,0.0000,0.1001,0.0001,200,0.3086
0.0438,0.0000,0.0000,0.0000,0.0437,0.0000,200,0.3652
0.0106,0.0000,0.0000,0.0000,0.0102,0.0000,200,0.3987
0.0189,0.0000,0.0000,0.0000,0.0188,0.0000,200,0.3908
0.0077,0.0000,0.0000,0.0000,0.0076,0.0000,200,0.4024
0.0223,0.0000,0.0000,0.0000,0.0222,0.0000,200,0.3882
0.0050,0.0000,0.0000,0.0000,0.0049,0.0000,200,0.4058
0.0022,0.0000,0.0000,0.0000,0.0019,0.0002,200,0.4093
0.0046,0.0000,0.0000,0.0000,0.0045,0.0001,200,0.4072
0.0655,0.0000,0.0000,0.0000,0.0653,0.0001,200,0.3471
0.0251,0.0000,0.0000,0.0000,0.0250,0.0000,200,0.3879
0.0076,0.0000,0.0000,0.0000,0.0075,0.0000,200,0.4059
0.0174,0.0000,0.0000,0.0000,0.0174,0.0000,200,0.3964
0.0483,0.0000,0.0000,0.0000,0.0483,0.0000,200,0.3656
0.0010,0.0000,0.0000,0.0000,0.0010,0.0001,200,0.4134
0.0069,0.0000,0.0000,0.0000,0.0068,0.0001,200,0.4078
0.0309,0.0000,0.0000,0.0000,0.0309,0.0000,200,0.3843
0.0134,0.0000,0.0000,0.0000,0.0132,0.0002,200,0.4022
0.0117,0.0000,0.0000,0.0001,0.0116,0.0000,200,0.4041
0.0077,0.0000,0.0000,0.0000,0.0076,0.0000,200,0.4084
0.0051,0.0000,0.0000,0.0000,0.0050,0.0000,200,0.4115
0.0440,0.0000,0.0000,0.0000,0.0439,0.0001,200,0.3746
0.0031,0.0000,0.0000,0.0000,0.0030,0.0000,200,0.4156
0.0085,0.0000,0.0000,0.0000,0.0085,0.0000,200,0.4101
0.0349,0.0000,0.0000,0.0000,0.0348,0.0000,200,0.3839
0.0121,0.0000,0.0000,0.0000,0.0121,0.0000,200,0.4067
0.0132,0.0000,0.0000,0.0000,0.0131,0.0000,200,0.4054
0.0140,0.0000,0.0000,0.0000,0.0139,0.0000,200,0.4048
0.0161,0.0000,0.0000,0.0000,0.0157,0.0003,200,0.4029
0.0071,0.0000,0.0000,0.0000,0.0070,0.0000,200,0.4126
0.0012,0.0000,0.0000,0.0001,0.0011,0.0000,200,0.4186
0.0064,0.0000,0.0000,0.0000,0.0062,0.0000,200,0.4138
0.0116,0.0000,0.0000,0.0000,0.0115,0.0000,200,0.4090
0.0338,0.0000,0.0000,0.0000,0.0337,0.0000,200,0.3872
0.0360,0.0000,0.0000,0.0000,0.0359,0.0001,200,0.3852
0.0131,0.0000,0.0000,0.0000,0.0130,0.0001,200,0.4087
0.0161,0.0000,0.0000,0.0000,0.0160,0.0000,200,0.4062
0.0057,0.0000,0.0000,0.0000,0.0056,0.0000,200,0.4166
0.0225,0.0000,0.0000,0.0000,0.0223,0.0001,200,0.4008
0.0080,0.0000,0.0000,0.0000,0.0078,0.0002,200,0.4158
0.0054,0.0000,0.0000,0.0000,0.0052,0.0001,200,0.4187
0.0089,0.0000,0.0000,0.0001,0.0087,0.0001,200,0.4152
0.0142,0.0000,0.0000,0.0001,0.0141,0.0001,200,0.4105
0.0504,0.0000,0.0000,0.0000,0.0504,0.0000,200,0.3744
0.0090,0.0000,0.0000,0.0000,0.0089,0.0001,200,0.4161
0.0377,0.0000,0.0000,0.0000,0.0376,0.0000,200,0.3877
0.0072,0.0000,0.0000,0.0000,0.0072,0.0000,200,0.4188
0.0021,0.0000,0.0000,0.0002,0.0019,0.0000,200,0.4241
0.0017,0.0000,0.0000,0.0000,0.0015,0.0001,200,0.4251
0.0338,0.0000,0.0000,0.0000,0.0337,0.0000,200,0.3932
0.0051,0.0000,0.0000,0.0000,0.0050,0.0000,200,0.4223
0.0743,0.0000,0.0000,0.0000,0.0742,0.0001,200,0.3533
0.0097,0.0000,0.0000,0.0000,0.0092,0.0004,200,0.4187
0.0051,0.0000,0.0000,0.0000,0.0050,0.0000,200,0.4233
0.0027,0.0000,0.0000,0.0000,0.0025,0.0002,200,0.4262
0.0339,0.0000,0.0000,0.0000,0.0339,0.0000,200,0.3952
0.0051,0.0000,0.0000,0.0000,0.0047,0.0004,200,0.4248
0.0152,0.0000,0.0000,0.0000,0.0148,0.0004,200,0.4148
0.0203,0.0000,0.0000,0.0000,0.0202,0.0000,200,0.4097
0.0119,0.0000,0.0000,0.0000,0.0118,0.0000,200,0.4209
0.0069,0.0000,0.0000,0.0000,0.0068,0.0000,200,0.4260
0.0038,0.0000,0.0000,0.0001,0.0036,0.0001,200,0.4291
0.0320,0.0000,0.0000,0.0000,0.0319,0.0000,200,0.4009
0.0062,0.0000,0.0000,0.0000,0.0061,0.0000,200,0.4268
0.0112,0.0000,0.0000,0.0000,0.0111,0.0000,200,0.4218
0.0091,0.0000,0.0000,0.0000,0.0091,0.0000,200,0.4240
0.0109,0.0000,0.0000,0.0000,0.0103,0.0006,200,0.4223
0.0081,0.0000,0.0000,0.0001,0.0079,0.0001,200,0.4254
0.0292,0.0000,0.0000,0.0000,0.0291,0.0000,200,0.4045
0.0050,0.0000,0.0000,0.0000,0.0049,0.0000,200,0.4289
0.0315,0.0000,0.0000,0.0000,0.0314,0.0000,200,0.4028
0.0073,0.0000,0.0000,0.0000,0.0073,0.0000,200,0.4269
0.0521,0.0000,0.0000,0.0000,0.0519,0.0002,200,0.3823
0.0437,0.0000,0.0000,0.0000,0.0437,0.0000,200,0.3911
0.0163,0.0000,0.0000,0.0000,0.0162,0.0000,200,0.4190
0.0027,0.0000,0.0000,0.0000,0.0026,0.0000,200,0.4332
0.0115,0.0000,0.0000,0.0000,0.0114,0.0001,200,0.4248
0.0229,0.0000,0.0000,0.0000,0.0228,0.0001,200,0.4140
0.0170,0.0000,0.0000,0.0000,0.0169,0.0000,200,0.4202
0.0041,0.0000,0.0000,0.0000,0.0040,0.0000,200,0.4339
0.0586,0.0000,0.0000,0.0000,0.0585,0.0000,200,0.3796
0.0058,0.0000,0.0000,0.0000,0.0057,0.0000,200,0.4328
0.0550,0.0000,0.0000,0.0000,0.0550,0.0000,200,0.3842
0.0068,0.0000,0.0000,0.0000,0.0067,0.0000,200,0.4330
0.0326,0.0000,0.0000,0.0000,0.0325,0.0001,200,0.4075
0.0216,0.0000,0.0000,0.0000,0.0215,0.0000,200,0.4188
0.0401,0.0000,0.0000,0.0000,0.0399,0.0000,200,0.4007
0.0082,0.0000,0.0000,0.0000,0.0081,0.0000,200,0.4329
0.0045,0.0000,0.0000,0.0000,0.0044,0.0000,200,0.4369
0.0528,0.0000,0.0000,0.0000,0.0527,0.0001,200,0.3890
0.0075,0.0000,0.0000,0.0000,0.0074,0.0000,200,0.4348
0.0127,0.0000,0.0000,0.0000,0.0126,0.0001,200,0.4300
0.0093,0.0000,0.0000,0.0000,0.0092,0.0001,200,0.4337
0.0046,0.0000,0.0000,0.0000,0.0045,0.0000,200,0.4386
0.0165,0.0000,0.0000,0.0000,0.0164,0.0000,200,0.4274
0.0493,0.0000,0.0000,0.0000,0.0493,0.0000,200,0.3946
0.0228,0.0000,0.0000,0.0000,0.0228,0.0000,200,0.4212
0.0046,0.0000,0.0000,0.0000,0.0045,0.0001,200,0.4398
0.0260,0.0000,0.0000,0.0000,0.0260,0.0000,200,0.4188
0.0165,0.0000,0.0000,0.0000,0.0164,0.0000,200,0.4284
0.0264,0.0000,0.0000,0.0000,0.0264,0.0000,200,0.4189
0.0431,0.0000,0.0000,0.0000,0.0430,0.0000,200,0.4025
0.0106,0.0000,0.0000,0.0000,0.0105,0.0000,200,0.4353
0.0020,0.0000,0.0000,0.0000,0.0019,0.0000,200,0.4444
0.0180,0.0000,0.0000,0.0000,0.0179,0.0001,200,0.4283
0.0264,0.0000,0.0000,0.0000,0.0263,0.0001,200,0.4206
0.0091,0.0000,0.0000,0.0000,0.0090,0.0000,200,0.4382
0.0043,0.0000,0.0000,0.0000,0.0042,0.0001,200,0.4432
0.0072,0.0000,0.0000,0.0000,0.0071,0.0001,200,0.4407
0.0436,0.0000,0.0000,0.0000,0.0435,0.0000,200,0.4045
0.0114,0.0000,0.0000,0.0000,0.0113,0.0000,200,0.4372
0.0159,0.0000,0.0000,0.0000,0.0158,0.0001,200,0.4330
0.0020,0.0000,0.0000,0.0000,0.0017,0.0003,200,0.4475
0.0010,0.0000,0.0000,0.0000,0.0009,0.0001,200,0.4489
0.0097,0.0000,0.0000,0.0000,0.0097,0.0000,200,0.4404
0.0306,0.0000,0.0000,0.0001,0.0305,0.0000,200,0.4198
0.0059,0.0000,0.0000,0.0000,0.0058,0.0000,200,0.4448
0.0153,0.0000,0.0000,0.0000,0.0152,0.0001,200,0.4359
0.0029,0.0000,0.0000,0.0000,0.0028,0.0001,200,0.4486
0.0374,0.0000,0.0000,0.0000,0.0372,0.0001,200,0.4145
0.0015,0.0000,0.0000,0.0000,0.0014,0.0000,200,0.4507
0.0071,0.0000,0.0000,0.0000,0.0070,0.0000,200,0.4456
0.0188,0.0000,0.0000,0.0000,0.0188,0.0000,200,0.4343
0.0202,0.0000,0.0000,0.0000,0.0199,0.0003,200,0.4329
0.0555,0.0000,0.0000,0.0000,0.0554,0.0000,200,0.3981
0.0110,0.0000,0.0000,0.0000,0.0109,0.0000,200,0.4430
0.0166,0.0000,0.0000,0.0000,0.0165,0.0001,200,0.4380
0.0150,0.0000,0.0000,0.0000,0.0148,0.0001,200,0.4401
0.0358,0.0000,0.0000,0.0000,0.0356,0.0001,200,0.4196
0.0587,0.0000,0.0000,0.0000,0.0584,0.0002,200,0.3973
0.0047,0.0000,0.0000,0.0000,0.0046,0.0000,200,0.4515
0.0267,0.0000,0.0000,0.0000,0.0266,0.0000,200,0.4300
0.0268,0.0000,0.0000,0.0000,0.0268,0.0000,200,0.4299
0.0071,0.0000,0.0000,0.0000,0.0070,0.0000,200,0.4501
0.0096,0.0000,0.0000,0.0000,0.0095,0.0001,200,0.4481
0.0110,0.0000,0.0000,0.0000,0.0109,0.0000,200,0.4470
0.0579,0.0000,0.0000,0.0000,0.0574,0.0004,200,0.4009
0.0196,0.0000,0.0000,0.0000,0.0196,0.0000,200,0.4392
0.0178,0.0000,0.0000,0.0000,0.0177,0.0000,200,0.4410
0.0167,0.0000,0.0000,0.0000,0.0166,0.0001,200,0.4427
0.0183,0.0000,0.0000,0.0000,0.0182,0.0000,200,0.4414
0.0049,0.0000,0.0000,0.0001,0.0047,0.0001,200,0.4551
0.0034,0.0000,0.0000,0.0000,0.0034,0.0000,200,0.4567
0.0141,0.0000,0.0000,0.0000,0.0140,0.0001,200,0.4464
0.0035,0.0000,0.0000,0.0000,0.0033,0.0001,200,0.4572
0.0070,0.0000,0.0000,0.0000,0.0069,0.0001,200,0.4540
0.0283,0.0000,0.0000,0.0000,0.0282,0.0001,200,0.4332
0.0170,0.0000,0.0000,0.0000,0.0169,0.0001,200,0.4448
0.0149,0.0000,0.0000,0.0001,0.0148,0.0001,200,0.4473
0.0176,0.0000,0.0000,0.0000,0.0175,0.0000,200,0.4453
0.0075,0.0000,0.0000,0.0000,0.0074,0.0000,200,0.4554
0.0291,0.0000,0.0000,0.0001,0.0289,0.0000,200,0.4344
0.0523,0.0000,0.0000,0.0000,0.0522,0.0000,200,0.4118
0.0053,0.0000,0.0000,0.0000,0.0053,0.0000,200,0.4588
0.0017,0.0000,0.0000,0.0000,0.0016,0.0001,200,0.4629
0.0069,0.0000,0.0000,0.0000,0.0068,0.0000,200,0.4578
0.0226,0.0000,0.0000,0.0000,0.0226,0.0000,200,0.4423
0.0015,0.0000,0.0000,0.0000,0.0013,0.0001,200,0.4641
0.0323,0.0000,0.0000,0.0000,0.0322,0.0000,200,0.4335
0.0199,0.0000,0.0000,0.0000,0.0197,0.0002,200,0.4464
0.0334,0.0000,0.0000,0.0000,0.0334,0.0001,200,0.4329
0.0249,0.0000,0.0000,0.0000,0.0248,0.0000,200,0.4418
0.0435,0.0000,0.0000,0.0000,0.0434,0.0000,200,0.4238
0.0059,0.0000,0.0000,0.0000,0.0058,0.0000,200,0.4619
0.0038,0.0000,0.0000,0.0001,0.0035,0.0002,200,0.4646
0.0157,0.0000,0.0000,0.0000,0.0156,0.0000,200,0.4527
0.0049,0.0000,0.0000,0.0000,0.0048,0.0000,200,0.4642
0.0215,0.0000,0.0000,0.0000,0.0214,0.0001,200,0.4480
0.0048,0.0000,0.0000,0.0000,0.0047,0.0000,200,0.4649
0.0184,0.0000,0.0000,0.0000,0.0183,0.0000,200,0.4519
0.0074,0.0000,0.0000,0.0000,0.0073,0.0001,200,0.4629
0.0049,0.0000,0.0000,0.0001,0.0047,0.0001,200,0.4663
0.0016,0.0000,0.0000,0.0000,0.0015,0.0000,200,0.4702
0.0279,0.0000,0.0000,0.0000,0.0278,0.0000,200,0.4439
0.0086,0.0000,0.0000,0.0000,0.0085,0.0000,200,0.4634
0.0116,0.0000,0.0000,0.0000,0.0115,0.0001,200,0.4609
0.0032,0.0000,0.0000,0.0000,0.0031,0.0000,200,0.4697
0.0221,0.0000,0.0000,0.0000,0.0220,0.0001,200,0.4511
0.0016,0.0000,0.0000,0.0000,0.0016,0.0000,200,0.4721
0.0244,0.0000,0.0000,0.0000,0.0243,0.0001,200,0.4496
0.0184,0.0000,0.0000,0.0000,0.0182,0.0002,200,0.4562
0.0019,0.0000,0.0000,0.0000,0.0018,0.0001,200,0.4730
0.0213,0.0000,0.0000,0.0000,0.0212,0.0001,200,0.4545
0.0026,0.0000,0.0000,0.0000,0.0022,0.0003,200,0.4732
0.0136,0.0000,0.0000,0.0001,0.0135,0.0000,200,0.4622
0.0175,0.0000,0.0000,0.0000,0.0174,0.0000,200,0.4589
0.0089,0.0000,0.0000,0.0000,0.0088,0.0000,200,0.4678
0.0085,0.0000,0.0000,0.0000,0.0085,0.0000,200,0.4683
0.0099,0.0000,0.0000,0.0000,0.0098,0.0000,200,0.4673
0.0084,0.0000,0.0000,0.0000,0.0083,0.0000,200,0.4690
0.0034,0.0000,0.0000,0.0000,0.0033,0.0000,200,0.4749
0.0071,0.0000,0.0000,0.0000,0.0069,0.0000,200,0.4718
0.0147,0.0000,0.0000,0.0000,0.0144,0.0001,200,0.4647
0.0030,0.0000,0.0000,0.0000,0.0027,0.0003,200,0.4774
0.0086,0.0000,0.0000,0.0000,0.0084,0.0002,200,0.4718
0.0238,0.0000,0.0000,0.0001,0.0236,0.0001,200,0.4567
0.0153,0.0000,0.0000,0.0000,0.0152,0.0000,200,0.4656
0.0126,0.0000,0.0000,0.0000,0.0126,0.0000,200,0.4684
0.0079,0.0000,0.0000,0.0000,0.0079,0.0000,200,0.4740
0.0218,0.0000,0.0000,0.0000,0.0215,0.0003,200,0.4601
0.0026,0.0000,0.0000,0.0000,0.0024,0.0000,200,0.4793
0.0321,0.0000,0.0000,0.0000,0.0320,0.0000,200,0.4499
0.0069,0.0000,0.0000,0.0000,0.0069,0.0000,200,0.4758
0.0064,0.0000,0.0000,0.0000,0.0063,0.0000,200,0.4767
0.0032,0.0000,0.0000,0.0000,0.0031,0.0000,200,0.4804
0.0866,0.0000,0.0000,0.0000,0.0865,0.0000,200,0.3970
0.0239,0.0000,0.0000,0.0000,0.0239,0.0000,200,0.4605
0.0248,0.0000,0.0000,0.0000,0.0248,0.0000,200,0.4597
0.0720,0.0000,0.0000,0.0000,0.0718,0.0002,200,0.4130
0.0320,0.0000,0.0000,0.0000,0.0318,0.0000,200,0.4536
0.0422,0.0000,0.0000,0.0000,0.0421,0.0001,200,0.4438
0.0053,0.0000,0.0000,0.0000,0.0052,0.0000,200,0.4811
0.0406,0.0000,0.0000,0.0000,0.0405,0.0000,200,0.4459
0.0169,0.0000,0.0000,0.0001,0.0167,0.0000,200,0.4704
0.0179,0.0000,0.0000,0.0000,0.0177,0.0000,200,0.4695
0.0051,0.0000,0.0000,0.0000,0.0050,0.0000,200,0.4827
0.0143,0.0000,0.0000,0.0000,0.0143,0.0000,200,0.4737
0.0137,0.0000,0.0000,0.0000,0.0136,0.0000,200,0.4746
0.0025,0.0000,0.0000,0.0000,0.0025,0.0000,200,0.4860
0.0226,0.0000,0.0000,0.0000,0.0225,0.0001,200,0.4664
0.0048,0.0000,0.0000,0.0000,0.0047,0.0001,200,0.4844
0.0187,0.0000,0.0000,0.0000,0.0186,0.0000,200,0.4711
0.0133,0.0000,0.0000,0.0000,0.0133,0.0000,200,0.4769
0.0082,0.0000,0.0000,0.0000,0.0081,0.0000,200,0.4820
0.0407,0.0000,0.0000,0.0000,0.0406,0.0001,200,0.4504
0.0337,0.0000,0.0000,0.0000,0.0335,0.0001,200,0.4580
0.0644,0.0000,0.0000,0.0000,0.0643,0.0001,200,0.4276
0.0115,0.0000,0.0000,0.0000,0.0113,0.0002,200,0.4808
0.0038,0.0000,0.0000,0.0000,0.0036,0.0000,200,0.4892
0.0133,0.0000,0.0000,0.0000,0.0129,0.0003,200,0.4805
0.0069,0.0000,0.0000,0.0000,0.0068,0.0000,200,0.4873
0.0599,0.0000,0.0000,0.0000,0.0598,0.0000,200,0.4343
0.0328,0.0000,0.0000,0.0000,0.0327,0.0000,200,0.4615
0.0124,0.0000,0.0000,0.0000,0.0122,0.0002,200,0.4819
0.0016,0.0000,0.0000,0.0000,0.0015,0.0000,200,0.4930
0.0428,0.0000,0.0000,0.0000,0.0427,0.0001,200,0.4521
0.0055,0.0000,0.0000,0.0000,0.0054,0.0001,200,0.4898
0.0011,0.0000,0.0000,0.0000,0.0009,0.0002,200,0.4946
0.0852,0.0000,0.0000,0.0000,0.0850,0.0002,200,0.4108
0.0037,0.0000,0.0000,0.0000,0.0036,0.0000,200,0.4925
0.0379,0.0000,0.0000,0.0000,0.0378,0.0001,200,0.4589
0.0013,0.0000,0.0000,0.0000,0.0011,0.0001,200,0.4957
0.0141,0.0000,0.0000,0.0000,0.0140,0.0001,200,0.4830
0.0157,0.0000,0.0000,0.0000,0.0155,0.0001,200,0.4820
0.0069,0.0000,0.0000,0.0000,0.0068,0.0000,200,0.4912
0.0453,0.0000,0.0000,0.0000,0.0452,0.0000,200,0.4531
0.0260,0.0000,0.0000,0.0000,0.0258,0.0001,200,0.4725
0.0008,0.0000,0.0000,0.0000,0.0007,0.0000,200,0.4981
0.0235,0.0000,0.0000,0.0000,0.0234,0.0000,200,0.4759
0.0646,0.0000,0.0000,0.0000,0.0645,0.0000,200,0.4363
0.0044,0.0000,0.0000,0.0000,0.0039,0.0004,200,0.4970
0.0147,0.0000,0.0000,0.0000,0.0144,0.0003,200,0.4865
0.0458,0.0000,0.0000,0.0000,0.0449,0.0009,200,0.4560
0.0249,0.0000,0.0000,0.0002,0.0245,0.0000,200,0.4783
0.0164,0.0000,0.0000,0.0000,0.0163,0.0000,200,0.4880
0.0079,0.0000,0.0000,0.0000,0.0077,0.0001,200,0.4972
0.0162,0.0000,0.0000,0.0000,0.0162,0.0000,200,0.4902
0.0533,0.0000,0.0000,0.0000,0.0532,0.0000,200,0.4532
0.0123,0.0000,0.0000,0.0000,0.0122,0.0000,200,0.4943
0.0492,0.0000,0.0000,0.0000,0.0491,0.0001,200,0.4600
0.0211,0.0000,0.0000,0.0000,0.0210,0.0000,200,0.4882
0.0161,0.0000,0.0000,0.0004,0.0156,0.0001,200,0.4938
0.0060,0.0000,0.0000,0.0000,0.0059,0.0001,200,0.5044
0.0126,0.0000,0.0000,0.0000,0.0124,0.0001,200,0.4984
0.0173,0.0000,0.0000,0.0000,0.0173,0.0000,200,0.4943
0.0135,0.0000,0.0000,0.0000,0.0134,0.0001,200,0.4988
0.0121,0.0000,0.0000,0.0003,0.0117,0.0000,200,0.5009
0.0073,0.0000,0.0000,0.0000,0.0071,0.0001,200,0.5064
0.0254,0.0000,0.0000,0.0000,0.0253,0.0001,200,0.4890
0.0201,0.0000,0.0000,0.0000,0.0199,0.0001,200,0.4950
0.0094,0.0000,0.0000,0.0000,0.0093,0.0000,200,0.5064
0.0212,0.0000,0.0000,0.0000,0.0212,0.0000,200,0.4954
0.0028,0.0000,0.0000,0.0000,0.0027,0.0000,200,0.5144
0.0391,0.0000,0.0000,0.0000,0.0389,0.0001,200,0.4788
0.0172,0.0000,0.0000,0.0000,0.0171,0.0001,200,0.5014
0.0320,0.0000,0.0000,0.0000,0.0319,0.0000,200,0.4873
0.0429,0.0000,0.0000,0.0000,0.0428,0.0001,200,0.4772
0.0114,0.0000,0.0000,0.0000,0.0113,0.0000,200,0.5094
0.0050,0.0000,0.0000,0.0000,0.0050,0.0000,200,0.5159
0.0104,0.0000,0.0000,0.0000,0.0103,0.0001,200,0.5110
0.0302,0.0000,0.0000,0.0000,0.0301,0.0000,200,0.4921
0.0388,0.0000,0.0000,0.0000,0.0386,0.0001,200,0.4836
0.0054,0.0000,0.0000,0.0000,0.0053,0.0000,200,0.5172
0.0264,0.0000,0.0000,0.0000,0.0263,0.0001,200,0.4968
0.0089,0.0000,0.0000,0.0000,0.0088,0.0000,200,0.5150
0.0154,0.0000,0.0000,0.0000,0.0153,0.0001,200,0.5091
0.0108,0.0000,0.0000,0.0000,0.0108,0.0000,200,0.5137
0.0121,0.0000,0.0000,0.0000,0.0119,0.0001,200,0.5130
0.0046,0.0000,0.0000,0.0000,0.0044,0.0002,200,0.5209
0.0411,0.0000,0.0000,0.0000,0.0410,0.0001,200,0.4845
0.0665,0.0000,0.0000,0.0000,0.0664,0.0001,200,0.4594
0.0348,0.0000,0.0000,0.0000,0.0347,0.0001,200,0.4917
0.0057,0.0000,0.0000,0.0000,0.0056,0.0001,200,0.5213
0.0295,0.0000,0.0000,0.0000,0.0294,0.0001,200,0.4977
0.0281,0.0000,0.0000,0.0000,0.0280,0.0000,200,0.4993
0.0157,0.0000,0.0000,0.0000,0.0155,0.0002,200,0.5124
0.0182,0.0000,0.0000,0.0000,0.0181,0.0000,200,0.5099
0.0060,0.0000,0.0000,0.0000,0.0059,0.0000,200,0.5223
0.0298,0.0000,0.0000,0.0001,0.0296,0.0000,200,0.4985
0.0042,0.0000,0.0000,0.0000,0.0041,0.0001,200,0.5246
0.0388,0.0000,0.0000,0.0000,0.0386,0.0002,200,0.4902
0.0034,0.0000,0.0000,0.0000,0.0033,0.0001,200,0.5257
0.0264,0.0000,0.0000,0.0000,0.0263,0.0000,200,0.5032
0.0122,0.0000,0.0000,0.0000,0.0120,0.0001,200,0.5179
0.0080,0.0000,0.0000,0.0000,0.0079,0.0001,200,0.5226
0.0047,0.0000,0.0000,0.0000,0.0047,0.0000,200,0.5259
0.0455,0.0000,0.0000,0.0000,0.0454,0.0000,200,0.4857
0.0021,0.0000,0.0000,0.0000,0.0020,0.0000,200,0.5291
0.0127,0.0000,0.0000,0.0000,0.0126,0.0000,200,0.5186
0.0019,0.0000,0.0000,0.0000,0.0018,0.0000,200,0.5296
0.0440,0.0000,0.0000,0.0000,0.0439,0.0000,200,0.4878
0.0015,0.0000,0.0000,0.0000,0.0014,0.0000,200,0.5307
0.0081,0.0000,0.0000,0.0000,0.0079,0.0001,200,0.5246
0.0721,0.0000,0.0000,0.0000,0.0720,0.0001,200,0.4607
0.0075,0.0000,0.0000,0.0000,0.0074,0.0001,200,0.5255
0.0055,0.0000,0.0000,0.0001,0.0053,0.0000,200,0.5281
0.0131,0.0000,0.0000,0.0000,0.0130,0.0000,200,0.5208
0.0453,0.0000,0.0000,0.0000,0.0453,0.0000,200,0.4886
0.0095,0.0000,0.0000,0.0000,0.0094,0.0000,200,0.5251
0.0080,0.0000,0.0000,0.0000,0.0079,0.0000,200,0.5271
0.0071,0.0000,0.0000,0.0000,0.0070,0.0000,200,0.5283
0.0491,0.0000,0.0000,0.0000,0.0490,0.0001,200,0.4864
0.0294,0.0000,0.0000,0.0000,0.0293,0.0000,200,0.5066
0.0405,0.0000,0.0000,0.0000,0.0402,0.0002,200,0.4960
0.0041,0.0000,0.0000,0.0000,0.0040,0.0000,200,0.5329
0.0520,0.0000,0.0000,0.0000,0.0519,0.0000,200,0.4850
0.0570,0.0000,0.0000,0.0000,0.0569,0.0000,200,0.4804
0.0273,0.0000,0.0000,0.0000,0.0272,0.0000,200,0.5104
0.0036,0.0000,0.0000,0.0000,0.0036,0.0000,200,0.5346
0.0075,0.0000,0.0000,0.0002,0.0072,0.0000,200,0.5311
0.0110,0.0000,0.0000,0.0000,0.0109,0.0001,200,0.5280
0.0076,0.0000,0.0000,0.0000,0.0075,0.0001,200,0.5318
0.0123,0.0000,0.0000,0.0001,0.0121,0.0001,200,0.5274
0.0097,0.0000,0.0000,0.0000,0.0095,0.0002,200,0.5306
0.0031,0.0000,0.0000,0.0000,0.0030,0.0000,200,0.5373
0.0032,0.0000,0.0000,0.0000,0.0028,0.0003,200,0.5378
0.0019,0.0000,0.0000,0.0000,0.0018,0.0000,200,0.5391
0.0656,0.0000,0.0000,0.0000,0.0655,0.0000,200,0.4758
0.0762,0.0000,0.0000,0.0000,0.0761,0.0001,200,0.4658
0.0136,0.0000,0.0000,0.0000,0.0135,0.0001,200,0.5287
0.0100,0.0000,0.0000,0.0000,0.0097,0.0002,200,0.5326
0.0068,0.0000,0.0000,0.0000,0.0067,0.0000,200,0.5360
0.0120,0.0000,0.0000,0.0000,0.0119,0.0001,200,0.5313
0.0136,0.0000,0.0000,0.0000,0.0135,0.0001,200,0.5301
0.0011,0.0000,0.0000,0.0000,0.0011,0.0000,200,0.5427
0.0501,0.0000,0.0000,0.0000,0.0500,0.0001,200,0.4942
0.0139,0.0000,0.0000,0.0001,0.0132,0.0003,200,0.5311
0.0112,0.0000,0.0000,0.0000,0.0111,0.0000,200,0.5339
0.0016,0.0000,0.0000,0.0000,0.0015,0.0000,200,0.5439
0.0182,0.0000,0.0000,0.0000,0.0181,0.0001,200,0.5273
0.0027,0.0000,0.0000,0.0000,0.0026,0.0001,200,0.5433
0.0060,0.0000,0.0000,0.0000,0.0058,0.0001,200,0.5404
0.0704,0.0000,0.0000,0.0000,0.0702,0.0001,200,0.4764
0.0086,0.0000,0.0000,0.0000,0.0085,0.0001,200,0.5386
0.0032,0.0000,0.0000,0.0000,0.0031,0.0001,200,0.5443
0.0241,0.0000,0.0000,0.0000,0.0240,0.0001,200,0.5240
0.0032,0.0000,0.0000,0.0000,0.0032,0.0000,200,0.5451
0.0071,0.0000,0.0000,0.0000,0.0069,0.0002,200,0.5420
0.0028,0.0000,0.0000,0.0003,0.0025,0.0000,200,0.5463
0.0294,0.0000,0.0000,0.0000,0.0293,0.0001,200,0.5200
0.0484,0.0000,0.0000,0.0002,0.0479,0.0001,200,0.5013
0.1060,0.0000,0.0000,0.0000,0.1059,0.0000,200,0.4440
0.0016,0.0000,0.0000,0.0000,0.0013,0.0003,200,0.5491
0.0019,0.0000,0.0000,0.0000,0.0018,0.0000,200,0.5491
0.0088,0.0000,0.0000,0.0000,0.0087,0.0000,200,0.5426
0.0124,0.0000,0.0000,0.0002,0.0121,0.0000,200,0.5394
0.0476,0.0000,0.0000,0.0000,0.0474,0.0001,200,0.5050
0.0032,0.0000,0.0000,0.0000,0.0029,0.0003,200,0.5494
0.0590,0.0000,0.0000,0.0000,0.0589,0.0000,200,0.4942
0.0127,0.0000,0.0000,0.0000,0.0127,0.0001,200,0.5410
0.0226,0.0000,0.0000,0.0001,0.0219,0.0005,200,0.5315
0.0031,0.0000,0.0000,0.0000,0.0030,0.0000,200,0.5510
0.0182,0.0000,0.0000,0.0001,0.0180,0.0000,200,0.5365
0.0214,0.0000,0.0000,0.0000,0.0213,0.0000,200,0.5336
0.0443,0.0000,0.0000,0.0000,0.0438,0.0005,200,0.5117
0.0542,0.0000,0.0000,0.0000,0.0540,0.0000,200,0.5018
0.0239,0.0000,0.0000,0.0000,0.0238,0.0000,200,0.5322
0.0227,0.0000,0.0000,0.0000,0.0226,0.0000,200,0.5339
0.0115,0.0000,0.0000,0.0000,0.0114,0.0000,200,0.5455
0.0162,0.0000,0.0000,0.0000,0.0161,0.0000,200,0.5410
0.0044,0.0000,0.0000,0.0000,0.0043,0.0000,200,0.5532
0.0019,0.0000,0.0000,0.0000,0.0018,0.0001,200,0.5560
0.0045,0.0000,0.0000,0.0000,0.0044,0.0000,200,0.5537
0.0297,0.0000,0.0000,0.0000,0.0296,0.0001,200,0.5290
0.0365,0.0000,0.0000,0.0000,0.0365,0.0000,200,0.5224
0.0161,0.0000,0.0000,0.0000,0.0160,0.0000,200,0.5437
0.0138,0.0000,0.0000,0.0000,0.0133,0.0005,200,0.5460
0.0041,0.0000,0.0000,0.0000,0.0040,0.0001,200,0.5560
0.0066,0.0000,0.0000,0.0000,0.0065,0.0000,200,0.5540
0.0186,0.0000,0.0000,0.0000,0.0185,0.0000,200,0.5423
0.0139,0.0000,0.0000,0.0000,0.0137,0.0001,200,0.5476
0.0162,0.0000,0.0000,0.0000,0.0161,0.0001,200,0.5455
0.0033,0.0000,0.0000,0.0000,0.0032,0.0001,200,0.5589
0.0271,0.0000,0.0000,0.0000,0.0270,0.0000,200,0.5355
0.0260,0.0000,0.0000,0.0000,0.0259,0.0000,200,0.5369
0.0134,0.0000,0.0000,0.0000,0.0133,0.0001,200,0.5500
0.0030,0.0000,0.0000,0.0000,0.0029,0.0000,200,0.5609
0.0446,0.0000,0.0000,0.0000,0.0445,0.0000,200,0.5194
0.0078,0.0000,0.0000,0.0000,0.0076,0.0001,200,0.5566
0.0121,0.0000,0.0000,0.0000,0.0120,0.0001,200,0.5526
0.0182,0.0000,0.0000,0.0000,0.0181,0.0000,200,0.5467
0.0422,0.0000,0.0000,0.0000,0.0421,0.0000,200,0.5232
0.0058,0.0000,0.0000,0.0000,0.0056,0.0001,200,0.5601
0.0137,0.0000,0.0000,0.0000,0.0134,0.0001,200,0.5526
0.0217,0.0000,0.0000,0.0000,0.0216,0.0001,200,0.5451
0.0264,0.0000,0.0000,0.0000,0.0263,0.0001,200,0.5404
0.0093,0.0000,0.0000,0.0000,0.0092,0.0000,200,0.5580
0.0068,0.0000,0.0000,0.0000,0.0067,0.0000,200,0.5606
0.0306,0.0000,0.0000,0.0000,0.0304,0.0001,200,0.5370
0.0285,0.0000,0.0000,0.0001,0.0284,0.0000,200,0.5397
0.0172,0.0000,0.0000,0.0000,0.0169,0.0002,200,0.5518
0.0209,0.0000,0.0000,0.0000,0.0208,0.0001,200,0.5481
0.0045,0.0000,0.0000,0.0000,0.0045,0.0000,200,0.5647
0.0054,0.0000,0.0000,0.0000,0.0053,0.0000,200,0.5639
0.0031,0.0000,0.0000,0.0000,0.0030,0.0001,200,0.5668
0.0867,0.0000,0.0000,0.0000,0.0867,0.0000,200,0.4836
0.0126,0.0000,0.0000,0.0000,0.0125,0.0000,200,0.5582
0.0124,0.0000,0.0000,0.0000,0.0123,0.0000,200,0.5587
0.0040,0.0000,0.0000,0.0000,0.0040,0.0000,200,0.5676
0.0214,0.0000,0.0000,0.0000,0.0213,0.0000,200,0.5507
0.0064,0.0000,0.0000,0.0000,0.0063,0.0000,200,0.5659
0.0097,0.0000,0.0000,0.0000,0.0097,0.0000,200,0.5626
0.0215,0.0000,0.0000,0.0000,0.0213,0.0003,200,0.5514
0.0400,0.0000,0.0000,0.0000,0.0400,0.0000,200,0.5330
0.0041,0.0000,0.0000,0.0000,0.0040,0.0000,200,0.5692
0.0123,0.0000,0.0000,0.0001,0.0121,0.0000,200,0.5614
0.0260,0.0000,0.0000,0.0000,0.0259,0.0001,200,0.5484
0.0274,0.0000,0.0000,0.0000,0.0273,0.0001,200,0.5472
0.0196,0.0000,0.0000,0.0000,0.0195,0.0000,200,0.5550
0.0059,0.0000,0.0000,0.0000,0.0058,0.0000,200,0.5693
0.0131,0.0000,0.0000,0.0000,0.0131,0.0000,200,0.5621
0.0072,0.0000,0.0000,0.0000,0.0070,0.0001,200,0.5689
0.0132,0.0000,0.0000,0.0000,0.0132,0.0000,200,0.5629
0.0021,0.0000,0.0000,0.0000,0.0020,0.0000,200,0.5746
0.0133,0.0000,0.0000,0.0001,0.0129,0.0000,200,0.5633
0.0038,0.0000,0.0000,0.0000,0.0037,0.0000,200,0.5729
0.0273,0.0000,0.0000,0.0000,0.0272,0.0000,200,0.5497
0.0235,0.0000,0.0000,0.0000,0.0234,0.0000,200,0.5541
0.0183,0.0000,0.0000,0.0000,0.0182,0.0001,200,0.5598
0.0101,0.0000,0.0000,0.0000,0.0100,0.0001,200,0.5682
0.0623,0.0000,0.0000,0.0000,0.0623,0.0000,200,0.5166
0.0222,0.0000,0.0000,0.0001,0.0217,0.0003,200,0.5569
0.0043,0.0000,0.0000,0.0000,0.0042,0.0001,200,0.5753
0.0158,0.0000,0.0000,0.0000,0.0157,0.0000,200,0.5644
0.0102,0.0000,0.0000,0.0000,0.0102,0.0000,200,0.5703
0.0152,0.0000,0.0000,0.0000,0.0152,0.0000,200,0.5653
0.0043,0.0000,0.0000,0.0000,0.0042,0.0000,200,0.5767
0.0851,0.0000,0.0000,0.0000,0.0850,0.0001,200,0.4961
0.0081,0.0000,0.0000,0.0000,0.0081,0.0000,200,0.5733
0.0093,0.0000,0.0000,0.0000,0.0093,0.0000,200,0.5723
0.0222,0.0000,0.0000,0.0000,0.0221,0.0001,200,0.5598
0.0161,0.0000,0.0000,0.0000,0.0160,0.0000,200,0.5663
0.0076,0.0000,0.0000,0.0000,0.0075,0.0001,200,0.5752
0.0024,0.0000,0.0000,0.0000,0.0024,0.0000,200,0.5806
0.0053,0.0000,0.0000,0.0001,0.0050,0.0001,200,0.5781
0.0093,0.0000,0.0000,0.0000,0.0092,0.0000,200,0.5743
0.0028,0.0000,0.0000,0.0001,0.0025,0.0001,200,0.5813
0.0007,0.0000,0.0000,0.0000,0.0006,0.0000,200,0.5836
0.0046,0.0000,0.0000,0.0000,0.0044,0.0002,200,0.5801
0.0273,0.0000,0.0000,0.0000,0.0272,0.0000,200,0.5576
0.0148,0.0000,0.0000,0.0000,0.0147,0.0001,200,0.5707
0.0067,0.0000,0.0000,0.0000,0.0066,0.0001,200,0.5791
0.0213,0.0000,0.0000,0.0000,0.0212,0.0000,200,0.5650
0.0100,0.0000,0.0000,0.0000,0.0100,0.0000,200,0.5767
0.0101,0.0000,0.0000,0.0000,0.0100,0.0000,200,0.5767
0.0521,0.0000,0.0000,0.0000,0.0521,0.0000,200,0.5350
0.0042,0.0000,0.0000,0.0000,0.0041,0.0000,200,0.5830
0.0592,0.0000,0.0000,0.0000,0.0591,0.0001,200,0.5283
0.0093,0.0000,0.0000,0.0000,0.0092,0.0000,200,0.5789
0.0155,0.0000,0.0000,0.0000,0.0153,0.0001,200,0.5730
0.0060,0.0000,0.0000,0.0000,0.0059,0.0000,200,0.5828
0.0079,0.0000,0.0000,0.0000,0.0077,0.0001,200,0.5815
0.0186,0.0000,0.0000,0.0000,0.0185,0.0001,200,0.5711
0.0059,0.0000,0.0000,0.0000,0.0058,0.0001,200,0.5841
0.0035,0.0000,0.0000,0.0000,0.0032,0.0002,200,0.5872
0.0115,0.0000,0.0000,0.0005,0.0109,0.0001,200,0.5796
0.0057,0.0000,0.0000,0.0000,0.0056,0.0000,200,0.5855
0.0175,0.0000,0.0000,0.0000,0.0174,0.0001,200,0.5738
0.0358,0.0000,0.0000,0.0000,0.0357,0.0001,200,0.5559
0.0657,0.0000,0.0000,0.0000,0.0656,0.0000,200,0.5264
0.0158,0.0000,0.0000,0.0000,0.0157,0.0000,200,0.5770
0.0053,0.0000,0.0000,0.0000,0.0052,0.0001,200,0.5875
0.0583,0.0000,0.0000,0.0000,0.0582,0.0000,200,0.5354
0.0128,0.0000,0.0000,0.0000,0.0127,0.0000,200,0.5809
0.0072,0.0000,0.0000,0.0000,0.0071,0.0000,200,0.5868
0.0122,0.0000,0.0000,0.0000,0.0121,0.0000,200,0.5821
0.0042,0.0000,0.0000,0.0000,0.0041,0.0000,200,0.5907
0.0091,0.0000,0.0000,0.0002,0.0089,0.0000,200,0.5859
0.0233,0.0000,0.0000,0.0000,0.0231,0.0001,200,0.5722
0.0286,0.0000,0.0000,0.0000,0.0286,0.0000,200,0.5673
0.0050,0.0000,0.0000,0.0000,0.0049,0.0000,200,0.5913
0.0017,0.0000,0.0000,0.0000,0.0017,0.0000,200,0.5948
0.0281,0.0000,0.0000,0.0000,0.0280,0.0001,200,0.5690
0.0014,0.0000,0.0000,0.0000,0.0013,0.0000,200,0.5959
0.0153,0.0000,0.0000,0.0000,0.0152,0.0001,200,0.5824
0.0114,0.0000,0.0000,0.0000,0.0111,0.0000,200,0.5868
0.1317,0.0000,0.0000,0.0000,0.1316,0.0000,200,0.4666
0.0212,0.0000,0.0000,0.0000,0.0211,0.0001,200,0.5776
0.0131,0.0000,0.0000,0.0000,0.0130,0.0000,200,0.5863
0.0160,0.0000,0.0000,0.0000,0.0157,0.0002,200,0.5834
0.0617,0.0000,0.0000,0.0000,0.0615,0.0001,200,0.5382
0.0282,0.0000,0.0000,0.0000,0.0281,0.0000,200,0.5721
0.0341,0.0000,0.0000,0.0000,0.0340,0.0000,200,0.5668
0.0083,0.0000,0.0000,0.0000,0.0082,0.0001,200,0.5928
0.0074,0.0000,0.0000,0.0000,0.0073,0.0000,200,0.5940
0.0099,0.0000,0.0000,0.0000,0.0097,0.0001,200,0.5921
0.0387,0.0000,0.0000,0.0000,0.0386,0.0001,200,0.5640
0.0614,0.0000,0.0000,0.0000,0.0614,0.0000,200,0.5414
0.0189,0.0000,0.0000,0.0000,0.0188,0.0000,200,0.5843
0.0083,0.0000,0.0000,0.0000,0.0082,0.0000,200,0.5955
0.0074,0.0000,0.0000,0.0000,0.0074,0.0000,200,0.5966
0.0061,0.0000,0.0000,0.0001,0.0060,0.0000,200,0.5983
0.0040,0.0000,0.0000,0.0000,0.0039,0.0000,200,0.6009
0.0072,0.0000,0.0000,0.0001,0.0070,0.0001,200,0.5982
0.0036,0.0000,0.0000,0.0000,0.0035,0.0000,200,0.6020
0.0172,0.0000,0.0000,0.0000,0.0168,0.0001,200,0.5893
0.0306,0.0000,0.0000,0.0000,0.0306,0.0000,200,0.5761
0.0182,0.0000,0.0000,0.0000,0.0181,0.0000,200,0.5888
0.0500,0.0000,0.0000,0.0000,0.0499,0.0000,200,0.5571
0.0174,0.0000,0.0000,0.0000,0.0173,0.0000,200,0.5900
0.0116,0.0000,0.0000,0.0000,0.0115,0.0000,200,0.5962
0.0536,0.0000,0.0000,0.0000,0.0536,0.0000,200,0.5546
0.0179,0.0000,0.0000,0.0000,0.0178,0.0000,200,0.5912
0.0017,0.0000,0.0000,0.0000,0.0016,0.0000,200,0.6074
0.0210,0.0000,0.0000,0.0000,0.0208,0.0000,200,0.5882
0.0052,0.0000,0.0000,0.0000,0.0051,0.0000,200,0.6044
0.0147,0.0000,0.0000,0.0000,0.0147,0.0000,200,0.5949
0.0094,0.0000,0.0000,0.0000,0.0094,0.0000,200,0.6003
0.0035,0.0000,0.0000,0.0000,0.0034,0.0000,200,0.6065
0.0106,0.0000,0.0000,0.0000,0.0105,0.0000,200,0.6000
0.0100,0.0000,0.0000,0.0000,0.0099,0.0001,200,0.6012
0.0123,0.0000,0.0000,0.0000,0.0122,0.0000,200,0.5993
0.1297,0.0000,0.0000,0.0000,0.1294,0.0002,200,0.4820
0.0082,0.0000,0.0000,0.0000,0.0081,0.0000,200,0.6040
0.0031,0.0000,0.0000,0.0000,0.0030,0.0001,200,0.6091
0.0053,0.0000,0.0000,0.0000,0.0048,0.0005,200,0.6091
0.0233,0.0000,0.0000,0.0000,0.0230,0.0003,200,0.5911
0.0291,0.0000,0.0000,0.0000,0.0290,0.0000,200,0.5872
0.0316,0.0000,0.0000,0.0001,0.0315,0.0000,200,0.5848
0.0361,0.0000,0.0000,0.0000,0.0360,0.0000,200,0.5806
0.0099,0.0000,0.0000,0.0000,0.0098,0.0000,200,0.6068
0.0097,0.0000,0.0000,0.0000,0.0091,0.0006,200,0.6071
0.0121,0.0000,0.0000,0.0000,0.0121,0.0000,200,0.6049
0.0078,0.0000,0.0000,0.0000,0.0077,0.0001,200,0.6097
0.0481,0.0000,0.0000,0.0000,0.0480,0.0001,200,0.5699
0.0214,0.0000,0.0000,0.0000,0.0214,0.0000,200,0.5971
0.0219,0.0000,0.0000,0.0000,0.0218,0.0000,200,0.5973
0.0256,0.0000,0.0000,0.0000,0.0256,0.0000,200,0.5937
0.0028,0.0000,0.0000,0.0001,0.0024,0.0001,200,0.6167
0.0033,0.0000,0.0000,0.0000,0.0032,0.0001,200,0.6166
0.0317,0.0000,0.0000,0.0000,0.0315,0.0000,200,0.5885
0.0084,0.0000,0.0000,0.0000,0.0083,0.0001,200,0.6122
0.0156,0.0000,0.0000,0.0000,0.0155,0.0000,200,0.6056
0.0096,0.0000,0.0000,0.0000,0.0089,0.0002,200,0.6122
0.0033,0.0000,0.0000,0.0000,0.0032,0.0000,200,0.6186
0.0107,0.0000,0.0000,0.0000,0.0106,0.0000,200,0.6116
0.0126,0.0000,0.0000,0.0000,0.0126,0.0000,200,0.6100
0.0303,0.0000,0.0000,0.0000,0.0302,0.0000,200,0.5928
0.0202,0.0000,0.0000,0.0000,0.0202,0.0000,200,0.6028
0.0219,0.0000,0.0000,0.0000,0.0219,0.0000,200,0.6014
0.0164,0.0000,0.0000,0.0000,0.0164,0.0000,200,0.6069
0.0046,0.0000,0.0000,0.0000,0.0045,0.0001,200,0.6192
0.0140,0.0000,0.0000,0.0000,0.0134,0.0006,200,0.6105
0.0329,0.0000,0.0000,0.0000,0.0328,0.0000,200,0.5918
0.0040,0.0000,0.0000,0.0000,0.0039,0.0001,200,0.6212
0.0050,0.0000,0.0000,0.0000,0.0049,0.0001,200,0.6206
0.0059,0.0000,0.0000,0.0000,0.0058,0.0000,200,0.6199
0.0022,0.0000,0.0000,0.0000,0.0022,0.0000,200,0.6238
0.0034,0.0000,0.0000,0.0000,0.0033,0.0000,200,0.6227
0.0104,0.0000,0.0000,0.0000,0.0101,0.0000,200,0.6164
0.0037,0.0000,0.0000,0.0000,0.0036,0.0000,200,0.6231
0.0455,0.0000,0.0000,0.0000,0.0454,0.0000,200,0.5817
0.0426,0.0000,0.0000,0.0000,0.0425,0.0000,200,0.5849
0.0336,0.0000,0.0000,0.0000,0.0333,0.0002,200,0.5942
0.0247,0.0000,0.0000,0.0000,0.0246,0.0000,200,0.6032
0.0064,0.0000,0.0000,0.0000,0.0063,0.0000,200,0.6218
0.0116,0.0000,0.0000,0.0000,0.0114,0.0001,200,0.6170
0.0042,0.0000,0.0000,0.0000,0.0038,0.0004,200,0.6252
0.0357,0.0000,0.0000,0.0000,0.0356,0.0000,200,0.5938
0.0036,0.0000,0.0000,0.0000,0.0034,0.0002,200,0.6260
0.0312,0.0000,0.0000,0.0000,0.0310,0.0001,200,0.5988
0.0061,0.0000,0.0000,0.0000,0.0057,0.0003,200,0.6246
0.0195,0.0000,0.0000,0.0000,0.0194,0.0000,200,0.6116
0.0052,0.0000,0.0000,0.0000,0.0051,0.0000,200,0.6260
0.0118,0.0000,0.0000,0.0000,0.0117,0.0001,200,0.6195
0.0264,0.0000,0.0000,0.0000,0.0263,0.0000,200,0.6053
0.0102,0.0000,0.0000,0.0000,0.0101,0.0000,200,0.6218
0.0235,0.0000,0.0000,0.0000,0.0232,0.0003,200,0.6091
0.0432,0.0000,0.0000,0.0000,0.0431,0.0000,200,0.5897
0.0570,0.0000,0.0000,0.0000,0.0570,0.0000,200,0.5761
0.0023,0.0000,0.0000,0.0000,0.0022,0.0001,200,0.6317
0.0151,0.0000,0.0000,0.0000,0.0150,0.0001,200,0.6193
0.0117,0.0000,0.0000,0.0000,0.0116,0.0000,200,0.6231
0.0053,0.0000,0.0000,0.0000,0.0052,0.0000,200,0.6295
0.0115,0.0000,0.0000,0.0000,0.0114,0.0000,200,0.6234
0.0018,0.0000,0.0000,0.0000,0.0017,0.0001,200,0.6340
0.0117,0.0000,0.0000,0.0000,0.0115,0.0001,200,0.6246
0.0095,0.0000,0.0000,0.0000,0.0094,0.0000,200,0.6268
0.0024,0.0000,0.0000,0.0000,0.0023,0.0000,200,0.6344
0.0021,0.0000,0.0000,0.0000,0.0020,0.0000,200,0.6349
0.0093,0.0000,0.0000,0.0000,0.0092,0.0001,200,0.6282
0.0662,0.0000,0.0000,0.0000,0.0661,0.0000,200,0.5717
0.0267,0.0000,0.0000,0.0000,0.0266,0.0000,200,0.6112
0.0114,0.0000,0.0000,0.0000,0.0113,0.0000,200,0.6272
0.0718,0.0000,0.0000,0.0000,0.0717,0.0001,200,0.5674
0.0016,0.0000,0.0000,0.0000,0.0016,0.0000,200,0.6379
0.0174,0.0000,0.0000,0.0000,0.0174,0.0000,200,0.6223
0.0069,0.0000,0.0000,0.0000,0.0068,0.0000,200,0.6332
0.0041,0.0000,0.0000,0.0000,0.0040,0.0000,200,0.6363
0.0146,0.0000,0.0000,0.0000,0.0145,0.0000,200,0.6268
0.0066,0.0000,0.0000,0.0000,0.0065,0.0000,200,0.6348
0.0631,0.0000,0.0000,0.0000,0.0625,0.0006,200,0.5783
0.0026,0.0000,0.0000,0.0000,0.0024,0.0001,200,0.6392
0.0061,0.0000,0.0000,0.0000,0.0060,0.0000,200,0.6358
0.0150,0.0000,0.0000,0.0000,0.0148,0.0002,200,0.6274
0.0117,0.0000,0.0000,0.0000,0.0117,0.0000,200,0.6311
0.0112,0.0000,0.0000,0.0000,0.0111,0.0001,200,0.6320
0.0159,0.0000,0.0000,0.0000,0.0158,0.0000,200,0.6279
0.0343,0.0000,0.0000,0.0000,0.0343,0.0000,200,0.6096
0.0048,0.0000,0.0000,0.0000,0.0048,0.0001,200,0.6396
0.0153,0.0000,0.0000,0.0000,0.0153,0.0000,200,0.6294
0.0024,0.0000,0.0000,0.0000,0.0023,0.0001,200,0.6429
0.0290,0.0000,0.0000,0.0000,0.0288,0.0001,200,0.6169
0.0068,0.0000,0.0000,0.0000,0.0066,0.0002,200,0.6397
0.0303,0.0000,0.0000,0.0000,0.0302,0.0000,200,0.6163
0.0326,0.0000,0.0000,0.0000,0.0325,0.0001,200,0.6144
0.0037,0.0000,0.0000,0.0000,0.0034,0.0002,200,0.6440
0.0501,0.0000,0.0000,0.0000,0.0500,0.0000,200,0.5977
0.0112,0.0000,0.0000,0.0000,0.0111,0.0000,200,0.6370
0.0072,0.0000,0.0000,0.0001,0.0069,0.0000,200,0.6415
0.0463,0.0000,0.0000,0.0000,0.0462,0.0001,200,0.6027
0.0150,0.0000,0.0000,0.0000,0.0149,0.0000,200,0.6348
0.0187,0.0000,0.0000,0.0000,0.0187,0.0000,200,0.6312
0.0126,0.0000,0.0000,0.0000,0.0125,0.0001,200,0.6378
0.0106,0.0000,0.0000,0.0000,0.0105,0.0000,200,0.6401
0.0764,0.0000,0.0000,0.0000,0.0763,0.0000,200,0.5746
0.0477,0.0000,0.0000,0.0000,0.0477,0.0001,200,0.6038
0.0074,0.0000,0.0000,0.0000,0.0072,0.0001,200,0.6447
0.0016,0.0000,0.0000,0.0000,0.0016,0.0000,200,0.6510
0.0295,0.0000,0.0000,0.0000,0.0294,0.0000,200,0.6233
0.0349,0.0000,0.0000,0.0000,0.0348,0.0000,200,0.6180
0.0222,0.0000,0.0000,0.0000,0.0221,0.0000,200,0.6313
0.0034,0.0000,0.0000,0.0000,0.0032,0.0001,200,0.6504
0.0107,0.0000,0.0000,0.0000,0.0106,0.0000,200,0.6437
0.0130,0.0000,0.0000,0.0000,0.0129,0.0000,200,0.6419
0.0252,0.0000,0.0000,0.0000,0.0252,0.0000,200,0.6297
0.0018,0.0000,0.0000,0.0000,0.0017,0.0000,200,0.6535
0.0383,0.0000,0.0000,0.0000,0.0381,0.0001,200,0.6175
0.0356,0.0000,0.0000,0.0000,0.0355,0.0000,200,0.6202
0.0014,0.0000,0.0000,0.0000,0.0013,0.0000,200,0.6549
0.0122,0.0000,0.0000,0.0001,0.0120,0.0001,200,0.6444
0.0113,0.0000,0.0000,0.0000,0.0112,0.0000,200,0.6458
0.0219,0.0000,0.0000,0.0000,0.0218,0.0000,200,0.6362
0.0055,0.0000,0.0000,0.0000,0.0055,0.0000,200,0.6526
0.0055,0.0000,0.0000,0.0000,0.0052,0.0001,200,0.6529
0.0032,0.0000,0.0000,0.0000,0.0031,0.0000,200,0.6552
0.0040,0.0000,0.0000,0.0000,0.0037,0.0003,200,0.6545
0.0495,0.0000,0.0000,0.0000,0.0494,0.0001,200,0.6097
0.0127,0.0000,0.0000,0.0002,0.0125,0.0000,200,0.6466
0.0015,0.0000,0.0000,0.0000,0.0015,0.0000,200,0.6584
0.0035,0.0000,0.0000,0.0001,0.0034,0.0001,200,0.6566
0.0226,0.0000,0.0000,0.0000,0.0225,0.0000,200,0.6386
0.0096,0.0000,0.0000,0.0001,0.0095,0.0000,200,0.6516
0.0621,0.0000,0.0000,0.0000,0.0620,0.0001,200,0.5993
0.0078,0.0000,0.0000,0.0000,0.0077,0.0000,200,0.6538
0.0169,0.0000,0.0000,0.0000,0.0168,0.0000,200,0.6453
0.0487,0.0000,0.0000,0.0000,0.0486,0.0000,200,0.6144
0.1018,0.0000,0.0000,0.0000,0.1017,0.0001,200,0.5617
0.0224,0.0000,0.0000,0.0000,0.0224,0.0000,200,0.6413
0.0033,0.0000,0.0000,0.0000,0.0032,0.0001,200,0.6612
0.0153,0.0000,0.0000,0.0000,0.0152,0.0001,200,0.6500
0.0285,0.0000,0.0000,0.0000,0.0284,0.0001,200,0.6368
0.0156,0.0000,0.0000,0.0000,0.0155,0.0000,200,0.6497
0.0330,0.0000,0.0000,0.0000,0.0329,0.0000,200,0.6327
0.0173,0.0000,0.0000,0.0000,0.0172,0.0000,200,0.6486
0.0080,0.0000,0.0000,0.0000,0.0077,0.0002,200,0.6585
0.0119,0.0000,0.0000,0.0000,0.0118,0.0001,200,0.6549
0.0197,0.0000,0.0000,0.0000,0.0195,0.0001,200,0.6478
0.0121,0.0000,0.0000,0.0000,0.0121,0.0001,200,0.6557
0.0600,0.0000,0.0000,0.0000,0.0598,0.0002,200,0.6083
0.0181,0.0000,0.0000,0.0000,0.0179,0.0002,200,0.6507
0.0109,0.0000,0.0000,0.0000,0.0108,0.0000,200,0.6582
0.0020,0.0000,0.0000,0.0000,0.0017,0.0003,200,0.6675
0.0030,0.0000,0.0000,0.0000,0.0030,0.0000,200,0.6665
0.0139,0.0000,0.0000,0.0000,0.0139,0.0000,200,0.6558
0.0624,0.0000,0.0000,0.0000,0.0623,0.0001,200,0.6078
0.0011,0.0000,0.0000,0.0000,0.0011,0.0000,200,0.6695
0.0118,0.0000,0.0000,0.0000,0.0116,0.0001,200,0.6592
0.0114,0.0000,0.0000,0.0000,0.0114,0.0000,200,0.6599
0.0036,0.0000,0.0000,0.0000,0.0031,0.0001,200,0.6683
0.0292,0.0000,0.0000,0.0000,0.0290,0.0000,200,0.6433
0.0166,0.0000,0.0000,0.0001,0.0165,0.0000,200,0.6562
0.0067,0.0000,0.0000,0.0000,0.0065,0.0002,200,0.6668
0.0428,0.0000,0.0000,0.0000,0.0425,0.0000,200,0.6307
0.0104,0.0000,0.0000,0.0000,0.0102,0.0001,200,0.6635
0.0454,0.0000,0.0000,0.0000,0.0453,0.0000,200,0.6286
0.0116,0.0000,0.0000,0.0000,0.0115,0.0000,200,0.6631
0.0044,0.0000,0.0000,0.0000,0.0043,0.0000,200,0.6707
0.0074,0.0000,0.0000,0.0000,0.0074,0.0000,200,0.6679
0.0454,0.0000,0.0000,0.0000,0.0453,0.0000,200,0.6300
0.0045,0.0000,0.0000,0.0000,0.0044,0.0000,200,0.6714
0.0335,0.0000,0.0000,0.0000,0.0334,0.0000,200,0.6424
0.0074,0.0000,0.0000,0.0000,0.0073,0.0001,200,0.6691
0.0035,0.0000,0.0000,0.0000,0.0034,0.0001,200,0.6735
0.0300,0.0000,0.0000,0.0000,0.0299,0.0001,200,0.6476
0.0376,0.0000,0.0000,0.0000,0.0375,0.0001,200,0.6403
0.0199,0.0000,0.0000,0.0000,0.0199,0.0000,200,0.6582
0.0092,0.0000,0.0000,0.0000,0.0091,0.0000,200,0.6695
0.0174,0.0000,0.0000,0.0000,0.0173,0.0000,200,0.6616
0.0179,0.0000,0.0000,0.0000,0.0179,0.0000,200,0.6622
0.0066,0.0000,0.0000,0.0000,0.0066,0.0000,200,0.6735
0.0333,0.0000,0.0000,0.0000,0.0332,0.0000,200,0.6470
0.0093,0.0000,0.0000,0.0000,0.0092,0.0001,200,0.6710
0.0215,0.0000,0.0000,0.0000,0.0209,0.0002,200,0.6594
0.0553,0.0000,0.0000,0.0000,0.0548,0.0000,200,0.6258
0.0068,0.0000,0.0000,0.0000,0.0065,0.0003,200,0.6751
0.0046,0.0000,0.0000,0.0000,0.0045,0.0001,200,0.6777
0.0359,0.0000,0.0000,0.0001,0.0356,0.0001,200,0.6464
0.0413,0.0000,0.0000,0.0000,0.0412,0.0000,200,0.6413
0.0080,0.0000,0.0000,0.0000,0.0076,0.0003,200,0.6753
0.0114,0.0000,0.0000,0.0000,0.0113,0.0000,200,0.6719
0.0082,0.0000,0.0000,0.0000,0.0080,0.0002,200,0.6753
0.0510,0.0000,0.0000,0.0000,0.0509,0.0000,200,0.6328
0.0425,0.0000,0.0000,0.0001,0.0423,0.0000,200,0.6418
0.0014,0.0000,0.0000,0.0000,0.0012,0.0002,200,0.6833
0.0196,0.0000,0.0000,0.0000,0.0189,0.0000,200,0.6657
0.0218,0.0000,0.0000,0.0000,0.0218,0.0000,200,0.6638
0.0095,0.0000,0.0000,0.0000,0.0094,0.0000,200,0.6765
0.0054,0.0000,0.0000,0.0000,0.0053,0.0000,200,0.6809
0.0216,0.0000,0.0000,0.0000,0.0213,0.0002,200,0.6653
0.0053,0.0000,0.0000,0.0000,0.0052,0.0000,200,0.6819
0.0051,0.0000,0.0000,0.0000,0.0051,0.0000,200,0.6823
0.0043,0.0000,0.0000,0.0000,0.0042,0.0000,200,0.6833
0.0355,0.0000,0.0000,0.0002,0.0352,0.0000,200,0.6521
0.0101,0.0000,0.0000,0.0000,0.0100,0.0000,200,0.6780
0.0316,0.0000,0.0000,0.0000,0.0314,0.0001,200,0.6571
0.0086,0.0000,0.0000,0.0000,0.0085,0.0000,200,0.6801
0.0245,0.0000,0.0000,0.0000,0.0244,0.0000,200,0.6644
0.0135,0.0000,0.0000,0.0000,0.0134,0.0001,200,0.6759
0.0622,0.0000,0.0000,0.0000,0.0620,0.0001,200,0.6278
0.0058,0.0000,0.0000,0.0000,0.0058,0.0000,200,0.6843
0.0036,0.0000,0.0000,0.0000,0.0035,0.0000,200,0.6871
0.0030,0.0000,0.0000,0.0000,0.0030,0.0000,200,0.6881
0.0424,0.0000,0.0000,0.0000,0.0422,0.0000,200,0.6490
0.0027,0.0000,0.0000,0.0000,0.0026,0.0001,200,0.6889
0.0080,0.0000,0.0000,0.0000,0.0079,0.0000,200,0.6838
0.0199,0.0000,0.0000,0.0000,0.0195,0.0004,200,0.6729
0.0275,0.0000,0.0000,0.0000,0.0275,0.0000,200,0.6653
0.0554,0.0000,0.0000,0.0000,0.0553,0.0001,200,0.6375
0.0197,0.0000,0.0000,0.0000,0.0195,0.0001,200,0.6739
0.0110,0.0000,0.0000,0.0000,0.0109,0.0001,200,0.6835
0.0175,0.0000,0.0000,0.0000,0.0174,0.0000,200,0.6770
0.0030,0.0000,0.0000,0.0000,0.0030,0.0000,200,0.6917
0.0072,0.0000,0.0000,0.0000,0.0070,0.0002,200,0.6876
0.0035,0.0000,0.0000,0.0000,0.0034,0.0001,200,0.6914
0.0148,0.0000,0.0000,0.0000,0.0147,0.0000,200,0.6801
0.0373,0.0000,0.0000,0.0001,0.0370,0.0002,200,0.6584
0.0170,0.0000,0.0000,0.0000,0.0169,0.0000,200,0.6787
0.0035,0.0000,0.0000,0.0000,0.0034,0.0000,200,0.6927
0.0481,0.0000,0.0000,0.0000,0.0479,0.0002,200,0.6482
0.0019,0.0000,0.0000,0.0000,0.0018,0.0000,200,0.6948
0.0441,0.0000,0.0000,0.0000,0.0440,0.0000,200,0.6528
0.0193,0.0000,0.0000,0.0000,0.0193,0.0000,200,0.6803
0.0109,0.0000,0.0000,0.0000,0.0108,0.0000,200,0.6887
0.0051,0.0000,0.0000,0.0000,0.0050,0.0000,200,0.6945
0.0383,0.0000,0.0000,0.0000,0.0382,0.0000,200,0.6614
0.0103,0.0000,0.0000,0.0000,0.0103,0.0000,200,0.6894
0.0310,0.0000,0.0000,0.0000,0.0309,0.0000,200,0.6688
0.0122,0.0000,0.0000,0.0000,0.0121,0.0000,200,0.6876
0.0175,0.0000,0.0000,0.0000,0.0173,0.0001,200,0.6823
0.0145,0.0000,0.0000,0.0000,0.0144,0.0000,200,0.6854
0.0070,0.0000,0.0000,0.0000,0.0069,0.0000,200,0.6936
0.0308,0.0000,0.0000,0.0000,0.0307,0.0000,200,0.6702
0.0152,0.0000,0.0000,0.0000,0.0151,0.0000,200,0.6862
0.0071,0.0000,0.0000,0.0000,0.0069,0.0001,200,0.6947
0.0024,0.0000,0.0000,0.0000,0.0023,0.0000,200,0.6996
0.0014,0.0000,0.0000,0.0000,0.0013,0.0001,200,0.7010
0.0249,0.0000,0.0000,0.0000,0.0247,0.0000,200,0.6781
0.0315,0.0000,0.0000,0.0000,0.0314,0.0001,200,0.6724
0.0028,0.0000,0.0000,0.0000,0.0027,0.0000,200,0.7014
0.0222,0.0000,0.0000,0.0000,0.0221,0.0000,200,0.6826
0.0143,0.0000,0.0000,0.0000,0.0142,0.0000,200,0.6907
0.0192,0.0000,0.0000,0.0000,0.0191,0.0000,200,0.6860
0.0362,0.0000,0.0000,0.0000,0.0361,0.0000,200,0.6697
0.0065,0.0000,0.0000,0.0000,0.0064,0.0001,200,0.6999
0.0071,0.0000,0.0000,0.0000,0.0070,0.0001,200,0.6996
0.0328,0.0000,0.0000,0.0000,0.0325,0.0002,200,0.6747
0.0033,0.0000,0.0000,0.0000,0.0033,0.0000,200,0.7042
0.0082,0.0000,0.0000,0.0000,0.0081,0.0000,200,0.6996
0.0177,0.0000,0.0000,0.0001,0.0176,0.0000,200,0.6901
0.0429,0.0000,0.0000,0.0001,0.0427,0.0000,200,0.6653
0.0273,0.0000,0.0000,0.0000,0.0273,0.0000,200,0.6811
0.0028,0.0000,0.0000,0.0000,0.0027,0.0001,200,0.7059
0.0350,0.0000,0.0000,0.0000,0.0349,0.0000,200,0.6740
0.0148,0.0000,0.0000,0.0000,0.0146,0.0001,200,0.6945
0.0097,0.0000,0.0000,0.0000,0.0096,0.0001,200,0.6998
0.0152,0.0000,0.0000,0.0000,0.0151,0.0000,200,0.6949
0.0142,0.0000,0.0000,0.0000,0.0140,0.0001,200,0.6963
0.0076,0.0000,0.0000,0.0000,0.0075,0.0000,200,0.7030
0.0093,0.0000,0.0000,0.0000,0.0092,0.0000,200,0.7020
0.0456,0.0000,0.0000,0.0000,0.0455,0.0001,200,0.6659
0.0187,0.0000,0.0000,0.0000,0.0186,0.0000,200,0.6928
0.0244,0.0000,0.0000,0.0000,0.0243,0.0001,200,0.6874
0.0039,0.0000,0.0000,0.0000,0.0039,0.0000,200,0.7088
0.0063,0.0000,0.0000,0.0000,0.0062,0.0001,200,0.7064
0.0009,0.0000,0.0000,0.0001,0.0007,0.0001,200,0.7127
0.0060,0.0000,0.0000,0.0000,0.0059,0.0000,200,0.7082
0.0185,0.0000,0.0000,0.0000,0.0184,0.0000,200,0.6957
0.0339,0.0000,0.0000,0.0000,0.0339,0.0000,200,0.6803
0.0365,0.0000,0.0000,0.0000,0.0361,0.0004,200,0.6790
0.0073,0.0000,0.0000,0.0000,0.0071,0.0001,200,0.7084
0.0258,0.0000,0.0000,0.0000,0.0244,0.0014,200,0.6918
0.0051,0.0000,0.0000,0.0000,0.0035,0.0016,200,0.7127
0.0076,0.0000,0.0000,0.0000,0.0056,0.0019,200,0.7106
0.0221,0.0000,0.0000,0.0000,0.0219,0.0002,200,0.6963
0.0234,0.0000,0.0000,0.0000,0.0215,0.0018,200,0.6967
0.0059,0.0000,0.0000,0.0001,0.0031,0.0018,200,0.7142
0.0153,0.0000,0.0000,0.0000,0.0133,0.0020,200,0.7050
0.0154,0.0000,0.0000,0.0000,0.0134,0.0020,200,0.7049
0.0948,0.0000,0.0000,0.0008,0.0919,0.0021,200,0.6255
0.0128,0.0000,0.0000,0.0000,0.0127,0.0001,200,0.7075
0.0603,0.0000,0.0000,0.0000,0.0582,0.0021,200,0.6601
0.0206,0.0000,0.0000,0.0000,0.0185,0.0021,200,0.6998
0.0329,0.0000,0.0000,0.0000,0.0328,0.0000,200,0.6887
0.0250,0.0000,0.0000,0.0000,0.0249,0.0000,200,0.6969
0.0070,0.0000,0.0000,0.0000,0.0069,0.0000,200,0.7155
0.0136,0.0000,0.0000,0.0000,0.0135,0.0001,200,0.7093
0.0242,0.0000,0.0000,0.0000,0.0241,0.0001,200,0.7018
0.0184,0.0000,0.0000,0.0001,0.0182,0.0000,200,0.7078
0.0083,0.0000,0.0000,0.0000,0.0082,0.0000,200,0.7178
0.0211,0.0000,0.0000,0.0000,0.0210,0.0000,200,0.7051
0.0158,0.0000,0.0000,0.0000,0.0157,0.0000,200,0.7104
0.0257,0.0000,0.0000,0.0000,0.0257,0.0000,200,0.7006
0.0306,0.0000,0.0000,0.0000,0.0303,0.0003,200,0.6957
0.0043,0.0000,0.0000,0.0001,0.0042,0.0000,200,0.7229
0.0165,0.0000,0.0000,0.0000,0.0165,0.0000,200,0.7113
0.0012,0.0000,0.0000,0.0000,0.0011,0.0000,200,0.7272
0.0155,0.0000,0.0000,0.0000,0.0154,0.0000,200,0.7137
0.0386,0.0000,0.0000,0.0000,0.0386,0.0000,200,0.6911
0.0120,0.0000,0.0000,0.0005,0.0114,0.0000,200,0.7184
0.0410,0.0000,0.0000,0.0001,0.0406,0.0000,200,0.6900
0.0250,0.0000,0.0000,0.0000,0.0250,0.0000,200,0.7067
0.0063,0.0000,0.0000,0.0000,0.0061,0.0000,200,0.7263
0.0123,0.0000,0.0000,0.0000,0.0123,0.0000,200,0.7204
0.0071,0.0000,0.0000,0.0000,0.0071,0.0000,200,0.7262
0.0078,0.0000,0.0000,0.0000,0.0077,0.0001,200,0.7262
0.0069,0.0000,0.0000,0.0000,0.0068,0.0001,200,0.7278
0.0151,0.0000,0.0000,0.0000,0.0150,0.0001,200,0.7204
0.0163,0.0000,0.0000,0.0000,0.0162,0.0000,200,0.7201
0.0104,0.0000,0.0000,0.0000,0.0096,0.0007,200,0.7263
0.0081,0.0000,0.0000,0.0000,0.0080,0.0001,200,0.7292
0.0199,0.0000,0.0000,0.0006,0.0192,0.0000,200,0.7181
0.0043,0.0000,0.0000,0.0000,0.0042,0.0000,200,0.7347
0.0131,0.0000,0.0000,0.0000,0.0130,0.0000,200,0.7261
0.0372,0.0000,0.0000,0.0000,0.0371,0.0001,200,0.7024
0.0324,0.0000,0.0000,0.0000,0.0323,0.0000,200,0.7079
0.0094,0.0000,0.0000,0.0000,0.0093,0.0000,200,0.7310
0.0314,0.0000,0.0000,0.0001,0.0313,0.0000,200,0.7094
0.0049,0.0000,0.0000,0.0000,0.0041,0.0001,200,0.7367
0.0101,0.0000,0.0000,0.0000,0.0091,0.0002,200,0.7317
0.0039,0.0000,0.0000,0.0000,0.0036,0.0003,200,0.7391
0.0823,0.0000,0.0000,0.0000,0.0822,0.0001,200,0.6611
0.0104,0.0000,0.0000,0.0000,0.0103,0.0000,200,0.7334
0.0182,0.0000,0.0000,0.0000,0.0181,0.0000,200,0.7261
0.0271,0.0000,0.0000,0.0001,0.0269,0.0000,200,0.7176
0.0042,0.0000,0.0000,0.0001,0.0040,0.0000,200,0.7409
0.0250,0.0000,0.0000,0.0000,0.0250,0.0000,200,0.7203
0.0130,0.0000,0.0000,0.0000,0.0129,0.0000,200,0.7328
0.0343,0.0000,0.0000,0.0000,0.0342,0.0000,200,0.7119
0.0514,0.0000,0.0000,0.0000,0.0513,0.0000,200,0.6949
0.0470,0.0000,0.0000,0.0000,0.0467,0.0003,200,0.6998
0.0020,0.0000,0.0000,0.0000,0.0020,0.0000,200,0.7451
0.0044,0.0000,0.0000,0.0000,0.0043,0.0000,200,0.7430
0.0217,0.0000,0.0000,0.0000,0.0216,0.0001,200,0.7260
0.0155,0.0000,0.0000,0.0000,0.0153,0.0001,200,0.7326
0.0127,0.0000,0.0000,0.0000,0.0126,0.0000,200,0.7355
0.0282,0.0000,0.0000,0.0000,0.0282,0.0001,200,0.7202
0.0096,0.0000,0.0000,0.0000,0.0096,0.0001,200,0.7392
0.0292,0.0000,0.0000,0.0000,0.0291,0.0001,200,0.7201
0.0356,0.0000,0.0000,0.0000,0.0351,0.0001,200,0.7142
0.0163,0.0000,0.0000,0.0000,0.0162,0.0000,200,0.7340
0.0465,0.0000,0.0000,0.0000,0.0465,0.0000,200,0.7039
0.0128,0.0000,0.0000,0.0000,0.0128,0.0000,200,0.7380
0.0118,0.0000,0.0000,0.0000,0.0117,0.0000,200,0.7396
0.0671,0.0000,0.0000,0.0000,0.0670,0.0000,200,0.6847
0.0082,0.0000,0.0000,0.0000,0.0078,0.0004,200,0.7438
0.0087,0.0000,0.0000,0.0000,0.0085,0.0001,200,0.7434
0.0037,0.0000,0.0000,0.0000,0.0037,0.0000,200,0.7488
0.0061,0.0000,0.0000,0.0000,0.0060,0.0001,200,0.7468
0.0315,0.0000,0.0000,0.0000,0.0313,0.0000,200,0.7219
0.0394,0.0000,0.0000,0.0000,0.0392,0.0000,200,0.7144
0.0064,0.0000,0.0000,0.0000,0.0061,0.0003,200,0.7481
0.0049,0.0000,0.0000,0.0000,0.0042,0.0006,200,0.7499
0.0432,0.0000,0.0000,0.0000,0.0431,0.0001,200,0.7115
0.0441,0.0000,0.0000,0.0000,0.0438,0.0003,200,0.7115
0.0187,0.0000,0.0000,0.0000,0.0185,0.0001,200,0.7373
0.0097,0.0000,0.0000,0.0001,0.0095,0.0000,200,0.7463
0.0125,0.0000,0.0000,0.0000,0.0125,0.0000,200,0.7443
0.0285,0.0000,0.0000,0.0000,0.0279,0.0005,200,0.7284
0.0032,0.0000,0.0000,0.0000,0.0031,0.0000,200,0.7538
0.0715,0.0000,0.0000,0.0000,0.0714,0.0001,200,0.6856
0.0348,0.0000,0.0000,0.0000,0.0346,0.0001,200,0.7225
0.0114,0.0000,0.0000,0.0000,0.0113,0.0001,200,0.7461
0.0175,0.0000,0.0000,0.0000,0.0174,0.0000,200,0.7403
0.0062,0.0000,0.0000,0.0000,0.0062,0.0000,200,0.7519
0.0593,0.0000,0.0000,0.0000,0.0592,0.0001,200,0.6998
0.0297,0.0000,0.0000,0.0000,0.0296,0.0000,200,0.7297
0.0146,0.0000,0.0000,0.0000,0.0145,0.0001,200,0.7454
0.0732,0.0000,0.0000,0.0000,0.0732,0.0000,200,0.6868
0.0678,0.0000,0.0000,0.0001,0.0676,0.0001,200,0.6929
0.0051,0.0000,0.0000,0.0000,0.0050,0.0000,200,0.7560
0.0134,0.0000,0.0000,0.0000,0.0134,0.0000,200,0.7485
0.0128,0.0000,0.0000,0.0000,0.0123,0.0005,200,0.7493
0.0217,0.0000,0.0000,0.0000,0.0210,0.0007,200,0.7416
0.0065,0.0000,0.0000,0.0000,0.0064,0.0000,200,0.7568
0.0088,0.0000,0.0000,0.0000,0.0085,0.0003,200,0.7548
0.0067,0.0000,0.0000,0.0000,0.0066,0.0001,200,0.7573
0.0339,0.0000,0.0000,0.0000,0.0338,0.0000,200,0.7305
0.0014,0.0000,0.0000,0.0000,0.0013,0.0001,200,0.7636
0.0135,0.0000,0.0000,0.0000,0.0134,0.0000,200,0.7518
0.0457,0.0000,0.0000,0.0000,0.0456,0.0000,200,0.7203
0.0185,0.0000,0.0000,0.0000,0.0184,0.0001,200,0.7482
0.0203,0.0000,0.0000,0.0000,0.0203,0.0000,200,0.7471
0.0129,0.0000,0.0000,0.0000,0.0128,0.0000,200,0.7548
0.0167,0.0000,0.0000,0.0000,0.0167,0.0000,200,0.7513
0.0094,0.0000,0.0000,0.0000,0.0093,0.0001,200,0.7594
0.0476,0.0000,0.0000,0.0000,0.0475,0.0000,200,0.7216
0.0592,0.0000,0.0000,0.0000,0.0591,0.0000,200,0.7101
0.0096,0.0000,0.0000,0.0001,0.0094,0.0000,200,0.7600
0.0041,0.0000,0.0000,0.0000,0.0040,0.0001,200,0.7660
0.0617,0.0000,0.0000,0.0001,0.0615,0.0001,200,0.7089
0.0014,0.0000,0.0000,0.0000,0.0013,0.0001,200,0.7696
0.0072,0.0000,0.0000,0.0000,0.0070,0.0002,200,0.7643
0.0157,0.0000,0.0000,0.0000,0.0157,0.0000,200,0.7560
0.0209,0.0000,0.0000,0.0000,0.0208,0.0000,200,0.7509
0.0072,0.0000,0.0000,0.0000,0.0071,0.0000,200,0.7650
0.0016,0.0000,0.0000,0.0000,0.0014,0.0002,200,0.7710
0.0034,0.0000,0.0000,0.0000,0.0033,0.0000,200,0.7693
0.0574,0.0000,0.0000,0.0000,0.0573,0.0000,200,0.7157
0.0536,0.0000,0.0000,0.0000,0.0532,0.0004,200,0.7203
0.0108,0.0000,0.0000,0.0000,0.0108,0.0000,200,0.7633
0.0240,0.0000,0.0000,0.0000,0.0239,0.0000,200,0.7503
0.0067,0.0000,0.0000,0.0000,0.0066,0.0000,200,0.7681
0.0031,0.0000,0.0000,0.0000,0.0030,0.0000,200,0.7717
0.0227,0.0000,0.0000,0.0000,0.0226,0.0000,200,0.7526
0.0036,0.0000,0.0000,0.0000,0.0035,0.0001,200,0.7722
0.0237,0.0000,0.0000,0.0000,0.0236,0.0000,200,0.7521
0.0057,0.0000,0.0000,0.0000,0.0056,0.0000,200,0.7706
0.0403,0.0000,0.0000,0.0000,0.0401,0.0001,200,0.7364
0.0156,0.0000,0.0000,0.0000,0.0150,0.0004,200,0.7619
0.0329,0.0000,0.0000,0.0000,0.0328,0.0000,200,0.7446
0.0125,0.0000,0.0000,0.0000,0.0124,0.0001,200,0.7653
0.0160,0.0000,0.0000,0.0000,0.0159,0.0000,200,0.7621
0.0312,0.0000,0.0000,0.0000,0.0310,0.0002,200,0.7476
0.0058,0.0000,0.0000,0.0000,0.0057,0.0000,200,0.7731
0.0042,0.0000,0.0000,0.0000,0.0040,0.0001,200,0.7748
0.0108,0.0000,0.0000,0.0000,0.0104,0.0001,200,0.7688
0.0061,0.0000,0.0000,0.0000,0.0059,0.0001,200,0.7739
0.0112,0.0000,0.0000,0.0000,0.0112,0.0001,200,0.7692
0.0020,0.0000,0.0000,0.0000,0.0019,0.0000,200,0.7790
0.0071,0.0000,0.0000,0.0000,0.0070,0.0000,200,0.7741
0.0825,0.0000,0.0000,0.0000,0.0820,0.0005,200,0.6997
0.0147,0.0000,0.0000,0.0000,0.0146,0.0001,200,0.7676
0.0254,0.0000,0.0000,0.0001,0.0253,0.0001,200,0.7569
0.0371,0.0000,0.0000,0.0000,0.0370,0.0000,200,0.7458
0.0086,0.0000,0.0000,0.0000,0.0085,0.0000,200,0.7748
0.0289,0.0000,0.0000,0.0000,0.0288,0.0000,200,0.7545
0.0228,0.0000,0.0000,0.0000,0.0228,0.0000,200,0.7611
0.0209,0.0000,0.0000,0.0000,0.0207,0.0001,200,0.7633
0.0238,0.0000,0.0000,0.0002,0.0236,0.0000,200,0.7607
0.0281,0.0000,0.0000,0.0001,0.0279,0.0000,200,0.7568
0.0139,0.0000,0.0000,0.0000,0.0138,0.0000,200,0.7715
0.0094,0.0000,0.0000,0.0000,0.0093,0.0000,200,0.7763
0.0118,0.0000,0.0000,0.0000,0.0117,0.0000,200,0.7743
0.0461,0.0000,0.0000,0.0000,0.0460,0.0001,200,0.7404
0.0051,0.0000,0.0000,0.0000,0.0050,0.0001,200,0.7822
0.0234,0.0000,0.0000,0.0000,0.0233,0.0000,200,0.7640
0.1118,0.0000,0.0000,0.0001,0.1117,0.0000,200,0.6759
0.0349,0.0000,0.0000,0.0000,0.0349,0.0000,200,0.7530
0.0042,0.0000,0.0000,0.0000,0.0041,0.0000,200,0.7842
0.0089,0.0000,0.0000,0.0000,0.0089,0.0001,200,0.7796
0.0331,0.0000,0.0000,0.0000,0.0330,0.0000,200,0.7557
0.0315,0.0000,0.0000,0.0000,0.0314,0.0000,200,0.7582
0.0319,0.0000,0.0000,0.0000,0.0318,0.0000,200,0.7578
0.0140,0.0000,0.0000,0.0000,0.0139,0.0000,200,0.7758
0.0074,0.0000,0.0000,0.0000,0.0073,0.0001,200,0.7829
0.0029,0.0000,0.0000,0.0000,0.0028,0.0000,200,0.7878
0.0122,0.0000,0.0000,0.0000,0.0121,0.0000,200,0.7790
0.0137,0.0000,0.0000,0.0000,0.0136,0.0000,200,0.7776
0.0106,0.0000,0.0000,0.0000,0.0105,0.0000,200,0.7812
0.0086,0.0000,0.0000,0.0000,0.0085,0.0000,200,0.7834
0.0197,0.0000,0.0000,0.0000,0.0195,0.0001,200,0.7726
0.0169,0.0000,0.0000,0.0000,0.0168,0.0000,200,0.7758
0.0360,0.0000,0.0000,0.0000,0.0359,0.0001,200,0.7571
0.0158,0.0000,0.0000,0.0000,0.0157,0.0000,200,0.7779
0.0053,0.0000,0.0000,0.0000,0.0052,0.0001,200,0.7888
0.0122,0.0000,0.0000,0.0000,0.0121,0.0000,200,0.7824
0.0413,0.0000,0.0000,0.0000,0.0412,0.0000,200,0.7533
0.0087,0.0000,0.0000,0.0000,0.0086,0.0000,200,0.7865
0.0036,0.0000,0.0000,0.0000,0.0034,0.0000,200,0.7920
0.0103,0.0000,0.0000,0.0000,0.0102,0.0001,200,0.7855
0.0033,0.0000,0.0000,0.0000,0.0030,0.0002,200,0.7931
0.0068,0.0000,0.0000,0.0000,0.0067,0.0000,200,0.7896
0.0265,0.0000,0.0000,0.0000,0.0262,0.0002,200,0.7702
0.0011,0.0000,0.0000,0.0000,0.0010,0.0000,200,0.7958
0.0027,0.0000,0.0000,0.0000,0.0026,0.0000,200,0.7945
0.0155,0.0000,0.0000,0.0000,0.0153,0.0002,200,0.7824
0.0216,0.0000,0.0000,0.0000,0.0215,0.0001,200,0.7767
0.0140,0.0000,0.0000,0.0000,0.0138,0.0002,200,0.7845
0.0393,0.0000,0.0000,0.0000,0.0392,0.0001,200,0.7601
0.0184,0.0000,0.0000,0.0000,0.0184,0.0000,200,0.7810
0.0076,0.0000,0.0000,0.0000,0.0075,0.0000,200,0.7918
0.0113,0.0000,0.0000,0.0000,0.0112,0.0001,200,0.7886
0.0061,0.0000,0.0000,0.0000,0.0060,0.0000,200,0.7940
0.0411,0.0000,0.0000,0.0000,0.0411,0.0000,200,0.7591
0.0220,0.0000,0.0000,0.0000,0.0219,0.0000,200,0.7789
0.0065,0.0000,0.0000,0.0000,0.0063,0.0002,200,0.7964
0.0156,0.0000,0.0000,0.0000,0.0155,0.0001,200,0.7874
0.0029,0.0000,0.0000,0.0000,0.0028,0.0000,200,0.8001
0.0081,0.0000,0.0000,0.0000,0.0080,0.0000,200,0.7951
0.0060,0.0000,0.0000,0.0000,0.0059,0.0000,200,0.7972
0.0056,0.0000,0.0000,0.0000,0.0056,0.0000,200,0.7979
0.0175,0.0000,0.0000,0.0000,0.0174,0.0000,200,0.7861
0.0152,0.0000,0.0000,0.0000,0.0151,0.0000,200,0.7883
0.0260,0.0000,0.0000,0.0000,0.0260,0.0000,200,0.7775
0.0364,0.0000,0.0000,0.0000,0.0363,0.0001,200,0.7674
0.0044,0.0000,0.0000,0.0000,0.0042,0.0001,200,0.7999
0.0468,0.0000,0.0000,0.0001,0.0466,0.0000,200,0.7575
0.0631,0.0000,0.0000,0.0000,0.0629,0.0002,200,0.7419
0.0114,0.0000,0.0000,0.0000,0.0113,0.0000,200,0.7937
0.0554,0.0000,0.0000,0.0000,0.0553,0.0000,200,0.7505
0.0034,0.0000,0.0000,0.0000,0.0033,0.0000,200,0.8030
0.0030,0.0000,0.0000,0.0000,0.0030,0.0000,200,0.8035
0.0035,0.0000,0.0000,0.0000,0.0032,0.0003,200,0.8035
0.0013,0.0000,0.0000,0.0000,0.0013,0.0000,200,0.8058
0.0008,0.0000,0.0000,0.0000,0.0008,0.0000,200,0.8064
0.0046,0.0000,0.0000,0.0000,0.0045,0.0000,200,0.8030
0.0181,0.0000,0.0000,0.0000,0.0180,0.0000,200,0.7897
0.0061,0.0000,0.0000,0.0000,0.0060,0.0000,200,0.8035
0.0031,0.0000,0.0000,0.0000,0.0030,0.0000,200,0.8065
0.0184,0.0000,0.0000,0.0000,0.0183,0.0000,200,0.7912
0.0173,0.0000,0.0000,0.0000,0.0169,0.0000,200,0.7923
0.0025,0.0000,0.0000,0.0000,0.0024,0.0001,200,0.8072
0.0024,0.0000,0.0000,0.0000,0.0023,0.0001,200,0.8078
0.0140,0.0000,0.0000,0.0000,0.0137,0.0000,200,0.7965
0.0014,0.0000,0.0000,0.0000,0.0013,0.0001,200,0.8096
0.0263,0.0000,0.0000,0.0000,0.0262,0.0000,200,0.7850
0.0133,0.0000,0.0000,0.0000,0.0132,0.0000,200,0.7985
0.0085,0.0000,0.0000,0.0000,0.0084,0.0000,200,0.8035
0.0021,0.0000,0.0000,0.0000,0.0019,0.0002,200,0.8104
0.0137,0.0000,0.0000,0.0000,0.0136,0.0000,200,0.7994
0.0036,0.0000,0.0000,0.0000,0.0034,0.0001,200,0.8096
0.0101,0.0000,0.0000,0.0000,0.0101,0.0000,200,0.8032
0.0071,0.0000,0.0000,0.0000,0.0070,0.0000,200,0.8071
0.0023,0.0000,0.0000,0.0000,0.0022,0.0001,200,0.8118
0.0103,0.0000,0.0000,0.0000,0.0100,0.0003,200,0.8042
0.0193,0.0000,0.0000,0.0000,0.0192,0.0001,200,0.7956
0.0011,0.0000,0.0000,0.0000,0.0010,0.0000,200,0.8141
0.0154,0.0000,0.0000,0.0000,0.0152,0.0001,200,0.8002
0.0166,0.0000,0.0000,0.0000,0.0165,0.0000,200,0.7994
0.0331,0.0000,0.0000,0.0000,0.0330,0.0000,200,0.7833
0.0315,0.0000,0.0000,0.0000,0.0315,0.0000,200,0.7857
0.0392,0.0000,0.0000,0.0000,0.0391,0.0000,200,0.7781
0.0261,0.0000,0.0000,0.0000,0.0259,0.0001,200,0.7912
0.0452,0.0000,0.0000,0.0001,0.0451,0.0000,200,0.7727
0.0341,0.0000,0.0000,0.0000,0.0341,0.0000,200,0.7839
0.0051,0.0000,0.0000,0.0000,0.0050,0.0000,200,0.8133
0.0078,0.0000,0.0000,0.0000,0.0077,0.0001,200,0.8110
0.0095,0.0000,0.0000,0.0000,0.0093,0.0001,200,0.8096
0.0026,0.0000,0.0000,0.0000,0.0025,0.0001,200,0.8173
0.0071,0.0000,0.0000,0.0000,0.0069,0.0002,200,0.8131
0.0305,0.0000,0.0000,0.0000,0.0303,0.0002,200,0.7903
0.0407,0.0000,0.0000,0.0000,0.0404,0.0002,200,0.7804
0.0119,0.0000,0.0000,0.0000,0.0118,0.0001,200,0.8097
0.0347,0.0000,0.0000,0.0000,0.0346,0.0000,200,0.7873
0.0031,0.0000,0.0000,0.0000,0.0029,0.0002,200,0.8191
0.0429,0.0000,0.0000,0.0000,0.0428,0.0000,200,0.7800
0.0252,0.0000,0.0000,0.0001,0.0250,0.0001,200,0.7982
0.0104,0.0000,0.0000,0.0000,0.0102,0.0000,200,0.8132
0.0095,0.0000,0.0000,0.0000,0.0094,0.0000,200,0.8141
0.0142,0.0000,0.0000,0.0001,0.0140,0.0000,200,0.8102
0.0167,0.0000,0.0000,0.0000,0.0161,0.0005,200,0.8077
0.0119,0.0000,0.0000,0.0000,0.0117,0.0001,200,0.8125
0.0256,0.0000,0.0000,0.0000,0.0255,0.0000,200,0.7994
0.0091,0.0000,0.0000,0.0000,0.0090,0.0001,200,0.8164
0.0290,0.0000,0.0000,0.0000,0.0289,0.0000,200,0.7968
0.0099,0.0000,0.0000,0.0000,0.0098,0.0000,200,0.8179
0.0058,0.0000,0.0000,0.0000,0.0058,0.0000,200,0.8220
0.0351,0.0000,0.0000,0.0000,0.0350,0.0001,200,0.7927
0.0236,0.0000,0.0000,0.0000,0.0234,0.0001,200,0.8043
0.0252,0.0000,0.0000,0.0000,0.0249,0.0003,200,0.8030
0.0089,0.0000,0.0000,0.0000,0.0084,0.0004,200,0.8202
0.0058,0.0000,0.0000,0.0000,0.0052,0.0005,200,0.8236
0.0088,0.0000,0.0000,0.0000,0.0069,0.0019,200,0.8216
0.0145,0.0000,0.0000,0.0000,0.0130,0.0015,200,0.8173
0.0169,0.0000,0.0000,0.0000,0.0147,0.0022,200,0.8149
0.0310,0.0000,0.0000,0.0002,0.0291,0.0017,200,0.8008
0.0844,0.0000,0.0000,0.0000,0.0832,0.0012,200,0.7474
0.0160,0.0000,0.0000,0.0000,0.0151,0.0009,200,0.8159
0.0174,0.0000,0.0000,0.0000,0.0167,0.0007,200,0.8145
0.0042,0.0000,0.0000,0.0000,0.0036,0.0005,200,0.8278
0.0132,0.0000,0.0000,0.0000,0.0127,0.0005,200,0.8188
0.0217,0.0000,0.0000,0.0000,0.0214,0.0003,200,0.8113
0.0123,0.0000,0.0000,0.0000,0.0122,0.0000,200,0.8208
0.0176,0.0000,0.0000,0.0000,0.0175,0.0000,200,0.8156
0.0015,0.0000,0.0000,0.0000,0.0014,0.0000,200,0.8319
0.0106,0.0000,0.0000,0.0000,0.0105,0.0001,200,0.8235
0.0063,0.0000,0.0000,0.0001,0.0057,0.0000,200,0.8279
0.0468,0.0000,0.0000,0.0000,0.0466,0.0001,200,0.7879
0.0405,0.0000,0.0000,0.0000,0.0403,0.0001,200,0.7946
0.0171,0.0000,0.0000,0.0000,0.0169,0.0002,200,0.8184
0.0063,0.0000,0.0000,0.0002,0.0061,0.0000,200,0.8293
0.0033,0.0000,0.0000,0.0000,0.0032,0.0000,200,0.8330
0.0052,0.0000,0.0000,0.0000,0.0051,0.0000,200,0.8318
0.0115,0.0000,0.0000,0.0000,0.0114,0.0000,200,0.8255
0.0299,0.0000,0.0000,0.0000,0.0299,0.0000,200,0.8072
0.0089,0.0000,0.0000,0.0002,0.0086,0.0000,200,0.8284
0.0132,0.0000,0.0000,0.0000,0.0132,0.0000,200,0.8243
0.0475,0.0000,0.0000,0.0000,0.0474,0.0001,200,0.7907
0.0190,0.0000,0.0000,0.0002,0.0186,0.0002,200,0.8198
0.0339,0.0000,0.0000,0.0000,0.0339,0.0000,200,0.8050
0.0209,0.0000,0.0000,0.0000,0.0209,0.0000,200,0.8180
0.0152,0.0000,0.0000,0.0000,0.0151,0.0001,200,0.8244
0.0029,0.0000,0.0000,0.0000,0.0028,0.0000,200,0.8372
0.0072,0.0000,0.0000,0.0000,0.0070,0.0000,200,0.8335
0.0021,0.0000,0.0000,0.0000,0.0019,0.0000,200,0.8389
0.1335,0.0000,0.0000,0.0002,0.1333,0.0000,200,0.7075
0.0698,0.0000,0.0000,0.0000,0.0697,0.0001,200,0.7717
0.0205,0.0000,0.0000,0.0000,0.0204,0.0000,200,0.8211
0.0032,0.0000,0.0000,0.0000,0.0031,0.0000,200,0.8389
0.0062,0.0000,0.0000,0.0000,0.0061,0.0001,200,0.8363
0.0136,0.0000,0.0000,0.0003,0.0131,0.0000,200,0.8291
0.0081,0.0000,0.0000,0.0000,0.0079,0.0001,200,0.8351
0.0207,0.0000,0.0000,0.0000,0.0207,0.0001,200,0.8229
0.0474,0.0000,0.0000,0.0000,0.0472,0.0000,200,0.7967
0.0223,0.0000,0.0000,0.0000,0.0221,0.0001,200,0.8222
0.0116,0.0000,0.0000,0.0000,0.0115,0.0001,200,0.8331
0.0104,0.0000,0.0000,0.0000,0.0103,0.0000,200,0.8346
0.0038,0.0000,0.0000,0.0000,0.0037,0.0000,200,0.8415
0.0087,0.0000,0.0000,0.0000,0.0086,0.0001,200,0.8370
0.0033,0.0000,0.0000,0.0000,0.0033,0.0000,200,0.8427
0.0081,0.0000,0.0000,0.0000,0.0080,0.0000,200,0.8382
0.0130,0.0000,0.0000,0.0000,0.0129,0.0000,200,0.8342
0.0153,0.0000,0.0000,0.0000,0.0153,0.0000,200,0.8319
0.0067,0.0000,0.0000,0.0000,0.0066,0.0000,200,0.8410
0.0161,0.0000,0.0000,0.0000,0.0160,0.0000,200,0.8318
0.0032,0.0000,0.0000,0.0000,0.0032,0.0000,200,0.8453
0.0456,0.0000,0.0000,0.0000,0.0455,0.0001,200,0.8032
0.0094,0.0000,0.0000,0.0000,0.0093,0.0001,200,0.8400
0.0030,0.0000,0.0000,0.0000,0.0028,0.0002,200,0.8472
0.0042,0.0000,0.0000,0.0000,0.0040,0.0001,200,0.8460
0.0253,0.0000,0.0000,0.0000,0.0250,0.0002,200,0.8250
0.0757,0.0000,0.0000,0.0000,0.0754,0.0003,200,0.7753
0.0048,0.0000,0.0000,0.0000,0.0047,0.0000,200,0.8463
0.0086,0.0000,0.0000,0.0000,0.0084,0.0002,200,0.8432
0.0146,0.0000,0.0000,0.0000,0.0142,0.0003,200,0.8373
0.0245,0.0000,0.0000,0.0018,0.0221,0.0000,200,0.8279
0.0135,0.0000,0.0000,0.0000,0.0134,0.0000,200,0.8395
0.0163,0.0000,0.0000,0.0000,0.0162,0.0000,200,0.8370
0.0038,0.0000,0.0000,0.0000,0.0038,0.0000,200,0.8494
0.0866,0.0000,0.0000,0.0000,0.0865,0.0000,200,0.7667
0.0165,0.0000,0.0000,0.0000,0.0163,0.0001,200,0.8376
0.0284,0.0000,0.0000,0.0000,0.0283,0.0001,200,0.8258
0.0309,0.0000,0.0000,0.0000,0.0309,0.0000,200,0.8236
0.0232,0.0000,0.0000,0.0000,0.0231,0.0000,200,0.8318
0.0029,0.0000,0.0000,0.0000,0.0028,0.0000,200,0.8523
0.0086,0.0000,0.0000,0.0000,0.0085,0.0000,200,0.8472
0.0227,0.0000,0.0000,0.0000,0.0227,0.0000,200,0.8331
0.0032,0.0000,0.0000,0.0000,0.0031,0.0001,200,0.8533
0.0122,0.0000,0.0000,0.0000,0.0121,0.0000,200,0.8450
0.0456,0.0000,0.0000,0.0000,0.0455,0.0000,200,0.8120
0.0169,0.0000,0.0000,0.0000,0.0169,0.0000,200,0.8411
0.0078,0.0000,0.0000,0.0001,0.0077,0.0000,200,0.8502
0.0069,0.0000,0.0000,0.0000,0.0069,0.0000,200,0.8511
0.0066,0.0000,0.0000,0.0000,0.0065,0.0001,200,0.8518
0.0044,0.0000,0.0000,0.0000,0.0044,0.0000,200,0.8546
0.0017,0.0000,0.0000,0.0000,0.0017,0.0000,200,0.8576
0.0157,0.0000,0.0000,0.0000,0.0155,0.0000,200,0.8441
0.0322,0.0000,0.0000,0.0000,0.0322,0.0000,200,0.8279
0.0093,0.0000,0.0000,0.0000,0.0092,0.0000,200,0.8510
0.0108,0.0000,0.0000,0.0000,0.0106,0.0000,200,0.8502
0.0049,0.0000,0.0000,0.0000,0.0049,0.0000,200,0.8564
0.0097,0.0000,0.0000,0.0000,0.0096,0.0001,200,0.8518
0.0060,0.0000,0.0000,0.0000,0.0059,0.0000,200,0.8558
0.0033,0.0000,0.0000,0.0000,0.0032,0.0000,200,0.8590
0.0181,0.0000,0.0000,0.0000,0.0180,0.0000,200,0.8445
0.0103,0.0000,0.0000,0.0000,0.0099,0.0003,200,0.8530
0.0024,0.0000,0.0000,0.0000,0.0023,0.0000,200,0.8609
0.0601,0.0000,0.0000,0.0000,0.0600,0.0000,200,0.8038
0.0092,0.0000,0.0000,0.0000,0.0091,0.0000,200,0.8550
0.0288,0.0000,0.0000,0.0000,0.0287,0.0001,200,0.8356
0.0095,0.0000,0.0000,0.0000,0.0094,0.0001,200,0.8552
0.0308,0.0000,0.0000,0.0000,0.0307,0.0000,200,0.8342
0.0035,0.0000,0.0000,0.0000,0.0034,0.0001,200,0.8615
0.0198,0.0000,0.0000,0.0000,0.0197,0.0001,200,0.8457
0.0252,0.0000,0.0000,0.0000,0.0252,0.0000,200,0.8406
0.0124,0.0000,0.0000,0.0000,0.0123,0.0001,200,0.8541
0.0193,0.0000,0.0000,0.0000,0.0192,0.0000,200,0.8477
0.0045,0.0000,0.0000,0.0000,0.0044,0.0001,200,0.8626
0.0521,0.0000,0.0000,0.0000,0.0520,0.0000,200,0.8152
0.0357,0.0000,0.0000,0.0000,0.0356,0.0001,200,0.8320
0.0360,0.0000,0.0000,0.0000,0.0360,0.0000,200,0.8320
0.0139,0.0000,0.0000,0.0000,0.0138,0.0000,200,0.8542
0.0104,0.0000,0.0000,0.0000,0.0101,0.0002,200,0.8584
0.0024,0.0000,0.0000,0.0000,0.0024,0.0000,200,0.8664
0.0796,0.0000,0.0000,0.0000,0.0795,0.0000,200,0.7898
0.0063,0.0000,0.0000,0.0000,0.0062,0.0001,200,0.8633
0.0529,0.0000,0.0000,0.0000,0.0528,0.0001,200,0.8173
0.0024,0.0000,0.0000,0.0000,0.0023,0.0000,200,0.8681
0.0176,0.0000,0.0000,0.0000,0.0175,0.0000,200,0.8533
0.0228,0.0000,0.0000,0.0000,0.0227,0.0001,200,0.8486
0.0238,0.0000,0.0000,0.0000,0.0237,0.0000,200,0.8479
0.0300,0.0000,0.0000,0.0000,0.0299,0.0000,200,0.8421
0.0080,0.0000,0.0000,0.0000,0.0079,0.0000,200,0.8644
0.0036,0.0000,0.0000,0.0000,0.0035,0.0000,200,0.8694
0.0088,0.0000,0.0000,0.0000,0.0088,0.0000,200,0.8641
0.0682,0.0000,0.0000,0.0000,0.0681,0.0000,200,0.8050
0.0032,0.0000,0.0000,0.0000,0.0031,0.0000,200,0.8703
0.0161,0.0000,0.0000,0.0000,0.0160,0.0001,200,0.8580
0.0010,0.0000,0.0000,0.0000,0.0010,0.0000,200,0.8732
0.0016,0.0000,0.0000,0.0000,0.0015,0.0000,200,0.8730
0.0020,0.0000,0.0000,0.0000,0.0019,0.0001,200,0.8730
0.0327,0.0000,0.0000,0.0000,0.0325,0.0001,200,0.8428
0.0436,0.0000,0.0000,0.0000,0.0435,0.0000,200,0.8320
0.0053,0.0000,0.0000,0.0000,0.0052,0.0001,200,0.8709
0.0099,0.0000,0.0000,0.0000,0.0098,0.0001,200,0.8669
0.0169,0.0000,0.0000,0.0000,0.0167,0.0000,200,0.8604
0.0118,0.0000,0.0000,0.0000,0.0117,0.0000,200,0.8655
0.0245,0.0000,0.0000,0.0000,0.0245,0.0000,200,0.8533
0.0346,0.0000,0.0000,0.0000,0.0345,0.0000,200,0.8436
0.0230,0.0000,0.0000,0.0000,0.0229,0.0000,200,0.8558
0.0487,0.0000,0.0000,0.0015,0.0471,0.0001,200,0.8304
0.0212,0.0000,0.0000,0.0000,0.0211,0.0000,200,0.8580
0.0310,0.0000,0.0000,0.0001,0.0308,0.0000,200,0.8489
0.0048,0.0000,0.0000,0.0000,0.0047,0.0001,200,0.8755
0.0069,0.0000,0.0000,0.0000,0.0068,0.0000,200,0.8735
0.0210,0.0000,0.0000,0.0000,0.0209,0.0000,200,0.8601
0.0140,0.0000,0.0000,0.0000,0.0139,0.0000,200,0.8673
0.0058,0.0000,0.0000,0.0000,0.0056,0.0000,200,0.8762
0.0042,0.0000,0.0000,0.0000,0.0041,0.0000,200,0.8783
0.0207,0.0000,0.0000,0.0000,0.0205,0.0002,200,0.8623
0.0074,0.0000,0.0000,0.0000,0.0074,0.0000,200,0.8755
0.0110,0.0000,0.0000,0.0000,0.0109,0.0000,200,0.8721
0.0163,0.0000,0.0000,0.0000,0.0162,0.0001,200,0.8671
0.0112,0.0000,0.0000,0.0000,0.0111,0.0000,200,0.8724
0.0394,0.0000,0.0000,0.0000,0.0393,0.0001,200,0.8447
0.0156,0.0000,0.0000,0.0001,0.0155,0.0000,200,0.8688
0.0267,0.0000,0.0000,0.0000,0.0266,0.0001,200,0.8580
0.0051,0.0000,0.0000,0.0000,0.0050,0.0000,200,0.8799
0.0168,0.0000,0.0000,0.0000,0.0165,0.0002,200,0.8688
0.0083,0.0000,0.0000,0.0000,0.0082,0.0000,200,0.8778
0.0041,0.0000,0.0000,0.0000,0.0040,0.0000,200,0.8820
0.0205,0.0000,0.0000,0.0000,0.0204,0.0000,200,0.8659
0.0054,0.0000,0.0000,0.0000,0.0054,0.0000,200,0.8813
0.0026,0.0000,0.0000,0.0000,0.0024,0.0001,200,0.8842
0.0123,0.0000,0.0000,0.0000,0.0123,0.0000,200,0.8746
0.0157,0.0000,0.0000,0.0000,0.0156,0.0001,200,0.8717
0.0283,0.0000,0.0000,0.0000,0.0283,0.0000,200,0.8593
0.0031,0.0000,0.0000,0.0000,0.0030,0.0000,200,0.8850
0.0527,0.0000,0.0000,0.0000,0.0526,0.0000,200,0.8356
0.0021,0.0000,0.0000,0.0000,0.0019,0.0001,200,0.8868
0.0036,0.0000,0.0000,0.0000,0.0035,0.0000,200,0.8856
0.0037,0.0000,0.0000,0.0000,0.0036,0.0000,200,0.8861
0.0068,0.0000,0.0000,0.0000,0.0068,0.0000,200,0.8830
0.0329,0.0000,0.0000,0.0000,0.0328,0.0000,200,0.8572
0.0136,0.0000,0.0000,0.0000,0.0135,0.0000,200,0.8768
0.0166,0.0000,0.0000,0.0000,0.0165,0.0000,200,0.8742
0.0230,0.0000,0.0000,0.0000,0.0229,0.0001,200,0.8680
0.0316,0.0000,0.0000,0.0000,0.0313,0.0000,200,0.8598
0.0020,0.0000,0.0000,0.0000,0.0020,0.0000,200,0.8898
0.0054,0.0000,0.0000,0.0000,0.0053,0.0001,200,0.8869
0.0116,0.0000,0.0000,0.0000,0.0116,0.0000,200,0.8811
0.0225,0.0000,0.0000,0.0000,0.0224,0.0001,200,0.8705
0.0110,0.0000,0.0000,0.0000,0.0110,0.0000,200,0.8824
0.0097,0.0000,0.0000,0.0000,0.0094,0.0002,200,0.8844
0.0023,0.0000,0.0000,0.0000,0.0023,0.0000,200,0.8918
0.0553,0.0000,0.0000,0.0000,0.0552,0.0000,200,0.8389
0.0049,0.0000,0.0000,0.0000,0.0049,0.0000,200,0.8901
0.0037,0.0000,0.0000,0.0000,0.0036,0.0000,200,0.8914
0.0860,0.0000,0.0000,0.0000,0.0859,0.0001,200,0.8096
0.0166,0.0000,0.0000,0.0000,0.0165,0.0000,200,0.8792
0.0127,0.0000,0.0000,0.0000,0.0127,0.0000,200,0.8836
0.0191,0.0000,0.0000,0.0000,0.0190,0.0000,200,0.8773
0.0179,0.0000,0.0000,0.0000,0.0177,0.0001,200,0.8791
0.0062,0.0000,0.0000,0.0000,0.0061,0.0001,200,0.8911
0.0049,0.0000,0.0000,0.0000,0.0048,0.0001,200,0.8930
0.0737,0.0000,0.0000,0.0000,0.0734,0.0000,200,0.8244
0.0244,0.0000,0.0000,0.0000,0.0242,0.0001,200,0.8741
0.0124,0.0000,0.0000,0.0000,0.0123,0.0000,200,0.8861
0.0048,0.0000,0.0000,0.0000,0.0048,0.0000,200,0.8942
0.0357,0.0000,0.0000,0.0000,0.0354,0.0002,200,0.8633
0.0102,0.0000,0.0000,0.0000,0.0101,0.0001,200,0.8892
0.0163,0.0000,0.0000,0.0000,0.0162,0.0000,200,0.8833
0.0102,0.0000,0.0000,0.0000,0.0101,0.0000,200,0.8898
0.0253,0.0000,0.0000,0.0000,0.0252,0.0000,200,0.8749
0.0178,0.0000,0.0000,0.0000,0.0177,0.0001,200,0.8831
0.0314,0.0000,0.0000,0.0000,0.0314,0.0000,200,0.8696
0.0223,0.0000,0.0000,0.0000,0.0223,0.0000,200,0.8787
0.0062,0.0000,0.0000,0.0000,0.0061,0.0000,200,0.8956
0.0023,0.0000,0.0000,0.0000,0.0022,0.0001,200,0.9000
0.0043,0.0000,0.0000,0.0000,0.0042,0.0000,200,0.8985
0.0142,0.0000,0.0000,0.0000,0.0141,0.0001,200,0.8888
0.0187,0.0000,0.0000,0.0000,0.0186,0.0000,200,0.8848
0.0078,0.0000,0.0000,0.0001,0.0075,0.0001,200,0.8963
0.0539,0.0000,0.0000,0.0000,0.0538,0.0000,200,0.8503
0.0081,0.0000,0.0000,0.0000,0.0080,0.0000,200,0.8963
0.0058,0.0000,0.0000,0.0000,0.0058,0.0000,200,0.8990
0.0032,0.0000,0.0000,0.0000,0.0031,0.0000,200,0.9018
0.0636,0.0000,0.0000,0.0000,0.0635,0.0001,200,0.8416
0.0033,0.0000,0.0000,0.0001,0.0031,0.0001,200,0.9023
0.0178,0.0000,0.0000,0.0000,0.0177,0.0001,200,0.8883
0.0416,0.0000,0.0000,0.0000,0.0415,0.0000,200,0.8648
0.0186,0.0000,0.0000,0.0000,0.0185,0.0000,200,0.8881
0.0208,0.0000,0.0000,0.0000,0.0208,0.0000,200,0.8863
0.0359,0.0000,0.0000,0.0000,0.0359,0.0000,200,0.8714
0.0401,0.0000,0.0000,0.0000,0.0400,0.0001,200,0.8678
0.0139,0.0000,0.0000,0.0000,0.0139,0.0000,200,0.8941
0.0164,0.0000,0.0000,0.0000,0.0163,0.0000,200,0.8923
0.0452,0.0000,0.0000,0.0000,0.0451,0.0001,200,0.8639
0.0034,0.0000,0.0000,0.0000,0.0033,0.0000,200,0.9061
0.0086,0.0000,0.0000,0.0000,0.0084,0.0000,200,0.9010
0.0150,0.0000,0.0000,0.0000,0.0149,0.0001,200,0.8951
0.0146,0.0000,0.0000,0.0000,0.0145,0.0001,200,0.8958
0.0029,0.0000,0.0000,0.0000,0.0028,0.0000,200,0.9080
0.0241,0.0000,0.0000,0.0000,0.0237,0.0004,200,0.8874
0.0015,0.0000,0.0000,0.0000,0.0014,0.0000,200,0.9101
0.0055,0.0000,0.0000,0.0000,0.0054,0.0000,200,0.9064
0.0143,0.0000,0.0000,0.0001,0.0142,0.0000,200,0.8979
0.0029,0.0000,0.0000,0.0000,0.0028,0.0001,200,0.9096
0.0080,0.0000,0.0000,0.0000,0.0080,0.0000,200,0.9050
0.0028,0.0000,0.0000,0.0000,0.0027,0.0000,200,0.9105
0.0334,0.0000,0.0000,0.0001,0.0332,0.0001,200,0.8804
0.0367,0.0000,0.0000,0.0001,0.0365,0.0000,200,0.8773
0.0100,0.0000,0.0000,0.0000,0.0099,0.0001,200,0.9044
0.0283,0.0000,0.0000,0.0000,0.0280,0.0003,200,0.8867
0.0105,0.0000,0.0000,0.0000,0.0104,0.0000,200,0.9048
0.0114,0.0000,0.0000,0.0002,0.0110,0.0000,200,0.9041
0.0025,0.0000,0.0000,0.0000,0.0025,0.0000,200,0.9133
0.0150,0.0000,0.0000,0.0000,0.0149,0.0001,200,0.9011
0.0094,0.0000,0.0000,0.0000,0.0093,0.0000,200,0.9072
0.0177,0.0000,0.0000,0.0000,0.0176,0.0000,200,0.8993
0.0345,0.0000,0.0000,0.0000,0.0342,0.0002,200,0.8829
0.0197,0.0000,0.0000,0.0000,0.0196,0.0000,200,0.8981
0.0109,0.0000,0.0000,0.0000,0.0108,0.0000,200,0.9073
0.0537,0.0000,0.0000,0.0000,0.0536,0.0000,200,0.8650
0.0020,0.0000,0.0000,0.0000,0.0020,0.0000,200,0.9174
0.0224,0.0000,0.0000,0.0000,0.0223,0.0000,200,0.8971
0.0057,0.0000,0.0000,0.0001,0.0055,0.0001,200,0.9138
0.0211,0.0000,0.0000,0.0000,0.0210,0.0001,200,0.8990
0.0221,0.0000,0.0000,0.0000,0.0220,0.0000,200,0.8985
0.0408,0.0000,0.0000,0.0000,0.0408,0.0000,200,0.8804
0.0157,0.0000,0.0000,0.0000,0.0156,0.0000,200,0.9055
0.0049,0.0000,0.0000,0.0000,0.0048,0.0000,200,0.9166
0.0153,0.0000,0.0000,0.0000,0.0152,0.0001,200,0.9067
0.0227,0.0000,0.0000,0.0000,0.0227,0.0000,200,0.8996
0.0070,0.0000,0.0000,0.0000,0.0069,0.0000,200,0.9158
0.0579,0.0000,0.0000,0.0000,0.0579,0.0000,200,0.8650
0.0155,0.0000,0.0000,0.0000,0.0154,0.0001,200,0.9079
0.0210,0.0000,0.0000,0.0000,0.0207,0.0003,200,0.9031
0.0233,0.0000,0.0000,0.0000,0.0231,0.0000,200,0.9008
0.0030,0.0000,0.0000,0.0000,0.0030,0.0000,200,0.9212
0.0294,0.0000,0.0000,0.0000,0.0293,0.0000,200,0.8951
0.0123,0.0000,0.0000,0.0000,0.0122,0.0000,200,0.9125
0.0100,0.0000,0.0000,0.0005,0.0094,0.0001,200,0.9153
0.0041,0.0000,0.0000,0.0000,0.0040,0.0000,200,0.9215
0.0289,0.0000,0.0000,0.0000,0.0288,0.0000,200,0.8973
0.0022,0.0000,0.0000,0.0000,0.0021,0.0000,200,0.9244
0.0394,0.0000,0.0000,0.0000,0.0393,0.0000,200,0.8877
0.0160,0.0000,0.0000,0.0000,0.0159,0.0000,200,0.9116
0.0037,0.0000,0.0000,0.0000,0.0036,0.0000,200,0.9242
0.0060,0.0000,0.0000,0.0000,0.0059,0.0000,200,0.9220
0.0100,0.0000,0.0000,0.0000,0.0097,0.0002,200,0.9187
0.0164,0.0000,0.0000,0.0000,0.0164,0.0000,200,0.9130
0.0181,0.0000,0.0000,0.0000,0.0179,0.0001,200,0.9118
0.0058,0.0000,0.0000,0.0000,0.0051,0.0006,200,0.9242
0.0077,0.0000,0.0000,0.0000,0.0076,0.0001,200,0.9230
0.0015,0.0000,0.0000,0.0000,0.0013,0.0001,200,0.9295
0.0209,0.0000,0.0000,0.0000,0.0208,0.0000,200,0.9109
0.0317,0.0000,0.0000,0.0000,0.0315,0.0000,200,0.9002
0.0411,0.0000,0.0000,0.0000,0.0410,0.0000,200,0.8909
0.0381,0.0000,0.0000,0.0000,0.0380,0.0000,200,0.8942
0.0029,0.0000,0.0000,0.0001,0.0026,0.0000,200,0.9300
0.0079,0.0000,0.0000,0.0000,0.0078,0.0000,200,0.9253
0.0091,0.0000,0.0000,0.0000,0.0090,0.0000,200,0.9248
0.0075,0.0000,0.0000,0.0000,0.0074,0.0001,200,0.9267
0.0417,0.0000,0.0000,0.0000,0.0416,0.0000,200,0.8927
0.0410,0.0000,0.0000,0.0000,0.0409,0.0000,200,0.8935
0.0017,0.0000,0.0000,0.0000,0.0017,0.0000,200,0.9331
0.0097,0.0000,0.0000,0.0000,0.0096,0.0001,200,0.9257
0.0739,0.0000,0.0000,0.0000,0.0738,0.0000,200,0.8618
0.0020,0.0000,0.0000,0.0000,0.0019,0.0001,200,0.9339
0.0168,0.0000,0.0000,0.0000,0.0167,0.0001,200,0.9194
0.0271,0.0000,0.0000,0.0000,0.0270,0.0001,200,0.9095
0.0142,0.0000,0.0000,0.0000,0.0140,0.0001,200,0.9228
0.0019,0.0000,0.0000,0.0000,0.0018,0.0000,200,0.9353
0.0026,0.0000,0.0000,0.0000,0.0025,0.0000,200,0.9366
0.0074,0.0000,0.0000,0.0000,0.0073,0.0000,200,0.9319
0.0358,0.0000,0.0000,0.0000,0.0357,0.0001,200,0.9041
0.0107,0.0000,0.0000,0.0001,0.0104,0.0002,200,0.9299
0.0043,0.0000,0.0000,0.0000,0.0041,0.0002,200,0.9372
0.0143,0.0000,0.0000,0.0007,0.0134,0.0001,200,0.9280
0.0102,0.0000,0.0000,0.0000,0.0083,0.0019,200,0.9344
0.0394,0.0000,0.0000,0.0000,0.0394,0.0000,200,0.9052
0.0098,0.0000,0.0000,0.0000,0.0097,0.0000,200,0.9349
0.0090,0.0000,0.0000,0.0000,0.0090,0.0000,200,0.9357
0.0214,0.0000,0.0000,0.0000,0.0213,0.0000,200,0.9234
0.0131,0.0000,0.0000,0.0000,0.0130,0.0001,200,0.9323
0.0069,0.0000,0.0000,0.0000,0.0066,0.0002,200,0.9415
0.0043,0.0000,0.0000,0.0000,0.0042,0.0001,200,0.9447
0.0050,0.0000,0.0000,0.0000,0.0049,0.0001,200,0.9448
0.0600,0.0000,0.0000,0.0000,0.0599,0.0000,200,0.8905
0.0149,0.0000,0.0000,0.0000,0.0148,0.0000,200,0.9362
0.0249,0.0000,0.0000,0.0000,0.0247,0.0002,200,0.9271
0.0123,0.0000,0.0000,0.0001,0.0121,0.0001,200,0.9407
0.0090,0.0000,0.0000,0.0000,0.0090,0.0000,200,0.9447
0.0145,0.0000,0.0000,0.0000,0.0144,0.0001,200,0.9400
0.0383,0.0000,0.0000,0.0000,0.0382,0.0001,200,0.9170
0.0944,0.0000,0.0000,0.0000,0.0944,0.0001,200,0.8614
0.0321,0.0000,0.0000,0.0000,0.0320,0.0000,200,0.9241
0.0039,0.0000,0.0000,0.0000,0.0039,0.0000,200,0.9530
0.0272,0.0000,0.0000,0.0000,0.0271,0.0000,200,0.9307
0.0440,0.0000,0.0000,0.0000,0.0438,0.0001,200,0.9140
0.0431,0.0000,0.0000,0.0000,0.0430,0.0000,200,0.9156
0.0326,0.0000,0.0000,0.0000,0.0325,0.0000,200,0.9261
0.0436,0.0000,0.0000,0.0000,0.0435,0.0001,200,0.9161
0.0449,0.0000,0.0000,0.0000,0.0446,0.0000,200,0.9150
0.0293,0.0000,0.0000,0.0000,0.0292,0.0000,200,0.9310
0.0049,0.0000,0.0000,0.0000,0.0048,0.0000,200,0.9558
0.0026,0.0000,0.0000,0.0000,0.0025,0.0000,200,0.9587
0.0072,0.0000,0.0000,0.0000,0.0071,0.0001,200,0.9544
0.0018,0.0000,0.0000,0.0000,0.0017,0.0001,200,0.9603
0.0297,0.0000,0.0000,0.0000,0.0296,0.0001,200,0.9328
0.0145,0.0000,0.0000,0.0000,0.0144,0.0000,200,0.9484
0.0270,0.0000,0.0000,0.0000,0.0269,0.0000,200,0.9359
0.0357,0.0000,0.0000,0.0000,0.0356,0.0001,200,0.9280
0.0059,0.0000,0.0000,0.0000,0.0057,0.0001,200,0.9579
0.0322,0.0000,0.0000,0.0000,0.0321,0.0000,200,0.9319
0.0149,0.0000,0.0000,0.0000,0.0147,0.0001,200,0.9497
0.0042,0.0000,0.0000,0.0000,0.0041,0.0001,200,0.9608
0.0562,0.0000,0.0000,0.0000,0.0561,0.0000,200,0.9091
0.0316,0.0000,0.0000,0.0000,0.0315,0.0000,200,0.9342
0.0268,0.0000,0.0000,0.0000,0.0267,0.0001,200,0.9392
0.0379,0.0000,0.0000,0.0000,0.0377,0.0001,200,0.9287
0.0055,0.0000,0.0000,0.0000,0.0054,0.0001,200,0.9616
0.0646,0.0000,0.0000,0.0000,0.0646,0.0000,200,0.9028
0.0053,0.0000,0.0000,0.0000,0.0051,0.0001,200,0.9625
0.0236,0.0000,0.0000,0.0000,0.0235,0.0000,200,0.9446
0.0066,0.0000,0.0000,0.0000,0.0065,0.0000,200,0.9620
0.0512,0.0000,0.0000,0.0000,0.0511,0.0000,200,0.9178
0.0580,0.0000,0.0000,0.0000,0.0580,0.0000,200,0.9115
0.0187,0.0000,0.0000,0.0000,0.0187,0.0000,200,0.9511
0.0511,0.0000,0.0000,0.0000,0.0509,0.0001,200,0.9194
0.0040,0.0000,0.0000,0.0000,0.0040,0.0000,200,0.9665
0.0509,0.0000,0.0000,0.0004,0.0503,0.0001,200,0.9201
0.0591,0.0000,0.0000,0.0000,0.0590,0.0001,200,0.9123
0.0057,0.0000,0.0000,0.0000,0.0057,0.0000,200,0.9657
0.0108,0.0000,0.0000,0.0000,0.0107,0.0001,200,0.9613
0.0354,0.0000,0.0000,0.0000,0.0353,0.0001,200,0.9369
0.0386,0.0000,0.0000,0.0000,0.0385,0.0000,200,0.9344
0.0535,0.0000,0.0000,0.0001,0.0532,0.0000,200,0.9195
0.0289,0.0000,0.0000,0.0000,0.0288,0.0000,200,0.9447
0.0417,0.0000,0.0000,0.0000,0.0417,0.0000,200,0.9319
0.0060,0.0000,0.0000,0.0000,0.0059,0.0000,200,0.9682
0.0042,0.0000,0.0000,0.0000,0.0039,0.0002,200,0.9705
0.0297,0.0000,0.0000,0.0001,0.0296,0.0000,200,0.9455
0.0196,0.0000,0.0000,0.0000,0.0195,0.0001,200,0.9562
0.0060,0.0000,0.0000,0.0000,0.0058,0.0001,200,0.9699
0.0052,0.0000,0.0000,0.0001,0.0050,0.0001,200,0.9714
0.0132,0.0000,0.0000,0.0000,0.0131,0.0001,200,0.9637
0.0561,0.0000,0.0000,0.0000,0.0559,0.0001,200,0.9212
0.0117,0.0000,0.0000,0.0000,0.0116,0.0000,200,0.9660
0.0044,0.0000,0.0000,0.0000,0.0043,0.0001,200,0.9735
0.0362,0.0000,0.0000,0.0000,0.0360,0.0001,200,0.9422
0.0022,0.0000,0.0000,0.0000,0.0020,0.0002,200,0.9765
0.0142,0.0000,0.0000,0.0001,0.0140,0.0000,200,0.9650
0.0290,0.0000,0.0000,0.0000,0.0288,0.0002,200,0.9504
0.0246,0.0000,0.0000,0.0000,0.0245,0.0001,200,0.9553
0.0043,0.0000,0.0000,0.0000,0.0043,0.0000,200,0.9758
0.0599,0.0000,0.0000,0.0000,0.0598,0.0001,200,0.9206
0.0092,0.0000,0.0000,0.0000,0.0087,0.0004,200,0.9721
0.0029,0.0000,0.0000,0.0000,0.0029,0.0000,200,0.9784
0.0104,0.0000,0.0000,0.0000,0.0103,0.0000,200,0.9710
0.0250,0.0000,0.0000,0.0000,0.0249,0.0001,200,0.9569
0.0785,0.0000,0.0000,0.0000,0.0784,0.0001,200,0.9035
0.0226,0.0000,0.0000,0.0000,0.0225,0.0000,200,0.9600
0.0194,0.0000,0.0000,0.0000,0.0192,0.0000,200,0.9636
0.0075,0.0000,0.0000,0.0000,0.0073,0.0001,200,0.9759
0.0199,0.0000,0.0000,0.0000,0.0198,0.0000,200,0.9641
0.0618,0.0000,0.0000,0.0000,0.0617,0.0001,200,0.9224
0.0264,0.0000,0.0000,0.0000,0.0264,0.0000,200,0.9580
0.0043,0.0000,0.0000,0.0000,0.0042,0.0000,200,0.9805
0.0082,0.0000,0.0000,0.0000,0.0080,0.0000,200,0.9769
0.0365,0.0000,0.0000,0.0000,0.0364,0.0001,200,0.9490
0.0145,0.0000,0.0000,0.0000,0.0144,0.0000,200,0.9715
0.0586,0.0000,0.0000,0.0000,0.0585,0.0000,200,0.9276
0.0328,0.0000,0.0000,0.0000,0.0327,0.0001,200,0.9537
0.0241,0.0000,0.0000,0.0000,0.0240,0.0001,200,0.9628
0.0176,0.0000,0.0000,0.0000,0.0175,0.0000,200,0.9696
0.0280,0.0000,0.0000,0.0000,0.0278,0.0001,200,0.9598
0.0052,0.0000,0.0000,0.0000,0.0051,0.0000,200,0.9830
0.0028,0.0000,0.0000,0.0000,0.0027,0.0001,200,0.9855
0.0088,0.0000,0.0000,0.0000,0.0087,0.0000,200,0.9801
0.0370,0.0000,0.0000,0.0000,0.0369,0.0000,200,0.9520
0.0025,0.0000,0.0000,0.0000,0.0022,0.0001,200,0.9869
0.0209,0.0000,0.0000,0.0000,0.0208,0.0000,200,0.9690
0.0272,0.0000,0.0000,0.0000,0.0271,0.0000,200,0.9628
0.0217,0.0000,0.0000,0.0000,0.0217,0.0000,200,0.9686
0.0119,0.0000,0.0000,0.0000,0.0118,0.0000,200,0.9788
0.0729,0.0000,0.0000,0.0000,0.0727,0.0001,200,0.9182
0.0102,0.0000,0.0000,0.0000,0.0101,0.0001,200,0.9813
0.0187,0.0000,0.0000,0.0000,0.0186,0.0000,200,0.9729
0.0023,0.0000,0.0000,0.0001,0.0021,0.0000,200,0.9899
0.0842,0.0000,0.0000,0.0000,0.0836,0.0005,200,0.9087
0.0016,0.0000,0.0000,0.0000,0.0015,0.0000,200,0.9915
0.0190,0.0000,0.0000,0.0000,0.0189,0.0000,200,0.9742
0.0099,0.0000,0.0000,0.0000,0.0099,0.0000,200,0.9840
0.0062,0.0000,0.0000,0.0000,0.0060,0.0000,200,0.9877
0.0287,0.0000,0.0000,0.0000,0.0281,0.0006,200,0.9653
0.0050,0.0000,0.0000,0.0000,0.0049,0.0001,200,0.9895
0.0046,0.0000,0.0000,0.0000,0.0045,0.0000,200,0.9904
0.0089,0.0000,0.0000,0.0000,0.0087,0.0002,200,0.9865
0.0066,0.0000,0.0000,0.0000,0.0065,0.0001,200,0.9890
0.0168,0.0000,0.0000,0.0000,0.0166,0.0001,200,0.9792
0.0157,0.0000,0.0000,0.0000,0.0156,0.0000,200,0.9813
0.0110,0.0000,0.0000,0.0000,0.0108,0.0000,200,0.9861
0.0158,0.0000,0.0000,0.0000,0.0156,0.0001,200,0.9814
0.0029,0.0000,0.0000,0.0000,0.0028,0.0000,200,0.9945
0.0065,0.0000,0.0000,0.0000,0.0063,0.0001,200,0.9911
0.0092,0.0000,0.0000,0.0000,0.0091,0.0000,200,0.9889
0.0234,0.0000,0.0000,0.0000,0.0233,0.0000,200,0.9752
0.0058,0.0000,0.0000,0.0000,0.0057,0.0000,200,0.9931
0.0062,0.0000,0.0000,0.0000,0.0061,0.0000,200,0.9929
0.0139,0.0000,0.0000,0.0000,0.0138,0.0000,200,0.9860
0.0860,0.0000,0.0000,0.0000,0.0850,0.0009,200,0.9144
0.0030,0.0000,0.0000,0.0001,0.0025,0.0004,200,0.9976
0.0020,0.0000,0.0000,0.0000,0.0019,0.0000,200,0.9989
0.0038,0.0000,0.0000,0.0000,0.0037,0.0000,200,0.9974
0.0624,0.0000,0.0000,0.0000,0.0623,0.0000,200,0.9392
0.0050,0.0000,0.0000,0.0000,0.0049,0.0001,200,0.9970
0.0351,0.0000,0.0000,0.0000,0.0351,0.0000,200,0.9671
0.0068,0.0000,0.0000,0.0000,0.0065,0.0000,200,0.9960
0.0187,0.0000,0.0000,0.0000,0.0185,0.0000,200,0.9842
0.0020,0.0000,0.0000,0.0000,0.0019,0.0000,200,1.0012
0.0330,0.0000,0.0000,0.0000,0.0330,0.0000,200,0.9705
0.0269,0.0000,0.0000,0.0000,0.0268,0.0001,200,0.9773
0.0243,0.0000,0.0000,0.0000,0.0242,0.0001,200,0.9799
0.0374,0.0000,0.0000,0.0000,0.0370,0.0003,200,0.9675
0.0148,0.0000,0.0000,0.0000,0.0148,0.0001,200,0.9900
0.0030,0.0000,0.0000,0.0000,0.0029,0.0001,200,1.0022
0.0086,0.0000,0.0000,0.0001,0.0081,0.0000,200,0.9971
0.0118,0.0000,0.0000,0.0000,0.0114,0.0003,200,0.9939
0.0474,0.0000,0.0000,0.0000,0.0473,0.0000,200,0.9587
0.0421,0.0000,0.0000,0.0000,0.0420,0.0000,200,0.9646
0.0019,0.0000,0.0000,0.0000,0.0018,0.0000,200,1.0048
0.0236,0.0000,0.0000,0.0000,0.0235,0.0000,200,0.9834
0.0338,0.0000,0.0000,0.0000,0.0337,0.0000,200,0.9736
0.0059,0.0000,0.0000,0.0000,0.0058,0.0000,200,1.0020
0.0260,0.0000,0.0000,0.0000,0.0260,0.0000,200,0.9819
0.0129,0.0000,0.0000,0.0000,0.0128,0.0000,200,0.9954
0.0050,0.0000,0.0000,0.0000,0.0050,0.0000,200,1.0036
0.0020,0.0000,0.0000,0.0000,0.0019,0.0001,200,1.0069
0.0037,0.0000,0.0000,0.0000,0.0036,0.0000,200,1.0057
0.0094,0.0000,0.0000,0.0000,0.0087,0.0000,200,1.0005
0.0022,0.0000,0.0000,0.0000,0.0021,0.0000,200,1.0078
0.0164,0.0000,0.0000,0.0000,0.0163,0.0000,200,0.9939
0.0260,0.0000,0.0000,0.0000,0.0259,0.0001,200,0.9848
0.0043,0.0000,0.0000,0.0000,0.0042,0.0001,200,1.0067
0.0290,0.0000,0.0000,0.0000,0.0288,0.0001,200,0.9825
0.0341,0.0000,0.0000,0.0000,0.0340,0.0001,200,0.9780
0.0394,0.0000,0.0000,0.0000,0.0392,0.0001,200,0.9729
0.0034,0.0000,0.0000,0.0000,0.0033,0.0000,200,1.0094
0.0411,0.0000,0.0000,0.0000,0.0409,0.0001,200,0.9723
0.0074,0.0000,0.0000,0.0000,0.0073,0.0000,200,1.0061
0.0154,0.0000,0.0000,0.0000,0.0153,0.0000,200,0.9986
0.0226,0.0000,0.0000,0.0000,0.0225,0.0000,200,0.9922
0.0217,0.0000,0.0000,0.0000,0.0216,0.0000,200,0.9931
0.0140,0.0000,0.0000,0.0000,0.0133,0.0006,200,1.0010
0.0119,0.0000,0.0000,0.0000,0.0118,0.0000,200,1.0032
0.0124,0.0000,0.0000,0.0000,0.0123,0.0000,200,1.0028
0.0103,0.0000,0.0000,0.0000,0.0102,0.0000,200,1.0052
0.0013,0.0000,0.0000,0.0000,0.0012,0.0001,200,1.0148
0.0214,0.0000,0.0000,0.0000,0.0214,0.0000,200,0.9949
0.0084,0.0000,0.0000,0.0000,0.0081,0.0002,200,1.0086
0.0051,0.0000,0.0000,0.0000,0.0048,0.0001,200,1.0123
0.0381,0.0000,0.0000,0.0000,0.0380,0.0000,200,0.9795
0.0109,0.0000,0.0000,0.0000,0.0109,0.0000,200,1.0074
0.0437,0.0000,0.0000,0.0000,0.0436,0.0000,200,0.9747
0.0105,0.0000,0.0000,0.0000,0.0104,0.0001,200,1.0083
0.0092,0.0000,0.0000,0.0000,0.0091,0.0001,200,1.0100
0.0195,0.0000,0.0000,0.0000,0.0194,0.0001,200,0.9999
0.0030,0.0000,0.0000,0.0000,0.0030,0.0000,200,1.0170
0.0163,0.0000,0.0000,0.0000,0.0162,0.0000,200,1.0042
0.0297,0.0000,0.0000,0.0000,0.0295,0.0002,200,0.9907
0.0093,0.0000,0.0000,0.0001,0.0091,0.0000,200,1.0116
0.0064,0.0000,0.0000,0.0000,0.0063,0.0000,200,1.0149
0.0098,0.0000,0.0000,0.0000,0.0096,0.0002,200,1.0121
0.0027,0.0000,0.0000,0.0000,0.0026,0.0000,200,1.0192
0.0094,0.0000,0.0000,0.0000,0.0092,0.0002,200,1.0134
0.0289,0.0000,0.0000,0.0000,0.0288,0.0000,200,0.9940
0.0131,0.0000,0.0000,0.0000,0.0130,0.0001,200,1.0099
0.0232,0.0000,0.0000,0.0000,0.0231,0.0000,200,1.0006
0.0091,0.0000,0.0000,0.0000,0.0091,0.0000,200,1.0150
0.0139,0.0000,0.0000,0.0000,0.0138,0.0000,200,1.0103
0.0404,0.0000,0.0000,0.0000,0.0403,0.0001,200,0.9844
0.0097,0.0000,0.0000,0.0000,0.0096,0.0001,200,1.0152
0.0404,0.0000,0.0000,0.0000,0.0404,0.0000,200,0.9851
0.0211,0.0000,0.0000,0.0000,0.0210,0.0000,200,1.0048
0.0393,0.0000,0.0000,0.0000,0.0391,0.0002,200,0.9872
0.0189,0.0000,0.0000,0.0000,0.0188,0.0001,200,1.0079
0.0086,0.0000,0.0000,0.0001,0.0081,0.0001,200,1.0188
0.0072,0.0000,0.0000,0.0000,0.0071,0.0000,200,1.0205
0.0170,0.0000,0.0000,0.0000,0.0169,0.0000,200,1.0110
0.0124,0.0000,0.0000,0.0000,0.0123,0.0000,200,1.0161
0.0044,0.0000,0.0000,0.0000,0.0043,0.0000,200,1.0241
0.0611,0.0000,0.0000,0.0000,0.0609,0.0001,200,0.9678
0.0149,0.0000,0.0000,0.0000,0.0149,0.0000,200,1.0140
0.0224,0.0000,0.0000,0.0000,0.0223,0.0000,200,1.0067
0.0076,0.0000,0.0000,0.0000,0.0075,0.0000,200,1.0219
0.0242,0.0000,0.0000,0.0000,0.0239,0.0001,200,1.0057
0.0288,0.0000,0.0000,0.0000,0.0287,0.0000,200,1.0017
0.0220,0.0000,0.0000,0.0000,0.0218,0.0000,200,1.0089
0.0116,0.0000,0.0000,0.0000,0.0114,0.0000,200,1.0194
0.0274,0.0000,0.0000,0.0000,0.0272,0.0001,200,1.0042
0.0078,0.0000,0.0000,0.0000,0.0077,0.0001,200,1.0242
0.0138,0.0000,0.0000,0.0000,0.0135,0.0003,200,1.0183
0.0142,0.0000,0.0000,0.0000,0.0142,0.0000,200,1.0183
0.0043,0.0000,0.0000,0.0000,0.0042,0.0001,200,1.0285
0.0340,0.0000,0.0000,0.0000,0.0339,0.0000,200,0.9991
0.0104,0.0000,0.0000,0.0000,0.0103,0.0000,200,1.0230
0.0568,0.0000,0.0000,0.0000,0.0567,0.0000,200,0.9776
0.0388,0.0000,0.0000,0.0001,0.0387,0.0000,200,0.9956
0.0055,0.0000,0.0000,0.0000,0.0052,0.0002,200,1.0291
0.0191,0.0000,0.0000,0.0000,0.0183,0.0007,200,1.0155
0.0152,0.0000,0.0000,0.0000,0.0147,0.0005,200,1.0201
0.0474,0.0000,0.0000,0.0000,0.0471,0.0002,200,0.9884
0.0191,0.0000,0.0000,0.0000,0.0185,0.0005,200,1.0176
0.0451,0.0000,0.0000,0.0000,0.0444,0.0007,200,0.9916
0.0134,0.0000,0.0000,0.0000,0.0127,0.0003,200,1.0238
0.0153,0.0000,0.0000,0.0000,0.0150,0.0003,200,1.0219
0.0108,0.0000,0.0000,0.0000,0.0104,0.0003,200,1.0265
0.0169,0.0000,0.0000,0.0000,0.0168,0.0001,200,1.0205
0.0265,0.0000,0.0000,0.0000,0.0246,0.0018,200,1.0109
0.0070,0.0000,0.0000,0.0000,0.0064,0.0006,200,1.0304
0.0042,0.0000,0.0000,0.0000,0.0035,0.0007,200,1.0334
0.0102,0.0000,0.0000,0.0000,0.0101,0.0001,200,1.0277
0.0562,0.0000,0.0000,0.0000,0.0561,0.0001,200,0.9820
0.0361,0.0000,0.0000,0.0000,0.0360,0.0000,200,1.0028
0.0108,0.0000,0.0000,0.0000,0.0107,0.0001,200,1.0285
0.0129,0.0000,0.0000,0.0000,0.0128,0.0001,200,1.0268
0.0049,0.0000,0.0000,0.0002,0.0046,0.0000,200,1.0353
0.0154,0.0000,0.0000,0.0000,0.0152,0.0002,200,1.0256
0.0162,0.0000,0.0000,0.0000,0.0161,0.0000,200,1.0248
0.0046,0.0000,0.0000,0.0001,0.0044,0.0000,200,1.0367
0.0043,0.0000,0.0000,0.0000,0.0042,0.0000,200,1.0375
0.0138,0.0000,0.0000,0.0000,0.0137,0.0000,200,1.0280
0.0012,0.0000,0.0000,0.0000,0.0011,0.0000,200,1.0410
0.0082,0.0000,0.0000,0.0000,0.0080,0.0001,200,1.0344
0.0029,0.0000,0.0000,0.0000,0.0028,0.0000,200,1.0402
0.0284,0.0000,0.0000,0.0000,0.0284,0.0001,200,1.0148
0.0062,0.0000,0.0000,0.0000,0.0061,0.0000,200,1.0375
0.0110,0.0000,0.0000,0.0000,0.0109,0.0000,200,1.0331
0.0562,0.0000,0.0000,0.0000,0.0561,0.0001,200,0.9882
0.0032,0.0000,0.0000,0.0000,0.0031,0.0000,200,1.0418
0.0016,0.0000,0.0000,0.0000,0.0015,0.0000,200,1.0441
0.0228,0.0000,0.0000,0.0000,0.0227,0.0001,200,1.0228
0.0478,0.0000,0.0000,0.0000,0.0476,0.0001,200,0.9981
0.0012,0.0000,0.0000,0.0000,0.0011,0.0000,200,1.0450
0.0041,0.0000,0.0000,0.0000,0.0036,0.0005,200,1.0431
0.0157,0.0000,0.0000,0.0000,0.0154,0.0000,200,1.0316
0.0079,0.0000,0.0000,0.0000,0.0078,0.0000,200,1.0394
0.0105,0.0000,0.0000,0.0000,0.0105,0.0000,200,1.0374
0.0347,0.0000,0.0000,0.0000,0.0347,0.0000,200,1.0135
0.0076,0.0000,0.0000,0.0000,0.0074,0.0001,200,1.0410
0.0170,0.0000,0.0000,0.0000,0.0169,0.0001,200,1.0320
0.0169,0.0000,0.0000,0.0000,0.0168,0.0000,200,1.0321
0.0290,0.0000,0.0000,0.0000,0.0289,0.0000,200,1.0208
0.0027,0.0000,0.0000,0.0000,0.0026,0.0000,200,1.0472
0.0215,0.0000,0.0000,0.0001,0.0214,0.0000,200,1.0289
0.0087,0.0000,0.0000,0.0000,0.0086,0.0001,200,1.0418
0.0379,0.0000,0.0000,0.0000,0.0378,0.0000,200,1.0128
0.0139,0.0000,0.0000,0.0000,0.0138,0.0000,200,1.0373
0.0206,0.0000,0.0000,0.0000,0.0205,0.0001,200,1.0309
0.0550,0.0000,0.0000,0.0000,0.0549,0.0001,200,0.9971
0.0010,0.0000,0.0000,0.0000,0.0009,0.0001,200,1.0515
0.0035,0.0000,0.0000,0.0000,0.0034,0.0000,200,1.0498
0.0234,0.0000,0.0000,0.0000,0.0233,0.0000,200,1.0299
0.0113,0.0000,0.0000,0.0001,0.0111,0.0001,200,1.0423
0.0106,0.0000,0.0000,0.0000,0.0105,0.0000,200,1.0432
0.0129,0.0000,0.0000,0.0000,0.0128,0.0000,200,1.0413
0.0147,0.0000,0.0000,0.0000,0.0146,0.0001,200,1.0398
0.0202,0.0000,0.0000,0.0009,0.0191,0.0001,200,1.0346
0.0254,0.0000,0.0000,0.0000,0.0253,0.0000,200,1.0295
0.0391,0.0000,0.0000,0.0000,0.0390,0.0001,200,1.0163
0.0096,0.0000,0.0000,0.0000,0.0095,0.0000,200,1.0462
0.0349,0.0000,0.0000,0.0000,0.0348,0.0001,200,1.0213
0.0211,0.0000,0.0000,0.0004,0.0206,0.0000,200,1.0357
0.0190,0.0000,0.0000,0.0000,0.0190,0.0000,200,1.0379
0.0028,0.0000,0.0000,0.0000,0.0027,0.0001,200,1.0545
0.0140,0.0000,0.0000,0.0000,0.0139,0.0000,200,1.0436
0.0291,0.0000,0.0000,0.0001,0.0290,0.0000,200,1.0289
0.0070,0.0000,0.0000,0.0000,0.0069,0.0001,200,1.0513
0.0279,0.0000,0.0000,0.0000,0.0276,0.0001,200,1.0310
0.0138,0.0000,0.0000,0.0000,0.0135,0.0003,200,1.0457
0.0207,0.0000,0.0000,0.0000,0.0206,0.0000,200,1.0389
0.0060,0.0000,0.0000,0.0000,0.0059,0.0000,200,1.0536
0.0046,0.0000,0.0000,0.0000,0.0046,0.0000,200,1.0554
0.0374,0.0000,0.0000,0.0000,0.0373,0.0000,200,1.0230
0.0069,0.0000,0.0000,0.0000,0.0069,0.0000,200,1.0538
0.0077,0.0000,0.0000,0.0000,0.0076,0.0001,200,1.0533
0.0243,0.0000,0.0000,0.0000,0.0242,0.0000,200,1.0372
0.0021,0.0000,0.0000,0.0000,0.0020,0.0000,200,1.0595
0.0020,0.0000,0.0000,0.0001,0.0019,0.0000,200,1.0596
0.0086,0.0000,0.0000,0.0000,0.0086,0.0000,200,1.0533
0.0363,0.0000,0.0000,0.0000,0.0362,0.0000,200,1.0259
0.0302,0.0000,0.0000,0.0000,0.0301,0.0001,200,1.0326
0.0112,0.0000,0.0000,0.0000,0.0111,0.0001,200,1.0521
0.0359,0.0000,0.0000,0.0001,0.0357,0.0000,200,1.0274
0.0026,0.0000,0.0000,0.0000,0.0023,0.0002,200,1.0610
0.0097,0.0000,0.0000,0.0000,0.0096,0.0001,200,1.0541
0.0115,0.0000,0.0000,0.0000,0.0115,0.0000,200,1.0525
0.0278,0.0000,0.0000,0.0001,0.0276,0.0001,200,1.0367
0.0075,0.0000,0.0000,0.0000,0.0074,0.0000,200,1.0574
0.0166,0.0000,0.0000,0.0000,0.0163,0.0000,200,1.0485
0.0050,0.0000,0.0000,0.0001,0.0049,0.0000,200,1.0604
0.0107,0.0000,0.0000,0.0000,0.0104,0.0003,200,1.0549
0.0187,0.0000,0.0000,0.0000,0.0184,0.0000,200,1.0471
0.0488,0.0000,0.0000,0.0003,0.0482,0.0000,200,1.0174
0.0030,0.0000,0.0000,0.0001,0.0028,0.0001,200,1.0636
0.0215,0.0000,0.0000,0.0000,0.0214,0.0000,200,1.0457
0.0247,0.0000,0.0000,0.0000,0.0246,0.0000,200,1.0427
0.0070,0.0000,0.0000,0.0000,0.0068,0.0001,200,1.0608
0.0310,0.0000,0.0000,0.0000,0.0309,0.0001,200,1.0373
0.0211,0.0000,0.0000,0.0000,0.0210,0.0001,200,1.0472
0.0241,0.0000,0.0000,0.0000,0.0237,0.0002,200,1.0444
0.0229,0.0000,0.0000,0.0000,0.0228,0.0000,200,1.0459
0.0069,0.0000,0.0000,0.0000,0.0068,0.0000,200,1.0623
0.0100,0.0000,0.0000,0.0000,0.0099,0.0000,200,1.0596
0.0050,0.0000,0.0000,0.0000,0.0049,0.0000,200,1.0649
0.0382,0.0000,0.0000,0.0000,0.0381,0.0000,200,1.0344
0.0055,0.0000,0.0000,0.0000,0.0052,0.0000,200,1.0672
0.0094,0.0000,0.0000,0.0000,0.0093,0.0000,200,1.0633
0.0112,0.0000,0.0000,0.0000,0.0111,0.0000,200,1.0614
0.0043,0.0000,0.0000,0.0000,0.0043,0.0000,200,1.0683
0.0108,0.0000,0.0000,0.0000,0.0108,0.0000,200,1.0619
0.0089,0.0000,0.0000,0.0000,0.0086,0.0003,200,1.0641
0.0048,0.0000,0.0000,0.0000,0.0041,0.0005,200,1.0685
0.0145,0.0000,0.0000,0.0000,0.0139,0.0005,200,1.0588
0.0361,0.0000,0.0000,0.0000,0.0355,0.0006,200,1.0372
0.0096,0.0000,0.0000,0.0000,0.0088,0.0006,200,1.0639
0.0043,0.0000,0.0000,0.0000,0.0036,0.0006,200,1.0692
0.0014,0.0000,0.0000,0.0000,0.0013,0.0000,200,1.0726
0.0114,0.0000,0.0000,0.0001,0.0112,0.0001,200,1.0628
0.0090,0.0000,0.0000,0.0000,0.0090,0.0000,200,1.0652
0.0248,0.0000,0.0000,0.0000,0.0247,0.0000,200,1.0499
0.0091,0.0000,0.0000,0.0000,0.0088,0.0003,200,1.0661
0.0263,0.0000,0.0000,0.0000,0.0262,0.0000,200,1.0490
0.0509,0.0000,0.0000,0.0001,0.0508,0.0000,200,1.0249
0.0031,0.0000,0.0000,0.0000,0.0029,0.0002,200,1.0733
0.0015,0.0000,0.0000,0.0000,0.0014,0.0000,200,1.0753
0.0043,0.0000,0.0000,0.0000,0.0038,0.0000,200,1.0727
0.0270,0.0000,0.0000,0.0000,0.0269,0.0000,200,1.0505
0.0119,0.0000,0.0000,0.0000,0.0118,0.0000,200,1.0658
0.0052,0.0000,0.0000,0.0001,0.0051,0.0000,200,1.0730
0.0061,0.0000,0.0000,0.0002,0.0057,0.0000,200,1.0726
0.0221,0.0000,0.0000,0.0000,0.0220,0.0001,200,1.0568
0.0026,0.0000,0.0000,0.0000,0.0024,0.0002,200,1.0770
0.0020,0.0000,0.0000,0.0000,0.0019,0.0001,200,1.0777
0.0076,0.0000,0.0000,0.0000,0.0072,0.0000,200,1.0727
0.0072,0.0000,0.0000,0.0000,0.0071,0.0000,200,1.0734
0.0306,0.0000,0.0000,0.0000,0.0305,0.0000,200,1.0504
0.0129,0.0000,0.0000,0.0000,0.0128,0.0000,200,1.0683
0.0029,0.0000,0.0000,0.0000,0.0029,0.0000,200,1.0787
0.0313,0.0000,0.0000,0.0000,0.0311,0.0001,200,1.0507
0.0279,0.0000,0.0000,0.0000,0.0279,0.0000,200,1.0547
0.0252,0.0000,0.0000,0.0000,0.0251,0.0001,200,1.0576
0.0022,0.0000,0.0000,0.0000,0.0020,0.0001,200,1.0812
0.0055,0.0000,0.0000,0.0000,0.0055,0.0000,200,1.0782
0.0243,0.0000,0.0000,0.0000,0.0242,0.0001,200,1.0601
0.0150,0.0000,0.0000,0.0000,0.0149,0.0001,200,1.0698
0.0362,0.0000,0.0000,0.0000,0.0361,0.0000,200,1.0490
0.0273,0.0000,0.0000,0.0000,0.0272,0.0000,200,1.0583
0.0018,0.0000,0.0000,0.0000,0.0017,0.0000,200,1.0843
0.0117,0.0000,0.0000,0.0000,0.0116,0.0000,200,1.0747
0.0384,0.0000,0.0000,0.0000,0.0384,0.0000,200,1.0482
0.0183,0.0000,0.0000,0.0000,0.0181,0.0002,200,1.0688
0.0076,0.0000,0.0000,0.0000,0.0075,0.0000,200,1.0798
0.0017,0.0000,0.0000,0.0000,0.0017,0.0000,200,1.0856
0.0049,0.0000,0.0000,0.0000,0.0048,0.0000,200,1.0829
0.0205,0.0000,0.0000,0.0000,0.0204,0.0000,200,1.0677
0.0559,0.0000,0.0000,0.0000,0.0559,0.0000,200,1.0328
0.0234,0.0000,0.0000,0.0000,0.0233,0.0000,200,1.0656
0.0049,0.0000,0.0000,0.0000,0.0045,0.0003,200,1.0848
0.0171,0.0000,0.0000,0.0000,0.0170,0.0001,200,1.0727
0.0288,0.0000,0.0000,0.0000,0.0287,0.0000,200,1.0616
0.0092,0.0000,0.0000,0.0000,0.0090,0.0002,200,1.0817
0.0076,0.0000,0.0000,0.0000,0.0075,0.0000,200,1.0834
0.0120,0.0000,0.0000,0.0000,0.0120,0.0000,200,1.0789
0.0179,0.0000,0.0000,0.0000,0.0179,0.0000,200,1.0734
0.0047,0.0000,0.0000,0.0000,0.0047,0.0001,200,1.0871
0.0148,0.0000,0.0000,0.0000,0.0147,0.0001,200,1.0775
0.0193,0.0000,0.0000,0.0000,0.0187,0.0006,200,1.0742
0.0281,0.0000,0.0000,0.0001,0.0274,0.0006,200,1.0654
0.0356,0.0000,0.0000,0.0000,0.0349,0.0007,200,1.0580
0.0070,0.0000,0.0000,0.0000,0.0068,0.0001,200,1.0867
0.0063,0.0000,0.0000,0.0001,0.0057,0.0004,200,1.0873
0.0127,0.0000,0.0000,0.0001,0.0122,0.0004,200,1.0810
0.0386,0.0000,0.0000,0.0000,0.0385,0.0000,200,1.0558
0.0121,0.0000,0.0000,0.0000,0.0120,0.0000,200,1.0827
0.0303,0.0000,0.0000,0.0000,0.0303,0.0000,200,1.0645
0.0118,0.0000,0.0000,0.0000,0.0117,0.0001,200,1.0838
0.0227,0.0000,0.0000,0.0000,0.0225,0.0000,200,1.0733
0.0103,0.0000,0.0000,0.0000,0.0100,0.0000,200,1.0861
0.0101,0.0000,0.0000,0.0000,0.0100,0.0000,200,1.0863
0.0582,0.0000,0.0000,0.0000,0.0582,0.0000,200,1.0382
0.0243,0.0000,0.0000,0.0000,0.0241,0.0002,200,1.0726
0.0345,0.0000,0.0000,0.0000,0.0342,0.0003,200,1.0633
0.0499,0.0000,0.0000,0.0000,0.0498,0.0000,200,1.0479
0.0426,0.0000,0.0000,0.0000,0.0422,0.0000,200,1.0562
0.0078,0.0000,0.0000,0.0000,0.0077,0.0000,200,1.0910
0.0074,0.0000,0.0000,0.0000,0.0073,0.0000,200,1.0914
0.0243,0.0000,0.0000,0.0000,0.0242,0.0000,200,1.0753
0.0077,0.0000,0.0000,0.0000,0.0076,0.0000,200,1.0923
0.0109,0.0000,0.0000,0.0000,0.0108,0.0000,200,1.0898
0.0074,0.0000,0.0000,0.0000,0.0073,0.0000,200,1.0937
0.0073,0.0000,0.0000,0.0000,0.0073,0.0001,200,1.0937
0.0319,0.0000,0.0000,0.0000,0.0317,0.0002,200,1.0696
0.0133,0.0000,0.0000,0.0000,0.0133,0.0000,200,1.0882
0.0168,0.0000,0.0000,0.0000,0.0165,0.0002,200,1.0852
0.0012,0.0000,0.0000,0.0000,0.0012,0.0000,200,1.1010
0.0084,0.0000,0.0000,0.0000,0.0083,0.0000,200,1.0944
0.0080,0.0000,0.0000,0.0000,0.0079,0.0000,200,1.0948
0.0025,0.0000,0.0000,0.0004,0.0020,0.0000,200,1.1010
0.0421,0.0000,0.0000,0.0000,0.0418,0.0003,200,1.0616
0.0130,0.0000,0.0000,0.0000,0.0129,0.0000,200,1.0919
0.0291,0.0000,0.0000,0.0000,0.0290,0.0000,200,1.0758
0.0071,0.0000,0.0000,0.0000,0.0070,0.0001,200,1.0978
0.0481,0.0000,0.0000,0.0003,0.0477,0.0001,200,1.0569
0.0102,0.0000,0.0000,0.0000,0.0101,0.0000,200,1.0960
0.0155,0.0000,0.0000,0.0000,0.0154,0.0000,200,1.0909
0.0186,0.0000,0.0000,0.0000,0.0185,0.0000,200,1.0878
0.0324,0.0000,0.0000,0.0000,0.0324,0.0000,200,1.0741
0.0087,0.0000,0.0000,0.0000,0.0086,0.0000,200,1.0988
0.0015,0.0000,0.0000,0.0000,0.0012,0.0001,200,1.1064
0.0189,0.0000,0.0000,0.0000,0.0189,0.0000,200,1.0897
0.0101,0.0000,0.0000,0.0000,0.0100,0.0000,200,1.0988
0.0097,0.0000,0.0000,0.0000,0.0096,0.0001,200,1.0996
0.0203,0.0000,0.0000,0.0000,0.0203,0.0000,200,1.0890
0.0045,0.0000,0.0000,0.0000,0.0044,0.0000,200,1.1049
0.0196,0.0000,0.0000,0.0000,0.0195,0.0000,200,1.0904
0.0014,0.0000,0.0000,0.0000,0.0013,0.0000,200,1.1088
0.0014,0.0000,0.0000,0.0000,0.0013,0.0000,200,1.1093
0.0073,0.0000,0.0000,0.0000,0.0072,0.0000,200,1.1037
0.0384,0.0000,0.0000,0.0000,0.0381,0.0002,200,1.0733
0.0114,0.0000,0.0000,0.0000,0.0113,0.0001,200,1.1007
0.0030,0.0000,0.0000,0.0000,0.0030,0.0000,200,1.1093
0.0191,0.0000,0.0000,0.0000,0.0190,0.0000,200,1.0935
0.0109,0.0000,0.0000,0.0000,0.0108,0.0000,200,1.1023
0.0244,0.0000,0.0000,0.0000,0.0243,0.0000,200,1.0888
0.0061,0.0000,0.0000,0.0000,0.0060,0.0000,200,1.1075
0.0046,0.0000,0.0000,0.0000,0.0045,0.0001,200,1.1094
0.0177,0.0000,0.0000,0.0000,0.0176,0.0000,200,1.0964
0.0018,0.0000,0.0000,0.0000,0.0017,0.0000,200,1.1126
0.0141,0.0000,0.0000,0.0000,0.0137,0.0003,200,1.1015
0.0035,0.0000,0.0000,0.0000,0.0035,0.0000,200,1.1121
0.0059,0.0000,0.0000,0.0000,0.0057,0.0002,200,1.1103
0.0359,0.0000,0.0000,0.0000,0.0356,0.0000,200,1.0804
0.0027,0.0000,0.0000,0.0000,0.0026,0.0000,200,1.1140
0.0431,0.0000,0.0000,0.0000,0.0429,0.0002,200,1.0742
0.0093,0.0000,0.0000,0.0000,0.0092,0.0000,200,1.1081
0.0179,0.0000,0.0000,0.0000,0.0177,0.0001,200,1.1000
0.0060,0.0000,0.0000,0.0000,0.0059,0.0001,200,1.1124
0.0008,0.0000,0.0000,0.0000,0.0006,0.0000,200,1.1179
0.0253,0.0000,0.0000,0.0000,0.0251,0.0001,200,1.0936
0.0157,0.0000,0.0000,0.0000,0.0155,0.0002,200,1.1036
0.0014,0.0000,0.0000,0.0000,0.0013,0.0000,200,1.1189
0.0155,0.0000,0.0000,0.0000,0.0153,0.0002,200,1.1049
0.0438,0.0000,0.0000,0.0000,0.0435,0.0002,200,1.0768
0.0177,0.0000,0.0000,0.0000,0.0175,0.0002,200,1.1028
0.0025,0.0000,0.0000,0.0000,0.0024,0.0001,200,1.1186
0.0024,0.0000,0.0000,0.0002,0.0021,0.0000,200,1.1193
0.0201,0.0000,0.0000,0.0002,0.0198,0.0000,200,1.1015
0.0054,0.0000,0.0000,0.0000,0.0054,0.0000,200,1.1167
0.0064,0.0000,0.0000,0.0000,0.0063,0.0000,200,1.1162
0.0244,0.0000,0.0000,0.0001,0.0242,0.0000,200,1.0988
0.0116,0.0000,0.0000,0.0000,0.0115,0.0000,200,1.1116
0.0097,0.0000,0.0000,0.0000,0.0095,0.0001,200,1.1140
0.0305,0.0000,0.0000,0.0000,0.0303,0.0002,200,1.0937
0.0043,0.0000,0.0000,0.0000,0.0042,0.0000,200,1.1204
0.0201,0.0000,0.0000,0.0000,0.0200,0.0000,200,1.1051
0.0033,0.0000,0.0000,0.0000,0.0033,0.0000,200,1.1222
0.0021,0.0000,0.0000,0.0000,0.0019,0.0000,200,1.1237
0.0304,0.0000,0.0000,0.0001,0.0302,0.0001,200,1.0956
0.0315,0.0000,0.0000,0.0000,0.0314,0.0000,200,1.0948
0.0110,0.0000,0.0000,0.0000,0.0108,0.0001,200,1.1156
0.0225,0.0000,0.0000,0.0000,0.0224,0.0000,200,1.1049
0.0142,0.0000,0.0000,0.0000,0.0142,0.0000,200,1.1136
0.0339,0.0000,0.0000,0.0000,0.0338,0.0001,200,1.0969
0.0153,0.0000,0.0000,0.0000,0.0153,0.0000,200,1.1156
0.0037,0.0000,0.0000,0.0000,0.0036,0.0000,200,1.1273
0.0127,0.0000,0.0000,0.0000,0.0126,0.0000,200,1.1183
0.0401,0.0000,0.0000,0.0000,0.0400,0.0000,200,1.0909
0.0376,0.0000,0.0000,0.0000,0.0375,0.0000,200,1.0935
0.0179,0.0000,0.0000,0.0000,0.0179,0.0000,200,1.1132
0.0547,0.0000,0.0000,0.0000,0.0546,0.0000,200,1.0764
0.0149,0.0000,0.0000,0.0000,0.0149,0.0000,200,1.1163
0.0101,0.0000,0.0000,0.0000,0.0101,0.0000,200,1.1211
0.0048,0.0000,0.0000,0.0000,0.0047,0.0000,200,1.1266
0.0250,0.0000,0.0000,0.0000,0.0249,0.0000,200,1.1063
0.0109,0.0000,0.0000,0.0000,0.0108,0.0000,200,1.1205
0.0441,0.0000,0.0000,0.0000,0.0441,0.0000,200,1.0874
0.0143,0.0000,0.0000,0.0000,0.0143,0.0000,200,1.1174
0.0023,0.0000,0.0000,0.0000,0.0022,0.0000,200,1.1313
0.0131,0.0000,0.0000,0.0000,0.0131,0.0000,200,1.1205
0.0228,0.0000,0.0000,0.0000,0.0227,0.0001,200,1.1110
0.0521,0.0000,0.0000,0.0000,0.0519,0.0001,200,1.0822
0.0340,0.0000,0.0000,0.0000,0.0339,0.0001,200,1.1020
0.0086,0.0000,0.0000,0.0000,0.0086,0.0001,200,1.1278
0.0153,0.0000,0.0000,0.0002,0.0150,0.0001,200,1.1216
0.0113,0.0000,0.0000,0.0000,0.0112,0.0000,200,1.1258
0.0312,0.0000,0.0000,0.0000,0.0311,0.0000,200,1.1064
0.0125,0.0000,0.0000,0.0000,0.0124,0.0001,200,1.1255
0.0073,0.0000,0.0000,0.0000,0.0071,0.0002,200,1.1309
0.0067,0.0000,0.0000,0.0000,0.0067,0.0000,200,1.1315
0.0020,0.0000,0.0000,0.0000,0.0019,0.0001,200,1.1364
0.0257,0.0000,0.0000,0.0000,0.0256,0.0000,200,1.1132
0.0217,0.0000,0.0000,0.0000,0.0216,0.0000,200,1.1173
0.0083,0.0000,0.0000,0.0000,0.0082,0.0001,200,1.1311
0.0037,0.0000,0.0000,0.0000,0.0036,0.0001,200,1.1360
0.0729,0.0000,0.0000,0.0000,0.0728,0.0000,200,1.0673
0.0064,0.0000,0.0000,0.0000,0.0063,0.0000,200,1.1342
0.0151,0.0000,0.0000,0.0000,0.0150,0.0001,200,1.1259
0.0060,0.0000,0.0000,0.0000,0.0039,0.0020,200,1.1376
0.0066,0.0000,0.0000,0.0000,0.0065,0.0000,200,1.1371
0.0120,0.0000,0.0000,0.0001,0.0112,0.0000,200,1.1317
0.0473,0.0000,0.0000,0.0000,0.0472,0.0000,200,1.0964
0.0129,0.0000,0.0000,0.0000,0.0129,0.0000,200,1.1308
0.0128,0.0000,0.0000,0.0000,0.0127,0.0000,200,1.1310
0.0041,0.0000,0.0000,0.0000,0.0040,0.0000,200,1.1397
0.0331,0.0000,0.0000,0.0000,0.0330,0.0000,200,1.1107
0.0044,0.0000,0.0000,0.0000,0.0044,0.0000,200,1.1394
0.0127,0.0000,0.0000,0.0000,0.0127,0.0000,200,1.1311
0.0133,0.0000,0.0000,0.0000,0.0131,0.0001,200,1.1312
0.0132,0.0000,0.0000,0.0000,0.0129,0.0002,200,1.1313
0.1102,0.0000,0.0000,0.0002,0.1094,0.0002,200,1.0346
0.0424,0.0000,0.0000,0.0000,0.0422,0.0002,200,1.1027
0.0019,0.0000,0.0000,0.0000,0.0019,0.0000,200,1.1437
0.0497,0.0000,0.0000,0.0000,0.0496,0.0000,200,1.0964
0.0030,0.0000,0.0000,0.0000,0.0029,0.0001,200,1.1437
0.0323,0.0000,0.0000,0.0000,0.0320,0.0003,200,1.1144
0.0032,0.0000,0.0000,0.0000,0.0031,0.0001,200,1.1438
0.0054,0.0000,0.0000,0.0000,0.0053,0.0000,200,1.1438
0.0193,0.0000,0.0000,0.0000,0.0192,0.0001,200,1.1312
0.0110,0.0000,0.0000,0.0000,0.0109,0.0001,200,1.1406
0.0188,0.0000,0.0000,0.0000,0.0182,0.0000,200,1.1338
0.0075,0.0000,0.0000,0.0000,0.0073,0.0000,200,1.1451
0.0297,0.0000,0.0000,0.0000,0.0296,0.0000,200,1.1232
0.0124,0.0000,0.0000,0.0000,0.0123,0.0001,200,1.1436
0.0125,0.0000,0.0000,0.0000,0.0124,0.0001,200,1.1436
0.0898,0.0000,0.0000,0.0001,0.0894,0.0001,200,1.0666
0.0361,0.0000,0.0000,0.0000,0.0359,0.0000,200,1.1203
0.0129,0.0000,0.0000,0.0000,0.0128,0.0000,200,1.1436
0.0155,0.0000,0.0000,0.0000,0.0153,0.0000,200,1.1411
0.0184,0.0000,0.0000,0.0000,0.0183,0.0000,200,1.1382
0.0164,0.0000,0.0000,0.0000,0.0164,0.0000,200,1.1402
0.0119,0.0000,0.0000,0.0000,0.0118,0.0000,200,1.1467
0.0280,0.0000,0.0000,0.0000,0.0278,0.0001,200,1.1314
0.0351,0.0000,0.0000,0.0000,0.0350,0.0001,200,1.1247
0.0295,0.0000,0.0000,0.0000,0.0294,0.0001,200,1.1310
0.0224,0.0000,0.0000,0.0000,0.0223,0.0001,200,1.1390
0.0177,0.0000,0.0000,0.0000,0.0176,0.0001,200,1.1444
0.0119,0.0000,0.0000,0.0000,0.0116,0.0002,200,1.1505
0.0164,0.0000,0.0000,0.0000,0.0163,0.0001,200,1.1467
0.0080,0.0000,0.0000,0.0000,0.0079,0.0000,200,1.1559
0.0047,0.0000,0.0000,0.0000,0.0046,0.0000,200,1.1594
0.0041,0.0000,0.0000,0.0000,0.0040,0.0001,200,1.1606
0.0338,0.0000,0.0000,0.0000,0.0337,0.0000,200,1.1314
0.0128,0.0000,0.0000,0.0000,0.0127,0.0000,200,1.1529
0.0272,0.0000,0.0000,0.0000,0.0271,0.0001,200,1.1390
0.0137,0.0000,0.0000,0.0000,0.0136,0.0000,200,1.1526
0.0234,0.0000,0.0000,0.0000,0.0233,0.0001,200,1.1437
0.0034,0.0000,0.0000,0.0000,0.0033,0.0001,200,1.1640
0.0208,0.0000,0.0000,0.0001,0.0205,0.0001,200,1.1470
0.0247,0.0000,0.0000,0.0000,0.0246,0.0001,200,1.1437
0.0445,0.0000,0.0000,0.0000,0.0444,0.0000,200,1.1242
0.0313,0.0000,0.0000,0.0000,0.0309,0.0000,200,1.1380
0.0325,0.0000,0.0000,0.0000,0.0324,0.0000,200,1.1369
0.0177,0.0000,0.0000,0.0000,0.0176,0.0000,200,1.1526
0.0072,0.0000,0.0000,0.0000,0.0071,0.0000,200,1.1631
0.0638,0.0000,0.0000,0.0001,0.0635,0.0000,200,1.1065
0.0729,0.0000,0.0000,0.0000,0.0728,0.0001,200,1.0978
0.0146,0.0000,0.0000,0.0000,0.0143,0.0003,200,1.1566
0.0022,0.0000,0.0000,0.0000,0.0021,0.0000,200,1.1695
0.0381,0.0000,0.0000,0.0000,0.0379,0.0000,200,1.1336
0.0018,0.0000,0.0000,0.0000,0.0016,0.0000,200,1.1702
0.0265,0.0000,0.0000,0.0001,0.0260,0.0002,200,1.1461
0.0272,0.0000,0.0000,0.0000,0.0271,0.0000,200,1.1457
0.0392,0.0000,0.0000,0.0003,0.0388,0.0000,200,1.1337
0.0017,0.0000,0.0000,0.0000,0.0016,0.0001,200,1.1716
0.0021,0.0000,0.0000,0.0004,0.0016,0.0000,200,1.1713
0.0101,0.0000,0.0000,0.0005,0.0095,0.0001,200,1.1641
0.0083,0.0000,0.0000,0.0000,0.0081,0.0000,200,1.1663
0.0013,0.0000,0.0000,0.0000,0.0013,0.0000,200,1.1734
0.0945,0.0000,0.0000,0.0000,0.0944,0.0000,200,1.0806
0.0077,0.0000,0.0000,0.0000,0.0076,0.0000,200,1.1678
0.0196,0.0000,0.0000,0.0000,0.0194,0.0001,200,1.1564
0.0661,0.0000,0.0000,0.0000,0.0661,0.0000,200,1.1100
0.0207,0.0000,0.0000,0.0000,0.0206,0.0001,200,1.1565
0.0541,0.0000,0.0000,0.0000,0.0540,0.0000,200,1.1232
0.0100,0.0000,0.0000,0.0000,0.0099,0.0000,200,1.1673
0.0028,0.0000,0.0000,0.0000,0.0028,0.0000,200,1.1746
0.0334,0.0000,0.0000,0.0000,0.0333,0.0000,200,1.1445
0.0335,0.0000,0.0000,0.0002,0.0332,0.0000,200,1.1448
0.0069,0.0000,0.0000,0.0000,0.0067,0.0001,200,1.1717
0.0191,0.0000,0.0000,0.0000,0.0190,0.0000,200,1.1599
0.0089,0.0000,0.0000,0.0000,0.0089,0.0000,200,1.1702
0.0066,0.0000,0.0000,0.0000,0.0066,0.0000,200,1.1725
0.0039,0.0000,0.0000,0.0000,0.0038,0.0000,200,1.1760
0.0067,0.0000,0.0000,0.0000,0.0066,0.0000,200,1.1734
0.0056,0.0000,0.0000,0.0000,0.0055,0.0001,200,1.1751
0.0120,0.0000,0.0000,0.0000,0.0118,0.0002,200,1.1693
0.0299,0.0000,0.0000,0.0000,0.0298,0.0000,200,1.1516
0.0099,0.0000,0.0000,0.0000,0.0099,0.0000,200,1.1720
0.0018,0.0000,0.0000,0.0000,0.0017,0.0001,200,1.1802
0.0261,0.0000,0.0000,0.0000,0.0259,0.0000,200,1.1562
0.0036,0.0000,0.0000,0.0000,0.0035,0.0000,200,1.1792
0.0046,0.0000,0.0000,0.0000,0.0045,0.0000,200,1.1786
0.0213,0.0000,0.0000,0.0000,0.0212,0.0001,200,1.1621
0.0274,0.0000,0.0000,0.0000,0.0273,0.0001,200,1.1565
0.0068,0.0000,0.0000,0.0000,0.0068,0.0000,200,1.1773
0.0021,0.0000,0.0000,0.0000,0.0021,0.0001,200,1.1822
0.0104,0.0000,0.0000,0.0000,0.0101,0.0003,200,1.1747
0.0210,0.0000,0.0000,0.0001,0.0209,0.0000,200,1.1647
0.0128,0.0000,0.0000,0.0000,0.0127,0.0001,200,1.1729
0.0597,0.0000,0.0000,0.0000,0.0596,0.0000,200,1.1263
0.0640,0.0000,0.0000,0.0000,0.0639,0.0000,200,1.1226
0.0615,0.0000,0.0000,0.0000,0.0614,0.0000,200,1.1252
0.0060,0.0000,0.0000,0.0000,0.0060,0.0000,200,1.1813
0.0189,0.0000,0.0000,0.0000,0.0187,0.0002,200,1.1684
0.0013,0.0000,0.0000,0.0000,0.0012,0.0000,200,1.1867
0.0574,0.0000,0.0000,0.0000,0.0573,0.0001,200,1.1310
0.0060,0.0000,0.0000,0.0000,0.0059,0.0000,200,1.1828
0.0115,0.0000,0.0000,0.0000,0.0113,0.0002,200,1.1774
0.0063,0.0000,0.0000,0.0000,0.0061,0.0001,200,1.1831
0.0279,0.0000,0.0000,0.0000,0.0273,0.0005,200,1.1624
0.0247,0.0000,0.0000,0.0000,0.0246,0.0000,200,1.1657
0.0121,0.0000,0.0000,0.0000,0.0120,0.0000,200,1.1783
0.0129,0.0000,0.0000,0.0000,0.0128,0.0000,200,1.1779
0.0122,0.0000,0.0000,0.0000,0.0121,0.0000,200,1.1792
0.0701,0.0000,0.0000,0.0000,0.0699,0.0002,200,1.1217
0.0049,0.0000,0.0000,0.0000,0.0049,0.0000,200,1.1873
0.0129,0.0000,0.0000,0.0000,0.0128,0.0001,200,1.1799
0.0011,0.0000,0.0000,0.0000,0.0010,0.0000,200,1.1918
0.0553,0.0000,0.0000,0.0001,0.0552,0.0000,200,1.1382
0.0163,0.0000,0.0000,0.0000,0.0163,0.0000,200,1.1773
0.0040,0.0000,0.0000,0.0000,0.0039,0.0001,200,1.1903
0.0073,0.0000,0.0000,0.0000,0.0070,0.0001,200,1.1873
0.0082,0.0000,0.0000,0.0000,0.0081,0.0001,200,1.1866
0.0214,0.0000,0.0000,0.0000,0.0210,0.0003,200,1.1742
0.0114,0.0000,0.0000,0.0000,0.0114,0.0000,200,1.1841
0.0577,0.0000,0.0000,0.0000,0.0577,0.0000,200,1.1384
0.0376,0.0000,0.0000,0.0000,0.0375,0.0000,200,1.1586
0.0057,0.0000,0.0000,0.0000,0.0056,0.0000,200,1.1908
0.0108,0.0000,0.0000,0.0000,0.0107,0.0001,200,1.1860
0.0481,0.0000,0.0000,0.0000,0.0480,0.0001,200,1.1492
0.0088,0.0000,0.0000,0.0000,0.0086,0.0002,200,1.1890
0.0219,0.0000,0.0000,0.0000,0.0218,0.0001,200,1.1761
0.0176,0.0000,0.0000,0.0000,0.0176,0.0000,200,1.1807
0.0097,0.0000,0.0000,0.0000,0.0096,0.0000,200,1.1887
0.0102,0.0000,0.0000,0.0001,0.0099,0.0001,200,1.1885
0.0056,0.0000,0.0000,0.0000,0.0055,0.0001,200,1.1936
0.0090,0.0000,0.0000,0.0000,0.0089,0.0001,200,1.1904
0.0297,0.0000,0.0000,0.0000,0.0296,0.0001,200,1.1703
0.0080,0.0000,0.0000,0.0000,0.0078,0.0001,200,1.1923
0.1208,0.0000,0.0000,0.0000,0.1207,0.0000,200,1.0796
0.0026,0.0000,0.0000,0.0000,0.0026,0.0000,200,1.1984
0.0053,0.0000,0.0000,0.0000,0.0053,0.0000,200,1.1962
0.0936,0.0000,0.0000,0.0000,0.0935,0.0000,200,1.1086
0.0022,0.0000,0.0000,0.0000,0.0021,0.0000,200,1.2000
0.0066,0.0000,0.0000,0.0000,0.0066,0.0000,200,1.1956
0.0366,0.0000,0.0000,0.0001,0.0365,0.0001,200,1.1662
0.0308,0.0000,0.0000,0.0000,0.0307,0.0000,200,1.1729
0.0057,0.0000,0.0000,0.0000,0.0056,0.0000,200,1.1980
0.0057,0.0000,0.0000,0.0000,0.0057,0.0001,200,1.1984
0.0192,0.0000,0.0000,0.0000,0.0185,0.0006,200,1.1851
0.0356,0.0000,0.0000,0.0000,0.0356,0.0000,200,1.1687
0.0110,0.0000,0.0000,0.0000,0.0109,0.0000,200,1.1937
0.0211,0.0000,0.0000,0.0000,0.0210,0.0001,200,1.1844
0.0082,0.0000,0.0000,0.0000,0.0071,0.0010,200,1.1978
0.0016,0.0000,0.0000,0.0000,0.0016,0.0000,200,1.2043
0.0246,0.0000,0.0000,0.0000,0.0241,0.0005,200,1.1815
0.0310,0.0000,0.0000,0.0000,0.0309,0.0001,200,1.1755
0.0079,0.0000,0.0000,0.0000,0.0078,0.0000,200,1.1987
0.0167,0.0000,0.0000,0.0000,0.0167,0.0000,200,1.1904
0.0219,0.0000,0.0000,0.0000,0.0218,0.0000,200,1.1856
0.0041,0.0000,0.0000,0.0000,0.0040,0.0000,200,1.2037
0.0111,0.0000,0.0000,0.0000,0.0110,0.0001,200,1.1973
0.0122,0.0000,0.0000,0.0000,0.0118,0.0004,200,1.1968
0.0439,0.0000,0.0000,0.0000,0.0438,0.0000,200,1.1652
0.0425,0.0000,0.0000,0.0000,0.0424,0.0000,200,1.1671
0.0012,0.0000,0.0000,0.0000,0.0010,0.0000,200,1.2091
0.0060,0.0000,0.0000,0.0000,0.0060,0.0000,200,1.2043
0.0286,0.0000,0.0000,0.0000,0.0284,0.0001,200,1.1819
0.0542,0.0000,0.0000,0.0000,0.0540,0.0003,200,1.1566
0.0017,0.0000,0.0000,0.0000,0.0015,0.0001,200,1.2096
0.0679,0.0000,0.0000,0.0000,0.0678,0.0001,200,1.1438
0.0100,0.0000,0.0000,0.0000,0.0099,0.0001,200,1.2021
0.0288,0.0000,0.0000,0.0000,0.0287,0.0001,200,1.1834
0.0135,0.0000,0.0000,0.0000,0.0134,0.0000,200,1.1994
0.0573,0.0000,0.0000,0.0000,0.0572,0.0001,200,1.1564
0.0348,0.0000,0.0000,0.0000,0.0347,0.0000,200,1.1789
0.0179,0.0000,0.0000,0.0000,0.0178,0.0000,200,1.1962
0.0142,0.0000,0.0000,0.0000,0.0141,0.0000,200,1.2002
0.0040,0.0000,0.0000,0.0000,0.0039,0.0001,200,1.2106
0.0310,0.0000,0.0000,0.0000,0.0309,0.0000,200,1.1839
0.0125,0.0000,0.0000,0.0000,0.0124,0.0000,200,1.2028
0.0133,0.0000,0.0000,0.0000,0.0132,0.0000,200,1.2021
0.0030,0.0000,0.0000,0.0000,0.0029,0.0000,200,1.2129
0.0215,0.0000,0.0000,0.0000,0.0214,0.0000,200,1.1948
0.0291,0.0000,0.0000,0.0000,0.0291,0.0000,200,1.1879
0.0156,0.0000,0.0000,0.0000,0.0155,0.0001,200,1.2015
0.0098,0.0000,0.0000,0.0000,0.0097,0.0000,200,1.2077
0.0321,0.0000,0.0000,0.0000,0.0320,0.0000,200,1.1857
0.0144,0.0000,0.0000,0.0000,0.0143,0.0000,200,1.2038
0.0041,0.0000,0.0000,0.0000,0.0040,0.0000,200,1.2149
0.0070,0.0000,0.0000,0.0000,0.0069,0.0001,200,1.2122
0.0058,0.0000,0.0000,0.0000,0.0057,0.0001,200,1.2137
0.0085,0.0000,0.0000,0.0000,0.0084,0.0001,200,1.2113
0.0143,0.0000,0.0000,0.0000,0.0142,0.0000,200,1.2060
0.0156,0.0000,0.0000,0.0000,0.0156,0.0000,200,1.2047
0.0065,0.0000,0.0000,0.0000,0.0063,0.0002,200,1.2145
0.0060,0.0000,0.0000,0.0000,0.0059,0.0000,200,1.2153
0.0286,0.0000,0.0000,0.0000,0.0284,0.0000,200,1.1929
0.0075,0.0000,0.0000,0.0000,0.0074,0.0001,200,1.2141
0.0176,0.0000,0.0000,0.0000,0.0175,0.0000,200,1.2041
0.0308,0.0000,0.0000,0.0000,0.0307,0.0001,200,1.1914
0.0090,0.0000,0.0000,0.0000,0.0089,0.0000,200,1.2137
0.0170,0.0000,0.0000,0.0000,0.0169,0.0001,200,1.2060
0.0020,0.0000,0.0000,0.0000,0.0018,0.0001,200,1.2215
0.0225,0.0000,0.0000,0.0000,0.0224,0.0000,200,1.2011
0.0173,0.0000,0.0000,0.0000,0.0172,0.0001,200,1.2066
0.0138,0.0000,0.0000,0.0000,0.0137,0.0001,200,1.2103
0.0026,0.0000,0.0000,0.0000,0.0026,0.0000,200,1.2217
0.0084,0.0000,0.0000,0.0000,0.0084,0.0000,200,1.2163
0.0082,0.0000,0.0000,0.0000,0.0081,0.0000,200,1.2171
0.0547,0.0000,0.0000,0.0000,0.0546,0.0000,200,1.1706
0.0016,0.0000,0.0000,0.0000,0.0014,0.0000,200,1.2241
0.0107,0.0000,0.0000,0.0000,0.0106,0.0001,200,1.2155
0.0053,0.0000,0.0000,0.0000,0.0050,0.0001,200,1.2213
0.0089,0.0000,0.0000,0.0003,0.0081,0.0004,200,1.2177
0.0080,0.0000,0.0000,0.0000,0.0077,0.0001,200,1.2193
0.0103,0.0000,0.0000,0.0000,0.0102,0.0000,200,1.2171
0.0322,0.0000,0.0000,0.0002,0.0319,0.0001,200,1.1956
0.0192,0.0000,0.0000,0.0000,0.0190,0.0000,200,1.2090
0.0261,0.0000,0.0000,0.0000,0.0260,0.0000,200,1.2022
0.0279,0.0000,0.0000,0.0000,0.0279,0.0000,200,1.2004
0.0344,0.0000,0.0000,0.0000,0.0343,0.0001,200,1.1943
0.0345,0.0000,0.0000,0.0000,0.0344,0.0001,200,1.1945
0.0329,0.0000,0.0000,0.0000,0.0328,0.0001,200,1.1964
0.0403,0.0000,0.0000,0.0000,0.0400,0.0001,200,1.1894
0.0026,0.0000,0.0000,0.0000,0.0024,0.0001,200,1.2274
0.0219,0.0000,0.0000,0.0000,0.0217,0.0002,200,1.2083
0.0043,0.0000,0.0000,0.0001,0.0041,0.0000,200,1.2262
0.0035,0.0000,0.0000,0.0000,0.0034,0.0000,200,1.2272
0.0203,0.0000,0.0000,0.0000,0.0201,0.0001,200,1.2109
0.0110,0.0000,0.0000,0.0000,0.0110,0.0000,200,1.2203
0.0011,0.0000,0.0000,0.0000,0.0010,0.0000,200,1.2307
0.0258,0.0000,0.0000,0.0000,0.0257,0.0001,200,1.2065
0.0332,0.0000,0.0000,0.0001,0.0330,0.0000,200,1.1992
0.0181,0.0000,0.0000,0.0000,0.0180,0.0000,200,1.2145
0.0134,0.0000,0.0000,0.0000,0.0133,0.0000,200,1.2202
0.0179,0.0000,0.0000,0.0000,0.0178,0.0000,200,1.2159
0.0128,0.0000,0.0000,0.0000,0.0127,0.0000,200,1.2210
0.0574,0.0000,0.0000,0.0001,0.0572,0.0001,200,1.1772
0.0149,0.0000,0.0000,0.0001,0.0148,0.0000,200,1.2198
0.0095,0.0000,0.0000,0.0000,0.0094,0.0000,200,1.2256
0.0181,0.0000,0.0000,0.0000,0.0179,0.0000,200,1.2175
0.0147,0.0000,0.0000,0.0004,0.0143,0.0000,200,1.2216
0.0066,0.0000,0.0000,0.0000,0.0064,0.0001,200,1.2299
0.0116,0.0000,0.0000,0.0000,0.0115,0.0000,200,1.2253
0.0022,0.0000,0.0000,0.0000,0.0021,0.0000,200,1.2347
0.0179,0.0000,0.0000,0.0000,0.0178,0.0000,200,1.2195
0.0040,0.0000,0.0000,0.0000,0.0039,0.0000,200,1.2338
0.0059,0.0000,0.0000,0.0000,0.0058,0.0000,200,1.2323
0.0089,0.0000,0.0000,0.0000,0.0088,0.0000,200,1.2294
0.0166,0.0000,0.0000,0.0000,0.0165,0.0000,200,1.2222
0.0073,0.0000,0.0000,0.0000,0.0073,0.0000,200,1.2318
0.0041,0.0000,0.0000,0.0000,0.0040,0.0000,200,1.2352
0.0275,0.0000,0.0000,0.0000,0.0274,0.0000,200,1.2122
0.0114,0.0000,0.0000,0.0000,0.0113,0.0000,200,1.2290
0.0124,0.0000,0.0000,0.0000,0.0118,0.0006,200,1.2283
0.0044,0.0000,0.0000,0.0000,0.0043,0.0000,200,1.2363
0.0187,0.0000,0.0000,0.0000,0.0185,0.0002,200,1.2227
0.0090,0.0000,0.0000,0.0000,0.0089,0.0001,200,1.2326
0.0183,0.0000,0.0000,0.0000,0.0182,0.0001,200,1.2235
0.0124,0.0000,0.0000,0.0000,0.0122,0.0002,200,1.2314
0.0064,0.0000,0.0000,0.0000,0.0063,0.0001,200,1.2378
0.0263,0.0000,0.0000,0.0000,0.0262,0.0000,200,1.2182
0.0526,0.0000,0.0000,0.0000,0.0525,0.0001,200,1.1928
0.0406,0.0000,0.0000,0.0000,0.0405,0.0000,200,1.2055
0.0045,0.0000,0.0000,0.0000,0.0044,0.0000,200,1.2417
0.0401,0.0000,0.0000,0.0000,0.0400,0.0000,200,1.2061
0.0392,0.0000,0.0000,0.0000,0.0391,0.0000,200,1.2075
0.0081,0.0000,0.0000,0.0000,0.0080,0.0000,200,1.2388
0.0191,0.0000,0.0000,0.0000,0.0191,0.0000,200,1.2283
0.0015,0.0000,0.0000,0.0000,0.0014,0.0000,200,1.2462
0.0075,0.0000,0.0000,0.0000,0.0074,0.0000,200,1.2404
0.0068,0.0000,0.0000,0.0001,0.0042,0.0001,200,1.2418
0.0415,0.0000,0.0000,0.0000,0.0414,0.0000,200,1.2071
0.0179,0.0000,0.0000,0.0000,0.0177,0.0000,200,1.2311
0.0019,0.0000,0.0000,0.0000,0.0018,0.0000,200,1.2474
0.0241,0.0000,0.0000,0.0000,0.0240,0.0000,200,1.2253
0.0398,0.0000,0.0000,0.0000,0.0397,0.0001,200,1.2103
0.0165,0.0000,0.0000,0.0000,0.0165,0.0000,200,1.2338
0.0163,0.0000,0.0000,0.0000,0.0158,0.0001,200,1.2347
0.0026,0.0000,0.0000,0.0000,0.0025,0.0000,200,1.2486
0.0147,0.0000,0.0000,0.0000,0.0147,0.0000,200,1.2366
0.0029,0.0000,0.0000,0.0000,0.0029,0.0000,200,1.2490
0.0279,0.0000,0.0000,0.0000,0.0278,0.0000,200,1.2244
0.0410,0.0000,0.0000,0.0000,0.0410,0.0000,200,1.2117
0.0293,0.0000,0.0000,0.0000,0.0293,0.0000,200,1.2235
0.0037,0.0000,0.0000,0.0000,0.0036,0.0001,200,1.2494
0.0119,0.0000,0.0000,0.0000,0.0118,0.0001,200,1.2414
0.0239,0.0000,0.0000,0.0000,0.0238,0.0000,200,1.2302
0.0031,0.0000,0.0000,0.0001,0.0030,0.0000,200,1.2510
0.0279,0.0000,0.0000,0.0000,0.0278,0.0001,200,1.2266
0.0079,0.0000,0.0000,0.0000,0.0078,0.0000,200,1.2469
0.0157,0.0000,0.0000,0.0001,0.0156,0.0000,200,1.2392
0.0248,0.0000,0.0000,0.0000,0.0247,0.0000,200,1.2305
0.0146,0.0000,0.0000,0.0000,0.0145,0.0000,200,1.2407
0.0202,0.0000,0.0000,0.0000,0.0201,0.0000,200,1.2356
0.0086,0.0000,0.0000,0.0000,0.0085,0.0000,200,1.2477
0.0040,0.0000,0.0000,0.0000,0.0040,0.0000,200,1.2528
0.0075,0.0000,0.0000,0.0000,0.0074,0.0000,200,1.2493
0.0029,0.0000,0.0000,0.0000,0.0028,0.0001,200,1.2541
0.0109,0.0000,0.0000,0.0000,0.0108,0.0000,200,1.2468
0.0318,0.0000,0.0000,0.0000,0.0317,0.0001,200,1.2266
0.0338,0.0000,0.0000,0.0000,0.0337,0.0000,200,1.2247
0.0309,0.0000,0.0000,0.0000,0.0309,0.0000,200,1.2277
0.0266,0.0000,0.0000,0.0000,0.0266,0.0000,200,1.2324
0.0136,0.0000,0.0000,0.0000,0.0135,0.0000,200,1.2461
0.0211,0.0000,0.0000,0.0000,0.0210,0.0000,200,1.2392
0.0238,0.0000,0.0000,0.0000,0.0237,0.0000,200,1.2369
0.0374,0.0000,0.0000,0.0000,0.0371,0.0003,200,1.2239
0.0217,0.0000,0.0000,0.0000,0.0216,0.0000,200,1.2397
0.0058,0.0000,0.0000,0.0000,0.0057,0.0000,200,1.2558
0.0075,0.0000,0.0000,0.0000,0.0074,0.0000,200,1.2553
0.0167,0.0000,0.0000,0.0000,0.0166,0.0000,200,1.2461
0.0809,0.0000,0.0000,0.0000,0.0808,0.0000,200,1.1819
0.0331,0.0000,0.0000,0.0000,0.0330,0.0000,200,1.2297
0.0064,0.0000,0.0000,0.0000,0.0063,0.0001,200,1.2568
0.0122,0.0000,0.0000,0.0001,0.0121,0.0001,200,1.2513
0.0090,0.0000,0.0000,0.0000,0.0088,0.0001,200,1.2552
0.0134,0.0000,0.0000,0.0000,0.0133,0.0001,200,1.2513
0.0121,0.0000,0.0000,0.0000,0.0119,0.0001,200,1.2531
0.0047,0.0000,0.0000,0.0000,0.0046,0.0000,200,1.2607
0.0033,0.0000,0.0000,0.0000,0.0032,0.0000,200,1.2628
0.0117,0.0000,0.0000,0.0000,0.0116,0.0000,200,1.2546
0.0016,0.0000,0.0000,0.0001,0.0015,0.0000,200,1.2647
0.0230,0.0000,0.0000,0.0000,0.0229,0.0000,200,1.2438
0.0096,0.0000,0.0000,0.0000,0.0093,0.0002,200,1.2577
0.0392,0.0000,0.0000,0.0000,0.0391,0.0000,200,1.2287
0.1069,0.0000,0.0000,0.0000,0.1068,0.0000,200,1.1614
0.0036,0.0000,0.0000,0.0000,0.0035,0.0000,200,1.2654
0.0070,0.0000,0.0000,0.0000,0.0069,0.0000,200,1.2629
0.0070,0.0000,0.0000,0.0000,0.0069,0.0000,200,1.2628
0.0072,0.0000,0.0000,0.0000,0.0072,0.0000,200,1.2628
0.0182,0.0000,0.0000,0.0000,0.0181,0.0001,200,1.2522
0.0072,0.0000,0.0000,0.0000,0.0058,0.0014,200,1.2635
0.0124,0.0000,0.0000,0.0000,0.0122,0.0002,200,1.2584
0.0116,0.0000,0.0000,0.0000,0.0115,0.0001,200,1.2597
0.0228,0.0000,0.0000,0.0000,0.0227,0.0000,200,1.2486
0.0276,0.0000,0.0000,0.0000,0.0271,0.0001,200,1.2442
0.0036,0.0000,0.0000,0.0000,0.0036,0.0000,200,1.2684
0.0062,0.0000,0.0000,0.0000,0.0061,0.0000,200,1.2662
0.0022,0.0000,0.0000,0.0000,0.0020,0.0002,200,1.2708
0.0145,0.0000,0.0000,0.0000,0.0144,0.0000,200,1.2585
0.0201,0.0000,0.0000,0.0000,0.0200,0.0000,200,1.2533
0.0189,0.0000,0.0000,0.0000,0.0188,0.0000,200,1.2548
0.0042,0.0000,0.0000,0.0000,0.0041,0.0001,200,1.2701
0.0021,0.0000,0.0000,0.0000,0.0020,0.0001,200,1.2724
0.0378,0.0000,0.0000,0.0000,0.0377,0.0000,200,1.2374
0.0273,0.0000,0.0000,0.0000,0.0272,0.0000,200,1.2480
0.0146,0.0000,0.0000,0.0000,0.0146,0.0000,200,1.2614
0.0382,0.0000,0.0000,0.0000,0.0381,0.0000,200,1.2382
0.0220,0.0000,0.0000,0.0000,0.0219,0.0000,200,1.2550
0.0035,0.0000,0.0000,0.0000,0.0034,0.0000,200,1.2734
0.0061,0.0000,0.0000,0.0000,0.0061,0.0001,200,1.2717
0.0081,0.0000,0.0000,0.0000,0.0081,0.0000,200,1.2698
0.0590,0.0000,0.0000,0.0000,0.0589,0.0000,200,1.2190
0.0044,0.0000,0.0000,0.0000,0.0043,0.0000,200,1.2737
0.0053,0.0000,0.0000,0.0000,0.0052,0.0000,200,1.2730
0.0146,0.0000,0.0000,0.0000,0.0145,0.0000,200,1.2643
0.0204,0.0000,0.0000,0.0000,0.0203,0.0001,200,1.2587
0.0164,0.0000,0.0000,0.0001,0.0163,0.0001,200,1.2632
0.0211,0.0000,0.0000,0.0000,0.0210,0.0000,200,1.2590
0.0124,0.0000,0.0000,0.0000,0.0122,0.0001,200,1.2679
0.0098,0.0000,0.0000,0.0000,0.0098,0.0000,200,1.2708
0.0578,0.0000,0.0000,0.0000,0.0576,0.0000,200,1.2230
0.0139,0.0000,0.0000,0.0000,0.0137,0.0001,200,1.2673
0.0110,0.0000,0.0000,0.0000,0.0109,0.0001,200,1.2705
0.0077,0.0000,0.0000,0.0000,0.0077,0.0000,200,1.2742
0.0016,0.0000,0.0000,0.0000,0.0015,0.0000,200,1.2808
0.0070,0.0000,0.0000,0.0000,0.0069,0.0000,200,1.2760
0.0138,0.0000,0.0000,0.0000,0.0137,0.0001,200,1.2698
0.0395,0.0000,0.0000,0.0000,0.0392,0.0002,200,1.2445
0.0061,0.0000,0.0000,0.0000,0.0060,0.0000,200,1.2780
0.0041,0.0000,0.0000,0.0000,0.0040,0.0001,200,1.2803
0.0023,0.0000,0.0000,0.0000,0.0022,0.0001,200,1.2824
0.0185,0.0000,0.0000,0.0000,0.0183,0.0002,200,1.2668
0.0485,0.0000,0.0000,0.0000,0.0484,0.0000,200,1.2369
0.0076,0.0000,0.0000,0.0000,0.0076,0.0000,200,1.2781
0.0298,0.0000,0.0000,0.0000,0.0297,0.0001,200,1.2563
0.0212,0.0000,0.0000,0.0002,0.0210,0.0000,200,1.2652
0.0081,0.0000,0.0000,0.0000,0.0080,0.0001,200,1.2783
0.0283,0.0000,0.0000,0.0000,0.0282,0.0000,200,1.2603
0.0383,0.0000,0.0000,0.0000,0.0382,0.0000,200,1.2504
0.0022,0.0000,0.0000,0.0000,0.0022,0.0000,200,1.2864
0.0135,0.0000,0.0000,0.0000,0.0134,0.0000,200,1.2752
0.0359,0.0000,0.0000,0.0000,0.0357,0.0000,200,1.2529
0.0030,0.0000,0.0000,0.0000,0.0029,0.0000,200,1.2857
0.0044,0.0000,0.0000,0.0000,0.0043,0.0000,200,1.2844
0.0174,0.0000,0.0000,0.0000,0.0174,0.0000,200,1.2713
0.0085,0.0000,0.0000,0.0000,0.0083,0.0001,200,1.2812
0.0284,0.0000,0.0000,0.0000,0.0284,0.0000,200,1.2615
0.0380,0.0000,0.0000,0.0000,0.0380,0.0000,200,1.2519
0.0014,0.0000,0.0000,0.0000,0.0014,0.0000,200,1.2886
0.0110,0.0000,0.0000,0.0000,0.0109,0.0001,200,1.2797
0.0094,0.0000,0.0000,0.0000,0.0092,0.0000,200,1.2814
0.0412,0.0000,0.0000,0.0000,0.0410,0.0001,200,1.2501
0.0017,0.0000,0.0000,0.0000,0.0015,0.0001,200,1.2900
0.0227,0.0000,0.0000,0.0000,0.0226,0.0000,200,1.2690
0.0061,0.0000,0.0000,0.0001,0.0060,0.0001,200,1.2861
0.0354,0.0000,0.0000,0.0000,0.0352,0.0001,200,1.2570
0.0110,0.0000,0.0000,0.0000,0.0109,0.0000,200,1.2820
0.0224,0.0000,0.0000,0.0000,0.0221,0.0003,200,1.2714
0.0042,0.0000,0.0000,0.0000,0.0041,0.0001,200,1.2900
0.0096,0.0000,0.0000,0.0000,0.0095,0.0000,200,1.2847
0.0038,0.0000,0.0000,0.0000,0.0037,0.0000,200,1.2908
0.0540,0.0000,0.0000,0.0000,0.0539,0.0000,200,1.2407
0.0186,0.0000,0.0000,0.0000,0.0185,0.0001,200,1.2769
0.0129,0.0000,0.0000,0.0000,0.0129,0.0000,200,1.2830
0.0207,0.0000,0.0000,0.0000,0.0206,0.0000,200,1.2753
0.0195,0.0000,0.0000,0.0000,0.0194,0.0001,200,1.2769
0.0052,0.0000,0.0000,0.0000,0.0051,0.0000,200,1.2917
0.0082,0.0000,0.0000,0.0001,0.0080,0.0000,200,1.2888
0.0134,0.0000,0.0000,0.0001,0.0131,0.0001,200,1.2841
0.0599,0.0000,0.0000,0.0001,0.0596,0.0002,200,1.2383
0.0069,0.0000,0.0000,0.0000,0.0068,0.0000,200,1.2913
0.0050,0.0000,0.0000,0.0000,0.0049,0.0000,200,1.2938
0.0050,0.0000,0.0000,0.0000,0.0047,0.0002,200,1.2942
0.0047,0.0000,0.0000,0.0000,0.0046,0.0000,200,1.2946
0.0341,0.0000,0.0000,0.0000,0.0338,0.0003,200,1.2660
0.0666,0.0000,0.0000,0.0000,0.0665,0.0000,200,1.2336
0.0142,0.0000,0.0000,0.0000,0.0142,0.0001,200,1.2864
0.0124,0.0000,0.0000,0.0000,0.0124,0.0000,200,1.2887
0.0126,0.0000,0.0000,0.0000,0.0125,0.0000,200,1.2887
0.0564,0.0000,0.0000,0.0000,0.0563,0.0000,200,1.2454
0.0482,0.0000,0.0000,0.0000,0.0481,0.0001,200,1.2541
0.0140,0.0000,0.0000,0.0000,0.0138,0.0001,200,1.2886
0.0262,0.0000,0.0000,0.0000,0.0261,0.0000,200,1.2764
0.0143,0.0000,0.0000,0.0000,0.0141,0.0001,200,1.2887
0.0114,0.0000,0.0000,0.0000,0.0110,0.0001,200,1.2924
0.0135,0.0000,0.0000,0.0000,0.0134,0.0001,200,1.2906
0.0453,0.0000,0.0000,0.0000,0.0451,0.0001,200,1.2613
0.0169,0.0000,0.0000,0.0000,0.0168,0.0000,200,1.2897
0.0060,0.0000,0.0000,0.0000,0.0059,0.0000,200,1.3007
0.0337,0.0000,0.0000,0.0000,0.0336,0.0000,200,1.2730
0.0054,0.0000,0.0000,0.0000,0.0053,0.0000,200,1.3013
0.0076,0.0000,0.0000,0.0000,0.0075,0.0000,200,1.2992
0.0181,0.0000,0.0000,0.0000,0.0181,0.0000,200,1.2887
0.0262,0.0000,0.0000,0.0000,0.0261,0.0000,200,1.2806
0.0215,0.0000,0.0000,0.0000,0.0214,0.0000,200,1.2853
0.0046,0.0000,0.0000,0.0000,0.0045,0.0001,200,1.3023
0.0101,0.0000,0.0000,0.0000,0.0100,0.0000,200,1.2975
0.0121,0.0000,0.0000,0.0000,0.0120,0.0001,200,1.2960
0.0130,0.0000,0.0000,0.0000,0.0129,0.0001,200,1.2955
0.0098,0.0000,0.0000,0.0000,0.0098,0.0000,200,1.2987
0.0097,0.0000,0.0000,0.0000,0.0096,0.0001,200,1.2993
0.0016,0.0000,0.0000,0.0000,0.0015,0.0000,200,1.3076
0.0303,0.0000,0.0000,0.0000,0.0302,0.0000,200,1.2791
0.0029,0.0000,0.0000,0.0000,0.0028,0.0000,200,1.3069
0.0303,0.0000,0.0000,0.0000,0.0302,0.0001,200,1.2801
0.0039,0.0000,0.0000,0.0000,0.0038,0.0000,200,1.3068
0.0166,0.0000,0.0000,0.0003,0.0162,0.0000,200,1.2943
0.0392,0.0000,0.0000,0.0000,0.0392,0.0001,200,1.2720
0.0834,0.0000,0.0000,0.0001,0.0833,0.0000,200,1.2283
0.0050,0.0000,0.0000,0.0000,0.0049,0.0000,200,1.3068
0.0082,0.0000,0.0000,0.0000,0.0081,0.0001,200,1.3041
0.0058,0.0000,0.0000,0.0000,0.0057,0.0000,200,1.3068
0.0090,0.0000,0.0000,0.0000,0.0089,0.0000,200,1.3038
0.0068,0.0000,0.0000,0.0000,0.0066,0.0002,200,1.3066
0.0071,0.0000,0.0000,0.0000,0.0070,0.0000,200,1.3067
0.0050,0.0000,0.0000,0.0003,0.0047,0.0001,200,1.3094
0.0078,0.0000,0.0000,0.0000,0.0077,0.0000,200,1.3067
0.0041,0.0000,0.0000,0.0000,0.0040,0.0000,200,1.3104
0.0169,0.0000,0.0000,0.0000,0.0168,0.0000,200,1.2982
0.0034,0.0000,0.0000,0.0000,0.0034,0.0000,200,1.3117
0.0210,0.0000,0.0000,0.0000,0.0210,0.0000,200,1.2946
0.0014,0.0000,0.0000,0.0000,0.0013,0.0000,200,1.3145
0.0309,0.0000,0.0000,0.0000,0.0308,0.0000,200,1.2854
0.0083,0.0000,0.0000,0.0000,0.0082,0.0000,200,1.3086
0.0147,0.0000,0.0000,0.0000,0.0146,0.0000,200,1.3025
0.0047,0.0000,0.0000,0.0000,0.0046,0.0000,200,1.3126
0.0609,0.0000,0.0000,0.0000,0.0609,0.0000,200,1.2568
0.0152,0.0000,0.0000,0.0000,0.0150,0.0001,200,1.3026
0.0214,0.0000,0.0000,0.0000,0.0213,0.0000,200,1.2970
0.0106,0.0000,0.0000,0.0000,0.0105,0.0001,200,1.3085
0.0356,0.0000,0.0000,0.0000,0.0356,0.0000,200,1.2837
0.0025,0.0000,0.0000,0.0000,0.0025,0.0000,200,1.3168
0.0027,0.0000,0.0000,0.0000,0.0026,0.0000,200,1.3172
0.0111,0.0000,0.0000,0.0000,0.0111,0.0000,200,1.3091
0.0239,0.0000,0.0000,0.0000,0.0238,0.0000,200,1.2968
0.0105,0.0000,0.0000,0.0000,0.0104,0.0001,200,1.3107
0.0040,0.0000,0.0000,0.0001,0.0038,0.0001,200,1.3177
0.0062,0.0000,0.0000,0.0000,0.0062,0.0000,200,1.3159
0.0070,0.0000,0.0000,0.0000,0.0069,0.0000,200,1.3151
0.0097,0.0000,0.0000,0.0000,0.0096,0.0000,200,1.3134
0.0142,0.0000,0.0000,0.0000,0.0141,0.0000,200,1.3091
0.0202,0.0000,0.0000,0.0001,0.0200,0.0000,200,1.3031
0.0085,0.0000,0.0000,0.0000,0.0084,0.0000,200,1.3151
0.0223,0.0000,0.0000,0.0000,0.0222,0.0000,200,1.3018
0.0066,0.0000,0.0000,0.0000,0.0066,0.0000,200,1.3178
0.0413,0.0000,0.0000,0.0001,0.0411,0.0000,200,1.2839
0.0185,0.0000,0.0000,0.0000,0.0184,0.0000,200,1.3067
0.0107,0.0000,0.0000,0.0000,0.0106,0.0000,200,1.3145
0.0328,0.0000,0.0000,0.0000,0.0327,0.0000,200,1.2930
0.0192,0.0000,0.0000,0.0000,0.0191,0.0000,200,1.3080
0.0271,0.0000,0.0000,0.0000,0.0270,0.0000,200,1.3002
0.0063,0.0000,0.0000,0.0000,0.0062,0.0000,200,1.3212
0.0082,0.0000,0.0000,0.0004,0.0066,0.0011,200,1.3194
0.0077,0.0000,0.0000,0.0004,0.0073,0.0000,200,1.3203
0.0049,0.0000,0.0000,0.0000,0.0049,0.0000,200,1.3232
0.0100,0.0000,0.0000,0.0000,0.0099,0.0000,200,1.3184
0.0097,0.0000,0.0000,0.0001,0.0095,0.0001,200,1.3192
0.0153,0.0000,0.0000,0.0000,0.0152,0.0000,200,1.3145
0.0021,0.0000,0.0000,0.0001,0.0017,0.0000,200,1.3284
0.0053,0.0000,0.0000,0.0000,0.0052,0.0000,200,1.3252
0.0153,0.0000,0.0000,0.0000,0.0152,0.0001,200,1.3156
0.0424,0.0000,0.0000,0.0000,0.0423,0.0000,200,1.2886
0.0196,0.0000,0.0000,0.0000,0.0196,0.0000,200,1.3118
0.0316,0.0000,0.0000,0.0000,0.0315,0.0000,200,1.3002
0.0581,0.0000,0.0000,0.0000,0.0578,0.0003,200,1.2745
0.0426,0.0000,0.0000,0.0000,0.0425,0.0000,200,1.2901
0.0112,0.0000,0.0000,0.0000,0.0111,0.0001,200,1.3217
0.0113,0.0000,0.0000,0.0000,0.0112,0.0000,200,1.3221
0.0209,0.0000,0.0000,0.0000,0.0209,0.0000,200,1.3128
0.0055,0.0000,0.0000,0.0000,0.0053,0.0002,200,1.3289
0.0172,0.0000,0.0000,0.0000,0.0171,0.0000,200,1.3173
0.0029,0.0000,0.0000,0.0000,0.0029,0.0000,200,1.3318
0.0240,0.0000,0.0000,0.0000,0.0239,0.0000,200,1.3113
0.0054,0.0000,0.0000,0.0000,0.0053,0.0000,200,1.3304
0.0088,0.0000,0.0000,0.0005,0.0082,0.0000,200,1.3272
0.0041,0.0000,0.0000,0.0000,0.0040,0.0000,200,1.3326
0.0150,0.0000,0.0000,0.0000,0.0149,0.0000,200,1.3221
0.0593,0.0000,0.0000,0.0000,0.0592,0.0000,200,1.2779
0.0414,0.0000,0.0000,0.0000,0.0413,0.0000,200,1.2964
0.0130,0.0000,0.0000,0.0000,0.0130,0.0000,200,1.3252
0.0220,0.0000,0.0000,0.0000,0.0219,0.0000,200,1.3163
0.0147,0.0000,0.0000,0.0000,0.0146,0.0000,200,1.3236
0.0472,0.0000,0.0000,0.0000,0.0471,0.0000,200,1.2916
0.0200,0.0000,0.0000,0.0000,0.0200,0.0000,200,1.3193
0.0610,0.0000,0.0000,0.0000,0.0609,0.0000,200,1.2788
0.0132,0.0000,0.0000,0.0000,0.0126,0.0005,200,1.3274
0.0314,0.0000,0.0000,0.0000,0.0312,0.0002,200,1.3109
0.0040,0.0000,0.0000,0.0001,0.0037,0.0000,200,1.3383
0.0041,0.0000,0.0000,0.0000,0.0040,0.0001,200,1.3382
0.0056,0.0000,0.0000,0.0000,0.0056,0.0000,200,1.3368
0.0229,0.0000,0.0000,0.0000,0.0226,0.0003,200,1.3199
0.0084,0.0000,0.0000,0.0000,0.0083,0.0000,200,1.3344
0.0204,0.0000,0.0000,0.0000,0.0203,0.0000,200,1.3231
0.0133,0.0000,0.0000,0.0000,0.0132,0.0001,200,1.3306
0.0376,0.0000,0.0000,0.0000,0.0375,0.0001,200,1.3067
0.0023,0.0000,0.0000,0.0000,0.0023,0.0000,200,1.3424
0.0314,0.0000,0.0000,0.0000,0.0313,0.0000,200,1.3138
0.0224,0.0000,0.0000,0.0000,0.0223,0.0001,200,1.3232
0.0447,0.0000,0.0000,0.0000,0.0446,0.0001,200,1.3012
0.0338,0.0000,0.0000,0.0000,0.0335,0.0001,200,1.3123
0.0114,0.0000,0.0000,0.0000,0.0113,0.0000,200,1.3353
0.0098,0.0000,0.0000,0.0000,0.0098,0.0000,200,1.3372
0.0266,0.0000,0.0000,0.0000,0.0264,0.0001,200,1.3207
0.0497,0.0000,0.0000,0.0000,0.0496,0.0001,200,1.2982
0.0119,0.0000,0.0000,0.0000,0.0117,0.0000,200,1.3360
0.0027,0.0000,0.0000,0.0000,0.0026,0.0000,200,1.3456
0.0100,0.0000,0.0000,0.0000,0.0099,0.0001,200,1.3388
0.0208,0.0000,0.0000,0.0000,0.0206,0.0000,200,1.3282
0.0030,0.0000,0.0000,0.0000,0.0029,0.0000,200,1.3461
0.0022,0.0000,0.0000,0.0000,0.0021,0.0001,200,1.3473
0.0241,0.0000,0.0000,0.0000,0.0240,0.0001,200,1.3258
0.0157,0.0000,0.0000,0.0000,0.0156,0.0000,200,1.3347
0.0053,0.0000,0.0000,0.0000,0.0051,0.0001,200,1.3483
0.0067,0.0000,0.0000,0.0000,0.0066,0.0000,200,1.3470
0.0222,0.0000,0.0000,0.0000,0.0221,0.0000,200,1.3315
0.0209,0.0000,0.0000,0.0000,0.0206,0.0002,200,1.3329
0.0578,0.0000,0.0000,0.0000,0.0578,0.0000,200,1.2960
0.0200,0.0000,0.0000,0.0000,0.0200,0.0000,200,1.3338
0.0100,0.0000,0.0000,0.0000,0.0099,0.0000,200,1.3438
0.0180,0.0000,0.0000,0.0000,0.0180,0.0000,200,1.3358
0.0091,0.0000,0.0000,0.0000,0.0091,0.0000,200,1.3447
0.0213,0.0000,0.0000,0.0000,0.0211,0.0002,200,1.3334
0.0016,0.0000,0.0000,0.0000,0.0015,0.0000,200,1.3538
0.0640,0.0000,0.0000,0.0000,0.0637,0.0002,200,1.2922
0.0031,0.0000,0.0000,0.0000,0.0031,0.0000,200,1.3537
0.0318,0.0000,0.0000,0.0000,0.0318,0.0000,200,1.3252
0.0302,0.0000,0.0000,0.0000,0.0301,0.0000,200,1.3275
0.0160,0.0000,0.0000,0.0000,0.0159,0.0000,200,1.3423
0.0523,0.0000,0.0000,0.0000,0.0519,0.0000,200,1.3068
0.0104,0.0000,0.0000,0.0000,0.0103,0.0000,200,1.3494
0.0177,0.0000,0.0000,0.0000,0.0177,0.0000,200,1.3428
0.0304,0.0000,0.0000,0.0000,0.0303,0.0000,200,1.3309
0.0295,0.0000,0.0000,0.0000,0.0294,0.0000,200,1.3326
0.0101,0.0000,0.0000,0.0000,0.0100,0.0000,200,1.3538
0.0216,0.0000,0.0000,0.0000,0.0215,0.0000,200,1.3423
0.0180,0.0000,0.0000,0.0001,0.0178,0.0000,200,1.3459
0.0295,0.0000,0.0000,0.0000,0.0295,0.0000,200,1.3345
0.0132,0.0000,0.0000,0.0000,0.0130,0.0001,200,1.3538
0.0276,0.0000,0.0000,0.0000,0.0275,0.0001,200,1.3394
0.0219,0.0000,0.0000,0.0000,0.0219,0.0000,200,1.3451
0.0105,0.0000,0.0000,0.0000,0.0104,0.0000,200,1.3571
0.0189,0.0000,0.0000,0.0000,0.0188,0.0000,200,1.3488
0.0202,0.0000,0.0000,0.0000,0.0200,0.0002,200,1.3479
0.0258,0.0000,0.0000,0.0000,0.0257,0.0000,200,1.3424
0.0145,0.0000,0.0000,0.0000,0.0145,0.0000,200,1.3538
0.0277,0.0000,0.0000,0.0000,0.0275,0.0001,200,1.3407
0.0086,0.0000,0.0000,0.0000,0.0085,0.0000,200,1.3598
0.0290,0.0000,0.0000,0.0001,0.0285,0.0001,200,1.3398
0.0100,0.0000,0.0000,0.0000,0.0099,0.0000,200,1.3591
0.0595,0.0000,0.0000,0.0000,0.0593,0.0000,200,1.3098
0.0190,0.0000,0.0000,0.0000,0.0189,0.0000,200,1.3504
0.0144,0.0000,0.0000,0.0000,0.0143,0.0000,200,1.3553
0.0163,0.0000,0.0000,0.0000,0.0161,0.0000,200,1.3537
0.0458,0.0000,0.0000,0.0000,0.0458,0.0000,200,1.3244
0.0085,0.0000,0.0000,0.0000,0.0084,0.0000,200,1.3621
0.0328,0.0000,0.0000,0.0000,0.0323,0.0000,200,1.3378
0.0132,0.0000,0.0000,0.0000,0.0131,0.0001,200,1.3583
0.0059,0.0000,0.0000,0.0000,0.0058,0.0000,200,1.3670
0.0047,0.0000,0.0000,0.0000,0.0046,0.0000,200,1.3681
0.0286,0.0000,0.0000,0.0000,0.0285,0.0000,200,1.3443
0.0187,0.0000,0.0000,0.0000,0.0185,0.0000,200,1.3547
0.0072,0.0000,0.0000,0.0000,0.0071,0.0000,200,1.3670
0.0039,0.0000,0.0000,0.0000,0.0038,0.0000,200,1.3707
0.0059,0.0000,0.0000,0.0000,0.0059,0.0000,200,1.3688
0.0048,0.0000,0.0000,0.0000,0.0048,0.0000,200,1.3700
0.0457,0.0000,0.0000,0.0000,0.0456,0.0001,200,1.3297
0.0222,0.0000,0.0000,0.0000,0.0221,0.0000,200,1.3536
0.0049,0.0000,0.0000,0.0002,0.0047,0.0001,200,1.3715
0.0228,0.0000,0.0000,0.0000,0.0228,0.0000,200,1.3539
0.0069,0.0000,0.0000,0.0000,0.0069,0.0000,200,1.3703
0.0091,0.0000,0.0000,0.0000,0.0090,0.0001,200,1.3684
0.0033,0.0000,0.0000,0.0000,0.0032,0.0000,200,1.3748
0.0041,0.0000,0.0000,0.0000,0.0040,0.0000,200,1.3742
0.0097,0.0000,0.0000,0.0000,0.0096,0.0001,200,1.3693
0.0034,0.0000,0.0000,0.0000,0.0033,0.0000,200,1.3758
0.0257,0.0000,0.0000,0.0000,0.0256,0.0000,200,1.3539
0.0053,0.0000,0.0000,0.0000,0.0051,0.0001,200,1.3746
0.0167,0.0000,0.0000,0.0000,0.0166,0.0001,200,1.3640
0.0204,0.0000,0.0000,0.0000,0.0204,0.0000,200,1.3606
0.0128,0.0000,0.0000,0.0001,0.0126,0.0001,200,1.3683
0.0177,0.0000,0.0000,0.0000,0.0177,0.0000,200,1.3639
0.1156,0.0000,0.0000,0.0000,0.1155,0.0000,200,1.2663
0.0095,0.0000,0.0000,0.0000,0.0094,0.0000,200,1.3729
0.0590,0.0000,0.0000,0.0000,0.0589,0.0000,200,1.3241
0.0520,0.0000,0.0000,0.0000,0.0519,0.0000,200,1.3310
0.0167,0.0000,0.0000,0.0000,0.0166,0.0000,200,1.3670
0.0050,0.0000,0.0000,0.0000,0.0048,0.0002,200,1.3793
0.0037,0.0000,0.0000,0.0000,0.0036,0.0000,200,1.3807
0.0028,0.0000,0.0000,0.0000,0.0027,0.0000,200,1.3823
0.0055,0.0000,0.0000,0.0000,0.0054,0.0001,200,1.3799
0.0176,0.0000,0.0000,0.0000,0.0174,0.0000,200,1.3683
0.0299,0.0000,0.0000,0.0000,0.0299,0.0000,200,1.3562
0.0139,0.0000,0.0000,0.0000,0.0138,0.0000,200,1.3729
0.0023,0.0000,0.0000,0.0000,0.0023,0.0000,200,1.3844
0.0190,0.0000,0.0000,0.0000,0.0189,0.0000,200,1.3681
0.0296,0.0000,0.0000,0.0000,0.0295,0.0001,200,1.3577
0.0182,0.0000,0.0000,0.0000,0.0182,0.0000,200,1.3697
0.0123,0.0000,0.0000,0.0000,0.0122,0.0000,200,1.3764
0.0458,0.0000,0.0000,0.0000,0.0458,0.0000,200,1.3428
0.0050,0.0000,0.0000,0.0000,0.0049,0.0001,200,1.3837
0.0102,0.0000,0.0000,0.0000,0.0099,0.0001,200,1.3790
0.0079,0.0000,0.0000,0.0000,0.0078,0.0001,200,1.3818
0.0153,0.0000,0.0000,0.0002,0.0151,0.0000,200,1.3748
0.0404,0.0000,0.0000,0.0000,0.0402,0.0000,200,1.3499
0.0047,0.0000,0.0000,0.0000,0.0046,0.0000,200,1.3861
0.0223,0.0000,0.0000,0.0000,0.0222,0.0000,200,1.3691
0.0241,0.0000,0.0000,0.0000,0.0240,0.0000,200,1.3676
0.0166,0.0000,0.0000,0.0000,0.0164,0.0001,200,1.3754
0.0015,0.0000,0.0000,0.0000,0.0014,0.0000,200,1.3908
0.0079,0.0000,0.0000,0.0000,0.0078,0.0001,200,1.3851
0.0071,0.0000,0.0000,0.0000,0.0070,0.0000,200,1.3859
0.0296,0.0000,0.0000,0.0000,0.0295,0.0001,200,1.3639
0.0070,0.0000,0.0000,0.0000,0.0069,0.0000,200,1.3868
0.0558,0.0000,0.0000,0.0000,0.0557,0.0001,200,1.3383
0.0509,0.0000,0.0000,0.0001,0.0506,0.0001,200,1.3439
0.0578,0.0000,0.0000,0.0000,0.0578,0.0000,200,1.3372
0.0060,0.0000,0.0000,0.0000,0.0058,0.0001,200,1.3892
0.1177,0.0000,0.0000,0.0000,0.1176,0.0000,200,1.2780
0.0268,0.0000,0.0000,0.0000,0.0267,0.0000,200,1.3694
0.0033,0.0000,0.0000,0.0000,0.0031,0.0001,200,1.3935
0.0068,0.0000,0.0000,0.0000,0.0067,0.0000,200,1.3903
0.0246,0.0000,0.0000,0.0000,0.0245,0.0000,200,1.3729
0.0207,0.0000,0.0000,0.0000,0.0207,0.0000,200,1.3767
0.0137,0.0000,0.0000,0.0000,0.0136,0.0000,200,1.3842
0.0035,0.0000,0.0000,0.0000,0.0033,0.0002,200,1.3950
0.0117,0.0000,0.0000,0.0000,0.0116,0.0000,200,1.3871
0.0720,0.0000,0.0000,0.0000,0.0719,0.0001,200,1.3273
0.0065,0.0000,0.0000,0.0000,0.0065,0.0000,200,1.3930
0.0077,0.0000,0.0000,0.0000,0.0076,0.0000,200,1.3920
0.0388,0.0000,0.0000,0.0000,0.0387,0.0000,200,1.3613
0.0037,0.0000,0.0000,0.0000,0.0036,0.0000,200,1.3968
0.0302,0.0000,0.0000,0.0000,0.0301,0.0001,200,1.3706
0.0734,0.0000,0.0000,0.0000,0.0733,0.0000,200,1.3280
0.0379,0.0000,0.0000,0.0000,0.0378,0.0000,200,1.3639
0.0346,0.0000,0.0000,0.0000,0.0345,0.0000,200,1.3677
0.0532,0.0000,0.0000,0.0000,0.0531,0.0000,200,1.3491
0.0141,0.0000,0.0000,0.0000,0.0139,0.0001,200,1.3887
0.0200,0.0000,0.0000,0.0000,0.0200,0.0001,200,1.3831
0.0171,0.0000,0.0000,0.0000,0.0171,0.0000,200,1.3867
0.0114,0.0000,0.0000,0.0000,0.0113,0.0001,200,1.3930
0.0252,0.0000,0.0000,0.0000,0.0252,0.0000,200,1.3795
0.0279,0.0000,0.0000,0.0000,0.0279,0.0000,200,1.3772
0.0137,0.0000,0.0000,0.0000,0.0134,0.0003,200,1.3923
0.0233,0.0000,0.0000,0.0000,0.0233,0.0000,200,1.3831
0.0060,0.0000,0.0000,0.0000,0.0055,0.0004,200,1.4005
0.0042,0.0000,0.0000,0.0000,0.0041,0.0000,200,1.4023
0.0337,0.0000,0.0000,0.0000,0.0336,0.0001,200,1.3734
0.0054,0.0000,0.0000,0.0000,0.0053,0.0001,200,1.4018
0.0296,0.0000,0.0000,0.0000,0.0295,0.0001,200,1.3783
0.0277,0.0000,0.0000,0.0000,0.0277,0.0000,200,1.3810
0.0125,0.0000,0.0000,0.0000,0.0125,0.0000,200,1.3962
0.0016,0.0000,0.0000,0.0001,0.0015,0.0000,200,1.4071
0.0179,0.0000,0.0000,0.0000,0.0178,0.0001,200,1.3914
0.0023,0.0000,0.0000,0.0000,0.0022,0.0001,200,1.4072
0.0612,0.0000,0.0000,0.0001,0.0610,0.0000,200,1.3489
0.0128,0.0000,0.0000,0.0000,0.0127,0.0001,200,1.3974
0.0128,0.0000,0.0000,0.0000,0.0127,0.0000,200,1.3979
0.0643,0.0000,0.0000,0.0000,0.0642,0.0000,200,1.3467
0.0049,0.0000,0.0000,0.0000,0.0048,0.0001,200,1.4065
0.0168,0.0000,0.0000,0.0000,0.0167,0.0001,200,1.3951
0.0135,0.0000,0.0000,0.0000,0.0134,0.0001,200,1.3988
0.0240,0.0000,0.0000,0.0000,0.0239,0.0001,200,1.3887
0.0250,0.0000,0.0000,0.0000,0.0250,0.0000,200,1.3880
0.0088,0.0000,0.0000,0.0000,0.0086,0.0002,200,1.4048
0.0321,0.0000,0.0000,0.0000,0.0319,0.0002,200,1.3816
0.0079,0.0000,0.0000,0.0000,0.0077,0.0001,200,1.4064
0.0080,0.0000,0.0000,0.0000,0.0079,0.0001,200,1.4065
0.0095,0.0000,0.0000,0.0001,0.0093,0.0001,200,1.4060
0.0080,0.0000,0.0000,0.0000,0.0072,0.0001,200,1.4079
0.0039,0.0000,0.0000,0.0000,0.0036,0.0001,200,1.4127
0.0053,0.0000,0.0000,0.0000,0.0052,0.0000,200,1.4114
0.0081,0.0000,0.0000,0.0000,0.0080,0.0000,200,1.4093
0.0179,0.0000,0.0000,0.0000,0.0178,0.0000,200,1.3997
0.0057,0.0000,0.0000,0.0000,0.0052,0.0005,200,1.4123
0.0089,0.0000,0.0000,0.0000,0.0088,0.0000,200,1.4095
0.0035,0.0000,0.0000,0.0000,0.0033,0.0002,200,1.4155
0.0033,0.0000,0.0000,0.0000,0.0030,0.0002,200,1.4159
0.0197,0.0000,0.0000,0.0003,0.0194,0.0000,200,1.3995
0.0251,0.0000,0.0000,0.0000,0.0250,0.0000,200,1.3947
0.0095,0.0000,0.0000,0.0000,0.0094,0.0000,200,1.4110
0.0029,0.0000,0.0000,0.0000,0.0028,0.0000,200,1.4184
0.0256,0.0000,0.0000,0.0000,0.0255,0.0000,200,1.3957
0.0340,0.0000,0.0000,0.0000,0.0339,0.0000,200,1.3873
0.0021,0.0000,0.0000,0.0000,0.0021,0.0000,200,1.4193
0.0090,0.0000,0.0000,0.0000,0.0089,0.0001,200,1.4130
0.0138,0.0000,0.0000,0.0000,0.0137,0.0001,200,1.4087
0.0312,0.0000,0.0000,0.0000,0.0311,0.0000,200,1.3916
0.0240,0.0000,0.0000,0.0000,0.0239,0.0000,200,1.3992
0.0250,0.0000,0.0000,0.0000,0.0249,0.0000,200,1.3985
0.0249,0.0000,0.0000,0.0000,0.0249,0.0000,200,1.4001
0.0043,0.0000,0.0000,0.0000,0.0042,0.0000,200,1.4213
0.0079,0.0000,0.0000,0.0000,0.0078,0.0000,200,1.4180
0.0453,0.0000,0.0000,0.0001,0.0452,0.0001,200,1.3810
0.0120,0.0000,0.0000,0.0001,0.0118,0.0000,200,1.4145
0.0170,0.0000,0.0000,0.0000,0.0170,0.0000,200,1.4101
0.0065,0.0000,0.0000,0.0000,0.0064,0.0000,200,1.4213
0.0502,0.0000,0.0000,0.0000,0.0501,0.0001,200,1.3781
0.0233,0.0000,0.0000,0.0000,0.0232,0.0001,200,1.4051
0.0146,0.0000,0.0000,0.0000,0.0146,0.0001,200,1.4143
0.0036,0.0000,0.0000,0.0000,0.0035,0.0000,200,1.4256
0.0016,0.0000,0.0000,0.0000,0.0014,0.0000,200,1.4282
0.0031,0.0000,0.0000,0.0000,0.0030,0.0000,200,1.4271
0.0079,0.0000,0.0000,0.0000,0.0078,0.0000,200,1.4226
0.0146,0.0000,0.0000,0.0002,0.0143,0.0001,200,1.4166
0.0011,0.0000,0.0000,0.0000,0.0010,0.0000,200,1.4302
0.0300,0.0000,0.0000,0.0001,0.0299,0.0000,200,1.4014
0.0466,0.0000,0.0000,0.0000,0.0465,0.0000,200,1.3854
0.0010,0.0000,0.0000,0.0001,0.0008,0.0001,200,1.4315
0.0100,0.0000,0.0000,0.0000,0.0099,0.0000,200,1.4229
0.0558,0.0000,0.0000,0.0000,0.0556,0.0002,200,1.3776
0.0080,0.0000,0.0000,0.0000,0.0079,0.0000,200,1.4259
0.0240,0.0000,0.0000,0.0000,0.0240,0.0000,200,1.4103
0.0115,0.0000,0.0000,0.0000,0.0114,0.0001,200,1.4233
0.0467,0.0000,0.0000,0.0000,0.0466,0.0000,200,1.3887
0.0091,0.0000,0.0000,0.0000,0.0091,0.0000,200,1.4265
0.0069,0.0000,0.0000,0.0000,0.0068,0.0001,200,1.4290
0.0020,0.0000,0.0000,0.0000,0.0020,0.0000,200,1.4343
0.0114,0.0000,0.0000,0.0000,0.0112,0.0002,200,1.4251
0.0473,0.0000,0.0000,0.0000,0.0472,0.0001,200,1.3897
0.0153,0.0000,0.0000,0.0000,0.0153,0.0000,200,1.4220
0.0025,0.0000,0.0000,0.0000,0.0024,0.0001,200,1.4357
0.0376,0.0000,0.0000,0.0000,0.0376,0.0000,200,1.4008
0.0449,0.0000,0.0000,0.0000,0.0448,0.0000,200,1.3938
0.0042,0.0000,0.0000,0.0000,0.0042,0.0000,200,1.4348
0.0200,0.0000,0.0000,0.0000,0.0199,0.0000,200,1.4192
0.0419,0.0000,0.0000,0.0000,0.0418,0.0000,200,1.3974
0.0076,0.0000,0.0000,0.0001,0.0074,0.0000,200,1.4324
0.0380,0.0000,0.0000,0.0000,0.0379,0.0000,200,1.4023
0.0466,0.0000,0.0000,0.0000,0.0465,0.0000,200,1.3941
0.0081,0.0000,0.0000,0.0000,0.0081,0.0001,200,1.4329
0.0242,0.0000,0.0000,0.0000,0.0241,0.0000,200,1.4174
0.0037,0.0000,0.0000,0.0000,0.0036,0.0001,200,1.4382
0.0256,0.0000,0.0000,0.0000,0.0255,0.0001,200,1.4166
0.0032,0.0000,0.0000,0.0000,0.0032,0.0000,200,1.4392
0.0254,0.0000,0.0000,0.0000,0.0253,0.0001,200,1.4176
0.0077,0.0000,0.0000,0.0000,0.0076,0.0000,200,1.4354
0.0021,0.0000,0.0000,0.0000,0.0020,0.0000,200,1.4416
0.0056,0.0000,0.0000,0.0000,0.0055,0.0000,200,1.4387
0.0044,0.0000,0.0000,0.0000,0.0043,0.0000,200,1.4400
0.0133,0.0000,0.0000,0.0000,0.0132,0.0000,200,1.4313
0.0235,0.0000,0.0000,0.0001,0.0233,0.0000,200,1.4213
0.0149,0.0000,0.0000,0.0001,0.0146,0.0001,200,1.4305
0.0223,0.0000,0.0000,0.0000,0.0222,0.0001,200,1.4235
0.0182,0.0000,0.0000,0.0000,0.0181,0.0000,200,1.4284
0.0045,0.0000,0.0000,0.0000,0.0043,0.0002,200,1.4422
0.0431,0.0000,0.0000,0.0000,0.0430,0.0000,200,1.4039
0.0137,0.0000,0.0000,0.0000,0.0136,0.0000,200,1.4339
0.0117,0.0000,0.0000,0.0000,0.0116,0.0000,200,1.4363
0.0065,0.0000,0.0000,0.0001,0.0063,0.0001,200,1.4419
0.0099,0.0000,0.0000,0.0000,0.0098,0.0002,200,1.4390
0.0023,0.0000,0.0000,0.0000,0.0023,0.0000,200,1.4469
0.0139,0.0000,0.0000,0.0000,0.0138,0.0000,200,1.4359
0.0133,0.0000,0.0000,0.0000,0.0130,0.0002,200,1.4371
0.0044,0.0000,0.0000,0.0000,0.0044,0.0000,200,1.4459
0.0076,0.0000,0.0000,0.0001,0.0075,0.0000,200,1.4430
0.0095,0.0000,0.0000,0.0000,0.0094,0.0000,200,1.4431
0.0153,0.0000,0.0000,0.0000,0.0152,0.0000,200,1.4373
0.0442,0.0000,0.0000,0.0000,0.0441,0.0000,200,1.4087
0.0238,0.0000,0.0000,0.0000,0.0236,0.0002,200,1.4292
0.0503,0.0000,0.0000,0.0000,0.0501,0.0001,200,1.4027
0.0110,0.0000,0.0000,0.0000,0.0105,0.0004,200,1.4425
0.0059,0.0000,0.0000,0.0000,0.0054,0.0004,200,1.4484
0.0245,0.0000,0.0000,0.0000,0.0234,0.0010,200,1.4299
0.0233,0.0000,0.0000,0.0000,0.0232,0.0000,200,1.4334
0.0074,0.0000,0.0000,0.0000,0.0073,0.0000,200,1.4493
0.0121,0.0000,0.0000,0.0000,0.0121,0.0000,200,1.4445
0.0114,0.0000,0.0000,0.0003,0.0107,0.0002,200,1.4454
0.0042,0.0000,0.0000,0.0000,0.0038,0.0001,200,1.4526
0.0248,0.0000,0.0000,0.0000,0.0248,0.0000,200,1.4320
0.0102,0.0000,0.0000,0.0000,0.0102,0.0001,200,1.4466
0.0070,0.0000,0.0000,0.0000,0.0070,0.0000,200,1.4503
0.0366,0.0000,0.0000,0.0000,0.0365,0.0000,200,1.4214
0.1105,0.0000,0.0000,0.0000,0.1104,0.0000,200,1.3479
0.0089,0.0000,0.0000,0.0001,0.0087,0.0000,200,1.4497
0.0144,0.0000,0.0000,0.0000,0.0143,0.0000,200,1.4448
0.0474,0.0000,0.0000,0.0000,0.0473,0.0000,200,1.4119
0.0070,0.0000,0.0000,0.0005,0.0064,0.0000,200,1.4529
0.0077,0.0000,0.0000,0.0001,0.0074,0.0002,200,1.4527
0.0014,0.0000,0.0000,0.0000,0.0013,0.0000,200,1.4593
0.0042,0.0000,0.0000,0.0000,0.0041,0.0000,200,1.4568
0.0045,0.0000,0.0000,0.0000,0.0044,0.0000,200,1.4567
0.0646,0.0000,0.0000,0.0000,0.0645,0.0000,200,1.3970
0.0513,0.0000,0.0000,0.0000,0.0512,0.0000,200,1.4107
0.0092,0.0000,0.0000,0.0004,0.0087,0.0000,200,1.4531
0.0234,0.0000,0.0000,0.0000,0.0233,0.0000,200,1.4393
0.0036,0.0000,0.0000,0.0000,0.0036,0.0000,200,1.4599
0.0199,0.0000,0.0000,0.0000,0.0198,0.0001,200,1.4437
0.0739,0.0000,0.0000,0.0000,0.0737,0.0002,200,1.3901
0.0457,0.0000,0.0000,0.0000,0.0457,0.0000,200,1.4191
0.0159,0.0000,0.0000,0.0000,0.0158,0.0000,200,1.4489
0.0617,0.0000,0.0000,0.0000,0.0616,0.0000,200,1.4031
0.0151,0.0000,0.0000,0.0000,0.0150,0.0001,200,1.4503
0.0246,0.0000,0.0000,0.0000,0.0243,0.0003,200,1.4410
0.0571,0.0000,0.0000,0.0000,0.0570,0.0001,200,1.4087
0.0297,0.0000,0.0000,0.0000,0.0294,0.0001,200,1.4365
0.0267,0.0000,0.0000,0.0000,0.0267,0.0000,200,1.4402
0.0534,0.0000,0.0000,0.0000,0.0530,0.0003,200,1.4136
0.0138,0.0000,0.0000,0.0001,0.0137,0.0000,200,1.4534
0.0105,0.0000,0.0000,0.0000,0.0104,0.0001,200,1.4574
0.0371,0.0000,0.0000,0.0001,0.0370,0.0000,200,1.4313
0.0058,0.0000,0.0000,0.0000,0.0057,0.0000,200,1.4627
0.0124,0.0000,0.0000,0.0000,0.0122,0.0002,200,1.4567
0.0070,0.0000,0.0000,0.0000,0.0069,0.0000,200,1.4623
0.0090,0.0000,0.0000,0.0000,0.0089,0.0000,200,1.4611
0.0162,0.0000,0.0000,0.0005,0.0156,0.0001,200,1.4544
0.0431,0.0000,0.0000,0.0000,0.0430,0.0001,200,1.4278
0.0270,0.0000,0.0000,0.0000,0.0269,0.0001,200,1.4444
0.0109,0.0000,0.0000,0.0000,0.0108,0.0000,200,1.4611
0.0019,0.0000,0.0000,0.0000,0.0018,0.0000,200,1.4701
0.0048,0.0000,0.0000,0.0000,0.0046,0.0000,200,1.4678
0.0044,0.0000,0.0000,0.0001,0.0041,0.0002,200,1.4685
0.0346,0.0000,0.0000,0.0000,0.0344,0.0000,200,1.4384
0.0029,0.0000,0.0000,0.0000,0.0028,0.0000,200,1.4705
0.0014,0.0000,0.0000,0.0000,0.0012,0.0002,200,1.4726
0.0176,0.0000,0.0000,0.0000,0.0175,0.0001,200,1.4569
0.0221,0.0000,0.0000,0.0003,0.0217,0.0001,200,1.4530
0.0094,0.0000,0.0000,0.0000,0.0093,0.0000,200,1.4659
0.0621,0.0000,0.0000,0.0000,0.0619,0.0000,200,1.4138
0.0114,0.0000,0.0000,0.0000,0.0113,0.0000,200,1.4648
0.0570,0.0000,0.0000,0.0001,0.0568,0.0001,200,1.4198
0.0034,0.0000,0.0000,0.0000,0.0033,0.0000,200,1.4734
0.0143,0.0000,0.0000,0.0001,0.0142,0.0000,200,1.4636
0.0050,0.0000,0.0000,0.0000,0.0049,0.0000,200,1.4729
0.0021,0.0000,0.0000,0.0000,0.0021,0.0000,200,1.4759
0.0127,0.0000,0.0000,0.0001,0.0124,0.0000,200,1.4654
0.0021,0.0000,0.0000,0.0000,0.0020,0.0001,200,1.4768
0.0082,0.0000,0.0000,0.0000,0.0082,0.0000,200,1.4709
0.0203,0.0000,0.0000,0.0000,0.0202,0.0000,200,1.4592
0.0590,0.0000,0.0000,0.0000,0.0589,0.0001,200,1.4204
0.0214,0.0000,0.0000,0.0000,0.0212,0.0001,200,1.4587
0.0163,0.0000,0.0000,0.0001,0.0161,0.0000,200,1.4640
0.0052,0.0000,0.0000,0.0000,0.0051,0.0000,200,1.4762
0.0061,0.0000,0.0000,0.0000,0.0060,0.0000,200,1.4753
0.0234,0.0000,0.0000,0.0000,0.0234,0.0000,200,1.4580
0.0351,0.0000,0.0000,0.0000,0.0350,0.0001,200,1.4467
0.0190,0.0000,0.0000,0.0000,0.0187,0.0002,200,1.4636
0.0210,0.0000,0.0000,0.0000,0.0209,0.0000,200,1.4616
0.0032,0.0000,0.0000,0.0000,0.0031,0.0001,200,1.4801
0.0056,0.0000,0.0000,0.0000,0.0055,0.0001,200,1.4781
0.0297,0.0000,0.0000,0.0000,0.0296,0.0000,200,1.4542
0.0020,0.0000,0.0000,0.0000,0.0019,0.0000,200,1.4825
0.0129,0.0000,0.0000,0.0000,0.0129,0.0001,200,1.4720
0.0106,0.0000,0.0000,0.0001,0.0104,0.0000,200,1.4745
0.0062,0.0000,0.0000,0.0000,0.0061,0.0001,200,1.4795
0.0193,0.0000,0.0000,0.0000,0.0191,0.0002,200,1.4670
0.0037,0.0000,0.0000,0.0001,0.0035,0.0001,200,1.4833
0.0097,0.0000,0.0000,0.0000,0.0096,0.0000,200,1.4779
0.0065,0.0000,0.0000,0.0000,0.0064,0.0000,200,1.4815
0.0193,0.0000,0.0000,0.0000,0.0192,0.0001,200,1.4691
0.0625,0.0000,0.0000,0.0000,0.0624,0.0000,200,1.4264
0.0162,0.0000,0.0000,0.0000,0.0161,0.0001,200,1.4730
0.0237,0.0000,0.0000,0.0000,0.0236,0.0001,200,1.4662
0.0124,0.0000,0.0000,0.0000,0.0123,0.0000,200,1.4779
0.0401,0.0000,0.0000,0.0001,0.0396,0.0000,200,1.4506
0.0867,0.0000,0.0000,0.0000,0.0863,0.0002,200,1.4044
0.0036,0.0000,0.0000,0.0000,0.0034,0.0001,200,1.4876
0.0435,0.0000,0.0000,0.0000,0.0434,0.0000,200,1.4481
0.0335,0.0000,0.0000,0.0000,0.0334,0.0000,200,1.4584
0.0357,0.0000,0.0000,0.0000,0.0356,0.0001,200,1.4568
0.0091,0.0000,0.0000,0.0000,0.0090,0.0001,200,1.4838
0.0215,0.0000,0.0000,0.0000,0.0213,0.0001,200,1.4714
0.0285,0.0000,0.0000,0.0000,0.0284,0.0001,200,1.4648
0.0266,0.0000,0.0000,0.0000,0.0264,0.0001,200,1.4672
0.0466,0.0000,0.0000,0.0003,0.0462,0.0000,200,1.4476
0.0135,0.0000,0.0000,0.0000,0.0135,0.0000,200,1.4814
0.0127,0.0000,0.0000,0.0000,0.0125,0.0001,200,1.4826
0.0547,0.0000,0.0000,0.0000,0.0546,0.0000,200,1.4407
0.0136,0.0000,0.0000,0.0000,0.0135,0.0000,200,1.4819
0.0164,0.0000,0.0000,0.0001,0.0162,0.0001,200,1.4791
0.0208,0.0000,0.0000,0.0000,0.0207,0.0001,200,1.4752
0.0123,0.0000,0.0000,0.0000,0.0122,0.0001,200,1.4840
0.0039,0.0000,0.0000,0.0000,0.0038,0.0000,200,1.4929
0.0289,0.0000,0.0000,0.0000,0.0287,0.0002,200,1.4684
0.0370,0.0000,0.0000,0.0000,0.0369,0.0000,200,1.4603
0.0019,0.0000,0.0000,0.0002,0.0016,0.0000,200,1.4960
0.0070,0.0000,0.0000,0.0000,0.0070,0.0000,200,1.4911
0.0420,0.0000,0.0000,0.0000,0.0419,0.0001,200,1.4568
0.0018,0.0000,0.0000,0.0000,0.0016,0.0000,200,1.4979
0.0183,0.0000,0.0000,0.0000,0.0182,0.0000,200,1.4814
0.0230,0.0000,0.0000,0.0000,0.0229,0.0000,200,1.4768
0.0149,0.0000,0.0000,0.0001,0.0148,0.0000,200,1.4850
0.0031,0.0000,0.0000,0.0000,0.0029,0.0002,200,1.4968
0.0079,0.0000,0.0000,0.0000,0.0078,0.0001,200,1.4924
0.0030,0.0000,0.0000,0.0000,0.0026,0.0004,200,1.4981
0.0008,0.0000,0.0000,0.0000,0.0008,0.0000,200,1.5004
0.0063,0.0000,0.0000,0.0000,0.0063,0.0000,200,1.4949
0.0018,0.0000,0.0000,0.0000,0.0017,0.0000,200,1.4996
0.0135,0.0000,0.0000,0.0000,0.0134,0.0000,200,1.4884
0.0022,0.0000,0.0000,0.0000,0.0021,0.0000,200,1.4999
0.0367,0.0000,0.0000,0.0000,0.0366,0.0001,200,1.4656
0.0127,0.0000,0.0000,0.0000,0.0126,0.0000,200,1.4903
0.0341,0.0000,0.0000,0.0000,0.0341,0.0001,200,1.4693
0.0013,0.0000,0.0000,0.0000,0.0012,0.0000,200,1.5023
0.0081,0.0000,0.0000,0.0000,0.0080,0.0000,200,1.4955
0.0046,0.0000,0.0000,0.0000,0.0046,0.0000,200,1.4998
0.0094,0.0000,0.0000,0.0000,0.0091,0.0003,200,1.4955
0.0031,0.0000,0.0000,0.0000,0.0029,0.0001,200,1.5018
0.0138,0.0000,0.0000,0.0000,0.0136,0.0001,200,1.4919
0.0087,0.0000,0.0000,0.0001,0.0085,0.0001,200,1.4973
0.0025,0.0000,0.0000,0.0000,0.0024,0.0000,200,1.5036
0.0266,0.0000,0.0000,0.0000,0.0263,0.0002,200,1.4803
0.0141,0.0000,0.0000,0.0000,0.0140,0.0000,200,1.4929
0.0042,0.0000,0.0000,0.0000,0.0041,0.0000,200,1.5034
0.0213,0.0000,0.0000,0.0000,0.0212,0.0000,200,1.4863
0.0070,0.0000,0.0000,0.0000,0.0069,0.0000,200,1.5012
0.0114,0.0000,0.0000,0.0000,0.0113,0.0001,200,1.4974
0.0222,0.0000,0.0000,0.0000,0.0222,0.0000,200,1.4869
0.0035,0.0000,0.0000,0.0000,0.0033,0.0000,200,1.5057
0.0250,0.0000,0.0000,0.0000,0.0249,0.0000,200,1.4845
0.0100,0.0000,0.0000,0.0000,0.0099,0.0000,200,1.4996
0.0087,0.0000,0.0000,0.0000,0.0086,0.0001,200,1.5012
0.0010,0.0000,0.0000,0.0000,0.0009,0.0000,200,1.5091
0.0012,0.0000,0.0000,0.0000,0.0011,0.0001,200,1.5096
0.0113,0.0000,0.0000,0.0000,0.0111,0.0002,200,1.4998
0.0161,0.0000,0.0000,0.0000,0.0161,0.0000,200,1.4953
0.0023,0.0000,0.0000,0.0000,0.0023,0.0000,200,1.5095
0.0192,0.0000,0.0000,0.0000,0.0190,0.0002,200,1.4933
0.0031,0.0000,0.0000,0.0002,0.0026,0.0002,200,1.5099
0.0015,0.0000,0.0000,0.0000,0.0014,0.0001,200,1.5119
0.0192,0.0000,0.0000,0.0000,0.0191,0.0000,200,1.4942
0.0239,0.0000,0.0000,0.0000,0.0238,0.0000,200,1.4899
0.0289,0.0000,0.0000,0.0000,0.0288,0.0001,200,1.4852
0.0077,0.0000,0.0000,0.0000,0.0076,0.0001,200,1.5069
0.0371,0.0000,0.0000,0.0000,0.0370,0.0001,200,1.4780
0.0241,0.0000,0.0000,0.0000,0.0240,0.0000,200,1.4912
0.0019,0.0000,0.0000,0.0000,0.0019,0.0000,200,1.5147
0.0118,0.0000,0.0000,0.0000,0.0117,0.0000,200,1.5049
0.0084,0.0000,0.0000,0.0000,0.0083,0.0000,200,1.5082
0.0108,0.0000,0.0000,0.0000,0.0107,0.0000,200,1.5060
0.0550,0.0000,0.0000,0.0000,0.0549,0.0000,200,1.4620
0.0013,0.0000,0.0000,0.0000,0.0012,0.0000,200,1.5166
0.0265,0.0000,0.0000,0.0000,0.0264,0.0001,200,1.4916
0.0018,0.0000,0.0000,0.0001,0.0016,0.0000,200,1.5166
0.0144,0.0000,0.0000,0.0000,0.0143,0.0000,200,1.5044
0.0178,0.0000,0.0000,0.0000,0.0172,0.0006,200,1.5021
0.0247,0.0000,0.0000,0.0000,0.0246,0.0000,200,1.4953
0.0321,0.0000,0.0000,0.0000,0.0314,0.0006,200,1.4889
0.0096,0.0000,0.0000,0.0000,0.0095,0.0000,200,1.5115
0.0491,0.0000,0.0000,0.0000,0.0490,0.0000,200,1.4720
0.0541,0.0000,0.0000,0.0000,0.0540,0.0000,200,1.4670
0.0422,0.0000,0.0000,0.0000,0.0421,0.0000,200,1.4795
0.0072,0.0000,0.0000,0.0000,0.0071,0.0001,200,1.5151
0.0163,0.0000,0.0000,0.0000,0.0162,0.0001,200,1.5061
0.0048,0.0000,0.0000,0.0000,0.0047,0.0000,200,1.5179
0.0621,0.0000,0.0000,0.0000,0.0620,0.0000,200,1.4607
0.0157,0.0000,0.0000,0.0000,0.0156,0.0000,200,1.5076
0.0042,0.0000,0.0000,0.0000,0.0038,0.0004,200,1.5199
0.0032,0.0000,0.0000,0.0000,0.0031,0.0000,200,1.5210
0.0680,0.0000,0.0000,0.0000,0.0677,0.0002,200,1.4567
0.0105,0.0000,0.0000,0.0000,0.0105,0.0000,200,1.5141
0.0114,0.0000,0.0000,0.0000,0.0113,0.0000,200,1.5134
0.0050,0.0000,0.0000,0.0000,0.0047,0.0003,200,1.5199
0.0147,0.0000,0.0000,0.0000,0.0142,0.0005,200,1.5112
0.0049,0.0000,0.0000,0.0000,0.0048,0.0000,200,1.5211
0.0169,0.0000,0.0000,0.0000,0.0168,0.0001,200,1.5092
0.0053,0.0000,0.0000,0.0001,0.0051,0.0000,200,1.5211
0.0121,0.0000,0.0000,0.0000,0.0121,0.0000,200,1.5153
0.0263,0.0000,0.0000,0.0000,0.0262,0.0000,200,1.5011
0.0026,0.0000,0.0000,0.0000,0.0026,0.0000,200,1.5249
0.0011,0.0000,0.0000,0.0000,0.0011,0.0000,200,1.5264
0.0110,0.0000,0.0000,0.0000,0.0110,0.0000,200,1.5170
0.0102,0.0000,0.0000,0.0000,0.0102,0.0000,200,1.5181
0.0543,0.0000,0.0000,0.0000,0.0542,0.0001,200,1.4741
0.0405,0.0000,0.0000,0.0000,0.0404,0.0000,200,1.4880
0.0036,0.0000,0.0000,0.0000,0.0035,0.0000,200,1.5280
0.0099,0.0000,0.0000,0.0000,0.0098,0.0000,200,1.5217
0.0031,0.0000,0.0000,0.0000,0.0030,0.0001,200,1.5285
0.0059,0.0000,0.0000,0.0000,0.0058,0.0000,200,1.5258
0.0410,0.0000,0.0000,0.0000,0.0410,0.0000,200,1.4907
0.0043,0.0000,0.0000,0.0000,0.0042,0.0000,200,1.5275
0.0092,0.0000,0.0000,0.0000,0.0091,0.0000,200,1.5227
0.0131,0.0000,0.0000,0.0000,0.0130,0.0000,200,1.5188
0.0153,0.0000,0.0000,0.0000,0.0152,0.0000,200,1.5166
0.0090,0.0000,0.0000,0.0000,0.0090,0.0000,200,1.5229
0.0190,0.0000,0.0000,0.0000,0.0189,0.0000,200,1.5130
0.0462,0.0000,0.0000,0.0000,0.0462,0.0000,200,1.4857
0.0677,0.0000,0.0000,0.0000,0.0676,0.0001,200,1.4648
0.0436,0.0000,0.0000,0.0000,0.0436,0.0001,200,1.4892
0.0013,0.0000,0.0000,0.0000,0.0012,0.0000,200,1.5319
0.0091,0.0000,0.0000,0.0000,0.0090,0.0000,200,1.5242
0.0234,0.0000,0.0000,0.0000,0.0232,0.0000,200,1.5102
0.0080,0.0000,0.0000,0.0000,0.0080,0.0000,200,1.5259
0.0009,0.0000,0.0000,0.0000,0.0009,0.0000,200,1.5336
0.0027,0.0000,0.0000,0.0000,0.0026,0.0000,200,1.5319
0.0014,0.0000,0.0000,0.0000,0.0013,0.0000,200,1.5332
0.0364,0.0000,0.0000,0.0000,0.0363,0.0000,200,1.4987
0.0145,0.0000,0.0000,0.0000,0.0145,0.0000,200,1.5211
0.0039,0.0000,0.0000,0.0000,0.0038,0.0000,200,1.5318
0.0237,0.0000,0.0000,0.0000,0.0236,0.0001,200,1.5125
0.0049,0.0000,0.0000,0.0000,0.0048,0.0000,200,1.5319
0.0200,0.0000,0.0000,0.0000,0.0199,0.0000,200,1.5168
0.0146,0.0000,0.0000,0.0000,0.0146,0.0000,200,1.5224
0.0047,0.0000,0.0000,0.0000,0.0043,0.0004,200,1.5332
0.0063,0.0000,0.0000,0.0000,0.0063,0.0000,200,1.5316
0.0062,0.0000,0.0000,0.0000,0.0061,0.0000,200,1.5318
0.0057,0.0000,0.0000,0.0000,0.0056,0.0001,200,1.5328
0.0202,0.0000,0.0000,0.0000,0.0201,0.0000,200,1.5184
0.0142,0.0000,0.0000,0.0000,0.0141,0.0001,200,1.5248
0.0317,0.0000,0.0000,0.0000,0.0316,0.0000,200,1.5076
0.0123,0.0000,0.0000,0.0000,0.0122,0.0000,200,1.5275
0.0083,0.0000,0.0000,0.0000,0.0080,0.0002,200,1.5317
0.0019,0.0000,0.0000,0.0000,0.0018,0.0000,200,1.5385
0.0044,0.0000,0.0000,0.0000,0.0043,0.0000,200,1.5362
0.0092,0.0000,0.0000,0.0000,0.0091,0.0000,200,1.5316
0.0053,0.0000,0.0000,0.0001,0.0050,0.0000,200,1.5357
0.0624,0.0000,0.0000,0.0000,0.0623,0.0000,200,1.4791
0.0012,0.0000,0.0000,0.0002,0.0006,0.0003,200,1.5404
0.0384,0.0000,0.0000,0.0000,0.0384,0.0000,200,1.5036
0.0054,0.0000,0.0000,0.0000,0.0053,0.0001,200,1.5368
0.0186,0.0000,0.0000,0.0000,0.0185,0.0000,200,1.5242
0.0018,0.0000,0.0000,0.0000,0.0017,0.0000,200,1.5410
0.0035,0.0000,0.0000,0.0000,0.0034,0.0000,200,1.5398
0.0191,0.0000,0.0000,0.0000,0.0190,0.0001,200,1.5246
0.0012,0.0000,0.0000,0.0000,0.0011,0.0000,200,1.5427
0.0094,0.0000,0.0000,0.0000,0.0092,0.0001,200,1.5351
0.0418,0.0000,0.0000,0.0000,0.0418,0.0001,200,1.5029
0.0025,0.0000,0.0000,0.0000,0.0022,0.0003,200,1.5428
0.0180,0.0000,0.0000,0.0000,0.0178,0.0002,200,1.5274
0.0445,0.0000,0.0000,0.0000,0.0444,0.0001,200,1.5014
0.0177,0.0000,0.0000,0.0000,0.0177,0.0000,200,1.5284
0.0183,0.0000,0.0000,0.0000,0.0182,0.0001,200,1.5284
0.0056,0.0000,0.0000,0.0000,0.0055,0.0001,200,1.5415
0.0158,0.0000,0.0000,0.0000,0.0157,0.0001,200,1.5316
0.0155,0.0000,0.0000,0.0000,0.0155,0.0000,200,1.5325
0.0108,0.0000,0.0000,0.0000,0.0104,0.0004,200,1.5379
0.0142,0.0000,0.0000,0.0000,0.0141,0.0001,200,1.5346
0.0111,0.0000,0.0000,0.0000,0.0111,0.0000,200,1.5380
0.0051,0.0000,0.0000,0.0001,0.0049,0.0001,200,1.5444
0.0450,0.0000,0.0000,0.0000,0.0449,0.0000,200,1.5049
0.1057,0.0000,0.0000,0.0000,0.1056,0.0001,200,1.4442
0.0033,0.0000,0.0000,0.0000,0.0032,0.0000,200,1.5471
0.0370,0.0000,0.0000,0.0001,0.0368,0.0000,200,1.5138
0.0105,0.0000,0.0000,0.0000,0.0104,0.0000,200,1.5406
0.0143,0.0000,0.0000,0.0000,0.0142,0.0001,200,1.5370
0.0244,0.0000,0.0000,0.0000,0.0242,0.0002,200,1.5274
0.0033,0.0000,0.0000,0.0000,0.0032,0.0000,200,1.5495
0.0078,0.0000,0.0000,0.0000,0.0077,0.0000,200,1.5461
0.0295,0.0000,0.0000,0.0000,0.0291,0.0004,200,1.5246
0.0232,0.0000,0.0000,0.0000,0.0231,0.0000,200,1.5318
0.0050,0.0000,0.0000,0.0000,0.0050,0.0000,200,1.5500
0.0320,0.0000,0.0000,0.0000,0.0319,0.0000,200,1.5233
0.0059,0.0000,0.0000,0.0000,0.0058,0.0000,200,1.5491
0.0448,0.0000,0.0000,0.0000,0.0447,0.0001,200,1.5108
0.0084,0.0000,0.0000,0.0000,0.0083,0.0001,200,1.5475
0.0022,0.0000,0.0000,0.0001,0.0019,0.0000,200,1.5539
0.0141,0.0000,0.0000,0.0000,0.0138,0.0000,200,1.5422
0.0185,0.0000,0.0000,0.0000,0.0185,0.0000,200,1.5380
0.0256,0.0000,0.0000,0.0000,0.0256,0.0001,200,1.5319
0.0263,0.0000,0.0000,0.0000,0.0262,0.0001,200,1.5317
0.0177,0.0000,0.0000,0.0000,0.0176,0.0000,200,1.5408
0.0250,0.0000,0.0000,0.0000,0.0246,0.0003,200,1.5339
0.0628,0.0000,0.0000,0.0000,0.0626,0.0001,200,1.4963
0.0067,0.0000,0.0000,0.0000,0.0065,0.0001,200,1.5529
0.0009,0.0000,0.0000,0.0000,0.0007,0.0001,200,1.5590
0.0148,0.0000,0.0000,0.0000,0.0147,0.0000,200,1.5454
0.0115,0.0000,0.0000,0.0000,0.0114,0.0000,200,1.5488
0.0035,0.0000,0.0000,0.0000,0.0033,0.0001,200,1.5576
0.0060,0.0000,0.0000,0.0000,0.0059,0.0001,200,1.5553
0.0489,0.0000,0.0000,0.0000,0.0486,0.0003,200,1.5134
0.0535,0.0000,0.0000,0.0000,0.0534,0.0000,200,1.5088
0.0016,0.0000,0.0000,0.0000,0.0013,0.0001,200,1.5610
0.0282,0.0000,0.0000,0.0000,0.0281,0.0000,200,1.5346
0.0010,0.0000,0.0000,0.0000,0.0009,0.0000,200,1.5623
0.0043,0.0000,0.0000,0.0000,0.0042,0.0000,200,1.5595
0.0138,0.0000,0.0000,0.0000,0.0137,0.0001,200,1.5507
0.0144,0.0000,0.0000,0.0000,0.0143,0.0001,200,1.5504
0.0037,0.0000,0.0000,0.0000,0.0034,0.0000,200,1.5614
0.0100,0.0000,0.0000,0.0000,0.0100,0.0000,200,1.5556
0.0107,0.0000,0.0000,0.0000,0.0105,0.0001,200,1.5553
0.0184,0.0000,0.0000,0.0000,0.0184,0.0001,200,1.5481
0.0024,0.0000,0.0000,0.0000,0.0023,0.0000,200,1.5645
0.0162,0.0000,0.0000,0.0000,0.0161,0.0000,200,1.5511
0.0189,0.0000,0.0000,0.0000,0.0188,0.0000,200,1.5488
0.0324,0.0000,0.0000,0.0000,0.0320,0.0003,200,1.5356
0.0119,0.0000,0.0000,0.0000,0.0118,0.0000,200,1.5561
0.0016,0.0000,0.0000,0.0000,0.0015,0.0001,200,1.5669
0.0088,0.0000,0.0000,0.0000,0.0087,0.0001,200,1.5628
0.0220,0.0000,0.0000,0.0000,0.0219,0.0000,200,1.5499
0.0334,0.0000,0.0000,0.0000,0.0332,0.0000,200,1.5385
0.0119,0.0000,0.0000,0.0000,0.0118,0.0000,200,1.5602
0.0135,0.0000,0.0000,0.0000,0.0135,0.0000,200,1.5585
0.0254,0.0000,0.0000,0.0001,0.0252,0.0000,200,1.5467
0.0073,0.0000,0.0000,0.0000,0.0072,0.0000,200,1.5648
0.0329,0.0000,0.0000,0.0000,0.0328,0.0000,200,1.5393
0.0172,0.0000,0.0000,0.0000,0.0171,0.0000,200,1.5550
0.0302,0.0000,0.0000,0.0000,0.0301,0.0000,200,1.5420
0.0069,0.0000,0.0000,0.0000,0.0068,0.0001,200,1.5657
0.0100,0.0000,0.0000,0.0000,0.0099,0.0001,200,1.5627
0.0329,0.0000,0.0000,0.0000,0.0328,0.0001,200,1.5400
0.0109,0.0000,0.0000,0.0000,0.0108,0.0000,200,1.5623
0.0170,0.0000,0.0000,0.0000,0.0169,0.0000,200,1.5563
0.0367,0.0000,0.0000,0.0000,0.0366,0.0000,200,1.5368
0.0320,0.0000,0.0000,0.0000,0.0320,0.0000,200,1.5416
0.0300,0.0000,0.0000,0.0000,0.0299,0.0000,200,1.5439
0.0293,0.0000,0.0000,0.0000,0.0293,0.0000,200,1.5448
0.0177,0.0000,0.0000,0.0000,0.0177,0.0000,200,1.5565
0.0116,0.0000,0.0000,0.0000,0.0115,0.0001,200,1.5633
0.0207,0.0000,0.0000,0.0000,0.0206,0.0000,200,1.5550
0.0032,0.0000,0.0000,0.0000,0.0031,0.0000,200,1.5735
0.0545,0.0000,0.0000,0.0000,0.0544,0.0000,200,1.5223
0.0184,0.0000,0.0000,0.0000,0.0183,0.0000,200,1.5591
0.0029,0.0000,0.0000,0.0000,0.0028,0.0000,200,1.5757
0.0352,0.0000,0.0000,0.0000,0.0351,0.0000,200,1.5437
0.0074,0.0000,0.0000,0.0000,0.0074,0.0001,200,1.5721
0.0082,0.0000,0.0000,0.0000,0.0082,0.0000,200,1.5721
0.0099,0.0000,0.0000,0.0000,0.0098,0.0000,200,1.5717
0.0559,0.0000,0.0000,0.0000,0.0558,0.0000,200,1.5261
0.0777,0.0000,0.0000,0.0000,0.0776,0.0000,200,1.5070
0.0243,0.0000,0.0000,0.0002,0.0242,0.0000,200,1.5603
0.0187,0.0000,0.0000,0.0000,0.0187,0.0000,200,1.5660
0.0052,0.0000,0.0000,0.0000,0.0052,0.0000,200,1.5796
0.0170,0.0000,0.0000,0.0000,0.0169,0.0000,200,1.5680
0.0133,0.0000,0.0000,0.0000,0.0132,0.0000,200,1.5722
0.0928,0.0000,0.0000,0.0000,0.0927,0.0001,200,1.4938
0.0202,0.0000,0.0000,0.0000,0.0201,0.0000,200,1.5665
0.0411,0.0000,0.0000,0.0000,0.0408,0.0001,200,1.5459
0.0154,0.0000,0.0000,0.0000,0.0151,0.0000,200,1.5719
0.0034,0.0000,0.0000,0.0000,0.0034,0.0000,200,1.5848
0.0206,0.0000,0.0000,0.0000,0.0202,0.0003,200,1.5685
0.0013,0.0000,0.0000,0.0000,0.0012,0.0001,200,1.5882
0.0224,0.0000,0.0000,0.0000,0.0223,0.0000,200,1.5676
0.0038,0.0000,0.0000,0.0000,0.0037,0.0001,200,1.5867
0.0347,0.0000,0.0000,0.0000,0.0346,0.0000,200,1.5559
0.0192,0.0000,0.0000,0.0000,0.0191,0.0000,200,1.5721
0.0134,0.0000,0.0000,0.0000,0.0134,0.0000,200,1.5786
0.0196,0.0000,0.0000,0.0000,0.0195,0.0000,200,1.5725
0.0473,0.0000,0.0000,0.0000,0.0471,0.0001,200,1.5453
0.0266,0.0000,0.0000,0.0000,0.0265,0.0000,200,1.5673
0.0225,0.0000,0.0000,0.0000,0.0224,0.0001,200,1.5721
0.0187,0.0000,0.0000,0.0000,0.0185,0.0002,200,1.5767
0.0042,0.0000,0.0000,0.0000,0.0041,0.0001,200,1.5913
0.0527,0.0000,0.0000,0.0000,0.0526,0.0000,200,1.5433
0.0099,0.0000,0.0000,0.0000,0.0098,0.0000,200,1.5867
0.0245,0.0000,0.0000,0.0000,0.0244,0.0000,200,1.5729
0.0014,0.0000,0.0000,0.0000,0.0013,0.0001,200,1.5966
0.0071,0.0000,0.0000,0.0000,0.0070,0.0000,200,1.5926
0.0150,0.0000,0.0000,0.0000,0.0149,0.0001,200,1.5850
0.0217,0.0000,0.0000,0.0000,0.0215,0.0001,200,1.5789
0.0286,0.0000,0.0000,0.0000,0.0285,0.0000,200,1.5727
0.0269,0.0000,0.0000,0.0000,0.0267,0.0001,200,1.5749
0.0129,0.0000,0.0000,0.0000,0.0128,0.0001,200,1.5891
0.0307,0.0000,0.0000,0.0000,0.0306,0.0000,200,1.5721
0.0296,0.0000,0.0000,0.0000,0.0295,0.0000,200,1.5736
0.0384,0.0000,0.0000,0.0000,0.0383,0.0001,200,1.5651
0.0060,0.0000,0.0000,0.0000,0.0058,0.0001,200,1.5980
0.0173,0.0000,0.0000,0.0000,0.0172,0.0000,200,1.5874
0.0179,0.0000,0.0000,0.0000,0.0178,0.0000,200,1.5870
0.0031,0.0000,0.0000,0.0000,0.0030,0.0000,200,1.6018
0.0149,0.0000,0.0000,0.0000,0.0147,0.0002,200,1.5906
0.0212,0.0000,0.0000,0.0000,0.0211,0.0000,200,1.5847
0.0142,0.0000,0.0000,0.0000,0.0141,0.0001,200,1.5920
0.0048,0.0000,0.0000,0.0000,0.0047,0.0001,200,1.6020
0.0021,0.0000,0.0000,0.0000,0.0020,0.0001,200,1.6049
0.0151,0.0000,0.0000,0.0000,0.0150,0.0001,200,1.5921
0.0306,0.0000,0.0000,0.0000,0.0305,0.0000,200,1.5775
0.0037,0.0000,0.0000,0.0000,0.0037,0.0000,200,1.6046
0.0189,0.0000,0.0000,0.0000,0.0188,0.0000,200,1.5900
0.0453,0.0000,0.0000,0.0000,0.0451,0.0001,200,1.5639
0.0056,0.0000,0.0000,0.0000,0.0055,0.0001,200,1.6040
0.0096,0.0000,0.0000,0.0000,0.0095,0.0000,200,1.6006
0.0037,0.0000,0.0000,0.0000,0.0036,0.0000,200,1.6068
0.0373,0.0000,0.0000,0.0000,0.0372,0.0000,200,1.5733
0.0391,0.0000,0.0000,0.0000,0.0391,0.0000,200,1.5720
0.0372,0.0000,0.0000,0.0001,0.0371,0.0000,200,1.5741
0.0158,0.0000,0.0000,0.0000,0.0157,0.0001,200,1.5960
0.0392,0.0000,0.0000,0.0000,0.0391,0.0000,200,1.5732
0.0171,0.0000,0.0000,0.0000,0.0170,0.0000,200,1.5955
0.0115,0.0000,0.0000,0.0000,0.0115,0.0000,200,1.6013
0.0034,0.0000,0.0000,0.0000,0.0033,0.0001,200,1.6102
0.0323,0.0000,0.0000,0.0000,0.0322,0.0000,200,1.5815
0.0628,0.0000,0.0000,0.0000,0.0625,0.0000,200,1.5513
0.0055,0.0000,0.0000,0.0000,0.0052,0.0002,200,1.6096
0.0154,0.0000,0.0000,0.0000,0.0154,0.0000,200,1.6000
0.0050,0.0000,0.0000,0.0000,0.0049,0.0000,200,1.6111
0.0361,0.0000,0.0000,0.0000,0.0360,0.0000,200,1.5803
0.0119,0.0000,0.0000,0.0000,0.0118,0.0001,200,1.6049
0.0325,0.0000,0.0000,0.0000,0.0324,0.0000,200,1.5846
0.0026,0.0000,0.0000,0.0000,0.0024,0.0002,200,1.6151
0.0123,0.0000,0.0000,0.0000,0.0122,0.0000,200,1.6055
0.0025,0.0000,0.0000,0.0000,0.0024,0.0000,200,1.6154
0.0095,0.0000,0.0000,0.0000,0.0094,0.0000,200,1.6092
0.0371,0.0000,0.0000,0.0000,0.0370,0.0001,200,1.5820
0.0125,0.0000,0.0000,0.0001,0.0121,0.0001,200,1.6070
0.0038,0.0000,0.0000,0.0000,0.0036,0.0001,200,1.6161
0.0685,0.0000,0.0000,0.0000,0.0684,0.0000,200,1.5519
0.0176,0.0000,0.0000,0.0000,0.0176,0.0000,200,1.6027
0.0024,0.0000,0.0000,0.0000,0.0023,0.0001,200,1.6187
0.0083,0.0000,0.0000,0.0000,0.0082,0.0000,200,1.6128
0.0368,0.0000,0.0000,0.0000,0.0367,0.0000,200,1.5847
0.0022,0.0000,0.0000,0.0000,0.0020,0.0001,200,1.6199
0.0163,0.0000,0.0000,0.0000,0.0162,0.0000,200,1.6062
0.0111,0.0000,0.0000,0.0000,0.0111,0.0000,200,1.6119
0.0096,0.0000,0.0000,0.0000,0.0095,0.0001,200,1.6138
0.0133,0.0000,0.0000,0.0000,0.0132,0.0000,200,1.6105
0.0119,0.0000,0.0000,0.0000,0.0118,0.0001,200,1.6124
0.0055,0.0000,0.0000,0.0000,0.0054,0.0000,200,1.6191
0.0044,0.0000,0.0000,0.0000,0.0044,0.0000,200,1.6203
0.0512,0.0000,0.0000,0.0000,0.0512,0.0000,200,1.5739
0.0577,0.0000,0.0000,0.0000,0.0577,0.0000,200,1.5680
0.0665,0.0000,0.0000,0.0000,0.0664,0.0000,200,1.5599
0.0053,0.0000,0.0000,0.0000,0.0052,0.0000,200,1.6211
0.0166,0.0000,0.0000,0.0000,0.0165,0.0001,200,1.6105
0.0107,0.0000,0.0000,0.0000,0.0106,0.0000,200,1.6168
0.0055,0.0000,0.0000,0.0000,0.0054,0.0000,200,1.6225
0.0110,0.0000,0.0000,0.0000,0.0108,0.0000,200,1.6176
0.0569,0.0000,0.0000,0.0000,0.0569,0.0000,200,1.5722
0.0321,0.0000,0.0000,0.0000,0.0320,0.0001,200,1.5974
0.0105,0.0000,0.0000,0.0001,0.0104,0.0001,200,1.6195
0.0059,0.0000,0.0000,0.0000,0.0058,0.0000,200,1.6246
0.0216,0.0000,0.0000,0.0000,0.0214,0.0001,200,1.6089
0.0067,0.0000,0.0000,0.0000,0.0066,0.0001,200,1.6248
0.0976,0.0000,0.0000,0.0000,0.0972,0.0002,200,1.5346
0.0030,0.0000,0.0000,0.0000,0.0030,0.0000,200,1.6291
0.0152,0.0000,0.0000,0.0000,0.0151,0.0001,200,1.6171
0.0198,0.0000,0.0000,0.0000,0.0197,0.0000,200,1.6126
0.0295,0.0000,0.0000,0.0000,0.0294,0.0000,200,1.6035
0.0060,0.0000,0.0000,0.0000,0.0059,0.0000,200,1.6271
0.0254,0.0000,0.0000,0.0000,0.0254,0.0000,200,1.6084
0.0010,0.0000,0.0000,0.0000,0.0009,0.0000,200,1.6330
0.0083,0.0000,0.0000,0.0000,0.0082,0.0001,200,1.6264
0.0405,0.0000,0.0000,0.0000,0.0404,0.0000,200,1.5946
0.0122,0.0000,0.0000,0.0000,0.0121,0.0000,200,1.6234
0.0180,0.0000,0.0000,0.0000,0.0179,0.0000,200,1.6179
0.0106,0.0000,0.0000,0.0000,0.0105,0.0001,200,1.6257
0.0204,0.0000,0.0000,0.0000,0.0203,0.0000,200,1.6164
0.0468,0.0000,0.0000,0.0000,0.0467,0.0000,200,1.5905
0.0111,0.0000,0.0000,0.0000,0.0110,0.0000,200,1.6263
0.0087,0.0000,0.0000,0.0001,0.0085,0.0000,200,1.6294
0.0078,0.0000,0.0000,0.0000,0.0078,0.0000,200,1.6304
0.0615,0.0000,0.0000,0.0000,0.0613,0.0002,200,1.5768
0.0048,0.0000,0.0000,0.0000,0.0048,0.0000,200,1.6338
0.0180,0.0000,0.0000,0.0000,0.0179,0.0000,200,1.6211
0.0143,0.0000,0.0000,0.0000,0.0141,0.0001,200,1.6251
0.0176,0.0000,0.0000,0.0000,0.0175,0.0000,200,1.6220
0.0050,0.0000,0.0000,0.0000,0.0049,0.0001,200,1.6351
0.0453,0.0000,0.0000,0.0000,0.0451,0.0001,200,1.5953
0.0094,0.0000,0.0000,0.0001,0.0092,0.0001,200,1.6314
0.0177,0.0000,0.0000,0.0000,0.0174,0.0002,200,1.6238
0.0135,0.0000,0.0000,0.0000,0.0134,0.0000,200,1.6280
0.0049,0.0000,0.0000,0.0000,0.0048,0.0000,200,1.6373
0.0046,0.0000,0.0000,0.0000,0.0045,0.0000,200,1.6383
0.0397,0.0000,0.0000,0.0000,0.0395,0.0001,200,1.6032
0.0047,0.0000,0.0000,0.0000,0.0043,0.0003,200,1.6387
0.0230,0.0000,0.0000,0.0000,0.0229,0.0001,200,1.6203
0.0134,0.0000,0.0000,0.0000,0.0133,0.0001,200,1.6305
0.0019,0.0000,0.0000,0.0000,0.0018,0.0001,200,1.6421
0.0009,0.0000,0.0000,0.0001,0.0008,0.0000,200,1.6434
0.0906,0.0000,0.0000,0.0000,0.0898,0.0001,200,1.5542
0.0310,0.0000,0.0000,0.0000,0.0309,0.0000,200,1.6142
0.0100,0.0000,0.0000,0.0000,0.0099,0.0001,200,1.6356
0.0461,0.0000,0.0000,0.0000,0.0461,0.0000,200,1.5997
0.0127,0.0000,0.0000,0.0000,0.0126,0.0001,200,1.6340
0.0088,0.0000,0.0000,0.0000,0.0087,0.0000,200,1.6382
0.0075,0.0000,0.0000,0.0000,0.0074,0.0000,200,1.6406
0.0026,0.0000,0.0000,0.0000,0.0025,0.0000,200,1.6456
0.0268,0.0000,0.0000,0.0000,0.0265,0.0002,200,1.6214
0.0091,0.0000,0.0000,0.0000,0.0088,0.0000,200,1.6394
0.0188,0.0000,0.0000,0.0000,0.0187,0.0000,200,1.6300
0.0020,0.0000,0.0000,0.0000,0.0020,0.0000,200,1.6470
0.0168,0.0000,0.0000,0.0000,0.0158,0.0010,200,1.6324
0.0101,0.0000,0.0000,0.0000,0.0100,0.0000,200,1.6391
0.0171,0.0000,0.0000,0.0000,0.0170,0.0001,200,1.6322
0.0213,0.0000,0.0000,0.0000,0.0212,0.0000,200,1.6286
0.0064,0.0000,0.0000,0.0001,0.0063,0.0000,200,1.6439
0.0393,0.0000,0.0000,0.0000,0.0393,0.0001,200,1.6113
0.0115,0.0000,0.0000,0.0000,0.0114,0.0000,200,1.6396
0.0048,0.0000,0.0000,0.0000,0.0047,0.0001,200,1.6467
0.0091,0.0000,0.0000,0.0000,0.0090,0.0000,200,1.6429
0.0036,0.0000,0.0000,0.0000,0.0034,0.0000,200,1.6484
0.0089,0.0000,0.0000,0.0000,0.0088,0.0000,200,1.6433
0.0017,0.0000,0.0000,0.0000,0.0017,0.0000,200,1.6507
0.0253,0.0000,0.0000,0.0000,0.0253,0.0000,200,1.6276
0.0081,0.0000,0.0000,0.0000,0.0080,0.0000,200,1.6451
0.0057,0.0000,0.0000,0.0000,0.0057,0.0000,200,1.6481
0.0220,0.0000,0.0000,0.0000,0.0216,0.0003,200,1.6321
0.0365,0.0000,0.0000,0.0000,0.0361,0.0001,200,1.6178
0.0062,0.0000,0.0000,0.0001,0.0058,0.0003,200,1.6483
0.0146,0.0000,0.0000,0.0000,0.0144,0.0002,200,1.6401
0.0138,0.0000,0.0000,0.0000,0.0137,0.0001,200,1.6415
0.0976,0.0000,0.0000,0.0000,0.0975,0.0001,200,1.5580
0.0076,0.0000,0.0000,0.0000,0.0075,0.0001,200,1.6488
0.0220,0.0000,0.0000,0.0000,0.0219,0.0001,200,1.6347
0.0198,0.0000,0.0000,0.0000,0.0195,0.0001,200,1.6374
0.0044,0.0000,0.0000,0.0000,0.0042,0.0002,200,1.6532
0.0339,0.0000,0.0000,0.0000,0.0338,0.0000,200,1.6243
0.0728,0.0000,0.0000,0.0000,0.0727,0.0000,200,1.5855
0.0357,0.0000,0.0000,0.0000,0.0356,0.0000,200,1.6230
0.0231,0.0000,0.0000,0.0000,0.0231,0.0000,200,1.6359
0.0010,0.0000,0.0000,0.0000,0.0009,0.0000,200,1.6583
0.0218,0.0000,0.0000,0.0000,0.0217,0.0001,200,1.6383
0.0278,0.0000,0.0000,0.0000,0.0277,0.0000,200,1.6323
0.0163,0.0000,0.0000,0.0000,0.0161,0.0001,200,1.6443
0.0063,0.0000,0.0000,0.0000,0.0062,0.0000,200,1.6545
0.0084,0.0000,0.0000,0.0000,0.0084,0.0000,200,1.6529
0.0072,0.0000,0.0000,0.0000,0.0072,0.0000,200,1.6547
0.0097,0.0000,0.0000,0.0000,0.0096,0.0001,200,1.6522
0.0209,0.0000,0.0000,0.0000,0.0209,0.0001,200,1.6415
0.0057,0.0000,0.0000,0.0000,0.0056,0.0000,200,1.6572
0.0152,0.0000,0.0000,0.0000,0.0151,0.0000,200,1.6481
0.0502,0.0000,0.0000,0.0001,0.0500,0.0000,200,1.6137
0.0072,0.0000,0.0000,0.0000,0.0071,0.0000,200,1.6567
0.0150,0.0000,0.0000,0.0000,0.0150,0.0000,200,1.6492
0.0205,0.0000,0.0000,0.0000,0.0205,0.0000,200,1.6441
0.0036,0.0000,0.0000,0.0000,0.0035,0.0001,200,1.6613
0.0053,0.0000,0.0000,0.0000,0.0052,0.0000,200,1.6601
0.0050,0.0000,0.0000,0.0000,0.0047,0.0003,200,1.6606
0.0328,0.0000,0.0000,0.0000,0.0327,0.0000,200,1.6332
0.0071,0.0000,0.0000,0.0000,0.0066,0.0004,200,1.6593
0.0035,0.0000,0.0000,0.0000,0.0034,0.0000,200,1.6630
0.0041,0.0000,0.0000,0.0001,0.0040,0.0000,200,1.6625
0.0064,0.0000,0.0000,0.0000,0.0064,0.0000,200,1.6601
0.0261,0.0000,0.0000,0.0000,0.0258,0.0002,200,1.6408
0.0301,0.0000,0.0000,0.0000,0.0300,0.0000,200,1.6369
0.0092,0.0000,0.0000,0.0000,0.0089,0.0002,200,1.6581
0.0781,0.0000,0.0000,0.0000,0.0778,0.0003,200,1.5895
0.0617,0.0000,0.0000,0.0000,0.0616,0.0000,200,1.6059
0.0071,0.0000,0.0000,0.0000,0.0070,0.0000,200,1.6608
0.0234,0.0000,0.0000,0.0000,0.0230,0.0001,200,1.6459
0.0019,0.0000,0.0000,0.0000,0.0015,0.0001,200,1.6679
0.1309,0.0000,0.0000,0.0000,0.1308,0.0001,200,1.5390
0.0043,0.0000,0.0000,0.0000,0.0042,0.0000,200,1.6659
0.0063,0.0000,0.0000,0.0001,0.0061,0.0001,200,1.6642
0.0039,0.0000,0.0000,0.0000,0.0037,0.0002,200,1.6673
0.0984,0.0000,0.0000,0.0000,0.0974,0.0009,200,1.5742
0.0107,0.0000,0.0000,0.0000,0.0097,0.0009,200,1.6619
0.0088,0.0000,0.0000,0.0000,0.0081,0.0007,200,1.6639
0.0647,0.0000,0.0000,0.0000,0.0640,0.0006,200,1.6080
0.0058,0.0000,0.0000,0.0001,0.0051,0.0006,200,1.6669
0.0194,0.0000,0.0000,0.0000,0.0188,0.0001,200,1.6539
0.0238,0.0000,0.0000,0.0000,0.0236,0.0002,200,1.6498
0.0160,0.0000,0.0000,0.0000,0.0159,0.0000,200,1.6576
0.0084,0.0000,0.0000,0.0000,0.0071,0.0000,200,1.6656
0.0037,0.0000,0.0000,0.0000,0.0035,0.0000,200,1.6705
0.0100,0.0000,0.0000,0.0000,0.0099,0.0001,200,1.6646
0.0257,0.0000,0.0000,0.0001,0.0256,0.0001,200,1.6493
0.0209,0.0000,0.0000,0.0000,0.0208,0.0000,200,1.6543
0.0193,0.0000,0.0000,0.0000,0.0192,0.0001,200,1.6564
0.0218,0.0000,0.0000,0.0000,0.0217,0.0000,200,1.6542
0.0687,0.0000,0.0000,0.0001,0.0684,0.0002,200,1.6073
0.0275,0.0000,0.0000,0.0000,0.0274,0.0001,200,1.6490
0.0071,0.0000,0.0000,0.0000,0.0070,0.0000,200,1.6700
0.0046,0.0000,0.0000,0.0000,0.0044,0.0001,200,1.6726
0.0137,0.0000,0.0000,0.0001,0.0135,0.0000,200,1.6639
0.0040,0.0000,0.0000,0.0000,0.0039,0.0001,200,1.6737
0.0331,0.0000,0.0000,0.0000,0.0330,0.0000,200,1.6448
0.0051,0.0000,0.0000,0.0000,0.0048,0.0003,200,1.6736
0.0851,0.0000,0.0000,0.0000,0.0850,0.0000,200,1.5938
0.0044,0.0000,0.0000,0.0000,0.0042,0.0002,200,1.6750
0.0042,0.0000,0.0000,0.0000,0.0042,0.0000,200,1.6752
0.0143,0.0000,0.0000,0.0000,0.0141,0.0001,200,1.6654
0.0073,0.0000,0.0000,0.0000,0.0071,0.0001,200,1.6726
0.0135,0.0000,0.0000,0.0002,0.0131,0.0000,200,1.6669
0.0190,0.0000,0.0000,0.0000,0.0189,0.0000,200,1.6619
0.0041,0.0000,0.0000,0.0000,0.0040,0.0000,200,1.6772
0.0048,0.0000,0.0000,0.0000,0.0047,0.0001,200,1.6765
0.0227,0.0000,0.0000,0.0000,0.0227,0.0000,200,1.6591
0.0062,0.0000,0.0000,0.0001,0.0060,0.0000,200,1.6757
0.0090,0.0000,0.0000,0.0000,0.0090,0.0000,200,1.6732
0.0400,0.0000,0.0000,0.0000,0.0399,0.0000,200,1.6429
0.0275,0.0000,0.0000,0.0000,0.0275,0.0000,200,1.6556
0.0139,0.0000,0.0000,0.0001,0.0135,0.0000,200,1.6692
0.0348,0.0000,0.0000,0.0000,0.0345,0.0002,200,1.6492
0.0047,0.0000,0.0000,0.0000,0.0044,0.0003,200,1.6794
0.0047,0.0000,0.0000,0.0000,0.0046,0.0000,200,1.6794
0.0104,0.0000,0.0000,0.0000,0.0103,0.0000,200,1.6742
0.0042,0.0000,0.0000,0.0000,0.0041,0.0001,200,1.6809
0.0050,0.0000,0.0000,0.0000,0.0048,0.0001,200,1.6804
0.0495,0.0000,0.0000,0.0000,0.0494,0.0000,200,1.6363
0.0077,0.0000,0.0000,0.0000,0.0076,0.0001,200,1.6790
0.0348,0.0000,0.0000,0.0000,0.0347,0.0001,200,1.6519
0.0037,0.0000,0.0000,0.0000,0.0035,0.0001,200,1.6831
0.0135,0.0000,0.0000,0.0000,0.0134,0.0001,200,1.6740
0.0183,0.0000,0.0000,0.0001,0.0172,0.0002,200,1.6698
0.0357,0.0000,0.0000,0.0000,0.0356,0.0000,200,1.6524
0.0295,0.0000,0.0000,0.0000,0.0294,0.0000,200,1.6587
0.0161,0.0000,0.0000,0.0000,0.0160,0.0001,200,1.6727
0.0260,0.0000,0.0000,0.0000,0.0260,0.0000,200,1.6633
0.0228,0.0000,0.0000,0.0000,0.0227,0.0000,200,1.6666
0.0236,0.0000,0.0000,0.0000,0.0235,0.0000,200,1.6664
0.0126,0.0000,0.0000,0.0000,0.0125,0.0000,200,1.6778
0.0038,0.0000,0.0000,0.0000,0.0036,0.0000,200,1.6868
0.0054,0.0000,0.0000,0.0000,0.0053,0.0001,200,1.6854
0.0074,0.0000,0.0000,0.0000,0.0072,0.0001,200,1.6841
0.0141,0.0000,0.0000,0.0000,0.0140,0.0000,200,1.6777
0.0255,0.0000,0.0000,0.0000,0.0254,0.0000,200,1.6666
0.0018,0.0000,0.0000,0.0000,0.0017,0.0000,200,1.6908
0.0205,0.0000,0.0000,0.0000,0.0204,0.0000,200,1.6727
0.0124,0.0000,0.0000,0.0000,0.0122,0.0000,200,1.6814
0.0142,0.0000,0.0000,0.0000,0.0139,0.0002,200,1.6797
0.0039,0.0000,0.0000,0.0000,0.0038,0.0001,200,1.6905
0.0054,0.0000,0.0000,0.0000,0.0053,0.0000,200,1.6893
0.0131,0.0000,0.0000,0.0001,0.0129,0.0000,200,1.6819
0.0115,0.0000,0.0000,0.0000,0.0114,0.0000,200,1.6841
0.0012,0.0000,0.0000,0.0000,0.0012,0.0000,200,1.6944
0.0109,0.0000,0.0000,0.0000,0.0108,0.0000,200,1.6852
0.0066,0.0000,0.0000,0.0000,0.0064,0.0001,200,1.6900
0.0456,0.0000,0.0000,0.0000,0.0454,0.0001,200,1.6515
0.0295,0.0000,0.0000,0.0000,0.0294,0.0000,200,1.6676
0.0042,0.0000,0.0000,0.0000,0.0041,0.0000,200,1.6932
0.0085,0.0000,0.0000,0.0000,0.0085,0.0000,200,1.6893
0.0101,0.0000,0.0000,0.0000,0.0100,0.0001,200,1.6881
0.0311,0.0000,0.0000,0.0000,0.0309,0.0001,200,1.6676
0.0024,0.0000,0.0000,0.0001,0.0022,0.0000,200,1.6966
0.0326,0.0000,0.0000,0.0000,0.0325,0.0001,200,1.6665
0.0165,0.0000,0.0000,0.0000,0.0164,0.0001,200,1.6831
0.0062,0.0000,0.0000,0.0000,0.0060,0.0000,200,1.6939
0.0131,0.0000,0.0000,0.0000,0.0129,0.0001,200,1.6876
0.0190,0.0000,0.0000,0.0000,0.0189,0.0001,200,1.6818
0.0041,0.0000,0.0000,0.0000,0.0039,0.0001,200,1.6974
0.0094,0.0000,0.0000,0.0000,0.0093,0.0001,200,1.6926
0.0087,0.0000,0.0000,0.0000,0.0085,0.0001,200,1.6937
0.0253,0.0000,0.0000,0.0000,0.0252,0.0000,200,1.6776
0.0027,0.0000,0.0000,0.0000,0.0026,0.0001,200,1.7008
0.0256,0.0000,0.0000,0.0002,0.0242,0.0001,200,1.6787
0.0285,0.0000,0.0000,0.0000,0.0285,0.0000,200,1.6760
0.0034,0.0000,0.0000,0.0000,0.0033,0.0001,200,1.7014
0.0309,0.0000,0.0000,0.0000,0.0308,0.0001,200,1.6745
0.0174,0.0000,0.0000,0.0000,0.0173,0.0000,200,1.6882
0.0113,0.0000,0.0000,0.0000,0.0113,0.0000,200,1.6947
0.0250,0.0000,0.0000,0.0000,0.0249,0.0000,200,1.6813
0.0155,0.0000,0.0000,0.0000,0.0151,0.0004,200,1.6915
0.0079,0.0000,0.0000,0.0000,0.0078,0.0000,200,1.6991
0.0114,0.0000,0.0000,0.0000,0.0113,0.0001,200,1.6960
0.0375,0.0000,0.0000,0.0000,0.0374,0.0000,200,1.6702
0.0163,0.0000,0.0000,0.0000,0.0162,0.0000,200,1.6920
0.0116,0.0000,0.0000,0.0000,0.0115,0.0000,200,1.6970
0.0022,0.0000,0.0000,0.0000,0.0022,0.0000,200,1.7070
0.0270,0.0000,0.0000,0.0000,0.0269,0.0000,200,1.6828
0.0040,0.0000,0.0000,0.0000,0.0039,0.0000,200,1.7062
0.0048,0.0000,0.0000,0.0000,0.0047,0.0000,200,1.7060
0.0053,0.0000,0.0000,0.0000,0.0052,0.0000,200,1.7055
0.0164,0.0000,0.0000,0.0000,0.0162,0.0000,200,1.6949
0.0252,0.0000,0.0000,0.0000,0.0249,0.0000,200,1.6867
0.0030,0.0000,0.0000,0.0000,0.0030,0.0000,200,1.7092
0.0248,0.0000,0.0000,0.0000,0.0247,0.0000,200,1.6882
0.0054,0.0000,0.0000,0.0000,0.0054,0.0000,200,1.7077
0.0181,0.0000,0.0000,0.0000,0.0180,0.0000,200,1.6956
0.0318,0.0000,0.0000,0.0000,0.0317,0.0000,200,1.6823
0.0180,0.0000,0.0000,0.0000,0.0179,0.0000,200,1.6971
0.0263,0.0000,0.0000,0.0001,0.0262,0.0000,200,1.6888
0.0126,0.0000,0.0000,0.0000,0.0125,0.0001,200,1.7029
0.0199,0.0000,0.0000,0.0000,0.0194,0.0005,200,1.6955
0.0140,0.0000,0.0000,0.0001,0.0138,0.0000,200,1.7020
0.0010,0.0000,0.0000,0.0000,0.0008,0.0000,200,1.7155
0.0127,0.0000,0.0000,0.0000,0.0127,0.0000,200,1.7043
0.0030,0.0000,0.0000,0.0000,0.0028,0.0001,200,1.7141
0.0064,0.0000,0.0000,0.0000,0.0064,0.0000,200,1.7113
0.0468,0.0000,0.0000,0.0000,0.0466,0.0000,200,1.6712
0.0183,0.0000,0.0000,0.0000,0.0180,0.0002,200,1.7006
0.0092,0.0000,0.0000,0.0000,0.0091,0.0000,200,1.7098
0.0083,0.0000,0.0000,0.0000,0.0083,0.0000,200,1.7108
0.0119,0.0000,0.0000,0.0000,0.0119,0.0000,200,1.7074
0.0148,0.0000,0.0000,0.0000,0.0147,0.0001,200,1.7048
0.0218,0.0000,0.0000,0.0000,0.0218,0.0000,200,1.6979
0.0022,0.0000,0.0000,0.0000,0.0020,0.0001,200,1.7177
0.0073,0.0000,0.0000,0.0000,0.0071,0.0001,200,1.7130
0.0056,0.0000,0.0000,0.0000,0.0055,0.0000,200,1.7150
0.0090,0.0000,0.0000,0.0000,0.0090,0.0000,200,1.7119
0.0093,0.0000,0.0000,0.0000,0.0092,0.0000,200,1.7123
0.0369,0.0000,0.0000,0.0000,0.0368,0.0001,200,1.6846
0.0160,0.0000,0.0000,0.0000,0.0160,0.0000,200,1.7056
0.0569,0.0000,0.0000,0.0000,0.0568,0.0001,200,1.6650
0.0303,0.0000,0.0000,0.0000,0.0302,0.0000,200,1.6918
0.0067,0.0000,0.0000,0.0001,0.0065,0.0000,200,1.7160
0.0197,0.0000,0.0000,0.0001,0.0191,0.0001,200,1.7035
0.0190,0.0000,0.0000,0.0000,0.0189,0.0001,200,1.7045
0.0034,0.0000,0.0000,0.0000,0.0033,0.0000,200,1.7202
0.0092,0.0000,0.0000,0.0000,0.0092,0.0000,200,1.7151
0.0028,0.0000,0.0000,0.0000,0.0027,0.0001,200,1.7219
0.0059,0.0000,0.0000,0.0000,0.0057,0.0002,200,1.7191
0.0528,0.0000,0.0000,0.0003,0.0524,0.0000,200,1.6727
0.0277,0.0000,0.0000,0.0000,0.0277,0.0000,200,1.6982
0.0015,0.0000,0.0000,0.0000,0.0013,0.0000,200,1.7247
0.0031,0.0000,0.0000,0.0000,0.0030,0.0000,200,1.7235
0.0071,0.0000,0.0000,0.0001,0.0070,0.0001,200,1.7196
0.0083,0.0000,0.0000,0.0000,0.0082,0.0000,200,1.7189
0.0118,0.0000,0.0000,0.0000,0.0117,0.0000,200,1.7154
0.0289,0.0000,0.0000,0.0000,0.0288,0.0000,200,1.6987
0.0413,0.0000,0.0000,0.0000,0.0412,0.0000,200,1.6867
0.0089,0.0000,0.0000,0.0000,0.0088,0.0000,200,1.7193
0.0218,0.0000,0.0000,0.0000,0.0217,0.0000,200,1.7070
0.0041,0.0000,0.0000,0.0000,0.0040,0.0001,200,1.7251
0.0791,0.0000,0.0000,0.0000,0.0790,0.0001,200,1.6503
0.0392,0.0000,0.0000,0.0000,0.0392,0.0000,200,1.6904
0.0085,0.0000,0.0000,0.0000,0.0084,0.0001,200,1.7216
0.0115,0.0000,0.0000,0.0000,0.0113,0.0001,200,1.7190
0.0043,0.0000,0.0000,0.0000,0.0042,0.0001,200,1.7266
0.0762,0.0000,0.0000,0.0000,0.0761,0.0001,200,1.6553
0.0119,0.0000,0.0000,0.0000,0.0115,0.0000,200,1.7199
0.0523,0.0000,0.0000,0.0000,0.0522,0.0000,200,1.6799
0.0131,0.0000,0.0000,0.0000,0.0129,0.0001,200,1.7197
0.0247,0.0000,0.0000,0.0000,0.0246,0.0000,200,1.7083
0.0066,0.0000,0.0000,0.0000,0.0065,0.0001,200,1.7267
0.0132,0.0000,0.0000,0.0000,0.0131,0.0000,200,1.7206
0.0020,0.0000,0.0000,0.0002,0.0017,0.0000,200,1.7322
0.0261,0.0000,0.0000,0.0000,0.0259,0.0001,200,1.7086
0.0142,0.0000,0.0000,0.0000,0.0141,0.0000,200,1.7209
0.0024,0.0000,0.0000,0.0001,0.0022,0.0001,200,1.7333
0.0136,0.0000,0.0000,0.0000,0.0134,0.0002,200,1.7221
0.0229,0.0000,0.0000,0.0000,0.0228,0.0001,200,1.7132
0.0095,0.0000,0.0000,0.0000,0.0095,0.0000,200,1.7272
0.0040,0.0000,0.0000,0.0000,0.0038,0.0000,200,1.7329
0.0373,0.0000,0.0000,0.0000,0.0372,0.0000,200,1.6996
0.0140,0.0000,0.0000,0.0000,0.0137,0.0002,200,1.7235
0.0081,0.0000,0.0000,0.0000,0.0080,0.0000,200,1.7294
0.0105,0.0000,0.0000,0.0000,0.0103,0.0001,200,1.7276
0.0024,0.0000,0.0000,0.0000,0.0023,0.0000,200,1.7357
0.0216,0.0000,0.0000,0.0000,0.0214,0.0002,200,1.7171
0.0050,0.0000,0.0000,0.0000,0.0050,0.0000,200,1.7342
0.0375,0.0000,0.0000,0.0000,0.0374,0.0001,200,1.7024
0.0097,0.0000,0.0000,0.0000,0.0086,0.0011,200,1.7304
0.0119,0.0000,0.0000,0.0000,0.0118,0.0001,200,1.7282
0.0127,0.0000,0.0000,0.0000,0.0126,0.0001,200,1.7280
0.0099,0.0000,0.0000,0.0000,0.0098,0.0001,200,1.7310
0.0310,0.0000,0.0000,0.0000,0.0309,0.0000,200,1.7102
0.0066,0.0000,0.0000,0.0000,0.0065,0.0001,200,1.7351
0.0019,0.0000,0.0000,0.0000,0.0019,0.0000,200,1.7401
0.0017,0.0000,0.0000,0.0000,0.0016,0.0001,200,1.7407
0.0060,0.0000,0.0000,0.0000,0.0058,0.0000,200,1.7368
0.0214,0.0000,0.0000,0.0000,0.0213,0.0000,200,1.7215
0.0137,0.0000,0.0000,0.0000,0.0136,0.0001,200,1.7297
0.0599,0.0000,0.0000,0.0000,0.0598,0.0001,200,1.6841
0.0277,0.0000,0.0000,0.0000,0.0271,0.0005,200,1.7164
0.0062,0.0000,0.0000,0.0000,0.0061,0.0000,200,1.7381
0.0116,0.0000,0.0000,0.0000,0.0114,0.0000,200,1.7330
0.0162,0.0000,0.0000,0.0000,0.0159,0.0002,200,1.7292
0.0064,0.0000,0.0000,0.0000,0.0064,0.0000,200,1.7392
0.0287,0.0000,0.0000,0.0000,0.0286,0.0000,200,1.7170
0.0603,0.0000,0.0000,0.0000,0.0603,0.0000,200,1.6858
0.0237,0.0000,0.0000,0.0000,0.0236,0.0000,200,1.7227
0.0168,0.0000,0.0000,0.0000,0.0167,0.0001,200,1.7301
0.0017,0.0000,0.0000,0.0000,0.0016,0.0000,200,1.7462
0.0161,0.0000,0.0000,0.0000,0.0160,0.0000,200,1.7318
0.0111,0.0000,0.0000,0.0000,0.0110,0.0000,200,1.7368
0.0051,0.0000,0.0000,0.0000,0.0050,0.0000,200,1.7428
0.0483,0.0000,0.0000,0.0000,0.0481,0.0001,200,1.7000
0.0042,0.0000,0.0000,0.0000,0.0041,0.0000,200,1.7442
0.0060,0.0000,0.0000,0.0000,0.0059,0.0000,200,1.7429
0.0118,0.0000,0.0000,0.0000,0.0117,0.0001,200,1.7375
0.0018,0.0000,0.0000,0.0000,0.0017,0.0000,200,1.7479
0.0069,0.0000,0.0000,0.0000,0.0068,0.0000,200,1.7433
0.0066,0.0000,0.0000,0.0000,0.0061,0.0004,200,1.7446
0.0131,0.0000,0.0000,0.0000,0.0130,0.0000,200,1.7382
0.0011,0.0000,0.0000,0.0000,0.0009,0.0001,200,1.7502
0.0037,0.0000,0.0000,0.0000,0.0036,0.0000,200,1.7478
0.0037,0.0000,0.0000,0.0000,0.0036,0.0000,200,1.7484
0.0152,0.0000,0.0000,0.0000,0.0150,0.0002,200,1.7375
0.0116,0.0000,0.0000,0.0000,0.0116,0.0000,200,1.7412
0.0014,0.0000,0.0000,0.0000,0.0013,0.0000,200,1.7515
0.0020,0.0000,0.0000,0.0000,0.0020,0.0000,200,1.7512
0.0139,0.0000,0.0000,0.0000,0.0138,0.0001,200,1.7399
0.0065,0.0000,0.0000,0.0000,0.0064,0.0001,200,1.7478
0.0335,0.0000,0.0000,0.0000,0.0334,0.0000,200,1.7215
0.1033,0.0000,0.0000,0.0000,0.1028,0.0002,200,1.6520
0.0311,0.0000,0.0000,0.0000,0.0311,0.0001,200,1.7244
0.0065,0.0000,0.0000,0.0000,0.0065,0.0000,200,1.7494
0.0040,0.0000,0.0000,0.0000,0.0039,0.0001,200,1.7521
0.0076,0.0000,0.0000,0.0000,0.0075,0.0001,200,1.7489
0.0060,0.0000,0.0000,0.0000,0.0059,0.0000,200,1.7513
0.0047,0.0000,0.0000,0.0000,0.0046,0.0000,200,1.7527
0.0226,0.0000,0.0000,0.0000,0.0225,0.0000,200,1.7347
0.0210,0.0000,0.0000,0.0000,0.0209,0.0000,200,1.7369
0.0031,0.0000,0.0000,0.0006,0.0025,0.0001,200,1.7553
0.0197,0.0000,0.0000,0.0001,0.0190,0.0006,200,1.7387
0.0480,0.0000,0.0000,0.0000,0.0479,0.0001,200,1.7108
0.0053,0.0000,0.0000,0.0000,0.0052,0.0000,200,1.7537
0.0178,0.0000,0.0000,0.0000,0.0174,0.0004,200,1.7421
0.0146,0.0000,0.0000,0.0000,0.0145,0.0000,200,1.7453
0.0199,0.0000,0.0000,0.0000,0.0198,0.0000,200,1.7402
0.0344,0.0000,0.0000,0.0000,0.0340,0.0001,200,1.7261
0.0019,0.0000,0.0000,0.0000,0.0018,0.0000,200,1.7588
0.0100,0.0000,0.0000,0.0000,0.0099,0.0001,200,1.7512
0.0152,0.0000,0.0000,0.0000,0.0152,0.0000,200,1.7464
0.0090,0.0000,0.0000,0.0000,0.0089,0.0001,200,1.7529
0.0139,0.0000,0.0000,0.0000,0.0138,0.0000,200,1.7484
0.0213,0.0000,0.0000,0.0000,0.0210,0.0002,200,1.7417
0.0273,0.0000,0.0000,0.0000,0.0272,0.0001,200,1.7361
0.0038,0.0000,0.0000,0.0000,0.0035,0.0002,200,1.7599
0.0072,0.0000,0.0000,0.0000,0.0071,0.0000,200,1.7584
0.0098,0.0000,0.0000,0.0000,0.0096,0.0000,200,1.7559
0.0044,0.0000,0.0000,0.0000,0.0044,0.0001,200,1.7612
0.0056,0.0000,0.0000,0.0000,0.0056,0.0000,200,1.7600
0.0102,0.0000,0.0000,0.0000,0.0102,0.0000,200,1.7555
0.0073,0.0000,0.0000,0.0000,0.0073,0.0000,200,1.7584
0.0111,0.0000,0.0000,0.0000,0.0110,0.0001,200,1.7550
0.0033,0.0000,0.0000,0.0000,0.0032,0.0000,200,1.7630
0.0033,0.0000,0.0000,0.0000,0.0031,0.0000,200,1.7637
0.0491,0.0000,0.0000,0.0000,0.0490,0.0000,200,1.7181
0.0065,0.0000,0.0000,0.0000,0.0064,0.0000,200,1.7607
0.0069,0.0000,0.0000,0.0000,0.0068,0.0000,200,1.7605
0.0112,0.0000,0.0000,0.0000,0.0110,0.0001,200,1.7565
0.0023,0.0000,0.0000,0.0000,0.0021,0.0000,200,1.7657
0.0549,0.0000,0.0000,0.0000,0.0548,0.0000,200,1.7137
0.0262,0.0000,0.0000,0.0000,0.0259,0.0003,200,1.7424
0.0021,0.0000,0.0000,0.0000,0.0020,0.0000,200,1.7669
0.0071,0.0000,0.0000,0.0000,0.0070,0.0001,200,1.7622
0.0038,0.0000,0.0000,0.0000,0.0036,0.0002,200,1.7661
0.0126,0.0000,0.0000,0.0000,0.0123,0.0000,200,1.7573
0.0247,0.0000,0.0000,0.0000,0.0246,0.0000,200,1.7457
0.0038,0.0000,0.0000,0.0000,0.0037,0.0000,200,1.7672
0.0033,0.0000,0.0000,0.0000,0.0032,0.0000,200,1.7677
0.0184,0.0000,0.0000,0.0000,0.0183,0.0000,200,1.7529
0.0019,0.0000,0.0000,0.0000,0.0018,0.0001,200,1.7699
0.0191,0.0000,0.0000,0.0000,0.0190,0.0000,200,1.7532
0.0145,0.0000,0.0000,0.0000,0.0144,0.0000,200,1.7579
0.0131,0.0000,0.0000,0.0000,0.0129,0.0001,200,1.7600
0.0046,0.0000,0.0000,0.0000,0.0045,0.0001,200,1.7686
0.0479,0.0000,0.0000,0.0000,0.0479,0.0000,200,1.7255
0.0067,0.0000,0.0000,0.0000,0.0065,0.0001,200,1.7671
0.0381,0.0000,0.0000,0.0000,0.0373,0.0008,200,1.7357
0.0286,0.0000,0.0000,0.0000,0.0285,0.0001,200,1.7457
0.0047,0.0000,0.0000,0.0000,0.0046,0.0001,200,1.7699
0.0207,0.0000,0.0000,0.0000,0.0205,0.0000,200,1.7543
0.0012,0.0000,0.0000,0.0000,0.0009,0.0003,200,1.7743
0.0099,0.0000,0.0000,0.0000,0.0098,0.0000,200,1.7663
0.0039,0.0000,0.0000,0.0000,0.0037,0.0000,200,1.7735
0.0061,0.0000,0.0000,0.0000,0.0061,0.0000,200,1.7713
0.0462,0.0000,0.0000,0.0000,0.0458,0.0001,200,1.7315
0.0120,0.0000,0.0000,0.0000,0.0119,0.0001,200,1.7657
0.0153,0.0000,0.0000,0.0000,0.0152,0.0000,200,1.7634
0.0095,0.0000,0.0000,0.0000,0.0094,0.0001,200,1.7693
0.0070,0.0000,0.0000,0.0000,0.0069,0.0000,200,1.7724
0.0182,0.0000,0.0000,0.0000,0.0180,0.0001,200,1.7616
0.0068,0.0000,0.0000,0.0000,0.0067,0.0000,200,1.7733
0.0018,0.0000,0.0000,0.0001,0.0017,0.0001,200,1.7787
0.0034,0.0000,0.0000,0.0000,0.0033,0.0000,200,1.7774
0.0241,0.0000,0.0000,0.0000,0.0238,0.0000,200,1.7573
0.0037,0.0000,0.0000,0.0002,0.0030,0.0004,200,1.7777
0.0108,0.0000,0.0000,0.0000,0.0107,0.0000,200,1.7710
0.0024,0.0000,0.0000,0.0000,0.0023,0.0000,200,1.7800
0.0120,0.0000,0.0000,0.0000,0.0118,0.0002,200,1.7704
0.0210,0.0000,0.0000,0.0000,0.0209,0.0001,200,1.7620
0.0039,0.0000,0.0000,0.0000,0.0038,0.0000,200,1.7793
0.0050,0.0000,0.0000,0.0000,0.0048,0.0001,200,1.7788
0.0123,0.0000,0.0000,0.0000,0.0122,0.0000,200,1.7718
0.0188,0.0000,0.0000,0.0000,0.0187,0.0001,200,1.7657
0.0047,0.0000,0.0000,0.0000,0.0044,0.0003,200,1.7808
0.0176,0.0000,0.0000,0.0000,0.0175,0.0000,200,1.7680
0.0447,0.0000,0.0000,0.0000,0.0447,0.0000,200,1.7408
0.0204,0.0000,0.0000,0.0000,0.0202,0.0002,200,1.7656
0.0043,0.0000,0.0000,0.0000,0.0041,0.0002,200,1.7824
0.0062,0.0000,0.0000,0.0000,0.0062,0.0000,200,1.7805
0.0025,0.0000,0.0000,0.0000,0.0023,0.0001,200,1.7845
0.0068,0.0000,0.0000,0.0000,0.0055,0.0013,200,1.7818
0.0054,0.0000,0.0000,0.0000,0.0054,0.0000,200,1.7832
0.0029,0.0000,0.0000,0.0000,0.0027,0.0001,200,1.7860
0.0158,0.0000,0.0000,0.0000,0.0150,0.0000,200,1.7730
0.0179,0.0000,0.0000,0.0000,0.0178,0.0000,200,1.7710
0.0117,0.0000,0.0000,0.0000,0.0115,0.0001,200,1.7774
0.0222,0.0000,0.0000,0.0000,0.0221,0.0000,200,1.7674
0.0029,0.0000,0.0000,0.0000,0.0028,0.0000,200,1.7870
0.0122,0.0000,0.0000,0.0003,0.0119,0.0000,200,1.7777
0.0048,0.0000,0.0000,0.0000,0.0047,0.0000,200,1.7855
0.0107,0.0000,0.0000,0.0000,0.0106,0.0000,200,1.7799
0.0081,0.0000,0.0000,0.0000,0.0079,0.0001,200,1.7830
0.0027,0.0000,0.0000,0.0000,0.0027,0.0000,200,1.7886
0.0018,0.0000,0.0000,0.0000,0.0016,0.0002,200,1.7900
0.0231,0.0000,0.0000,0.0000,0.0230,0.0000,200,1.7690
0.0174,0.0000,0.0000,0.0000,0.0174,0.0000,200,1.7750
0.0041,0.0000,0.0000,0.0000,0.0039,0.0001,200,1.7886
0.0010,0.0000,0.0000,0.0000,0.0009,0.0000,200,1.7918
0.0371,0.0000,0.0000,0.0000,0.0369,0.0001,200,1.7561
0.0198,0.0000,0.0000,0.0000,0.0196,0.0001,200,1.7738
0.0126,0.0000,0.0000,0.0000,0.0125,0.0000,200,1.7814
0.0052,0.0000,0.0000,0.0000,0.0050,0.0002,200,1.7888
0.0198,0.0000,0.0000,0.0000,0.0197,0.0000,200,1.7746
0.0190,0.0000,0.0000,0.0000,0.0188,0.0001,200,1.7762
0.0083,0.0000,0.0000,0.0000,0.0082,0.0001,200,1.7896
0.0142,0.0000,0.0000,0.0000,0.0141,0.0000,200,1.7838
0.0052,0.0000,0.0000,0.0000,0.0051,0.0000,200,1.7941
0.0062,0.0000,0.0000,0.0001,0.0060,0.0001,200,1.7933
0.0075,0.0000,0.0000,0.0000,0.0075,0.0000,200,1.7924
0.0350,0.0000,0.0000,0.0000,0.0350,0.0000,200,1.7657
0.0033,0.0000,0.0000,0.0000,0.0032,0.0000,200,1.7979
0.0092,0.0000,0.0000,0.0000,0.0091,0.0001,200,1.7926
0.0097,0.0000,0.0000,0.0000,0.0096,0.0001,200,1.7928
0.0135,0.0000,0.0000,0.0000,0.0134,0.0000,200,1.7896
0.0026,0.0000,0.0000,0.0000,0.0026,0.0001,200,1.8007
0.0186,0.0000,0.0000,0.0000,0.0185,0.0000,200,1.7856
0.0032,0.0000,0.0000,0.0000,0.0031,0.0001,200,1.8018
0.0320,0.0000,0.0000,0.0000,0.0319,0.0000,200,1.7738
0.0253,0.0000,0.0000,0.0000,0.0252,0.0000,200,1.7814
0.0134,0.0000,0.0000,0.0000,0.0133,0.0000,200,1.7940
0.0194,0.0000,0.0000,0.0000,0.0193,0.0001,200,1.7889
0.0333,0.0000,0.0000,0.0000,0.0325,0.0000,200,1.7756
0.0120,0.0000,0.0000,0.0000,0.0119,0.0001,200,1.7980
0.0182,0.0000,0.0000,0.0000,0.0181,0.0000,200,1.7922
0.0034,0.0000,0.0000,0.0000,0.0034,0.0000,200,1.8074
0.0245,0.0000,0.0000,0.0000,0.0244,0.0001,200,1.7867
0.0037,0.0000,0.0000,0.0001,0.0035,0.0001,200,1.8083
0.0043,0.0000,0.0000,0.0000,0.0042,0.0001,200,1.8090
0.0100,0.0000,0.0000,0.0000,0.0099,0.0000,200,1.8034
0.0232,0.0000,0.0000,0.0000,0.0231,0.0000,200,1.7906
0.0116,0.0000,0.0000,0.0000,0.0116,0.0000,200,1.8025
0.0702,0.0000,0.0000,0.0000,0.0701,0.0001,200,1.7443
0.0040,0.0000,0.0000,0.0000,0.0039,0.0000,200,1.8108
0.0139,0.0000,0.0000,0.0000,0.0138,0.0001,200,1.8012
0.0920,0.0000,0.0000,0.0000,0.0917,0.0000,200,1.7236
0.0037,0.0000,0.0000,0.0000,0.0036,0.0000,200,1.8138
0.0223,0.0000,0.0000,0.0011,0.0210,0.0000,200,1.7952
0.0077,0.0000,0.0000,0.0000,0.0076,0.0000,200,1.8099
0.0064,0.0000,0.0000,0.0000,0.0064,0.0000,200,1.8112
0.0521,0.0000,0.0000,0.0000,0.0520,0.0000,200,1.7657
0.0046,0.0000,0.0000,0.0000,0.0043,0.0002,200,1.8133
0.0118,0.0000,0.0000,0.0000,0.0117,0.0001,200,1.8067
0.0014,0.0000,0.0000,0.0000,0.0013,0.0000,200,1.8178
0.0257,0.0000,0.0000,0.0000,0.0256,0.0001,200,1.7936
0.0298,0.0000,0.0000,0.0000,0.0296,0.0001,200,1.7899
0.0047,0.0000,0.0000,0.0000,0.0045,0.0001,200,1.8156
0.0024,0.0000,0.0000,0.0001,0.0024,0.0000,200,1.8178
0.0297,0.0000,0.0000,0.0000,0.0296,0.0000,200,1.7911
0.0035,0.0000,0.0000,0.0000,0.0034,0.0000,200,1.8176
0.0214,0.0000,0.0000,0.0000,0.0214,0.0000,200,1.8000
0.0029,0.0000,0.0000,0.0000,0.0027,0.0002,200,1.8192
0.0105,0.0000,0.0000,0.0000,0.0103,0.0002,200,1.8119
0.0023,0.0000,0.0000,0.0000,0.0023,0.0000,200,1.8203
0.0057,0.0000,0.0000,0.0000,0.0055,0.0001,200,1.8175
0.0243,0.0000,0.0000,0.0000,0.0241,0.0001,200,1.7992
0.0087,0.0000,0.0000,0.0000,0.0084,0.0002,200,1.8151
0.0029,0.0000,0.0000,0.0000,0.0028,0.0001,200,1.8214
0.0356,0.0000,0.0000,0.0000,0.0355,0.0001,200,1.7889
0.0101,0.0000,0.0000,0.0000,0.0100,0.0000,200,1.8148
0.0204,0.0000,0.0000,0.0000,0.0203,0.0001,200,1.8051
0.0075,0.0000,0.0000,0.0000,0.0074,0.0000,200,1.8185
0.0068,0.0000,0.0000,0.0000,0.0067,0.0000,200,1.8194
0.0019,0.0000,0.0000,0.0000,0.0019,0.0000,200,1.8243
0.0044,0.0000,0.0000,0.0000,0.0044,0.0000,200,1.8221
0.0093,0.0000,0.0000,0.0000,0.0093,0.0000,200,1.8175
0.0035,0.0000,0.0000,0.0000,0.0035,0.0000,200,1.8245
0.0020,0.0000,0.0000,0.0001,0.0018,0.0000,200,1.8262
0.0073,0.0000,0.0000,0.0000,0.0073,0.0000,200,1.8208
0.0085,0.0000,0.0000,0.0000,0.0084,0.0000,200,1.8197
0.0065,0.0000,0.0000,0.0000,0.0064,0.0000,200,1.8224
0.0031,0.0000,0.0000,0.0000,0.0030,0.0001,200,1.8265
0.0035,0.0000,0.0000,0.0000,0.0035,0.0000,200,1.8262
0.0168,0.0000,0.0000,0.0000,0.0167,0.0001,200,1.8133
0.0056,0.0000,0.0000,0.0000,0.0055,0.0001,200,1.8249
0.0073,0.0000,0.0000,0.0000,0.0072,0.0001,200,1.8238
0.0591,0.0000,0.0000,0.0000,0.0590,0.0000,200,1.7724
0.0080,0.0000,0.0000,0.0001,0.0079,0.0000,200,1.8235
0.0069,0.0000,0.0000,0.0000,0.0067,0.0000,200,1.8255
0.0058,0.0000,0.0000,0.0000,0.0058,0.0000,200,1.8269
0.0033,0.0000,0.0000,0.0000,0.0032,0.0000,200,1.8296
0.0017,0.0000,0.0000,0.0000,0.0016,0.0000,200,1.8316
0.0054,0.0000,0.0000,0.0000,0.0053,0.0001,200,1.8281
0.0112,0.0000,0.0000,0.0000,0.0111,0.0000,200,1.8226
0.0041,0.0000,0.0000,0.0000,0.0039,0.0001,200,1.8305
0.0093,0.0000,0.0000,0.0000,0.0091,0.0002,200,1.8260
0.0122,0.0000,0.0000,0.0000,0.0121,0.0000,200,1.8232
0.0298,0.0000,0.0000,0.0000,0.0297,0.0001,200,1.8058
0.0320,0.0000,0.0000,0.0000,0.0319,0.0001,200,1.8042
0.0031,0.0000,0.0000,0.0000,0.0031,0.0000,200,1.8338
0.0072,0.0000,0.0000,0.0000,0.0071,0.0000,200,1.8297
0.0229,0.0000,0.0000,0.0000,0.0227,0.0002,200,1.8142
0.0457,0.0000,0.0000,0.0000,0.0457,0.0000,200,1.7914
0.0072,0.0000,0.0000,0.0000,0.0071,0.0000,200,1.8302
0.0386,0.0000,0.0000,0.0000,0.0385,0.0001,200,1.7994
0.0103,0.0000,0.0000,0.0000,0.0102,0.0000,200,1.8281
0.0283,0.0000,0.0000,0.0000,0.0282,0.0000,200,1.8104
0.0044,0.0000,0.0000,0.0000,0.0043,0.0000,200,1.8346
0.0062,0.0000,0.0000,0.0000,0.0061,0.0000,200,1.8329
0.0060,0.0000,0.0000,0.0000,0.0060,0.0000,200,1.8335
0.0076,0.0000,0.0000,0.0000,0.0076,0.0000,200,1.8324
0.0092,0.0000,0.0000,0.0000,0.0091,0.0000,200,1.8314
0.0055,0.0000,0.0000,0.0000,0.0054,0.0001,200,1.8353
0.0027,0.0000,0.0000,0.0000,0.0027,0.0000,200,1.8389
0.0037,0.0000,0.0000,0.0000,0.0036,0.0001,200,1.8381
0.0059,0.0000,0.0000,0.0000,0.0059,0.0000,200,1.8362
0.0016,0.0000,0.0000,0.0000,0.0015,0.0000,200,1.8406
0.0145,0.0000,0.0000,0.0000,0.0144,0.0000,200,1.8282
0.0855,0.0000,0.0000,0.0000,0.0853,0.0000,200,1.7573
0.0023,0.0000,0.0000,0.0000,0.0022,0.0001,200,1.8408
0.0012,0.0000,0.0000,0.0000,0.0011,0.0001,200,1.8422
0.0235,0.0000,0.0000,0.0000,0.0235,0.0000,200,1.8202
0.0012,0.0000,0.0000,0.0000,0.0011,0.0000,200,1.8432
0.0049,0.0000,0.0000,0.0000,0.0048,0.0000,200,1.8395
0.0029,0.0000,0.0000,0.0000,0.0028,0.0000,200,1.8418
0.0081,0.0000,0.0000,0.0000,0.0080,0.0000,200,1.8370
0.0027,0.0000,0.0000,0.0000,0.0026,0.0000,200,1.8427
0.0080,0.0000,0.0000,0.0000,0.0073,0.0007,200,1.8386
0.0029,0.0000,0.0000,0.0000,0.0029,0.0000,200,1.8438
0.0111,0.0000,0.0000,0.0001,0.0110,0.0000,200,1.8356
0.0322,0.0000,0.0000,0.0000,0.0321,0.0000,200,1.8145
0.0068,0.0000,0.0000,0.0000,0.0067,0.0000,200,1.8400
0.0120,0.0000,0.0000,0.0000,0.0117,0.0001,200,1.8353
0.0184,0.0000,0.0000,0.0000,0.0183,0.0000,200,1.8290
0.0010,0.0000,0.0000,0.0000,0.0010,0.0000,200,1.8468
0.0007,0.0000,0.0000,0.0000,0.0006,0.0001,200,1.8473
0.0066,0.0000,0.0000,0.0000,0.0065,0.0001,200,1.8417
0.0096,0.0000,0.0000,0.0000,0.0096,0.0001,200,1.8391
0.0055,0.0000,0.0000,0.0001,0.0053,0.0000,200,1.8434
0.0019,0.0000,0.0000,0.0000,0.0018,0.0001,200,1.8473
0.0183,0.0000,0.0000,0.0000,0.0183,0.0000,200,1.8310
0.0017,0.0000,0.0000,0.0000,0.0017,0.0000,200,1.8478
0.1019,0.0000,0.0000,0.0000,0.1018,0.0000,200,1.7478
0.0056,0.0000,0.0000,0.0000,0.0055,0.0000,200,1.8447
0.0037,0.0000,0.0000,0.0000,0.0035,0.0002,200,1.8467
0.0180,0.0000,0.0000,0.0000,0.0179,0.0000,200,1.8327
0.0016,0.0000,0.0000,0.0000,0.0015,0.0001,200,1.8493
0.0137,0.0000,0.0000,0.0000,0.0136,0.0001,200,1.8374
0.0033,0.0000,0.0000,0.0000,0.0033,0.0000,200,1.8483
0.0149,0.0000,0.0000,0.0000,0.0148,0.0000,200,1.8369
0.0076,0.0000,0.0000,0.0000,0.0075,0.0001,200,1.8444
0.0057,0.0000,0.0000,0.0000,0.0053,0.0001,200,1.8466
0.0026,0.0000,0.0000,0.0000,0.0026,0.0000,200,1.8497
0.0041,0.0000,0.0000,0.0000,0.0040,0.0000,200,1.8487
0.0019,0.0000,0.0000,0.0000,0.0018,0.0000,200,1.8511
0.0079,0.0000,0.0000,0.0000,0.0078,0.0001,200,1.8454
0.0070,0.0000,0.0000,0.0000,0.0069,0.0000,200,1.8467
0.0035,0.0000,0.0000,0.0000,0.0034,0.0001,200,1.8504
0.0039,0.0000,0.0000,0.0000,0.0038,0.0000,200,1.8503
0.0124,0.0000,0.0000,0.0000,0.0123,0.0001,200,1.8421
0.0082,0.0000,0.0000,0.0000,0.0081,0.0000,200,1.8467
0.0041,0.0000,0.0000,0.0000,0.0040,0.0001,200,1.8510
0.0031,0.0000,0.0000,0.0001,0.0029,0.0002,200,1.8523
0.0277,0.0000,0.0000,0.0000,0.0275,0.0002,200,1.8281
0.0022,0.0000,0.0000,0.0000,0.0022,0.0000,200,1.8537
0.0018,0.0000,0.0000,0.0000,0.0018,0.0000,200,1.8545
0.0042,0.0000,0.0000,0.0001,0.0041,0.0000,200,1.8524
0.0015,0.0000,0.0000,0.0000,0.0014,0.0000,200,1.8551
0.0201,0.0000,0.0000,0.0000,0.0199,0.0001,200,1.8369
0.0077,0.0000,0.0000,0.0001,0.0075,0.0000,200,1.8496
0.0122,0.0000,0.0000,0.0000,0.0121,0.0000,200,1.8451
0.0056,0.0000,0.0000,0.0001,0.0054,0.0000,200,1.8520
0.0030,0.0000,0.0000,0.0000,0.0030,0.0000,200,1.8549
0.0068,0.0000,0.0000,0.0000,0.0068,0.0000,200,1.8516
0.0163,0.0000,0.0000,0.0000,0.0162,0.0001,200,1.8428
0.0565,0.0000,0.0000,0.0000,0.0564,0.0000,200,1.8030
0.0038,0.0000,0.0000,0.0000,0.0037,0.0001,200,1.8559
0.0421,0.0000,0.0000,0.0000,0.0420,0.0000,200,1.8176
0.0029,0.0000,0.0000,0.0000,0.0028,0.0000,200,1.8572
0.0039,0.0000,0.0000,0.0000,0.0038,0.0000,200,1.8566
0.0081,0.0000,0.0000,0.0000,0.0080,0.0001,200,1.8530
0.0170,0.0000,0.0000,0.0000,0.0169,0.0001,200,1.8444
0.0046,0.0000,0.0000,0.0000,0.0046,0.0000,200,1.8570
0.0025,0.0000,0.0000,0.0000,0.0023,0.0002,200,1.8597
0.0135,0.0000,0.0000,0.0000,0.0133,0.0000,200,1.8492
0.0025,0.0000,0.0000,0.0000,0.0024,0.0000,200,1.8605
0.0104,0.0000,0.0000,0.0000,0.0103,0.0001,200,1.8528
0.0079,0.0000,0.0000,0.0000,0.0078,0.0000,200,1.8559
0.0044,0.0000,0.0000,0.0000,0.0042,0.0000,200,1.8595
0.0073,0.0000,0.0000,0.0000,0.0071,0.0001,200,1.8573
0.0107,0.0000,0.0000,0.0000,0.0106,0.0001,200,1.8541
0.0053,0.0000,0.0000,0.0000,0.0052,0.0001,200,1.8601
0.0115,0.0000,0.0000,0.0000,0.0115,0.0000,200,1.8539
0.0038,0.0000,0.0000,0.0001,0.0037,0.0000,200,1.8622
0.0183,0.0000,0.0000,0.0000,0.0182,0.0000,200,1.8480
0.0014,0.0000,0.0000,0.0000,0.0013,0.0000,200,1.8654
0.0056,0.0000,0.0000,0.0000,0.0055,0.0000,200,1.8616
0.0105,0.0000,0.0000,0.0002,0.0102,0.0000,200,1.8591
0.0042,0.0000,0.0000,0.0000,0.0041,0.0000,200,1.8655
0.0065,0.0000,0.0000,0.0000,0.0064,0.0000,200,1.8633
0.0035,0.0000,0.0000,0.0000,0.0035,0.0000,200,1.8662
0.0113,0.0000,0.0000,0.0000,0.0112,0.0001,200,1.8585
0.0087,0.0000,0.0000,0.0000,0.0087,0.0000,200,1.8611
0.0192,0.0000,0.0000,0.0000,0.0192,0.0000,200,1.8506
0.0120,0.0000,0.0000,0.0000,0.0119,0.0000,200,1.8580
0.0063,0.0000,0.0000,0.0000,0.0058,0.0004,200,1.8638
0.0105,0.0000,0.0000,0.0000,0.0102,0.0003,200,1.8596
0.0126,0.0000,0.0000,0.0000,0.0126,0.0000,200,1.8576
0.0061,0.0000,0.0000,0.0000,0.0060,0.0000,200,1.8646
0.0016,0.0000,0.0000,0.0000,0.0014,0.0002,200,1.8698
0.0087,0.0000,0.0000,0.0000,0.0086,0.0000,200,1.8630
0.0099,0.0000,0.0000,0.0000,0.0099,0.0000,200,1.8626
0.0112,0.0000,0.0000,0.0000,0.0111,0.0000,200,1.8614
0.0032,0.0000,0.0000,0.0000,0.0031,0.0000,200,1.8699
0.0035,0.0000,0.0000,0.0000,0.0034,0.0001,200,1.8702
0.0046,0.0000,0.0000,0.0000,0.0045,0.0001,200,1.8698
0.0111,0.0000,0.0000,0.0000,0.0109,0.0002,200,1.8639
0.0029,0.0000,0.0000,0.0000,0.0027,0.0001,200,1.8726
0.0056,0.0000,0.0000,0.0000,0.0056,0.0000,200,1.8702
0.0007,0.0000,0.0000,0.0000,0.0007,0.0000,200,1.8751
0.0033,0.0000,0.0000,0.0000,0.0032,0.0000,200,1.8726
0.0058,0.0000,0.0000,0.0000,0.0057,0.0001,200,1.8707
0.0011,0.0000,0.0000,0.0000,0.0010,0.0000,200,1.8758
0.0015,0.0000,0.0000,0.0000,0.0014,0.0000,200,1.8758
0.0022,0.0000,0.0000,0.0000,0.0018,0.0003,200,1.8759
0.0085,0.0000,0.0000,0.0000,0.0084,0.0000,200,1.8699
0.0053,0.0000,0.0000,0.0000,0.0052,0.0000,200,1.8737
0.0063,0.0000,0.0000,0.0000,0.0062,0.0000,200,1.8730
0.0021,0.0000,0.0000,0.0000,0.0020,0.0000,200,1.8773
0.0044,0.0000,0.0000,0.0001,0.0041,0.0001,200,1.8754
0.0103,0.0000,0.0000,0.0000,0.0102,0.0000,200,1.8699
0.0021,0.0000,0.0000,0.0000,0.0020,0.0000,200,1.8783
0.0066,0.0000,0.0000,0.0000,0.0062,0.0003,200,1.8744
0.0025,0.0000,0.0000,0.0000,0.0024,0.0001,200,1.8790
0.0035,0.0000,0.0000,0.0000,0.0034,0.0000,200,1.8781
0.0018,0.0000,0.0000,0.0000,0.0016,0.0002,200,1.8799
0.0027,0.0000,0.0000,0.0000,0.0026,0.0001,200,1.8793
0.0166,0.0000,0.0000,0.0000,0.0165,0.0000,200,1.8660
0.0116,0.0000,0.0000,0.0000,0.0115,0.0000,200,1.8714
0.0120,0.0000,0.0000,0.0000,0.0116,0.0004,200,1.8717
0.0036,0.0000,0.0000,0.0000,0.0035,0.0000,200,1.8802
0.0044,0.0000,0.0000,0.0000,0.0044,0.0000,200,1.8794
0.0148,0.0000,0.0000,0.0000,0.0147,0.0000,200,1.8696
0.0146,0.0000,0.0000,0.0001,0.0144,0.0001,200,1.8701
0.0033,0.0000,0.0000,0.0000,0.0033,0.0000,200,1.8815
0.0024,0.0000,0.0000,0.0000,0.0023,0.0000,200,1.8826
0.0045,0.0000,0.0000,0.0000,0.0044,0.0001,200,1.8810
0.0042,0.0000,0.0000,0.0000,0.0040,0.0000,200,1.8815
0.0015,0.0000,0.0000,0.0000,0.0014,0.0000,200,1.8847
0.0031,0.0000,0.0000,0.0000,0.0030,0.0001,200,1.8838
0.0037,0.0000,0.0000,0.0000,0.0036,0.0001,200,1.8837
0.0030,0.0000,0.0000,0.0000,0.0029,0.0001,200,1.8850
0.0022,0.0000,0.0000,0.0000,0.0020,0.0000,200,1.8862
0.0030,0.0000,0.0000,0.0000,0.0030,0.0000,200,1.8857
0.0072,0.0000,0.0000,0.0000,0.0071,0.0001,200,1.8816
0.0048,0.0000,0.0000,0.0000,0.0047,0.0000,200,1.8844
0.0028,0.0000,0.0000,0.0000,0.0027,0.0001,200,1.8869
0.0014,0.0000,0.0000,0.0000,0.0013,0.0000,200,1.8887
0.0048,0.0000,0.0000,0.0000,0.0047,0.0000,200,1.8855
0.0089,0.0000,0.0000,0.0000,0.0088,0.0000,200,1.8820
0.0013,0.0000,0.0000,0.0000,0.0011,0.0001,200,1.8897
0.0026,0.0000,0.0000,0.0000,0.0025,0.0000,200,1.8888
0.0019,0.0000,0.0000,0.0000,0.0018,0.0000,200,1.8901
0.0051,0.0000,0.0000,0.0000,0.0048,0.0003,200,1.8874
0.0012,0.0000,0.0000,0.0000,0.0011,0.0000,200,1.8914
0.0044,0.0000,0.0000,0.0000,0.0042,0.0001,200,1.8884
0.0020,0.0000,0.0000,0.0000,0.0018,0.0002,200,1.8910
0.0016,0.0000,0.0000,0.0000,0.0014,0.0002,200,1.8920
0.0027,0.0000,0.0000,0.0001,0.0025,0.0000,200,1.8909
0.0099,0.0000,0.0000,0.0000,0.0098,0.0000,200,1.8838
0.0015,0.0000,0.0000,0.0000,0.0012,0.0001,200,1.8928
0.0099,0.0000,0.0000,0.0000,0.0096,0.0001,200,1.8848
0.0026,0.0000,0.0000,0.0000,0.0025,0.0001,200,1.8926
0.0020,0.0000,0.0000,0.0001,0.0018,0.0001,200,1.8936
0.0152,0.0000,0.0000,0.0000,0.0150,0.0000,200,1.8805
0.0059,0.0000,0.0000,0.0000,0.0058,0.0001,200,1.8903
0.0041,0.0000,0.0000,0.0000,0.0037,0.0004,200,1.8925
0.0014,0.0000,0.0000,0.0000,0.0012,0.0002,200,1.8956
0.0275,0.0000,0.0000,0.0000,0.0270,0.0005,200,1.8696
0.0085,0.0000,0.0000,0.0000,0.0084,0.0002,200,1.8892
0.0018,0.0000,0.0000,0.0000,0.0008,0.0009,200,1.8962
0.0016,0.0000,0.0000,0.0004,0.0007,0.0005,200,1.8979
0.0024,0.0000,0.0000,0.0013,0.0011,0.0000,200,1.8972
0.0066,0.0000,0.0000,0.0000,0.0055,0.0011,200,1.8929
0.0023,0.0000,0.0000,0.0008,0.0010,0.0004,200,1.8977
0.0053,0.0000,0.0000,0.0000,0.0042,0.0011,200,1.8943
0.0051,0.0000,0.0000,0.0000,0.0034,0.0016,200,1.8952
0.0015,0.0000,0.0000,0.0000,0.0008,0.0000,200,1.8996
0.0012,0.0000,0.0000,0.0000,0.0011,0.0000,200,1.9000
0.0016,0.0000,0.0000,0.0000,0.0015,0.0001,200,1.9000
0.0014,0.0000,0.0000,0.0005,0.0009,0.0000,200,1.9002
0.0026,0.0000,0.0000,0.0004,0.0020,0.0000,200,1.8995
0.0010,0.0000,0.0000,0.0000,0.0010,0.0000,200,1.9017
0.0017,0.0000,0.0000,0.0000,0.0016,0.0000,200,1.9013
0.0034,0.0000,0.0000,0.0001,0.0032,0.0000,200,1.9001
0.0027,0.0000,0.0000,0.0000,0.0026,0.0001,200,1.9010
0.0025,0.0000,0.0000,0.0000,0.0024,0.0000,200,1.9017
0.0009,0.0000,0.0000,0.0000,0.0008,0.0000,200,1.9037
0.0015,0.0000,0.0000,0.0000,0.0015,0.0000,200,1.9034
0.0012,0.0000,0.0000,0.0000,0.0010,0.0002,200,1.9042
0.0011,0.0000,0.0000,0.0000,0.0010,0.0001,200,1.9050
0.0031,0.0000,0.0000,0.0000,0.0030,0.0000,200,1.9030
0.0041,0.0000,0.0000,0.0000,0.0040,0.0000,200,1.9022
0.0014,0.0000,0.0000,0.0001,0.0011,0.0001,200,1.9053
0.0011,0.0000,0.0000,0.0000,0.0010,0.0000,200,1.9062
0.0030,0.0000,0.0000,0.0000,0.0029,0.0000,200,1.9046
0.0014,0.0000,0.0000,0.0000,0.0012,0.0000,200,1.9067
0.0008,0.0000,0.0000,0.0000,0.0008,0.0000,200,1.9076
0.0021,0.0000,0.0000,0.0000,0.0017,0.0004,200,1.9073
0.0010,0.0000,0.0000,0.0000,0.0010,0.0000,200,1.9084
0.0015,0.0000,0.0000,0.0000,0.0013,0.0001,200,1.9081
0.0009,0.0000,0.0000,0.0000,0.0008,0.0000,200,1.9094
0.0013,0.0000,0.0000,0.0000,0.0010,0.0000,200,1.9095
0.0013,0.0000,0.0000,0.0000,0.0012,0.0000,200,1.9104
0.0010,0.0000,0.0000,0.0000,0.0009,0.0001,200,1.9109
0.0007,0.0000,0.0000,0.0000,0.0006,0.0000,200,1.9117
0.0005,0.0000,0.0000,0.0000,0.0005,0.0000,200,1.9123
0.0006,0.0000,0.0000,0.0000,0.0006,0.0000,200,1.9129
0.0006,0.0000,0.0000,0.0000,0.0005,0.0000,200,1.9135
0.0005,0.0000,0.0000,0.0000,0.0005,0.0000,200,1.9141
0.0005,0.0000,0.0000,0.0000,0.0004,0.0000,200,1.9147
0.0008,0.0000,0.0000,0.0000,0.0007,0.0001,200,1.9151
0.0006,0.0000,0.0000,0.0000,0.0006,0.0000,200,1.9159
