response-time,DNS+dialup,DNS,Request-write,Response-delay,Response-read,status-code,offset
0.0051,0.0006,0.0000,0.0013,0.0031,0.0001,200,0.0025
0.0070,0.0019,0.0000,0.0013,0.0037,0.0000,200,0.0009
0.0076,0.0023,0.0000,0.0013,0.0037,0.0000,200,0.0009
0.0071,0.0010,0.0000,0.0013,0.0048,0.0000,200,0.0022
0.0067,0.0042,0.0000,0.0012,0.0013,0.0000,200,0.0031
0.0067,0.0038,0.0000,0.0009,0.0019,0.0000,200,0.0035
0.0097,0.0021,0.0000,0.0013,0.0059,0.0000,200,0.0008
0.0104,0.0016,0.0000,0.0014,0.0073,0.0000,200,0.0015
0.0105,0.0049,0.0000,0.0014,0.0042,0.0000,200,0.0025
0.0126,0.0052,0.0000,0.0017,0.0057,0.0000,200,0.0025
0.0133,0.0000,0.0000,0.0000,0.0037,0.0000,200,0.0019
0.0068,0.0017,0.0000,0.0006,0.0043,0.0001,200,0.0085
0.0061,0.0024,0.0000,0.0011,0.0025,0.0000,200,0.0093
0.0107,0.0059,0.0000,0.0010,0.0038,0.0000,200,0.0047
0.0080,0.0028,0.0000,0.0009,0.0042,0.0000,200,0.0076
0.0148,0.0085,0.0000,0.0003,0.0059,0.0001,200,0.0019
0.0123,0.0053,0.0000,0.0004,0.0066,0.0000,200,0.0045
0.0083,0.0010,0.0000,0.0008,0.0064,0.0000,200,0.0087
0.0150,0.0000,0.0000,0.0012,0.0051,0.0000,200,0.0020
0.0153,0.0103,0.0000,0.0008,0.0042,0.0000,200,0.0021
0.0157,0.0000,0.0000,0.0011,0.0058,0.0000,200,0.0020
0.0061,0.0005,0.0000,0.0002,0.0051,0.0002,200,0.0122
0.0022,0.0000,0.0000,0.0000,0.0020,0.0001,200,0.0168
0.0076,0.0000,0.0000,0.0002,0.0062,0.0003,200,0.0119
0.0155,0.0056,0.0000,0.0006,0.0092,0.0001,200,0.0042
0.0078,0.0000,0.0000,0.0003,0.0066,0.0000,200,0.0119
0.0049,0.0000,0.0000,0.0001,0.0047,0.0001,200,0.0153
0.0189,0.0000,0.0000,0.0000,0.0098,0.0001,200,0.0019
0.0089,0.0004,0.0000,0.0002,0.0082,0.0000,200,0.0124
0.0046,0.0000,0.0000,0.0000,0.0045,0.0000,200,0.0170
0.0182,0.0054,0.0000,0.0005,0.0122,0.0001,200,0.0044
0.0038,0.0000,0.0000,0.0000,0.0036,0.0001,200,0.0189
0.0193,0.0060,0.0000,0.0004,0.0127,0.0001,200,0.0036
0.0155,0.0019,0.0000,0.0009,0.0127,0.0001,200,0.0079
0.0155,0.0022,0.0000,0.0010,0.0123,0.0000,200,0.0084
0.0085,0.0000,0.0000,0.0000,0.0084,0.0000,200,0.0156
0.0139,0.0013,0.0000,0.0011,0.0114,0.0001,200,0.0105
0.0197,0.0076,0.0000,0.0001,0.0119,0.0001,200,0.0051
0.0077,0.0000,0.0000,0.0000,0.0076,0.0000,200,0.0175
0.0240,0.0000,0.0000,0.0000,0.0156,0.0001,200,0.0016
0.0059,0.0000,0.0000,0.0003,0.0053,0.0002,200,0.0203
0.0248,0.0000,0.0000,0.0010,0.0150,0.0002,200,0.0020
0.0161,0.0005,0.0000,0.0012,0.0141,0.0002,200,0.0113
0.0027,0.0000,0.0000,0.0000,0.0026,0.0000,200,0.0251
0.0193,0.0008,0.0000,0.0010,0.0175,0.0000,200,0.0090
0.0046,0.0000,0.0000,0.0000,0.0044,0.0002,200,0.0240
0.0279,0.0000,0.0000,0.0000,0.0190,0.0001,200,0.0012
0.0141,0.0000,0.0000,0.0000,0.0140,0.0000,200,0.0154
0.0127,0.0000,0.0000,0.0000,0.0127,0.0000,200,0.0168
0.0159,0.0000,0.0000,0.0000,0.0158,0.0000,200,0.0152
0.0293,0.0000,0.0000,0.0000,0.0209,0.0001,200,0.0018
0.0292,0.0000,0.0000,0.0004,0.0202,0.0000,200,0.0019
0.0279,0.0041,0.0000,0.0019,0.0217,0.0001,200,0.0033
0.0121,0.0000,0.0000,0.0000,0.0121,0.0000,200,0.0198
0.0223,0.0008,0.0000,0.0011,0.0203,0.0001,200,0.0099
0.0050,0.0000,0.0000,0.0000,0.0049,0.0000,200,0.0279
0.0072,0.0000,0.0000,0.0000,0.0071,0.0001,200,0.0262
0.0157,0.0000,0.0000,0.0000,0.0155,0.0000,200,0.0177
0.0093,0.0000,0.0000,0.0000,0.0093,0.0000,200,0.0240
0.0147,0.0000,0.0000,0.0000,0.0140,0.0001,200,0.0195
0.0062,0.0000,0.0000,0.0000,0.0060,0.0002,200,0.0283
0.0082,0.0000,0.0000,0.0001,0.0078,0.0001,200,0.0268
0.0336,0.0000,0.0000,0.0000,0.0253,0.0001,200,0.0018
0.0240,0.0000,0.0000,0.0003,0.0226,0.0002,200,0.0120
0.0155,0.0000,0.0000,0.0001,0.0154,0.0000,200,0.0213
0.0124,0.0000,0.0000,0.0000,0.0124,0.0000,200,0.0244
0.0085,0.0000,0.0000,0.0000,0.0082,0.0003,200,0.0286
0.0062,0.0000,0.0000,0.0000,0.0055,0.0007,200,0.0319
0.0174,0.0000,0.0000,0.0000,0.0173,0.0001,200,0.0208
0.0046,0.0000,0.0000,0.0000,0.0043,0.0000,200,0.0342
0.0222,0.0000,0.0000,0.0002,0.0219,0.0000,200,0.0170
0.0165,0.0000,0.0000,0.0000,0.0148,0.0017,200,0.0234
0.0299,0.0004,0.0000,0.0004,0.0290,0.0001,200,0.0101
0.0207,0.0000,0.0000,0.0000,0.0207,0.0000,200,0.0197
0.0071,0.0000,0.0000,0.0000,0.0071,0.0000,200,0.0333
0.0187,0.0000,0.0000,0.0000,0.0187,0.0000,200,0.0226
0.0314,0.0000,0.0000,0.0006,0.0295,0.0001,200,0.0114
0.0303,0.0002,0.0000,0.0000,0.0300,0.0000,200,0.0125
0.0332,0.0021,0.0000,0.0013,0.0297,0.0000,200,0.0096
0.0414,0.0000,0.0000,0.0007,0.0301,0.0000,200,0.0021
0.0168,0.0000,0.0000,0.0000,0.0167,0.0001,200,0.0274
0.0077,0.0000,0.0000,0.0002,0.0070,0.0004,200,0.0371
0.0265,0.0000,0.0000,0.0000,0.0264,0.0000,200,0.0183
0.0089,0.0000,0.0000,0.0000,0.0084,0.0004,200,0.0369
0.0149,0.0000,0.0000,0.0001,0.0147,0.0000,200,0.0312
0.0107,0.0000,0.0000,0.0000,0.0106,0.0001,200,0.0354
0.0431,0.0037,0.0000,0.0024,0.0367,0.0002,200,0.0037
0.0453,0.0000,0.0000,0.0005,0.0343,0.0001,200,0.0021
0.0355,0.0002,0.0000,0.0002,0.0351,0.0001,200,0.0126
0.0255,0.0000,0.0000,0.0000,0.0255,0.0000,200,0.0229
0.0259,0.0000,0.0000,0.0000,0.0258,0.0001,200,0.0227
0.0170,0.0000,0.0000,0.0000,0.0169,0.0000,200,0.0322
0.0052,0.0000,0.0000,0.0000,0.0052,0.0000,200,0.0442
0.0478,0.0000,0.0000,0.0000,0.0387,0.0000,200,0.0018
0.0190,0.0000,0.0000,0.0001,0.0187,0.0001,200,0.0311
0.0168,0.0000,0.0000,0.0000,0.0167,0.0000,200,0.0334
0.0054,0.0000,0.0000,0.0001,0.0052,0.0000,200,0.0449
0.0029,0.0000,0.0000,0.0000,0.0026,0.0000,200,0.0475
0.0148,0.0000,0.0000,0.0000,0.0147,0.0001,200,0.0360
0.0049,0.0000,0.0000,0.0000,0.0043,0.0001,200,0.0461
0.0164,0.0000,0.0000,0.0000,0.0163,0.0000,200,0.0350
0.0228,0.0000,0.0000,0.0000,0.0227,0.0001,200,0.0291
0.0119,0.0000,0.0000,0.0000,0.0118,0.0001,200,0.0405
0.0136,0.0000,0.0000,0.0000,0.0135,0.0000,200,0.0392
0.0280,0.0000,0.0000,0.0001,0.0279,0.0000,200,0.0249
0.0020,0.0000,0.0000,0.0000,0.0018,0.0001,200,0.0514
0.0408,0.0000,0.0000,0.0000,0.0407,0.0001,200,0.0130
0.0055,0.0000,0.0000,0.0000,0.0054,0.0000,200,0.0484
0.0246,0.0000,0.0000,0.0000,0.0245,0.0000,200,0.0294
0.0014,0.0000,0.0000,0.0000,0.0013,0.0001,200,0.0533
0.0048,0.0000,0.0000,0.0001,0.0045,0.0000,200,0.0501
0.0064,0.0000,0.0000,0.0000,0.0064,0.0000,200,0.0492
0.0035,0.0000,0.0000,0.0001,0.0034,0.0000,200,0.0523
0.0249,0.0000,0.0000,0.0000,0.0248,0.0000,200,0.0311
0.0060,0.0000,0.0000,0.0000,0.0059,0.0001,200,0.0504
0.0062,0.0000,0.0000,0.0001,0.0060,0.0001,200,0.0502
0.0172,0.0000,0.0000,0.0000,0.0171,0.0000,200,0.0399
0.0076,0.0000,0.0000,0.0000,0.0074,0.0001,200,0.0496
0.0197,0.0000,0.0000,0.0000,0.0195,0.0000,200,0.0381
0.0198,0.0000,0.0000,0.0005,0.0191,0.0001,200,0.0382
0.0065,0.0000,0.0000,0.0000,0.0064,0.0001,200,0.0519
0.0028,0.0000,0.0000,0.0000,0.0027,0.0001,200,0.0559
0.0078,0.0000,0.0000,0.0000,0.0077,0.0000,200,0.0510
0.0564,0.0045,0.0000,0.0019,0.0500,0.0001,200,0.0028
0.0187,0.0000,0.0000,0.0000,0.0185,0.0002,200,0.0413
0.0091,0.0000,0.0000,0.0002,0.0087,0.0002,200,0.0508
0.0175,0.0000,0.0000,0.0000,0.0174,0.0000,200,0.0429
0.0041,0.0000,0.0000,0.0000,0.0041,0.0000,200,0.0565
0.0143,0.0000,0.0000,0.0000,0.0142,0.0000,200,0.0468
0.0052,0.0000,0.0000,0.0000,0.0051,0.0001,200,0.0560
0.0543,0.0027,0.0000,0.0008,0.0508,0.0000,200,0.0077
0.0072,0.0000,0.0000,0.0000,0.0071,0.0000,200,0.0549
0.0471,0.0000,0.0000,0.0002,0.0469,0.0000,200,0.0154
0.0209,0.0000,0.0000,0.0000,0.0209,0.0000,200,0.0429
0.0625,0.0000,0.0000,0.0000,0.0513,0.0000,200,0.0020
0.0080,0.0000,0.0000,0.0000,0.0079,0.0000,200,0.0587
0.0160,0.0000,0.0000,0.0000,0.0159,0.0001,200,0.0529
0.0103,0.0000,0.0000,0.0000,0.0103,0.0000,200,0.0588
0.0028,0.0000,0.0000,0.0000,0.0026,0.0000,200,0.0667
0.0121,0.0000,0.0000,0.0000,0.0120,0.0000,200,0.0578
0.0557,0.0000,0.0000,0.0000,0.0557,0.0000,200,0.0152
0.0257,0.0000,0.0000,0.0000,0.0251,0.0000,200,0.0461
0.0272,0.0000,0.0000,0.0000,0.0271,0.0000,200,0.0448
0.0150,0.0000,0.0000,0.0000,0.0150,0.0000,200,0.0572
0.0104,0.0000,0.0000,0.0000,0.0102,0.0001,200,0.0645
0.0157,0.0000,0.0000,0.0000,0.0157,0.0000,200,0.0593
0.0062,0.0000,0.0000,0.0000,0.0061,0.0001,200,0.0692
0.0216,0.0000,0.0000,0.0002,0.0213,0.0000,200,0.0539
0.0284,0.0000,0.0000,0.0000,0.0283,0.0001,200,0.0481
0.0442,0.0000,0.0000,0.0000,0.0441,0.0001,200,0.0328
0.0080,0.0000,0.0000,0.0000,0.0075,0.0000,200,0.0694
0.0193,0.0000,0.0000,0.0000,0.0192,0.0000,200,0.0601
0.0238,0.0000,0.0000,0.0000,0.0237,0.0001,200,0.0557
0.0194,0.0000,0.0000,0.0001,0.0189,0.0004,200,0.0604
0.0030,0.0000,0.0000,0.0000,0.0029,0.0000,200,0.0774
0.0239,0.0000,0.0000,0.0000,0.0239,0.0000,200,0.0571
0.0048,0.0000,0.0000,0.0000,0.0047,0.0000,200,0.0770
0.0107,0.0000,0.0000,0.0000,0.0106,0.0000,200,0.0719
0.0521,0.0000,0.0000,0.0000,0.0520,0.0000,200,0.0310
0.0271,0.0000,0.0000,0.0000,0.0270,0.0000,200,0.0565
0.0407,0.0000,0.0000,0.0000,0.0407,0.0000,200,0.0435
0.0058,0.0000,0.0000,0.0000,0.0056,0.0001,200,0.0794
0.0144,0.0000,0.0000,0.0000,0.0143,0.0001,200,0.0720
0.0075,0.0000,0.0000,0.0000,0.0075,0.0000,200,0.0795
0.0294,0.0000,0.0000,0.0000,0.0292,0.0000,200,0.0580
0.0126,0.0000,0.0000,0.0000,0.0125,0.0001,200,0.0755
0.0136,0.0000,0.0000,0.0000,0.0135,0.0000,200,0.0754
0.0289,0.0000,0.0000,0.0000,0.0288,0.0001,200,0.0611
0.0403,0.0000,0.0000,0.0000,0.0402,0.0000,200,0.0501
0.0188,0.0000,0.0000,0.0000,0.0187,0.0001,200,0.0722
0.0287,0.0000,0.0000,0.0000,0.0286,0.0000,200,0.0626
0.0377,0.0000,0.0000,0.0000,0.0374,0.0002,200,0.0540
0.0105,0.0000,0.0000,0.0000,0.0104,0.0000,200,0.0818
0.0230,0.0000,0.0000,0.0002,0.0228,0.0000,200,0.0699
0.0063,0.0000,0.0000,0.0000,0.0061,0.0001,200,0.0900
0.0160,0.0000,0.0000,0.0000,0.0159,0.0000,200,0.0810
0.0063,0.0000,0.0000,0.0000,0.0062,0.0001,200,0.0912
0.0079,0.0000,0.0000,0.0000,0.0077,0.0001,200,0.0904
0.0280,0.0000,0.0000,0.0000,0.0279,0.0000,200,0.0709
0.0779,0.0000,0.0000,0.0000,0.0776,0.0003,200,0.0256
0.0460,0.0000,0.0000,0.0000,0.0459,0.0001,200,0.0584
0.0682,0.0000,0.0000,0.0000,0.0681,0.0001,200,0.0368
0.0255,0.0000,0.0000,0.0000,0.0255,0.0000,200,0.0804
0.0147,0.0000,0.0000,0.0000,0.0144,0.0002,200,0.0922
0.0208,0.0000,0.0000,0.0000,0.0207,0.0001,200,0.0863
0.0284,0.0000,0.0000,0.0000,0.0279,0.0005,200,0.0798
0.0538,0.0000,0.0000,0.0000,0.0537,0.0000,200,0.0547
0.0262,0.0000,0.0000,0.0000,0.0259,0.0002,200,0.0826
0.0570,0.0000,0.0000,0.0000,0.0569,0.0001,200,0.0538
0.0145,0.0000,0.0000,0.0000,0.0144,0.0000,200,0.0964
0.0680,0.0000,0.0000,0.0000,0.0679,0.0001,200,0.0429
0.0261,0.0000,0.0000,0.0000,0.0257,0.0000,200,0.0852
0.0200,0.0000,0.0000,0.0000,0.0199,0.0001,200,0.0917
0.0376,0.0000,0.0000,0.0000,0.0374,0.0001,200,0.0749
0.0156,0.0000,0.0000,0.0000,0.0154,0.0001,200,0.0976
0.0063,0.0000,0.0000,0.0004,0.0058,0.0001,200,0.1069
0.0518,0.0000,0.0000,0.0000,0.0517,0.0000,200,0.0621
0.0100,0.0000,0.0000,0.0000,0.0099,0.0001,200,0.1044
0.0804,0.0000,0.0000,0.0000,0.0804,0.0000,200,0.0345
0.0547,0.0000,0.0000,0.0000,0.0546,0.0001,200,0.0606
0.0133,0.0000,0.0000,0.0001,0.0132,0.0000,200,0.1036
0.0099,0.0000,0.0000,0.0000,0.0098,0.0001,200,0.1071
0.0714,0.0000,0.0000,0.0000,0.0710,0.0000,200,0.0457
0.0956,0.0000,0.0000,0.0000,0.0955,0.0001,200,0.0216
0.0893,0.0000,0.0000,0.0000,0.0892,0.0000,200,0.0295
0.0103,0.0000,0.0000,0.0000,0.0102,0.0000,200,0.1086
0.0017,0.0000,0.0000,0.0000,0.0016,0.0000,200,0.1172
0.0560,0.0000,0.0000,0.0000,0.0558,0.0001,200,0.0638
0.0072,0.0000,0.0000,0.0001,0.0071,0.0000,200,0.1131
0.0055,0.0000,0.0000,0.0001,0.0053,0.0000,200,0.1153
0.0448,0.0000,0.0000,0.0000,0.0448,0.0000,200,0.0764
0.0384,0.0000,0.0000,0.0000,0.0383,0.0001,200,0.0836
0.0075,0.0000,0.0000,0.0000,0.0074,0.0001,200,0.1150
0.0320,0.0000,0.0000,0.0000,0.0318,0.0001,200,0.0911
0.0065,0.0000,0.0000,0.0000,0.0064,0.0000,200,0.1169
0.0409,0.0000,0.0000,0.0000,0.0407,0.0001,200,0.0831
0.0024,0.0000,0.0000,0.0000,0.0023,0.0000,200,0.1219
0.0850,0.0000,0.0000,0.0002,0.0844,0.0000,200,0.0400
0.0765,0.0000,0.0000,0.0000,0.0764,0.0001,200,0.0495
0.0419,0.0000,0.0000,0.0000,0.0418,0.0000,200,0.0842
0.0144,0.0000,0.0000,0.0000,0.0143,0.0000,200,0.1118
0.0576,0.0000,0.0000,0.0001,0.0574,0.0000,200,0.0690
0.0088,0.0000,0.0000,0.0000,0.0081,0.0006,200,0.1188
0.0088,0.0000,0.0000,0.0000,0.0087,0.0001,200,0.1189
0.0080,0.0000,0.0000,0.0000,0.0078,0.0001,200,0.1203
0.0092,0.0000,0.0000,0.0000,0.0091,0.0000,200,0.1198
0.0364,0.0000,0.0000,0.0000,0.0363,0.0001,200,0.0929
0.0311,0.0000,0.0000,0.0005,0.0304,0.0000,200,0.0989
0.0899,0.0000,0.0000,0.0000,0.0899,0.0000,200,0.0405
0.0084,0.0000,0.0000,0.0000,0.0083,0.0001,200,0.1224
0.0160,0.0000,0.0000,0.0000,0.0159,0.0001,200,0.1171
0.0458,0.0000,0.0000,0.0000,0.0457,0.0000,200,0.0881
0.0047,0.0000,0.0000,0.0000,0.0046,0.0001,200,0.1300
0.0238,0.0000,0.0000,0.0000,0.0237,0.0000,200,0.1125
0.0773,0.0000,0.0000,0.0000,0.0772,0.0001,200,0.0621
0.1383,0.0000,0.0000,0.0007,0.1272,0.0001,200,0.0021
0.0171,0.0000,0.0000,0.0000,0.0170,0.0001,200,0.1240
0.0052,0.0000,0.0000,0.0000,0.0051,0.0001,200,0.1363
0.0211,0.0000,0.0000,0.0000,0.0210,0.0000,200,0.1208
0.0369,0.0000,0.0000,0.0000,0.0367,0.0001,200,0.1059
0.0205,0.0000,0.0000,0.0000,0.0204,0.0001,200,0.1231
0.0027,0.0000,0.0000,0.0000,0.0026,0.0001,200,0.1428
0.0247,0.0000,0.0000,0.0001,0.0245,0.0000,200,0.1213
0.0203,0.0000,0.0000,0.0000,0.0201,0.0001,200,0.1259
0.0026,0.0000,0.0000,0.0000,0.0025,0.0000,200,0.1436
0.0356,0.0000,0.0000,0.0000,0.0355,0.0000,200,0.1108
0.0187,0.0000,0.0000,0.0001,0.0186,0.0000,200,0.1277
0.0361,0.0000,0.0000,0.0000,0.0360,0.0000,200,0.1109
0.0597,0.0000,0.0000,0.0000,0.0596,0.0001,200,0.0874
0.0225,0.0000,0.0000,0.0000,0.0224,0.0000,200,0.1250
0.0249,0.0000,0.0000,0.0000,0.0241,0.0008,200,0.1234
0.1102,0.0000,0.0000,0.0004,0.1096,0.0001,200,0.0388
0.0195,0.0000,0.0000,0.0000,0.0192,0.0002,200,0.1304
0.1011,0.0000,0.0000,0.0001,0.1008,0.0001,200,0.0486
0.0267,0.0000,0.0000,0.0000,0.0265,0.0001,200,0.1261
0.0047,0.0000,0.0000,0.0000,0.0047,0.0000,200,0.1483
0.0267,0.0000,0.0000,0.0000,0.0266,0.0000,200,0.1265
0.0068,0.0000,0.0000,0.0000,0.0068,0.0000,200,0.1464
0.0550,0.0000,0.0000,0.0000,0.0549,0.0000,200,0.0983
0.0140,0.0000,0.0000,0.0000,0.0139,0.0000,200,0.1394
0.0119,0.0000,0.0000,0.0000,0.0118,0.0000,200,0.1415
0.0072,0.0000,0.0000,0.0000,0.0071,0.0000,200,0.1462
0.0085,0.0000,0.0000,0.0000,0.0084,0.0000,200,0.1455
0.0431,0.0000,0.0000,0.0000,0.0429,0.0001,200,0.1109
0.0298,0.0000,0.0000,0.0000,0.0298,0.0000,200,0.1243
0.0210,0.0000,0.0000,0.0000,0.0203,0.0007,200,0.1331
0.0135,0.0000,0.0000,0.0000,0.0134,0.0000,200,0.1411
0.0269,0.0000,0.0000,0.0000,0.0268,0.0000,200,0.1283
0.0442,0.0000,0.0000,0.0000,0.0441,0.0001,200,0.1113
0.0061,0.0000,0.0000,0.0000,0.0060,0.0001,200,0.1499
0.0816,0.0000,0.0000,0.0000,0.0814,0.0002,200,0.0750
0.0229,0.0000,0.0000,0.0000,0.0225,0.0004,200,0.1347
0.0157,0.0000,0.0000,0.0000,0.0157,0.0000,200,0.1419
0.0048,0.0000,0.0000,0.0000,0.0047,0.0001,200,0.1533
0.0393,0.0000,0.0000,0.0000,0.0390,0.0002,200,0.1188
0.0983,0.0000,0.0000,0.0000,0.0977,0.0005,200,0.0600
0.0496,0.0000,0.0000,0.0000,0.0495,0.0001,200,0.1087
0.0981,0.0000,0.0000,0.0000,0.0981,0.0000,200,0.0612
0.0190,0.0000,0.0000,0.0000,0.0188,0.0000,200,0.1404
0.0041,0.0000,0.0000,0.0000,0.0040,0.0000,200,0.1567
0.0053,0.0000,0.0000,0.0000,0.0052,0.0000,200,0.1555
0.0025,0.0000,0.0000,0.0000,0.0024,0.0001,200,0.1584
0.0334,0.0000,0.0000,0.0000,0.0331,0.0002,200,0.1276
0.0529,0.0000,0.0000,0.0000,0.0528,0.0001,200,0.1082
0.0644,0.0000,0.0000,0.0000,0.0644,0.0000,200,0.0970
0.0142,0.0000,0.0000,0.0000,0.0142,0.0000,200,0.1474
0.1286,0.0000,0.0000,0.0000,0.1281,0.0001,200,0.0333
0.0161,0.0000,0.0000,0.0001,0.0159,0.0000,200,0.1462
0.0367,0.0000,0.0000,0.0000,0.0362,0.0004,200,0.1262
0.0021,0.0000,0.0000,0.0000,0.0020,0.0000,200,0.1608
0.0489,0.0000,0.0000,0.0000,0.0487,0.0001,200,0.1144
0.0099,0.0000,0.0000,0.0000,0.0098,0.0001,200,0.1534
0.0023,0.0000,0.0000,0.0000,0.0020,0.0001,200,0.1615
0.0029,0.0000,0.0000,0.0000,0.0028,0.0000,200,0.1609
0.0172,0.0000,0.0000,0.0001,0.0170,0.0001,200,0.1470
0.0779,0.0000,0.0000,0.0000,0.0773,0.0006,200,0.0870
0.0110,0.0000,0.0000,0.0000,0.0109,0.0000,200,0.1540
0.0190,0.0000,0.0000,0.0000,0.0190,0.0000,200,0.1464
0.0031,0.0000,0.0000,0.0003,0.0028,0.0000,200,0.1629
0.0494,0.0000,0.0000,0.0000,0.0491,0.0003,200,0.1171
0.0777,0.0000,0.0000,0.0000,0.0776,0.0000,200,0.0889
0.0059,0.0000,0.0000,0.0000,0.0058,0.0000,200,0.1612
0.0016,0.0000,0.0000,0.0000,0.0016,0.0000,200,0.1655
0.0078,0.0000,0.0000,0.0000,0.0076,0.0001,200,0.1594
0.0379,0.0000,0.0000,0.0000,0.0379,0.0000,200,0.1293
0.0055,0.0000,0.0000,0.0000,0.0053,0.0001,200,0.1623
0.0138,0.0000,0.0000,0.0000,0.0135,0.0003,200,0.1540
0.0629,0.0000,0.0000,0.0000,0.0628,0.0000,200,0.1050
0.0151,0.0000,0.0000,0.0000,0.0151,0.0000,200,0.1533
0.0070,0.0000,0.0000,0.0000,0.0068,0.0001,200,0.1617
0.0061,0.0000,0.0000,0.0000,0.0061,0.0000,200,0.1633
0.0101,0.0000,0.0000,0.0000,0.0100,0.0000,200,0.1594
0.0115,0.0000,0.0000,0.0000,0.0114,0.0000,200,0.1580
0.0021,0.0000,0.0000,0.0000,0.0015,0.0001,200,0.1679
0.0563,0.0000,0.0000,0.0000,0.0563,0.0000,200,0.1139
0.0178,0.0000,0.0000,0.0000,0.0177,0.0000,200,0.1528
0.0249,0.0000,0.0000,0.0000,0.0248,0.0001,200,0.1460
0.0022,0.0000,0.0000,0.0000,0.0022,0.0000,200,0.1687
0.0038,0.0000,0.0000,0.0000,0.0036,0.0000,200,0.1678
0.0256,0.0000,0.0000,0.0000,0.0255,0.0000,200,0.1470
0.0066,0.0000,0.0000,0.0000,0.0065,0.0000,200,0.1660
0.0025,0.0000,0.0000,0.0000,0.0024,0.0000,200,0.1702
0.0051,0.0000,0.0000,0.0000,0.0043,0.0007,200,0.1684
0.0085,0.0000,0.0000,0.0000,0.0084,0.0000,200,0.1650
0.0040,0.0000,0.0000,0.0000,0.0039,0.0001,200,0.1700
0.0041,0.0000,0.0000,0.0000,0.0040,0.0000,200,0.1706
0.0194,0.0000,0.0000,0.0000,0.0193,0.0000,200,0.1552
0.0020,0.0000,0.0000,0.0000,0.0017,0.0003,200,0.1727
0.0083,0.0000,0.0000,0.0000,0.0082,0.0001,200,0.1666
0.0623,0.0000,0.0000,0.0000,0.0622,0.0001,200,0.1132
0.0264,0.0000,0.0000,0.0000,0.0263,0.0000,200,0.1499
0.0127,0.0000,0.0000,0.0000,0.0126,0.0001,200,0.1637
0.0156,0.0000,0.0000,0.0000,0.0155,0.0000,200,0.1609
0.0024,0.0000,0.0000,0.0000,0.0022,0.0001,200,0.1747
0.0039,0.0000,0.0000,0.0000,0.0038,0.0001,200,0.1735
0.0243,0.0000,0.0000,0.0000,0.0242,0.0000,200,0.1532
0.0086,0.0000,0.0000,0.0000,0.0085,0.0001,200,0.1695
0.0150,0.0000,0.0000,0.0001,0.0147,0.0001,200,0.1642
0.0087,0.0000,0.0000,0.0000,0.0087,0.0000,200,0.1710
0.0062,0.0000,0.0000,0.0000,0.0061,0.0000,200,0.1735
0.0256,0.0000,0.0000,0.0000,0.0256,0.0000,200,0.1542
0.0201,0.0000,0.0000,0.0001,0.0198,0.0001,200,0.1608
0.0143,0.0000,0.0000,0.0000,0.0142,0.0001,200,0.1671
0.0481,0.0000,0.0000,0.0000,0.0481,0.0000,200,0.1339
0.0158,0.0000,0.0000,0.0000,0.0157,0.0001,200,0.1666
0.0156,0.0000,0.0000,0.0000,0.0155,0.0001,200,0.1672
0.0215,0.0000,0.0000,0.0000,0.0213,0.0001,200,0.1620
0.0038,0.0000,0.0000,0.0000,0.0038,0.0000,200,0.1798
0.0134,0.0000,0.0000,0.0001,0.0132,0.0000,200,0.1709
0.0094,0.0000,0.0000,0.0000,0.0093,0.0000,200,0.1749
0.0014,0.0000,0.0000,0.0000,0.0013,0.0000,200,0.1835
0.0545,0.0000,0.0000,0.0000,0.0544,0.0000,200,0.1308
0.0565,0.0000,0.0000,0.0000,0.0565,0.0000,200,0.1289
0.0034,0.0000,0.0000,0.0000,0.0033,0.0001,200,0.1828
0.0329,0.0000,0.0000,0.0000,0.0328,0.0000,200,0.1542
0.0095,0.0000,0.0000,0.0000,0.0091,0.0004,200,0.1775
0.0058,0.0000,0.0000,0.0000,0.0058,0.0000,200,0.1820
0.0061,0.0000,0.0000,0.0000,0.0059,0.0002,200,0.1824
0.0316,0.0000,0.0000,0.0000,0.0315,0.0000,200,0.1577
0.0037,0.0000,0.0000,0.0000,0.0035,0.0001,200,0.1862
0.0236,0.0000,0.0000,0.0000,0.0235,0.0001,200,0.1672
0.0154,0.0000,0.0000,0.0000,0.0154,0.0000,200,0.1755
0.0136,0.0000,0.0000,0.0000,0.0135,0.0000,200,0.1774
0.0124,0.0000,0.0000,0.0000,0.0123,0.0000,200,0.1792
0.0137,0.0000,0.0000,0.0000,0.0136,0.0001,200,0.1780
0.0294,0.0000,0.0000,0.0000,0.0293,0.0001,200,0.1628
0.1910,0.0086,0.0000,0.0003,0.1820,0.0000,200,0.0019
0.0402,0.0000,0.0000,0.0000,0.0401,0.0000,200,0.1534
0.0096,0.0000,0.0000,0.0000,0.0095,0.0001,200,0.1842
0.0199,0.0000,0.0000,0.0000,0.0196,0.0002,200,0.1746
0.0199,0.0000,0.0000,0.0000,0.0198,0.0000,200,0.1746
0.0422,0.0000,0.0000,0.0000,0.0421,0.0001,200,0.1532
0.0107,0.0000,0.0000,0.0000,0.0107,0.0000,200,0.1854
0.0091,0.0000,0.0000,0.0000,0.0090,0.0001,200,0.1870
0.0112,0.0000,0.0000,0.0000,0.0111,0.0001,200,0.1853
0.0051,0.0000,0.0000,0.0000,0.0050,0.0001,200,0.1923
0.0419,0.0000,0.0000,0.0000,0.0418,0.0001,200,0.1560
0.0024,0.0000,0.0000,0.0000,0.0023,0.0001,200,0.1962
0.0316,0.0000,0.0000,0.0000,0.0311,0.0002,200,0.1677
0.0080,0.0000,0.0000,0.0001,0.0077,0.0002,200,0.1918
0.0237,0.0000,0.0000,0.0000,0.0236,0.0000,200,0.1762
0.0072,0.0000,0.0000,0.0000,0.0072,0.0000,200,0.1929
0.0199,0.0000,0.0000,0.0000,0.0197,0.0002,200,0.1809
0.0269,0.0000,0.0000,0.0000,0.0268,0.0000,200,0.1740
0.0468,0.0000,0.0000,0.0000,0.0467,0.0001,200,0.1546
0.0008,0.0000,0.0000,0.0000,0.0007,0.0001,200,0.2008
0.0126,0.0000,0.0000,0.0000,0.0125,0.0001,200,0.1899
0.0090,0.0000,0.0000,0.0000,0.0089,0.0001,200,0.1936
0.0053,0.0000,0.0000,0.0000,0.0051,0.0002,200,0.1986
0.0049,0.0000,0.0000,0.0000,0.0048,0.0000,200,0.1993
0.0131,0.0000,0.0000,0.0000,0.0131,0.0000,200,0.1910
0.0316,0.0000,0.0000,0.0000,0.0315,0.0001,200,0.1726
0.0286,0.0000,0.0000,0.0000,0.0285,0.0001,200,0.1764
0.0474,0.0000,0.0000,0.0000,0.0473,0.0000,200,0.1576
0.0051,0.0000,0.0000,0.0002,0.0046,0.0000,200,0.2003
0.0208,0.0000,0.0000,0.0000,0.0207,0.0000,200,0.1849
0.0101,0.0000,0.0000,0.0000,0.0100,0.0001,200,0.1962
0.0271,0.0000,0.0000,0.0000,0.0269,0.0001,200,0.1797
0.0375,0.0000,0.0000,0.0000,0.0374,0.0000,200,0.1695
0.0492,0.0000,0.0000,0.0001,0.0489,0.0001,200,0.1583
0.0103,0.0000,0.0000,0.0000,0.0100,0.0002,200,0.1979
0.0142,0.0000,0.0000,0.0000,0.0142,0.0000,200,0.1946
0.0027,0.0000,0.0000,0.0000,0.0026,0.0000,200,0.2068
0.0053,0.0000,0.0000,0.0000,0.0048,0.0000,200,0.2050
0.0061,0.0000,0.0000,0.0000,0.0060,0.0000,200,0.2041
0.0195,0.0000,0.0000,0.0000,0.0193,0.0000,200,0.1908
0.0390,0.0000,0.0000,0.0000,0.0387,0.0002,200,0.1716
0.0622,0.0000,0.0000,0.0000,0.0621,0.0001,200,0.1490
0.0210,0.0000,0.0000,0.0000,0.0209,0.0000,200,0.1909
0.0249,0.0000,0.0000,0.0000,0.0247,0.0000,200,0.1870
0.0099,0.0000,0.0000,0.0000,0.0098,0.0001,200,0.2026
0.0024,0.0000,0.0000,0.0000,0.0023,0.0000,200,0.2106
0.0255,0.0000,0.0000,0.0000,0.0254,0.0000,200,0.1879
0.0182,0.0000,0.0000,0.0000,0.0181,0.0000,200,0.1954
0.0036,0.0000,0.0000,0.0000,0.0036,0.0000,200,0.2103
0.0040,0.0000,0.0000,0.0000,0.0039,0.0001,200,0.2103
0.0026,0.0000,0.0000,0.0000,0.0025,0.0000,200,0.2119
0.0047,0.0000,0.0000,0.0000,0.0046,0.0001,200,0.2103
0.0382,0.0000,0.0000,0.0000,0.0381,0.0000,200,0.1771
0.0016,0.0000,0.0000,0.0000,0.0016,0.0000,200,0.2146
0.0405,0.0000,0.0000,0.0000,0.0404,0.0000,200,0.1765
0.0500,0.0000,0.0000,0.0000,0.0500,0.0000,200,0.1670
0.0225,0.0000,0.0000,0.0000,0.0222,0.0003,200,0.1945
0.0024,0.0000,0.0000,0.0000,0.0024,0.0000,200,0.2154
0.0166,0.0000,0.0000,0.0000,0.0165,0.0000,200,0.2016
0.0139,0.0000,0.0000,0.0000,0.0135,0.0000,200,0.2050
0.0123,0.0000,0.0000,0.0000,0.0122,0.0001,200,0.2070
0.0120,0.0000,0.0000,0.0000,0.0118,0.0000,200,0.2075
0.0037,0.0000,0.0000,0.0000,0.0036,0.0000,200,0.2162
0.0068,0.0000,0.0000,0.0000,0.0067,0.0000,200,0.2135
0.0291,0.0000,0.0000,0.0000,0.0290,0.0001,200,0.1916
0.0681,0.0000,0.0000,0.0000,0.0680,0.0001,200,0.1531
0.0118,0.0000,0.0000,0.0002,0.0115,0.0000,200,0.2095
0.0141,0.0000,0.0000,0.0000,0.0137,0.0003,200,0.2082
0.0497,0.0000,0.0000,0.0000,0.0496,0.0000,200,0.1726
0.0040,0.0000,0.0000,0.0000,0.0039,0.0001,200,0.2189
0.0225,0.0000,0.0000,0.0000,0.0225,0.0000,200,0.2009
0.0241,0.0000,0.0000,0.0000,0.0238,0.0001,200,0.1998
0.0266,0.0000,0.0000,0.0003,0.0262,0.0000,200,0.1974
0.0408,0.0000,0.0000,0.0000,0.0407,0.0001,200,0.1836
0.0127,0.0000,0.0000,0.0000,0.0126,0.0001,200,0.2119
0.0284,0.0000,0.0000,0.0000,0.0282,0.0001,200,0.1966
0.0211,0.0000,0.0000,0.0000,0.0210,0.0001,200,0.2042
0.0046,0.0000,0.0000,0.0000,0.0045,0.0000,200,0.2213
0.0154,0.0000,0.0000,0.0000,0.0148,0.0001,200,0.2112
0.0333,0.0000,0.0000,0.0000,0.0331,0.0001,200,0.1938
0.0051,0.0000,0.0000,0.0001,0.0049,0.0000,200,0.2222
0.0189,0.0000,0.0000,0.0000,0.0187,0.0002,200,0.2088
0.0101,0.0000,0.0000,0.0000,0.0100,0.0000,200,0.2178
0.0154,0.0000,0.0000,0.0000,0.0153,0.0001,200,0.2129
0.0116,0.0000,0.0000,0.0000,0.0115,0.0001,200,0.2171
0.0046,0.0000,0.0000,0.0000,0.0045,0.0001,200,0.2244
0.0099,0.0000,0.0000,0.0000,0.0096,0.0003,200,0.2199
0.0076,0.0000,0.0000,0.0000,0.0075,0.0001,200,0.2223
0.0170,0.0000,0.0000,0.0000,0.0169,0.0001,200,0.2133
0.0273,0.0000,0.0000,0.0000,0.0271,0.0001,200,0.2057
0.0453,0.0000,0.0000,0.0000,0.0452,0.0000,200,0.1885
0.0089,0.0000,0.0000,0.0000,0.0089,0.0000,200,0.2249
0.0195,0.0000,0.0000,0.0000,0.0195,0.0001,200,0.2143
0.0111,0.0000,0.0000,0.0000,0.0110,0.0000,200,0.2229
0.0086,0.0000,0.0000,0.0001,0.0072,0.0013,200,0.2266
0.0510,0.0000,0.0000,0.0000,0.0496,0.0014,200,0.1843
0.0234,0.0000,0.0000,0.0000,0.0229,0.0006,200,0.2125
0.1845,0.0000,0.0000,0.0000,0.1836,0.0009,200,0.0528
0.0334,0.0000,0.0000,0.0000,0.0333,0.0000,200,0.2041
0.0091,0.0000,0.0000,0.0000,0.0065,0.0025,200,0.2298
0.0044,0.0000,0.0000,0.0009,0.0033,0.0001,200,0.2352
0.0196,0.0000,0.0000,0.0000,0.0195,0.0000,200,0.2204
0.0110,0.0000,0.0000,0.0000,0.0109,0.0000,200,0.2291
0.0142,0.0000,0.0000,0.0000,0.0117,0.0025,200,0.2258
0.0207,0.0000,0.0000,0.0000,0.0206,0.0000,200,0.2195
0.0821,0.0000,0.0000,0.0000,0.0820,0.0000,200,0.1581
0.0064,0.0000,0.0000,0.0001,0.0027,0.0000,200,0.2339
0.0210,0.0000,0.0000,0.0001,0.0209,0.0000,200,0.2193
0.0069,0.0000,0.0000,0.0000,0.0068,0.0000,200,0.2338
0.0394,0.0000,0.0000,0.0000,0.0392,0.0000,200,0.2014
0.0202,0.0000,0.0000,0.0000,0.0201,0.0000,200,0.2207
0.0240,0.0000,0.0000,0.0000,0.0205,0.0034,200,0.2170
0.0261,0.0000,0.0000,0.0000,0.0226,0.0035,200,0.2150
0.0774,0.0000,0.0000,0.0000,0.0738,0.0036,200,0.1638
0.0375,0.0000,0.0000,0.0001,0.0336,0.0038,200,0.2039
0.0618,0.0000,0.0000,0.0000,0.0617,0.0000,200,0.1797
0.0138,0.0000,0.0000,0.0000,0.0111,0.0026,200,0.2277
0.0353,0.0000,0.0000,0.0000,0.0352,0.0000,200,0.2063
0.0234,0.0000,0.0000,0.0000,0.0207,0.0026,200,0.2182
0.0363,0.0000,0.0000,0.0000,0.0362,0.0000,200,0.2054
0.0205,0.0000,0.0000,0.0000,0.0205,0.0000,200,0.2211
0.0181,0.0000,0.0000,0.0000,0.0163,0.0018,200,0.2240
0.0790,0.0000,0.0000,0.0000,0.0789,0.0000,200,0.1633
0.0171,0.0000,0.0000,0.0000,0.0170,0.0000,200,0.2253
0.0151,0.0000,0.0000,0.0000,0.0151,0.0000,200,0.2279
0.0015,0.0000,0.0000,0.0000,0.0014,0.0001,200,0.2416
0.0187,0.0000,0.0000,0.0001,0.0185,0.0000,200,0.2246
0.0062,0.0000,0.0000,0.0000,0.0061,0.0000,200,0.2373
0.0626,0.0000,0.0000,0.0001,0.0624,0.0001,200,0.1814
0.0156,0.0000,0.0000,0.0000,0.0155,0.0000,200,0.2287
0.0046,0.0000,0.0000,0.0000,0.0045,0.0000,200,0.2399
0.0060,0.0000,0.0000,0.0027,0.0033,0.0000,200,0.2389
0.0213,0.0000,0.0000,0.0000,0.0212,0.0001,200,0.2239
0.0565,0.0000,0.0000,0.0000,0.0565,0.0001,200,0.1893
0.0041,0.0000,0.0000,0.0001,0.0035,0.0000,200,0.2417
0.0234,0.0000,0.0000,0.0000,0.0233,0.0001,200,0.2234
0.0065,0.0000,0.0000,0.0000,0.0063,0.0001,200,0.2408
0.0071,0.0000,0.0000,0.0000,0.0070,0.0001,200,0.2403
0.0066,0.0000,0.0000,0.0000,0.0065,0.0001,200,0.2414
0.0064,0.0000,0.0000,0.0000,0.0064,0.0000,200,0.2416
0.0050,0.0000,0.0000,0.0000,0.0049,0.0000,200,0.2433
0.0348,0.0000,0.0000,0.0000,0.0347,0.0000,200,0.2139
0.0067,0.0000,0.0000,0.0000,0.0065,0.0002,200,0.2421
0.0083,0.0000,0.0000,0.0000,0.0081,0.0000,200,0.2412
0.0169,0.0000,0.0000,0.0000,0.0168,0.0000,200,0.2329
0.0330,0.0000,0.0000,0.0001,0.0327,0.0001,200,0.2170
0.0100,0.0000,0.0000,0.0000,0.0100,0.0000,200,0.2402
0.0022,0.0000,0.0000,0.0000,0.0022,0.0000,200,0.2481
0.0480,0.0000,0.0000,0.0000,0.0479,0.0001,200,0.2025
0.0236,0.0000,0.0000,0.0000,0.0234,0.0001,200,0.2271
0.0511,0.0000,0.0000,0.0000,0.0509,0.0000,200,0.1999
0.0086,0.0000,0.0000,0.0000,0.0084,0.0002,200,0.2430
0.0015,0.0000,0.0000,0.0001,0.0013,0.0000,200,0.2505
0.0072,0.0000,0.0000,0.0000,0.0068,0.0004,200,0.2449
0.0083,0.0000,0.0000,0.0000,0.0083,0.0001,200,0.2445
0.0049,0.0000,0.0000,0.0000,0.0048,0.0000,200,0.2480
0.0247,0.0000,0.0000,0.0000,0.0246,0.0000,200,0.2284
0.0231,0.0000,0.0000,0.0000,0.0230,0.0001,200,0.2303
0.0037,0.0000,0.0000,0.0000,0.0035,0.0001,200,0.2500
0.0035,0.0000,0.0000,0.0001,0.0033,0.0001,200,0.2507
0.0136,0.0000,0.0000,0.0000,0.0135,0.0001,200,0.2408
0.0043,0.0000,0.0000,0.0001,0.0042,0.0000,200,0.2502
0.0211,0.0000,0.0000,0.0000,0.0211,0.0000,200,0.2338
0.0136,0.0000,0.0000,0.0000,0.0135,0.0001,200,0.2416
0.0052,0.0000,0.0000,0.0000,0.0051,0.0001,200,0.2503
0.0108,0.0000,0.0000,0.0000,0.0106,0.0002,200,0.2452
0.0051,0.0000,0.0000,0.0000,0.0050,0.0000,200,0.2510
0.0159,0.0000,0.0000,0.0000,0.0158,0.0000,200,0.2409
0.0151,0.0000,0.0000,0.0000,0.0149,0.0001,200,0.2423
0.0021,0.0000,0.0000,0.0000,0.0020,0.0000,200,0.2555
0.0134,0.0000,0.0000,0.0000,0.0130,0.0003,200,0.2442
0.0121,0.0000,0.0000,0.0000,0.0120,0.0000,200,0.2458
0.0148,0.0000,0.0000,0.0000,0.0146,0.0001,200,0.2435
0.0024,0.0000,0.0000,0.0000,0.0024,0.0000,200,0.2561
0.0238,0.0000,0.0000,0.0009,0.0228,0.0000,200,0.2353
0.0298,0.0000,0.0000,0.0000,0.0296,0.0000,200,0.2298
0.0022,0.0000,0.0000,0.0000,0.0021,0.0000,200,0.2576
0.0167,0.0000,0.0000,0.0000,0.0164,0.0002,200,0.2431
0.0103,0.0000,0.0000,0.0000,0.0103,0.0000,200,0.2498
0.0023,0.0000,0.0000,0.0000,0.0022,0.0000,200,0.2586
0.0018,0.0000,0.0000,0.0000,0.0014,0.0000,200,0.2598
0.0100,0.0000,0.0000,0.0000,0.0095,0.0001,200,0.2517
0.0208,0.0000,0.0000,0.0000,0.0207,0.0000,200,0.2410
0.0207,0.0000,0.0000,0.0000,0.0206,0.0000,200,0.2415
0.0187,0.0000,0.0000,0.0000,0.0183,0.0003,200,0.2440
0.0157,0.0000,0.0000,0.0000,0.0156,0.0000,200,0.2474
0.0102,0.0000,0.0000,0.0000,0.0101,0.0001,200,0.2531
0.0062,0.0000,0.0000,0.0000,0.0061,0.0001,200,0.2576
0.0060,0.0000,0.0000,0.0000,0.0059,0.0000,200,0.2579
0.0053,0.0000,0.0000,0.0000,0.0053,0.0000,200,0.2591
0.0224,0.0000,0.0000,0.0000,0.0224,0.0000,200,0.2424
0.0019,0.0000,0.0000,0.0000,0.0018,0.0001,200,0.2631
0.0254,0.0000,0.0000,0.0000,0.0253,0.0000,200,0.2401
0.0262,0.0000,0.0000,0.0000,0.0261,0.0000,200,0.2397
0.0061,0.0000,0.0000,0.0001,0.0060,0.0000,200,0.2598
0.0125,0.0000,0.0000,0.0000,0.0124,0.0000,200,0.2541
0.0013,0.0000,0.0000,0.0000,0.0012,0.0000,200,0.2654
0.0979,0.0000,0.0000,0.0000,0.0978,0.0000,200,0.1694
0.0160,0.0000,0.0000,0.0000,0.0159,0.0000,200,0.2520
0.0161,0.0000,0.0000,0.0001,0.0153,0.0000,200,0.2521
0.0224,0.0000,0.0000,0.0000,0.0223,0.0000,200,0.2458
0.0193,0.0000,0.0000,0.0000,0.0191,0.0002,200,0.2495
0.0071,0.0000,0.0000,0.0000,0.0070,0.0000,200,0.2618
0.0070,0.0000,0.0000,0.0000,0.0068,0.0001,200,0.2627
0.0096,0.0000,0.0000,0.0000,0.0095,0.0001,200,0.2601
0.0303,0.0000,0.0000,0.0000,0.0300,0.0002,200,0.2403
0.0047,0.0000,0.0000,0.0000,0.0047,0.0000,200,0.2659
0.0170,0.0000,0.0000,0.0000,0.0169,0.0000,200,0.2537
0.0074,0.0000,0.0000,0.0000,0.0073,0.0000,200,0.2638
0.0383,0.0000,0.0000,0.0000,0.0382,0.0000,200,0.2338
0.0455,0.0000,0.0000,0.0000,0.0451,0.0004,200,0.2274
0.0246,0.0000,0.0000,0.0000,0.0246,0.0000,200,0.2483
0.0164,0.0000,0.0000,0.0000,0.0164,0.0000,200,0.2568
0.0163,0.0000,0.0000,0.0000,0.0162,0.0001,200,0.2574
0.0049,0.0000,0.0000,0.0000,0.0049,0.0000,200,0.2689
0.0152,0.0000,0.0000,0.0000,0.0152,0.0000,200,0.2596
0.0210,0.0000,0.0000,0.0001,0.0208,0.0000,200,0.2545
0.0271,0.0000,0.0000,0.0000,0.0270,0.0001,200,0.2488
0.0361,0.0000,0.0000,0.0000,0.0360,0.0001,200,0.2401
0.0106,0.0000,0.0000,0.0000,0.0105,0.0001,200,0.2659
0.0300,0.0000,0.0000,0.0000,0.0298,0.0000,200,0.2468
0.0225,0.0000,0.0000,0.0000,0.0223,0.0002,200,0.2546
0.0050,0.0000,0.0000,0.0000,0.0050,0.0000,200,0.2722
0.0098,0.0000,0.0000,0.0000,0.0095,0.0001,200,0.2680
0.0295,0.0000,0.0000,0.0000,0.0294,0.0000,200,0.2487
0.0234,0.0000,0.0000,0.0000,0.0233,0.0000,200,0.2549
0.0430,0.0000,0.0000,0.0026,0.0374,0.0000,200,0.2360
0.0056,0.0000,0.0000,0.0006,0.0045,0.0002,200,0.2738
0.0243,0.0000,0.0000,0.0000,0.0242,0.0000,200,0.2553
0.0135,0.0000,0.0000,0.0000,0.0134,0.0001,200,0.2666
0.0098,0.0000,0.0000,0.0000,0.0097,0.0000,200,0.2706
0.0045,0.0000,0.0000,0.0000,0.0044,0.0000,200,0.2765
0.0109,0.0000,0.0000,0.0000,0.0108,0.0001,200,0.2706
0.0170,0.0000,0.0000,0.0000,0.0170,0.0000,200,0.2648
0.0126,0.0000,0.0000,0.0000,0.0125,0.0000,200,0.2698
0.0135,0.0000,0.0000,0.0000,0.0135,0.0000,200,0.2688
0.0271,0.0000,0.0000,0.0002,0.0267,0.0001,200,0.2559
0.0193,0.0000,0.0000,0.0001,0.0191,0.0000,200,0.2639
0.0183,0.0000,0.0000,0.0003,0.0179,0.0001,200,0.2650
0.0212,0.0000,0.0000,0.0000,0.0210,0.0000,200,0.2622
0.1192,0.0000,0.0000,0.0002,0.1189,0.0002,200,0.1650
0.0169,0.0000,0.0000,0.0000,0.0168,0.0000,200,0.2674
0.0433,0.0000,0.0000,0.0000,0.0430,0.0003,200,0.2415
0.0123,0.0000,0.0000,0.0001,0.0122,0.0001,200,0.2729
0.0010,0.0000,0.0000,0.0000,0.0009,0.0000,200,0.2842
0.0481,0.0000,0.0000,0.0034,0.0446,0.0001,200,0.2375
0.0107,0.0000,0.0000,0.0000,0.0106,0.0001,200,0.2755
0.0230,0.0000,0.0000,0.0000,0.0230,0.0000,200,0.2633
0.0034,0.0000,0.0000,0.0000,0.0033,0.0000,200,0.2833
0.0253,0.0000,0.0000,0.0000,0.0252,0.0000,200,0.2616
0.0042,0.0000,0.0000,0.0000,0.0041,0.0000,200,0.2831
0.0165,0.0000,0.0000,0.0000,0.0164,0.0001,200,0.2712
0.0073,0.0000,0.0000,0.0000,0.0072,0.0000,200,0.2810
0.0027,0.0000,0.0000,0.0000,0.0024,0.0003,200,0.2863
0.0062,0.0000,0.0000,0.0000,0.0061,0.0000,200,0.2830
0.0114,0.0000,0.0000,0.0000,0.0114,0.0000,200,0.2782
0.0194,0.0000,0.0000,0.0000,0.0193,0.0000,200,0.2707
0.0287,0.0000,0.0000,0.0000,0.0286,0.0000,200,0.2616
0.0381,0.0000,0.0000,0.0000,0.0380,0.0000,200,0.2529
0.0302,0.0000,0.0000,0.0000,0.0301,0.0000,200,0.2609
0.0042,0.0000,0.0000,0.0000,0.0042,0.0000,200,0.2869
0.0016,0.0000,0.0000,0.0000,0.0015,0.0001,200,0.2900
0.0337,0.0000,0.0000,0.0000,0.0335,0.0001,200,0.2584
0.0023,0.0000,0.0000,0.0000,0.0022,0.0000,200,0.2903
0.0126,0.0000,0.0000,0.0000,0.0125,0.0001,200,0.2804
0.0203,0.0000,0.0000,0.0000,0.0202,0.0000,200,0.2730
0.0049,0.0000,0.0000,0.0004,0.0044,0.0001,200,0.2890
0.0080,0.0000,0.0000,0.0000,0.0079,0.0001,200,0.2867
0.0187,0.0000,0.0000,0.0000,0.0186,0.0000,200,0.2762
0.0185,0.0000,0.0000,0.0000,0.0184,0.0001,200,0.2771
0.0312,0.0000,0.0000,0.0000,0.0311,0.0000,200,0.2644
0.0426,0.0000,0.0000,0.0000,0.0426,0.0000,200,0.2534
0.0142,0.0000,0.0000,0.0000,0.0141,0.0000,200,0.2823
0.0176,0.0000,0.0000,0.0001,0.0171,0.0001,200,0.2794
0.0039,0.0000,0.0000,0.0002,0.0036,0.0001,200,0.2933
0.0278,0.0000,0.0000,0.0002,0.0274,0.0001,200,0.2697
0.0242,0.0000,0.0000,0.0000,0.0241,0.0000,200,0.2736
0.0034,0.0000,0.0000,0.0000,0.0033,0.0001,200,0.2949
0.0208,0.0000,0.0000,0.0000,0.0207,0.0000,200,0.2778
0.0035,0.0000,0.0000,0.0000,0.0033,0.0001,200,0.2956
0.0178,0.0000,0.0000,0.0000,0.0171,0.0001,200,0.2818
0.0172,0.0000,0.0000,0.0000,0.0168,0.0003,200,0.2833
0.0122,0.0000,0.0000,0.0000,0.0122,0.0000,200,0.2883
0.0113,0.0000,0.0000,0.0000,0.0112,0.0000,200,0.2896
0.0018,0.0000,0.0000,0.0000,0.0018,0.0000,200,0.2991
0.0159,0.0000,0.0000,0.0000,0.0159,0.0001,200,0.2852
0.0104,0.0000,0.0000,0.0000,0.0103,0.0001,200,0.2911
0.0491,0.0000,0.0000,0.0000,0.0490,0.0000,200,0.2528
0.0551,0.0000,0.0000,0.0000,0.0550,0.0000,200,0.2472
0.0152,0.0000,0.0000,0.0000,0.0152,0.0000,200,0.2873
0.0282,0.0000,0.0000,0.0000,0.0281,0.0000,200,0.2749
0.0110,0.0000,0.0000,0.0000,0.0108,0.0001,200,0.2921
0.0065,0.0000,0.0000,0.0000,0.0063,0.0001,200,0.2970
0.0255,0.0000,0.0000,0.0000,0.0254,0.0001,200,0.2783
0.0093,0.0000,0.0000,0.0000,0.0092,0.0000,200,0.2947
0.0130,0.0000,0.0000,0.0000,0.0129,0.0001,200,0.2916
0.0035,0.0000,0.0000,0.0000,0.0033,0.0001,200,0.3016
0.0087,0.0000,0.0000,0.0000,0.0086,0.0001,200,0.2965
0.0286,0.0000,0.0000,0.0000,0.0285,0.0001,200,0.2772
0.0017,0.0000,0.0000,0.0000,0.0016,0.0001,200,0.3046
0.0090,0.0000,0.0000,0.0000,0.0088,0.0002,200,0.2978
0.0086,0.0000,0.0000,0.0000,0.0084,0.0002,200,0.2985
0.0097,0.0000,0.0000,0.0000,0.0096,0.0000,200,0.2974
0.0664,0.0000,0.0000,0.0000,0.0663,0.0000,200,0.2411
0.0227,0.0000,0.0000,0.0001,0.0226,0.0000,200,0.2852
0.0113,0.0000,0.0000,0.0000,0.0112,0.0000,200,0.2971
0.0027,0.0000,0.0000,0.0005,0.0021,0.0000,200,0.3063
0.0135,0.0000,0.0000,0.0000,0.0134,0.0000,200,0.2956
0.0333,0.0000,0.0000,0.0002,0.0330,0.0000,200,0.2759
0.0328,0.0000,0.0000,0.0000,0.0327,0.0001,200,0.2769
0.0063,0.0000,0.0000,0.0000,0.0061,0.0001,200,0.3035
0.0064,0.0000,0.0000,0.0000,0.0063,0.0001,200,0.3041
0.0033,0.0000,0.0000,0.0000,0.0032,0.0001,200,0.3075
0.0255,0.0000,0.0000,0.0000,0.0254,0.0001,200,0.2856
0.0044,0.0000,0.0000,0.0000,0.0043,0.0000,200,0.3071
0.0025,0.0000,0.0000,0.0000,0.0022,0.0001,200,0.3092
0.0210,0.0000,0.0000,0.0000,0.0209,0.0000,200,0.2910
0.0121,0.0000,0.0000,0.0000,0.0120,0.0000,200,0.3005
0.0462,0.0000,0.0000,0.0000,0.0460,0.0000,200,0.2668
0.0028,0.0000,0.0000,0.0000,0.0027,0.0000,200,0.3105
0.0332,0.0000,0.0000,0.0000,0.0332,0.0000,200,0.2802
0.0143,0.0000,0.0000,0.0000,0.0142,0.0001,200,0.2996
0.0113,0.0000,0.0000,0.0001,0.0111,0.0001,200,0.3031
0.0216,0.0000,0.0000,0.0000,0.0215,0.0001,200,0.2931
0.0017,0.0000,0.0000,0.0000,0.0017,0.0000,200,0.3134
0.0124,0.0000,0.0000,0.0001,0.0121,0.0000,200,0.3031
0.0151,0.0000,0.0000,0.0000,0.0150,0.0001,200,0.3009
0.0137,0.0000,0.0000,0.0001,0.0136,0.0001,200,0.3026
0.0152,0.0000,0.0000,0.0000,0.0152,0.0000,200,0.3019
0.0490,0.0000,0.0000,0.0000,0.0489,0.0001,200,0.2682
0.0077,0.0000,0.0000,0.0002,0.0074,0.0000,200,0.3097
0.0025,0.0000,0.0000,0.0000,0.0024,0.0000,200,0.3155
0.0391,0.0000,0.0000,0.0000,0.0388,0.0002,200,0.2796
0.0204,0.0000,0.0000,0.0000,0.0203,0.0000,200,0.2983
0.0020,0.0000,0.0000,0.0000,0.0019,0.0001,200,0.3172
0.0268,0.0000,0.0000,0.0000,0.0267,0.0001,200,0.2926
0.0190,0.0000,0.0000,0.0000,0.0189,0.0000,200,0.3009
0.0115,0.0000,0.0000,0.0000,0.0114,0.0001,200,0.3084
0.0389,0.0000,0.0000,0.0000,0.0386,0.0000,200,0.2815
0.0314,0.0000,0.0000,0.0000,0.0311,0.0001,200,0.2892
0.0113,0.0000,0.0000,0.0000,0.0112,0.0001,200,0.3115
0.0381,0.0000,0.0000,0.0000,0.0380,0.0000,200,0.2848
0.0159,0.0000,0.0000,0.0004,0.0154,0.0000,200,0.3071
0.0207,0.0000,0.0000,0.0000,0.0206,0.0000,200,0.3023
0.0105,0.0000,0.0000,0.0000,0.0104,0.0000,200,0.3126
0.0174,0.0000,0.0000,0.0000,0.0170,0.0003,200,0.3058
0.0271,0.0000,0.0000,0.0000,0.0268,0.0003,200,0.2961
0.0119,0.0000,0.0000,0.0000,0.0118,0.0001,200,0.3120
0.0129,0.0000,0.0000,0.0003,0.0125,0.0000,200,0.3117
0.0338,0.0000,0.0000,0.0000,0.0337,0.0001,200,0.2910
0.0121,0.0000,0.0000,0.0000,0.0120,0.0001,200,0.3130
0.0121,0.0000,0.0000,0.0000,0.0120,0.0001,200,0.3133
0.0162,0.0000,0.0000,0.0000,0.0160,0.0001,200,0.3097
0.0056,0.0000,0.0000,0.0000,0.0056,0.0000,200,0.3204
0.0123,0.0000,0.0000,0.0002,0.0120,0.0001,200,0.3143
0.0119,0.0000,0.0000,0.0000,0.0118,0.0001,200,0.3151
0.0103,0.0000,0.0000,0.0000,0.0102,0.0001,200,0.3199
0.0584,0.0000,0.0000,0.0000,0.0574,0.0009,200,0.2732
0.0131,0.0000,0.0000,0.0000,0.0130,0.0001,200,0.3186
0.0058,0.0000,0.0000,0.0000,0.0057,0.0001,200,0.3259
0.0265,0.0000,0.0000,0.0000,0.0264,0.0000,200,0.3053
0.0143,0.0000,0.0000,0.0000,0.0142,0.0000,200,0.3174
0.0228,0.0000,0.0000,0.0000,0.0227,0.0000,200,0.3090
0.0476,0.0000,0.0000,0.0000,0.0474,0.0002,200,0.2842
0.0495,0.0000,0.0000,0.0000,0.0495,0.0000,200,0.2823
0.0147,0.0000,0.0000,0.0000,0.0146,0.0000,200,0.3172
0.0251,0.0000,0.0000,0.0000,0.0248,0.0000,200,0.3068
0.0269,0.0000,0.0000,0.0000,0.0268,0.0000,200,0.3050
0.0175,0.0000,0.0000,0.0004,0.0168,0.0002,200,0.3147
0.0024,0.0000,0.0000,0.0000,0.0021,0.0003,200,0.3302
0.0465,0.0000,0.0000,0.0000,0.0461,0.0004,200,0.2862
0.0096,0.0000,0.0000,0.0000,0.0089,0.0007,200,0.3232
0.0081,0.0000,0.0000,0.0000,0.0080,0.0001,200,0.3251
0.0394,0.0000,0.0000,0.0000,0.0390,0.0003,200,0.2939
0.0191,0.0000,0.0000,0.0000,0.0191,0.0000,200,0.3163
0.0277,0.0000,0.0000,0.0000,0.0275,0.0001,200,0.3080
0.0120,0.0000,0.0000,0.0000,0.0089,0.0030,200,0.3240
0.0041,0.0000,0.0000,0.0000,0.0040,0.0000,200,0.3318
0.0155,0.0000,0.0000,0.0001,0.0152,0.0001,200,0.3206
0.0107,0.0000,0.0000,0.0000,0.0088,0.0019,200,0.3254
0.0229,0.0000,0.0000,0.0000,0.0228,0.0000,200,0.3140
0.0050,0.0000,0.0000,0.0000,0.0049,0.0001,200,0.3319
0.0175,0.0000,0.0000,0.0000,0.0174,0.0000,200,0.3194
0.0144,0.0000,0.0000,0.0000,0.0143,0.0000,200,0.3231
0.0146,0.0000,0.0000,0.0000,0.0145,0.0001,200,0.3229
0.0201,0.0000,0.0000,0.0000,0.0200,0.0001,200,0.3180
0.0063,0.0000,0.0000,0.0000,0.0061,0.0000,200,0.3322
0.0278,0.0000,0.0000,0.0000,0.0277,0.0000,200,0.3111
0.0355,0.0000,0.0000,0.0000,0.0354,0.0000,200,0.3038
0.0128,0.0000,0.0000,0.0000,0.0128,0.0000,200,0.3271
0.0141,0.0000,0.0000,0.0000,0.0140,0.0000,200,0.3261
0.0086,0.0000,0.0000,0.0000,0.0085,0.0000,200,0.3317
0.0180,0.0000,0.0000,0.0000,0.0178,0.0001,200,0.3232
0.0015,0.0000,0.0000,0.0000,0.0013,0.0001,200,0.3403
0.0102,0.0000,0.0000,0.0000,0.0101,0.0000,200,0.3317
0.0031,0.0000,0.0000,0.0000,0.0031,0.0000,200,0.3393
0.0196,0.0000,0.0000,0.0000,0.0195,0.0001,200,0.3230
0.0072,0.0000,0.0000,0.0000,0.0071,0.0000,200,0.3359
0.0115,0.0000,0.0000,0.0000,0.0111,0.0001,200,0.3319
0.0437,0.0000,0.0000,0.0000,0.0436,0.0001,200,0.3005
0.0055,0.0000,0.0000,0.0000,0.0054,0.0000,200,0.3389
0.0077,0.0000,0.0000,0.0000,0.0076,0.0000,200,0.3368
0.0203,0.0000,0.0000,0.0000,0.0199,0.0004,200,0.3246
0.0050,0.0000,0.0000,0.0000,0.0050,0.0000,200,0.3399
0.0134,0.0000,0.0000,0.0000,0.0132,0.0001,200,0.3319
0.0127,0.0000,0.0000,0.0025,0.0096,0.0002,200,0.3332
0.0060,0.0000,0.0000,0.0001,0.0057,0.0001,200,0.3402
0.0018,0.0000,0.0000,0.0000,0.0018,0.0000,200,0.3450
0.0088,0.0000,0.0000,0.0000,0.0086,0.0001,200,0.3385
0.0041,0.0000,0.0000,0.0001,0.0039,0.0000,200,0.3435
0.0035,0.0000,0.0000,0.0005,0.0029,0.0000,200,0.3445
0.0119,0.0000,0.0000,0.0000,0.0115,0.0004,200,0.3361
0.0257,0.0000,0.0000,0.0000,0.0256,0.0000,200,0.3229
0.0024,0.0000,0.0000,0.0000,0.0023,0.0000,200,0.3462
0.0017,0.0000,0.0000,0.0000,0.0015,0.0001,200,0.3475
0.0080,0.0000,0.0000,0.0000,0.0079,0.0001,200,0.3419
0.0301,0.0000,0.0000,0.0000,0.0298,0.0003,200,0.3199
0.0273,0.0000,0.0000,0.0000,0.0272,0.0000,200,0.3230
0.0317,0.0000,0.0000,0.0000,0.0316,0.0000,200,0.3191
0.0029,0.0000,0.0000,0.0000,0.0028,0.0000,200,0.3485
0.0032,0.0000,0.0000,0.0002,0.0029,0.0000,200,0.3486
0.0199,0.0000,0.0000,0.0002,0.0196,0.0000,200,0.3326
0.0276,0.0000,0.0000,0.0000,0.0276,0.0000,200,0.3249
0.0264,0.0000,0.0000,0.0001,0.0262,0.0001,200,0.3266
0.0042,0.0000,0.0000,0.0000,0.0041,0.0001,200,0.3493
0.0218,0.0000,0.0000,0.0043,0.0174,0.0001,200,0.3319
0.0168,0.0000,0.0000,0.0000,0.0166,0.0001,200,0.3375
0.0757,0.0000,0.0000,0.0000,0.0757,0.0000,200,0.2789
0.0170,0.0000,0.0000,0.0000,0.0169,0.0001,200,0.3381
0.0084,0.0000,0.0000,0.0000,0.0083,0.0001,200,0.3468
0.0045,0.0000,0.0000,0.0000,0.0043,0.0002,200,0.3514
0.0243,0.0000,0.0000,0.0000,0.0242,0.0001,200,0.3318
0.0094,0.0000,0.0000,0.0000,0.0093,0.0000,200,0.3473
0.0142,0.0000,0.0000,0.0002,0.0139,0.0000,200,0.3426
0.0211,0.0000,0.0000,0.0000,0.0210,0.0000,200,0.3359
0.0218,0.0000,0.0000,0.0003,0.0214,0.0001,200,0.3357
0.0416,0.0000,0.0000,0.0000,0.0415,0.0000,200,0.3160
0.0203,0.0000,0.0000,0.0000,0.0202,0.0000,200,0.3375
0.0017,0.0000,0.0000,0.0000,0.0015,0.0002,200,0.3567
0.1186,0.0000,0.0000,0.0000,0.1184,0.0002,200,0.2402
0.0089,0.0000,0.0000,0.0000,0.0087,0.0000,200,0.3501
0.0131,0.0000,0.0000,0.0000,0.0128,0.0001,200,0.3459
0.0072,0.0000,0.0000,0.0000,0.0071,0.0001,200,0.3525
0.0160,0.0000,0.0000,0.0001,0.0158,0.0000,200,0.3442
0.0043,0.0000,0.0000,0.0000,0.0042,0.0001,200,0.3561
0.0092,0.0000,0.0000,0.0000,0.0092,0.0000,200,0.3518
0.0285,0.0000,0.0000,0.0011,0.0270,0.0000,200,0.3328
0.0055,0.0000,0.0000,0.0001,0.0054,0.0000,200,0.3559
0.0068,0.0000,0.0000,0.0000,0.0067,0.0000,200,0.3551
0.0033,0.0000,0.0000,0.0000,0.0033,0.0000,200,0.3590
0.0308,0.0000,0.0000,0.0000,0.0307,0.0001,200,0.3318
0.0025,0.0000,0.0000,0.0000,0.0025,0.0000,200,0.3602
0.0124,0.0000,0.0000,0.0000,0.0123,0.0000,200,0.3509
0.0227,0.0000,0.0000,0.0000,0.0225,0.0002,200,0.3412
0.0198,0.0000,0.0000,0.0000,0.0195,0.0002,200,0.3444
0.0058,0.0000,0.0000,0.0000,0.0057,0.0000,200,0.3588
0.0147,0.0000,0.0000,0.0000,0.0146,0.0000,200,0.3500
0.0122,0.0000,0.0000,0.0000,0.0121,0.0000,200,0.3530
0.0080,0.0000,0.0000,0.0001,0.0079,0.0000,200,0.3575
0.0050,0.0000,0.0000,0.0000,0.0050,0.0000,200,0.3610
0.0034,0.0000,0.0000,0.0000,0.0033,0.0000,200,0.3632
0.0338,0.0000,0.0000,0.0030,0.0307,0.0001,200,0.3332
0.0357,0.0000,0.0000,0.0000,0.0356,0.0000,200,0.3317
0.0019,0.0000,0.0000,0.0000,0.0019,0.0000,200,0.3660
0.0264,0.0000,0.0000,0.0000,0.0260,0.0004,200,0.3424
0.0136,0.0000,0.0000,0.0001,0.0134,0.0000,200,0.3552
0.0159,0.0000,0.0000,0.0000,0.0158,0.0000,200,0.3537
0.0149,0.0000,0.0000,0.0000,0.0148,0.0000,200,0.3547
0.0113,0.0000,0.0000,0.0000,0.0107,0.0006,200,0.3583
0.0092,0.0000,0.0000,0.0000,0.0088,0.0004,200,0.3614
0.0035,0.0000,0.0000,0.0000,0.0033,0.0002,200,0.3674
0.0043,0.0000,0.0000,0.0000,0.0042,0.0000,200,0.3671
0.0106,0.0000,0.0000,0.0000,0.0105,0.0001,200,0.3614
0.0015,0.0000,0.0000,0.0000,0.0014,0.0000,200,0.3709
0.0294,0.0000,0.0000,0.0000,0.0294,0.0000,200,0.3431
0.0086,0.0000,0.0000,0.0000,0.0084,0.0002,200,0.3647
0.0048,0.0000,0.0000,0.0000,0.0048,0.0000,200,0.3688
0.0140,0.0000,0.0000,0.0000,0.0139,0.0000,200,0.3597
0.0863,0.0000,0.0000,0.0000,0.0862,0.0000,200,0.2877
0.1063,0.0000,0.0000,0.0000,0.1062,0.0001,200,0.2682
0.0067,0.0000,0.0000,0.0000,0.0066,0.0000,200,0.3680
0.0045,0.0000,0.0000,0.0000,0.0044,0.0000,200,0.3706
0.0067,0.0000,0.0000,0.0000,0.0066,0.0001,200,0.3688
0.0038,0.0000,0.0000,0.0000,0.0037,0.0000,200,0.3720
0.0109,0.0000,0.0000,0.0000,0.0108,0.0000,200,0.3656
0.0758,0.0000,0.0000,0.0000,0.0757,0.0001,200,0.3012
0.0356,0.0000,0.0000,0.0001,0.0352,0.0002,200,0.3418
0.0078,0.0000,0.0000,0.0000,0.0077,0.0001,200,0.3696
0.0153,0.0000,0.0000,0.0000,0.0150,0.0000,200,0.3625
0.0038,0.0000,0.0000,0.0001,0.0035,0.0001,200,0.3774
0.0067,0.0000,0.0000,0.0000,0.0066,0.0001,200,0.3745
0.0458,0.0000,0.0000,0.0000,0.0457,0.0000,200,0.3354
0.0081,0.0000,0.0000,0.0000,0.0080,0.0000,200,0.3733
0.0049,0.0000,0.0000,0.0000,0.0048,0.0000,200,0.3765
0.0056,0.0000,0.0000,0.0000,0.0055,0.0000,200,0.3759
0.0191,0.0000,0.0000,0.0000,0.0191,0.0000,200,0.3623
0.0707,0.0000,0.0000,0.0000,0.0707,0.0000,200,0.3108
0.0038,0.0000,0.0000,0.0000,0.0037,0.0000,200,0.3778
0.0079,0.0000,0.0000,0.0000,0.0079,0.0000,200,0.3737
0.0174,0.0000,0.0000,0.0000,0.0174,0.0000,200,0.3642
0.0336,0.0000,0.0000,0.0000,0.0335,0.0000,200,0.3480
0.0631,0.0000,0.0000,0.0000,0.0630,0.0000,200,0.3186
0.0490,0.0000,0.0000,0.0001,0.0485,0.0003,200,0.3327
0.0180,0.0000,0.0000,0.0000,0.0179,0.0000,200,0.3639
0.0457,0.0000,0.0000,0.0003,0.0454,0.0000,200,0.3361
0.0127,0.0000,0.0000,0.0000,0.0123,0.0004,200,0.3697
0.0220,0.0000,0.0000,0.0000,0.0218,0.0002,200,0.3604
0.0330,0.0000,0.0000,0.0000,0.0329,0.0001,200,0.3503
0.0064,0.0000,0.0000,0.0000,0.0063,0.0001,200,0.3770
0.0250,0.0000,0.0000,0.0000,0.0249,0.0001,200,0.3590
0.0272,0.0000,0.0000,0.0000,0.0272,0.0000,200,0.3568
0.0397,0.0000,0.0000,0.0001,0.0395,0.0001,200,0.3449
0.0097,0.0000,0.0000,0.0000,0.0095,0.0001,200,0.3751
0.0273,0.0000,0.0000,0.0000,0.0272,0.0000,200,0.3578
0.0034,0.0000,0.0000,0.0000,0.0033,0.0000,200,0.3824
0.0318,0.0000,0.0000,0.0000,0.0317,0.0001,200,0.3543
0.0056,0.0000,0.0000,0.0000,0.0055,0.0000,200,0.3812
0.0056,0.0000,0.0000,0.0000,0.0055,0.0000,200,0.3817
0.0250,0.0000,0.0000,0.0000,0.0249,0.0001,200,0.3627
0.0021,0.0000,0.0000,0.0000,0.0020,0.0001,200,0.3858
0.0051,0.0000,0.0000,0.0002,0.0044,0.0005,200,0.3840
0.0226,0.0000,0.0000,0.0000,0.0223,0.0002,200,0.3666
0.0420,0.0000,0.0000,0.0000,0.0419,0.0000,200,0.3480
0.0327,0.0000,0.0000,0.0000,0.0326,0.0001,200,0.3575
0.0537,0.0000,0.0000,0.0000,0.0535,0.0002,200,0.3368
0.0194,0.0000,0.0000,0.0000,0.0194,0.0000,200,0.3713
0.0081,0.0000,0.0000,0.0000,0.0080,0.0000,200,0.3833
0.0826,0.0000,0.0000,0.0000,0.0826,0.0000,200,0.3090
0.0468,0.0000,0.0000,0.0000,0.0466,0.0001,200,0.3452
0.0399,0.0000,0.0000,0.0000,0.0398,0.0000,200,0.3525
0.0086,0.0000,0.0000,0.0000,0.0086,0.0000,200,0.3840
0.0012,0.0000,0.0000,0.0000,0.0011,0.0000,200,0.3917
0.0040,0.0000,0.0000,0.0000,0.0038,0.0000,200,0.3892
0.0568,0.0000,0.0000,0.0000,0.0566,0.0001,200,0.3369
0.0069,0.0000,0.0000,0.0000,0.0069,0.0000,200,0.3869
0.0017,0.0000,0.0000,0.0000,0.0016,0.0000,200,0.3929
0.0128,0.0000,0.0000,0.0000,0.0127,0.0000,200,0.3818
0.0134,0.0000,0.0000,0.0000,0.0133,0.0001,200,0.3813
0.0101,0.0000,0.0000,0.0001,0.0099,0.0000,200,0.3851
0.0036,0.0000,0.0000,0.0000,0.0035,0.0000,200,0.3920
0.0142,0.0000,0.0000,0.0000,0.0141,0.0000,200,0.3817
0.0393,0.0000,0.0000,0.0000,0.0392,0.0001,200,0.3571
0.0039,0.0000,0.0000,0.0000,0.0039,0.0000,200,0.3931
0.0050,0.0000,0.0000,0.0000,0.0047,0.0002,200,0.3927
0.0254,0.0000,0.0000,0.0000,0.0253,0.0000,200,0.3724
0.0112,0.0000,0.0000,0.0000,0.0111,0.0000,200,0.3872
0.0291,0.0000,0.0000,0.0000,0.0289,0.0001,200,0.3696
0.0045,0.0000,0.0000,0.0000,0.0044,0.0001,200,0.3947
0.0038,0.0000,0.0000,0.0000,0.0037,0.0001,200,0.3959
0.0100,0.0000,0.0000,0.0000,0.0099,0.0000,200,0.3900
0.0256,0.0000,0.0000,0.0000,0.0255,0.0001,200,0.3746
0.0127,0.0000,0.0000,0.0000,0.0126,0.0000,200,0.3877
0.0186,0.0000,0.0000,0.0000,0.0186,0.0000,200,0.3819
0.0196,0.0000,0.0000,0.0000,0.0195,0.0001,200,0.3816
0.0015,0.0000,0.0000,0.0000,0.0014,0.0001,200,0.4000
0.0285,0.0000,0.0000,0.0001,0.0280,0.0003,200,0.3737
0.0055,0.0000,0.0000,0.0000,0.0054,0.0000,200,0.3971
0.0165,0.0000,0.0000,0.0001,0.0163,0.0000,200,0.3861
0.0210,0.0000,0.0000,0.0000,0.0209,0.0000,200,0.3816
0.0067,0.0000,0.0000,0.0000,0.0066,0.0001,200,0.3963
0.0219,0.0000,0.0000,0.0000,0.0218,0.0000,200,0.3815
0.0054,0.0000,0.0000,0.0000,0.0053,0.0001,200,0.3987
0.0303,0.0000,0.0000,0.0000,0.0302,0.0000,200,0.3740
0.0048,0.0000,0.0000,0.0000,0.0046,0.0000,200,0.4003
0.0242,0.0000,0.0000,0.0000,0.0240,0.0001,200,0.3814
0.0225,0.0000,0.0000,0.0000,0.0224,0.0000,200,0.3833
0.0086,0.0000,0.0000,0.0000,0.0084,0.0002,200,0.3976
0.0015,0.0000,0.0000,0.0000,0.0014,0.0000,200,0.4051
0.0424,0.0000,0.0000,0.0001,0.0423,0.0000,200,0.3646
0.0091,0.0000,0.0000,0.0000,0.0089,0.0000,200,0.3984
0.0327,0.0000,0.0000,0.0000,0.0325,0.0002,200,0.3755
0.0128,0.0000,0.0000,0.0000,0.0127,0.0000,200,0.3956
0.0054,0.0000,0.0000,0.0001,0.0053,0.0000,200,0.4031
0.0181,0.0000,0.0000,0.0000,0.0179,0.0000,200,0.3908
0.0036,0.0000,0.0000,0.0003,0.0032,0.0001,200,0.4057
0.0181,0.0000,0.0000,0.0000,0.0181,0.0001,200,0.3914
0.0014,0.0000,0.0000,0.0000,0.0013,0.0001,200,0.4084
0.0038,0.0000,0.0000,0.0000,0.0038,0.0000,200,0.4066
0.0082,0.0000,0.0000,0.0000,0.0081,0.0001,200,0.4026
0.0175,0.0000,0.0000,0.0000,0.0174,0.0000,200,0.3937
0.0176,0.0000,0.0000,0.0000,0.0175,0.0001,200,0.3938
0.0097,0.0000,0.0000,0.0000,0.0097,0.0000,200,0.4021
0.0016,0.0000,0.0000,0.0000,0.0015,0.0000,200,0.4108
0.0029,0.0000,0.0000,0.0000,0.0028,0.0000,200,0.4095
0.0040,0.0000,0.0000,0.0000,0.0039,0.0001,200,0.4088
0.0019,0.0000,0.0000,0.0001,0.0018,0.0001,200,0.4113
0.0288,0.0000,0.0000,0.0002,0.0284,0.0001,200,0.3848
0.0065,0.0000,0.0000,0.0000,0.0064,0.0001,200,0.4075
0.0333,0.0000,0.0000,0.0000,0.0331,0.0000,200,0.3812
0.0332,0.0000,0.0000,0.0000,0.0331,0.0001,200,0.3817
0.0071,0.0000,0.0000,0.0000,0.0070,0.0001,200,0.4084
0.0034,0.0000,0.0000,0.0000,0.0033,0.0000,200,0.4124
0.0152,0.0000,0.0000,0.0000,0.0151,0.0001,200,0.4011
0.0061,0.0000,0.0000,0.0000,0.0060,0.0000,200,0.4104
0.0356,0.0000,0.0000,0.0000,0.0355,0.0000,200,0.3813
0.0268,0.0000,0.0000,0.0000,0.0267,0.0001,200,0.3906
0.0043,0.0000,0.0000,0.0000,0.0042,0.0000,200,0.4133
0.0204,0.0000,0.0000,0.0000,0.0202,0.0002,200,0.3978
0.0179,0.0000,0.0000,0.0000,0.0178,0.0000,200,0.4005
0.0237,0.0000,0.0000,0.0001,0.0236,0.0001,200,0.3952
0.0421,0.0000,0.0000,0.0004,0.0417,0.0000,200,0.3774
0.0175,0.0000,0.0000,0.0000,0.0174,0.0000,200,0.4026
0.0083,0.0000,0.0000,0.0000,0.0082,0.0001,200,0.4119
0.0114,0.0000,0.0000,0.0000,0.0113,0.0001,200,0.4093
0.0212,0.0000,0.0000,0.0000,0.0211,0.0000,200,0.3997
0.0046,0.0000,0.0000,0.0000,0.0045,0.0001,200,0.4170
0.0902,0.0000,0.0000,0.0000,0.0901,0.0001,200,0.3316
0.0022,0.0000,0.0000,0.0000,0.0020,0.0001,200,0.4201
0.0071,0.0000,0.0000,0.0000,0.0069,0.0001,200,0.4158
0.0197,0.0000,0.0000,0.0000,0.0196,0.0000,200,0.4034
0.0033,0.0000,0.0000,0.0002,0.0031,0.0000,200,0.4200
0.0334,0.0000,0.0000,0.0000,0.0330,0.0001,200,0.3905
0.0300,0.0000,0.0000,0.0000,0.0299,0.0001,200,0.3945
0.0028,0.0000,0.0000,0.0000,0.0025,0.0003,200,0.4218
0.0105,0.0000,0.0000,0.0000,0.0104,0.0001,200,0.4145
0.0329,0.0000,0.0000,0.0000,0.0328,0.0001,200,0.3924
0.0012,0.0000,0.0000,0.0000,0.0012,0.0000,200,0.4246
0.0077,0.0000,0.0000,0.0001,0.0075,0.0000,200,0.4182
0.0611,0.0000,0.0000,0.0000,0.0610,0.0001,200,0.3652
0.0208,0.0000,0.0000,0.0000,0.0206,0.0001,200,0.4058
0.0104,0.0000,0.0000,0.0000,0.0103,0.0000,200,0.4165
0.0116,0.0000,0.0000,0.0000,0.0115,0.0000,200,0.4155
0.0060,0.0000,0.0000,0.0000,0.0059,0.0001,200,0.4216
0.0264,0.0000,0.0000,0.0000,0.0262,0.0002,200,0.4015
0.0086,0.0000,0.0000,0.0000,0.0085,0.0000,200,0.4195
0.0036,0.0000,0.0000,0.0001,0.0034,0.0000,200,0.4249
0.0030,0.0000,0.0000,0.0000,0.0029,0.0000,200,0.4258
0.0168,0.0000,0.0000,0.0000,0.0167,0.0001,200,0.4124
0.0065,0.0000,0.0000,0.0000,0.0064,0.0001,200,0.4229
0.0091,0.0000,0.0000,0.0000,0.0088,0.0001,200,0.4209
0.0025,0.0000,0.0000,0.0000,0.0020,0.0004,200,0.4281
0.0081,0.0000,0.0000,0.0004,0.0076,0.0001,200,0.4234
0.0378,0.0000,0.0000,0.0000,0.0377,0.0000,200,0.3945
0.0156,0.0000,0.0000,0.0000,0.0151,0.0005,200,0.4175
0.0273,0.0000,0.0000,0.0000,0.0272,0.0000,200,0.4062
0.0035,0.0000,0.0000,0.0000,0.0034,0.0000,200,0.4300
0.0070,0.0000,0.0000,0.0000,0.0069,0.0001,200,0.4269
0.0085,0.0000,0.0000,0.0000,0.0084,0.0000,200,0.4260
0.0071,0.0000,0.0000,0.0000,0.0070,0.0000,200,0.4280
0.0190,0.0000,0.0000,0.0000,0.0187,0.0003,200,0.4163
0.0112,0.0000,0.0000,0.0000,0.0111,0.0001,200,0.4246
0.0188,0.0000,0.0000,0.0000,0.0187,0.0000,200,0.4174
0.0040,0.0000,0.0000,0.0000,0.0039,0.0000,200,0.4323
0.0374,0.0000,0.0000,0.0000,0.0373,0.0001,200,0.3992
0.0488,0.0000,0.0000,0.0000,0.0487,0.0000,200,0.3879
0.0369,0.0000,0.0000,0.0000,0.0368,0.0000,200,0.4004
0.0483,0.0000,0.0000,0.0000,0.0483,0.0000,200,0.3891
0.0560,0.0000,0.0000,0.0000,0.0559,0.0001,200,0.3818
0.0848,0.0000,0.0000,0.0000,0.0846,0.0001,200,0.3535
0.0541,0.0000,0.0000,0.0000,0.0539,0.0000,200,0.3846
0.0053,0.0000,0.0000,0.0000,0.0051,0.0001,200,0.4340
0.0099,0.0000,0.0000,0.0000,0.0098,0.0000,200,0.4294
0.0355,0.0000,0.0000,0.0000,0.0352,0.0001,200,0.4041
0.0588,0.0000,0.0000,0.0000,0.0587,0.0001,200,0.3812
0.0678,0.0000,0.0000,0.0000,0.0677,0.0001,200,0.3726
0.0071,0.0000,0.0000,0.0000,0.0070,0.0001,200,0.4335
0.0038,0.0000,0.0000,0.0000,0.0037,0.0001,200,0.4374
0.0058,0.0000,0.0000,0.0000,0.0058,0.0000,200,0.4363
0.0608,0.0000,0.0000,0.0000,0.0608,0.0000,200,0.3815
0.0041,0.0000,0.0000,0.0002,0.0038,0.0001,200,0.4384
0.0218,0.0000,0.0000,0.0001,0.0216,0.0000,200,0.4207
0.0027,0.0000,0.0000,0.0000,0.0026,0.0000,200,0.4399
0.0028,0.0000,0.0000,0.0000,0.0027,0.0000,200,0.4404
0.0390,0.0000,0.0000,0.0000,0.0388,0.0002,200,0.4043
0.0072,0.0000,0.0000,0.0001,0.0071,0.0000,200,0.4366
0.0108,0.0000,0.0000,0.0000,0.0108,0.0000,200,0.4331
0.0131,0.0000,0.0000,0.0000,0.0123,0.0001,200,0.4315
0.0025,0.0000,0.0000,0.0000,0.0024,0.0000,200,0.4425
0.0270,0.0000,0.0000,0.0000,0.0268,0.0000,200,0.4184
0.0103,0.0000,0.0000,0.0000,0.0102,0.0000,200,0.4350
0.0124,0.0000,0.0000,0.0000,0.0123,0.0000,200,0.4335
0.0099,0.0000,0.0000,0.0000,0.0096,0.0003,200,0.4366
0.0111,0.0000,0.0000,0.0000,0.0106,0.0004,200,0.4362
0.0129,0.0000,0.0000,0.0000,0.0128,0.0000,200,0.4345
0.0340,0.0000,0.0000,0.0000,0.0339,0.0000,200,0.4136
0.0020,0.0000,0.0000,0.0000,0.0018,0.0002,200,0.4459
0.0189,0.0000,0.0000,0.0000,0.0188,0.0000,200,0.4292
0.0090,0.0000,0.0000,0.0000,0.0089,0.0000,200,0.4393
0.0096,0.0000,0.0000,0.0000,0.0095,0.0000,200,0.4396
0.0410,0.0000,0.0000,0.0000,0.0409,0.0001,200,0.4083
0.0267,0.0000,0.0000,0.0000,0.0265,0.0001,200,0.4230
0.0123,0.0000,0.0000,0.0000,0.0123,0.0000,200,0.4378
0.0072,0.0000,0.0000,0.0000,0.0070,0.0002,200,0.4433
0.0069,0.0000,0.0000,0.0000,0.0068,0.0000,200,0.4439
0.0893,0.0000,0.0000,0.0000,0.0892,0.0000,200,0.3620
0.0097,0.0000,0.0000,0.0000,0.0096,0.0000,200,0.4421
0.0044,0.0000,0.0000,0.0000,0.0042,0.0001,200,0.4479
0.0017,0.0000,0.0000,0.0001,0.0016,0.0000,200,0.4508
0.0030,0.0000,0.0000,0.0000,0.0029,0.0000,200,0.4519
0.0263,0.0000,0.0000,0.0000,0.0262,0.0000,200,0.4285
0.0273,0.0000,0.0000,0.0000,0.0272,0.0000,200,0.4276
0.0026,0.0000,0.0000,0.0000,0.0026,0.0000,200,0.4523
0.0125,0.0000,0.0000,0.0000,0.0124,0.0000,200,0.4425
0.0058,0.0000,0.0000,0.0000,0.0058,0.0000,200,0.4492
0.0727,0.0000,0.0000,0.0001,0.0724,0.0000,200,0.3824
0.0193,0.0000,0.0000,0.0000,0.0192,0.0000,200,0.4358
0.0027,0.0000,0.0000,0.0000,0.0023,0.0004,200,0.4525
0.0204,0.0000,0.0000,0.0000,0.0203,0.0000,200,0.4353
0.0298,0.0000,0.0000,0.0000,0.0297,0.0001,200,0.4264
0.0017,0.0000,0.0000,0.0000,0.0016,0.0000,200,0.4549
0.0105,0.0000,0.0000,0.0000,0.0104,0.0000,200,0.4465
0.0023,0.0000,0.0000,0.0000,0.0023,0.0000,200,0.4550
0.0207,0.0000,0.0000,0.0000,0.0206,0.0000,200,0.4373
0.0018,0.0000,0.0000,0.0000,0.0015,0.0003,200,0.4570
0.0162,0.0000,0.0000,0.0000,0.0160,0.0000,200,0.4426
0.0105,0.0000,0.0000,0.0000,0.0101,0.0003,200,0.4484
0.0045,0.0000,0.0000,0.0000,0.0044,0.0001,200,0.4549
0.0022,0.0000,0.0000,0.0000,0.0021,0.0000,200,0.4574
0.0108,0.0000,0.0000,0.0003,0.0104,0.0001,200,0.4493
0.0217,0.0000,0.0000,0.0000,0.0216,0.0000,200,0.4387
0.0511,0.0000,0.0000,0.0000,0.0510,0.0001,200,0.4098
0.0060,0.0000,0.0000,0.0001,0.0059,0.0000,200,0.4553
0.0160,0.0000,0.0000,0.0000,0.0159,0.0000,200,0.4453
0.0066,0.0000,0.0000,0.0000,0.0066,0.0000,200,0.4550
0.0401,0.0000,0.0000,0.0000,0.0397,0.0002,200,0.4223
0.0073,0.0000,0.0000,0.0000,0.0073,0.0000,200,0.4551
0.0132,0.0000,0.0000,0.0000,0.0127,0.0000,200,0.4497
0.0152,0.0000,0.0000,0.0000,0.0151,0.0001,200,0.4481
0.0184,0.0000,0.0000,0.0000,0.0183,0.0001,200,0.4453
0.0052,0.0000,0.0000,0.0000,0.0051,0.0001,200,0.4588
0.0492,0.0000,0.0000,0.0000,0.0491,0.0000,200,0.4149
0.0176,0.0000,0.0000,0.0000,0.0173,0.0004,200,0.4474
0.0244,0.0000,0.0000,0.0000,0.0244,0.0000,200,0.4406
0.0066,0.0000,0.0000,0.0000,0.0065,0.0001,200,0.4589
0.0106,0.0000,0.0000,0.0000,0.0105,0.0000,200,0.4551
0.0393,0.0000,0.0000,0.0000,0.0392,0.0000,200,0.4267
0.0358,0.0000,0.0000,0.0000,0.0356,0.0001,200,0.4306
0.0019,0.0000,0.0000,0.0000,0.0018,0.0000,200,0.4650
0.0400,0.0000,0.0000,0.0000,0.0399,0.0000,200,0.4271
0.0045,0.0000,0.0000,0.0000,0.0045,0.0000,200,0.4629
0.0062,0.0000,0.0000,0.0000,0.0062,0.0000,200,0.4613
0.0538,0.0000,0.0000,0.0000,0.0537,0.0000,200,0.4140
0.0205,0.0000,0.0000,0.0000,0.0204,0.0001,200,0.4475
0.0612,0.0000,0.0000,0.0000,0.0609,0.0002,200,0.4071
0.0272,0.0000,0.0000,0.0000,0.0272,0.0000,200,0.4412
0.0252,0.0000,0.0000,0.0000,0.0252,0.0001,200,0.4439
0.0059,0.0000,0.0000,0.0000,0.0058,0.0000,200,0.4641
0.0199,0.0000,0.0000,0.0000,0.0198,0.0000,200,0.4502
0.0028,0.0000,0.0000,0.0000,0.0027,0.0001,200,0.4678
0.0055,0.0000,0.0000,0.0000,0.0053,0.0001,200,0.4657
0.0525,0.0000,0.0000,0.0000,0.0524,0.0000,200,0.4190
0.0035,0.0000,0.0000,0.0000,0.0035,0.0000,200,0.4683
0.0012,0.0000,0.0000,0.0000,0.0009,0.0000,200,0.4707
0.0099,0.0000,0.0000,0.0000,0.0099,0.0000,200,0.4624
0.0111,0.0000,0.0000,0.0000,0.0110,0.0000,200,0.4616
0.0185,0.0000,0.0000,0.0000,0.0181,0.0001,200,0.4549
0.0063,0.0000,0.0000,0.0000,0.0062,0.0000,200,0.4671
0.0058,0.0000,0.0000,0.0002,0.0055,0.0001,200,0.4681
0.0102,0.0000,0.0000,0.0001,0.0100,0.0000,200,0.4637
0.0065,0.0000,0.0000,0.0000,0.0065,0.0000,200,0.4675
0.0104,0.0000,0.0000,0.0000,0.0104,0.0000,200,0.4640
0.0022,0.0000,0.0000,0.0000,0.0021,0.0000,200,0.4728
0.0167,0.0000,0.0000,0.0000,0.0166,0.0001,200,0.4588
0.0133,0.0000,0.0000,0.0000,0.0132,0.0000,200,0.4624
0.0339,0.0000,0.0000,0.0000,0.0337,0.0001,200,0.4424
0.0017,0.0000,0.0000,0.0000,0.0015,0.0001,200,0.4750
0.0118,0.0000,0.0000,0.0001,0.0116,0.0000,200,0.4650
0.0118,0.0000,0.0000,0.0000,0.0116,0.0001,200,0.4655
0.0217,0.0000,0.0000,0.0000,0.0217,0.0000,200,0.4558
0.0308,0.0000,0.0000,0.0000,0.0307,0.0000,200,0.4473
0.0071,0.0000,0.0000,0.0000,0.0071,0.0000,200,0.4712
0.0024,0.0000,0.0000,0.0000,0.0023,0.0001,200,0.4762
0.0767,0.0000,0.0000,0.0000,0.0766,0.0001,200,0.4026
0.0020,0.0000,0.0000,0.0000,0.0019,0.0001,200,0.4776
0.0353,0.0000,0.0000,0.0000,0.0350,0.0002,200,0.4450
0.0144,0.0000,0.0000,0.0000,0.0143,0.0000,200,0.4660
0.0090,0.0000,0.0000,0.0000,0.0089,0.0001,200,0.4719
0.0112,0.0000,0.0000,0.0000,0.0111,0.0000,200,0.4701
0.0063,0.0000,0.0000,0.0000,0.0061,0.0002,200,0.4755
0.0053,0.0000,0.0000,0.0000,0.0052,0.0000,200,0.4766
0.0257,0.0000,0.0000,0.0000,0.0256,0.0000,200,0.4566
0.0095,0.0000,0.0000,0.0000,0.0094,0.0001,200,0.4734
0.0707,0.0000,0.0000,0.0000,0.0704,0.0003,200,0.4128
0.0019,0.0000,0.0000,0.0000,0.0018,0.0001,200,0.4823
0.0180,0.0000,0.0000,0.0000,0.0179,0.0001,200,0.4664
0.0268,0.0000,0.0000,0.0000,0.0268,0.0000,200,0.4580
0.0068,0.0000,0.0000,0.0001,0.0066,0.0001,200,0.4787
0.0186,0.0000,0.0000,0.0000,0.0185,0.0000,200,0.4674
0.0118,0.0000,0.0000,0.0000,0.0117,0.0001,200,0.4745
0.0085,0.0000,0.0000,0.0000,0.0084,0.0001,200,0.4784
0.0440,0.0000,0.0000,0.0000,0.0439,0.0001,200,0.4432
0.0584,0.0000,0.0000,0.0001,0.0581,0.0002,200,0.4288
0.0154,0.0000,0.0000,0.0000,0.0153,0.0001,200,0.4723
0.0191,0.0000,0.0000,0.0000,0.0190,0.0000,200,0.4691
0.0022,0.0000,0.0000,0.0000,0.0021,0.0000,200,0.4863
0.0068,0.0000,0.0000,0.0000,0.0067,0.0001,200,0.4819
0.0256,0.0000,0.0000,0.0000,0.0255,0.0001,200,0.4634
0.0024,0.0000,0.0000,0.0000,0.0023,0.0001,200,0.4868
0.0657,0.0000,0.0000,0.0000,0.0657,0.0000,200,0.4239
0.0043,0.0000,0.0000,0.0000,0.0041,0.0001,200,0.4860
0.0294,0.0000,0.0000,0.0000,0.0293,0.0000,200,0.4613
0.0229,0.0000,0.0000,0.0000,0.0227,0.0000,200,0.4684
0.0109,0.0000,0.0000,0.0000,0.0108,0.0000,200,0.4804
0.0665,0.0000,0.0000,0.0000,0.0664,0.0001,200,0.4254
0.0182,0.0000,0.0000,0.0000,0.0182,0.0000,200,0.4739
0.0049,0.0000,0.0000,0.0000,0.0047,0.0001,200,0.4877
0.0817,0.0000,0.0000,0.0000,0.0817,0.0000,200,0.4112
0.0082,0.0000,0.0000,0.0000,0.0081,0.0000,200,0.4854
0.0118,0.0000,0.0000,0.0000,0.0117,0.0000,200,0.4819
0.0070,0.0000,0.0000,0.0000,0.0068,0.0001,200,0.4872
0.0076,0.0000,0.0000,0.0000,0.0074,0.0001,200,0.4872
0.0018,0.0000,0.0000,0.0000,0.0017,0.0000,200,0.4936
0.0121,0.0000,0.0000,0.0000,0.0119,0.0001,200,0.4835
0.0149,0.0000,0.0000,0.0003,0.0143,0.0002,200,0.4809
0.0414,0.0000,0.0000,0.0000,0.0412,0.0002,200,0.4549
0.0254,0.0000,0.0000,0.0000,0.0252,0.0001,200,0.4715
0.0064,0.0000,0.0000,0.0000,0.0062,0.0002,200,0.4913
0.0375,0.0000,0.0000,0.0000,0.0374,0.0000,200,0.4604
0.0245,0.0000,0.0000,0.0000,0.0244,0.0000,200,0.4740
0.0482,0.0000,0.0000,0.0001,0.0478,0.0002,200,0.4506
0.0166,0.0000,0.0000,0.0000,0.0163,0.0001,200,0.4829
0.0396,0.0000,0.0000,0.0000,0.0395,0.0001,200,0.4601
0.0607,0.0000,0.0000,0.0000,0.0607,0.0000,200,0.4393
0.0107,0.0000,0.0000,0.0006,0.0099,0.0000,200,0.4907
0.0066,0.0000,0.0000,0.0000,0.0065,0.0001,200,0.4948
0.0085,0.0000,0.0000,0.0000,0.0084,0.0001,200,0.4929
0.0099,0.0000,0.0000,0.0000,0.0096,0.0000,200,0.4919
0.0103,0.0000,0.0000,0.0000,0.0103,0.0000,200,0.4921
0.0293,0.0000,0.0000,0.0000,0.0292,0.0000,200,0.4733
0.0079,0.0000,0.0000,0.0000,0.0078,0.0001,200,0.4954
0.0133,0.0000,0.0000,0.0000,0.0132,0.0001,200,0.4903
0.0052,0.0000,0.0000,0.0000,0.0051,0.0000,200,0.4985
0.0066,0.0000,0.0000,0.0000,0.0065,0.0000,200,0.4977
0.0133,0.0000,0.0000,0.0000,0.0132,0.0001,200,0.4913
0.0013,0.0000,0.0000,0.0000,0.0012,0.0000,200,0.5037
0.0039,0.0000,0.0000,0.0000,0.0036,0.0002,200,0.5024
0.0070,0.0000,0.0000,0.0000,0.0069,0.0000,200,0.4995
0.0350,0.0000,0.0000,0.0000,0.0348,0.0001,200,0.4719
0.0093,0.0000,0.0000,0.0000,0.0092,0.0000,200,0.4979
0.0629,0.0000,0.0000,0.0000,0.0628,0.0001,200,0.4446
0.0472,0.0000,0.0000,0.0000,0.0470,0.0001,200,0.4609
0.0488,0.0000,0.0000,0.0000,0.0487,0.0000,200,0.4595
0.0419,0.0000,0.0000,0.0000,0.0418,0.0001,200,0.4670
0.0250,0.0000,0.0000,0.0000,0.0249,0.0001,200,0.4844
0.0066,0.0000,0.0000,0.0000,0.0065,0.0001,200,0.5033
0.0054,0.0000,0.0000,0.0000,0.0054,0.0000,200,0.5050
0.0221,0.0000,0.0000,0.0000,0.0220,0.0000,200,0.4887
0.0520,0.0000,0.0000,0.0000,0.0518,0.0001,200,0.4595
0.0014,0.0000,0.0000,0.0000,0.0012,0.0002,200,0.5108
0.0240,0.0000,0.0000,0.0000,0.0239,0.0001,200,0.4885
0.0138,0.0000,0.0000,0.0000,0.0137,0.0000,200,0.4988
0.0177,0.0000,0.0000,0.0000,0.0176,0.0001,200,0.4956
0.0242,0.0000,0.0000,0.0000,0.0240,0.0001,200,0.4897
0.0125,0.0000,0.0000,0.0000,0.0125,0.0000,200,0.5014
0.0128,0.0000,0.0000,0.0000,0.0126,0.0002,200,0.5018
0.0021,0.0000,0.0000,0.0000,0.0020,0.0000,200,0.5125
0.0116,0.0000,0.0000,0.0000,0.0115,0.0001,200,0.5038
0.0381,0.0000,0.0000,0.0000,0.0380,0.0000,200,0.4781
0.0462,0.0000,0.0000,0.0000,0.0461,0.0001,200,0.4700
0.0031,0.0000,0.0000,0.0000,0.0030,0.0000,200,0.5133
0.0096,0.0000,0.0000,0.0001,0.0094,0.0000,200,0.5075
0.0149,0.0000,0.0000,0.0000,0.0148,0.0001,200,0.5026
0.0115,0.0000,0.0000,0.0001,0.0112,0.0000,200,0.5063
0.0084,0.0000,0.0000,0.0000,0.0083,0.0000,200,0.5099
0.0220,0.0000,0.0000,0.0000,0.0219,0.0000,200,0.4964
0.0040,0.0000,0.0000,0.0000,0.0039,0.0001,200,0.5146
0.0309,0.0000,0.0000,0.0000,0.0308,0.0001,200,0.4883
0.0081,0.0000,0.0000,0.0000,0.0080,0.0001,200,0.5114
0.0014,0.0000,0.0000,0.0000,0.0012,0.0000,200,0.5192
0.0048,0.0000,0.0000,0.0001,0.0046,0.0000,200,0.5162
0.0042,0.0000,0.0000,0.0000,0.0041,0.0000,200,0.5171
0.0292,0.0000,0.0000,0.0001,0.0284,0.0002,200,0.4926
0.0261,0.0000,0.0000,0.0000,0.0261,0.0000,200,0.4958
0.0099,0.0000,0.0000,0.0000,0.0099,0.0000,200,0.5122
0.0131,0.0000,0.0000,0.0000,0.0130,0.0001,200,0.5095
0.0027,0.0000,0.0000,0.0000,0.0026,0.0001,200,0.5205
0.0037,0.0000,0.0000,0.0001,0.0035,0.0000,200,0.5196
0.0060,0.0000,0.0000,0.0000,0.0059,0.0001,200,0.5178
0.0240,0.0000,0.0000,0.0000,0.0239,0.0000,200,0.5000
0.0101,0.0000,0.0000,0.0000,0.0096,0.0004,200,0.5146
0.0399,0.0000,0.0000,0.0000,0.0398,0.0000,200,0.4849
0.0284,0.0000,0.0000,0.0000,0.0281,0.0001,200,0.4969
0.0240,0.0000,0.0000,0.0001,0.0238,0.0000,200,0.5014
0.0018,0.0000,0.0000,0.0000,0.0017,0.0000,200,0.5238
0.0052,0.0000,0.0000,0.0000,0.0050,0.0001,200,0.5212
0.0177,0.0000,0.0000,0.0000,0.0176,0.0000,200,0.5089
0.0106,0.0000,0.0000,0.0000,0.0105,0.0001,200,0.5162
0.0467,0.0000,0.0000,0.0000,0.0466,0.0001,200,0.4803
0.0111,0.0000,0.0000,0.0000,0.0111,0.0000,200,0.5164
0.0506,0.0000,0.0000,0.0001,0.0503,0.0002,200,0.4775
0.0051,0.0000,0.0000,0.0000,0.0049,0.0001,200,0.5232
0.0152,0.0000,0.0000,0.0000,0.0151,0.0000,200,0.5139
0.0248,0.0000,0.0000,0.0000,0.0248,0.0000,200,0.5043
0.0087,0.0000,0.0000,0.0000,0.0086,0.0001,200,0.5210
0.0409,0.0000,0.0000,0.0000,0.0408,0.0000,200,0.4892
0.0359,0.0000,0.0000,0.0000,0.0359,0.0000,200,0.4942
0.0120,0.0000,0.0000,0.0000,0.0119,0.0001,200,0.5184
0.0056,0.0000,0.0000,0.0000,0.0055,0.0000,200,0.5253
0.0050,0.0000,0.0000,0.0000,0.0049,0.0000,200,0.5265
0.0379,0.0000,0.0000,0.0000,0.0378,0.0000,200,0.4938
0.0053,0.0000,0.0000,0.0000,0.0048,0.0004,200,0.5270
0.0021,0.0000,0.0000,0.0000,0.0019,0.0001,200,0.5304
0.0571,0.0000,0.0000,0.0000,0.0570,0.0001,200,0.4757
0.0025,0.0000,0.0000,0.0001,0.0023,0.0001,200,0.5325
0.0286,0.0000,0.0000,0.0000,0.0268,0.0017,200,0.5065
0.0099,0.0000,0.0000,0.0000,0.0081,0.0018,200,0.5254
0.0169,0.0000,0.0000,0.0000,0.0151,0.0018,200,0.5184
0.0586,0.0000,0.0000,0.0000,0.0567,0.0019,200,0.4768
0.0071,0.0000,0.0000,0.0000,0.0052,0.0019,200,0.5283
0.0277,0.0000,0.0000,0.0000,0.0254,0.0022,200,0.5081
0.0127,0.0000,0.0000,0.0000,0.0126,0.0000,200,0.5232
0.0277,0.0000,0.0000,0.0000,0.0276,0.0000,200,0.5083
0.0081,0.0000,0.0000,0.0000,0.0080,0.0000,200,0.5281
0.0054,0.0000,0.0000,0.0002,0.0049,0.0000,200,0.5309
0.0108,0.0000,0.0000,0.0001,0.0105,0.0000,200,0.5256
0.0072,0.0000,0.0000,0.0001,0.0039,0.0031,200,0.5297
0.0576,0.0000,0.0000,0.0000,0.0574,0.0001,200,0.4813
0.0084,0.0000,0.0000,0.0000,0.0034,0.0049,200,0.5315
0.0245,0.0000,0.0000,0.0000,0.0243,0.0001,200,0.5154
0.0336,0.0000,0.0000,0.0001,0.0332,0.0001,200,0.5069
0.0116,0.0000,0.0000,0.0000,0.0115,0.0001,200,0.5291
0.0169,0.0000,0.0000,0.0000,0.0168,0.0000,200,0.5240
0.0057,0.0000,0.0000,0.0000,0.0056,0.0000,200,0.5352
0.0059,0.0000,0.0000,0.0000,0.0058,0.0001,200,0.5359
0.0200,0.0000,0.0000,0.0000,0.0200,0.0000,200,0.5219
0.0061,0.0000,0.0000,0.0000,0.0060,0.0001,200,0.5360
0.0426,0.0000,0.0000,0.0000,0.0426,0.0000,200,0.4998
0.0636,0.0000,0.0000,0.0000,0.0635,0.0001,200,0.4795
0.0053,0.0000,0.0000,0.0000,0.0051,0.0002,200,0.5388
0.0431,0.0000,0.0000,0.0000,0.0430,0.0001,200,0.5013
0.0705,0.0000,0.0000,0.0000,0.0704,0.0000,200,0.4740
0.0090,0.0000,0.0000,0.0000,0.0089,0.0000,200,0.5358
0.0266,0.0000,0.0000,0.0001,0.0261,0.0001,200,0.5186
0.0038,0.0000,0.0000,0.0000,0.0038,0.0000,200,0.5418
0.0165,0.0000,0.0000,0.0000,0.0165,0.0000,200,0.5291
0.0390,0.0000,0.0000,0.0000,0.0389,0.0000,200,0.5072
0.0162,0.0000,0.0000,0.0000,0.0162,0.0000,200,0.5301
0.0154,0.0000,0.0000,0.0001,0.0151,0.0001,200,0.5317
0.0108,0.0000,0.0000,0.0000,0.0106,0.0001,200,0.5363
0.0073,0.0000,0.0000,0.0000,0.0072,0.0001,200,0.5404
0.0119,0.0000,0.0000,0.0000,0.0118,0.0000,200,0.5364
0.0226,0.0000,0.0000,0.0000,0.0226,0.0000,200,0.5266
0.0166,0.0000,0.0000,0.0007,0.0158,0.0000,200,0.5327
0.0023,0.0000,0.0000,0.0000,0.0022,0.0000,200,0.5471
0.0272,0.0000,0.0000,0.0000,0.0267,0.0004,200,0.5247
0.0099,0.0000,0.0000,0.0000,0.0094,0.0004,200,0.5421
0.0394,0.0000,0.0000,0.0000,0.0391,0.0003,200,0.5126
0.0058,0.0000,0.0000,0.0001,0.0054,0.0003,200,0.5463
0.0301,0.0000,0.0000,0.0000,0.0297,0.0003,200,0.5221
0.0040,0.0000,0.0000,0.0000,0.0038,0.0000,200,0.5483
0.0075,0.0000,0.0000,0.0000,0.0074,0.0000,200,0.5448
0.0965,0.0000,0.0000,0.0000,0.0964,0.0001,200,0.4562
0.0264,0.0000,0.0000,0.0000,0.0262,0.0001,200,0.5268
0.0019,0.0000,0.0000,0.0002,0.0012,0.0005,200,0.5523
0.0086,0.0000,0.0000,0.0000,0.0085,0.0000,200,0.5456
0.0024,0.0000,0.0000,0.0000,0.0024,0.0000,200,0.5522
0.0446,0.0000,0.0000,0.0000,0.0445,0.0000,200,0.5105
0.0079,0.0000,0.0000,0.0000,0.0076,0.0000,200,0.5478
0.0043,0.0000,0.0000,0.0000,0.0042,0.0000,200,0.5519
0.0517,0.0000,0.0000,0.0000,0.0512,0.0004,200,0.5046
0.0774,0.0000,0.0000,0.0000,0.0773,0.0000,200,0.4793
0.0199,0.0000,0.0000,0.0000,0.0198,0.0000,200,0.5369
0.0056,0.0000,0.0000,0.0000,0.0055,0.0000,200,0.5520
0.0734,0.0000,0.0000,0.0001,0.0733,0.0000,200,0.4842
0.0016,0.0000,0.0000,0.0000,0.0012,0.0000,200,0.5567
0.0260,0.0000,0.0000,0.0000,0.0260,0.0000,200,0.5323
0.0184,0.0000,0.0000,0.0000,0.0179,0.0004,200,0.5408
0.1080,0.0000,0.0000,0.0002,0.1077,0.0000,200,0.4513
0.0035,0.0000,0.0000,0.0000,0.0031,0.0004,200,0.5562
0.0381,0.0000,0.0000,0.0000,0.0380,0.0001,200,0.5218
0.0241,0.0000,0.0000,0.0000,0.0240,0.0001,200,0.5362
0.0114,0.0000,0.0000,0.0000,0.0113,0.0000,200,0.5494
0.0063,0.0000,0.0000,0.0000,0.0061,0.0001,200,0.5551
0.0023,0.0000,0.0000,0.0000,0.0022,0.0001,200,0.5593
0.0173,0.0000,0.0000,0.0001,0.0170,0.0001,200,0.5445
0.0074,0.0000,0.0000,0.0000,0.0073,0.0000,200,0.5546
0.0170,0.0000,0.0000,0.0000,0.0169,0.0001,200,0.5452
0.0057,0.0000,0.0000,0.0000,0.0056,0.0001,200,0.5568
0.0232,0.0000,0.0000,0.0000,0.0230,0.0001,200,0.5399
0.0023,0.0000,0.0000,0.0000,0.0022,0.0000,200,0.5615
0.0168,0.0000,0.0000,0.0000,0.0168,0.0000,200,0.5471
0.0030,0.0000,0.0000,0.0000,0.0028,0.0000,200,0.5613
0.0396,0.0000,0.0000,0.0000,0.0395,0.0000,200,0.5247
0.0192,0.0000,0.0000,0.0000,0.0192,0.0000,200,0.5456
0.0376,0.0000,0.0000,0.0000,0.0375,0.0000,200,0.5275
0.0071,0.0000,0.0000,0.0000,0.0070,0.0000,200,0.5582
0.0260,0.0000,0.0000,0.0000,0.0259,0.0000,200,0.5398
0.0036,0.0000,0.0000,0.0000,0.0036,0.0000,200,0.5622
0.0053,0.0000,0.0000,0.0000,0.0051,0.0001,200,0.5608
0.0106,0.0000,0.0000,0.0000,0.0105,0.0000,200,0.5562
0.0316,0.0000,0.0000,0.0000,0.0315,0.0001,200,0.5353
0.0250,0.0000,0.0000,0.0001,0.0249,0.0000,200,0.5420
0.0026,0.0000,0.0000,0.0000,0.0025,0.0001,200,0.5649
0.0086,0.0000,0.0000,0.0000,0.0084,0.0001,200,0.5597
0.0146,0.0000,0.0000,0.0000,0.0144,0.0001,200,0.5542
0.0088,0.0000,0.0000,0.0000,0.0087,0.0000,200,0.5599
0.0095,0.0000,0.0000,0.0000,0.0095,0.0000,200,0.5592
0.0340,0.0000,0.0000,0.0000,0.0340,0.0000,200,0.5354
0.0079,0.0000,0.0000,0.0000,0.0079,0.0000,200,0.5620
0.0049,0.0000,0.0000,0.0000,0.0049,0.0000,200,0.5653
0.0243,0.0000,0.0000,0.0000,0.0242,0.0000,200,0.5461
0.0306,0.0000,0.0000,0.0000,0.0304,0.0002,200,0.5407
0.0174,0.0000,0.0000,0.0000,0.0173,0.0001,200,0.5542
0.0016,0.0000,0.0000,0.0000,0.0016,0.0000,200,0.5704
0.0201,0.0000,0.0000,0.0000,0.0200,0.0000,200,0.5527
0.0591,0.0000,0.0000,0.0001,0.0589,0.0000,200,0.5139
0.0300,0.0000,0.0000,0.0000,0.0298,0.0002,200,0.5431
0.0210,0.0000,0.0000,0.0000,0.0206,0.0004,200,0.5521
0.0510,0.0000,0.0000,0.0000,0.0510,0.0000,200,0.5226
0.0059,0.0000,0.0000,0.0005,0.0052,0.0001,200,0.5683
0.0015,0.0000,0.0000,0.0000,0.0014,0.0001,200,0.5732
0.0225,0.0000,0.0000,0.0000,0.0223,0.0001,200,0.5532
0.0235,0.0000,0.0000,0.0000,0.0233,0.0000,200,0.5522
0.0133,0.0000,0.0000,0.0000,0.0132,0.0000,200,0.5625
0.0112,0.0000,0.0000,0.0000,0.0111,0.0001,200,0.5652
0.0072,0.0000,0.0000,0.0000,0.0071,0.0000,200,0.5694
0.0140,0.0000,0.0000,0.0000,0.0135,0.0001,200,0.5630
0.0136,0.0000,0.0000,0.0000,0.0135,0.0000,200,0.5639
0.0286,0.0000,0.0000,0.0000,0.0285,0.0000,200,0.5494
0.0036,0.0000,0.0000,0.0000,0.0035,0.0001,200,0.5747
0.0047,0.0000,0.0000,0.0000,0.0047,0.0000,200,0.5736
0.0046,0.0000,0.0000,0.0000,0.0044,0.0001,200,0.5742
0.0030,0.0000,0.0000,0.0000,0.0029,0.0001,200,0.5765
0.0157,0.0000,0.0000,0.0000,0.0156,0.0000,200,0.5643
0.0456,0.0000,0.0000,0.0000,0.0455,0.0000,200,0.5350
0.0193,0.0000,0.0000,0.0000,0.0192,0.0000,200,0.5617
0.0148,0.0000,0.0000,0.0000,0.0147,0.0001,200,0.5668
0.0413,0.0000,0.0000,0.0000,0.0411,0.0002,200,0.5409
0.0137,0.0000,0.0000,0.0000,0.0136,0.0000,200,0.5687
0.0129,0.0000,0.0000,0.0000,0.0128,0.0000,200,0.5699
0.0531,0.0000,0.0000,0.0000,0.0530,0.0001,200,0.5301
0.0104,0.0000,0.0000,0.0000,0.0102,0.0001,200,0.5729
0.0108,0.0000,0.0000,0.0000,0.0107,0.0000,200,0.5731
0.0418,0.0000,0.0000,0.0000,0.0417,0.0001,200,0.5424
0.0086,0.0000,0.0000,0.0000,0.0085,0.0001,200,0.5758
0.0178,0.0000,0.0000,0.0000,0.0177,0.0001,200,0.5669
0.0496,0.0000,0.0000,0.0000,0.0495,0.0001,200,0.5354
0.0276,0.0000,0.0000,0.0000,0.0274,0.0000,200,0.5576
0.0282,0.0000,0.0000,0.0000,0.0280,0.0001,200,0.5576
0.0222,0.0000,0.0000,0.0000,0.0221,0.0001,200,0.5643
0.0079,0.0000,0.0000,0.0000,0.0078,0.0000,200,0.5788
0.0164,0.0000,0.0000,0.0000,0.0163,0.0000,200,0.5703
0.0430,0.0000,0.0000,0.0001,0.0427,0.0000,200,0.5441
0.0120,0.0000,0.0000,0.0000,0.0119,0.0001,200,0.5758
0.0016,0.0000,0.0000,0.0000,0.0015,0.0000,200,0.5865
0.0194,0.0000,0.0000,0.0000,0.0194,0.0000,200,0.5687
0.0310,0.0000,0.0000,0.0000,0.0309,0.0001,200,0.5583
0.0406,0.0000,0.0000,0.0000,0.0405,0.0000,200,0.5492
0.0240,0.0000,0.0000,0.0000,0.0239,0.0000,200,0.5658
0.0264,0.0000,0.0000,0.0000,0.0263,0.0000,200,0.5639
0.0086,0.0000,0.0000,0.0000,0.0083,0.0002,200,0.5824
0.0029,0.0000,0.0000,0.0000,0.0028,0.0001,200,0.5882
0.0741,0.0000,0.0000,0.0000,0.0739,0.0002,200,0.5175
0.0039,0.0000,0.0000,0.0000,0.0037,0.0001,200,0.5881
0.0027,0.0000,0.0000,0.0000,0.0026,0.0001,200,0.5898
0.0268,0.0000,0.0000,0.0000,0.0267,0.0000,200,0.5661
0.0279,0.0000,0.0000,0.0000,0.0278,0.0001,200,0.5658
0.0019,0.0000,0.0000,0.0000,0.0018,0.0000,200,0.5920
0.0223,0.0000,0.0000,0.0000,0.0222,0.0000,200,0.5721
0.0264,0.0000,0.0000,0.0000,0.0263,0.0000,200,0.5688
0.0065,0.0000,0.0000,0.0000,0.0063,0.0001,200,0.5894
0.0194,0.0000,0.0000,0.0000,0.0190,0.0004,200,0.5764
0.0407,0.0000,0.0000,0.0000,0.0406,0.0001,200,0.5557
0.0162,0.0000,0.0000,0.0000,0.0160,0.0001,200,0.5806
0.0132,0.0000,0.0000,0.0000,0.0130,0.0002,200,0.5840
0.0119,0.0000,0.0000,0.0000,0.0118,0.0001,200,0.5857
0.0100,0.0000,0.0000,0.0000,0.0099,0.0000,200,0.5877
0.0209,0.0000,0.0000,0.0000,0.0208,0.0001,200,0.5775
0.0078,0.0000,0.0000,0.0000,0.0077,0.0000,200,0.5910
0.0206,0.0000,0.0000,0.0000,0.0205,0.0000,200,0.5783
0.0166,0.0000,0.0000,0.0000,0.0165,0.0001,200,0.5832
0.0137,0.0000,0.0000,0.0000,0.0135,0.0001,200,0.5867
0.0486,0.0000,0.0000,0.0000,0.0485,0.0000,200,0.5520
0.0163,0.0000,0.0000,0.0000,0.0162,0.0001,200,0.5844
0.0294,0.0000,0.0000,0.0000,0.0293,0.0000,200,0.5720
0.0179,0.0000,0.0000,0.0000,0.0177,0.0001,200,0.5842
0.0034,0.0000,0.0000,0.0000,0.0032,0.0000,200,0.5989
0.0117,0.0000,0.0000,0.0000,0.0116,0.0000,200,0.5910
0.0085,0.0000,0.0000,0.0000,0.0081,0.0003,200,0.5952
0.0168,0.0000,0.0000,0.0001,0.0165,0.0001,200,0.5871
0.0264,0.0000,0.0000,0.0000,0.0263,0.0000,200,0.5779
0.0142,0.0000,0.0000,0.0000,0.0141,0.0001,200,0.5903
0.0232,0.0000,0.0000,0.0001,0.0230,0.0000,200,0.5817
0.0111,0.0000,0.0000,0.0000,0.0110,0.0000,200,0.5940
0.0156,0.0000,0.0000,0.0000,0.0155,0.0001,200,0.5899
0.0068,0.0000,0.0000,0.0000,0.0067,0.0001,200,0.5988
0.0062,0.0000,0.0000,0.0000,0.0061,0.0001,200,0.5998
0.0235,0.0000,0.0000,0.0000,0.0231,0.0003,200,0.5833
0.0154,0.0000,0.0000,0.0000,0.0153,0.0001,200,0.5917
0.0148,0.0000,0.0000,0.0000,0.0147,0.0001,200,0.5925
0.0267,0.0000,0.0000,0.0000,0.0267,0.0001,200,0.5811
0.0730,0.0000,0.0000,0.0000,0.0729,0.0000,200,0.5353
0.0640,0.0000,0.0000,0.0000,0.0637,0.0001,200,0.5444
0.0069,0.0000,0.0000,0.0000,0.0068,0.0000,200,0.6021
0.0265,0.0000,0.0000,0.0000,0.0265,0.0000,200,0.5828
0.0241,0.0000,0.0000,0.0000,0.0240,0.0000,200,0.5852
0.0128,0.0000,0.0000,0.0000,0.0126,0.0000,200,0.5968
0.0497,0.0000,0.0000,0.0000,0.0496,0.0000,200,0.5603
0.0097,0.0000,0.0000,0.0000,0.0096,0.0000,200,0.6007
0.0134,0.0000,0.0000,0.0000,0.0132,0.0001,200,0.5976
0.0156,0.0000,0.0000,0.0000,0.0155,0.0001,200,0.5958
0.0029,0.0000,0.0000,0.0000,0.0028,0.0001,200,0.6093
0.0044,0.0000,0.0000,0.0000,0.0037,0.0007,200,0.6083
0.0058,0.0000,0.0000,0.0000,0.0056,0.0000,200,0.6071
0.0193,0.0000,0.0000,0.0000,0.0193,0.0001,200,0.5944
0.0064,0.0000,0.0000,0.0000,0.0063,0.0000,200,0.6074
0.0127,0.0000,0.0000,0.0000,0.0126,0.0000,200,0.6014
0.0056,0.0000,0.0000,0.0000,0.0055,0.0000,200,0.6090
0.0109,0.0000,0.0000,0.0000,0.0108,0.0000,200,0.6043
0.0043,0.0000,0.0000,0.0000,0.0041,0.0001,200,0.6114
0.0064,0.0000,0.0000,0.0000,0.0063,0.0001,200,0.6093
0.0363,0.0000,0.0000,0.0000,0.0362,0.0000,200,0.5800
0.0196,0.0000,0.0000,0.0000,0.0195,0.0001,200,0.5972
0.0384,0.0000,0.0000,0.0000,0.0384,0.0000,200,0.5784
0.0322,0.0000,0.0000,0.0000,0.0321,0.0000,200,0.5850
0.0355,0.0000,0.0000,0.0000,0.0354,0.0000,200,0.5822
0.0045,0.0000,0.0000,0.0000,0.0041,0.0000,200,0.6138
0.0147,0.0000,0.0000,0.0000,0.0147,0.0000,200,0.6038
0.0463,0.0000,0.0000,0.0000,0.0462,0.0001,200,0.5728
0.0519,0.0000,0.0000,0.0001,0.0515,0.0000,200,0.5675
0.0060,0.0000,0.0000,0.0000,0.0059,0.0000,200,0.6142
0.0490,0.0000,0.0000,0.0000,0.0490,0.0000,200,0.5713
0.0245,0.0000,0.0000,0.0000,0.0244,0.0000,200,0.5964
0.0131,0.0000,0.0000,0.0000,0.0129,0.0001,200,0.6084
0.0371,0.0000,0.0000,0.0000,0.0370,0.0000,200,0.5847
0.0085,0.0000,0.0000,0.0000,0.0084,0.0000,200,0.6137
0.0427,0.0000,0.0000,0.0001,0.0426,0.0000,200,0.5796
0.0060,0.0000,0.0000,0.0000,0.0060,0.0000,200,0.6168
0.0104,0.0000,0.0000,0.0003,0.0094,0.0000,200,0.6128
0.0053,0.0000,0.0000,0.0001,0.0050,0.0000,200,0.6183
0.0053,0.0000,0.0000,0.0000,0.0053,0.0000,200,0.6186
0.0485,0.0000,0.0000,0.0000,0.0485,0.0000,200,0.5758
0.0033,0.0000,0.0000,0.0000,0.0027,0.0001,200,0.6214
0.0199,0.0000,0.0000,0.0000,0.0198,0.0001,200,0.6050
0.0252,0.0000,0.0000,0.0000,0.0251,0.0000,200,0.6004
0.0023,0.0000,0.0000,0.0000,0.0022,0.0001,200,0.6239
0.0403,0.0000,0.0000,0.0000,0.0401,0.0002,200,0.5867
0.0115,0.0000,0.0000,0.0000,0.0114,0.0000,200,0.6157
0.0118,0.0000,0.0000,0.0002,0.0114,0.0000,200,0.6157
0.0212,0.0000,0.0000,0.0000,0.0211,0.0000,200,0.6068
0.0349,0.0000,0.0000,0.0000,0.0348,0.0000,200,0.5937
0.0124,0.0000,0.0000,0.0000,0.0123,0.0000,200,0.6163
0.0266,0.0000,0.0000,0.0000,0.0264,0.0001,200,0.6024
0.0016,0.0000,0.0000,0.0000,0.0016,0.0000,200,0.6276
0.1408,0.0000,0.0000,0.0000,0.1406,0.0002,200,0.4890
0.0242,0.0000,0.0000,0.0000,0.0241,0.0000,200,0.6060
0.0073,0.0000,0.0000,0.0000,0.0072,0.0001,200,0.6232
0.0087,0.0000,0.0000,0.0000,0.0087,0.0001,200,0.6223
0.0046,0.0000,0.0000,0.0000,0.0044,0.0001,200,0.6270
0.0082,0.0000,0.0000,0.0000,0.0081,0.0000,200,0.6236
0.0046,0.0000,0.0000,0.0000,0.0045,0.0001,200,0.6280
0.0084,0.0000,0.0000,0.0000,0.0077,0.0005,200,0.6247
0.0354,0.0000,0.0000,0.0000,0.0352,0.0002,200,0.5977
0.0168,0.0000,0.0000,0.0000,0.0168,0.0001,200,0.6172
0.0063,0.0000,0.0000,0.0000,0.0062,0.0001,200,0.6286
0.0097,0.0000,0.0000,0.0000,0.0096,0.0001,200,0.6262
0.0318,0.0000,0.0000,0.0000,0.0316,0.0001,200,0.6045
0.0119,0.0000,0.0000,0.0000,0.0117,0.0001,200,0.6249
0.0148,0.0000,0.0000,0.0000,0.0147,0.0000,200,0.6223
0.0252,0.0000,0.0000,0.0000,0.0251,0.0000,200,0.6122
0.0076,0.0000,0.0000,0.0000,0.0074,0.0001,200,0.6302
0.0711,0.0000,0.0000,0.0000,0.0711,0.0000,200,0.5669
0.0328,0.0000,0.0000,0.0000,0.0327,0.0001,200,0.6057
0.0463,0.0000,0.0000,0.0000,0.0462,0.0001,200,0.5929
0.0123,0.0000,0.0000,0.0001,0.0121,0.0000,200,0.6272
0.0210,0.0000,0.0000,0.0000,0.0210,0.0000,200,0.6192
0.0033,0.0000,0.0000,0.0000,0.0032,0.0001,200,0.6374
0.0130,0.0000,0.0000,0.0000,0.0125,0.0004,200,0.6287
0.0459,0.0000,0.0000,0.0000,0.0458,0.0000,200,0.5958
0.0026,0.0000,0.0000,0.0000,0.0025,0.0000,200,0.6395
0.0244,0.0000,0.0000,0.0000,0.0243,0.0001,200,0.6178
0.0203,0.0000,0.0000,0.0000,0.0203,0.0000,200,0.6219
0.0043,0.0000,0.0000,0.0000,0.0043,0.0001,200,0.6380
0.0229,0.0000,0.0000,0.0000,0.0227,0.0001,200,0.6202
0.0224,0.0000,0.0000,0.0000,0.0223,0.0000,200,0.6208
0.0182,0.0000,0.0000,0.0000,0.0181,0.0001,200,0.6256
0.0199,0.0000,0.0000,0.0000,0.0199,0.0000,200,0.6243
0.0022,0.0000,0.0000,0.0000,0.0021,0.0001,200,0.6422
0.0032,0.0000,0.0000,0.0000,0.0031,0.0000,200,0.6417
0.0257,0.0000,0.0000,0.0000,0.0257,0.0000,200,0.6194
0.0422,0.0000,0.0000,0.0000,0.0420,0.0001,200,0.6036
0.0139,0.0000,0.0000,0.0008,0.0131,0.0000,200,0.6326
0.0050,0.0000,0.0000,0.0000,0.0049,0.0001,200,0.6417
0.0463,0.0000,0.0000,0.0000,0.0462,0.0000,200,0.6007
0.0248,0.0000,0.0000,0.0000,0.0247,0.0001,200,0.6228
0.0384,0.0000,0.0000,0.0000,0.0383,0.0000,200,0.6096
0.0015,0.0000,0.0000,0.0000,0.0014,0.0000,200,0.6470
0.0178,0.0000,0.0000,0.0000,0.0178,0.0000,200,0.6310
0.0159,0.0000,0.0000,0.0003,0.0156,0.0000,200,0.6331
0.0108,0.0000,0.0000,0.0000,0.0105,0.0000,200,0.6385
0.0203,0.0000,0.0000,0.0000,0.0202,0.0001,200,0.6298
0.0047,0.0000,0.0000,0.0000,0.0045,0.0002,200,0.6459
0.0077,0.0000,0.0000,0.0000,0.0076,0.0000,200,0.6432
0.0021,0.0000,0.0000,0.0000,0.0020,0.0000,200,0.6491
0.0078,0.0000,0.0000,0.0000,0.0077,0.0000,200,0.6438
0.0128,0.0000,0.0000,0.0003,0.0124,0.0000,200,0.6393
0.0230,0.0000,0.0000,0.0000,0.0229,0.0001,200,0.6292
0.0081,0.0000,0.0000,0.0000,0.0079,0.0001,200,0.6443
0.0361,0.0000,0.0000,0.0000,0.0361,0.0000,200,0.6168
0.0762,0.0000,0.0000,0.0000,0.0761,0.0001,200,0.5771
0.0027,0.0000,0.0000,0.0000,0.0026,0.0000,200,0.6507
0.0440,0.0000,0.0000,0.0000,0.0437,0.0003,200,0.6100
0.0089,0.0000,0.0000,0.0000,0.0089,0.0000,200,0.6451
0.0092,0.0000,0.0000,0.0000,0.0091,0.0000,200,0.6449
0.0400,0.0000,0.0000,0.0000,0.0399,0.0001,200,0.6146
0.0447,0.0000,0.0000,0.0000,0.0446,0.0000,200,0.6104
0.0237,0.0000,0.0000,0.0000,0.0233,0.0003,200,0.6318
0.0055,0.0000,0.0000,0.0002,0.0049,0.0000,200,0.6501
0.0049,0.0000,0.0000,0.0000,0.0049,0.0000,200,0.6509
0.0537,0.0000,0.0000,0.0000,0.0536,0.0000,200,0.6028
0.0423,0.0000,0.0000,0.0000,0.0417,0.0004,200,0.6151
0.0081,0.0000,0.0000,0.0000,0.0080,0.0000,200,0.6494
0.0056,0.0000,0.0000,0.0000,0.0056,0.0000,200,0.6520
0.0593,0.0000,0.0000,0.0000,0.0592,0.0001,200,0.5984
0.0034,0.0000,0.0000,0.0000,0.0033,0.0001,200,0.6547
0.0209,0.0000,0.0000,0.0001,0.0207,0.0001,200,0.6377
0.0248,0.0000,0.0000,0.0000,0.0246,0.0000,200,0.6341
0.0537,0.0000,0.0000,0.0000,0.0536,0.0000,200,0.6055
0.0472,0.0000,0.0000,0.0000,0.0469,0.0002,200,0.6127
0.0042,0.0000,0.0000,0.0000,0.0041,0.0000,200,0.6558
0.0528,0.0000,0.0000,0.0000,0.0526,0.0001,200,0.6078
0.0123,0.0000,0.0000,0.0000,0.0123,0.0000,200,0.6484
0.0076,0.0000,0.0000,0.0001,0.0071,0.0003,200,0.6541
0.0336,0.0000,0.0000,0.0002,0.0327,0.0006,200,0.6289
0.0257,0.0000,0.0000,0.0000,0.0256,0.0000,200,0.6370
0.0104,0.0000,0.0000,0.0000,0.0103,0.0000,200,0.6524
0.0152,0.0000,0.0000,0.0001,0.0149,0.0002,200,0.6477
0.0207,0.0000,0.0000,0.0000,0.0202,0.0000,200,0.6421
0.0156,0.0000,0.0000,0.0000,0.0156,0.0001,200,0.6479
0.0151,0.0000,0.0000,0.0000,0.0150,0.0000,200,0.6489
0.0278,0.0000,0.0000,0.0000,0.0277,0.0001,200,0.6363
0.0064,0.0000,0.0000,0.0000,0.0062,0.0001,200,0.6581
0.0218,0.0000,0.0000,0.0001,0.0217,0.0000,200,0.6431
0.0119,0.0000,0.0000,0.0000,0.0119,0.0000,200,0.6534
0.0258,0.0000,0.0000,0.0000,0.0256,0.0001,200,0.6402
0.0022,0.0000,0.0000,0.0000,0.0020,0.0000,200,0.6641
0.0309,0.0000,0.0000,0.0000,0.0307,0.0001,200,0.6360
0.0081,0.0000,0.0000,0.0000,0.0080,0.0000,200,0.6592
0.0129,0.0000,0.0000,0.0000,0.0127,0.0001,200,0.6551
0.0127,0.0000,0.0000,0.0000,0.0123,0.0001,200,0.6557
0.0015,0.0000,0.0000,0.0000,0.0014,0.0001,200,0.6673
0.0269,0.0000,0.0000,0.0000,0.0268,0.0001,200,0.6422
0.0108,0.0000,0.0000,0.0000,0.0107,0.0000,200,0.6587
0.0587,0.0000,0.0000,0.0000,0.0586,0.0001,200,0.6110
0.0236,0.0000,0.0000,0.0000,0.0235,0.0001,200,0.6465
0.0027,0.0000,0.0000,0.0000,0.0026,0.0000,200,0.6680
0.0163,0.0000,0.0000,0.0001,0.0158,0.0004,200,0.6556
0.0113,0.0000,0.0000,0.0000,0.0112,0.0001,200,0.6606
0.0095,0.0000,0.0000,0.0000,0.0094,0.0000,200,0.6628
0.0151,0.0000,0.0000,0.0000,0.0149,0.0002,200,0.6574
0.0687,0.0000,0.0000,0.0001,0.0683,0.0001,200,0.6048
0.0130,0.0000,0.0000,0.0000,0.0128,0.0002,200,0.6608
0.0085,0.0000,0.0000,0.0000,0.0084,0.0000,200,0.6653
0.0423,0.0000,0.0000,0.0000,0.0421,0.0002,200,0.6316
0.0082,0.0000,0.0000,0.0000,0.0079,0.0000,200,0.6660
0.0110,0.0000,0.0000,0.0000,0.0110,0.0000,200,0.6639
0.0401,0.0000,0.0000,0.0000,0.0400,0.0000,200,0.6350
0.0131,0.0000,0.0000,0.0000,0.0129,0.0001,200,0.6626
0.0170,0.0000,0.0000,0.0000,0.0168,0.0002,200,0.6588
0.0028,0.0000,0.0000,0.0000,0.0027,0.0001,200,0.6736
0.0239,0.0000,0.0000,0.0000,0.0237,0.0001,200,0.6529
0.0305,0.0000,0.0000,0.0000,0.0303,0.0002,200,0.6467
0.0129,0.0000,0.0000,0.0000,0.0128,0.0001,200,0.6649
0.0145,0.0000,0.0000,0.0000,0.0143,0.0002,200,0.6636
0.0009,0.0000,0.0000,0.0000,0.0008,0.0000,200,0.6773
0.0422,0.0000,0.0000,0.0000,0.0420,0.0001,200,0.6368
0.0251,0.0000,0.0000,0.0000,0.0250,0.0000,200,0.6540
0.0037,0.0000,0.0000,0.0001,0.0034,0.0002,200,0.6758
0.0037,0.0000,0.0000,0.0000,0.0036,0.0001,200,0.6764
0.0177,0.0000,0.0000,0.0000,0.0177,0.0000,200,0.6627
0.0295,0.0000,0.0000,0.0000,0.0293,0.0001,200,0.6516
0.0115,0.0000,0.0000,0.0000,0.0113,0.0001,200,0.6701
0.0279,0.0000,0.0000,0.0000,0.0278,0.0000,200,0.6540
0.0105,0.0000,0.0000,0.0000,0.0103,0.0000,200,0.6718
0.0051,0.0000,0.0000,0.0000,0.0050,0.0000,200,0.6778
0.0217,0.0000,0.0000,0.0001,0.0215,0.0001,200,0.6617
0.0019,0.0000,0.0000,0.0000,0.0018,0.0000,200,0.6816
0.0245,0.0000,0.0000,0.0000,0.0243,0.0000,200,0.6599
0.0159,0.0000,0.0000,0.0001,0.0156,0.0001,200,0.6691
0.0085,0.0000,0.0000,0.0000,0.0084,0.0000,200,0.6769
0.0079,0.0000,0.0000,0.0000,0.0078,0.0001,200,0.6782
0.0106,0.0000,0.0000,0.0000,0.0106,0.0000,200,0.6756
0.0032,0.0000,0.0000,0.0000,0.0031,0.0001,200,0.6835
0.0055,0.0000,0.0000,0.0000,0.0054,0.0001,200,0.6820
0.0019,0.0000,0.0000,0.0000,0.0018,0.0001,200,0.6863
0.0681,0.0000,0.0000,0.0000,0.0680,0.0000,200,0.6203
0.0062,0.0000,0.0000,0.0000,0.0061,0.0001,200,0.6823
0.0106,0.0000,0.0000,0.0000,0.0105,0.0000,200,0.6791
0.0026,0.0000,0.0000,0.0000,0.0022,0.0003,200,0.6875
0.0168,0.0000,0.0000,0.0000,0.0167,0.0000,200,0.6751
0.0114,0.0000,0.0000,0.0000,0.0113,0.0001,200,0.6805
0.0200,0.0000,0.0000,0.0000,0.0199,0.0000,200,0.6719
0.0042,0.0000,0.0000,0.0000,0.0041,0.0001,200,0.6885
0.0192,0.0000,0.0000,0.0000,0.0191,0.0000,200,0.6739
0.0417,0.0000,0.0000,0.0003,0.0414,0.0001,200,0.6522
0.0149,0.0000,0.0000,0.0000,0.0148,0.0000,200,0.6795
0.0436,0.0000,0.0000,0.0000,0.0434,0.0001,200,0.6512
0.0025,0.0000,0.0000,0.0000,0.0024,0.0001,200,0.6931
0.0168,0.0000,0.0000,0.0000,0.0166,0.0001,200,0.6811
0.0052,0.0000,0.0000,0.0000,0.0050,0.0001,200,0.6927
0.0405,0.0000,0.0000,0.0000,0.0403,0.0001,200,0.6574
0.0151,0.0000,0.0000,0.0000,0.0149,0.0002,200,0.6829
0.0267,0.0000,0.0000,0.0001,0.0265,0.0001,200,0.6722
0.0075,0.0000,0.0000,0.0000,0.0074,0.0001,200,0.6919
0.0054,0.0000,0.0000,0.0000,0.0052,0.0000,200,0.6948
0.0153,0.0000,0.0000,0.0000,0.0152,0.0001,200,0.6853
0.0145,0.0000,0.0000,0.0000,0.0144,0.0000,200,0.6867
0.0444,0.0000,0.0000,0.0000,0.0443,0.0000,200,0.6577
0.0087,0.0000,0.0000,0.0000,0.0087,0.0000,200,0.6939
0.0038,0.0000,0.0000,0.0000,0.0037,0.0000,200,0.6994
0.0433,0.0000,0.0000,0.0001,0.0432,0.0000,200,0.6600
0.0353,0.0000,0.0000,0.0002,0.0350,0.0001,200,0.6688
0.0602,0.0000,0.0000,0.0000,0.0601,0.0001,200,0.6444
0.0095,0.0000,0.0000,0.0000,0.0094,0.0000,200,0.6956
0.0212,0.0000,0.0000,0.0000,0.0211,0.0001,200,0.6844
0.0356,0.0000,0.0000,0.0000,0.0355,0.0000,200,0.6707
0.0667,0.0000,0.0000,0.0000,0.0664,0.0001,200,0.6407
0.0211,0.0000,0.0000,0.0000,0.0206,0.0003,200,0.6882
0.0048,0.0000,0.0000,0.0000,0.0046,0.0001,200,0.7056
0.0444,0.0000,0.0000,0.0000,0.0436,0.0008,200,0.6694
0.0415,0.0000,0.0000,0.0000,0.0414,0.0001,200,0.6738
0.0246,0.0000,0.0000,0.0000,0.0244,0.0001,200,0.6918
0.0605,0.0000,0.0000,0.0000,0.0605,0.0001,200,0.6565
0.0197,0.0000,0.0000,0.0000,0.0195,0.0001,200,0.6980
0.0387,0.0000,0.0000,0.0000,0.0385,0.0001,200,0.6801
0.0408,0.0000,0.0000,0.0002,0.0405,0.0000,200,0.6781
0.0176,0.0000,0.0000,0.0000,0.0176,0.0000,200,0.7022
0.0172,0.0000,0.0000,0.0000,0.0169,0.0002,200,0.7034
0.0021,0.0000,0.0000,0.0000,0.0019,0.0001,200,0.7189
0.0120,0.0000,0.0000,0.0000,0.0118,0.0001,200,0.7093
0.0549,0.0000,0.0000,0.0000,0.0548,0.0001,200,0.6669
0.0545,0.0000,0.0000,0.0000,0.0544,0.0001,200,0.6683
0.0023,0.0000,0.0000,0.0000,0.0022,0.0001,200,0.7218
0.0623,0.0000,0.0000,0.0000,0.0622,0.0001,200,0.6629
0.0328,0.0000,0.0000,0.0000,0.0327,0.0001,200,0.6944
0.0949,0.0000,0.0000,0.0003,0.0945,0.0001,200,0.6332
0.0455,0.0000,0.0000,0.0000,0.0453,0.0001,200,0.6834
0.0319,0.0000,0.0000,0.0000,0.0318,0.0001,200,0.6979
0.0772,0.0000,0.0000,0.0001,0.0770,0.0001,200,0.6533
0.0070,0.0000,0.0000,0.0000,0.0069,0.0001,200,0.7241
0.0419,0.0000,0.0000,0.0000,0.0415,0.0000,200,0.6901
0.0446,0.0000,0.0000,0.0000,0.0439,0.0007,200,0.6884
0.0581,0.0000,0.0000,0.0000,0.0580,0.0000,200,0.6750
0.0042,0.0000,0.0000,0.0000,0.0040,0.0001,200,0.7298
0.0144,0.0000,0.0000,0.0000,0.0142,0.0001,200,0.7206
0.0702,0.0000,0.0000,0.0002,0.0698,0.0001,200,0.6662
0.0592,0.0000,0.0000,0.0000,0.0591,0.0001,200,0.6791
0.0547,0.0000,0.0000,0.0000,0.0545,0.0001,200,0.6850
0.0423,0.0000,0.0000,0.0000,0.0421,0.0001,200,0.7001
0.0248,0.0000,0.0000,0.0000,0.0246,0.0001,200,0.7187
0.0579,0.0000,0.0000,0.0000,0.0578,0.0001,200,0.6860
0.0379,0.0000,0.0000,0.0000,0.0378,0.0001,200,0.7063
0.0306,0.0000,0.0000,0.0000,0.0305,0.0000,200,0.7139
0.0068,0.0000,0.0000,0.0000,0.0067,0.0000,200,0.7383
0.0281,0.0000,0.0000,0.0000,0.0280,0.0000,200,0.7177
0.0234,0.0000,0.0000,0.0001,0.0230,0.0001,200,0.7229
0.0820,0.0000,0.0000,0.0001,0.0818,0.0001,200,0.6645
0.0166,0.0000,0.0000,0.0000,0.0165,0.0001,200,0.7304
0.0144,0.0000,0.0000,0.0000,0.0142,0.0002,200,0.7330
0.0195,0.0000,0.0000,0.0000,0.0194,0.0000,200,0.7280
0.0737,0.0000,0.0000,0.0000,0.0736,0.0001,200,0.6742
0.0235,0.0000,0.0000,0.0000,0.0234,0.0001,200,0.7252
0.0067,0.0000,0.0000,0.0000,0.0065,0.0001,200,0.7424
0.0601,0.0000,0.0000,0.0000,0.0599,0.0001,200,0.6897
0.0285,0.0000,0.0000,0.0000,0.0284,0.0000,200,0.7213
0.0349,0.0000,0.0000,0.0000,0.0337,0.0012,200,0.7170
0.0044,0.0000,0.0000,0.0000,0.0043,0.0000,200,0.7479
0.0370,0.0000,0.0000,0.0001,0.0368,0.0000,200,0.7153
0.0205,0.0000,0.0000,0.0000,0.0204,0.0000,200,0.7320
0.0049,0.0000,0.0000,0.0000,0.0049,0.0000,200,0.7475
0.0328,0.0000,0.0000,0.0000,0.0327,0.0000,200,0.7198
0.0092,0.0000,0.0000,0.0000,0.0090,0.0001,200,0.7439
0.0245,0.0000,0.0000,0.0000,0.0243,0.0002,200,0.7289
0.0532,0.0000,0.0000,0.0000,0.0531,0.0001,200,0.7006
0.0103,0.0000,0.0000,0.0000,0.0101,0.0001,200,0.7442
0.0824,0.0000,0.0000,0.0000,0.0822,0.0001,200,0.6725
0.0221,0.0000,0.0000,0.0000,0.0220,0.0000,200,0.7330
0.0022,0.0000,0.0000,0.0000,0.0021,0.0001,200,0.7534
0.0022,0.0000,0.0000,0.0000,0.0021,0.0000,200,0.7539
0.1263,0.0000,0.0000,0.0000,0.1262,0.0000,200,0.6305
0.0260,0.0000,0.0000,0.0000,0.0259,0.0000,200,0.7311
0.1153,0.0000,0.0000,0.0000,0.1152,0.0001,200,0.6423
0.0510,0.0000,0.0000,0.0000,0.0508,0.0001,200,0.7074
0.0555,0.0000,0.0000,0.0000,0.0554,0.0000,200,0.7032
0.0023,0.0000,0.0000,0.0000,0.0022,0.0000,200,0.7571
0.0970,0.0000,0.0000,0.0000,0.0969,0.0001,200,0.6629
0.0158,0.0000,0.0000,0.0000,0.0157,0.0000,200,0.7445
0.0504,0.0000,0.0000,0.0000,0.0502,0.0001,200,0.7104
0.0086,0.0000,0.0000,0.0000,0.0085,0.0000,200,0.7524
0.0051,0.0000,0.0000,0.0000,0.0050,0.0000,200,0.7568
0.0091,0.0000,0.0000,0.0001,0.0087,0.0000,200,0.7531
0.0051,0.0000,0.0000,0.0005,0.0045,0.0000,200,0.7577
0.0581,0.0000,0.0000,0.0000,0.0580,0.0000,200,0.7046
0.0085,0.0000,0.0000,0.0000,0.0081,0.0004,200,0.7556
0.0120,0.0000,0.0000,0.0000,0.0119,0.0001,200,0.7523
0.0028,0.0000,0.0000,0.0000,0.0028,0.0001,200,0.7619
0.0128,0.0000,0.0000,0.0000,0.0127,0.0001,200,0.7524
0.0021,0.0000,0.0000,0.0000,0.0020,0.0000,200,0.7641
0.0208,0.0000,0.0000,0.0000,0.0206,0.0001,200,0.7458
0.0211,0.0000,0.0000,0.0000,0.0210,0.0000,200,0.7462
0.0066,0.0000,0.0000,0.0000,0.0065,0.0000,200,0.7608
0.0699,0.0000,0.0000,0.0000,0.0698,0.0001,200,0.6979
0.0769,0.0000,0.0000,0.0000,0.0769,0.0000,200,0.6918
0.0127,0.0000,0.0000,0.0000,0.0126,0.0001,200,0.7561
0.0677,0.0000,0.0000,0.0000,0.0676,0.0000,200,0.7012
0.0638,0.0000,0.0000,0.0000,0.0635,0.0001,200,0.7051
0.0094,0.0000,0.0000,0.0000,0.0092,0.0001,200,0.7603
0.0536,0.0000,0.0000,0.0000,0.0535,0.0001,200,0.7164
0.0109,0.0000,0.0000,0.0000,0.0107,0.0001,200,0.7599
0.0314,0.0000,0.0000,0.0001,0.0312,0.0000,200,0.7396
0.0362,0.0000,0.0000,0.0000,0.0357,0.0004,200,0.7364
0.0144,0.0000,0.0000,0.0000,0.0138,0.0006,200,0.7583
0.0157,0.0000,0.0000,0.0000,0.0152,0.0004,200,0.7586
0.1006,0.0000,0.0000,0.0000,0.0983,0.0023,200,0.6738
0.1073,0.0000,0.0000,0.0000,0.1072,0.0001,200,0.6697
0.0750,0.0000,0.0000,0.0000,0.0730,0.0019,200,0.7027
0.0100,0.0000,0.0000,0.0000,0.0096,0.0004,200,0.7678
0.0089,0.0000,0.0000,0.0000,0.0087,0.0001,200,0.7697
0.0294,0.0000,0.0000,0.0000,0.0290,0.0001,200,0.7498
0.0198,0.0000,0.0000,0.0000,0.0198,0.0000,200,0.7593
0.0304,0.0000,0.0000,0.0000,0.0304,0.0000,200,0.7490
0.0335,0.0000,0.0000,0.0000,0.0334,0.0001,200,0.7465
0.0140,0.0000,0.0000,0.0000,0.0138,0.0001,200,0.7666
0.0161,0.0000,0.0000,0.0000,0.0160,0.0001,200,0.7647
0.0152,0.0000,0.0000,0.0000,0.0151,0.0001,200,0.7662
0.0043,0.0000,0.0000,0.0000,0.0042,0.0000,200,0.7777
0.0125,0.0000,0.0000,0.0000,0.0124,0.0001,200,0.7700
0.0219,0.0000,0.0000,0.0000,0.0218,0.0000,200,0.7610
0.0193,0.0000,0.0000,0.0000,0.0192,0.0000,200,0.7643
0.0319,0.0000,0.0000,0.0001,0.0316,0.0002,200,0.7519
0.0052,0.0000,0.0000,0.0000,0.0051,0.0001,200,0.7791
0.0807,0.0000,0.0000,0.0000,0.0806,0.0001,200,0.7041
0.0126,0.0000,0.0000,0.0003,0.0122,0.0000,200,0.7728
0.0047,0.0000,0.0000,0.0000,0.0046,0.0001,200,0.7809
0.0063,0.0000,0.0000,0.0000,0.0059,0.0003,200,0.7795
0.0518,0.0000,0.0000,0.0000,0.0517,0.0000,200,0.7339
0.0154,0.0000,0.0000,0.0000,0.0153,0.0000,200,0.7710
0.0386,0.0000,0.0000,0.0000,0.0384,0.0001,200,0.7487
0.0044,0.0000,0.0000,0.0000,0.0044,0.0000,200,0.7828
0.0036,0.0000,0.0000,0.0000,0.0035,0.0001,200,0.7864
0.0351,0.0000,0.0000,0.0000,0.0350,0.0000,200,0.7551
0.0213,0.0000,0.0000,0.0000,0.0210,0.0003,200,0.7689
0.0275,0.0000,0.0000,0.0000,0.0274,0.0000,200,0.7628
0.1326,0.0000,0.0000,0.0000,0.1325,0.0000,200,0.6577
0.0377,0.0000,0.0000,0.0000,0.0377,0.0000,200,0.7526
0.0276,0.0000,0.0000,0.0000,0.0275,0.0000,200,0.7628
0.0231,0.0000,0.0000,0.0000,0.0231,0.0000,200,0.7673
0.0381,0.0000,0.0000,0.0000,0.0381,0.0000,200,0.7523
0.0134,0.0000,0.0000,0.0000,0.0133,0.0000,200,0.7771
0.0360,0.0000,0.0000,0.0000,0.0360,0.0000,200,0.7545
0.0438,0.0000,0.0000,0.0000,0.0437,0.0001,200,0.7470
0.0477,0.0000,0.0000,0.0000,0.0476,0.0000,200,0.7435
0.0011,0.0000,0.0000,0.0000,0.0011,0.0000,200,0.7904
0.0176,0.0000,0.0000,0.0003,0.0172,0.0001,200,0.7744
0.0019,0.0000,0.0000,0.0000,0.0019,0.0000,200,0.7902
0.0109,0.0000,0.0000,0.0000,0.0108,0.0001,200,0.7815
0.0274,0.0000,0.0000,0.0000,0.0273,0.0001,200,0.7653
0.0030,0.0000,0.0000,0.0000,0.0030,0.0000,200,0.7902
0.0313,0.0000,0.0000,0.0000,0.0313,0.0000,200,0.7621
0.0042,0.0000,0.0000,0.0000,0.0039,0.0002,200,0.7900
0.0089,0.0000,0.0000,0.0000,0.0088,0.0000,200,0.7854
0.0111,0.0000,0.0000,0.0001,0.0110,0.0001,200,0.7838
0.0038,0.0000,0.0000,0.0000,0.0037,0.0001,200,0.7916
0.0229,0.0000,0.0000,0.0003,0.0224,0.0000,200,0.7727
0.0025,0.0000,0.0000,0.0000,0.0025,0.0001,200,0.7932
0.0109,0.0000,0.0000,0.0000,0.0108,0.0000,200,0.7855
0.0063,0.0000,0.0000,0.0000,0.0062,0.0000,200,0.7903
0.0228,0.0000,0.0000,0.0005,0.0221,0.0002,200,0.7743
0.0009,0.0000,0.0000,0.0000,0.0008,0.0001,200,0.7964
0.0525,0.0000,0.0000,0.0000,0.0525,0.0000,200,0.7451
0.0295,0.0000,0.0000,0.0000,0.0294,0.0001,200,0.7687
0.0082,0.0000,0.0000,0.0000,0.0081,0.0000,200,0.7903
0.0491,0.0000,0.0000,0.0000,0.0490,0.0000,200,0.7498
0.0192,0.0000,0.0000,0.0000,0.0192,0.0001,200,0.7800
0.0521,0.0000,0.0000,0.0000,0.0520,0.0001,200,0.7475
0.0099,0.0000,0.0000,0.0000,0.0098,0.0001,200,0.7903
0.0653,0.0000,0.0000,0.0001,0.0652,0.0000,200,0.7349
0.0040,0.0000,0.0000,0.0000,0.0040,0.0000,200,0.7965
0.0109,0.0000,0.0000,0.0001,0.0107,0.0001,200,0.7905
0.0108,0.0000,0.0000,0.0000,0.0107,0.0001,200,0.7909
0.0065,0.0000,0.0000,0.0000,0.0062,0.0001,200,0.7958
0.0022,0.0000,0.0000,0.0000,0.0021,0.0000,200,0.8002
0.0053,0.0000,0.0000,0.0000,0.0052,0.0000,200,0.7973
0.0049,0.0000,0.0000,0.0000,0.0048,0.0000,200,0.7985
0.0177,0.0000,0.0000,0.0000,0.0176,0.0000,200,0.7858
0.0187,0.0000,0.0000,0.0000,0.0186,0.0001,200,0.7848
0.0082,0.0000,0.0000,0.0000,0.0081,0.0000,200,0.7958
0.0769,0.0000,0.0000,0.0000,0.0768,0.0000,200,0.7272
0.0123,0.0000,0.0000,0.0000,0.0122,0.0000,200,0.7921
0.0022,0.0000,0.0000,0.0000,0.0021,0.0000,200,0.8026
0.0099,0.0000,0.0000,0.0000,0.0098,0.0001,200,0.7954
0.0199,0.0000,0.0000,0.0000,0.0198,0.0000,200,0.7858
0.0074,0.0000,0.0000,0.0000,0.0072,0.0001,200,0.7989
0.0391,0.0000,0.0000,0.0004,0.0386,0.0000,200,0.7674
0.0036,0.0000,0.0000,0.0000,0.0034,0.0001,200,0.8035
0.0148,0.0000,0.0000,0.0001,0.0146,0.0000,200,0.7924
0.0073,0.0000,0.0000,0.0000,0.0072,0.0000,200,0.8006
0.0373,0.0000,0.0000,0.0000,0.0372,0.0000,200,0.7708
0.0242,0.0000,0.0000,0.0000,0.0241,0.0001,200,0.7843
0.0067,0.0000,0.0000,0.0000,0.0065,0.0002,200,0.8025
0.1114,0.0000,0.0000,0.0000,0.1113,0.0000,200,0.6980
0.0032,0.0000,0.0000,0.0000,0.0032,0.0000,200,0.8064
0.0266,0.0000,0.0000,0.0000,0.0265,0.0001,200,0.7836
0.0299,0.0000,0.0000,0.0000,0.0298,0.0001,200,0.7805
0.0037,0.0000,0.0000,0.0003,0.0034,0.0000,200,0.8071
0.0040,0.0000,0.0000,0.0000,0.0038,0.0001,200,0.8072
0.0054,0.0000,0.0000,0.0000,0.0052,0.0002,200,0.8062
0.0142,0.0000,0.0000,0.0000,0.0141,0.0000,200,0.7977
0.0211,0.0000,0.0000,0.0000,0.0210,0.0001,200,0.7912
0.0109,0.0000,0.0000,0.0000,0.0108,0.0001,200,0.8017
0.0197,0.0000,0.0000,0.0000,0.0196,0.0001,200,0.7935
0.0094,0.0000,0.0000,0.0000,0.0092,0.0001,200,0.8039
0.0351,0.0000,0.0000,0.0000,0.0350,0.0001,200,0.7786
0.0931,0.0000,0.0000,0.0000,0.0930,0.0001,200,0.7210
0.0062,0.0000,0.0000,0.0000,0.0061,0.0000,200,0.8081
0.0199,0.0000,0.0000,0.0000,0.0196,0.0002,200,0.7950
0.1168,0.0000,0.0000,0.0000,0.1165,0.0002,200,0.6989
0.0233,0.0000,0.0000,0.0000,0.0230,0.0003,200,0.7927
0.0335,0.0000,0.0000,0.0000,0.0334,0.0000,200,0.7826
0.0184,0.0000,0.0000,0.0000,0.0183,0.0000,200,0.7983
0.0249,0.0000,0.0000,0.0000,0.0248,0.0000,200,0.7921
0.0055,0.0000,0.0000,0.0000,0.0055,0.0000,200,0.8118
0.0398,0.0000,0.0000,0.0000,0.0397,0.0000,200,0.7778
0.0631,0.0000,0.0000,0.0000,0.0630,0.0000,200,0.7549
0.0135,0.0000,0.0000,0.0000,0.0134,0.0000,200,0.8048
0.0243,0.0000,0.0000,0.0000,0.0243,0.0000,200,0.7943
0.0067,0.0000,0.0000,0.0000,0.0066,0.0000,200,0.8127
0.0095,0.0000,0.0000,0.0000,0.0094,0.0001,200,0.8103
0.0023,0.0000,0.0000,0.0000,0.0022,0.0000,200,0.8177
0.0101,0.0000,0.0000,0.0000,0.0100,0.0000,200,0.8105
0.0040,0.0000,0.0000,0.0000,0.0039,0.0000,200,0.8167
0.0073,0.0000,0.0000,0.0001,0.0072,0.0000,200,0.8137
0.0308,0.0000,0.0000,0.0000,0.0307,0.0000,200,0.7905
0.0343,0.0000,0.0000,0.0000,0.0343,0.0000,200,0.7873
0.0032,0.0000,0.0000,0.0000,0.0031,0.0000,200,0.8197
0.0118,0.0000,0.0000,0.0000,0.0117,0.0000,200,0.8112
0.0089,0.0000,0.0000,0.0000,0.0088,0.0000,200,0.8141
0.0138,0.0000,0.0000,0.0000,0.0137,0.0000,200,0.8093
0.0027,0.0000,0.0000,0.0000,0.0026,0.0000,200,0.8205
0.0266,0.0000,0.0000,0.0001,0.0264,0.0001,200,0.7972
0.0243,0.0000,0.0000,0.0000,0.0242,0.0000,200,0.7996
0.0553,0.0000,0.0000,0.0000,0.0551,0.0001,200,0.7689
0.0103,0.0000,0.0000,0.0000,0.0102,0.0001,200,0.8143
0.0237,0.0000,0.0000,0.0000,0.0234,0.0000,200,0.8014
0.0351,0.0000,0.0000,0.0000,0.0351,0.0001,200,0.7903
0.0263,0.0000,0.0000,0.0000,0.0262,0.0000,200,0.7993
0.0101,0.0000,0.0000,0.0000,0.0096,0.0000,200,0.8157
0.0093,0.0000,0.0000,0.0001,0.0092,0.0000,200,0.8170
0.0033,0.0000,0.0000,0.0000,0.0033,0.0000,200,0.8232
0.0160,0.0000,0.0000,0.0000,0.0159,0.0000,200,0.8108
0.0239,0.0000,0.0000,0.0000,0.0238,0.0001,200,0.8034
0.0336,0.0000,0.0000,0.0003,0.0333,0.0000,200,0.7942
0.0283,0.0000,0.0000,0.0000,0.0281,0.0002,200,0.8002
0.0024,0.0000,0.0000,0.0000,0.0023,0.0001,200,0.8263
0.0211,0.0000,0.0000,0.0000,0.0210,0.0001,200,0.8085
0.0259,0.0000,0.0000,0.0000,0.0258,0.0000,200,0.8041
0.0072,0.0000,0.0000,0.0000,0.0071,0.0000,200,0.8238
0.0056,0.0000,0.0000,0.0000,0.0055,0.0000,200,0.8255
0.0072,0.0000,0.0000,0.0000,0.0071,0.0000,200,0.8239
0.0124,0.0000,0.0000,0.0000,0.0124,0.0000,200,0.8194
0.0530,0.0000,0.0000,0.0000,0.0528,0.0001,200,0.7792
0.0272,0.0000,0.0000,0.0000,0.0270,0.0001,200,0.8053
0.0281,0.0000,0.0000,0.0000,0.0281,0.0000,200,0.8044
0.0098,0.0000,0.0000,0.0000,0.0098,0.0000,200,0.8230
0.0200,0.0000,0.0000,0.0000,0.0199,0.0001,200,0.8132
0.0138,0.0000,0.0000,0.0000,0.0137,0.0000,200,0.8200
0.0075,0.0000,0.0000,0.0000,0.0073,0.0002,200,0.8265
0.0034,0.0000,0.0000,0.0000,0.0032,0.0001,200,0.8310
0.0443,0.0000,0.0000,0.0000,0.0442,0.0000,200,0.7904
0.0064,0.0000,0.0000,0.0000,0.0063,0.0001,200,0.8284
0.0084,0.0000,0.0000,0.0000,0.0084,0.0001,200,0.8268
0.0486,0.0000,0.0000,0.0001,0.0484,0.0002,200,0.7873
0.0014,0.0000,0.0000,0.0000,0.0013,0.0000,200,0.8347
0.0252,0.0000,0.0000,0.0002,0.0246,0.0003,200,0.8116
0.0163,0.0000,0.0000,0.0000,0.0160,0.0002,200,0.8210
0.0042,0.0000,0.0000,0.0000,0.0040,0.0002,200,0.8331
0.0024,0.0000,0.0000,0.0000,0.0023,0.0000,200,0.8352
0.0201,0.0000,0.0000,0.0000,0.0200,0.0000,200,0.8183
0.0153,0.0000,0.0000,0.0000,0.0145,0.0007,200,0.8242
0.0055,0.0000,0.0000,0.0000,0.0054,0.0000,200,0.8341
0.0023,0.0000,0.0000,0.0000,0.0022,0.0000,200,0.8373
0.0103,0.0000,0.0000,0.0000,0.0101,0.0001,200,0.8296
0.0020,0.0000,0.0000,0.0000,0.0019,0.0000,200,0.8384
0.0146,0.0000,0.0000,0.0000,0.0146,0.0000,200,0.8258
0.0154,0.0000,0.0000,0.0000,0.0153,0.0000,200,0.8251
0.0226,0.0000,0.0000,0.0000,0.0225,0.0001,200,0.8180
0.0048,0.0000,0.0000,0.0000,0.0047,0.0001,200,0.8362
0.0086,0.0000,0.0000,0.0001,0.0083,0.0001,200,0.8328
0.0325,0.0000,0.0000,0.0001,0.0324,0.0001,200,0.8092
0.0165,0.0000,0.0000,0.0000,0.0164,0.0001,200,0.8256
0.0054,0.0000,0.0000,0.0000,0.0053,0.0000,200,0.8368
0.0091,0.0000,0.0000,0.0002,0.0088,0.0000,200,0.8338
0.0027,0.0000,0.0000,0.0000,0.0026,0.0000,200,0.8406
0.0112,0.0000,0.0000,0.0003,0.0108,0.0001,200,0.8325
0.0228,0.0000,0.0000,0.0000,0.0227,0.0001,200,0.8213
0.0034,0.0000,0.0000,0.0000,0.0032,0.0002,200,0.8413
0.0204,0.0000,0.0000,0.0000,0.0203,0.0000,200,0.8246
0.0057,0.0000,0.0000,0.0000,0.0056,0.0000,200,0.8397
0.0167,0.0000,0.0000,0.0000,0.0165,0.0000,200,0.8287
0.0143,0.0000,0.0000,0.0000,0.0142,0.0001,200,0.8318
0.0347,0.0000,0.0000,0.0000,0.0346,0.0001,200,0.8123
0.0044,0.0000,0.0000,0.0000,0.0043,0.0000,200,0.8428
0.0394,0.0000,0.0000,0.0000,0.0393,0.0000,200,0.8079
0.0152,0.0000,0.0000,0.0000,0.0145,0.0000,200,0.8325
0.0272,0.0000,0.0000,0.0000,0.0271,0.0000,200,0.8216
0.0431,0.0000,0.0000,0.0000,0.0431,0.0000,200,0.8056
0.0034,0.0000,0.0000,0.0000,0.0033,0.0000,200,0.8454
0.0318,0.0000,0.0000,0.0000,0.0316,0.0001,200,0.8174
0.0335,0.0000,0.0000,0.0000,0.0332,0.0000,200,0.8161
0.0105,0.0000,0.0000,0.0000,0.0104,0.0000,200,0.8396
0.0015,0.0000,0.0000,0.0000,0.0014,0.0000,200,0.8488
0.0411,0.0000,0.0000,0.0001,0.0410,0.0000,200,0.8097
0.0691,0.0000,0.0000,0.0000,0.0690,0.0000,200,0.7820
0.0240,0.0000,0.0000,0.0000,0.0237,0.0003,200,0.8273
0.0096,0.0000,0.0000,0.0000,0.0096,0.0000,200,0.8418
0.0485,0.0000,0.0000,0.0000,0.0484,0.0001,200,0.8035
0.0292,0.0000,0.0000,0.0000,0.0291,0.0000,200,0.8231
0.0297,0.0000,0.0000,0.0000,0.0296,0.0001,200,0.8231
0.0042,0.0000,0.0000,0.0000,0.0041,0.0000,200,0.8488
0.0061,0.0000,0.0000,0.0000,0.0060,0.0001,200,0.8473
0.0020,0.0000,0.0000,0.0000,0.0019,0.0000,200,0.8514
0.0048,0.0000,0.0000,0.0000,0.0048,0.0000,200,0.8491
0.0232,0.0000,0.0000,0.0000,0.0231,0.0001,200,0.8311
0.0093,0.0000,0.0000,0.0000,0.0092,0.0000,200,0.8454
0.0396,0.0000,0.0000,0.0000,0.0390,0.0002,200,0.8160
0.0061,0.0000,0.0000,0.0000,0.0060,0.0000,200,0.8496
0.0210,0.0000,0.0000,0.0000,0.0208,0.0001,200,0.8349
0.0057,0.0000,0.0000,0.0000,0.0056,0.0001,200,0.8502
0.0061,0.0000,0.0000,0.0000,0.0060,0.0000,200,0.8500
0.0049,0.0000,0.0000,0.0000,0.0048,0.0001,200,0.8520
0.0059,0.0000,0.0000,0.0000,0.0058,0.0000,200,0.8513
0.0128,0.0000,0.0000,0.0000,0.0127,0.0000,200,0.8448
0.0129,0.0000,0.0000,0.0000,0.0128,0.0000,200,0.8450
0.0222,0.0000,0.0000,0.0000,0.0221,0.0001,200,0.8359
0.0378,0.0000,0.0000,0.0000,0.0378,0.0000,200,0.8206
0.0102,0.0000,0.0000,0.0000,0.0101,0.0001,200,0.8488
0.0292,0.0000,0.0000,0.0000,0.0291,0.0000,200,0.8300
0.0317,0.0000,0.0000,0.0000,0.0316,0.0000,200,0.8278
0.0279,0.0000,0.0000,0.0000,0.0279,0.0000,200,0.8321
0.0198,0.0000,0.0000,0.0000,0.0197,0.0001,200,0.8410
0.0020,0.0000,0.0000,0.0000,0.0017,0.0000,200,0.8592
0.0178,0.0000,0.0000,0.0000,0.0178,0.0000,200,0.8436
0.0237,0.0000,0.0000,0.0000,0.0236,0.0000,200,0.8378
0.0063,0.0000,0.0000,0.0000,0.0061,0.0001,200,0.8556
0.0309,0.0000,0.0000,0.0000,0.0307,0.0000,200,0.8311
0.0219,0.0000,0.0000,0.0000,0.0218,0.0000,200,0.8404
0.0115,0.0000,0.0000,0.0000,0.0112,0.0001,200,0.8511
0.0088,0.0000,0.0000,0.0000,0.0086,0.0002,200,0.8543
0.0073,0.0000,0.0000,0.0000,0.0073,0.0000,200,0.8559
0.0105,0.0000,0.0000,0.0000,0.0104,0.0001,200,0.8530
0.0099,0.0000,0.0000,0.0000,0.0097,0.0001,200,0.8540
0.0456,0.0000,0.0000,0.0000,0.0455,0.0000,200,0.8186
0.0045,0.0000,0.0000,0.0000,0.0042,0.0003,200,0.8601
0.0123,0.0000,0.0000,0.0000,0.0122,0.0000,200,0.8523
0.0020,0.0000,0.0000,0.0000,0.0019,0.0001,200,0.8631
0.0074,0.0000,0.0000,0.0000,0.0072,0.0002,200,0.8581
0.0152,0.0000,0.0000,0.0000,0.0151,0.0001,200,0.8508
0.0131,0.0000,0.0000,0.0000,0.0131,0.0000,200,0.8534
0.0019,0.0000,0.0000,0.0000,0.0018,0.0000,200,0.8646
0.0245,0.0000,0.0000,0.0000,0.0242,0.0002,200,0.8421
0.0247,0.0000,0.0000,0.0000,0.0246,0.0001,200,0.8423
0.0115,0.0000,0.0000,0.0000,0.0113,0.0001,200,0.8558
0.0039,0.0000,0.0000,0.0000,0.0036,0.0002,200,0.8642
0.0050,0.0000,0.0000,0.0000,0.0049,0.0001,200,0.8635
0.0071,0.0000,0.0000,0.0000,0.0070,0.0000,200,0.8620
0.0112,0.0000,0.0000,0.0000,0.0111,0.0000,200,0.8579
0.0030,0.0000,0.0000,0.0000,0.0029,0.0000,200,0.8665
0.0081,0.0000,0.0000,0.0000,0.0080,0.0000,200,0.8615
0.0153,0.0000,0.0000,0.0000,0.0152,0.0000,200,0.8547
0.0053,0.0000,0.0000,0.0001,0.0050,0.0001,200,0.8655
0.0145,0.0000,0.0000,0.0000,0.0144,0.0001,200,0.8590
0.0211,0.0000,0.0000,0.0000,0.0210,0.0001,200,0.8534
0.0097,0.0000,0.0000,0.0000,0.0095,0.0001,200,0.8651
0.1068,0.0000,0.0000,0.0000,0.1067,0.0000,200,0.7688
0.0431,0.0000,0.0000,0.0000,0.0419,0.0011,200,0.8344
0.0112,0.0000,0.0000,0.0000,0.0111,0.0001,200,0.8666
0.0187,0.0000,0.0000,0.0000,0.0183,0.0002,200,0.8595
0.0411,0.0000,0.0000,0.0000,0.0410,0.0000,200,0.8373
0.0094,0.0000,0.0000,0.0000,0.0093,0.0000,200,0.8695
0.0095,0.0000,0.0000,0.0000,0.0095,0.0000,200,0.8695
0.0179,0.0000,0.0000,0.0000,0.0178,0.0000,200,0.8612
0.0131,0.0000,0.0000,0.0001,0.0130,0.0000,200,0.8665
0.0055,0.0000,0.0000,0.0000,0.0054,0.0000,200,0.8745
0.0404,0.0000,0.0000,0.0004,0.0400,0.0000,200,0.8399
0.0278,0.0000,0.0000,0.0000,0.0277,0.0000,200,0.8527
0.0139,0.0000,0.0000,0.0000,0.0138,0.0000,200,0.8674
0.0025,0.0000,0.0000,0.0000,0.0024,0.0001,200,0.8790
0.0112,0.0000,0.0000,0.0001,0.0091,0.0001,200,0.8708
0.0042,0.0000,0.0000,0.0000,0.0039,0.0002,200,0.8782
0.0091,0.0000,0.0000,0.0000,0.0090,0.0000,200,0.8735
0.0033,0.0000,0.0000,0.0001,0.0030,0.0000,200,0.8797
0.0190,0.0000,0.0000,0.0000,0.0189,0.0000,200,0.8646
0.0369,0.0000,0.0000,0.0000,0.0368,0.0000,200,0.8472
0.0694,0.0000,0.0000,0.0000,0.0693,0.0000,200,0.8149
0.0155,0.0000,0.0000,0.0000,0.0154,0.0001,200,0.8691
0.0046,0.0000,0.0000,0.0000,0.0045,0.0000,200,0.8803
0.0095,0.0000,0.0000,0.0000,0.0094,0.0000,200,0.8756
0.0418,0.0000,0.0000,0.0000,0.0416,0.0001,200,0.8441
0.0288,0.0000,0.0000,0.0000,0.0288,0.0000,200,0.8572
0.0070,0.0000,0.0000,0.0001,0.0069,0.0000,200,0.8791
0.0017,0.0000,0.0000,0.0000,0.0016,0.0000,200,0.8846
0.0056,0.0000,0.0000,0.0000,0.0055,0.0000,200,0.8813
0.0049,0.0000,0.0000,0.0000,0.0048,0.0001,200,0.8825
0.0237,0.0000,0.0000,0.0000,0.0236,0.0000,200,0.8639
0.0095,0.0000,0.0000,0.0000,0.0094,0.0001,200,0.8791
0.0496,0.0000,0.0000,0.0000,0.0495,0.0000,200,0.8394
0.0031,0.0000,0.0000,0.0000,0.0030,0.0001,200,0.8863
0.0240,0.0000,0.0000,0.0000,0.0239,0.0000,200,0.8660
0.0215,0.0000,0.0000,0.0000,0.0214,0.0000,200,0.8691
0.0137,0.0000,0.0000,0.0000,0.0132,0.0000,200,0.8776
0.0295,0.0000,0.0000,0.0000,0.0294,0.0000,200,0.8619
0.0053,0.0000,0.0000,0.0000,0.0053,0.0000,200,0.8861
0.0066,0.0000,0.0000,0.0000,0.0065,0.0000,200,0.8849
0.0898,0.0000,0.0000,0.0000,0.0896,0.0001,200,0.8022
0.0111,0.0000,0.0000,0.0000,0.0110,0.0000,200,0.8815
0.0039,0.0000,0.0000,0.0000,0.0038,0.0000,200,0.8890
0.0797,0.0000,0.0000,0.0000,0.0793,0.0004,200,0.8133
0.0249,0.0000,0.0000,0.0000,0.0249,0.0000,200,0.8681
0.0095,0.0000,0.0000,0.0000,0.0094,0.0001,200,0.8843
0.0386,0.0000,0.0000,0.0000,0.0385,0.0000,200,0.8557
0.0108,0.0000,0.0000,0.0000,0.0105,0.0003,200,0.8841
0.0050,0.0000,0.0000,0.0000,0.0049,0.0000,200,0.8900
0.0476,0.0000,0.0000,0.0000,0.0474,0.0001,200,0.8477
0.0153,0.0000,0.0000,0.0000,0.0152,0.0001,200,0.8805
0.0378,0.0000,0.0000,0.0000,0.0376,0.0001,200,0.8585
0.0497,0.0000,0.0000,0.0003,0.0494,0.0000,200,0.8469
0.0361,0.0000,0.0000,0.0000,0.0360,0.0001,200,0.8608
0.0540,0.0000,0.0000,0.0000,0.0540,0.0000,200,0.8433
0.0151,0.0000,0.0000,0.0000,0.0150,0.0001,200,0.8826
0.0419,0.0000,0.0000,0.0000,0.0418,0.0000,200,0.8562
0.0032,0.0000,0.0000,0.0000,0.0031,0.0001,200,0.8950
0.0126,0.0000,0.0000,0.0000,0.0125,0.0001,200,0.8861
0.0010,0.0000,0.0000,0.0000,0.0009,0.0000,200,0.8977
0.0766,0.0000,0.0000,0.0000,0.0765,0.0000,200,0.8229
0.0086,0.0000,0.0000,0.0000,0.0084,0.0000,200,0.8913
0.0085,0.0000,0.0000,0.0000,0.0085,0.0000,200,0.8915
0.0019,0.0000,0.0000,0.0000,0.0018,0.0000,200,0.8982
0.0153,0.0000,0.0000,0.0000,0.0152,0.0001,200,0.8851
0.0049,0.0000,0.0000,0.0000,0.0045,0.0003,200,0.8962
0.0380,0.0000,0.0000,0.0000,0.0379,0.0000,200,0.8633
0.0218,0.0000,0.0000,0.0000,0.0218,0.0000,200,0.8800
0.0095,0.0000,0.0000,0.0000,0.0095,0.0000,200,0.8930
0.0199,0.0000,0.0000,0.0000,0.0198,0.0000,200,0.8829
0.0105,0.0000,0.0000,0.0000,0.0104,0.0000,200,0.8926
0.0032,0.0000,0.0000,0.0000,0.0031,0.0000,200,0.9000
0.0408,0.0000,0.0000,0.0000,0.0408,0.0000,200,0.8626
0.0221,0.0000,0.0000,0.0000,0.0219,0.0002,200,0.8820
0.0012,0.0000,0.0000,0.0000,0.0011,0.0000,200,0.9031
0.0211,0.0000,0.0000,0.0000,0.0210,0.0001,200,0.8835
0.0378,0.0000,0.0000,0.0000,0.0377,0.0001,200,0.8670
0.0304,0.0000,0.0000,0.0000,0.0303,0.0001,200,0.8748
0.0096,0.0000,0.0000,0.0000,0.0095,0.0001,200,0.8958
0.0021,0.0000,0.0000,0.0000,0.0021,0.0001,200,0.9035
0.0164,0.0000,0.0000,0.0000,0.0162,0.0001,200,0.8905
0.0195,0.0000,0.0000,0.0000,0.0195,0.0000,200,0.8874
0.0450,0.0000,0.0000,0.0000,0.0449,0.0001,200,0.8622
0.0390,0.0000,0.0000,0.0000,0.0389,0.0000,200,0.8685
0.0133,0.0000,0.0000,0.0000,0.0132,0.0000,200,0.8943
0.0618,0.0000,0.0000,0.0000,0.0616,0.0001,200,0.8461
0.0081,0.0000,0.0000,0.0000,0.0080,0.0000,200,0.8999
0.0679,0.0000,0.0000,0.0000,0.0679,0.0000,200,0.8405
0.0050,0.0000,0.0000,0.0000,0.0048,0.0000,200,0.9041
0.0043,0.0000,0.0000,0.0000,0.0041,0.0002,200,0.9048
0.0080,0.0000,0.0000,0.0000,0.0079,0.0000,200,0.9018
0.0095,0.0000,0.0000,0.0000,0.0093,0.0002,200,0.9004
0.0174,0.0000,0.0000,0.0000,0.0173,0.0000,200,0.8929
0.0094,0.0000,0.0000,0.0000,0.0093,0.0000,200,0.9013
0.0055,0.0000,0.0000,0.0000,0.0054,0.0000,200,0.9056
0.0116,0.0000,0.0000,0.0000,0.0116,0.0000,200,0.8995
0.0036,0.0000,0.0000,0.0000,0.0033,0.0002,200,0.9080
0.0208,0.0000,0.0000,0.0000,0.0207,0.0000,200,0.8915
0.0025,0.0000,0.0000,0.0000,0.0024,0.0000,200,0.9098
0.0100,0.0000,0.0000,0.0000,0.0099,0.0000,200,0.9025
0.0199,0.0000,0.0000,0.0000,0.0198,0.0001,200,0.8930
0.0050,0.0000,0.0000,0.0000,0.0049,0.0000,200,0.9084
0.0026,0.0000,0.0000,0.0001,0.0024,0.0000,200,0.9116
0.0018,0.0000,0.0000,0.0000,0.0018,0.0000,200,0.9123
0.0159,0.0000,0.0000,0.0000,0.0158,0.0001,200,0.8987
0.0197,0.0000,0.0000,0.0000,0.0196,0.0001,200,0.8952
0.0587,0.0000,0.0000,0.0000,0.0586,0.0001,200,0.8568
0.0548,0.0000,0.0000,0.0000,0.0547,0.0000,200,0.8615
0.0093,0.0000,0.0000,0.0001,0.0091,0.0000,200,0.9079
0.0031,0.0000,0.0000,0.0000,0.0031,0.0000,200,0.9141
0.0067,0.0000,0.0000,0.0000,0.0066,0.0000,200,0.9106
0.0055,0.0000,0.0000,0.0000,0.0053,0.0001,200,0.9122
0.0141,0.0000,0.0000,0.0002,0.0136,0.0002,200,0.9043
0.0115,0.0000,0.0000,0.0000,0.0114,0.0000,200,0.9069
0.0301,0.0000,0.0000,0.0000,0.0300,0.0001,200,0.8886
0.0211,0.0000,0.0000,0.0000,0.0210,0.0000,200,0.8981
0.0501,0.0000,0.0000,0.0001,0.0500,0.0000,200,0.8700
0.0014,0.0000,0.0000,0.0000,0.0013,0.0000,200,0.9187
0.0072,0.0000,0.0000,0.0000,0.0071,0.0000,200,0.9130
0.0069,0.0000,0.0000,0.0000,0.0067,0.0001,200,0.9134
0.0160,0.0000,0.0000,0.0000,0.0158,0.0001,200,0.9046
0.0120,0.0000,0.0000,0.0000,0.0119,0.0000,200,0.9092
0.0090,0.0000,0.0000,0.0000,0.0087,0.0001,200,0.9125
0.0074,0.0000,0.0000,0.0000,0.0073,0.0000,200,0.9146
0.0275,0.0000,0.0000,0.0000,0.0273,0.0002,200,0.8950
0.0042,0.0000,0.0000,0.0000,0.0041,0.0000,200,0.9184
0.0089,0.0000,0.0000,0.0000,0.0087,0.0002,200,0.9141
0.0030,0.0000,0.0000,0.0000,0.0029,0.0000,200,0.9201
0.0052,0.0000,0.0000,0.0000,0.0051,0.0001,200,0.9185
0.0131,0.0000,0.0000,0.0000,0.0130,0.0001,200,0.9111
0.0385,0.0000,0.0000,0.0000,0.0385,0.0000,200,0.8860
0.0384,0.0000,0.0000,0.0000,0.0383,0.0000,200,0.8868
0.0181,0.0000,0.0000,0.0001,0.0179,0.0000,200,0.9072
0.0043,0.0000,0.0000,0.0000,0.0042,0.0001,200,0.9212
0.0060,0.0000,0.0000,0.0000,0.0059,0.0000,200,0.9201
0.0019,0.0000,0.0000,0.0000,0.0018,0.0000,200,0.9245
0.0053,0.0000,0.0000,0.0000,0.0052,0.0001,200,0.9215
0.0028,0.0000,0.0000,0.0000,0.0027,0.0000,200,0.9242
0.0123,0.0000,0.0000,0.0000,0.0122,0.0001,200,0.9149
0.0075,0.0000,0.0000,0.0000,0.0074,0.0001,200,0.9203
0.0709,0.0000,0.0000,0.0000,0.0708,0.0000,200,0.8575
0.0035,0.0000,0.0000,0.0001,0.0033,0.0000,200,0.9252
0.0379,0.0000,0.0000,0.0000,0.0378,0.0000,200,0.8914
0.0398,0.0000,0.0000,0.0000,0.0397,0.0001,200,0.8894
0.0013,0.0000,0.0000,0.0000,0.0012,0.0001,200,0.9284
0.0109,0.0000,0.0000,0.0000,0.0108,0.0000,200,0.9192
0.0025,0.0000,0.0000,0.0000,0.0023,0.0001,200,0.9278
0.0053,0.0000,0.0000,0.0000,0.0051,0.0002,200,0.9254
0.0336,0.0000,0.0000,0.0000,0.0336,0.0000,200,0.8973
0.0014,0.0000,0.0000,0.0000,0.0013,0.0000,200,0.9300
0.0087,0.0000,0.0000,0.0000,0.0083,0.0004,200,0.9231
0.0051,0.0000,0.0000,0.0000,0.0049,0.0001,200,0.9272
0.0014,0.0000,0.0000,0.0001,0.0012,0.0000,200,0.9310
0.0040,0.0000,0.0000,0.0000,0.0039,0.0001,200,0.9288
0.0364,0.0000,0.0000,0.0000,0.0363,0.0000,200,0.8967
0.0282,0.0000,0.0000,0.0000,0.0281,0.0001,200,0.9054
0.0017,0.0000,0.0000,0.0000,0.0016,0.0000,200,0.9323
0.0291,0.0000,0.0000,0.0000,0.0290,0.0000,200,0.9052
0.0023,0.0000,0.0000,0.0000,0.0022,0.0001,200,0.9324
0.0089,0.0000,0.0000,0.0000,0.0087,0.0002,200,0.9264
0.0063,0.0000,0.0000,0.0000,0.0061,0.0001,200,0.9293
0.0271,0.0000,0.0000,0.0000,0.0270,0.0000,200,0.9090
0.0355,0.0000,0.0000,0.0000,0.0354,0.0000,200,0.9011
0.0169,0.0000,0.0000,0.0000,0.0168,0.0000,200,0.9201
0.0147,0.0000,0.0000,0.0000,0.0146,0.0000,200,0.9226
0.0197,0.0000,0.0000,0.0000,0.0196,0.0001,200,0.9177
0.0154,0.0000,0.0000,0.0000,0.0153,0.0000,200,0.9226
0.0112,0.0000,0.0000,0.0000,0.0111,0.0000,200,0.9269
0.0163,0.0000,0.0000,0.0000,0.0163,0.0000,200,0.9220
0.0069,0.0000,0.0000,0.0000,0.0068,0.0001,200,0.9319
0.0074,0.0000,0.0000,0.0000,0.0073,0.0000,200,0.9314
0.0129,0.0000,0.0000,0.0000,0.0128,0.0001,200,0.9264
0.0302,0.0000,0.0000,0.0000,0.0301,0.0000,200,0.9099
0.0175,0.0000,0.0000,0.0000,0.0173,0.0002,200,0.9230
0.0381,0.0000,0.0000,0.0000,0.0380,0.0001,200,0.9028
0.0140,0.0000,0.0000,0.0000,0.0139,0.0000,200,0.9270
0.0017,0.0000,0.0000,0.0000,0.0016,0.0001,200,0.9401
0.0249,0.0000,0.0000,0.0000,0.0249,0.0000,200,0.9173
0.0069,0.0000,0.0000,0.0000,0.0068,0.0000,200,0.9353
0.0044,0.0000,0.0000,0.0000,0.0043,0.0000,200,0.9379
0.0391,0.0000,0.0000,0.0000,0.0390,0.0000,200,0.9032
0.0049,0.0000,0.0000,0.0000,0.0047,0.0001,200,0.9380
0.0044,0.0000,0.0000,0.0000,0.0043,0.0000,200,0.9388
0.0090,0.0000,0.0000,0.0000,0.0089,0.0000,200,0.9347
0.0191,0.0000,0.0000,0.0000,0.0190,0.0000,200,0.9252
0.0074,0.0000,0.0000,0.0000,0.0074,0.0000,200,0.9370
0.0077,0.0000,0.0000,0.0000,0.0076,0.0001,200,0.9373
0.0486,0.0000,0.0000,0.0000,0.0485,0.0000,200,0.8969
0.0105,0.0000,0.0000,0.0000,0.0104,0.0000,200,0.9355
0.0223,0.0000,0.0000,0.0000,0.0222,0.0001,200,0.9237
0.0463,0.0000,0.0000,0.0000,0.0462,0.0000,200,0.9000
0.0059,0.0000,0.0000,0.0000,0.0058,0.0001,200,0.9410
0.0013,0.0000,0.0000,0.0000,0.0012,0.0000,200,0.9460
0.0182,0.0000,0.0000,0.0000,0.0181,0.0000,200,0.9293
0.0033,0.0000,0.0000,0.0001,0.0031,0.0001,200,0.9444
0.0318,0.0000,0.0000,0.0000,0.0317,0.0001,200,0.9163
0.0186,0.0000,0.0000,0.0000,0.0184,0.0001,200,0.9298
0.0017,0.0000,0.0000,0.0000,0.0015,0.0001,200,0.9469
0.0146,0.0000,0.0000,0.0000,0.0145,0.0001,200,0.9343
0.0126,0.0000,0.0000,0.0000,0.0125,0.0000,200,0.9366
0.0168,0.0000,0.0000,0.0000,0.0167,0.0001,200,0.9328
0.0425,0.0000,0.0000,0.0000,0.0424,0.0001,200,0.9076
0.0077,0.0000,0.0000,0.0000,0.0075,0.0002,200,0.9429
0.0123,0.0000,0.0000,0.0000,0.0122,0.0000,200,0.9383
0.0034,0.0000,0.0000,0.0000,0.0033,0.0000,200,0.9477
0.0581,0.0000,0.0000,0.0000,0.0577,0.0004,200,0.8938
0.0032,0.0000,0.0000,0.0000,0.0030,0.0002,200,0.9489
0.0119,0.0000,0.0000,0.0000,0.0119,0.0000,200,0.9405
0.0458,0.0000,0.0000,0.0000,0.0457,0.0001,200,0.9075
0.0084,0.0000,0.0000,0.0000,0.0083,0.0000,200,0.9455
0.0231,0.0000,0.0000,0.0001,0.0230,0.0000,200,0.9308
0.0240,0.0000,0.0000,0.0000,0.0239,0.0000,200,0.9304
0.0626,0.0000,0.0000,0.0001,0.0624,0.0000,200,0.8920
0.0047,0.0000,0.0000,0.0001,0.0042,0.0002,200,0.9506
0.0015,0.0000,0.0000,0.0000,0.0013,0.0000,200,0.9539
0.0139,0.0000,0.0000,0.0000,0.0137,0.0002,200,0.9422
0.0174,0.0000,0.0000,0.0000,0.0174,0.0000,200,0.9387
0.0144,0.0000,0.0000,0.0000,0.0142,0.0002,200,0.9423
0.0110,0.0000,0.0000,0.0000,0.0108,0.0001,200,0.9460
0.0478,0.0000,0.0000,0.0000,0.0471,0.0007,200,0.9103
0.0109,0.0000,0.0000,0.0000,0.0103,0.0005,200,0.9473
0.0028,0.0000,0.0000,0.0000,0.0027,0.0000,200,0.9554
0.0061,0.0000,0.0000,0.0000,0.0060,0.0001,200,0.9521
0.0061,0.0000,0.0000,0.0000,0.0060,0.0000,200,0.9524
0.0024,0.0000,0.0000,0.0000,0.0022,0.0001,200,0.9567
0.0049,0.0000,0.0000,0.0000,0.0048,0.0000,200,0.9546
0.0265,0.0000,0.0000,0.0001,0.0263,0.0001,200,0.9336
0.0614,0.0000,0.0000,0.0000,0.0613,0.0000,200,0.8987
0.0493,0.0000,0.0000,0.0000,0.0492,0.0001,200,0.9112
0.0125,0.0000,0.0000,0.0000,0.0124,0.0001,200,0.9485
0.0189,0.0000,0.0000,0.0000,0.0188,0.0000,200,0.9423
0.0149,0.0000,0.0000,0.0000,0.0148,0.0000,200,0.9475
0.0042,0.0000,0.0000,0.0000,0.0041,0.0000,200,0.9582
0.0054,0.0000,0.0000,0.0000,0.0053,0.0000,200,0.9570
0.0045,0.0000,0.0000,0.0000,0.0044,0.0001,200,0.9582
0.0049,0.0000,0.0000,0.0000,0.0048,0.0001,200,0.9585
0.0099,0.0000,0.0000,0.0000,0.0097,0.0001,200,0.9539
0.0314,0.0000,0.0000,0.0000,0.0312,0.0000,200,0.9330
0.0145,0.0000,0.0000,0.0000,0.0144,0.0001,200,0.9501
0.0294,0.0000,0.0000,0.0000,0.0293,0.0001,200,0.9362
0.1262,0.0000,0.0000,0.0000,0.1261,0.0001,200,0.8404
0.0044,0.0000,0.0000,0.0000,0.0043,0.0000,200,0.9624
0.0495,0.0000,0.0000,0.0003,0.0491,0.0000,200,0.9173
0.0028,0.0000,0.0000,0.0004,0.0023,0.0000,200,0.9644
0.0132,0.0000,0.0000,0.0000,0.0132,0.0000,200,0.9544
0.0038,0.0000,0.0000,0.0000,0.0037,0.0000,200,0.9638
0.0010,0.0000,0.0000,0.0000,0.0009,0.0000,200,0.9668
0.0314,0.0000,0.0000,0.0000,0.0313,0.0000,200,0.9374
0.0137,0.0000,0.0000,0.0001,0.0134,0.0000,200,0.9553
0.0280,0.0000,0.0000,0.0000,0.0279,0.0001,200,0.9410
0.0017,0.0000,0.0000,0.0000,0.0014,0.0003,200,0.9676
0.0187,0.0000,0.0000,0.0000,0.0186,0.0000,200,0.9506
0.0096,0.0000,0.0000,0.0000,0.0096,0.0000,200,0.9604
0.0081,0.0000,0.0000,0.0000,0.0080,0.0000,200,0.9623
0.0148,0.0000,0.0000,0.0000,0.0147,0.0001,200,0.9561
0.0200,0.0000,0.0000,0.0000,0.0200,0.0000,200,0.9512
0.0930,0.0000,0.0000,0.0002,0.0928,0.0001,200,0.8784
0.0015,0.0000,0.0000,0.0000,0.0014,0.0001,200,0.9704
0.0949,0.0000,0.0000,0.0000,0.0945,0.0000,200,0.8777
0.0126,0.0000,0.0000,0.0000,0.0125,0.0000,200,0.9601
0.0018,0.0000,0.0000,0.0000,0.0017,0.0001,200,0.9714
0.0203,0.0000,0.0000,0.0000,0.0202,0.0001,200,0.9533
0.0246,0.0000,0.0000,0.0000,0.0245,0.0001,200,0.9492
0.0571,0.0000,0.0000,0.0000,0.0570,0.0000,200,0.9172
0.0593,0.0000,0.0000,0.0000,0.0591,0.0002,200,0.9155
0.0288,0.0000,0.0000,0.0000,0.0287,0.0000,200,0.9463
0.0358,0.0000,0.0000,0.0002,0.0356,0.0000,200,0.9393
0.0012,0.0000,0.0000,0.0000,0.0012,0.0000,200,0.9743
0.0339,0.0000,0.0000,0.0000,0.0339,0.0000,200,0.9422
0.0695,0.0000,0.0000,0.0000,0.0694,0.0000,200,0.9069
0.0043,0.0000,0.0000,0.0000,0.0042,0.0000,200,0.9727
0.0192,0.0000,0.0000,0.0000,0.0191,0.0000,200,0.9582
0.0087,0.0000,0.0000,0.0000,0.0087,0.0000,200,0.9688
0.0103,0.0000,0.0000,0.0000,0.0102,0.0000,200,0.9676
0.0155,0.0000,0.0000,0.0000,0.0153,0.0002,200,0.9627
0.0036,0.0000,0.0000,0.0002,0.0034,0.0000,200,0.9748
0.0052,0.0000,0.0000,0.0000,0.0050,0.0001,200,0.9738
0.0030,0.0000,0.0000,0.0000,0.0028,0.0002,200,0.9762
0.0025,0.0000,0.0000,0.0000,0.0024,0.0000,200,0.9769
0.0316,0.0000,0.0000,0.0000,0.0314,0.0002,200,0.9496
0.0112,0.0000,0.0000,0.0000,0.0111,0.0001,200,0.9701
0.0044,0.0000,0.0000,0.0000,0.0042,0.0000,200,0.9784
0.0136,0.0000,0.0000,0.0000,0.0135,0.0000,200,0.9693
0.0221,0.0000,0.0000,0.0000,0.0221,0.0001,200,0.9612
0.0399,0.0000,0.0000,0.0000,0.0398,0.0000,200,0.9437
0.0083,0.0000,0.0000,0.0000,0.0081,0.0002,200,0.9755
0.0161,0.0000,0.0000,0.0000,0.0161,0.0000,200,0.9678
0.0413,0.0000,0.0000,0.0000,0.0412,0.0000,200,0.9432
0.0329,0.0000,0.0000,0.0002,0.0323,0.0001,200,0.9519
0.0222,0.0000,0.0000,0.0000,0.0218,0.0000,200,0.9635
0.0121,0.0000,0.0000,0.0001,0.0116,0.0005,200,0.9736
0.0095,0.0000,0.0000,0.0000,0.0094,0.0000,200,0.9764
0.0088,0.0000,0.0000,0.0000,0.0087,0.0001,200,0.9776
0.0149,0.0000,0.0000,0.0000,0.0147,0.0000,200,0.9719
0.0225,0.0000,0.0000,0.0000,0.0224,0.0001,200,0.9646
0.0264,0.0000,0.0000,0.0003,0.0259,0.0001,200,0.9610
0.0294,0.0000,0.0000,0.0000,0.0293,0.0001,200,0.9581
0.0069,0.0000,0.0000,0.0001,0.0066,0.0001,200,0.9813
0.0056,0.0000,0.0000,0.0000,0.0054,0.0001,200,0.9829
0.0046,0.0000,0.0000,0.0000,0.0041,0.0004,200,0.9857
0.0303,0.0000,0.0000,0.0000,0.0302,0.0000,200,0.9601
0.0248,0.0000,0.0000,0.0000,0.0248,0.0000,200,0.9656
0.0344,0.0000,0.0000,0.0000,0.0343,0.0000,200,0.9561
0.0032,0.0000,0.0000,0.0000,0.0031,0.0000,200,0.9874
0.0062,0.0000,0.0000,0.0000,0.0060,0.0001,200,0.9845
0.0100,0.0000,0.0000,0.0000,0.0098,0.0000,200,0.9812
0.0708,0.0000,0.0000,0.0000,0.0707,0.0000,200,0.9206
0.0222,0.0000,0.0000,0.0000,0.0221,0.0000,200,0.9693
0.0187,0.0000,0.0000,0.0000,0.0187,0.0000,200,0.9732
0.0135,0.0000,0.0000,0.0001,0.0134,0.0001,200,0.9789
0.0137,0.0000,0.0000,0.0002,0.0131,0.0001,200,0.9794
0.0031,0.0000,0.0000,0.0000,0.0030,0.0000,200,0.9904
0.0184,0.0000,0.0000,0.0000,0.0181,0.0002,200,0.9751
0.0346,0.0000,0.0000,0.0000,0.0345,0.0001,200,0.9595
0.0161,0.0000,0.0000,0.0000,0.0161,0.0000,200,0.9783
0.0083,0.0000,0.0000,0.0000,0.0082,0.0000,200,0.9868
0.0093,0.0000,0.0000,0.0000,0.0092,0.0000,200,0.9859
0.0287,0.0000,0.0000,0.0000,0.0286,0.0000,200,0.9672
0.0189,0.0000,0.0000,0.0000,0.0188,0.0001,200,0.9774
0.0108,0.0000,0.0000,0.0001,0.0106,0.0001,200,0.9858
0.0035,0.0000,0.0000,0.0000,0.0034,0.0000,200,0.9936
0.0185,0.0000,0.0000,0.0001,0.0183,0.0001,200,0.9792
0.0026,0.0000,0.0000,0.0000,0.0025,0.0001,200,0.9959
0.0117,0.0000,0.0000,0.0000,0.0116,0.0000,200,0.9871
0.0164,0.0000,0.0000,0.0000,0.0163,0.0001,200,0.9828
0.0161,0.0000,0.0000,0.0000,0.0160,0.0000,200,0.9839
0.0129,0.0000,0.0000,0.0000,0.0124,0.0004,200,0.9876
0.0298,0.0000,0.0000,0.0000,0.0296,0.0001,200,0.9712
0.0053,0.0000,0.0000,0.0000,0.0052,0.0001,200,0.9963
0.0239,0.0000,0.0000,0.0000,0.0238,0.0000,200,0.9780
0.0331,0.0000,0.0000,0.0002,0.0325,0.0001,200,0.9690
0.0307,0.0000,0.0000,0.0000,0.0303,0.0003,200,0.9727
0.0120,0.0000,0.0000,0.0000,0.0119,0.0000,200,0.9914
0.0017,0.0000,0.0000,0.0000,0.0016,0.0001,200,1.0019
0.0174,0.0000,0.0000,0.0000,0.0173,0.0001,200,0.9863
0.0210,0.0000,0.0000,0.0000,0.0208,0.0001,200,0.9833
0.0059,0.0000,0.0000,0.0000,0.0056,0.0003,200,0.9984
0.0017,0.0000,0.0000,0.0000,0.0016,0.0000,200,1.0033
0.0571,0.0000,0.0000,0.0000,0.0569,0.0001,200,0.9483
0.0117,0.0000,0.0000,0.0000,0.0116,0.0001,200,0.9941
0.0108,0.0000,0.0000,0.0000,0.0107,0.0000,200,0.9952
0.0102,0.0000,0.0000,0.0000,0.0101,0.0000,200,0.9966
0.0151,0.0000,0.0000,0.0000,0.0151,0.0001,200,0.9920
0.0079,0.0000,0.0000,0.0000,0.0078,0.0000,200,0.9993
0.0072,0.0000,0.0000,0.0000,0.0070,0.0002,200,1.0010
0.0051,0.0000,0.0000,0.0000,0.0050,0.0000,200,1.0034
0.0745,0.0000,0.0000,0.0000,0.0744,0.0000,200,0.9340
0.0666,0.0000,0.0000,0.0000,0.0664,0.0001,200,0.9422
0.0259,0.0000,0.0000,0.0000,0.0258,0.0000,200,0.9836
0.0189,0.0000,0.0000,0.0003,0.0186,0.0001,200,0.9907
0.1224,0.0000,0.0000,0.0002,0.1221,0.0000,200,0.8876
0.0033,0.0000,0.0000,0.0000,0.0032,0.0001,200,1.0071
0.0066,0.0000,0.0000,0.0000,0.0066,0.0000,200,1.0038
0.0447,0.0000,0.0000,0.0000,0.0446,0.0000,200,0.9666
0.0021,0.0000,0.0000,0.0000,0.0021,0.0000,200,1.0094
0.0061,0.0000,0.0000,0.0000,0.0060,0.0001,200,1.0060
0.0434,0.0000,0.0000,0.0000,0.0433,0.0000,200,0.9690
0.0059,0.0000,0.0000,0.0000,0.0058,0.0001,200,1.0068
0.0542,0.0000,0.0000,0.0000,0.0541,0.0001,200,0.9590
0.0029,0.0000,0.0000,0.0000,0.0028,0.0000,200,1.0104
0.0121,0.0000,0.0000,0.0000,0.0117,0.0004,200,1.0022
0.0144,0.0000,0.0000,0.0000,0.0143,0.0000,200,0.9999
0.0072,0.0000,0.0000,0.0000,0.0071,0.0000,200,1.0071
0.0206,0.0000,0.0000,0.0000,0.0204,0.0001,200,0.9944
0.0220,0.0000,0.0000,0.0000,0.0219,0.0000,200,0.9932
0.0310,0.0000,0.0000,0.0000,0.0309,0.0001,200,0.9848
0.0457,0.0000,0.0000,0.0000,0.0457,0.0000,200,0.9709
0.0191,0.0000,0.0000,0.0000,0.0189,0.0000,200,0.9977
0.0117,0.0000,0.0000,0.0001,0.0113,0.0003,200,1.0058
0.0261,0.0000,0.0000,0.0000,0.0259,0.0001,200,0.9915
0.0136,0.0000,0.0000,0.0000,0.0135,0.0000,200,1.0043
0.0040,0.0000,0.0000,0.0001,0.0038,0.0000,200,1.0144
0.0264,0.0000,0.0000,0.0000,0.0263,0.0001,200,0.9925
0.0026,0.0000,0.0000,0.0000,0.0025,0.0000,200,1.0167
0.0013,0.0000,0.0000,0.0000,0.0013,0.0000,200,1.0183
0.0252,0.0000,0.0000,0.0000,0.0251,0.0001,200,0.9951
0.0052,0.0000,0.0000,0.0000,0.0052,0.0000,200,1.0152
0.0121,0.0000,0.0000,0.0000,0.0120,0.0000,200,1.0084
0.0023,0.0000,0.0000,0.0000,0.0022,0.0000,200,1.0188
0.0229,0.0000,0.0000,0.0000,0.0228,0.0001,200,0.9988
0.0104,0.0000,0.0000,0.0000,0.0103,0.0000,200,1.0116
0.0028,0.0000,0.0000,0.0000,0.0026,0.0001,200,1.0197
0.0313,0.0000,0.0000,0.0000,0.0312,0.0000,200,0.9912
0.0036,0.0000,0.0000,0.0000,0.0033,0.0002,200,1.0193
0.0096,0.0000,0.0000,0.0000,0.0095,0.0000,200,1.0133
0.0752,0.0000,0.0000,0.0000,0.0751,0.0000,200,0.9481
0.0061,0.0000,0.0000,0.0000,0.0057,0.0001,200,1.0176
0.0358,0.0000,0.0000,0.0000,0.0357,0.0001,200,0.9882
0.0133,0.0000,0.0000,0.0000,0.0132,0.0001,200,1.0113
0.0093,0.0000,0.0000,0.0000,0.0089,0.0001,200,1.0159
0.0506,0.0000,0.0000,0.0000,0.0504,0.0000,200,0.9750
0.0254,0.0000,0.0000,0.0000,0.0253,0.0001,200,1.0005
0.0118,0.0000,0.0000,0.0000,0.0117,0.0000,200,1.0143
0.0248,0.0000,0.0000,0.0000,0.0247,0.0000,200,1.0016
0.0143,0.0000,0.0000,0.0000,0.0142,0.0000,200,1.0121
0.0131,0.0000,0.0000,0.0000,0.0131,0.0000,200,1.0143
0.0436,0.0000,0.0000,0.0000,0.0432,0.0003,200,0.9839
0.0223,0.0000,0.0000,0.0000,0.0221,0.0000,200,1.0054
0.0311,0.0000,0.0000,0.0000,0.0310,0.0001,200,0.9971
0.0054,0.0000,0.0000,0.0000,0.0054,0.0001,200,1.0232
0.0384,0.0000,0.0000,0.0000,0.0383,0.0001,200,0.9905
0.0206,0.0000,0.0000,0.0000,0.0205,0.0000,200,1.0088
0.0674,0.0000,0.0000,0.0000,0.0672,0.0001,200,0.9624
0.0398,0.0000,0.0000,0.0000,0.0397,0.0000,200,0.9904
0.0048,0.0000,0.0000,0.0000,0.0047,0.0000,200,1.0259
0.0427,0.0000,0.0000,0.0000,0.0425,0.0001,200,0.9885
0.0072,0.0000,0.0000,0.0000,0.0072,0.0000,200,1.0240
0.0138,0.0000,0.0000,0.0000,0.0137,0.0001,200,1.0179
0.0044,0.0000,0.0000,0.0000,0.0042,0.0000,200,1.0275
0.0288,0.0000,0.0000,0.0000,0.0287,0.0000,200,1.0036
0.0030,0.0000,0.0000,0.0000,0.0026,0.0004,200,1.0301
0.0068,0.0000,0.0000,0.0000,0.0068,0.0000,200,1.0264
0.0024,0.0000,0.0000,0.0000,0.0023,0.0000,200,1.0312
0.0256,0.0000,0.0000,0.0000,0.0255,0.0000,200,1.0084
0.0074,0.0000,0.0000,0.0000,0.0073,0.0000,200,1.0274
0.0097,0.0000,0.0000,0.0001,0.0096,0.0000,200,1.0251
0.0181,0.0000,0.0000,0.0000,0.0180,0.0001,200,1.0168
0.0129,0.0000,0.0000,0.0000,0.0128,0.0001,200,1.0225
0.0690,0.0000,0.0000,0.0000,0.0688,0.0001,200,0.9668
0.0074,0.0000,0.0000,0.0000,0.0071,0.0001,200,1.0289
0.0064,0.0000,0.0000,0.0000,0.0061,0.0002,200,1.0307
0.0018,0.0000,0.0000,0.0000,0.0017,0.0000,200,1.0354
0.0274,0.0000,0.0000,0.0000,0.0274,0.0000,200,1.0100
0.0440,0.0000,0.0000,0.0000,0.0440,0.0000,200,0.9935
0.0156,0.0000,0.0000,0.0001,0.0153,0.0001,200,1.0225
0.0281,0.0000,0.0000,0.0000,0.0280,0.0001,200,1.0104
0.0045,0.0000,0.0000,0.0000,0.0044,0.0000,200,1.0340
0.0191,0.0000,0.0000,0.0000,0.0189,0.0002,200,1.0203
0.0946,0.0000,0.0000,0.0000,0.0944,0.0001,200,0.9449
0.0495,0.0000,0.0000,0.0000,0.0494,0.0001,200,0.9903
0.0136,0.0000,0.0000,0.0000,0.0136,0.0000,200,1.0264
0.0111,0.0000,0.0000,0.0000,0.0110,0.0000,200,1.0297
0.0133,0.0000,0.0000,0.0000,0.0133,0.0000,200,1.0276
0.0263,0.0000,0.0000,0.0000,0.0261,0.0001,200,1.0150
0.0153,0.0000,0.0000,0.0000,0.0153,0.0000,200,1.0261
0.0084,0.0000,0.0000,0.0000,0.0084,0.0001,200,1.0332
0.0049,0.0000,0.0000,0.0000,0.0047,0.0001,200,1.0374
0.0292,0.0000,0.0000,0.0001,0.0289,0.0000,200,1.0132
0.0524,0.0000,0.0000,0.0000,0.0523,0.0000,200,0.9905
0.0144,0.0000,0.0000,0.0001,0.0142,0.0001,200,1.0287
0.0314,0.0000,0.0000,0.0000,0.0313,0.0001,200,1.0124
0.0030,0.0000,0.0000,0.0000,0.0029,0.0000,200,1.0414
0.0215,0.0000,0.0000,0.0000,0.0215,0.0000,200,1.0229
0.0054,0.0000,0.0000,0.0000,0.0052,0.0002,200,1.0395
0.0212,0.0000,0.0000,0.0000,0.0211,0.0000,200,1.0237
0.0247,0.0000,0.0000,0.0000,0.0246,0.0000,200,1.0204
0.0081,0.0000,0.0000,0.0000,0.0080,0.0000,200,1.0381
0.0206,0.0000,0.0000,0.0000,0.0205,0.0001,200,1.0256
0.0073,0.0000,0.0000,0.0000,0.0072,0.0001,200,1.0393
0.0094,0.0000,0.0000,0.0000,0.0093,0.0000,200,1.0375
0.0267,0.0000,0.0000,0.0001,0.0265,0.0000,200,1.0205
0.0054,0.0000,0.0000,0.0000,0.0053,0.0000,200,1.0424
0.0012,0.0000,0.0000,0.0000,0.0011,0.0000,200,1.0467
0.0170,0.0000,0.0000,0.0000,0.0169,0.0000,200,1.0312
0.0154,0.0000,0.0000,0.0000,0.0152,0.0002,200,1.0331
0.0270,0.0000,0.0000,0.0000,0.0268,0.0000,200,1.0217
0.0069,0.0000,0.0000,0.0000,0.0068,0.0000,200,1.0423
0.0126,0.0000,0.0000,0.0000,0.0126,0.0000,200,1.0371
0.0092,0.0000,0.0000,0.0000,0.0091,0.0001,200,1.0410
0.0020,0.0000,0.0000,0.0000,0.0019,0.0000,200,1.0487
0.0120,0.0000,0.0000,0.0000,0.0119,0.0000,200,1.0408
0.1085,0.0000,0.0000,0.0000,0.1084,0.0000,200,0.9443
0.0485,0.0000,0.0000,0.0000,0.0484,0.0000,200,1.0044
0.0037,0.0000,0.0000,0.0000,0.0036,0.0000,200,1.0492
0.0050,0.0000,0.0000,0.0000,0.0049,0.0001,200,1.0479
0.0310,0.0000,0.0000,0.0000,0.0310,0.0000,200,1.0219
0.0145,0.0000,0.0000,0.0000,0.0144,0.0000,200,1.0385
0.0167,0.0000,0.0000,0.0000,0.0166,0.0000,200,1.0363
0.0038,0.0000,0.0000,0.0000,0.0037,0.0000,200,1.0498
0.0367,0.0000,0.0000,0.0000,0.0365,0.0002,200,1.0175
0.0040,0.0000,0.0000,0.0000,0.0039,0.0000,200,1.0502
0.0094,0.0000,0.0000,0.0000,0.0093,0.0001,200,1.0452
0.0102,0.0000,0.0000,0.0001,0.0101,0.0000,200,1.0449
0.0218,0.0000,0.0000,0.0000,0.0218,0.0000,200,1.0336
0.0431,0.0000,0.0000,0.0000,0.0430,0.0000,200,1.0127
0.0025,0.0000,0.0000,0.0000,0.0024,0.0000,200,1.0536
0.0036,0.0000,0.0000,0.0000,0.0035,0.0000,200,1.0528
0.0037,0.0000,0.0000,0.0000,0.0036,0.0000,200,1.0530
0.0030,0.0000,0.0000,0.0000,0.0029,0.0000,200,1.0542
0.0144,0.0000,0.0000,0.0000,0.0143,0.0000,200,1.0429
0.0148,0.0000,0.0000,0.0000,0.0146,0.0001,200,1.0431
0.0043,0.0000,0.0000,0.0000,0.0042,0.0000,200,1.0545
0.0360,0.0000,0.0000,0.0000,0.0359,0.0001,200,1.0229
0.0204,0.0000,0.0000,0.0001,0.0202,0.0001,200,1.0398
0.0038,0.0000,0.0000,0.0000,0.0029,0.0009,200,1.0566
0.0205,0.0000,0.0000,0.0000,0.0195,0.0009,200,1.0400
0.0076,0.0000,0.0000,0.0000,0.0076,0.0000,200,1.0529
0.0064,0.0000,0.0000,0.0000,0.0056,0.0008,200,1.0542
0.0170,0.0000,0.0000,0.0000,0.0146,0.0023,200,1.0437
0.0335,0.0000,0.0000,0.0000,0.0333,0.0000,200,1.0282
0.0088,0.0000,0.0000,0.0002,0.0081,0.0000,200,1.0530
0.0090,0.0000,0.0000,0.0000,0.0089,0.0001,200,1.0528
0.0162,0.0000,0.0000,0.0000,0.0161,0.0000,200,1.0461
0.0023,0.0000,0.0000,0.0000,0.0020,0.0002,200,1.0605
0.0195,0.0000,0.0000,0.0000,0.0194,0.0001,200,1.0444
0.0061,0.0000,0.0000,0.0000,0.0060,0.0000,200,1.0579
0.0113,0.0000,0.0000,0.0000,0.0112,0.0000,200,1.0530
0.0199,0.0000,0.0000,0.0000,0.0198,0.0001,200,1.0448
0.0332,0.0000,0.0000,0.0000,0.0331,0.0000,200,1.0319
0.0127,0.0000,0.0000,0.0000,0.0126,0.0001,200,1.0529
0.0094,0.0000,0.0000,0.0000,0.0093,0.0000,200,1.0564
0.0054,0.0000,0.0000,0.0000,0.0053,0.0000,200,1.0606
0.0045,0.0000,0.0000,0.0000,0.0044,0.0001,200,1.0618
0.0371,0.0000,0.0000,0.0000,0.0370,0.0000,200,1.0294
0.0015,0.0000,0.0000,0.0000,0.0014,0.0000,200,1.0651
0.0256,0.0000,0.0000,0.0000,0.0256,0.0000,200,1.0412
0.0201,0.0000,0.0000,0.0000,0.0200,0.0000,200,1.0470
0.0195,0.0000,0.0000,0.0000,0.0193,0.0001,200,1.0482
0.0007,0.0000,0.0000,0.0000,0.0007,0.0000,200,1.0670
0.0473,0.0000,0.0000,0.0000,0.0473,0.0000,200,1.0211
0.0029,0.0000,0.0000,0.0000,0.0028,0.0000,200,1.0660
0.0028,0.0000,0.0000,0.0000,0.0027,0.0001,200,1.0665
0.0134,0.0000,0.0000,0.0000,0.0133,0.0001,200,1.0561
0.0344,0.0000,0.0000,0.0000,0.0343,0.0001,200,1.0358
0.0653,0.0000,0.0000,0.0000,0.0652,0.0000,200,1.0051
0.0042,0.0000,0.0000,0.0000,0.0041,0.0000,200,1.0663
0.0247,0.0000,0.0000,0.0000,0.0246,0.0000,200,1.0462
0.0055,0.0000,0.0000,0.0000,0.0054,0.0000,200,1.0656
0.0048,0.0000,0.0000,0.0000,0.0047,0.0000,200,1.0669
0.0074,0.0000,0.0000,0.0000,0.0073,0.0001,200,1.0642
0.0303,0.0000,0.0000,0.0000,0.0302,0.0000,200,1.0417
0.0079,0.0000,0.0000,0.0001,0.0078,0.0000,200,1.0648
0.0063,0.0000,0.0000,0.0000,0.0062,0.0000,200,1.0665
0.0488,0.0000,0.0000,0.0000,0.0487,0.0001,200,1.0245
0.0167,0.0000,0.0000,0.0000,0.0166,0.0001,200,1.0571
0.0054,0.0000,0.0000,0.0000,0.0053,0.0000,200,1.0685
0.0188,0.0000,0.0000,0.0000,0.0188,0.0000,200,1.0551
0.0024,0.0000,0.0000,0.0000,0.0023,0.0000,200,1.0717
0.0124,0.0000,0.0000,0.0000,0.0123,0.0000,200,1.0623
0.0009,0.0000,0.0000,0.0000,0.0009,0.0000,200,1.0739
0.0045,0.0000,0.0000,0.0000,0.0044,0.0000,200,1.0705
0.0250,0.0000,0.0000,0.0001,0.0248,0.0001,200,1.0507
0.0141,0.0000,0.0000,0.0000,0.0130,0.0002,200,1.0617
0.0204,0.0000,0.0000,0.0000,0.0203,0.0000,200,1.0558
0.0087,0.0000,0.0000,0.0000,0.0086,0.0000,200,1.0677
0.0020,0.0000,0.0000,0.0000,0.0019,0.0000,200,1.0748
0.0059,0.0000,0.0000,0.0000,0.0058,0.0000,200,1.0711
0.0083,0.0000,0.0000,0.0000,0.0082,0.0000,200,1.0688
0.0064,0.0000,0.0000,0.0000,0.0063,0.0000,200,1.0708
0.0289,0.0000,0.0000,0.0000,0.0288,0.0000,200,1.0485
0.0251,0.0000,0.0000,0.0000,0.0250,0.0001,200,1.0529
0.0144,0.0000,0.0000,0.0000,0.0143,0.0000,200,1.0639
0.0200,0.0000,0.0000,0.0000,0.0198,0.0000,200,1.0588
0.0042,0.0000,0.0000,0.0000,0.0042,0.0000,200,1.0750
0.0241,0.0000,0.0000,0.0000,0.0240,0.0000,200,1.0554
0.0035,0.0000,0.0000,0.0000,0.0032,0.0002,200,1.0761
0.0032,0.0000,0.0000,0.0000,0.0032,0.0000,200,1.0768
0.0329,0.0000,0.0000,0.0000,0.0328,0.0001,200,1.0472
0.0022,0.0000,0.0000,0.0000,0.0021,0.0000,200,1.0783
0.0028,0.0000,0.0000,0.0000,0.0027,0.0001,200,1.0780
0.0193,0.0000,0.0000,0.0000,0.0191,0.0001,200,1.0618
0.0074,0.0000,0.0000,0.0000,0.0073,0.0001,200,1.0740
0.0434,0.0000,0.0000,0.0000,0.0433,0.0000,200,1.0385
0.0055,0.0000,0.0000,0.0000,0.0051,0.0004,200,1.0772
0.0169,0.0000,0.0000,0.0000,0.0169,0.0000,200,1.0659
0.0384,0.0000,0.0000,0.0000,0.0383,0.0000,200,1.0444
0.0074,0.0000,0.0000,0.0000,0.0071,0.0003,200,1.0788
0.0260,0.0000,0.0000,0.0000,0.0259,0.0000,200,1.0602
0.0093,0.0000,0.0000,0.0000,0.0092,0.0000,200,1.0771
0.0224,0.0000,0.0000,0.0000,0.0223,0.0000,200,1.0640
0.0153,0.0000,0.0000,0.0000,0.0146,0.0006,200,1.0727
0.0137,0.0000,0.0000,0.0000,0.0129,0.0006,200,1.0757
0.0289,0.0000,0.0000,0.0000,0.0268,0.0020,200,1.0604
0.0098,0.0000,0.0000,0.0000,0.0097,0.0000,200,1.0796
0.0031,0.0000,0.0000,0.0000,0.0022,0.0001,200,1.0864
0.0546,0.0000,0.0000,0.0000,0.0544,0.0002,200,1.0349
0.0164,0.0000,0.0000,0.0002,0.0153,0.0009,200,1.0739
0.0585,0.0000,0.0000,0.0000,0.0571,0.0014,200,1.0324
0.0101,0.0000,0.0000,0.0000,0.0100,0.0000,200,1.0809
0.0593,0.0000,0.0000,0.0001,0.0577,0.0014,200,1.0317
0.0163,0.0000,0.0000,0.0000,0.0149,0.0014,200,1.0747
0.0563,0.0000,0.0000,0.0000,0.0547,0.0015,200,1.0348
0.0322,0.0000,0.0000,0.0001,0.0306,0.0015,200,1.0588
0.0119,0.0000,0.0000,0.0000,0.0103,0.0016,200,1.0793
0.0216,0.0000,0.0000,0.0000,0.0200,0.0016,200,1.0695
0.0142,0.0000,0.0000,0.0000,0.0125,0.0016,200,1.0770
0.0185,0.0000,0.0000,0.0000,0.0168,0.0016,200,1.0727
0.0107,0.0000,0.0000,0.0000,0.0090,0.0017,200,1.0805
0.0219,0.0000,0.0000,0.0000,0.0201,0.0017,200,1.0694
0.0308,0.0000,0.0000,0.0000,0.0290,0.0017,200,1.0605
0.0208,0.0000,0.0000,0.0001,0.0199,0.0008,200,1.0705
0.0214,0.0000,0.0000,0.0000,0.0213,0.0001,200,1.0719
0.0361,0.0000,0.0000,0.0000,0.0360,0.0000,200,1.0573
0.0146,0.0000,0.0000,0.0000,0.0145,0.0000,200,1.0795
0.0336,0.0000,0.0000,0.0000,0.0335,0.0000,200,1.0608
0.0129,0.0000,0.0000,0.0000,0.0129,0.0000,200,1.0819
0.0321,0.0000,0.0000,0.0000,0.0320,0.0000,200,1.0628
0.0086,0.0000,0.0000,0.0002,0.0058,0.0001,200,1.0863
0.0121,0.0000,0.0000,0.0000,0.0120,0.0000,200,1.0829
0.0472,0.0000,0.0000,0.0000,0.0471,0.0000,200,1.0478
0.0186,0.0000,0.0000,0.0000,0.0185,0.0000,200,1.0764
0.0017,0.0000,0.0000,0.0000,0.0016,0.0000,200,1.0933
0.0125,0.0000,0.0000,0.0000,0.0124,0.0001,200,1.0828
0.0050,0.0000,0.0000,0.0000,0.0049,0.0001,200,1.0909
0.0050,0.0000,0.0000,0.0000,0.0050,0.0000,200,1.0912
0.0154,0.0000,0.0000,0.0000,0.0152,0.0002,200,1.0814
0.0080,0.0000,0.0000,0.0000,0.0064,0.0000,200,1.0895
0.0071,0.0000,0.0000,0.0009,0.0062,0.0000,200,1.0903
0.0112,0.0000,0.0000,0.0017,0.0063,0.0000,200,1.0864
0.0174,0.0000,0.0000,0.0000,0.0174,0.0000,200,1.0801
0.0087,0.0000,0.0000,0.0005,0.0076,0.0003,200,1.0893
0.0035,0.0000,0.0000,0.0000,0.0034,0.0001,200,1.0948
0.0036,0.0000,0.0000,0.0000,0.0035,0.0000,200,1.0948
0.0037,0.0000,0.0000,0.0000,0.0036,0.0001,200,1.0950
0.0191,0.0000,0.0000,0.0000,0.0189,0.0001,200,1.0800
0.0080,0.0000,0.0000,0.0000,0.0080,0.0000,200,1.0911
0.0084,0.0000,0.0000,0.0001,0.0083,0.0000,200,1.0910
0.0094,0.0000,0.0000,0.0000,0.0088,0.0000,200,1.0903
0.0053,0.0000,0.0000,0.0000,0.0050,0.0003,200,1.0950
0.0302,0.0000,0.0000,0.0000,0.0302,0.0000,200,1.0702
0.0032,0.0000,0.0000,0.0001,0.0029,0.0000,200,1.0980
0.0102,0.0000,0.0000,0.0000,0.0101,0.0000,200,1.0909
0.0667,0.0000,0.0000,0.0000,0.0666,0.0001,200,1.0349
0.0046,0.0000,0.0000,0.0000,0.0045,0.0001,200,1.0976
0.0065,0.0000,0.0000,0.0000,0.0063,0.0002,200,1.0960
0.0112,0.0000,0.0000,0.0000,0.0111,0.0000,200,1.0913
0.0661,0.0000,0.0000,0.0000,0.0660,0.0000,200,1.0370
0.0084,0.0000,0.0000,0.0000,0.0082,0.0002,200,1.0949
0.0124,0.0000,0.0000,0.0000,0.0124,0.0000,200,1.0913
0.0212,0.0000,0.0000,0.0000,0.0211,0.0000,200,1.0827
0.0133,0.0000,0.0000,0.0000,0.0133,0.0000,200,1.0912
0.0038,0.0000,0.0000,0.0000,0.0036,0.0001,200,1.1012
0.0102,0.0000,0.0000,0.0000,0.0100,0.0001,200,1.0953
0.0245,0.0000,0.0000,0.0000,0.0242,0.0002,200,1.0811
0.0091,0.0000,0.0000,0.0000,0.0085,0.0006,200,1.0969
0.0384,0.0000,0.0000,0.0000,0.0383,0.0001,200,1.0678
0.0079,0.0000,0.0000,0.0000,0.0077,0.0001,200,1.0984
0.0078,0.0000,0.0000,0.0000,0.0077,0.0000,200,1.0991
0.0036,0.0000,0.0000,0.0000,0.0035,0.0000,200,1.1037
0.0086,0.0000,0.0000,0.0000,0.0083,0.0001,200,1.0992
0.0018,0.0000,0.0000,0.0000,0.0017,0.0000,200,1.1063
0.0097,0.0000,0.0000,0.0001,0.0090,0.0005,200,1.0987
0.0035,0.0000,0.0000,0.0000,0.0034,0.0000,200,1.1049
0.0370,0.0000,0.0000,0.0001,0.0369,0.0000,200,1.0717
0.0185,0.0000,0.0000,0.0000,0.0184,0.0001,200,1.0911
0.0056,0.0000,0.0000,0.0000,0.0055,0.0001,200,1.1045
0.0032,0.0000,0.0000,0.0000,0.0031,0.0001,200,1.1073
0.0074,0.0000,0.0000,0.0000,0.0073,0.0001,200,1.1031
0.0159,0.0000,0.0000,0.0000,0.0158,0.0000,200,1.0949
0.0383,0.0000,0.0000,0.0000,0.0382,0.0000,200,1.0734
0.0145,0.0000,0.0000,0.0000,0.0145,0.0000,200,1.0975
0.0040,0.0000,0.0000,0.0000,0.0039,0.0000,200,1.1087
0.0068,0.0000,0.0000,0.0000,0.0067,0.0001,200,1.1061
0.0217,0.0000,0.0000,0.0000,0.0216,0.0001,200,1.0913
0.1037,0.0000,0.0000,0.0000,0.1036,0.0000,200,1.0096
0.0245,0.0000,0.0000,0.0016,0.0227,0.0000,200,1.0893
0.0060,0.0000,0.0000,0.0000,0.0059,0.0000,200,1.1082
0.0163,0.0000,0.0000,0.0000,0.0162,0.0000,200,1.0983
0.0413,0.0000,0.0000,0.0000,0.0412,0.0001,200,1.0738
0.0026,0.0000,0.0000,0.0001,0.0025,0.0000,200,1.1127
0.0136,0.0000,0.0000,0.0000,0.0135,0.0001,200,1.1022
0.0023,0.0000,0.0000,0.0000,0.0022,0.0001,200,1.1138
0.0145,0.0000,0.0000,0.0000,0.0144,0.0001,200,1.1025
0.1093,0.0000,0.0000,0.0000,0.1089,0.0000,200,1.0082
0.0041,0.0000,0.0000,0.0000,0.0040,0.0000,200,1.1142
0.0210,0.0000,0.0000,0.0000,0.0209,0.0001,200,1.0975
0.0039,0.0000,0.0000,0.0000,0.0036,0.0002,200,1.1153
0.0068,0.0000,0.0000,0.0000,0.0065,0.0003,200,1.1130
0.0072,0.0000,0.0000,0.0000,0.0070,0.0001,200,1.1133
0.0122,0.0000,0.0000,0.0001,0.0121,0.0000,200,1.1084
0.0451,0.0000,0.0000,0.0000,0.0450,0.0000,200,1.0758
0.0048,0.0000,0.0000,0.0000,0.0044,0.0003,200,1.1170
0.0133,0.0000,0.0000,0.0000,0.0132,0.0001,200,1.1084
0.0147,0.0000,0.0000,0.0000,0.0145,0.0001,200,1.1078
0.0087,0.0000,0.0000,0.0000,0.0086,0.0000,200,1.1146
0.0301,0.0000,0.0000,0.0000,0.0297,0.0003,200,1.0933
0.0028,0.0000,0.0000,0.0000,0.0028,0.0000,200,1.1206
0.0014,0.0000,0.0000,0.0000,0.0014,0.0000,200,1.1224
0.0127,0.0000,0.0000,0.0000,0.0126,0.0001,200,1.1117
0.0230,0.0000,0.0000,0.0000,0.0228,0.0001,200,1.1017
0.0312,0.0000,0.0000,0.0000,0.0312,0.0001,200,1.0941
0.0041,0.0000,0.0000,0.0000,0.0039,0.0002,200,1.1217
0.0136,0.0000,0.0000,0.0000,0.0133,0.0003,200,1.1130
0.0115,0.0000,0.0000,0.0000,0.0114,0.0000,200,1.1152
0.0360,0.0000,0.0000,0.0000,0.0359,0.0001,200,1.0911
0.0041,0.0000,0.0000,0.0000,0.0040,0.0000,200,1.1234
0.0105,0.0000,0.0000,0.0000,0.0105,0.0001,200,1.1175
0.0248,0.0000,0.0000,0.0000,0.0248,0.0000,200,1.1034
0.0208,0.0000,0.0000,0.0000,0.0206,0.0001,200,1.1102
0.0214,0.0000,0.0000,0.0000,0.0212,0.0000,200,1.1096
0.0255,0.0000,0.0000,0.0000,0.0252,0.0000,200,1.1056
0.0104,0.0000,0.0000,0.0000,0.0103,0.0000,200,1.1208
0.0432,0.0000,0.0000,0.0004,0.0427,0.0000,200,1.0880
0.0538,0.0000,0.0000,0.0000,0.0538,0.0000,200,1.0774
0.0070,0.0000,0.0000,0.0000,0.0069,0.0000,200,1.1244
0.0365,0.0000,0.0000,0.0000,0.0364,0.0000,200,1.0950
0.0132,0.0000,0.0000,0.0000,0.0131,0.0001,200,1.1182
0.0458,0.0000,0.0000,0.0001,0.0446,0.0000,200,1.0862
0.0409,0.0000,0.0000,0.0000,0.0407,0.0002,200,1.0912
0.0127,0.0000,0.0000,0.0000,0.0126,0.0000,200,1.1198
0.0333,0.0000,0.0000,0.0002,0.0328,0.0000,200,1.0996
0.0021,0.0000,0.0000,0.0000,0.0018,0.0003,200,1.1312
0.0358,0.0000,0.0000,0.0000,0.0357,0.0000,200,1.0976
0.0181,0.0000,0.0000,0.0000,0.0180,0.0000,200,1.1161
0.0152,0.0000,0.0000,0.0000,0.0151,0.0001,200,1.1192
0.0192,0.0000,0.0000,0.0000,0.0190,0.0001,200,1.1158
0.0231,0.0000,0.0000,0.0000,0.0230,0.0001,200,1.1120
0.0248,0.0000,0.0000,0.0000,0.0247,0.0000,200,1.1105
0.0157,0.0000,0.0000,0.0000,0.0155,0.0002,200,1.1205
0.0308,0.0000,0.0000,0.0000,0.0307,0.0000,200,1.1055
0.0351,0.0000,0.0000,0.0000,0.0350,0.0000,200,1.1012
0.0100,0.0000,0.0000,0.0000,0.0099,0.0000,200,1.1271
0.0337,0.0000,0.0000,0.0000,0.0336,0.0000,200,1.1039
0.0066,0.0000,0.0000,0.0000,0.0064,0.0002,200,1.1312
0.0069,0.0000,0.0000,0.0000,0.0068,0.0001,200,1.1313
0.0106,0.0000,0.0000,0.0000,0.0075,0.0002,200,1.1281
0.0024,0.0000,0.0000,0.0000,0.0023,0.0000,200,1.1363
0.0029,0.0000,0.0000,0.0000,0.0028,0.0000,200,1.1362
0.0485,0.0000,0.0000,0.0000,0.0485,0.0000,200,1.0911
0.0072,0.0000,0.0000,0.0000,0.0071,0.0000,200,1.1325
0.0059,0.0000,0.0000,0.0000,0.0057,0.0000,200,1.1345
0.0152,0.0000,0.0000,0.0000,0.0151,0.0000,200,1.1258
0.0182,0.0000,0.0000,0.0000,0.0177,0.0003,200,1.1233
0.0024,0.0000,0.0000,0.0000,0.0023,0.0001,200,1.1391
0.0044,0.0000,0.0000,0.0000,0.0044,0.0000,200,1.1376
0.0091,0.0000,0.0000,0.0000,0.0090,0.0001,200,1.1333
0.0067,0.0000,0.0000,0.0000,0.0066,0.0001,200,1.1363
0.0152,0.0000,0.0000,0.0033,0.0119,0.0000,200,1.1282
0.0413,0.0000,0.0000,0.0000,0.0412,0.0000,200,1.1025
0.0481,0.0000,0.0000,0.0000,0.0480,0.0000,200,1.0962
0.0136,0.0000,0.0000,0.0000,0.0135,0.0001,200,1.1310
0.0038,0.0000,0.0000,0.0000,0.0037,0.0001,200,1.1416
0.0059,0.0000,0.0000,0.0000,0.0059,0.0000,200,1.1396
0.0191,0.0000,0.0000,0.0000,0.0190,0.0000,200,1.1266
0.0127,0.0000,0.0000,0.0000,0.0126,0.0000,200,1.1333
0.0407,0.0000,0.0000,0.0000,0.0404,0.0003,200,1.1060
0.0479,0.0000,0.0000,0.0000,0.0477,0.0000,200,1.0994
0.0568,0.0000,0.0000,0.0000,0.0567,0.0001,200,1.0909
0.0037,0.0000,0.0000,0.0000,0.0023,0.0014,200,1.1460
0.0115,0.0000,0.0000,0.0000,0.0114,0.0000,200,1.1386
0.0077,0.0000,0.0000,0.0000,0.0076,0.0000,200,1.1425
0.0263,0.0000,0.0000,0.0000,0.0262,0.0001,200,1.1239
0.0317,0.0000,0.0000,0.0000,0.0316,0.0000,200,1.1184
0.0498,0.0000,0.0000,0.0000,0.0497,0.0000,200,1.1004
0.0061,0.0000,0.0000,0.0000,0.0060,0.0001,200,1.1446
0.0567,0.0000,0.0000,0.0000,0.0566,0.0000,200,1.0944
0.0194,0.0000,0.0000,0.0000,0.0193,0.0001,200,1.1320
0.0124,0.0000,0.0000,0.0000,0.0122,0.0001,200,1.1415
0.0038,0.0000,0.0000,0.0000,0.0036,0.0001,200,1.1501
0.0431,0.0000,0.0000,0.0000,0.0430,0.0001,200,1.1108
0.0043,0.0000,0.0000,0.0002,0.0041,0.0000,200,1.1497
0.0169,0.0000,0.0000,0.0000,0.0169,0.0000,200,1.1370
0.0027,0.0000,0.0000,0.0000,0.0027,0.0000,200,1.1514
0.0293,0.0000,0.0000,0.0000,0.0292,0.0001,200,1.1254
0.0147,0.0000,0.0000,0.0000,0.0147,0.0000,200,1.1404
0.0042,0.0000,0.0000,0.0000,0.0042,0.0000,200,1.1511
0.0249,0.0000,0.0000,0.0000,0.0245,0.0003,200,1.1314
0.0289,0.0000,0.0000,0.0000,0.0288,0.0001,200,1.1275
0.0255,0.0000,0.0000,0.0000,0.0254,0.0001,200,1.1315
0.0017,0.0000,0.0000,0.0000,0.0016,0.0000,200,1.1553
0.0114,0.0000,0.0000,0.0000,0.0113,0.0001,200,1.1458
0.0573,0.0000,0.0000,0.0000,0.0572,0.0001,200,1.1004
0.0041,0.0000,0.0000,0.0000,0.0039,0.0002,200,1.1541
0.0043,0.0000,0.0000,0.0000,0.0043,0.0000,200,1.1540
0.0122,0.0000,0.0000,0.0000,0.0120,0.0001,200,1.1467
0.0148,0.0000,0.0000,0.0000,0.0147,0.0000,200,1.1444
0.0094,0.0000,0.0000,0.0000,0.0093,0.0000,200,1.1501
0.0530,0.0000,0.0000,0.0000,0.0527,0.0002,200,1.1069
0.0099,0.0000,0.0000,0.0000,0.0098,0.0001,200,1.1501
0.0067,0.0000,0.0000,0.0000,0.0066,0.0001,200,1.1539
0.0155,0.0000,0.0000,0.0000,0.0154,0.0001,200,1.1454
0.0112,0.0000,0.0000,0.0002,0.0109,0.0001,200,1.1502
0.0223,0.0000,0.0000,0.0000,0.0220,0.0001,200,1.1397
0.0236,0.0000,0.0000,0.0000,0.0235,0.0000,200,1.1386
0.0248,0.0000,0.0000,0.0000,0.0245,0.0000,200,1.1382
0.0093,0.0000,0.0000,0.0000,0.0091,0.0002,200,1.1540
0.0161,0.0000,0.0000,0.0000,0.0160,0.0001,200,1.1473
0.0036,0.0000,0.0000,0.0000,0.0035,0.0000,200,1.1599
0.0422,0.0000,0.0000,0.0000,0.0421,0.0001,200,1.1217
0.0746,0.0000,0.0000,0.0000,0.0744,0.0001,200,1.0894
0.0096,0.0000,0.0000,0.0000,0.0095,0.0001,200,1.1547
0.0339,0.0000,0.0000,0.0000,0.0338,0.0000,200,1.1310
0.0301,0.0000,0.0000,0.0000,0.0300,0.0000,200,1.1353
0.0050,0.0000,0.0000,0.0000,0.0049,0.0000,200,1.1609
0.0100,0.0000,0.0000,0.0000,0.0098,0.0001,200,1.1564
0.0232,0.0000,0.0000,0.0001,0.0230,0.0000,200,1.1434
0.0117,0.0000,0.0000,0.0000,0.0114,0.0002,200,1.1551
0.0569,0.0000,0.0000,0.0000,0.0568,0.0000,200,1.1105
0.0112,0.0000,0.0000,0.0000,0.0110,0.0001,200,1.1571
0.0038,0.0000,0.0000,0.0000,0.0037,0.0001,200,1.1649
0.0182,0.0000,0.0000,0.0000,0.0181,0.0000,200,1.1507
0.0023,0.0000,0.0000,0.0000,0.0023,0.0000,200,1.1666
0.0254,0.0000,0.0000,0.0000,0.0254,0.0001,200,1.1438
0.0388,0.0000,0.0000,0.0000,0.0387,0.0001,200,1.1311
0.0352,0.0000,0.0000,0.0000,0.0351,0.0001,200,1.1352
0.0396,0.0000,0.0000,0.0000,0.0394,0.0001,200,1.1313
0.0082,0.0000,0.0000,0.0000,0.0081,0.0000,200,1.1629
0.0385,0.0000,0.0000,0.0000,0.0384,0.0000,200,1.1329
0.0155,0.0000,0.0000,0.0000,0.0154,0.0000,200,1.1563
0.0143,0.0000,0.0000,0.0000,0.0142,0.0000,200,1.1582
0.0254,0.0000,0.0000,0.0000,0.0253,0.0000,200,1.1477
0.0140,0.0000,0.0000,0.0000,0.0140,0.0000,200,1.1591
0.0069,0.0000,0.0000,0.0000,0.0066,0.0003,200,1.1664
0.0237,0.0000,0.0000,0.0000,0.0236,0.0000,200,1.1501
0.0418,0.0000,0.0000,0.0000,0.0416,0.0001,200,1.1321
0.0171,0.0000,0.0000,0.0000,0.0168,0.0002,200,1.1576
0.0015,0.0000,0.0000,0.0000,0.0014,0.0000,200,1.1733
0.0141,0.0000,0.0000,0.0000,0.0138,0.0003,200,1.1613
0.0102,0.0000,0.0000,0.0000,0.0101,0.0000,200,1.1659
0.0413,0.0000,0.0000,0.0000,0.0412,0.0000,200,1.1349
0.0038,0.0000,0.0000,0.0000,0.0037,0.0000,200,1.1725
0.0128,0.0000,0.0000,0.0000,0.0127,0.0001,200,1.1640
0.0105,0.0000,0.0000,0.0000,0.0104,0.0000,200,1.1674
0.0546,0.0000,0.0000,0.0000,0.0545,0.0001,200,1.1234
0.0516,0.0000,0.0000,0.0000,0.0515,0.0000,200,1.1266
0.0249,0.0000,0.0000,0.0000,0.0248,0.0000,200,1.1539
0.0546,0.0000,0.0000,0.0000,0.0545,0.0000,200,1.1247
0.0056,0.0000,0.0000,0.0000,0.0055,0.0000,200,1.1738
0.0459,0.0000,0.0000,0.0000,0.0458,0.0000,200,1.1342
0.0041,0.0000,0.0000,0.0000,0.0039,0.0001,200,1.1763
0.0170,0.0000,0.0000,0.0000,0.0170,0.0000,200,1.1635
0.0266,0.0000,0.0000,0.0000,0.0265,0.0000,200,1.1539
0.0030,0.0000,0.0000,0.0000,0.0029,0.0000,200,1.1780
0.0115,0.0000,0.0000,0.0000,0.0114,0.0001,200,1.1699
0.0162,0.0000,0.0000,0.0000,0.0161,0.0001,200,1.1654
0.0392,0.0000,0.0000,0.0000,0.0391,0.0001,200,1.1430
0.0019,0.0000,0.0000,0.0000,0.0018,0.0000,200,1.1805
0.0185,0.0000,0.0000,0.0001,0.0184,0.0000,200,1.1639
0.0125,0.0000,0.0000,0.0000,0.0124,0.0000,200,1.1704
0.0226,0.0000,0.0000,0.0001,0.0224,0.0001,200,1.1606
0.0045,0.0000,0.0000,0.0000,0.0043,0.0001,200,1.1793
0.0015,0.0000,0.0000,0.0000,0.0015,0.0001,200,1.1824
0.0042,0.0000,0.0000,0.0000,0.0039,0.0002,200,1.1803
0.0047,0.0000,0.0000,0.0000,0.0046,0.0001,200,1.1801
0.0220,0.0000,0.0000,0.0001,0.0218,0.0001,200,1.1634
0.0045,0.0000,0.0000,0.0000,0.0045,0.0000,200,1.1810
0.0274,0.0000,0.0000,0.0000,0.0273,0.0000,200,1.1583
0.0022,0.0000,0.0000,0.0000,0.0021,0.0001,200,1.1840
0.0459,0.0000,0.0000,0.0000,0.0458,0.0001,200,1.1410
0.0139,0.0000,0.0000,0.0000,0.0138,0.0001,200,1.1731
0.0298,0.0000,0.0000,0.0000,0.0297,0.0001,200,1.1600
0.0190,0.0000,0.0000,0.0000,0.0189,0.0001,200,1.1709
0.0479,0.0000,0.0000,0.0000,0.0478,0.0000,200,1.1420
0.0079,0.0000,0.0000,0.0000,0.0078,0.0000,200,1.1825
0.0354,0.0000,0.0000,0.0000,0.0328,0.0025,200,1.1570
0.0468,0.0000,0.0000,0.0001,0.0449,0.0019,200,1.1455
0.0164,0.0000,0.0000,0.0000,0.0149,0.0014,200,1.1762
0.0144,0.0000,0.0000,0.0000,0.0130,0.0013,200,1.1782
0.0179,0.0000,0.0000,0.0000,0.0159,0.0020,200,1.1747
0.0061,0.0000,0.0000,0.0000,0.0047,0.0014,200,1.1870
0.0086,0.0000,0.0000,0.0001,0.0072,0.0012,200,1.1856
0.0121,0.0000,0.0000,0.0000,0.0104,0.0016,200,1.1822
0.0081,0.0000,0.0000,0.0000,0.0064,0.0017,200,1.1862
0.0196,0.0000,0.0000,0.0000,0.0195,0.0000,200,1.1748
0.0375,0.0000,0.0000,0.0000,0.0349,0.0025,200,1.1570
0.0258,0.0000,0.0000,0.0000,0.0234,0.0023,200,1.1687
0.0303,0.0000,0.0000,0.0001,0.0290,0.0011,200,1.1643
0.0232,0.0000,0.0000,0.0000,0.0222,0.0010,200,1.1715
0.0101,0.0000,0.0000,0.0001,0.0074,0.0026,200,1.1846
0.0224,0.0000,0.0000,0.0000,0.0223,0.0001,200,1.1731
0.0032,0.0000,0.0000,0.0000,0.0031,0.0000,200,1.1924
0.0055,0.0000,0.0000,0.0000,0.0054,0.0001,200,1.1904
0.0185,0.0000,0.0000,0.0000,0.0184,0.0000,200,1.1779
0.0287,0.0000,0.0000,0.0000,0.0285,0.0001,200,1.1683
0.0115,0.0000,0.0000,0.0000,0.0112,0.0001,200,1.1857
0.0220,0.0000,0.0000,0.0000,0.0220,0.0000,200,1.1754
0.0056,0.0000,0.0000,0.0001,0.0046,0.0003,200,1.1923
0.0175,0.0000,0.0000,0.0000,0.0175,0.0000,200,1.1805
0.0143,0.0000,0.0000,0.0000,0.0142,0.0001,200,1.1848
0.0051,0.0000,0.0000,0.0000,0.0050,0.0001,200,1.1943
0.0236,0.0000,0.0000,0.0000,0.0236,0.0001,200,1.1763
0.0072,0.0000,0.0000,0.0000,0.0071,0.0000,200,1.1931
0.0317,0.0000,0.0000,0.0000,0.0316,0.0001,200,1.1689
0.0109,0.0000,0.0000,0.0000,0.0108,0.0000,200,1.1899
0.0069,0.0000,0.0000,0.0000,0.0068,0.0001,200,1.1944
0.0058,0.0000,0.0000,0.0000,0.0057,0.0000,200,1.1956
0.0090,0.0000,0.0000,0.0015,0.0073,0.0001,200,1.1926
0.0075,0.0000,0.0000,0.0000,0.0074,0.0001,200,1.1944
0.0032,0.0000,0.0000,0.0000,0.0031,0.0001,200,1.1991
0.0403,0.0000,0.0000,0.0003,0.0400,0.0000,200,1.1622
0.0074,0.0000,0.0000,0.0000,0.0073,0.0001,200,1.1960
0.0055,0.0000,0.0000,0.0000,0.0046,0.0005,200,1.1979
0.0074,0.0000,0.0000,0.0000,0.0073,0.0001,200,1.1964
0.0303,0.0000,0.0000,0.0002,0.0301,0.0000,200,1.1739
0.0326,0.0000,0.0000,0.0000,0.0325,0.0000,200,1.1719
0.0104,0.0000,0.0000,0.0000,0.0103,0.0000,200,1.1947
0.0130,0.0000,0.0000,0.0006,0.0124,0.0000,200,1.1925
0.0466,0.0000,0.0000,0.0000,0.0464,0.0000,200,1.1589
0.0044,0.0000,0.0000,0.0000,0.0043,0.0001,200,1.2019
0.0121,0.0000,0.0000,0.0000,0.0119,0.0002,200,1.1947
0.0442,0.0000,0.0000,0.0000,0.0439,0.0000,200,1.1633
0.0071,0.0000,0.0000,0.0001,0.0069,0.0000,200,1.2007
0.0315,0.0000,0.0000,0.0000,0.0314,0.0001,200,1.1768
0.0135,0.0000,0.0000,0.0000,0.0135,0.0000,200,1.1956
0.0122,0.0000,0.0000,0.0001,0.0121,0.0000,200,1.1970
0.0062,0.0000,0.0000,0.0000,0.0061,0.0000,200,1.2033
0.0045,0.0000,0.0000,0.0000,0.0044,0.0001,200,1.2056
0.0020,0.0000,0.0000,0.0000,0.0017,0.0001,200,1.2083
0.0317,0.0000,0.0000,0.0002,0.0314,0.0000,200,1.1794
0.0245,0.0000,0.0000,0.0000,0.0244,0.0001,200,1.1868
0.0026,0.0000,0.0000,0.0000,0.0025,0.0000,200,1.2095
0.0185,0.0000,0.0000,0.0000,0.0184,0.0000,200,1.1942
0.0114,0.0000,0.0000,0.0000,0.0113,0.0001,200,1.2016
0.0042,0.0000,0.0000,0.0003,0.0038,0.0000,200,1.2091
0.0035,0.0000,0.0000,0.0000,0.0033,0.0002,200,1.2103
0.0427,0.0000,0.0000,0.0000,0.0427,0.0000,200,1.1712
0.0143,0.0000,0.0000,0.0001,0.0141,0.0001,200,1.1999
0.0525,0.0000,0.0000,0.0000,0.0522,0.0001,200,1.1620
0.0146,0.0000,0.0000,0.0000,0.0145,0.0001,200,1.2004
0.0341,0.0000,0.0000,0.0000,0.0340,0.0000,200,1.1814
0.0121,0.0000,0.0000,0.0000,0.0120,0.0000,200,1.2038
0.0565,0.0000,0.0000,0.0000,0.0564,0.0000,200,1.1596
0.0113,0.0000,0.0000,0.0000,0.0113,0.0000,200,1.2051
0.0184,0.0000,0.0000,0.0000,0.0182,0.0001,200,1.1981
0.0159,0.0000,0.0000,0.0000,0.0157,0.0001,200,1.2015
0.0488,0.0000,0.0000,0.0000,0.0486,0.0002,200,1.1689
0.0209,0.0000,0.0000,0.0000,0.0208,0.0000,200,1.1975
0.0217,0.0000,0.0000,0.0000,0.0216,0.0001,200,1.1972
0.0113,0.0000,0.0000,0.0000,0.0112,0.0000,200,1.2077
0.0049,0.0000,0.0000,0.0000,0.0048,0.0000,200,1.2144
0.0019,0.0000,0.0000,0.0000,0.0015,0.0001,200,1.2178
0.0128,0.0000,0.0000,0.0000,0.0127,0.0000,200,1.2075
0.0033,0.0000,0.0000,0.0000,0.0032,0.0000,200,1.2174
0.0049,0.0000,0.0000,0.0000,0.0048,0.0000,200,1.2161
0.0085,0.0000,0.0000,0.0000,0.0084,0.0000,200,1.2130
0.0082,0.0000,0.0000,0.0000,0.0081,0.0000,200,1.2133
0.0550,0.0000,0.0000,0.0000,0.0550,0.0000,200,1.1668
0.0527,0.0000,0.0000,0.0000,0.0524,0.0001,200,1.1692
0.0020,0.0000,0.0000,0.0000,0.0020,0.0000,200,1.2210
0.0065,0.0000,0.0000,0.0000,0.0065,0.0000,200,1.2164
0.0286,0.0000,0.0000,0.0000,0.0285,0.0000,200,1.1944
0.0041,0.0000,0.0000,0.0000,0.0040,0.0001,200,1.2194
0.0182,0.0000,0.0000,0.0000,0.0181,0.0001,200,1.2056
0.0174,0.0000,0.0000,0.0000,0.0172,0.0001,200,1.2068
0.0037,0.0000,0.0000,0.0003,0.0033,0.0001,200,1.2207
0.0058,0.0000,0.0000,0.0000,0.0057,0.0000,200,1.2190
0.0134,0.0000,0.0000,0.0000,0.0134,0.0000,200,1.2121
0.0117,0.0000,0.0000,0.0001,0.0116,0.0000,200,1.2139
0.0148,0.0000,0.0000,0.0001,0.0146,0.0001,200,1.2114
0.0028,0.0000,0.0000,0.0000,0.0027,0.0000,200,1.2238
0.0185,0.0000,0.0000,0.0000,0.0184,0.0001,200,1.2092
0.0900,0.0000,0.0000,0.0000,0.0894,0.0005,200,1.1378
0.0291,0.0000,0.0000,0.0000,0.0290,0.0001,200,1.1994
0.0060,0.0000,0.0000,0.0000,0.0059,0.0001,200,1.2230
0.0143,0.0000,0.0000,0.0000,0.0142,0.0000,200,1.2150
0.0252,0.0000,0.0000,0.0000,0.0249,0.0000,200,1.2042
0.0140,0.0000,0.0000,0.0000,0.0139,0.0001,200,1.2160
0.0166,0.0000,0.0000,0.0000,0.0165,0.0001,200,1.2139
0.0198,0.0000,0.0000,0.0000,0.0196,0.0000,200,1.2111
0.0272,0.0000,0.0000,0.0000,0.0269,0.0002,200,1.2044
0.0303,0.0000,0.0000,0.0000,0.0302,0.0001,200,1.2013
0.0156,0.0000,0.0000,0.0000,0.0155,0.0001,200,1.2164
0.0047,0.0000,0.0000,0.0000,0.0046,0.0001,200,1.2277
0.0384,0.0000,0.0000,0.0000,0.0383,0.0000,200,1.1946
0.0096,0.0000,0.0000,0.0000,0.0095,0.0001,200,1.2235
0.0039,0.0000,0.0000,0.0000,0.0037,0.0001,200,1.2294
0.0508,0.0000,0.0000,0.0000,0.0507,0.0001,200,1.1828
0.0114,0.0000,0.0000,0.0000,0.0113,0.0000,200,1.2230
0.0446,0.0000,0.0000,0.0000,0.0445,0.0000,200,1.1899
0.0130,0.0000,0.0000,0.0000,0.0128,0.0001,200,1.2218
0.0408,0.0000,0.0000,0.0000,0.0407,0.0000,200,1.1944
0.0161,0.0000,0.0000,0.0000,0.0159,0.0000,200,1.2196
0.0510,0.0000,0.0000,0.0000,0.0509,0.0000,200,1.1854
0.0060,0.0000,0.0000,0.0000,0.0059,0.0001,200,1.2309
0.0367,0.0000,0.0000,0.0000,0.0366,0.0001,200,1.2008
0.0147,0.0000,0.0000,0.0001,0.0134,0.0012,200,1.2242
0.0108,0.0000,0.0000,0.0000,0.0106,0.0001,200,1.2285
0.0027,0.0000,0.0000,0.0000,0.0026,0.0001,200,1.2369
0.0133,0.0000,0.0000,0.0000,0.0130,0.0002,200,1.2266
0.0057,0.0000,0.0000,0.0000,0.0056,0.0000,200,1.2344
0.0247,0.0000,0.0000,0.0000,0.0246,0.0000,200,1.2155
0.0089,0.0000,0.0000,0.0000,0.0088,0.0000,200,1.2320
0.0596,0.0000,0.0000,0.0000,0.0595,0.0000,200,1.1816
0.0167,0.0000,0.0000,0.0000,0.0165,0.0002,200,1.2249
0.0579,0.0000,0.0000,0.0000,0.0578,0.0001,200,1.1838
0.0174,0.0000,0.0000,0.0000,0.0173,0.0000,200,1.2244
0.0069,0.0000,0.0000,0.0000,0.0069,0.0000,200,1.2351
0.0362,0.0000,0.0000,0.0000,0.0361,0.0000,200,1.2063
0.0503,0.0000,0.0000,0.0002,0.0501,0.0000,200,1.1927
0.0220,0.0000,0.0000,0.0000,0.0217,0.0001,200,1.2215
0.0608,0.0000,0.0000,0.0001,0.0602,0.0000,200,1.1832
0.0113,0.0000,0.0000,0.0001,0.0111,0.0001,200,1.2330
0.0128,0.0000,0.0000,0.0001,0.0125,0.0000,200,1.2317
0.0122,0.0000,0.0000,0.0000,0.0121,0.0001,200,1.2330
0.0060,0.0000,0.0000,0.0000,0.0059,0.0000,200,1.2395
0.0025,0.0000,0.0000,0.0000,0.0024,0.0001,200,1.2434
0.0186,0.0000,0.0000,0.0000,0.0185,0.0000,200,1.2279
0.0128,0.0000,0.0000,0.0000,0.0127,0.0001,200,1.2345
0.0060,0.0000,0.0000,0.0000,0.0060,0.0000,200,1.2417
0.0222,0.0000,0.0000,0.0000,0.0222,0.0000,200,1.2256
0.0064,0.0000,0.0000,0.0000,0.0058,0.0001,200,1.2416
0.0013,0.0000,0.0000,0.0000,0.0012,0.0000,200,1.2472
0.0199,0.0000,0.0000,0.0000,0.0198,0.0001,200,1.2290
0.0302,0.0000,0.0000,0.0000,0.0301,0.0000,200,1.2190
0.0092,0.0000,0.0000,0.0001,0.0091,0.0001,200,1.2402
0.0086,0.0000,0.0000,0.0000,0.0085,0.0001,200,1.2412
0.0466,0.0000,0.0000,0.0000,0.0465,0.0000,200,1.2035
0.0117,0.0000,0.0000,0.0001,0.0116,0.0001,200,1.2399
0.0104,0.0000,0.0000,0.0000,0.0103,0.0001,200,1.2417
0.0226,0.0000,0.0000,0.0000,0.0223,0.0002,200,1.2305
0.0165,0.0000,0.0000,0.0000,0.0164,0.0000,200,1.2374
0.0224,0.0000,0.0000,0.0000,0.0223,0.0001,200,1.2324
0.0132,0.0000,0.0000,0.0000,0.0131,0.0001,200,1.2430
0.0126,0.0000,0.0000,0.0000,0.0124,0.0001,200,1.2445
0.0052,0.0000,0.0000,0.0000,0.0051,0.0000,200,1.2521
0.0268,0.0000,0.0000,0.0000,0.0267,0.0001,200,1.2316
0.0223,0.0000,0.0000,0.0000,0.0222,0.0001,200,1.2364
0.0049,0.0000,0.0000,0.0000,0.0048,0.0001,200,1.2540
0.0028,0.0000,0.0000,0.0001,0.0025,0.0000,200,1.2571
0.0182,0.0000,0.0000,0.0000,0.0181,0.0000,200,1.2425
0.0066,0.0000,0.0000,0.0000,0.0065,0.0000,200,1.2548
0.0130,0.0000,0.0000,0.0000,0.0129,0.0000,200,1.2492
0.0137,0.0000,0.0000,0.0000,0.0136,0.0000,200,1.2495
0.0052,0.0000,0.0000,0.0000,0.0051,0.0001,200,1.2588
0.0332,0.0000,0.0000,0.0000,0.0330,0.0001,200,1.2333
0.0218,0.0000,0.0000,0.0000,0.0217,0.0001,200,1.2451
0.0312,0.0000,0.0000,0.0000,0.0312,0.0000,200,1.2358
0.0206,0.0000,0.0000,0.0000,0.0206,0.0000,200,1.2464
0.0253,0.0000,0.0000,0.0000,0.0252,0.0000,200,1.2421
0.0218,0.0000,0.0000,0.0000,0.0215,0.0000,200,1.2456
0.0277,0.0000,0.0000,0.0000,0.0276,0.0001,200,1.2401
0.0784,0.0000,0.0000,0.0002,0.0777,0.0000,200,1.1899
0.0019,0.0000,0.0000,0.0000,0.0018,0.0001,200,1.2674
0.0013,0.0000,0.0000,0.0000,0.0013,0.0000,200,1.2683
0.0173,0.0000,0.0000,0.0000,0.0171,0.0001,200,1.2531
0.0565,0.0000,0.0000,0.0000,0.0564,0.0001,200,1.2142
0.0037,0.0000,0.0000,0.0000,0.0037,0.0000,200,1.2671
0.0272,0.0000,0.0000,0.0000,0.0270,0.0001,200,1.2444
0.0096,0.0000,0.0000,0.0001,0.0094,0.0000,200,1.2622
0.0129,0.0000,0.0000,0.0000,0.0127,0.0001,200,1.2599
0.0162,0.0000,0.0000,0.0000,0.0159,0.0002,200,1.2573
0.0024,0.0000,0.0000,0.0000,0.0023,0.0001,200,1.2728
0.0082,0.0000,0.0000,0.0000,0.0080,0.0001,200,1.2674
0.0634,0.0000,0.0000,0.0000,0.0633,0.0001,200,1.2126
0.0273,0.0000,0.0000,0.0000,0.0272,0.0001,200,1.2489
0.0585,0.0000,0.0000,0.0000,0.0584,0.0001,200,1.2183
0.0521,0.0000,0.0000,0.0000,0.0520,0.0001,200,1.2256
0.0299,0.0000,0.0000,0.0000,0.0297,0.0001,200,1.2479
0.0020,0.0000,0.0000,0.0000,0.0018,0.0001,200,1.2762
0.0183,0.0000,0.0000,0.0000,0.0182,0.0000,200,1.2606
0.1006,0.0000,0.0000,0.0000,0.1005,0.0000,200,1.1788
0.0425,0.0000,0.0000,0.0000,0.0424,0.0001,200,1.2389
0.0068,0.0000,0.0000,0.0000,0.0067,0.0001,200,1.2756
0.0391,0.0000,0.0000,0.0000,0.0390,0.0001,200,1.2440
0.0063,0.0000,0.0000,0.0000,0.0062,0.0001,200,1.2779
0.0843,0.0000,0.0000,0.0000,0.0842,0.0001,200,1.2026
0.0161,0.0000,0.0000,0.0000,0.0160,0.0000,200,1.2708
0.0768,0.0000,0.0000,0.0000,0.0766,0.0001,200,1.2101
0.0163,0.0000,0.0000,0.0000,0.0161,0.0000,200,1.2707
0.0364,0.0000,0.0000,0.0000,0.0363,0.0001,200,1.2516
0.0674,0.0000,0.0000,0.0000,0.0672,0.0001,200,1.2215
0.0420,0.0000,0.0000,0.0000,0.0419,0.0001,200,1.2478
0.0558,0.0000,0.0000,0.0000,0.0557,0.0001,200,1.2348
0.0687,0.0000,0.0000,0.0000,0.0685,0.0002,200,1.2230
0.0058,0.0000,0.0000,0.0000,0.0056,0.0001,200,1.2869
0.0030,0.0000,0.0000,0.0001,0.0028,0.0001,200,1.2907
0.0463,0.0000,0.0000,0.0000,0.0459,0.0003,200,1.2485
0.0254,0.0000,0.0000,0.0000,0.0253,0.0001,200,1.2704
0.0208,0.0000,0.0000,0.0000,0.0208,0.0000,200,1.2752
0.0031,0.0000,0.0000,0.0000,0.0030,0.0001,200,1.2936
0.0081,0.0000,0.0000,0.0000,0.0081,0.0000,200,1.2889
0.0307,0.0000,0.0000,0.0000,0.0307,0.0000,200,1.2670
0.0355,0.0000,0.0000,0.0000,0.0354,0.0000,200,1.2632
0.0777,0.0000,0.0000,0.0000,0.0776,0.0001,200,1.2219
0.0611,0.0000,0.0000,0.0000,0.0610,0.0000,200,1.2393
0.0556,0.0000,0.0000,0.0001,0.0554,0.0000,200,1.2459
0.0248,0.0000,0.0000,0.0000,0.0243,0.0005,200,1.2768
0.0241,0.0000,0.0000,0.0000,0.0241,0.0000,200,1.2776
0.0153,0.0000,0.0000,0.0000,0.0152,0.0001,200,1.2869
0.0439,0.0000,0.0000,0.0000,0.0438,0.0001,200,1.2584
0.0101,0.0000,0.0000,0.0000,0.0099,0.0001,200,1.2927
0.0188,0.0000,0.0000,0.0000,0.0187,0.0001,200,1.2842
0.0369,0.0000,0.0000,0.0000,0.0368,0.0001,200,1.2665
0.0017,0.0000,0.0000,0.0000,0.0016,0.0001,200,1.3022
0.0055,0.0000,0.0000,0.0000,0.0054,0.0000,200,1.2986
0.0269,0.0000,0.0000,0.0000,0.0267,0.0001,200,1.2782
0.0018,0.0000,0.0000,0.0000,0.0017,0.0001,200,1.3039
0.0561,0.0000,0.0000,0.0000,0.0558,0.0000,200,1.2501
0.0477,0.0000,0.0000,0.0000,0.0476,0.0001,200,1.2587
0.0572,0.0000,0.0000,0.0000,0.0571,0.0000,200,1.2498
0.0782,0.0000,0.0000,0.0000,0.0780,0.0000,200,1.2292
0.0405,0.0000,0.0000,0.0000,0.0404,0.0000,200,1.2669
0.0320,0.0000,0.0000,0.0000,0.0319,0.0001,200,1.2789
0.0095,0.0000,0.0000,0.0000,0.0094,0.0000,200,1.3015
0.0087,0.0000,0.0000,0.0000,0.0086,0.0000,200,1.3023
0.0632,0.0000,0.0000,0.0000,0.0631,0.0000,200,1.2478
0.0242,0.0000,0.0000,0.0000,0.0241,0.0001,200,1.2869
0.0304,0.0000,0.0000,0.0000,0.0303,0.0001,200,1.2814
0.0013,0.0000,0.0000,0.0000,0.0012,0.0001,200,1.3110
0.0053,0.0000,0.0000,0.0000,0.0052,0.0001,200,1.3074
0.0454,0.0000,0.0000,0.0001,0.0452,0.0001,200,1.2678
0.0079,0.0000,0.0000,0.0000,0.0077,0.0001,200,1.3057
0.0839,0.0000,0.0000,0.0001,0.0836,0.0001,200,1.2300
0.0136,0.0000,0.0000,0.0000,0.0135,0.0000,200,1.3004
0.0429,0.0000,0.0000,0.0000,0.0429,0.0000,200,1.2716
0.0122,0.0000,0.0000,0.0000,0.0122,0.0000,200,1.3027
0.0254,0.0000,0.0000,0.0000,0.0253,0.0000,200,1.2898
0.0094,0.0000,0.0000,0.0000,0.0091,0.0002,200,1.3065
0.0901,0.0000,0.0000,0.0000,0.0898,0.0002,200,1.2262
0.0138,0.0000,0.0000,0.0000,0.0137,0.0000,200,1.3030
0.0063,0.0000,0.0000,0.0000,0.0062,0.0001,200,1.3111
0.0460,0.0000,0.0000,0.0000,0.0459,0.0000,200,1.2718
0.0038,0.0000,0.0000,0.0001,0.0037,0.0000,200,1.3140
0.0066,0.0000,0.0000,0.0000,0.0064,0.0002,200,1.3118
0.0572,0.0000,0.0000,0.0000,0.0571,0.0000,200,1.2614
0.0150,0.0000,0.0000,0.0000,0.0147,0.0000,200,1.3041
0.0326,0.0000,0.0000,0.0000,0.0324,0.0001,200,1.2869
0.0365,0.0000,0.0000,0.0000,0.0364,0.0000,200,1.2831
0.0051,0.0000,0.0000,0.0000,0.0049,0.0001,200,1.3150
0.0237,0.0000,0.0000,0.0000,0.0235,0.0002,200,1.2970
0.0384,0.0000,0.0000,0.0000,0.0383,0.0000,200,1.2824
0.0032,0.0000,0.0000,0.0000,0.0031,0.0000,200,1.3184
0.0422,0.0000,0.0000,0.0000,0.0422,0.0000,200,1.2794
0.1195,0.0000,0.0000,0.0000,0.1194,0.0000,200,1.2023
0.0021,0.0000,0.0000,0.0000,0.0018,0.0002,200,1.3202
0.0116,0.0000,0.0000,0.0000,0.0115,0.0000,200,1.3109
0.0192,0.0000,0.0000,0.0000,0.0184,0.0008,200,1.3034
0.0222,0.0000,0.0000,0.0000,0.0214,0.0008,200,1.3018
0.0018,0.0000,0.0000,0.0000,0.0015,0.0003,200,1.3223
0.0549,0.0000,0.0000,0.0001,0.0546,0.0003,200,1.2693
0.0021,0.0000,0.0000,0.0000,0.0020,0.0001,200,1.3224
0.0099,0.0000,0.0000,0.0000,0.0097,0.0002,200,1.3145
0.0129,0.0000,0.0000,0.0000,0.0120,0.0008,200,1.3123
0.0557,0.0000,0.0000,0.0000,0.0556,0.0001,200,1.2696
0.0286,0.0000,0.0000,0.0000,0.0281,0.0004,200,1.2967
0.0120,0.0000,0.0000,0.0000,0.0119,0.0001,200,1.3139
0.0086,0.0000,0.0000,0.0001,0.0082,0.0000,200,1.3178
0.0537,0.0000,0.0000,0.0000,0.0536,0.0000,200,1.2734
0.0029,0.0000,0.0000,0.0000,0.0028,0.0000,200,1.3245
0.0202,0.0000,0.0000,0.0000,0.0200,0.0000,200,1.3074
0.0717,0.0000,0.0000,0.0000,0.0716,0.0001,200,1.2562
0.0412,0.0000,0.0000,0.0000,0.0411,0.0001,200,1.2880
0.0131,0.0000,0.0000,0.0000,0.0130,0.0000,200,1.3163
0.0055,0.0000,0.0000,0.0006,0.0048,0.0000,200,1.3240
0.0117,0.0000,0.0000,0.0000,0.0116,0.0000,200,1.3178
0.0336,0.0000,0.0000,0.0000,0.0335,0.0000,200,1.2960
0.0071,0.0000,0.0000,0.0000,0.0068,0.0002,200,1.3241
0.0118,0.0000,0.0000,0.0000,0.0117,0.0001,200,1.3195
0.0104,0.0000,0.0000,0.0000,0.0103,0.0001,200,1.3216
0.0048,0.0000,0.0000,0.0000,0.0047,0.0001,200,1.3276
0.0087,0.0000,0.0000,0.0000,0.0085,0.0001,200,1.3242
0.0160,0.0000,0.0000,0.0000,0.0159,0.0001,200,1.3174
0.0342,0.0000,0.0000,0.0000,0.0342,0.0000,200,1.2996
0.1007,0.0000,0.0000,0.0000,0.1006,0.0000,200,1.2336
0.0139,0.0000,0.0000,0.0000,0.0138,0.0001,200,1.3207
0.0706,0.0000,0.0000,0.0000,0.0704,0.0000,200,1.2640
0.0078,0.0000,0.0000,0.0000,0.0077,0.0001,200,1.3274
0.0226,0.0000,0.0000,0.0000,0.0225,0.0000,200,1.3132
0.0093,0.0000,0.0000,0.0000,0.0092,0.0001,200,1.3271
0.0071,0.0000,0.0000,0.0000,0.0070,0.0000,200,1.3295
0.0234,0.0000,0.0000,0.0000,0.0233,0.0001,200,1.3136
0.0096,0.0000,0.0000,0.0000,0.0096,0.0000,200,1.3279
0.0359,0.0000,0.0000,0.0000,0.0359,0.0000,200,1.3016
0.0160,0.0000,0.0000,0.0000,0.0158,0.0000,200,1.3216
0.0062,0.0000,0.0000,0.0001,0.0061,0.0000,200,1.3320
0.0430,0.0000,0.0000,0.0000,0.0429,0.0001,200,1.2958
0.0101,0.0000,0.0000,0.0000,0.0099,0.0000,200,1.3292
0.0243,0.0000,0.0000,0.0000,0.0242,0.0000,200,1.3152
0.0230,0.0000,0.0000,0.0000,0.0230,0.0001,200,1.3168
0.0178,0.0000,0.0000,0.0004,0.0171,0.0002,200,1.3227
0.0094,0.0000,0.0000,0.0000,0.0091,0.0002,200,1.3313
0.0019,0.0000,0.0000,0.0000,0.0018,0.0001,200,1.3393
0.0041,0.0000,0.0000,0.0002,0.0038,0.0001,200,1.3376
0.0307,0.0000,0.0000,0.0001,0.0306,0.0001,200,1.3110
0.0264,0.0000,0.0000,0.0000,0.0263,0.0001,200,1.3159
0.0011,0.0000,0.0000,0.0000,0.0010,0.0000,200,1.3417
0.0067,0.0000,0.0000,0.0000,0.0066,0.0001,200,1.3365
0.0030,0.0000,0.0000,0.0000,0.0027,0.0002,200,1.3407
0.0149,0.0000,0.0000,0.0000,0.0148,0.0001,200,1.3295
0.0028,0.0000,0.0000,0.0001,0.0026,0.0000,200,1.3423
0.0693,0.0000,0.0000,0.0000,0.0692,0.0001,200,1.2760
0.0152,0.0000,0.0000,0.0000,0.0143,0.0008,200,1.3312
0.0020,0.0000,0.0000,0.0000,0.0019,0.0000,200,1.3444
0.0080,0.0000,0.0000,0.0000,0.0079,0.0000,200,1.3388
0.0423,0.0000,0.0000,0.0000,0.0422,0.0000,200,1.3051
0.0060,0.0000,0.0000,0.0000,0.0059,0.0001,200,1.3417
0.0299,0.0000,0.0000,0.0000,0.0297,0.0001,200,1.3186
0.0104,0.0000,0.0000,0.0000,0.0103,0.0000,200,1.3382
0.0418,0.0000,0.0000,0.0000,0.0417,0.0000,200,1.3070
0.0040,0.0000,0.0000,0.0000,0.0039,0.0000,200,1.3453
0.0097,0.0000,0.0000,0.0000,0.0095,0.0001,200,1.3405
0.0253,0.0000,0.0000,0.0002,0.0248,0.0001,200,1.3253
0.0100,0.0000,0.0000,0.0000,0.0099,0.0000,200,1.3412
0.0310,0.0000,0.0000,0.0000,0.0309,0.0001,200,1.3207
0.0121,0.0000,0.0000,0.0000,0.0120,0.0000,200,1.3399
0.0181,0.0000,0.0000,0.0000,0.0180,0.0001,200,1.3346
0.0048,0.0000,0.0000,0.0001,0.0047,0.0000,200,1.3484
0.1336,0.0000,0.0000,0.0000,0.1335,0.0001,200,1.2203
0.0147,0.0000,0.0000,0.0000,0.0145,0.0001,200,1.3395
0.0199,0.0000,0.0000,0.0000,0.0198,0.0001,200,1.3346
0.0283,0.0000,0.0000,0.0000,0.0281,0.0002,200,1.3264
0.0024,0.0000,0.0000,0.0000,0.0021,0.0002,200,1.3527
0.0114,0.0000,0.0000,0.0000,0.0113,0.0000,200,1.3437
0.0305,0.0000,0.0000,0.0000,0.0304,0.0001,200,1.3252
0.0230,0.0000,0.0000,0.0000,0.0228,0.0001,200,1.3330
0.0045,0.0000,0.0000,0.0000,0.0044,0.0000,200,1.3519
0.0205,0.0000,0.0000,0.0000,0.0204,0.0001,200,1.3365
0.0056,0.0000,0.0000,0.0000,0.0055,0.0000,200,1.3519
0.0658,0.0000,0.0000,0.0000,0.0656,0.0001,200,1.2917
0.0024,0.0000,0.0000,0.0001,0.0022,0.0001,200,1.3557
0.0122,0.0000,0.0000,0.0000,0.0121,0.0000,200,1.3464
0.0049,0.0000,0.0000,0.0000,0.0048,0.0000,200,1.3539
0.0299,0.0000,0.0000,0.0000,0.0298,0.0000,200,1.3295
0.0264,0.0000,0.0000,0.0000,0.0262,0.0002,200,1.3334
0.0246,0.0000,0.0000,0.0000,0.0245,0.0000,200,1.3352
0.0019,0.0000,0.0000,0.0000,0.0018,0.0001,200,1.3585
0.0183,0.0000,0.0000,0.0000,0.0182,0.0000,200,1.3432
0.0074,0.0000,0.0000,0.0007,0.0066,0.0000,200,1.3542
0.0506,0.0000,0.0000,0.0000,0.0505,0.0000,200,1.3110
0.0361,0.0000,0.0000,0.0000,0.0361,0.0000,200,1.3259
0.0111,0.0000,0.0000,0.0000,0.0104,0.0007,200,1.3512
0.0136,0.0000,0.0000,0.0000,0.0135,0.0000,200,1.3488
0.0036,0.0000,0.0000,0.0000,0.0036,0.0000,200,1.3594
0.0151,0.0000,0.0000,0.0000,0.0150,0.0001,200,1.3485
0.1231,0.0000,0.0000,0.0000,0.1230,0.0001,200,1.2409
0.0303,0.0000,0.0000,0.0000,0.0301,0.0002,200,1.3343
0.0521,0.0000,0.0000,0.0000,0.0520,0.0001,200,1.3127
0.0041,0.0000,0.0000,0.0000,0.0038,0.0003,200,1.3615
0.0438,0.0000,0.0000,0.0002,0.0407,0.0001,200,1.3218
0.0087,0.0000,0.0000,0.0000,0.0086,0.0000,200,1.3571
0.0108,0.0000,0.0000,0.0000,0.0107,0.0001,200,1.3551
0.0687,0.0000,0.0000,0.0000,0.0687,0.0000,200,1.2978
0.0722,0.0000,0.0000,0.0000,0.0721,0.0001,200,1.2948
0.0423,0.0000,0.0000,0.0001,0.0422,0.0000,200,1.3247
0.0125,0.0000,0.0000,0.0000,0.0124,0.0001,200,1.3551
0.0206,0.0000,0.0000,0.0000,0.0205,0.0000,200,1.3473
0.0207,0.0000,0.0000,0.0000,0.0205,0.0001,200,1.3477
0.0441,0.0000,0.0000,0.0000,0.0435,0.0000,200,1.3253
0.0081,0.0000,0.0000,0.0000,0.0077,0.0004,200,1.3615
0.0638,0.0000,0.0000,0.0000,0.0637,0.0001,200,1.3062
0.0277,0.0000,0.0000,0.0000,0.0276,0.0000,200,1.3428
0.0044,0.0000,0.0000,0.0000,0.0043,0.0000,200,1.3665
0.0242,0.0000,0.0000,0.0000,0.0241,0.0000,200,1.3469
0.0417,0.0000,0.0000,0.0000,0.0417,0.0000,200,1.3296
0.0227,0.0000,0.0000,0.0000,0.0225,0.0002,200,1.3493
0.0147,0.0000,0.0000,0.0000,0.0145,0.0001,200,1.3575
0.0146,0.0000,0.0000,0.0000,0.0145,0.0001,200,1.3581
0.0115,0.0000,0.0000,0.0000,0.0114,0.0000,200,1.3615
0.0026,0.0000,0.0000,0.0000,0.0025,0.0000,200,1.3709
0.0191,0.0000,0.0000,0.0000,0.0190,0.0000,200,1.3547
0.0121,0.0000,0.0000,0.0000,0.0117,0.0003,200,1.3623
0.0014,0.0000,0.0000,0.0000,0.0013,0.0000,200,1.3730
0.0035,0.0000,0.0000,0.0000,0.0034,0.0000,200,1.3710
0.0017,0.0000,0.0000,0.0000,0.0016,0.0000,200,1.3735
0.0210,0.0000,0.0000,0.0000,0.0210,0.0000,200,1.3545
0.0091,0.0000,0.0000,0.0000,0.0090,0.0001,200,1.3671
0.0569,0.0000,0.0000,0.0000,0.0568,0.0000,200,1.3195
0.0113,0.0000,0.0000,0.0000,0.0111,0.0001,200,1.3657
0.0034,0.0000,0.0000,0.0000,0.0032,0.0001,200,1.3744
0.0153,0.0000,0.0000,0.0000,0.0152,0.0001,200,1.3640
0.0232,0.0000,0.0000,0.0000,0.0231,0.0001,200,1.3564
0.0138,0.0000,0.0000,0.0000,0.0137,0.0000,200,1.3658
0.0018,0.0000,0.0000,0.0000,0.0017,0.0000,200,1.3778
0.0295,0.0000,0.0000,0.0000,0.0294,0.0000,200,1.3502
0.0161,0.0000,0.0000,0.0000,0.0160,0.0000,200,1.3636
0.0353,0.0000,0.0000,0.0000,0.0352,0.0001,200,1.3451
0.0112,0.0000,0.0000,0.0000,0.0111,0.0001,200,1.3700
0.0077,0.0000,0.0000,0.0000,0.0076,0.0001,200,1.3738
0.0028,0.0000,0.0000,0.0000,0.0026,0.0001,200,1.3797
0.0368,0.0000,0.0000,0.0000,0.0367,0.0001,200,1.3464
0.0476,0.0000,0.0000,0.0000,0.0475,0.0000,200,1.3358
0.0123,0.0000,0.0000,0.0000,0.0122,0.0001,200,1.3713
0.0498,0.0000,0.0000,0.0000,0.0497,0.0001,200,1.3339
0.0469,0.0000,0.0000,0.0000,0.0468,0.0001,200,1.3376
0.0047,0.0000,0.0000,0.0000,0.0047,0.0000,200,1.3804
0.0059,0.0000,0.0000,0.0000,0.0056,0.0000,200,1.3793
0.0304,0.0000,0.0000,0.0000,0.0303,0.0000,200,1.3560
0.0068,0.0000,0.0000,0.0000,0.0067,0.0000,200,1.3796
0.0036,0.0000,0.0000,0.0000,0.0035,0.0001,200,1.3831
0.0297,0.0000,0.0000,0.0000,0.0296,0.0001,200,1.3575
0.0079,0.0000,0.0000,0.0000,0.0078,0.0000,200,1.3796
0.0026,0.0000,0.0000,0.0000,0.0023,0.0003,200,1.3851
0.0028,0.0000,0.0000,0.0000,0.0026,0.0002,200,1.3852
0.0047,0.0000,0.0000,0.0000,0.0046,0.0000,200,1.3836
0.0124,0.0000,0.0000,0.0000,0.0123,0.0000,200,1.3762
0.0288,0.0000,0.0000,0.0000,0.0287,0.0001,200,1.3605
0.0170,0.0000,0.0000,0.0000,0.0167,0.0002,200,1.3727
0.0715,0.0000,0.0000,0.0000,0.0713,0.0002,200,1.3191
0.0186,0.0000,0.0000,0.0000,0.0186,0.0000,200,1.3720
0.0161,0.0000,0.0000,0.0000,0.0160,0.0001,200,1.3751
0.0210,0.0000,0.0000,0.0000,0.0210,0.0000,200,1.3705
0.0303,0.0000,0.0000,0.0000,0.0302,0.0000,200,1.3620
0.0300,0.0000,0.0000,0.0000,0.0299,0.0000,200,1.3624
0.0274,0.0000,0.0000,0.0000,0.0270,0.0001,200,1.3657
0.0331,0.0000,0.0000,0.0000,0.0329,0.0001,200,1.3604
0.0116,0.0000,0.0000,0.0001,0.0114,0.0000,200,1.3825
0.0021,0.0000,0.0000,0.0000,0.0020,0.0001,200,1.3923
0.0018,0.0000,0.0000,0.0000,0.0017,0.0001,200,1.3930
0.0032,0.0000,0.0000,0.0000,0.0031,0.0000,200,1.3924
0.0199,0.0000,0.0000,0.0001,0.0197,0.0001,200,1.3764
0.0595,0.0000,0.0000,0.0000,0.0593,0.0001,200,1.3376
0.0108,0.0000,0.0000,0.0000,0.0108,0.0000,200,1.3863
0.0609,0.0000,0.0000,0.0000,0.0608,0.0000,200,1.3370
0.0086,0.0000,0.0000,0.0000,0.0084,0.0001,200,1.3897
0.0147,0.0000,0.0000,0.0002,0.0138,0.0007,200,1.3845
0.0114,0.0000,0.0000,0.0001,0.0113,0.0000,200,1.3886
0.0100,0.0000,0.0000,0.0000,0.0096,0.0002,200,1.3906
0.0043,0.0000,0.0000,0.0000,0.0042,0.0000,200,1.3963
0.0144,0.0000,0.0000,0.0000,0.0143,0.0000,200,1.3867
0.0427,0.0000,0.0000,0.0000,0.0426,0.0000,200,1.3589
0.0373,0.0000,0.0000,0.0000,0.0372,0.0000,200,1.3646
0.0223,0.0000,0.0000,0.0000,0.0222,0.0000,200,1.3797
0.0346,0.0000,0.0000,0.0000,0.0345,0.0000,200,1.3679
0.0399,0.0000,0.0000,0.0000,0.0398,0.0001,200,1.3630
0.0051,0.0000,0.0000,0.0000,0.0050,0.0001,200,1.3979
0.0021,0.0000,0.0000,0.0000,0.0021,0.0000,200,1.4011
0.0292,0.0000,0.0000,0.0000,0.0290,0.0001,200,1.3745
0.0163,0.0000,0.0000,0.0000,0.0159,0.0000,200,1.3874
0.0154,0.0000,0.0000,0.0000,0.0153,0.0000,200,1.3893
0.0031,0.0000,0.0000,0.0000,0.0030,0.0000,200,1.4016
0.0022,0.0000,0.0000,0.0000,0.0020,0.0000,200,1.4029
0.0372,0.0000,0.0000,0.0000,0.0371,0.0001,200,1.3684
0.0463,0.0000,0.0000,0.0000,0.0463,0.0000,200,1.3598
0.0019,0.0000,0.0000,0.0000,0.0018,0.0001,200,1.4051
0.0133,0.0000,0.0000,0.0000,0.0132,0.0000,200,1.3943
0.0036,0.0000,0.0000,0.0000,0.0035,0.0001,200,1.4047
0.0396,0.0000,0.0000,0.0000,0.0395,0.0000,200,1.3696
0.0017,0.0000,0.0000,0.0000,0.0016,0.0000,200,1.4077
0.0325,0.0000,0.0000,0.0002,0.0323,0.0000,200,1.3770
0.0125,0.0000,0.0000,0.0000,0.0122,0.0002,200,1.3970
0.0102,0.0000,0.0000,0.0000,0.0100,0.0000,200,1.4001
0.0308,0.0000,0.0000,0.0002,0.0306,0.0000,200,1.3796
0.0355,0.0000,0.0000,0.0000,0.0354,0.0000,200,1.3755
0.0245,0.0000,0.0000,0.0000,0.0242,0.0002,200,1.3872
0.0206,0.0000,0.0000,0.0000,0.0203,0.0002,200,1.3917
0.0382,0.0000,0.0000,0.0000,0.0381,0.0001,200,1.3744
0.0032,0.0000,0.0000,0.0000,0.0030,0.0002,200,1.4104
0.0461,0.0000,0.0000,0.0000,0.0459,0.0002,200,1.3676
0.0043,0.0000,0.0000,0.0000,0.0039,0.0001,200,1.4095
0.0113,0.0000,0.0000,0.0000,0.0112,0.0000,200,1.4029
0.0196,0.0000,0.0000,0.0000,0.0190,0.0004,200,1.3956
0.0133,0.0000,0.0000,0.0000,0.0132,0.0000,200,1.4019
0.0169,0.0000,0.0000,0.0000,0.0167,0.0000,200,1.3983
0.0072,0.0000,0.0000,0.0001,0.0071,0.0000,200,1.4083
0.0325,0.0000,0.0000,0.0000,0.0322,0.0003,200,1.3833
0.0497,0.0000,0.0000,0.0000,0.0494,0.0002,200,1.3670
0.0352,0.0000,0.0000,0.0000,0.0352,0.0000,200,1.3815
0.0663,0.0000,0.0000,0.0000,0.0662,0.0001,200,1.3506
0.0036,0.0000,0.0000,0.0000,0.0035,0.0000,200,1.4136
0.0080,0.0000,0.0000,0.0001,0.0078,0.0001,200,1.4096
0.0136,0.0000,0.0000,0.0000,0.0134,0.0002,200,1.4047
0.0149,0.0000,0.0000,0.0000,0.0148,0.0000,200,1.4037
0.0074,0.0000,0.0000,0.0000,0.0073,0.0001,200,1.4117
0.0070,0.0000,0.0000,0.0000,0.0069,0.0000,200,1.4126
0.0191,0.0000,0.0000,0.0000,0.0190,0.0000,200,1.4006
0.0213,0.0000,0.0000,0.0000,0.0204,0.0000,200,1.3992
0.0377,0.0000,0.0000,0.0000,0.0376,0.0000,200,1.3836
0.0165,0.0000,0.0000,0.0000,0.0164,0.0000,200,1.4056
0.0534,0.0000,0.0000,0.0004,0.0530,0.0000,200,1.3694
0.0091,0.0000,0.0000,0.0000,0.0090,0.0000,200,1.4137
0.0061,0.0000,0.0000,0.0000,0.0060,0.0001,200,1.4175
0.0266,0.0000,0.0000,0.0000,0.0266,0.0000,200,1.3972
0.0712,0.0000,0.0000,0.0014,0.0696,0.0000,200,1.3533
0.0060,0.0000,0.0000,0.0000,0.0058,0.0001,200,1.4187
0.0394,0.0000,0.0000,0.0000,0.0394,0.0000,200,1.3864
0.0045,0.0000,0.0000,0.0000,0.0045,0.0000,200,1.4213
0.0328,0.0000,0.0000,0.0000,0.0327,0.0001,200,1.3935
0.0072,0.0000,0.0000,0.0000,0.0071,0.0001,200,1.4196
0.0138,0.0000,0.0000,0.0000,0.0134,0.0003,200,1.4139
0.0953,0.0000,0.0000,0.0000,0.0951,0.0000,200,1.3324
0.0210,0.0000,0.0000,0.0000,0.0208,0.0002,200,1.4069
0.0159,0.0000,0.0000,0.0001,0.0156,0.0000,200,1.4123
0.0246,0.0000,0.0000,0.0000,0.0245,0.0001,200,1.4038
0.0343,0.0000,0.0000,0.0000,0.0342,0.0000,200,1.3941
0.0107,0.0000,0.0000,0.0000,0.0106,0.0000,200,1.4183
0.0262,0.0000,0.0000,0.0000,0.0262,0.0000,200,1.4033
0.0143,0.0000,0.0000,0.0000,0.0142,0.0000,200,1.4152
0.0146,0.0000,0.0000,0.0000,0.0143,0.0001,200,1.4155
0.0393,0.0000,0.0000,0.0000,0.0392,0.0001,200,1.3912
0.0071,0.0000,0.0000,0.0000,0.0070,0.0000,200,1.4238
0.0022,0.0000,0.0000,0.0001,0.0020,0.0000,200,1.4289
0.0291,0.0000,0.0000,0.0000,0.0290,0.0001,200,1.4025
0.0090,0.0000,0.0000,0.0000,0.0089,0.0000,200,1.4228
0.0179,0.0000,0.0000,0.0000,0.0178,0.0001,200,1.4143
0.0158,0.0000,0.0000,0.0000,0.0157,0.0000,200,1.4166
0.0324,0.0000,0.0000,0.0000,0.0323,0.0001,200,1.4006
0.0074,0.0000,0.0000,0.0000,0.0073,0.0000,200,1.4258
0.0165,0.0000,0.0000,0.0000,0.0164,0.0000,200,1.4169
0.0243,0.0000,0.0000,0.0000,0.0242,0.0000,200,1.4094
0.0024,0.0000,0.0000,0.0000,0.0023,0.0000,200,1.4316
0.0140,0.0000,0.0000,0.0000,0.0139,0.0001,200,1.4205
0.0051,0.0000,0.0000,0.0000,0.0051,0.0000,200,1.4295
0.0238,0.0000,0.0000,0.0000,0.0237,0.0001,200,1.4110
0.0095,0.0000,0.0000,0.0000,0.0094,0.0000,200,1.4258
0.0405,0.0000,0.0000,0.0000,0.0404,0.0001,200,1.3948
0.0082,0.0000,0.0000,0.0000,0.0081,0.0000,200,1.4277
0.0020,0.0000,0.0000,0.0000,0.0019,0.0001,200,1.4346
0.0714,0.0000,0.0000,0.0000,0.0711,0.0000,200,1.3658
0.0181,0.0000,0.0000,0.0000,0.0180,0.0000,200,1.4192
0.0270,0.0000,0.0000,0.0000,0.0269,0.0000,200,1.4103
0.0069,0.0000,0.0000,0.0000,0.0068,0.0001,200,1.4309
0.0219,0.0000,0.0000,0.0000,0.0218,0.0000,200,1.4159
0.0736,0.0000,0.0000,0.0000,0.0734,0.0001,200,1.3649
0.0218,0.0000,0.0000,0.0000,0.0217,0.0001,200,1.4167
0.0246,0.0000,0.0000,0.0001,0.0240,0.0005,200,1.4151
0.0049,0.0000,0.0000,0.0000,0.0044,0.0004,200,1.4353
0.0090,0.0000,0.0000,0.0000,0.0089,0.0001,200,1.4312
0.0013,0.0000,0.0000,0.0003,0.0008,0.0000,200,1.4397
0.0127,0.0000,0.0000,0.0000,0.0123,0.0004,200,1.4283
0.0082,0.0000,0.0000,0.0000,0.0071,0.0011,200,1.4340
0.0137,0.0000,0.0000,0.0000,0.0120,0.0016,200,1.4282
0.0271,0.0000,0.0000,0.0000,0.0266,0.0004,200,1.4152
0.0089,0.0000,0.0000,0.0000,0.0080,0.0008,200,1.4334
0.0257,0.0000,0.0000,0.0000,0.0256,0.0001,200,1.4172
0.0055,0.0000,0.0000,0.0000,0.0054,0.0000,200,1.4378
0.0032,0.0000,0.0000,0.0000,0.0031,0.0000,200,1.4402
0.0133,0.0000,0.0000,0.0000,0.0132,0.0000,200,1.4301
0.0193,0.0000,0.0000,0.0001,0.0188,0.0001,200,1.4247
0.0538,0.0000,0.0000,0.0000,0.0537,0.0000,200,1.3907
0.0727,0.0000,0.0000,0.0000,0.0725,0.0001,200,1.3722
0.0179,0.0000,0.0000,0.0000,0.0178,0.0000,200,1.4277
0.0078,0.0000,0.0000,0.0005,0.0071,0.0001,200,1.4385
0.0023,0.0000,0.0000,0.0000,0.0022,0.0000,200,1.4445
0.0233,0.0000,0.0000,0.0000,0.0231,0.0000,200,1.4236
0.0597,0.0000,0.0000,0.0000,0.0592,0.0001,200,1.3880
0.0020,0.0000,0.0000,0.0000,0.0020,0.0000,200,1.4456
0.0019,0.0000,0.0000,0.0002,0.0016,0.0001,200,1.4462
0.0465,0.0000,0.0000,0.0000,0.0465,0.0000,200,1.4020
0.0054,0.0000,0.0000,0.0000,0.0053,0.0000,200,1.4434
0.0265,0.0000,0.0000,0.0000,0.0264,0.0001,200,1.4228
0.0089,0.0000,0.0000,0.0000,0.0088,0.0000,200,1.4409
0.0151,0.0000,0.0000,0.0000,0.0150,0.0001,200,1.4348
0.0118,0.0000,0.0000,0.0006,0.0106,0.0001,200,1.4386
0.0017,0.0000,0.0000,0.0000,0.0016,0.0000,200,1.4488
0.0078,0.0000,0.0000,0.0000,0.0077,0.0000,200,1.4432
0.0040,0.0000,0.0000,0.0000,0.0039,0.0001,200,1.4499
0.0207,0.0000,0.0000,0.0000,0.0206,0.0000,200,1.4332
0.0246,0.0000,0.0000,0.0000,0.0245,0.0000,200,1.4295
0.0196,0.0000,0.0000,0.0000,0.0195,0.0000,200,1.4345
0.0664,0.0000,0.0000,0.0006,0.0657,0.0001,200,1.3878
0.0134,0.0000,0.0000,0.0005,0.0121,0.0000,200,1.4408
0.0206,0.0000,0.0000,0.0000,0.0202,0.0003,200,1.4336
0.0659,0.0000,0.0000,0.0000,0.0658,0.0000,200,1.3884
0.0228,0.0000,0.0000,0.0000,0.0221,0.0006,200,1.4324
0.0076,0.0000,0.0000,0.0000,0.0074,0.0001,200,1.4477
0.0143,0.0000,0.0000,0.0005,0.0135,0.0002,200,1.4411
0.0497,0.0000,0.0000,0.0000,0.0495,0.0000,200,1.4061
0.0290,0.0000,0.0000,0.0000,0.0289,0.0001,200,1.4268
0.0022,0.0000,0.0000,0.0000,0.0021,0.0000,200,1.4542
0.0025,0.0000,0.0000,0.0000,0.0024,0.0001,200,1.4541
0.0033,0.0000,0.0000,0.0000,0.0030,0.0002,200,1.4539
0.0145,0.0000,0.0000,0.0000,0.0142,0.0003,200,1.4434
0.0385,0.0000,0.0000,0.0000,0.0385,0.0000,200,1.4195
0.0259,0.0000,0.0000,0.0000,0.0259,0.0000,200,1.4322
0.0025,0.0000,0.0000,0.0000,0.0023,0.0002,200,1.4558
0.0118,0.0000,0.0000,0.0000,0.0104,0.0013,200,1.4481
0.0090,0.0000,0.0000,0.0000,0.0089,0.0000,200,1.4510
0.0250,0.0000,0.0000,0.0000,0.0247,0.0001,200,1.4354
0.0137,0.0000,0.0000,0.0000,0.0136,0.0000,200,1.4468
0.0062,0.0000,0.0000,0.0000,0.0061,0.0000,200,1.4543
0.0793,0.0000,0.0000,0.0000,0.0788,0.0004,200,1.3812
0.0246,0.0000,0.0000,0.0002,0.0238,0.0005,200,1.4359
0.0067,0.0000,0.0000,0.0000,0.0066,0.0000,200,1.4542
0.0393,0.0000,0.0000,0.0000,0.0392,0.0000,200,1.4221
0.0020,0.0000,0.0000,0.0000,0.0019,0.0001,200,1.4599
0.0068,0.0000,0.0000,0.0000,0.0067,0.0001,200,1.4552
0.0084,0.0000,0.0000,0.0000,0.0083,0.0000,200,1.4541
0.0015,0.0000,0.0000,0.0000,0.0014,0.0001,200,1.4614
0.0049,0.0000,0.0000,0.0000,0.0048,0.0000,200,1.4581
0.0390,0.0000,0.0000,0.0002,0.0388,0.0000,200,1.4245
0.0360,0.0000,0.0000,0.0000,0.0359,0.0001,200,1.4280
0.0273,0.0000,0.0000,0.0000,0.0272,0.0000,200,1.4373
0.0076,0.0000,0.0000,0.0000,0.0075,0.0000,200,1.4572
0.0149,0.0000,0.0000,0.0000,0.0148,0.0000,200,1.4504
0.0210,0.0000,0.0000,0.0000,0.0208,0.0002,200,1.4449
0.0239,0.0000,0.0000,0.0000,0.0237,0.0000,200,1.4422
0.0057,0.0000,0.0000,0.0000,0.0046,0.0011,200,1.4619
0.0191,0.0000,0.0000,0.0000,0.0190,0.0000,200,1.4486
0.0077,0.0000,0.0000,0.0000,0.0072,0.0002,200,1.4601
0.0312,0.0000,0.0000,0.0000,0.0311,0.0000,200,1.4366
0.0097,0.0000,0.0000,0.0000,0.0092,0.0005,200,1.4581
0.0252,0.0000,0.0000,0.0000,0.0251,0.0001,200,1.4429
0.0187,0.0000,0.0000,0.0000,0.0186,0.0001,200,1.4498
0.0250,0.0000,0.0000,0.0000,0.0249,0.0000,200,1.4440
0.0066,0.0000,0.0000,0.0000,0.0065,0.0001,200,1.4625
0.0096,0.0000,0.0000,0.0000,0.0093,0.0004,200,1.4605
0.0097,0.0000,0.0000,0.0000,0.0096,0.0000,200,1.4604
0.0099,0.0000,0.0000,0.0000,0.0094,0.0006,200,1.4608
0.0288,0.0000,0.0000,0.0000,0.0288,0.0000,200,1.4422
0.0033,0.0000,0.0000,0.0000,0.0032,0.0000,200,1.4678
0.0030,0.0000,0.0000,0.0000,0.0030,0.0000,200,1.4681
0.0029,0.0000,0.0000,0.0000,0.0027,0.0002,200,1.4685
0.0055,0.0000,0.0000,0.0000,0.0054,0.0000,200,1.4661
0.0118,0.0000,0.0000,0.0000,0.0117,0.0000,200,1.4603
0.0159,0.0000,0.0000,0.0000,0.0159,0.0000,200,1.4566
0.0189,0.0000,0.0000,0.0000,0.0189,0.0000,200,1.4540
0.0309,0.0000,0.0000,0.0000,0.0307,0.0002,200,1.4423
0.0054,0.0000,0.0000,0.0000,0.0053,0.0000,200,1.4678
0.0173,0.0000,0.0000,0.0000,0.0172,0.0000,200,1.4564
0.0094,0.0000,0.0000,0.0000,0.0093,0.0001,200,1.4648
0.0204,0.0000,0.0000,0.0000,0.0202,0.0002,200,1.4541
0.0090,0.0000,0.0000,0.0000,0.0089,0.0000,200,1.4660
0.0127,0.0000,0.0000,0.0000,0.0126,0.0000,200,1.4629
0.0207,0.0000,0.0000,0.0000,0.0206,0.0000,200,1.4552
0.0053,0.0000,0.0000,0.0000,0.0052,0.0000,200,1.4711
0.0266,0.0000,0.0000,0.0000,0.0265,0.0001,200,1.4504
0.0398,0.0000,0.0000,0.0000,0.0397,0.0000,200,1.4372
0.0063,0.0000,0.0000,0.0000,0.0061,0.0002,200,1.4711
0.0055,0.0000,0.0000,0.0000,0.0054,0.0001,200,1.4721
0.0686,0.0000,0.0000,0.0000,0.0685,0.0000,200,1.4092
0.0306,0.0000,0.0000,0.0000,0.0305,0.0000,200,1.4477
0.0472,0.0000,0.0000,0.0000,0.0471,0.0001,200,1.4318
0.0165,0.0000,0.0000,0.0000,0.0163,0.0002,200,1.4630
0.0070,0.0000,0.0000,0.0000,0.0069,0.0000,200,1.4725
0.0125,0.0000,0.0000,0.0000,0.0124,0.0000,200,1.4677
0.0091,0.0000,0.0000,0.0000,0.0090,0.0001,200,1.4716
0.0188,0.0000,0.0000,0.0000,0.0187,0.0000,200,1.4621
0.0323,0.0000,0.0000,0.0000,0.0322,0.0001,200,1.4493
0.0120,0.0000,0.0000,0.0000,0.0119,0.0000,200,1.4701
0.0117,0.0000,0.0000,0.0000,0.0116,0.0000,200,1.4708
0.0138,0.0000,0.0000,0.0000,0.0137,0.0000,200,1.4691
0.0186,0.0000,0.0000,0.0000,0.0185,0.0000,200,1.4645
0.0051,0.0000,0.0000,0.0000,0.0050,0.0000,200,1.4783
0.0017,0.0000,0.0000,0.0000,0.0017,0.0000,200,1.4816
0.0027,0.0000,0.0000,0.0001,0.0025,0.0000,200,1.4809
0.0017,0.0000,0.0000,0.0000,0.0016,0.0001,200,1.4826
0.0012,0.0000,0.0000,0.0000,0.0011,0.0000,200,1.4832
0.0045,0.0000,0.0000,0.0000,0.0042,0.0001,200,1.4807
0.0572,0.0000,0.0000,0.0000,0.0571,0.0000,200,1.4283
0.0024,0.0000,0.0000,0.0000,0.0023,0.0001,200,1.4834
0.0276,0.0000,0.0000,0.0000,0.0274,0.0001,200,1.4583
0.0257,0.0000,0.0000,0.0001,0.0256,0.0000,200,1.4605
0.0138,0.0000,0.0000,0.0000,0.0137,0.0000,200,1.4729
0.0269,0.0000,0.0000,0.0000,0.0268,0.0001,200,1.4605
0.0145,0.0000,0.0000,0.0000,0.0144,0.0000,200,1.4732
0.0507,0.0000,0.0000,0.0000,0.0506,0.0000,200,1.4373
0.0136,0.0000,0.0000,0.0000,0.0134,0.0001,200,1.4746
0.0033,0.0000,0.0000,0.0001,0.0030,0.0001,200,1.4852
0.0308,0.0000,0.0000,0.0003,0.0304,0.0001,200,1.4579
0.0181,0.0000,0.0000,0.0000,0.0180,0.0000,200,1.4711
0.0163,0.0000,0.0000,0.0000,0.0161,0.0000,200,1.4731
0.0212,0.0000,0.0000,0.0000,0.0211,0.0001,200,1.4690
0.0069,0.0000,0.0000,0.0000,0.0068,0.0001,200,1.4836
0.0577,0.0000,0.0000,0.0002,0.0575,0.0000,200,1.4330
0.0121,0.0000,0.0000,0.0000,0.0120,0.0000,200,1.4789
0.0083,0.0000,0.0000,0.0000,0.0083,0.0000,200,1.4829
0.0493,0.0000,0.0000,0.0000,0.0492,0.0001,200,1.4423
0.0216,0.0000,0.0000,0.0000,0.0215,0.0000,200,1.4702
0.0157,0.0000,0.0000,0.0000,0.0155,0.0001,200,1.4764
0.0208,0.0000,0.0000,0.0000,0.0207,0.0001,200,1.4715
0.0160,0.0000,0.0000,0.0000,0.0155,0.0004,200,1.4770
0.0128,0.0000,0.0000,0.0000,0.0127,0.0000,200,1.4802
0.0156,0.0000,0.0000,0.0000,0.0155,0.0001,200,1.4778
0.0262,0.0000,0.0000,0.0000,0.0261,0.0001,200,1.4677
0.0292,0.0000,0.0000,0.0000,0.0291,0.0000,200,1.4654
0.0199,0.0000,0.0000,0.0000,0.0197,0.0001,200,1.4756
0.0278,0.0000,0.0000,0.0000,0.0277,0.0000,200,1.4678
0.0046,0.0000,0.0000,0.0000,0.0037,0.0008,200,1.4912
0.0101,0.0000,0.0000,0.0000,0.0100,0.0000,200,1.4858
0.0406,0.0000,0.0000,0.0000,0.0403,0.0002,200,1.4558
0.0057,0.0000,0.0000,0.0000,0.0056,0.0001,200,1.4907
0.0324,0.0000,0.0000,0.0000,0.0322,0.0001,200,1.4642
0.0179,0.0000,0.0000,0.0000,0.0177,0.0001,200,1.4794
0.0114,0.0000,0.0000,0.0000,0.0113,0.0001,200,1.4861
0.0102,0.0000,0.0000,0.0000,0.0101,0.0001,200,1.4876
0.0139,0.0000,0.0000,0.0000,0.0138,0.0000,200,1.4842
0.0101,0.0000,0.0000,0.0000,0.0100,0.0001,200,1.4885
0.0032,0.0000,0.0000,0.0000,0.0030,0.0001,200,1.4959
0.0134,0.0000,0.0000,0.0000,0.0133,0.0000,200,1.4859
0.0231,0.0000,0.0000,0.0000,0.0228,0.0002,200,1.4774
0.0052,0.0000,0.0000,0.0000,0.0048,0.0002,200,1.4954
0.0270,0.0000,0.0000,0.0000,0.0269,0.0001,200,1.4736
0.0188,0.0000,0.0000,0.0000,0.0187,0.0001,200,1.4821
0.0110,0.0000,0.0000,0.0000,0.0109,0.0001,200,1.4902
0.0135,0.0000,0.0000,0.0000,0.0134,0.0001,200,1.4880
0.0162,0.0000,0.0000,0.0001,0.0159,0.0001,200,1.4855
0.0757,0.0000,0.0000,0.0000,0.0754,0.0003,200,1.4263
0.0127,0.0000,0.0000,0.0000,0.0126,0.0000,200,1.4894
0.0032,0.0000,0.0000,0.0000,0.0031,0.0000,200,1.4993
0.0276,0.0000,0.0000,0.0000,0.0273,0.0002,200,1.4750
0.0053,0.0000,0.0000,0.0000,0.0051,0.0001,200,1.4976
0.0094,0.0000,0.0000,0.0000,0.0090,0.0004,200,1.4945
0.0031,0.0000,0.0000,0.0003,0.0026,0.0002,200,1.5009
0.0284,0.0000,0.0000,0.0000,0.0282,0.0002,200,1.4760
0.0143,0.0000,0.0000,0.0000,0.0141,0.0001,200,1.4905
0.0219,0.0000,0.0000,0.0000,0.0217,0.0001,200,1.4834
0.0172,0.0000,0.0000,0.0000,0.0171,0.0001,200,1.4887
0.0506,0.0000,0.0000,0.0000,0.0502,0.0004,200,1.4553
0.0594,0.0000,0.0000,0.0000,0.0592,0.0002,200,1.4470
0.0126,0.0000,0.0000,0.0000,0.0125,0.0000,200,1.4938
0.0184,0.0000,0.0000,0.0000,0.0184,0.0000,200,1.4882
0.0152,0.0000,0.0000,0.0000,0.0151,0.0001,200,1.4918
0.0155,0.0000,0.0000,0.0000,0.0154,0.0000,200,1.4921
0.0143,0.0000,0.0000,0.0000,0.0142,0.0000,200,1.4934
0.0175,0.0000,0.0000,0.0000,0.0172,0.0003,200,1.4910
0.0033,0.0000,0.0000,0.0000,0.0033,0.0000,200,1.5052
0.0127,0.0000,0.0000,0.0001,0.0125,0.0001,200,1.4964
0.0029,0.0000,0.0000,0.0001,0.0027,0.0000,200,1.5064
0.0056,0.0000,0.0000,0.0000,0.0054,0.0000,200,1.5040
0.0175,0.0000,0.0000,0.0002,0.0173,0.0000,200,1.4922
0.0081,0.0000,0.0000,0.0000,0.0080,0.0000,200,1.5021
0.0099,0.0000,0.0000,0.0000,0.0098,0.0001,200,1.5006
0.0116,0.0000,0.0000,0.0001,0.0114,0.0001,200,1.4991
0.0158,0.0000,0.0000,0.0000,0.0157,0.0000,200,1.4958
0.0188,0.0000,0.0000,0.0000,0.0188,0.0000,200,1.4930
0.0034,0.0000,0.0000,0.0000,0.0032,0.0001,200,1.5091
0.0149,0.0000,0.0000,0.0000,0.0148,0.0000,200,1.4981
0.0017,0.0000,0.0000,0.0000,0.0016,0.0000,200,1.5116
0.0040,0.0000,0.0000,0.0000,0.0039,0.0000,200,1.5095
0.0052,0.0000,0.0000,0.0000,0.0049,0.0000,200,1.5086
0.0251,0.0000,0.0000,0.0000,0.0250,0.0000,200,1.4892
0.0129,0.0000,0.0000,0.0000,0.0127,0.0000,200,1.5015
0.0285,0.0000,0.0000,0.0000,0.0283,0.0001,200,1.4867
0.0145,0.0000,0.0000,0.0000,0.0144,0.0000,200,1.5012
0.0231,0.0000,0.0000,0.0000,0.0230,0.0000,200,1.4930
0.0288,0.0000,0.0000,0.0000,0.0288,0.0000,200,1.4874
0.0390,0.0000,0.0000,0.0000,0.0389,0.0000,200,1.4776
0.0009,0.0000,0.0000,0.0000,0.0008,0.0000,200,1.5161
0.0432,0.0000,0.0000,0.0000,0.0431,0.0000,200,1.4742
0.0198,0.0000,0.0000,0.0000,0.0198,0.0000,200,1.4978
0.0131,0.0000,0.0000,0.0009,0.0121,0.0001,200,1.5048
0.0210,0.0000,0.0000,0.0001,0.0207,0.0002,200,1.4974
0.0397,0.0000,0.0000,0.0000,0.0396,0.0001,200,1.4795
0.0077,0.0000,0.0000,0.0000,0.0076,0.0000,200,1.5118
0.0241,0.0000,0.0000,0.0000,0.0240,0.0000,200,1.4956
0.0128,0.0000,0.0000,0.0000,0.0127,0.0001,200,1.5076
0.0256,0.0000,0.0000,0.0000,0.0250,0.0005,200,1.4964
0.0130,0.0000,0.0000,0.0000,0.0129,0.0001,200,1.5093
0.0132,0.0000,0.0000,0.0000,0.0132,0.0001,200,1.5102
0.0083,0.0000,0.0000,0.0000,0.0081,0.0001,200,1.5157
0.0107,0.0000,0.0000,0.0000,0.0106,0.0001,200,1.5135
0.0243,0.0000,0.0000,0.0000,0.0242,0.0000,200,1.5006
0.0126,0.0000,0.0000,0.0000,0.0125,0.0001,200,1.5130
0.0086,0.0000,0.0000,0.0000,0.0085,0.0001,200,1.5176
0.0062,0.0000,0.0000,0.0000,0.0059,0.0002,200,1.5204
0.0071,0.0000,0.0000,0.0000,0.0070,0.0000,200,1.5197
0.0118,0.0000,0.0000,0.0000,0.0117,0.0000,200,1.5152
0.0094,0.0000,0.0000,0.0000,0.0090,0.0004,200,1.5184
0.0262,0.0000,0.0000,0.0000,0.0261,0.0000,200,1.5017
0.0252,0.0000,0.0000,0.0000,0.0251,0.0000,200,1.5029
0.0147,0.0000,0.0000,0.0000,0.0146,0.0000,200,1.5138
0.0100,0.0000,0.0000,0.0000,0.0099,0.0000,200,1.5195
0.0300,0.0000,0.0000,0.0000,0.0299,0.0001,200,1.5004
0.0136,0.0000,0.0000,0.0000,0.0136,0.0000,200,1.5174
0.0247,0.0000,0.0000,0.0000,0.0244,0.0002,200,1.5064
0.0100,0.0000,0.0000,0.0000,0.0097,0.0003,200,1.5219
0.0080,0.0000,0.0000,0.0000,0.0073,0.0007,200,1.5239
0.0149,0.0000,0.0000,0.0000,0.0148,0.0001,200,1.5178
0.0173,0.0000,0.0000,0.0000,0.0172,0.0001,200,1.5162
0.0433,0.0000,0.0000,0.0000,0.0431,0.0002,200,1.4916
0.0332,0.0000,0.0000,0.0001,0.0329,0.0002,200,1.5026
0.0094,0.0000,0.0000,0.0000,0.0093,0.0000,200,1.5268
0.0080,0.0000,0.0000,0.0000,0.0079,0.0000,200,1.5285
0.0089,0.0000,0.0000,0.0000,0.0086,0.0000,200,1.5278
0.0068,0.0000,0.0000,0.0016,0.0051,0.0001,200,1.5305
0.0357,0.0000,0.0000,0.0000,0.0356,0.0000,200,1.5021
0.0318,0.0000,0.0000,0.0000,0.0317,0.0001,200,1.5066
0.0062,0.0000,0.0000,0.0000,0.0061,0.0001,200,1.5327
0.0085,0.0000,0.0000,0.0003,0.0081,0.0000,200,1.5311
0.0034,0.0000,0.0000,0.0000,0.0033,0.0001,200,1.5365
0.0214,0.0000,0.0000,0.0000,0.0213,0.0001,200,1.5192
0.0286,0.0000,0.0000,0.0000,0.0285,0.0001,200,1.5133
0.0251,0.0000,0.0000,0.0000,0.0249,0.0002,200,1.5170
0.0197,0.0000,0.0000,0.0000,0.0196,0.0001,200,1.5223
0.0297,0.0000,0.0000,0.0000,0.0296,0.0000,200,1.5125
0.0397,0.0000,0.0000,0.0001,0.0394,0.0002,200,1.5025
0.0319,0.0000,0.0000,0.0000,0.0319,0.0000,200,1.5105
0.0381,0.0000,0.0000,0.0001,0.0380,0.0000,200,1.5044
0.0035,0.0000,0.0000,0.0000,0.0034,0.0001,200,1.5399
0.0078,0.0000,0.0000,0.0000,0.0077,0.0000,200,1.5358
0.0132,0.0000,0.0000,0.0001,0.0130,0.0001,200,1.5311
0.0337,0.0000,0.0000,0.0000,0.0336,0.0000,200,1.5107
0.0046,0.0000,0.0000,0.0000,0.0045,0.0001,200,1.5406
0.0613,0.0000,0.0000,0.0000,0.0612,0.0001,200,1.4843
0.0496,0.0000,0.0000,0.0002,0.0492,0.0001,200,1.4966
0.0015,0.0000,0.0000,0.0000,0.0013,0.0001,200,1.5452
0.0095,0.0000,0.0000,0.0000,0.0093,0.0002,200,1.5378
0.0237,0.0000,0.0000,0.0000,0.0236,0.0001,200,1.5242
0.0423,0.0000,0.0000,0.0000,0.0417,0.0000,200,1.5060
0.0027,0.0000,0.0000,0.0000,0.0026,0.0000,200,1.5462
0.0395,0.0000,0.0000,0.0000,0.0395,0.0000,200,1.5098
0.0733,0.0000,0.0000,0.0000,0.0732,0.0000,200,1.4769
0.0256,0.0000,0.0000,0.0000,0.0255,0.0000,200,1.5249
0.0116,0.0000,0.0000,0.0000,0.0115,0.0000,200,1.5396
0.0049,0.0000,0.0000,0.0000,0.0047,0.0001,200,1.5467
0.0285,0.0000,0.0000,0.0000,0.0284,0.0000,200,1.5234
0.0051,0.0000,0.0000,0.0000,0.0050,0.0001,200,1.5473
0.0103,0.0000,0.0000,0.0000,0.0102,0.0001,200,1.5424
0.0898,0.0000,0.0000,0.0000,0.0896,0.0001,200,1.4635
0.0149,0.0000,0.0000,0.0000,0.0148,0.0000,200,1.5390
0.0062,0.0000,0.0000,0.0000,0.0060,0.0002,200,1.5479
0.0508,0.0000,0.0000,0.0001,0.0506,0.0000,200,1.5040
0.0021,0.0000,0.0000,0.0002,0.0016,0.0000,200,1.5528
0.0566,0.0000,0.0000,0.0000,0.0564,0.0001,200,1.4986
0.1190,0.0000,0.0000,0.0020,0.1149,0.0003,200,1.4378
0.0483,0.0000,0.0000,0.0000,0.0482,0.0000,200,1.5085
0.0055,0.0000,0.0000,0.0000,0.0054,0.0001,200,1.5516
0.0082,0.0000,0.0000,0.0000,0.0082,0.0000,200,1.5489
0.0152,0.0000,0.0000,0.0000,0.0151,0.0001,200,1.5421
0.0138,0.0000,0.0000,0.0000,0.0137,0.0000,200,1.5434
0.0134,0.0000,0.0000,0.0000,0.0133,0.0001,200,1.5443
0.0301,0.0000,0.0000,0.0000,0.0299,0.0000,200,1.5281
0.0046,0.0000,0.0000,0.0000,0.0045,0.0000,200,1.5539
0.0258,0.0000,0.0000,0.0001,0.0254,0.0002,200,1.5335
0.0025,0.0000,0.0000,0.0000,0.0024,0.0000,200,1.5571
0.0024,0.0000,0.0000,0.0000,0.0023,0.0001,200,1.5572
0.0435,0.0000,0.0000,0.0000,0.0433,0.0000,200,1.5166
0.0042,0.0000,0.0000,0.0000,0.0035,0.0006,200,1.5568
0.0191,0.0000,0.0000,0.0000,0.0190,0.0000,200,1.5420
0.0128,0.0000,0.0000,0.0000,0.0127,0.0000,200,1.5483
0.0025,0.0000,0.0000,0.0000,0.0024,0.0000,200,1.5593
0.0343,0.0000,0.0000,0.0000,0.0341,0.0001,200,1.5279
0.0102,0.0000,0.0000,0.0000,0.0102,0.0001,200,1.5523
0.0173,0.0000,0.0000,0.0000,0.0172,0.0000,200,1.5456
0.0030,0.0000,0.0000,0.0000,0.0029,0.0000,200,1.5600
0.0379,0.0000,0.0000,0.0001,0.0377,0.0000,200,1.5256
0.0559,0.0000,0.0000,0.0000,0.0556,0.0002,200,1.5077
0.0571,0.0000,0.0000,0.0000,0.0570,0.0001,200,1.5070
0.0017,0.0000,0.0000,0.0000,0.0016,0.0000,200,1.5630
0.0073,0.0000,0.0000,0.0000,0.0071,0.0001,200,1.5582
0.0279,0.0000,0.0000,0.0000,0.0277,0.0001,200,1.5385
0.0034,0.0000,0.0000,0.0000,0.0033,0.0000,200,1.5629
0.0138,0.0000,0.0000,0.0000,0.0137,0.0001,200,1.5532
0.0356,0.0000,0.0000,0.0000,0.0354,0.0001,200,1.5319
0.0163,0.0000,0.0000,0.0000,0.0163,0.0000,200,1.5519
0.0418,0.0000,0.0000,0.0000,0.0416,0.0001,200,1.5266
0.0415,0.0000,0.0000,0.0003,0.0410,0.0001,200,1.5271
0.0147,0.0000,0.0000,0.0000,0.0146,0.0000,200,1.5542
0.1391,0.0000,0.0000,0.0000,0.1390,0.0001,200,1.4305
0.0110,0.0000,0.0000,0.0000,0.0108,0.0002,200,1.5622
0.0069,0.0000,0.0000,0.0001,0.0067,0.0000,200,1.5663
0.0137,0.0000,0.0000,0.0000,0.0137,0.0000,200,1.5596
0.0079,0.0000,0.0000,0.0000,0.0079,0.0000,200,1.5654
0.0591,0.0000,0.0000,0.0000,0.0591,0.0000,200,1.5143
0.0231,0.0000,0.0000,0.0000,0.0231,0.0000,200,1.5503
0.0386,0.0000,0.0000,0.0000,0.0385,0.0000,200,1.5349
0.0051,0.0000,0.0000,0.0000,0.0047,0.0001,200,1.5685
0.0311,0.0000,0.0000,0.0000,0.0309,0.0000,200,1.5425
0.0293,0.0000,0.0000,0.0000,0.0290,0.0000,200,1.5444
0.0102,0.0000,0.0000,0.0000,0.0102,0.0000,200,1.5635
0.0063,0.0000,0.0000,0.0000,0.0062,0.0000,200,1.5675
0.0128,0.0000,0.0000,0.0000,0.0127,0.0000,200,1.5610
0.0326,0.0000,0.0000,0.0000,0.0324,0.0001,200,1.5422
0.0176,0.0000,0.0000,0.0000,0.0167,0.0009,200,1.5571
0.0695,0.0000,0.0000,0.0000,0.0695,0.0000,200,1.5060
0.0066,0.0000,0.0000,0.0000,0.0065,0.0000,200,1.5689
0.0138,0.0000,0.0000,0.0000,0.0138,0.0000,200,1.5618
0.0462,0.0000,0.0000,0.0000,0.0461,0.0000,200,1.5294
0.0390,0.0000,0.0000,0.0000,0.0390,0.0000,200,1.5366
0.0146,0.0000,0.0000,0.0000,0.0145,0.0001,200,1.5611
0.0385,0.0000,0.0000,0.0000,0.0384,0.0001,200,1.5372
0.0253,0.0000,0.0000,0.0000,0.0251,0.0000,200,1.5505
0.0012,0.0000,0.0000,0.0000,0.0011,0.0000,200,1.5748
0.0117,0.0000,0.0000,0.0000,0.0115,0.0001,200,1.5647
0.0221,0.0000,0.0000,0.0000,0.0219,0.0002,200,1.5548
0.0635,0.0000,0.0000,0.0000,0.0634,0.0001,200,1.5144
0.0045,0.0000,0.0000,0.0000,0.0044,0.0000,200,1.5734
0.0021,0.0000,0.0000,0.0000,0.0020,0.0001,200,1.5760
0.0465,0.0000,0.0000,0.0000,0.0463,0.0002,200,1.5319
0.0276,0.0000,0.0000,0.0000,0.0274,0.0003,200,1.5512
0.0057,0.0000,0.0000,0.0000,0.0056,0.0000,200,1.5732
0.0061,0.0000,0.0000,0.0000,0.0060,0.0000,200,1.5733
0.0044,0.0000,0.0000,0.0000,0.0043,0.0000,200,1.5755
0.0067,0.0000,0.0000,0.0000,0.0066,0.0000,200,1.5736
0.0025,0.0000,0.0000,0.0001,0.0023,0.0001,200,1.5785
0.0391,0.0000,0.0000,0.0000,0.0388,0.0000,200,1.5422
0.0093,0.0000,0.0000,0.0000,0.0089,0.0004,200,1.5733
0.0033,0.0000,0.0000,0.0000,0.0032,0.0001,200,1.5794
0.0216,0.0000,0.0000,0.0000,0.0212,0.0004,200,1.5611
0.0260,0.0000,0.0000,0.0000,0.0255,0.0005,200,1.5568
0.0070,0.0000,0.0000,0.0000,0.0065,0.0004,200,1.5758
0.0077,0.0000,0.0000,0.0000,0.0076,0.0000,200,1.5756
0.0417,0.0000,0.0000,0.0000,0.0416,0.0000,200,1.5421
0.0355,0.0000,0.0000,0.0000,0.0354,0.0001,200,1.5493
0.0069,0.0000,0.0000,0.0000,0.0068,0.0000,200,1.5779
0.0300,0.0000,0.0000,0.0000,0.0300,0.0000,200,1.5549
0.0165,0.0000,0.0000,0.0000,0.0165,0.0000,200,1.5684
0.0492,0.0000,0.0000,0.0000,0.0491,0.0001,200,1.5362
0.0021,0.0000,0.0000,0.0000,0.0019,0.0002,200,1.5837
0.0114,0.0000,0.0000,0.0000,0.0113,0.0000,200,1.5748
0.0035,0.0000,0.0000,0.0000,0.0034,0.0000,200,1.5827
0.0134,0.0000,0.0000,0.0000,0.0133,0.0001,200,1.5734
0.0092,0.0000,0.0000,0.0000,0.0090,0.0001,200,1.5781
0.0144,0.0000,0.0000,0.0000,0.0142,0.0002,200,1.5738
0.0010,0.0000,0.0000,0.0000,0.0009,0.0001,200,1.5873
0.0132,0.0000,0.0000,0.0000,0.0132,0.0000,200,1.5756
0.0225,0.0000,0.0000,0.0000,0.0223,0.0002,200,1.5671
0.0133,0.0000,0.0000,0.0000,0.0132,0.0000,200,1.5763
0.0175,0.0000,0.0000,0.0000,0.0174,0.0000,200,1.5732
0.0079,0.0000,0.0000,0.0000,0.0078,0.0000,200,1.5828
0.0335,0.0000,0.0000,0.0000,0.0334,0.0000,200,1.5573
0.0176,0.0000,0.0000,0.0000,0.0175,0.0000,200,1.5736
0.0088,0.0000,0.0000,0.0000,0.0087,0.0001,200,1.5826
0.0064,0.0000,0.0000,0.0000,0.0063,0.0001,200,1.5854
0.0325,0.0000,0.0000,0.0000,0.0324,0.0000,200,1.5596
0.0380,0.0000,0.0000,0.0000,0.0379,0.0000,200,1.5552
0.0015,0.0000,0.0000,0.0000,0.0014,0.0000,200,1.5918
0.0145,0.0000,0.0000,0.0000,0.0144,0.0001,200,1.5788
0.0206,0.0000,0.0000,0.0000,0.0204,0.0001,200,1.5735
0.0048,0.0000,0.0000,0.0000,0.0047,0.0000,200,1.5896
0.0101,0.0000,0.0000,0.0000,0.0100,0.0000,200,1.5849
0.0042,0.0000,0.0000,0.0000,0.0041,0.0000,200,1.5912
0.0089,0.0000,0.0000,0.0000,0.0089,0.0000,200,1.5868
0.0030,0.0000,0.0000,0.0000,0.0028,0.0001,200,1.5933
0.0052,0.0000,0.0000,0.0000,0.0051,0.0001,200,1.5915
0.0390,0.0000,0.0000,0.0000,0.0388,0.0002,200,1.5585
0.0119,0.0000,0.0000,0.0000,0.0118,0.0000,200,1.5859
0.0078,0.0000,0.0000,0.0000,0.0076,0.0001,200,1.5907
0.0145,0.0000,0.0000,0.0000,0.0142,0.0002,200,1.5848
0.0424,0.0000,0.0000,0.0000,0.0422,0.0001,200,1.5576
0.0049,0.0000,0.0000,0.0000,0.0048,0.0000,200,1.5954
0.0144,0.0000,0.0000,0.0000,0.0143,0.0001,200,1.5862
0.0277,0.0000,0.0000,0.0000,0.0276,0.0001,200,1.5737
0.0217,0.0000,0.0000,0.0000,0.0216,0.0001,200,1.5803
0.0063,0.0000,0.0000,0.0000,0.0061,0.0000,200,1.5962
0.0375,0.0000,0.0000,0.0003,0.0371,0.0000,200,1.5663
0.0131,0.0000,0.0000,0.0000,0.0129,0.0001,200,1.5908
0.0232,0.0000,0.0000,0.0000,0.0231,0.0000,200,1.5809
0.0290,0.0000,0.0000,0.0000,0.0290,0.0000,200,1.5757
0.0106,0.0000,0.0000,0.0001,0.0104,0.0000,200,1.5944
0.0302,0.0000,0.0000,0.0000,0.0301,0.0001,200,1.5757
0.0425,0.0000,0.0000,0.0001,0.0421,0.0002,200,1.5636
0.0335,0.0000,0.0000,0.0000,0.0334,0.0001,200,1.5738
0.0449,0.0000,0.0000,0.0000,0.0448,0.0001,200,1.5626
0.0273,0.0000,0.0000,0.0000,0.0272,0.0001,200,1.5813
0.0111,0.0000,0.0000,0.0000,0.0105,0.0004,200,1.5975
0.0044,0.0000,0.0000,0.0001,0.0040,0.0001,200,1.6050
0.0417,0.0000,0.0000,0.0000,0.0416,0.0000,200,1.5682
0.0459,0.0000,0.0000,0.0000,0.0459,0.0000,200,1.5641
0.0368,0.0000,0.0000,0.0000,0.0368,0.0000,200,1.5737
0.0247,0.0000,0.0000,0.0000,0.0246,0.0000,200,1.5862
0.0041,0.0000,0.0000,0.0000,0.0039,0.0001,200,1.6074
0.0363,0.0000,0.0000,0.0000,0.0362,0.0000,200,1.5755
0.0029,0.0000,0.0000,0.0000,0.0028,0.0000,200,1.6094
0.0104,0.0000,0.0000,0.0000,0.0103,0.0000,200,1.6021
0.0280,0.0000,0.0000,0.0000,0.0279,0.0001,200,1.5849
0.0283,0.0000,0.0000,0.0000,0.0283,0.0000,200,1.5848
0.0205,0.0000,0.0000,0.0000,0.0203,0.0001,200,1.5933
0.0257,0.0000,0.0000,0.0001,0.0255,0.0000,200,1.5883
0.0035,0.0000,0.0000,0.0000,0.0034,0.0000,200,1.6105
0.0060,0.0000,0.0000,0.0000,0.0059,0.0001,200,1.6086
0.0091,0.0000,0.0000,0.0000,0.0090,0.0001,200,1.6061
0.0027,0.0000,0.0000,0.0000,0.0026,0.0000,200,1.6125
0.0086,0.0000,0.0000,0.0000,0.0085,0.0001,200,1.6072
0.0334,0.0000,0.0000,0.0000,0.0333,0.0000,200,1.5827
0.0109,0.0000,0.0000,0.0000,0.0106,0.0002,200,1.6059
0.0344,0.0000,0.0000,0.0000,0.0342,0.0001,200,1.5828
0.0039,0.0000,0.0000,0.0000,0.0038,0.0000,200,1.6140
0.0046,0.0000,0.0000,0.0000,0.0045,0.0001,200,1.6139
0.0164,0.0000,0.0000,0.0001,0.0161,0.0001,200,1.6025
0.0193,0.0000,0.0000,0.0001,0.0191,0.0000,200,1.6000
0.0761,0.0000,0.0000,0.0000,0.0760,0.0000,200,1.5436
0.0208,0.0000,0.0000,0.0000,0.0208,0.0000,200,1.5992
0.0296,0.0000,0.0000,0.0000,0.0294,0.0001,200,1.5907
0.0271,0.0000,0.0000,0.0002,0.0268,0.0000,200,1.5941
0.0041,0.0000,0.0000,0.0000,0.0040,0.0000,200,1.6172
0.0233,0.0000,0.0000,0.0000,0.0232,0.0001,200,1.5985
0.0072,0.0000,0.0000,0.0000,0.0071,0.0000,200,1.6152
0.0037,0.0000,0.0000,0.0000,0.0036,0.0000,200,1.6189
0.0040,0.0000,0.0000,0.0000,0.0035,0.0005,200,1.6185
0.0071,0.0000,0.0000,0.0000,0.0069,0.0000,200,1.6159
0.0124,0.0000,0.0000,0.0000,0.0123,0.0001,200,1.6109
0.0149,0.0000,0.0000,0.0000,0.0149,0.0000,200,1.6086
0.0305,0.0000,0.0000,0.0000,0.0304,0.0001,200,1.5933
0.0048,0.0000,0.0000,0.0000,0.0047,0.0001,200,1.6197
0.0111,0.0000,0.0000,0.0000,0.0109,0.0002,200,1.6138
0.0049,0.0000,0.0000,0.0000,0.0048,0.0000,200,1.6201
0.0496,0.0000,0.0000,0.0000,0.0495,0.0000,200,1.5758
0.0036,0.0000,0.0000,0.0000,0.0034,0.0001,200,1.6226
0.0368,0.0000,0.0000,0.0001,0.0367,0.0000,200,1.5896
0.0309,0.0000,0.0000,0.0000,0.0308,0.0000,200,1.5958
0.0040,0.0000,0.0000,0.0004,0.0035,0.0001,200,1.6233
0.0036,0.0000,0.0000,0.0002,0.0034,0.0000,200,1.6239
0.0241,0.0000,0.0000,0.0000,0.0236,0.0000,200,1.6038
0.0149,0.0000,0.0000,0.0000,0.0148,0.0001,200,1.6131
0.0078,0.0000,0.0000,0.0000,0.0076,0.0002,200,1.6213
0.0326,0.0000,0.0000,0.0000,0.0326,0.0000,200,1.5967
0.0321,0.0000,0.0000,0.0000,0.0320,0.0001,200,1.5978
0.0029,0.0000,0.0000,0.0000,0.0028,0.0001,200,1.6272
0.0190,0.0000,0.0000,0.0000,0.0189,0.0000,200,1.6118
0.0088,0.0000,0.0000,0.0000,0.0087,0.0001,200,1.6224
0.0022,0.0000,0.0000,0.0000,0.0019,0.0000,200,1.6291
0.0087,0.0000,0.0000,0.0000,0.0086,0.0000,200,1.6230
0.0276,0.0000,0.0000,0.0000,0.0276,0.0000,200,1.6048
0.0052,0.0000,0.0000,0.0000,0.0051,0.0000,200,1.6275
0.0138,0.0000,0.0000,0.0000,0.0129,0.0009,200,1.6202
0.0460,0.0000,0.0000,0.0000,0.0449,0.0010,200,1.5889
0.0180,0.0000,0.0000,0.0000,0.0177,0.0003,200,1.6168
0.0190,0.0000,0.0000,0.0000,0.0174,0.0016,200,1.6161
0.0415,0.0000,0.0000,0.0000,0.0414,0.0001,200,1.5950
0.0104,0.0000,0.0000,0.0000,0.0103,0.0000,200,1.6264
0.0156,0.0000,0.0000,0.0000,0.0154,0.0001,200,1.6218
0.0495,0.0000,0.0000,0.0000,0.0493,0.0001,200,1.5882
0.0226,0.0000,0.0000,0.0000,0.0225,0.0000,200,1.6152
0.0057,0.0000,0.0000,0.0000,0.0057,0.0000,200,1.6324
0.0133,0.0000,0.0000,0.0000,0.0132,0.0000,200,1.6250
0.0288,0.0000,0.0000,0.0000,0.0288,0.0000,200,1.6099
0.0352,0.0000,0.0000,0.0001,0.0350,0.0001,200,1.6042
0.0097,0.0000,0.0000,0.0000,0.0096,0.0001,200,1.6298
0.0050,0.0000,0.0000,0.0001,0.0048,0.0000,200,1.6349
0.0034,0.0000,0.0000,0.0000,0.0033,0.0001,200,1.6369
0.0112,0.0000,0.0000,0.0000,0.0111,0.0000,200,1.6293
0.0642,0.0000,0.0000,0.0000,0.0641,0.0000,200,1.5769
0.0615,0.0000,0.0000,0.0000,0.0615,0.0000,200,1.5799
0.0185,0.0000,0.0000,0.0000,0.0184,0.0001,200,1.6235
0.0180,0.0000,0.0000,0.0000,0.0179,0.0001,200,1.6249
0.0655,0.0000,0.0000,0.0000,0.0654,0.0000,200,1.5779
0.0099,0.0000,0.0000,0.0000,0.0098,0.0000,200,1.6340
0.0050,0.0000,0.0000,0.0000,0.0048,0.0001,200,1.6396
0.0074,0.0000,0.0000,0.0000,0.0071,0.0001,200,1.6374
0.0330,0.0000,0.0000,0.0000,0.0329,0.0001,200,1.6123
0.0537,0.0000,0.0000,0.0000,0.0536,0.0000,200,1.5921
0.0673,0.0000,0.0000,0.0000,0.0671,0.0001,200,1.5789
0.0082,0.0000,0.0000,0.0000,0.0081,0.0000,200,1.6381
0.0194,0.0000,0.0000,0.0001,0.0192,0.0001,200,1.6280
0.0128,0.0000,0.0000,0.0000,0.0126,0.0001,200,1.6351
0.0184,0.0000,0.0000,0.0000,0.0183,0.0001,200,1.6302
0.0163,0.0000,0.0000,0.0000,0.0161,0.0000,200,1.6327
0.0227,0.0000,0.0000,0.0000,0.0226,0.0000,200,1.6267
0.0079,0.0000,0.0000,0.0000,0.0077,0.0002,200,1.6420
0.0249,0.0000,0.0000,0.0000,0.0246,0.0001,200,1.6261
0.0109,0.0000,0.0000,0.0000,0.0107,0.0002,200,1.6403
0.0682,0.0000,0.0000,0.0000,0.0681,0.0001,200,1.5833
0.0341,0.0000,0.0000,0.0000,0.0340,0.0001,200,1.6179
0.0332,0.0000,0.0000,0.0000,0.0331,0.0000,200,1.6192
0.0181,0.0000,0.0000,0.0006,0.0174,0.0000,200,1.6348
0.0521,0.0000,0.0000,0.0000,0.0520,0.0000,200,1.6014
0.0408,0.0000,0.0000,0.0000,0.0408,0.0000,200,1.6131
0.0081,0.0000,0.0000,0.0000,0.0080,0.0001,200,1.6458
0.0153,0.0000,0.0000,0.0000,0.0152,0.0001,200,1.6393
0.0294,0.0000,0.0000,0.0000,0.0291,0.0002,200,1.6254
0.0436,0.0000,0.0000,0.0000,0.0435,0.0000,200,1.6115
0.0102,0.0000,0.0000,0.0000,0.0101,0.0001,200,1.6453
0.0520,0.0000,0.0000,0.0000,0.0519,0.0000,200,1.6039
0.0463,0.0000,0.0000,0.0000,0.0462,0.0001,200,1.6100
0.0868,0.0000,0.0000,0.0000,0.0868,0.0000,200,1.5696
0.0193,0.0000,0.0000,0.0007,0.0184,0.0002,200,1.6378
0.0425,0.0000,0.0000,0.0000,0.0424,0.0000,200,1.6145
0.0065,0.0000,0.0000,0.0000,0.0064,0.0001,200,1.6512
0.0058,0.0000,0.0000,0.0000,0.0057,0.0000,200,1.6519
0.0098,0.0000,0.0000,0.0000,0.0097,0.0001,200,1.6486
0.0146,0.0000,0.0000,0.0000,0.0145,0.0000,200,1.6440
0.0344,0.0000,0.0000,0.0000,0.0342,0.0000,200,1.6245
0.0028,0.0000,0.0000,0.0000,0.0027,0.0001,200,1.6564
0.0281,0.0000,0.0000,0.0001,0.0277,0.0001,200,1.6317
0.0029,0.0000,0.0000,0.0000,0.0028,0.0001,200,1.6570
0.0012,0.0000,0.0000,0.0000,0.0011,0.0000,200,1.6592
0.0394,0.0000,0.0000,0.0000,0.0393,0.0001,200,1.6212
0.0150,0.0000,0.0000,0.0000,0.0147,0.0003,200,1.6461
0.0034,0.0000,0.0000,0.0000,0.0034,0.0000,200,1.6578
0.0311,0.0000,0.0000,0.0000,0.0311,0.0000,200,1.6308
0.0151,0.0000,0.0000,0.0000,0.0150,0.0000,200,1.6474
0.0215,0.0000,0.0000,0.0000,0.0215,0.0000,200,1.6411
0.0141,0.0000,0.0000,0.0000,0.0140,0.0000,200,1.6489
0.0136,0.0000,0.0000,0.0000,0.0135,0.0001,200,1.6499
0.0141,0.0000,0.0000,0.0000,0.0140,0.0000,200,1.6494
0.0160,0.0000,0.0000,0.0000,0.0159,0.0000,200,1.6479
0.0261,0.0000,0.0000,0.0000,0.0260,0.0001,200,1.6382
0.0061,0.0000,0.0000,0.0000,0.0059,0.0000,200,1.6589
0.0253,0.0000,0.0000,0.0001,0.0251,0.0001,200,1.6405
0.0282,0.0000,0.0000,0.0000,0.0281,0.0000,200,1.6376
0.0033,0.0000,0.0000,0.0000,0.0032,0.0000,200,1.6626
0.0023,0.0000,0.0000,0.0000,0.0022,0.0001,200,1.6643
0.0113,0.0000,0.0000,0.0000,0.0112,0.0000,200,1.6555
0.0058,0.0000,0.0000,0.0000,0.0057,0.0001,200,1.6612
0.0279,0.0000,0.0000,0.0000,0.0277,0.0001,200,1.6398
0.0368,0.0000,0.0000,0.0000,0.0367,0.0000,200,1.6312
0.0138,0.0000,0.0000,0.0000,0.0135,0.0000,200,1.6548
0.0027,0.0000,0.0000,0.0000,0.0026,0.0000,200,1.6658
0.0132,0.0000,0.0000,0.0000,0.0131,0.0000,200,1.6559
0.0085,0.0000,0.0000,0.0000,0.0084,0.0001,200,1.6612
0.0184,0.0000,0.0000,0.0001,0.0182,0.0001,200,1.6516
0.0131,0.0000,0.0000,0.0000,0.0131,0.0000,200,1.6571
0.0154,0.0000,0.0000,0.0000,0.0153,0.0000,200,1.6551
0.0712,0.0000,0.0000,0.0000,0.0711,0.0000,200,1.6002
0.0151,0.0000,0.0000,0.0000,0.0150,0.0000,200,1.6564
0.0029,0.0000,0.0000,0.0000,0.0028,0.0000,200,1.6685
0.0408,0.0000,0.0000,0.0000,0.0407,0.0000,200,1.6313
0.0062,0.0000,0.0000,0.0000,0.0061,0.0000,200,1.6659
0.0122,0.0000,0.0000,0.0000,0.0121,0.0001,200,1.6599
0.0274,0.0000,0.0000,0.0000,0.0273,0.0000,200,1.6452
0.0201,0.0000,0.0000,0.0000,0.0200,0.0000,200,1.6530
0.0086,0.0000,0.0000,0.0000,0.0084,0.0002,200,1.6650
0.0070,0.0000,0.0000,0.0000,0.0068,0.0001,200,1.6669
0.0232,0.0000,0.0000,0.0000,0.0231,0.0000,200,1.6510
0.0314,0.0000,0.0000,0.0000,0.0313,0.0000,200,1.6434
0.0111,0.0000,0.0000,0.0000,0.0110,0.0000,200,1.6639
0.0293,0.0000,0.0000,0.0000,0.0292,0.0001,200,1.6464
0.0157,0.0000,0.0000,0.0000,0.0156,0.0000,200,1.6606
0.0239,0.0000,0.0000,0.0000,0.0235,0.0003,200,1.6524
0.0336,0.0000,0.0000,0.0000,0.0335,0.0001,200,1.6429
0.0144,0.0000,0.0000,0.0000,0.0143,0.0000,200,1.6625
0.0234,0.0000,0.0000,0.0000,0.0233,0.0000,200,1.6540
0.0183,0.0000,0.0000,0.0000,0.0182,0.0001,200,1.6597
0.0370,0.0000,0.0000,0.0000,0.0369,0.0001,200,1.6414
0.0067,0.0000,0.0000,0.0000,0.0066,0.0000,200,1.6721
0.0099,0.0000,0.0000,0.0000,0.0098,0.0000,200,1.6691
0.0014,0.0000,0.0000,0.0000,0.0012,0.0002,200,1.6784
0.0217,0.0000,0.0000,0.0001,0.0215,0.0000,200,1.6586
0.0228,0.0000,0.0000,0.0000,0.0227,0.0000,200,1.6584
0.0064,0.0000,0.0000,0.0000,0.0063,0.0001,200,1.6748
0.0148,0.0000,0.0000,0.0000,0.0147,0.0000,200,1.6677
0.0094,0.0000,0.0000,0.0000,0.0093,0.0000,200,1.6731
0.0036,0.0000,0.0000,0.0000,0.0035,0.0000,200,1.6790
0.0136,0.0000,0.0000,0.0000,0.0135,0.0001,200,1.6697
0.0038,0.0000,0.0000,0.0000,0.0037,0.0001,200,1.6798
0.0056,0.0000,0.0000,0.0000,0.0055,0.0000,200,1.6781
0.0484,0.0000,0.0000,0.0000,0.0482,0.0001,200,1.6365
0.0216,0.0000,0.0000,0.0000,0.0215,0.0000,200,1.6635
0.0133,0.0000,0.0000,0.0000,0.0129,0.0001,200,1.6721
0.0132,0.0000,0.0000,0.0000,0.0131,0.0001,200,1.6726
0.0095,0.0000,0.0000,0.0000,0.0094,0.0000,200,1.6763
0.0121,0.0000,0.0000,0.0000,0.0120,0.0001,200,1.6742
0.0036,0.0000,0.0000,0.0000,0.0035,0.0000,200,1.6836
0.0117,0.0000,0.0000,0.0000,0.0116,0.0001,200,1.6756
0.0169,0.0000,0.0000,0.0000,0.0168,0.0001,200,1.6705
0.0014,0.0000,0.0000,0.0000,0.0013,0.0001,200,1.6874
0.0886,0.0000,0.0000,0.0000,0.0885,0.0000,200,1.6006
0.0043,0.0000,0.0000,0.0001,0.0042,0.0000,200,1.6849
0.0262,0.0000,0.0000,0.0000,0.0261,0.0000,200,1.6630
0.0040,0.0000,0.0000,0.0000,0.0039,0.0001,200,1.6858
0.0010,0.0000,0.0000,0.0000,0.0009,0.0001,200,1.6892
0.0123,0.0000,0.0000,0.0000,0.0121,0.0001,200,1.6788
0.0381,0.0000,0.0000,0.0000,0.0380,0.0001,200,1.6535
0.0061,0.0000,0.0000,0.0000,0.0060,0.0000,200,1.6858
0.0240,0.0000,0.0000,0.0000,0.0239,0.0000,200,1.6680
0.0090,0.0000,0.0000,0.0000,0.0089,0.0001,200,1.6837
0.0154,0.0000,0.0000,0.0000,0.0153,0.0000,200,1.6774
0.0071,0.0000,0.0000,0.0000,0.0067,0.0000,200,1.6863
0.0061,0.0000,0.0000,0.0000,0.0060,0.0000,200,1.6873
0.0048,0.0000,0.0000,0.0000,0.0047,0.0000,200,1.6888
0.0336,0.0000,0.0000,0.0000,0.0334,0.0001,200,1.6604
0.0048,0.0000,0.0000,0.0000,0.0047,0.0000,200,1.6892
0.0221,0.0000,0.0000,0.0000,0.0221,0.0001,200,1.6721
0.0288,0.0000,0.0000,0.0000,0.0287,0.0000,200,1.6658
0.0672,0.0000,0.0000,0.0001,0.0670,0.0001,200,1.6279
0.0012,0.0000,0.0000,0.0000,0.0012,0.0000,200,1.6946
0.0018,0.0000,0.0000,0.0000,0.0017,0.0001,200,1.6940
0.0226,0.0000,0.0000,0.0000,0.0225,0.0001,200,1.6736
0.0279,0.0000,0.0000,0.0000,0.0279,0.0000,200,1.6685
0.0348,0.0000,0.0000,0.0000,0.0348,0.0001,200,1.6619
0.0168,0.0000,0.0000,0.0000,0.0167,0.0000,200,1.6803
0.0305,0.0000,0.0000,0.0000,0.0304,0.0001,200,1.6666
0.0064,0.0000,0.0000,0.0000,0.0061,0.0000,200,1.6911
0.0398,0.0000,0.0000,0.0000,0.0397,0.0000,200,1.6577
0.0156,0.0000,0.0000,0.0000,0.0156,0.0000,200,1.6825
0.0133,0.0000,0.0000,0.0000,0.0132,0.0000,200,1.6852
0.0115,0.0000,0.0000,0.0000,0.0114,0.0001,200,1.6874
0.0277,0.0000,0.0000,0.0000,0.0276,0.0000,200,1.6714
0.0293,0.0000,0.0000,0.0000,0.0292,0.0000,200,1.6702
0.0232,0.0000,0.0000,0.0000,0.0232,0.0000,200,1.6763
0.0106,0.0000,0.0000,0.0000,0.0104,0.0001,200,1.6898
0.0240,0.0000,0.0000,0.0000,0.0238,0.0001,200,1.6765
0.0039,0.0000,0.0000,0.0000,0.0038,0.0001,200,1.6968
0.0623,0.0000,0.0000,0.0000,0.0622,0.0000,200,1.6388
0.0032,0.0000,0.0000,0.0000,0.0031,0.0001,200,1.6981
0.0076,0.0000,0.0000,0.0000,0.0075,0.0000,200,1.6940
0.0058,0.0000,0.0000,0.0000,0.0057,0.0001,200,1.6964
0.0087,0.0000,0.0000,0.0000,0.0085,0.0001,200,1.6943
0.0076,0.0000,0.0000,0.0001,0.0074,0.0001,200,1.6958
0.0063,0.0000,0.0000,0.0000,0.0063,0.0000,200,1.6989
0.0119,0.0000,0.0000,0.0000,0.0118,0.0000,200,1.6933
0.0049,0.0000,0.0000,0.0000,0.0047,0.0001,200,1.7004
0.0390,0.0000,0.0000,0.0001,0.0388,0.0000,200,1.6668
0.0088,0.0000,0.0000,0.0000,0.0084,0.0003,200,1.6971
0.0037,0.0000,0.0000,0.0000,0.0034,0.0000,200,1.7029
0.0183,0.0000,0.0000,0.0000,0.0182,0.0001,200,1.6892
0.0147,0.0000,0.0000,0.0001,0.0146,0.0001,200,1.6933
0.0236,0.0000,0.0000,0.0001,0.0234,0.0001,200,1.6854
0.0159,0.0000,0.0000,0.0000,0.0158,0.0000,200,1.6936
0.0082,0.0000,0.0000,0.0000,0.0081,0.0000,200,1.7016
0.0093,0.0000,0.0000,0.0000,0.0092,0.0001,200,1.7005
0.0013,0.0000,0.0000,0.0000,0.0010,0.0001,200,1.7095
0.0571,0.0000,0.0000,0.0000,0.0571,0.0000,200,1.6540
0.0398,0.0000,0.0000,0.0000,0.0396,0.0002,200,1.6714
0.0194,0.0000,0.0000,0.0000,0.0193,0.0001,200,1.6928
0.0076,0.0000,0.0000,0.0000,0.0075,0.0001,200,1.7053
0.0301,0.0000,0.0000,0.0000,0.0300,0.0000,200,1.6833
0.0593,0.0000,0.0000,0.0000,0.0588,0.0004,200,1.6549
0.0158,0.0000,0.0000,0.0000,0.0158,0.0000,200,1.6985
0.0221,0.0000,0.0000,0.0000,0.0220,0.0000,200,1.6927
0.0089,0.0000,0.0000,0.0002,0.0087,0.0000,200,1.7066
0.0196,0.0000,0.0000,0.0001,0.0195,0.0000,200,1.6958
0.0161,0.0000,0.0000,0.0000,0.0160,0.0000,200,1.6995
0.0713,0.0000,0.0000,0.0000,0.0712,0.0000,200,1.6445
0.0212,0.0000,0.0000,0.0000,0.0211,0.0000,200,1.6951
0.0413,0.0000,0.0000,0.0000,0.0411,0.0001,200,1.6750
0.0339,0.0000,0.0000,0.0000,0.0339,0.0000,200,1.6825
0.0163,0.0000,0.0000,0.0000,0.0162,0.0000,200,1.7007
0.0437,0.0000,0.0000,0.0000,0.0435,0.0001,200,1.6740
0.0130,0.0000,0.0000,0.0000,0.0128,0.0002,200,1.7052
0.0054,0.0000,0.0000,0.0000,0.0053,0.0001,200,1.7134
0.0167,0.0000,0.0000,0.0000,0.0166,0.0000,200,1.7022
0.0219,0.0000,0.0000,0.0000,0.0218,0.0000,200,1.6975
0.0295,0.0000,0.0000,0.0000,0.0294,0.0001,200,1.6903
0.0189,0.0000,0.0000,0.0001,0.0187,0.0000,200,1.7010
0.0216,0.0000,0.0000,0.0000,0.0215,0.0001,200,1.6991
0.0119,0.0000,0.0000,0.0002,0.0109,0.0005,200,1.7089
0.0301,0.0000,0.0000,0.0000,0.0298,0.0002,200,1.6916
0.0064,0.0000,0.0000,0.0001,0.0062,0.0000,200,1.7155
0.0127,0.0000,0.0000,0.0003,0.0121,0.0000,200,1.7098
0.0113,0.0000,0.0000,0.0000,0.0112,0.0000,200,1.7112
0.0025,0.0000,0.0000,0.0000,0.0021,0.0002,200,1.7207
0.0176,0.0000,0.0000,0.0000,0.0175,0.0001,200,1.7058
0.0084,0.0000,0.0000,0.0000,0.0082,0.0001,200,1.7159
0.0042,0.0000,0.0000,0.0000,0.0042,0.0000,200,1.7208
0.0216,0.0000,0.0000,0.0000,0.0210,0.0006,200,1.7034
0.0065,0.0000,0.0000,0.0000,0.0064,0.0000,200,1.7189
0.0288,0.0000,0.0000,0.0000,0.0287,0.0000,200,1.6975
0.0252,0.0000,0.0000,0.0000,0.0251,0.0000,200,1.7013
0.0049,0.0000,0.0000,0.0001,0.0048,0.0000,200,1.7216
0.0345,0.0000,0.0000,0.0000,0.0345,0.0000,200,1.6920
0.0174,0.0000,0.0000,0.0002,0.0170,0.0001,200,1.7098
0.0215,0.0000,0.0000,0.0000,0.0214,0.0000,200,1.7059
0.0077,0.0000,0.0000,0.0000,0.0075,0.0001,200,1.7199
0.0318,0.0000,0.0000,0.0000,0.0316,0.0001,200,1.6962
0.0105,0.0000,0.0000,0.0000,0.0104,0.0001,200,1.7182
0.0033,0.0000,0.0000,0.0000,0.0033,0.0000,200,1.7254
0.0478,0.0000,0.0000,0.0000,0.0476,0.0001,200,1.6812
0.0148,0.0000,0.0000,0.0000,0.0145,0.0002,200,1.7148
0.0104,0.0000,0.0000,0.0000,0.0103,0.0000,200,1.7198
0.0192,0.0000,0.0000,0.0000,0.0189,0.0001,200,1.7111
0.0055,0.0000,0.0000,0.0000,0.0054,0.0000,200,1.7250
0.0313,0.0000,0.0000,0.0001,0.0312,0.0000,200,1.6995
0.0086,0.0000,0.0000,0.0000,0.0085,0.0001,200,1.7225
0.0168,0.0000,0.0000,0.0000,0.0167,0.0001,200,1.7155
0.0093,0.0000,0.0000,0.0000,0.0087,0.0006,200,1.7232
0.0076,0.0000,0.0000,0.0000,0.0075,0.0001,200,1.7265
0.0053,0.0000,0.0000,0.0000,0.0051,0.0001,200,1.7291
0.0210,0.0000,0.0000,0.0000,0.0202,0.0008,200,1.7143
0.0273,0.0000,0.0000,0.0000,0.0237,0.0035,200,1.7081
0.0198,0.0000,0.0000,0.0000,0.0192,0.0006,200,1.7156
0.0174,0.0000,0.0000,0.0000,0.0161,0.0012,200,1.7188
0.0059,0.0000,0.0000,0.0000,0.0054,0.0004,200,1.7305
0.0114,0.0000,0.0000,0.0005,0.0109,0.0000,200,1.7250
0.0072,0.0000,0.0000,0.0000,0.0067,0.0004,200,1.7303
0.0199,0.0000,0.0000,0.0000,0.0198,0.0000,200,1.7176
0.0030,0.0000,0.0000,0.0008,0.0020,0.0000,200,1.7354
0.0674,0.0000,0.0000,0.0000,0.0672,0.0001,200,1.6714
0.0051,0.0000,0.0000,0.0010,0.0039,0.0001,200,1.7343
0.0044,0.0000,0.0000,0.0009,0.0034,0.0001,200,1.7354
0.0181,0.0000,0.0000,0.0000,0.0181,0.0000,200,1.7219
0.0052,0.0000,0.0000,0.0009,0.0043,0.0001,200,1.7353
0.0642,0.0000,0.0000,0.0000,0.0641,0.0000,200,1.6769
0.0314,0.0000,0.0000,0.0004,0.0304,0.0005,200,1.7108
0.0787,0.0000,0.0000,0.0000,0.0786,0.0000,200,1.6635
0.0373,0.0000,0.0000,0.0000,0.0370,0.0003,200,1.7052
0.0154,0.0000,0.0000,0.0000,0.0153,0.0000,200,1.7272
0.0036,0.0000,0.0000,0.0000,0.0034,0.0001,200,1.7398
0.0080,0.0000,0.0000,0.0000,0.0078,0.0001,200,1.7363
0.0169,0.0000,0.0000,0.0000,0.0162,0.0004,200,1.7274
0.0284,0.0000,0.0000,0.0000,0.0283,0.0001,200,1.7163
0.0261,0.0000,0.0000,0.0000,0.0260,0.0001,200,1.7194
0.0032,0.0000,0.0000,0.0000,0.0030,0.0001,200,1.7426
0.0176,0.0000,0.0000,0.0000,0.0162,0.0014,200,1.7301
0.0653,0.0000,0.0000,0.0000,0.0652,0.0000,200,1.6826
0.0053,0.0000,0.0000,0.0000,0.0052,0.0000,200,1.7426
0.0244,0.0000,0.0000,0.0000,0.0243,0.0000,200,1.7235
0.0238,0.0000,0.0000,0.0000,0.0237,0.0001,200,1.7243
0.0222,0.0000,0.0000,0.0000,0.0221,0.0001,200,1.7265
0.0045,0.0000,0.0000,0.0000,0.0043,0.0001,200,1.7447
0.0015,0.0000,0.0000,0.0000,0.0014,0.0001,200,1.7479
0.0022,0.0000,0.0000,0.0000,0.0019,0.0000,200,1.7478
0.0064,0.0000,0.0000,0.0000,0.0063,0.0000,200,1.7442
0.0229,0.0000,0.0000,0.0000,0.0227,0.0001,200,1.7281
0.0205,0.0000,0.0000,0.0000,0.0204,0.0001,200,1.7308
0.0146,0.0000,0.0000,0.0000,0.0145,0.0000,200,1.7375
0.0089,0.0000,0.0000,0.0002,0.0086,0.0000,200,1.7434
0.0255,0.0000,0.0000,0.0000,0.0254,0.0001,200,1.7276
0.0050,0.0000,0.0000,0.0000,0.0050,0.0000,200,1.7487
0.0119,0.0000,0.0000,0.0000,0.0118,0.0001,200,1.7422
0.0384,0.0000,0.0000,0.0000,0.0383,0.0000,200,1.7163
0.0055,0.0000,0.0000,0.0000,0.0054,0.0000,200,1.7492
0.0071,0.0000,0.0000,0.0000,0.0067,0.0004,200,1.7477
0.0052,0.0000,0.0000,0.0002,0.0050,0.0000,200,1.7500
0.0013,0.0000,0.0000,0.0000,0.0012,0.0000,200,1.7541
0.0061,0.0000,0.0000,0.0000,0.0055,0.0001,200,1.7495
0.0436,0.0000,0.0000,0.0000,0.0435,0.0001,200,1.7124
0.0268,0.0000,0.0000,0.0000,0.0264,0.0002,200,1.7296
0.0020,0.0000,0.0000,0.0000,0.0019,0.0001,200,1.7548
0.0250,0.0000,0.0000,0.0002,0.0246,0.0000,200,1.7325
0.0405,0.0000,0.0000,0.0000,0.0405,0.0000,200,1.7170
0.0253,0.0000,0.0000,0.0002,0.0251,0.0000,200,1.7323
0.0098,0.0000,0.0000,0.0000,0.0097,0.0000,200,1.7479
0.0243,0.0000,0.0000,0.0001,0.0242,0.0000,200,1.7342
0.0210,0.0000,0.0000,0.0000,0.0209,0.0000,200,1.7375
0.0168,0.0000,0.0000,0.0000,0.0168,0.0000,200,1.7422
0.0465,0.0000,0.0000,0.0000,0.0465,0.0000,200,1.7129
0.0286,0.0000,0.0000,0.0000,0.0276,0.0000,200,1.7311
0.0193,0.0000,0.0000,0.0000,0.0191,0.0001,200,1.7410
0.0032,0.0000,0.0000,0.0000,0.0031,0.0001,200,1.7575
0.0047,0.0000,0.0000,0.0002,0.0042,0.0002,200,1.7564
0.0086,0.0000,0.0000,0.0000,0.0085,0.0001,200,1.7530
0.0099,0.0000,0.0000,0.0000,0.0098,0.0000,200,1.7523
0.0103,0.0000,0.0000,0.0001,0.0101,0.0000,200,1.7521
0.0230,0.0000,0.0000,0.0009,0.0220,0.0000,200,1.7394
0.0226,0.0000,0.0000,0.0000,0.0225,0.0001,200,1.7406
0.0234,0.0000,0.0000,0.0000,0.0233,0.0000,200,1.7400
0.0095,0.0000,0.0000,0.0000,0.0094,0.0000,200,1.7546
0.1421,0.0000,0.0000,0.0000,0.1414,0.0007,200,1.6225
0.0062,0.0000,0.0000,0.0000,0.0061,0.0000,200,1.7585
0.0054,0.0000,0.0000,0.0000,0.0050,0.0004,200,1.7603
0.0051,0.0000,0.0000,0.0000,0.0048,0.0000,200,1.7607
0.0281,0.0000,0.0000,0.0000,0.0280,0.0001,200,1.7384
0.0058,0.0000,0.0000,0.0000,0.0057,0.0000,200,1.7611
0.0025,0.0000,0.0000,0.0000,0.0024,0.0000,200,1.7647
0.0019,0.0000,0.0000,0.0000,0.0018,0.0000,200,1.7658
0.0129,0.0000,0.0000,0.0000,0.0128,0.0001,200,1.7552
0.0113,0.0000,0.0000,0.0000,0.0111,0.0001,200,1.7575
0.0719,0.0000,0.0000,0.0000,0.0719,0.0000,200,1.6972
0.0070,0.0000,0.0000,0.0000,0.0069,0.0000,200,1.7622
0.0062,0.0000,0.0000,0.0000,0.0060,0.0001,200,1.7634
0.0310,0.0000,0.0000,0.0000,0.0309,0.0001,200,1.7388
0.0081,0.0000,0.0000,0.0000,0.0079,0.0001,200,1.7624
0.0566,0.0000,0.0000,0.0000,0.0565,0.0001,200,1.7142
0.0119,0.0000,0.0000,0.0000,0.0118,0.0000,200,1.7591
0.0120,0.0000,0.0000,0.0000,0.0119,0.0000,200,1.7594
0.0431,0.0000,0.0000,0.0000,0.0431,0.0000,200,1.7288
0.0495,0.0000,0.0000,0.0000,0.0494,0.0001,200,1.7225
0.0037,0.0000,0.0000,0.0000,0.0032,0.0004,200,1.7691
0.0114,0.0000,0.0000,0.0000,0.0113,0.0000,200,1.7617
0.0658,0.0000,0.0000,0.0000,0.0656,0.0002,200,1.7075
0.0168,0.0000,0.0000,0.0000,0.0166,0.0001,200,1.7568
0.0047,0.0000,0.0000,0.0001,0.0045,0.0000,200,1.7692
0.0069,0.0000,0.0000,0.0000,0.0068,0.0001,200,1.7676
0.0170,0.0000,0.0000,0.0000,0.0170,0.0000,200,1.7576
0.0115,0.0000,0.0000,0.0000,0.0114,0.0000,200,1.7634
0.0126,0.0000,0.0000,0.0000,0.0125,0.0001,200,1.7624
0.0059,0.0000,0.0000,0.0000,0.0056,0.0002,200,1.7696
0.0074,0.0000,0.0000,0.0000,0.0069,0.0001,200,1.7688
0.0204,0.0000,0.0000,0.0000,0.0203,0.0000,200,1.7560
0.0034,0.0000,0.0000,0.0000,0.0033,0.0000,200,1.7739
0.0069,0.0000,0.0000,0.0000,0.0068,0.0000,200,1.7704
0.0409,0.0000,0.0000,0.0000,0.0408,0.0000,200,1.7364
0.0016,0.0000,0.0000,0.0000,0.0015,0.0000,200,1.7761
0.0965,0.0000,0.0000,0.0001,0.0964,0.0000,200,1.6812
0.0031,0.0000,0.0000,0.0000,0.0029,0.0000,200,1.7750
0.0138,0.0000,0.0000,0.0000,0.0136,0.0001,200,1.7647
0.1091,0.0000,0.0000,0.0000,0.1090,0.0001,200,1.6700
0.0200,0.0000,0.0000,0.0000,0.0199,0.0001,200,1.7598
0.0024,0.0000,0.0000,0.0000,0.0023,0.0000,200,1.7781
0.0170,0.0000,0.0000,0.0000,0.0169,0.0000,200,1.7641
0.0097,0.0000,0.0000,0.0000,0.0095,0.0001,200,1.7714
0.0359,0.0000,0.0000,0.0001,0.0355,0.0002,200,1.7457
0.0089,0.0000,0.0000,0.0000,0.0088,0.0000,200,1.7733
0.0248,0.0000,0.0000,0.0000,0.0247,0.0001,200,1.7576
0.0347,0.0000,0.0000,0.0000,0.0346,0.0000,200,1.7481
0.0172,0.0000,0.0000,0.0000,0.0170,0.0001,200,1.7658
0.0125,0.0000,0.0000,0.0000,0.0123,0.0001,200,1.7708
0.0041,0.0000,0.0000,0.0000,0.0040,0.0000,200,1.7797
0.0022,0.0000,0.0000,0.0000,0.0020,0.0001,200,1.7822
0.0073,0.0000,0.0000,0.0000,0.0072,0.0000,200,1.7773
0.0017,0.0000,0.0000,0.0000,0.0016,0.0001,200,1.7833
0.0099,0.0000,0.0000,0.0000,0.0098,0.0000,200,1.7755
0.0079,0.0000,0.0000,0.0000,0.0078,0.0000,200,1.7778
0.0132,0.0000,0.0000,0.0000,0.0131,0.0000,200,1.7728
0.0134,0.0000,0.0000,0.0000,0.0133,0.0000,200,1.7731
0.0039,0.0000,0.0000,0.0000,0.0038,0.0001,200,1.7831
0.0025,0.0000,0.0000,0.0000,0.0021,0.0004,200,1.7854
0.0367,0.0000,0.0000,0.0000,0.0365,0.0000,200,1.7513
0.0044,0.0000,0.0000,0.0000,0.0042,0.0002,200,1.7839
0.0115,0.0000,0.0000,0.0000,0.0114,0.0001,200,1.7772
0.0600,0.0000,0.0000,0.0000,0.0599,0.0000,200,1.7287
0.0382,0.0000,0.0000,0.0000,0.0381,0.0001,200,1.7510
0.0145,0.0000,0.0000,0.0000,0.0144,0.0000,200,1.7749
0.0126,0.0000,0.0000,0.0000,0.0113,0.0000,200,1.7773
0.0637,0.0000,0.0000,0.0000,0.0635,0.0002,200,1.7265
0.0198,0.0000,0.0000,0.0000,0.0197,0.0001,200,1.7710
0.0371,0.0000,0.0000,0.0000,0.0370,0.0000,200,1.7538
0.0068,0.0000,0.0000,0.0000,0.0067,0.0001,200,1.7845
0.0129,0.0000,0.0000,0.0000,0.0128,0.0001,200,1.7784
0.0037,0.0000,0.0000,0.0000,0.0036,0.0000,200,1.7882
0.0064,0.0000,0.0000,0.0000,0.0062,0.0000,200,1.7860
0.0047,0.0000,0.0000,0.0001,0.0044,0.0001,200,1.7879
0.0028,0.0000,0.0000,0.0000,0.0027,0.0001,200,1.7899
0.0127,0.0000,0.0000,0.0000,0.0127,0.0000,200,1.7805
0.0266,0.0000,0.0000,0.0000,0.0264,0.0000,200,1.7669
0.0433,0.0000,0.0000,0.0000,0.0432,0.0000,200,1.7506
0.0115,0.0000,0.0000,0.0001,0.0113,0.0001,200,1.7828
0.0139,0.0000,0.0000,0.0000,0.0138,0.0000,200,1.7811
0.0589,0.0000,0.0000,0.0000,0.0588,0.0000,200,1.7364
0.0019,0.0000,0.0000,0.0001,0.0017,0.0001,200,1.7939
0.0521,0.0000,0.0000,0.0000,0.0519,0.0001,200,1.7443
0.0047,0.0000,0.0000,0.0000,0.0046,0.0000,200,1.7923
0.0080,0.0000,0.0000,0.0000,0.0079,0.0001,200,1.7893
0.0109,0.0000,0.0000,0.0000,0.0108,0.0001,200,1.7869
0.0038,0.0000,0.0000,0.0000,0.0037,0.0000,200,1.7943
0.0035,0.0000,0.0000,0.0000,0.0034,0.0000,200,1.7949
0.0073,0.0000,0.0000,0.0000,0.0072,0.0000,200,1.7914
0.0093,0.0000,0.0000,0.0000,0.0090,0.0003,200,1.7902
0.0207,0.0000,0.0000,0.0000,0.0206,0.0000,200,1.7792
0.0303,0.0000,0.0000,0.0000,0.0302,0.0000,200,1.7698
0.0552,0.0000,0.0000,0.0000,0.0551,0.0001,200,1.7455
0.0291,0.0000,0.0000,0.0000,0.0291,0.0000,200,1.7719
0.0277,0.0000,0.0000,0.0000,0.0275,0.0000,200,1.7736
0.0130,0.0000,0.0000,0.0000,0.0128,0.0001,200,1.7887
0.0047,0.0000,0.0000,0.0000,0.0047,0.0000,200,1.7970
0.0036,0.0000,0.0000,0.0000,0.0035,0.0000,200,1.7984
0.0245,0.0000,0.0000,0.0000,0.0245,0.0000,200,1.7778
0.0096,0.0000,0.0000,0.0000,0.0095,0.0001,200,1.7932
0.0284,0.0000,0.0000,0.0000,0.0282,0.0000,200,1.7747
0.0022,0.0000,0.0000,0.0000,0.0021,0.0000,200,1.8010
0.0147,0.0000,0.0000,0.0000,0.0145,0.0001,200,1.7892
0.0046,0.0000,0.0000,0.0000,0.0045,0.0001,200,1.8023
0.0119,0.0000,0.0000,0.0000,0.0118,0.0001,200,1.7953
0.0074,0.0000,0.0000,0.0000,0.0073,0.0000,200,1.7998
0.0056,0.0000,0.0000,0.0000,0.0056,0.0001,200,1.8018
0.0519,0.0000,0.0000,0.0000,0.0517,0.0001,200,1.7555
0.0403,0.0000,0.0000,0.0000,0.0402,0.0000,200,1.7681
0.0071,0.0000,0.0000,0.0000,0.0033,0.0038,200,1.8013
0.0180,0.0000,0.0000,0.0000,0.0180,0.0000,200,1.7908
0.0096,0.0000,0.0000,0.0000,0.0094,0.0002,200,1.8007
0.0030,0.0000,0.0000,0.0000,0.0029,0.0001,200,1.8074
0.0074,0.0000,0.0000,0.0000,0.0057,0.0018,200,1.8031
0.0157,0.0000,0.0000,0.0000,0.0156,0.0001,200,1.7958
0.0279,0.0000,0.0000,0.0000,0.0278,0.0001,200,1.7844
0.0366,0.0000,0.0000,0.0000,0.0365,0.0001,200,1.7764
0.0117,0.0000,0.0000,0.0000,0.0115,0.0001,200,1.8021
0.0166,0.0000,0.0000,0.0000,0.0160,0.0005,200,1.7973
0.0213,0.0000,0.0000,0.0000,0.0212,0.0001,200,1.7926
0.0241,0.0000,0.0000,0.0002,0.0239,0.0000,200,1.7926
0.0302,0.0000,0.0000,0.0000,0.0302,0.0000,200,1.7864
0.0351,0.0000,0.0000,0.0000,0.0350,0.0000,200,1.7816
0.0045,0.0000,0.0000,0.0000,0.0044,0.0000,200,1.8123
0.0167,0.0000,0.0000,0.0000,0.0143,0.0024,200,1.8001
0.0288,0.0000,0.0000,0.0000,0.0286,0.0002,200,1.7887
0.0245,0.0000,0.0000,0.0000,0.0244,0.0001,200,1.7935
0.0441,0.0000,0.0000,0.0000,0.0440,0.0001,200,1.7745
0.0104,0.0000,0.0000,0.0000,0.0103,0.0001,200,1.8084
0.0086,0.0000,0.0000,0.0000,0.0082,0.0004,200,1.8115
0.0223,0.0000,0.0000,0.0000,0.0221,0.0002,200,1.7981
0.0179,0.0000,0.0000,0.0000,0.0179,0.0000,200,1.8030
0.0307,0.0000,0.0000,0.0000,0.0306,0.0001,200,1.7908
0.0081,0.0000,0.0000,0.0000,0.0078,0.0001,200,1.8139
0.0026,0.0000,0.0000,0.0003,0.0021,0.0001,200,1.8202
0.0205,0.0000,0.0000,0.0000,0.0203,0.0001,200,1.8032
0.0571,0.0000,0.0000,0.0000,0.0571,0.0000,200,1.7671
0.0143,0.0000,0.0000,0.0000,0.0140,0.0000,200,1.8104
0.0178,0.0000,0.0000,0.0000,0.0173,0.0004,200,1.8069
0.0404,0.0000,0.0000,0.0000,0.0402,0.0001,200,1.7850
0.0092,0.0000,0.0000,0.0000,0.0090,0.0002,200,1.8167
0.0599,0.0000,0.0000,0.0000,0.0598,0.0001,200,1.7669
0.0307,0.0000,0.0000,0.0000,0.0301,0.0004,200,1.7963
0.0134,0.0000,0.0000,0.0000,0.0133,0.0000,200,1.8139
0.0031,0.0000,0.0000,0.0002,0.0028,0.0001,200,1.8248
0.0728,0.0000,0.0000,0.0000,0.0726,0.0001,200,1.7555
0.1363,0.0000,0.0000,0.0000,0.1362,0.0000,200,1.6919
0.0212,0.0000,0.0000,0.0000,0.0211,0.0000,200,1.8072
0.0113,0.0000,0.0000,0.0001,0.0109,0.0001,200,1.8174
0.0570,0.0000,0.0000,0.0000,0.0569,0.0001,200,1.7720
0.0206,0.0000,0.0000,0.0000,0.0205,0.0000,200,1.8089
0.0052,0.0000,0.0000,0.0000,0.0052,0.0000,200,1.8243
0.0136,0.0000,0.0000,0.0000,0.0135,0.0001,200,1.8167
0.0063,0.0000,0.0000,0.0000,0.0061,0.0001,200,1.8254
0.0025,0.0000,0.0000,0.0000,0.0023,0.0001,200,1.8295
0.0441,0.0000,0.0000,0.0000,0.0439,0.0001,200,1.7880
0.0052,0.0000,0.0000,0.0000,0.0051,0.0001,200,1.8273
0.0028,0.0000,0.0000,0.0000,0.0027,0.0000,200,1.8303
0.0205,0.0000,0.0000,0.0000,0.0203,0.0001,200,1.8130
0.0024,0.0000,0.0000,0.0000,0.0022,0.0001,200,1.8320
0.0352,0.0000,0.0000,0.0001,0.0350,0.0001,200,1.7996
0.0074,0.0000,0.0000,0.0000,0.0070,0.0004,200,1.8284
0.0079,0.0000,0.0000,0.0000,0.0072,0.0007,200,1.8282
0.1232,0.0000,0.0000,0.0000,0.1230,0.0002,200,1.7164
0.0121,0.0000,0.0000,0.0000,0.0118,0.0002,200,1.8282
0.0145,0.0000,0.0000,0.0000,0.0144,0.0001,200,1.8259
0.0077,0.0000,0.0000,0.0000,0.0075,0.0001,200,1.8332
0.0599,0.0000,0.0000,0.0000,0.0597,0.0001,200,1.7824
0.0440,0.0000,0.0000,0.0000,0.0438,0.0002,200,1.7986
0.0241,0.0000,0.0000,0.0000,0.0239,0.0002,200,1.8186
0.0345,0.0000,0.0000,0.0000,0.0344,0.0001,200,1.8084
0.0082,0.0000,0.0000,0.0002,0.0078,0.0000,200,1.8359
0.0044,0.0000,0.0000,0.0001,0.0042,0.0000,200,1.8396
0.0303,0.0000,0.0000,0.0000,0.0302,0.0000,200,1.8137
0.0531,0.0000,0.0000,0.0000,0.0530,0.0001,200,1.7913
0.0639,0.0000,0.0000,0.0000,0.0637,0.0001,200,1.7811
0.0051,0.0000,0.0000,0.0000,0.0047,0.0003,200,1.8409
0.0603,0.0000,0.0000,0.0000,0.0602,0.0000,200,1.7856
0.0242,0.0000,0.0000,0.0000,0.0240,0.0001,200,1.8220
0.0290,0.0000,0.0000,0.0000,0.0289,0.0000,200,1.8179
0.0032,0.0000,0.0000,0.0000,0.0031,0.0001,200,1.8450
0.0946,0.0000,0.0000,0.0000,0.0945,0.0001,200,1.7547
0.0225,0.0000,0.0000,0.0000,0.0224,0.0001,200,1.8268
0.0291,0.0000,0.0000,0.0000,0.0290,0.0000,200,1.8204
0.0916,0.0000,0.0000,0.0000,0.0915,0.0001,200,1.7585
0.0296,0.0000,0.0000,0.0000,0.0295,0.0001,200,1.8209
0.0197,0.0000,0.0000,0.0000,0.0195,0.0000,200,1.8318
0.0046,0.0000,0.0000,0.0000,0.0032,0.0001,200,1.8482
0.0129,0.0000,0.0000,0.0001,0.0127,0.0001,200,1.8404
0.0350,0.0000,0.0000,0.0001,0.0348,0.0001,200,1.8215
0.0227,0.0000,0.0000,0.0000,0.0225,0.0001,200,1.8347
0.0251,0.0000,0.0000,0.0000,0.0250,0.0001,200,1.8336
0.0301,0.0000,0.0000,0.0000,0.0300,0.0001,200,1.8295
0.0165,0.0000,0.0000,0.0000,0.0165,0.0000,200,1.8440
0.0153,0.0000,0.0000,0.0000,0.0153,0.0000,200,1.8461
0.0184,0.0000,0.0000,0.0000,0.0183,0.0000,200,1.8440
0.0444,0.0000,0.0000,0.0001,0.0441,0.0001,200,1.8188
0.0475,0.0000,0.0000,0.0000,0.0474,0.0000,200,1.8168
0.0385,0.0000,0.0000,0.0000,0.0384,0.0001,200,1.8270
0.0207,0.0000,0.0000,0.0000,0.0206,0.0001,200,1.8459
0.0147,0.0000,0.0000,0.0000,0.0146,0.0001,200,1.8528
0.0030,0.0000,0.0000,0.0000,0.0029,0.0001,200,1.8656
0.0073,0.0000,0.0000,0.0000,0.0070,0.0002,200,1.8625
0.0187,0.0000,0.0000,0.0000,0.0185,0.0002,200,1.8533
0.0225,0.0000,0.0000,0.0000,0.0223,0.0002,200,1.8506
0.0445,0.0000,0.0000,0.0000,0.0444,0.0000,200,1.8290
0.0289,0.0000,0.0000,0.0000,0.0288,0.0000,200,1.8460
0.0306,0.0000,0.0000,0.0000,0.0304,0.0001,200,1.8445
0.0741,0.0000,0.0000,0.0000,0.0739,0.0002,200,1.8017
0.0531,0.0000,0.0000,0.0000,0.0528,0.0001,200,1.8237
0.0179,0.0000,0.0000,0.0000,0.0178,0.0001,200,1.8597
0.0035,0.0000,0.0000,0.0000,0.0035,0.0000,200,1.8748
0.0042,0.0000,0.0000,0.0000,0.0041,0.0001,200,1.8751
0.0727,0.0000,0.0000,0.0000,0.0726,0.0001,200,1.8074
0.0484,0.0000,0.0000,0.0000,0.0483,0.0000,200,1.8325
0.0497,0.0000,0.0000,0.0000,0.0496,0.0001,200,1.8320
0.0402,0.0000,0.0000,0.0000,0.0402,0.0001,200,1.8426
0.0153,0.0000,0.0000,0.0000,0.0152,0.0001,200,1.8685
0.0066,0.0000,0.0000,0.0000,0.0065,0.0001,200,1.8784
0.0634,0.0000,0.0000,0.0000,0.0633,0.0001,200,1.8227
0.0898,0.0000,0.0000,0.0000,0.0896,0.0001,200,1.7978
0.0972,0.0000,0.0000,0.0001,0.0970,0.0001,200,1.7919
0.0408,0.0000,0.0000,0.0000,0.0407,0.0001,200,1.8495
0.0152,0.0000,0.0000,0.0000,0.0149,0.0001,200,1.8759
0.0406,0.0000,0.0000,0.0000,0.0405,0.0001,200,1.8514
0.0159,0.0000,0.0000,0.0000,0.0157,0.0001,200,1.8768
0.0307,0.0000,0.0000,0.0000,0.0306,0.0001,200,1.8642
0.0150,0.0000,0.0000,0.0000,0.0149,0.0000,200,1.8801
0.0880,0.0000,0.0000,0.0000,0.0879,0.0001,200,1.8072
0.0596,0.0000,0.0000,0.0003,0.0593,0.0000,200,1.8362
0.0083,0.0000,0.0000,0.0001,0.0082,0.0000,200,1.8876
0.0021,0.0000,0.0000,0.0000,0.0020,0.0001,200,1.8951
0.0031,0.0000,0.0000,0.0000,0.0028,0.0002,200,1.8950
0.0076,0.0000,0.0000,0.0000,0.0074,0.0002,200,1.8911
0.0748,0.0000,0.0000,0.0000,0.0743,0.0004,200,1.8247
0.0369,0.0000,0.0000,0.0000,0.0368,0.0001,200,1.8633
0.0719,0.0000,0.0000,0.0000,0.0718,0.0001,200,1.8286
0.0116,0.0000,0.0000,0.0000,0.0115,0.0001,200,1.8903
0.0353,0.0000,0.0000,0.0000,0.0351,0.0001,200,1.8675
0.0935,0.0000,0.0000,0.0000,0.0934,0.0001,200,1.8103
0.0208,0.0000,0.0000,0.0000,0.0207,0.0001,200,1.8838
0.0778,0.0000,0.0000,0.0001,0.0776,0.0001,200,1.8278
0.0066,0.0000,0.0000,0.0000,0.0065,0.0001,200,1.9002
0.0383,0.0000,0.0000,0.0000,0.0381,0.0001,200,1.8697
0.0134,0.0000,0.0000,0.0000,0.0133,0.0001,200,1.8958
0.0687,0.0000,0.0000,0.0000,0.0686,0.0001,200,1.8426
0.0635,0.0000,0.0000,0.0000,0.0632,0.0002,200,1.8493
0.0753,0.0000,0.0000,0.0000,0.0751,0.0001,200,1.8403
0.0300,0.0000,0.0000,0.0000,0.0298,0.0001,200,1.8862
0.0379,0.0000,0.0000,0.0000,0.0377,0.0001,200,1.8793
0.0329,0.0000,0.0000,0.0000,0.0328,0.0001,200,1.8849
0.0153,0.0000,0.0000,0.0000,0.0149,0.0001,200,1.9039
0.0769,0.0000,0.0000,0.0000,0.0767,0.0001,200,1.8430
0.0027,0.0000,0.0000,0.0001,0.0025,0.0000,200,1.9179
0.0224,0.0000,0.0000,0.0001,0.0216,0.0000,200,1.8994
0.0649,0.0000,0.0000,0.0001,0.0647,0.0001,200,1.8574
0.0033,0.0000,0.0000,0.0000,0.0032,0.0001,200,1.9198
0.0343,0.0000,0.0000,0.0000,0.0341,0.0001,200,1.8891
0.0036,0.0000,0.0000,0.0000,0.0035,0.0001,200,1.9206
0.0261,0.0000,0.0000,0.0000,0.0259,0.0001,200,1.8987
0.0205,0.0000,0.0000,0.0000,0.0204,0.0001,200,1.9046
0.0035,0.0000,0.0000,0.0000,0.0032,0.0003,200,1.9224
0.0091,0.0000,0.0000,0.0000,0.0091,0.0000,200,1.9172
0.0185,0.0000,0.0000,0.0001,0.0181,0.0000,200,1.9080
0.0456,0.0000,0.0000,0.0000,0.0455,0.0000,200,1.8809
0.0297,0.0000,0.0000,0.0000,0.0296,0.0001,200,1.8972
0.0250,0.0000,0.0000,0.0001,0.0248,0.0000,200,1.9028
0.0333,0.0000,0.0000,0.0000,0.0330,0.0002,200,1.8953
0.0671,0.0000,0.0000,0.0000,0.0670,0.0000,200,1.8615
0.0685,0.0000,0.0000,0.0000,0.0684,0.0000,200,1.8606
0.0102,0.0000,0.0000,0.0000,0.0101,0.0000,200,1.9192
0.0034,0.0000,0.0000,0.0000,0.0033,0.0001,200,1.9263
0.0345,0.0000,0.0000,0.0000,0.0344,0.0001,200,1.8959
0.1201,0.0000,0.0000,0.0001,0.1199,0.0001,200,1.8106
0.0872,0.0000,0.0000,0.0000,0.0871,0.0000,200,1.8440
0.0890,0.0000,0.0000,0.0000,0.0888,0.0000,200,1.8423
0.0041,0.0000,0.0000,0.0000,0.0040,0.0000,200,1.9278
0.0196,0.0000,0.0000,0.0001,0.0194,0.0001,200,1.9128
0.0595,0.0000,0.0000,0.0000,0.0594,0.0000,200,1.8731
0.0044,0.0000,0.0000,0.0000,0.0043,0.0000,200,1.9286
0.0071,0.0000,0.0000,0.0000,0.0068,0.0003,200,1.9259
0.0113,0.0000,0.0000,0.0000,0.0112,0.0000,200,1.9219
0.0270,0.0000,0.0000,0.0000,0.0269,0.0000,200,1.9068
0.0056,0.0000,0.0000,0.0000,0.0055,0.0001,200,1.9286
0.0779,0.0000,0.0000,0.0000,0.0778,0.0000,200,1.8565
0.0187,0.0000,0.0000,0.0000,0.0186,0.0000,200,1.9161
0.0857,0.0000,0.0000,0.0000,0.0856,0.0001,200,1.8493
0.0051,0.0000,0.0000,0.0000,0.0049,0.0001,200,1.9304
0.0340,0.0000,0.0000,0.0006,0.0332,0.0001,200,1.9019
0.0250,0.0000,0.0000,0.0000,0.0249,0.0000,200,1.9113
0.0439,0.0000,0.0000,0.0000,0.0438,0.0001,200,1.8926
0.0077,0.0000,0.0000,0.0000,0.0076,0.0001,200,1.9291
0.0062,0.0000,0.0000,0.0000,0.0057,0.0005,200,1.9314
0.0602,0.0000,0.0000,0.0000,0.0601,0.0001,200,1.8776
0.0088,0.0000,0.0000,0.0000,0.0086,0.0001,200,1.9298
0.0163,0.0000,0.0000,0.0000,0.0162,0.0001,200,1.9232
0.0342,0.0000,0.0000,0.0002,0.0339,0.0000,200,1.9056
0.0137,0.0000,0.0000,0.0000,0.0136,0.0001,200,1.9265
0.0318,0.0000,0.0000,0.0000,0.0316,0.0000,200,1.9092
0.0110,0.0000,0.0000,0.0000,0.0109,0.0001,200,1.9307
0.0148,0.0000,0.0000,0.0000,0.0146,0.0001,200,1.9270
0.0061,0.0000,0.0000,0.0000,0.0060,0.0001,200,1.9364
0.1091,0.0000,0.0000,0.0001,0.1086,0.0004,200,1.8344
0.0020,0.0000,0.0000,0.0000,0.0019,0.0000,200,1.9418
0.0610,0.0000,0.0000,0.0000,0.0610,0.0000,200,1.8829
0.0062,0.0000,0.0000,0.0000,0.0059,0.0001,200,1.9377
0.0114,0.0000,0.0000,0.0000,0.0113,0.0000,200,1.9342
0.0477,0.0000,0.0000,0.0000,0.0476,0.0000,200,1.8980
0.0023,0.0000,0.0000,0.0000,0.0020,0.0002,200,1.9438
0.0073,0.0000,0.0000,0.0000,0.0072,0.0000,200,1.9394
0.0312,0.0000,0.0000,0.0000,0.0312,0.0000,200,1.9156
0.0177,0.0000,0.0000,0.0000,0.0176,0.0001,200,1.9294
0.0164,0.0000,0.0000,0.0000,0.0164,0.0000,200,1.9312
0.0248,0.0000,0.0000,0.0000,0.0247,0.0001,200,1.9234
0.0080,0.0000,0.0000,0.0000,0.0078,0.0001,200,1.9410
0.0775,0.0000,0.0000,0.0000,0.0773,0.0001,200,1.8720
0.1033,0.0000,0.0000,0.0000,0.1032,0.0001,200,1.8469
0.0034,0.0000,0.0000,0.0000,0.0033,0.0000,200,1.9477
0.0118,0.0000,0.0000,0.0000,0.0117,0.0000,200,1.9398
0.0186,0.0000,0.0000,0.0000,0.0185,0.0001,200,1.9332
0.0058,0.0000,0.0000,0.0000,0.0056,0.0001,200,1.9468
0.0011,0.0000,0.0000,0.0000,0.0010,0.0001,200,1.9518
0.0108,0.0000,0.0000,0.0000,0.0107,0.0000,200,1.9424
0.0138,0.0000,0.0000,0.0000,0.0135,0.0000,200,1.9402
0.0221,0.0000,0.0000,0.0000,0.0213,0.0007,200,1.9330
0.0116,0.0000,0.0000,0.0000,0.0113,0.0001,200,1.9435
0.1519,0.0000,0.0000,0.0000,0.1511,0.0005,200,1.8039
0.0099,0.0000,0.0000,0.0000,0.0097,0.0001,200,1.9471
0.0102,0.0000,0.0000,0.0000,0.0101,0.0000,200,1.9469
0.0063,0.0000,0.0000,0.0000,0.0062,0.0000,200,1.9510
0.0092,0.0000,0.0000,0.0000,0.0091,0.0000,200,1.9482
0.1399,0.0000,0.0000,0.0000,0.1398,0.0000,200,1.8175
0.0073,0.0000,0.0000,0.0000,0.0072,0.0000,200,1.9502
0.0012,0.0000,0.0000,0.0000,0.0011,0.0001,200,1.9571
0.0074,0.0000,0.0000,0.0000,0.0074,0.0000,200,1.9515
0.0153,0.0000,0.0000,0.0000,0.0151,0.0001,200,1.9439
0.0137,0.0000,0.0000,0.0000,0.0134,0.0002,200,1.9461
0.0933,0.0000,0.0000,0.0000,0.0932,0.0000,200,1.8666
0.0256,0.0000,0.0000,0.0000,0.0255,0.0001,200,1.9350
0.0058,0.0000,0.0000,0.0000,0.0056,0.0001,200,1.9551
0.0292,0.0000,0.0000,0.0000,0.0291,0.0001,200,1.9324
0.0011,0.0000,0.0000,0.0000,0.0010,0.0001,200,1.9609
0.0136,0.0000,0.0000,0.0000,0.0135,0.0000,200,1.9495
0.0080,0.0000,0.0000,0.0000,0.0078,0.0001,200,1.9552
0.0293,0.0000,0.0000,0.0000,0.0292,0.0001,200,1.9339
0.0047,0.0000,0.0000,0.0000,0.0046,0.0001,200,1.9592
0.0121,0.0000,0.0000,0.0000,0.0120,0.0001,200,1.9525
0.0283,0.0000,0.0000,0.0000,0.0281,0.0001,200,1.9368
0.0030,0.0000,0.0000,0.0000,0.0026,0.0002,200,1.9631
0.0038,0.0000,0.0000,0.0000,0.0035,0.0001,200,1.9632
0.0030,0.0000,0.0000,0.0000,0.0026,0.0002,200,1.9646
0.0318,0.0000,0.0000,0.0000,0.0316,0.0001,200,1.9365
0.0110,0.0000,0.0000,0.0000,0.0108,0.0001,200,1.9575
0.0043,0.0000,0.0000,0.0000,0.0042,0.0000,200,1.9651
0.0245,0.0000,0.0000,0.0000,0.0244,0.0000,200,1.9456
0.0105,0.0000,0.0000,0.0000,0.0105,0.0000,200,1.9599
0.0116,0.0000,0.0000,0.0001,0.0115,0.0000,200,1.9589
0.0135,0.0000,0.0000,0.0000,0.0133,0.0000,200,1.9573
0.0172,0.0000,0.0000,0.0000,0.0171,0.0001,200,1.9540
0.0897,0.0000,0.0000,0.0000,0.0896,0.0000,200,1.8818
0.0233,0.0000,0.0000,0.0000,0.0231,0.0001,200,1.9490
0.0018,0.0000,0.0000,0.0001,0.0017,0.0000,200,1.9711
0.0478,0.0000,0.0000,0.0000,0.0477,0.0000,200,1.9252
0.0057,0.0000,0.0000,0.0000,0.0056,0.0001,200,1.9683
0.0396,0.0000,0.0000,0.0000,0.0396,0.0000,200,1.9344
0.0217,0.0000,0.0000,0.0000,0.0216,0.0001,200,1.9529
0.0426,0.0000,0.0000,0.0000,0.0425,0.0001,200,1.9326
0.0024,0.0000,0.0000,0.0000,0.0023,0.0000,200,1.9729
0.0427,0.0000,0.0000,0.0004,0.0422,0.0001,200,1.9330
0.0209,0.0000,0.0000,0.0001,0.0205,0.0002,200,1.9558
0.0503,0.0000,0.0000,0.0000,0.0502,0.0001,200,1.9265
0.0030,0.0000,0.0000,0.0001,0.0028,0.0001,200,1.9741
0.0169,0.0000,0.0000,0.0000,0.0167,0.0002,200,1.9606
0.0114,0.0000,0.0000,0.0000,0.0113,0.0001,200,1.9670
0.0103,0.0000,0.0000,0.0001,0.0100,0.0000,200,1.9685
0.0555,0.0000,0.0000,0.0000,0.0553,0.0001,200,1.9248
0.0081,0.0000,0.0000,0.0000,0.0080,0.0000,200,1.9722
0.0346,0.0000,0.0000,0.0000,0.0345,0.0001,200,1.9458
0.0278,0.0000,0.0000,0.0000,0.0275,0.0002,200,1.9532
0.0098,0.0000,0.0000,0.0000,0.0097,0.0000,200,1.9712
0.0090,0.0000,0.0000,0.0000,0.0088,0.0001,200,1.9729
0.0820,0.0000,0.0000,0.0000,0.0819,0.0001,200,1.9006
0.0481,0.0000,0.0000,0.0000,0.0480,0.0001,200,1.9360
0.0102,0.0000,0.0000,0.0000,0.0099,0.0002,200,1.9740
0.0226,0.0000,0.0000,0.0000,0.0225,0.0000,200,1.9616
0.0045,0.0000,0.0000,0.0000,0.0044,0.0001,200,1.9803
0.0433,0.0000,0.0000,0.0000,0.0431,0.0000,200,1.9418
0.0277,0.0000,0.0000,0.0001,0.0275,0.0001,200,1.9583
0.0159,0.0000,0.0000,0.0000,0.0156,0.0001,200,1.9706
0.0175,0.0000,0.0000,0.0000,0.0174,0.0000,200,1.9694
0.0056,0.0000,0.0000,0.0000,0.0055,0.0001,200,1.9819
0.0127,0.0000,0.0000,0.0000,0.0125,0.0001,200,1.9752
0.0169,0.0000,0.0000,0.0000,0.0168,0.0001,200,1.9715
0.0645,0.0000,0.0000,0.0000,0.0644,0.0001,200,1.9241
0.0454,0.0000,0.0000,0.0001,0.0448,0.0002,200,1.9439
0.0263,0.0000,0.0000,0.0001,0.0262,0.0001,200,1.9632
0.0269,0.0000,0.0000,0.0000,0.0261,0.0007,200,1.9640
0.0072,0.0000,0.0000,0.0000,0.0066,0.0005,200,1.9842
0.0114,0.0000,0.0000,0.0000,0.0104,0.0009,200,1.9804
0.0322,0.0000,0.0000,0.0000,0.0310,0.0011,200,1.9597
0.0090,0.0000,0.0000,0.0000,0.0088,0.0001,200,1.9842
0.0043,0.0000,0.0000,0.0001,0.0031,0.0011,200,1.9932
0.0204,0.0000,0.0000,0.0000,0.0199,0.0004,200,1.9771
0.0209,0.0000,0.0000,0.0000,0.0195,0.0013,200,1.9768
0.0201,0.0000,0.0000,0.0000,0.0186,0.0013,200,1.9775
0.0213,0.0000,0.0000,0.0000,0.0196,0.0016,200,1.9767
0.0192,0.0000,0.0000,0.0000,0.0175,0.0016,200,1.9788
0.0625,0.0000,0.0000,0.0000,0.0608,0.0016,200,1.9355
0.0132,0.0000,0.0000,0.0000,0.0112,0.0017,200,1.9848
0.0306,0.0000,0.0000,0.0001,0.0285,0.0017,200,1.9676
0.0185,0.0000,0.0000,0.0000,0.0179,0.0006,200,1.9810
0.0016,0.0000,0.0000,0.0000,0.0014,0.0001,200,1.9980
0.0127,0.0000,0.0000,0.0000,0.0126,0.0001,200,1.9879
0.0028,0.0000,0.0000,0.0000,0.0026,0.0001,200,1.9980
0.0267,0.0000,0.0000,0.0000,0.0266,0.0001,200,1.9746
0.0171,0.0000,0.0000,0.0000,0.0167,0.0001,200,1.9850
0.0047,0.0000,0.0000,0.0000,0.0046,0.0000,200,1.9975
0.0055,0.0000,0.0000,0.0000,0.0053,0.0001,200,1.9976
0.0653,0.0000,0.0000,0.0001,0.0650,0.0001,200,1.9386
0.0206,0.0000,0.0000,0.0000,0.0205,0.0001,200,1.9840
0.0160,0.0000,0.0000,0.0000,0.0159,0.0001,200,1.9893
0.0237,0.0000,0.0000,0.0000,0.0234,0.0002,200,1.9826
0.0073,0.0000,0.0000,0.0000,0.0071,0.0001,200,1.9995
0.0159,0.0000,0.0000,0.0001,0.0158,0.0001,200,1.9917
0.0376,0.0000,0.0000,0.0000,0.0375,0.0001,200,1.9705
0.0468,0.0000,0.0000,0.0000,0.0467,0.0001,200,1.9620
0.0336,0.0000,0.0000,0.0000,0.0335,0.0000,200,1.9757
0.0285,0.0000,0.0000,0.0000,0.0282,0.0003,200,1.9810
0.0119,0.0000,0.0000,0.0001,0.0117,0.0001,200,1.9982
0.0087,0.0000,0.0000,0.0000,0.0085,0.0002,200,2.0013
0.0236,0.0000,0.0000,0.0000,0.0233,0.0002,200,1.9875
0.0021,0.0000,0.0000,0.0001,0.0017,0.0002,200,2.0095
0.0023,0.0000,0.0000,0.0000,0.0022,0.0001,200,2.0101
0.0245,0.0000,0.0000,0.0000,0.0243,0.0001,200,1.9883
0.0274,0.0000,0.0000,0.0000,0.0270,0.0004,200,1.9869
0.0024,0.0000,0.0000,0.0000,0.0022,0.0002,200,2.0128
0.0084,0.0000,0.0000,0.0000,0.0082,0.0001,200,2.0077
0.0140,0.0000,0.0000,0.0000,0.0136,0.0003,200,2.0021
0.0172,0.0000,0.0000,0.0000,0.0171,0.0001,200,1.9996
0.0422,0.0000,0.0000,0.0000,0.0421,0.0001,200,1.9753
0.1264,0.0000,0.0000,0.0000,0.1260,0.0003,200,1.8920
0.0096,0.0000,0.0000,0.0000,0.0095,0.0001,200,2.0089
0.0616,0.0000,0.0000,0.0002,0.0612,0.0001,200,1.9570
0.0393,0.0000,0.0000,0.0000,0.0392,0.0001,200,1.9803
0.0021,0.0000,0.0000,0.0000,0.0017,0.0002,200,2.0185
0.0298,0.0000,0.0000,0.0001,0.0293,0.0001,200,1.9908
0.0200,0.0000,0.0000,0.0000,0.0198,0.0002,200,2.0008
0.0238,0.0000,0.0000,0.0000,0.0236,0.0002,200,1.9980
0.0129,0.0000,0.0000,0.0000,0.0128,0.0001,200,2.0100
0.0055,0.0000,0.0000,0.0000,0.0055,0.0001,200,2.0175
0.0324,0.0000,0.0000,0.0000,0.0322,0.0001,200,1.9914
0.0194,0.0000,0.0000,0.0000,0.0188,0.0001,200,2.0063
0.0242,0.0000,0.0000,0.0000,0.0240,0.0001,200,2.0022
0.0106,0.0000,0.0000,0.0001,0.0104,0.0000,200,2.0161
0.0292,0.0000,0.0000,0.0000,0.0291,0.0000,200,1.9975
0.0188,0.0000,0.0000,0.0000,0.0186,0.0001,200,2.0081
0.0700,0.0000,0.0000,0.0000,0.0698,0.0001,200,1.9574
0.0077,0.0000,0.0000,0.0000,0.0075,0.0001,200,2.0206
0.0243,0.0000,0.0000,0.0000,0.0241,0.0001,200,2.0047
0.0029,0.0000,0.0000,0.0000,0.0027,0.0001,200,2.0268
0.0069,0.0000,0.0000,0.0000,0.0068,0.0001,200,2.0237
0.0281,0.0000,0.0000,0.0000,0.0278,0.0001,200,2.0032
0.0744,0.0000,0.0000,0.0001,0.0743,0.0001,200,1.9574
0.0143,0.0000,0.0000,0.0000,0.0136,0.0004,200,2.0185
0.0073,0.0000,0.0000,0.0000,0.0072,0.0001,200,2.0257
0.0629,0.0000,0.0000,0.0000,0.0628,0.0001,200,1.9701
0.0031,0.0000,0.0000,0.0000,0.0028,0.0001,200,2.0307
0.0448,0.0000,0.0000,0.0000,0.0447,0.0001,200,1.9895
0.0143,0.0000,0.0000,0.0000,0.0140,0.0002,200,2.0208
0.0135,0.0000,0.0000,0.0000,0.0133,0.0001,200,2.0218
0.0079,0.0000,0.0000,0.0000,0.0078,0.0000,200,2.0274
0.0440,0.0000,0.0000,0.0001,0.0438,0.0000,200,1.9920
0.0077,0.0000,0.0000,0.0000,0.0077,0.0000,200,2.0283
0.0700,0.0000,0.0000,0.0000,0.0699,0.0000,200,1.9661
0.0216,0.0000,0.0000,0.0000,0.0214,0.0001,200,2.0152
0.0259,0.0000,0.0000,0.0001,0.0257,0.0000,200,2.0116
0.0370,0.0000,0.0000,0.0000,0.0369,0.0001,200,2.0006
0.0322,0.0000,0.0000,0.0000,0.0322,0.0000,200,2.0054
0.0122,0.0000,0.0000,0.0000,0.0121,0.0001,200,2.0264
0.0053,0.0000,0.0000,0.0000,0.0051,0.0001,200,2.0338
0.0110,0.0000,0.0000,0.0000,0.0109,0.0001,200,2.0289
0.0074,0.0000,0.0000,0.0000,0.0072,0.0002,200,2.0331
0.0145,0.0000,0.0000,0.0001,0.0143,0.0001,200,2.0267
0.0041,0.0000,0.0000,0.0000,0.0037,0.0004,200,2.0376
0.0151,0.0000,0.0000,0.0000,0.0149,0.0002,200,2.0267
0.0260,0.0000,0.0000,0.0000,0.0257,0.0002,200,2.0168
0.0099,0.0000,0.0000,0.0000,0.0098,0.0000,200,2.0329
0.0236,0.0000,0.0000,0.0000,0.0235,0.0000,200,2.0196
0.0080,0.0000,0.0000,0.0000,0.0079,0.0001,200,2.0359
0.0016,0.0000,0.0000,0.0000,0.0014,0.0002,200,2.0428
0.0115,0.0000,0.0000,0.0000,0.0114,0.0000,200,2.0330
0.0059,0.0000,0.0000,0.0000,0.0057,0.0001,200,2.0391
0.0480,0.0000,0.0000,0.0000,0.0478,0.0001,200,1.9976
0.0275,0.0000,0.0000,0.0000,0.0275,0.0000,200,2.0186
0.0120,0.0000,0.0000,0.0000,0.0116,0.0004,200,2.0350
0.0066,0.0000,0.0000,0.0000,0.0063,0.0000,200,2.0405
0.0333,0.0000,0.0000,0.0000,0.0331,0.0001,200,2.0143
0.0067,0.0000,0.0000,0.0000,0.0066,0.0001,200,2.0417
0.0399,0.0000,0.0000,0.0000,0.0396,0.0001,200,2.0094
0.0066,0.0000,0.0000,0.0000,0.0056,0.0009,200,2.0432
0.0059,0.0000,0.0000,0.0001,0.0057,0.0001,200,2.0439
0.0129,0.0000,0.0000,0.0000,0.0126,0.0001,200,2.0376
0.0164,0.0000,0.0000,0.0000,0.0159,0.0004,200,2.0353
0.0020,0.0000,0.0000,0.0000,0.0018,0.0001,200,2.0498
0.0039,0.0000,0.0000,0.0000,0.0038,0.0001,200,2.0485
0.0126,0.0000,0.0000,0.0000,0.0125,0.0000,200,2.0401
0.0467,0.0000,0.0000,0.0000,0.0466,0.0000,200,2.0068
0.0374,0.0000,0.0000,0.0000,0.0372,0.0000,200,2.0161
0.0497,0.0000,0.0000,0.0000,0.0496,0.0000,200,2.0038
0.0109,0.0000,0.0000,0.0000,0.0108,0.0000,200,2.0428
0.0235,0.0000,0.0000,0.0001,0.0233,0.0002,200,2.0313
0.0056,0.0000,0.0000,0.0000,0.0055,0.0001,200,2.0493
0.0047,0.0000,0.0000,0.0000,0.0045,0.0001,200,2.0505
0.0256,0.0000,0.0000,0.0000,0.0254,0.0000,200,2.0297
0.0185,0.0000,0.0000,0.0000,0.0182,0.0001,200,2.0375
0.0116,0.0000,0.0000,0.0000,0.0114,0.0001,200,2.0450
0.0019,0.0000,0.0000,0.0000,0.0015,0.0001,200,2.0549
0.0189,0.0000,0.0000,0.0000,0.0188,0.0001,200,2.0386
0.0114,0.0000,0.0000,0.0000,0.0112,0.0001,200,2.0471
0.0224,0.0000,0.0000,0.0000,0.0222,0.0001,200,2.0361
0.0113,0.0000,0.0000,0.0001,0.0110,0.0000,200,2.0476
0.0477,0.0000,0.0000,0.0000,0.0476,0.0001,200,2.0124
0.0084,0.0000,0.0000,0.0000,0.0084,0.0000,200,2.0518
0.0397,0.0000,0.0000,0.0002,0.0393,0.0002,200,2.0206
0.0373,0.0000,0.0000,0.0000,0.0371,0.0002,200,2.0230
0.0022,0.0000,0.0000,0.0000,0.0021,0.0001,200,2.0589
0.0021,0.0000,0.0000,0.0001,0.0019,0.0001,200,2.0602
0.0280,0.0000,0.0000,0.0000,0.0279,0.0001,200,2.0343
0.0179,0.0000,0.0000,0.0000,0.0177,0.0001,200,2.0444
0.0081,0.0000,0.0000,0.0001,0.0078,0.0001,200,2.0552
0.0035,0.0000,0.0000,0.0000,0.0033,0.0001,200,2.0604
0.0018,0.0000,0.0000,0.0000,0.0016,0.0001,200,2.0623
0.0865,0.0000,0.0000,0.0000,0.0862,0.0002,200,1.9784
0.0288,0.0000,0.0000,0.0000,0.0287,0.0001,200,2.0369
0.0241,0.0000,0.0000,0.0001,0.0237,0.0001,200,2.0418
0.0080,0.0000,0.0000,0.0000,0.0079,0.0001,200,2.0585
0.0261,0.0000,0.0000,0.0000,0.0260,0.0000,200,2.0411
0.0026,0.0000,0.0000,0.0000,0.0024,0.0000,200,2.0649
0.0076,0.0000,0.0000,0.0000,0.0074,0.0001,200,2.0603
0.0229,0.0000,0.0000,0.0001,0.0228,0.0000,200,2.0457
0.0152,0.0000,0.0000,0.0000,0.0147,0.0004,200,2.0535
0.0032,0.0000,0.0000,0.0001,0.0026,0.0001,200,2.0661
0.0030,0.0000,0.0000,0.0000,0.0029,0.0000,200,2.0665
0.0186,0.0000,0.0000,0.0000,0.0185,0.0001,200,2.0518
0.0068,0.0000,0.0000,0.0000,0.0066,0.0001,200,2.0642
0.0023,0.0000,0.0000,0.0001,0.0021,0.0000,200,2.0686
0.0038,0.0000,0.0000,0.0000,0.0037,0.0000,200,2.0680
0.0183,0.0000,0.0000,0.0000,0.0183,0.0000,200,2.0535
0.0162,0.0000,0.0000,0.0000,0.0161,0.0001,200,2.0560
0.0033,0.0000,0.0000,0.0000,0.0032,0.0001,200,2.0693
0.0092,0.0000,0.0000,0.0000,0.0091,0.0001,200,2.0638
0.0200,0.0000,0.0000,0.0000,0.0169,0.0030,200,2.0568
0.0147,0.0000,0.0000,0.0001,0.0141,0.0001,200,2.0623
0.0911,0.0000,0.0000,0.0000,0.0908,0.0002,200,1.9860
0.0218,0.0000,0.0000,0.0000,0.0217,0.0000,200,2.0553
0.0160,0.0000,0.0000,0.0000,0.0159,0.0000,200,2.0612
0.0412,0.0000,0.0000,0.0000,0.0411,0.0000,200,2.0360
0.0544,0.0000,0.0000,0.0000,0.0543,0.0000,200,2.0229
0.0455,0.0000,0.0000,0.0000,0.0454,0.0000,200,2.0318
0.0237,0.0000,0.0000,0.0001,0.0236,0.0001,200,2.0536
0.0067,0.0000,0.0000,0.0000,0.0066,0.0001,200,2.0722
0.0059,0.0000,0.0000,0.0000,0.0057,0.0001,200,2.0731
0.0257,0.0000,0.0000,0.0000,0.0256,0.0000,200,2.0535
0.0247,0.0000,0.0000,0.0000,0.0246,0.0000,200,2.0549
0.0228,0.0000,0.0000,0.0000,0.0227,0.0001,200,2.0576
0.0099,0.0000,0.0000,0.0000,0.0098,0.0000,200,2.0709
0.0038,0.0000,0.0000,0.0000,0.0037,0.0000,200,2.0771
0.0102,0.0000,0.0000,0.0000,0.0102,0.0000,200,2.0709
0.0054,0.0000,0.0000,0.0000,0.0052,0.0001,200,2.0770
0.0050,0.0000,0.0000,0.0000,0.0050,0.0000,200,2.0773
0.0023,0.0000,0.0000,0.0002,0.0020,0.0000,200,2.0809
0.0337,0.0000,0.0000,0.0000,0.0336,0.0000,200,2.0498
0.0279,0.0000,0.0000,0.0001,0.0277,0.0001,200,2.0566
0.0119,0.0000,0.0000,0.0001,0.0116,0.0003,200,2.0726
0.0217,0.0000,0.0000,0.0000,0.0216,0.0001,200,2.0633
0.0080,0.0000,0.0000,0.0000,0.0065,0.0014,200,2.0774
0.0414,0.0000,0.0000,0.0000,0.0413,0.0001,200,2.0444
0.0074,0.0000,0.0000,0.0000,0.0073,0.0001,200,2.0789
0.0025,0.0000,0.0000,0.0000,0.0023,0.0002,200,2.0853
0.0037,0.0000,0.0000,0.0000,0.0034,0.0002,200,2.0846
0.0075,0.0000,0.0000,0.0000,0.0074,0.0001,200,2.0812
0.0367,0.0000,0.0000,0.0000,0.0366,0.0001,200,2.0527
0.0048,0.0000,0.0000,0.0000,0.0047,0.0001,200,2.0846
0.0095,0.0000,0.0000,0.0000,0.0094,0.0001,200,2.0808
0.0110,0.0000,0.0000,0.0000,0.0108,0.0001,200,2.0796
0.0247,0.0000,0.0000,0.0000,0.0242,0.0002,200,2.0672
0.0449,0.0000,0.0000,0.0000,0.0447,0.0002,200,2.0470
0.0073,0.0000,0.0000,0.0000,0.0072,0.0001,200,2.0850
0.0022,0.0000,0.0000,0.0001,0.0020,0.0001,200,2.0906
0.0159,0.0000,0.0000,0.0000,0.0158,0.0001,200,2.0772
0.0020,0.0000,0.0000,0.0000,0.0019,0.0001,200,2.0920
0.0227,0.0000,0.0000,0.0000,0.0226,0.0001,200,2.0718
0.0179,0.0000,0.0000,0.0000,0.0176,0.0001,200,2.0769
0.0161,0.0000,0.0000,0.0000,0.0159,0.0000,200,2.0792
0.0279,0.0000,0.0000,0.0000,0.0279,0.0000,200,2.0675
0.0055,0.0000,0.0000,0.0000,0.0054,0.0001,200,2.0903
0.0258,0.0000,0.0000,0.0000,0.0257,0.0001,200,2.0703
0.0134,0.0000,0.0000,0.0001,0.0132,0.0001,200,2.0832
0.0140,0.0000,0.0000,0.0000,0.0139,0.0001,200,2.0835
0.0191,0.0000,0.0000,0.0000,0.0190,0.0001,200,2.0790
0.0328,0.0000,0.0000,0.0000,0.0325,0.0001,200,2.0657
0.0027,0.0000,0.0000,0.0000,0.0026,0.0001,200,2.0967
0.0066,0.0000,0.0000,0.0001,0.0064,0.0000,200,2.0928
0.0190,0.0000,0.0000,0.0000,0.0189,0.0000,200,2.0804
0.0020,0.0000,0.0000,0.0000,0.0019,0.0000,200,2.0975
0.0044,0.0000,0.0000,0.0000,0.0041,0.0002,200,2.0958
0.0232,0.0000,0.0000,0.0000,0.0231,0.0001,200,2.0773
0.0120,0.0000,0.0000,0.0000,0.0119,0.0001,200,2.0894
0.0155,0.0000,0.0000,0.0000,0.0154,0.0000,200,2.0864
0.0080,0.0000,0.0000,0.0000,0.0077,0.0003,200,2.0945
0.0078,0.0000,0.0000,0.0000,0.0077,0.0001,200,2.0948
0.0044,0.0000,0.0000,0.0000,0.0043,0.0000,200,2.0985
0.0021,0.0000,0.0000,0.0000,0.0020,0.0000,200,2.1014
0.0090,0.0000,0.0000,0.0000,0.0087,0.0001,200,2.0955
0.0363,0.0000,0.0000,0.0000,0.0361,0.0002,200,2.0685
0.0468,0.0000,0.0000,0.0001,0.0463,0.0001,200,2.0585
0.0160,0.0000,0.0000,0.0000,0.0158,0.0001,200,2.0894
0.0065,0.0000,0.0000,0.0000,0.0064,0.0001,200,2.0994
0.0106,0.0000,0.0000,0.0000,0.0105,0.0000,200,2.0962
0.0023,0.0000,0.0000,0.0000,0.0021,0.0001,200,2.1049
0.0191,0.0000,0.0000,0.0006,0.0184,0.0001,200,2.0887
0.0063,0.0000,0.0000,0.0000,0.0062,0.0001,200,2.1019
0.0041,0.0000,0.0000,0.0001,0.0037,0.0001,200,2.1045
0.0038,0.0000,0.0000,0.0000,0.0037,0.0001,200,2.1059
0.0072,0.0000,0.0000,0.0000,0.0070,0.0000,200,2.1029
0.0021,0.0000,0.0000,0.0000,0.0020,0.0000,200,2.1085
0.0030,0.0000,0.0000,0.0000,0.0027,0.0003,200,2.1078
0.0085,0.0000,0.0000,0.0000,0.0080,0.0001,200,2.1026
0.0039,0.0000,0.0000,0.0000,0.0038,0.0001,200,2.1082
0.0024,0.0000,0.0000,0.0000,0.0021,0.0003,200,2.1108
0.0366,0.0000,0.0000,0.0000,0.0364,0.0001,200,2.0771
0.0149,0.0000,0.0000,0.0000,0.0148,0.0001,200,2.0995
0.0144,0.0000,0.0000,0.0004,0.0138,0.0000,200,2.1005
0.0455,0.0000,0.0000,0.0000,0.0454,0.0000,200,2.0695
0.0235,0.0000,0.0000,0.0000,0.0234,0.0000,200,2.0919
0.0051,0.0000,0.0000,0.0000,0.0050,0.0000,200,2.1112
0.0224,0.0000,0.0000,0.0000,0.0220,0.0004,200,2.0940
0.0143,0.0000,0.0000,0.0001,0.0141,0.0000,200,2.1035
0.0576,0.0000,0.0000,0.0000,0.0575,0.0001,200,2.0602
0.0030,0.0000,0.0000,0.0000,0.0029,0.0001,200,2.1149
0.0116,0.0000,0.0000,0.0000,0.0115,0.0001,200,2.1071
0.0087,0.0000,0.0000,0.0004,0.0083,0.0001,200,2.1101
0.0019,0.0000,0.0000,0.0000,0.0017,0.0001,200,2.1178
0.0134,0.0000,0.0000,0.0001,0.0129,0.0003,200,2.1068
0.0180,0.0000,0.0000,0.0002,0.0176,0.0001,200,2.1025
0.0351,0.0000,0.0000,0.0000,0.0350,0.0001,200,2.0858
0.0448,0.0000,0.0000,0.0000,0.0446,0.0001,200,2.0771
0.0102,0.0000,0.0000,0.0000,0.0101,0.0001,200,2.1122
0.0036,0.0000,0.0000,0.0000,0.0035,0.0001,200,2.1196
0.0051,0.0000,0.0000,0.0000,0.0050,0.0000,200,2.1188
0.0034,0.0000,0.0000,0.0000,0.0033,0.0000,200,2.1205
0.0308,0.0000,0.0000,0.0000,0.0307,0.0000,200,2.0931
0.0059,0.0000,0.0000,0.0000,0.0057,0.0001,200,2.1188
0.0276,0.0000,0.0000,0.0000,0.0275,0.0001,200,2.0981
0.0114,0.0000,0.0000,0.0000,0.0112,0.0001,200,2.1145
0.0061,0.0000,0.0000,0.0001,0.0058,0.0002,200,2.1210
0.0033,0.0000,0.0000,0.0000,0.0032,0.0000,200,2.1238
0.0036,0.0000,0.0000,0.0000,0.0035,0.0001,200,2.1238
0.0183,0.0000,0.0000,0.0000,0.0182,0.0001,200,2.1098
0.0152,0.0000,0.0000,0.0000,0.0147,0.0000,200,2.1133
0.0139,0.0000,0.0000,0.0000,0.0138,0.0001,200,2.1150
0.0136,0.0000,0.0000,0.0001,0.0134,0.0001,200,2.1164
0.0074,0.0000,0.0000,0.0000,0.0073,0.0001,200,2.1232
0.0323,0.0000,0.0000,0.0000,0.0320,0.0002,200,2.0994
0.0264,0.0000,0.0000,0.0000,0.0263,0.0000,200,2.1054
0.0072,0.0000,0.0000,0.0000,0.0070,0.0001,200,2.1247
0.0059,0.0000,0.0000,0.0000,0.0058,0.0001,200,2.1272
0.0080,0.0000,0.0000,0.0000,0.0077,0.0001,200,2.1259
0.0040,0.0000,0.0000,0.0000,0.0039,0.0001,200,2.1300
0.0023,0.0000,0.0000,0.0001,0.0021,0.0000,200,2.1317
0.0031,0.0000,0.0000,0.0000,0.0030,0.0001,200,2.1319
0.0198,0.0000,0.0000,0.0000,0.0197,0.0001,200,2.1163
0.0093,0.0000,0.0000,0.0001,0.0090,0.0001,200,2.1271
0.0361,0.0000,0.0000,0.0001,0.0354,0.0001,200,2.1002
0.0025,0.0000,0.0000,0.0000,0.0023,0.0002,200,2.1340
0.0139,0.0000,0.0000,0.0000,0.0136,0.0003,200,2.1239
0.0156,0.0000,0.0000,0.0000,0.0151,0.0004,200,2.1223
0.0052,0.0000,0.0000,0.0000,0.0051,0.0001,200,2.1331
0.0072,0.0000,0.0000,0.0000,0.0068,0.0001,200,2.1319
0.0028,0.0000,0.0000,0.0001,0.0025,0.0001,200,2.1365
0.0026,0.0000,0.0000,0.0003,0.0021,0.0001,200,2.1379
0.0137,0.0000,0.0000,0.0001,0.0125,0.0011,200,2.1274
0.0416,0.0000,0.0000,0.0000,0.0407,0.0008,200,2.0994
0.0036,0.0000,0.0000,0.0000,0.0035,0.0000,200,2.1393
0.0339,0.0000,0.0000,0.0000,0.0337,0.0001,200,2.1106
0.0082,0.0000,0.0000,0.0000,0.0081,0.0000,200,2.1364
0.0083,0.0000,0.0000,0.0000,0.0082,0.0000,200,2.1364
0.0159,0.0000,0.0000,0.0000,0.0158,0.0000,200,2.1289
0.0088,0.0000,0.0000,0.0000,0.0087,0.0001,200,2.1361
0.0230,0.0000,0.0000,0.0000,0.0229,0.0000,200,2.1219
0.0193,0.0000,0.0000,0.0000,0.0192,0.0000,200,2.1257
0.0034,0.0000,0.0000,0.0011,0.0020,0.0000,200,2.1416
0.0043,0.0000,0.0000,0.0000,0.0042,0.0001,200,2.1411
0.0076,0.0000,0.0000,0.0002,0.0073,0.0000,200,2.1378
0.0176,0.0000,0.0000,0.0000,0.0167,0.0009,200,2.1281
0.0111,0.0000,0.0000,0.0000,0.0109,0.0001,200,2.1350
0.0085,0.0000,0.0000,0.0000,0.0083,0.0002,200,2.1382
0.0083,0.0000,0.0000,0.0001,0.0081,0.0001,200,2.1392
0.0029,0.0000,0.0000,0.0000,0.0028,0.0001,200,2.1446
0.0034,0.0000,0.0000,0.0002,0.0031,0.0001,200,2.1445
0.0040,0.0000,0.0000,0.0000,0.0035,0.0004,200,2.1448
0.0039,0.0000,0.0000,0.0000,0.0038,0.0000,200,2.1449
0.0158,0.0000,0.0000,0.0000,0.0154,0.0003,200,2.1340
0.0093,0.0000,0.0000,0.0000,0.0070,0.0000,200,2.1406
0.0026,0.0000,0.0000,0.0000,0.0025,0.0000,200,2.1479
0.0043,0.0000,0.0000,0.0000,0.0041,0.0001,200,2.1475
0.0061,0.0000,0.0000,0.0000,0.0060,0.0001,200,2.1457
0.0031,0.0000,0.0000,0.0000,0.0029,0.0001,200,2.1488
0.0186,0.0000,0.0000,0.0000,0.0185,0.0001,200,2.1338
0.0034,0.0000,0.0000,0.0007,0.0026,0.0001,200,2.1498
0.0017,0.0000,0.0000,0.0000,0.0016,0.0000,200,2.1518
0.0022,0.0000,0.0000,0.0000,0.0021,0.0001,200,2.1518
0.0089,0.0000,0.0000,0.0001,0.0083,0.0000,200,2.1454
0.0018,0.0000,0.0000,0.0000,0.0017,0.0001,200,2.1532
0.0095,0.0000,0.0000,0.0000,0.0092,0.0002,200,2.1460
0.0020,0.0000,0.0000,0.0000,0.0019,0.0000,200,2.1540
0.0086,0.0000,0.0000,0.0000,0.0076,0.0009,200,2.1488
0.0127,0.0000,0.0000,0.0000,0.0115,0.0004,200,2.1449
0.0132,0.0000,0.0000,0.0000,0.0131,0.0001,200,2.1446
0.0052,0.0000,0.0000,0.0000,0.0048,0.0003,200,2.1536
0.0063,0.0000,0.0000,0.0000,0.0062,0.0000,200,2.1525
0.0115,0.0000,0.0000,0.0000,0.0114,0.0000,200,2.1475
0.0147,0.0000,0.0000,0.0000,0.0142,0.0004,200,2.1455
0.0059,0.0000,0.0000,0.0000,0.0059,0.0000,200,2.1543
0.0153,0.0000,0.0000,0.0004,0.0149,0.0000,200,2.1450
0.0034,0.0000,0.0000,0.0000,0.0032,0.0001,200,2.1574
0.0117,0.0000,0.0000,0.0000,0.0110,0.0000,200,2.1499
0.0056,0.0000,0.0000,0.0000,0.0055,0.0000,200,2.1560
0.0316,0.0000,0.0000,0.0000,0.0315,0.0001,200,2.1306
0.0039,0.0000,0.0000,0.0001,0.0038,0.0001,200,2.1588
0.0043,0.0000,0.0000,0.0000,0.0042,0.0000,200,2.1591
0.0029,0.0000,0.0000,0.0000,0.0028,0.0000,200,2.1608
0.0052,0.0000,0.0000,0.0000,0.0051,0.0001,200,2.1590
0.0070,0.0000,0.0000,0.0000,0.0068,0.0000,200,2.1578
0.0102,0.0000,0.0000,0.0000,0.0100,0.0001,200,2.1551
0.0039,0.0000,0.0000,0.0000,0.0033,0.0005,200,2.1622
0.0055,0.0000,0.0000,0.0000,0.0053,0.0001,200,2.1607
0.0017,0.0000,0.0000,0.0000,0.0016,0.0000,200,2.1648
0.0012,0.0000,0.0000,0.0001,0.0011,0.0000,200,2.1653
0.0036,0.0000,0.0000,0.0000,0.0035,0.0001,200,2.1636
0.0040,0.0000,0.0000,0.0000,0.0036,0.0003,200,2.1634
0.0061,0.0000,0.0000,0.0000,0.0060,0.0000,200,2.1617
0.0078,0.0000,0.0000,0.0000,0.0077,0.0000,200,2.1607
0.0025,0.0000,0.0000,0.0000,0.0023,0.0001,200,2.1662
0.0046,0.0000,0.0000,0.0000,0.0045,0.0000,200,2.1643
0.0029,0.0000,0.0000,0.0000,0.0028,0.0001,200,2.1665
0.0034,0.0000,0.0000,0.0000,0.0033,0.0000,200,2.1665
0.0017,0.0000,0.0000,0.0000,0.0014,0.0003,200,2.1689
0.0015,0.0000,0.0000,0.0000,0.0014,0.0001,200,2.1694
0.0047,0.0000,0.0000,0.0000,0.0041,0.0005,200,2.1672
0.0035,0.0000,0.0000,0.0000,0.0033,0.0000,200,2.1686
0.0064,0.0000,0.0000,0.0000,0.0062,0.0001,200,2.1661
0.0023,0.0000,0.0000,0.0000,0.0022,0.0001,200,2.1709
0.0036,0.0000,0.0000,0.0000,0.0035,0.0001,200,2.1699
0.0017,0.0000,0.0000,0.0000,0.0015,0.0001,200,2.1725
0.0029,0.0000,0.0000,0.0000,0.0025,0.0001,200,2.1720
0.0068,0.0000,0.0000,0.0001,0.0066,0.0001,200,2.1686
0.0037,0.0000,0.0000,0.0000,0.0036,0.0001,200,2.1721
0.0058,0.0000,0.0000,0.0005,0.0050,0.0001,200,2.1706
0.0020,0.0000,0.0000,0.0000,0.0017,0.0003,200,2.1754
0.0028,0.0000,0.0000,0.0000,0.0025,0.0002,200,2.1748
0.0042,0.0000,0.0000,0.0000,0.0041,0.0001,200,2.1735
0.0045,0.0000,0.0000,0.0000,0.0045,0.0000,200,2.1732
0.0023,0.0000,0.0000,0.0000,0.0022,0.0000,200,2.1758
0.0010,0.0000,0.0000,0.0000,0.0009,0.0001,200,2.1778
0.0032,0.0000,0.0000,0.0000,0.0032,0.0001,200,2.1764
0.0017,0.0000,0.0000,0.0000,0.0016,0.0000,200,2.1781
0.0024,0.0000,0.0000,0.0000,0.0019,0.0001,200,2.1777
0.0029,0.0000,0.0000,0.0005,0.0023,0.0000,200,2.1774
0.0043,0.0000,0.0000,0.0000,0.0037,0.0005,200,2.1776
0.0023,0.0000,0.0000,0.0000,0.0020,0.0001,200,2.1798
0.0025,0.0000,0.0000,0.0000,0.0021,0.0000,200,2.1801
0.0013,0.0000,0.0000,0.0000,0.0012,0.0000,200,2.1821
0.0037,0.0000,0.0000,0.0000,0.0036,0.0000,200,2.1797
0.0033,0.0000,0.0000,0.0002,0.0027,0.0003,200,2.1803
0.0013,0.0000,0.0000,0.0000,0.0011,0.0000,200,2.1825
0.0024,0.0000,0.0000,0.0000,0.0023,0.0001,200,2.1819
0.0013,0.0000,0.0000,0.0000,0.0012,0.0001,200,2.1834
0.0017,0.0000,0.0000,0.0000,0.0016,0.0000,200,2.1834
0.0012,0.0000,0.0000,0.0000,0.0011,0.0000,200,2.1844
0.0015,0.0000,0.0000,0.0000,0.0014,0.0001,200,2.1847
0.0016,0.0000,0.0000,0.0000,0.0015,0.0000,200,2.1851
0.0012,0.0000,0.0000,0.0000,0.0010,0.0000,200,2.1856
0.0019,0.0000,0.0000,0.0000,0.0013,0.0005,200,2.1862
0.0015,0.0000,0.0000,0.0000,0.0013,0.0001,200,2.1868
0.0018,0.0000,0.0000,0.0001,0.0013,0.0004,200,2.1867
0.0013,0.0000,0.0000,0.0000,0.0011,0.0001,200,2.1881
0.0013,0.0000,0.0000,0.0000,0.0011,0.0001,200,2.1884
0.0007,0.0000,0.0000,0.0000,0.0005,0.0001,200,2.1897
0.0015,0.0000,0.0000,0.0000,0.0012,0.0002,200,2.1893
0.0008,0.0000,0.0000,0.0000,0.0006,0.0001,200,2.1904
