response-time,DNS+dialup,DNS,Request-write,Response-delay,Response-read,status-code,offset
0.0089,0.0029,0.0000,0.0009,0.0045,0.0004,200,0.0016
0.0140,0.0020,0.0000,0.0013,0.0106,0.0001,200,0.0030
0.0116,0.0012,0.0000,0.0003,0.0099,0.0002,200,0.0055
0.0137,0.0030,0.0000,0.0019,0.0088,0.0001,200,0.0037
0.0142,0.0016,0.0000,0.0013,0.0112,0.0000,200,0.0034
0.0120,0.0009,0.0000,0.0003,0.0108,0.0000,200,0.0056
0.0146,0.0017,0.0000,0.0013,0.0115,0.0000,200,0.0032
0.0138,0.0007,0.0000,0.0010,0.0120,0.0000,200,0.0041
0.0075,0.0000,0.0000,0.0000,0.0074,0.0000,200,0.0105
0.0145,0.0014,0.0000,0.0012,0.0119,0.0000,200,0.0035
0.0139,0.0010,0.0000,0.0017,0.0097,0.0015,200,0.0042
0.0179,0.0020,0.0000,0.0010,0.0148,0.0001,200,0.0027
0.0035,0.0000,0.0000,0.0000,0.0034,0.0000,200,0.0178
0.0139,0.0001,0.0000,0.0003,0.0134,0.0002,200,0.0080
0.0155,0.0001,0.0000,0.0000,0.0143,0.0011,200,0.0081
0.0208,0.0020,0.0000,0.0015,0.0160,0.0011,200,0.0029
0.0223,0.0002,0.0000,0.0001,0.0143,0.0000,200,0.0016
0.0161,0.0005,0.0000,0.0005,0.0150,0.0000,200,0.0078
0.0163,0.0007,0.0000,0.0006,0.0149,0.0000,200,0.0076
0.0223,0.0020,0.0000,0.0009,0.0193,0.0000,200,0.0027
0.0095,0.0000,0.0000,0.0000,0.0094,0.0000,200,0.0171
0.0237,0.0019,0.0000,0.0015,0.0202,0.0001,200,0.0031
0.0236,0.0017,0.0000,0.0014,0.0204,0.0000,200,0.0033
0.0189,0.0001,0.0000,0.0004,0.0184,0.0000,200,0.0080
0.0222,0.0003,0.0000,0.0012,0.0206,0.0000,200,0.0048
0.0103,0.0000,0.0000,0.0001,0.0101,0.0001,200,0.0207
0.0268,0.0024,0.0000,0.0002,0.0242,0.0000,200,0.0042
0.0299,0.0013,0.0000,0.0012,0.0245,0.0029,200,0.0036
0.0245,0.0001,0.0000,0.0001,0.0243,0.0000,200,0.0090
0.0161,0.0000,0.0000,0.0000,0.0131,0.0030,200,0.0175
0.0309,0.0023,0.0000,0.0015,0.0270,0.0000,200,0.0028
0.0326,0.0027,0.0000,0.0009,0.0281,0.0000,200,0.0011
0.0099,0.0000,0.0000,0.0000,0.0099,0.0000,200,0.0238
0.0125,0.0000,0.0000,0.0005,0.0119,0.0000,200,0.0213
0.0102,0.0000,0.0000,0.0000,0.0101,0.0000,200,0.0237
0.0163,0.0000,0.0000,0.0000,0.0162,0.0000,200,0.0176
0.0256,0.0003,0.0000,0.0001,0.0251,0.0000,200,0.0083
0.0071,0.0000,0.0000,0.0000,0.0070,0.0000,200,0.0268
0.0261,0.0004,0.0000,0.0005,0.0252,0.0000,200,0.0079
0.0264,0.0007,0.0000,0.0007,0.0250,0.0000,200,0.0076
0.0122,0.0000,0.0000,0.0018,0.0103,0.0000,200,0.0219
0.0306,0.0009,0.0000,0.0009,0.0287,0.0000,200,0.0036
0.0305,0.0010,0.0000,0.0011,0.0283,0.0000,200,0.0037
0.0276,0.0002,0.0000,0.0000,0.0273,0.0001,200,0.0071
0.0283,0.0002,0.0000,0.0001,0.0279,0.0001,200,0.0072
0.0029,0.0000,0.0000,0.0001,0.0028,0.0001,200,0.0336
0.0037,0.0000,0.0000,0.0000,0.0036,0.0000,200,0.0337
0.0020,0.0000,0.0000,0.0000,0.0020,0.0000,200,0.0355
0.0341,0.0012,0.0000,0.0010,0.0318,0.0000,200,0.0038
0.0205,0.0000,0.0000,0.0000,0.0204,0.0000,200,0.0181
0.0337,0.0002,0.0000,0.0010,0.0324,0.0000,200,0.0049
0.0139,0.0000,0.0000,0.0000,0.0138,0.0000,200,0.0250
0.0152,0.0000,0.0000,0.0002,0.0150,0.0000,200,0.0239
0.0073,0.0000,0.0000,0.0000,0.0072,0.0001,200,0.0339
0.0402,0.0002,0.0000,0.0000,0.0322,0.0000,200,0.0016
0.0408,0.0078,0.0000,0.0001,0.0327,0.0000,200,0.0016
0.0093,0.0000,0.0000,0.0001,0.0092,0.0000,200,0.0340
0.0099,0.0000,0.0000,0.0000,0.0098,0.0001,200,0.0338
0.0378,0.0005,0.0000,0.0006,0.0367,0.0000,200,0.0078
0.0114,0.0000,0.0000,0.0000,0.0113,0.0001,200,0.0365
0.0104,0.0000,0.0000,0.0000,0.0103,0.0001,200,0.0375
0.0471,0.0002,0.0000,0.0000,0.0388,0.0001,200,0.0011
0.0462,0.0031,0.0000,0.0016,0.0414,0.0000,200,0.0021
0.0247,0.0000,0.0000,0.0000,0.0246,0.0000,200,0.0237
0.0145,0.0000,0.0000,0.0000,0.0145,0.0000,200,0.0339
0.0306,0.0000,0.0000,0.0000,0.0306,0.0000,200,0.0179
0.0221,0.0000,0.0000,0.0001,0.0220,0.0001,200,0.0266
0.0309,0.0000,0.0000,0.0000,0.0309,0.0000,200,0.0179
0.0153,0.0000,0.0000,0.0000,0.0152,0.0001,200,0.0339
0.0429,0.0002,0.0000,0.0001,0.0425,0.0000,200,0.0069
0.0195,0.0000,0.0000,0.0000,0.0194,0.0000,200,0.0309
0.0162,0.0000,0.0000,0.0001,0.0161,0.0000,200,0.0347
0.0036,0.0000,0.0000,0.0000,0.0035,0.0001,200,0.0479
0.0064,0.0000,0.0000,0.0000,0.0064,0.0000,200,0.0456
0.0491,0.0009,0.0000,0.0011,0.0469,0.0001,200,0.0038
0.0518,0.0047,0.0000,0.0002,0.0464,0.0000,200,0.0015
0.0487,0.0014,0.0000,0.0004,0.0469,0.0000,200,0.0053
0.0371,0.0000,0.0000,0.0003,0.0367,0.0000,200,0.0177
0.0071,0.0000,0.0000,0.0000,0.0067,0.0004,200,0.0487
0.0223,0.0000,0.0000,0.0000,0.0222,0.0000,200,0.0335
0.0060,0.0000,0.0000,0.0000,0.0060,0.0000,200,0.0498
0.0486,0.0003,0.0000,0.0004,0.0478,0.0000,200,0.0079
0.0065,0.0000,0.0000,0.0000,0.0063,0.0000,200,0.0504
0.0203,0.0000,0.0000,0.0000,0.0202,0.0001,200,0.0374
0.0248,0.0000,0.0000,0.0000,0.0247,0.0000,200,0.0336
0.0050,0.0000,0.0000,0.0000,0.0049,0.0000,200,0.0540
0.0025,0.0000,0.0000,0.0000,0.0024,0.0000,200,0.0569
0.0595,0.0029,0.0000,0.0016,0.0548,0.0001,200,0.0020
0.0115,0.0000,0.0000,0.0000,0.0114,0.0001,200,0.0509
0.0063,0.0000,0.0000,0.0000,0.0062,0.0001,200,0.0594
0.0268,0.0000,0.0000,0.0001,0.0267,0.0001,200,0.0389
0.0125,0.0000,0.0000,0.0001,0.0124,0.0000,200,0.0533
0.0138,0.0000,0.0000,0.0000,0.0137,0.0000,200,0.0520
0.0396,0.0000,0.0000,0.0000,0.0395,0.0000,200,0.0270
0.0051,0.0000,0.0000,0.0000,0.0050,0.0000,200,0.0625
0.0243,0.0000,0.0000,0.0000,0.0242,0.0001,200,0.0437
0.0198,0.0000,0.0000,0.0000,0.0196,0.0000,200,0.0484
0.0204,0.0000,0.0000,0.0000,0.0203,0.0000,200,0.0484
0.0304,0.0000,0.0000,0.0000,0.0303,0.0000,200,0.0386
0.0277,0.0000,0.0000,0.0000,0.0275,0.0000,200,0.0417
0.0478,0.0000,0.0000,0.0000,0.0476,0.0001,200,0.0269
0.0590,0.0000,0.0000,0.0000,0.0589,0.0001,200,0.0170
0.0432,0.0000,0.0000,0.0000,0.0430,0.0001,200,0.0338
0.0246,0.0000,0.0000,0.0000,0.0245,0.0000,200,0.0529
0.0436,0.0000,0.0000,0.0001,0.0434,0.0000,200,0.0342
0.0707,0.0009,0.0000,0.0007,0.0690,0.0001,200,0.0075
0.0196,0.0000,0.0000,0.0001,0.0195,0.0000,200,0.0590
0.0328,0.0000,0.0000,0.0001,0.0324,0.0002,200,0.0485
0.0580,0.0000,0.0000,0.0000,0.0580,0.0000,200,0.0238
0.0485,0.0000,0.0000,0.0000,0.0484,0.0000,200,0.0342
0.0351,0.0000,0.0000,0.0000,0.0349,0.0001,200,0.0479
0.0516,0.0000,0.0000,0.0000,0.0515,0.0000,200,0.0340
0.0297,0.0000,0.0000,0.0000,0.0297,0.0000,200,0.0559
0.0176,0.0000,0.0000,0.0001,0.0175,0.0001,200,0.0681
0.0784,0.0002,0.0000,0.0000,0.0782,0.0000,200,0.0074
0.0242,0.0000,0.0000,0.0000,0.0233,0.0000,200,0.0616
0.0201,0.0000,0.0000,0.0000,0.0200,0.0000,200,0.0658
0.0084,0.0000,0.0000,0.0002,0.0081,0.0000,200,0.0775
0.0203,0.0000,0.0000,0.0000,0.0202,0.0001,200,0.0657
0.0776,0.0002,0.0000,0.0000,0.0773,0.0000,200,0.0088
0.0084,0.0000,0.0000,0.0000,0.0083,0.0000,200,0.0782
0.0310,0.0000,0.0000,0.0000,0.0309,0.0000,200,0.0558
0.0213,0.0000,0.0000,0.0000,0.0213,0.0000,200,0.0657
0.0452,0.0000,0.0000,0.0000,0.0450,0.0000,200,0.0424
0.0699,0.0000,0.0000,0.0000,0.0699,0.0000,200,0.0180
0.0206,0.0000,0.0000,0.0000,0.0204,0.0001,200,0.0675
0.0401,0.0000,0.0000,0.0000,0.0399,0.0001,200,0.0482
0.0237,0.0000,0.0000,0.0000,0.0236,0.0001,200,0.0690
0.0261,0.0000,0.0000,0.0001,0.0260,0.0000,200,0.0666
0.0241,0.0000,0.0000,0.0000,0.0240,0.0000,200,0.0688
0.0071,0.0000,0.0000,0.0000,0.0070,0.0000,200,0.0858
0.0346,0.0000,0.0000,0.0000,0.0345,0.0000,200,0.0584
0.0050,0.0000,0.0000,0.0000,0.0049,0.0000,200,0.0879
0.0439,0.0000,0.0000,0.0000,0.0438,0.0000,200,0.0491
0.0160,0.0000,0.0000,0.0000,0.0159,0.0000,200,0.0770
0.0448,0.0000,0.0000,0.0001,0.0447,0.0000,200,0.0483
0.0626,0.0000,0.0000,0.0000,0.0625,0.0001,200,0.0309
0.0095,0.0000,0.0000,0.0000,0.0094,0.0000,200,0.0871
0.0533,0.0000,0.0000,0.0000,0.0532,0.0000,200,0.0433
0.0206,0.0000,0.0000,0.0000,0.0205,0.0000,200,0.0760
0.0098,0.0000,0.0000,0.0000,0.0097,0.0000,200,0.0869
0.0040,0.0000,0.0000,0.0000,0.0039,0.0000,200,0.0927
0.0040,0.0000,0.0000,0.0000,0.0038,0.0001,200,0.0927
0.0092,0.0000,0.0000,0.0000,0.0091,0.0000,200,0.0876
0.0109,0.0000,0.0000,0.0000,0.0108,0.0000,200,0.0859
0.0142,0.0000,0.0000,0.0001,0.0140,0.0000,200,0.0830
0.0704,0.0000,0.0000,0.0000,0.0701,0.0002,200,0.0270
0.0107,0.0000,0.0000,0.0001,0.0106,0.0000,200,0.0881
0.0161,0.0000,0.0000,0.0000,0.0159,0.0001,200,0.0866
0.0107,0.0000,0.0000,0.0000,0.0105,0.0001,200,0.0928
0.0070,0.0000,0.0000,0.0000,0.0069,0.0000,200,0.0968
0.0190,0.0000,0.0000,0.0000,0.0187,0.0002,200,0.0857
0.0537,0.0000,0.0000,0.0000,0.0535,0.0001,200,0.0515
0.0664,0.0000,0.0000,0.0000,0.0663,0.0001,200,0.0391
0.0403,0.0000,0.0000,0.0000,0.0403,0.0000,200,0.0658
0.0376,0.0000,0.0000,0.0000,0.0374,0.0001,200,0.0694
0.0230,0.0000,0.0000,0.0000,0.0229,0.0000,200,0.0858
0.0051,0.0000,0.0000,0.0000,0.0051,0.0000,200,0.1037
0.0121,0.0000,0.0000,0.0001,0.0118,0.0002,200,0.0974
0.0129,0.0000,0.0000,0.0000,0.0129,0.0000,200,0.0968
0.0073,0.0000,0.0000,0.0000,0.0071,0.0001,200,0.1027
0.0051,0.0000,0.0000,0.0000,0.0050,0.0000,200,0.1052
0.0277,0.0000,0.0000,0.0000,0.0277,0.0000,200,0.0827
0.0175,0.0000,0.0000,0.0014,0.0160,0.0000,200,0.0931
0.0027,0.0000,0.0000,0.0000,0.0026,0.0001,200,0.1088
0.0192,0.0000,0.0000,0.0000,0.0190,0.0002,200,0.0929
0.0380,0.0000,0.0000,0.0001,0.0378,0.0001,200,0.0747
0.0321,0.0000,0.0000,0.0000,0.0320,0.0001,200,0.0813
0.0366,0.0000,0.0000,0.0000,0.0364,0.0001,200,0.0778
0.0665,0.0000,0.0000,0.0000,0.0664,0.0001,200,0.0488
0.0188,0.0000,0.0000,0.0000,0.0186,0.0001,200,0.0967
0.0194,0.0000,0.0000,0.0000,0.0193,0.0000,200,0.0966
0.0236,0.0000,0.0000,0.0000,0.0235,0.0001,200,0.0930
0.0107,0.0000,0.0000,0.0001,0.0104,0.0001,200,0.1062
0.0204,0.0000,0.0000,0.0001,0.0202,0.0001,200,0.0988
0.0409,0.0000,0.0000,0.0000,0.0409,0.0000,200,0.0787
0.0115,0.0000,0.0000,0.0000,0.0113,0.0002,200,0.1089
0.0830,0.0000,0.0000,0.0001,0.0829,0.0001,200,0.0379
0.0113,0.0000,0.0000,0.0001,0.0111,0.0001,200,0.1104
0.0142,0.0000,0.0000,0.0000,0.0137,0.0001,200,0.1095
0.0275,0.0000,0.0000,0.0000,0.0273,0.0000,200,0.0967
0.0686,0.0000,0.0000,0.0000,0.0685,0.0001,200,0.0558
0.0906,0.0000,0.0000,0.0000,0.0905,0.0001,200,0.0339
0.0425,0.0000,0.0000,0.0001,0.0424,0.0001,200,0.0860
0.0191,0.0000,0.0000,0.0000,0.0190,0.0001,200,0.1097
0.0192,0.0000,0.0000,0.0000,0.0191,0.0001,200,0.1100
0.0411,0.0000,0.0000,0.0000,0.0408,0.0000,200,0.0883
0.0885,0.0000,0.0000,0.0001,0.0884,0.0001,200,0.0412
0.0157,0.0000,0.0000,0.0000,0.0155,0.0001,200,0.1144
0.0234,0.0000,0.0000,0.0000,0.0233,0.0000,200,0.1070
0.0368,0.0000,0.0000,0.0001,0.0367,0.0000,200,0.0936
0.0160,0.0000,0.0000,0.0000,0.0158,0.0001,200,0.1153
0.0071,0.0000,0.0000,0.0000,0.0070,0.0001,200,0.1245
0.0204,0.0000,0.0000,0.0000,0.0202,0.0001,200,0.1115
0.0357,0.0000,0.0000,0.0000,0.0356,0.0001,200,0.0966
0.0222,0.0000,0.0000,0.0002,0.0218,0.0001,200,0.1106
0.0144,0.0000,0.0000,0.0002,0.0141,0.0001,200,0.1192
0.0304,0.0000,0.0000,0.0000,0.0303,0.0001,200,0.1035
0.0412,0.0000,0.0000,0.0000,0.0412,0.0001,200,0.0929
0.0974,0.0000,0.0000,0.0000,0.0973,0.0000,200,0.0386
0.1028,0.0000,0.0000,0.0000,0.1028,0.0000,200,0.0337
0.0403,0.0000,0.0000,0.0000,0.0402,0.0000,200,0.0967
0.0516,0.0000,0.0000,0.0000,0.0515,0.0000,200,0.0856
0.0209,0.0000,0.0000,0.0000,0.0208,0.0001,200,0.1166
0.0153,0.0000,0.0000,0.0000,0.0150,0.0001,200,0.1304
0.0486,0.0000,0.0000,0.0000,0.0485,0.0001,200,0.0972
0.0492,0.0000,0.0000,0.0000,0.0491,0.0001,200,0.0966
0.0338,0.0000,0.0000,0.0000,0.0338,0.0000,200,0.1121
0.0912,0.0000,0.0000,0.0000,0.0911,0.0000,200,0.0548
0.0243,0.0000,0.0000,0.0000,0.0243,0.0000,200,0.1217
0.0602,0.0000,0.0000,0.0000,0.0601,0.0000,200,0.0859
0.0265,0.0000,0.0000,0.0000,0.0265,0.0000,200,0.1196
0.0164,0.0000,0.0000,0.0001,0.0163,0.0000,200,0.1297
0.0532,0.0000,0.0000,0.0001,0.0531,0.0000,200,0.0930
0.0150,0.0000,0.0000,0.0000,0.0149,0.0000,200,0.1313
0.0174,0.0000,0.0000,0.0000,0.0173,0.0000,200,0.1289
0.0176,0.0000,0.0000,0.0000,0.0174,0.0001,200,0.1323
0.0641,0.0000,0.0000,0.0000,0.0640,0.0001,200,0.0864
0.0053,0.0000,0.0000,0.0006,0.0046,0.0000,200,0.1457
0.0176,0.0000,0.0000,0.0000,0.0175,0.0000,200,0.1336
0.0213,0.0000,0.0000,0.0000,0.0212,0.0000,200,0.1301
0.0251,0.0000,0.0000,0.0000,0.0250,0.0001,200,0.1316
0.0332,0.0000,0.0000,0.0000,0.0327,0.0005,200,0.1241
0.0333,0.0000,0.0000,0.0001,0.0311,0.0000,200,0.1245
0.0446,0.0000,0.0000,0.0000,0.0445,0.0000,200,0.1133
0.0432,0.0000,0.0000,0.0000,0.0431,0.0001,200,0.1155
0.0249,0.0000,0.0000,0.0000,0.0249,0.0000,200,0.1339
0.0305,0.0000,0.0000,0.0000,0.0305,0.0000,200,0.1285
0.0091,0.0000,0.0000,0.0001,0.0090,0.0000,200,0.1514
0.0146,0.0000,0.0000,0.0000,0.0146,0.0000,200,0.1459
0.0019,0.0000,0.0000,0.0000,0.0017,0.0001,200,0.1587
0.0111,0.0000,0.0000,0.0000,0.0110,0.0001,200,0.1505
0.0281,0.0000,0.0000,0.0001,0.0280,0.0000,200,0.1342
0.0251,0.0000,0.0000,0.0001,0.0250,0.0000,200,0.1375
0.0469,0.0000,0.0000,0.0000,0.0467,0.0001,200,0.1160
0.0781,0.0000,0.0000,0.0000,0.0778,0.0002,200,0.0857
0.0283,0.0000,0.0000,0.0000,0.0282,0.0000,200,0.1360
0.0058,0.0000,0.0000,0.0002,0.0055,0.0000,200,0.1590
0.0070,0.0000,0.0000,0.0000,0.0070,0.0000,200,0.1606
0.1100,0.0000,0.0000,0.0000,0.1099,0.0000,200,0.0577
0.0179,0.0000,0.0000,0.0000,0.0178,0.0000,200,0.1499
0.0220,0.0000,0.0000,0.0000,0.0219,0.0000,200,0.1458
0.0217,0.0000,0.0000,0.0000,0.0216,0.0000,200,0.1461
0.0036,0.0000,0.0000,0.0000,0.0036,0.0000,200,0.1643
0.0998,0.0000,0.0000,0.0000,0.0997,0.0000,200,0.0682
0.0376,0.0000,0.0000,0.0000,0.0376,0.0000,200,0.1304
0.0170,0.0000,0.0000,0.0000,0.0167,0.0003,200,0.1510
0.0362,0.0000,0.0000,0.0000,0.0361,0.0000,200,0.1319
0.1116,0.0000,0.0000,0.0000,0.1111,0.0004,200,0.0565
0.0635,0.0000,0.0000,0.0000,0.0634,0.0001,200,0.1046
0.0760,0.0000,0.0000,0.0000,0.0759,0.0001,200,0.0928
0.0087,0.0000,0.0000,0.0000,0.0086,0.0000,200,0.1606
0.0079,0.0000,0.0000,0.0000,0.0078,0.0000,200,0.1616
0.0122,0.0000,0.0000,0.0001,0.0120,0.0001,200,0.1579
0.0138,0.0000,0.0000,0.0000,0.0137,0.0000,200,0.1567
0.0198,0.0000,0.0000,0.0000,0.0196,0.0001,200,0.1512
0.0422,0.0000,0.0000,0.0000,0.0421,0.0000,200,0.1294
0.0258,0.0000,0.0000,0.0000,0.0256,0.0001,200,0.1463
0.0120,0.0000,0.0000,0.0000,0.0119,0.0000,200,0.1605
0.0358,0.0000,0.0000,0.0001,0.0356,0.0001,200,0.1373
0.0055,0.0000,0.0000,0.0000,0.0055,0.0000,200,0.1677
0.0154,0.0000,0.0000,0.0000,0.0152,0.0000,200,0.1588
0.0057,0.0000,0.0000,0.0000,0.0056,0.0000,200,0.1688
0.0179,0.0000,0.0000,0.0000,0.0177,0.0001,200,0.1574
0.0516,0.0000,0.0000,0.0000,0.0515,0.0000,200,0.1238
0.0043,0.0000,0.0000,0.0000,0.0042,0.0001,200,0.1716
0.0304,0.0000,0.0000,0.0000,0.0303,0.0000,200,0.1461
0.0404,0.0000,0.0000,0.0000,0.0402,0.0001,200,0.1370
0.0612,0.0000,0.0000,0.0001,0.0611,0.0001,200,0.1169
0.0368,0.0000,0.0000,0.0000,0.0367,0.0001,200,0.1458
0.0147,0.0000,0.0000,0.0000,0.0147,0.0000,200,0.1679
0.0623,0.0000,0.0000,0.0000,0.0622,0.0000,200,0.1203
0.0200,0.0000,0.0000,0.0001,0.0198,0.0000,200,0.1627
0.0145,0.0000,0.0000,0.0003,0.0142,0.0000,200,0.1681
0.0127,0.0000,0.0000,0.0000,0.0124,0.0002,200,0.1701
0.0152,0.0000,0.0000,0.0000,0.0151,0.0000,200,0.1676
0.0119,0.0000,0.0000,0.0000,0.0115,0.0003,200,0.1709
0.0251,0.0000,0.0000,0.0000,0.0247,0.0003,200,0.1578
0.0172,0.0000,0.0000,0.0000,0.0171,0.0001,200,0.1680
0.0399,0.0000,0.0000,0.0000,0.0398,0.0000,200,0.1462
0.0081,0.0000,0.0000,0.0000,0.0080,0.0000,200,0.1781
0.0106,0.0000,0.0000,0.0000,0.0105,0.0000,200,0.1759
0.0194,0.0000,0.0000,0.0000,0.0193,0.0001,200,0.1681
0.0202,0.0000,0.0000,0.0000,0.0201,0.0001,200,0.1678
0.0674,0.0000,0.0000,0.0000,0.0673,0.0000,200,0.1210
0.0063,0.0000,0.0000,0.0000,0.0063,0.0000,200,0.1826
0.0165,0.0000,0.0000,0.0000,0.0164,0.0000,200,0.1730
0.0439,0.0000,0.0000,0.0000,0.0438,0.0000,200,0.1460
0.0140,0.0000,0.0000,0.0000,0.0140,0.0000,200,0.1765
0.0192,0.0000,0.0000,0.0000,0.0191,0.0000,200,0.1721
0.0243,0.0000,0.0000,0.0000,0.0242,0.0000,200,0.1677
0.0562,0.0000,0.0000,0.0000,0.0561,0.0001,200,0.1366
0.0101,0.0000,0.0000,0.0000,0.0101,0.0000,200,0.1828
0.0106,0.0000,0.0000,0.0000,0.0105,0.0000,200,0.1828
0.0058,0.0000,0.0000,0.0000,0.0055,0.0001,200,0.1880
0.0114,0.0000,0.0000,0.0000,0.0110,0.0002,200,0.1826
0.0114,0.0000,0.0000,0.0000,0.0113,0.0000,200,0.1828
0.0219,0.0000,0.0000,0.0000,0.0219,0.0000,200,0.1725
0.0087,0.0000,0.0000,0.0000,0.0086,0.0000,200,0.1861
0.0206,0.0000,0.0000,0.0000,0.0205,0.0001,200,0.1754
0.0363,0.0000,0.0000,0.0000,0.0362,0.0001,200,0.1629
0.1653,0.0000,0.0000,0.0000,0.1652,0.0000,200,0.0342
0.0173,0.0000,0.0000,0.0000,0.0172,0.0001,200,0.1828
0.0317,0.0000,0.0000,0.0000,0.0317,0.0000,200,0.1695
0.0566,0.0000,0.0000,0.0000,0.0565,0.0001,200,0.1459
0.0356,0.0000,0.0000,0.0000,0.0355,0.0000,200,0.1679
0.0362,0.0000,0.0000,0.0000,0.0361,0.0001,200,0.1678
0.0154,0.0000,0.0000,0.0000,0.0152,0.0001,200,0.1895
0.0157,0.0000,0.0000,0.0000,0.0154,0.0002,200,0.1899
0.0100,0.0000,0.0000,0.0002,0.0098,0.0000,200,0.1960
0.0012,0.0000,0.0000,0.0000,0.0011,0.0000,200,0.2049
0.0125,0.0000,0.0000,0.0000,0.0124,0.0000,200,0.1942
0.0635,0.0000,0.0000,0.0000,0.0634,0.0000,200,0.1461
0.0177,0.0000,0.0000,0.0000,0.0177,0.0000,200,0.1920
0.0769,0.0000,0.0000,0.0000,0.0768,0.0000,200,0.1328
0.0805,0.0000,0.0000,0.0000,0.0805,0.0000,200,0.1292
0.0157,0.0000,0.0000,0.0001,0.0155,0.0000,200,0.1941
0.0271,0.0000,0.0000,0.0000,0.0271,0.0000,200,0.1826
0.0150,0.0000,0.0000,0.0000,0.0149,0.0000,200,0.1949
0.0193,0.0000,0.0000,0.0000,0.0192,0.0000,200,0.1906
0.0063,0.0000,0.0000,0.0000,0.0063,0.0000,200,0.2035
0.0105,0.0000,0.0000,0.0001,0.0103,0.0000,200,0.1994
0.0187,0.0000,0.0000,0.0000,0.0182,0.0004,200,0.1913
0.0123,0.0000,0.0000,0.0000,0.0122,0.0001,200,0.2012
0.0312,0.0000,0.0000,0.0000,0.0311,0.0001,200,0.1827
0.0257,0.0000,0.0000,0.0000,0.0257,0.0000,200,0.1890
0.1364,0.0000,0.0000,0.0000,0.1359,0.0005,200,0.0819
0.0249,0.0000,0.0000,0.0000,0.0249,0.0000,200,0.1934
0.0262,0.0000,0.0000,0.0000,0.0261,0.0001,200,0.1927
0.1140,0.0000,0.0000,0.0000,0.1139,0.0000,200,0.1056
0.0312,0.0000,0.0000,0.0000,0.0311,0.0001,200,0.1884
0.1070,0.0000,0.0000,0.0000,0.1069,0.0000,200,0.1127
0.0324,0.0000,0.0000,0.0000,0.0323,0.0000,200,0.1875
0.0137,0.0000,0.0000,0.0000,0.0135,0.0001,200,0.2067
0.0113,0.0000,0.0000,0.0000,0.0112,0.0001,200,0.2098
0.0468,0.0000,0.0000,0.0000,0.0467,0.0000,200,0.1753
0.0087,0.0000,0.0000,0.0000,0.0087,0.0000,200,0.2135
0.0318,0.0000,0.0000,0.0000,0.0317,0.0000,200,0.1938
0.0513,0.0000,0.0000,0.0000,0.0513,0.0000,200,0.1743
0.0619,0.0000,0.0000,0.0000,0.0618,0.0000,200,0.1638
0.0160,0.0000,0.0000,0.0000,0.0158,0.0001,200,0.2097
0.0069,0.0000,0.0000,0.0000,0.0069,0.0000,200,0.2189
0.0406,0.0000,0.0000,0.0000,0.0402,0.0001,200,0.1852
0.0266,0.0000,0.0000,0.0000,0.0266,0.0000,200,0.1992
0.0536,0.0000,0.0000,0.0000,0.0536,0.0001,200,0.1733
0.0171,0.0000,0.0000,0.0000,0.0170,0.0001,200,0.2100
0.0605,0.0000,0.0000,0.0000,0.0605,0.0000,200,0.1681
0.0246,0.0000,0.0000,0.0002,0.0243,0.0000,200,0.2040
0.0089,0.0000,0.0000,0.0000,0.0088,0.0000,200,0.2197
0.0357,0.0000,0.0000,0.0000,0.0356,0.0001,200,0.1929
0.0021,0.0000,0.0000,0.0000,0.0020,0.0001,200,0.2271
0.0354,0.0000,0.0000,0.0000,0.0353,0.0000,200,0.1944
0.0092,0.0000,0.0000,0.0001,0.0089,0.0001,200,0.2211
0.0116,0.0000,0.0000,0.0000,0.0116,0.0000,200,0.2195
0.0116,0.0000,0.0000,0.0001,0.0113,0.0002,200,0.2204
0.0080,0.0000,0.0000,0.0000,0.0079,0.0000,200,0.2256
0.0077,0.0000,0.0000,0.0000,0.0077,0.0000,200,0.2258
0.0140,0.0000,0.0000,0.0000,0.0139,0.0001,200,0.2197
0.0286,0.0000,0.0000,0.0000,0.0285,0.0000,200,0.2056
0.0250,0.0000,0.0000,0.0000,0.0249,0.0001,200,0.2097
0.0093,0.0000,0.0000,0.0000,0.0092,0.0001,200,0.2257
0.0168,0.0000,0.0000,0.0000,0.0168,0.0001,200,0.2183
0.0259,0.0000,0.0000,0.0000,0.0259,0.0001,200,0.2097
0.0045,0.0000,0.0000,0.0000,0.0044,0.0000,200,0.2312
0.0679,0.0000,0.0000,0.0000,0.0678,0.0000,200,0.1680
0.0497,0.0000,0.0000,0.0000,0.0494,0.0002,200,0.1865
0.0123,0.0000,0.0000,0.0001,0.0121,0.0001,200,0.2304
0.0369,0.0000,0.0000,0.0000,0.0368,0.0000,200,0.2060
0.0333,0.0000,0.0000,0.0000,0.0332,0.0001,200,0.2096
0.0077,0.0000,0.0000,0.0000,0.0076,0.0001,200,0.2352
0.0724,0.0000,0.0000,0.0000,0.0724,0.0000,200,0.1705
0.0081,0.0000,0.0000,0.0000,0.0080,0.0000,200,0.2349
0.0088,0.0000,0.0000,0.0000,0.0088,0.0000,200,0.2342
0.0333,0.0000,0.0000,0.0000,0.0332,0.0000,200,0.2098
0.0657,0.0000,0.0000,0.0001,0.0656,0.0000,200,0.1774
0.1328,0.0000,0.0000,0.0000,0.1327,0.0000,200,0.1103
0.0173,0.0000,0.0000,0.0000,0.0172,0.0000,200,0.2258
0.0333,0.0000,0.0000,0.0000,0.0332,0.0000,200,0.2099
0.0173,0.0000,0.0000,0.0000,0.0173,0.0000,200,0.2258
0.0069,0.0000,0.0000,0.0000,0.0069,0.0000,200,0.2362
0.0738,0.0000,0.0000,0.0000,0.0738,0.0000,200,0.1694
0.0209,0.0000,0.0000,0.0000,0.0209,0.0000,200,0.2223
0.0784,0.0000,0.0000,0.0000,0.0784,0.0000,200,0.1648
0.0250,0.0000,0.0000,0.0000,0.0249,0.0001,200,0.2183
0.0380,0.0000,0.0000,0.0000,0.0378,0.0001,200,0.2061
0.0306,0.0000,0.0000,0.0000,0.0302,0.0003,200,0.2139
0.0111,0.0000,0.0000,0.0000,0.0111,0.0000,200,0.2335
0.0249,0.0000,0.0000,0.0000,0.0248,0.0000,200,0.2198
0.0162,0.0000,0.0000,0.0000,0.0161,0.0000,200,0.2286
0.0162,0.0000,0.0000,0.0000,0.0160,0.0001,200,0.2286
0.0093,0.0000,0.0000,0.0000,0.0092,0.0000,200,0.2356
0.0353,0.0000,0.0000,0.0000,0.0352,0.0001,200,0.2099
0.0094,0.0000,0.0000,0.0000,0.0093,0.0000,200,0.2359
0.0430,0.0000,0.0000,0.0000,0.0429,0.0000,200,0.2025
0.0177,0.0000,0.0000,0.0000,0.0175,0.0003,200,0.2286
0.0857,0.0000,0.0000,0.0000,0.0857,0.0000,200,0.1623
0.0620,0.0000,0.0000,0.0000,0.0619,0.0000,200,0.1861
0.0059,0.0000,0.0000,0.0000,0.0058,0.0000,200,0.2429
0.0067,0.0000,0.0000,0.0000,0.0062,0.0006,200,0.2429
0.0045,0.0000,0.0000,0.0002,0.0042,0.0000,200,0.2452
0.0056,0.0000,0.0000,0.0000,0.0055,0.0000,200,0.2448
0.0079,0.0000,0.0000,0.0000,0.0078,0.0000,200,0.2432
0.0370,0.0000,0.0000,0.0000,0.0369,0.0001,200,0.2147
0.0095,0.0000,0.0000,0.0000,0.0092,0.0001,200,0.2431
0.0102,0.0000,0.0000,0.0000,0.0101,0.0001,200,0.2430
0.0111,0.0000,0.0000,0.0000,0.0110,0.0000,200,0.2430
0.0213,0.0000,0.0000,0.0000,0.0212,0.0000,200,0.2337
0.0061,0.0000,0.0000,0.0000,0.0061,0.0000,200,0.2488
0.0108,0.0000,0.0000,0.0000,0.0107,0.0001,200,0.2447
0.0112,0.0000,0.0000,0.0000,0.0111,0.0001,200,0.2448
0.0132,0.0000,0.0000,0.0000,0.0131,0.0001,200,0.2433
0.0144,0.0000,0.0000,0.0000,0.0143,0.0000,200,0.2427
0.0834,0.0000,0.0000,0.0000,0.0833,0.0001,200,0.1745
0.0249,0.0000,0.0000,0.0000,0.0248,0.0001,200,0.2335
0.0073,0.0000,0.0000,0.0000,0.0072,0.0000,200,0.2517
0.0166,0.0000,0.0000,0.0000,0.0165,0.0001,200,0.2431
0.0156,0.0000,0.0000,0.0000,0.0155,0.0001,200,0.2453
0.0392,0.0000,0.0000,0.0000,0.0391,0.0000,200,0.2221
0.0084,0.0000,0.0000,0.0000,0.0083,0.0000,200,0.2532
0.0085,0.0000,0.0000,0.0000,0.0084,0.0000,200,0.2541
0.0185,0.0000,0.0000,0.0000,0.0184,0.0000,200,0.2445
0.0345,0.0000,0.0000,0.0000,0.0344,0.0001,200,0.2292
0.0009,0.0000,0.0000,0.0000,0.0008,0.0001,200,0.2630
0.0211,0.0000,0.0000,0.0000,0.0210,0.0001,200,0.2431
0.0202,0.0000,0.0000,0.0000,0.0197,0.0000,200,0.2449
0.0401,0.0000,0.0000,0.0000,0.0400,0.0001,200,0.2257
0.0051,0.0000,0.0000,0.0000,0.0050,0.0001,200,0.2614
0.0351,0.0000,0.0000,0.0001,0.0349,0.0000,200,0.2320
0.0229,0.0000,0.0000,0.0000,0.0228,0.0000,200,0.2447
0.0093,0.0000,0.0000,0.0000,0.0092,0.0001,200,0.2590
0.0233,0.0000,0.0000,0.0000,0.0231,0.0000,200,0.2455
0.0197,0.0000,0.0000,0.0000,0.0196,0.0000,200,0.2496
0.0264,0.0000,0.0000,0.0000,0.0263,0.0001,200,0.2430
0.0410,0.0000,0.0000,0.0000,0.0410,0.0000,200,0.2286
0.0274,0.0000,0.0000,0.0000,0.0274,0.0001,200,0.2429
0.0104,0.0000,0.0000,0.0001,0.0102,0.0001,200,0.2609
0.0137,0.0000,0.0000,0.0000,0.0137,0.0000,200,0.2579
0.0030,0.0000,0.0000,0.0000,0.0029,0.0000,200,0.2694
0.0263,0.0000,0.0000,0.0000,0.0263,0.0000,200,0.2464
0.0293,0.0000,0.0000,0.0000,0.0291,0.0002,200,0.2441
0.0189,0.0000,0.0000,0.0000,0.0188,0.0000,200,0.2550
0.0072,0.0000,0.0000,0.0000,0.0072,0.0000,200,0.2671
0.0189,0.0000,0.0000,0.0000,0.0187,0.0001,200,0.2564
0.0096,0.0000,0.0000,0.0000,0.0095,0.0000,200,0.2664
0.0151,0.0000,0.0000,0.0000,0.0149,0.0000,200,0.2616
0.0062,0.0000,0.0000,0.0000,0.0061,0.0000,200,0.2734
0.0157,0.0000,0.0000,0.0000,0.0156,0.0000,200,0.2639
0.0160,0.0000,0.0000,0.0000,0.0159,0.0000,200,0.2637
0.0499,0.0000,0.0000,0.0000,0.0498,0.0000,200,0.2298
0.0700,0.0000,0.0000,0.0000,0.0699,0.0000,200,0.2098
0.0055,0.0000,0.0000,0.0000,0.0054,0.0000,200,0.2743
0.0239,0.0000,0.0000,0.0000,0.0239,0.0000,200,0.2560
0.0039,0.0000,0.0000,0.0000,0.0039,0.0000,200,0.2760
0.0106,0.0000,0.0000,0.0000,0.0104,0.0001,200,0.2694
0.0112,0.0000,0.0000,0.0000,0.0111,0.0000,200,0.2688
0.0975,0.0000,0.0000,0.0000,0.0972,0.0000,200,0.1826
0.0039,0.0000,0.0000,0.0000,0.0038,0.0001,200,0.2799
0.0134,0.0000,0.0000,0.0000,0.0134,0.0000,200,0.2703
0.0741,0.0000,0.0000,0.0000,0.0741,0.0000,200,0.2097
0.0143,0.0000,0.0000,0.0000,0.0142,0.0000,200,0.2713
0.0425,0.0000,0.0000,0.0000,0.0424,0.0000,200,0.2432
0.0303,0.0000,0.0000,0.0000,0.0302,0.0000,200,0.2555
0.0021,0.0000,0.0000,0.0000,0.0020,0.0000,200,0.2838
0.0428,0.0000,0.0000,0.0000,0.0428,0.0000,200,0.2431
0.0184,0.0000,0.0000,0.0000,0.0183,0.0000,200,0.2676
0.0064,0.0000,0.0000,0.0000,0.0063,0.0000,200,0.2796
0.0062,0.0000,0.0000,0.0000,0.0062,0.0000,200,0.2798
0.0108,0.0000,0.0000,0.0000,0.0107,0.0000,200,0.2753
0.0425,0.0000,0.0000,0.0000,0.0425,0.0000,200,0.2436
0.1400,0.0000,0.0000,0.0000,0.1399,0.0000,200,0.1462
0.0889,0.0000,0.0000,0.0000,0.0885,0.0004,200,0.2001
0.0232,0.0000,0.0000,0.0000,0.0229,0.0003,200,0.2659
0.0179,0.0000,0.0000,0.0000,0.0174,0.0004,200,0.2716
0.0301,0.0000,0.0000,0.0001,0.0295,0.0005,200,0.2597
0.0177,0.0000,0.0000,0.0000,0.0171,0.0006,200,0.2727
0.0181,0.0000,0.0000,0.0000,0.0174,0.0007,200,0.2724
0.0265,0.0000,0.0000,0.0001,0.0256,0.0008,200,0.2642
0.0381,0.0000,0.0000,0.0000,0.0372,0.0009,200,0.2526
0.0638,0.0000,0.0000,0.0000,0.0628,0.0009,200,0.2269
0.0411,0.0000,0.0000,0.0002,0.0400,0.0010,200,0.2497
0.0328,0.0000,0.0000,0.0000,0.0313,0.0013,200,0.2584
0.0657,0.0000,0.0000,0.0000,0.0641,0.0015,200,0.2256
0.0483,0.0000,0.0000,0.0000,0.0467,0.0016,200,0.2431
0.0105,0.0000,0.0000,0.0000,0.0097,0.0008,200,0.2797
0.0299,0.0000,0.0000,0.0000,0.0298,0.0000,200,0.2650
0.0114,0.0000,0.0000,0.0000,0.0113,0.0000,200,0.2838
0.0048,0.0000,0.0000,0.0000,0.0047,0.0000,200,0.2912
0.0103,0.0000,0.0000,0.0000,0.0102,0.0000,200,0.2861
0.0174,0.0000,0.0000,0.0000,0.0173,0.0000,200,0.2797
0.0175,0.0000,0.0000,0.0000,0.0174,0.0000,200,0.2801
0.0465,0.0000,0.0000,0.0000,0.0464,0.0000,200,0.2511
0.0098,0.0000,0.0000,0.0019,0.0078,0.0000,200,0.2898
0.0137,0.0000,0.0000,0.0000,0.0137,0.0000,200,0.2860
0.0139,0.0000,0.0000,0.0000,0.0139,0.0000,200,0.2858
0.0137,0.0000,0.0000,0.0000,0.0136,0.0001,200,0.2860
0.0198,0.0000,0.0000,0.0000,0.0197,0.0000,200,0.2800
0.0027,0.0000,0.0000,0.0000,0.0026,0.0000,200,0.2971
0.0304,0.0000,0.0000,0.0000,0.0303,0.0001,200,0.2696
0.0181,0.0000,0.0000,0.0000,0.0178,0.0001,200,0.2838
0.0128,0.0000,0.0000,0.0002,0.0126,0.0000,200,0.2891
0.0222,0.0000,0.0000,0.0000,0.0222,0.0000,200,0.2798
0.0282,0.0000,0.0000,0.0000,0.0281,0.0000,200,0.2738
0.0115,0.0000,0.0000,0.0000,0.0114,0.0000,200,0.2906
0.0128,0.0000,0.0000,0.0002,0.0123,0.0003,200,0.2895
0.0119,0.0000,0.0000,0.0000,0.0118,0.0001,200,0.2905
0.0681,0.0000,0.0000,0.0001,0.0680,0.0000,200,0.2347
0.0168,0.0000,0.0000,0.0000,0.0168,0.0000,200,0.2861
0.0120,0.0000,0.0000,0.0000,0.0119,0.0000,200,0.2913
0.0018,0.0000,0.0000,0.0000,0.0017,0.0000,200,0.3020
0.0046,0.0000,0.0000,0.0000,0.0046,0.0000,200,0.2997
0.0052,0.0000,0.0000,0.0000,0.0052,0.0000,200,0.2998
0.0077,0.0000,0.0000,0.0000,0.0076,0.0000,200,0.2976
0.0193,0.0000,0.0000,0.0003,0.0164,0.0001,200,0.2862
0.0579,0.0000,0.0000,0.0000,0.0579,0.0000,200,0.2480
0.0171,0.0000,0.0000,0.0000,0.0169,0.0000,200,0.2915
0.0088,0.0000,0.0000,0.0000,0.0087,0.0000,200,0.2998
0.0606,0.0000,0.0000,0.0000,0.0606,0.0000,200,0.2480
0.0137,0.0000,0.0000,0.0000,0.0137,0.0000,200,0.2950
0.0180,0.0000,0.0000,0.0001,0.0179,0.0000,200,0.2908
0.0462,0.0000,0.0000,0.0000,0.0461,0.0000,200,0.2626
0.0091,0.0000,0.0000,0.0000,0.0091,0.0000,200,0.2998
0.0739,0.0000,0.0000,0.0000,0.0739,0.0001,200,0.2356
0.0082,0.0000,0.0000,0.0000,0.0081,0.0001,200,0.3020
0.0079,0.0000,0.0000,0.0000,0.0078,0.0000,200,0.3029
0.0089,0.0000,0.0000,0.0000,0.0088,0.0001,200,0.3024
0.0060,0.0000,0.0000,0.0000,0.0059,0.0001,200,0.3060
0.0166,0.0000,0.0000,0.0000,0.0166,0.0000,200,0.2959
0.0082,0.0000,0.0000,0.0000,0.0081,0.0001,200,0.3050
0.0374,0.0000,0.0000,0.0000,0.0371,0.0002,200,0.2767
0.0032,0.0000,0.0000,0.0000,0.0031,0.0000,200,0.3113
0.0110,0.0000,0.0000,0.0000,0.0109,0.0000,200,0.3043
0.0269,0.0000,0.0000,0.0003,0.0265,0.0000,200,0.2890
0.0203,0.0000,0.0000,0.0000,0.0202,0.0000,200,0.2964
0.0157,0.0000,0.0000,0.0000,0.0156,0.0001,200,0.3018
0.0186,0.0000,0.0000,0.0000,0.0185,0.0000,200,0.2996
0.0151,0.0000,0.0000,0.0000,0.0150,0.0001,200,0.3033
0.0328,0.0000,0.0000,0.0000,0.0328,0.0000,200,0.2858
0.0060,0.0000,0.0000,0.0000,0.0060,0.0000,200,0.3146
0.0231,0.0000,0.0000,0.0000,0.0230,0.0000,200,0.2976
0.0067,0.0000,0.0000,0.0000,0.0064,0.0002,200,0.3141
0.0120,0.0000,0.0000,0.0000,0.0119,0.0000,200,0.3088
0.0112,0.0000,0.0000,0.0000,0.0112,0.0000,200,0.3096
0.0370,0.0000,0.0000,0.0001,0.0368,0.0000,200,0.2856
0.0041,0.0000,0.0000,0.0000,0.0041,0.0000,200,0.3186
0.0321,0.0000,0.0000,0.0000,0.0320,0.0000,200,0.2907
0.0432,0.0000,0.0000,0.0000,0.0432,0.0000,200,0.2796
0.0061,0.0000,0.0000,0.0000,0.0061,0.0000,200,0.3167
0.0201,0.0000,0.0000,0.0000,0.0200,0.0000,200,0.3028
0.0143,0.0000,0.0000,0.0000,0.0140,0.0000,200,0.3086
0.0145,0.0000,0.0000,0.0000,0.0144,0.0000,200,0.3089
0.0809,0.0000,0.0000,0.0000,0.0809,0.0000,200,0.2432
0.0035,0.0000,0.0000,0.0000,0.0033,0.0002,200,0.3208
0.0332,0.0000,0.0000,0.0000,0.0331,0.0000,200,0.2916
0.0158,0.0000,0.0000,0.0000,0.0150,0.0007,200,0.3126
0.0197,0.0000,0.0000,0.0000,0.0196,0.0000,200,0.3087
0.0285,0.0000,0.0000,0.0000,0.0284,0.0000,200,0.3000
0.0165,0.0000,0.0000,0.0000,0.0165,0.0000,200,0.3120
0.0056,0.0000,0.0000,0.0000,0.0056,0.0000,200,0.3230
0.0057,0.0000,0.0000,0.0000,0.0057,0.0000,200,0.3228
0.0079,0.0000,0.0000,0.0000,0.0079,0.0000,200,0.3207
0.0379,0.0000,0.0000,0.0000,0.0379,0.0000,200,0.2907
0.0275,0.0000,0.0000,0.0000,0.0274,0.0001,200,0.3019
0.0099,0.0000,0.0000,0.0000,0.0099,0.0000,200,0.3206
0.0087,0.0000,0.0000,0.0000,0.0086,0.0001,200,0.3226
0.0467,0.0000,0.0000,0.0000,0.0467,0.0000,200,0.2855
0.0380,0.0000,0.0000,0.0000,0.0379,0.0001,200,0.2953
0.0111,0.0000,0.0000,0.0000,0.0110,0.0000,200,0.3227
0.0452,0.0000,0.0000,0.0000,0.0436,0.0000,200,0.2905
0.0940,0.0000,0.0000,0.0000,0.0940,0.0000,200,0.2429
0.0871,0.0000,0.0000,0.0000,0.0870,0.0001,200,0.2504
0.0332,0.0000,0.0000,0.0000,0.0331,0.0000,200,0.3053
0.0283,0.0000,0.0000,0.0000,0.0283,0.0000,200,0.3108
0.0541,0.0000,0.0000,0.0000,0.0540,0.0001,200,0.2859
0.0040,0.0000,0.0000,0.0000,0.0039,0.0001,200,0.3369
0.0866,0.0000,0.0000,0.0000,0.0865,0.0000,200,0.2550
0.0137,0.0000,0.0000,0.0000,0.0136,0.0001,200,0.3286
0.0574,0.0000,0.0000,0.0000,0.0573,0.0001,200,0.2859
0.0152,0.0000,0.0000,0.0000,0.0152,0.0000,200,0.3286
0.0239,0.0000,0.0000,0.0000,0.0238,0.0000,200,0.3207
0.0057,0.0000,0.0000,0.0000,0.0056,0.0000,200,0.3391
0.0373,0.0000,0.0000,0.0001,0.0372,0.0001,200,0.3088
0.0174,0.0000,0.0000,0.0000,0.0172,0.0001,200,0.3294
0.0058,0.0000,0.0000,0.0000,0.0057,0.0001,200,0.3416
0.0033,0.0000,0.0000,0.0000,0.0032,0.0000,200,0.3445
0.0176,0.0000,0.0000,0.0000,0.0175,0.0001,200,0.3338
0.0518,0.0000,0.0000,0.0000,0.0517,0.0001,200,0.2997
0.0196,0.0000,0.0000,0.0000,0.0195,0.0000,200,0.3323
0.0246,0.0000,0.0000,0.0000,0.0245,0.0001,200,0.3283
0.0358,0.0000,0.0000,0.0000,0.0357,0.0000,200,0.3182
0.0264,0.0000,0.0000,0.0000,0.0263,0.0001,200,0.3284
0.0325,0.0000,0.0000,0.0000,0.0324,0.0001,200,0.3227
0.0472,0.0000,0.0000,0.0000,0.0471,0.0000,200,0.3087
0.0525,0.0000,0.0000,0.0000,0.0524,0.0001,200,0.3038
0.0411,0.0000,0.0000,0.0000,0.0410,0.0000,200,0.3159
0.0475,0.0000,0.0000,0.0000,0.0474,0.0000,200,0.3102
0.0496,0.0000,0.0000,0.0003,0.0492,0.0000,200,0.3086
0.0569,0.0000,0.0000,0.0000,0.0568,0.0001,200,0.3021
0.0308,0.0000,0.0000,0.0000,0.0307,0.0000,200,0.3285
0.0087,0.0000,0.0000,0.0000,0.0085,0.0001,200,0.3514
0.0423,0.0000,0.0000,0.0000,0.0422,0.0001,200,0.3184
0.0815,0.0000,0.0000,0.0000,0.0814,0.0001,200,0.2800
0.0197,0.0000,0.0000,0.0000,0.0196,0.0000,200,0.3423
0.0178,0.0000,0.0000,0.0000,0.0177,0.0000,200,0.3448
0.0112,0.0000,0.0000,0.0000,0.0110,0.0000,200,0.3514
0.0424,0.0000,0.0000,0.0000,0.0423,0.0001,200,0.3208
0.0209,0.0000,0.0000,0.0000,0.0208,0.0000,200,0.3433
0.0129,0.0000,0.0000,0.0000,0.0128,0.0000,200,0.3519
0.0072,0.0000,0.0000,0.0000,0.0071,0.0000,200,0.3577
0.0022,0.0000,0.0000,0.0000,0.0021,0.0001,200,0.3632
0.0098,0.0000,0.0000,0.0003,0.0094,0.0001,200,0.3564
0.0386,0.0000,0.0000,0.0000,0.0385,0.0000,200,0.3286
0.0086,0.0000,0.0000,0.0000,0.0085,0.0001,200,0.3593
0.0075,0.0000,0.0000,0.0000,0.0074,0.0001,200,0.3608
0.0405,0.0000,0.0000,0.0000,0.0402,0.0002,200,0.3286
0.0568,0.0000,0.0000,0.0001,0.0567,0.0001,200,0.3132
0.0469,0.0000,0.0000,0.0000,0.0468,0.0000,200,0.3243
0.0040,0.0000,0.0000,0.0000,0.0039,0.0000,200,0.3671
0.0657,0.0000,0.0000,0.0000,0.0657,0.0000,200,0.3055
0.0327,0.0000,0.0000,0.0000,0.0327,0.0000,200,0.3385
0.0106,0.0000,0.0000,0.0000,0.0106,0.0000,200,0.3615
0.0261,0.0000,0.0000,0.0000,0.0260,0.0001,200,0.3468
0.0176,0.0000,0.0000,0.0000,0.0174,0.0001,200,0.3559
0.0301,0.0000,0.0000,0.0001,0.0299,0.0000,200,0.3439
0.0590,0.0000,0.0000,0.0000,0.0589,0.0001,200,0.3153
0.0295,0.0000,0.0000,0.0000,0.0294,0.0000,200,0.3461
0.0035,0.0000,0.0000,0.0000,0.0034,0.0001,200,0.3729
0.0056,0.0000,0.0000,0.0000,0.0055,0.0001,200,0.3711
0.0203,0.0000,0.0000,0.0000,0.0202,0.0001,200,0.3570
0.0551,0.0000,0.0000,0.0000,0.0551,0.0000,200,0.3228
0.1104,0.0000,0.0000,0.0000,0.1102,0.0002,200,0.2683
0.0264,0.0000,0.0000,0.0000,0.0263,0.0000,200,0.3529
0.0044,0.0000,0.0000,0.0000,0.0044,0.0000,200,0.3756
0.0253,0.0000,0.0000,0.0000,0.0252,0.0001,200,0.3552
0.0069,0.0000,0.0000,0.0000,0.0067,0.0001,200,0.3743
0.0119,0.0000,0.0000,0.0000,0.0117,0.0001,200,0.3700
0.0538,0.0000,0.0000,0.0000,0.0538,0.0000,200,0.3285
0.0210,0.0000,0.0000,0.0000,0.0208,0.0002,200,0.3619
0.0103,0.0000,0.0000,0.0000,0.0102,0.0000,200,0.3735
0.0163,0.0000,0.0000,0.0000,0.0162,0.0000,200,0.3683
0.0204,0.0000,0.0000,0.0000,0.0203,0.0000,200,0.3648
0.1053,0.0000,0.0000,0.0000,0.1052,0.0000,200,0.2800
0.0038,0.0000,0.0000,0.0001,0.0037,0.0000,200,0.3819
0.0623,0.0000,0.0000,0.0001,0.0621,0.0001,200,0.3241
0.0498,0.0000,0.0000,0.0000,0.0496,0.0002,200,0.3375
0.0105,0.0000,0.0000,0.0000,0.0104,0.0001,200,0.3773
0.0221,0.0000,0.0000,0.0000,0.0220,0.0000,200,0.3661
0.0342,0.0000,0.0000,0.0000,0.0341,0.0000,200,0.3548
0.0044,0.0000,0.0000,0.0000,0.0043,0.0001,200,0.3852
0.0257,0.0000,0.0000,0.0000,0.0256,0.0000,200,0.3642
0.0095,0.0000,0.0000,0.0000,0.0094,0.0000,200,0.3813
0.0683,0.0000,0.0000,0.0000,0.0683,0.0001,200,0.3229
0.0292,0.0000,0.0000,0.0000,0.0291,0.0001,200,0.3626
0.0591,0.0000,0.0000,0.0000,0.0590,0.0001,200,0.3334
0.0153,0.0000,0.0000,0.0000,0.0153,0.0001,200,0.3779
0.0761,0.0000,0.0000,0.0000,0.0760,0.0000,200,0.3175
0.0235,0.0000,0.0000,0.0000,0.0234,0.0001,200,0.3711
0.0071,0.0000,0.0000,0.0000,0.0071,0.0000,200,0.3878
0.0163,0.0000,0.0000,0.0000,0.0163,0.0000,200,0.3793
0.0223,0.0000,0.0000,0.0000,0.0222,0.0001,200,0.3740
0.0313,0.0000,0.0000,0.0000,0.0312,0.0000,200,0.3655
0.0349,0.0000,0.0000,0.0000,0.0348,0.0001,200,0.3626
0.0108,0.0000,0.0000,0.0000,0.0107,0.0000,200,0.3873
0.0101,0.0000,0.0000,0.0000,0.0100,0.0001,200,0.3889
0.0164,0.0000,0.0000,0.0001,0.0163,0.0000,200,0.3838
0.0106,0.0000,0.0000,0.0000,0.0103,0.0003,200,0.3896
0.0098,0.0000,0.0000,0.0000,0.0096,0.0002,200,0.3912
0.0113,0.0000,0.0000,0.0000,0.0111,0.0002,200,0.3907
0.0313,0.0000,0.0000,0.0000,0.0310,0.0003,200,0.3721
0.0165,0.0000,0.0000,0.0000,0.0164,0.0000,200,0.3882
0.0513,0.0000,0.0000,0.0000,0.0512,0.0001,200,0.3540
0.0140,0.0000,0.0000,0.0000,0.0138,0.0002,200,0.3925
0.0363,0.0000,0.0000,0.0000,0.0362,0.0000,200,0.3712
0.0852,0.0000,0.0000,0.0000,0.0849,0.0003,200,0.3233
0.0238,0.0000,0.0000,0.0000,0.0237,0.0001,200,0.3857
0.0795,0.0000,0.0000,0.0000,0.0794,0.0001,200,0.3305
0.0034,0.0000,0.0000,0.0000,0.0034,0.0000,200,0.4076
0.1093,0.0000,0.0000,0.0000,0.1092,0.0000,200,0.3023
0.0454,0.0000,0.0000,0.0000,0.0450,0.0004,200,0.3678
0.0032,0.0000,0.0000,0.0000,0.0030,0.0001,200,0.4101
0.0197,0.0000,0.0000,0.0000,0.0196,0.0001,200,0.3947
0.0501,0.0000,0.0000,0.0000,0.0500,0.0000,200,0.3648
0.0071,0.0000,0.0000,0.0000,0.0070,0.0001,200,0.4095
0.0059,0.0000,0.0000,0.0000,0.0058,0.0000,200,0.4117
0.0865,0.0000,0.0000,0.0000,0.0864,0.0000,200,0.3313
0.0042,0.0000,0.0000,0.0000,0.0040,0.0000,200,0.4144
0.0180,0.0000,0.0000,0.0000,0.0179,0.0000,200,0.4010
0.0404,0.0000,0.0000,0.0000,0.0403,0.0000,200,0.3787
0.0842,0.0000,0.0000,0.0000,0.0841,0.0001,200,0.3357
0.0123,0.0000,0.0000,0.0001,0.0120,0.0001,200,0.4085
0.0282,0.0000,0.0000,0.0000,0.0281,0.0001,200,0.3933
0.0244,0.0000,0.0000,0.0000,0.0243,0.0000,200,0.3976
0.0041,0.0000,0.0000,0.0000,0.0040,0.0000,200,0.4186
0.0286,0.0000,0.0000,0.0000,0.0286,0.0000,200,0.3956
0.0994,0.0000,0.0000,0.0000,0.0994,0.0000,200,0.3248
0.0350,0.0000,0.0000,0.0000,0.0347,0.0002,200,0.3899
0.0067,0.0000,0.0000,0.0000,0.0066,0.0000,200,0.4191
0.0863,0.0000,0.0000,0.0000,0.0862,0.0001,200,0.3400
0.0156,0.0000,0.0000,0.0000,0.0155,0.0000,200,0.4110
0.0800,0.0000,0.0000,0.0001,0.0797,0.0001,200,0.3474
0.0131,0.0000,0.0000,0.0000,0.0130,0.0000,200,0.4149
0.0522,0.0000,0.0000,0.0000,0.0521,0.0001,200,0.3764
0.0429,0.0000,0.0000,0.0000,0.0428,0.0001,200,0.3864
0.0100,0.0000,0.0000,0.0000,0.0098,0.0001,200,0.4198
0.0062,0.0000,0.0000,0.0000,0.0061,0.0001,200,0.4243
0.0512,0.0000,0.0000,0.0000,0.0511,0.0001,200,0.3800
0.0057,0.0000,0.0000,0.0000,0.0056,0.0001,200,0.4258
0.0118,0.0000,0.0000,0.0000,0.0114,0.0000,200,0.4208
0.0066,0.0000,0.0000,0.0000,0.0065,0.0001,200,0.4263
0.0288,0.0000,0.0000,0.0000,0.0286,0.0001,200,0.4047
0.0032,0.0000,0.0000,0.0000,0.0031,0.0001,200,0.4312
0.0295,0.0000,0.0000,0.0003,0.0290,0.0001,200,0.4053
0.0140,0.0000,0.0000,0.0000,0.0138,0.0001,200,0.4215
0.0226,0.0000,0.0000,0.0000,0.0226,0.0000,200,0.4133
0.0074,0.0000,0.0000,0.0000,0.0073,0.0000,200,0.4292
0.0064,0.0000,0.0000,0.0000,0.0063,0.0001,200,0.4305
0.0027,0.0000,0.0000,0.0000,0.0026,0.0001,200,0.4348
0.0416,0.0000,0.0000,0.0000,0.0415,0.0001,200,0.3968
0.0212,0.0000,0.0000,0.0000,0.0211,0.0001,200,0.4176
0.0590,0.0000,0.0000,0.0000,0.0589,0.0001,200,0.3805
0.0577,0.0000,0.0000,0.0000,0.0576,0.0001,200,0.3823
0.0139,0.0000,0.0000,0.0000,0.0138,0.0000,200,0.4266
0.0097,0.0000,0.0000,0.0001,0.0096,0.0001,200,0.4315
0.0838,0.0000,0.0000,0.0000,0.0837,0.0001,200,0.3582
0.0737,0.0000,0.0000,0.0000,0.0736,0.0001,200,0.3692
0.0091,0.0000,0.0000,0.0001,0.0089,0.0001,200,0.4344
0.0030,0.0000,0.0000,0.0000,0.0029,0.0001,200,0.4412
0.0315,0.0000,0.0000,0.0000,0.0312,0.0002,200,0.4133
0.1046,0.0000,0.0000,0.0000,0.1045,0.0001,200,0.3409
0.0276,0.0000,0.0000,0.0000,0.0275,0.0001,200,0.4191
0.0642,0.0000,0.0000,0.0000,0.0641,0.0001,200,0.3830
0.0529,0.0000,0.0000,0.0000,0.0529,0.0000,200,0.3949
0.0239,0.0000,0.0000,0.0000,0.0237,0.0000,200,0.4249
0.0156,0.0000,0.0000,0.0000,0.0155,0.0001,200,0.4335
0.0129,0.0000,0.0000,0.0000,0.0128,0.0000,200,0.4368
0.0661,0.0000,0.0000,0.0000,0.0660,0.0001,200,0.3846
0.0511,0.0000,0.0000,0.0000,0.0510,0.0000,200,0.4002
0.0189,0.0000,0.0000,0.0000,0.0188,0.0001,200,0.4330
0.0103,0.0000,0.0000,0.0000,0.0102,0.0001,200,0.4420
0.0039,0.0000,0.0000,0.0000,0.0038,0.0000,200,0.4491
0.0127,0.0000,0.0000,0.0000,0.0126,0.0000,200,0.4405
0.0477,0.0000,0.0000,0.0000,0.0477,0.0001,200,0.4066
0.0101,0.0000,0.0000,0.0000,0.0100,0.0001,200,0.4447
0.0549,0.0000,0.0000,0.0000,0.0548,0.0000,200,0.4002
0.0040,0.0000,0.0000,0.0000,0.0039,0.0001,200,0.4514
0.0074,0.0000,0.0000,0.0000,0.0073,0.0001,200,0.4487
0.0631,0.0000,0.0000,0.0000,0.0630,0.0001,200,0.3937
0.0176,0.0000,0.0000,0.0000,0.0175,0.0000,200,0.4395
0.0025,0.0000,0.0000,0.0000,0.0024,0.0000,200,0.4553
0.0137,0.0000,0.0000,0.0000,0.0136,0.0000,200,0.4442
0.0151,0.0000,0.0000,0.0001,0.0149,0.0001,200,0.4435
0.0204,0.0000,0.0000,0.0000,0.0203,0.0001,200,0.4387
0.0274,0.0000,0.0000,0.0000,0.0273,0.0001,200,0.4326
0.0323,0.0000,0.0000,0.0000,0.0322,0.0000,200,0.4286
0.0335,0.0000,0.0000,0.0000,0.0334,0.0000,200,0.4280
0.1167,0.0000,0.0000,0.0000,0.1166,0.0001,200,0.3478
0.0294,0.0000,0.0000,0.0000,0.0293,0.0000,200,0.4354
0.0440,0.0000,0.0000,0.0000,0.0439,0.0001,200,0.4220
0.0367,0.0000,0.0000,0.0001,0.0365,0.0000,200,0.4299
0.0058,0.0000,0.0000,0.0003,0.0054,0.0001,200,0.4615
0.0100,0.0000,0.0000,0.0000,0.0099,0.0000,200,0.4578
0.0651,0.0000,0.0000,0.0000,0.0649,0.0000,200,0.4035
0.0838,0.0000,0.0000,0.0000,0.0837,0.0001,200,0.3852
0.0164,0.0000,0.0000,0.0000,0.0163,0.0000,200,0.4533
0.0935,0.0000,0.0000,0.0000,0.0934,0.0001,200,0.3767
0.0065,0.0000,0.0000,0.0000,0.0063,0.0001,200,0.4646
0.1114,0.0000,0.0000,0.0000,0.1113,0.0001,200,0.3601
0.1011,0.0000,0.0000,0.0000,0.1010,0.0001,200,0.3712
0.0249,0.0000,0.0000,0.0000,0.0248,0.0000,200,0.4479
0.0153,0.0000,0.0000,0.0000,0.0153,0.0001,200,0.4578
0.2166,0.0000,0.0000,0.0000,0.2165,0.0000,200,0.2571
0.0500,0.0000,0.0000,0.0000,0.0499,0.0001,200,0.4243
0.0586,0.0000,0.0000,0.0001,0.0583,0.0001,200,0.4165
0.0252,0.0000,0.0000,0.0000,0.0249,0.0002,200,0.4506
0.0061,0.0000,0.0000,0.0000,0.0060,0.0000,200,0.4702
0.0804,0.0000,0.0000,0.0000,0.0804,0.0001,200,0.3963
0.0094,0.0000,0.0000,0.0000,0.0093,0.0001,200,0.4678
0.0791,0.0000,0.0000,0.0000,0.0790,0.0000,200,0.3990
0.0196,0.0000,0.0000,0.0000,0.0195,0.0000,200,0.4592
0.0231,0.0000,0.0000,0.0000,0.0230,0.0000,200,0.4561
0.0230,0.0000,0.0000,0.0000,0.0229,0.0001,200,0.4567
0.0044,0.0000,0.0000,0.0000,0.0043,0.0001,200,0.4758
0.0790,0.0000,0.0000,0.0000,0.0788,0.0001,200,0.4020
0.0264,0.0000,0.0000,0.0000,0.0263,0.0001,200,0.4551
0.0037,0.0000,0.0000,0.0000,0.0036,0.0000,200,0.4781
0.0028,0.0000,0.0000,0.0000,0.0027,0.0000,200,0.4802
0.0173,0.0000,0.0000,0.0000,0.0171,0.0001,200,0.4660
0.0172,0.0000,0.0000,0.0000,0.0172,0.0000,200,0.4665
0.0289,0.0000,0.0000,0.0000,0.0289,0.0000,200,0.4548
0.0047,0.0000,0.0000,0.0000,0.0046,0.0001,200,0.4797
0.0578,0.0000,0.0000,0.0000,0.0577,0.0000,200,0.4274
0.0009,0.0000,0.0000,0.0000,0.0009,0.0001,200,0.4851
0.0266,0.0000,0.0000,0.0000,0.0264,0.0000,200,0.4600
0.0142,0.0000,0.0000,0.0000,0.0141,0.0001,200,0.4727
0.0064,0.0000,0.0000,0.0000,0.0062,0.0001,200,0.4810
0.1291,0.0000,0.0000,0.0000,0.1290,0.0000,200,0.3590
0.0911,0.0000,0.0000,0.0000,0.0910,0.0001,200,0.3981
0.0074,0.0000,0.0000,0.0000,0.0073,0.0000,200,0.4818
0.0059,0.0000,0.0000,0.0000,0.0058,0.0001,200,0.4838
0.0171,0.0000,0.0000,0.0000,0.0169,0.0001,200,0.4732
0.0385,0.0000,0.0000,0.0001,0.0383,0.0001,200,0.4523
0.0738,0.0000,0.0000,0.0000,0.0737,0.0001,200,0.4178
0.0563,0.0000,0.0000,0.0000,0.0561,0.0001,200,0.4359
0.1011,0.0000,0.0000,0.0000,0.1011,0.0000,200,0.3919
0.0321,0.0000,0.0000,0.0000,0.0320,0.0001,200,0.4609
0.0194,0.0000,0.0000,0.0000,0.0193,0.0000,200,0.4743
0.0113,0.0000,0.0000,0.0000,0.0112,0.0001,200,0.4830
0.0184,0.0000,0.0000,0.0000,0.0183,0.0000,200,0.4767
0.0501,0.0000,0.0000,0.0000,0.0500,0.0001,200,0.4455
0.0534,0.0000,0.0000,0.0000,0.0532,0.0000,200,0.4429
0.0252,0.0000,0.0000,0.0000,0.0251,0.0000,200,0.4710
0.0109,0.0000,0.0000,0.0001,0.0107,0.0001,200,0.4861
0.0075,0.0000,0.0000,0.0001,0.0074,0.0000,200,0.4902
0.0109,0.0000,0.0000,0.0001,0.0108,0.0000,200,0.4869
0.0441,0.0000,0.0000,0.0001,0.0439,0.0001,200,0.4543
0.0118,0.0000,0.0000,0.0000,0.0117,0.0001,200,0.4874
0.0020,0.0000,0.0000,0.0000,0.0019,0.0000,200,0.4978
0.0083,0.0000,0.0000,0.0000,0.0082,0.0001,200,0.4922
0.0626,0.0000,0.0000,0.0000,0.0625,0.0000,200,0.4384
0.0053,0.0000,0.0000,0.0001,0.0052,0.0001,200,0.4962
0.0081,0.0000,0.0000,0.0000,0.0080,0.0000,200,0.4943
0.0214,0.0000,0.0000,0.0000,0.0213,0.0000,200,0.4815
0.0318,0.0000,0.0000,0.0000,0.0317,0.0001,200,0.4715
0.0813,0.0000,0.0000,0.0000,0.0810,0.0000,200,0.4227
0.0370,0.0000,0.0000,0.0000,0.0369,0.0000,200,0.4674
0.0087,0.0000,0.0000,0.0000,0.0086,0.0001,200,0.4962
0.0016,0.0000,0.0000,0.0000,0.0016,0.0000,200,0.5044
0.0195,0.0000,0.0000,0.0000,0.0194,0.0000,200,0.4866
0.0274,0.0000,0.0000,0.0000,0.0273,0.0000,200,0.4792
0.0384,0.0000,0.0000,0.0000,0.0383,0.0001,200,0.4685
0.0547,0.0000,0.0000,0.0000,0.0546,0.0001,200,0.4530
0.0050,0.0000,0.0000,0.0000,0.0049,0.0001,200,0.5033
0.0196,0.0000,0.0000,0.0000,0.0195,0.0000,200,0.4892
0.0260,0.0000,0.0000,0.0000,0.0258,0.0001,200,0.4833
0.0048,0.0000,0.0000,0.0001,0.0047,0.0000,200,0.5049
0.0208,0.0000,0.0000,0.0001,0.0207,0.0000,200,0.4897
0.0106,0.0000,0.0000,0.0000,0.0105,0.0000,200,0.5004
0.0372,0.0000,0.0000,0.0000,0.0371,0.0001,200,0.4772
0.0052,0.0000,0.0000,0.0000,0.0051,0.0000,200,0.5097
0.0193,0.0000,0.0000,0.0000,0.0192,0.0000,200,0.4978
0.0711,0.0000,0.0000,0.0000,0.0710,0.0001,200,0.4467
0.0784,0.0000,0.0000,0.0000,0.0783,0.0001,200,0.4400
0.0503,0.0000,0.0000,0.0000,0.0502,0.0001,200,0.4690
0.0503,0.0000,0.0000,0.0000,0.0502,0.0001,200,0.4697
0.0638,0.0000,0.0000,0.0001,0.0637,0.0000,200,0.4586
0.0171,0.0000,0.0000,0.0000,0.0170,0.0000,200,0.5060
0.0177,0.0000,0.0000,0.0000,0.0176,0.0001,200,0.5066
0.0256,0.0000,0.0000,0.0000,0.0255,0.0001,200,0.4992
0.0343,0.0000,0.0000,0.0000,0.0341,0.0001,200,0.4908
0.0336,0.0000,0.0000,0.0000,0.0335,0.0000,200,0.4917
0.0334,0.0000,0.0000,0.0000,0.0333,0.0000,200,0.4930
0.0541,0.0000,0.0000,0.0000,0.0540,0.0000,200,0.4724
0.0161,0.0000,0.0000,0.0000,0.0160,0.0001,200,0.5110
0.0546,0.0000,0.0000,0.0000,0.0544,0.0001,200,0.4736
0.0354,0.0000,0.0000,0.0000,0.0354,0.0001,200,0.4930
0.0916,0.0000,0.0000,0.0000,0.0915,0.0000,200,0.4375
0.0158,0.0000,0.0000,0.0000,0.0156,0.0001,200,0.5145
0.0941,0.0000,0.0000,0.0000,0.0940,0.0000,200,0.4367
0.0044,0.0000,0.0000,0.0000,0.0042,0.0001,200,0.5264
0.0218,0.0000,0.0000,0.0000,0.0217,0.0001,200,0.5092
0.0144,0.0000,0.0000,0.0000,0.0144,0.0000,200,0.5171
0.0129,0.0000,0.0000,0.0000,0.0128,0.0000,200,0.5193
0.0144,0.0000,0.0000,0.0000,0.0143,0.0000,200,0.5185
0.0102,0.0000,0.0000,0.0000,0.0101,0.0000,200,0.5231
0.0694,0.0000,0.0000,0.0000,0.0693,0.0001,200,0.4649
0.0396,0.0000,0.0000,0.0000,0.0396,0.0000,200,0.4951
0.0565,0.0000,0.0000,0.0000,0.0564,0.0001,200,0.4788
0.0159,0.0000,0.0000,0.0000,0.0158,0.0000,200,0.5200
0.0024,0.0000,0.0000,0.0001,0.0022,0.0001,200,0.5343
0.0148,0.0000,0.0000,0.0000,0.0147,0.0001,200,0.5224
0.0025,0.0000,0.0000,0.0000,0.0024,0.0000,200,0.5353
0.0504,0.0000,0.0000,0.0000,0.0503,0.0001,200,0.4881
0.0302,0.0000,0.0000,0.0000,0.0302,0.0000,200,0.5088
0.0328,0.0000,0.0000,0.0000,0.0327,0.0000,200,0.5070
0.0043,0.0000,0.0000,0.0000,0.0042,0.0001,200,0.5359
0.0153,0.0000,0.0000,0.0000,0.0150,0.0000,200,0.5253
0.0133,0.0000,0.0000,0.0000,0.0131,0.0002,200,0.5282
0.0402,0.0000,0.0000,0.0000,0.0401,0.0000,200,0.5015
0.0121,0.0000,0.0000,0.0000,0.0120,0.0001,200,0.5302
0.0435,0.0000,0.0000,0.0000,0.0433,0.0000,200,0.4998
0.0686,0.0000,0.0000,0.0000,0.0685,0.0000,200,0.4752
0.0403,0.0000,0.0000,0.0000,0.0402,0.0000,200,0.5040
0.0493,0.0000,0.0000,0.0000,0.0492,0.0001,200,0.4956
0.0077,0.0000,0.0000,0.0000,0.0077,0.0001,200,0.5378
0.0964,0.0000,0.0000,0.0000,0.0964,0.0001,200,0.4498
0.0437,0.0000,0.0000,0.0000,0.0436,0.0001,200,0.5029
0.0393,0.0000,0.0000,0.0000,0.0392,0.0000,200,0.5077
0.0073,0.0000,0.0000,0.0000,0.0072,0.0000,200,0.5406
0.0545,0.0000,0.0000,0.0000,0.0544,0.0001,200,0.4937
0.0461,0.0000,0.0000,0.0000,0.0461,0.0000,200,0.5024
0.0168,0.0000,0.0000,0.0000,0.0167,0.0001,200,0.5322
0.0182,0.0000,0.0000,0.0000,0.0181,0.0001,200,0.5315
0.0021,0.0000,0.0000,0.0000,0.0020,0.0000,200,0.5482
0.0745,0.0000,0.0000,0.0000,0.0744,0.0000,200,0.4763
0.0122,0.0000,0.0000,0.0000,0.0121,0.0000,200,0.5390
0.0999,0.0000,0.0000,0.0000,0.0998,0.0001,200,0.4519
0.0061,0.0000,0.0000,0.0000,0.0060,0.0000,200,0.5462
0.0053,0.0000,0.0000,0.0000,0.0052,0.0000,200,0.5479
0.0013,0.0000,0.0000,0.0000,0.0012,0.0000,200,0.5523
0.0232,0.0000,0.0000,0.0000,0.0231,0.0001,200,0.5310
0.0255,0.0000,0.0000,0.0000,0.0254,0.0000,200,0.5290
0.0282,0.0000,0.0000,0.0000,0.0281,0.0001,200,0.5271
0.0111,0.0000,0.0000,0.0000,0.0109,0.0001,200,0.5449
0.0419,0.0000,0.0000,0.0000,0.0419,0.0000,200,0.5149
0.0488,0.0000,0.0000,0.0000,0.0487,0.0001,200,0.5083
0.0290,0.0000,0.0000,0.0000,0.0289,0.0001,200,0.5285
0.0215,0.0000,0.0000,0.0000,0.0214,0.0000,200,0.5367
0.0051,0.0000,0.0000,0.0000,0.0050,0.0001,200,0.5536
0.0140,0.0000,0.0000,0.0000,0.0140,0.0000,200,0.5455
0.0710,0.0000,0.0000,0.0000,0.0709,0.0001,200,0.4892
0.0278,0.0000,0.0000,0.0000,0.0277,0.0001,200,0.5329
0.0146,0.0000,0.0000,0.0001,0.0142,0.0002,200,0.5466
0.0180,0.0000,0.0000,0.0000,0.0179,0.0001,200,0.5443
0.0385,0.0000,0.0000,0.0000,0.0384,0.0000,200,0.5243
0.0618,0.0000,0.0000,0.0000,0.0618,0.0000,200,0.5010
0.0078,0.0000,0.0000,0.0000,0.0077,0.0001,200,0.5553
0.0201,0.0000,0.0000,0.0000,0.0200,0.0001,200,0.5433
0.0395,0.0000,0.0000,0.0000,0.0394,0.0001,200,0.5248
0.0051,0.0000,0.0000,0.0001,0.0050,0.0000,200,0.5596
0.0280,0.0000,0.0000,0.0000,0.0279,0.0000,200,0.5372
0.0555,0.0000,0.0000,0.0000,0.0554,0.0001,200,0.5105
0.0682,0.0000,0.0000,0.0000,0.0681,0.0001,200,0.4984
0.0129,0.0000,0.0000,0.0000,0.0128,0.0000,200,0.5542
0.0703,0.0000,0.0000,0.0000,0.0701,0.0001,200,0.4970
0.0862,0.0000,0.0000,0.0000,0.0860,0.0001,200,0.4845
0.0130,0.0000,0.0000,0.0000,0.0129,0.0000,200,0.5602
0.0220,0.0000,0.0000,0.0000,0.0219,0.0000,200,0.5512
0.0385,0.0000,0.0000,0.0000,0.0384,0.0001,200,0.5347
0.0225,0.0000,0.0000,0.0000,0.0224,0.0000,200,0.5508
0.0555,0.0000,0.0000,0.0000,0.0553,0.0002,200,0.5178
0.0061,0.0000,0.0000,0.0000,0.0061,0.0000,200,0.5672
0.0202,0.0000,0.0000,0.0000,0.0202,0.0000,200,0.5531
0.0082,0.0000,0.0000,0.0000,0.0082,0.0000,200,0.5652
0.0350,0.0000,0.0000,0.0000,0.0349,0.0001,200,0.5384
0.0154,0.0000,0.0000,0.0000,0.0153,0.0000,200,0.5582
0.0266,0.0000,0.0000,0.0000,0.0266,0.0000,200,0.5469
0.0251,0.0000,0.0000,0.0000,0.0251,0.0000,200,0.5485
0.0239,0.0000,0.0000,0.0000,0.0239,0.0001,200,0.5497
0.0430,0.0000,0.0000,0.0000,0.0429,0.0000,200,0.5307
0.0126,0.0000,0.0000,0.0000,0.0125,0.0000,200,0.5612
0.0106,0.0000,0.0000,0.0000,0.0106,0.0000,200,0.5632
0.0431,0.0000,0.0000,0.0000,0.0430,0.0000,200,0.5308
0.0079,0.0000,0.0000,0.0000,0.0079,0.0000,200,0.5660
0.0202,0.0000,0.0000,0.0000,0.0201,0.0000,200,0.5545
0.0126,0.0000,0.0000,0.0000,0.0125,0.0001,200,0.5628
0.0118,0.0000,0.0000,0.0000,0.0117,0.0001,200,0.5643
0.0032,0.0000,0.0000,0.0000,0.0031,0.0000,200,0.5732
0.0192,0.0000,0.0000,0.0000,0.0191,0.0001,200,0.5575
0.0156,0.0000,0.0000,0.0000,0.0155,0.0001,200,0.5623
0.0028,0.0000,0.0000,0.0000,0.0026,0.0000,200,0.5754
0.0535,0.0000,0.0000,0.0000,0.0534,0.0001,200,0.5251
0.0060,0.0000,0.0000,0.0000,0.0059,0.0000,200,0.5732
0.0191,0.0000,0.0000,0.0000,0.0190,0.0000,200,0.5607
0.0402,0.0000,0.0000,0.0000,0.0401,0.0000,200,0.5402
0.0384,0.0000,0.0000,0.0000,0.0383,0.0000,200,0.5423
0.0080,0.0000,0.0000,0.0000,0.0079,0.0001,200,0.5734
0.0059,0.0000,0.0000,0.0000,0.0058,0.0000,200,0.5761
0.0564,0.0000,0.0000,0.0000,0.0564,0.0000,200,0.5264
0.0269,0.0000,0.0000,0.0000,0.0268,0.0000,200,0.5560
0.0416,0.0000,0.0000,0.0000,0.0415,0.0001,200,0.5418
0.0271,0.0000,0.0000,0.0000,0.0270,0.0000,200,0.5571
0.0324,0.0000,0.0000,0.0001,0.0323,0.0001,200,0.5518
0.1373,0.0000,0.0000,0.0000,0.1371,0.0001,200,0.4471
0.0030,0.0000,0.0000,0.0000,0.0029,0.0001,200,0.5820
0.0123,0.0000,0.0000,0.0000,0.0123,0.0000,200,0.5738
0.0469,0.0000,0.0000,0.0000,0.0467,0.0001,200,0.5397
0.0083,0.0000,0.0000,0.0000,0.0082,0.0000,200,0.5786
0.0045,0.0000,0.0000,0.0000,0.0044,0.0001,200,0.5829
0.0311,0.0000,0.0000,0.0000,0.0311,0.0000,200,0.5568
0.0825,0.0000,0.0000,0.0000,0.0824,0.0001,200,0.5060
0.0144,0.0000,0.0000,0.0000,0.0143,0.0001,200,0.5748
0.0461,0.0000,0.0000,0.0000,0.0461,0.0000,200,0.5437
0.0104,0.0000,0.0000,0.0000,0.0103,0.0000,200,0.5797
0.0095,0.0000,0.0000,0.0000,0.0094,0.0000,200,0.5813
0.0040,0.0000,0.0000,0.0000,0.0039,0.0000,200,0.5869
0.0498,0.0000,0.0000,0.0000,0.0497,0.0001,200,0.5415
0.0114,0.0000,0.0000,0.0000,0.0113,0.0001,200,0.5808
0.0192,0.0000,0.0000,0.0000,0.0191,0.0000,200,0.5733
0.0148,0.0000,0.0000,0.0000,0.0148,0.0000,200,0.5782
0.0202,0.0000,0.0000,0.0000,0.0201,0.0001,200,0.5738
0.0359,0.0000,0.0000,0.0000,0.0358,0.0000,200,0.5587
0.0042,0.0000,0.0000,0.0000,0.0041,0.0000,200,0.5908
0.0028,0.0000,0.0000,0.0000,0.0027,0.0001,200,0.5925
0.0119,0.0000,0.0000,0.0000,0.0118,0.0001,200,0.5841
0.0230,0.0000,0.0000,0.0000,0.0229,0.0001,200,0.5735
0.0091,0.0000,0.0000,0.0000,0.0091,0.0000,200,0.5886
0.0216,0.0000,0.0000,0.0002,0.0213,0.0001,200,0.5767
0.0183,0.0000,0.0000,0.0000,0.0182,0.0001,200,0.5804
0.0253,0.0000,0.0000,0.0000,0.0252,0.0000,200,0.5737
0.0269,0.0000,0.0000,0.0000,0.0268,0.0000,200,0.5734
0.0026,0.0000,0.0000,0.0000,0.0024,0.0000,200,0.5977
0.0299,0.0000,0.0000,0.0000,0.0298,0.0000,200,0.5707
0.0279,0.0000,0.0000,0.0000,0.0278,0.0001,200,0.5733
0.0029,0.0000,0.0000,0.0000,0.0028,0.0000,200,0.5987
0.0149,0.0000,0.0000,0.0000,0.0148,0.0001,200,0.5874
0.0392,0.0000,0.0000,0.0000,0.0391,0.0001,200,0.5635
0.0030,0.0000,0.0000,0.0000,0.0029,0.0000,200,0.6003
0.0366,0.0000,0.0000,0.0000,0.0365,0.0001,200,0.5671
0.0541,0.0000,0.0000,0.0000,0.0539,0.0001,200,0.5503
0.0069,0.0000,0.0000,0.0000,0.0068,0.0001,200,0.5983
0.0031,0.0000,0.0000,0.0000,0.0030,0.0001,200,0.6026
0.0201,0.0000,0.0000,0.0000,0.0201,0.0000,200,0.5862
0.0331,0.0000,0.0000,0.0000,0.0330,0.0001,200,0.5737
0.0029,0.0000,0.0000,0.0001,0.0028,0.0001,200,0.6044
0.0290,0.0000,0.0000,0.0000,0.0289,0.0001,200,0.5792
0.0241,0.0000,0.0000,0.0000,0.0240,0.0001,200,0.5850
0.0200,0.0000,0.0000,0.0000,0.0198,0.0001,200,0.5892
0.0137,0.0000,0.0000,0.0000,0.0136,0.0000,200,0.5961
0.0367,0.0000,0.0000,0.0000,0.0367,0.0001,200,0.5737
0.0074,0.0000,0.0000,0.0000,0.0074,0.0000,200,0.6033
0.0099,0.0000,0.0000,0.0000,0.0098,0.0001,200,0.6016
0.0107,0.0000,0.0000,0.0000,0.0105,0.0001,200,0.6011
0.0285,0.0000,0.0000,0.0000,0.0284,0.0000,200,0.5841
0.0367,0.0000,0.0000,0.0000,0.0366,0.0000,200,0.5763
0.0033,0.0000,0.0000,0.0000,0.0032,0.0000,200,0.6104
0.0407,0.0000,0.0000,0.0000,0.0406,0.0001,200,0.5735
0.0194,0.0000,0.0000,0.0000,0.0192,0.0001,200,0.5953
0.0506,0.0000,0.0000,0.0000,0.0505,0.0000,200,0.5647
0.1319,0.0000,0.0000,0.0000,0.1318,0.0000,200,0.4838
0.0225,0.0000,0.0000,0.0001,0.0223,0.0000,200,0.5939
0.0340,0.0000,0.0000,0.0000,0.0339,0.0000,200,0.5829
0.0156,0.0000,0.0000,0.0000,0.0155,0.0001,200,0.6023
0.0108,0.0000,0.0000,0.0000,0.0108,0.0000,200,0.6074
0.0136,0.0000,0.0000,0.0001,0.0135,0.0000,200,0.6052
0.0125,0.0000,0.0000,0.0000,0.0124,0.0000,200,0.6068
0.0161,0.0000,0.0000,0.0001,0.0159,0.0001,200,0.6038
0.0036,0.0000,0.0000,0.0000,0.0035,0.0001,200,0.6169
0.0470,0.0000,0.0000,0.0000,0.0469,0.0001,200,0.5739
0.0318,0.0000,0.0000,0.0000,0.0317,0.0000,200,0.5901
0.0347,0.0000,0.0000,0.0000,0.0346,0.0001,200,0.5879
0.0315,0.0000,0.0000,0.0000,0.0314,0.0001,200,0.5913
0.0177,0.0000,0.0000,0.0000,0.0175,0.0001,200,0.6057
0.0147,0.0000,0.0000,0.0000,0.0147,0.0000,200,0.6092
0.0087,0.0000,0.0000,0.0000,0.0086,0.0001,200,0.6157
0.0626,0.0000,0.0000,0.0000,0.0625,0.0000,200,0.5628
0.0029,0.0000,0.0000,0.0001,0.0028,0.0001,200,0.6228
0.0198,0.0000,0.0000,0.0000,0.0197,0.0000,200,0.6063
0.0147,0.0000,0.0000,0.0000,0.0123,0.0023,200,0.6142
0.0091,0.0000,0.0000,0.0000,0.0090,0.0001,200,0.6219
0.0423,0.0000,0.0000,0.0000,0.0422,0.0001,200,0.5899
0.0375,0.0000,0.0000,0.0000,0.0374,0.0000,200,0.5950
0.0085,0.0000,0.0000,0.0000,0.0084,0.0001,200,0.6243
0.0669,0.0000,0.0000,0.0000,0.0668,0.0001,200,0.5666
0.0376,0.0000,0.0000,0.0000,0.0375,0.0000,200,0.5966
0.0262,0.0000,0.0000,0.0000,0.0261,0.0001,200,0.6082
0.0409,0.0000,0.0000,0.0000,0.0407,0.0001,200,0.5946
0.0627,0.0000,0.0000,0.0000,0.0626,0.0001,200,0.5733
0.0456,0.0000,0.0000,0.0000,0.0455,0.0001,200,0.5909
0.0043,0.0000,0.0000,0.0000,0.0042,0.0001,200,0.6328
0.0034,0.0000,0.0000,0.0000,0.0033,0.0001,200,0.6345
0.0060,0.0000,0.0000,0.0000,0.0059,0.0000,200,0.6325
0.0275,0.0000,0.0000,0.0000,0.0274,0.0001,200,0.6118
0.0555,0.0000,0.0000,0.0001,0.0553,0.0001,200,0.5844
0.0051,0.0000,0.0000,0.0000,0.0050,0.0001,200,0.6355
0.0314,0.0000,0.0000,0.0000,0.0313,0.0001,200,0.6098
0.0081,0.0000,0.0000,0.0000,0.0080,0.0000,200,0.6336
0.0243,0.0000,0.0000,0.0000,0.0242,0.0000,200,0.6179
0.0250,0.0000,0.0000,0.0000,0.0247,0.0003,200,0.6182
0.0951,0.0000,0.0000,0.0000,0.0950,0.0000,200,0.5490
0.1113,0.0000,0.0000,0.0000,0.1112,0.0000,200,0.5332
0.0319,0.0000,0.0000,0.0000,0.0317,0.0001,200,0.6130
0.0023,0.0000,0.0000,0.0000,0.0022,0.0000,200,0.6432
0.0336,0.0000,0.0000,0.0000,0.0335,0.0001,200,0.6126
0.0054,0.0000,0.0000,0.0000,0.0053,0.0001,200,0.6417
0.0326,0.0000,0.0000,0.0000,0.0325,0.0000,200,0.6154
0.0036,0.0000,0.0000,0.0000,0.0035,0.0000,200,0.6449
0.0180,0.0000,0.0000,0.0000,0.0179,0.0001,200,0.6310
0.0076,0.0000,0.0000,0.0000,0.0075,0.0001,200,0.6421
0.0057,0.0000,0.0000,0.0000,0.0056,0.0000,200,0.6445
0.0320,0.0000,0.0000,0.0000,0.0319,0.0000,200,0.6188
0.0254,0.0000,0.0000,0.0000,0.0253,0.0001,200,0.6254
0.1940,0.0000,0.0000,0.0000,0.1939,0.0001,200,0.4571
0.0651,0.0000,0.0000,0.0000,0.0648,0.0002,200,0.5866
0.0201,0.0000,0.0000,0.0000,0.0200,0.0000,200,0.6321
0.0541,0.0000,0.0000,0.0000,0.0540,0.0001,200,0.5990
0.0298,0.0000,0.0000,0.0000,0.0297,0.0000,200,0.6239
0.0349,0.0000,0.0000,0.0000,0.0348,0.0001,200,0.6192
0.0161,0.0000,0.0000,0.0000,0.0161,0.0000,200,0.6385
0.0099,0.0000,0.0000,0.0000,0.0098,0.0001,200,0.6455
0.0104,0.0000,0.0000,0.0000,0.0104,0.0000,200,0.6462
0.0030,0.0000,0.0000,0.0000,0.0029,0.0001,200,0.6547
0.0204,0.0000,0.0000,0.0000,0.0203,0.0001,200,0.6392
0.0069,0.0000,0.0000,0.0000,0.0068,0.0001,200,0.6531
0.0344,0.0000,0.0000,0.0000,0.0344,0.0000,200,0.6261
0.0145,0.0000,0.0000,0.0000,0.0144,0.0000,200,0.6470
0.0867,0.0000,0.0000,0.0000,0.0866,0.0001,200,0.5779
0.0644,0.0000,0.0000,0.0000,0.0644,0.0000,200,0.6005
0.0165,0.0000,0.0000,0.0001,0.0164,0.0001,200,0.6490
0.0261,0.0000,0.0000,0.0000,0.0260,0.0000,200,0.6406
0.0746,0.0000,0.0000,0.0000,0.0745,0.0001,200,0.5921
0.0546,0.0000,0.0000,0.0000,0.0546,0.0000,200,0.6137
0.0094,0.0000,0.0000,0.0000,0.0093,0.0001,200,0.6597
0.0613,0.0000,0.0000,0.0000,0.0611,0.0001,200,0.6092
0.0267,0.0000,0.0000,0.0000,0.0267,0.0001,200,0.6441
0.0068,0.0000,0.0000,0.0000,0.0067,0.0001,200,0.6650
0.0381,0.0000,0.0000,0.0000,0.0380,0.0001,200,0.6341
0.0187,0.0000,0.0000,0.0000,0.0185,0.0002,200,0.6541
0.0211,0.0000,0.0000,0.0000,0.0210,0.0000,200,0.6522
0.0622,0.0000,0.0000,0.0000,0.0622,0.0000,200,0.6115
0.0368,0.0000,0.0000,0.0000,0.0367,0.0001,200,0.6379
0.0067,0.0000,0.0000,0.0000,0.0066,0.0001,200,0.6683
0.0226,0.0000,0.0000,0.0000,0.0225,0.0001,200,0.6537
0.0256,0.0000,0.0000,0.0000,0.0255,0.0001,200,0.6516
0.0274,0.0000,0.0000,0.0000,0.0273,0.0001,200,0.6502
0.0112,0.0000,0.0000,0.0000,0.0112,0.0000,200,0.6668
0.0137,0.0000,0.0000,0.0000,0.0136,0.0001,200,0.6646
0.0071,0.0000,0.0000,0.0000,0.0070,0.0000,200,0.6717
0.0562,0.0000,0.0000,0.0000,0.0561,0.0001,200,0.6234
0.0098,0.0000,0.0000,0.0000,0.0097,0.0001,200,0.6705
0.0120,0.0000,0.0000,0.0001,0.0119,0.0001,200,0.6690
0.0606,0.0000,0.0000,0.0000,0.0604,0.0001,200,0.6209
0.0101,0.0000,0.0000,0.0000,0.0100,0.0000,200,0.6722
0.0663,0.0000,0.0000,0.0000,0.0662,0.0001,200,0.6164
0.0081,0.0000,0.0000,0.0000,0.0080,0.0001,200,0.6750
0.0634,0.0000,0.0000,0.0000,0.0633,0.0000,200,0.6205
0.0079,0.0000,0.0000,0.0000,0.0078,0.0001,200,0.6764
0.0284,0.0000,0.0000,0.0000,0.0283,0.0000,200,0.6566
0.0710,0.0000,0.0000,0.0000,0.0709,0.0001,200,0.6147
0.0256,0.0000,0.0000,0.0000,0.0255,0.0001,200,0.6606
0.0053,0.0000,0.0000,0.0000,0.0052,0.0000,200,0.6815
0.0394,0.0000,0.0000,0.0000,0.0393,0.0001,200,0.6480
0.0324,0.0000,0.0000,0.0001,0.0323,0.0001,200,0.6554
0.0522,0.0000,0.0000,0.0000,0.0521,0.0001,200,0.6365
0.0041,0.0000,0.0000,0.0000,0.0040,0.0001,200,0.6850
0.0093,0.0000,0.0000,0.0000,0.0092,0.0000,200,0.6803
0.0191,0.0000,0.0000,0.0001,0.0190,0.0001,200,0.6709
0.1174,0.0000,0.0000,0.0000,0.1174,0.0001,200,0.5736
0.0312,0.0000,0.0000,0.0000,0.0311,0.0001,200,0.6600
0.0008,0.0000,0.0000,0.0000,0.0007,0.0000,200,0.6912
0.0817,0.0000,0.0000,0.0000,0.0816,0.0001,200,0.6107
0.0640,0.0000,0.0000,0.0000,0.0638,0.0000,200,0.6289
0.0146,0.0000,0.0000,0.0000,0.0145,0.0001,200,0.6788
0.0367,0.0000,0.0000,0.0000,0.0366,0.0000,200,0.6577
0.0166,0.0000,0.0000,0.0000,0.0165,0.0000,200,0.6783
0.1025,0.0000,0.0000,0.0000,0.1024,0.0001,200,0.5930
0.0228,0.0000,0.0000,0.0000,0.0227,0.0001,200,0.6733
0.0061,0.0000,0.0000,0.0000,0.0060,0.0001,200,0.6910
0.0361,0.0000,0.0000,0.0000,0.0360,0.0001,200,0.6616
0.0612,0.0000,0.0000,0.0000,0.0611,0.0001,200,0.6371
0.0125,0.0000,0.0000,0.0000,0.0125,0.0000,200,0.6862
0.0734,0.0000,0.0000,0.0000,0.0733,0.0000,200,0.6258
0.0113,0.0000,0.0000,0.0000,0.0112,0.0001,200,0.6887
0.0276,0.0000,0.0000,0.0000,0.0275,0.0001,200,0.6729
0.0601,0.0000,0.0000,0.0001,0.0599,0.0001,200,0.6412
0.0246,0.0000,0.0000,0.0000,0.0245,0.0000,200,0.6773
0.0368,0.0000,0.0000,0.0000,0.0367,0.0001,200,0.6656
0.1294,0.0000,0.0000,0.0000,0.1293,0.0000,200,0.5736
0.1205,0.0000,0.0000,0.0000,0.1203,0.0001,200,0.5834
0.1042,0.0000,0.0000,0.0000,0.1041,0.0001,200,0.6003
0.0045,0.0000,0.0000,0.0000,0.0044,0.0001,200,0.7005
0.0833,0.0000,0.0000,0.0000,0.0832,0.0001,200,0.6226
0.0078,0.0000,0.0000,0.0000,0.0077,0.0000,200,0.6988
0.0147,0.0000,0.0000,0.0000,0.0146,0.0000,200,0.6924
0.0104,0.0000,0.0000,0.0000,0.0102,0.0000,200,0.6976
0.0142,0.0000,0.0000,0.0000,0.0141,0.0000,200,0.6944
0.0352,0.0000,0.0000,0.0000,0.0350,0.0002,200,0.6737
0.0596,0.0000,0.0000,0.0000,0.0592,0.0004,200,0.6508
0.0211,0.0000,0.0000,0.0000,0.0208,0.0002,200,0.6896
0.0338,0.0000,0.0000,0.0000,0.0335,0.0003,200,0.6780
0.0326,0.0000,0.0000,0.0000,0.0325,0.0000,200,0.6797
0.0039,0.0000,0.0000,0.0000,0.0038,0.0001,200,0.7089
0.0391,0.0000,0.0000,0.0000,0.0389,0.0002,200,0.6746
0.0082,0.0000,0.0000,0.0000,0.0081,0.0000,200,0.7059
0.0337,0.0000,0.0000,0.0000,0.0336,0.0001,200,0.6811
0.0028,0.0000,0.0000,0.0000,0.0027,0.0000,200,0.7129
0.0115,0.0000,0.0000,0.0000,0.0113,0.0000,200,0.7045
0.0262,0.0000,0.0000,0.0000,0.0261,0.0001,200,0.6900
0.0092,0.0000,0.0000,0.0002,0.0088,0.0000,200,0.7080
0.0815,0.0000,0.0000,0.0000,0.0814,0.0001,200,0.6360
0.0330,0.0000,0.0000,0.0000,0.0329,0.0000,200,0.6858
0.0020,0.0000,0.0000,0.0000,0.0019,0.0000,200,0.7175
0.0803,0.0000,0.0000,0.0000,0.0802,0.0001,200,0.6399
0.0088,0.0000,0.0000,0.0000,0.0087,0.0000,200,0.7119
0.0230,0.0000,0.0000,0.0000,0.0229,0.0001,200,0.6983
0.0064,0.0000,0.0000,0.0000,0.0064,0.0000,200,0.7156
0.0078,0.0000,0.0000,0.0000,0.0077,0.0000,200,0.7148
0.0731,0.0000,0.0000,0.0000,0.0731,0.0000,200,0.6497
0.0116,0.0000,0.0000,0.0000,0.0115,0.0000,200,0.7122
0.0370,0.0000,0.0000,0.0000,0.0369,0.0001,200,0.6874
0.0183,0.0000,0.0000,0.0000,0.0182,0.0001,200,0.7071
0.0255,0.0000,0.0000,0.0000,0.0253,0.0001,200,0.7000
0.0419,0.0000,0.0000,0.0001,0.0418,0.0001,200,0.6838
0.0063,0.0000,0.0000,0.0000,0.0062,0.0000,200,0.7202
0.0789,0.0000,0.0000,0.0000,0.0788,0.0001,200,0.6485
0.0319,0.0000,0.0000,0.0000,0.0318,0.0000,200,0.6961
0.0460,0.0000,0.0000,0.0000,0.0459,0.0001,200,0.6823
0.0154,0.0000,0.0000,0.0000,0.0153,0.0001,200,0.7137
0.0307,0.0000,0.0000,0.0000,0.0305,0.0001,200,0.6991
0.0052,0.0000,0.0000,0.0000,0.0048,0.0002,200,0.7254
0.0799,0.0000,0.0000,0.0000,0.0798,0.0000,200,0.6511
0.0485,0.0000,0.0000,0.0000,0.0484,0.0000,200,0.6831
0.0369,0.0000,0.0000,0.0000,0.0368,0.0001,200,0.6955
0.0051,0.0000,0.0000,0.0000,0.0050,0.0000,200,0.7283
0.0180,0.0000,0.0000,0.0000,0.0179,0.0000,200,0.7162
0.0091,0.0000,0.0000,0.0000,0.0089,0.0001,200,0.7254
0.0113,0.0000,0.0000,0.0000,0.0113,0.0000,200,0.7238
0.0275,0.0000,0.0000,0.0000,0.0274,0.0001,200,0.7087
0.0698,0.0000,0.0000,0.0000,0.0698,0.0000,200,0.6667
0.0596,0.0000,0.0000,0.0000,0.0595,0.0001,200,0.6776
0.0512,0.0000,0.0000,0.0000,0.0511,0.0001,200,0.6868
0.0458,0.0000,0.0000,0.0001,0.0456,0.0001,200,0.6934
0.0151,0.0000,0.0000,0.0000,0.0150,0.0000,200,0.7244
0.0158,0.0000,0.0000,0.0000,0.0157,0.0000,200,0.7258
0.1218,0.0000,0.0000,0.0000,0.1217,0.0000,200,0.6198
0.0574,0.0000,0.0000,0.0000,0.0572,0.0001,200,0.6843
0.0367,0.0000,0.0000,0.0001,0.0365,0.0000,200,0.7050
0.0468,0.0000,0.0000,0.0000,0.0468,0.0000,200,0.6949
0.0230,0.0000,0.0000,0.0001,0.0229,0.0000,200,0.7188
0.0032,0.0000,0.0000,0.0000,0.0031,0.0000,200,0.7392
0.0511,0.0000,0.0000,0.0000,0.0510,0.0001,200,0.6920
0.0018,0.0000,0.0000,0.0000,0.0017,0.0000,200,0.7418
0.0175,0.0000,0.0000,0.0000,0.0174,0.0001,200,0.7266
0.0139,0.0000,0.0000,0.0000,0.0138,0.0001,200,0.7310
0.0441,0.0000,0.0000,0.0001,0.0440,0.0000,200,0.7012
0.0442,0.0000,0.0000,0.0000,0.0441,0.0000,200,0.7019
0.0047,0.0000,0.0000,0.0000,0.0046,0.0001,200,0.7417
0.0578,0.0000,0.0000,0.0000,0.0577,0.0001,200,0.6891
0.0547,0.0000,0.0000,0.0000,0.0546,0.0001,200,0.6929
0.0204,0.0000,0.0000,0.0000,0.0203,0.0001,200,0.7280
0.0190,0.0000,0.0000,0.0000,0.0190,0.0001,200,0.7298
0.0271,0.0000,0.0000,0.0000,0.0270,0.0000,200,0.7221
0.0038,0.0000,0.0000,0.0000,0.0038,0.0000,200,0.7461
0.0342,0.0000,0.0000,0.0000,0.0341,0.0000,200,0.7159
0.0487,0.0000,0.0000,0.0000,0.0486,0.0001,200,0.7023
0.0022,0.0000,0.0000,0.0000,0.0021,0.0000,200,0.7492
0.0166,0.0000,0.0000,0.0000,0.0165,0.0001,200,0.7352
0.0110,0.0000,0.0000,0.0000,0.0109,0.0001,200,0.7416
0.0165,0.0000,0.0000,0.0000,0.0164,0.0000,200,0.7361
0.0200,0.0000,0.0000,0.0000,0.0199,0.0000,200,0.7334
0.0128,0.0000,0.0000,0.0000,0.0128,0.0000,200,0.7418
0.0405,0.0000,0.0000,0.0000,0.0404,0.0000,200,0.7141
0.0116,0.0000,0.0000,0.0000,0.0115,0.0000,200,0.7431
0.0215,0.0000,0.0000,0.0000,0.0212,0.0003,200,0.7341
0.0084,0.0000,0.0000,0.0000,0.0083,0.0001,200,0.7476
0.0254,0.0000,0.0000,0.0000,0.0253,0.0001,200,0.7316
0.0150,0.0000,0.0000,0.0000,0.0149,0.0001,200,0.7423
0.1074,0.0000,0.0000,0.0000,0.1072,0.0001,200,0.6507
0.0297,0.0000,0.0000,0.0000,0.0296,0.0000,200,0.7291
0.0027,0.0000,0.0000,0.0000,0.0025,0.0002,200,0.7570
0.0562,0.0000,0.0000,0.0000,0.0561,0.0001,200,0.7039
0.0437,0.0000,0.0000,0.0000,0.0435,0.0002,200,0.7172
0.0412,0.0000,0.0000,0.0000,0.0411,0.0001,200,0.7206
0.0168,0.0000,0.0000,0.0000,0.0167,0.0001,200,0.7454
0.0167,0.0000,0.0000,0.0001,0.0165,0.0001,200,0.7464
0.0413,0.0000,0.0000,0.0000,0.0412,0.0001,200,0.7225
0.0129,0.0000,0.0000,0.0000,0.0128,0.0001,200,0.7514
0.0100,0.0000,0.0000,0.0000,0.0100,0.0000,200,0.7546
0.0552,0.0000,0.0000,0.0000,0.0551,0.0000,200,0.7104
0.0027,0.0000,0.0000,0.0000,0.0026,0.0000,200,0.7630
0.0174,0.0000,0.0000,0.0000,0.0173,0.0000,200,0.7489
0.0090,0.0000,0.0000,0.0001,0.0087,0.0002,200,0.7581
0.0056,0.0000,0.0000,0.0001,0.0055,0.0000,200,0.7622
0.0307,0.0000,0.0000,0.0000,0.0306,0.0000,200,0.7380
0.0085,0.0000,0.0000,0.0000,0.0084,0.0000,200,0.7618
0.0825,0.0000,0.0000,0.0000,0.0825,0.0000,200,0.6878
0.0289,0.0000,0.0000,0.0000,0.0288,0.0000,200,0.7416
0.0062,0.0000,0.0000,0.0000,0.0060,0.0002,200,0.7643
0.1981,0.0000,0.0000,0.0000,0.1980,0.0000,200,0.5735
0.0750,0.0000,0.0000,0.0000,0.0749,0.0001,200,0.6971
0.0287,0.0000,0.0000,0.0000,0.0287,0.0001,200,0.7440
0.0132,0.0000,0.0000,0.0000,0.0131,0.0000,200,0.7597
0.0073,0.0000,0.0000,0.0000,0.0073,0.0000,200,0.7662
0.0325,0.0000,0.0000,0.0000,0.0324,0.0001,200,0.7417
0.0401,0.0000,0.0000,0.0000,0.0401,0.0000,200,0.7345
0.0082,0.0000,0.0000,0.0000,0.0080,0.0001,200,0.7671
0.0197,0.0000,0.0000,0.0000,0.0195,0.0000,200,0.7560
0.0326,0.0000,0.0000,0.0000,0.0324,0.0001,200,0.7435
0.0066,0.0000,0.0000,0.0000,0.0065,0.0001,200,0.7705
0.0948,0.0000,0.0000,0.0001,0.0946,0.0001,200,0.6827
0.0244,0.0000,0.0000,0.0000,0.0243,0.0000,200,0.7534
0.0054,0.0000,0.0000,0.0000,0.0053,0.0000,200,0.7729
0.0388,0.0000,0.0000,0.0000,0.0387,0.0000,200,0.7395
0.0032,0.0000,0.0000,0.0000,0.0032,0.0000,200,0.7757
0.0475,0.0000,0.0000,0.0001,0.0473,0.0000,200,0.7324
0.0027,0.0000,0.0000,0.0000,0.0026,0.0001,200,0.7775
0.0218,0.0000,0.0000,0.0000,0.0217,0.0000,200,0.7589
0.0266,0.0000,0.0000,0.0001,0.0264,0.0001,200,0.7547
0.0545,0.0000,0.0000,0.0000,0.0544,0.0000,200,0.7274
0.0616,0.0000,0.0000,0.0000,0.0615,0.0000,200,0.7213
0.0092,0.0000,0.0000,0.0000,0.0091,0.0001,200,0.7742
0.0041,0.0000,0.0000,0.0000,0.0040,0.0001,200,0.7799
0.0346,0.0000,0.0000,0.0000,0.0345,0.0001,200,0.7501
0.0246,0.0000,0.0000,0.0000,0.0245,0.0001,200,0.7610
0.0637,0.0000,0.0000,0.0000,0.0636,0.0000,200,0.7229
0.0164,0.0000,0.0000,0.0000,0.0163,0.0001,200,0.7705
0.0812,0.0000,0.0000,0.0000,0.0811,0.0001,200,0.7065
0.0192,0.0000,0.0000,0.0000,0.0191,0.0001,200,0.7715
0.0190,0.0000,0.0000,0.0000,0.0189,0.0001,200,0.7720
0.0392,0.0000,0.0000,0.0000,0.0392,0.0001,200,0.7526
0.0116,0.0000,0.0000,0.0000,0.0113,0.0001,200,0.7807
0.0087,0.0000,0.0000,0.0000,0.0086,0.0000,200,0.7840
0.0169,0.0000,0.0000,0.0000,0.0168,0.0001,200,0.7761
0.0122,0.0000,0.0000,0.0000,0.0120,0.0001,200,0.7813
0.0573,0.0000,0.0000,0.0000,0.0573,0.0000,200,0.7366
0.0416,0.0000,0.0000,0.0000,0.0415,0.0001,200,0.7526
0.0917,0.0000,0.0000,0.0000,0.0916,0.0000,200,0.7030
0.0116,0.0000,0.0000,0.0001,0.0115,0.0000,200,0.7834
0.0206,0.0000,0.0000,0.0000,0.0205,0.0001,200,0.7753
0.0044,0.0000,0.0000,0.0000,0.0043,0.0001,200,0.7919
0.0324,0.0000,0.0000,0.0000,0.0324,0.0000,200,0.7646
0.0109,0.0000,0.0000,0.0000,0.0108,0.0000,200,0.7869
0.0408,0.0000,0.0000,0.0001,0.0406,0.0001,200,0.7573
0.0110,0.0000,0.0000,0.0000,0.0108,0.0001,200,0.7878
0.0448,0.0000,0.0000,0.0000,0.0447,0.0001,200,0.7546
0.0093,0.0000,0.0000,0.0000,0.0091,0.0000,200,0.7907
0.0227,0.0000,0.0000,0.0000,0.0226,0.0001,200,0.7783
0.0086,0.0000,0.0000,0.0000,0.0084,0.0002,200,0.7935
0.0086,0.0000,0.0000,0.0000,0.0085,0.0000,200,0.7942
0.0202,0.0000,0.0000,0.0000,0.0201,0.0001,200,0.7828
0.0588,0.0000,0.0000,0.0001,0.0586,0.0001,200,0.7449
0.0142,0.0000,0.0000,0.0000,0.0141,0.0001,200,0.7927
0.0439,0.0000,0.0000,0.0001,0.0438,0.0001,200,0.7638
0.0348,0.0000,0.0000,0.0000,0.0347,0.0001,200,0.7735
0.0319,0.0000,0.0000,0.0000,0.0318,0.0001,200,0.7771
0.0442,0.0000,0.0000,0.0002,0.0440,0.0000,200,0.7655
0.0249,0.0000,0.0000,0.0000,0.0247,0.0001,200,0.7856
0.0512,0.0000,0.0000,0.0001,0.0509,0.0002,200,0.7601
0.0170,0.0000,0.0000,0.0000,0.0169,0.0000,200,0.7950
0.0930,0.0000,0.0000,0.0000,0.0928,0.0001,200,0.7195
0.0430,0.0000,0.0000,0.0000,0.0429,0.0000,200,0.7704
0.0479,0.0000,0.0000,0.0000,0.0478,0.0000,200,0.7658
0.0293,0.0000,0.0000,0.0000,0.0292,0.0001,200,0.7847
0.0348,0.0000,0.0000,0.0001,0.0347,0.0000,200,0.7802
0.0218,0.0000,0.0000,0.0000,0.0217,0.0001,200,0.7939
0.0095,0.0000,0.0000,0.0000,0.0094,0.0001,200,0.8069
0.0424,0.0000,0.0000,0.0000,0.0423,0.0001,200,0.7747
0.0052,0.0000,0.0000,0.0000,0.0051,0.0001,200,0.8127
0.0275,0.0000,0.0000,0.0000,0.0274,0.0000,200,0.7910
0.0373,0.0000,0.0000,0.0000,0.0372,0.0001,200,0.7819
0.0098,0.0000,0.0000,0.0000,0.0097,0.0000,200,0.8098
0.0426,0.0000,0.0000,0.0000,0.0425,0.0000,200,0.7778
0.0097,0.0000,0.0000,0.0000,0.0096,0.0000,200,0.8112
0.0187,0.0000,0.0000,0.0000,0.0186,0.0000,200,0.8030
0.0237,0.0000,0.0000,0.0000,0.0235,0.0000,200,0.7987
0.0504,0.0000,0.0000,0.0000,0.0503,0.0000,200,0.7728
0.0727,0.0000,0.0000,0.0000,0.0726,0.0000,200,0.7510
0.0457,0.0000,0.0000,0.0000,0.0456,0.0000,200,0.7789
0.0085,0.0000,0.0000,0.0000,0.0084,0.0000,200,0.8164
0.0098,0.0000,0.0000,0.0000,0.0097,0.0001,200,0.8157
0.0558,0.0000,0.0000,0.0000,0.0556,0.0001,200,0.7704
0.0961,0.0000,0.0000,0.0000,0.0960,0.0000,200,0.7306
0.0788,0.0000,0.0000,0.0000,0.0787,0.0000,200,0.7484
0.0086,0.0000,0.0000,0.0000,0.0085,0.0001,200,0.8204
0.0322,0.0000,0.0000,0.0000,0.0321,0.0000,200,0.7978
0.0289,0.0000,0.0000,0.0000,0.0287,0.0001,200,0.8021
0.0076,0.0000,0.0000,0.0000,0.0075,0.0001,200,0.8246
0.0368,0.0000,0.0000,0.0000,0.0367,0.0001,200,0.7962
0.0351,0.0000,0.0000,0.0000,0.0350,0.0001,200,0.7995
0.0661,0.0000,0.0000,0.0000,0.0660,0.0001,200,0.7687
0.0106,0.0000,0.0000,0.0001,0.0105,0.0000,200,0.8255
0.0503,0.0000,0.0000,0.0000,0.0502,0.0001,200,0.7865
0.1284,0.0000,0.0000,0.0001,0.1283,0.0000,200,0.7107
0.0448,0.0000,0.0000,0.0000,0.0446,0.0001,200,0.7947
0.0269,0.0000,0.0000,0.0000,0.0268,0.0000,200,0.8134
0.0042,0.0000,0.0000,0.0000,0.0040,0.0002,200,0.8362
0.0433,0.0000,0.0000,0.0000,0.0432,0.0000,200,0.7971
0.0239,0.0000,0.0000,0.0000,0.0238,0.0001,200,0.8185
0.0474,0.0000,0.0000,0.0000,0.0472,0.0001,200,0.7959
0.0358,0.0000,0.0000,0.0000,0.0356,0.0001,200,0.8084
0.0256,0.0000,0.0000,0.0000,0.0255,0.0001,200,0.8237
0.0184,0.0000,0.0000,0.0000,0.0183,0.0000,200,0.8310
0.0302,0.0000,0.0000,0.0000,0.0301,0.0000,200,0.8192
0.0467,0.0000,0.0000,0.0000,0.0466,0.0000,200,0.8028
0.0196,0.0000,0.0000,0.0000,0.0195,0.0000,200,0.8300
0.0818,0.0000,0.0000,0.0000,0.0818,0.0000,200,0.7678
0.0207,0.0000,0.0000,0.0000,0.0206,0.0000,200,0.8290
0.0575,0.0000,0.0000,0.0000,0.0574,0.0000,200,0.7923
0.0326,0.0000,0.0000,0.0000,0.0326,0.0000,200,0.8171
0.0378,0.0000,0.0000,0.0000,0.0377,0.0000,200,0.8120
0.1029,0.0000,0.0000,0.0000,0.1028,0.0000,200,0.7469
0.0085,0.0000,0.0000,0.0000,0.0083,0.0001,200,0.8425
0.0519,0.0000,0.0000,0.0000,0.0517,0.0001,200,0.8000
0.0251,0.0000,0.0000,0.0000,0.0250,0.0000,200,0.8272
0.1019,0.0000,0.0000,0.0000,0.1018,0.0000,200,0.7518
0.0280,0.0000,0.0000,0.0000,0.0279,0.0001,200,0.8267
0.0420,0.0000,0.0000,0.0000,0.0417,0.0002,200,0.8136
0.0521,0.0000,0.0000,0.0000,0.0517,0.0001,200,0.8037
0.0347,0.0000,0.0000,0.0000,0.0346,0.0001,200,0.8224
0.0077,0.0000,0.0000,0.0000,0.0077,0.0000,200,0.8497
0.0508,0.0000,0.0000,0.0000,0.0507,0.0000,200,0.8077
0.0577,0.0000,0.0000,0.0000,0.0576,0.0000,200,0.8010
0.1221,0.0000,0.0000,0.0000,0.1220,0.0001,200,0.7372
0.0081,0.0000,0.0000,0.0000,0.0080,0.0001,200,0.8518
0.0280,0.0000,0.0000,0.0000,0.0279,0.0000,200,0.8322
0.0376,0.0000,0.0000,0.0000,0.0375,0.0001,200,0.8232
0.0524,0.0000,0.0000,0.0000,0.0522,0.0000,200,0.8091
0.0083,0.0000,0.0000,0.0000,0.0082,0.0001,200,0.8537
0.0025,0.0000,0.0000,0.0000,0.0024,0.0000,200,0.8600
0.0085,0.0000,0.0000,0.0000,0.0085,0.0000,200,0.8547
0.0150,0.0000,0.0000,0.0002,0.0148,0.0001,200,0.8498
0.0078,0.0000,0.0000,0.0000,0.0074,0.0002,200,0.8574
0.0030,0.0000,0.0000,0.0000,0.0030,0.0000,200,0.8625
0.0026,0.0000,0.0000,0.0000,0.0025,0.0001,200,0.8632
0.0164,0.0000,0.0000,0.0000,0.0163,0.0001,200,0.8497
0.0734,0.0000,0.0000,0.0000,0.0733,0.0000,200,0.7930
0.0179,0.0000,0.0000,0.0000,0.0178,0.0001,200,0.8496
0.0533,0.0000,0.0000,0.0000,0.0532,0.0000,200,0.8150
0.0196,0.0000,0.0000,0.0000,0.0187,0.0001,200,0.8494
0.0189,0.0000,0.0000,0.0000,0.0188,0.0001,200,0.8510
0.0209,0.0000,0.0000,0.0000,0.0208,0.0001,200,0.8496
0.0307,0.0000,0.0000,0.0000,0.0305,0.0002,200,0.8404
0.0070,0.0000,0.0000,0.0000,0.0069,0.0001,200,0.8648
0.0543,0.0000,0.0000,0.0000,0.0542,0.0001,200,0.8179
0.0478,0.0000,0.0000,0.0000,0.0477,0.0001,200,0.8249
0.0028,0.0000,0.0000,0.0000,0.0027,0.0001,200,0.8706
0.0091,0.0000,0.0000,0.0000,0.0089,0.0001,200,0.8652
0.0310,0.0000,0.0000,0.0000,0.0309,0.0001,200,0.8442
0.0025,0.0000,0.0000,0.0000,0.0023,0.0000,200,0.8734
0.0065,0.0000,0.0000,0.0000,0.0064,0.0001,200,0.8699
0.0445,0.0000,0.0000,0.0000,0.0444,0.0001,200,0.8330
0.0258,0.0000,0.0000,0.0000,0.0257,0.0000,200,0.8523
0.0396,0.0000,0.0000,0.0000,0.0395,0.0000,200,0.8395
0.0109,0.0000,0.0000,0.0000,0.0108,0.0000,200,0.8690
0.0183,0.0000,0.0000,0.0000,0.0182,0.0000,200,0.8620
0.0316,0.0000,0.0000,0.0000,0.0315,0.0001,200,0.8496
0.0471,0.0000,0.0000,0.0000,0.0470,0.0001,200,0.8346
0.0071,0.0000,0.0000,0.0000,0.0070,0.0000,200,0.8752
0.0335,0.0000,0.0000,0.0000,0.0334,0.0000,200,0.8494
0.0115,0.0000,0.0000,0.0000,0.0114,0.0001,200,0.8722
0.0131,0.0000,0.0000,0.0000,0.0130,0.0000,200,0.8710
0.1291,0.0000,0.0000,0.0000,0.1291,0.0000,200,0.7556
0.0078,0.0000,0.0000,0.0000,0.0077,0.0001,200,0.8775
0.0488,0.0000,0.0000,0.0000,0.0487,0.0001,200,0.8369
0.0268,0.0000,0.0000,0.0000,0.0267,0.0001,200,0.8593
0.0051,0.0000,0.0000,0.0000,0.0050,0.0001,200,0.8817
0.0524,0.0000,0.0000,0.0000,0.0524,0.0001,200,0.8348
0.0163,0.0000,0.0000,0.0000,0.0162,0.0000,200,0.8718
0.0482,0.0000,0.0000,0.0000,0.0481,0.0001,200,0.8403
0.0290,0.0000,0.0000,0.0000,0.0287,0.0002,200,0.8603
0.0509,0.0000,0.0000,0.0000,0.0508,0.0001,200,0.8391
0.0288,0.0000,0.0000,0.0000,0.0287,0.0000,200,0.8614
0.0042,0.0000,0.0000,0.0000,0.0040,0.0000,200,0.8873
0.0937,0.0000,0.0000,0.0000,0.0936,0.0001,200,0.7981
0.0818,0.0000,0.0000,0.0000,0.0817,0.0000,200,0.8104
0.0163,0.0000,0.0000,0.0000,0.0162,0.0001,200,0.8764
0.0094,0.0000,0.0000,0.0000,0.0093,0.0001,200,0.8841
0.0747,0.0000,0.0000,0.0000,0.0745,0.0001,200,0.8196
0.0158,0.0000,0.0000,0.0000,0.0157,0.0000,200,0.8791
0.0519,0.0000,0.0000,0.0000,0.0517,0.0000,200,0.8434
0.0743,0.0000,0.0000,0.0000,0.0741,0.0001,200,0.8217
0.0031,0.0000,0.0000,0.0000,0.0030,0.0000,200,0.8935
0.0415,0.0000,0.0000,0.0000,0.0414,0.0000,200,0.8556
0.0093,0.0000,0.0000,0.0000,0.0092,0.0001,200,0.8885
0.0183,0.0000,0.0000,0.0000,0.0182,0.0001,200,0.8799
0.0432,0.0000,0.0000,0.0000,0.0430,0.0000,200,0.8558
0.0044,0.0000,0.0000,0.0000,0.0043,0.0000,200,0.8953
0.0337,0.0000,0.0000,0.0000,0.0335,0.0001,200,0.8664
0.0153,0.0000,0.0000,0.0000,0.0152,0.0000,200,0.8860
0.0122,0.0000,0.0000,0.0000,0.0121,0.0000,200,0.8902
0.0128,0.0000,0.0000,0.0000,0.0127,0.0001,200,0.8900
0.0195,0.0000,0.0000,0.0000,0.0194,0.0000,200,0.8837
0.0772,0.0000,0.0000,0.0000,0.0772,0.0000,200,0.8261
0.0294,0.0000,0.0000,0.0000,0.0289,0.0001,200,0.8743
0.0193,0.0000,0.0000,0.0000,0.0192,0.0000,200,0.8848
0.0169,0.0000,0.0000,0.0000,0.0169,0.0000,200,0.8880
0.0143,0.0000,0.0000,0.0000,0.0142,0.0001,200,0.8914
0.0592,0.0000,0.0000,0.0000,0.0591,0.0001,200,0.8494
0.0065,0.0000,0.0000,0.0000,0.0064,0.0000,200,0.9028
0.0512,0.0000,0.0000,0.0000,0.0511,0.0001,200,0.8585
0.0069,0.0000,0.0000,0.0000,0.0068,0.0001,200,0.9033
0.0612,0.0000,0.0000,0.0000,0.0611,0.0001,200,0.8496
0.0454,0.0000,0.0000,0.0000,0.0453,0.0000,200,0.8661
0.1621,0.0000,0.0000,0.0000,0.1620,0.0001,200,0.7499
0.0312,0.0000,0.0000,0.0001,0.0311,0.0000,200,0.8811
0.0724,0.0000,0.0000,0.0000,0.0723,0.0001,200,0.8404
0.0449,0.0000,0.0000,0.0000,0.0448,0.0000,200,0.8683
0.0138,0.0000,0.0000,0.0000,0.0137,0.0000,200,0.8997
0.0097,0.0000,0.0000,0.0000,0.0096,0.0001,200,0.9041
0.0107,0.0000,0.0000,0.0001,0.0106,0.0000,200,0.9037
0.0489,0.0000,0.0000,0.0000,0.0488,0.0000,200,0.8658
0.0233,0.0000,0.0000,0.0000,0.0232,0.0000,200,0.8918
0.0395,0.0000,0.0000,0.0000,0.0394,0.0000,200,0.8759
0.0197,0.0000,0.0000,0.0000,0.0196,0.0001,200,0.8960
0.0331,0.0000,0.0000,0.0000,0.0330,0.0001,200,0.8829
0.0166,0.0000,0.0000,0.0000,0.0165,0.0001,200,0.9001
0.0018,0.0000,0.0000,0.0000,0.0017,0.0000,200,0.9156
0.0124,0.0000,0.0000,0.0000,0.0122,0.0001,200,0.9058
0.0137,0.0000,0.0000,0.0000,0.0136,0.0001,200,0.9050
0.0080,0.0000,0.0000,0.0000,0.0080,0.0000,200,0.9115
0.0035,0.0000,0.0000,0.0000,0.0034,0.0000,200,0.9168
0.0054,0.0000,0.0000,0.0000,0.0053,0.0001,200,0.9154
0.0224,0.0000,0.0000,0.0000,0.0222,0.0001,200,0.8990
0.0071,0.0000,0.0000,0.0000,0.0070,0.0001,200,0.9151
0.0729,0.0000,0.0000,0.0001,0.0727,0.0001,200,0.8498
0.0137,0.0000,0.0000,0.0000,0.0136,0.0001,200,0.9097
0.0080,0.0000,0.0000,0.0000,0.0079,0.0000,200,0.9161
0.0268,0.0000,0.0000,0.0000,0.0267,0.0000,200,0.8978
0.0286,0.0000,0.0000,0.0000,0.0285,0.0000,200,0.8966
0.0313,0.0000,0.0000,0.0000,0.0312,0.0001,200,0.8942
0.1052,0.0000,0.0000,0.0000,0.1051,0.0000,200,0.8209
0.0139,0.0000,0.0000,0.0001,0.0138,0.0000,200,0.9128
0.0086,0.0000,0.0000,0.0000,0.0085,0.0001,200,0.9187
0.0412,0.0000,0.0000,0.0000,0.0411,0.0000,200,0.8868
0.0306,0.0000,0.0000,0.0001,0.0305,0.0000,200,0.8982
0.0619,0.0000,0.0000,0.0000,0.0617,0.0001,200,0.8675
0.1516,0.0000,0.0000,0.0001,0.1515,0.0000,200,0.7783
0.0198,0.0000,0.0000,0.0003,0.0195,0.0001,200,0.9108
0.0301,0.0000,0.0000,0.0000,0.0300,0.0001,200,0.9013
0.0226,0.0000,0.0000,0.0000,0.0225,0.0000,200,0.9093
0.0355,0.0000,0.0000,0.0000,0.0354,0.0001,200,0.8971
0.0018,0.0000,0.0000,0.0000,0.0017,0.0001,200,0.9314
0.0020,0.0000,0.0000,0.0000,0.0019,0.0000,200,0.9319
0.0198,0.0000,0.0000,0.0000,0.0197,0.0000,200,0.9147
0.0139,0.0000,0.0000,0.0000,0.0138,0.0000,200,0.9214
0.0239,0.0000,0.0000,0.0000,0.0238,0.0001,200,0.9120
0.0512,0.0000,0.0000,0.0000,0.0511,0.0000,200,0.8853
0.0266,0.0000,0.0000,0.0000,0.0265,0.0001,200,0.9103
0.0341,0.0000,0.0000,0.0000,0.0340,0.0000,200,0.9033
0.0236,0.0000,0.0000,0.0000,0.0234,0.0001,200,0.9144
0.0089,0.0000,0.0000,0.0000,0.0088,0.0001,200,0.9298
0.0133,0.0000,0.0000,0.0000,0.0132,0.0001,200,0.9261
0.0123,0.0000,0.0000,0.0000,0.0123,0.0000,200,0.9280
0.0188,0.0000,0.0000,0.0000,0.0187,0.0000,200,0.9222
0.0047,0.0000,0.0000,0.0000,0.0046,0.0001,200,0.9369
0.0812,0.0000,0.0000,0.0000,0.0811,0.0000,200,0.8608
0.0095,0.0000,0.0000,0.0000,0.0093,0.0001,200,0.9333
0.0089,0.0000,0.0000,0.0000,0.0088,0.0001,200,0.9345
0.0266,0.0000,0.0000,0.0000,0.0265,0.0001,200,0.9174
0.0096,0.0000,0.0000,0.0000,0.0095,0.0000,200,0.9353
0.0509,0.0000,0.0000,0.0000,0.0508,0.0000,200,0.8949
0.0267,0.0000,0.0000,0.0000,0.0267,0.0001,200,0.9196
0.0096,0.0000,0.0000,0.0000,0.0095,0.0000,200,0.9374
0.0275,0.0000,0.0000,0.0000,0.0274,0.0001,200,0.9202
0.0561,0.0000,0.0000,0.0000,0.0560,0.0000,200,0.8923
0.0158,0.0000,0.0000,0.0000,0.0157,0.0001,200,0.9338
0.0267,0.0000,0.0000,0.0000,0.0266,0.0000,200,0.9234
0.0081,0.0000,0.0000,0.0000,0.0081,0.0000,200,0.9420
0.0043,0.0000,0.0000,0.0000,0.0042,0.0001,200,0.9463
0.0066,0.0000,0.0000,0.0000,0.0066,0.0000,200,0.9449
0.0253,0.0000,0.0000,0.0000,0.0252,0.0001,200,0.9267
0.0143,0.0000,0.0000,0.0000,0.0142,0.0001,200,0.9388
0.0032,0.0000,0.0000,0.0000,0.0031,0.0000,200,0.9501
0.0283,0.0000,0.0000,0.0001,0.0282,0.0000,200,0.9255
0.0317,0.0000,0.0000,0.0000,0.0316,0.0000,200,0.9226
0.0281,0.0000,0.0000,0.0001,0.0279,0.0000,200,0.9273
0.0433,0.0000,0.0000,0.0000,0.0432,0.0001,200,0.9124
0.0145,0.0000,0.0000,0.0000,0.0145,0.0000,200,0.9416
0.0184,0.0000,0.0000,0.0001,0.0183,0.0000,200,0.9380
0.1001,0.0000,0.0000,0.0000,0.0999,0.0001,200,0.8571
0.0447,0.0000,0.0000,0.0000,0.0446,0.0000,200,0.9132
0.0144,0.0000,0.0000,0.0000,0.0143,0.0001,200,0.9440
0.0055,0.0000,0.0000,0.0000,0.0054,0.0000,200,0.9534
0.0816,0.0000,0.0000,0.0000,0.0815,0.0001,200,0.8781
0.0315,0.0000,0.0000,0.0000,0.0314,0.0000,200,0.9289
0.0285,0.0000,0.0000,0.0000,0.0282,0.0002,200,0.9327
0.0018,0.0000,0.0000,0.0000,0.0017,0.0001,200,0.9597
0.0378,0.0000,0.0000,0.0000,0.0377,0.0001,200,0.9240
0.1039,0.0000,0.0000,0.0000,0.1038,0.0000,200,0.8587
0.0151,0.0000,0.0000,0.0000,0.0150,0.0001,200,0.9484
0.0499,0.0000,0.0000,0.0000,0.0497,0.0001,200,0.9138
0.0078,0.0000,0.0000,0.0000,0.0077,0.0000,200,0.9564
0.0140,0.0000,0.0000,0.0000,0.0140,0.0000,200,0.9507
0.0849,0.0000,0.0000,0.0000,0.0849,0.0000,200,0.8803
0.0028,0.0000,0.0000,0.0000,0.0027,0.0001,200,0.9635
0.1012,0.0000,0.0000,0.0000,0.1011,0.0000,200,0.8656
0.0592,0.0000,0.0000,0.0001,0.0589,0.0002,200,0.9087
0.0187,0.0000,0.0000,0.0000,0.0186,0.0001,200,0.9497
0.0021,0.0000,0.0000,0.0000,0.0021,0.0000,200,0.9667
0.0055,0.0000,0.0000,0.0000,0.0053,0.0001,200,0.9637
0.0772,0.0000,0.0000,0.0001,0.0771,0.0000,200,0.8927
0.0295,0.0000,0.0000,0.0000,0.0295,0.0000,200,0.9403
0.0061,0.0000,0.0000,0.0000,0.0060,0.0000,200,0.9647
0.0306,0.0000,0.0000,0.0000,0.0302,0.0003,200,0.9410
0.0137,0.0000,0.0000,0.0000,0.0137,0.0000,200,0.9589
0.0161,0.0000,0.0000,0.0001,0.0160,0.0001,200,0.9572
0.0239,0.0000,0.0000,0.0000,0.0239,0.0000,200,0.9501
0.1605,0.0000,0.0000,0.0001,0.1603,0.0001,200,0.8141
0.0321,0.0000,0.0000,0.0001,0.0320,0.0000,200,0.9427
0.0358,0.0000,0.0000,0.0001,0.0357,0.0001,200,0.9394
0.0303,0.0000,0.0000,0.0000,0.0303,0.0000,200,0.9458
0.0213,0.0000,0.0000,0.0000,0.0212,0.0001,200,0.9554
0.0028,0.0000,0.0000,0.0001,0.0027,0.0000,200,0.9746
0.0091,0.0000,0.0000,0.0000,0.0090,0.0001,200,0.9689
0.0069,0.0000,0.0000,0.0001,0.0067,0.0001,200,0.9716
0.0129,0.0000,0.0000,0.0000,0.0128,0.0000,200,0.9663
0.0900,0.0000,0.0000,0.0000,0.0898,0.0001,200,0.8892
0.0664,0.0000,0.0000,0.0000,0.0663,0.0000,200,0.9135
0.0022,0.0000,0.0000,0.0000,0.0021,0.0001,200,0.9785
0.0788,0.0000,0.0000,0.0000,0.0787,0.0000,200,0.9024
0.1003,0.0000,0.0000,0.0000,0.1002,0.0000,200,0.8823
0.0348,0.0000,0.0000,0.0000,0.0347,0.0000,200,0.9477
0.0037,0.0000,0.0000,0.0000,0.0036,0.0001,200,0.9792
0.0127,0.0000,0.0000,0.0000,0.0125,0.0001,200,0.9708
0.0259,0.0000,0.0000,0.0000,0.0258,0.0000,200,0.9585
0.0482,0.0000,0.0000,0.0000,0.0481,0.0001,200,0.9365
0.0084,0.0000,0.0000,0.0000,0.0083,0.0000,200,0.9767
0.0388,0.0000,0.0000,0.0000,0.0387,0.0001,200,0.9470
0.1008,0.0000,0.0000,0.0000,0.1007,0.0001,200,0.8857
0.0354,0.0000,0.0000,0.0000,0.0352,0.0001,200,0.9520
0.0701,0.0000,0.0000,0.0000,0.0700,0.0001,200,0.9181
0.0059,0.0000,0.0000,0.0000,0.0058,0.0001,200,0.9829
0.0049,0.0000,0.0000,0.0000,0.0048,0.0001,200,0.9844
0.0061,0.0000,0.0000,0.0000,0.0060,0.0000,200,0.9835
0.0153,0.0000,0.0000,0.0000,0.0153,0.0000,200,0.9749
0.0036,0.0000,0.0000,0.0000,0.0035,0.0000,200,0.9873
0.0382,0.0000,0.0000,0.0000,0.0382,0.0000,200,0.9531
0.0265,0.0000,0.0000,0.0000,0.0264,0.0001,200,0.9652
0.0407,0.0000,0.0000,0.0000,0.0406,0.0000,200,0.9515
0.0191,0.0000,0.0000,0.0000,0.0190,0.0001,200,0.9741
0.0284,0.0000,0.0000,0.0000,0.0282,0.0001,200,0.9733
0.0343,0.0000,0.0000,0.0000,0.0339,0.0004,200,0.9684
0.0210,0.0000,0.0000,0.0001,0.0209,0.0001,200,0.9826
0.0148,0.0000,0.0000,0.0000,0.0148,0.0000,200,0.9896
0.0445,0.0000,0.0000,0.0000,0.0444,0.0001,200,0.9604
0.0272,0.0000,0.0000,0.0000,0.0271,0.0000,200,0.9780
0.0500,0.0000,0.0000,0.0000,0.0498,0.0001,200,0.9557
0.0210,0.0000,0.0000,0.0000,0.0210,0.0000,200,0.9847
0.0246,0.0000,0.0000,0.0000,0.0245,0.0000,200,0.9811
0.0194,0.0000,0.0000,0.0000,0.0193,0.0000,200,0.9882
0.0464,0.0000,0.0000,0.0000,0.0464,0.0000,200,0.9611
0.0211,0.0000,0.0000,0.0000,0.0210,0.0001,200,0.9865
0.0175,0.0000,0.0000,0.0000,0.0174,0.0000,200,0.9902
0.0378,0.0000,0.0000,0.0000,0.0378,0.0000,200,0.9699
0.1351,0.0000,0.0000,0.0001,0.1349,0.0000,200,0.8726
0.0517,0.0000,0.0000,0.0000,0.0516,0.0000,200,0.9561
0.0386,0.0000,0.0000,0.0000,0.0386,0.0000,200,0.9692
0.0305,0.0000,0.0000,0.0000,0.0304,0.0000,200,0.9774
0.0871,0.0000,0.0000,0.0000,0.0870,0.0000,200,0.9207
0.0437,0.0000,0.0000,0.0000,0.0436,0.0000,200,0.9643
0.0046,0.0000,0.0000,0.0000,0.0046,0.0000,200,1.0036
0.0198,0.0000,0.0000,0.0000,0.0197,0.0001,200,0.9889
0.0179,0.0000,0.0000,0.0000,0.0178,0.0000,200,0.9913
0.0175,0.0000,0.0000,0.0000,0.0175,0.0000,200,0.9917
0.0521,0.0000,0.0000,0.0000,0.0520,0.0000,200,0.9579
0.0405,0.0000,0.0000,0.0000,0.0405,0.0000,200,0.9699
0.0332,0.0000,0.0000,0.0000,0.0331,0.0001,200,0.9792
0.0770,0.0000,0.0000,0.0000,0.0769,0.0001,200,0.9359
0.0880,0.0000,0.0000,0.0000,0.0879,0.0000,200,0.9251
0.0600,0.0000,0.0000,0.0000,0.0600,0.0001,200,0.9538
0.0712,0.0000,0.0000,0.0000,0.0711,0.0000,200,0.9434
0.0054,0.0000,0.0000,0.0000,0.0054,0.0000,200,1.0092
0.0427,0.0000,0.0000,0.0000,0.0426,0.0001,200,0.9726
0.0101,0.0000,0.0000,0.0000,0.0101,0.0000,200,1.0079
0.0106,0.0000,0.0000,0.0000,0.0105,0.0001,200,1.0078
0.0056,0.0000,0.0000,0.0000,0.0055,0.0000,200,1.0132
0.0044,0.0000,0.0000,0.0000,0.0043,0.0001,200,1.0147
0.0357,0.0000,0.0000,0.0000,0.0356,0.0001,200,0.9850
0.0291,0.0000,0.0000,0.0000,0.0290,0.0000,200,0.9922
0.0137,0.0000,0.0000,0.0000,0.0136,0.0001,200,1.0082
0.0368,0.0000,0.0000,0.0000,0.0367,0.0001,200,0.9858
0.0939,0.0000,0.0000,0.0001,0.0937,0.0000,200,0.9294
0.0188,0.0000,0.0000,0.0001,0.0187,0.0001,200,1.0049
0.0444,0.0000,0.0000,0.0000,0.0442,0.0001,200,0.9799
0.0075,0.0000,0.0000,0.0000,0.0074,0.0001,200,1.0180
0.0034,0.0000,0.0000,0.0000,0.0033,0.0001,200,1.0237
0.0171,0.0000,0.0000,0.0000,0.0170,0.0000,200,1.0104
0.0055,0.0000,0.0000,0.0000,0.0054,0.0000,200,1.0226
0.0212,0.0000,0.0000,0.0000,0.0211,0.0000,200,1.0076
0.0053,0.0000,0.0000,0.0000,0.0052,0.0000,200,1.0242
0.0477,0.0000,0.0000,0.0000,0.0476,0.0000,200,0.9825
0.1065,0.0000,0.0000,0.0000,0.1064,0.0001,200,0.9246
0.0238,0.0000,0.0000,0.0000,0.0238,0.0000,200,1.0077
0.0280,0.0000,0.0000,0.0000,0.0279,0.0001,200,1.0044
0.0124,0.0000,0.0000,0.0000,0.0123,0.0000,200,1.0208
0.0407,0.0000,0.0000,0.0000,0.0402,0.0001,200,0.9932
0.0289,0.0000,0.0000,0.0000,0.0288,0.0000,200,1.0056
0.0119,0.0000,0.0000,0.0000,0.0119,0.0000,200,1.0233
0.0279,0.0000,0.0000,0.0000,0.0278,0.0000,200,1.0079
0.0025,0.0000,0.0000,0.0000,0.0024,0.0000,200,1.0340
0.0319,0.0000,0.0000,0.0000,0.0318,0.0000,200,1.0052
0.0187,0.0000,0.0000,0.0001,0.0186,0.0000,200,1.0191
0.0621,0.0000,0.0000,0.0000,0.0621,0.0000,200,0.9762
0.0853,0.0000,0.0000,0.0000,0.0852,0.0001,200,0.9543
0.0650,0.0000,0.0000,0.0000,0.0649,0.0000,200,0.9753
0.0330,0.0000,0.0000,0.0000,0.0330,0.0001,200,1.0077
0.0046,0.0000,0.0000,0.0000,0.0044,0.0000,200,1.0364
0.0125,0.0000,0.0000,0.0000,0.0124,0.0000,200,1.0288
0.0613,0.0000,0.0000,0.0000,0.0612,0.0001,200,0.9807
0.0814,0.0000,0.0000,0.0001,0.0812,0.0001,200,0.9615
0.0354,0.0000,0.0000,0.0000,0.0353,0.0000,200,1.0079
0.0258,0.0000,0.0000,0.0000,0.0257,0.0000,200,1.0184
0.0033,0.0000,0.0000,0.0001,0.0032,0.0000,200,1.0412
0.0179,0.0000,0.0000,0.0000,0.0178,0.0001,200,1.0271
0.0382,0.0000,0.0000,0.0000,0.0381,0.0001,200,1.0076
0.0844,0.0000,0.0000,0.0000,0.0843,0.0000,200,0.9618
0.0347,0.0000,0.0000,0.0000,0.0346,0.0000,200,1.0129
0.0043,0.0000,0.0000,0.0000,0.0042,0.0000,200,1.0433
0.1174,0.0000,0.0000,0.0000,0.1172,0.0001,200,0.9306
0.0202,0.0000,0.0000,0.0000,0.0201,0.0001,200,1.0281
0.0418,0.0000,0.0000,0.0000,0.0417,0.0001,200,1.0078
0.0142,0.0000,0.0000,0.0000,0.0141,0.0001,200,1.0358
0.0160,0.0000,0.0000,0.0000,0.0158,0.0001,200,1.0345
0.0132,0.0000,0.0000,0.0000,0.0130,0.0001,200,1.0410
0.0113,0.0000,0.0000,0.0000,0.0112,0.0000,200,1.0429
0.0211,0.0000,0.0000,0.0000,0.0210,0.0000,200,1.0332
0.0059,0.0000,0.0000,0.0000,0.0059,0.0000,200,1.0483
0.0451,0.0000,0.0000,0.0000,0.0450,0.0000,200,1.0092
0.0466,0.0000,0.0000,0.0000,0.0466,0.0000,200,1.0077
0.0228,0.0000,0.0000,0.0000,0.0228,0.0000,200,1.0315
0.0161,0.0000,0.0000,0.0000,0.0160,0.0000,200,1.0383
0.0167,0.0000,0.0000,0.0000,0.0167,0.0000,200,1.0377
0.0095,0.0000,0.0000,0.0000,0.0095,0.0000,200,1.0450
0.0131,0.0000,0.0000,0.0000,0.0130,0.0000,200,1.0420
0.0405,0.0000,0.0000,0.0000,0.0404,0.0001,200,1.0154
0.0014,0.0000,0.0000,0.0000,0.0013,0.0000,200,1.0551
0.0177,0.0000,0.0000,0.0000,0.0176,0.0000,200,1.0396
0.0441,0.0000,0.0000,0.0001,0.0440,0.0000,200,1.0139
0.0571,0.0000,0.0000,0.0006,0.0564,0.0001,200,1.0017
0.0220,0.0000,0.0000,0.0000,0.0219,0.0001,200,1.0371
0.0296,0.0000,0.0000,0.0000,0.0295,0.0001,200,1.0302
0.0548,0.0000,0.0000,0.0000,0.0547,0.0001,200,1.0057
0.0400,0.0000,0.0000,0.0000,0.0399,0.0001,200,1.0213
0.0034,0.0000,0.0000,0.0000,0.0032,0.0001,200,1.0591
0.0355,0.0000,0.0000,0.0001,0.0353,0.0000,200,1.0275
0.0728,0.0000,0.0000,0.0000,0.0727,0.0000,200,0.9910
0.0541,0.0000,0.0000,0.0000,0.0540,0.0000,200,1.0100
0.0503,0.0000,0.0000,0.0000,0.0503,0.0001,200,1.0146
0.0152,0.0000,0.0000,0.0000,0.0151,0.0000,200,1.0505
0.0077,0.0000,0.0000,0.0000,0.0076,0.0001,200,1.0580
0.0164,0.0000,0.0000,0.0000,0.0163,0.0000,200,1.0500
0.0645,0.0000,0.0000,0.0000,0.0643,0.0000,200,1.0027
0.0277,0.0000,0.0000,0.0000,0.0275,0.0002,200,1.0403
0.1057,0.0000,0.0000,0.0000,0.1056,0.0001,200,0.9625
0.0026,0.0000,0.0000,0.0000,0.0025,0.0001,200,1.0664
0.0095,0.0000,0.0000,0.0000,0.0095,0.0000,200,1.0598
0.0027,0.0000,0.0000,0.0000,0.0026,0.0001,200,1.0672
0.0273,0.0000,0.0000,0.0000,0.0271,0.0001,200,1.0441
0.0499,0.0000,0.0000,0.0000,0.0498,0.0000,200,1.0219
0.0245,0.0000,0.0000,0.0000,0.0244,0.0001,200,1.0475
0.0647,0.0000,0.0000,0.0000,0.0647,0.0000,200,1.0076
0.0107,0.0000,0.0000,0.0000,0.0106,0.0000,200,1.0624
0.0040,0.0000,0.0000,0.0000,0.0039,0.0000,200,1.0694
0.0285,0.0000,0.0000,0.0000,0.0283,0.0002,200,1.0457
0.0098,0.0000,0.0000,0.0001,0.0097,0.0001,200,1.0649
0.0180,0.0000,0.0000,0.0000,0.0179,0.0001,200,1.0573
0.0447,0.0000,0.0000,0.0001,0.0446,0.0000,200,1.0310
0.0162,0.0000,0.0000,0.0000,0.0161,0.0000,200,1.0605
0.0476,0.0000,0.0000,0.0000,0.0475,0.0001,200,1.0296
0.0055,0.0000,0.0000,0.0001,0.0053,0.0000,200,1.0752
0.0264,0.0000,0.0000,0.0000,0.0263,0.0001,200,1.0543
0.0050,0.0000,0.0000,0.0000,0.0049,0.0000,200,1.0758
0.0264,0.0000,0.0000,0.0000,0.0263,0.0000,200,1.0545
0.0172,0.0000,0.0000,0.0000,0.0171,0.0000,200,1.0637
0.0168,0.0000,0.0000,0.0000,0.0167,0.0000,200,1.0642
0.0090,0.0000,0.0000,0.0003,0.0084,0.0003,200,1.0720
0.0112,0.0000,0.0000,0.0000,0.0110,0.0001,200,1.0699
0.0259,0.0000,0.0000,0.0000,0.0258,0.0001,200,1.0559
0.0420,0.0000,0.0000,0.0000,0.0418,0.0002,200,1.0407
0.0022,0.0000,0.0000,0.0000,0.0021,0.0000,200,1.0808
0.0778,0.0000,0.0000,0.0001,0.0777,0.0000,200,1.0057
0.0648,0.0000,0.0000,0.0000,0.0647,0.0000,200,1.0187
0.0362,0.0000,0.0000,0.0000,0.0361,0.0000,200,1.0480
0.1167,0.0000,0.0000,0.0000,0.1166,0.0001,200,0.9679
0.0310,0.0000,0.0000,0.0000,0.0309,0.0000,200,1.0542
0.0773,0.0000,0.0000,0.0000,0.0772,0.0001,200,1.0087
0.0739,0.0000,0.0000,0.0000,0.0738,0.0001,200,1.0125
0.0028,0.0000,0.0000,0.0000,0.0027,0.0001,200,1.0842
0.0067,0.0000,0.0000,0.0000,0.0067,0.0000,200,1.0810
0.0340,0.0000,0.0000,0.0000,0.0338,0.0001,200,1.0543
0.0016,0.0000,0.0000,0.0000,0.0015,0.0000,200,1.0877
0.0403,0.0000,0.0000,0.0000,0.0403,0.0000,200,1.0496
0.0073,0.0000,0.0000,0.0000,0.0072,0.0001,200,1.0835
0.0256,0.0000,0.0000,0.0000,0.0255,0.0000,200,1.0657
0.0373,0.0000,0.0000,0.0000,0.0372,0.0000,200,1.0544
0.0088,0.0000,0.0000,0.0000,0.0087,0.0000,200,1.0835
0.0068,0.0000,0.0000,0.0000,0.0067,0.0001,200,1.0860
0.0052,0.0000,0.0000,0.0001,0.0050,0.0001,200,1.0882
0.0371,0.0000,0.0000,0.0000,0.0370,0.0000,200,1.0565
0.0214,0.0000,0.0000,0.0000,0.0213,0.0001,200,1.0734
0.0406,0.0000,0.0000,0.0000,0.0406,0.0000,200,1.0545
0.0129,0.0000,0.0000,0.0000,0.0128,0.0001,200,1.0827
0.0138,0.0000,0.0000,0.0000,0.0137,0.0000,200,1.0818
0.0416,0.0000,0.0000,0.0000,0.0415,0.0000,200,1.0543
0.0136,0.0000,0.0000,0.0000,0.0135,0.0001,200,1.0830
0.0166,0.0000,0.0000,0.0000,0.0166,0.0000,200,1.0808
0.0213,0.0000,0.0000,0.0000,0.0213,0.0000,200,1.0766
0.0509,0.0000,0.0000,0.0000,0.0508,0.0001,200,1.0476
0.0049,0.0000,0.0000,0.0000,0.0047,0.0001,200,1.0947
0.0149,0.0000,0.0000,0.0000,0.0148,0.0001,200,1.0852
0.0193,0.0000,0.0000,0.0000,0.0192,0.0000,200,1.0810
0.0195,0.0000,0.0000,0.0000,0.0194,0.0001,200,1.0811
0.0109,0.0000,0.0000,0.0000,0.0108,0.0001,200,1.0927
0.0088,0.0000,0.0000,0.0000,0.0087,0.0001,200,1.0959
0.1155,0.0000,0.0000,0.0000,0.1154,0.0000,200,0.9893
0.0305,0.0000,0.0000,0.0000,0.0304,0.0001,200,1.0743
0.0301,0.0000,0.0000,0.0000,0.0301,0.0000,200,1.0747
0.0724,0.0000,0.0000,0.0000,0.0723,0.0000,200,1.0324
0.0242,0.0000,0.0000,0.0000,0.0239,0.0000,200,1.0807
0.0794,0.0000,0.0000,0.0000,0.0793,0.0000,200,1.0255
0.0070,0.0000,0.0000,0.0000,0.0070,0.0000,200,1.0980
0.0044,0.0000,0.0000,0.0000,0.0043,0.0000,200,1.1006
0.0142,0.0000,0.0000,0.0001,0.0142,0.0000,200,1.0908
0.0605,0.0000,0.0000,0.0000,0.0604,0.0000,200,1.0446
0.0368,0.0000,0.0000,0.0000,0.0368,0.0000,200,1.0683
0.0478,0.0000,0.0000,0.0000,0.0477,0.0000,200,1.0588
0.0529,0.0000,0.0000,0.0000,0.0528,0.0000,200,1.0544
0.0467,0.0000,0.0000,0.0000,0.0466,0.0000,200,1.0612
0.0162,0.0000,0.0000,0.0000,0.0161,0.0000,200,1.0934
0.0096,0.0000,0.0000,0.0000,0.0095,0.0000,200,1.1000
0.0160,0.0000,0.0000,0.0000,0.0160,0.0000,200,1.0937
0.0288,0.0000,0.0000,0.0000,0.0288,0.0000,200,1.0809
0.0147,0.0000,0.0000,0.0000,0.0146,0.0000,200,1.0956
0.0059,0.0000,0.0000,0.0000,0.0058,0.0001,200,1.1049
0.0064,0.0000,0.0000,0.0000,0.0064,0.0000,200,1.1051
0.0146,0.0000,0.0000,0.0000,0.0145,0.0001,200,1.0974
0.0175,0.0000,0.0000,0.0000,0.0174,0.0001,200,1.0956
0.0089,0.0000,0.0000,0.0000,0.0088,0.0000,200,1.1048
0.0092,0.0000,0.0000,0.0000,0.0092,0.0000,200,1.1050
0.0046,0.0000,0.0000,0.0000,0.0046,0.0000,200,1.1096
0.0052,0.0000,0.0000,0.0000,0.0052,0.0000,200,1.1097
0.0106,0.0000,0.0000,0.0000,0.0106,0.0000,200,1.1050
0.0083,0.0000,0.0000,0.0000,0.0082,0.0001,200,1.1079
0.0027,0.0000,0.0000,0.0000,0.0027,0.0000,200,1.1142
0.0189,0.0000,0.0000,0.0000,0.0188,0.0000,200,1.0985
0.0118,0.0000,0.0000,0.0000,0.0117,0.0001,200,1.1066
0.0068,0.0000,0.0000,0.0001,0.0067,0.0000,200,1.1120
0.0145,0.0000,0.0000,0.0000,0.0144,0.0001,200,1.1048
0.0250,0.0000,0.0000,0.0000,0.0249,0.0001,200,1.0951
0.0549,0.0000,0.0000,0.0001,0.0548,0.0001,200,1.0657
0.0160,0.0000,0.0000,0.0000,0.0160,0.0000,200,1.1049
0.0537,0.0000,0.0000,0.0000,0.0537,0.0000,200,1.0680
0.0330,0.0000,0.0000,0.0000,0.0329,0.0000,200,1.0893
0.0879,0.0000,0.0000,0.0000,0.0879,0.0000,200,1.0352
0.0095,0.0000,0.0000,0.0000,0.0094,0.0000,200,1.1137
0.0186,0.0000,0.0000,0.0000,0.0185,0.0001,200,1.1050
0.0552,0.0000,0.0000,0.0000,0.0551,0.0001,200,1.0690
0.0101,0.0000,0.0000,0.0000,0.0100,0.0000,200,1.1149
0.0208,0.0000,0.0000,0.0000,0.0207,0.0001,200,1.1047
0.0146,0.0000,0.0000,0.0000,0.0145,0.0001,200,1.1115
0.0094,0.0000,0.0000,0.0000,0.0093,0.0000,200,1.1173
0.0233,0.0000,0.0000,0.0000,0.0232,0.0000,200,1.1037
0.0356,0.0000,0.0000,0.0000,0.0355,0.0001,200,1.0923
0.0184,0.0000,0.0000,0.0000,0.0182,0.0001,200,1.1103
0.0756,0.0000,0.0000,0.0000,0.0755,0.0001,200,1.0541
0.0051,0.0000,0.0000,0.0000,0.0050,0.0000,200,1.1255
0.0074,0.0000,0.0000,0.0000,0.0073,0.0000,200,1.1232
0.0345,0.0000,0.0000,0.0000,0.0344,0.0001,200,1.0966
0.0162,0.0000,0.0000,0.0000,0.0161,0.0001,200,1.1156
0.0553,0.0000,0.0000,0.0000,0.0552,0.0000,200,1.0771
0.0135,0.0000,0.0000,0.0000,0.0134,0.0000,200,1.1193
0.0150,0.0000,0.0000,0.0001,0.0149,0.0001,200,1.1184
0.0483,0.0000,0.0000,0.0000,0.0483,0.0000,200,1.0864
0.0083,0.0000,0.0000,0.0000,0.0083,0.0000,200,1.1268
0.0260,0.0000,0.0000,0.0000,0.0259,0.0001,200,1.1097
0.0730,0.0000,0.0000,0.0000,0.0729,0.0001,200,1.0630
0.0144,0.0000,0.0000,0.0000,0.0141,0.0003,200,1.1223
0.0460,0.0000,0.0000,0.0001,0.0458,0.0001,200,1.0913
0.0101,0.0000,0.0000,0.0000,0.0099,0.0001,200,1.1279
0.0924,0.0000,0.0000,0.0000,0.0922,0.0002,200,1.0463
0.0075,0.0000,0.0000,0.0000,0.0074,0.0000,200,1.1318
0.0156,0.0000,0.0000,0.0000,0.0155,0.0000,200,1.1241
0.0686,0.0000,0.0000,0.0000,0.0685,0.0000,200,1.0717
0.0869,0.0000,0.0000,0.0000,0.0868,0.0000,200,1.0542
0.0091,0.0000,0.0000,0.0001,0.0090,0.0000,200,1.1334
0.0237,0.0000,0.0000,0.0000,0.0236,0.0000,200,1.1188
0.0114,0.0000,0.0000,0.0000,0.0114,0.0000,200,1.1312
0.0430,0.0000,0.0000,0.0000,0.0429,0.0000,200,1.0996
0.0291,0.0000,0.0000,0.0000,0.0290,0.0001,200,1.1142
0.0091,0.0000,0.0000,0.0000,0.0090,0.0000,200,1.1347
0.0232,0.0000,0.0000,0.0002,0.0230,0.0000,200,1.1209
0.0144,0.0000,0.0000,0.0000,0.0142,0.0001,200,1.1306
0.0075,0.0000,0.0000,0.0001,0.0074,0.0000,200,1.1379
0.0292,0.0000,0.0000,0.0000,0.0291,0.0001,200,1.1170
0.0230,0.0000,0.0000,0.0000,0.0229,0.0001,200,1.1236
0.0254,0.0000,0.0000,0.0000,0.0253,0.0000,200,1.1217
0.0085,0.0000,0.0000,0.0000,0.0084,0.0000,200,1.1394
0.0772,0.0000,0.0000,0.0000,0.0770,0.0000,200,1.0714
0.0081,0.0000,0.0000,0.0000,0.0079,0.0001,200,1.1411
0.0776,0.0000,0.0000,0.0001,0.0774,0.0000,200,1.0723
0.0157,0.0000,0.0000,0.0000,0.0156,0.0000,200,1.1351
0.0084,0.0000,0.0000,0.0000,0.0083,0.0001,200,1.1433
0.0450,0.0000,0.0000,0.0000,0.0449,0.0001,200,1.1073
0.0281,0.0000,0.0000,0.0000,0.0279,0.0001,200,1.1250
0.0280,0.0000,0.0000,0.0000,0.0279,0.0001,200,1.1286
0.0133,0.0000,0.0000,0.0000,0.0132,0.0000,200,1.1438
0.0728,0.0000,0.0000,0.0001,0.0727,0.0000,200,1.0845
0.0575,0.0000,0.0000,0.0000,0.0575,0.0000,200,1.1003
0.0772,0.0000,0.0000,0.0000,0.0771,0.0000,200,1.0809
0.0099,0.0000,0.0000,0.0000,0.0099,0.0000,200,1.1485
0.0318,0.0000,0.0000,0.0000,0.0318,0.0000,200,1.1270
0.0232,0.0000,0.0000,0.0000,0.0231,0.0000,200,1.1360
0.0488,0.0000,0.0000,0.0000,0.0487,0.0001,200,1.1108
0.0438,0.0000,0.0000,0.0000,0.0437,0.0001,200,1.1162
0.0125,0.0000,0.0000,0.0000,0.0125,0.0001,200,1.1479
0.0132,0.0000,0.0000,0.0001,0.0131,0.0001,200,1.1499
0.0376,0.0000,0.0000,0.0000,0.0375,0.0001,200,1.1261
0.0409,0.0000,0.0000,0.0000,0.0409,0.0001,200,1.1232
0.0222,0.0000,0.0000,0.0000,0.0221,0.0000,200,1.1425
0.0327,0.0000,0.0000,0.0000,0.0326,0.0001,200,1.1324
0.0289,0.0000,0.0000,0.0000,0.0288,0.0000,200,1.1367
0.0744,0.0000,0.0000,0.0000,0.0743,0.0000,200,1.0916
0.0157,0.0000,0.0000,0.0000,0.0156,0.0001,200,1.1508
0.0271,0.0000,0.0000,0.0000,0.0269,0.0000,200,1.1404
0.0214,0.0000,0.0000,0.0000,0.0213,0.0000,200,1.1467
0.0027,0.0000,0.0000,0.0000,0.0026,0.0000,200,1.1660
0.0095,0.0000,0.0000,0.0000,0.0094,0.0000,200,1.1597
0.0169,0.0000,0.0000,0.0000,0.0168,0.0000,200,1.1531
0.0334,0.0000,0.0000,0.0000,0.0333,0.0001,200,1.1373
0.0121,0.0000,0.0000,0.0000,0.0120,0.0000,200,1.1592
0.0621,0.0000,0.0000,0.0000,0.0619,0.0001,200,1.1096
0.0160,0.0000,0.0000,0.0001,0.0158,0.0000,200,1.1567
0.0282,0.0000,0.0000,0.0000,0.0281,0.0000,200,1.1449
0.0080,0.0000,0.0000,0.0000,0.0079,0.0001,200,1.1656
0.0137,0.0000,0.0000,0.0000,0.0132,0.0001,200,1.1604
0.0851,0.0000,0.0000,0.0000,0.0850,0.0000,200,1.0899
0.0291,0.0000,0.0000,0.0000,0.0290,0.0001,200,1.1471
0.0063,0.0000,0.0000,0.0000,0.0062,0.0000,200,1.1700
0.0462,0.0000,0.0000,0.0000,0.0461,0.0000,200,1.1306
0.0256,0.0000,0.0000,0.0000,0.0254,0.0001,200,1.1517
0.0256,0.0000,0.0000,0.0000,0.0255,0.0000,200,1.1523
0.0370,0.0000,0.0000,0.0000,0.0369,0.0000,200,1.1426
0.0218,0.0000,0.0000,0.0000,0.0217,0.0000,200,1.1578
0.0409,0.0000,0.0000,0.0000,0.0409,0.0000,200,1.1387
0.0078,0.0000,0.0000,0.0000,0.0077,0.0001,200,1.1731
0.0144,0.0000,0.0000,0.0000,0.0143,0.0001,200,1.1674
0.0113,0.0000,0.0000,0.0000,0.0112,0.0001,200,1.1712
0.0085,0.0000,0.0000,0.0000,0.0084,0.0001,200,1.1750
0.0078,0.0000,0.0000,0.0000,0.0077,0.0000,200,1.1767
0.0457,0.0000,0.0000,0.0000,0.0456,0.0001,200,1.1397
0.0658,0.0000,0.0000,0.0000,0.0657,0.0001,200,1.1206
0.0826,0.0000,0.0000,0.0000,0.0826,0.0000,200,1.1048
0.0241,0.0000,0.0000,0.0001,0.0239,0.0001,200,1.1641
0.0257,0.0000,0.0000,0.0001,0.0255,0.0000,200,1.1632
0.0342,0.0000,0.0000,0.0000,0.0342,0.0001,200,1.1571
0.0313,0.0000,0.0000,0.0000,0.0313,0.0000,200,1.1601
0.0061,0.0000,0.0000,0.0002,0.0058,0.0000,200,1.1854
0.0329,0.0000,0.0000,0.0000,0.0328,0.0000,200,1.1588
0.0296,0.0000,0.0000,0.0001,0.0294,0.0001,200,1.1651
0.0116,0.0000,0.0000,0.0000,0.0116,0.0001,200,1.1835
0.0042,0.0000,0.0000,0.0000,0.0041,0.0000,200,1.1917
0.0607,0.0000,0.0000,0.0000,0.0606,0.0000,200,1.1357
0.0254,0.0000,0.0000,0.0001,0.0253,0.0001,200,1.1735
0.0309,0.0000,0.0000,0.0000,0.0308,0.0001,200,1.1681
0.0504,0.0000,0.0000,0.0000,0.0502,0.0001,200,1.1492
0.0241,0.0000,0.0000,0.0000,0.0239,0.0000,200,1.1762
0.0287,0.0000,0.0000,0.0000,0.0286,0.0000,200,1.1717
0.0095,0.0000,0.0000,0.0000,0.0094,0.0000,200,1.1914
0.0059,0.0000,0.0000,0.0000,0.0058,0.0000,200,1.1952
0.0244,0.0000,0.0000,0.0000,0.0242,0.0001,200,1.1773
0.0816,0.0000,0.0000,0.0001,0.0815,0.0000,200,1.1201
0.0107,0.0000,0.0000,0.0000,0.0106,0.0000,200,1.1915
0.0202,0.0000,0.0000,0.0000,0.0201,0.0000,200,1.1825
0.0443,0.0000,0.0000,0.0000,0.0442,0.0000,200,1.1585
0.0386,0.0000,0.0000,0.0000,0.0385,0.0000,200,1.1647
0.1168,0.0000,0.0000,0.0000,0.1167,0.0000,200,1.0870
0.0214,0.0000,0.0000,0.0000,0.0213,0.0001,200,1.1845
0.1017,0.0000,0.0000,0.0000,0.1015,0.0001,200,1.1051
0.0062,0.0000,0.0000,0.0000,0.0061,0.0001,200,1.2011
0.0370,0.0000,0.0000,0.0000,0.0369,0.0000,200,1.1707
0.0442,0.0000,0.0000,0.0000,0.0441,0.0000,200,1.1638
0.0360,0.0000,0.0000,0.0000,0.0359,0.0001,200,1.1727
0.0673,0.0000,0.0000,0.0000,0.0673,0.0000,200,1.1426
0.0415,0.0000,0.0000,0.0000,0.0414,0.0001,200,1.1691
0.0050,0.0000,0.0000,0.0001,0.0048,0.0001,200,1.2060
0.0383,0.0000,0.0000,0.0000,0.0381,0.0001,200,1.1741
0.0703,0.0000,0.0000,0.0000,0.0702,0.0000,200,1.1425
0.0693,0.0000,0.0000,0.0000,0.0692,0.0001,200,1.1442
0.0041,0.0000,0.0000,0.0000,0.0040,0.0001,200,1.2099
0.0146,0.0000,0.0000,0.0000,0.0145,0.0001,200,1.2003
0.0867,0.0000,0.0000,0.0000,0.0865,0.0001,200,1.1297
0.0043,0.0000,0.0000,0.0000,0.0041,0.0001,200,1.2128
0.0295,0.0000,0.0000,0.0001,0.0292,0.0000,200,1.1882
0.0371,0.0000,0.0000,0.0000,0.0370,0.0000,200,1.1809
0.0604,0.0000,0.0000,0.0000,0.0603,0.0001,200,1.1580
0.0069,0.0000,0.0000,0.0000,0.0068,0.0000,200,1.2124
0.0438,0.0000,0.0000,0.0000,0.0436,0.0002,200,1.1762
0.0178,0.0000,0.0000,0.0001,0.0176,0.0001,200,1.2028
0.0208,0.0000,0.0000,0.0000,0.0207,0.0001,200,1.2003
0.0423,0.0000,0.0000,0.0000,0.0422,0.0001,200,1.1797
0.0538,0.0000,0.0000,0.0000,0.0537,0.0001,200,1.1687
0.0369,0.0000,0.0000,0.0001,0.0368,0.0001,200,1.1864
0.0249,0.0000,0.0000,0.0000,0.0249,0.0000,200,1.1990
0.0251,0.0000,0.0000,0.0000,0.0249,0.0001,200,1.1996
0.1119,0.0000,0.0000,0.0000,0.1118,0.0001,200,1.1131
0.0188,0.0000,0.0000,0.0000,0.0187,0.0001,200,1.2068
0.0246,0.0000,0.0000,0.0000,0.0245,0.0000,200,1.2017
0.0119,0.0000,0.0000,0.0000,0.0118,0.0001,200,1.2150
0.0389,0.0000,0.0000,0.0000,0.0388,0.0000,200,1.1888
0.0022,0.0000,0.0000,0.0000,0.0022,0.0000,200,1.2263
0.0836,0.0000,0.0000,0.0000,0.0833,0.0001,200,1.1454
0.0133,0.0000,0.0000,0.0000,0.0133,0.0000,200,1.2164
0.0338,0.0000,0.0000,0.0000,0.0337,0.0001,200,1.1964
0.0980,0.0000,0.0000,0.0000,0.0979,0.0000,200,1.1329
0.0135,0.0000,0.0000,0.0000,0.0134,0.0001,200,1.2177
0.0247,0.0000,0.0000,0.0000,0.0246,0.0000,200,1.2077
0.0511,0.0000,0.0000,0.0000,0.0510,0.0000,200,1.1819
0.0074,0.0000,0.0000,0.0000,0.0073,0.0000,200,1.2256
0.0320,0.0000,0.0000,0.0000,0.0319,0.0000,200,1.2017
0.0129,0.0000,0.0000,0.0000,0.0128,0.0000,200,1.2211
0.0043,0.0000,0.0000,0.0000,0.0042,0.0001,200,1.2309
0.0330,0.0000,0.0000,0.0000,0.0327,0.0002,200,1.2027
0.0112,0.0000,0.0000,0.0000,0.0111,0.0000,200,1.2250
0.0181,0.0000,0.0000,0.0000,0.0180,0.0001,200,1.2185
0.0034,0.0000,0.0000,0.0000,0.0033,0.0000,200,1.2340
0.0066,0.0000,0.0000,0.0001,0.0064,0.0001,200,1.2311
0.0512,0.0000,0.0000,0.0000,0.0512,0.0001,200,1.1874
0.0279,0.0000,0.0000,0.0000,0.0278,0.0000,200,1.2110
0.0371,0.0000,0.0000,0.0000,0.0370,0.0000,200,1.2021
0.0488,0.0000,0.0000,0.0000,0.0487,0.0001,200,1.1913
0.0103,0.0000,0.0000,0.0000,0.0102,0.0000,200,1.2302
0.0087,0.0000,0.0000,0.0000,0.0086,0.0000,200,1.2330
0.0151,0.0000,0.0000,0.0000,0.0150,0.0001,200,1.2269
0.0628,0.0000,0.0000,0.0000,0.0627,0.0001,200,1.1796
0.0097,0.0000,0.0000,0.0000,0.0097,0.0000,200,1.2329
0.0076,0.0000,0.0000,0.0000,0.0075,0.0000,200,1.2362
0.0368,0.0000,0.0000,0.0000,0.0367,0.0000,200,1.2073
0.0107,0.0000,0.0000,0.0000,0.0106,0.0000,200,1.2337
0.0064,0.0000,0.0000,0.0000,0.0063,0.0000,200,1.2387
0.0663,0.0000,0.0000,0.0000,0.0662,0.0000,200,1.1796
0.0063,0.0000,0.0000,0.0000,0.0062,0.0000,200,1.2401
0.0053,0.0000,0.0000,0.0000,0.0052,0.0000,200,1.2417
0.0229,0.0000,0.0000,0.0000,0.0228,0.0001,200,1.2247
0.0122,0.0000,0.0000,0.0000,0.0121,0.0001,200,1.2366
0.0534,0.0000,0.0000,0.0000,0.0534,0.0000,200,1.1959
0.0510,0.0000,0.0000,0.0000,0.0508,0.0001,200,1.1989
0.0211,0.0000,0.0000,0.0000,0.0210,0.0000,200,1.2297
0.0067,0.0000,0.0000,0.0000,0.0066,0.0000,200,1.2444
0.0334,0.0000,0.0000,0.0000,0.0334,0.0001,200,1.2180
0.0439,0.0000,0.0000,0.0000,0.0438,0.0000,200,1.2080
0.0744,0.0000,0.0000,0.0000,0.0743,0.0000,200,1.1780
0.0057,0.0000,0.0000,0.0000,0.0055,0.0001,200,1.2470
0.0307,0.0000,0.0000,0.0000,0.0306,0.0001,200,1.2225
0.0035,0.0000,0.0000,0.0000,0.0034,0.0001,200,1.2508
0.0975,0.0000,0.0000,0.0001,0.0973,0.0001,200,1.1574
0.0518,0.0000,0.0000,0.0000,0.0517,0.0000,200,1.2033
0.0547,0.0000,0.0000,0.0000,0.0546,0.0000,200,1.2009
0.0126,0.0000,0.0000,0.0000,0.0124,0.0000,200,1.2438
0.0042,0.0000,0.0000,0.0000,0.0041,0.0001,200,1.2527
0.0124,0.0000,0.0000,0.0000,0.0123,0.0001,200,1.2450
0.0548,0.0000,0.0000,0.0000,0.0547,0.0000,200,1.2038
0.0312,0.0000,0.0000,0.0000,0.0311,0.0001,200,1.2277
0.0485,0.0000,0.0000,0.0000,0.0484,0.0000,200,1.2107
0.0046,0.0000,0.0000,0.0000,0.0045,0.0000,200,1.2551
0.0516,0.0000,0.0000,0.0000,0.0515,0.0000,200,1.2086
0.0110,0.0000,0.0000,0.0000,0.0109,0.0001,200,1.2499
0.0408,0.0000,0.0000,0.0000,0.0407,0.0000,200,1.2206
0.0245,0.0000,0.0000,0.0000,0.0244,0.0000,200,1.2374
0.0110,0.0000,0.0000,0.0000,0.0110,0.0000,200,1.2515
0.0273,0.0000,0.0000,0.0000,0.0272,0.0000,200,1.2357
0.0219,0.0000,0.0000,0.0000,0.0218,0.0001,200,1.2421
0.0180,0.0000,0.0000,0.0000,0.0179,0.0000,200,1.2464
0.0327,0.0000,0.0000,0.0000,0.0326,0.0000,200,1.2324
0.0098,0.0000,0.0000,0.0000,0.0097,0.0001,200,1.2556
0.0517,0.0000,0.0000,0.0000,0.0516,0.0001,200,1.2140
0.0237,0.0000,0.0000,0.0000,0.0237,0.0000,200,1.2427
0.0029,0.0000,0.0000,0.0000,0.0028,0.0000,200,1.2644
0.0190,0.0000,0.0000,0.0000,0.0189,0.0001,200,1.2487
0.0290,0.0000,0.0000,0.0000,0.0289,0.0000,200,1.2392
0.0048,0.0000,0.0000,0.0000,0.0047,0.0000,200,1.2640
0.0023,0.0000,0.0000,0.0000,0.0022,0.0000,200,1.2673
0.0274,0.0000,0.0000,0.0000,0.0273,0.0000,200,1.2424
0.0296,0.0000,0.0000,0.0000,0.0296,0.0000,200,1.2405
0.0216,0.0000,0.0000,0.0000,0.0215,0.0000,200,1.2493
0.0111,0.0000,0.0000,0.0000,0.0111,0.0000,200,1.2602
0.0055,0.0000,0.0000,0.0000,0.0054,0.0000,200,1.2664
0.0213,0.0000,0.0000,0.0000,0.0212,0.0000,200,1.2511
0.0048,0.0000,0.0000,0.0000,0.0047,0.0000,200,1.2682
0.0359,0.0000,0.0000,0.0000,0.0358,0.0001,200,1.2377
0.0280,0.0000,0.0000,0.0000,0.0280,0.0000,200,1.2458
0.0136,0.0000,0.0000,0.0001,0.0134,0.0001,200,1.2609
0.0014,0.0000,0.0000,0.0000,0.0013,0.0001,200,1.2739
0.0474,0.0000,0.0000,0.0000,0.0473,0.0000,200,1.2285
0.0067,0.0000,0.0000,0.0000,0.0066,0.0000,200,1.2695
0.0070,0.0000,0.0000,0.0000,0.0069,0.0001,200,1.2698
0.0554,0.0000,0.0000,0.0000,0.0553,0.0001,200,1.2219
0.0613,0.0000,0.0000,0.0000,0.0612,0.0000,200,1.2171
0.0043,0.0000,0.0000,0.0000,0.0042,0.0000,200,1.2745
0.0227,0.0000,0.0000,0.0000,0.0226,0.0001,200,1.2564
0.0661,0.0000,0.0000,0.0000,0.0660,0.0000,200,1.2135
0.0604,0.0000,0.0000,0.0000,0.0603,0.0001,200,1.2201
0.0184,0.0000,0.0000,0.0000,0.0183,0.0000,200,1.2625
0.0245,0.0000,0.0000,0.0000,0.0244,0.0001,200,1.2569
0.0580,0.0000,0.0000,0.0000,0.0580,0.0000,200,1.2239
0.0043,0.0000,0.0000,0.0000,0.0041,0.0002,200,1.2784
0.0317,0.0000,0.0000,0.0000,0.0317,0.0000,200,1.2519
0.0298,0.0000,0.0000,0.0000,0.0297,0.0000,200,1.2543
0.0110,0.0000,0.0000,0.0000,0.0109,0.0000,200,1.2736
0.2123,0.0000,0.0000,0.0000,0.2122,0.0000,200,1.0732
0.0417,0.0000,0.0000,0.0000,0.0416,0.0000,200,1.2441
0.0338,0.0000,0.0000,0.0000,0.0337,0.0001,200,1.2523
0.1404,0.0000,0.0000,0.0000,0.1403,0.0000,200,1.1462
0.0041,0.0000,0.0000,0.0000,0.0040,0.0000,200,1.2827
0.0219,0.0000,0.0000,0.0001,0.0218,0.0000,200,1.2654
0.0045,0.0000,0.0000,0.0000,0.0044,0.0001,200,1.2840
0.0094,0.0000,0.0000,0.0001,0.0093,0.0001,200,1.2791
0.1225,0.0000,0.0000,0.0000,0.1225,0.0000,200,1.1665
0.0031,0.0000,0.0000,0.0000,0.0030,0.0000,200,1.2866
0.0029,0.0000,0.0000,0.0000,0.0028,0.0000,200,1.2868
0.0193,0.0000,0.0000,0.0000,0.0193,0.0000,200,1.2709
0.0618,0.0000,0.0000,0.0000,0.0616,0.0001,200,1.2291
0.0439,0.0000,0.0000,0.0000,0.0438,0.0000,200,1.2476
0.0195,0.0000,0.0000,0.0000,0.0194,0.0000,200,1.2724
0.0051,0.0000,0.0000,0.0000,0.0050,0.0001,200,1.2885
0.0746,0.0000,0.0000,0.0000,0.0746,0.0000,200,1.2192
0.0708,0.0000,0.0000,0.0000,0.0707,0.0001,200,1.2233
0.0331,0.0000,0.0000,0.0000,0.0330,0.0000,200,1.2614
0.0363,0.0000,0.0000,0.0000,0.0362,0.0001,200,1.2586
0.0065,0.0000,0.0000,0.0000,0.0063,0.0001,200,1.2890
0.0103,0.0000,0.0000,0.0000,0.0102,0.0000,200,1.2858
0.0052,0.0000,0.0000,0.0000,0.0052,0.0001,200,1.2915
0.0242,0.0000,0.0000,0.0000,0.0241,0.0001,200,1.2730
0.0210,0.0000,0.0000,0.0000,0.0210,0.0000,200,1.2768
0.0395,0.0000,0.0000,0.0000,0.0394,0.0001,200,1.2589
0.0308,0.0000,0.0000,0.0000,0.0307,0.0000,200,1.2687
0.0097,0.0000,0.0000,0.0000,0.0096,0.0001,200,1.2902
0.0199,0.0000,0.0000,0.0000,0.0198,0.0000,200,1.2805
0.0433,0.0000,0.0000,0.0000,0.0431,0.0001,200,1.2574
0.0253,0.0000,0.0000,0.0000,0.0251,0.0001,200,1.2762
0.0018,0.0000,0.0000,0.0000,0.0017,0.0000,200,1.3003
0.0312,0.0000,0.0000,0.0000,0.0311,0.0000,200,1.2713
0.0380,0.0000,0.0000,0.0000,0.0379,0.0000,200,1.2651
0.0065,0.0000,0.0000,0.0000,0.0064,0.0000,200,1.2972
0.0145,0.0000,0.0000,0.0000,0.0145,0.0001,200,1.2896
0.0296,0.0000,0.0000,0.0000,0.0295,0.0000,200,1.2753
0.0134,0.0000,0.0000,0.0000,0.0131,0.0001,200,1.2919
0.0034,0.0000,0.0000,0.0000,0.0034,0.0000,200,1.3025
0.0389,0.0000,0.0000,0.0000,0.0388,0.0000,200,1.2677
0.0474,0.0000,0.0000,0.0000,0.0473,0.0001,200,1.2597
0.0111,0.0000,0.0000,0.0000,0.0110,0.0000,200,1.2968
0.0071,0.0000,0.0000,0.0000,0.0070,0.0001,200,1.3015
0.0743,0.0000,0.0000,0.0000,0.0742,0.0000,200,1.2352
0.0705,0.0000,0.0000,0.0000,0.0704,0.0000,200,1.2389
0.0206,0.0000,0.0000,0.0000,0.0204,0.0000,200,1.2897
0.0577,0.0000,0.0000,0.0000,0.0577,0.0000,200,1.2533
0.0051,0.0000,0.0000,0.0000,0.0051,0.0001,200,1.3066
0.0235,0.0000,0.0000,0.0000,0.0234,0.0000,200,1.2885
0.0577,0.0000,0.0000,0.0000,0.0576,0.0001,200,1.2548
0.0060,0.0000,0.0000,0.0000,0.0058,0.0001,200,1.3072
0.0434,0.0000,0.0000,0.0000,0.0433,0.0000,200,1.2702
0.0030,0.0000,0.0000,0.0000,0.0029,0.0001,200,1.3120
0.0150,0.0000,0.0000,0.0000,0.0149,0.0001,200,1.3007
0.0127,0.0000,0.0000,0.0000,0.0126,0.0000,200,1.3036
0.0111,0.0000,0.0000,0.0000,0.0110,0.0001,200,1.3059
0.0333,0.0000,0.0000,0.0000,0.0332,0.0001,200,1.2846
0.0187,0.0000,0.0000,0.0000,0.0186,0.0000,200,1.2995
0.0472,0.0000,0.0000,0.0000,0.0470,0.0001,200,1.2719
0.0177,0.0000,0.0000,0.0000,0.0176,0.0000,200,1.3021
0.0337,0.0000,0.0000,0.0000,0.0336,0.0001,200,1.2873
0.0383,0.0000,0.0000,0.0000,0.0382,0.0000,200,1.2836
0.0601,0.0000,0.0000,0.0000,0.0600,0.0001,200,1.2630
0.0252,0.0000,0.0000,0.0000,0.0251,0.0001,200,1.2984
0.0455,0.0000,0.0000,0.0000,0.0454,0.0001,200,1.2788
0.0045,0.0000,0.0000,0.0000,0.0044,0.0000,200,1.3198
0.0071,0.0000,0.0000,0.0000,0.0071,0.0000,200,1.3182
0.0095,0.0000,0.0000,0.0000,0.0094,0.0000,200,1.3163
0.0045,0.0000,0.0000,0.0000,0.0044,0.0001,200,1.3219
0.0169,0.0000,0.0000,0.0000,0.0168,0.0001,200,1.3102
0.0485,0.0000,0.0000,0.0000,0.0484,0.0000,200,1.2796
0.0135,0.0000,0.0000,0.0000,0.0133,0.0001,200,1.3150
0.0099,0.0000,0.0000,0.0000,0.0096,0.0002,200,1.3191
0.0199,0.0000,0.0000,0.0000,0.0198,0.0001,200,1.3095
0.0209,0.0000,0.0000,0.0000,0.0207,0.0002,200,1.3095
0.0309,0.0000,0.0000,0.0000,0.0308,0.0001,200,1.2999
0.0372,0.0000,0.0000,0.0000,0.0371,0.0000,200,1.2948
0.0507,0.0000,0.0000,0.0000,0.0506,0.0000,200,1.2814
0.0198,0.0000,0.0000,0.0000,0.0197,0.0001,200,1.3126
0.0218,0.0000,0.0000,0.0000,0.0216,0.0001,200,1.3110
0.2286,0.0000,0.0000,0.0000,0.2286,0.0000,200,1.1048
0.0474,0.0000,0.0000,0.0000,0.0473,0.0000,200,1.2861
0.0097,0.0000,0.0000,0.0000,0.0096,0.0000,200,1.3243
0.0106,0.0000,0.0000,0.0000,0.0105,0.0000,200,1.3243
0.0143,0.0000,0.0000,0.0000,0.0142,0.0000,200,1.3211
0.0192,0.0000,0.0000,0.0000,0.0191,0.0001,200,1.3171
0.0029,0.0000,0.0000,0.0000,0.0028,0.0000,200,1.3340
0.0039,0.0000,0.0000,0.0000,0.0038,0.0000,200,1.3335
0.0012,0.0000,0.0000,0.0000,0.0011,0.0001,200,1.3369
0.0797,0.0000,0.0000,0.0000,0.0796,0.0001,200,1.2591
0.0486,0.0000,0.0000,0.0000,0.0485,0.0001,200,1.2908
0.0325,0.0000,0.0000,0.0000,0.0324,0.0001,200,1.3079
0.0046,0.0000,0.0000,0.0000,0.0045,0.0000,200,1.3363
0.0255,0.0000,0.0000,0.0002,0.0252,0.0001,200,1.3157
0.1473,0.0000,0.0000,0.0000,0.1472,0.0000,200,1.1947
0.0297,0.0000,0.0000,0.0000,0.0296,0.0000,200,1.3136
0.0134,0.0000,0.0000,0.0000,0.0133,0.0000,200,1.3304
0.0045,0.0000,0.0000,0.0000,0.0045,0.0000,200,1.3395
0.0109,0.0000,0.0000,0.0000,0.0108,0.0001,200,1.3335
0.0364,0.0000,0.0000,0.0000,0.0363,0.0000,200,1.3085
0.0170,0.0000,0.0000,0.0000,0.0166,0.0004,200,1.3290
0.0074,0.0000,0.0000,0.0000,0.0073,0.0000,200,1.3409
0.0050,0.0000,0.0000,0.0000,0.0049,0.0001,200,1.3440
0.0379,0.0000,0.0000,0.0000,0.0377,0.0001,200,1.3118
0.0067,0.0000,0.0000,0.0000,0.0066,0.0000,200,1.3433
0.0276,0.0000,0.0000,0.0000,0.0275,0.0001,200,1.3231
0.0579,0.0000,0.0000,0.0000,0.0578,0.0001,200,1.2936
0.0255,0.0000,0.0000,0.0000,0.0254,0.0000,200,1.3264
0.0155,0.0000,0.0000,0.0000,0.0153,0.0002,200,1.3374
0.0037,0.0000,0.0000,0.0000,0.0036,0.0001,200,1.3496
0.0119,0.0000,0.0000,0.0000,0.0119,0.0000,200,1.3419
0.0085,0.0000,0.0000,0.0000,0.0084,0.0000,200,1.3460
0.0044,0.0000,0.0000,0.0000,0.0043,0.0001,200,1.3507
0.0152,0.0000,0.0000,0.0001,0.0150,0.0000,200,1.3404
0.0078,0.0000,0.0000,0.0000,0.0077,0.0000,200,1.3482
0.0023,0.0000,0.0000,0.0000,0.0022,0.0001,200,1.3545
0.0252,0.0000,0.0000,0.0000,0.0252,0.0000,200,1.3321
0.0638,0.0000,0.0000,0.0000,0.0637,0.0001,200,1.2939
0.0536,0.0000,0.0000,0.0000,0.0535,0.0000,200,1.3049
0.0737,0.0000,0.0000,0.0000,0.0735,0.0000,200,1.2854
0.0644,0.0000,0.0000,0.0000,0.0641,0.0003,200,1.2955
0.0283,0.0000,0.0000,0.0000,0.0283,0.0001,200,1.3321
0.0328,0.0000,0.0000,0.0000,0.0327,0.0000,200,1.3285
0.0027,0.0000,0.0000,0.0000,0.0027,0.0000,200,1.3591
0.0645,0.0000,0.0000,0.0000,0.0645,0.0000,200,1.2978
0.0488,0.0000,0.0000,0.0000,0.0487,0.0001,200,1.3179
0.0133,0.0000,0.0000,0.0000,0.0132,0.0001,200,1.3539
0.0100,0.0000,0.0000,0.0000,0.0099,0.0001,200,1.3577
0.0739,0.0000,0.0000,0.0001,0.0738,0.0000,200,1.2941
0.0101,0.0000,0.0000,0.0000,0.0100,0.0000,200,1.3585
0.0417,0.0000,0.0000,0.0000,0.0416,0.0001,200,1.3272
0.0365,0.0000,0.0000,0.0000,0.0364,0.0001,200,1.3328
0.0092,0.0000,0.0000,0.0000,0.0091,0.0000,200,1.3605
0.0080,0.0000,0.0000,0.0000,0.0079,0.0000,200,1.3619
0.0352,0.0000,0.0000,0.0000,0.0350,0.0001,200,1.3354
0.0214,0.0000,0.0000,0.0000,0.0213,0.0001,200,1.3500
0.1062,0.0000,0.0000,0.0000,0.1061,0.0001,200,1.2657
0.0594,0.0000,0.0000,0.0000,0.0593,0.0000,200,1.3131
0.0174,0.0000,0.0000,0.0000,0.0174,0.0000,200,1.3561
0.0292,0.0000,0.0000,0.0000,0.0291,0.0000,200,1.3449
0.0400,0.0000,0.0000,0.0001,0.0399,0.0000,200,1.3349
0.0246,0.0000,0.0000,0.0000,0.0245,0.0000,200,1.3519
0.1006,0.0000,0.0000,0.0000,0.1006,0.0000,200,1.2759
0.0446,0.0000,0.0000,0.0001,0.0445,0.0001,200,1.3324
0.0087,0.0000,0.0000,0.0000,0.0086,0.0001,200,1.3692
0.0822,0.0000,0.0000,0.0000,0.0821,0.0000,200,1.2961
0.0110,0.0000,0.0000,0.0000,0.0109,0.0001,200,1.3680
0.0019,0.0000,0.0000,0.0000,0.0018,0.0001,200,1.3779
0.0270,0.0000,0.0000,0.0000,0.0269,0.0000,200,1.3534
0.0529,0.0000,0.0000,0.0000,0.0529,0.0001,200,1.3280
0.0048,0.0000,0.0000,0.0000,0.0047,0.0000,200,1.3770
0.0107,0.0000,0.0000,0.0001,0.0105,0.0001,200,1.3719
0.0401,0.0000,0.0000,0.0000,0.0400,0.0001,200,1.3438
0.0179,0.0000,0.0000,0.0000,0.0178,0.0000,200,1.3667
0.0241,0.0000,0.0000,0.0000,0.0240,0.0001,200,1.3613
0.0043,0.0000,0.0000,0.0000,0.0042,0.0000,200,1.3819
0.0457,0.0000,0.0000,0.0000,0.0456,0.0001,200,1.3412
0.0074,0.0000,0.0000,0.0000,0.0073,0.0000,200,1.3803
0.0030,0.0000,0.0000,0.0001,0.0027,0.0001,200,1.3854
0.0339,0.0000,0.0000,0.0000,0.0338,0.0000,200,1.3551
0.0297,0.0000,0.0000,0.0000,0.0296,0.0000,200,1.3599
0.0389,0.0000,0.0000,0.0000,0.0388,0.0001,200,1.3515
0.0213,0.0000,0.0000,0.0000,0.0212,0.0000,200,1.3699
0.0119,0.0000,0.0000,0.0000,0.0118,0.0001,200,1.3798
0.0252,0.0000,0.0000,0.0000,0.0251,0.0001,200,1.3671
0.1123,0.0000,0.0000,0.0000,0.1122,0.0001,200,1.2809
0.0155,0.0000,0.0000,0.0000,0.0154,0.0001,200,1.3783
0.0903,0.0000,0.0000,0.0001,0.0901,0.0001,200,1.3042
0.0106,0.0000,0.0000,0.0000,0.0105,0.0001,200,1.3845
0.0569,0.0000,0.0000,0.0000,0.0568,0.0001,200,1.3389
0.0068,0.0000,0.0000,0.0000,0.0067,0.0001,200,1.3896
0.0349,0.0000,0.0000,0.0000,0.0348,0.0001,200,1.3623
0.0167,0.0000,0.0000,0.0001,0.0166,0.0000,200,1.3810
0.0248,0.0000,0.0000,0.0000,0.0247,0.0001,200,1.3735
0.0042,0.0000,0.0000,0.0000,0.0041,0.0000,200,1.3945
0.0202,0.0000,0.0000,0.0001,0.0201,0.0001,200,1.3791
0.1179,0.0000,0.0000,0.0000,0.1179,0.0000,200,1.2819
0.0430,0.0000,0.0000,0.0000,0.0429,0.0001,200,1.3573
0.0441,0.0000,0.0000,0.0000,0.0440,0.0000,200,1.3567
0.0136,0.0000,0.0000,0.0000,0.0135,0.0000,200,1.3877
0.0028,0.0000,0.0000,0.0001,0.0027,0.0001,200,1.3993
0.0470,0.0000,0.0000,0.0000,0.0469,0.0000,200,1.3556
0.0588,0.0000,0.0000,0.0000,0.0586,0.0001,200,1.3444
0.0802,0.0000,0.0000,0.0000,0.0801,0.0001,200,1.3236
0.0162,0.0000,0.0000,0.0001,0.0161,0.0000,200,1.3883
0.0133,0.0000,0.0000,0.0000,0.0132,0.0001,200,1.3917
0.0343,0.0000,0.0000,0.0000,0.0342,0.0000,200,1.3714
0.0188,0.0000,0.0000,0.0000,0.0187,0.0000,200,1.3869
0.0124,0.0000,0.0000,0.0000,0.0123,0.0001,200,1.3938
0.0327,0.0000,0.0000,0.0000,0.0326,0.0001,200,1.3741
0.0185,0.0000,0.0000,0.0000,0.0184,0.0001,200,1.3890
0.0049,0.0000,0.0000,0.0000,0.0048,0.0000,200,1.4032
0.0562,0.0000,0.0000,0.0000,0.0561,0.0000,200,1.3529
0.0183,0.0000,0.0000,0.0000,0.0182,0.0001,200,1.3912
0.1327,0.0000,0.0000,0.0000,0.1326,0.0000,200,1.2773
0.0093,0.0000,0.0000,0.0000,0.0092,0.0000,200,1.4013
0.0360,0.0000,0.0000,0.0000,0.0359,0.0000,200,1.3749
0.0349,0.0000,0.0000,0.0000,0.0348,0.0001,200,1.3766
0.0076,0.0000,0.0000,0.0000,0.0076,0.0000,200,1.4045
0.0150,0.0000,0.0000,0.0000,0.0150,0.0000,200,1.3972
0.0075,0.0000,0.0000,0.0000,0.0074,0.0001,200,1.4056
0.0134,0.0000,0.0000,0.0000,0.0134,0.0000,200,1.4003
0.0059,0.0000,0.0000,0.0002,0.0056,0.0001,200,1.4082
0.0305,0.0000,0.0000,0.0000,0.0304,0.0001,200,1.3839
0.0466,0.0000,0.0000,0.0000,0.0465,0.0001,200,1.3686
0.1212,0.0000,0.0000,0.0000,0.1210,0.0002,200,1.2945
0.0026,0.0000,0.0000,0.0001,0.0024,0.0000,200,1.4140
0.0209,0.0000,0.0000,0.0000,0.0208,0.0001,200,1.3964
0.0110,0.0000,0.0000,0.0000,0.0109,0.0001,200,1.4068
0.0280,0.0000,0.0000,0.0000,0.0279,0.0000,200,1.3904
0.0202,0.0000,0.0000,0.0000,0.0201,0.0000,200,1.3983
0.0138,0.0000,0.0000,0.0000,0.0137,0.0000,200,1.4050
0.0486,0.0000,0.0000,0.0000,0.0484,0.0000,200,1.3706
0.0712,0.0000,0.0000,0.0000,0.0711,0.0000,200,1.3490
0.0167,0.0000,0.0000,0.0000,0.0166,0.0000,200,1.4038
0.0444,0.0000,0.0000,0.0000,0.0443,0.0000,200,1.3766
0.0028,0.0000,0.0000,0.0000,0.0028,0.0000,200,1.4188
0.0215,0.0000,0.0000,0.0000,0.0213,0.0001,200,1.4009
0.0055,0.0000,0.0000,0.0001,0.0053,0.0001,200,1.4174
0.0376,0.0000,0.0000,0.0000,0.0375,0.0000,200,1.3862
0.0979,0.0000,0.0000,0.0000,0.0978,0.0001,200,1.3258
0.0260,0.0000,0.0000,0.0000,0.0259,0.0001,200,1.3987
0.0197,0.0000,0.0000,0.0000,0.0195,0.0001,200,1.4056
0.0095,0.0000,0.0000,0.0000,0.0094,0.0000,200,1.4166
0.0114,0.0000,0.0000,0.0000,0.0112,0.0001,200,1.4151
0.0962,0.0000,0.0000,0.0000,0.0961,0.0000,200,1.3309
0.0137,0.0000,0.0000,0.0000,0.0134,0.0003,200,1.4138
0.0593,0.0000,0.0000,0.0000,0.0591,0.0002,200,1.3689
0.0461,0.0000,0.0000,0.0000,0.0460,0.0000,200,1.3826
0.0911,0.0000,0.0000,0.0000,0.0910,0.0000,200,1.3382
0.0091,0.0000,0.0000,0.0000,0.0087,0.0003,200,1.4210
0.0128,0.0000,0.0000,0.0000,0.0127,0.0001,200,1.4178
0.1278,0.0000,0.0000,0.0000,0.1278,0.0000,200,1.3031
0.0196,0.0000,0.0000,0.0000,0.0195,0.0000,200,1.4122
0.0020,0.0000,0.0000,0.0000,0.0019,0.0000,200,1.4301
0.0227,0.0000,0.0000,0.0000,0.0226,0.0000,200,1.4100
0.1279,0.0000,0.0000,0.0000,0.1278,0.0001,200,1.3053
0.0052,0.0000,0.0000,0.0000,0.0050,0.0002,200,1.4287
0.0042,0.0000,0.0000,0.0000,0.0042,0.0000,200,1.4307
0.0162,0.0000,0.0000,0.0000,0.0161,0.0001,200,1.4191
0.0046,0.0000,0.0000,0.0000,0.0045,0.0000,200,1.4318
0.0048,0.0000,0.0000,0.0002,0.0044,0.0001,200,1.4339
0.0255,0.0000,0.0000,0.0000,0.0255,0.0000,200,1.4131
0.1768,0.0000,0.0000,0.0000,0.1768,0.0000,200,1.2619
0.0232,0.0000,0.0000,0.0000,0.0231,0.0000,200,1.4157
0.0137,0.0000,0.0000,0.0000,0.0136,0.0000,200,1.4253
0.0693,0.0000,0.0000,0.0000,0.0692,0.0000,200,1.3697
0.0251,0.0000,0.0000,0.0001,0.0246,0.0004,200,1.4144
0.0095,0.0000,0.0000,0.0000,0.0094,0.0000,200,1.4309
0.0177,0.0000,0.0000,0.0000,0.0176,0.0001,200,1.4237
0.0359,0.0000,0.0000,0.0000,0.0358,0.0000,200,1.4062
0.0152,0.0000,0.0000,0.0001,0.0151,0.0000,200,1.4275
0.0026,0.0000,0.0000,0.0000,0.0025,0.0000,200,1.4404
0.0114,0.0000,0.0000,0.0000,0.0113,0.0001,200,1.4326
0.0100,0.0000,0.0000,0.0000,0.0099,0.0000,200,1.4349
0.0256,0.0000,0.0000,0.0000,0.0255,0.0001,200,1.4202
0.0053,0.0000,0.0000,0.0000,0.0053,0.0001,200,1.4421
0.0360,0.0000,0.0000,0.0000,0.0359,0.0000,200,1.4122
0.0416,0.0000,0.0000,0.0000,0.0415,0.0000,200,1.4075
0.0058,0.0000,0.0000,0.0000,0.0057,0.0001,200,1.4440
0.0394,0.0000,0.0000,0.0000,0.0393,0.0000,200,1.4109
0.0513,0.0000,0.0000,0.0000,0.0512,0.0001,200,1.3999
0.0268,0.0000,0.0000,0.0000,0.0266,0.0000,200,1.4247
0.0139,0.0000,0.0000,0.0000,0.0128,0.0001,200,1.4387
0.0177,0.0000,0.0000,0.0000,0.0176,0.0000,200,1.4353
0.0100,0.0000,0.0000,0.0000,0.0099,0.0000,200,1.4431
0.0315,0.0000,0.0000,0.0000,0.0314,0.0000,200,1.4224
0.1302,0.0000,0.0000,0.0000,0.1301,0.0001,200,1.3254
0.0268,0.0000,0.0000,0.0000,0.0266,0.0001,200,1.4292
0.0380,0.0000,0.0000,0.0000,0.0379,0.0000,200,1.4185
0.0206,0.0000,0.0000,0.0000,0.0205,0.0001,200,1.4364
0.0241,0.0000,0.0000,0.0000,0.0240,0.0000,200,1.4332
0.0313,0.0000,0.0000,0.0000,0.0311,0.0001,200,1.4265
0.0495,0.0000,0.0000,0.0000,0.0495,0.0000,200,1.4091
0.0271,0.0000,0.0000,0.0000,0.0270,0.0000,200,1.4321
0.0072,0.0000,0.0000,0.0000,0.0071,0.0001,200,1.4526
0.0042,0.0000,0.0000,0.0000,0.0041,0.0000,200,1.4560
0.0347,0.0000,0.0000,0.0000,0.0346,0.0000,200,1.4260
0.0048,0.0000,0.0000,0.0000,0.0047,0.0001,200,1.4565
0.0082,0.0000,0.0000,0.0000,0.0081,0.0001,200,1.4538
0.0532,0.0000,0.0000,0.0000,0.0530,0.0001,200,1.4095
0.0616,0.0000,0.0000,0.0000,0.0615,0.0001,200,1.4021
0.0087,0.0000,0.0000,0.0000,0.0086,0.0001,200,1.4555
0.0259,0.0000,0.0000,0.0000,0.0258,0.0001,200,1.4388
0.0197,0.0000,0.0000,0.0000,0.0196,0.0000,200,1.4458
0.0555,0.0000,0.0000,0.0000,0.0555,0.0000,200,1.4106
0.0066,0.0000,0.0000,0.0000,0.0065,0.0001,200,1.4602
0.0095,0.0000,0.0000,0.0000,0.0094,0.0001,200,1.4578
0.0567,0.0000,0.0000,0.0000,0.0566,0.0001,200,1.4115
0.0298,0.0000,0.0000,0.0000,0.0297,0.0001,200,1.4389
0.0109,0.0000,0.0000,0.0000,0.0108,0.0001,200,1.4586
0.0418,0.0000,0.0000,0.0000,0.0418,0.0000,200,1.4282
0.0469,0.0000,0.0000,0.0000,0.0469,0.0000,200,1.4237
0.0258,0.0000,0.0000,0.0000,0.0257,0.0000,200,1.4449
0.1040,0.0000,0.0000,0.0000,0.1038,0.0001,200,1.3677
0.0013,0.0000,0.0000,0.0000,0.0012,0.0001,200,1.4707
0.0539,0.0000,0.0000,0.0000,0.0537,0.0001,200,1.4205
0.0138,0.0000,0.0000,0.0000,0.0137,0.0001,200,1.4613
0.1031,0.0000,0.0000,0.0000,0.1030,0.0000,200,1.3725
0.0088,0.0000,0.0000,0.0000,0.0086,0.0001,200,1.4673
0.0155,0.0000,0.0000,0.0000,0.0154,0.0000,200,1.4607
0.0253,0.0000,0.0000,0.0000,0.0251,0.0001,200,1.4512
0.0238,0.0000,0.0000,0.0000,0.0237,0.0000,200,1.4531
0.0301,0.0000,0.0000,0.0001,0.0300,0.0001,200,1.4474
0.0824,0.0000,0.0000,0.0000,0.0823,0.0001,200,1.3958
0.0605,0.0000,0.0000,0.0000,0.0603,0.0001,200,1.4184
0.0148,0.0000,0.0000,0.0000,0.0147,0.0001,200,1.4647
0.0111,0.0000,0.0000,0.0000,0.0110,0.0001,200,1.4695
0.0185,0.0000,0.0000,0.0001,0.0183,0.0001,200,1.4626
0.0226,0.0000,0.0000,0.0000,0.0225,0.0000,200,1.4592
0.0553,0.0000,0.0000,0.0000,0.0552,0.0001,200,1.4271
0.0341,0.0000,0.0000,0.0000,0.0340,0.0000,200,1.4491
0.0174,0.0000,0.0000,0.0000,0.0172,0.0002,200,1.4661
0.0268,0.0000,0.0000,0.0000,0.0268,0.0001,200,1.4573
0.0460,0.0000,0.0000,0.0000,0.0457,0.0000,200,1.4387
0.0470,0.0000,0.0000,0.0000,0.0469,0.0000,200,1.4390
0.1569,0.0000,0.0000,0.0000,0.1568,0.0000,200,1.3294
0.0102,0.0000,0.0000,0.0000,0.0101,0.0001,200,1.4765
0.0358,0.0000,0.0000,0.0000,0.0357,0.0001,200,1.4516
0.0154,0.0000,0.0000,0.0000,0.0152,0.0001,200,1.4720
0.0074,0.0000,0.0000,0.0000,0.0073,0.0000,200,1.4806
0.0389,0.0000,0.0000,0.0000,0.0388,0.0000,200,1.4498
0.0662,0.0000,0.0000,0.0000,0.0661,0.0001,200,1.4228
0.0136,0.0000,0.0000,0.0000,0.0135,0.0001,200,1.4762
0.0500,0.0000,0.0000,0.0000,0.0499,0.0001,200,1.4427
0.0244,0.0000,0.0000,0.0000,0.0243,0.0000,200,1.4687
0.0280,0.0000,0.0000,0.0000,0.0279,0.0001,200,1.4655
0.1006,0.0000,0.0000,0.0000,0.1005,0.0000,200,1.3932
0.0459,0.0000,0.0000,0.0000,0.0456,0.0001,200,1.4482
0.0053,0.0000,0.0000,0.0000,0.0053,0.0001,200,1.4890
0.0074,0.0000,0.0000,0.0000,0.0073,0.0001,200,1.4873
0.0132,0.0000,0.0000,0.0001,0.0130,0.0001,200,1.4818
0.0237,0.0000,0.0000,0.0001,0.0236,0.0000,200,1.4717
0.0091,0.0000,0.0000,0.0000,0.0090,0.0000,200,1.4867
0.0204,0.0000,0.0000,0.0000,0.0203,0.0001,200,1.4756
0.0182,0.0000,0.0000,0.0001,0.0180,0.0001,200,1.4782
0.0142,0.0000,0.0000,0.0000,0.0141,0.0000,200,1.4824
0.0581,0.0000,0.0000,0.0000,0.0580,0.0001,200,1.4389
0.0105,0.0000,0.0000,0.0000,0.0103,0.0001,200,1.4873
0.0389,0.0000,0.0000,0.0000,0.0388,0.0000,200,1.4598
0.0248,0.0000,0.0000,0.0000,0.0247,0.0001,200,1.4744
0.0604,0.0000,0.0000,0.0000,0.0604,0.0000,200,1.4395
0.0146,0.0000,0.0000,0.0000,0.0145,0.0000,200,1.4859
0.0019,0.0000,0.0000,0.0000,0.0018,0.0000,200,1.4992
0.0991,0.0000,0.0000,0.0000,0.0991,0.0000,200,1.4025
0.0316,0.0000,0.0000,0.0000,0.0315,0.0000,200,1.4707
0.0084,0.0000,0.0000,0.0000,0.0083,0.0001,200,1.4944
0.0080,0.0000,0.0000,0.0000,0.0079,0.0000,200,1.4954
0.0471,0.0000,0.0000,0.0001,0.0470,0.0001,200,1.4570
0.0216,0.0000,0.0000,0.0000,0.0215,0.0001,200,1.4832
0.0117,0.0000,0.0000,0.0001,0.0116,0.0001,200,1.4941
0.0381,0.0000,0.0000,0.0000,0.0380,0.0001,200,1.4682
0.0107,0.0000,0.0000,0.0000,0.0106,0.0001,200,1.4966
0.1125,0.0000,0.0000,0.0000,0.1124,0.0000,200,1.3952
0.0049,0.0000,0.0000,0.0000,0.0048,0.0001,200,1.5034
0.0872,0.0000,0.0000,0.0000,0.0871,0.0000,200,1.4216
0.0309,0.0000,0.0000,0.0000,0.0308,0.0000,200,1.4788
0.0458,0.0000,0.0000,0.0000,0.0455,0.0001,200,1.4642
0.0267,0.0000,0.0000,0.0000,0.0266,0.0000,200,1.4841
0.0347,0.0000,0.0000,0.0000,0.0345,0.0001,200,1.4768
0.0272,0.0000,0.0000,0.0000,0.0271,0.0001,200,1.4846
0.0152,0.0000,0.0000,0.0001,0.0151,0.0001,200,1.4970
0.0056,0.0000,0.0000,0.0000,0.0055,0.0000,200,1.5073
0.0467,0.0000,0.0000,0.0000,0.0465,0.0001,200,1.4668
0.0129,0.0000,0.0000,0.0000,0.0129,0.0001,200,1.5011
0.0216,0.0000,0.0000,0.0000,0.0215,0.0000,200,1.4931
0.1180,0.0000,0.0000,0.0000,0.1180,0.0000,200,1.3977
0.0184,0.0000,0.0000,0.0000,0.0183,0.0001,200,1.4978
0.0305,0.0000,0.0000,0.0000,0.0305,0.0000,200,1.4863
0.0008,0.0000,0.0000,0.0000,0.0007,0.0001,200,1.5168
0.0419,0.0000,0.0000,0.0000,0.0418,0.0000,200,1.4761
0.0241,0.0000,0.0000,0.0000,0.0240,0.0001,200,1.4948
0.0130,0.0000,0.0000,0.0000,0.0129,0.0000,200,1.5058
0.0363,0.0000,0.0000,0.0000,0.0362,0.0000,200,1.4836
0.0046,0.0000,0.0000,0.0000,0.0045,0.0000,200,1.5157
0.0146,0.0000,0.0000,0.0000,0.0145,0.0000,200,1.5064
0.0202,0.0000,0.0000,0.0000,0.0201,0.0000,200,1.5017
0.0324,0.0000,0.0000,0.0000,0.0323,0.0001,200,1.4898
0.0415,0.0000,0.0000,0.0000,0.0414,0.0000,200,1.4811
0.0097,0.0000,0.0000,0.0000,0.0096,0.0001,200,1.5135
0.0239,0.0000,0.0000,0.0000,0.0238,0.0001,200,1.4999
0.0122,0.0000,0.0000,0.0000,0.0121,0.0000,200,1.5122
0.0061,0.0000,0.0000,0.0000,0.0060,0.0001,200,1.5188
0.0317,0.0000,0.0000,0.0000,0.0317,0.0000,200,1.4938
0.0150,0.0000,0.0000,0.0000,0.0149,0.0001,200,1.5109
0.0736,0.0000,0.0000,0.0000,0.0735,0.0000,200,1.4531
0.0112,0.0000,0.0000,0.0000,0.0109,0.0002,200,1.5188
0.0191,0.0000,0.0000,0.0000,0.0190,0.0001,200,1.5118
0.0540,0.0000,0.0000,0.0000,0.0539,0.0001,200,1.4775
0.0369,0.0000,0.0000,0.0000,0.0368,0.0000,200,1.4950
0.0078,0.0000,0.0000,0.0000,0.0076,0.0001,200,1.5249
0.0252,0.0000,0.0000,0.0000,0.0251,0.0001,200,1.5083
0.0335,0.0000,0.0000,0.0000,0.0334,0.0001,200,1.5006
0.0110,0.0000,0.0000,0.0000,0.0109,0.0000,200,1.5238
0.0028,0.0000,0.0000,0.0000,0.0025,0.0001,200,1.5327
0.0221,0.0000,0.0000,0.0000,0.0220,0.0000,200,1.5141
0.0279,0.0000,0.0000,0.0000,0.0276,0.0002,200,1.5088
0.0276,0.0000,0.0000,0.0000,0.0275,0.0001,200,1.5100
0.0203,0.0000,0.0000,0.0000,0.0201,0.0001,200,1.5180
0.0194,0.0000,0.0000,0.0000,0.0193,0.0000,200,1.5199
0.0221,0.0000,0.0000,0.0000,0.0219,0.0001,200,1.5176
0.0607,0.0000,0.0000,0.0000,0.0606,0.0001,200,1.4795
0.0712,0.0000,0.0000,0.0000,0.0710,0.0003,200,1.4700
0.0162,0.0000,0.0000,0.0000,0.0161,0.0000,200,1.5255
0.1007,0.0000,0.0000,0.0000,0.1005,0.0000,200,1.4414
0.0403,0.0000,0.0000,0.0000,0.0402,0.0000,200,1.5028
0.0477,0.0000,0.0000,0.0001,0.0476,0.0001,200,1.4964
0.0944,0.0000,0.0000,0.0000,0.0943,0.0000,200,1.4503
0.0291,0.0000,0.0000,0.0001,0.0290,0.0001,200,1.5162
0.0492,0.0000,0.0000,0.0000,0.0491,0.0001,200,1.4987
0.0281,0.0000,0.0000,0.0000,0.0280,0.0000,200,1.5210
0.0085,0.0000,0.0000,0.0000,0.0084,0.0001,200,1.5413
0.0194,0.0000,0.0000,0.0000,0.0193,0.0000,200,1.5315
0.0308,0.0000,0.0000,0.0000,0.0307,0.0000,200,1.5218
0.0591,0.0000,0.0000,0.0000,0.0590,0.0000,200,1.4935
0.0430,0.0000,0.0000,0.0000,0.0429,0.0000,200,1.5097
0.0091,0.0000,0.0000,0.0000,0.0090,0.0001,200,1.5454
0.0678,0.0000,0.0000,0.0000,0.0677,0.0001,200,1.4880
0.0514,0.0000,0.0000,0.0000,0.0513,0.0001,200,1.5048
0.0953,0.0000,0.0000,0.0000,0.0952,0.0000,200,1.4621
0.0556,0.0000,0.0000,0.0000,0.0556,0.0000,200,1.5022
0.0633,0.0000,0.0000,0.0000,0.0632,0.0001,200,1.4958
0.0196,0.0000,0.0000,0.0001,0.0194,0.0000,200,1.5402
0.0369,0.0000,0.0000,0.0000,0.0368,0.0000,200,1.5232
0.0215,0.0000,0.0000,0.0000,0.0214,0.0001,200,1.5393
0.0110,0.0000,0.0000,0.0000,0.0109,0.0001,200,1.5526
0.0383,0.0000,0.0000,0.0001,0.0367,0.0000,200,1.5267
0.0503,0.0000,0.0000,0.0000,0.0503,0.0000,200,1.5147
0.0255,0.0000,0.0000,0.0000,0.0253,0.0000,200,1.5397
0.0162,0.0000,0.0000,0.0000,0.0162,0.0000,200,1.5490
0.0051,0.0000,0.0000,0.0000,0.0051,0.0000,200,1.5601
0.0145,0.0000,0.0000,0.0000,0.0144,0.0000,200,1.5509
0.0207,0.0000,0.0000,0.0000,0.0206,0.0001,200,1.5446
0.0234,0.0000,0.0000,0.0000,0.0233,0.0000,200,1.5421
0.0097,0.0000,0.0000,0.0000,0.0096,0.0000,200,1.5558
0.0093,0.0000,0.0000,0.0000,0.0092,0.0000,200,1.5562
0.0157,0.0000,0.0000,0.0000,0.0157,0.0000,200,1.5498
0.0177,0.0000,0.0000,0.0001,0.0176,0.0000,200,1.5479
0.0239,0.0000,0.0000,0.0000,0.0232,0.0006,200,1.5417
0.1740,0.0000,0.0000,0.0000,0.1739,0.0001,200,1.3924
0.0337,0.0000,0.0000,0.0000,0.0336,0.0000,200,1.5335
0.0475,0.0000,0.0000,0.0000,0.0474,0.0001,200,1.5203
0.0015,0.0000,0.0000,0.0000,0.0014,0.0000,200,1.5664
0.0245,0.0000,0.0000,0.0000,0.0244,0.0000,200,1.5441
0.0338,0.0000,0.0000,0.0000,0.0336,0.0001,200,1.5355
0.0329,0.0000,0.0000,0.0000,0.0328,0.0001,200,1.5367
0.0052,0.0000,0.0000,0.0000,0.0051,0.0001,200,1.5653
0.0030,0.0000,0.0000,0.0000,0.0029,0.0000,200,1.5678
0.0831,0.0000,0.0000,0.0000,0.0830,0.0001,200,1.4887
0.0606,0.0000,0.0000,0.0000,0.0605,0.0001,200,1.5115
0.0155,0.0000,0.0000,0.0000,0.0154,0.0001,200,1.5573
0.0415,0.0000,0.0000,0.0000,0.0414,0.0001,200,1.5320
0.0132,0.0000,0.0000,0.0000,0.0131,0.0001,200,1.5608
0.0092,0.0000,0.0000,0.0000,0.0091,0.0000,200,1.5653
0.0373,0.0000,0.0000,0.0000,0.0371,0.0000,200,1.5383
0.0105,0.0000,0.0000,0.0000,0.0104,0.0000,200,1.5655
0.0071,0.0000,0.0000,0.0000,0.0070,0.0000,200,1.5693
0.0525,0.0000,0.0000,0.0000,0.0523,0.0001,200,1.5244
0.0118,0.0000,0.0000,0.0001,0.0117,0.0000,200,1.5656
0.0125,0.0000,0.0000,0.0000,0.0124,0.0001,200,1.5656
0.0136,0.0000,0.0000,0.0000,0.0135,0.0001,200,1.5654
0.0074,0.0000,0.0000,0.0001,0.0073,0.0000,200,1.5721
0.0038,0.0000,0.0000,0.0000,0.0038,0.0000,200,1.5764
0.0078,0.0000,0.0000,0.0000,0.0078,0.0000,200,1.5729
0.0157,0.0000,0.0000,0.0000,0.0156,0.0001,200,1.5655
0.0085,0.0000,0.0000,0.0000,0.0084,0.0000,200,1.5734
0.0119,0.0000,0.0000,0.0000,0.0118,0.0001,200,1.5708
0.1079,0.0000,0.0000,0.0000,0.1079,0.0000,200,1.4752
0.1201,0.0000,0.0000,0.0000,0.1200,0.0001,200,1.4637
0.0544,0.0000,0.0000,0.0000,0.0543,0.0001,200,1.5301
0.0197,0.0000,0.0000,0.0000,0.0197,0.0000,200,1.5653
0.0205,0.0000,0.0000,0.0000,0.0204,0.0001,200,1.5652
0.0166,0.0000,0.0000,0.0000,0.0165,0.0000,200,1.5696
0.0057,0.0000,0.0000,0.0000,0.0056,0.0001,200,1.5811
0.0188,0.0000,0.0000,0.0000,0.0188,0.0000,200,1.5686
0.0332,0.0000,0.0000,0.0000,0.0332,0.0000,200,1.5545
0.0574,0.0000,0.0000,0.0000,0.0573,0.0001,200,1.5309
0.0458,0.0000,0.0000,0.0000,0.0457,0.0000,200,1.5431
0.0093,0.0000,0.0000,0.0000,0.0092,0.0000,200,1.5802
0.0127,0.0000,0.0000,0.0000,0.0126,0.0000,200,1.5774
0.0070,0.0000,0.0000,0.0000,0.0069,0.0000,200,1.5838
0.0068,0.0000,0.0000,0.0000,0.0067,0.0001,200,1.5845
0.0163,0.0000,0.0000,0.0000,0.0162,0.0000,200,1.5756
0.0220,0.0000,0.0000,0.0000,0.0219,0.0000,200,1.5705
0.0414,0.0000,0.0000,0.0000,0.0413,0.0001,200,1.5527
0.1019,0.0000,0.0000,0.0000,0.1018,0.0000,200,1.4927
0.0161,0.0000,0.0000,0.0000,0.0160,0.0000,200,1.5790
0.0304,0.0000,0.0000,0.0000,0.0303,0.0000,200,1.5650
0.0084,0.0000,0.0000,0.0000,0.0083,0.0000,200,1.5874
0.0101,0.0000,0.0000,0.0000,0.0099,0.0001,200,1.5868
0.0934,0.0000,0.0000,0.0000,0.0933,0.0000,200,1.5041
0.0634,0.0000,0.0000,0.0000,0.0633,0.0000,200,1.5348
0.0272,0.0000,0.0000,0.0000,0.0270,0.0001,200,1.5718
0.0361,0.0000,0.0000,0.0000,0.0360,0.0000,200,1.5636
0.0141,0.0000,0.0000,0.0000,0.0140,0.0000,200,1.5857
0.0017,0.0000,0.0000,0.0000,0.0016,0.0001,200,1.5990
0.0200,0.0000,0.0000,0.0000,0.0200,0.0000,200,1.5807
0.0159,0.0000,0.0000,0.0000,0.0158,0.0000,200,1.5851
0.0098,0.0000,0.0000,0.0000,0.0098,0.0000,200,1.5919
0.0110,0.0000,0.0000,0.0000,0.0110,0.0000,200,1.5907
0.0372,0.0000,0.0000,0.0000,0.0371,0.0001,200,1.5651
0.0198,0.0000,0.0000,0.0001,0.0197,0.0000,200,1.5826
0.0139,0.0000,0.0000,0.0000,0.0139,0.0000,200,1.5889
0.0273,0.0000,0.0000,0.0000,0.0272,0.0000,200,1.5760
0.0127,0.0000,0.0000,0.0000,0.0125,0.0002,200,1.5913
0.0092,0.0000,0.0000,0.0000,0.0092,0.0000,200,1.5951
0.0026,0.0000,0.0000,0.0000,0.0026,0.0000,200,1.6018
0.0373,0.0000,0.0000,0.0000,0.0371,0.0001,200,1.5672
0.0460,0.0000,0.0000,0.0000,0.0459,0.0000,200,1.5591
0.0835,0.0000,0.0000,0.0000,0.0831,0.0003,200,1.5222
0.0160,0.0000,0.0000,0.0000,0.0159,0.0000,200,1.5901
0.0019,0.0000,0.0000,0.0000,0.0018,0.0000,200,1.6043
0.0021,0.0000,0.0000,0.0000,0.0020,0.0000,200,1.6044
0.0068,0.0000,0.0000,0.0000,0.0068,0.0000,200,1.5997
0.0193,0.0000,0.0000,0.0000,0.0192,0.0001,200,1.5877
0.0010,0.0000,0.0000,0.0000,0.0009,0.0001,200,1.6065
0.0110,0.0000,0.0000,0.0000,0.0109,0.0000,200,1.5969
0.0057,0.0000,0.0000,0.0000,0.0056,0.0001,200,1.6028
0.0149,0.0000,0.0000,0.0000,0.0148,0.0000,200,1.5941
0.0073,0.0000,0.0000,0.0000,0.0071,0.0001,200,1.6022
0.0144,0.0000,0.0000,0.0000,0.0143,0.0001,200,1.5954
0.0102,0.0000,0.0000,0.0000,0.0101,0.0000,200,1.5997
0.0844,0.0000,0.0000,0.0000,0.0843,0.0000,200,1.5259
0.0052,0.0000,0.0000,0.0000,0.0050,0.0001,200,1.6052
0.0191,0.0000,0.0000,0.0000,0.0191,0.0000,200,1.5925
0.0519,0.0000,0.0000,0.0000,0.0518,0.0000,200,1.5598
0.0591,0.0000,0.0000,0.0000,0.0590,0.0000,200,1.5526
0.0171,0.0000,0.0000,0.0000,0.0171,0.0000,200,1.5946
0.0109,0.0000,0.0000,0.0000,0.0108,0.0001,200,1.6010
0.0996,0.0000,0.0000,0.0000,0.0995,0.0001,200,1.5129
0.0335,0.0000,0.0000,0.0000,0.0335,0.0000,200,1.5796
0.0129,0.0000,0.0000,0.0000,0.0128,0.0000,200,1.6007
0.0036,0.0000,0.0000,0.0000,0.0035,0.0001,200,1.6103
0.0396,0.0000,0.0000,0.0000,0.0395,0.0000,200,1.5745
0.0049,0.0000,0.0000,0.0000,0.0048,0.0000,200,1.6095
0.1189,0.0000,0.0000,0.0000,0.1188,0.0000,200,1.4960
0.0816,0.0000,0.0000,0.0000,0.0813,0.0002,200,1.5341
0.0095,0.0000,0.0000,0.0000,0.0094,0.0000,200,1.6065
0.0060,0.0000,0.0000,0.0000,0.0059,0.0000,200,1.6103
0.0274,0.0000,0.0000,0.0000,0.0273,0.0000,200,1.5895
0.0056,0.0000,0.0000,0.0000,0.0056,0.0000,200,1.6116
0.0526,0.0000,0.0000,0.0000,0.0526,0.0000,200,1.5655
0.0959,0.0000,0.0000,0.0000,0.0957,0.0001,200,1.5226
0.0015,0.0000,0.0000,0.0000,0.0014,0.0000,200,1.6173
0.0035,0.0000,0.0000,0.0000,0.0034,0.0001,200,1.6157
0.0413,0.0000,0.0000,0.0000,0.0412,0.0001,200,1.5781
0.0081,0.0000,0.0000,0.0000,0.0080,0.0000,200,1.6119
0.0010,0.0000,0.0000,0.0000,0.0009,0.0000,200,1.6191
0.0025,0.0000,0.0000,0.0000,0.0024,0.0000,200,1.6182
0.0079,0.0000,0.0000,0.0000,0.0078,0.0001,200,1.6131
0.0116,0.0000,0.0000,0.0000,0.0115,0.0001,200,1.6099
0.0240,0.0000,0.0000,0.0000,0.0239,0.0000,200,1.5982
0.0039,0.0000,0.0000,0.0000,0.0038,0.0000,200,1.6185
0.0061,0.0000,0.0000,0.0000,0.0060,0.0000,200,1.6163
0.0035,0.0000,0.0000,0.0000,0.0033,0.0001,200,1.6199
0.0066,0.0000,0.0000,0.0000,0.0066,0.0000,200,1.6169
0.0088,0.0000,0.0000,0.0000,0.0087,0.0000,200,1.6149
0.0099,0.0000,0.0000,0.0000,0.0098,0.0000,200,1.6144
0.0173,0.0000,0.0000,0.0000,0.0172,0.0000,200,1.6070
0.0217,0.0000,0.0000,0.0000,0.0216,0.0001,200,1.6033
0.0423,0.0000,0.0000,0.0000,0.0422,0.0000,200,1.5831
0.0196,0.0000,0.0000,0.0000,0.0196,0.0000,200,1.6061
0.1186,0.0000,0.0000,0.0000,0.1185,0.0001,200,1.5077
0.0305,0.0000,0.0000,0.0000,0.0304,0.0000,200,1.5958
0.0026,0.0000,0.0000,0.0002,0.0023,0.0000,200,1.6243
0.0193,0.0000,0.0000,0.0000,0.0192,0.0000,200,1.6085
0.0039,0.0000,0.0000,0.0000,0.0039,0.0000,200,1.6243
0.0091,0.0000,0.0000,0.0001,0.0090,0.0000,200,1.6194
0.0064,0.0000,0.0000,0.0000,0.0063,0.0001,200,1.6224
0.0020,0.0000,0.0000,0.0000,0.0019,0.0000,200,1.6278
0.0076,0.0000,0.0000,0.0000,0.0075,0.0000,200,1.6222
0.0158,0.0000,0.0000,0.0000,0.0157,0.0000,200,1.6141
0.0722,0.0000,0.0000,0.0000,0.0721,0.0000,200,1.5579
0.0482,0.0000,0.0000,0.0000,0.0479,0.0003,200,1.5819
0.0092,0.0000,0.0000,0.0001,0.0091,0.0000,200,1.6210
0.0328,0.0000,0.0000,0.0000,0.0327,0.0000,200,1.5975
0.0633,0.0000,0.0000,0.0000,0.0631,0.0001,200,1.5678
0.0110,0.0000,0.0000,0.0000,0.0109,0.0000,200,1.6201
0.0271,0.0000,0.0000,0.0000,0.0270,0.0000,200,1.6045
0.0064,0.0000,0.0000,0.0001,0.0062,0.0000,200,1.6258
0.0058,0.0000,0.0000,0.0000,0.0057,0.0000,200,1.6263
0.0117,0.0000,0.0000,0.0000,0.0116,0.0000,200,1.6207
0.0310,0.0000,0.0000,0.0000,0.0309,0.0001,200,1.6017
0.0216,0.0000,0.0000,0.0000,0.0215,0.0000,200,1.6116
0.0128,0.0000,0.0000,0.0000,0.0127,0.0000,200,1.6215
0.0481,0.0000,0.0000,0.0000,0.0481,0.0000,200,1.5862
0.0041,0.0000,0.0000,0.0000,0.0040,0.0000,200,1.6303
0.0090,0.0000,0.0000,0.0000,0.0089,0.0000,200,1.6254
0.0466,0.0000,0.0000,0.0000,0.0464,0.0001,200,1.5883
0.0069,0.0000,0.0000,0.0000,0.0068,0.0000,200,1.6282
0.0054,0.0000,0.0000,0.0000,0.0053,0.0000,200,1.6298
0.0066,0.0000,0.0000,0.0000,0.0066,0.0000,200,1.6288
0.0045,0.0000,0.0000,0.0000,0.0044,0.0000,200,1.6311
0.0226,0.0000,0.0000,0.0000,0.0225,0.0000,200,1.6140
0.0039,0.0000,0.0000,0.0003,0.0035,0.0000,200,1.6327
0.0713,0.0000,0.0000,0.0000,0.0711,0.0000,200,1.5652
0.0240,0.0000,0.0000,0.0000,0.0239,0.0000,200,1.6135
0.0119,0.0000,0.0000,0.0000,0.0118,0.0000,200,1.6263
0.0285,0.0000,0.0000,0.0000,0.0284,0.0000,200,1.6098
0.0040,0.0000,0.0000,0.0000,0.0040,0.0000,200,1.6342
0.0311,0.0000,0.0000,0.0000,0.0310,0.0001,200,1.6079
0.0031,0.0000,0.0000,0.0000,0.0029,0.0000,200,1.6365
0.0074,0.0000,0.0000,0.0000,0.0073,0.0001,200,1.6323
0.0131,0.0000,0.0000,0.0000,0.0131,0.0000,200,1.6269
0.0071,0.0000,0.0000,0.0000,0.0070,0.0001,200,1.6332
0.0640,0.0000,0.0000,0.0000,0.0640,0.0000,200,1.5769
0.0072,0.0000,0.0000,0.0000,0.0071,0.0000,200,1.6344
0.0033,0.0000,0.0000,0.0000,0.0030,0.0002,200,1.6383
0.0198,0.0000,0.0000,0.0000,0.0197,0.0001,200,1.6224
0.0080,0.0000,0.0000,0.0000,0.0079,0.0000,200,1.6343
0.0012,0.0000,0.0000,0.0000,0.0010,0.0002,200,1.6416
0.0315,0.0000,0.0000,0.0000,0.0314,0.0001,200,1.6117
0.0083,0.0000,0.0000,0.0000,0.0081,0.0000,200,1.6354
0.0205,0.0000,0.0000,0.0000,0.0203,0.0001,200,1.6235
0.1080,0.0000,0.0000,0.0000,0.1079,0.0000,200,1.5361
0.0387,0.0000,0.0000,0.0000,0.0387,0.0000,200,1.6062
0.0101,0.0000,0.0000,0.0000,0.0100,0.0000,200,1.6352
0.0062,0.0000,0.0000,0.0000,0.0059,0.0003,200,1.6398
0.0301,0.0000,0.0000,0.0000,0.0300,0.0000,200,1.6159
0.0347,0.0000,0.0000,0.0000,0.0346,0.0000,200,1.6118
0.0399,0.0000,0.0000,0.0000,0.0398,0.0000,200,1.6076
0.0094,0.0000,0.0000,0.0000,0.0093,0.0000,200,1.6382
0.0241,0.0000,0.0000,0.0000,0.0240,0.0001,200,1.6237
0.0296,0.0000,0.0000,0.0000,0.0295,0.0001,200,1.6187
0.0134,0.0000,0.0000,0.0000,0.0134,0.0000,200,1.6351
0.0029,0.0000,0.0000,0.0000,0.0028,0.0000,200,1.6460
0.0107,0.0000,0.0000,0.0001,0.0106,0.0000,200,1.6390
0.0374,0.0000,0.0000,0.0000,0.0373,0.0000,200,1.6125
0.0039,0.0000,0.0000,0.0000,0.0039,0.0000,200,1.6460
0.0036,0.0000,0.0000,0.0000,0.0034,0.0002,200,1.6465
0.0140,0.0000,0.0000,0.0000,0.0139,0.0000,200,1.6365
0.0110,0.0000,0.0000,0.0000,0.0110,0.0000,200,1.6400
0.0454,0.0000,0.0000,0.0000,0.0454,0.0000,200,1.6057
0.0472,0.0000,0.0000,0.0000,0.0471,0.0000,200,1.6040
0.0231,0.0000,0.0000,0.0000,0.0230,0.0000,200,1.6285
0.0195,0.0000,0.0000,0.0000,0.0187,0.0008,200,1.6321
0.0202,0.0000,0.0000,0.0004,0.0197,0.0000,200,1.6316
0.0276,0.0000,0.0000,0.0000,0.0274,0.0001,200,1.6250
0.0051,0.0000,0.0000,0.0000,0.0051,0.0000,200,1.6475
0.0092,0.0000,0.0000,0.0000,0.0091,0.0000,200,1.6441
0.0236,0.0000,0.0000,0.0000,0.0235,0.0001,200,1.6299
0.0122,0.0000,0.0000,0.0000,0.0121,0.0001,200,1.6416
0.0040,0.0000,0.0000,0.0000,0.0039,0.0000,200,1.6499
0.0035,0.0000,0.0000,0.0000,0.0034,0.0000,200,1.6512
0.0094,0.0000,0.0000,0.0000,0.0094,0.0000,200,1.6453
0.0119,0.0000,0.0000,0.0000,0.0119,0.0000,200,1.6428
0.0144,0.0000,0.0000,0.0000,0.0143,0.0002,200,1.6409
0.0258,0.0000,0.0000,0.0000,0.0256,0.0001,200,1.6301
0.0553,0.0000,0.0000,0.0000,0.0553,0.0000,200,1.6007
0.0071,0.0000,0.0000,0.0000,0.0071,0.0000,200,1.6498
0.0194,0.0000,0.0000,0.0000,0.0193,0.0000,200,1.6376
0.0335,0.0000,0.0000,0.0000,0.0334,0.0000,200,1.6235
0.0168,0.0000,0.0000,0.0000,0.0166,0.0002,200,1.6404
0.0837,0.0000,0.0000,0.0000,0.0835,0.0000,200,1.5741
0.0283,0.0000,0.0000,0.0000,0.0282,0.0001,200,1.6302
0.0509,0.0000,0.0000,0.0000,0.0508,0.0000,200,1.6090
0.0205,0.0000,0.0000,0.0000,0.0204,0.0001,200,1.6422
0.0190,0.0000,0.0000,0.0000,0.0190,0.0000,200,1.6440
0.0146,0.0000,0.0000,0.0000,0.0144,0.0001,200,1.6489
0.0069,0.0000,0.0000,0.0000,0.0068,0.0000,200,1.6572
0.0078,0.0000,0.0000,0.0000,0.0077,0.0000,200,1.6570
0.0328,0.0000,0.0000,0.0000,0.0327,0.0001,200,1.6321
0.0093,0.0000,0.0000,0.0000,0.0092,0.0000,200,1.6585
0.0379,0.0000,0.0000,0.0000,0.0378,0.0000,200,1.6301
0.0133,0.0000,0.0000,0.0000,0.0133,0.0000,200,1.6547
0.0250,0.0000,0.0000,0.0000,0.0250,0.0000,200,1.6432
0.0386,0.0000,0.0000,0.0000,0.0385,0.0000,200,1.6298
0.0185,0.0000,0.0000,0.0000,0.0179,0.0005,200,1.6499
0.0329,0.0000,0.0000,0.0000,0.0327,0.0002,200,1.6365
0.0195,0.0000,0.0000,0.0000,0.0183,0.0011,200,1.6501
0.0152,0.0000,0.0000,0.0000,0.0141,0.0011,200,1.6547
0.0055,0.0000,0.0000,0.0000,0.0041,0.0014,200,1.6648
0.0127,0.0000,0.0000,0.0000,0.0125,0.0002,200,1.6569
0.0143,0.0000,0.0000,0.0000,0.0142,0.0001,200,1.6561
0.0193,0.0000,0.0000,0.0000,0.0177,0.0016,200,1.6511
0.0223,0.0000,0.0000,0.0000,0.0213,0.0009,200,1.6483
0.0160,0.0000,0.0000,0.0000,0.0159,0.0000,200,1.6547
0.0294,0.0000,0.0000,0.0000,0.0294,0.0000,200,1.6423
0.0091,0.0000,0.0000,0.0001,0.0090,0.0000,200,1.6626
0.0695,0.0000,0.0000,0.0001,0.0694,0.0000,200,1.6024
0.0412,0.0000,0.0000,0.0000,0.0411,0.0000,200,1.6311
0.0026,0.0000,0.0000,0.0000,0.0024,0.0001,200,1.6699
0.0250,0.0000,0.0000,0.0000,0.0248,0.0001,200,1.6476
0.0258,0.0000,0.0000,0.0001,0.0255,0.0000,200,1.6478
0.0039,0.0000,0.0000,0.0000,0.0032,0.0000,200,1.6696
0.0056,0.0000,0.0000,0.0000,0.0055,0.0000,200,1.6679
0.0211,0.0000,0.0000,0.0000,0.0210,0.0000,200,1.6526
0.0057,0.0000,0.0000,0.0000,0.0055,0.0000,200,1.6680
0.0393,0.0000,0.0000,0.0000,0.0393,0.0000,200,1.6344
0.0107,0.0000,0.0000,0.0000,0.0107,0.0000,200,1.6630
0.0021,0.0000,0.0000,0.0000,0.0018,0.0002,200,1.6718
0.0074,0.0000,0.0000,0.0000,0.0073,0.0000,200,1.6678
0.0033,0.0000,0.0000,0.0000,0.0032,0.0000,200,1.6719
0.0049,0.0000,0.0000,0.0000,0.0049,0.0000,200,1.6704
0.0107,0.0000,0.0000,0.0009,0.0096,0.0000,200,1.6649
0.0041,0.0000,0.0000,0.0000,0.0040,0.0000,200,1.6718
0.0124,0.0000,0.0000,0.0000,0.0123,0.0000,200,1.6635
0.0054,0.0000,0.0000,0.0000,0.0053,0.0000,200,1.6707
0.0025,0.0000,0.0000,0.0000,0.0025,0.0000,200,1.6735
0.0025,0.0000,0.0000,0.0000,0.0024,0.0000,200,1.6738
0.0079,0.0000,0.0000,0.0017,0.0062,0.0000,200,1.6684
0.0232,0.0000,0.0000,0.0000,0.0232,0.0000,200,1.6533
0.0251,0.0000,0.0000,0.0000,0.0250,0.0000,200,1.6516
0.0076,0.0000,0.0000,0.0000,0.0075,0.0000,200,1.6703
0.0243,0.0000,0.0000,0.0000,0.0243,0.0000,200,1.6535
0.0227,0.0000,0.0000,0.0000,0.0223,0.0004,200,1.6558
0.0441,0.0000,0.0000,0.0000,0.0440,0.0000,200,1.6349
0.0279,0.0000,0.0000,0.0000,0.0276,0.0003,200,1.6512
0.0420,0.0000,0.0000,0.0000,0.0419,0.0000,200,1.6396
0.1441,0.0000,0.0000,0.0000,0.1440,0.0000,200,1.5376
0.0081,0.0000,0.0000,0.0000,0.0079,0.0001,200,1.6736
0.0065,0.0000,0.0000,0.0000,0.0065,0.0000,200,1.6752
0.0280,0.0000,0.0000,0.0000,0.0279,0.0000,200,1.6538
0.0333,0.0000,0.0000,0.0000,0.0332,0.0000,200,1.6485
0.0382,0.0000,0.0000,0.0000,0.0381,0.0000,200,1.6437
0.0313,0.0000,0.0000,0.0000,0.0313,0.0000,200,1.6506
0.0113,0.0000,0.0000,0.0000,0.0113,0.0000,200,1.6706
0.0136,0.0000,0.0000,0.0000,0.0136,0.0000,200,1.6684
0.0294,0.0000,0.0000,0.0002,0.0291,0.0000,200,1.6526
0.0103,0.0000,0.0000,0.0000,0.0102,0.0001,200,1.6723
0.0319,0.0000,0.0000,0.0000,0.0318,0.0000,200,1.6683
0.0183,0.0000,0.0000,0.0000,0.0183,0.0000,200,1.6818
0.0211,0.0000,0.0000,0.0000,0.0210,0.0001,200,1.6791
0.0299,0.0000,0.0000,0.0000,0.0299,0.0000,200,1.6703
0.0185,0.0000,0.0000,0.0000,0.0185,0.0000,200,1.6817
0.0218,0.0000,0.0000,0.0000,0.0217,0.0000,200,1.6786
0.0300,0.0000,0.0000,0.0000,0.0299,0.0000,200,1.6704
0.0279,0.0000,0.0000,0.0001,0.0278,0.0000,200,1.6725
0.0008,0.0000,0.0000,0.0000,0.0007,0.0000,200,1.7002
0.0191,0.0000,0.0000,0.0000,0.0190,0.0001,200,1.6820
0.0248,0.0000,0.0000,0.0002,0.0242,0.0002,200,1.6763
0.0629,0.0000,0.0000,0.0000,0.0628,0.0000,200,1.6383
0.0009,0.0000,0.0000,0.0000,0.0008,0.0000,200,1.7003
0.0317,0.0000,0.0000,0.0004,0.0312,0.0000,200,1.6695
0.0277,0.0000,0.0000,0.0000,0.0275,0.0001,200,1.6737
0.0252,0.0000,0.0000,0.0000,0.0251,0.0000,200,1.6762
0.0461,0.0000,0.0000,0.0000,0.0461,0.0000,200,1.6553
0.0237,0.0000,0.0000,0.0000,0.0236,0.0000,200,1.6778
0.0499,0.0000,0.0000,0.0000,0.0498,0.0001,200,1.6517
0.0279,0.0000,0.0000,0.0000,0.0278,0.0000,200,1.6738
0.0253,0.0000,0.0000,0.0000,0.0252,0.0000,200,1.6765
0.0257,0.0000,0.0000,0.0000,0.0257,0.0000,200,1.6760
0.0203,0.0000,0.0000,0.0000,0.0202,0.0000,200,1.6816
0.0261,0.0000,0.0000,0.0000,0.0259,0.0001,200,1.6758
0.0295,0.0000,0.0000,0.0000,0.0279,0.0016,200,1.6725
0.0268,0.0000,0.0000,0.0000,0.0252,0.0016,200,1.6752
0.0007,0.0000,0.0000,0.0000,0.0007,0.0001,200,1.7017
0.0385,0.0000,0.0000,0.0000,0.0384,0.0000,200,1.6641
0.0024,0.0000,0.0000,0.0000,0.0024,0.0000,200,1.7001
0.0206,0.0000,0.0000,0.0000,0.0204,0.0002,200,1.6820
0.0024,0.0000,0.0000,0.0000,0.0024,0.0000,200,1.7003
0.0211,0.0000,0.0000,0.0000,0.0208,0.0003,200,1.6816
0.0269,0.0000,0.0000,0.0000,0.0269,0.0000,200,1.6758
0.0011,0.0000,0.0000,0.0000,0.0011,0.0000,200,1.7017
0.0025,0.0000,0.0000,0.0000,0.0025,0.0000,200,1.7004
0.0027,0.0000,0.0000,0.0000,0.0027,0.0000,200,1.7003
0.0431,0.0000,0.0000,0.0000,0.0431,0.0000,200,1.6598
0.0213,0.0000,0.0000,0.0000,0.0210,0.0003,200,1.6818
0.0515,0.0000,0.0000,0.0000,0.0514,0.0001,200,1.6516
0.0212,0.0000,0.0000,0.0000,0.0212,0.0000,200,1.6819
0.0243,0.0000,0.0000,0.0001,0.0224,0.0018,200,1.6789
0.0463,0.0000,0.0000,0.0000,0.0463,0.0000,200,1.6569
0.0494,0.0000,0.0000,0.0000,0.0490,0.0004,200,1.6539
0.0216,0.0000,0.0000,0.0000,0.0216,0.0000,200,1.6819
0.0218,0.0000,0.0000,0.0000,0.0218,0.0000,200,1.6817
0.0218,0.0000,0.0000,0.0000,0.0218,0.0000,200,1.6819
0.0589,0.0000,0.0000,0.0000,0.0588,0.0000,200,1.6449
0.0461,0.0000,0.0000,0.0000,0.0460,0.0000,200,1.6577
0.0212,0.0000,0.0000,0.0000,0.0212,0.0000,200,1.6826
0.0303,0.0000,0.0000,0.0000,0.0303,0.0000,200,1.6735
0.0303,0.0000,0.0000,0.0000,0.0303,0.0000,200,1.6737
0.0686,0.0000,0.0000,0.0000,0.0685,0.0001,200,1.6356
0.0290,0.0000,0.0000,0.0000,0.0289,0.0000,200,1.6753
0.0308,0.0000,0.0000,0.0000,0.0308,0.0000,200,1.6735
0.0266,0.0000,0.0000,0.0000,0.0265,0.0000,200,1.6778
0.0284,0.0000,0.0000,0.0000,0.0283,0.0000,200,1.6760
0.0289,0.0000,0.0000,0.0000,0.0283,0.0006,200,1.6756
0.0279,0.0000,0.0000,0.0000,0.0277,0.0001,200,1.6768
0.0031,0.0000,0.0000,0.0000,0.0031,0.0001,200,1.7020
0.0043,0.0000,0.0000,0.0000,0.0043,0.0000,200,1.7031
0.0023,0.0000,0.0000,0.0000,0.0022,0.0001,200,1.7052
0.0055,0.0000,0.0000,0.0000,0.0054,0.0000,200,1.7020
0.0045,0.0000,0.0000,0.0000,0.0034,0.0000,200,1.7030
0.0039,0.0000,0.0000,0.0000,0.0037,0.0002,200,1.7037
0.0043,0.0000,0.0000,0.0000,0.0043,0.0000,200,1.7033
0.0031,0.0000,0.0000,0.0000,0.0030,0.0000,200,1.7045
0.0034,0.0000,0.0000,0.0000,0.0032,0.0001,200,1.7044
0.0065,0.0000,0.0000,0.0000,0.0065,0.0000,200,1.7014
0.0078,0.0000,0.0000,0.0000,0.0075,0.0002,200,1.7011
0.0078,0.0000,0.0000,0.0000,0.0077,0.0001,200,1.7012
0.0092,0.0000,0.0000,0.0000,0.0091,0.0001,200,1.7004
0.0072,0.0000,0.0000,0.0000,0.0070,0.0001,200,1.7030
0.0028,0.0000,0.0000,0.0000,0.0027,0.0000,200,1.7075
0.0090,0.0000,0.0000,0.0000,0.0089,0.0000,200,1.7019
0.0084,0.0000,0.0000,0.0000,0.0083,0.0000,200,1.7026
0.0039,0.0000,0.0000,0.0000,0.0038,0.0000,200,1.7076
0.0090,0.0000,0.0000,0.0000,0.0087,0.0000,200,1.7028
0.0110,0.0000,0.0000,0.0000,0.0110,0.0000,200,1.7012
0.0118,0.0000,0.0000,0.0000,0.0117,0.0001,200,1.7011
0.0058,0.0000,0.0000,0.0000,0.0058,0.0000,200,1.7075
0.0112,0.0000,0.0000,0.0000,0.0111,0.0000,200,1.7026
0.0097,0.0000,0.0000,0.0000,0.0096,0.0000,200,1.7043
0.0100,0.0000,0.0000,0.0000,0.0099,0.0001,200,1.7044
0.0067,0.0000,0.0000,0.0000,0.0066,0.0001,200,1.7079
0.0078,0.0000,0.0000,0.0000,0.0077,0.0000,200,1.7075
0.0138,0.0000,0.0000,0.0000,0.0137,0.0000,200,1.7017
0.0133,0.0000,0.0000,0.0000,0.0132,0.0001,200,1.7026
0.0132,0.0000,0.0000,0.0000,0.0132,0.0000,200,1.7033
0.0137,0.0000,0.0000,0.0000,0.0136,0.0000,200,1.7029
0.0064,0.0000,0.0000,0.0000,0.0064,0.0000,200,1.7109
0.0038,0.0000,0.0000,0.0000,0.0037,0.0000,200,1.7140
0.0136,0.0000,0.0000,0.0000,0.0135,0.0001,200,1.7043
0.0031,0.0000,0.0000,0.0000,0.0029,0.0002,200,1.7155
0.0034,0.0000,0.0000,0.0000,0.0033,0.0000,200,1.7152
0.0027,0.0000,0.0000,0.0000,0.0025,0.0001,200,1.7166
0.0018,0.0000,0.0000,0.0000,0.0017,0.0000,200,1.7178
0.0197,0.0000,0.0000,0.0000,0.0178,0.0000,200,1.7001
0.0095,0.0000,0.0000,0.0000,0.0094,0.0000,200,1.7114
0.0044,0.0000,0.0000,0.0000,0.0044,0.0000,200,1.7165
0.0194,0.0000,0.0000,0.0000,0.0189,0.0004,200,1.7019
0.0178,0.0000,0.0000,0.0000,0.0174,0.0004,200,1.7035
0.0036,0.0000,0.0000,0.0000,0.0035,0.0001,200,1.7179
0.0178,0.0000,0.0000,0.0000,0.0176,0.0001,200,1.7039
0.0209,0.0000,0.0000,0.0000,0.0208,0.0000,200,1.7010
0.0078,0.0000,0.0000,0.0000,0.0077,0.0001,200,1.7143
0.0022,0.0000,0.0000,0.0000,0.0022,0.0000,200,1.7213
0.0040,0.0000,0.0000,0.0000,0.0039,0.0000,200,1.7196
0.0204,0.0000,0.0000,0.0000,0.0204,0.0000,200,1.7031
0.0197,0.0000,0.0000,0.0000,0.0195,0.0000,200,1.7040
0.0198,0.0000,0.0000,0.0000,0.0197,0.0000,200,1.7039
0.0199,0.0000,0.0000,0.0000,0.0199,0.0000,200,1.7038
0.0014,0.0000,0.0000,0.0000,0.0013,0.0000,200,1.7236
0.0235,0.0000,0.0000,0.0000,0.0234,0.0000,200,1.7017
0.0142,0.0000,0.0000,0.0000,0.0141,0.0000,200,1.7110
0.0139,0.0000,0.0000,0.0000,0.0138,0.0000,200,1.7122
0.0132,0.0000,0.0000,0.0000,0.0131,0.0000,200,1.7130
0.0052,0.0000,0.0000,0.0000,0.0051,0.0000,200,1.7210
0.0249,0.0000,0.0000,0.0000,0.0248,0.0000,200,1.7027
0.0090,0.0000,0.0000,0.0000,0.0089,0.0000,200,1.7186
0.0249,0.0000,0.0000,0.0000,0.0248,0.0000,200,1.7027
0.0040,0.0000,0.0000,0.0000,0.0039,0.0000,200,1.7237
0.0249,0.0000,0.0000,0.0000,0.0248,0.0000,200,1.7028
0.0020,0.0000,0.0000,0.0000,0.0018,0.0000,200,1.7262
0.0061,0.0000,0.0000,0.0000,0.0060,0.0000,200,1.7251
0.0098,0.0000,0.0000,0.0000,0.0097,0.0000,200,1.7215
0.0062,0.0000,0.0000,0.0000,0.0062,0.0000,200,1.7250
0.0037,0.0000,0.0000,0.0000,0.0036,0.0000,200,1.7276
0.0211,0.0000,0.0000,0.0000,0.0211,0.0000,200,1.7102
0.0077,0.0000,0.0000,0.0000,0.0076,0.0000,200,1.7237
0.0238,0.0000,0.0000,0.0000,0.0237,0.0000,200,1.7076
0.0128,0.0000,0.0000,0.0000,0.0127,0.0000,200,1.7186
0.0039,0.0000,0.0000,0.0000,0.0039,0.0000,200,1.7276
0.0284,0.0000,0.0000,0.0000,0.0284,0.0000,200,1.7031
0.0094,0.0000,0.0000,0.0000,0.0093,0.0000,200,1.7221
0.0061,0.0000,0.0000,0.0000,0.0060,0.0001,200,1.7262
0.0062,0.0000,0.0000,0.0000,0.0061,0.0001,200,1.7261
0.0238,0.0000,0.0000,0.0000,0.0236,0.0000,200,1.7090
0.0257,0.0000,0.0000,0.0000,0.0256,0.0000,200,1.7074
0.0019,0.0000,0.0000,0.0000,0.0018,0.0000,200,1.7313
0.0237,0.0000,0.0000,0.0000,0.0237,0.0000,200,1.7096
0.0119,0.0000,0.0000,0.0000,0.0118,0.0000,200,1.7216
0.0145,0.0000,0.0000,0.0000,0.0144,0.0000,200,1.7193
0.0266,0.0000,0.0000,0.0000,0.0265,0.0001,200,1.7076
0.0178,0.0000,0.0000,0.0000,0.0177,0.0000,200,1.7173
0.0016,0.0000,0.0000,0.0000,0.0015,0.0000,200,1.7335
0.0143,0.0000,0.0000,0.0000,0.0143,0.0000,200,1.7213
0.0083,0.0000,0.0000,0.0000,0.0082,0.0000,200,1.7277
0.0012,0.0000,0.0000,0.0000,0.0011,0.0001,200,1.7351
0.0146,0.0000,0.0000,0.0000,0.0145,0.0000,200,1.7219
0.0338,0.0000,0.0000,0.0004,0.0334,0.0000,200,1.7032
0.0124,0.0000,0.0000,0.0000,0.0119,0.0003,200,1.7251
0.0038,0.0000,0.0000,0.0000,0.0036,0.0000,200,1.7338
0.0065,0.0000,0.0000,0.0000,0.0064,0.0001,200,1.7316
0.0047,0.0000,0.0000,0.0000,0.0044,0.0001,200,1.7342
0.0066,0.0000,0.0000,0.0000,0.0065,0.0000,200,1.7323
0.0368,0.0000,0.0000,0.0000,0.0367,0.0000,200,1.7025
0.0157,0.0000,0.0000,0.0000,0.0156,0.0001,200,1.7236
0.0262,0.0000,0.0000,0.0000,0.0262,0.0000,200,1.7134
0.0372,0.0000,0.0000,0.0000,0.0372,0.0000,200,1.7046
0.0043,0.0000,0.0000,0.0000,0.0043,0.0000,200,1.7375
0.0106,0.0000,0.0000,0.0000,0.0105,0.0000,200,1.7312
0.0105,0.0000,0.0000,0.0000,0.0105,0.0000,200,1.7314
0.0089,0.0000,0.0000,0.0000,0.0089,0.0000,200,1.7331
0.0107,0.0000,0.0000,0.0000,0.0107,0.0000,200,1.7313
0.0138,0.0000,0.0000,0.0000,0.0138,0.0000,200,1.7282
0.0106,0.0000,0.0000,0.0000,0.0106,0.0000,200,1.7314
0.0319,0.0000,0.0000,0.0000,0.0317,0.0000,200,1.7102
0.0033,0.0000,0.0000,0.0000,0.0032,0.0000,200,1.7393
0.0011,0.0000,0.0000,0.0000,0.0011,0.0000,200,1.7419
0.0107,0.0000,0.0000,0.0000,0.0105,0.0001,200,1.7327
0.0116,0.0000,0.0000,0.0000,0.0115,0.0000,200,1.7323
0.0128,0.0000,0.0000,0.0000,0.0126,0.0001,200,1.7316
0.0027,0.0000,0.0000,0.0000,0.0027,0.0000,200,1.7419
0.0134,0.0000,0.0000,0.0000,0.0134,0.0000,200,1.7331
0.0377,0.0000,0.0000,0.0000,0.0376,0.0000,200,1.7089
0.0040,0.0000,0.0000,0.0000,0.0039,0.0000,200,1.7426
0.0036,0.0000,0.0000,0.0000,0.0036,0.0000,200,1.7431
0.0430,0.0000,0.0000,0.0000,0.0429,0.0000,200,1.7037
0.0079,0.0000,0.0000,0.0000,0.0079,0.0000,200,1.7389
0.0456,0.0000,0.0000,0.0000,0.0453,0.0002,200,1.7012
0.0112,0.0000,0.0000,0.0000,0.0111,0.0000,200,1.7357
0.0126,0.0000,0.0000,0.0000,0.0125,0.0000,200,1.7351
0.0346,0.0000,0.0000,0.0000,0.0346,0.0000,200,1.7138
0.0122,0.0000,0.0000,0.0000,0.0121,0.0001,200,1.7365
0.0301,0.0000,0.0000,0.0001,0.0299,0.0000,200,1.7199
0.0457,0.0000,0.0000,0.0000,0.0456,0.0000,200,1.7044
0.0122,0.0000,0.0000,0.0000,0.0121,0.0001,200,1.7418
0.0072,0.0000,0.0000,0.0003,0.0069,0.0000,200,1.7468
0.0077,0.0000,0.0000,0.0000,0.0072,0.0004,200,1.7467
0.0078,0.0000,0.0000,0.0000,0.0077,0.0000,200,1.7467
0.0126,0.0000,0.0000,0.0000,0.0123,0.0002,200,1.7420
0.0533,0.0000,0.0000,0.0000,0.0532,0.0002,200,1.7015
0.0472,0.0000,0.0000,0.0000,0.0471,0.0000,200,1.7078
0.0538,0.0000,0.0000,0.0000,0.0537,0.0000,200,1.7014
0.0179,0.0000,0.0000,0.0000,0.0178,0.0000,200,1.7375
0.0121,0.0000,0.0000,0.0000,0.0120,0.0000,200,1.7434
0.0370,0.0000,0.0000,0.0000,0.0369,0.0001,200,1.7236
0.0137,0.0000,0.0000,0.0000,0.0137,0.0000,200,1.7468
0.0060,0.0000,0.0000,0.0000,0.0058,0.0001,200,1.7546
0.0211,0.0000,0.0000,0.0000,0.0210,0.0000,200,1.7396
0.0142,0.0000,0.0000,0.0000,0.0141,0.0000,200,1.7466
0.0108,0.0000,0.0000,0.0000,0.0108,0.0000,200,1.7500
0.0162,0.0000,0.0000,0.0000,0.0158,0.0003,200,1.7446
0.0399,0.0000,0.0000,0.0000,0.0395,0.0004,200,1.7210
0.0276,0.0000,0.0000,0.0000,0.0275,0.0000,200,1.7333
0.0595,0.0000,0.0000,0.0000,0.0594,0.0000,200,1.7015
0.0080,0.0000,0.0000,0.0000,0.0079,0.0001,200,1.7540
0.0263,0.0000,0.0000,0.0000,0.0261,0.0000,200,1.7363
0.0148,0.0000,0.0000,0.0000,0.0147,0.0001,200,1.7484
0.0319,0.0000,0.0000,0.0000,0.0318,0.0000,200,1.7315
0.0089,0.0000,0.0000,0.0000,0.0088,0.0001,200,1.7556
0.0043,0.0000,0.0000,0.0000,0.0041,0.0001,200,1.7606
0.0419,0.0000,0.0000,0.0000,0.0419,0.0000,200,1.7237
0.0056,0.0000,0.0000,0.0000,0.0055,0.0001,200,1.7606
0.0068,0.0000,0.0000,0.0000,0.0062,0.0006,200,1.7609
0.0139,0.0000,0.0000,0.0000,0.0137,0.0001,200,1.7540
0.0366,0.0000,0.0000,0.0000,0.0365,0.0000,200,1.7314
0.0373,0.0000,0.0000,0.0000,0.0372,0.0001,200,1.7314
0.0086,0.0000,0.0000,0.0000,0.0085,0.0000,200,1.7610
0.0316,0.0000,0.0000,0.0000,0.0314,0.0002,200,1.7388
0.0100,0.0000,0.0000,0.0000,0.0099,0.0000,200,1.7607
0.0297,0.0000,0.0000,0.0000,0.0297,0.0000,200,1.7420
0.0360,0.0000,0.0000,0.0000,0.0359,0.0000,200,1.7360
0.0446,0.0000,0.0000,0.0000,0.0445,0.0000,200,1.7276
0.0082,0.0000,0.0000,0.0000,0.0081,0.0000,200,1.7645
0.0123,0.0000,0.0000,0.0000,0.0122,0.0000,200,1.7609
0.0421,0.0000,0.0000,0.0000,0.0420,0.0000,200,1.7313
0.0108,0.0000,0.0000,0.0001,0.0106,0.0000,200,1.7632
0.0323,0.0000,0.0000,0.0000,0.0322,0.0001,200,1.7420
0.0031,0.0000,0.0000,0.0000,0.0031,0.0000,200,1.7717
0.0479,0.0000,0.0000,0.0000,0.0473,0.0003,200,1.7277
0.0123,0.0000,0.0000,0.0000,0.0120,0.0000,200,1.7634
0.0217,0.0000,0.0000,0.0001,0.0214,0.0002,200,1.7544
0.0165,0.0000,0.0000,0.0000,0.0164,0.0000,200,1.7605
0.0131,0.0000,0.0000,0.0000,0.0117,0.0013,200,1.7649
0.0154,0.0000,0.0000,0.0000,0.0153,0.0000,200,1.7627
0.0015,0.0000,0.0000,0.0000,0.0015,0.0000,200,1.7771
0.0369,0.0000,0.0000,0.0000,0.0368,0.0000,200,1.7419
0.0629,0.0000,0.0000,0.0000,0.0628,0.0000,200,1.7160
0.0070,0.0000,0.0000,0.0000,0.0068,0.0001,200,1.7748
0.0031,0.0000,0.0000,0.0000,0.0030,0.0000,200,1.7788
0.0351,0.0000,0.0000,0.0000,0.0351,0.0000,200,1.7468
0.0354,0.0000,0.0000,0.0000,0.0351,0.0001,200,1.7466
0.0427,0.0000,0.0000,0.0000,0.0427,0.0000,200,1.7393
0.0041,0.0000,0.0000,0.0000,0.0040,0.0000,200,1.7780
0.0334,0.0000,0.0000,0.0000,0.0330,0.0001,200,1.7487
0.0082,0.0000,0.0000,0.0000,0.0082,0.0000,200,1.7740
0.0066,0.0000,0.0000,0.0000,0.0065,0.0001,200,1.7757
0.0044,0.0000,0.0000,0.0000,0.0036,0.0004,200,1.7780
0.0206,0.0000,0.0000,0.0000,0.0205,0.0001,200,1.7621
0.0116,0.0000,0.0000,0.0000,0.0115,0.0000,200,1.7712
0.0134,0.0000,0.0000,0.0000,0.0133,0.0000,200,1.7696
0.0283,0.0000,0.0000,0.0000,0.0280,0.0001,200,1.7552
0.0419,0.0000,0.0000,0.0000,0.0418,0.0000,200,1.7420
0.0022,0.0000,0.0000,0.0000,0.0021,0.0000,200,1.7818
0.0233,0.0000,0.0000,0.0000,0.0230,0.0002,200,1.7607
0.0345,0.0000,0.0000,0.0000,0.0342,0.0002,200,1.7501
0.0298,0.0000,0.0000,0.0000,0.0296,0.0000,200,1.7549
0.0024,0.0000,0.0000,0.0000,0.0023,0.0000,200,1.7827
0.0025,0.0000,0.0000,0.0000,0.0023,0.0000,200,1.7828
0.0713,0.0000,0.0000,0.0000,0.0713,0.0000,200,1.7146
0.0045,0.0000,0.0000,0.0000,0.0044,0.0000,200,1.7821
0.0047,0.0000,0.0000,0.0000,0.0046,0.0000,200,1.7823
0.0146,0.0000,0.0000,0.0000,0.0146,0.0000,200,1.7731
0.0221,0.0000,0.0000,0.0000,0.0220,0.0001,200,1.7661
0.0204,0.0000,0.0000,0.0000,0.0183,0.0021,200,1.7712
0.0477,0.0000,0.0000,0.0000,0.0476,0.0000,200,1.7439
0.0182,0.0000,0.0000,0.0000,0.0182,0.0000,200,1.7734
0.0063,0.0000,0.0000,0.0000,0.0061,0.0001,200,1.7853
0.0039,0.0000,0.0000,0.0000,0.0038,0.0000,200,1.7878
0.0066,0.0000,0.0000,0.0000,0.0064,0.0000,200,1.7851
0.0097,0.0000,0.0000,0.0000,0.0096,0.0001,200,1.7820
0.0096,0.0000,0.0000,0.0000,0.0096,0.0000,200,1.7821
0.0058,0.0000,0.0000,0.0000,0.0058,0.0000,200,1.7859
0.0052,0.0000,0.0000,0.0000,0.0052,0.0000,200,1.7866
0.0094,0.0000,0.0000,0.0000,0.0093,0.0000,200,1.7824
0.0035,0.0000,0.0000,0.0000,0.0034,0.0000,200,1.7883
0.0101,0.0000,0.0000,0.0000,0.0100,0.0001,200,1.7830
0.0189,0.0000,0.0000,0.0000,0.0184,0.0000,200,1.7743
0.0392,0.0000,0.0000,0.0000,0.0386,0.0005,200,1.7554
0.0828,0.0000,0.0000,0.0000,0.0827,0.0000,200,1.7118
0.0107,0.0000,0.0000,0.0000,0.0106,0.0000,200,1.7839
0.0912,0.0000,0.0000,0.0000,0.0910,0.0000,200,1.7035
0.0160,0.0000,0.0000,0.0000,0.0158,0.0001,200,1.7788
0.0298,0.0000,0.0000,0.0000,0.0296,0.0001,200,1.7656
0.0027,0.0000,0.0000,0.0000,0.0026,0.0000,200,1.7931
0.0130,0.0000,0.0000,0.0000,0.0128,0.0001,200,1.7835
0.0499,0.0000,0.0000,0.0000,0.0498,0.0000,200,1.7466
0.0095,0.0000,0.0000,0.0000,0.0095,0.0000,200,1.7869
0.0287,0.0000,0.0000,0.0000,0.0286,0.0000,200,1.7678
0.0049,0.0000,0.0000,0.0000,0.0049,0.0000,200,1.7916
0.0285,0.0000,0.0000,0.0000,0.0284,0.0000,200,1.7687
0.0036,0.0000,0.0000,0.0000,0.0035,0.0001,200,1.7946
0.0070,0.0000,0.0000,0.0000,0.0069,0.0001,200,1.7917
0.0035,0.0000,0.0000,0.0000,0.0035,0.0000,200,1.7953
0.0153,0.0000,0.0000,0.0000,0.0151,0.0002,200,1.7839
0.0036,0.0000,0.0000,0.0000,0.0033,0.0002,200,1.7958
0.0030,0.0000,0.0000,0.0000,0.0029,0.0000,200,1.7965
0.0048,0.0000,0.0000,0.0000,0.0048,0.0000,200,1.7947
0.0250,0.0000,0.0000,0.0000,0.0249,0.0001,200,1.7761
0.0071,0.0000,0.0000,0.0000,0.0069,0.0001,200,1.7945
0.0200,0.0000,0.0000,0.0000,0.0199,0.0001,200,1.7819
0.0297,0.0000,0.0000,0.0000,0.0296,0.0001,200,1.7727
0.0065,0.0000,0.0000,0.0000,0.0065,0.0000,200,1.7965
0.0045,0.0000,0.0000,0.0000,0.0042,0.0001,200,1.7993
0.0096,0.0000,0.0000,0.0000,0.0095,0.0000,200,1.7948
0.0020,0.0000,0.0000,0.0000,0.0019,0.0001,200,1.8030
0.0137,0.0000,0.0000,0.0000,0.0136,0.0001,200,1.7918
0.0067,0.0000,0.0000,0.0000,0.0066,0.0000,200,1.7994
0.0101,0.0000,0.0000,0.0000,0.0100,0.0000,200,1.7966
0.0090,0.0000,0.0000,0.0000,0.0089,0.0000,200,1.7987
0.0607,0.0000,0.0000,0.0001,0.0604,0.0000,200,1.7477
0.0072,0.0000,0.0000,0.0000,0.0070,0.0001,200,1.8019
0.0153,0.0000,0.0000,0.0000,0.0151,0.0002,200,1.7945
0.0734,0.0000,0.0000,0.0000,0.0733,0.0001,200,1.7370
0.0044,0.0000,0.0000,0.0002,0.0041,0.0000,200,1.8067
0.0095,0.0000,0.0000,0.0001,0.0094,0.0000,200,1.8023
0.0282,0.0000,0.0000,0.0000,0.0282,0.0001,200,1.7846
0.0585,0.0000,0.0000,0.0001,0.0583,0.0001,200,1.7550
0.0095,0.0000,0.0000,0.0000,0.0093,0.0001,200,1.8043
0.0154,0.0000,0.0000,0.0000,0.0151,0.0001,200,1.7995
0.0102,0.0000,0.0000,0.0000,0.0101,0.0001,200,1.8055
0.0246,0.0000,0.0000,0.0000,0.0245,0.0000,200,1.7915
0.0104,0.0000,0.0000,0.0000,0.0103,0.0001,200,1.8061
0.0255,0.0000,0.0000,0.0000,0.0254,0.0001,200,1.7918
0.0261,0.0000,0.0000,0.0000,0.0261,0.0000,200,1.7918
0.0574,0.0000,0.0000,0.0000,0.0573,0.0000,200,1.7608
0.0467,0.0000,0.0000,0.0000,0.0466,0.0000,200,1.7721
0.0142,0.0000,0.0000,0.0000,0.0142,0.0000,200,1.8050
0.0221,0.0000,0.0000,0.0000,0.0220,0.0000,200,1.7972
0.0381,0.0000,0.0000,0.0000,0.0380,0.0000,200,1.7819
0.0362,0.0000,0.0000,0.0000,0.0362,0.0000,200,1.7840
0.0124,0.0000,0.0000,0.0000,0.0123,0.0000,200,1.8084
0.0534,0.0000,0.0000,0.0000,0.0533,0.0000,200,1.7679
0.0224,0.0000,0.0000,0.0000,0.0224,0.0000,200,1.7989
0.0057,0.0000,0.0000,0.0000,0.0056,0.0001,200,1.8161
0.0400,0.0000,0.0000,0.0000,0.0399,0.0000,200,1.7820
0.0505,0.0000,0.0000,0.0000,0.0504,0.0000,200,1.7720
0.0093,0.0000,0.0000,0.0000,0.0093,0.0000,200,1.8135
0.0075,0.0000,0.0000,0.0001,0.0073,0.0000,200,1.8158
0.0156,0.0000,0.0000,0.0000,0.0155,0.0000,200,1.8077
0.0141,0.0000,0.0000,0.0000,0.0140,0.0000,200,1.8105
0.0230,0.0000,0.0000,0.0000,0.0229,0.0001,200,1.8016
0.0406,0.0000,0.0000,0.0000,0.0403,0.0002,200,1.7846
0.0220,0.0000,0.0000,0.0000,0.0218,0.0002,200,1.8038
0.0121,0.0000,0.0000,0.0000,0.0119,0.0001,200,1.8138
0.0061,0.0000,0.0000,0.0000,0.0060,0.0001,200,1.8208
0.0120,0.0000,0.0000,0.0001,0.0119,0.0000,200,1.8148
0.0175,0.0000,0.0000,0.0000,0.0174,0.0001,200,1.8098
0.0062,0.0000,0.0000,0.0000,0.0061,0.0000,200,1.8213
0.0489,0.0000,0.0000,0.0000,0.0488,0.0000,200,1.7786
0.0107,0.0000,0.0000,0.0000,0.0107,0.0000,200,1.8173
0.0316,0.0000,0.0000,0.0000,0.0313,0.0001,200,1.7966
0.0041,0.0000,0.0000,0.0000,0.0041,0.0000,200,1.8246
0.0064,0.0000,0.0000,0.0000,0.0063,0.0001,200,1.8252
0.0057,0.0000,0.0000,0.0000,0.0055,0.0000,200,1.8259
0.0104,0.0000,0.0000,0.0000,0.0104,0.0000,200,1.8213
0.0335,0.0000,0.0000,0.0001,0.0334,0.0000,200,1.7982
0.0049,0.0000,0.0000,0.0000,0.0047,0.0001,200,1.8269
0.0090,0.0000,0.0000,0.0000,0.0089,0.0000,200,1.8228
0.0037,0.0000,0.0000,0.0000,0.0036,0.0000,200,1.8282
0.0709,0.0000,0.0000,0.0003,0.0705,0.0000,200,1.7609
0.0131,0.0000,0.0000,0.0000,0.0130,0.0000,200,1.8188
0.0354,0.0000,0.0000,0.0000,0.0353,0.0000,200,1.7965
0.0402,0.0000,0.0000,0.0000,0.0401,0.0000,200,1.7917
0.0403,0.0000,0.0000,0.0000,0.0403,0.0000,200,1.7916
0.0783,0.0000,0.0000,0.0000,0.0782,0.0001,200,1.7544
0.0206,0.0000,0.0000,0.0000,0.0205,0.0001,200,1.8129
0.0135,0.0000,0.0000,0.0000,0.0135,0.0000,200,1.8200
0.0018,0.0000,0.0000,0.0000,0.0017,0.0000,200,1.8318
0.0058,0.0000,0.0000,0.0000,0.0057,0.0001,200,1.8287
0.0027,0.0000,0.0000,0.0000,0.0022,0.0005,200,1.8319
0.0131,0.0000,0.0000,0.0000,0.0130,0.0000,200,1.8218
0.0018,0.0000,0.0000,0.0000,0.0017,0.0000,200,1.8335
0.0152,0.0000,0.0000,0.0000,0.0151,0.0001,200,1.8202
0.0044,0.0000,0.0000,0.0000,0.0043,0.0000,200,1.8319
0.0690,0.0000,0.0000,0.0001,0.0682,0.0003,200,1.7680
0.0989,0.0000,0.0000,0.0000,0.0988,0.0000,200,1.7381
0.0017,0.0000,0.0000,0.0000,0.0016,0.0001,200,1.8354
0.0183,0.0000,0.0000,0.0000,0.0183,0.0000,200,1.8192
0.0202,0.0000,0.0000,0.0000,0.0200,0.0001,200,1.8179
0.0150,0.0000,0.0000,0.0000,0.0150,0.0000,200,1.8232
0.0066,0.0000,0.0000,0.0000,0.0065,0.0001,200,1.8319
0.0070,0.0000,0.0000,0.0000,0.0069,0.0000,200,1.8318
0.0072,0.0000,0.0000,0.0000,0.0071,0.0001,200,1.8319
0.0043,0.0000,0.0000,0.0000,0.0042,0.0001,200,1.8353
0.0177,0.0000,0.0000,0.0000,0.0176,0.0000,200,1.8220
0.0483,0.0000,0.0000,0.0000,0.0481,0.0001,200,1.7917
0.0034,0.0000,0.0000,0.0000,0.0033,0.0001,200,1.8370
0.0099,0.0000,0.0000,0.0000,0.0098,0.0001,200,1.8317
0.0098,0.0000,0.0000,0.0000,0.0098,0.0000,200,1.8318
0.0500,0.0000,0.0000,0.0000,0.0500,0.0001,200,1.7916
0.0500,0.0000,0.0000,0.0000,0.0500,0.0000,200,1.7917
0.0143,0.0000,0.0000,0.0000,0.0142,0.0000,200,1.8275
0.0112,0.0000,0.0000,0.0000,0.0107,0.0004,200,1.8316
0.0088,0.0000,0.0000,0.0000,0.0087,0.0000,200,1.8346
0.0611,0.0000,0.0000,0.0001,0.0607,0.0000,200,1.7823
0.0154,0.0000,0.0000,0.0000,0.0153,0.0001,200,1.8281
0.0177,0.0000,0.0000,0.0000,0.0177,0.0000,200,1.8257
0.0444,0.0000,0.0000,0.0000,0.0444,0.0000,200,1.7995
0.0328,0.0000,0.0000,0.0000,0.0327,0.0000,200,1.8118
0.0268,0.0000,0.0000,0.0000,0.0267,0.0001,200,1.8182
0.0123,0.0000,0.0000,0.0000,0.0123,0.0000,200,1.8328
0.0225,0.0000,0.0000,0.0000,0.0224,0.0000,200,1.8233
0.0186,0.0000,0.0000,0.0000,0.0185,0.0000,200,1.8275
0.0050,0.0000,0.0000,0.0000,0.0048,0.0001,200,1.8417
0.0092,0.0000,0.0000,0.0000,0.0092,0.0000,200,1.8385
0.0108,0.0000,0.0000,0.0000,0.0107,0.0001,200,1.8370
0.0082,0.0000,0.0000,0.0000,0.0081,0.0001,200,1.8401
0.0017,0.0000,0.0000,0.0001,0.0014,0.0001,200,1.8467
0.0059,0.0000,0.0000,0.0000,0.0058,0.0000,200,1.8428
0.0075,0.0000,0.0000,0.0000,0.0074,0.0001,200,1.8416
0.0157,0.0000,0.0000,0.0000,0.0152,0.0001,200,1.8336
0.0124,0.0000,0.0000,0.0001,0.0119,0.0000,200,1.8371
0.0101,0.0000,0.0000,0.0000,0.0101,0.0000,200,1.8396
0.0061,0.0000,0.0000,0.0000,0.0059,0.0000,200,1.8440
0.1082,0.0000,0.0000,0.0001,0.1081,0.0000,200,1.7421
0.0172,0.0000,0.0000,0.0000,0.0170,0.0002,200,1.8335
0.0501,0.0000,0.0000,0.0002,0.0499,0.0001,200,1.8011
0.0040,0.0000,0.0000,0.0000,0.0038,0.0001,200,1.8498
0.0049,0.0000,0.0000,0.0000,0.0049,0.0000,200,1.8491
0.0045,0.0000,0.0000,0.0000,0.0044,0.0000,200,1.8495
0.0334,0.0000,0.0000,0.0000,0.0330,0.0003,200,1.8226
0.0053,0.0000,0.0000,0.0000,0.0050,0.0002,200,1.8507
0.0084,0.0000,0.0000,0.0000,0.0083,0.0001,200,1.8477
0.0080,0.0000,0.0000,0.0000,0.0078,0.0001,200,1.8483
0.0188,0.0000,0.0000,0.0003,0.0184,0.0000,200,1.8376
0.0148,0.0000,0.0000,0.0000,0.0147,0.0000,200,1.8417
0.0162,0.0000,0.0000,0.0000,0.0161,0.0001,200,1.8403
0.0250,0.0000,0.0000,0.0000,0.0248,0.0001,200,1.8317
0.0811,0.0000,0.0000,0.0000,0.0810,0.0000,200,1.7756
0.0637,0.0000,0.0000,0.0000,0.0635,0.0002,200,1.7932
0.0221,0.0000,0.0000,0.0000,0.0217,0.0004,200,1.8348
0.0124,0.0000,0.0000,0.0000,0.0122,0.0001,200,1.8446
0.0405,0.0000,0.0000,0.0000,0.0405,0.0000,200,1.8165
0.0086,0.0000,0.0000,0.0000,0.0081,0.0005,200,1.8484
0.0155,0.0000,0.0000,0.0000,0.0155,0.0000,200,1.8416
0.0662,0.0000,0.0000,0.0000,0.0661,0.0001,200,1.7917
0.0309,0.0000,0.0000,0.0000,0.0308,0.0000,200,1.8273
0.0170,0.0000,0.0000,0.0000,0.0166,0.0001,200,1.8416
0.0216,0.0000,0.0000,0.0002,0.0213,0.0001,200,1.8381
0.0338,0.0000,0.0000,0.0000,0.0337,0.0000,200,1.8269
0.0161,0.0000,0.0000,0.0000,0.0160,0.0000,200,1.8451
0.0118,0.0000,0.0000,0.0000,0.0117,0.0000,200,1.8502
0.0523,0.0000,0.0000,0.0002,0.0521,0.0001,200,1.8111
0.0141,0.0000,0.0000,0.0000,0.0140,0.0000,200,1.8493
0.0095,0.0000,0.0000,0.0000,0.0093,0.0002,200,1.8540
0.0301,0.0000,0.0000,0.0001,0.0298,0.0001,200,1.8346
0.0221,0.0000,0.0000,0.0000,0.0220,0.0001,200,1.8435
0.0095,0.0000,0.0000,0.0000,0.0091,0.0000,200,1.8565
0.0112,0.0000,0.0000,0.0000,0.0111,0.0000,200,1.8559
0.0129,0.0000,0.0000,0.0000,0.0126,0.0001,200,1.8567
0.0262,0.0000,0.0000,0.0000,0.0261,0.0000,200,1.8434
0.0133,0.0000,0.0000,0.0000,0.0130,0.0001,200,1.8564
0.0134,0.0000,0.0000,0.0000,0.0134,0.0000,200,1.8563
0.0310,0.0000,0.0000,0.0000,0.0308,0.0001,200,1.8388
0.0263,0.0000,0.0000,0.0000,0.0262,0.0000,200,1.8435
0.0133,0.0000,0.0000,0.0000,0.0131,0.0000,200,1.8565
0.0137,0.0000,0.0000,0.0006,0.0130,0.0000,200,1.8561
0.0241,0.0000,0.0000,0.0000,0.0240,0.0000,200,1.8457
0.0137,0.0000,0.0000,0.0000,0.0135,0.0001,200,1.8567
0.0210,0.0000,0.0000,0.0000,0.0210,0.0000,200,1.8500
0.0260,0.0000,0.0000,0.0000,0.0260,0.0000,200,1.8450
0.0015,0.0000,0.0000,0.0000,0.0015,0.0001,200,1.8698
0.0145,0.0000,0.0000,0.0000,0.0143,0.0002,200,1.8571
0.0026,0.0000,0.0000,0.0000,0.0025,0.0000,200,1.8696
0.0076,0.0000,0.0000,0.0000,0.0075,0.0001,200,1.8646
0.0011,0.0000,0.0000,0.0000,0.0009,0.0001,200,1.8717
0.0034,0.0000,0.0000,0.0000,0.0033,0.0001,200,1.8697
0.0169,0.0000,0.0000,0.0000,0.0166,0.0000,200,1.8570
0.0227,0.0000,0.0000,0.0000,0.0226,0.0000,200,1.8512
0.0012,0.0000,0.0000,0.0000,0.0010,0.0001,200,1.8731
0.0039,0.0000,0.0000,0.0001,0.0037,0.0001,200,1.8711
0.0057,0.0000,0.0000,0.0000,0.0056,0.0000,200,1.8697
0.0280,0.0000,0.0000,0.0000,0.0279,0.0000,200,1.8478
0.0167,0.0000,0.0000,0.0000,0.0166,0.0000,200,1.8597
0.0071,0.0000,0.0000,0.0000,0.0070,0.0001,200,1.8698
0.1326,0.0000,0.0000,0.0001,0.1324,0.0000,200,1.7444
0.0066,0.0000,0.0000,0.0001,0.0064,0.0000,200,1.8704
0.0288,0.0000,0.0000,0.0000,0.0287,0.0000,200,1.8488
0.0089,0.0000,0.0000,0.0000,0.0088,0.0000,200,1.8697
0.0326,0.0000,0.0000,0.0000,0.0324,0.0002,200,1.8460
0.0016,0.0000,0.0000,0.0002,0.0013,0.0002,200,1.8770
0.0070,0.0000,0.0000,0.0000,0.0068,0.0000,200,1.8723
0.0019,0.0000,0.0000,0.0000,0.0018,0.0000,200,1.8776
0.0245,0.0000,0.0000,0.0000,0.0244,0.0001,200,1.8559
0.0134,0.0000,0.0000,0.0000,0.0133,0.0000,200,1.8671
0.0234,0.0000,0.0000,0.0000,0.0233,0.0000,200,1.8586
0.0392,0.0000,0.0000,0.0000,0.0390,0.0001,200,1.8434
0.0145,0.0000,0.0000,0.0000,0.0144,0.0000,200,1.8698
0.0212,0.0000,0.0000,0.0000,0.0211,0.0000,200,1.8635
0.0532,0.0000,0.0000,0.0000,0.0531,0.0001,200,1.8316
0.0310,0.0000,0.0000,0.0000,0.0308,0.0002,200,1.8538
0.0085,0.0000,0.0000,0.0000,0.0084,0.0001,200,1.8770
0.0169,0.0000,0.0000,0.0000,0.0166,0.0003,200,1.8696
0.0297,0.0000,0.0000,0.0000,0.0294,0.0001,200,1.8570
0.0305,0.0000,0.0000,0.0000,0.0304,0.0001,200,1.8570
0.0136,0.0000,0.0000,0.0000,0.0136,0.0000,200,1.8739
0.0033,0.0000,0.0000,0.0000,0.0033,0.0000,200,1.8848
0.0147,0.0000,0.0000,0.0000,0.0147,0.0001,200,1.8738
0.0094,0.0000,0.0000,0.0000,0.0093,0.0001,200,1.8794
0.0150,0.0000,0.0000,0.0001,0.0148,0.0001,200,1.8743
0.0022,0.0000,0.0000,0.0000,0.0021,0.0000,200,1.8875
0.0198,0.0000,0.0000,0.0000,0.0194,0.0004,200,1.8711
0.0027,0.0000,0.0000,0.0000,0.0026,0.0000,200,1.8882
0.0258,0.0000,0.0000,0.0000,0.0258,0.0000,200,1.8656
0.0189,0.0000,0.0000,0.0000,0.0188,0.0000,200,1.8729
0.0340,0.0000,0.0000,0.0000,0.0339,0.0000,200,1.8582
0.0169,0.0000,0.0000,0.0000,0.0168,0.0000,200,1.8754
0.0137,0.0000,0.0000,0.0000,0.0137,0.0000,200,1.8786
0.0319,0.0000,0.0000,0.0000,0.0318,0.0000,200,1.8606
0.0180,0.0000,0.0000,0.0000,0.0179,0.0000,200,1.8751
0.0068,0.0000,0.0000,0.0000,0.0067,0.0001,200,1.8867
0.0219,0.0000,0.0000,0.0000,0.0218,0.0000,200,1.8722
0.0321,0.0000,0.0000,0.0000,0.0320,0.0001,200,1.8620
0.0187,0.0000,0.0000,0.0000,0.0186,0.0000,200,1.8759
0.0334,0.0000,0.0000,0.0000,0.0333,0.0000,200,1.8612
0.0184,0.0000,0.0000,0.0000,0.0183,0.0000,200,1.8770
0.0413,0.0000,0.0000,0.0000,0.0413,0.0000,200,1.8540
0.0046,0.0000,0.0000,0.0000,0.0045,0.0000,200,1.8908
0.0019,0.0000,0.0000,0.0000,0.0018,0.0001,200,1.8941
0.0044,0.0000,0.0000,0.0000,0.0044,0.0000,200,1.8923
0.0120,0.0000,0.0000,0.0000,0.0119,0.0001,200,1.8848
0.0103,0.0000,0.0000,0.0000,0.0102,0.0000,200,1.8865
0.0583,0.0000,0.0000,0.0000,0.0582,0.0001,200,1.8391
0.0341,0.0000,0.0000,0.0000,0.0340,0.0000,200,1.8634
0.0405,0.0000,0.0000,0.0000,0.0404,0.0001,200,1.8570
0.0178,0.0000,0.0000,0.0000,0.0177,0.0001,200,1.8804
0.0416,0.0000,0.0000,0.0000,0.0415,0.0000,200,1.8571
0.0075,0.0000,0.0000,0.0000,0.0074,0.0000,200,1.8924
0.0058,0.0000,0.0000,0.0006,0.0051,0.0000,200,1.8941
0.0180,0.0000,0.0000,0.0000,0.0178,0.0001,200,1.8820
0.0153,0.0000,0.0000,0.0002,0.0151,0.0000,200,1.8847
0.0215,0.0000,0.0000,0.0000,0.0214,0.0001,200,1.8785
0.0422,0.0000,0.0000,0.0000,0.0420,0.0001,200,1.8579
0.0042,0.0000,0.0000,0.0000,0.0041,0.0000,200,1.8969
0.0225,0.0000,0.0000,0.0000,0.0225,0.0000,200,1.8786
0.0168,0.0000,0.0000,0.0000,0.0167,0.0000,200,1.8843
0.0945,0.0000,0.0000,0.0000,0.0944,0.0000,200,1.8091
0.0036,0.0000,0.0000,0.0000,0.0035,0.0000,200,1.8999
0.0082,0.0000,0.0000,0.0000,0.0082,0.0000,200,1.8954
0.0025,0.0000,0.0000,0.0000,0.0024,0.0001,200,1.9011
0.0069,0.0000,0.0000,0.0000,0.0069,0.0000,200,1.8967
0.0139,0.0000,0.0000,0.0000,0.0139,0.0000,200,1.8898
0.0149,0.0000,0.0000,0.0002,0.0146,0.0000,200,1.8889
0.0403,0.0000,0.0000,0.0000,0.0402,0.0000,200,1.8634
0.0274,0.0000,0.0000,0.0000,0.0274,0.0000,200,1.8764
0.0853,0.0000,0.0000,0.0000,0.0852,0.0000,200,1.8193
0.0226,0.0000,0.0000,0.0000,0.0224,0.0000,200,1.8825
0.0077,0.0000,0.0000,0.0000,0.0075,0.0000,200,1.8975
0.0655,0.0000,0.0000,0.0000,0.0655,0.0000,200,1.8397
0.0697,0.0000,0.0000,0.0000,0.0696,0.0001,200,1.8362
0.0074,0.0000,0.0000,0.0000,0.0073,0.0001,200,1.8987
0.0406,0.0000,0.0000,0.0000,0.0405,0.0001,200,1.8660
0.0094,0.0000,0.0000,0.0000,0.0094,0.0000,200,1.8975
0.0152,0.0000,0.0000,0.0000,0.0147,0.0004,200,1.8925
0.0160,0.0000,0.0000,0.0000,0.0160,0.0000,200,1.8917
0.0028,0.0000,0.0000,0.0000,0.0028,0.0000,200,1.9051
0.0168,0.0000,0.0000,0.0000,0.0165,0.0003,200,1.8914
0.0372,0.0000,0.0000,0.0000,0.0371,0.0000,200,1.8713
0.0280,0.0000,0.0000,0.0000,0.0276,0.0000,200,1.8805
0.0118,0.0000,0.0000,0.0000,0.0115,0.0001,200,1.8975
0.0141,0.0000,0.0000,0.0000,0.0140,0.0000,200,1.8954
0.0308,0.0000,0.0000,0.0000,0.0308,0.0000,200,1.8792
0.0157,0.0000,0.0000,0.0000,0.0156,0.0000,200,1.8946
0.0172,0.0000,0.0000,0.0000,0.0171,0.0001,200,1.8935
0.0177,0.0000,0.0000,0.0000,0.0177,0.0000,200,1.8931
0.0027,0.0000,0.0000,0.0000,0.0026,0.0001,200,1.9085
0.0030,0.0000,0.0000,0.0000,0.0030,0.0000,200,1.9085
0.0042,0.0000,0.0000,0.0000,0.0040,0.0002,200,1.9080
0.0740,0.0000,0.0000,0.0000,0.0738,0.0000,200,1.8382
0.0175,0.0000,0.0000,0.0000,0.0174,0.0000,200,1.8954
0.0098,0.0000,0.0000,0.0000,0.0097,0.0000,200,1.9036
0.0216,0.0000,0.0000,0.0000,0.0215,0.0000,200,1.8922
0.0065,0.0000,0.0000,0.0000,0.0062,0.0001,200,1.9078
0.0095,0.0000,0.0000,0.0000,0.0095,0.0000,200,1.9052
0.0193,0.0000,0.0000,0.0000,0.0188,0.0004,200,1.8960
0.0050,0.0000,0.0000,0.0000,0.0050,0.0000,200,1.9108
0.0160,0.0000,0.0000,0.0000,0.0159,0.0000,200,1.8999
0.0312,0.0000,0.0000,0.0000,0.0308,0.0004,200,1.8856
0.0168,0.0000,0.0000,0.0000,0.0168,0.0000,200,1.9000
0.0138,0.0000,0.0000,0.0000,0.0137,0.0000,200,1.9037
0.0025,0.0000,0.0000,0.0001,0.0019,0.0004,200,1.9153
0.0086,0.0000,0.0000,0.0000,0.0085,0.0000,200,1.9093
0.0120,0.0000,0.0000,0.0000,0.0120,0.0000,200,1.9059
0.0484,0.0000,0.0000,0.0000,0.0483,0.0000,200,1.8698
0.0067,0.0000,0.0000,0.0000,0.0066,0.0001,200,1.9122
0.0063,0.0000,0.0000,0.0000,0.0062,0.0001,200,1.9128
0.0019,0.0000,0.0000,0.0000,0.0018,0.0001,200,1.9179
0.0052,0.0000,0.0000,0.0000,0.0051,0.0000,200,1.9147
0.0148,0.0000,0.0000,0.0000,0.0148,0.0000,200,1.9052
0.0140,0.0000,0.0000,0.0000,0.0139,0.0001,200,1.9077
0.0108,0.0000,0.0000,0.0000,0.0107,0.0000,200,1.9112
0.0160,0.0000,0.0000,0.0000,0.0154,0.0005,200,1.9061
0.0175,0.0000,0.0000,0.0000,0.0173,0.0002,200,1.9046
0.0035,0.0000,0.0000,0.0000,0.0034,0.0000,200,1.9189
0.0188,0.0000,0.0000,0.0000,0.0185,0.0002,200,1.9036
0.0103,0.0000,0.0000,0.0001,0.0101,0.0000,200,1.9122
0.0082,0.0000,0.0000,0.0001,0.0079,0.0000,200,1.9142
0.0046,0.0000,0.0000,0.0000,0.0045,0.0000,200,1.9180
0.0227,0.0000,0.0000,0.0000,0.0222,0.0005,200,1.8999
0.0355,0.0000,0.0000,0.0000,0.0354,0.0000,200,1.8876
0.0198,0.0000,0.0000,0.0000,0.0196,0.0002,200,1.9037
0.0059,0.0000,0.0000,0.0000,0.0058,0.0000,200,1.9179
0.0209,0.0000,0.0000,0.0000,0.0208,0.0000,200,1.9038
0.0182,0.0000,0.0000,0.0000,0.0181,0.0000,200,1.9066
0.0027,0.0000,0.0000,0.0000,0.0023,0.0000,200,1.9221
0.0949,0.0000,0.0000,0.0000,0.0947,0.0002,200,1.8319
0.1028,0.0000,0.0000,0.0000,0.1027,0.0000,200,1.8246
0.0192,0.0000,0.0000,0.0001,0.0185,0.0000,200,1.9083
0.0137,0.0000,0.0000,0.0000,0.0137,0.0000,200,1.9138
0.0276,0.0000,0.0000,0.0000,0.0276,0.0000,200,1.9000
0.0308,0.0000,0.0000,0.0001,0.0308,0.0000,200,1.8969
0.0057,0.0000,0.0000,0.0000,0.0056,0.0000,200,1.9221
0.0030,0.0000,0.0000,0.0000,0.0029,0.0000,200,1.9248
0.0385,0.0000,0.0000,0.0000,0.0385,0.0000,200,1.8893
0.0333,0.0000,0.0000,0.0000,0.0333,0.0000,200,1.8946
0.0269,0.0000,0.0000,0.0000,0.0268,0.0000,200,1.9011
0.0112,0.0000,0.0000,0.0000,0.0111,0.0000,200,1.9168
0.0082,0.0000,0.0000,0.0000,0.0081,0.0000,200,1.9198
0.0219,0.0000,0.0000,0.0000,0.0218,0.0001,200,1.9069
0.0057,0.0000,0.0000,0.0001,0.0051,0.0001,200,1.9235
0.0257,0.0000,0.0000,0.0000,0.0256,0.0000,200,1.9037
0.0065,0.0000,0.0000,0.0000,0.0063,0.0001,200,1.9231
0.0084,0.0000,0.0000,0.0000,0.0081,0.0000,200,1.9220
0.0033,0.0000,0.0000,0.0000,0.0031,0.0002,200,1.9278
0.0034,0.0000,0.0000,0.0000,0.0033,0.0000,200,1.9277
0.0277,0.0000,0.0000,0.0000,0.0276,0.0000,200,1.9037
0.0158,0.0000,0.0000,0.0000,0.0158,0.0000,200,1.9159
0.0167,0.0000,0.0000,0.0000,0.0166,0.0000,200,1.9159
0.0051,0.0000,0.0000,0.0000,0.0050,0.0000,200,1.9276
0.0051,0.0000,0.0000,0.0000,0.0051,0.0000,200,1.9276
0.0105,0.0000,0.0000,0.0000,0.0104,0.0000,200,1.9224
0.0328,0.0000,0.0000,0.0000,0.0328,0.0000,200,1.9000
0.0050,0.0000,0.0000,0.0000,0.0050,0.0000,200,1.9279
0.0068,0.0000,0.0000,0.0000,0.0067,0.0000,200,1.9268
0.0154,0.0000,0.0000,0.0000,0.0153,0.0000,200,1.9182
0.0248,0.0000,0.0000,0.0000,0.0242,0.0001,200,1.9094
0.0068,0.0000,0.0000,0.0000,0.0068,0.0000,200,1.9277
0.0076,0.0000,0.0000,0.0000,0.0074,0.0002,200,1.9274
0.0015,0.0000,0.0000,0.0000,0.0015,0.0000,200,1.9336
0.0179,0.0000,0.0000,0.0000,0.0178,0.0000,200,1.9174
0.0141,0.0000,0.0000,0.0000,0.0139,0.0002,200,1.9218
0.0140,0.0000,0.0000,0.0000,0.0139,0.0000,200,1.9226
0.0232,0.0000,0.0000,0.0000,0.0230,0.0001,200,1.9133
0.0081,0.0000,0.0000,0.0000,0.0080,0.0000,200,1.9293
0.0047,0.0000,0.0000,0.0000,0.0047,0.0000,200,1.9328
0.0060,0.0000,0.0000,0.0000,0.0059,0.0000,200,1.9336
0.0031,0.0000,0.0000,0.0000,0.0029,0.0001,200,1.9365
0.0361,0.0000,0.0000,0.0000,0.0361,0.0000,200,1.9036
0.0071,0.0000,0.0000,0.0001,0.0069,0.0000,200,1.9326
0.0119,0.0000,0.0000,0.0000,0.0119,0.0000,200,1.9278
0.0513,0.0000,0.0000,0.0000,0.0512,0.0001,200,1.8886
0.0046,0.0000,0.0000,0.0001,0.0043,0.0000,200,1.9353
0.0077,0.0000,0.0000,0.0000,0.0076,0.0001,200,1.9329
0.0035,0.0000,0.0000,0.0000,0.0035,0.0000,200,1.9373
0.0213,0.0000,0.0000,0.0000,0.0213,0.0000,200,1.9199
0.0309,0.0000,0.0000,0.0000,0.0308,0.0000,200,1.9107
0.0169,0.0000,0.0000,0.0000,0.0168,0.0000,200,1.9280
0.0132,0.0000,0.0000,0.0000,0.0132,0.0000,200,1.9317
0.0171,0.0000,0.0000,0.0000,0.0170,0.0001,200,1.9279
0.0171,0.0000,0.0000,0.0000,0.0170,0.0000,200,1.9280
0.0055,0.0000,0.0000,0.0001,0.0054,0.0000,200,1.9398
0.0545,0.0000,0.0000,0.0000,0.0537,0.0007,200,1.8908
0.0127,0.0000,0.0000,0.0000,0.0127,0.0000,200,1.9326
0.0472,0.0000,0.0000,0.0000,0.0471,0.0000,200,1.8982
0.0059,0.0000,0.0000,0.0000,0.0058,0.0000,200,1.9397
0.0111,0.0000,0.0000,0.0000,0.0111,0.0000,200,1.9345
0.0210,0.0000,0.0000,0.0000,0.0210,0.0000,200,1.9247
0.0447,0.0000,0.0000,0.0000,0.0446,0.0000,200,1.9011
0.0233,0.0000,0.0000,0.0000,0.0226,0.0007,200,1.9225
0.0164,0.0000,0.0000,0.0000,0.0163,0.0000,200,1.9294
0.0145,0.0000,0.0000,0.0000,0.0145,0.0000,200,1.9314
0.0260,0.0000,0.0000,0.0000,0.0254,0.0006,200,1.9200
0.0238,0.0000,0.0000,0.0000,0.0236,0.0001,200,1.9224
0.0347,0.0000,0.0000,0.0000,0.0346,0.0000,200,1.9115
0.0228,0.0000,0.0000,0.0000,0.0227,0.0000,200,1.9237
0.0160,0.0000,0.0000,0.0006,0.0153,0.0000,200,1.9311
0.0202,0.0000,0.0000,0.0000,0.0201,0.0000,200,1.9275
0.0087,0.0000,0.0000,0.0000,0.0086,0.0000,200,1.9396
0.0029,0.0000,0.0000,0.0000,0.0028,0.0001,200,1.9456
0.0024,0.0000,0.0000,0.0000,0.0024,0.0000,200,1.9461
0.0210,0.0000,0.0000,0.0000,0.0209,0.0000,200,1.9288
0.0148,0.0000,0.0000,0.0000,0.0147,0.0000,200,1.9350
0.0090,0.0000,0.0000,0.0001,0.0089,0.0000,200,1.9409
0.0188,0.0000,0.0000,0.0002,0.0186,0.0000,200,1.9311
0.0308,0.0000,0.0000,0.0000,0.0307,0.0001,200,1.9192
0.0197,0.0000,0.0000,0.0000,0.0197,0.0000,200,1.9329
0.0070,0.0000,0.0000,0.0000,0.0068,0.0001,200,1.9457
0.0111,0.0000,0.0000,0.0000,0.0109,0.0002,200,1.9416
0.0088,0.0000,0.0000,0.0000,0.0087,0.0000,200,1.9449
0.0047,0.0000,0.0000,0.0000,0.0046,0.0001,200,1.9498
0.0047,0.0000,0.0000,0.0000,0.0044,0.0000,200,1.9500
0.0519,0.0000,0.0000,0.0000,0.0518,0.0000,200,1.9037
0.0104,0.0000,0.0000,0.0000,0.0101,0.0001,200,1.9459
0.0031,0.0000,0.0000,0.0000,0.0030,0.0000,200,1.9547
0.0122,0.0000,0.0000,0.0000,0.0122,0.0001,200,1.9458
0.0131,0.0000,0.0000,0.0000,0.0130,0.0000,200,1.9450
0.0059,0.0000,0.0000,0.0000,0.0059,0.0000,200,1.9526
0.0052,0.0000,0.0000,0.0000,0.0051,0.0000,200,1.9537
0.0352,0.0000,0.0000,0.0000,0.0351,0.0001,200,1.9248
0.0154,0.0000,0.0000,0.0004,0.0148,0.0002,200,1.9458
0.0171,0.0000,0.0000,0.0000,0.0168,0.0003,200,1.9449
0.0124,0.0000,0.0000,0.0000,0.0123,0.0000,200,1.9499
0.0226,0.0000,0.0000,0.0000,0.0226,0.0000,200,1.9397
0.0162,0.0000,0.0000,0.0000,0.0162,0.0000,200,1.9471
0.0306,0.0000,0.0000,0.0000,0.0306,0.0000,200,1.9328
0.0186,0.0000,0.0000,0.0000,0.0184,0.0001,200,1.9458
0.0197,0.0000,0.0000,0.0000,0.0196,0.0000,200,1.9450
0.0096,0.0000,0.0000,0.0000,0.0095,0.0000,200,1.9555
0.0182,0.0000,0.0000,0.0017,0.0164,0.0001,200,1.9477
0.0194,0.0000,0.0000,0.0000,0.0193,0.0001,200,1.9465
0.0085,0.0000,0.0000,0.0000,0.0082,0.0001,200,1.9582
0.0205,0.0000,0.0000,0.0000,0.0203,0.0001,200,1.9462
0.0174,0.0000,0.0000,0.0000,0.0173,0.0001,200,1.9499
0.0176,0.0000,0.0000,0.0000,0.0175,0.0000,200,1.9499
0.0052,0.0000,0.0000,0.0000,0.0051,0.0001,200,1.9633
0.0042,0.0000,0.0000,0.0000,0.0041,0.0001,200,1.9651
0.0245,0.0000,0.0000,0.0000,0.0244,0.0001,200,1.9454
0.0248,0.0000,0.0000,0.0000,0.0247,0.0001,200,1.9457
0.0330,0.0000,0.0000,0.0000,0.0329,0.0001,200,1.9376
0.0309,0.0000,0.0000,0.0000,0.0307,0.0001,200,1.9401
0.0486,0.0000,0.0000,0.0000,0.0485,0.0001,200,1.9225
0.0361,0.0000,0.0000,0.0002,0.0358,0.0001,200,1.9351
0.0488,0.0000,0.0000,0.0000,0.0487,0.0000,200,1.9226
0.0047,0.0000,0.0000,0.0000,0.0046,0.0000,200,1.9675
0.0197,0.0000,0.0000,0.0000,0.0196,0.0000,200,1.9527
0.0131,0.0000,0.0000,0.0000,0.0130,0.0001,200,1.9600
0.0099,0.0000,0.0000,0.0000,0.0098,0.0001,200,1.9634
0.0113,0.0000,0.0000,0.0000,0.0112,0.0001,200,1.9623
0.0264,0.0000,0.0000,0.0002,0.0251,0.0000,200,1.9483
0.0418,0.0000,0.0000,0.0002,0.0415,0.0001,200,1.9359
0.0367,0.0000,0.0000,0.0000,0.0366,0.0001,200,1.9412
0.0086,0.0000,0.0000,0.0000,0.0085,0.0000,200,1.9694
0.0048,0.0000,0.0000,0.0000,0.0048,0.0000,200,1.9733
0.0124,0.0000,0.0000,0.0000,0.0123,0.0001,200,1.9658
0.0209,0.0000,0.0000,0.0000,0.0208,0.0000,200,1.9578
0.0243,0.0000,0.0000,0.0000,0.0242,0.0000,200,1.9546
0.0228,0.0000,0.0000,0.0000,0.0227,0.0000,200,1.9563
0.0266,0.0000,0.0000,0.0000,0.0265,0.0000,200,1.9527
0.0081,0.0000,0.0000,0.0000,0.0079,0.0002,200,1.9712
0.0069,0.0000,0.0000,0.0000,0.0068,0.0000,200,1.9724
0.0135,0.0000,0.0000,0.0000,0.0135,0.0000,200,1.9660
0.0062,0.0000,0.0000,0.0000,0.0060,0.0000,200,1.9736
0.0209,0.0000,0.0000,0.0000,0.0208,0.0000,200,1.9589
0.0392,0.0000,0.0000,0.0000,0.0392,0.0000,200,1.9406
0.0345,0.0000,0.0000,0.0000,0.0345,0.0000,200,1.9453
0.0397,0.0000,0.0000,0.0000,0.0395,0.0000,200,1.9405
0.0057,0.0000,0.0000,0.0000,0.0056,0.0000,200,1.9746
0.0407,0.0000,0.0000,0.0000,0.0406,0.0000,200,1.9397
0.0157,0.0000,0.0000,0.0000,0.0156,0.0000,200,1.9648
0.0203,0.0000,0.0000,0.0000,0.0202,0.0001,200,1.9612
0.0135,0.0000,0.0000,0.0000,0.0134,0.0000,200,1.9686
0.0030,0.0000,0.0000,0.0000,0.0029,0.0000,200,1.9792
0.0020,0.0000,0.0000,0.0000,0.0019,0.0000,200,1.9803
0.0464,0.0000,0.0000,0.0000,0.0463,0.0000,200,1.9366
0.0527,0.0000,0.0000,0.0000,0.0527,0.0000,200,1.9304
0.0038,0.0000,0.0000,0.0000,0.0037,0.0000,200,1.9799
0.0072,0.0000,0.0000,0.0000,0.0071,0.0000,200,1.9779
0.0077,0.0000,0.0000,0.0000,0.0075,0.0002,200,1.9795
0.0165,0.0000,0.0000,0.0000,0.0162,0.0002,200,1.9710
0.0706,0.0000,0.0000,0.0000,0.0706,0.0000,200,1.9168
0.0390,0.0000,0.0000,0.0000,0.0390,0.0000,200,1.9486
0.0580,0.0000,0.0000,0.0000,0.0579,0.0000,200,1.9296
0.0166,0.0000,0.0000,0.0000,0.0166,0.0000,200,1.9711
0.0180,0.0000,0.0000,0.0000,0.0176,0.0004,200,1.9699
0.0066,0.0000,0.0000,0.0000,0.0063,0.0002,200,1.9816
0.0779,0.0000,0.0000,0.0000,0.0778,0.0000,200,1.9103
0.0240,0.0000,0.0000,0.0001,0.0239,0.0000,200,1.9644
0.0178,0.0000,0.0000,0.0000,0.0178,0.0000,200,1.9706
0.0306,0.0000,0.0000,0.0000,0.0305,0.0000,200,1.9580
0.0786,0.0000,0.0000,0.0000,0.0785,0.0000,200,1.9101
0.0052,0.0000,0.0000,0.0001,0.0048,0.0001,200,1.9836
0.0435,0.0000,0.0000,0.0000,0.0434,0.0000,200,1.9455
0.0230,0.0000,0.0000,0.0000,0.0230,0.0000,200,1.9667
0.0077,0.0000,0.0000,0.0000,0.0076,0.0000,200,1.9823
0.0237,0.0000,0.0000,0.0000,0.0232,0.0005,200,1.9674
0.0127,0.0000,0.0000,0.0000,0.0127,0.0000,200,1.9804
0.0114,0.0000,0.0000,0.0000,0.0113,0.0000,200,1.9820
0.0141,0.0000,0.0000,0.0000,0.0140,0.0001,200,1.9794
0.0483,0.0000,0.0000,0.0000,0.0479,0.0000,200,1.9453
0.0148,0.0000,0.0000,0.0000,0.0148,0.0000,200,1.9787
0.0062,0.0000,0.0000,0.0000,0.0061,0.0000,200,1.9874
0.0143,0.0000,0.0000,0.0000,0.0142,0.0000,200,1.9793
0.0205,0.0000,0.0000,0.0000,0.0205,0.0000,200,1.9731
0.0146,0.0000,0.0000,0.0000,0.0146,0.0000,200,1.9791
0.0115,0.0000,0.0000,0.0000,0.0115,0.0000,200,1.9822
0.0156,0.0000,0.0000,0.0000,0.0153,0.0003,200,1.9776
0.0066,0.0000,0.0000,0.0001,0.0052,0.0010,200,1.9876
0.0325,0.0000,0.0000,0.0000,0.0324,0.0000,200,1.9620
0.0060,0.0000,0.0000,0.0000,0.0060,0.0000,200,1.9886
0.0064,0.0000,0.0000,0.0000,0.0064,0.0000,200,1.9888
0.0021,0.0000,0.0000,0.0000,0.0020,0.0000,200,1.9933
0.0493,0.0000,0.0000,0.0001,0.0492,0.0000,200,1.9460
0.0049,0.0000,0.0000,0.0000,0.0041,0.0008,200,1.9911
0.0109,0.0000,0.0000,0.0000,0.0108,0.0001,200,1.9900
0.0229,0.0000,0.0000,0.0000,0.0229,0.0000,200,1.9779
0.0049,0.0000,0.0000,0.0003,0.0042,0.0000,200,1.9960
0.0074,0.0000,0.0000,0.0000,0.0074,0.0000,200,1.9935
0.0073,0.0000,0.0000,0.0000,0.0073,0.0000,200,1.9937
0.0180,0.0000,0.0000,0.0000,0.0180,0.0000,200,1.9831
0.0213,0.0000,0.0000,0.0000,0.0209,0.0003,200,1.9798
0.0077,0.0000,0.0000,0.0000,0.0076,0.0000,200,1.9934
0.0289,0.0000,0.0000,0.0000,0.0289,0.0000,200,1.9722
0.0058,0.0000,0.0000,0.0000,0.0058,0.0000,200,1.9954
0.0128,0.0000,0.0000,0.0000,0.0128,0.0000,200,1.9884
0.0123,0.0000,0.0000,0.0000,0.0123,0.0000,200,1.9889
0.0129,0.0000,0.0000,0.0001,0.0127,0.0000,200,1.9884
0.0116,0.0000,0.0000,0.0000,0.0116,0.0000,200,1.9897
0.0233,0.0000,0.0000,0.0000,0.0233,0.0000,200,1.9781
0.0140,0.0000,0.0000,0.0000,0.0140,0.0000,200,1.9874
0.0143,0.0000,0.0000,0.0000,0.0142,0.0000,200,1.9872
0.0140,0.0000,0.0000,0.0000,0.0135,0.0004,200,1.9876
0.0674,0.0000,0.0000,0.0001,0.0673,0.0000,200,1.9343
0.0218,0.0000,0.0000,0.0000,0.0218,0.0000,200,1.9799
0.0083,0.0000,0.0000,0.0000,0.0082,0.0000,200,1.9934
0.0132,0.0000,0.0000,0.0000,0.0131,0.0000,200,1.9886
0.0072,0.0000,0.0000,0.0002,0.0067,0.0000,200,1.9946
0.0317,0.0000,0.0000,0.0000,0.0316,0.0000,200,1.9706
0.0087,0.0000,0.0000,0.0000,0.0086,0.0001,200,1.9942
0.0016,0.0000,0.0000,0.0000,0.0016,0.0000,200,2.0018
0.0165,0.0000,0.0000,0.0000,0.0162,0.0002,200,1.9877
0.0107,0.0000,0.0000,0.0000,0.0106,0.0000,200,1.9937
0.0009,0.0000,0.0000,0.0000,0.0008,0.0000,200,2.0034
0.0171,0.0000,0.0000,0.0000,0.0171,0.0000,200,1.9882
0.0045,0.0000,0.0000,0.0000,0.0044,0.0000,200,2.0009
0.0265,0.0000,0.0000,0.0000,0.0265,0.0000,200,1.9788
0.0118,0.0000,0.0000,0.0000,0.0118,0.0000,200,1.9936
0.0120,0.0000,0.0000,0.0000,0.0120,0.0000,200,1.9936
0.0040,0.0000,0.0000,0.0000,0.0039,0.0000,200,2.0023
0.0059,0.0000,0.0000,0.0000,0.0058,0.0000,200,2.0009
0.0085,0.0000,0.0000,0.0000,0.0085,0.0001,200,2.0013
0.0076,0.0000,0.0000,0.0001,0.0075,0.0001,200,2.0029
0.0094,0.0000,0.0000,0.0000,0.0093,0.0000,200,2.0014
0.0232,0.0000,0.0000,0.0000,0.0231,0.0001,200,1.9879
0.0339,0.0000,0.0000,0.0002,0.0336,0.0000,200,1.9783
0.0324,0.0000,0.0000,0.0000,0.0323,0.0001,200,1.9798
0.0174,0.0000,0.0000,0.0000,0.0173,0.0000,200,1.9954
0.0113,0.0000,0.0000,0.0000,0.0112,0.0001,200,2.0017
0.0118,0.0000,0.0000,0.0000,0.0117,0.0001,200,2.0015
0.0038,0.0000,0.0000,0.0000,0.0037,0.0000,200,2.0099
0.0187,0.0000,0.0000,0.0000,0.0186,0.0000,200,1.9953
0.0135,0.0000,0.0000,0.0000,0.0135,0.0000,200,2.0011
0.0439,0.0000,0.0000,0.0000,0.0438,0.0000,200,1.9714
0.0491,0.0000,0.0000,0.0002,0.0489,0.0000,200,1.9667
0.0152,0.0000,0.0000,0.0000,0.0146,0.0000,200,2.0011
0.0347,0.0000,0.0000,0.0018,0.0326,0.0001,200,1.9852
0.0580,0.0000,0.0000,0.0000,0.0578,0.0002,200,1.9622
0.0162,0.0000,0.0000,0.0000,0.0161,0.0001,200,2.0044
0.0140,0.0000,0.0000,0.0000,0.0140,0.0001,200,2.0068
0.0086,0.0000,0.0000,0.0000,0.0085,0.0001,200,2.0133
0.0099,0.0000,0.0000,0.0000,0.0098,0.0001,200,2.0122
0.0065,0.0000,0.0000,0.0000,0.0065,0.0000,200,2.0158
0.0170,0.0000,0.0000,0.0000,0.0169,0.0000,200,2.0054
0.0118,0.0000,0.0000,0.0000,0.0117,0.0000,200,2.0108
0.0220,0.0000,0.0000,0.0000,0.0219,0.0001,200,2.0009
0.0103,0.0000,0.0000,0.0001,0.0102,0.0000,200,2.0130
0.0113,0.0000,0.0000,0.0000,0.0112,0.0001,200,2.0121
0.0041,0.0000,0.0000,0.0000,0.0040,0.0000,200,2.0198
0.0012,0.0000,0.0000,0.0000,0.0011,0.0001,200,2.0229
0.0443,0.0000,0.0000,0.0000,0.0443,0.0000,200,1.9802
0.0308,0.0000,0.0000,0.0000,0.0308,0.0000,200,1.9937
0.0216,0.0000,0.0000,0.0000,0.0215,0.0000,200,2.0044
0.0218,0.0000,0.0000,0.0000,0.0217,0.0000,200,2.0042
0.0205,0.0000,0.0000,0.0000,0.0198,0.0007,200,2.0056
0.0431,0.0000,0.0000,0.0000,0.0430,0.0000,200,1.9830
0.0253,0.0000,0.0000,0.0000,0.0252,0.0000,200,2.0016
0.0259,0.0000,0.0000,0.0000,0.0258,0.0000,200,2.0018
0.0792,0.0000,0.0000,0.0000,0.0791,0.0000,200,1.9485
0.0068,0.0000,0.0000,0.0000,0.0068,0.0000,200,2.0208
0.0215,0.0000,0.0000,0.0000,0.0214,0.0000,200,2.0062
0.0072,0.0000,0.0000,0.0000,0.0071,0.0000,200,2.0206
0.0478,0.0000,0.0000,0.0000,0.0477,0.0000,200,1.9803
0.0267,0.0000,0.0000,0.0000,0.0267,0.0000,200,2.0016
0.0067,0.0000,0.0000,0.0002,0.0056,0.0009,200,2.0224
0.0072,0.0000,0.0000,0.0000,0.0071,0.0000,200,2.0219
0.0130,0.0000,0.0000,0.0000,0.0130,0.0000,200,2.0163
0.0243,0.0000,0.0000,0.0000,0.0242,0.0001,200,2.0054
0.0053,0.0000,0.0000,0.0000,0.0052,0.0000,200,2.0245
0.0062,0.0000,0.0000,0.0000,0.0061,0.0000,200,2.0241
0.0257,0.0000,0.0000,0.0000,0.0255,0.0002,200,2.0053
0.0209,0.0000,0.0000,0.0000,0.0208,0.0000,200,2.0105
0.0301,0.0000,0.0000,0.0000,0.0300,0.0001,200,2.0015
0.0378,0.0000,0.0000,0.0002,0.0375,0.0000,200,1.9942
0.0182,0.0000,0.0000,0.0000,0.0181,0.0000,200,2.0140
0.0033,0.0000,0.0000,0.0000,0.0032,0.0000,200,2.0293
0.0194,0.0000,0.0000,0.0000,0.0193,0.0000,200,2.0137
0.0319,0.0000,0.0000,0.0000,0.0319,0.0000,200,2.0012
0.0044,0.0000,0.0000,0.0000,0.0043,0.0000,200,2.0291
0.0190,0.0000,0.0000,0.0000,0.0190,0.0000,200,2.0146
0.0346,0.0000,0.0000,0.0000,0.0345,0.0000,200,2.0011
0.0032,0.0000,0.0000,0.0001,0.0030,0.0000,200,2.0326
0.0056,0.0000,0.0000,0.0000,0.0055,0.0000,200,2.0303
0.0133,0.0000,0.0000,0.0000,0.0133,0.0000,200,2.0225
0.0207,0.0000,0.0000,0.0000,0.0206,0.0000,200,2.0152
0.0045,0.0000,0.0000,0.0000,0.0045,0.0000,200,2.0314
0.0121,0.0000,0.0000,0.0000,0.0120,0.0000,200,2.0239
0.0029,0.0000,0.0000,0.0000,0.0028,0.0000,200,2.0331
0.0070,0.0000,0.0000,0.0006,0.0064,0.0000,200,2.0290
0.0137,0.0000,0.0000,0.0000,0.0135,0.0000,200,2.0224
0.0480,0.0000,0.0000,0.0000,0.0479,0.0000,200,1.9882
0.0040,0.0000,0.0000,0.0000,0.0039,0.0000,200,2.0322
0.0127,0.0000,0.0000,0.0000,0.0127,0.0000,200,2.0235
0.0311,0.0000,0.0000,0.0000,0.0310,0.0001,200,2.0053
0.0363,0.0000,0.0000,0.0000,0.0362,0.0001,200,2.0013
0.0015,0.0000,0.0000,0.0000,0.0015,0.0000,200,2.0361
0.0066,0.0000,0.0000,0.0000,0.0065,0.0000,200,2.0310
0.0441,0.0000,0.0000,0.0000,0.0440,0.0000,200,1.9936
0.0131,0.0000,0.0000,0.0000,0.0131,0.0000,200,2.0246
0.0018,0.0000,0.0000,0.0001,0.0016,0.0000,200,2.0362
0.0023,0.0000,0.0000,0.0000,0.0022,0.0001,200,2.0360
0.0393,0.0000,0.0000,0.0000,0.0393,0.0000,200,2.0012
0.0137,0.0000,0.0000,0.0000,0.0137,0.0000,200,2.0269
0.0046,0.0000,0.0000,0.0000,0.0045,0.0000,200,2.0360
0.0147,0.0000,0.0000,0.0000,0.0146,0.0000,200,2.0260
0.0087,0.0000,0.0000,0.0000,0.0087,0.0000,200,2.0320
0.0076,0.0000,0.0000,0.0000,0.0074,0.0002,200,2.0331
0.0049,0.0000,0.0000,0.0000,0.0048,0.0000,200,2.0359
0.0050,0.0000,0.0000,0.0000,0.0050,0.0000,200,2.0358
0.0397,0.0000,0.0000,0.0000,0.0396,0.0000,200,2.0011
0.0100,0.0000,0.0000,0.0001,0.0098,0.0000,200,2.0315
0.0012,0.0000,0.0000,0.0000,0.0011,0.0000,200,2.0407
0.0293,0.0000,0.0000,0.0000,0.0293,0.0000,200,2.0128
0.0172,0.0000,0.0000,0.0000,0.0171,0.0000,200,2.0284
0.0179,0.0000,0.0000,0.0003,0.0175,0.0000,200,2.0277
0.0050,0.0000,0.0000,0.0000,0.0049,0.0000,200,2.0407
0.0098,0.0000,0.0000,0.0000,0.0098,0.0000,200,2.0359
0.0082,0.0000,0.0000,0.0000,0.0081,0.0000,200,2.0376
0.0097,0.0000,0.0000,0.0000,0.0094,0.0002,200,2.0361
0.0236,0.0000,0.0000,0.0000,0.0234,0.0002,200,2.0222
0.0101,0.0000,0.0000,0.0000,0.0101,0.0000,200,2.0357
0.0874,0.0000,0.0000,0.0000,0.0873,0.0000,200,1.9585
0.0182,0.0000,0.0000,0.0000,0.0181,0.0000,200,2.0278
0.0044,0.0000,0.0000,0.0000,0.0043,0.0000,200,2.0415
0.0098,0.0000,0.0000,0.0000,0.0097,0.0001,200,2.0361
0.0077,0.0000,0.0000,0.0000,0.0077,0.0000,200,2.0383
0.0041,0.0000,0.0000,0.0000,0.0039,0.0001,200,2.0419
0.0188,0.0000,0.0000,0.0000,0.0188,0.0001,200,2.0297
0.0080,0.0000,0.0000,0.0000,0.0079,0.0000,200,2.0406
0.0470,0.0000,0.0000,0.0000,0.0469,0.0000,200,2.0017
0.0210,0.0000,0.0000,0.0000,0.0209,0.0000,200,2.0277
0.0475,0.0000,0.0000,0.0004,0.0470,0.0000,200,2.0013
0.0080,0.0000,0.0000,0.0000,0.0079,0.0000,200,2.0408
0.0112,0.0000,0.0000,0.0000,0.0112,0.0000,200,2.0376
0.0479,0.0000,0.0000,0.0000,0.0475,0.0004,200,2.0010
0.0247,0.0000,0.0000,0.0000,0.0246,0.0000,200,2.0261
0.0100,0.0000,0.0000,0.0000,0.0099,0.0001,200,2.0407
0.0307,0.0000,0.0000,0.0000,0.0306,0.0000,200,2.0202
0.0067,0.0000,0.0000,0.0000,0.0063,0.0004,200,2.0458
0.0146,0.0000,0.0000,0.0000,0.0145,0.0000,200,2.0379
0.0043,0.0000,0.0000,0.0003,0.0039,0.0001,200,2.0487
0.0047,0.0000,0.0000,0.0001,0.0042,0.0001,200,2.0486
0.0131,0.0000,0.0000,0.0000,0.0130,0.0000,200,2.0408
0.0276,0.0000,0.0000,0.0000,0.0276,0.0000,200,2.0277
0.0151,0.0000,0.0000,0.0000,0.0150,0.0000,200,2.0406
0.0222,0.0000,0.0000,0.0000,0.0217,0.0005,200,2.0359
0.0247,0.0000,0.0000,0.0000,0.0246,0.0001,200,2.0336
0.0219,0.0000,0.0000,0.0000,0.0218,0.0001,200,2.0376
0.0490,0.0000,0.0000,0.0000,0.0488,0.0001,200,2.0111
0.0194,0.0000,0.0000,0.0000,0.0194,0.0000,200,2.0408
0.0374,0.0000,0.0000,0.0000,0.0372,0.0002,200,2.0233
0.0275,0.0000,0.0000,0.0000,0.0274,0.0001,200,2.0335
0.0059,0.0000,0.0000,0.0003,0.0056,0.0000,200,2.0553
0.0256,0.0000,0.0000,0.0000,0.0255,0.0001,200,2.0360
0.0628,0.0000,0.0000,0.0000,0.0627,0.0001,200,2.0010
0.0380,0.0000,0.0000,0.0000,0.0379,0.0000,200,2.0260
0.0158,0.0000,0.0000,0.0000,0.0158,0.0000,200,2.0487
0.0704,0.0000,0.0000,0.0000,0.0702,0.0001,200,1.9945
0.0036,0.0000,0.0000,0.0000,0.0035,0.0000,200,2.0616
0.0199,0.0000,0.0000,0.0000,0.0198,0.0001,200,2.0456
0.0252,0.0000,0.0000,0.0000,0.0250,0.0000,200,2.0406
0.0080,0.0000,0.0000,0.0001,0.0076,0.0000,200,2.0581
0.0139,0.0000,0.0000,0.0000,0.0138,0.0001,200,2.0525
0.0113,0.0000,0.0000,0.0000,0.0112,0.0000,200,2.0557
0.0163,0.0000,0.0000,0.0000,0.0162,0.0000,200,2.0509
0.0038,0.0000,0.0000,0.0000,0.0037,0.0001,200,2.0638
0.0153,0.0000,0.0000,0.0000,0.0152,0.0000,200,2.0525
0.0304,0.0000,0.0000,0.0000,0.0302,0.0000,200,2.0377
0.0082,0.0000,0.0000,0.0000,0.0081,0.0001,200,2.0603
0.0093,0.0000,0.0000,0.0000,0.0093,0.0000,200,2.0595
0.0159,0.0000,0.0000,0.0000,0.0157,0.0002,200,2.0533
0.0209,0.0000,0.0000,0.0001,0.0204,0.0003,200,2.0488
0.0103,0.0000,0.0000,0.0000,0.0099,0.0004,200,2.0613
0.0259,0.0000,0.0000,0.0000,0.0258,0.0000,200,2.0457
0.0196,0.0000,0.0000,0.0000,0.0193,0.0001,200,2.0538
0.0151,0.0000,0.0000,0.0000,0.0150,0.0000,200,2.0584
0.0278,0.0000,0.0000,0.0000,0.0277,0.0001,200,2.0458
0.0444,0.0000,0.0000,0.0000,0.0444,0.0000,200,2.0298
0.0046,0.0000,0.0000,0.0001,0.0045,0.0000,200,2.0697
0.0255,0.0000,0.0000,0.0000,0.0253,0.0000,200,2.0488
0.0292,0.0000,0.0000,0.0000,0.0292,0.0000,200,2.0460
0.0071,0.0000,0.0000,0.0001,0.0070,0.0000,200,2.0682
0.0302,0.0000,0.0000,0.0000,0.0301,0.0001,200,2.0459
0.0254,0.0000,0.0000,0.0000,0.0254,0.0000,200,2.0508
0.0167,0.0000,0.0000,0.0001,0.0166,0.0000,200,2.0601
0.0347,0.0000,0.0000,0.0000,0.0343,0.0003,200,2.0421
0.0035,0.0000,0.0000,0.0000,0.0034,0.0001,200,2.0736
0.0125,0.0000,0.0000,0.0000,0.0123,0.0002,200,2.0655
0.0042,0.0000,0.0000,0.0000,0.0041,0.0000,200,2.0743
0.0148,0.0000,0.0000,0.0000,0.0147,0.0000,200,2.0652
0.0115,0.0000,0.0000,0.0000,0.0115,0.0000,200,2.0685
0.0085,0.0000,0.0000,0.0000,0.0084,0.0001,200,2.0716
0.0540,0.0000,0.0000,0.0000,0.0540,0.0000,200,2.0261
0.0156,0.0000,0.0000,0.0000,0.0155,0.0000,200,2.0646
0.0279,0.0000,0.0000,0.0000,0.0278,0.0001,200,2.0529
0.0072,0.0000,0.0000,0.0000,0.0071,0.0000,200,2.0743
0.0367,0.0000,0.0000,0.0000,0.0365,0.0002,200,2.0457
0.0344,0.0000,0.0000,0.0000,0.0341,0.0003,200,2.0487
0.0029,0.0000,0.0000,0.0000,0.0029,0.0000,200,2.0801
0.0227,0.0000,0.0000,0.0000,0.0226,0.0000,200,2.0608
0.0065,0.0000,0.0000,0.0000,0.0064,0.0000,200,2.0771
0.0021,0.0000,0.0000,0.0001,0.0020,0.0000,200,2.0814
0.0169,0.0000,0.0000,0.0000,0.0168,0.0000,200,2.0670
0.0241,0.0000,0.0000,0.0000,0.0240,0.0001,200,2.0610
0.0584,0.0000,0.0000,0.0000,0.0584,0.0000,200,2.0276
0.0198,0.0000,0.0000,0.0001,0.0197,0.0000,200,2.0664
0.0376,0.0000,0.0000,0.0000,0.0375,0.0000,200,2.0486
0.0406,0.0000,0.0000,0.0000,0.0406,0.0000,200,2.0456
0.0373,0.0000,0.0000,0.0000,0.0372,0.0000,200,2.0490
0.0403,0.0000,0.0000,0.0000,0.0403,0.0000,200,2.0460
0.0129,0.0000,0.0000,0.0000,0.0129,0.0000,200,2.0735
0.0228,0.0000,0.0000,0.0000,0.0227,0.0000,200,2.0640
0.0073,0.0000,0.0000,0.0000,0.0072,0.0000,200,2.0801
0.0047,0.0000,0.0000,0.0005,0.0035,0.0006,200,2.0834
0.0139,0.0000,0.0000,0.0000,0.0138,0.0001,200,2.0752
0.0029,0.0000,0.0000,0.0000,0.0028,0.0000,200,2.0868
0.0534,0.0000,0.0000,0.0000,0.0533,0.0001,200,2.0364
0.0039,0.0000,0.0000,0.0000,0.0038,0.0000,200,2.0864
0.0102,0.0000,0.0000,0.0002,0.0099,0.0000,200,2.0801
0.0050,0.0000,0.0000,0.0000,0.0044,0.0006,200,2.0861
0.0263,0.0000,0.0000,0.0000,0.0251,0.0011,200,2.0658
0.0267,0.0000,0.0000,0.0000,0.0264,0.0003,200,2.0660
0.0056,0.0000,0.0000,0.0000,0.0054,0.0001,200,2.0921
0.0118,0.0000,0.0000,0.0000,0.0065,0.0053,200,2.0863
0.0148,0.0000,0.0000,0.0004,0.0089,0.0056,200,2.0836
0.0219,0.0000,0.0000,0.0000,0.0218,0.0000,200,2.0767
0.0128,0.0000,0.0000,0.0000,0.0084,0.0044,200,2.0861
0.0014,0.0000,0.0000,0.0000,0.0008,0.0003,200,2.0977
0.0234,0.0000,0.0000,0.0000,0.0167,0.0067,200,2.0761
0.0134,0.0000,0.0000,0.0000,0.0133,0.0000,200,2.0862
0.0324,0.0000,0.0000,0.0000,0.0258,0.0066,200,2.0672
0.0235,0.0000,0.0000,0.0000,0.0166,0.0069,200,2.0762
0.0539,0.0000,0.0000,0.0000,0.0479,0.0060,200,2.0458
0.0263,0.0000,0.0000,0.0000,0.0199,0.0064,200,2.0735
0.0640,0.0000,0.0000,0.0000,0.0614,0.0026,200,2.0358
0.0218,0.0000,0.0000,0.0000,0.0178,0.0040,200,2.0780
0.0323,0.0000,0.0000,0.0001,0.0285,0.0038,200,2.0676
0.0125,0.0000,0.0000,0.0000,0.0091,0.0034,200,2.0874
0.0148,0.0000,0.0000,0.0000,0.0119,0.0029,200,2.0851
0.0097,0.0000,0.0000,0.0010,0.0057,0.0025,200,2.0903
0.0312,0.0000,0.0000,0.0000,0.0240,0.0072,200,2.0688
0.0542,0.0000,0.0000,0.0000,0.0470,0.0072,200,2.0458
0.0193,0.0000,0.0000,0.0000,0.0130,0.0061,200,2.0809
0.0140,0.0000,0.0000,0.0000,0.0092,0.0048,200,2.0863
0.0261,0.0000,0.0000,0.0000,0.0246,0.0015,200,2.0743
0.0545,0.0000,0.0000,0.0000,0.0508,0.0037,200,2.0459
0.0324,0.0000,0.0000,0.0000,0.0322,0.0000,200,2.0692
0.0153,0.0000,0.0000,0.0000,0.0153,0.0000,200,2.0863
0.0194,0.0000,0.0000,0.0000,0.0191,0.0002,200,2.0824
0.0559,0.0000,0.0000,0.0000,0.0558,0.0000,200,2.0460
0.0183,0.0000,0.0000,0.0000,0.0181,0.0002,200,2.0836
0.0742,0.0000,0.0000,0.0000,0.0741,0.0000,200,2.0281
0.0125,0.0000,0.0000,0.0000,0.0117,0.0006,200,2.0898
0.0185,0.0000,0.0000,0.0000,0.0184,0.0001,200,2.0891
0.0086,0.0000,0.0000,0.0000,0.0075,0.0000,200,2.0990
0.0239,0.0000,0.0000,0.0000,0.0236,0.0002,200,2.0839
0.0196,0.0000,0.0000,0.0000,0.0189,0.0000,200,2.0882
0.0090,0.0000,0.0000,0.0000,0.0067,0.0011,200,2.0988
0.0709,0.0000,0.0000,0.0000,0.0708,0.0000,200,2.0377
0.0107,0.0000,0.0000,0.0000,0.0106,0.0000,200,2.0985
0.0269,0.0000,0.0000,0.0000,0.0268,0.0000,200,2.0830
0.0110,0.0000,0.0000,0.0000,0.0108,0.0002,200,2.1000
0.0115,0.0000,0.0000,0.0000,0.0114,0.0001,200,2.1000
0.0469,0.0000,0.0000,0.0000,0.0468,0.0000,200,2.0649
0.0124,0.0000,0.0000,0.0000,0.0123,0.0000,200,2.0997
0.0107,0.0000,0.0000,0.0000,0.0106,0.0001,200,2.1019
0.0345,0.0000,0.0000,0.0000,0.0342,0.0000,200,2.0785
0.0136,0.0000,0.0000,0.0000,0.0135,0.0001,200,2.1000
0.0262,0.0000,0.0000,0.0000,0.0258,0.0004,200,2.0898
0.0163,0.0000,0.0000,0.0000,0.0163,0.0000,200,2.0998
0.0142,0.0000,0.0000,0.0000,0.0141,0.0001,200,2.1023
0.0176,0.0000,0.0000,0.0000,0.0173,0.0002,200,2.1002
0.0187,0.0000,0.0000,0.0000,0.0179,0.0008,200,2.1005
0.0514,0.0000,0.0000,0.0000,0.0513,0.0000,200,2.0678
0.0403,0.0000,0.0000,0.0000,0.0403,0.0000,200,2.0800
0.0699,0.0000,0.0000,0.0000,0.0697,0.0002,200,2.0507
0.0217,0.0000,0.0000,0.0000,0.0216,0.0000,200,2.0996
0.0217,0.0000,0.0000,0.0001,0.0216,0.0000,200,2.0996
0.0214,0.0000,0.0000,0.0000,0.0213,0.0001,200,2.1002
0.0208,0.0000,0.0000,0.0000,0.0207,0.0001,200,2.1022
0.0777,0.0000,0.0000,0.0000,0.0776,0.0001,200,2.0459
0.0118,0.0000,0.0000,0.0000,0.0117,0.0000,200,2.1126
0.0176,0.0000,0.0000,0.0000,0.0174,0.0001,200,2.1078
0.0492,0.0000,0.0000,0.0001,0.0490,0.0000,200,2.0768
0.0364,0.0000,0.0000,0.0058,0.0287,0.0001,200,2.0911
0.0267,0.0000,0.0000,0.0000,0.0265,0.0001,200,2.1016
0.0029,0.0000,0.0000,0.0000,0.0028,0.0001,200,2.1260
0.0097,0.0000,0.0000,0.0000,0.0096,0.0001,200,2.1213
0.0239,0.0000,0.0000,0.0000,0.0238,0.0000,200,2.1078
0.0181,0.0000,0.0000,0.0000,0.0180,0.0000,200,2.1136
0.0326,0.0000,0.0000,0.0001,0.0324,0.0001,200,2.0995
0.0319,0.0000,0.0000,0.0000,0.0317,0.0002,200,2.1018
0.0221,0.0000,0.0000,0.0000,0.0220,0.0000,200,2.1118
0.0166,0.0000,0.0000,0.0000,0.0165,0.0001,200,2.1177
0.0369,0.0000,0.0000,0.0000,0.0368,0.0000,200,2.0981
0.0153,0.0000,0.0000,0.0005,0.0141,0.0006,200,2.1216
0.0218,0.0000,0.0000,0.0000,0.0212,0.0001,200,2.1160
0.0288,0.0000,0.0000,0.0000,0.0287,0.0000,200,2.1092
0.0014,0.0000,0.0000,0.0000,0.0012,0.0000,200,2.1369
0.0072,0.0000,0.0000,0.0000,0.0071,0.0001,200,2.1316
0.0494,0.0000,0.0000,0.0001,0.0492,0.0000,200,2.0903
0.0123,0.0000,0.0000,0.0001,0.0121,0.0001,200,2.1276
0.0015,0.0000,0.0000,0.0000,0.0011,0.0004,200,2.1389
0.0212,0.0000,0.0000,0.0000,0.0211,0.0000,200,2.1192
0.0653,0.0000,0.0000,0.0000,0.0649,0.0000,200,2.0752
0.0345,0.0000,0.0000,0.0001,0.0343,0.0001,200,2.1076
0.0082,0.0000,0.0000,0.0000,0.0081,0.0001,200,2.1350
0.0130,0.0000,0.0000,0.0000,0.0129,0.0000,200,2.1310
0.0317,0.0000,0.0000,0.0000,0.0316,0.0001,200,2.1130
0.0374,0.0000,0.0000,0.0000,0.0373,0.0001,200,2.1086
0.0171,0.0000,0.0000,0.0003,0.0167,0.0000,200,2.1289
0.0306,0.0000,0.0000,0.0000,0.0305,0.0001,200,2.1165
0.0467,0.0000,0.0000,0.0000,0.0466,0.0001,200,2.1019
0.0686,0.0000,0.0000,0.0000,0.0681,0.0002,200,2.0831
0.0402,0.0000,0.0000,0.0000,0.0401,0.0000,200,2.1115
0.0121,0.0000,0.0000,0.0000,0.0120,0.0000,200,2.1398
0.0136,0.0000,0.0000,0.0000,0.0136,0.0000,200,2.1383
0.0289,0.0000,0.0000,0.0000,0.0288,0.0000,200,2.1231
0.0074,0.0000,0.0000,0.0002,0.0069,0.0001,200,2.1447
0.0309,0.0000,0.0000,0.0000,0.0308,0.0001,200,2.1213
0.0153,0.0000,0.0000,0.0000,0.0152,0.0001,200,2.1379
0.0300,0.0000,0.0000,0.0001,0.0298,0.0001,200,2.1244
0.0210,0.0000,0.0000,0.0000,0.0209,0.0000,200,2.1339
0.0345,0.0000,0.0000,0.0006,0.0337,0.0000,200,2.1206
0.0843,0.0000,0.0000,0.0000,0.0842,0.0001,200,2.0716
0.0081,0.0000,0.0000,0.0001,0.0078,0.0001,200,2.1485
0.0174,0.0000,0.0000,0.0004,0.0169,0.0001,200,2.1404
0.0604,0.0000,0.0000,0.0003,0.0600,0.0001,200,2.0986
0.0482,0.0000,0.0000,0.0000,0.0481,0.0000,200,2.1110
0.0079,0.0000,0.0000,0.0001,0.0077,0.0000,200,2.1517
0.0199,0.0000,0.0000,0.0001,0.0197,0.0000,200,2.1404
0.0059,0.0000,0.0000,0.0000,0.0056,0.0001,200,2.1552
0.0051,0.0000,0.0000,0.0000,0.0051,0.0000,200,2.1559
0.0426,0.0000,0.0000,0.0000,0.0425,0.0001,200,2.1192
0.0203,0.0000,0.0000,0.0000,0.0202,0.0001,200,2.1421
0.0373,0.0000,0.0000,0.0000,0.0372,0.0000,200,2.1254
0.0535,0.0000,0.0000,0.0000,0.0534,0.0000,200,2.1099
0.0321,0.0000,0.0000,0.0000,0.0320,0.0000,200,2.1316
0.0049,0.0000,0.0000,0.0000,0.0047,0.0001,200,2.1595
0.0668,0.0000,0.0000,0.0000,0.0666,0.0002,200,2.1001
0.0275,0.0000,0.0000,0.0000,0.0273,0.0002,200,2.1396
0.0084,0.0000,0.0000,0.0002,0.0081,0.0001,200,2.1627
0.0475,0.0000,0.0000,0.0000,0.0474,0.0001,200,2.1236
0.0715,0.0000,0.0000,0.0000,0.0714,0.0001,200,2.0997
0.0110,0.0000,0.0000,0.0000,0.0109,0.0000,200,2.1603
0.0715,0.0000,0.0000,0.0000,0.0714,0.0001,200,2.0998
0.0180,0.0000,0.0000,0.0000,0.0179,0.0000,200,2.1533
0.0392,0.0000,0.0000,0.0000,0.0391,0.0000,200,2.1322
0.0080,0.0000,0.0000,0.0000,0.0079,0.0000,200,2.1634
0.0191,0.0000,0.0000,0.0000,0.0191,0.0000,200,2.1523
0.0787,0.0000,0.0000,0.0063,0.0724,0.0000,200,2.0928
0.0915,0.0000,0.0000,0.0000,0.0914,0.0000,200,2.0800
0.0137,0.0000,0.0000,0.0001,0.0135,0.0000,200,2.1579
0.0637,0.0000,0.0000,0.0000,0.0636,0.0000,200,2.1079
0.0105,0.0000,0.0000,0.0000,0.0105,0.0000,200,2.1610
0.0594,0.0000,0.0000,0.0000,0.0594,0.0000,200,2.1122
0.0153,0.0000,0.0000,0.0003,0.0140,0.0000,200,2.1566
0.0663,0.0000,0.0000,0.0000,0.0662,0.0000,200,2.1076
0.0723,0.0000,0.0000,0.0000,0.0722,0.0000,200,2.1016
0.0220,0.0000,0.0000,0.0000,0.0219,0.0000,200,2.1520
0.0536,0.0000,0.0000,0.0000,0.0535,0.0000,200,2.1204
0.0130,0.0000,0.0000,0.0000,0.0128,0.0001,200,2.1610
0.0032,0.0000,0.0000,0.0000,0.0031,0.0000,200,2.1715
0.0316,0.0000,0.0000,0.0000,0.0315,0.0000,200,2.1440
0.0762,0.0000,0.0000,0.0000,0.0761,0.0001,200,2.0999
0.0129,0.0000,0.0000,0.0000,0.0129,0.0000,200,2.1637
0.0251,0.0000,0.0000,0.0001,0.0239,0.0010,200,2.1517
0.0371,0.0000,0.0000,0.0000,0.0370,0.0000,200,2.1406
0.0162,0.0000,0.0000,0.0000,0.0162,0.0000,200,2.1618
0.0024,0.0000,0.0000,0.0000,0.0021,0.0003,200,2.1756
0.0261,0.0000,0.0000,0.0000,0.0260,0.0000,200,2.1523
0.0045,0.0000,0.0000,0.0000,0.0045,0.0000,200,2.1739
0.0244,0.0000,0.0000,0.0000,0.0243,0.0001,200,2.1549
0.0132,0.0000,0.0000,0.0000,0.0125,0.0003,200,2.1671
0.0102,0.0000,0.0000,0.0000,0.0101,0.0001,200,2.1711
0.0102,0.0000,0.0000,0.0001,0.0100,0.0000,200,2.1719
0.0035,0.0000,0.0000,0.0001,0.0032,0.0001,200,2.1792
0.0057,0.0000,0.0000,0.0000,0.0057,0.0000,200,2.1777
0.0497,0.0000,0.0000,0.0000,0.0496,0.0000,200,2.1337
0.0476,0.0000,0.0000,0.0000,0.0475,0.0000,200,2.1378
0.0139,0.0000,0.0000,0.0000,0.0138,0.0001,200,2.1715
0.0141,0.0000,0.0000,0.0000,0.0140,0.0000,200,2.1714
0.0395,0.0000,0.0000,0.0000,0.0393,0.0002,200,2.1460
0.0022,0.0000,0.0000,0.0000,0.0021,0.0000,200,2.1834
0.0041,0.0000,0.0000,0.0001,0.0039,0.0001,200,2.1827
0.0164,0.0000,0.0000,0.0000,0.0163,0.0001,200,2.1711
0.0723,0.0000,0.0000,0.0000,0.0722,0.0001,200,2.1162
0.0039,0.0000,0.0000,0.0000,0.0037,0.0001,200,2.1855
0.0046,0.0000,0.0000,0.0000,0.0045,0.0000,200,2.1854
0.0319,0.0000,0.0000,0.0000,0.0318,0.0001,200,2.1590
0.0115,0.0000,0.0000,0.0000,0.0113,0.0001,200,2.1803
0.0159,0.0000,0.0000,0.0000,0.0157,0.0001,200,2.1767
0.0061,0.0000,0.0000,0.0000,0.0060,0.0000,200,2.1868
0.0083,0.0000,0.0000,0.0000,0.0082,0.0001,200,2.1855
0.0481,0.0000,0.0000,0.0000,0.0480,0.0000,200,2.1460
0.0207,0.0000,0.0000,0.0000,0.0206,0.0001,200,2.1739
0.0329,0.0000,0.0000,0.0001,0.0327,0.0001,200,2.1625
0.0245,0.0000,0.0000,0.0000,0.0244,0.0001,200,2.1713
0.0251,0.0000,0.0000,0.0002,0.0248,0.0001,200,2.1715
0.0215,0.0000,0.0000,0.0000,0.0214,0.0000,200,2.1761
0.0066,0.0000,0.0000,0.0000,0.0065,0.0000,200,2.1910
0.0212,0.0000,0.0000,0.0000,0.0211,0.0000,200,2.1768
0.0095,0.0000,0.0000,0.0001,0.0094,0.0000,200,2.1894
0.0259,0.0000,0.0000,0.0000,0.0258,0.0001,200,2.1740
0.0052,0.0000,0.0000,0.0000,0.0052,0.0001,200,2.1954
0.0169,0.0000,0.0000,0.0000,0.0163,0.0005,200,2.1854
0.0320,0.0000,0.0000,0.0000,0.0317,0.0002,200,2.1712
0.0262,0.0000,0.0000,0.0000,0.0261,0.0001,200,2.1784
0.0077,0.0000,0.0000,0.0000,0.0076,0.0001,200,2.1980
0.0335,0.0000,0.0000,0.0000,0.0334,0.0001,200,2.1739
0.0335,0.0000,0.0000,0.0000,0.0334,0.0000,200,2.1739
0.0363,0.0000,0.0000,0.0000,0.0362,0.0000,200,2.1714
0.0274,0.0000,0.0000,0.0000,0.0273,0.0000,200,2.1813
0.0315,0.0000,0.0000,0.0000,0.0313,0.0001,200,2.1780
0.0387,0.0000,0.0000,0.0000,0.0386,0.0000,200,2.1713
0.0204,0.0000,0.0000,0.0000,0.0203,0.0001,200,2.1900
0.0122,0.0000,0.0000,0.0000,0.0121,0.0001,200,2.1989
0.0287,0.0000,0.0000,0.0000,0.0285,0.0000,200,2.1834
0.0741,0.0000,0.0000,0.0000,0.0739,0.0001,200,2.1432
0.0666,0.0000,0.0000,0.0000,0.0665,0.0001,200,2.1519
0.0709,0.0000,0.0000,0.0000,0.0707,0.0001,200,2.1519
0.0362,0.0000,0.0000,0.0001,0.0361,0.0001,200,2.1875
0.0194,0.0000,0.0000,0.0000,0.0191,0.0001,200,2.2057
0.0544,0.0000,0.0000,0.0000,0.0544,0.0001,200,2.1715
0.0186,0.0000,0.0000,0.0000,0.0184,0.0001,200,2.2087
0.0032,0.0000,0.0000,0.0000,0.0031,0.0001,200,2.2251
0.0182,0.0000,0.0000,0.0000,0.0181,0.0000,200,2.2104
0.0268,0.0000,0.0000,0.0000,0.0266,0.0001,200,2.2032
0.0021,0.0000,0.0000,0.0000,0.0020,0.0001,200,2.2286
0.0244,0.0000,0.0000,0.0000,0.0243,0.0001,200,2.2074
0.0982,0.0000,0.0000,0.0000,0.0980,0.0002,200,2.1344
0.0689,0.0000,0.0000,0.0001,0.0687,0.0001,200,2.1644
0.0487,0.0000,0.0000,0.0000,0.0486,0.0001,200,2.1856
0.0251,0.0000,0.0000,0.0000,0.0250,0.0000,200,2.2100
0.0579,0.0000,0.0000,0.0000,0.0577,0.0001,200,2.1780
0.0434,0.0000,0.0000,0.0000,0.0433,0.0001,200,2.1929
0.1368,0.0000,0.0000,0.0000,0.1368,0.0001,200,2.0999
0.0052,0.0000,0.0000,0.0000,0.0051,0.0000,200,2.2326
0.0665,0.0000,0.0000,0.0000,0.0663,0.0001,200,2.1714
0.0466,0.0000,0.0000,0.0000,0.0465,0.0000,200,2.1918
0.0165,0.0000,0.0000,0.0000,0.0163,0.0000,200,2.2228
0.0811,0.0000,0.0000,0.0000,0.0810,0.0001,200,2.1592
0.0412,0.0000,0.0000,0.0000,0.0411,0.0000,200,2.1999
0.0085,0.0000,0.0000,0.0000,0.0084,0.0001,200,2.2333
0.0105,0.0000,0.0000,0.0001,0.0103,0.0000,200,2.2318
0.0470,0.0000,0.0000,0.0000,0.0470,0.0000,200,2.1957
0.0411,0.0000,0.0000,0.0000,0.0410,0.0000,200,2.2023
0.0464,0.0000,0.0000,0.0000,0.0461,0.0001,200,2.1976
0.0167,0.0000,0.0000,0.0000,0.0164,0.0002,200,2.2283
0.0713,0.0000,0.0000,0.0000,0.0712,0.0001,200,2.1746
0.0250,0.0000,0.0000,0.0000,0.0249,0.0001,200,2.2439
0.1219,0.0000,0.0000,0.0002,0.1216,0.0000,200,2.1471
0.0717,0.0000,0.0000,0.0000,0.0716,0.0000,200,2.1976
0.1410,0.0000,0.0000,0.0000,0.1410,0.0000,200,2.1283
0.0304,0.0000,0.0000,0.0000,0.0298,0.0005,200,2.2393
0.1691,0.0000,0.0000,0.0000,0.1691,0.0000,200,2.1005
0.0877,0.0000,0.0000,0.0000,0.0876,0.0000,200,2.1821
0.0692,0.0000,0.0000,0.0003,0.0688,0.0000,200,2.2006
0.0287,0.0000,0.0000,0.0000,0.0287,0.0000,200,2.2411
0.0347,0.0000,0.0000,0.0000,0.0347,0.0000,200,2.2351
0.0653,0.0000,0.0000,0.0000,0.0652,0.0000,200,2.2047
0.0761,0.0000,0.0000,0.0000,0.0761,0.0000,200,2.1938
0.0321,0.0000,0.0000,0.0000,0.0320,0.0000,200,2.2379
0.0527,0.0000,0.0000,0.0000,0.0526,0.0000,200,2.2173
0.0333,0.0000,0.0000,0.0001,0.0331,0.0000,200,2.2367
0.0760,0.0000,0.0000,0.0000,0.0760,0.0000,200,2.1941
0.0817,0.0000,0.0000,0.0000,0.0816,0.0000,200,2.1884
0.0429,0.0000,0.0000,0.0001,0.0425,0.0004,200,2.2273
0.1703,0.0000,0.0000,0.0000,0.1702,0.0000,200,2.0999
0.0324,0.0000,0.0000,0.0000,0.0322,0.0002,200,2.2378
0.0275,0.0000,0.0000,0.0000,0.0274,0.0000,200,2.2428
0.0608,0.0000,0.0000,0.0000,0.0608,0.0000,200,2.2095
0.0466,0.0000,0.0000,0.0000,0.0464,0.0000,200,2.2238
0.0593,0.0000,0.0000,0.0000,0.0592,0.0000,200,2.2111
0.0246,0.0000,0.0000,0.0000,0.0243,0.0000,200,2.2459
0.0346,0.0000,0.0000,0.0000,0.0345,0.0001,200,2.2359
0.0303,0.0000,0.0000,0.0000,0.0302,0.0000,200,2.2402
0.0759,0.0000,0.0000,0.0000,0.0758,0.0000,200,2.1947
0.0284,0.0000,0.0000,0.0000,0.0283,0.0000,200,2.2423
0.0585,0.0000,0.0000,0.0000,0.0585,0.0000,200,2.2121
0.0324,0.0000,0.0000,0.0000,0.0323,0.0000,200,2.2383
0.0448,0.0000,0.0000,0.0000,0.0446,0.0000,200,2.2260
0.0344,0.0000,0.0000,0.0000,0.0342,0.0002,200,2.2363
0.0522,0.0000,0.0000,0.0000,0.0521,0.0001,200,2.2185
0.0742,0.0000,0.0000,0.0000,0.0741,0.0000,200,2.1966
0.0635,0.0000,0.0000,0.0000,0.0634,0.0000,200,2.2074
0.1041,0.0000,0.0000,0.0000,0.1039,0.0000,200,2.1669
0.0994,0.0000,0.0000,0.0000,0.0994,0.0000,200,2.1716
0.0633,0.0000,0.0000,0.0000,0.0632,0.0000,200,2.2077
0.0277,0.0000,0.0000,0.0000,0.0276,0.0000,200,2.2433
0.1167,0.0000,0.0000,0.0001,0.1166,0.0000,200,2.1544
0.0261,0.0000,0.0000,0.0007,0.0230,0.0022,200,2.2450
0.0405,0.0000,0.0000,0.0000,0.0405,0.0000,200,2.2307
0.0996,0.0000,0.0000,0.0000,0.0996,0.0000,200,2.1716
0.0369,0.0000,0.0000,0.0001,0.0368,0.0000,200,2.2343
0.0929,0.0000,0.0000,0.0000,0.0929,0.0000,200,2.1783
0.1000,0.0000,0.0000,0.0000,0.1000,0.0000,200,2.1713
0.0788,0.0000,0.0000,0.0000,0.0788,0.0000,200,2.1925
0.0415,0.0000,0.0000,0.0000,0.0414,0.0000,200,2.2299
0.0179,0.0000,0.0000,0.0000,0.0179,0.0001,200,2.2708
0.0183,0.0000,0.0000,0.0000,0.0182,0.0000,200,2.2706
0.0175,0.0000,0.0000,0.0000,0.0175,0.0000,200,2.2713
0.0179,0.0000,0.0000,0.0000,0.0179,0.0000,200,2.2710
0.0182,0.0000,0.0000,0.0000,0.0181,0.0000,200,2.2707
0.0191,0.0000,0.0000,0.0000,0.0191,0.0000,200,2.2699
0.0189,0.0000,0.0000,0.0000,0.0188,0.0000,200,2.2702
0.0189,0.0000,0.0000,0.0000,0.0188,0.0000,200,2.2702
0.0190,0.0000,0.0000,0.0000,0.0189,0.0000,200,2.2711
0.0204,0.0000,0.0000,0.0000,0.0201,0.0003,200,2.2703
0.0206,0.0000,0.0000,0.0000,0.0202,0.0004,200,2.2708
0.0210,0.0000,0.0000,0.0000,0.0210,0.0000,200,2.2705
0.0227,0.0000,0.0000,0.0000,0.0209,0.0018,200,2.2693
0.0230,0.0000,0.0000,0.0000,0.0222,0.0008,200,2.2697
0.0229,0.0000,0.0000,0.0000,0.0219,0.0010,200,2.2699
0.0225,0.0000,0.0000,0.0000,0.0215,0.0010,200,2.2704
0.0217,0.0000,0.0000,0.0000,0.0207,0.0010,200,2.2712
0.0232,0.0000,0.0000,0.0000,0.0219,0.0012,200,2.2700
0.0223,0.0000,0.0000,0.0000,0.0211,0.0012,200,2.2708
0.0234,0.0000,0.0000,0.0000,0.0221,0.0013,200,2.2698
0.0232,0.0000,0.0000,0.0000,0.0219,0.0013,200,2.2701
0.0221,0.0000,0.0000,0.0000,0.0207,0.0013,200,2.2712
0.0230,0.0000,0.0000,0.0000,0.0215,0.0014,200,2.2703
0.0221,0.0000,0.0000,0.0000,0.0207,0.0014,200,2.2713
0.0230,0.0000,0.0000,0.0000,0.0216,0.0014,200,2.2703
0.0221,0.0000,0.0000,0.0000,0.0207,0.0014,200,2.2713
0.0244,0.0000,0.0000,0.0000,0.0229,0.0014,200,2.2690
0.0221,0.0000,0.0000,0.0000,0.0206,0.0015,200,2.2713
0.0243,0.0000,0.0000,0.0000,0.0227,0.0015,200,2.2692
0.0245,0.0000,0.0000,0.0000,0.0230,0.0015,200,2.2690
0.0234,0.0000,0.0000,0.0000,0.0219,0.0015,200,2.2702
0.0232,0.0000,0.0000,0.0000,0.0215,0.0016,200,2.2705
0.0241,0.0000,0.0000,0.0000,0.0224,0.0016,200,2.2697
0.0238,0.0000,0.0000,0.0000,0.0221,0.0016,200,2.2700
0.0228,0.0000,0.0000,0.0000,0.0211,0.0017,200,2.2710
0.0234,0.0000,0.0000,0.0000,0.0217,0.0017,200,2.2705
0.0241,0.0000,0.0000,0.0000,0.0224,0.0017,200,2.2698
0.0229,0.0000,0.0000,0.0000,0.0210,0.0018,200,2.2711
0.0239,0.0000,0.0000,0.0000,0.0215,0.0024,200,2.2701
0.0302,0.0000,0.0000,0.0000,0.0301,0.0001,200,2.2701
0.0318,0.0000,0.0000,0.0000,0.0315,0.0002,200,2.2698
0.0140,0.0000,0.0000,0.0000,0.0121,0.0010,200,2.2891
0.0098,0.0000,0.0000,0.0000,0.0098,0.0000,200,2.2933
0.0101,0.0000,0.0000,0.0000,0.0101,0.0000,200,2.2935
0.0122,0.0000,0.0000,0.0009,0.0113,0.0000,200,2.2915
0.0100,0.0000,0.0000,0.0000,0.0098,0.0001,200,2.2938
0.0026,0.0000,0.0000,0.0000,0.0025,0.0000,200,2.3015
0.0360,0.0000,0.0000,0.0000,0.0359,0.0001,200,2.2710
0.0204,0.0000,0.0000,0.0000,0.0203,0.0001,200,2.2887
0.0178,0.0000,0.0000,0.0015,0.0161,0.0002,200,2.2920
0.0067,0.0000,0.0000,0.0000,0.0065,0.0000,200,2.3032
0.0196,0.0000,0.0000,0.0002,0.0193,0.0001,200,2.2907
0.0400,0.0000,0.0000,0.0000,0.0400,0.0000,200,2.2707
0.0179,0.0000,0.0000,0.0000,0.0178,0.0000,200,2.2933
0.0194,0.0000,0.0000,0.0000,0.0194,0.0000,200,2.2934
0.0199,0.0000,0.0000,0.0000,0.0198,0.0001,200,2.2931
0.0202,0.0000,0.0000,0.0000,0.0201,0.0000,200,2.2931
0.0202,0.0000,0.0000,0.0000,0.0201,0.0000,200,2.2935
0.0256,0.0000,0.0000,0.0000,0.0255,0.0000,200,2.2888
0.0440,0.0000,0.0000,0.0000,0.0440,0.0000,200,2.2706
0.0221,0.0000,0.0000,0.0000,0.0220,0.0001,200,2.2929
0.0217,0.0000,0.0000,0.0000,0.0216,0.0001,200,2.2940
0.0225,0.0000,0.0000,0.0000,0.0224,0.0000,200,2.2937
0.0162,0.0000,0.0000,0.0000,0.0161,0.0001,200,2.3003
0.0132,0.0000,0.0000,0.0000,0.0131,0.0000,200,2.3037
0.0233,0.0000,0.0000,0.0000,0.0231,0.0001,200,2.2938
0.0149,0.0000,0.0000,0.0000,0.0145,0.0003,200,2.3032
0.0026,0.0000,0.0000,0.0001,0.0024,0.0001,200,2.3157
0.0042,0.0000,0.0000,0.0000,0.0041,0.0000,200,2.3144
0.0253,0.0000,0.0000,0.0000,0.0252,0.0000,200,2.2939
0.0271,0.0000,0.0000,0.0000,0.0270,0.0000,200,2.2929
0.0269,0.0000,0.0000,0.0000,0.0269,0.0000,200,2.2932
0.0490,0.0000,0.0000,0.0223,0.0267,0.0000,200,2.2714
0.0274,0.0000,0.0000,0.0000,0.0273,0.0000,200,2.2933
0.0098,0.0000,0.0000,0.0000,0.0097,0.0001,200,2.3133
0.0065,0.0000,0.0000,0.0000,0.0064,0.0000,200,2.3171
0.0148,0.0000,0.0000,0.0000,0.0147,0.0000,200,2.3098
0.0091,0.0000,0.0000,0.0000,0.0088,0.0002,200,2.3165
0.0156,0.0000,0.0000,0.0000,0.0154,0.0001,200,2.3103
0.0110,0.0000,0.0000,0.0000,0.0109,0.0000,200,2.3150
0.0063,0.0000,0.0000,0.0000,0.0062,0.0001,200,2.3207
0.0388,0.0000,0.0000,0.0000,0.0387,0.0001,200,2.2890
0.0038,0.0000,0.0000,0.0000,0.0037,0.0000,200,2.3246
0.0347,0.0000,0.0000,0.0000,0.0346,0.0001,200,2.2939
0.0373,0.0000,0.0000,0.0000,0.0372,0.0001,200,2.2934
0.0170,0.0000,0.0000,0.0000,0.0170,0.0000,200,2.3137
0.0274,0.0000,0.0000,0.0003,0.0270,0.0001,200,2.3037
0.0110,0.0000,0.0000,0.0000,0.0109,0.0000,200,2.3204
0.0077,0.0000,0.0000,0.0001,0.0074,0.0001,200,2.3236
0.0449,0.0000,0.0000,0.0000,0.0448,0.0001,200,2.2889
0.0272,0.0000,0.0000,0.0000,0.0271,0.0001,200,2.3070
0.0098,0.0000,0.0000,0.0000,0.0088,0.0010,200,2.3278
0.0070,0.0000,0.0000,0.0000,0.0069,0.0000,200,2.3308
0.0464,0.0000,0.0000,0.0000,0.0464,0.0000,200,2.2913
0.0122,0.0000,0.0000,0.0000,0.0122,0.0000,200,2.3256
0.0338,0.0000,0.0000,0.0001,0.0336,0.0000,200,2.3041
0.0491,0.0000,0.0000,0.0000,0.0490,0.0000,200,2.2889
0.0272,0.0000,0.0000,0.0000,0.0272,0.0000,200,2.3107
0.0069,0.0000,0.0000,0.0000,0.0069,0.0000,200,2.3311
0.0212,0.0000,0.0000,0.0000,0.0211,0.0000,200,2.3168
0.0195,0.0000,0.0000,0.0000,0.0194,0.0000,200,2.3186
0.0151,0.0000,0.0000,0.0000,0.0150,0.0000,200,2.3231
0.0190,0.0000,0.0000,0.0000,0.0189,0.0000,200,2.3192
0.0446,0.0000,0.0000,0.0000,0.0445,0.0000,200,2.2936
0.0212,0.0000,0.0000,0.0000,0.0211,0.0001,200,2.3183
0.0458,0.0000,0.0000,0.0000,0.0457,0.0000,200,2.2938
0.0285,0.0000,0.0000,0.0000,0.0284,0.0000,200,2.3111
0.0083,0.0000,0.0000,0.0001,0.0081,0.0001,200,2.3314
0.0457,0.0000,0.0000,0.0000,0.0456,0.0000,200,2.2940
0.0508,0.0000,0.0000,0.0000,0.0507,0.0000,200,2.2890
0.0251,0.0000,0.0000,0.0000,0.0251,0.0000,200,2.3147
0.0139,0.0000,0.0000,0.0000,0.0134,0.0004,200,2.3259
0.0224,0.0000,0.0000,0.0000,0.0223,0.0000,200,2.3181
0.0314,0.0000,0.0000,0.0000,0.0313,0.0001,200,2.3091
0.0075,0.0000,0.0000,0.0000,0.0074,0.0000,200,2.3338
0.0128,0.0000,0.0000,0.0000,0.0127,0.0000,200,2.3286
0.0143,0.0000,0.0000,0.0000,0.0142,0.0000,200,2.3271
0.0377,0.0000,0.0000,0.0000,0.0376,0.0000,200,2.3037
0.0101,0.0000,0.0000,0.0000,0.0100,0.0000,200,2.3314
0.0224,0.0000,0.0000,0.0000,0.0223,0.0001,200,2.3200
0.0048,0.0000,0.0000,0.0000,0.0047,0.0001,200,2.3382
0.0497,0.0000,0.0000,0.0000,0.0496,0.0000,200,2.2934
0.0503,0.0000,0.0000,0.0000,0.0502,0.0000,200,2.2935
0.0043,0.0000,0.0000,0.0000,0.0042,0.0000,200,2.3397
0.0064,0.0000,0.0000,0.0000,0.0063,0.0000,200,2.3376
0.0315,0.0000,0.0000,0.0000,0.0313,0.0001,200,2.3128
0.0166,0.0000,0.0000,0.0000,0.0165,0.0000,200,2.3284
0.0029,0.0000,0.0000,0.0000,0.0028,0.0001,200,2.3439
0.0106,0.0000,0.0000,0.0000,0.0105,0.0001,200,2.3380
0.0089,0.0000,0.0000,0.0000,0.0089,0.0000,200,2.3397
0.0050,0.0000,0.0000,0.0000,0.0049,0.0000,200,2.3438
0.0109,0.0000,0.0000,0.0000,0.0108,0.0000,200,2.3378
0.0109,0.0000,0.0000,0.0000,0.0107,0.0002,200,2.3379
0.0563,0.0000,0.0000,0.0000,0.0562,0.0000,200,2.2928
0.0115,0.0000,0.0000,0.0000,0.0114,0.0000,200,2.3379
0.0111,0.0000,0.0000,0.0000,0.0110,0.0000,200,2.3395
0.0019,0.0000,0.0000,0.0000,0.0018,0.0000,200,2.3487
0.0020,0.0000,0.0000,0.0000,0.0019,0.0000,200,2.3486
0.0113,0.0000,0.0000,0.0000,0.0112,0.0000,200,2.3398
0.0818,0.0000,0.0000,0.0000,0.0818,0.0001,200,2.2700
0.0129,0.0000,0.0000,0.0000,0.0128,0.0001,200,2.3396
0.0606,0.0000,0.0000,0.0000,0.0605,0.0000,200,2.2926
0.0177,0.0000,0.0000,0.0000,0.0176,0.0001,200,2.3382
0.0145,0.0000,0.0000,0.0000,0.0144,0.0001,200,2.3441
0.0200,0.0000,0.0000,0.0000,0.0199,0.0001,200,2.3398
0.0218,0.0000,0.0000,0.0000,0.0218,0.0000,200,2.3381
0.0205,0.0000,0.0000,0.0000,0.0204,0.0001,200,2.3398
0.0199,0.0000,0.0000,0.0000,0.0197,0.0001,200,2.3414
0.0136,0.0000,0.0000,0.0000,0.0136,0.0000,200,2.3487
0.0117,0.0000,0.0000,0.0000,0.0116,0.0000,200,2.3506
0.0463,0.0000,0.0000,0.0000,0.0461,0.0000,200,2.3162
0.0196,0.0000,0.0000,0.0000,0.0195,0.0000,200,2.3430
0.0231,0.0000,0.0000,0.0000,0.0229,0.0001,200,2.3395
0.0246,0.0000,0.0000,0.0000,0.0246,0.0000,200,2.3380
0.0737,0.0000,0.0000,0.0000,0.0737,0.0000,200,2.2890
0.0109,0.0000,0.0000,0.0000,0.0108,0.0000,200,2.3518
0.0134,0.0000,0.0000,0.0000,0.0133,0.0000,200,2.3494
0.0286,0.0000,0.0000,0.0000,0.0285,0.0000,200,2.3342
0.0223,0.0000,0.0000,0.0000,0.0222,0.0000,200,2.3405
0.0122,0.0000,0.0000,0.0001,0.0120,0.0000,200,2.3506
0.0499,0.0000,0.0000,0.0000,0.0498,0.0000,200,2.3130
0.0371,0.0000,0.0000,0.0000,0.0370,0.0000,200,2.3259
0.0222,0.0000,0.0000,0.0000,0.0221,0.0001,200,2.3414
0.0134,0.0000,0.0000,0.0000,0.0134,0.0000,200,2.3511
0.0053,0.0000,0.0000,0.0000,0.0053,0.0000,200,2.3598
0.0279,0.0000,0.0000,0.0000,0.0278,0.0000,200,2.3381
0.0769,0.0000,0.0000,0.0000,0.0768,0.0000,200,2.2901
0.0235,0.0000,0.0000,0.0000,0.0234,0.0001,200,2.3469
0.1001,0.0000,0.0000,0.0000,0.0999,0.0001,200,2.2710
0.0786,0.0000,0.0000,0.0000,0.0785,0.0000,200,2.2934
0.0021,0.0000,0.0000,0.0000,0.0020,0.0001,200,2.3704
0.0633,0.0000,0.0000,0.0000,0.0632,0.0001,200,2.3098
0.0134,0.0000,0.0000,0.0000,0.0133,0.0001,200,2.3602
0.0120,0.0000,0.0000,0.0000,0.0120,0.0000,200,2.3624
0.0122,0.0000,0.0000,0.0000,0.0121,0.0000,200,2.3627
0.0343,0.0000,0.0000,0.0000,0.0342,0.0000,200,2.3412
0.0271,0.0000,0.0000,0.0000,0.0270,0.0001,200,2.3491
0.0182,0.0000,0.0000,0.0000,0.0181,0.0000,200,2.3586
0.0026,0.0000,0.0000,0.0000,0.0024,0.0001,200,2.3749
0.0120,0.0000,0.0000,0.0000,0.0119,0.0001,200,2.3670
0.0169,0.0000,0.0000,0.0000,0.0167,0.0001,200,2.3629
0.1098,0.0000,0.0000,0.0000,0.1095,0.0003,200,2.2706
0.0358,0.0000,0.0000,0.0000,0.0357,0.0001,200,2.3450
0.0183,0.0000,0.0000,0.0000,0.0182,0.0001,200,2.3629
0.0440,0.0000,0.0000,0.0000,0.0439,0.0001,200,2.3377
0.0290,0.0000,0.0000,0.0000,0.0288,0.0001,200,2.3532
0.0200,0.0000,0.0000,0.0000,0.0199,0.0001,200,2.3628
0.0241,0.0000,0.0000,0.0000,0.0236,0.0004,200,2.3599
0.0285,0.0000,0.0000,0.0000,0.0284,0.0000,200,2.3559
0.0469,0.0000,0.0000,0.0000,0.0468,0.0000,200,2.3378
0.0449,0.0000,0.0000,0.0000,0.0448,0.0000,200,2.3405
0.0234,0.0000,0.0000,0.0000,0.0233,0.0001,200,2.3626
0.0069,0.0000,0.0000,0.0000,0.0068,0.0000,200,2.3797
0.0246,0.0000,0.0000,0.0000,0.0245,0.0001,200,2.3626
0.0501,0.0000,0.0000,0.0000,0.0499,0.0002,200,2.3379
0.0155,0.0000,0.0000,0.0000,0.0155,0.0000,200,2.3731
0.0689,0.0000,0.0000,0.0000,0.0687,0.0000,200,2.3202
0.0588,0.0000,0.0000,0.0000,0.0587,0.0000,200,2.3307
0.0140,0.0000,0.0000,0.0001,0.0136,0.0001,200,2.3762
0.0064,0.0000,0.0000,0.0001,0.0060,0.0002,200,2.3847
0.0121,0.0000,0.0000,0.0000,0.0120,0.0000,200,2.3817
0.0218,0.0000,0.0000,0.0000,0.0217,0.0001,200,2.3720
0.0456,0.0000,0.0000,0.0000,0.0455,0.0001,200,2.3486
0.0310,0.0000,0.0000,0.0000,0.0309,0.0001,200,2.3636
0.0059,0.0000,0.0000,0.0000,0.0058,0.0000,200,2.3890
0.0307,0.0000,0.0000,0.0000,0.0306,0.0001,200,2.3645
0.0112,0.0000,0.0000,0.0004,0.0106,0.0002,200,2.3844
0.0057,0.0000,0.0000,0.0000,0.0056,0.0000,200,2.3902
0.0079,0.0000,0.0000,0.0000,0.0078,0.0000,200,2.3887
0.0161,0.0000,0.0000,0.0000,0.0160,0.0000,200,2.3805
0.0055,0.0000,0.0000,0.0000,0.0054,0.0001,200,2.3911
0.0122,0.0000,0.0000,0.0001,0.0121,0.0000,200,2.3844
0.0316,0.0000,0.0000,0.0000,0.0315,0.0000,200,2.3651
0.0346,0.0000,0.0000,0.0000,0.0345,0.0001,200,2.3629
0.0109,0.0000,0.0000,0.0001,0.0108,0.0000,200,2.3872
0.0362,0.0000,0.0000,0.0000,0.0361,0.0000,200,2.3624
0.0123,0.0000,0.0000,0.0000,0.0122,0.0000,200,2.3866
0.0142,0.0000,0.0000,0.0000,0.0140,0.0002,200,2.3854
0.0048,0.0000,0.0000,0.0000,0.0047,0.0000,200,2.3959
0.0035,0.0000,0.0000,0.0000,0.0034,0.0000,200,2.3975
0.0098,0.0000,0.0000,0.0000,0.0097,0.0000,200,2.3942
0.0412,0.0000,0.0000,0.0000,0.0412,0.0000,200,2.3628
0.0075,0.0000,0.0000,0.0000,0.0074,0.0000,200,2.3965
0.0413,0.0000,0.0000,0.0000,0.0413,0.0000,200,2.3627
0.0316,0.0000,0.0000,0.0000,0.0314,0.0002,200,2.3725
0.0085,0.0000,0.0000,0.0000,0.0084,0.0000,200,2.3957
0.0600,0.0000,0.0000,0.0006,0.0592,0.0000,200,2.3443
0.0077,0.0000,0.0000,0.0000,0.0076,0.0000,200,2.3966
0.0275,0.0000,0.0000,0.0001,0.0272,0.0000,200,2.3775
0.0395,0.0000,0.0000,0.0000,0.0394,0.0000,200,2.3660
0.0320,0.0000,0.0000,0.0001,0.0319,0.0000,200,2.3736
0.0578,0.0000,0.0000,0.0000,0.0578,0.0000,200,2.3487
0.0438,0.0000,0.0000,0.0000,0.0437,0.0000,200,2.3628
0.0070,0.0000,0.0000,0.0000,0.0069,0.0000,200,2.3996
0.0132,0.0000,0.0000,0.0000,0.0130,0.0001,200,2.3938
0.0125,0.0000,0.0000,0.0000,0.0123,0.0001,200,2.3952
0.0202,0.0000,0.0000,0.0000,0.0201,0.0000,200,2.3880
0.0194,0.0000,0.0000,0.0000,0.0191,0.0001,200,2.3895
0.0124,0.0000,0.0000,0.0000,0.0123,0.0001,200,2.3967
0.0011,0.0000,0.0000,0.0000,0.0011,0.0000,200,2.4083
0.0475,0.0000,0.0000,0.0000,0.0474,0.0000,200,2.3625
0.0100,0.0000,0.0000,0.0000,0.0097,0.0002,200,2.4007
0.0694,0.0000,0.0000,0.0000,0.0693,0.0000,200,2.3414
0.0075,0.0000,0.0000,0.0000,0.0074,0.0000,200,2.4040
0.0074,0.0000,0.0000,0.0000,0.0073,0.0000,200,2.4041
0.0496,0.0000,0.0000,0.0000,0.0495,0.0000,200,2.3625
0.0090,0.0000,0.0000,0.0000,0.0089,0.0000,200,2.4040
0.0168,0.0000,0.0000,0.0000,0.0166,0.0002,200,2.3966
0.0158,0.0000,0.0000,0.0000,0.0155,0.0003,200,2.3986
0.0207,0.0000,0.0000,0.0000,0.0206,0.0000,200,2.3949
0.0113,0.0000,0.0000,0.0000,0.0113,0.0000,200,2.4042
0.0334,0.0000,0.0000,0.0000,0.0333,0.0000,200,2.3822
0.0725,0.0000,0.0000,0.0000,0.0725,0.0000,200,2.3431
0.0413,0.0000,0.0000,0.0000,0.0412,0.0000,200,2.3744
0.0042,0.0000,0.0000,0.0000,0.0041,0.0000,200,2.4115
0.0669,0.0000,0.0000,0.0000,0.0669,0.0000,200,2.3506
0.0084,0.0000,0.0000,0.0000,0.0084,0.0000,200,2.4091
0.0135,0.0000,0.0000,0.0000,0.0135,0.0000,200,2.4040
0.0111,0.0000,0.0000,0.0000,0.0110,0.0000,200,2.4066
0.0048,0.0000,0.0000,0.0000,0.0045,0.0001,200,2.4130
0.0196,0.0000,0.0000,0.0000,0.0195,0.0000,200,2.3989
0.0095,0.0000,0.0000,0.0000,0.0094,0.0000,200,2.4094
0.0149,0.0000,0.0000,0.0000,0.0148,0.0001,200,2.4042
0.0106,0.0000,0.0000,0.0000,0.0105,0.0000,200,2.4100
0.0394,0.0000,0.0000,0.0000,0.0393,0.0000,200,2.3812
0.0438,0.0000,0.0000,0.0000,0.0438,0.0000,200,2.3768
0.0042,0.0000,0.0000,0.0000,0.0040,0.0001,200,2.4176
0.0068,0.0000,0.0000,0.0000,0.0066,0.0002,200,2.4157
0.0112,0.0000,0.0000,0.0000,0.0111,0.0001,200,2.4121
0.0122,0.0000,0.0000,0.0000,0.0121,0.0000,200,2.4115
0.0080,0.0000,0.0000,0.0000,0.0080,0.0000,200,2.4157
0.0455,0.0000,0.0000,0.0000,0.0454,0.0001,200,2.3790
0.0028,0.0000,0.0000,0.0000,0.0027,0.0000,200,2.4226
0.0103,0.0000,0.0000,0.0000,0.0103,0.0000,200,2.4156
0.0256,0.0000,0.0000,0.0000,0.0256,0.0001,200,2.4050
0.0241,0.0000,0.0000,0.0000,0.0240,0.0001,200,2.4066
0.0101,0.0000,0.0000,0.0000,0.0100,0.0000,200,2.4206
0.0479,0.0000,0.0000,0.0000,0.0479,0.0000,200,2.3828
0.0201,0.0000,0.0000,0.0000,0.0200,0.0000,200,2.4107
0.0370,0.0000,0.0000,0.0000,0.0369,0.0000,200,2.3938
0.0298,0.0000,0.0000,0.0000,0.0298,0.0000,200,2.4010
0.0117,0.0000,0.0000,0.0000,0.0116,0.0000,200,2.4191
0.0075,0.0000,0.0000,0.0000,0.0074,0.0000,200,2.4234
0.0103,0.0000,0.0000,0.0000,0.0102,0.0000,200,2.4206
0.0784,0.0000,0.0000,0.0000,0.0783,0.0000,200,2.3525
0.0169,0.0000,0.0000,0.0001,0.0168,0.0000,200,2.4140
0.0226,0.0000,0.0000,0.0001,0.0224,0.0000,200,2.4089
0.0290,0.0000,0.0000,0.0000,0.0289,0.0001,200,2.4056
0.0110,0.0000,0.0000,0.0000,0.0109,0.0000,200,2.4237
0.0486,0.0000,0.0000,0.0000,0.0485,0.0001,200,2.3860
0.0169,0.0000,0.0000,0.0000,0.0168,0.0001,200,2.4178
0.0308,0.0000,0.0000,0.0000,0.0305,0.0000,200,2.4040
0.0270,0.0000,0.0000,0.0000,0.0270,0.0000,200,2.4077
0.0736,0.0000,0.0000,0.0001,0.0734,0.0000,200,2.3613
0.0131,0.0000,0.0000,0.0000,0.0130,0.0000,200,2.4218
0.0103,0.0000,0.0000,0.0000,0.0103,0.0000,200,2.4245
0.0938,0.0000,0.0000,0.0000,0.0935,0.0004,200,2.3423
0.0205,0.0000,0.0000,0.0000,0.0204,0.0001,200,2.4176
0.0200,0.0000,0.0000,0.0000,0.0199,0.0001,200,2.4185
0.0425,0.0000,0.0000,0.0000,0.0425,0.0000,200,2.3966
0.0191,0.0000,0.0000,0.0000,0.0190,0.0001,200,2.4206
0.0459,0.0000,0.0000,0.0000,0.0458,0.0000,200,2.3946
0.0103,0.0000,0.0000,0.0000,0.0102,0.0000,200,2.4307
0.0019,0.0000,0.0000,0.0000,0.0018,0.0001,200,2.4392
0.0227,0.0000,0.0000,0.0000,0.0226,0.0001,200,2.4190
0.0188,0.0000,0.0000,0.0000,0.0186,0.0001,200,2.4238
0.0081,0.0000,0.0000,0.0000,0.0080,0.0000,200,2.4346
0.0084,0.0000,0.0000,0.0009,0.0075,0.0000,200,2.4349
0.0126,0.0000,0.0000,0.0000,0.0125,0.0000,200,2.4309
0.1022,0.0000,0.0000,0.0000,0.1020,0.0002,200,2.3414
0.0130,0.0000,0.0000,0.0000,0.0130,0.0000,200,2.4308
0.0015,0.0000,0.0000,0.0000,0.0014,0.0001,200,2.4427
0.0469,0.0000,0.0000,0.0000,0.0468,0.0000,200,2.3981
0.0045,0.0000,0.0000,0.0000,0.0045,0.0000,200,2.4410
0.0146,0.0000,0.0000,0.0000,0.0145,0.0000,200,2.4314
0.0153,0.0000,0.0000,0.0000,0.0151,0.0001,200,2.4309
0.0712,0.0000,0.0000,0.0000,0.0711,0.0000,200,2.3755
0.0429,0.0000,0.0000,0.0000,0.0428,0.0001,200,2.4041
0.0017,0.0000,0.0000,0.0000,0.0015,0.0000,200,2.4461
0.0019,0.0000,0.0000,0.0000,0.0018,0.0001,200,2.4460
0.0063,0.0000,0.0000,0.0000,0.0063,0.0000,200,2.4433
0.0189,0.0000,0.0000,0.0000,0.0188,0.0001,200,2.4308
0.0341,0.0000,0.0000,0.0000,0.0339,0.0001,200,2.4157
0.0112,0.0000,0.0000,0.0000,0.0111,0.0000,200,2.4386
0.0063,0.0000,0.0000,0.0000,0.0063,0.0000,200,2.4435
0.0145,0.0000,0.0000,0.0001,0.0143,0.0000,200,2.4362
0.0013,0.0000,0.0000,0.0002,0.0011,0.0000,200,2.4497
0.0204,0.0000,0.0000,0.0000,0.0203,0.0000,200,2.4309
0.0265,0.0000,0.0000,0.0000,0.0259,0.0001,200,2.4254
0.0418,0.0000,0.0000,0.0000,0.0416,0.0002,200,2.4108
0.1818,0.0000,0.0000,0.0000,0.1818,0.0000,200,2.2709
0.0081,0.0000,0.0000,0.0000,0.0079,0.0001,200,2.4455
0.0233,0.0000,0.0000,0.0000,0.0231,0.0002,200,2.4309
0.0394,0.0000,0.0000,0.0000,0.0393,0.0000,200,2.4156
0.0208,0.0000,0.0000,0.0004,0.0193,0.0002,200,2.4348
0.0064,0.0000,0.0000,0.0000,0.0063,0.0001,200,2.4498
0.0261,0.0000,0.0000,0.0000,0.0260,0.0001,200,2.4307
0.0063,0.0000,0.0000,0.0000,0.0062,0.0001,200,2.4507
0.0034,0.0000,0.0000,0.0000,0.0032,0.0002,200,2.4543
0.0146,0.0000,0.0000,0.0000,0.0144,0.0002,200,2.4438
0.0245,0.0000,0.0000,0.0000,0.0244,0.0000,200,2.4347
0.0048,0.0000,0.0000,0.0000,0.0047,0.0001,200,2.4550
0.0253,0.0000,0.0000,0.0000,0.0252,0.0000,200,2.4346
0.0046,0.0000,0.0000,0.0000,0.0039,0.0000,200,2.4556
0.0428,0.0000,0.0000,0.0000,0.0427,0.0001,200,2.4176
0.0115,0.0000,0.0000,0.0000,0.0114,0.0001,200,2.4498
0.0110,0.0000,0.0000,0.0000,0.0109,0.0000,200,2.4511
0.0484,0.0000,0.0000,0.0000,0.0482,0.0002,200,2.4144
0.0138,0.0000,0.0000,0.0000,0.0138,0.0001,200,2.4496
0.0204,0.0000,0.0000,0.0000,0.0204,0.0000,200,2.4436
0.0469,0.0000,0.0000,0.0000,0.0469,0.0000,200,2.4177
0.0070,0.0000,0.0000,0.0000,0.0067,0.0003,200,2.4577
0.0116,0.0000,0.0000,0.0000,0.0114,0.0001,200,2.4536
0.0134,0.0000,0.0000,0.0000,0.0133,0.0000,200,2.4526
0.0082,0.0000,0.0000,0.0000,0.0080,0.0001,200,2.4585
0.0230,0.0000,0.0000,0.0000,0.0229,0.0001,200,2.4442
0.0332,0.0000,0.0000,0.0000,0.0332,0.0000,200,2.4347
0.0276,0.0000,0.0000,0.0000,0.0275,0.0001,200,2.4406
0.0374,0.0000,0.0000,0.0000,0.0373,0.0001,200,2.4308
0.0334,0.0000,0.0000,0.0002,0.0321,0.0003,200,2.4348
0.0287,0.0000,0.0000,0.0000,0.0286,0.0000,200,2.4397
0.0052,0.0000,0.0000,0.0000,0.0051,0.0000,200,2.4635
0.0977,0.0000,0.0000,0.0000,0.0977,0.0000,200,2.3711
0.0053,0.0000,0.0000,0.0000,0.0052,0.0000,200,2.4640
0.0181,0.0000,0.0000,0.0000,0.0180,0.0000,200,2.4512
0.0082,0.0000,0.0000,0.0000,0.0079,0.0001,200,2.4613
0.0345,0.0000,0.0000,0.0000,0.0342,0.0003,200,2.4416
0.0371,0.0000,0.0000,0.0000,0.0370,0.0001,200,2.4426
0.0493,0.0000,0.0000,0.0000,0.0492,0.0001,200,2.4306
0.0644,0.0000,0.0000,0.0000,0.0643,0.0000,200,2.4156
0.0118,0.0000,0.0000,0.0000,0.0117,0.0001,200,2.4688
0.0362,0.0000,0.0000,0.0000,0.0361,0.0000,200,2.4450
0.0507,0.0000,0.0000,0.0000,0.0506,0.0000,200,2.4307
0.0152,0.0000,0.0000,0.0000,0.0151,0.0001,200,2.4667
0.0135,0.0000,0.0000,0.0000,0.0134,0.0000,200,2.4686
0.0358,0.0000,0.0000,0.0000,0.0356,0.0002,200,2.4480
0.0186,0.0000,0.0000,0.0000,0.0184,0.0000,200,2.4652
0.0237,0.0000,0.0000,0.0001,0.0236,0.0000,200,2.4604
0.0433,0.0000,0.0000,0.0000,0.0431,0.0000,200,2.4410
0.0316,0.0000,0.0000,0.0000,0.0316,0.0000,200,2.4527
0.0281,0.0000,0.0000,0.0000,0.0280,0.0001,200,2.4568
0.0049,0.0000,0.0000,0.0000,0.0048,0.0000,200,2.4807
0.0786,0.0000,0.0000,0.0000,0.0785,0.0000,200,2.4070
0.0236,0.0000,0.0000,0.0000,0.0234,0.0002,200,2.4628
0.0176,0.0000,0.0000,0.0000,0.0175,0.0001,200,2.4693
0.0397,0.0000,0.0000,0.0000,0.0394,0.0002,200,2.4478
0.0229,0.0000,0.0000,0.0000,0.0228,0.0000,200,2.4647
0.0218,0.0000,0.0000,0.0000,0.0217,0.0000,200,2.4682
0.0213,0.0000,0.0000,0.0000,0.0210,0.0002,200,2.4695
0.0231,0.0000,0.0000,0.0000,0.0229,0.0001,200,2.4682
0.0090,0.0000,0.0000,0.0000,0.0088,0.0001,200,2.4843
0.0469,0.0000,0.0000,0.0000,0.0468,0.0001,200,2.4467
0.0252,0.0000,0.0000,0.0000,0.0251,0.0001,200,2.4800
0.0388,0.0000,0.0000,0.0000,0.0387,0.0001,200,2.4673
0.0252,0.0000,0.0000,0.0000,0.0249,0.0003,200,2.4821
0.0138,0.0000,0.0000,0.0000,0.0138,0.0000,200,2.4937
0.0403,0.0000,0.0000,0.0001,0.0402,0.0000,200,2.4693
0.0227,0.0000,0.0000,0.0000,0.0226,0.0000,200,2.4869
0.0599,0.0000,0.0000,0.0000,0.0598,0.0000,200,2.4497
0.0848,0.0000,0.0000,0.0001,0.0847,0.0000,200,2.4259
0.0047,0.0000,0.0000,0.0000,0.0046,0.0000,200,2.5061
0.0209,0.0000,0.0000,0.0000,0.0208,0.0000,200,2.4900
0.0295,0.0000,0.0000,0.0000,0.0293,0.0002,200,2.4814
0.0801,0.0000,0.0000,0.0000,0.0800,0.0001,200,2.4308
0.0556,0.0000,0.0000,0.0000,0.0552,0.0003,200,2.4561
0.0275,0.0000,0.0000,0.0001,0.0273,0.0000,200,2.4849
0.0288,0.0000,0.0000,0.0000,0.0287,0.0001,200,2.4844
0.0452,0.0000,0.0000,0.0001,0.0449,0.0002,200,2.4684
0.0343,0.0000,0.0000,0.0000,0.0341,0.0001,200,2.4799
0.1345,0.0000,0.0000,0.0000,0.1344,0.0001,200,2.3808
0.0517,0.0000,0.0000,0.0000,0.0516,0.0001,200,2.4659
0.0125,0.0000,0.0000,0.0001,0.0122,0.0001,200,2.5052
0.0416,0.0000,0.0000,0.0000,0.0415,0.0000,200,2.4762
0.0498,0.0000,0.0000,0.0000,0.0497,0.0000,200,2.4680
0.0071,0.0000,0.0000,0.0000,0.0070,0.0000,200,2.5107
0.0304,0.0000,0.0000,0.0000,0.0303,0.0001,200,2.4875
0.0584,0.0000,0.0000,0.0000,0.0583,0.0001,200,2.4602
0.0564,0.0000,0.0000,0.0005,0.0558,0.0001,200,2.4646
0.0620,0.0000,0.0000,0.0000,0.0619,0.0001,200,2.4599
0.0105,0.0000,0.0000,0.0001,0.0103,0.0001,200,2.5117
0.0154,0.0000,0.0000,0.0000,0.0153,0.0000,200,2.5074
0.0296,0.0000,0.0000,0.0000,0.0295,0.0000,200,2.4933
0.0069,0.0000,0.0000,0.0000,0.0068,0.0000,200,2.5178
0.0070,0.0000,0.0000,0.0000,0.0069,0.0001,200,2.5176
0.0651,0.0000,0.0000,0.0001,0.0647,0.0000,200,2.4598
0.0438,0.0000,0.0000,0.0000,0.0437,0.0001,200,2.4812
0.1194,0.0000,0.0000,0.0000,0.1194,0.0000,200,2.4055
0.0073,0.0000,0.0000,0.0000,0.0073,0.0000,200,2.5178
0.0076,0.0000,0.0000,0.0000,0.0074,0.0001,200,2.5178
0.0146,0.0000,0.0000,0.0000,0.0138,0.0007,200,2.5108
0.0079,0.0000,0.0000,0.0000,0.0078,0.0000,200,2.5179
0.0130,0.0000,0.0000,0.0000,0.0124,0.0003,200,2.5142
0.0184,0.0000,0.0000,0.0000,0.0183,0.0000,200,2.5096
0.0178,0.0000,0.0000,0.0001,0.0176,0.0000,200,2.5109
0.0441,0.0000,0.0000,0.0000,0.0441,0.0000,200,2.4855
0.0480,0.0000,0.0000,0.0001,0.0479,0.0001,200,2.4820
0.0049,0.0000,0.0000,0.0000,0.0046,0.0001,200,2.5254
0.0056,0.0000,0.0000,0.0000,0.0055,0.0001,200,2.5250
0.0743,0.0000,0.0000,0.0000,0.0741,0.0002,200,2.4570
0.0801,0.0000,0.0000,0.0000,0.0801,0.0000,200,2.4518
0.0039,0.0000,0.0000,0.0000,0.0039,0.0000,200,2.5287
0.0061,0.0000,0.0000,0.0002,0.0059,0.0001,200,2.5272
0.0244,0.0000,0.0000,0.0000,0.0243,0.0000,200,2.5096
0.0117,0.0000,0.0000,0.0000,0.0116,0.0001,200,2.5228
0.0103,0.0000,0.0000,0.0000,0.0102,0.0000,200,2.5249
0.0221,0.0000,0.0000,0.0000,0.0220,0.0000,200,2.5136
0.0111,0.0000,0.0000,0.0000,0.0110,0.0001,200,2.5250
0.0062,0.0000,0.0000,0.0000,0.0061,0.0000,200,2.5300
0.0120,0.0000,0.0000,0.0000,0.0119,0.0000,200,2.5246
0.0029,0.0000,0.0000,0.0001,0.0026,0.0001,200,2.5345
0.1002,0.0000,0.0000,0.0000,0.0999,0.0003,200,2.4381
0.0038,0.0000,0.0000,0.0000,0.0036,0.0002,200,2.5352
0.0039,0.0000,0.0000,0.0000,0.0038,0.0001,200,2.5356
0.0075,0.0000,0.0000,0.0000,0.0074,0.0000,200,2.5327
0.0132,0.0000,0.0000,0.0000,0.0130,0.0002,200,2.5280
0.0295,0.0000,0.0000,0.0000,0.0293,0.0001,200,2.5124
0.0107,0.0000,0.0000,0.0004,0.0102,0.0000,200,2.5313
0.0177,0.0000,0.0000,0.0002,0.0174,0.0000,200,2.5246
0.0235,0.0000,0.0000,0.0000,0.0234,0.0000,200,2.5211
0.0072,0.0000,0.0000,0.0000,0.0071,0.0000,200,2.5374
0.0086,0.0000,0.0000,0.0000,0.0085,0.0000,200,2.5360
0.0261,0.0000,0.0000,0.0000,0.0260,0.0000,200,2.5186
0.0052,0.0000,0.0000,0.0001,0.0049,0.0001,200,2.5396
0.0575,0.0000,0.0000,0.0002,0.0573,0.0001,200,2.4876
0.0600,0.0000,0.0000,0.0001,0.0596,0.0001,200,2.4864
0.0130,0.0000,0.0000,0.0000,0.0129,0.0000,200,2.5334
0.0150,0.0000,0.0000,0.0000,0.0150,0.0000,200,2.5320
0.0306,0.0000,0.0000,0.0000,0.0303,0.0002,200,2.5177
0.0187,0.0000,0.0000,0.0000,0.0185,0.0001,200,2.5303
0.0650,0.0000,0.0000,0.0000,0.0650,0.0000,200,2.4855
0.0036,0.0000,0.0000,0.0000,0.0031,0.0000,200,2.5470
0.0167,0.0000,0.0000,0.0000,0.0166,0.0000,200,2.5339
0.0435,0.0000,0.0000,0.0000,0.0430,0.0005,200,2.5075
0.0211,0.0000,0.0000,0.0000,0.0210,0.0001,200,2.5305
0.0269,0.0000,0.0000,0.0000,0.0267,0.0001,200,2.5254
0.0153,0.0000,0.0000,0.0000,0.0152,0.0000,200,2.5383
0.0072,0.0000,0.0000,0.0000,0.0071,0.0001,200,2.5464
0.0166,0.0000,0.0000,0.0000,0.0165,0.0000,200,2.5390
0.0461,0.0000,0.0000,0.0000,0.0460,0.0000,200,2.5096
0.0110,0.0000,0.0000,0.0000,0.0109,0.0000,200,2.5446
0.0643,0.0000,0.0000,0.0000,0.0642,0.0000,200,2.4913
0.0034,0.0000,0.0000,0.0000,0.0032,0.0000,200,2.5523
0.0451,0.0000,0.0000,0.0000,0.0451,0.0000,200,2.5107
0.0154,0.0000,0.0000,0.0001,0.0152,0.0000,200,2.5412
0.0274,0.0000,0.0000,0.0000,0.0273,0.0000,200,2.5297
0.0171,0.0000,0.0000,0.0000,0.0170,0.0001,200,2.5419
0.0101,0.0000,0.0000,0.0000,0.0100,0.0000,200,2.5490
0.0151,0.0000,0.0000,0.0000,0.0150,0.0001,200,2.5447
0.0089,0.0000,0.0000,0.0000,0.0088,0.0001,200,2.5516
0.0242,0.0000,0.0000,0.0000,0.0241,0.0001,200,2.5366
0.0350,0.0000,0.0000,0.0000,0.0349,0.0001,200,2.5258
0.0021,0.0000,0.0000,0.0000,0.0020,0.0000,200,2.5605
0.0474,0.0000,0.0000,0.0000,0.0473,0.0000,200,2.5153
0.0071,0.0000,0.0000,0.0000,0.0070,0.0000,200,2.5556
0.1035,0.0000,0.0000,0.0000,0.1034,0.0000,200,2.4593
0.0377,0.0000,0.0000,0.0000,0.0375,0.0000,200,2.5251
0.0071,0.0000,0.0000,0.0000,0.0071,0.0000,200,2.5556
0.1158,0.0000,0.0000,0.0000,0.1158,0.0000,200,2.4470
0.0172,0.0000,0.0000,0.0000,0.0171,0.0000,200,2.5464
0.0278,0.0000,0.0000,0.0000,0.0278,0.0000,200,2.5363
0.0194,0.0000,0.0000,0.0001,0.0193,0.0000,200,2.5451
0.0021,0.0000,0.0000,0.0000,0.0020,0.0000,200,2.5628
0.0434,0.0000,0.0000,0.0001,0.0432,0.0000,200,2.5219
0.1038,0.0000,0.0000,0.0000,0.1037,0.0000,200,2.4621
0.0437,0.0000,0.0000,0.0000,0.0436,0.0000,200,2.5228
0.0039,0.0000,0.0000,0.0000,0.0038,0.0000,200,2.5628
0.0026,0.0000,0.0000,0.0000,0.0026,0.0000,200,2.5641
0.0046,0.0000,0.0000,0.0000,0.0044,0.0001,200,2.5628
0.0774,0.0000,0.0000,0.0000,0.0771,0.0003,200,2.4908
0.0268,0.0000,0.0000,0.0000,0.0267,0.0001,200,2.5423
0.0186,0.0000,0.0000,0.0001,0.0184,0.0000,200,2.5506
0.0192,0.0000,0.0000,0.0000,0.0192,0.0000,200,2.5510
0.0256,0.0000,0.0000,0.0000,0.0255,0.0000,200,2.5447
0.0576,0.0000,0.0000,0.0000,0.0575,0.0000,200,2.5131
0.0062,0.0000,0.0000,0.0000,0.0061,0.0000,200,2.5648
0.0089,0.0000,0.0000,0.0000,0.0088,0.0001,200,2.5626
0.1039,0.0000,0.0000,0.0001,0.1037,0.0000,200,2.4682
0.1380,0.0000,0.0000,0.0000,0.1379,0.0000,200,2.4347
0.0057,0.0000,0.0000,0.0000,0.0056,0.0001,200,2.5674
0.0108,0.0000,0.0000,0.0000,0.0107,0.0001,200,2.5627
0.0232,0.0000,0.0000,0.0002,0.0230,0.0000,200,2.5506
0.0104,0.0000,0.0000,0.0000,0.0104,0.0000,200,2.5637
0.0327,0.0000,0.0000,0.0003,0.0323,0.0000,200,2.5420
0.0139,0.0000,0.0000,0.0000,0.0138,0.0000,200,2.5608
0.0026,0.0000,0.0000,0.0000,0.0025,0.0000,200,2.5721
0.0212,0.0000,0.0000,0.0000,0.0211,0.0000,200,2.5536
0.0129,0.0000,0.0000,0.0000,0.0128,0.0000,200,2.5628
0.0362,0.0000,0.0000,0.0000,0.0361,0.0000,200,2.5402
0.0181,0.0000,0.0000,0.0000,0.0181,0.0000,200,2.5591
0.0173,0.0000,0.0000,0.0000,0.0170,0.0003,200,2.5608
0.0144,0.0000,0.0000,0.0000,0.0142,0.0002,200,2.5645
0.0105,0.0000,0.0000,0.0000,0.0104,0.0001,200,2.5692
0.0030,0.0000,0.0000,0.0000,0.0029,0.0001,200,2.5773
0.0220,0.0000,0.0000,0.0000,0.0219,0.0001,200,2.5590
0.0151,0.0000,0.0000,0.0000,0.0150,0.0000,200,2.5665
0.0253,0.0000,0.0000,0.0000,0.0252,0.0000,200,2.5571
0.0172,0.0000,0.0000,0.0000,0.0171,0.0000,200,2.5659
0.0332,0.0000,0.0000,0.0000,0.0331,0.0000,200,2.5506
0.0017,0.0000,0.0000,0.0001,0.0016,0.0000,200,2.5824
0.0099,0.0000,0.0000,0.0000,0.0098,0.0000,200,2.5748
0.0107,0.0000,0.0000,0.0000,0.0106,0.0000,200,2.5747
0.0031,0.0000,0.0000,0.0000,0.0030,0.0001,200,2.5830
0.0138,0.0000,0.0000,0.0000,0.0137,0.0001,200,2.5731
0.0034,0.0000,0.0000,0.0000,0.0033,0.0000,200,2.5841
0.0212,0.0000,0.0000,0.0000,0.0212,0.0000,200,2.5667
0.0182,0.0000,0.0000,0.0000,0.0181,0.0001,200,2.5703
0.0018,0.0000,0.0000,0.0000,0.0017,0.0000,200,2.5869
0.0011,0.0000,0.0000,0.0000,0.0010,0.0000,200,2.5880
0.1057,0.0000,0.0000,0.0000,0.1056,0.0001,200,2.4837
0.0787,0.0000,0.0000,0.0000,0.0786,0.0000,200,2.5108
0.0151,0.0000,0.0000,0.0001,0.0149,0.0001,200,2.5789
0.0074,0.0000,0.0000,0.0000,0.0072,0.0002,200,2.5875
0.0505,0.0000,0.0000,0.0000,0.0504,0.0001,200,2.5447
0.0397,0.0000,0.0000,0.0000,0.0395,0.0001,200,2.5556
0.0285,0.0000,0.0000,0.0000,0.0283,0.0000,200,2.5692
0.0093,0.0000,0.0000,0.0000,0.0092,0.0000,200,2.5885
0.0183,0.0000,0.0000,0.0000,0.0182,0.0000,200,2.5797
0.0254,0.0000,0.0000,0.0000,0.0253,0.0000,200,2.5727
0.0304,0.0000,0.0000,0.0000,0.0304,0.0001,200,2.5682
0.0232,0.0000,0.0000,0.0000,0.0231,0.0000,200,2.5757
0.0181,0.0000,0.0000,0.0000,0.0180,0.0000,200,2.5810
0.0139,0.0000,0.0000,0.0001,0.0138,0.0000,200,2.5854
0.0253,0.0000,0.0000,0.0000,0.0253,0.0000,200,2.5741
0.0149,0.0000,0.0000,0.0000,0.0149,0.0000,200,2.5847
0.0140,0.0000,0.0000,0.0000,0.0138,0.0000,200,2.5861
0.0288,0.0000,0.0000,0.0000,0.0285,0.0002,200,2.5716
0.0020,0.0000,0.0000,0.0000,0.0020,0.0001,200,2.5987
0.0113,0.0000,0.0000,0.0000,0.0113,0.0000,200,2.5895
0.0025,0.0000,0.0000,0.0000,0.0024,0.0001,200,2.5991
0.0443,0.0000,0.0000,0.0000,0.0442,0.0001,200,2.5598
0.0208,0.0000,0.0000,0.0000,0.0207,0.0001,200,2.5891
0.0212,0.0000,0.0000,0.0000,0.0212,0.0000,200,2.5887
0.0103,0.0000,0.0000,0.0000,0.0092,0.0008,200,2.6003
0.0441,0.0000,0.0000,0.0000,0.0432,0.0009,200,2.5667
0.0101,0.0000,0.0000,0.0000,0.0098,0.0003,200,2.6007
0.0327,0.0000,0.0000,0.0000,0.0322,0.0003,200,2.5781
0.0159,0.0000,0.0000,0.0000,0.0156,0.0003,200,2.5950
0.1271,0.0000,0.0000,0.0000,0.1268,0.0003,200,2.4838
0.0135,0.0000,0.0000,0.0000,0.0132,0.0003,200,2.5994
0.0374,0.0000,0.0000,0.0000,0.0373,0.0001,200,2.5764
0.0100,0.0000,0.0000,0.0001,0.0096,0.0000,200,2.6041
0.0190,0.0000,0.0000,0.0000,0.0188,0.0002,200,2.5953
0.0044,0.0000,0.0000,0.0000,0.0043,0.0001,200,2.6108
0.0218,0.0000,0.0000,0.0000,0.0217,0.0000,200,2.5940
0.0166,0.0000,0.0000,0.0000,0.0165,0.0001,200,2.5996
0.0056,0.0000,0.0000,0.0000,0.0055,0.0000,200,2.6108
0.0030,0.0000,0.0000,0.0000,0.0028,0.0002,200,2.6143
0.0407,0.0000,0.0000,0.0000,0.0403,0.0004,200,2.5837
0.0448,0.0000,0.0000,0.0000,0.0447,0.0001,200,2.5803
0.0086,0.0000,0.0000,0.0000,0.0085,0.0000,200,2.6173
0.0284,0.0000,0.0000,0.0000,0.0283,0.0000,200,2.5977
0.0281,0.0000,0.0000,0.0000,0.0281,0.0000,200,2.5980
0.0280,0.0000,0.0000,0.0000,0.0279,0.0000,200,2.5981
0.0514,0.0000,0.0000,0.0000,0.0514,0.0000,200,2.5747
0.0515,0.0000,0.0000,0.0000,0.0514,0.0000,200,2.5748
0.0636,0.0000,0.0000,0.0000,0.0635,0.0000,200,2.5627
0.0255,0.0000,0.0000,0.0000,0.0255,0.0000,200,2.6008
0.0155,0.0000,0.0000,0.0000,0.0154,0.0000,200,2.6109
0.0126,0.0000,0.0000,0.0001,0.0124,0.0000,200,2.6138
0.0181,0.0000,0.0000,0.0000,0.0178,0.0002,200,2.6099
0.0027,0.0000,0.0000,0.0000,0.0026,0.0001,200,2.6260
0.0139,0.0000,0.0000,0.0001,0.0137,0.0001,200,2.6152
0.0033,0.0000,0.0000,0.0000,0.0032,0.0000,200,2.6263
0.0484,0.0000,0.0000,0.0000,0.0483,0.0000,200,2.5816
0.0138,0.0000,0.0000,0.0023,0.0115,0.0000,200,2.6164
0.0200,0.0000,0.0000,0.0000,0.0199,0.0000,200,2.6109
0.0311,0.0000,0.0000,0.0000,0.0310,0.0001,200,2.6001
0.0421,0.0000,0.0000,0.0000,0.0420,0.0000,200,2.5895
0.0222,0.0000,0.0000,0.0000,0.0221,0.0001,200,2.6099
0.0069,0.0000,0.0000,0.0000,0.0068,0.0001,200,2.6261
0.0376,0.0000,0.0000,0.0000,0.0375,0.0001,200,2.5988
0.0807,0.0000,0.0000,0.0000,0.0806,0.0001,200,2.5566
0.0640,0.0000,0.0000,0.0003,0.0637,0.0000,200,2.5735
0.0241,0.0000,0.0000,0.0006,0.0234,0.0001,200,2.6140
0.0089,0.0000,0.0000,0.0000,0.0086,0.0002,200,2.6300
0.0235,0.0000,0.0000,0.0008,0.0226,0.0000,200,2.6163
0.0382,0.0000,0.0000,0.0000,0.0382,0.0000,200,2.6016
0.0299,0.0000,0.0000,0.0001,0.0297,0.0001,200,2.6107
0.0163,0.0000,0.0000,0.0000,0.0161,0.0001,200,2.6251
0.0430,0.0000,0.0000,0.0000,0.0429,0.0001,200,2.5993
0.0104,0.0000,0.0000,0.0000,0.0104,0.0000,200,2.6322
0.0734,0.0000,0.0000,0.0000,0.0726,0.0007,200,2.5707
0.0125,0.0000,0.0000,0.0000,0.0125,0.0000,200,2.6316
0.0149,0.0000,0.0000,0.0000,0.0148,0.0001,200,2.6296
0.0047,0.0000,0.0000,0.0000,0.0042,0.0003,200,2.6398
0.0025,0.0000,0.0000,0.0001,0.0024,0.0000,200,2.6423
0.0543,0.0000,0.0000,0.0000,0.0542,0.0001,200,2.5953
0.0256,0.0000,0.0000,0.0000,0.0255,0.0001,200,2.6263
0.0127,0.0000,0.0000,0.0000,0.0127,0.0000,200,2.6398
0.0239,0.0000,0.0000,0.0000,0.0234,0.0001,200,2.6287
0.0275,0.0000,0.0000,0.0000,0.0274,0.0000,200,2.6261
0.0130,0.0000,0.0000,0.0000,0.0129,0.0001,200,2.6406
0.0263,0.0000,0.0000,0.0000,0.0262,0.0001,200,2.6280
0.0101,0.0000,0.0000,0.0000,0.0100,0.0001,200,2.6448
0.0424,0.0000,0.0000,0.0000,0.0423,0.0000,200,2.6129
0.0170,0.0000,0.0000,0.0000,0.0170,0.0000,200,2.6389
0.1119,0.0000,0.0000,0.0000,0.1119,0.0000,200,2.5446
0.0241,0.0000,0.0000,0.0000,0.0240,0.0000,200,2.6330
0.0154,0.0000,0.0000,0.0000,0.0153,0.0000,200,2.6426
0.0325,0.0000,0.0000,0.0000,0.0324,0.0001,200,2.6264
0.0435,0.0000,0.0000,0.0000,0.0434,0.0001,200,2.6159
0.0355,0.0000,0.0000,0.0000,0.0353,0.0000,200,2.6244
0.0042,0.0000,0.0000,0.0000,0.0042,0.0001,200,2.6566
0.0088,0.0000,0.0000,0.0000,0.0087,0.0000,200,2.6525
0.0881,0.0000,0.0000,0.0001,0.0879,0.0000,200,2.5739
0.0362,0.0000,0.0000,0.0000,0.0361,0.0000,200,2.6262
0.0921,0.0000,0.0000,0.0000,0.0920,0.0000,200,2.5710
0.0193,0.0000,0.0000,0.0000,0.0189,0.0000,200,2.6445
0.0152,0.0000,0.0000,0.0000,0.0151,0.0000,200,2.6496
0.0276,0.0000,0.0000,0.0000,0.0275,0.0000,200,2.6375
0.0089,0.0000,0.0000,0.0000,0.0088,0.0001,200,2.6571
0.0139,0.0000,0.0000,0.0000,0.0138,0.0001,200,2.6527
0.0302,0.0000,0.0000,0.0000,0.0301,0.0000,200,2.6373
0.0128,0.0000,0.0000,0.0000,0.0127,0.0000,200,2.6553
0.0424,0.0000,0.0000,0.0000,0.0423,0.0001,200,2.6259
0.0156,0.0000,0.0000,0.0001,0.0155,0.0000,200,2.6537
0.0060,0.0000,0.0000,0.0000,0.0059,0.0001,200,2.6638
0.0173,0.0000,0.0000,0.0000,0.0172,0.0001,200,2.6536
0.0037,0.0000,0.0000,0.0000,0.0036,0.0001,200,2.6675
0.0199,0.0000,0.0000,0.0000,0.0198,0.0001,200,2.6518
0.0361,0.0000,0.0000,0.0001,0.0358,0.0001,200,2.6364
0.0421,0.0000,0.0000,0.0000,0.0421,0.0000,200,2.6309
0.0075,0.0000,0.0000,0.0000,0.0074,0.0000,200,2.6660
0.0300,0.0000,0.0000,0.0000,0.0299,0.0001,200,2.6441
0.0097,0.0000,0.0000,0.0000,0.0097,0.0000,200,2.6651
0.0063,0.0000,0.0000,0.0000,0.0062,0.0001,200,2.6692
0.0502,0.0000,0.0000,0.0000,0.0501,0.0001,200,2.6262
0.0055,0.0000,0.0000,0.0000,0.0054,0.0000,200,2.6718
0.0159,0.0000,0.0000,0.0000,0.0158,0.0001,200,2.6620
0.0061,0.0000,0.0000,0.0000,0.0060,0.0000,200,2.6730
0.0513,0.0000,0.0000,0.0000,0.0493,0.0020,200,2.6302
0.0227,0.0000,0.0000,0.0000,0.0227,0.0000,200,2.6588
0.0076,0.0000,0.0000,0.0000,0.0075,0.0000,200,2.6741
0.0109,0.0000,0.0000,0.0000,0.0108,0.0000,200,2.6709
0.0219,0.0000,0.0000,0.0000,0.0218,0.0000,200,2.6599
0.0506,0.0000,0.0000,0.0000,0.0505,0.0000,200,2.6312
0.0152,0.0000,0.0000,0.0000,0.0151,0.0000,200,2.6666
0.0040,0.0000,0.0000,0.0000,0.0039,0.0000,200,2.6779
0.0048,0.0000,0.0000,0.0001,0.0046,0.0001,200,2.6773
0.0421,0.0000,0.0000,0.0003,0.0413,0.0003,200,2.6413
0.0191,0.0000,0.0000,0.0000,0.0190,0.0000,200,2.6648
0.0580,0.0000,0.0000,0.0000,0.0580,0.0001,200,2.6264
0.0095,0.0000,0.0000,0.0000,0.0094,0.0000,200,2.6755
0.0309,0.0000,0.0000,0.0000,0.0308,0.0000,200,2.6543
0.0014,0.0000,0.0000,0.0000,0.0013,0.0000,200,2.6845
0.0251,0.0000,0.0000,0.0000,0.0250,0.0001,200,2.6614
0.0245,0.0000,0.0000,0.0000,0.0244,0.0000,200,2.6624
0.0325,0.0000,0.0000,0.0000,0.0324,0.0001,200,2.6548
0.0167,0.0000,0.0000,0.0000,0.0166,0.0000,200,2.6712
0.0193,0.0000,0.0000,0.0000,0.0192,0.0001,200,2.6820
0.0198,0.0000,0.0000,0.0000,0.0195,0.0002,200,2.6816
0.0153,0.0000,0.0000,0.0000,0.0153,0.0000,200,2.6865
0.0256,0.0000,0.0000,0.0000,0.0255,0.0001,200,2.6764
0.0026,0.0000,0.0000,0.0001,0.0024,0.0000,200,2.7014
0.0029,0.0000,0.0000,0.0000,0.0027,0.0002,200,2.7018
0.0235,0.0000,0.0000,0.0000,0.0234,0.0001,200,2.6817
0.0240,0.0000,0.0000,0.0000,0.0239,0.0000,200,2.6818
0.0773,0.0000,0.0000,0.0000,0.0769,0.0003,200,2.6292
0.0510,0.0000,0.0000,0.0000,0.0508,0.0002,200,2.6559
0.0239,0.0000,0.0000,0.0000,0.0238,0.0000,200,2.6839
0.0044,0.0000,0.0000,0.0000,0.0043,0.0000,200,2.7052
0.0278,0.0000,0.0000,0.0000,0.0277,0.0000,200,2.6818
0.0413,0.0000,0.0000,0.0000,0.0412,0.0000,200,2.6683
0.0083,0.0000,0.0000,0.0001,0.0082,0.0000,200,2.7014
0.0077,0.0000,0.0000,0.0000,0.0077,0.0000,200,2.7020
0.0307,0.0000,0.0000,0.0000,0.0306,0.0000,200,2.6792
0.0996,0.0000,0.0000,0.0000,0.0995,0.0000,200,2.6109
0.0069,0.0000,0.0000,0.0000,0.0068,0.0000,200,2.7039
0.0259,0.0000,0.0000,0.0000,0.0254,0.0004,200,2.6858
0.0370,0.0000,0.0000,0.0000,0.0369,0.0000,200,2.6749
0.0309,0.0000,0.0000,0.0000,0.0308,0.0001,200,2.6819
0.0317,0.0000,0.0000,0.0000,0.0315,0.0001,200,2.6815
0.0303,0.0000,0.0000,0.0000,0.0302,0.0000,200,2.6835
0.0041,0.0000,0.0000,0.0000,0.0039,0.0002,200,2.7104
0.0330,0.0000,0.0000,0.0000,0.0329,0.0001,200,2.6818
0.0284,0.0000,0.0000,0.0000,0.0284,0.0000,200,2.6869
0.0340,0.0000,0.0000,0.0000,0.0339,0.0001,200,2.6817
0.0080,0.0000,0.0000,0.0000,0.0079,0.0000,200,2.7096
0.0069,0.0000,0.0000,0.0000,0.0068,0.0000,200,2.7108
0.0452,0.0000,0.0000,0.0000,0.0451,0.0000,200,2.6725
0.0081,0.0000,0.0000,0.0000,0.0080,0.0000,200,2.7097
0.0080,0.0000,0.0000,0.0000,0.0077,0.0003,200,2.7098
0.0089,0.0000,0.0000,0.0000,0.0088,0.0001,200,2.7096
0.0029,0.0000,0.0000,0.0000,0.0029,0.0000,200,2.7156
0.0145,0.0000,0.0000,0.0000,0.0144,0.0001,200,2.7047
0.0102,0.0000,0.0000,0.0000,0.0101,0.0001,200,2.7098
0.0030,0.0000,0.0000,0.0000,0.0028,0.0002,200,2.7176
0.0021,0.0000,0.0000,0.0000,0.0020,0.0001,200,2.7186
0.0098,0.0000,0.0000,0.0000,0.0097,0.0000,200,2.7119
0.0106,0.0000,0.0000,0.0000,0.0101,0.0001,200,2.7117
0.0051,0.0000,0.0000,0.0000,0.0049,0.0000,200,2.7178
0.0170,0.0000,0.0000,0.0000,0.0168,0.0001,200,2.7065
0.0147,0.0000,0.0000,0.0000,0.0146,0.0001,200,2.7096
0.0044,0.0000,0.0000,0.0000,0.0042,0.0001,200,2.7200
0.0398,0.0000,0.0000,0.0000,0.0397,0.0001,200,2.6852
0.0078,0.0000,0.0000,0.0000,0.0077,0.0000,200,2.7177
0.0052,0.0000,0.0000,0.0000,0.0050,0.0000,200,2.7206
0.0074,0.0000,0.0000,0.0000,0.0073,0.0001,200,2.7185
0.0191,0.0000,0.0000,0.0001,0.0190,0.0000,200,2.7069
0.0033,0.0000,0.0000,0.0000,0.0033,0.0000,200,2.7229
0.0683,0.0000,0.0000,0.0000,0.0682,0.0000,200,2.6580
0.0111,0.0000,0.0000,0.0000,0.0110,0.0000,200,2.7154
0.0026,0.0000,0.0000,0.0000,0.0025,0.0001,200,2.7243
0.0130,0.0000,0.0000,0.0000,0.0129,0.0001,200,2.7192
0.0451,0.0000,0.0000,0.0000,0.0450,0.0001,200,2.6874
0.0272,0.0000,0.0000,0.0000,0.0271,0.0000,200,2.7058
0.0170,0.0000,0.0000,0.0000,0.0170,0.0001,200,2.7178
0.0091,0.0000,0.0000,0.0000,0.0090,0.0000,200,2.7258
0.0125,0.0000,0.0000,0.0000,0.0124,0.0000,200,2.7225
0.0087,0.0000,0.0000,0.0000,0.0086,0.0000,200,2.7262
0.0081,0.0000,0.0000,0.0000,0.0080,0.0001,200,2.7269
0.0100,0.0000,0.0000,0.0000,0.0097,0.0003,200,2.7256
0.0254,0.0000,0.0000,0.0001,0.0252,0.0000,200,2.7132
0.0039,0.0000,0.0000,0.0000,0.0039,0.0000,200,2.7348
0.0058,0.0000,0.0000,0.0000,0.0057,0.0000,200,2.7330
0.0040,0.0000,0.0000,0.0000,0.0039,0.0000,200,2.7348
0.0250,0.0000,0.0000,0.0000,0.0250,0.0000,200,2.7138
0.0066,0.0000,0.0000,0.0000,0.0065,0.0000,200,2.7322
0.0172,0.0000,0.0000,0.0000,0.0171,0.0000,200,2.7217
0.0128,0.0000,0.0000,0.0000,0.0128,0.0000,200,2.7261
0.0182,0.0000,0.0000,0.0003,0.0178,0.0000,200,2.7207
0.0948,0.0000,0.0000,0.0000,0.0947,0.0000,200,2.6441
0.0040,0.0000,0.0000,0.0000,0.0040,0.0000,200,2.7349
0.0692,0.0000,0.0000,0.0000,0.0691,0.0000,200,2.6698
0.0040,0.0000,0.0000,0.0001,0.0039,0.0000,200,2.7350
0.0159,0.0000,0.0000,0.0000,0.0158,0.0001,200,2.7243
0.0145,0.0000,0.0000,0.0000,0.0144,0.0000,200,2.7263
0.0038,0.0000,0.0000,0.0000,0.0037,0.0001,200,2.7389
0.0043,0.0000,0.0000,0.0000,0.0042,0.0000,200,2.7388
0.0060,0.0000,0.0000,0.0000,0.0059,0.0000,200,2.7388
0.0303,0.0000,0.0000,0.0000,0.0302,0.0000,200,2.7145
0.0060,0.0000,0.0000,0.0000,0.0060,0.0000,200,2.7389
0.0062,0.0000,0.0000,0.0000,0.0061,0.0000,200,2.7388
0.0126,0.0000,0.0000,0.0002,0.0123,0.0000,200,2.7325
0.0098,0.0000,0.0000,0.0000,0.0097,0.0000,200,2.7355
0.0064,0.0000,0.0000,0.0000,0.0063,0.0000,200,2.7389
0.0051,0.0000,0.0000,0.0000,0.0050,0.0000,200,2.7402
0.0104,0.0000,0.0000,0.0000,0.0104,0.0000,200,2.7349
0.0190,0.0000,0.0000,0.0000,0.0187,0.0000,200,2.7264
0.0376,0.0000,0.0000,0.0000,0.0376,0.0000,200,2.7078
0.0065,0.0000,0.0000,0.0000,0.0064,0.0000,200,2.7390
0.0307,0.0000,0.0000,0.0000,0.0306,0.0000,200,2.7148
0.0065,0.0000,0.0000,0.0004,0.0061,0.0000,200,2.7390
0.0048,0.0000,0.0000,0.0000,0.0048,0.0000,200,2.7407
0.0200,0.0000,0.0000,0.0000,0.0199,0.0001,200,2.7260
0.0076,0.0000,0.0000,0.0000,0.0075,0.0001,200,2.7389
0.0088,0.0000,0.0000,0.0000,0.0087,0.0000,200,2.7386
0.0224,0.0000,0.0000,0.0000,0.0223,0.0001,200,2.7250
0.0009,0.0000,0.0000,0.0000,0.0008,0.0001,200,2.7474
0.0015,0.0000,0.0000,0.0000,0.0014,0.0001,200,2.7474
0.0035,0.0000,0.0000,0.0000,0.0035,0.0000,200,2.7454
0.0041,0.0000,0.0000,0.0000,0.0040,0.0000,200,2.7455
0.0046,0.0000,0.0000,0.0000,0.0046,0.0000,200,2.7450
0.0050,0.0000,0.0000,0.0000,0.0049,0.0001,200,2.7453
0.0061,0.0000,0.0000,0.0000,0.0060,0.0001,200,2.7448
0.0074,0.0000,0.0000,0.0000,0.0073,0.0001,200,2.7455
0.0046,0.0000,0.0000,0.0000,0.0044,0.0002,200,2.7489
0.0087,0.0000,0.0000,0.0000,0.0086,0.0000,200,2.7449
0.0042,0.0000,0.0000,0.0000,0.0041,0.0001,200,2.7504
0.0041,0.0000,0.0000,0.0000,0.0040,0.0002,200,2.7509
0.0058,0.0000,0.0000,0.0000,0.0057,0.0001,200,2.7497
0.0128,0.0000,0.0000,0.0000,0.0127,0.0000,200,2.7431
0.0099,0.0000,0.0000,0.0000,0.0095,0.0000,200,2.7465
0.0085,0.0000,0.0000,0.0000,0.0085,0.0000,200,2.7484
0.0120,0.0000,0.0000,0.0000,0.0120,0.0000,200,2.7450
0.0124,0.0000,0.0000,0.0000,0.0123,0.0001,200,2.7447
0.0076,0.0000,0.0000,0.0000,0.0076,0.0000,200,2.7496
0.0120,0.0000,0.0000,0.0000,0.0119,0.0001,200,2.7455
0.0045,0.0000,0.0000,0.0000,0.0044,0.0001,200,2.7536
0.0046,0.0000,0.0000,0.0000,0.0046,0.0001,200,2.7536
0.0132,0.0000,0.0000,0.0000,0.0131,0.0000,200,2.7453
0.0107,0.0000,0.0000,0.0000,0.0106,0.0001,200,2.7559
0.0081,0.0000,0.0000,0.0000,0.0081,0.0000,200,2.7585
0.0086,0.0000,0.0000,0.0000,0.0084,0.0001,200,2.7581
0.0112,0.0000,0.0000,0.0000,0.0111,0.0000,200,2.7555
0.0095,0.0000,0.0000,0.0000,0.0094,0.0000,200,2.7572
0.0086,0.0000,0.0000,0.0000,0.0085,0.0000,200,2.7582
0.0242,0.0000,0.0000,0.0000,0.0241,0.0000,200,2.7427
0.0105,0.0000,0.0000,0.0000,0.0105,0.0000,200,2.7564
0.0180,0.0000,0.0000,0.0000,0.0179,0.0000,200,2.7490
0.0119,0.0000,0.0000,0.0000,0.0111,0.0005,200,2.7551
0.0106,0.0000,0.0000,0.0000,0.0103,0.0003,200,2.7575
0.0017,0.0000,0.0000,0.0000,0.0016,0.0000,200,2.7668
0.0017,0.0000,0.0000,0.0000,0.0017,0.0000,200,2.7668
0.0163,0.0000,0.0000,0.0000,0.0162,0.0000,200,2.7529
0.0028,0.0000,0.0000,0.0000,0.0027,0.0000,200,2.7670
0.0038,0.0000,0.0000,0.0000,0.0037,0.0000,200,2.7667
0.0142,0.0000,0.0000,0.0000,0.0142,0.0000,200,2.7569
0.0046,0.0000,0.0000,0.0000,0.0045,0.0001,200,2.7669
0.0053,0.0000,0.0000,0.0000,0.0052,0.0000,200,2.7669
0.0041,0.0000,0.0000,0.0000,0.0040,0.0000,200,2.7685
0.0161,0.0000,0.0000,0.0000,0.0160,0.0001,200,2.7572
0.0038,0.0000,0.0000,0.0000,0.0036,0.0001,200,2.7698
0.0048,0.0000,0.0000,0.0000,0.0046,0.0002,200,2.7692
0.0295,0.0000,0.0000,0.0000,0.0294,0.0001,200,2.7454
0.0035,0.0000,0.0000,0.0000,0.0034,0.0001,200,2.7722
0.0091,0.0000,0.0000,0.0000,0.0090,0.0001,200,2.7685
0.0071,0.0000,0.0000,0.0000,0.0071,0.0000,200,2.7705
0.0207,0.0000,0.0000,0.0000,0.0193,0.0014,200,2.7570
0.0065,0.0000,0.0000,0.0000,0.0064,0.0001,200,2.7716
0.0070,0.0000,0.0000,0.0000,0.0069,0.0001,200,2.7711
0.0115,0.0000,0.0000,0.0000,0.0114,0.0000,200,2.7681
0.0063,0.0000,0.0000,0.0000,0.0062,0.0000,200,2.7733
0.0040,0.0000,0.0000,0.0000,0.0038,0.0001,200,2.7757
0.0130,0.0000,0.0000,0.0000,0.0130,0.0000,200,2.7666
0.0129,0.0000,0.0000,0.0000,0.0126,0.0002,200,2.7669
0.0030,0.0000,0.0000,0.0000,0.0027,0.0000,200,2.7776
0.0036,0.0000,0.0000,0.0000,0.0035,0.0001,200,2.7777
0.0043,0.0000,0.0000,0.0000,0.0042,0.0000,200,2.7777
0.0161,0.0000,0.0000,0.0000,0.0160,0.0000,200,2.7666
0.0021,0.0000,0.0000,0.0000,0.0019,0.0001,200,2.7813
0.0077,0.0000,0.0000,0.0000,0.0077,0.0000,200,2.7782
0.0192,0.0000,0.0000,0.0000,0.0190,0.0001,200,2.7667
0.0064,0.0000,0.0000,0.0001,0.0062,0.0001,200,2.7798
0.0139,0.0000,0.0000,0.0000,0.0138,0.0001,200,2.7726
0.0007,0.0000,0.0000,0.0001,0.0005,0.0001,200,2.7865
0.0083,0.0000,0.0000,0.0000,0.0082,0.0000,200,2.7796
0.0082,0.0000,0.0000,0.0000,0.0082,0.0000,200,2.7797
0.0007,0.0000,0.0000,0.0000,0.0006,0.0001,200,2.7879
0.0021,0.0000,0.0000,0.0000,0.0019,0.0000,200,2.7873
0.0035,0.0000,0.0000,0.0000,0.0033,0.0000,200,2.7859
0.0099,0.0000,0.0000,0.0004,0.0093,0.0001,200,2.7796
0.0036,0.0000,0.0000,0.0000,0.0035,0.0000,200,2.7859
0.0090,0.0000,0.0000,0.0000,0.0089,0.0000,200,2.7806
0.0115,0.0000,0.0000,0.0000,0.0113,0.0000,200,2.7781
0.0099,0.0000,0.0000,0.0000,0.0099,0.0000,200,2.7796
0.0077,0.0000,0.0000,0.0000,0.0076,0.0000,200,2.7819
0.0010,0.0000,0.0000,0.0000,0.0010,0.0000,200,2.7886
0.0018,0.0000,0.0000,0.0000,0.0018,0.0000,200,2.7879
0.0070,0.0000,0.0000,0.0000,0.0070,0.0000,200,2.7827
0.0004,0.0000,0.0000,0.0000,0.0003,0.0000,200,2.7894
0.0006,0.0000,0.0000,0.0000,0.0006,0.0000,200,2.7894
0.0007,0.0000,0.0000,0.0000,0.0006,0.0000,200,2.7897
0.0012,0.0000,0.0000,0.0000,0.0011,0.0000,200,2.7897
0.0175,0.0000,0.0000,0.0000,0.0173,0.0001,200,2.7740
0.0024,0.0000,0.0000,0.0000,0.0024,0.0000,200,2.7897
0.0024,0.0000,0.0000,0.0000,0.0023,0.0000,200,2.7904
0.0014,0.0000,0.0000,0.0000,0.0013,0.0001,200,2.7915
0.0030,0.0000,0.0000,0.0000,0.0030,0.0000,200,2.7900
0.0031,0.0000,0.0000,0.0000,0.0030,0.0001,200,2.7909
0.0050,0.0000,0.0000,0.0000,0.0050,0.0000,200,2.7895
0.0056,0.0000,0.0000,0.0000,0.0055,0.0000,200,2.7896
0.0056,0.0000,0.0000,0.0000,0.0055,0.0000,200,2.7896
0.0062,0.0000,0.0000,0.0000,0.0061,0.0000,200,2.7896
0.0035,0.0000,0.0000,0.0000,0.0034,0.0001,200,2.7929
0.0039,0.0000,0.0000,0.0000,0.0038,0.0000,200,2.7930
0.0067,0.0000,0.0000,0.0000,0.0066,0.0000,200,2.7921
0.0025,0.0000,0.0000,0.0000,0.0022,0.0002,200,2.7969
0.0036,0.0000,0.0000,0.0000,0.0036,0.0000,200,2.7958
0.0070,0.0000,0.0000,0.0000,0.0067,0.0003,200,2.7951
0.0028,0.0000,0.0000,0.0000,0.0027,0.0000,200,2.7994
0.0024,0.0000,0.0000,0.0000,0.0023,0.0000,200,2.8022
0.0118,0.0000,0.0000,0.0000,0.0117,0.0001,200,2.7928
0.0025,0.0000,0.0000,0.0000,0.0024,0.0000,200,2.8021
0.0082,0.0000,0.0000,0.0000,0.0080,0.0001,200,2.7965
0.0152,0.0000,0.0000,0.0000,0.0151,0.0001,200,2.7895
0.0006,0.0000,0.0000,0.0000,0.0005,0.0001,200,2.8047
0.0013,0.0000,0.0000,0.0000,0.0012,0.0000,200,2.8046
0.0011,0.0000,0.0000,0.0000,0.0010,0.0000,200,2.8052
0.0010,0.0000,0.0000,0.0000,0.0009,0.0000,200,2.8064
0.0015,0.0000,0.0000,0.0000,0.0014,0.0001,200,2.8059
0.0005,0.0000,0.0000,0.0000,0.0005,0.0000,200,2.8074
0.0043,0.0000,0.0000,0.0000,0.0042,0.0001,200,2.8046
0.0006,0.0000,0.0000,0.0000,0.0005,0.0000,200,2.8090
0.0011,0.0000,0.0000,0.0000,0.0007,0.0003,200,2.8096
