response-time,DNS+dialup,DNS,Request-write,Response-delay,Response-read,status-code,offset
0.0587,0.0014,0.0000,0.0027,0.0544,0.0002,200,0.0027
0.0582,0.0005,0.0000,0.0044,0.0525,0.0008,200,0.0039
0.0622,0.0007,0.0000,0.0006,0.0604,0.0003,200,0.0006
0.0577,0.0009,0.0000,0.0008,0.0558,0.0000,200,0.0055
0.0571,0.0015,0.0000,0.0003,0.0552,0.0001,200,0.0063
0.0574,0.0013,0.0000,0.0003,0.0557,0.0001,200,0.0064
0.0599,0.0003,0.0000,0.0043,0.0552,0.0002,200,0.0040
0.0029,0.0000,0.0000,0.0000,0.0026,0.0002,200,0.0614
0.0610,0.0009,0.0000,0.0038,0.0540,0.0023,200,0.0034
0.0603,0.0024,0.0000,0.0008,0.0571,0.0000,200,0.0044
0.0022,0.0000,0.0000,0.0000,0.0021,0.0001,200,0.0631
0.0600,0.0003,0.0000,0.0008,0.0588,0.0001,200,0.0059
0.0597,0.0008,0.0000,0.0002,0.0585,0.0000,200,0.0068
0.0038,0.0000,0.0000,0.0000,0.0037,0.0000,200,0.0634
0.0659,0.0003,0.0000,0.0003,0.0652,0.0000,200,0.0019
0.0065,0.0000,0.0000,0.0000,0.0061,0.0003,200,0.0621
0.0672,0.0028,0.0000,0.0040,0.0602,0.0002,200,0.0016
0.0636,0.0006,0.0000,0.0008,0.0621,0.0000,200,0.0057
0.0651,0.0034,0.0000,0.0003,0.0613,0.0000,200,0.0042
0.0655,0.0023,0.0000,0.0008,0.0621,0.0002,200,0.0044
0.0050,0.0000,0.0000,0.0000,0.0048,0.0002,200,0.0653
0.0076,0.0000,0.0000,0.0000,0.0075,0.0000,200,0.0628
0.0023,0.0000,0.0000,0.0000,0.0022,0.0001,200,0.0686
0.0677,0.0006,0.0000,0.0042,0.0628,0.0000,200,0.0036
0.0702,0.0029,0.0000,0.0041,0.0630,0.0001,200,0.0016
0.0680,0.0027,0.0000,0.0008,0.0644,0.0001,200,0.0041
0.0691,0.0010,0.0000,0.0040,0.0639,0.0002,200,0.0033
0.0062,0.0000,0.0000,0.0000,0.0060,0.0002,200,0.0665
0.0691,0.0003,0.0000,0.0041,0.0646,0.0000,200,0.0038
0.0089,0.0000,0.0000,0.0000,0.0089,0.0000,200,0.0640
0.0046,0.0000,0.0000,0.0000,0.0045,0.0001,200,0.0693
0.0071,0.0000,0.0000,0.0000,0.0070,0.0001,200,0.0678
0.0706,0.0027,0.0000,0.0009,0.0670,0.0001,200,0.0043
0.0061,0.0000,0.0000,0.0002,0.0055,0.0001,200,0.0688
0.0720,0.0004,0.0000,0.0041,0.0673,0.0000,200,0.0037
0.0747,0.0011,0.0000,0.0014,0.0721,0.0000,200,0.0013
0.0061,0.0000,0.0000,0.0000,0.0057,0.0000,200,0.0704
0.0760,0.0004,0.0000,0.0005,0.0750,0.0000,200,0.0010
0.0032,0.0000,0.0000,0.0000,0.0032,0.0000,200,0.0739
0.0701,0.0006,0.0000,0.0004,0.0691,0.0000,200,0.0071
0.0751,0.0034,0.0000,0.0001,0.0715,0.0001,200,0.0025
0.0087,0.0000,0.0000,0.0000,0.0087,0.0001,200,0.0693
0.0031,0.0000,0.0000,0.0000,0.0031,0.0000,200,0.0749
0.0764,0.0046,0.0000,0.0020,0.0698,0.0000,200,0.0021
0.0776,0.0049,0.0000,0.0008,0.0718,0.0000,200,0.0013
0.0781,0.0012,0.0000,0.0015,0.0751,0.0003,200,0.0013
0.0779,0.0007,0.0000,0.0004,0.0767,0.0000,200,0.0016
0.0020,0.0000,0.0000,0.0000,0.0019,0.0001,200,0.0780
0.0166,0.0000,0.0000,0.0000,0.0165,0.0000,200,0.0639
0.0082,0.0000,0.0000,0.0001,0.0080,0.0000,200,0.0724
0.0166,0.0000,0.0000,0.0000,0.0165,0.0000,200,0.0647
0.0769,0.0016,0.0000,0.0008,0.0742,0.0000,200,0.0047
0.0016,0.0000,0.0000,0.0000,0.0015,0.0000,200,0.0800
0.0176,0.0000,0.0000,0.0001,0.0174,0.0002,200,0.0642
0.0026,0.0000,0.0000,0.0000,0.0026,0.0000,200,0.0794
0.0065,0.0000,0.0000,0.0000,0.0065,0.0000,200,0.0757
0.0815,0.0009,0.0000,0.0004,0.0801,0.0000,200,0.0015
0.0634,0.0000,0.0000,0.0000,0.0632,0.0001,200,0.0749
0.0618,0.0000,0.0000,0.0000,0.0615,0.0002,200,0.0772
0.1369,0.0013,0.0000,0.0039,0.1312,0.0005,200,0.0031
0.1364,0.0006,0.0000,0.0042,0.1316,0.0001,200,0.0037
0.0733,0.0000,0.0000,0.0000,0.0732,0.0000,200,0.0672
0.0589,0.0000,0.0000,0.0001,0.0587,0.0000,200,0.0820
0.0292,0.0000,0.0000,0.0001,0.0288,0.0002,200,0.1401
0.0877,0.0000,0.0000,0.0000,0.0874,0.0002,200,0.0816
0.1189,0.0000,0.0000,0.0000,0.1188,0.0001,200,0.0770
0.1921,0.0004,0.0000,0.0044,0.1872,0.0001,200,0.0039
0.1231,0.0000,0.0000,0.0000,0.1230,0.0001,200,0.0729
0.1322,0.0000,0.0000,0.0000,0.1317,0.0001,200,0.0644
0.1206,0.0000,0.0000,0.0000,0.1205,0.0001,200,0.0764
0.1930,0.0002,0.0000,0.0025,0.1903,0.0001,200,0.0041
0.1966,0.0005,0.0000,0.0004,0.1955,0.0001,200,0.0009
0.1253,0.0000,0.0000,0.0000,0.1252,0.0001,200,0.0729
0.0022,0.0000,0.0000,0.0000,0.0021,0.0000,200,0.1960
0.1329,0.0000,0.0000,0.0000,0.1326,0.0003,200,0.0659
0.1285,0.0000,0.0000,0.0001,0.1283,0.0000,200,0.0704
0.1200,0.0000,0.0000,0.0005,0.1194,0.0001,200,0.0794
0.0027,0.0000,0.0000,0.0000,0.0024,0.0002,200,0.1970
0.0602,0.0000,0.0000,0.0001,0.0600,0.0000,200,0.1400
0.0597,0.0000,0.0000,0.0000,0.0596,0.0000,200,0.1409
0.1190,0.0000,0.0000,0.0000,0.1190,0.0000,200,0.0822
0.1288,0.0000,0.0000,0.0000,0.1285,0.0000,200,0.0727
0.0057,0.0000,0.0000,0.0000,0.0055,0.0000,200,0.1966
0.0043,0.0000,0.0000,0.0000,0.0042,0.0000,200,0.1982
0.1248,0.0000,0.0000,0.0000,0.1247,0.0000,200,0.0780
0.1994,0.0020,0.0000,0.0009,0.1964,0.0000,200,0.0046
0.0038,0.0000,0.0000,0.0000,0.0037,0.0000,200,0.2002
0.0025,0.0000,0.0000,0.0000,0.0024,0.0000,200,0.2015
0.0657,0.0000,0.0000,0.0000,0.0657,0.0000,200,0.1383
0.1970,0.0004,0.0000,0.0004,0.1962,0.0000,200,0.0072
0.1989,0.0009,0.0000,0.0008,0.1971,0.0000,200,0.0055
0.0641,0.0000,0.0000,0.0000,0.0640,0.0000,200,0.1405
0.1238,0.0000,0.0000,0.0000,0.1237,0.0000,200,0.0816
0.0012,0.0000,0.0000,0.0001,0.0008,0.0002,200,0.2045
0.0365,0.0000,0.0000,0.0000,0.0364,0.0001,200,0.1693
0.2047,0.0011,0.0000,0.0013,0.2023,0.0000,200,0.0014
0.2006,0.0017,0.0000,0.0004,0.1984,0.0000,200,0.0061
0.0014,0.0000,0.0000,0.0000,0.0011,0.0001,200,0.2058
0.0097,0.0000,0.0000,0.0000,0.0096,0.0000,200,0.1975
0.0035,0.0000,0.0000,0.0000,0.0034,0.0001,200,0.2040
0.0121,0.0000,0.0000,0.0000,0.0119,0.0001,200,0.1960
0.1384,0.0000,0.0000,0.0000,0.1382,0.0001,200,0.0699
0.1269,0.0000,0.0000,0.0000,0.1266,0.0002,200,0.0819
0.0031,0.0000,0.0000,0.0000,0.0027,0.0000,200,0.2058
0.0015,0.0000,0.0000,0.0001,0.0013,0.0000,200,0.2081
0.1378,0.0000,0.0000,0.0000,0.1375,0.0000,200,0.0721
0.0027,0.0000,0.0000,0.0001,0.0021,0.0005,200,0.2083
0.1361,0.0000,0.0000,0.0000,0.1360,0.0000,200,0.0749
0.1298,0.0000,0.0000,0.0000,0.1297,0.0000,200,0.0813
0.0076,0.0000,0.0000,0.0001,0.0069,0.0004,200,0.2040
0.1339,0.0000,0.0000,0.0001,0.1338,0.0000,200,0.0776
0.0051,0.0000,0.0000,0.0000,0.0051,0.0000,200,0.2067
0.0131,0.0000,0.0000,0.0000,0.0126,0.0005,200,0.1989
0.1297,0.0000,0.0000,0.0000,0.1296,0.0000,200,0.0830
0.0123,0.0000,0.0000,0.0000,0.0121,0.0001,200,0.2006
0.0747,0.0000,0.0000,0.0000,0.0745,0.0001,200,0.1390
0.2071,0.0011,0.0000,0.0003,0.2055,0.0001,200,0.0066
0.1436,0.0000,0.0000,0.0000,0.1435,0.0001,200,0.0709
0.2112,0.0008,0.0000,0.0043,0.2059,0.0002,200,0.0035
0.0023,0.0000,0.0000,0.0000,0.0019,0.0003,200,0.2129
0.0020,0.0000,0.0000,0.0000,0.0019,0.0000,200,0.2137
0.0144,0.0000,0.0000,0.0000,0.0143,0.0001,200,0.2013
0.0090,0.0000,0.0000,0.0000,0.0089,0.0000,200,0.2072
0.2152,0.0009,0.0000,0.0008,0.2135,0.0000,200,0.0015
0.0074,0.0000,0.0000,0.0000,0.0073,0.0000,200,0.2099
0.2150,0.0033,0.0000,0.0031,0.2086,0.0000,200,0.0023
0.2173,0.0005,0.0000,0.0003,0.2163,0.0001,200,0.0007
0.1413,0.0000,0.0000,0.0000,0.1387,0.0025,200,0.0786
0.0106,0.0000,0.0000,0.0000,0.0105,0.0001,200,0.2096
0.0056,0.0000,0.0000,0.0000,0.0055,0.0000,200,0.2147
0.0051,0.0000,0.0000,0.0000,0.0050,0.0000,200,0.2157
0.1438,0.0000,0.0000,0.0000,0.1437,0.0000,200,0.0771
0.0215,0.0000,0.0000,0.0000,0.0214,0.0000,200,0.1994
0.0149,0.0000,0.0000,0.0000,0.0148,0.0000,200,0.2061
0.0043,0.0000,0.0000,0.0000,0.0043,0.0001,200,0.2167
0.0048,0.0000,0.0000,0.0000,0.0048,0.0000,200,0.2162
0.0157,0.0000,0.0000,0.0000,0.0156,0.0000,200,0.2054
0.0040,0.0000,0.0000,0.0000,0.0039,0.0000,200,0.2173
0.0058,0.0000,0.0000,0.0000,0.0056,0.0000,200,0.2156
0.0046,0.0000,0.0000,0.0000,0.0045,0.0000,200,0.2173
0.1415,0.0000,0.0000,0.0000,0.1415,0.0000,200,0.0805
0.0113,0.0000,0.0000,0.0001,0.0112,0.0000,200,0.2110
0.0020,0.0000,0.0000,0.0000,0.0019,0.0001,200,0.2207
0.0089,0.0000,0.0000,0.0000,0.0087,0.0002,200,0.2145
0.0191,0.0000,0.0000,0.0000,0.0191,0.0000,200,0.2043
0.0032,0.0000,0.0000,0.0000,0.0031,0.0000,200,0.2209
0.0218,0.0000,0.0000,0.0000,0.0217,0.0000,200,0.2023
0.0253,0.0000,0.0000,0.0000,0.0252,0.0001,200,0.1988
0.0155,0.0000,0.0000,0.0000,0.0154,0.0000,200,0.2088
0.0051,0.0000,0.0000,0.0000,0.0050,0.0000,200,0.2198
0.0049,0.0000,0.0000,0.0003,0.0046,0.0000,200,0.2202
0.0145,0.0000,0.0000,0.0000,0.0145,0.0000,200,0.2115
0.0020,0.0000,0.0000,0.0000,0.0019,0.0000,200,0.2242
0.0189,0.0000,0.0000,0.0000,0.0187,0.0001,200,0.2076
0.0042,0.0000,0.0000,0.0000,0.0041,0.0000,200,0.2223
0.1469,0.0000,0.0000,0.0000,0.1465,0.0003,200,0.0806
0.0068,0.0000,0.0000,0.0000,0.0068,0.0000,200,0.2210
0.0069,0.0000,0.0000,0.0000,0.0065,0.0004,200,0.2210
0.0143,0.0000,0.0000,0.0000,0.0142,0.0000,200,0.2136
0.0173,0.0000,0.0000,0.0000,0.0172,0.0001,200,0.2110
0.0077,0.0000,0.0000,0.0000,0.0077,0.0000,200,0.2209
0.0030,0.0000,0.0000,0.0000,0.0030,0.0000,200,0.2265
0.0324,0.0000,0.0000,0.0001,0.0321,0.0000,200,0.1972
0.0225,0.0000,0.0000,0.0000,0.0224,0.0000,200,0.2072
0.0019,0.0000,0.0000,0.0000,0.0018,0.0000,200,0.2279
0.0097,0.0000,0.0000,0.0000,0.0094,0.0002,200,0.2202
0.0020,0.0000,0.0000,0.0000,0.0019,0.0000,200,0.2283
0.0090,0.0000,0.0000,0.0000,0.0090,0.0000,200,0.2213
0.2262,0.0019,0.0000,0.0008,0.2235,0.0000,200,0.0047
0.0200,0.0000,0.0000,0.0000,0.0199,0.0000,200,0.2111
0.0048,0.0000,0.0000,0.0000,0.0047,0.0000,200,0.2264
0.0276,0.0000,0.0000,0.0000,0.0273,0.0000,200,0.2040
0.0057,0.0000,0.0000,0.0000,0.0056,0.0001,200,0.2262
0.1557,0.0000,0.0000,0.0000,0.1555,0.0001,200,0.0765
0.0015,0.0000,0.0000,0.0000,0.0014,0.0001,200,0.2309
0.0084,0.0000,0.0000,0.0000,0.0084,0.0000,200,0.2241
0.2318,0.0063,0.0000,0.0004,0.2250,0.0001,200,0.0013
0.0011,0.0000,0.0000,0.0000,0.0010,0.0001,200,0.2322
0.1623,0.0000,0.0000,0.0000,0.1622,0.0001,200,0.0713
0.0008,0.0000,0.0000,0.0000,0.0007,0.0000,200,0.2331
0.0038,0.0000,0.0000,0.0000,0.0037,0.0000,200,0.2303
0.0052,0.0000,0.0000,0.0000,0.0049,0.0003,200,0.2298
0.0236,0.0000,0.0000,0.0000,0.0235,0.0000,200,0.2118
0.0123,0.0000,0.0000,0.0000,0.0100,0.0014,200,0.2235
0.0122,0.0000,0.0000,0.0000,0.0121,0.0001,200,0.2241
0.0339,0.0000,0.0000,0.0000,0.0336,0.0003,200,0.2025
0.0031,0.0000,0.0000,0.0000,0.0030,0.0000,200,0.2339
0.0074,0.0000,0.0000,0.0000,0.0066,0.0008,200,0.2297
0.0032,0.0000,0.0000,0.0000,0.0030,0.0000,200,0.2350
0.0058,0.0000,0.0000,0.0000,0.0040,0.0018,200,0.2325
0.0068,0.0000,0.0000,0.0000,0.0067,0.0000,200,0.2336
0.0713,0.0000,0.0000,0.0000,0.0712,0.0000,200,0.1693
0.0049,0.0000,0.0000,0.0000,0.0046,0.0000,200,0.2358
0.0319,0.0000,0.0000,0.0000,0.0315,0.0000,200,0.2089
0.0197,0.0000,0.0000,0.0000,0.0196,0.0002,200,0.2211
0.0367,0.0000,0.0000,0.0000,0.0366,0.0000,200,0.2042
0.0229,0.0000,0.0000,0.0000,0.0194,0.0035,200,0.2181
0.0056,0.0000,0.0000,0.0010,0.0043,0.0000,200,0.2354
0.0092,0.0000,0.0000,0.0000,0.0061,0.0030,200,0.2319
0.0159,0.0000,0.0000,0.0000,0.0159,0.0000,200,0.2252
0.0151,0.0000,0.0000,0.0000,0.0123,0.0027,200,0.2261
0.0286,0.0000,0.0000,0.0000,0.0246,0.0039,200,0.2126
0.0110,0.0000,0.0000,0.0000,0.0062,0.0046,200,0.2303
0.0117,0.0000,0.0000,0.0000,0.0082,0.0035,200,0.2296
0.0098,0.0000,0.0000,0.0000,0.0047,0.0050,200,0.2316
0.0294,0.0000,0.0000,0.0000,0.0243,0.0050,200,0.2120
0.1625,0.0000,0.0000,0.0000,0.1574,0.0051,200,0.0789
0.0204,0.0000,0.0000,0.0002,0.0173,0.0029,200,0.2211
0.0129,0.0000,0.0000,0.0000,0.0128,0.0000,200,0.2286
0.0144,0.0000,0.0000,0.0000,0.0142,0.0000,200,0.2275
0.0113,0.0000,0.0000,0.0001,0.0111,0.0000,200,0.2310
0.0060,0.0000,0.0000,0.0045,0.0014,0.0000,200,0.2364
0.0016,0.0000,0.0000,0.0000,0.0015,0.0001,200,0.2411
0.0099,0.0000,0.0000,0.0000,0.0098,0.0000,200,0.2333
0.0094,0.0000,0.0000,0.0005,0.0073,0.0001,200,0.2341
0.0025,0.0000,0.0000,0.0000,0.0024,0.0000,200,0.2411
0.0325,0.0000,0.0000,0.0002,0.0322,0.0000,200,0.2115
0.0204,0.0000,0.0000,0.0000,0.0203,0.0001,200,0.2242
0.0041,0.0000,0.0000,0.0000,0.0041,0.0000,200,0.2410
0.0041,0.0000,0.0000,0.0000,0.0030,0.0000,200,0.2415
0.0100,0.0000,0.0000,0.0006,0.0093,0.0000,200,0.2363
0.0220,0.0000,0.0000,0.0000,0.0219,0.0000,200,0.2243
0.0467,0.0000,0.0000,0.0000,0.0466,0.0001,200,0.1997
0.0510,0.0000,0.0000,0.0000,0.0508,0.0001,200,0.1959
0.0091,0.0000,0.0000,0.0000,0.0090,0.0000,200,0.2382
0.0065,0.0000,0.0000,0.0000,0.0064,0.0001,200,0.2412
0.0074,0.0000,0.0000,0.0000,0.0073,0.0000,200,0.2407
0.0269,0.0000,0.0000,0.0000,0.0268,0.0000,200,0.2215
0.0027,0.0000,0.0000,0.0000,0.0026,0.0001,200,0.2463
0.0637,0.0000,0.0000,0.0000,0.0630,0.0007,200,0.2249
0.0484,0.0000,0.0000,0.0000,0.0483,0.0000,200,0.2409
0.0674,0.0000,0.0000,0.0000,0.0673,0.0000,200,0.2219
0.0489,0.0000,0.0000,0.0000,0.0489,0.0000,200,0.2404
0.0482,0.0000,0.0000,0.0000,0.0480,0.0002,200,0.2413
0.0419,0.0000,0.0000,0.0000,0.0418,0.0000,200,0.2490
0.0498,0.0000,0.0000,0.0000,0.0498,0.0001,200,0.2410
0.0881,0.0000,0.0000,0.0000,0.0880,0.0000,200,0.2028
0.0011,0.0000,0.0000,0.0000,0.0010,0.0000,200,0.2909
0.0474,0.0000,0.0000,0.0000,0.0473,0.0001,200,0.2446
0.0028,0.0000,0.0000,0.0000,0.0026,0.0002,200,0.2894
0.0491,0.0000,0.0000,0.0000,0.0490,0.0001,200,0.2435
0.0481,0.0000,0.0000,0.0001,0.0479,0.0001,200,0.2451
0.0565,0.0000,0.0000,0.0000,0.0520,0.0001,200,0.2370
0.0902,0.0000,0.0000,0.0000,0.0899,0.0002,200,0.2041
0.0531,0.0000,0.0000,0.0000,0.0531,0.0000,200,0.2415
0.0463,0.0000,0.0000,0.0000,0.0463,0.0000,200,0.2484
0.0525,0.0000,0.0000,0.0000,0.0524,0.0001,200,0.2424
0.0542,0.0000,0.0000,0.0000,0.0541,0.0000,200,0.2414
0.2238,0.0000,0.0000,0.0000,0.2235,0.0003,200,0.0718
0.0981,0.0000,0.0000,0.0000,0.0980,0.0000,200,0.1982
0.0555,0.0000,0.0000,0.0000,0.0555,0.0000,200,0.2414
0.0753,0.0000,0.0000,0.0000,0.0750,0.0001,200,0.2220
0.0756,0.0000,0.0000,0.0000,0.0754,0.0000,200,0.2227
0.0672,0.0000,0.0000,0.0000,0.0671,0.0000,200,0.2312
0.0065,0.0000,0.0000,0.0000,0.0064,0.0000,200,0.2920
0.0835,0.0000,0.0000,0.0000,0.0834,0.0000,200,0.2152
0.0531,0.0000,0.0000,0.0000,0.0528,0.0002,200,0.2464
0.0703,0.0000,0.0000,0.0000,0.0702,0.0000,200,0.2296
0.0593,0.0000,0.0000,0.0000,0.0592,0.0000,200,0.2408
0.0121,0.0000,0.0000,0.0000,0.0114,0.0000,200,0.2887
0.0574,0.0000,0.0000,0.0001,0.0572,0.0001,200,0.2436
0.0032,0.0000,0.0000,0.0001,0.0031,0.0000,200,0.2984
0.0601,0.0000,0.0000,0.0000,0.0597,0.0003,200,0.2419
0.0589,0.0000,0.0000,0.0000,0.0588,0.0000,200,0.2431
0.0726,0.0000,0.0000,0.0002,0.0720,0.0001,200,0.2299
0.0560,0.0000,0.0000,0.0000,0.0558,0.0001,200,0.2470
0.0112,0.0000,0.0000,0.0001,0.0110,0.0001,200,0.2922
0.0104,0.0000,0.0000,0.0000,0.0103,0.0000,200,0.2933
0.0624,0.0000,0.0000,0.0000,0.0623,0.0000,200,0.2423
0.0113,0.0000,0.0000,0.0000,0.0094,0.0019,200,0.2950
0.0100,0.0000,0.0000,0.0000,0.0100,0.0000,200,0.2963
0.0607,0.0000,0.0000,0.0000,0.0607,0.0000,200,0.2456
0.0658,0.0000,0.0000,0.0000,0.0658,0.0000,200,0.2406
0.0169,0.0000,0.0000,0.0001,0.0167,0.0000,200,0.2895
0.0632,0.0000,0.0000,0.0000,0.0628,0.0004,200,0.2440
0.0053,0.0000,0.0000,0.0000,0.0052,0.0000,200,0.3020
0.0017,0.0000,0.0000,0.0000,0.0016,0.0000,200,0.3063
0.0102,0.0000,0.0000,0.0000,0.0101,0.0001,200,0.2983
0.0613,0.0000,0.0000,0.0000,0.0612,0.0000,200,0.2473
0.0155,0.0000,0.0000,0.0000,0.0153,0.0000,200,0.2935
0.0082,0.0000,0.0000,0.0000,0.0082,0.0000,200,0.3010
0.0023,0.0000,0.0000,0.0001,0.0022,0.0000,200,0.3073
0.0130,0.0000,0.0000,0.0001,0.0125,0.0004,200,0.2973
0.0070,0.0000,0.0000,0.0000,0.0069,0.0000,200,0.3034
0.0015,0.0000,0.0000,0.0000,0.0013,0.0002,200,0.3092
0.0220,0.0000,0.0000,0.0000,0.0218,0.0001,200,0.2893
0.0072,0.0000,0.0000,0.0000,0.0070,0.0001,200,0.3047
0.0193,0.0000,0.0000,0.0000,0.0192,0.0000,200,0.2926
0.0087,0.0000,0.0000,0.0000,0.0086,0.0001,200,0.3037
0.0038,0.0000,0.0000,0.0000,0.0037,0.0001,200,0.3097
0.0073,0.0000,0.0000,0.0000,0.0068,0.0004,200,0.3064
0.0029,0.0000,0.0000,0.0000,0.0028,0.0001,200,0.3108
0.0058,0.0000,0.0000,0.0000,0.0057,0.0001,200,0.3085
0.0028,0.0000,0.0000,0.0000,0.0028,0.0000,200,0.3119
0.0178,0.0000,0.0000,0.0000,0.0178,0.0000,200,0.2969
0.0080,0.0000,0.0000,0.0000,0.0079,0.0000,200,0.3073
0.0076,0.0000,0.0000,0.0000,0.0075,0.0000,200,0.3079
0.0095,0.0000,0.0000,0.0000,0.0094,0.0000,200,0.3064
0.0251,0.0000,0.0000,0.0000,0.0251,0.0000,200,0.2909
0.0061,0.0000,0.0000,0.0000,0.0059,0.0001,200,0.3103
0.0247,0.0000,0.0000,0.0001,0.0243,0.0002,200,0.2920
0.0845,0.0000,0.0000,0.0002,0.0843,0.0000,200,0.2324
0.0110,0.0000,0.0000,0.0000,0.0109,0.0001,200,0.3064
0.0695,0.0000,0.0000,0.0000,0.0694,0.0001,200,0.2481
0.0769,0.0000,0.0000,0.0000,0.0767,0.0000,200,0.2408
0.0185,0.0000,0.0000,0.0000,0.0185,0.0000,200,0.2995
0.0278,0.0000,0.0000,0.0000,0.0275,0.0002,200,0.2909
0.0084,0.0000,0.0000,0.0000,0.0083,0.0000,200,0.3103
0.0251,0.0000,0.0000,0.0000,0.0250,0.0000,200,0.2942
0.0045,0.0000,0.0000,0.0001,0.0043,0.0001,200,0.3152
0.0242,0.0000,0.0000,0.0002,0.0239,0.0000,200,0.2956
0.0065,0.0000,0.0000,0.0000,0.0063,0.0002,200,0.3144
0.0746,0.0000,0.0000,0.0000,0.0745,0.0001,200,0.2463
0.0736,0.0000,0.0000,0.0000,0.0735,0.0001,200,0.2477
0.0216,0.0000,0.0000,0.0000,0.0215,0.0001,200,0.3001
0.0190,0.0000,0.0000,0.0001,0.0188,0.0000,200,0.3030
0.0091,0.0000,0.0000,0.0000,0.0090,0.0000,200,0.3137
0.0240,0.0000,0.0000,0.0003,0.0237,0.0000,200,0.2998
0.0029,0.0000,0.0000,0.0000,0.0028,0.0000,200,0.3209
0.0154,0.0000,0.0000,0.0000,0.0153,0.0001,200,0.3086
0.0347,0.0000,0.0000,0.0000,0.0346,0.0000,200,0.2893
0.0092,0.0000,0.0000,0.0000,0.0090,0.0001,200,0.3156
0.0018,0.0000,0.0000,0.0000,0.0016,0.0000,200,0.3238
0.0978,0.0000,0.0000,0.0000,0.0977,0.0000,200,0.2278
0.0090,0.0000,0.0000,0.0000,0.0089,0.0001,200,0.3170
0.0202,0.0000,0.0000,0.0000,0.0200,0.0001,200,0.3063
0.0154,0.0000,0.0000,0.0000,0.0153,0.0000,200,0.3113
0.0258,0.0000,0.0000,0.0000,0.0257,0.0001,200,0.3016
0.0896,0.0000,0.0000,0.0030,0.0865,0.0001,200,0.2383
0.0873,0.0000,0.0000,0.0000,0.0873,0.0000,200,0.2413
0.0876,0.0000,0.0000,0.0000,0.0876,0.0000,200,0.2411
0.0038,0.0000,0.0000,0.0000,0.0037,0.0001,200,0.3256
0.0349,0.0000,0.0000,0.0000,0.0349,0.0000,200,0.2947
0.0029,0.0000,0.0000,0.0000,0.0028,0.0000,200,0.3274
0.0070,0.0000,0.0000,0.0000,0.0069,0.0000,200,0.3238
0.0138,0.0000,0.0000,0.0000,0.0137,0.0001,200,0.3176
0.0057,0.0000,0.0000,0.0001,0.0055,0.0000,200,0.3259
0.0103,0.0000,0.0000,0.0000,0.0102,0.0000,200,0.3220
0.0163,0.0000,0.0000,0.0000,0.0162,0.0000,200,0.3167
0.0171,0.0000,0.0000,0.0000,0.0170,0.0000,200,0.3160
0.0221,0.0000,0.0000,0.0000,0.0219,0.0001,200,0.3119
0.0161,0.0000,0.0000,0.0000,0.0160,0.0001,200,0.3180
0.0921,0.0000,0.0000,0.0000,0.0920,0.0000,200,0.2427
0.0052,0.0000,0.0000,0.0000,0.0051,0.0001,200,0.3303
0.0068,0.0000,0.0000,0.0000,0.0067,0.0000,200,0.3294
0.0025,0.0000,0.0000,0.0000,0.0024,0.0000,200,0.3339
0.0388,0.0000,0.0000,0.0000,0.0387,0.0001,200,0.2984
0.0214,0.0000,0.0000,0.0000,0.0213,0.0000,200,0.3164
0.0024,0.0000,0.0000,0.0000,0.0023,0.0001,200,0.3362
0.0104,0.0000,0.0000,0.0000,0.0103,0.0001,200,0.3287
0.0100,0.0000,0.0000,0.0000,0.0100,0.0000,200,0.3297
0.0194,0.0000,0.0000,0.0000,0.0193,0.0001,200,0.3208
0.0206,0.0000,0.0000,0.0000,0.0205,0.0000,200,0.3198
0.0040,0.0000,0.0000,0.0000,0.0038,0.0001,200,0.3372
0.0327,0.0000,0.0000,0.0000,0.0326,0.0000,200,0.3089
0.0170,0.0000,0.0000,0.0000,0.0169,0.0001,200,0.3247
0.1016,0.0000,0.0000,0.0000,0.1015,0.0001,200,0.2412
0.0212,0.0000,0.0000,0.0001,0.0211,0.0000,200,0.3217
0.0073,0.0000,0.0000,0.0000,0.0072,0.0001,200,0.3365
0.0070,0.0000,0.0000,0.0000,0.0069,0.0001,200,0.3378
0.0040,0.0000,0.0000,0.0000,0.0039,0.0000,200,0.3411
0.0057,0.0000,0.0000,0.0000,0.0056,0.0001,200,0.3403
0.0208,0.0000,0.0000,0.0000,0.0207,0.0001,200,0.3256
0.0289,0.0000,0.0000,0.0000,0.0286,0.0000,200,0.3177
0.0081,0.0000,0.0000,0.0000,0.0080,0.0001,200,0.3391
0.0293,0.0000,0.0000,0.0000,0.0292,0.0000,200,0.3187
0.0309,0.0000,0.0000,0.0000,0.0308,0.0000,200,0.3174
0.0086,0.0000,0.0000,0.0000,0.0085,0.0001,200,0.3403
0.0084,0.0000,0.0000,0.0000,0.0083,0.0001,200,0.3416
0.0264,0.0000,0.0000,0.0000,0.0263,0.0000,200,0.3240
0.0181,0.0000,0.0000,0.0000,0.0180,0.0001,200,0.3331
0.0548,0.0000,0.0000,0.0001,0.0546,0.0001,200,0.3124
0.0234,0.0000,0.0000,0.0000,0.0233,0.0001,200,0.3448
0.0727,0.0000,0.0000,0.0000,0.0726,0.0000,200,0.2956
0.0369,0.0000,0.0000,0.0000,0.0368,0.0000,200,0.3316
0.0712,0.0000,0.0000,0.0000,0.0711,0.0001,200,0.2987
0.0566,0.0000,0.0000,0.0000,0.0565,0.0001,200,0.3137
0.0570,0.0000,0.0000,0.0001,0.0568,0.0000,200,0.3135
0.0561,0.0000,0.0000,0.0000,0.0560,0.0001,200,0.3147
0.0519,0.0000,0.0000,0.0000,0.0519,0.0000,200,0.3193
0.0255,0.0000,0.0000,0.0000,0.0254,0.0001,200,0.3465
0.0052,0.0000,0.0000,0.0000,0.0051,0.0000,200,0.3672
0.0291,0.0000,0.0000,0.0000,0.0290,0.0001,200,0.3438
0.0725,0.0000,0.0000,0.0000,0.0725,0.0000,200,0.3008
0.0373,0.0000,0.0000,0.0000,0.0372,0.0000,200,0.3397
0.0531,0.0000,0.0000,0.0000,0.0529,0.0000,200,0.3239
0.0059,0.0000,0.0000,0.0000,0.0058,0.0000,200,0.3713
0.0344,0.0000,0.0000,0.0000,0.0343,0.0000,200,0.3429
0.0090,0.0000,0.0000,0.0000,0.0089,0.0000,200,0.3683
0.1403,0.0000,0.0000,0.0042,0.1360,0.0000,200,0.2371
0.0323,0.0000,0.0000,0.0000,0.0322,0.0000,200,0.3452
0.0755,0.0000,0.0000,0.0000,0.0754,0.0000,200,0.3020
0.0071,0.0000,0.0000,0.0000,0.0064,0.0006,200,0.3704
0.0522,0.0000,0.0000,0.0000,0.0522,0.0000,200,0.3267
0.0330,0.0000,0.0000,0.0000,0.0328,0.0001,200,0.3460
0.0765,0.0000,0.0000,0.0000,0.0763,0.0001,200,0.3025
0.0314,0.0000,0.0000,0.0001,0.0313,0.0000,200,0.3480
0.0028,0.0000,0.0000,0.0000,0.0027,0.0001,200,0.3774
0.0456,0.0000,0.0000,0.0001,0.0455,0.0001,200,0.3349
0.0085,0.0000,0.0000,0.0000,0.0085,0.0000,200,0.3724
0.0046,0.0000,0.0000,0.0000,0.0046,0.0000,200,0.3770
0.0030,0.0000,0.0000,0.0000,0.0029,0.0000,200,0.3790
0.0343,0.0000,0.0000,0.0000,0.0342,0.0001,200,0.3482
0.0604,0.0000,0.0000,0.0000,0.0603,0.0000,200,0.3229
0.0118,0.0000,0.0000,0.0000,0.0116,0.0001,200,0.3720
0.0022,0.0000,0.0000,0.0000,0.0021,0.0000,200,0.3820
0.0425,0.0000,0.0000,0.0000,0.0425,0.0000,200,0.3417
0.0700,0.0000,0.0000,0.0000,0.0699,0.0001,200,0.3148
0.0140,0.0000,0.0000,0.0000,0.0139,0.0000,200,0.3733
0.0587,0.0000,0.0000,0.0000,0.0586,0.0000,200,0.3287
0.0609,0.0000,0.0000,0.0000,0.0608,0.0000,200,0.3265
0.0930,0.0000,0.0000,0.0000,0.0929,0.0000,200,0.2946
0.0568,0.0000,0.0000,0.0000,0.0567,0.0000,200,0.3308
0.0064,0.0000,0.0000,0.0000,0.0063,0.0001,200,0.3816
0.0503,0.0000,0.0000,0.0001,0.0502,0.0000,200,0.3385
0.0108,0.0000,0.0000,0.0000,0.0107,0.0001,200,0.3805
0.0039,0.0000,0.0000,0.0000,0.0038,0.0000,200,0.3875
0.0701,0.0000,0.0000,0.0001,0.0700,0.0000,200,0.3213
0.1636,0.0000,0.0000,0.0000,0.1635,0.0000,200,0.2279
0.0105,0.0000,0.0000,0.0000,0.0105,0.0000,200,0.3810
0.0212,0.0000,0.0000,0.0000,0.0212,0.0000,200,0.3703
0.0587,0.0000,0.0000,0.0000,0.0587,0.0000,200,0.3329
0.0419,0.0000,0.0000,0.0000,0.0418,0.0000,200,0.3504
0.0130,0.0000,0.0000,0.0000,0.0129,0.0000,200,0.3794
0.0729,0.0000,0.0000,0.0000,0.0728,0.0000,200,0.3198
0.0018,0.0000,0.0000,0.0000,0.0018,0.0000,200,0.3914
0.0091,0.0000,0.0000,0.0000,0.0089,0.0002,200,0.3848
0.0033,0.0000,0.0000,0.0000,0.0032,0.0001,200,0.3913
0.0107,0.0000,0.0000,0.0000,0.0106,0.0000,200,0.3843
0.0180,0.0000,0.0000,0.0000,0.0179,0.0001,200,0.3776
0.0171,0.0000,0.0000,0.0000,0.0169,0.0000,200,0.3789
0.0267,0.0000,0.0000,0.0000,0.0266,0.0001,200,0.3699
0.0201,0.0000,0.0000,0.0000,0.0200,0.0000,200,0.3771
0.0467,0.0000,0.0000,0.0000,0.0466,0.0001,200,0.3512
0.0071,0.0000,0.0000,0.0000,0.0070,0.0000,200,0.3916
0.0161,0.0000,0.0000,0.0000,0.0160,0.0001,200,0.3833
0.0121,0.0000,0.0000,0.0000,0.0120,0.0000,200,0.3880
0.0694,0.0000,0.0000,0.0000,0.0692,0.0001,200,0.3315
0.0242,0.0000,0.0000,0.0000,0.0241,0.0000,200,0.3775
0.0058,0.0000,0.0000,0.0000,0.0057,0.0001,200,0.3966
0.0543,0.0000,0.0000,0.0000,0.0542,0.0000,200,0.3488
0.0353,0.0000,0.0000,0.0000,0.0352,0.0001,200,0.3686
0.0123,0.0000,0.0000,0.0000,0.0122,0.0000,200,0.3923
0.0867,0.0000,0.0000,0.0000,0.0866,0.0001,200,0.3187
0.0090,0.0000,0.0000,0.0000,0.0090,0.0000,200,0.3972
0.0387,0.0000,0.0000,0.0000,0.0385,0.0001,200,0.3683
0.0202,0.0000,0.0000,0.0000,0.0201,0.0001,200,0.3876
0.0927,0.0000,0.0000,0.0000,0.0926,0.0000,200,0.3158
0.0348,0.0000,0.0000,0.0000,0.0347,0.0001,200,0.3773
0.0326,0.0000,0.0000,0.0000,0.0325,0.0001,200,0.3802
0.0187,0.0000,0.0000,0.0000,0.0186,0.0001,200,0.3949
0.0319,0.0000,0.0000,0.0000,0.0317,0.0000,200,0.3826
0.0276,0.0000,0.0000,0.0000,0.0275,0.0001,200,0.3874
0.0277,0.0000,0.0000,0.0000,0.0277,0.0000,200,0.3876
0.0173,0.0000,0.0000,0.0000,0.0172,0.0000,200,0.3987
0.0216,0.0000,0.0000,0.0000,0.0215,0.0000,200,0.3946
0.0040,0.0000,0.0000,0.0000,0.0039,0.0000,200,0.4128
0.0180,0.0000,0.0000,0.0001,0.0178,0.0001,200,0.3994
0.0140,0.0000,0.0000,0.0000,0.0139,0.0000,200,0.4039
0.0458,0.0000,0.0000,0.0000,0.0457,0.0001,200,0.3729
0.0240,0.0000,0.0000,0.0000,0.0239,0.0001,200,0.3956
0.0019,0.0000,0.0000,0.0000,0.0018,0.0000,200,0.4179
0.0365,0.0000,0.0000,0.0000,0.0364,0.0001,200,0.3838
0.0282,0.0000,0.0000,0.0000,0.0281,0.0001,200,0.3927
0.0710,0.0000,0.0000,0.0001,0.0709,0.0000,200,0.3500
0.0312,0.0000,0.0000,0.0000,0.0311,0.0001,200,0.3924
0.0191,0.0000,0.0000,0.0000,0.0190,0.0001,200,0.4054
0.0017,0.0000,0.0000,0.0000,0.0017,0.0000,200,0.4236
0.0408,0.0000,0.0000,0.0000,0.0407,0.0001,200,0.3873
0.0080,0.0000,0.0000,0.0000,0.0080,0.0000,200,0.4209
0.0365,0.0000,0.0000,0.0000,0.0363,0.0001,200,0.3933
0.0833,0.0000,0.0000,0.0000,0.0832,0.0000,200,0.3464
0.0214,0.0000,0.0000,0.0000,0.0213,0.0000,200,0.4086
0.1024,0.0000,0.0000,0.0000,0.1023,0.0001,200,0.3280
0.0114,0.0000,0.0000,0.0000,0.0113,0.0000,200,0.4197
0.0199,0.0000,0.0000,0.0000,0.0198,0.0001,200,0.4120
0.0130,0.0000,0.0000,0.0000,0.0129,0.0000,200,0.4196
0.0417,0.0000,0.0000,0.0000,0.0416,0.0001,200,0.3917
0.0088,0.0000,0.0000,0.0000,0.0087,0.0000,200,0.4245
0.0040,0.0000,0.0000,0.0000,0.0038,0.0000,200,0.4297
0.0088,0.0000,0.0000,0.0021,0.0067,0.0000,200,0.4253
0.0332,0.0000,0.0000,0.0000,0.0331,0.0000,200,0.4017
0.0143,0.0000,0.0000,0.0000,0.0141,0.0001,200,0.4210
0.1012,0.0000,0.0000,0.0000,0.1011,0.0000,200,0.3341
0.0585,0.0000,0.0000,0.0000,0.0584,0.0001,200,0.3773
0.0401,0.0000,0.0000,0.0000,0.0401,0.0000,200,0.3960
0.0051,0.0000,0.0000,0.0000,0.0049,0.0002,200,0.4319
0.0673,0.0000,0.0000,0.0000,0.0672,0.0001,200,0.3708
0.1064,0.0000,0.0000,0.0000,0.1063,0.0000,200,0.3323
0.0452,0.0000,0.0000,0.0000,0.0451,0.0000,200,0.3940
0.0059,0.0000,0.0000,0.0000,0.0059,0.0000,200,0.4337
0.0105,0.0000,0.0000,0.0000,0.0103,0.0002,200,0.4304
0.0499,0.0000,0.0000,0.0000,0.0499,0.0000,200,0.3915
0.0644,0.0000,0.0000,0.0000,0.0644,0.0000,200,0.3772
0.0086,0.0000,0.0000,0.0000,0.0085,0.0001,200,0.4334
0.0125,0.0000,0.0000,0.0000,0.0124,0.0001,200,0.4300
0.0658,0.0000,0.0000,0.0000,0.0658,0.0000,200,0.3774
0.0080,0.0000,0.0000,0.0000,0.0079,0.0000,200,0.4353
0.0152,0.0000,0.0000,0.0001,0.0151,0.0000,200,0.4281
0.0371,0.0000,0.0000,0.0000,0.0370,0.0001,200,0.4062
0.0089,0.0000,0.0000,0.0002,0.0085,0.0002,200,0.4353
0.0047,0.0000,0.0000,0.0000,0.0046,0.0000,200,0.4396
0.0278,0.0000,0.0000,0.0000,0.0276,0.0001,200,0.4173
0.0073,0.0000,0.0000,0.0001,0.0067,0.0000,200,0.4381
0.0428,0.0000,0.0000,0.0000,0.0427,0.0000,200,0.4031
0.0573,0.0000,0.0000,0.0000,0.0573,0.0000,200,0.3888
0.0043,0.0000,0.0000,0.0000,0.0042,0.0000,200,0.4420
0.0325,0.0000,0.0000,0.0000,0.0324,0.0000,200,0.4144
0.0012,0.0000,0.0000,0.0000,0.0011,0.0000,200,0.4463
0.0688,0.0000,0.0000,0.0001,0.0685,0.0001,200,0.3790
0.0283,0.0000,0.0000,0.0000,0.0282,0.0000,200,0.4204
0.0351,0.0000,0.0000,0.0000,0.0350,0.0000,200,0.4136
0.0058,0.0000,0.0000,0.0000,0.0057,0.0000,200,0.4434
0.0129,0.0000,0.0000,0.0000,0.0126,0.0002,200,0.4371
0.0658,0.0000,0.0000,0.0000,0.0657,0.0000,200,0.3842
0.0033,0.0000,0.0000,0.0000,0.0032,0.0000,200,0.4469
0.0054,0.0000,0.0000,0.0000,0.0053,0.0001,200,0.4455
0.0352,0.0000,0.0000,0.0000,0.0351,0.0000,200,0.4161
0.0535,0.0000,0.0000,0.0000,0.0534,0.0000,200,0.3979
0.0125,0.0000,0.0000,0.0000,0.0123,0.0002,200,0.4392
0.0184,0.0000,0.0000,0.0000,0.0184,0.0000,200,0.4334
0.0068,0.0000,0.0000,0.0000,0.0067,0.0000,200,0.4452
0.0120,0.0000,0.0000,0.0000,0.0119,0.0001,200,0.4409
0.0034,0.0000,0.0000,0.0000,0.0034,0.0000,200,0.4500
0.0069,0.0000,0.0000,0.0000,0.0065,0.0004,200,0.4475
0.0547,0.0000,0.0000,0.0000,0.0546,0.0000,200,0.4001
0.1123,0.0000,0.0000,0.0000,0.1122,0.0000,200,0.3429
0.0095,0.0000,0.0000,0.0000,0.0094,0.0000,200,0.4462
0.0486,0.0000,0.0000,0.0000,0.0483,0.0002,200,0.4078
0.0211,0.0000,0.0000,0.0000,0.0210,0.0001,200,0.4358
0.0382,0.0000,0.0000,0.0000,0.0381,0.0000,200,0.4188
0.0663,0.0000,0.0000,0.0000,0.0660,0.0003,200,0.3915
0.1225,0.0000,0.0000,0.0001,0.1223,0.0000,200,0.3355
0.0069,0.0000,0.0000,0.0000,0.0067,0.0002,200,0.4515
0.0020,0.0000,0.0000,0.0000,0.0019,0.0000,200,0.4568
0.0059,0.0000,0.0000,0.0000,0.0058,0.0000,200,0.4529
0.0035,0.0000,0.0000,0.0000,0.0035,0.0000,200,0.4557
0.0080,0.0000,0.0000,0.0000,0.0079,0.0000,200,0.4517
0.0033,0.0000,0.0000,0.0000,0.0032,0.0000,200,0.4569
0.0171,0.0000,0.0000,0.0000,0.0170,0.0000,200,0.4433
0.0602,0.0000,0.0000,0.0000,0.0601,0.0000,200,0.4008
0.0299,0.0000,0.0000,0.0000,0.0299,0.0000,200,0.4311
0.0494,0.0000,0.0000,0.0000,0.0493,0.0001,200,0.4150
0.0574,0.0000,0.0000,0.0000,0.0573,0.0000,200,0.4070
0.0229,0.0000,0.0000,0.0000,0.0228,0.0000,200,0.4416
0.0221,0.0000,0.0000,0.0001,0.0217,0.0000,200,0.4424
0.0154,0.0000,0.0000,0.0000,0.0153,0.0001,200,0.4491
0.0098,0.0000,0.0000,0.0000,0.0098,0.0000,200,0.4547
0.0204,0.0000,0.0000,0.0000,0.0203,0.0000,200,0.4443
0.1175,0.0000,0.0000,0.0000,0.1169,0.0005,200,0.3472
0.0305,0.0000,0.0000,0.0000,0.0305,0.0000,200,0.4341
0.0204,0.0000,0.0000,0.0000,0.0203,0.0000,200,0.4443
0.0113,0.0000,0.0000,0.0000,0.0112,0.0000,200,0.4534
0.0065,0.0000,0.0000,0.0000,0.0059,0.0006,200,0.4588
0.0071,0.0000,0.0000,0.0000,0.0067,0.0003,200,0.4584
0.0090,0.0000,0.0000,0.0000,0.0088,0.0000,200,0.4570
0.0182,0.0000,0.0000,0.0000,0.0181,0.0000,200,0.4478
0.0142,0.0000,0.0000,0.0000,0.0142,0.0001,200,0.4520
0.0233,0.0000,0.0000,0.0000,0.0232,0.0000,200,0.4433
0.0066,0.0000,0.0000,0.0000,0.0065,0.0001,200,0.4604
0.0173,0.0000,0.0000,0.0000,0.0172,0.0000,200,0.4499
0.0649,0.0000,0.0000,0.0001,0.0648,0.0000,200,0.4024
0.0263,0.0000,0.0000,0.0000,0.0263,0.0000,200,0.4414
0.0083,0.0000,0.0000,0.0000,0.0082,0.0000,200,0.4597
0.0040,0.0000,0.0000,0.0000,0.0039,0.0000,200,0.4646
0.0031,0.0000,0.0000,0.0000,0.0030,0.0000,200,0.4660
0.0306,0.0000,0.0000,0.0000,0.0306,0.0000,200,0.4387
0.0350,0.0000,0.0000,0.0000,0.0350,0.0000,200,0.4348
0.0544,0.0000,0.0000,0.0000,0.0543,0.0000,200,0.4160
0.0067,0.0000,0.0000,0.0000,0.0065,0.0001,200,0.4646
0.0668,0.0000,0.0000,0.0000,0.0667,0.0000,200,0.4046
0.0550,0.0000,0.0000,0.0000,0.0549,0.0001,200,0.4168
0.0037,0.0000,0.0000,0.0000,0.0036,0.0001,200,0.4686
0.0146,0.0000,0.0000,0.0000,0.0144,0.0001,200,0.4580
0.0078,0.0000,0.0000,0.0000,0.0077,0.0000,200,0.4654
0.0091,0.0000,0.0000,0.0000,0.0091,0.0000,200,0.4646
0.0051,0.0000,0.0000,0.0000,0.0051,0.0000,200,0.4691
0.0353,0.0000,0.0000,0.0001,0.0352,0.0001,200,0.4433
0.0212,0.0000,0.0000,0.0000,0.0211,0.0001,200,0.4579
0.0148,0.0000,0.0000,0.0000,0.0147,0.0000,200,0.4645
0.0291,0.0000,0.0000,0.0000,0.0290,0.0000,200,0.4502
0.0104,0.0000,0.0000,0.0000,0.0103,0.0001,200,0.4694
0.0158,0.0000,0.0000,0.0000,0.0158,0.0000,200,0.4647
0.0018,0.0000,0.0000,0.0000,0.0018,0.0000,200,0.4793
0.0259,0.0000,0.0000,0.0000,0.0257,0.0002,200,0.4552
0.0353,0.0000,0.0000,0.0000,0.0350,0.0002,200,0.4460
0.0120,0.0000,0.0000,0.0000,0.0119,0.0001,200,0.4699
0.0303,0.0000,0.0000,0.0000,0.0303,0.0000,200,0.4518
0.0278,0.0000,0.0000,0.0000,0.0276,0.0000,200,0.4547
0.0040,0.0000,0.0000,0.0000,0.0039,0.0000,200,0.4791
0.0105,0.0000,0.0000,0.0000,0.0104,0.0001,200,0.4732
0.0167,0.0000,0.0000,0.0000,0.0166,0.0000,200,0.4673
0.0139,0.0000,0.0000,0.0000,0.0139,0.0000,200,0.4704
0.0361,0.0000,0.0000,0.0000,0.0360,0.0001,200,0.4487
0.0191,0.0000,0.0000,0.0000,0.0190,0.0001,200,0.4660
0.0033,0.0000,0.0000,0.0000,0.0032,0.0001,200,0.4821
0.0038,0.0000,0.0000,0.0000,0.0037,0.0001,200,0.4819
0.0148,0.0000,0.0000,0.0000,0.0147,0.0001,200,0.4713
0.0020,0.0000,0.0000,0.0000,0.0020,0.0000,200,0.4843
0.0221,0.0000,0.0000,0.0000,0.0221,0.0000,200,0.4646
0.0230,0.0000,0.0000,0.0000,0.0230,0.0000,200,0.4644
0.0086,0.0000,0.0000,0.0000,0.0085,0.0001,200,0.4793
0.0041,0.0000,0.0000,0.0000,0.0039,0.0001,200,0.4840
0.0026,0.0000,0.0000,0.0000,0.0024,0.0002,200,0.4861
0.0304,0.0000,0.0000,0.0000,0.0303,0.0001,200,0.4589
0.0250,0.0000,0.0000,0.0000,0.0249,0.0000,200,0.4647
0.0413,0.0000,0.0000,0.0000,0.0412,0.0000,200,0.4486
0.0987,0.0000,0.0000,0.0000,0.0987,0.0000,200,0.3914
0.0186,0.0000,0.0000,0.0000,0.0186,0.0000,200,0.4723
0.0172,0.0000,0.0000,0.0000,0.0171,0.0000,200,0.4737
0.0322,0.0000,0.0000,0.0000,0.0321,0.0000,200,0.4592
0.0060,0.0000,0.0000,0.0000,0.0059,0.0001,200,0.4857
0.0181,0.0000,0.0000,0.0000,0.0180,0.0001,200,0.4742
0.0124,0.0000,0.0000,0.0000,0.0123,0.0001,200,0.4805
0.0083,0.0000,0.0000,0.0001,0.0082,0.0000,200,0.4849
0.0218,0.0000,0.0000,0.0000,0.0217,0.0001,200,0.4718
0.0294,0.0000,0.0000,0.0000,0.0293,0.0000,200,0.4647
0.0046,0.0000,0.0000,0.0000,0.0046,0.0000,200,0.4897
0.0021,0.0000,0.0000,0.0000,0.0020,0.0000,200,0.4932
0.0801,0.0000,0.0000,0.0000,0.0795,0.0006,200,0.4154
0.0302,0.0000,0.0000,0.0000,0.0301,0.0001,200,0.4653
0.0158,0.0000,0.0000,0.0000,0.0155,0.0000,200,0.4798
0.0050,0.0000,0.0000,0.0000,0.0049,0.0001,200,0.4909
0.0137,0.0000,0.0000,0.0000,0.0136,0.0001,200,0.4825
0.0629,0.0000,0.0000,0.0000,0.0628,0.0001,200,0.4362
0.0115,0.0000,0.0000,0.0000,0.0114,0.0000,200,0.4881
0.0036,0.0000,0.0000,0.0000,0.0035,0.0000,200,0.4962
0.0087,0.0000,0.0000,0.0001,0.0085,0.0001,200,0.4917
0.0091,0.0000,0.0000,0.0000,0.0090,0.0001,200,0.4914
0.0337,0.0000,0.0000,0.0000,0.0336,0.0000,200,0.4678
0.0063,0.0000,0.0000,0.0000,0.0063,0.0000,200,0.4954
0.0083,0.0000,0.0000,0.0000,0.0080,0.0002,200,0.4941
0.0072,0.0000,0.0000,0.0000,0.0069,0.0001,200,0.4955
0.0101,0.0000,0.0000,0.0000,0.0099,0.0001,200,0.4929
0.0026,0.0000,0.0000,0.0004,0.0022,0.0000,200,0.5006
0.0156,0.0000,0.0000,0.0000,0.0155,0.0000,200,0.4879
0.0054,0.0000,0.0000,0.0000,0.0053,0.0000,200,0.4991
0.0536,0.0000,0.0000,0.0001,0.0535,0.0000,200,0.4509
0.0179,0.0000,0.0000,0.0001,0.0176,0.0001,200,0.4868
0.0758,0.0000,0.0000,0.0000,0.0757,0.0000,200,0.4290
0.0152,0.0000,0.0000,0.0000,0.0151,0.0000,200,0.4899
0.0028,0.0000,0.0000,0.0000,0.0028,0.0000,200,0.5026
0.0336,0.0000,0.0000,0.0000,0.0335,0.0001,200,0.4725
0.0401,0.0000,0.0000,0.0000,0.0400,0.0000,200,0.4672
0.0172,0.0000,0.0000,0.0000,0.0164,0.0000,200,0.4901
0.0429,0.0000,0.0000,0.0000,0.0427,0.0002,200,0.4645
0.0418,0.0000,0.0000,0.0000,0.0417,0.0000,200,0.4662
0.0402,0.0000,0.0000,0.0000,0.0401,0.0001,200,0.4680
0.0197,0.0000,0.0000,0.0001,0.0195,0.0001,200,0.4887
0.0415,0.0000,0.0000,0.0000,0.0415,0.0000,200,0.4670
0.0045,0.0000,0.0000,0.0000,0.0044,0.0000,200,0.5046
0.0047,0.0000,0.0000,0.0001,0.0046,0.0000,200,0.5047
0.0289,0.0000,0.0000,0.0001,0.0287,0.0001,200,0.4812
0.0144,0.0000,0.0000,0.0000,0.0143,0.0001,200,0.4959
0.0091,0.0000,0.0000,0.0000,0.0090,0.0001,200,0.5014
0.0031,0.0000,0.0000,0.0000,0.0030,0.0001,200,0.5082
0.0016,0.0000,0.0000,0.0000,0.0015,0.0000,200,0.5103
0.0183,0.0000,0.0000,0.0000,0.0177,0.0005,200,0.4937
0.0080,0.0000,0.0000,0.0000,0.0079,0.0001,200,0.5045
0.0038,0.0000,0.0000,0.0000,0.0037,0.0001,200,0.5091
0.0132,0.0000,0.0000,0.0000,0.0131,0.0000,200,0.4998
0.0053,0.0000,0.0000,0.0001,0.0052,0.0000,200,0.5084
0.0049,0.0000,0.0000,0.0000,0.0049,0.0000,200,0.5094
0.0080,0.0000,0.0000,0.0000,0.0073,0.0006,200,0.5073
0.0639,0.0000,0.0000,0.0000,0.0638,0.0001,200,0.4514
0.0199,0.0000,0.0000,0.0000,0.0197,0.0002,200,0.4955
0.0048,0.0000,0.0000,0.0000,0.0046,0.0001,200,0.5106
0.0028,0.0000,0.0000,0.0001,0.0026,0.0001,200,0.5130
0.0270,0.0000,0.0000,0.0001,0.0268,0.0001,200,0.4893
0.0562,0.0000,0.0000,0.0000,0.0561,0.0000,200,0.4602
0.0116,0.0000,0.0000,0.0002,0.0114,0.0000,200,0.5055
0.0103,0.0000,0.0000,0.0000,0.0102,0.0000,200,0.5073
0.0232,0.0000,0.0000,0.0000,0.0232,0.0000,200,0.4944
0.0176,0.0000,0.0000,0.0000,0.0175,0.0001,200,0.5005
0.0150,0.0000,0.0000,0.0000,0.0149,0.0000,200,0.5032
0.0373,0.0000,0.0000,0.0001,0.0370,0.0001,200,0.4811
0.0143,0.0000,0.0000,0.0000,0.0142,0.0000,200,0.5045
0.0033,0.0000,0.0000,0.0000,0.0033,0.0000,200,0.5159
0.0035,0.0000,0.0000,0.0000,0.0032,0.0002,200,0.5163
0.0246,0.0000,0.0000,0.0000,0.0244,0.0001,200,0.4956
0.0187,0.0000,0.0000,0.0000,0.0186,0.0000,200,0.5017
0.0065,0.0000,0.0000,0.0000,0.0064,0.0001,200,0.5144
0.0012,0.0000,0.0000,0.0000,0.0010,0.0000,200,0.5202
0.0077,0.0000,0.0000,0.0000,0.0072,0.0004,200,0.5171
0.0953,0.0000,0.0000,0.0000,0.0949,0.0000,200,0.4297
0.0197,0.0000,0.0000,0.0000,0.0190,0.0006,200,0.5062
0.0650,0.0000,0.0000,0.0000,0.0649,0.0000,200,0.4610
0.0069,0.0000,0.0000,0.0005,0.0064,0.0000,200,0.5192
0.0388,0.0000,0.0000,0.0000,0.0387,0.0000,200,0.4874
0.0110,0.0000,0.0000,0.0000,0.0109,0.0000,200,0.5153
0.0340,0.0000,0.0000,0.0001,0.0338,0.0000,200,0.4924
0.0112,0.0000,0.0000,0.0000,0.0110,0.0002,200,0.5154
0.0086,0.0000,0.0000,0.0000,0.0085,0.0000,200,0.5181
0.0096,0.0000,0.0000,0.0000,0.0095,0.0000,200,0.5176
0.0138,0.0000,0.0000,0.0002,0.0135,0.0000,200,0.5137
0.0164,0.0000,0.0000,0.0000,0.0159,0.0000,200,0.5113
0.0618,0.0000,0.0000,0.0000,0.0618,0.0000,200,0.4666
0.0134,0.0000,0.0000,0.0000,0.0133,0.0001,200,0.5154
0.0171,0.0000,0.0000,0.0000,0.0170,0.0001,200,0.5119
0.0983,0.0000,0.0000,0.0000,0.0982,0.0000,200,0.4326
0.0478,0.0000,0.0000,0.0000,0.0477,0.0000,200,0.4831
0.0191,0.0000,0.0000,0.0001,0.0190,0.0000,200,0.5119
0.0019,0.0000,0.0000,0.0000,0.0018,0.0001,200,0.5291
0.0259,0.0000,0.0000,0.0000,0.0258,0.0000,200,0.5051
0.0225,0.0000,0.0000,0.0000,0.0223,0.0002,200,0.5086
0.0243,0.0000,0.0000,0.0000,0.0242,0.0000,200,0.5074
0.0072,0.0000,0.0000,0.0000,0.0071,0.0000,200,0.5251
0.0062,0.0000,0.0000,0.0000,0.0061,0.0000,200,0.5263
0.0471,0.0000,0.0000,0.0000,0.0471,0.0000,200,0.4864
0.0523,0.0000,0.0000,0.0000,0.0521,0.0000,200,0.4813
0.0311,0.0000,0.0000,0.0000,0.0310,0.0000,200,0.5024
0.0031,0.0000,0.0000,0.0000,0.0030,0.0001,200,0.5310
0.0630,0.0000,0.0000,0.0000,0.0629,0.0001,200,0.4714
0.0036,0.0000,0.0000,0.0000,0.0036,0.0000,200,0.5310
0.0009,0.0000,0.0000,0.0000,0.0008,0.0000,200,0.5341
0.0513,0.0000,0.0000,0.0001,0.0512,0.0000,200,0.4837
0.0095,0.0000,0.0000,0.0000,0.0090,0.0004,200,0.5266
0.0148,0.0000,0.0000,0.0000,0.0147,0.0000,200,0.5213
0.0027,0.0000,0.0000,0.0000,0.0026,0.0000,200,0.5335
0.0013,0.0000,0.0000,0.0000,0.0012,0.0000,200,0.5350
0.0240,0.0000,0.0000,0.0001,0.0237,0.0001,200,0.5129
0.0221,0.0000,0.0000,0.0000,0.0220,0.0001,200,0.5176
0.0364,0.0000,0.0000,0.0000,0.0363,0.0001,200,0.5035
0.0211,0.0000,0.0000,0.0000,0.0207,0.0003,200,0.5198
0.0345,0.0000,0.0000,0.0004,0.0330,0.0011,200,0.5080
0.0782,0.0000,0.0000,0.0000,0.0781,0.0000,200,0.4644
0.0176,0.0000,0.0000,0.0000,0.0175,0.0000,200,0.5250
0.0030,0.0000,0.0000,0.0000,0.0029,0.0000,200,0.5396
0.0116,0.0000,0.0000,0.0000,0.0115,0.0000,200,0.5311
0.0161,0.0000,0.0000,0.0000,0.0161,0.0000,200,0.5265
0.0123,0.0000,0.0000,0.0000,0.0117,0.0005,200,0.5310
0.0581,0.0000,0.0000,0.0000,0.0580,0.0000,200,0.4851
0.0442,0.0000,0.0000,0.0000,0.0441,0.0000,200,0.4995
0.0078,0.0000,0.0000,0.0000,0.0077,0.0001,200,0.5362
0.0014,0.0000,0.0000,0.0000,0.0013,0.0000,200,0.5426
0.0019,0.0000,0.0000,0.0000,0.0018,0.0001,200,0.5427
0.0086,0.0000,0.0000,0.0000,0.0085,0.0000,200,0.5361
0.0349,0.0000,0.0000,0.0000,0.0348,0.0000,200,0.5100
0.0029,0.0000,0.0000,0.0000,0.0028,0.0000,200,0.5425
0.0123,0.0000,0.0000,0.0000,0.0119,0.0004,200,0.5363
0.0577,0.0000,0.0000,0.0000,0.0576,0.0000,200,0.4909
0.0041,0.0000,0.0000,0.0001,0.0039,0.0000,200,0.5445
0.0156,0.0000,0.0000,0.0000,0.0155,0.0000,200,0.5335
0.0064,0.0000,0.0000,0.0000,0.0063,0.0001,200,0.5432
0.0176,0.0000,0.0000,0.0000,0.0175,0.0000,200,0.5325
0.0069,0.0000,0.0000,0.0000,0.0068,0.0000,200,0.5437
0.0357,0.0000,0.0000,0.0000,0.0356,0.0000,200,0.5153
0.0161,0.0000,0.0000,0.0000,0.0160,0.0000,200,0.5350
0.0216,0.0000,0.0000,0.0000,0.0205,0.0011,200,0.5309
0.0086,0.0000,0.0000,0.0000,0.0083,0.0003,200,0.5447
0.0062,0.0000,0.0000,0.0000,0.0060,0.0001,200,0.5486
0.0069,0.0000,0.0000,0.0000,0.0068,0.0001,200,0.5486
0.0399,0.0000,0.0000,0.0000,0.0398,0.0001,200,0.5163
0.0115,0.0000,0.0000,0.0000,0.0115,0.0000,200,0.5450
0.0156,0.0000,0.0000,0.0000,0.0155,0.0000,200,0.5409
0.0539,0.0000,0.0000,0.0000,0.0538,0.0001,200,0.5029
0.0133,0.0000,0.0000,0.0000,0.0133,0.0000,200,0.5440
0.0088,0.0000,0.0000,0.0000,0.0087,0.0001,200,0.5491
0.0059,0.0000,0.0000,0.0001,0.0052,0.0000,200,0.5525
0.0406,0.0000,0.0000,0.0000,0.0404,0.0002,200,0.5182
0.0400,0.0000,0.0000,0.0000,0.0400,0.0000,200,0.5188
0.0307,0.0000,0.0000,0.0000,0.0306,0.0001,200,0.5285
0.0153,0.0000,0.0000,0.0000,0.0153,0.0000,200,0.5440
0.0394,0.0000,0.0000,0.0000,0.0393,0.0000,200,0.5204
0.0018,0.0000,0.0000,0.0000,0.0018,0.0000,200,0.5593
0.0186,0.0000,0.0000,0.0000,0.0185,0.0000,200,0.5426
0.0350,0.0000,0.0000,0.0000,0.0350,0.0000,200,0.5262
0.0337,0.0000,0.0000,0.0000,0.0337,0.0000,200,0.5275
0.0106,0.0000,0.0000,0.0000,0.0105,0.0000,200,0.5506
0.0338,0.0000,0.0000,0.0000,0.0336,0.0000,200,0.5277
0.0359,0.0000,0.0000,0.0001,0.0358,0.0000,200,0.5262
0.0772,0.0000,0.0000,0.0000,0.0771,0.0000,200,0.4854
0.0039,0.0000,0.0000,0.0000,0.0038,0.0000,200,0.5589
0.0311,0.0000,0.0000,0.0000,0.0310,0.0000,200,0.5323
0.0123,0.0000,0.0000,0.0004,0.0117,0.0000,200,0.5511
0.0056,0.0000,0.0000,0.0000,0.0055,0.0001,200,0.5584
0.0378,0.0000,0.0000,0.0000,0.0376,0.0001,200,0.5263
0.0035,0.0000,0.0000,0.0000,0.0034,0.0000,200,0.5612
0.0099,0.0000,0.0000,0.0000,0.0098,0.0000,200,0.5548
0.0443,0.0000,0.0000,0.0000,0.0442,0.0001,200,0.5209
0.1046,0.0000,0.0000,0.0000,0.1045,0.0001,200,0.4611
0.0313,0.0000,0.0000,0.0000,0.0312,0.0000,200,0.5344
0.0264,0.0000,0.0000,0.0000,0.0262,0.0001,200,0.5399
0.0056,0.0000,0.0000,0.0000,0.0055,0.0001,200,0.5612
0.0413,0.0000,0.0000,0.0000,0.0412,0.0001,200,0.5259
0.0251,0.0000,0.0000,0.0000,0.0250,0.0000,200,0.5426
0.0038,0.0000,0.0000,0.0000,0.0036,0.0000,200,0.5641
0.0015,0.0000,0.0000,0.0000,0.0014,0.0001,200,0.5668
0.0056,0.0000,0.0000,0.0000,0.0056,0.0000,200,0.5634
0.0195,0.0000,0.0000,0.0000,0.0195,0.0000,200,0.5497
0.0268,0.0000,0.0000,0.0000,0.0267,0.0001,200,0.5427
0.0341,0.0000,0.0000,0.0000,0.0339,0.0001,200,0.5361
0.0094,0.0000,0.0000,0.0000,0.0093,0.0000,200,0.5612
0.0198,0.0000,0.0000,0.0000,0.0198,0.0000,200,0.5510
0.0012,0.0000,0.0000,0.0000,0.0011,0.0001,200,0.5702
0.0432,0.0000,0.0000,0.0000,0.0430,0.0002,200,0.5288
0.0452,0.0000,0.0000,0.0000,0.0450,0.0000,200,0.5272
0.0940,0.0000,0.0000,0.0000,0.0939,0.0000,200,0.4786
0.0150,0.0000,0.0000,0.0000,0.0149,0.0000,200,0.5578
0.0166,0.0000,0.0000,0.0000,0.0165,0.0001,200,0.5565
0.0609,0.0000,0.0000,0.0000,0.0608,0.0000,200,0.5125
0.0172,0.0000,0.0000,0.0000,0.0171,0.0000,200,0.5569
0.0154,0.0000,0.0000,0.0000,0.0153,0.0000,200,0.5588
0.0564,0.0000,0.0000,0.0000,0.0563,0.0000,200,0.5184
0.0108,0.0000,0.0000,0.0000,0.0107,0.0001,200,0.5640
0.0073,0.0000,0.0000,0.0002,0.0071,0.0000,200,0.5677
0.0142,0.0000,0.0000,0.0000,0.0141,0.0001,200,0.5612
0.0410,0.0000,0.0000,0.0000,0.0409,0.0001,200,0.5347
0.0150,0.0000,0.0000,0.0000,0.0147,0.0001,200,0.5612
0.0128,0.0000,0.0000,0.0001,0.0127,0.0000,200,0.5634
0.0012,0.0000,0.0000,0.0000,0.0011,0.0000,200,0.5754
0.0087,0.0000,0.0000,0.0000,0.0085,0.0001,200,0.5683
0.0030,0.0000,0.0000,0.0000,0.0030,0.0000,200,0.5741
0.0408,0.0000,0.0000,0.0000,0.0407,0.0000,200,0.5369
0.0229,0.0000,0.0000,0.0001,0.0228,0.0000,200,0.5555
0.0193,0.0000,0.0000,0.0000,0.0192,0.0000,200,0.5591
0.0095,0.0000,0.0000,0.0000,0.0093,0.0002,200,0.5695
0.0336,0.0000,0.0000,0.0000,0.0335,0.0000,200,0.5454
0.0311,0.0000,0.0000,0.0000,0.0310,0.0000,200,0.5486
0.0080,0.0000,0.0000,0.0000,0.0080,0.0000,200,0.5726
0.0274,0.0000,0.0000,0.0002,0.0270,0.0000,200,0.5533
0.0498,0.0000,0.0000,0.0000,0.0498,0.0000,200,0.5309
0.0043,0.0000,0.0000,0.0000,0.0042,0.0001,200,0.5766
0.0241,0.0000,0.0000,0.0000,0.0240,0.0000,200,0.5573
0.0169,0.0000,0.0000,0.0000,0.0168,0.0001,200,0.5647
0.0386,0.0000,0.0000,0.0000,0.0386,0.0001,200,0.5432
0.0146,0.0000,0.0000,0.0000,0.0145,0.0001,200,0.5679
0.0200,0.0000,0.0000,0.0000,0.0199,0.0000,200,0.5626
0.0070,0.0000,0.0000,0.0000,0.0069,0.0000,200,0.5762
0.0028,0.0000,0.0000,0.0000,0.0024,0.0004,200,0.5814
0.0128,0.0000,0.0000,0.0000,0.0127,0.0000,200,0.5714
0.0090,0.0000,0.0000,0.0000,0.0090,0.0000,200,0.5757
0.0120,0.0000,0.0000,0.0000,0.0119,0.0001,200,0.5728
0.0193,0.0000,0.0000,0.0000,0.0192,0.0000,200,0.5656
0.0083,0.0000,0.0000,0.0000,0.0082,0.0000,200,0.5772
0.0070,0.0000,0.0000,0.0000,0.0069,0.0000,200,0.5790
0.0530,0.0000,0.0000,0.0000,0.0529,0.0001,200,0.5335
0.0132,0.0000,0.0000,0.0000,0.0130,0.0002,200,0.5741
0.0088,0.0000,0.0000,0.0000,0.0087,0.0000,200,0.5785
0.0255,0.0000,0.0000,0.0000,0.0254,0.0001,200,0.5621
0.0035,0.0000,0.0000,0.0000,0.0034,0.0000,200,0.5842
0.0075,0.0000,0.0000,0.0000,0.0074,0.0000,200,0.5807
0.0102,0.0000,0.0000,0.0000,0.0100,0.0002,200,0.5809
0.0221,0.0000,0.0000,0.0001,0.0220,0.0001,200,0.5692
0.0040,0.0000,0.0000,0.0000,0.0039,0.0001,200,0.5876
0.0071,0.0000,0.0000,0.0000,0.0070,0.0000,200,0.5849
0.0099,0.0000,0.0000,0.0000,0.0098,0.0000,200,0.5825
0.0012,0.0000,0.0000,0.0000,0.0011,0.0000,200,0.5916
0.0138,0.0000,0.0000,0.0000,0.0135,0.0002,200,0.5797
0.0112,0.0000,0.0000,0.0000,0.0110,0.0000,200,0.5825
0.0175,0.0000,0.0000,0.0000,0.0174,0.0000,200,0.5762
0.0088,0.0000,0.0000,0.0000,0.0085,0.0003,200,0.5849
0.0217,0.0000,0.0000,0.0000,0.0217,0.0000,200,0.5723
0.0334,0.0000,0.0000,0.0000,0.0329,0.0005,200,0.5652
0.0425,0.0000,0.0000,0.0000,0.0423,0.0000,200,0.5562
0.0422,0.0000,0.0000,0.0000,0.0421,0.0001,200,0.5565
0.0077,0.0000,0.0000,0.0000,0.0077,0.0000,200,0.5911
0.0116,0.0000,0.0000,0.0000,0.0116,0.0000,200,0.5873
0.0219,0.0000,0.0000,0.0001,0.0218,0.0000,200,0.5770
0.0183,0.0000,0.0000,0.0000,0.0182,0.0000,200,0.5807
0.0730,0.0000,0.0000,0.0000,0.0724,0.0000,200,0.5260
0.0066,0.0000,0.0000,0.0000,0.0065,0.0000,200,0.5924
0.0078,0.0000,0.0000,0.0001,0.0076,0.0000,200,0.5913
0.0376,0.0000,0.0000,0.0002,0.0372,0.0000,200,0.5616
0.0394,0.0000,0.0000,0.0000,0.0394,0.0000,200,0.5598
0.0145,0.0000,0.0000,0.0000,0.0145,0.0000,200,0.5847
0.0128,0.0000,0.0000,0.0001,0.0126,0.0000,200,0.5865
0.0321,0.0000,0.0000,0.0000,0.0320,0.0000,200,0.5672
0.0141,0.0000,0.0000,0.0000,0.0133,0.0008,200,0.5855
0.0064,0.0000,0.0000,0.0000,0.0063,0.0000,200,0.5937
0.0185,0.0000,0.0000,0.0000,0.0184,0.0000,200,0.5816
0.0009,0.0000,0.0000,0.0000,0.0009,0.0000,200,0.5993
0.0232,0.0000,0.0000,0.0000,0.0229,0.0000,200,0.5777
0.0025,0.0000,0.0000,0.0000,0.0025,0.0000,200,0.5987
0.0184,0.0000,0.0000,0.0000,0.0184,0.0001,200,0.5832
0.0029,0.0000,0.0000,0.0000,0.0028,0.0000,200,0.5993
0.0042,0.0000,0.0000,0.0001,0.0040,0.0000,200,0.5986
0.0110,0.0000,0.0000,0.0000,0.0110,0.0000,200,0.5920
0.0245,0.0000,0.0000,0.0000,0.0245,0.0000,200,0.5784
0.0017,0.0000,0.0000,0.0000,0.0016,0.0000,200,0.6017
0.0198,0.0000,0.0000,0.0000,0.0198,0.0000,200,0.5842
0.0098,0.0000,0.0000,0.0000,0.0096,0.0000,200,0.5945
0.0116,0.0000,0.0000,0.0000,0.0115,0.0000,200,0.5928
0.0046,0.0000,0.0000,0.0000,0.0045,0.0001,200,0.6001
0.0033,0.0000,0.0000,0.0000,0.0033,0.0000,200,0.6022
0.0339,0.0000,0.0000,0.0001,0.0337,0.0000,200,0.5720
0.0068,0.0000,0.0000,0.0000,0.0067,0.0000,200,0.5991
0.0191,0.0000,0.0000,0.0000,0.0190,0.0000,200,0.5873
0.0333,0.0000,0.0000,0.0000,0.0332,0.0000,200,0.5731
0.0369,0.0000,0.0000,0.0000,0.0368,0.0000,200,0.5708
0.0138,0.0000,0.0000,0.0000,0.0137,0.0000,200,0.5941
0.0038,0.0000,0.0000,0.0000,0.0035,0.0001,200,0.6042
0.0027,0.0000,0.0000,0.0000,0.0026,0.0000,200,0.6064
0.0463,0.0000,0.0000,0.0000,0.0462,0.0000,200,0.5628
0.0032,0.0000,0.0000,0.0000,0.0031,0.0000,200,0.6059
0.0392,0.0000,0.0000,0.0000,0.0392,0.0000,200,0.5706
0.0170,0.0000,0.0000,0.0001,0.0168,0.0000,200,0.5935
0.0008,0.0000,0.0000,0.0000,0.0007,0.0000,200,0.6099
0.0120,0.0000,0.0000,0.0000,0.0120,0.0000,200,0.5989
0.0174,0.0000,0.0000,0.0000,0.0173,0.0000,200,0.5937
0.0111,0.0000,0.0000,0.0000,0.0109,0.0001,200,0.6002
0.0377,0.0000,0.0000,0.0000,0.0376,0.0000,200,0.5748
0.0319,0.0000,0.0000,0.0000,0.0318,0.0000,200,0.5806
0.0105,0.0000,0.0000,0.0000,0.0104,0.0001,200,0.6033
0.0827,0.0000,0.0000,0.0000,0.0826,0.0000,200,0.5317
0.0053,0.0000,0.0000,0.0000,0.0052,0.0000,200,0.6091
0.0492,0.0000,0.0000,0.0001,0.0490,0.0000,200,0.5657
0.0338,0.0000,0.0000,0.0000,0.0337,0.0001,200,0.5819
0.0171,0.0000,0.0000,0.0000,0.0171,0.0000,200,0.5989
0.0418,0.0000,0.0000,0.0001,0.0416,0.0001,200,0.5748
0.0076,0.0000,0.0000,0.0003,0.0073,0.0000,200,0.6091
0.0181,0.0000,0.0000,0.0003,0.0177,0.0000,200,0.5993
0.0018,0.0000,0.0000,0.0000,0.0016,0.0002,200,0.6161
0.0522,0.0000,0.0000,0.0000,0.0521,0.0001,200,0.5663
0.0056,0.0000,0.0000,0.0000,0.0055,0.0001,200,0.6138
0.0695,0.0000,0.0000,0.0000,0.0694,0.0000,200,0.5501
0.0058,0.0000,0.0000,0.0000,0.0052,0.0005,200,0.6144
0.0212,0.0000,0.0000,0.0000,0.0211,0.0000,200,0.5990
0.0179,0.0000,0.0000,0.0003,0.0175,0.0001,200,0.6027
0.0174,0.0000,0.0000,0.0000,0.0173,0.0001,200,0.6044
0.0231,0.0000,0.0000,0.0000,0.0230,0.0000,200,0.5987
0.0128,0.0000,0.0000,0.0000,0.0127,0.0001,200,0.6091
0.0056,0.0000,0.0000,0.0000,0.0052,0.0001,200,0.6167
0.0147,0.0000,0.0000,0.0000,0.0146,0.0000,200,0.6077
0.0027,0.0000,0.0000,0.0000,0.0026,0.0000,200,0.6202
0.0204,0.0000,0.0000,0.0000,0.0202,0.0001,200,0.6030
0.0447,0.0000,0.0000,0.0000,0.0444,0.0002,200,0.5790
0.0252,0.0000,0.0000,0.0000,0.0251,0.0001,200,0.5988
0.0138,0.0000,0.0000,0.0000,0.0137,0.0000,200,0.6105
0.0125,0.0000,0.0000,0.0001,0.0124,0.0000,200,0.6125
0.0204,0.0000,0.0000,0.0000,0.0203,0.0000,200,0.6047
0.0096,0.0000,0.0000,0.0001,0.0092,0.0003,200,0.6166
0.0386,0.0000,0.0000,0.0000,0.0385,0.0000,200,0.5877
0.0257,0.0000,0.0000,0.0000,0.0256,0.0000,200,0.6009
0.0122,0.0000,0.0000,0.0000,0.0121,0.0000,200,0.6150
0.0159,0.0000,0.0000,0.0000,0.0157,0.0001,200,0.6113
0.0055,0.0000,0.0000,0.0000,0.0054,0.0000,200,0.6224
0.0219,0.0000,0.0000,0.0000,0.0218,0.0000,200,0.6064
0.0044,0.0000,0.0000,0.0000,0.0042,0.0001,200,0.6250
0.0443,0.0000,0.0000,0.0000,0.0442,0.0001,200,0.5860
0.0314,0.0000,0.0000,0.0001,0.0312,0.0000,200,0.5990
0.0065,0.0000,0.0000,0.0000,0.0064,0.0000,200,0.6241
0.0323,0.0000,0.0000,0.0000,0.0321,0.0001,200,0.5989
0.0117,0.0000,0.0000,0.0000,0.0116,0.0000,200,0.6196
0.0324,0.0000,0.0000,0.0000,0.0322,0.0001,200,0.5992
0.0329,0.0000,0.0000,0.0000,0.0328,0.0001,200,0.5992
0.0215,0.0000,0.0000,0.0000,0.0214,0.0002,200,0.6112
0.0191,0.0000,0.0000,0.0000,0.0190,0.0001,200,0.6144
0.0046,0.0000,0.0000,0.0000,0.0043,0.0002,200,0.6295
0.0014,0.0000,0.0000,0.0002,0.0011,0.0000,200,0.6327
0.0288,0.0000,0.0000,0.0000,0.0287,0.0000,200,0.6055
0.0268,0.0000,0.0000,0.0000,0.0268,0.0001,200,0.6080
0.0009,0.0000,0.0000,0.0000,0.0009,0.0000,200,0.6342
0.0123,0.0000,0.0000,0.0001,0.0121,0.0000,200,0.6229
0.0184,0.0000,0.0000,0.0000,0.0183,0.0001,200,0.6174
0.0081,0.0000,0.0000,0.0000,0.0080,0.0000,200,0.6279
0.0208,0.0000,0.0000,0.0000,0.0207,0.0000,200,0.6157
0.0024,0.0000,0.0000,0.0002,0.0021,0.0000,200,0.6348
0.0131,0.0000,0.0000,0.0000,0.0130,0.0000,200,0.6244
0.0630,0.0000,0.0000,0.0000,0.0629,0.0001,200,0.5750
0.0650,0.0000,0.0000,0.0000,0.0649,0.0001,200,0.5734
0.0771,0.0000,0.0000,0.0000,0.0770,0.0001,200,0.5646
0.0425,0.0000,0.0000,0.0000,0.0424,0.0000,200,0.6001
0.0386,0.0000,0.0000,0.0000,0.0384,0.0002,200,0.6041
0.0399,0.0000,0.0000,0.0003,0.0394,0.0001,200,0.6030
0.0420,0.0000,0.0000,0.0000,0.0419,0.0001,200,0.6012
0.0167,0.0000,0.0000,0.0000,0.0166,0.0000,200,0.6272
0.0019,0.0000,0.0000,0.0001,0.0016,0.0000,200,0.6426
0.0763,0.0000,0.0000,0.0000,0.0762,0.0001,200,0.5690
0.0265,0.0000,0.0000,0.0000,0.0264,0.0001,200,0.6194
0.0018,0.0000,0.0000,0.0000,0.0017,0.0000,200,0.6445
0.0278,0.0000,0.0000,0.0002,0.0276,0.0000,200,0.6185
0.0390,0.0000,0.0000,0.0001,0.0388,0.0001,200,0.6078
0.0417,0.0000,0.0000,0.0000,0.0417,0.0000,200,0.6059
0.0044,0.0000,0.0000,0.0000,0.0042,0.0002,200,0.6439
0.0056,0.0000,0.0000,0.0000,0.0052,0.0001,200,0.6428
0.0075,0.0000,0.0000,0.0000,0.0074,0.0000,200,0.6417
0.0246,0.0000,0.0000,0.0000,0.0245,0.0001,200,0.6250
0.0198,0.0000,0.0000,0.0000,0.0196,0.0001,200,0.6304
0.0293,0.0000,0.0000,0.0000,0.0287,0.0000,200,0.6219
0.0140,0.0000,0.0000,0.0000,0.0139,0.0001,200,0.6372
0.0250,0.0000,0.0000,0.0000,0.0248,0.0001,200,0.6262
0.0032,0.0000,0.0000,0.0000,0.0031,0.0001,200,0.6484
0.0162,0.0000,0.0000,0.0000,0.0161,0.0000,200,0.6358
0.0179,0.0000,0.0000,0.0000,0.0178,0.0001,200,0.6343
0.0184,0.0000,0.0000,0.0000,0.0181,0.0001,200,0.6340
0.0018,0.0000,0.0000,0.0000,0.0017,0.0000,200,0.6512
0.0155,0.0000,0.0000,0.0000,0.0154,0.0000,200,0.6379
0.0281,0.0000,0.0000,0.0000,0.0279,0.0001,200,0.6263
0.0119,0.0000,0.0000,0.0000,0.0119,0.0000,200,0.6426
0.0234,0.0000,0.0000,0.0000,0.0233,0.0000,200,0.6312
0.0162,0.0000,0.0000,0.0000,0.0161,0.0000,200,0.6384
0.0445,0.0000,0.0000,0.0000,0.0444,0.0001,200,0.6109
0.0123,0.0000,0.0000,0.0000,0.0122,0.0001,200,0.6432
0.0097,0.0000,0.0000,0.0000,0.0096,0.0000,200,0.6463
0.0190,0.0000,0.0000,0.0000,0.0188,0.0001,200,0.6374
0.0571,0.0000,0.0000,0.0000,0.0570,0.0000,200,0.5996
0.0444,0.0000,0.0000,0.0000,0.0443,0.0001,200,0.6125
0.0360,0.0000,0.0000,0.0000,0.0359,0.0001,200,0.6218
0.0070,0.0000,0.0000,0.0000,0.0070,0.0000,200,0.6512
0.0265,0.0000,0.0000,0.0000,0.0264,0.0000,200,0.6321
0.0071,0.0000,0.0000,0.0000,0.0069,0.0002,200,0.6522
0.0102,0.0000,0.0000,0.0000,0.0100,0.0002,200,0.6496
0.0287,0.0000,0.0000,0.0000,0.0285,0.0001,200,0.6313
0.0027,0.0000,0.0000,0.0000,0.0026,0.0001,200,0.6578
0.0377,0.0000,0.0000,0.0000,0.0376,0.0001,200,0.6234
0.0508,0.0000,0.0000,0.0000,0.0507,0.0000,200,0.6106
0.0070,0.0000,0.0000,0.0000,0.0070,0.0000,200,0.6545
0.0072,0.0000,0.0000,0.0000,0.0071,0.0001,200,0.6546
0.0092,0.0000,0.0000,0.0000,0.0091,0.0000,200,0.6530
0.0060,0.0000,0.0000,0.0000,0.0059,0.0000,200,0.6569
0.0412,0.0000,0.0000,0.0000,0.0411,0.0000,200,0.6218
0.0157,0.0000,0.0000,0.0000,0.0156,0.0001,200,0.6476
0.0119,0.0000,0.0000,0.0000,0.0118,0.0000,200,0.6516
0.0143,0.0000,0.0000,0.0000,0.0143,0.0000,200,0.6492
0.0045,0.0000,0.0000,0.0000,0.0043,0.0001,200,0.6598
0.0041,0.0000,0.0000,0.0000,0.0039,0.0002,200,0.6605
0.0065,0.0000,0.0000,0.0000,0.0064,0.0000,200,0.6583
0.0089,0.0000,0.0000,0.0000,0.0088,0.0001,200,0.6560
0.0030,0.0000,0.0000,0.0000,0.0029,0.0001,200,0.6622
0.0481,0.0000,0.0000,0.0000,0.0480,0.0000,200,0.6179
0.0112,0.0000,0.0000,0.0000,0.0108,0.0003,200,0.6554
0.0784,0.0000,0.0000,0.0000,0.0784,0.0000,200,0.5882
0.0136,0.0000,0.0000,0.0000,0.0135,0.0001,200,0.6534
0.0124,0.0000,0.0000,0.0000,0.0123,0.0001,200,0.6555
0.0443,0.0000,0.0000,0.0000,0.0440,0.0001,200,0.6238
0.0101,0.0000,0.0000,0.0000,0.0100,0.0000,200,0.6586
0.0341,0.0000,0.0000,0.0000,0.0340,0.0000,200,0.6351
0.0076,0.0000,0.0000,0.0000,0.0075,0.0000,200,0.6618
0.0044,0.0000,0.0000,0.0001,0.0041,0.0001,200,0.6652
0.0066,0.0000,0.0000,0.0000,0.0065,0.0001,200,0.6636
0.0025,0.0000,0.0000,0.0000,0.0024,0.0001,200,0.6679
0.0187,0.0000,0.0000,0.0000,0.0184,0.0002,200,0.6524
0.0046,0.0000,0.0000,0.0000,0.0045,0.0001,200,0.6666
0.0069,0.0000,0.0000,0.0000,0.0068,0.0000,200,0.6648
0.0370,0.0000,0.0000,0.0000,0.0364,0.0005,200,0.6352
0.0179,0.0000,0.0000,0.0000,0.0175,0.0004,200,0.6546
0.0145,0.0000,0.0000,0.0000,0.0141,0.0002,200,0.6593
0.0064,0.0000,0.0000,0.0000,0.0063,0.0001,200,0.6692
0.0293,0.0000,0.0000,0.0000,0.0292,0.0000,200,0.6463
0.0454,0.0000,0.0000,0.0000,0.0453,0.0000,200,0.6305
0.0109,0.0000,0.0000,0.0000,0.0108,0.0000,200,0.6649
0.0044,0.0000,0.0000,0.0002,0.0036,0.0000,200,0.6717
0.0282,0.0000,0.0000,0.0000,0.0282,0.0000,200,0.6483
0.0028,0.0000,0.0000,0.0003,0.0024,0.0000,200,0.6738
0.0204,0.0000,0.0000,0.0000,0.0203,0.0000,200,0.6567
0.0147,0.0000,0.0000,0.0000,0.0146,0.0000,200,0.6630
0.0325,0.0000,0.0000,0.0000,0.0324,0.0001,200,0.6453
0.0498,0.0000,0.0000,0.0000,0.0496,0.0000,200,0.6282
0.0327,0.0000,0.0000,0.0000,0.0324,0.0002,200,0.6459
0.0224,0.0000,0.0000,0.0000,0.0221,0.0000,200,0.6564
0.0249,0.0000,0.0000,0.0000,0.0247,0.0001,200,0.6543
0.0179,0.0000,0.0000,0.0000,0.0178,0.0000,200,0.6614
0.0294,0.0000,0.0000,0.0001,0.0293,0.0000,200,0.6502
0.0168,0.0000,0.0000,0.0000,0.0166,0.0001,200,0.6635
0.0191,0.0000,0.0000,0.0000,0.0187,0.0001,200,0.6615
0.0032,0.0000,0.0000,0.0000,0.0030,0.0000,200,0.6779
0.0483,0.0000,0.0000,0.0001,0.0480,0.0002,200,0.6335
0.0153,0.0000,0.0000,0.0000,0.0152,0.0000,200,0.6666
0.0043,0.0000,0.0000,0.0000,0.0043,0.0000,200,0.6777
0.0131,0.0000,0.0000,0.0000,0.0130,0.0001,200,0.6696
0.0143,0.0000,0.0000,0.0000,0.0141,0.0002,200,0.6687
0.0067,0.0000,0.0000,0.0000,0.0066,0.0000,200,0.6765
0.0073,0.0000,0.0000,0.0000,0.0070,0.0003,200,0.6767
0.0569,0.0000,0.0000,0.0000,0.0568,0.0001,200,0.6271
0.0132,0.0000,0.0000,0.0000,0.0131,0.0000,200,0.6711
0.0090,0.0000,0.0000,0.0000,0.0089,0.0000,200,0.6759
0.0148,0.0000,0.0000,0.0000,0.0147,0.0001,200,0.6702
0.0034,0.0000,0.0000,0.0002,0.0031,0.0000,200,0.6819
0.0014,0.0000,0.0000,0.0000,0.0013,0.0000,200,0.6841
0.0228,0.0000,0.0000,0.0000,0.0227,0.0000,200,0.6633
0.0044,0.0000,0.0000,0.0000,0.0043,0.0001,200,0.6820
0.0107,0.0000,0.0000,0.0000,0.0107,0.0000,200,0.6761
0.0200,0.0000,0.0000,0.0000,0.0198,0.0001,200,0.6671
0.0050,0.0000,0.0000,0.0000,0.0049,0.0000,200,0.6830
0.0267,0.0000,0.0000,0.0000,0.0266,0.0000,200,0.6613
0.0058,0.0000,0.0000,0.0000,0.0057,0.0000,200,0.6828
0.0167,0.0000,0.0000,0.0001,0.0165,0.0000,200,0.6725
0.0092,0.0000,0.0000,0.0000,0.0091,0.0000,200,0.6803
0.0114,0.0000,0.0000,0.0000,0.0113,0.0000,200,0.6786
0.0389,0.0000,0.0000,0.0000,0.0388,0.0000,200,0.6511
0.0098,0.0000,0.0000,0.0000,0.0097,0.0000,200,0.6806
0.0119,0.0000,0.0000,0.0000,0.0118,0.0000,200,0.6788
0.0048,0.0000,0.0000,0.0000,0.0047,0.0001,200,0.6864
0.0693,0.0000,0.0000,0.0000,0.0692,0.0001,200,0.6224
0.0617,0.0000,0.0000,0.0000,0.0616,0.0000,200,0.6303
0.0060,0.0000,0.0000,0.0000,0.0044,0.0002,200,0.6868
0.0663,0.0000,0.0000,0.0000,0.0663,0.0000,200,0.6265
0.0141,0.0000,0.0000,0.0000,0.0138,0.0001,200,0.6793
0.0571,0.0000,0.0000,0.0000,0.0570,0.0000,200,0.6365
0.0023,0.0000,0.0000,0.0000,0.0023,0.0000,200,0.6912
0.0022,0.0000,0.0000,0.0000,0.0020,0.0001,200,0.6920
0.0320,0.0000,0.0000,0.0000,0.0318,0.0002,200,0.6629
0.0056,0.0000,0.0000,0.0000,0.0055,0.0001,200,0.6895
0.0024,0.0000,0.0000,0.0000,0.0023,0.0001,200,0.6936
0.0326,0.0000,0.0000,0.0000,0.0321,0.0003,200,0.6646
0.0119,0.0000,0.0000,0.0000,0.0118,0.0000,200,0.6855
0.0458,0.0000,0.0000,0.0000,0.0457,0.0001,200,0.6520
0.0228,0.0000,0.0000,0.0000,0.0227,0.0001,200,0.6759
0.0045,0.0000,0.0000,0.0000,0.0044,0.0000,200,0.6942
0.0090,0.0000,0.0000,0.0000,0.0089,0.0000,200,0.6900
0.0017,0.0000,0.0000,0.0000,0.0017,0.0000,200,0.6973
0.0144,0.0000,0.0000,0.0001,0.0143,0.0001,200,0.6850
0.0250,0.0000,0.0000,0.0000,0.0249,0.0001,200,0.6780
0.0718,0.0000,0.0000,0.0000,0.0717,0.0000,200,0.6315
0.0102,0.0000,0.0000,0.0001,0.0098,0.0002,200,0.6934
0.0385,0.0000,0.0000,0.0000,0.0381,0.0003,200,0.6659
0.0445,0.0000,0.0000,0.0000,0.0444,0.0000,200,0.6600
0.0102,0.0000,0.0000,0.0000,0.0097,0.0000,200,0.6949
0.0213,0.0000,0.0000,0.0000,0.0212,0.0001,200,0.6840
0.0300,0.0000,0.0000,0.0000,0.0300,0.0000,200,0.6755
0.0134,0.0000,0.0000,0.0000,0.0133,0.0000,200,0.6928
0.0374,0.0000,0.0000,0.0000,0.0373,0.0000,200,0.6694
0.0160,0.0000,0.0000,0.0000,0.0160,0.0000,200,0.6907
0.0155,0.0000,0.0000,0.0000,0.0154,0.0000,200,0.6918
0.0355,0.0000,0.0000,0.0002,0.0352,0.0001,200,0.6723
0.0034,0.0000,0.0000,0.0000,0.0033,0.0000,200,0.7044
0.0215,0.0000,0.0000,0.0000,0.0213,0.0001,200,0.6870
0.0186,0.0000,0.0000,0.0000,0.0182,0.0000,200,0.6900
0.0143,0.0000,0.0000,0.0000,0.0141,0.0001,200,0.6951
0.0342,0.0000,0.0000,0.0000,0.0341,0.0001,200,0.6756
0.0019,0.0000,0.0000,0.0000,0.0017,0.0001,200,0.7085
0.0045,0.0000,0.0000,0.0000,0.0043,0.0001,200,0.7062
0.0905,0.0000,0.0000,0.0000,0.0904,0.0001,200,0.6206
0.0911,0.0000,0.0000,0.0000,0.0910,0.0001,200,0.6202
0.0240,0.0000,0.0000,0.0000,0.0239,0.0000,200,0.6880
0.0228,0.0000,0.0000,0.0000,0.0227,0.0000,200,0.6892
0.0481,0.0000,0.0000,0.0000,0.0480,0.0001,200,0.6643
0.0075,0.0000,0.0000,0.0000,0.0074,0.0000,200,0.7050
0.0276,0.0000,0.0000,0.0000,0.0274,0.0001,200,0.6853
0.0289,0.0000,0.0000,0.0000,0.0288,0.0001,200,0.6844
0.0429,0.0000,0.0000,0.0000,0.0425,0.0004,200,0.6712
0.0097,0.0000,0.0000,0.0000,0.0096,0.0000,200,0.7045
0.0346,0.0000,0.0000,0.0000,0.0346,0.0000,200,0.6796
0.0091,0.0000,0.0000,0.0000,0.0090,0.0000,200,0.7053
0.0082,0.0000,0.0000,0.0000,0.0081,0.0000,200,0.7067
0.0271,0.0000,0.0000,0.0000,0.0269,0.0000,200,0.6880
0.0041,0.0000,0.0000,0.0000,0.0040,0.0000,200,0.7113
0.0338,0.0000,0.0000,0.0000,0.0337,0.0000,200,0.6818
0.0085,0.0000,0.0000,0.0000,0.0084,0.0000,200,0.7073
0.0332,0.0000,0.0000,0.0000,0.0331,0.0000,200,0.6832
0.0033,0.0000,0.0000,0.0000,0.0032,0.0000,200,0.7141
0.0096,0.0000,0.0000,0.0000,0.0095,0.0001,200,0.7078
0.0044,0.0000,0.0000,0.0001,0.0040,0.0002,200,0.7143
0.0110,0.0000,0.0000,0.0000,0.0109,0.0001,200,0.7078
0.0484,0.0000,0.0000,0.0000,0.0482,0.0001,200,0.6705
0.0204,0.0000,0.0000,0.0000,0.0200,0.0004,200,0.6987
0.0349,0.0000,0.0000,0.0000,0.0346,0.0002,200,0.6848
0.0387,0.0000,0.0000,0.0000,0.0386,0.0000,200,0.6810
0.0046,0.0000,0.0000,0.0000,0.0042,0.0004,200,0.7158
0.0077,0.0000,0.0000,0.0000,0.0076,0.0000,200,0.7128
0.0083,0.0000,0.0000,0.0000,0.0062,0.0001,200,0.7125
0.0223,0.0000,0.0000,0.0000,0.0222,0.0001,200,0.6987
0.0017,0.0000,0.0000,0.0000,0.0016,0.0000,200,0.7197
0.0077,0.0000,0.0000,0.0000,0.0076,0.0001,200,0.7145
0.0139,0.0000,0.0000,0.0001,0.0138,0.0000,200,0.7087
0.0077,0.0000,0.0000,0.0000,0.0077,0.0000,200,0.7151
0.0374,0.0000,0.0000,0.0000,0.0373,0.0001,200,0.6860
0.0051,0.0000,0.0000,0.0000,0.0049,0.0001,200,0.7187
0.0102,0.0000,0.0000,0.0000,0.0100,0.0002,200,0.7141
0.0039,0.0000,0.0000,0.0000,0.0038,0.0000,200,0.7205
0.0287,0.0000,0.0000,0.0000,0.0286,0.0001,200,0.6960
0.0321,0.0000,0.0000,0.0000,0.0321,0.0001,200,0.6929
0.0087,0.0000,0.0000,0.0000,0.0087,0.0000,200,0.7164
0.0022,0.0000,0.0000,0.0000,0.0020,0.0001,200,0.7234
0.0154,0.0000,0.0000,0.0000,0.0153,0.0001,200,0.7107
0.0142,0.0000,0.0000,0.0000,0.0141,0.0001,200,0.7120
0.0233,0.0000,0.0000,0.0000,0.0232,0.0000,200,0.7033
0.0295,0.0000,0.0000,0.0000,0.0294,0.0000,200,0.6978
0.0059,0.0000,0.0000,0.0000,0.0059,0.0000,200,0.7214
0.0018,0.0000,0.0000,0.0000,0.0017,0.0000,200,0.7261
0.0015,0.0000,0.0000,0.0000,0.0014,0.0000,200,0.7266
0.0112,0.0000,0.0000,0.0000,0.0110,0.0000,200,0.7174
0.0015,0.0000,0.0000,0.0000,0.0014,0.0001,200,0.7279
0.0612,0.0000,0.0000,0.0000,0.0608,0.0003,200,0.6681
0.0047,0.0000,0.0000,0.0000,0.0046,0.0000,200,0.7250
0.0266,0.0000,0.0000,0.0000,0.0265,0.0001,200,0.7035
0.0419,0.0000,0.0000,0.0000,0.0418,0.0000,200,0.6886
0.0094,0.0000,0.0000,0.0009,0.0079,0.0000,200,0.7211
0.0374,0.0000,0.0000,0.0000,0.0373,0.0001,200,0.6936
0.0956,0.0000,0.0000,0.0000,0.0955,0.0000,200,0.6359
0.0033,0.0000,0.0000,0.0000,0.0032,0.0000,200,0.7286
0.0348,0.0000,0.0000,0.0000,0.0347,0.0000,200,0.6972
0.0193,0.0000,0.0000,0.0000,0.0192,0.0000,200,0.7133
0.0037,0.0000,0.0000,0.0000,0.0036,0.0001,200,0.7294
0.0129,0.0000,0.0000,0.0000,0.0128,0.0001,200,0.7238
0.0147,0.0000,0.0000,0.0000,0.0145,0.0002,200,0.7221
0.0072,0.0000,0.0000,0.0000,0.0071,0.0000,200,0.7297
0.0262,0.0000,0.0000,0.0000,0.0256,0.0006,200,0.7120
0.0109,0.0000,0.0000,0.0000,0.0107,0.0001,200,0.7282
0.0204,0.0000,0.0000,0.0001,0.0202,0.0000,200,0.7188
0.0085,0.0000,0.0000,0.0000,0.0084,0.0001,200,0.7316
0.0499,0.0000,0.0000,0.0000,0.0498,0.0001,200,0.6904
0.0262,0.0000,0.0000,0.0000,0.0261,0.0000,200,0.7149
0.0013,0.0000,0.0000,0.0000,0.0010,0.0001,200,0.7403
0.0028,0.0000,0.0000,0.0000,0.0027,0.0000,200,0.7391
0.0633,0.0000,0.0000,0.0001,0.0631,0.0001,200,0.6792
0.0187,0.0000,0.0000,0.0000,0.0186,0.0000,200,0.7243
0.0105,0.0000,0.0000,0.0000,0.0103,0.0001,200,0.7330
0.0213,0.0000,0.0000,0.0002,0.0210,0.0000,200,0.7226
0.0115,0.0000,0.0000,0.0000,0.0113,0.0002,200,0.7326
0.0980,0.0000,0.0000,0.0000,0.0978,0.0002,200,0.6468
0.0144,0.0000,0.0000,0.0000,0.0142,0.0001,200,0.7310
0.0084,0.0000,0.0000,0.0000,0.0083,0.0000,200,0.7370
0.0025,0.0000,0.0000,0.0000,0.0024,0.0000,200,0.7430
0.0690,0.0000,0.0000,0.0000,0.0688,0.0002,200,0.6771
0.0178,0.0000,0.0000,0.0000,0.0177,0.0000,200,0.7301
0.0223,0.0000,0.0000,0.0000,0.0222,0.0000,200,0.7256
0.0251,0.0000,0.0000,0.0001,0.0249,0.0000,200,0.7229
0.0233,0.0000,0.0000,0.0000,0.0233,0.0000,200,0.7247
0.0032,0.0000,0.0000,0.0000,0.0029,0.0002,200,0.7449
0.0065,0.0000,0.0000,0.0000,0.0062,0.0000,200,0.7416
0.0325,0.0000,0.0000,0.0000,0.0324,0.0000,200,0.7156
0.0337,0.0000,0.0000,0.0000,0.0334,0.0002,200,0.7154
0.0318,0.0000,0.0000,0.0000,0.0317,0.0000,200,0.7174
0.0015,0.0000,0.0000,0.0000,0.0014,0.0001,200,0.7481
0.0095,0.0000,0.0000,0.0000,0.0092,0.0003,200,0.7411
0.0027,0.0000,0.0000,0.0000,0.0026,0.0001,200,0.7481
0.0235,0.0000,0.0000,0.0000,0.0232,0.0003,200,0.7305
0.0158,0.0000,0.0000,0.0000,0.0157,0.0001,200,0.7382
0.0550,0.0000,0.0000,0.0000,0.0550,0.0000,200,0.6994
0.0361,0.0000,0.0000,0.0000,0.0359,0.0000,200,0.7188
0.0278,0.0000,0.0000,0.0000,0.0276,0.0001,200,0.7273
0.0098,0.0000,0.0000,0.0002,0.0096,0.0000,200,0.7455
0.0310,0.0000,0.0000,0.0000,0.0306,0.0004,200,0.7252
0.0496,0.0000,0.0000,0.0000,0.0495,0.0000,200,0.7067
0.0163,0.0000,0.0000,0.0000,0.0161,0.0001,200,0.7401
0.0466,0.0000,0.0000,0.0000,0.0465,0.0001,200,0.7104
0.0583,0.0000,0.0000,0.0000,0.0582,0.0000,200,0.6990
0.0137,0.0000,0.0000,0.0000,0.0136,0.0000,200,0.7439
0.0262,0.0000,0.0000,0.0000,0.0261,0.0000,200,0.7319
0.0487,0.0000,0.0000,0.0000,0.0486,0.0001,200,0.7098
0.0146,0.0000,0.0000,0.0000,0.0145,0.0001,200,0.7442
0.0274,0.0000,0.0000,0.0000,0.0272,0.0002,200,0.7320
0.0471,0.0000,0.0000,0.0001,0.0469,0.0000,200,0.7124
0.0014,0.0000,0.0000,0.0001,0.0010,0.0002,200,0.7588
0.0141,0.0000,0.0000,0.0000,0.0140,0.0001,200,0.7461
0.0495,0.0000,0.0000,0.0000,0.0492,0.0001,200,0.7112
0.0400,0.0000,0.0000,0.0000,0.0398,0.0001,200,0.7208
0.0408,0.0000,0.0000,0.0000,0.0404,0.0000,200,0.7204
0.0629,0.0000,0.0000,0.0000,0.0628,0.0000,200,0.6991
0.0255,0.0000,0.0000,0.0001,0.0248,0.0006,200,0.7368
0.0232,0.0000,0.0000,0.0001,0.0230,0.0000,200,0.7392
0.0368,0.0000,0.0000,0.0000,0.0367,0.0001,200,0.7262
0.0441,0.0000,0.0000,0.0000,0.0440,0.0000,200,0.7191
0.0100,0.0000,0.0000,0.0000,0.0098,0.0002,200,0.7540
0.0444,0.0000,0.0000,0.0000,0.0441,0.0003,200,0.7197
0.0038,0.0000,0.0000,0.0000,0.0036,0.0002,200,0.7608
0.0074,0.0000,0.0000,0.0000,0.0073,0.0001,200,0.7575
0.0226,0.0000,0.0000,0.0000,0.0225,0.0001,200,0.7426
0.0051,0.0000,0.0000,0.0000,0.0048,0.0002,200,0.7607
0.0167,0.0000,0.0000,0.0000,0.0166,0.0000,200,0.7491
0.0048,0.0000,0.0000,0.0000,0.0048,0.0000,200,0.7613
0.0639,0.0000,0.0000,0.0000,0.0637,0.0002,200,0.7030
0.0102,0.0000,0.0000,0.0003,0.0096,0.0002,200,0.7570
0.0406,0.0000,0.0000,0.0001,0.0403,0.0001,200,0.7273
0.0047,0.0000,0.0000,0.0000,0.0039,0.0001,200,0.7632
0.0026,0.0000,0.0000,0.0000,0.0025,0.0000,200,0.7661
0.0091,0.0000,0.0000,0.0000,0.0090,0.0001,200,0.7602
0.0157,0.0000,0.0000,0.0000,0.0156,0.0001,200,0.7540
0.0130,0.0000,0.0000,0.0000,0.0130,0.0000,200,0.7573
0.0337,0.0000,0.0000,0.0000,0.0336,0.0000,200,0.7367
0.0229,0.0000,0.0000,0.0000,0.0228,0.0000,200,0.7480
0.0470,0.0000,0.0000,0.0001,0.0468,0.0000,200,0.7244
0.0136,0.0000,0.0000,0.0000,0.0135,0.0000,200,0.7581
0.0158,0.0000,0.0000,0.0000,0.0157,0.0000,200,0.7564
0.0244,0.0000,0.0000,0.0000,0.0243,0.0001,200,0.7480
0.0044,0.0000,0.0000,0.0000,0.0043,0.0000,200,0.7687
0.0171,0.0000,0.0000,0.0000,0.0170,0.0000,200,0.7564
0.0069,0.0000,0.0000,0.0000,0.0067,0.0001,200,0.7669
0.0071,0.0000,0.0000,0.0000,0.0070,0.0001,200,0.7672
0.0048,0.0000,0.0000,0.0000,0.0047,0.0000,200,0.7697
0.0021,0.0000,0.0000,0.0000,0.0020,0.0000,200,0.7731
0.0052,0.0000,0.0000,0.0000,0.0051,0.0000,200,0.7703
0.0101,0.0000,0.0000,0.0000,0.0100,0.0000,200,0.7658
0.0325,0.0000,0.0000,0.0000,0.0323,0.0001,200,0.7479
0.0062,0.0000,0.0000,0.0000,0.0060,0.0001,200,0.7745
0.0079,0.0000,0.0000,0.0000,0.0078,0.0001,200,0.7738
0.0168,0.0000,0.0000,0.0000,0.0167,0.0001,200,0.7650
0.0098,0.0000,0.0000,0.0000,0.0097,0.0001,200,0.7721
0.0343,0.0000,0.0000,0.0000,0.0342,0.0000,200,0.7479
0.0016,0.0000,0.0000,0.0001,0.0014,0.0000,200,0.7808
0.0272,0.0000,0.0000,0.0000,0.0272,0.0000,200,0.7553
0.0324,0.0000,0.0000,0.0001,0.0319,0.0003,200,0.7506
0.0122,0.0000,0.0000,0.0000,0.0121,0.0001,200,0.7709
0.0195,0.0000,0.0000,0.0000,0.0194,0.0001,200,0.7641
0.0018,0.0000,0.0000,0.0000,0.0017,0.0000,200,0.7825
0.0788,0.0000,0.0000,0.0000,0.0781,0.0006,200,0.7056
0.0288,0.0000,0.0000,0.0000,0.0283,0.0003,200,0.7563
0.0256,0.0000,0.0000,0.0000,0.0255,0.0000,200,0.7595
0.0304,0.0000,0.0000,0.0001,0.0299,0.0001,200,0.7549
0.0767,0.0000,0.0000,0.0000,0.0766,0.0001,200,0.7094
0.0047,0.0000,0.0000,0.0000,0.0045,0.0001,200,0.7817
0.0357,0.0000,0.0000,0.0000,0.0357,0.0000,200,0.7508
0.0273,0.0000,0.0000,0.0000,0.0271,0.0001,200,0.7595
0.0226,0.0000,0.0000,0.0000,0.0225,0.0000,200,0.7646
0.0021,0.0000,0.0000,0.0000,0.0019,0.0002,200,0.7853
0.0162,0.0000,0.0000,0.0000,0.0161,0.0000,200,0.7714
0.0386,0.0000,0.0000,0.0000,0.0385,0.0001,200,0.7496
0.0168,0.0000,0.0000,0.0000,0.0167,0.0000,200,0.7717
0.0230,0.0000,0.0000,0.0000,0.0227,0.0000,200,0.7658
0.0251,0.0000,0.0000,0.0000,0.0250,0.0000,200,0.7641
0.0014,0.0000,0.0000,0.0000,0.0013,0.0000,200,0.7882
0.0096,0.0000,0.0000,0.0000,0.0094,0.0001,200,0.7804
0.0071,0.0000,0.0000,0.0000,0.0071,0.0000,200,0.7831
0.0026,0.0000,0.0000,0.0000,0.0024,0.0001,200,0.7876
0.0158,0.0000,0.0000,0.0000,0.0151,0.0007,200,0.7756
0.0235,0.0000,0.0000,0.0000,0.0234,0.0000,200,0.7679
0.0292,0.0000,0.0000,0.0000,0.0290,0.0002,200,0.7624
0.0092,0.0000,0.0000,0.0000,0.0092,0.0000,200,0.7824
0.0301,0.0000,0.0000,0.0000,0.0300,0.0000,200,0.7619
0.0223,0.0000,0.0000,0.0000,0.0222,0.0001,200,0.7705
0.0080,0.0000,0.0000,0.0000,0.0064,0.0016,200,0.7865
0.0035,0.0000,0.0000,0.0003,0.0029,0.0001,200,0.7928
0.0134,0.0000,0.0000,0.0000,0.0133,0.0000,200,0.7836
0.0073,0.0000,0.0000,0.0000,0.0072,0.0001,200,0.7899
0.0086,0.0000,0.0000,0.0001,0.0084,0.0001,200,0.7891
0.0158,0.0000,0.0000,0.0000,0.0156,0.0001,200,0.7822
0.0036,0.0000,0.0000,0.0000,0.0034,0.0000,200,0.7946
0.0679,0.0000,0.0000,0.0000,0.0679,0.0000,200,0.7304
0.0121,0.0000,0.0000,0.0000,0.0120,0.0001,200,0.7868
0.0146,0.0000,0.0000,0.0000,0.0145,0.0001,200,0.7850
0.0453,0.0000,0.0000,0.0000,0.0453,0.0000,200,0.7545
0.0084,0.0000,0.0000,0.0000,0.0083,0.0001,200,0.7914
0.0081,0.0000,0.0000,0.0000,0.0080,0.0000,200,0.7921
0.0131,0.0000,0.0000,0.0000,0.0130,0.0000,200,0.7872
0.0422,0.0000,0.0000,0.0000,0.0421,0.0001,200,0.7586
0.0029,0.0000,0.0000,0.0000,0.0028,0.0001,200,0.7982
0.0534,0.0000,0.0000,0.0000,0.0533,0.0000,200,0.7479
0.0100,0.0000,0.0000,0.0000,0.0099,0.0000,200,0.7915
0.0117,0.0000,0.0000,0.0001,0.0115,0.0001,200,0.7902
0.0167,0.0000,0.0000,0.0000,0.0165,0.0001,200,0.7888
0.0055,0.0000,0.0000,0.0000,0.0053,0.0002,200,0.8002
0.0242,0.0000,0.0000,0.0000,0.0241,0.0000,200,0.7818
0.0212,0.0000,0.0000,0.0000,0.0211,0.0000,200,0.7850
0.0414,0.0000,0.0000,0.0000,0.0413,0.0000,200,0.7652
0.0203,0.0000,0.0000,0.0000,0.0202,0.0000,200,0.7864
0.0253,0.0000,0.0000,0.0000,0.0252,0.0000,200,0.7819
0.0094,0.0000,0.0000,0.0000,0.0094,0.0000,200,0.7980
0.0385,0.0000,0.0000,0.0000,0.0384,0.0000,200,0.7692
0.0095,0.0000,0.0000,0.0001,0.0093,0.0001,200,0.7989
0.0114,0.0000,0.0000,0.0000,0.0112,0.0001,200,0.7970
0.0245,0.0000,0.0000,0.0000,0.0244,0.0000,200,0.7842
0.0089,0.0000,0.0000,0.0000,0.0088,0.0000,200,0.8003
0.0234,0.0000,0.0000,0.0000,0.0232,0.0001,200,0.7860
0.0038,0.0000,0.0000,0.0000,0.0037,0.0001,200,0.8062
0.0682,0.0000,0.0000,0.0001,0.0680,0.0000,200,0.7418
0.0210,0.0000,0.0000,0.0000,0.0209,0.0001,200,0.7896
0.0144,0.0000,0.0000,0.0000,0.0142,0.0001,200,0.7963
0.0481,0.0000,0.0000,0.0000,0.0480,0.0000,200,0.7630
0.0680,0.0000,0.0000,0.0001,0.0674,0.0005,200,0.7435
0.0018,0.0000,0.0000,0.0000,0.0017,0.0001,200,0.8101
0.0058,0.0000,0.0000,0.0000,0.0057,0.0000,200,0.8066
0.0211,0.0000,0.0000,0.0000,0.0210,0.0000,200,0.7916
0.0114,0.0000,0.0000,0.0000,0.0113,0.0000,200,0.8013
0.0160,0.0000,0.0000,0.0000,0.0159,0.0000,200,0.7972
0.0162,0.0000,0.0000,0.0000,0.0161,0.0000,200,0.7977
0.0589,0.0000,0.0000,0.0000,0.0587,0.0001,200,0.7550
0.0851,0.0000,0.0000,0.0000,0.0850,0.0000,200,0.7294
0.0061,0.0000,0.0000,0.0000,0.0055,0.0000,200,0.8084
0.0092,0.0000,0.0000,0.0000,0.0091,0.0000,200,0.8057
0.0730,0.0000,0.0000,0.0000,0.0729,0.0001,200,0.7454
0.0044,0.0000,0.0000,0.0000,0.0043,0.0001,200,0.8145
0.0057,0.0000,0.0000,0.0001,0.0054,0.0002,200,0.8139
0.0573,0.0000,0.0000,0.0000,0.0572,0.0000,200,0.7624
0.0188,0.0000,0.0000,0.0000,0.0186,0.0002,200,0.8011
0.0067,0.0000,0.0000,0.0000,0.0062,0.0004,200,0.8139
0.0131,0.0000,0.0000,0.0000,0.0130,0.0000,200,0.8075
0.0364,0.0000,0.0000,0.0000,0.0363,0.0000,200,0.7843
0.0297,0.0000,0.0000,0.0000,0.0296,0.0001,200,0.7914
0.0159,0.0000,0.0000,0.0000,0.0158,0.0001,200,0.8055
0.0130,0.0000,0.0000,0.0000,0.0128,0.0001,200,0.8085
0.0090,0.0000,0.0000,0.0000,0.0088,0.0000,200,0.8127
0.0541,0.0000,0.0000,0.0000,0.0540,0.0000,200,0.7679
0.0207,0.0000,0.0000,0.0000,0.0205,0.0001,200,0.8019
0.0496,0.0000,0.0000,0.0000,0.0495,0.0001,200,0.7734
0.0512,0.0000,0.0000,0.0000,0.0510,0.0001,200,0.7724
0.0093,0.0000,0.0000,0.0000,0.0092,0.0000,200,0.8145
0.0785,0.0000,0.0000,0.0000,0.0784,0.0000,200,0.7453
0.0166,0.0000,0.0000,0.0001,0.0164,0.0000,200,0.8077
0.0052,0.0000,0.0000,0.0000,0.0051,0.0000,200,0.8197
0.0500,0.0000,0.0000,0.0000,0.0499,0.0001,200,0.7751
0.0496,0.0000,0.0000,0.0000,0.0496,0.0000,200,0.7759
0.0051,0.0000,0.0000,0.0000,0.0050,0.0001,200,0.8207
0.0126,0.0000,0.0000,0.0000,0.0125,0.0000,200,0.8133
0.0026,0.0000,0.0000,0.0000,0.0025,0.0000,200,0.8236
0.0077,0.0000,0.0000,0.0000,0.0075,0.0002,200,0.8214
0.0174,0.0000,0.0000,0.0000,0.0173,0.0000,200,0.8119
0.0044,0.0000,0.0000,0.0000,0.0043,0.0001,200,0.8252
0.0096,0.0000,0.0000,0.0000,0.0095,0.0000,200,0.8206
0.0214,0.0000,0.0000,0.0000,0.0213,0.0001,200,0.8092
0.0204,0.0000,0.0000,0.0004,0.0200,0.0001,200,0.8107
0.0317,0.0000,0.0000,0.0000,0.0316,0.0000,200,0.7998
0.0221,0.0000,0.0000,0.0000,0.0220,0.0000,200,0.8094
0.0218,0.0000,0.0000,0.0001,0.0216,0.0001,200,0.8100
0.0444,0.0000,0.0000,0.0000,0.0443,0.0001,200,0.7874
0.0494,0.0000,0.0000,0.0001,0.0492,0.0000,200,0.7830
0.0070,0.0000,0.0000,0.0000,0.0069,0.0001,200,0.8259
0.0205,0.0000,0.0000,0.0001,0.0204,0.0001,200,0.8127
0.0103,0.0000,0.0000,0.0000,0.0102,0.0000,200,0.8231
0.0132,0.0000,0.0000,0.0000,0.0130,0.0002,200,0.8211
0.0039,0.0000,0.0000,0.0000,0.0038,0.0000,200,0.8306
0.0747,0.0000,0.0000,0.0000,0.0746,0.0001,200,0.7601
0.0038,0.0000,0.0000,0.0000,0.0037,0.0001,200,0.8315
0.0361,0.0000,0.0000,0.0000,0.0360,0.0000,200,0.7996
0.0113,0.0000,0.0000,0.0000,0.0113,0.0000,200,0.8248
0.0135,0.0000,0.0000,0.0000,0.0132,0.0002,200,0.8226
0.0124,0.0000,0.0000,0.0000,0.0122,0.0000,200,0.8243
0.0108,0.0000,0.0000,0.0000,0.0107,0.0000,200,0.8262
0.0364,0.0000,0.0000,0.0000,0.0362,0.0002,200,0.8015
0.0062,0.0000,0.0000,0.0000,0.0061,0.0000,200,0.8318
0.0142,0.0000,0.0000,0.0000,0.0140,0.0001,200,0.8238
0.0478,0.0000,0.0000,0.0000,0.0477,0.0000,200,0.7902
0.0130,0.0000,0.0000,0.0000,0.0128,0.0002,200,0.8258
0.0187,0.0000,0.0000,0.0000,0.0187,0.0000,200,0.8206
0.0038,0.0000,0.0000,0.0000,0.0035,0.0002,200,0.8357
0.0072,0.0000,0.0000,0.0000,0.0070,0.0001,200,0.8329
0.0188,0.0000,0.0000,0.0000,0.0187,0.0000,200,0.8214
0.0210,0.0000,0.0000,0.0000,0.0209,0.0001,200,0.8196
0.0350,0.0000,0.0000,0.0000,0.0349,0.0001,200,0.8059
0.0080,0.0000,0.0000,0.0000,0.0080,0.0000,200,0.8333
0.0015,0.0000,0.0000,0.0000,0.0014,0.0001,200,0.8402
0.0184,0.0000,0.0000,0.0000,0.0183,0.0000,200,0.8238
0.0094,0.0000,0.0000,0.0000,0.0094,0.0000,200,0.8333
0.0134,0.0000,0.0000,0.0000,0.0134,0.0000,200,0.8296
0.0074,0.0000,0.0000,0.0000,0.0073,0.0001,200,0.8362
0.0355,0.0000,0.0000,0.0000,0.0353,0.0002,200,0.8087
0.0293,0.0000,0.0000,0.0000,0.0293,0.0001,200,0.8149
0.0097,0.0000,0.0000,0.0000,0.0092,0.0001,200,0.8379
0.0224,0.0000,0.0000,0.0000,0.0224,0.0000,200,0.8255
0.0060,0.0000,0.0000,0.0000,0.0059,0.0001,200,0.8422
0.0083,0.0000,0.0000,0.0000,0.0079,0.0000,200,0.8410
0.0178,0.0000,0.0000,0.0001,0.0177,0.0000,200,0.8315
0.0175,0.0000,0.0000,0.0000,0.0174,0.0000,200,0.8318
0.0304,0.0000,0.0000,0.0000,0.0302,0.0002,200,0.8189
0.0158,0.0000,0.0000,0.0000,0.0156,0.0002,200,0.8344
0.0122,0.0000,0.0000,0.0000,0.0118,0.0001,200,0.8380
0.0095,0.0000,0.0000,0.0000,0.0094,0.0001,200,0.8414
0.0119,0.0000,0.0000,0.0002,0.0116,0.0000,200,0.8395
0.0299,0.0000,0.0000,0.0000,0.0297,0.0000,200,0.8217
0.0153,0.0000,0.0000,0.0000,0.0153,0.0000,200,0.8367
0.0526,0.0000,0.0000,0.0000,0.0524,0.0000,200,0.7998
0.1035,0.0000,0.0000,0.0000,0.1034,0.0001,200,0.7492
0.0240,0.0000,0.0000,0.0000,0.0239,0.0001,200,0.8293
0.0466,0.0000,0.0000,0.0000,0.0466,0.0000,200,0.8072
0.0415,0.0000,0.0000,0.0000,0.0413,0.0001,200,0.8124
0.0661,0.0000,0.0000,0.0000,0.0657,0.0004,200,0.7885
0.0013,0.0000,0.0000,0.0000,0.0012,0.0000,200,0.8533
0.0124,0.0000,0.0000,0.0000,0.0123,0.0000,200,0.8427
0.0156,0.0000,0.0000,0.0001,0.0154,0.0000,200,0.8400
0.0258,0.0000,0.0000,0.0000,0.0257,0.0001,200,0.8302
0.0027,0.0000,0.0000,0.0000,0.0026,0.0000,200,0.8538
0.0064,0.0000,0.0000,0.0001,0.0060,0.0002,200,0.8509
0.0082,0.0000,0.0000,0.0000,0.0081,0.0000,200,0.8494
0.0054,0.0000,0.0000,0.0000,0.0053,0.0001,200,0.8526
0.0175,0.0000,0.0000,0.0000,0.0173,0.0000,200,0.8406
0.0104,0.0000,0.0000,0.0001,0.0102,0.0001,200,0.8480
0.0010,0.0000,0.0000,0.0000,0.0009,0.0001,200,0.8576
0.0100,0.0000,0.0000,0.0000,0.0099,0.0001,200,0.8493
0.0011,0.0000,0.0000,0.0000,0.0010,0.0001,200,0.8583
0.0183,0.0000,0.0000,0.0000,0.0181,0.0001,200,0.8417
0.0061,0.0000,0.0000,0.0002,0.0057,0.0001,200,0.8546
0.0094,0.0000,0.0000,0.0000,0.0093,0.0001,200,0.8514
0.0073,0.0000,0.0000,0.0000,0.0072,0.0001,200,0.8539
0.0222,0.0000,0.0000,0.0000,0.0220,0.0000,200,0.8393
0.0438,0.0000,0.0000,0.0000,0.0437,0.0001,200,0.8184
0.0521,0.0000,0.0000,0.0000,0.0520,0.0000,200,0.8106
0.0260,0.0000,0.0000,0.0000,0.0260,0.0000,200,0.8370
0.0149,0.0000,0.0000,0.0003,0.0144,0.0001,200,0.8482
0.0312,0.0000,0.0000,0.0000,0.0311,0.0001,200,0.8324
0.0059,0.0000,0.0000,0.0000,0.0058,0.0000,200,0.8580
0.0061,0.0000,0.0000,0.0001,0.0058,0.0000,200,0.8581
0.0355,0.0000,0.0000,0.0000,0.0354,0.0000,200,0.8292
0.0297,0.0000,0.0000,0.0000,0.0296,0.0000,200,0.8353
0.0214,0.0000,0.0000,0.0000,0.0213,0.0000,200,0.8442
0.0031,0.0000,0.0000,0.0000,0.0029,0.0002,200,0.8627
0.0016,0.0000,0.0000,0.0000,0.0013,0.0003,200,0.8646
0.0160,0.0000,0.0000,0.0000,0.0160,0.0000,200,0.8502
0.0238,0.0000,0.0000,0.0000,0.0236,0.0001,200,0.8431
0.0038,0.0000,0.0000,0.0000,0.0037,0.0000,200,0.8630
0.0080,0.0000,0.0000,0.0000,0.0080,0.0000,200,0.8592
0.0037,0.0000,0.0000,0.0000,0.0036,0.0000,200,0.8642
0.0184,0.0000,0.0000,0.0000,0.0182,0.0001,200,0.8502
0.0067,0.0000,0.0000,0.0000,0.0064,0.0003,200,0.8622
0.0255,0.0000,0.0000,0.0000,0.0254,0.0000,200,0.8436
0.0090,0.0000,0.0000,0.0001,0.0088,0.0001,200,0.8607
0.0258,0.0000,0.0000,0.0000,0.0256,0.0002,200,0.8442
0.0721,0.0000,0.0000,0.0000,0.0720,0.0000,200,0.7984
0.0151,0.0000,0.0000,0.0000,0.0149,0.0002,200,0.8556
0.0519,0.0000,0.0000,0.0000,0.0519,0.0000,200,0.8199
0.0045,0.0000,0.0000,0.0000,0.0045,0.0000,200,0.8673
0.0374,0.0000,0.0000,0.0000,0.0363,0.0010,200,0.8349
0.0165,0.0000,0.0000,0.0000,0.0164,0.0001,200,0.8560
0.0179,0.0000,0.0000,0.0000,0.0178,0.0000,200,0.8547
0.0133,0.0000,0.0000,0.0000,0.0130,0.0002,200,0.8594
0.0012,0.0000,0.0000,0.0000,0.0010,0.0001,200,0.8718
0.0375,0.0000,0.0000,0.0000,0.0374,0.0001,200,0.8362
0.0213,0.0000,0.0000,0.0001,0.0211,0.0000,200,0.8524
0.0051,0.0000,0.0000,0.0000,0.0051,0.0000,200,0.8691
0.0522,0.0000,0.0000,0.0000,0.0521,0.0000,200,0.8220
0.0023,0.0000,0.0000,0.0000,0.0023,0.0000,200,0.8723
0.0033,0.0000,0.0000,0.0000,0.0032,0.0001,200,0.8718
0.0018,0.0000,0.0000,0.0000,0.0017,0.0000,200,0.8737
0.0384,0.0000,0.0000,0.0000,0.0383,0.0000,200,0.8379
0.0098,0.0000,0.0000,0.0000,0.0095,0.0003,200,0.8668
0.0422,0.0000,0.0000,0.0000,0.0421,0.0000,200,0.8345
0.0106,0.0000,0.0000,0.0000,0.0105,0.0000,200,0.8663
0.0069,0.0000,0.0000,0.0000,0.0067,0.0001,200,0.8705
0.0205,0.0000,0.0000,0.0000,0.0204,0.0000,200,0.8572
0.0042,0.0000,0.0000,0.0000,0.0041,0.0000,200,0.8742
0.0153,0.0000,0.0000,0.0000,0.0152,0.0000,200,0.8636
0.0318,0.0000,0.0000,0.0003,0.0315,0.0000,200,0.8477
0.0031,0.0000,0.0000,0.0001,0.0029,0.0000,200,0.8767
0.0082,0.0000,0.0000,0.0000,0.0081,0.0001,200,0.8742
0.0102,0.0000,0.0000,0.0000,0.0101,0.0000,200,0.8725
0.0077,0.0000,0.0000,0.0000,0.0076,0.0001,200,0.8755
0.0132,0.0000,0.0000,0.0000,0.0132,0.0000,200,0.8700
0.0101,0.0000,0.0000,0.0000,0.0100,0.0000,200,0.8736
0.0232,0.0000,0.0000,0.0000,0.0232,0.0000,200,0.8608
0.0156,0.0000,0.0000,0.0000,0.0155,0.0000,200,0.8689
0.0181,0.0000,0.0000,0.0000,0.0180,0.0000,200,0.8669
0.0127,0.0000,0.0000,0.0000,0.0126,0.0000,200,0.8727
0.0019,0.0000,0.0000,0.0000,0.0018,0.0000,200,0.8837
0.0065,0.0000,0.0000,0.0000,0.0064,0.0000,200,0.8797
0.0206,0.0000,0.0000,0.0000,0.0205,0.0001,200,0.8657
0.0100,0.0000,0.0000,0.0000,0.0099,0.0000,200,0.8766
0.0047,0.0000,0.0000,0.0000,0.0046,0.0000,200,0.8824
0.0488,0.0000,0.0000,0.0000,0.0487,0.0000,200,0.8388
0.0152,0.0000,0.0000,0.0000,0.0151,0.0000,200,0.8725
0.0137,0.0000,0.0000,0.0000,0.0136,0.0001,200,0.8746
0.0778,0.0000,0.0000,0.0000,0.0778,0.0000,200,0.8111
0.0194,0.0000,0.0000,0.0000,0.0193,0.0001,200,0.8697
0.0032,0.0000,0.0000,0.0000,0.0030,0.0001,200,0.8862
0.0241,0.0000,0.0000,0.0000,0.0240,0.0000,200,0.8656
0.0124,0.0000,0.0000,0.0001,0.0122,0.0000,200,0.8778
0.0176,0.0000,0.0000,0.0000,0.0175,0.0000,200,0.8730
0.0020,0.0000,0.0000,0.0000,0.0019,0.0000,200,0.8891
0.0145,0.0000,0.0000,0.0000,0.0145,0.0000,200,0.8768
0.0428,0.0000,0.0000,0.0000,0.0427,0.0000,200,0.8493
0.0010,0.0000,0.0000,0.0000,0.0009,0.0001,200,0.8914
0.0073,0.0000,0.0000,0.0000,0.0072,0.0001,200,0.8854
0.0020,0.0000,0.0000,0.0000,0.0019,0.0000,200,0.8910
0.0088,0.0000,0.0000,0.0001,0.0087,0.0000,200,0.8845
0.0032,0.0000,0.0000,0.0000,0.0031,0.0000,200,0.8902
0.0056,0.0000,0.0000,0.0000,0.0055,0.0000,200,0.8883
0.0065,0.0000,0.0000,0.0000,0.0064,0.0000,200,0.8877
0.0353,0.0000,0.0000,0.0000,0.0352,0.0001,200,0.8630
0.0604,0.0000,0.0000,0.0000,0.0603,0.0001,200,0.8380
0.0239,0.0000,0.0000,0.0000,0.0237,0.0000,200,0.8751
0.0306,0.0000,0.0000,0.0000,0.0306,0.0000,200,0.8686
0.0091,0.0000,0.0000,0.0000,0.0090,0.0001,200,0.8906
0.0358,0.0000,0.0000,0.0000,0.0357,0.0000,200,0.8639
0.0066,0.0000,0.0000,0.0000,0.0058,0.0001,200,0.8939
0.0512,0.0000,0.0000,0.0001,0.0510,0.0000,200,0.8493
0.0013,0.0000,0.0000,0.0000,0.0011,0.0001,200,0.8997
0.0142,0.0000,0.0000,0.0000,0.0140,0.0002,200,0.8871
0.0032,0.0000,0.0000,0.0000,0.0028,0.0003,200,0.8990
0.0040,0.0000,0.0000,0.0000,0.0037,0.0001,200,0.8984
0.0914,0.0000,0.0000,0.0000,0.0913,0.0000,200,0.8116
0.1288,0.0000,0.0000,0.0002,0.1283,0.0001,200,0.7743
0.0042,0.0000,0.0000,0.0000,0.0042,0.0000,200,0.8992
0.0108,0.0000,0.0000,0.0000,0.0108,0.0000,200,0.8930
0.0059,0.0000,0.0000,0.0000,0.0058,0.0000,200,0.8983
0.0185,0.0000,0.0000,0.0000,0.0183,0.0001,200,0.8864
0.0439,0.0000,0.0000,0.0000,0.0438,0.0000,200,0.8612
0.0050,0.0000,0.0000,0.0000,0.0049,0.0000,200,0.9005
0.0163,0.0000,0.0000,0.0000,0.0161,0.0001,200,0.8894
0.0994,0.0000,0.0000,0.0000,0.0993,0.0000,200,0.8067
0.0132,0.0000,0.0000,0.0000,0.0131,0.0000,200,0.8934
0.0410,0.0000,0.0000,0.0000,0.0408,0.0002,200,0.8663
0.0018,0.0000,0.0000,0.0000,0.0017,0.0000,200,0.9055
0.0289,0.0000,0.0000,0.0000,0.0288,0.0001,200,0.8789
0.0403,0.0000,0.0000,0.0000,0.0402,0.0000,200,0.8679
0.0531,0.0000,0.0000,0.0000,0.0530,0.0000,200,0.8551
0.0567,0.0000,0.0000,0.0000,0.0566,0.0000,200,0.8521
0.0065,0.0000,0.0000,0.0000,0.0064,0.0001,200,0.9023
0.0041,0.0000,0.0000,0.0000,0.0040,0.0000,200,0.9052
0.0495,0.0000,0.0000,0.0000,0.0494,0.0001,200,0.8600
0.0028,0.0000,0.0000,0.0000,0.0027,0.0000,200,0.9072
0.0341,0.0000,0.0000,0.0000,0.0340,0.0001,200,0.8763
0.0277,0.0000,0.0000,0.0000,0.0277,0.0000,200,0.8833
0.0022,0.0000,0.0000,0.0000,0.0022,0.0000,200,0.9088
0.0024,0.0000,0.0000,0.0000,0.0022,0.0002,200,0.9092
0.0088,0.0000,0.0000,0.0000,0.0087,0.0000,200,0.9031
0.1112,0.0000,0.0000,0.0000,0.1111,0.0000,200,0.8008
0.0338,0.0000,0.0000,0.0000,0.0337,0.0000,200,0.8784
0.0038,0.0000,0.0000,0.0000,0.0037,0.0000,200,0.9088
0.0056,0.0000,0.0000,0.0000,0.0055,0.0000,200,0.9073
0.0086,0.0000,0.0000,0.0000,0.0084,0.0002,200,0.9049
0.0549,0.0000,0.0000,0.0000,0.0549,0.0000,200,0.8585
0.0102,0.0000,0.0000,0.0000,0.0101,0.0001,200,0.9038
0.0029,0.0000,0.0000,0.0000,0.0026,0.0001,200,0.9116
0.0026,0.0000,0.0000,0.0000,0.0025,0.0000,200,0.9129
0.0361,0.0000,0.0000,0.0000,0.0358,0.0002,200,0.8795
0.0101,0.0000,0.0000,0.0000,0.0101,0.0000,200,0.9057
0.0167,0.0000,0.0000,0.0001,0.0164,0.0000,200,0.8997
0.0246,0.0000,0.0000,0.0000,0.0244,0.0002,200,0.8924
0.0464,0.0000,0.0000,0.0000,0.0463,0.0001,200,0.8708
0.0023,0.0000,0.0000,0.0000,0.0022,0.0000,200,0.9156
0.0161,0.0000,0.0000,0.0000,0.0160,0.0001,200,0.9035
0.0090,0.0000,0.0000,0.0000,0.0088,0.0001,200,0.9119
0.0901,0.0000,0.0000,0.0000,0.0899,0.0001,200,0.8311
0.0209,0.0000,0.0000,0.0000,0.0207,0.0002,200,0.9010
0.0709,0.0000,0.0000,0.0000,0.0708,0.0000,200,0.8516
0.0209,0.0000,0.0000,0.0000,0.0207,0.0001,200,0.9024
0.0314,0.0000,0.0000,0.0000,0.0313,0.0000,200,0.8920
0.0037,0.0000,0.0000,0.0000,0.0036,0.0000,200,0.9212
0.0219,0.0000,0.0000,0.0000,0.0219,0.0000,200,0.9030
0.0054,0.0000,0.0000,0.0000,0.0052,0.0001,200,0.9196
0.0600,0.0000,0.0000,0.0000,0.0599,0.0000,200,0.8650
0.0384,0.0000,0.0000,0.0000,0.0382,0.0002,200,0.8866
0.0161,0.0000,0.0000,0.0000,0.0159,0.0002,200,0.9100
0.0150,0.0000,0.0000,0.0000,0.0150,0.0000,200,0.9110
0.0104,0.0000,0.0000,0.0000,0.0103,0.0001,200,0.9158
0.0138,0.0000,0.0000,0.0000,0.0137,0.0001,200,0.9135
0.0121,0.0000,0.0000,0.0000,0.0121,0.0000,200,0.9155
0.0423,0.0000,0.0000,0.0000,0.0422,0.0001,200,0.8856
0.0279,0.0000,0.0000,0.0000,0.0278,0.0001,200,0.9005
0.0206,0.0000,0.0000,0.0000,0.0205,0.0001,200,0.9082
0.0163,0.0000,0.0000,0.0000,0.0162,0.0000,200,0.9126
0.0279,0.0000,0.0000,0.0000,0.0278,0.0001,200,0.9013
0.0522,0.0000,0.0000,0.0000,0.0520,0.0002,200,0.8773
0.0682,0.0000,0.0000,0.0000,0.0680,0.0000,200,0.8615
0.0407,0.0000,0.0000,0.0001,0.0405,0.0000,200,0.8896
0.0459,0.0000,0.0000,0.0000,0.0458,0.0000,200,0.8850
0.0091,0.0000,0.0000,0.0000,0.0091,0.0000,200,0.9219
0.0031,0.0000,0.0000,0.0000,0.0031,0.0000,200,0.9279
0.0053,0.0000,0.0000,0.0000,0.0053,0.0000,200,0.9263
0.0145,0.0000,0.0000,0.0000,0.0142,0.0000,200,0.9172
0.0176,0.0000,0.0000,0.0000,0.0175,0.0000,200,0.9145
0.0264,0.0000,0.0000,0.0000,0.0263,0.0001,200,0.9062
0.0078,0.0000,0.0000,0.0000,0.0077,0.0001,200,0.9250
0.0045,0.0000,0.0000,0.0000,0.0044,0.0000,200,0.9289
0.0054,0.0000,0.0000,0.0000,0.0052,0.0001,200,0.9284
0.0407,0.0000,0.0000,0.0000,0.0406,0.0001,200,0.8934
0.0061,0.0000,0.0000,0.0000,0.0060,0.0000,200,0.9288
0.0031,0.0000,0.0000,0.0000,0.0030,0.0001,200,0.9321
0.0036,0.0000,0.0000,0.0000,0.0035,0.0000,200,0.9317
0.0059,0.0000,0.0000,0.0000,0.0058,0.0000,200,0.9297
0.0027,0.0000,0.0000,0.0000,0.0025,0.0001,200,0.9338
0.0061,0.0000,0.0000,0.0000,0.0061,0.0000,200,0.9308
0.0111,0.0000,0.0000,0.0000,0.0110,0.0000,200,0.9261
0.0125,0.0000,0.0000,0.0000,0.0124,0.0001,200,0.9249
0.0239,0.0000,0.0000,0.0000,0.0238,0.0002,200,0.9141
0.0458,0.0000,0.0000,0.0000,0.0457,0.0000,200,0.8927
0.0448,0.0000,0.0000,0.0000,0.0448,0.0000,200,0.8942
0.0048,0.0000,0.0000,0.0002,0.0044,0.0001,200,0.9349
0.0129,0.0000,0.0000,0.0000,0.0128,0.0001,200,0.9273
0.0035,0.0000,0.0000,0.0000,0.0034,0.0001,200,0.9371
0.0081,0.0000,0.0000,0.0000,0.0079,0.0001,200,0.9328
0.0157,0.0000,0.0000,0.0000,0.0154,0.0002,200,0.9261
0.0078,0.0000,0.0000,0.0000,0.0077,0.0000,200,0.9340
0.0010,0.0000,0.0000,0.0000,0.0009,0.0000,200,0.9409
0.0205,0.0000,0.0000,0.0000,0.0199,0.0005,200,0.9225
0.0353,0.0000,0.0000,0.0000,0.0351,0.0000,200,0.9078
0.0604,0.0000,0.0000,0.0000,0.0604,0.0000,200,0.8827
0.0257,0.0000,0.0000,0.0001,0.0253,0.0000,200,0.9180
0.0193,0.0000,0.0000,0.0000,0.0191,0.0001,200,0.9250
0.0196,0.0000,0.0000,0.0000,0.0196,0.0000,200,0.9250
0.0336,0.0000,0.0000,0.0000,0.0335,0.0000,200,0.9119
0.0338,0.0000,0.0000,0.0000,0.0336,0.0001,200,0.9122
0.0378,0.0000,0.0000,0.0000,0.0377,0.0000,200,0.9082
0.0072,0.0000,0.0000,0.0000,0.0069,0.0002,200,0.9397
0.0236,0.0000,0.0000,0.0000,0.0230,0.0005,200,0.9234
0.0028,0.0000,0.0000,0.0000,0.0027,0.0000,200,0.9448
0.0244,0.0000,0.0000,0.0000,0.0243,0.0001,200,0.9234
0.0385,0.0000,0.0000,0.0000,0.0384,0.0000,200,0.9094
0.0112,0.0000,0.0000,0.0000,0.0111,0.0000,200,0.9374
0.0194,0.0000,0.0000,0.0000,0.0194,0.0000,200,0.9296
0.0660,0.0000,0.0000,0.0000,0.0659,0.0000,200,0.8831
0.0025,0.0000,0.0000,0.0000,0.0024,0.0001,200,0.9470
0.0147,0.0000,0.0000,0.0000,0.0146,0.0000,200,0.9352
0.0628,0.0000,0.0000,0.0000,0.0626,0.0000,200,0.8875
0.0119,0.0000,0.0000,0.0000,0.0118,0.0000,200,0.9390
0.0112,0.0000,0.0000,0.0000,0.0111,0.0000,200,0.9417
0.0054,0.0000,0.0000,0.0000,0.0053,0.0000,200,0.9476
0.0070,0.0000,0.0000,0.0000,0.0070,0.0000,200,0.9460
0.0489,0.0000,0.0000,0.0000,0.0487,0.0001,200,0.9042
0.0062,0.0000,0.0000,0.0001,0.0061,0.0000,200,0.9469
0.0220,0.0000,0.0000,0.0000,0.0219,0.0000,200,0.9310
0.0167,0.0000,0.0000,0.0000,0.0166,0.0000,200,0.9370
0.0265,0.0000,0.0000,0.0000,0.0264,0.0001,200,0.9277
0.0013,0.0000,0.0000,0.0000,0.0012,0.0000,200,0.9530
0.0164,0.0000,0.0000,0.0000,0.0163,0.0000,200,0.9385
0.0136,0.0000,0.0000,0.0000,0.0135,0.0000,200,0.9418
0.0390,0.0000,0.0000,0.0000,0.0389,0.0000,200,0.9170
0.0033,0.0000,0.0000,0.0000,0.0032,0.0001,200,0.9531
0.0032,0.0000,0.0000,0.0000,0.0029,0.0002,200,0.9543
0.0040,0.0000,0.0000,0.0000,0.0039,0.0000,200,0.9536
0.0046,0.0000,0.0000,0.0000,0.0045,0.0000,200,0.9530
0.0442,0.0000,0.0000,0.0000,0.0441,0.0001,200,0.9134
0.0224,0.0000,0.0000,0.0000,0.0222,0.0001,200,0.9353
0.0107,0.0000,0.0000,0.0000,0.0104,0.0002,200,0.9478
0.0142,0.0000,0.0000,0.0001,0.0140,0.0000,200,0.9443
0.0185,0.0000,0.0000,0.0000,0.0184,0.0001,200,0.9402
0.0193,0.0000,0.0000,0.0000,0.0192,0.0001,200,0.9431
0.0529,0.0000,0.0000,0.0000,0.0528,0.0001,200,0.9105
0.0059,0.0000,0.0000,0.0000,0.0058,0.0000,200,0.9576
0.0232,0.0000,0.0000,0.0000,0.0217,0.0014,200,0.9406
0.0225,0.0000,0.0000,0.0000,0.0225,0.0000,200,0.9418
0.0280,0.0000,0.0000,0.0000,0.0279,0.0000,200,0.9364
0.0170,0.0000,0.0000,0.0000,0.0168,0.0001,200,0.9479
0.0344,0.0000,0.0000,0.0000,0.0336,0.0007,200,0.9316
0.0159,0.0000,0.0000,0.0000,0.0159,0.0000,200,0.9504
0.0455,0.0000,0.0000,0.0000,0.0454,0.0000,200,0.9209
0.0029,0.0000,0.0000,0.0000,0.0026,0.0001,200,0.9635
0.0019,0.0000,0.0000,0.0000,0.0018,0.0001,200,0.9649
0.0340,0.0000,0.0000,0.0000,0.0340,0.0000,200,0.9334
0.0836,0.0000,0.0000,0.0000,0.0835,0.0001,200,0.8840
0.0019,0.0000,0.0000,0.0000,0.0018,0.0001,200,0.9663
0.0181,0.0000,0.0000,0.0000,0.0180,0.0000,200,0.9509
0.0108,0.0000,0.0000,0.0000,0.0107,0.0000,200,0.9585
0.0197,0.0000,0.0000,0.0000,0.0196,0.0000,200,0.9499
0.0375,0.0000,0.0000,0.0000,0.0374,0.0001,200,0.9325
0.0020,0.0000,0.0000,0.0000,0.0020,0.0000,200,0.9682
0.0131,0.0000,0.0000,0.0000,0.0131,0.0000,200,0.9576
0.0258,0.0000,0.0000,0.0000,0.0256,0.0001,200,0.9455
0.0013,0.0000,0.0000,0.0000,0.0012,0.0000,200,0.9701
0.0188,0.0000,0.0000,0.0000,0.0187,0.0001,200,0.9531
0.0135,0.0000,0.0000,0.0000,0.0134,0.0000,200,0.9587
0.0022,0.0000,0.0000,0.0000,0.0019,0.0003,200,0.9713
0.0846,0.0000,0.0000,0.0000,0.0845,0.0000,200,0.8890
0.0075,0.0000,0.0000,0.0000,0.0071,0.0003,200,0.9663
0.0213,0.0000,0.0000,0.0000,0.0213,0.0000,200,0.9531
0.0106,0.0000,0.0000,0.0000,0.0105,0.0001,200,0.9638
0.0035,0.0000,0.0000,0.0000,0.0035,0.0001,200,0.9714
0.0460,0.0000,0.0000,0.0001,0.0457,0.0001,200,0.9292
0.0693,0.0000,0.0000,0.0000,0.0692,0.0001,200,0.9066
0.0459,0.0000,0.0000,0.0000,0.0456,0.0003,200,0.9303
0.0058,0.0000,0.0000,0.0000,0.0055,0.0002,200,0.9739
0.0224,0.0000,0.0000,0.0000,0.0223,0.0000,200,0.9575
0.0262,0.0000,0.0000,0.0000,0.0261,0.0000,200,0.9542
0.0164,0.0000,0.0000,0.0000,0.0163,0.0000,200,0.9644
0.0122,0.0000,0.0000,0.0000,0.0121,0.0001,200,0.9690
0.0507,0.0000,0.0000,0.0000,0.0506,0.0002,200,0.9310
0.0708,0.0000,0.0000,0.0000,0.0707,0.0000,200,0.9110
0.0390,0.0000,0.0000,0.0001,0.0388,0.0000,200,0.9431
0.0268,0.0000,0.0000,0.0000,0.0267,0.0000,200,0.9553
0.0266,0.0000,0.0000,0.0000,0.0265,0.0000,200,0.9564
0.0157,0.0000,0.0000,0.0000,0.0153,0.0004,200,0.9676
0.0200,0.0000,0.0000,0.0000,0.0199,0.0000,200,0.9634
0.0044,0.0000,0.0000,0.0000,0.0043,0.0001,200,0.9799
0.0179,0.0000,0.0000,0.0000,0.0175,0.0004,200,0.9664
0.0049,0.0000,0.0000,0.0001,0.0047,0.0001,200,0.9797
0.0020,0.0000,0.0000,0.0002,0.0017,0.0000,200,0.9830
0.0475,0.0000,0.0000,0.0000,0.0471,0.0000,200,0.9380
0.0139,0.0000,0.0000,0.0000,0.0139,0.0000,200,0.9722
0.0116,0.0000,0.0000,0.0000,0.0115,0.0001,200,0.9749
0.0226,0.0000,0.0000,0.0000,0.0225,0.0001,200,0.9645
0.0066,0.0000,0.0000,0.0000,0.0065,0.0000,200,0.9807
0.0157,0.0000,0.0000,0.0000,0.0156,0.0000,200,0.9719
0.0062,0.0000,0.0000,0.0000,0.0061,0.0000,200,0.9818
0.0450,0.0000,0.0000,0.0001,0.0449,0.0000,200,0.9430
0.0354,0.0000,0.0000,0.0000,0.0353,0.0000,200,0.9530
0.0218,0.0000,0.0000,0.0000,0.0217,0.0001,200,0.9668
0.0399,0.0000,0.0000,0.0000,0.0397,0.0001,200,0.9495
0.0083,0.0000,0.0000,0.0000,0.0083,0.0000,200,0.9812
0.0055,0.0000,0.0000,0.0000,0.0053,0.0002,200,0.9843
0.0019,0.0000,0.0000,0.0000,0.0018,0.0001,200,0.9880
0.0549,0.0000,0.0000,0.0000,0.0548,0.0001,200,0.9356
0.0074,0.0000,0.0000,0.0000,0.0074,0.0000,200,0.9834
0.0040,0.0000,0.0000,0.0000,0.0039,0.0000,200,0.9873
0.0097,0.0000,0.0000,0.0001,0.0095,0.0000,200,0.9821
0.0214,0.0000,0.0000,0.0001,0.0211,0.0001,200,0.9707
0.0186,0.0000,0.0000,0.0000,0.0185,0.0000,200,0.9735
0.0161,0.0000,0.0000,0.0000,0.0160,0.0000,200,0.9762
0.0037,0.0000,0.0000,0.0000,0.0035,0.0000,200,0.9895
0.0035,0.0000,0.0000,0.0000,0.0032,0.0003,200,0.9898
0.0087,0.0000,0.0000,0.0000,0.0087,0.0000,200,0.9846
0.0281,0.0000,0.0000,0.0000,0.0280,0.0000,200,0.9660
0.0035,0.0000,0.0000,0.0000,0.0035,0.0000,200,0.9908
0.0396,0.0000,0.0000,0.0000,0.0396,0.0000,200,0.9548
0.0120,0.0000,0.0000,0.0000,0.0116,0.0004,200,0.9834
0.0210,0.0000,0.0000,0.0000,0.0209,0.0000,200,0.9744
0.0084,0.0000,0.0000,0.0000,0.0083,0.0001,200,0.9876
0.0018,0.0000,0.0000,0.0000,0.0016,0.0002,200,0.9945
0.0045,0.0000,0.0000,0.0000,0.0044,0.0000,200,0.9921
0.0151,0.0000,0.0000,0.0000,0.0150,0.0001,200,0.9818
0.0017,0.0000,0.0000,0.0000,0.0016,0.0000,200,0.9953
0.0125,0.0000,0.0000,0.0000,0.0125,0.0001,200,0.9850
0.0118,0.0000,0.0000,0.0000,0.0117,0.0000,200,0.9862
0.0043,0.0000,0.0000,0.0000,0.0042,0.0001,200,0.9941
0.0498,0.0000,0.0000,0.0000,0.0498,0.0000,200,0.9491
0.0018,0.0000,0.0000,0.0000,0.0016,0.0001,200,0.9975
0.0190,0.0000,0.0000,0.0000,0.0189,0.0000,200,0.9804
0.0056,0.0000,0.0000,0.0000,0.0054,0.0001,200,0.9944
0.0253,0.0000,0.0000,0.0000,0.0250,0.0001,200,0.9751
0.0316,0.0000,0.0000,0.0000,0.0314,0.0000,200,0.9693
0.0080,0.0000,0.0000,0.0001,0.0078,0.0000,200,0.9934
0.0098,0.0000,0.0000,0.0000,0.0097,0.0000,200,0.9921
0.0054,0.0000,0.0000,0.0000,0.0053,0.0001,200,1.0000
0.0171,0.0000,0.0000,0.0000,0.0169,0.0002,200,0.9884
0.0185,0.0000,0.0000,0.0000,0.0182,0.0003,200,0.9870
0.0438,0.0000,0.0000,0.0001,0.0437,0.0000,200,0.9624
0.0818,0.0000,0.0000,0.0000,0.0817,0.0000,200,0.9249
0.0104,0.0000,0.0000,0.0000,0.0104,0.0000,200,0.9966
0.0108,0.0000,0.0000,0.0000,0.0107,0.0001,200,0.9963
0.0616,0.0000,0.0000,0.0000,0.0615,0.0001,200,0.9460
0.0256,0.0000,0.0000,0.0000,0.0255,0.0000,200,0.9821
0.1515,0.0000,0.0000,0.0000,0.1514,0.0001,200,0.8566
0.0124,0.0000,0.0000,0.0000,0.0123,0.0000,200,0.9960
0.0599,0.0000,0.0000,0.0000,0.0598,0.0000,200,0.9490
0.0932,0.0000,0.0000,0.0000,0.0931,0.0001,200,0.9164
0.0023,0.0000,0.0000,0.0001,0.0021,0.0000,200,1.0077
0.0169,0.0000,0.0000,0.0000,0.0168,0.0000,200,0.9932
0.0427,0.0000,0.0000,0.0000,0.0426,0.0001,200,0.9674
0.0112,0.0000,0.0000,0.0000,0.0111,0.0000,200,0.9989
0.0050,0.0000,0.0000,0.0001,0.0048,0.0000,200,1.0056
0.0406,0.0000,0.0000,0.0000,0.0405,0.0000,200,0.9703
0.0103,0.0000,0.0000,0.0000,0.0102,0.0000,200,1.0013
0.0021,0.0000,0.0000,0.0000,0.0019,0.0002,200,1.0100
0.0114,0.0000,0.0000,0.0000,0.0113,0.0001,200,1.0009
0.0062,0.0000,0.0000,0.0000,0.0061,0.0000,200,1.0067
0.0011,0.0000,0.0000,0.0000,0.0010,0.0001,200,1.0122
0.0060,0.0000,0.0000,0.0000,0.0058,0.0001,200,1.0076
0.0133,0.0000,0.0000,0.0000,0.0132,0.0001,200,1.0004
0.0566,0.0000,0.0000,0.0000,0.0565,0.0001,200,0.9576
0.0221,0.0000,0.0000,0.0000,0.0220,0.0001,200,0.9923
0.0295,0.0000,0.0000,0.0000,0.0293,0.0002,200,0.9856
0.0011,0.0000,0.0000,0.0000,0.0009,0.0002,200,1.0144
0.0278,0.0000,0.0000,0.0000,0.0272,0.0005,200,0.9886
0.0014,0.0000,0.0000,0.0000,0.0014,0.0000,200,1.0151
0.0086,0.0000,0.0000,0.0000,0.0084,0.0001,200,1.0080
0.0436,0.0000,0.0000,0.0000,0.0435,0.0000,200,0.9735
0.0295,0.0000,0.0000,0.0000,0.0294,0.0000,200,0.9880
0.0262,0.0000,0.0000,0.0000,0.0261,0.0000,200,0.9918
0.0018,0.0000,0.0000,0.0000,0.0017,0.0001,200,1.0164
0.0113,0.0000,0.0000,0.0000,0.0113,0.0000,200,1.0071
0.0107,0.0000,0.0000,0.0004,0.0102,0.0000,200,1.0084
0.0067,0.0000,0.0000,0.0002,0.0064,0.0001,200,1.0129
0.0296,0.0000,0.0000,0.0000,0.0295,0.0000,200,0.9905
0.0109,0.0000,0.0000,0.0000,0.0108,0.0000,200,1.0096
0.0100,0.0000,0.0000,0.0000,0.0099,0.0000,200,1.0106
0.0106,0.0000,0.0000,0.0000,0.0106,0.0000,200,1.0100
0.0068,0.0000,0.0000,0.0000,0.0067,0.0000,200,1.0143
0.0301,0.0000,0.0000,0.0000,0.0300,0.0000,200,0.9913
0.0014,0.0000,0.0000,0.0000,0.0014,0.0000,200,1.0206
0.0786,0.0000,0.0000,0.0000,0.0784,0.0001,200,0.9437
0.0061,0.0000,0.0000,0.0000,0.0060,0.0000,200,1.0165
0.0117,0.0000,0.0000,0.0000,0.0117,0.0000,200,1.0116
0.0054,0.0000,0.0000,0.0000,0.0053,0.0000,200,1.0180
0.0215,0.0000,0.0000,0.0000,0.0214,0.0000,200,1.0019
0.0102,0.0000,0.0000,0.0000,0.0100,0.0001,200,1.0136
0.0289,0.0000,0.0000,0.0000,0.0288,0.0000,200,0.9954
0.0056,0.0000,0.0000,0.0000,0.0055,0.0001,200,1.0191
0.0687,0.0000,0.0000,0.0000,0.0686,0.0000,200,0.9560
0.0034,0.0000,0.0000,0.0000,0.0033,0.0001,200,1.0214
0.0051,0.0000,0.0000,0.0000,0.0050,0.0001,200,1.0201
0.0392,0.0000,0.0000,0.0000,0.0391,0.0001,200,0.9865
0.0036,0.0000,0.0000,0.0000,0.0035,0.0000,200,1.0226
0.0069,0.0000,0.0000,0.0004,0.0064,0.0000,200,1.0196
0.0317,0.0000,0.0000,0.0000,0.0316,0.0001,200,0.9980
0.0246,0.0000,0.0000,0.0002,0.0243,0.0000,200,1.0055
0.0072,0.0000,0.0000,0.0000,0.0070,0.0002,200,1.0234
0.0125,0.0000,0.0000,0.0000,0.0124,0.0000,200,1.0185
0.0415,0.0000,0.0000,0.0000,0.0414,0.0000,200,0.9898
0.0207,0.0000,0.0000,0.0000,0.0206,0.0001,200,1.0109
0.0060,0.0000,0.0000,0.0000,0.0059,0.0000,200,1.0257
0.0232,0.0000,0.0000,0.0001,0.0231,0.0001,200,1.0089
0.0256,0.0000,0.0000,0.0000,0.0255,0.0001,200,1.0071
0.0015,0.0000,0.0000,0.0000,0.0014,0.0000,200,1.0316
0.0087,0.0000,0.0000,0.0000,0.0085,0.0001,200,1.0247
0.0131,0.0000,0.0000,0.0000,0.0129,0.0002,200,1.0205
0.0287,0.0000,0.0000,0.0000,0.0286,0.0000,200,1.0054
0.0449,0.0000,0.0000,0.0000,0.0447,0.0000,200,0.9894
0.0031,0.0000,0.0000,0.0000,0.0029,0.0001,200,1.0317
0.0510,0.0000,0.0000,0.0000,0.0509,0.0001,200,0.9843
0.0869,0.0000,0.0000,0.0000,0.0868,0.0000,200,0.9486
0.0366,0.0000,0.0000,0.0000,0.0365,0.0000,200,0.9994
0.0380,0.0000,0.0000,0.0000,0.0379,0.0000,200,0.9984
0.0113,0.0000,0.0000,0.0000,0.0112,0.0000,200,1.0252
0.0123,0.0000,0.0000,0.0000,0.0122,0.0000,200,1.0248
0.0270,0.0000,0.0000,0.0000,0.0270,0.0000,200,1.0101
0.0129,0.0000,0.0000,0.0000,0.0128,0.0000,200,1.0247
0.0409,0.0000,0.0000,0.0000,0.0408,0.0000,200,0.9970
0.0083,0.0000,0.0000,0.0000,0.0082,0.0000,200,1.0301
0.0396,0.0000,0.0000,0.0001,0.0395,0.0000,200,0.9993
0.0818,0.0000,0.0000,0.0000,0.0817,0.0000,200,0.9576
0.0248,0.0000,0.0000,0.0000,0.0245,0.0002,200,1.0155
0.0174,0.0000,0.0000,0.0000,0.0162,0.0011,200,1.0238
0.0116,0.0000,0.0000,0.0000,0.0115,0.0001,200,1.0313
0.0369,0.0000,0.0000,0.0001,0.0367,0.0001,200,1.0062
0.0226,0.0000,0.0000,0.0000,0.0224,0.0001,200,1.0210
0.0176,0.0000,0.0000,0.0000,0.0175,0.0000,200,1.0262
0.0222,0.0000,0.0000,0.0000,0.0221,0.0000,200,1.0222
0.0059,0.0000,0.0000,0.0000,0.0058,0.0000,200,1.0389
0.0281,0.0000,0.0000,0.0000,0.0278,0.0002,200,1.0176
0.0238,0.0000,0.0000,0.0000,0.0237,0.0001,200,1.0220
0.0095,0.0000,0.0000,0.0000,0.0095,0.0000,200,1.0365
0.0496,0.0000,0.0000,0.0000,0.0493,0.0003,200,0.9969
0.0017,0.0000,0.0000,0.0000,0.0016,0.0000,200,1.0448
0.0227,0.0000,0.0000,0.0000,0.0226,0.0000,200,1.0243
0.0297,0.0000,0.0000,0.0000,0.0296,0.0001,200,1.0206
0.0043,0.0000,0.0000,0.0000,0.0029,0.0014,200,1.0470
0.0182,0.0000,0.0000,0.0000,0.0182,0.0001,200,1.0331
0.0134,0.0000,0.0000,0.0000,0.0133,0.0000,200,1.0380
0.0181,0.0000,0.0000,0.0000,0.0180,0.0000,200,1.0334
0.0062,0.0000,0.0000,0.0000,0.0061,0.0000,200,1.0458
0.0194,0.0000,0.0000,0.0001,0.0192,0.0001,200,1.0327
0.0186,0.0000,0.0000,0.0000,0.0185,0.0001,200,1.0341
0.0367,0.0000,0.0000,0.0000,0.0360,0.0006,200,1.0171
0.0401,0.0000,0.0000,0.0000,0.0400,0.0000,200,1.0137
0.0025,0.0000,0.0000,0.0000,0.0024,0.0000,200,1.0513
0.0163,0.0000,0.0000,0.0000,0.0162,0.0000,200,1.0376
0.0022,0.0000,0.0000,0.0000,0.0021,0.0000,200,1.0521
0.0228,0.0000,0.0000,0.0000,0.0227,0.0000,200,1.0321
0.0123,0.0000,0.0000,0.0000,0.0122,0.0000,200,1.0431
0.0292,0.0000,0.0000,0.0000,0.0291,0.0000,200,1.0265
0.0014,0.0000,0.0000,0.0000,0.0013,0.0000,200,1.0549
0.0041,0.0000,0.0000,0.0001,0.0040,0.0001,200,1.0527
0.0406,0.0000,0.0000,0.0001,0.0404,0.0000,200,1.0167
0.0205,0.0000,0.0000,0.0002,0.0202,0.0001,200,1.0371
0.0088,0.0000,0.0000,0.0000,0.0086,0.0001,200,1.0515
0.0474,0.0000,0.0000,0.0000,0.0472,0.0001,200,1.0133
0.0099,0.0000,0.0000,0.0000,0.0098,0.0000,200,1.0513
0.0381,0.0000,0.0000,0.0000,0.0380,0.0001,200,1.0234
0.0188,0.0000,0.0000,0.0000,0.0187,0.0000,200,1.0436
0.0327,0.0000,0.0000,0.0002,0.0324,0.0001,200,1.0297
0.0870,0.0000,0.0000,0.0000,0.0869,0.0001,200,0.9759
0.0286,0.0000,0.0000,0.0000,0.0285,0.0000,200,1.0343
0.0400,0.0000,0.0000,0.0000,0.0399,0.0000,200,1.0234
0.0102,0.0000,0.0000,0.0000,0.0101,0.0001,200,1.0538
0.0899,0.0000,0.0000,0.0000,0.0898,0.0000,200,0.9745
0.0023,0.0000,0.0000,0.0000,0.0020,0.0002,200,1.0624
0.0469,0.0000,0.0000,0.0004,0.0463,0.0001,200,1.0182
0.0201,0.0000,0.0000,0.0000,0.0200,0.0000,200,1.0456
0.0017,0.0000,0.0000,0.0000,0.0016,0.0000,200,1.0640
0.0230,0.0000,0.0000,0.0000,0.0230,0.0000,200,1.0438
0.0225,0.0000,0.0000,0.0000,0.0219,0.0006,200,1.0444
0.0063,0.0000,0.0000,0.0000,0.0063,0.0000,200,1.0606
0.0150,0.0000,0.0000,0.0000,0.0149,0.0000,200,1.0520
0.0021,0.0000,0.0000,0.0000,0.0020,0.0000,200,1.0651
0.0329,0.0000,0.0000,0.0000,0.0328,0.0000,200,1.0347
0.0009,0.0000,0.0000,0.0000,0.0009,0.0000,200,1.0677
0.0042,0.0000,0.0000,0.0000,0.0042,0.0000,200,1.0644
0.0225,0.0000,0.0000,0.0000,0.0225,0.0000,200,1.0461
0.0020,0.0000,0.0000,0.0000,0.0019,0.0000,200,1.0669
0.0760,0.0000,0.0000,0.0000,0.0758,0.0001,200,0.9934
0.1111,0.0000,0.0000,0.0000,0.1110,0.0000,200,0.9584
0.0235,0.0000,0.0000,0.0000,0.0234,0.0000,200,1.0465
0.0342,0.0000,0.0000,0.0000,0.0342,0.0000,200,1.0364
0.0373,0.0000,0.0000,0.0000,0.0372,0.0000,200,1.0336
0.0134,0.0000,0.0000,0.0000,0.0133,0.0000,200,1.0576
0.0084,0.0000,0.0000,0.0000,0.0082,0.0001,200,1.0629
0.0151,0.0000,0.0000,0.0000,0.0150,0.0000,200,1.0568
0.0088,0.0000,0.0000,0.0000,0.0087,0.0000,200,1.0634
0.0350,0.0000,0.0000,0.0004,0.0346,0.0000,200,1.0372
0.1030,0.0000,0.0000,0.0000,0.1030,0.0000,200,0.9696
0.0098,0.0000,0.0000,0.0001,0.0095,0.0000,200,1.0629
0.0008,0.0000,0.0000,0.0000,0.0007,0.0000,200,1.0726
0.0065,0.0000,0.0000,0.0000,0.0065,0.0000,200,1.0672
0.0044,0.0000,0.0000,0.0000,0.0042,0.0002,200,1.0693
0.0073,0.0000,0.0000,0.0000,0.0072,0.0000,200,1.0670
0.0091,0.0000,0.0000,0.0000,0.0089,0.0001,200,1.0657
0.0067,0.0000,0.0000,0.0000,0.0066,0.0000,200,1.0686
0.0394,0.0000,0.0000,0.0000,0.0394,0.0000,200,1.0360
0.0220,0.0000,0.0000,0.0000,0.0220,0.0000,200,1.0539
0.0350,0.0000,0.0000,0.0000,0.0348,0.0000,200,1.0412
0.0083,0.0000,0.0000,0.0000,0.0082,0.0000,200,1.0689
0.0233,0.0000,0.0000,0.0000,0.0233,0.0000,200,1.0538
0.0369,0.0000,0.0000,0.0004,0.0365,0.0000,200,1.0403
0.0221,0.0000,0.0000,0.0000,0.0217,0.0001,200,1.0554
0.0065,0.0000,0.0000,0.0000,0.0064,0.0000,200,1.0713
0.0682,0.0000,0.0000,0.0000,0.0681,0.0000,200,1.0101
0.0050,0.0000,0.0000,0.0000,0.0049,0.0000,200,1.0734
0.0252,0.0000,0.0000,0.0000,0.0251,0.0000,200,1.0538
0.0124,0.0000,0.0000,0.0000,0.0123,0.0000,200,1.0670
0.0041,0.0000,0.0000,0.0000,0.0040,0.0000,200,1.0753
0.0235,0.0000,0.0000,0.0000,0.0234,0.0001,200,1.0563
0.0024,0.0000,0.0000,0.0000,0.0024,0.0000,200,1.0775
0.0021,0.0000,0.0000,0.0000,0.0020,0.0000,200,1.0784
0.0228,0.0000,0.0000,0.0000,0.0227,0.0001,200,1.0611
0.0126,0.0000,0.0000,0.0000,0.0125,0.0001,200,1.0722
0.0541,0.0000,0.0000,0.0000,0.0540,0.0000,200,1.0309
0.0071,0.0000,0.0000,0.0000,0.0070,0.0000,200,1.0798
0.0267,0.0000,0.0000,0.0000,0.0264,0.0000,200,1.0602
0.0366,0.0000,0.0000,0.0000,0.0353,0.0001,200,1.0503
0.0160,0.0000,0.0000,0.0000,0.0159,0.0000,200,1.0710
0.0100,0.0000,0.0000,0.0000,0.0099,0.0000,200,1.0771
0.0479,0.0000,0.0000,0.0003,0.0469,0.0000,200,1.0394
0.0191,0.0000,0.0000,0.0000,0.0190,0.0001,200,1.0686
0.0075,0.0000,0.0000,0.0000,0.0074,0.0001,200,1.0805
0.0161,0.0000,0.0000,0.0000,0.0160,0.0000,200,1.0722
0.0151,0.0000,0.0000,0.0001,0.0149,0.0001,200,1.0737
0.0101,0.0000,0.0000,0.0000,0.0100,0.0001,200,1.0790
0.0120,0.0000,0.0000,0.0000,0.0120,0.0000,200,1.0773
0.0103,0.0000,0.0000,0.0000,0.0102,0.0000,200,1.0793
0.0213,0.0000,0.0000,0.0000,0.0210,0.0002,200,1.0695
0.0202,0.0000,0.0000,0.0000,0.0200,0.0002,200,1.0709
0.0402,0.0000,0.0000,0.0000,0.0401,0.0000,200,1.0514
0.0567,0.0000,0.0000,0.0000,0.0559,0.0007,200,1.0353
0.0053,0.0000,0.0000,0.0000,0.0052,0.0000,200,1.0870
0.0055,0.0000,0.0000,0.0000,0.0054,0.0000,200,1.0869
0.0080,0.0000,0.0000,0.0000,0.0078,0.0001,200,1.0850
0.0163,0.0000,0.0000,0.0000,0.0163,0.0000,200,1.0771
0.0033,0.0000,0.0000,0.0000,0.0032,0.0001,200,1.0908
0.0207,0.0000,0.0000,0.0001,0.0206,0.0000,200,1.0738
0.0330,0.0000,0.0000,0.0000,0.0329,0.0000,200,1.0615
0.0208,0.0000,0.0000,0.0000,0.0207,0.0001,200,1.0743
0.0833,0.0000,0.0000,0.0000,0.0832,0.0001,200,1.0121
0.0311,0.0000,0.0000,0.0000,0.0309,0.0001,200,1.0647
0.0606,0.0000,0.0000,0.0000,0.0605,0.0000,200,1.0355
0.0117,0.0000,0.0000,0.0000,0.0116,0.0001,200,1.0848
0.0059,0.0000,0.0000,0.0002,0.0054,0.0002,200,1.0916
0.0192,0.0000,0.0000,0.0000,0.0191,0.0000,200,1.0783
0.0306,0.0000,0.0000,0.0000,0.0305,0.0000,200,1.0670
0.0026,0.0000,0.0000,0.0000,0.0025,0.0000,200,1.0957
0.0049,0.0000,0.0000,0.0000,0.0048,0.0000,200,1.0935
0.0300,0.0000,0.0000,0.0003,0.0297,0.0000,200,1.0686
0.0447,0.0000,0.0000,0.0000,0.0446,0.0000,200,1.0543
0.0069,0.0000,0.0000,0.0000,0.0068,0.0000,200,1.0924
0.0125,0.0000,0.0000,0.0000,0.0124,0.0000,200,1.0871
0.0129,0.0000,0.0000,0.0000,0.0128,0.0000,200,1.0873
0.0086,0.0000,0.0000,0.0000,0.0085,0.0001,200,1.0920
0.0145,0.0000,0.0000,0.0000,0.0143,0.0002,200,1.0869
0.0699,0.0000,0.0000,0.0000,0.0698,0.0000,200,1.0316
0.0176,0.0000,0.0000,0.0001,0.0174,0.0001,200,1.0840
0.0050,0.0000,0.0000,0.0003,0.0045,0.0001,200,1.0965
0.0365,0.0000,0.0000,0.0000,0.0362,0.0002,200,1.0657
0.0146,0.0000,0.0000,0.0000,0.0145,0.0000,200,1.0877
0.0130,0.0000,0.0000,0.0000,0.0129,0.0000,200,1.0897
0.0059,0.0000,0.0000,0.0000,0.0058,0.0001,200,1.0975
0.0142,0.0000,0.0000,0.0000,0.0142,0.0000,200,1.0893
0.0099,0.0000,0.0000,0.0000,0.0099,0.0000,200,1.0941
0.0160,0.0000,0.0000,0.0000,0.0160,0.0000,200,1.0880
0.0070,0.0000,0.0000,0.0000,0.0070,0.0000,200,1.0975
0.0066,0.0000,0.0000,0.0000,0.0066,0.0000,200,1.0984
0.0020,0.0000,0.0000,0.0000,0.0019,0.0000,200,1.1034
0.0151,0.0000,0.0000,0.0000,0.0150,0.0001,200,1.0911
0.0678,0.0000,0.0000,0.0000,0.0677,0.0000,200,1.0384
0.0037,0.0000,0.0000,0.0000,0.0036,0.0000,200,1.1027
0.0308,0.0000,0.0000,0.0000,0.0307,0.0001,200,1.0759
0.0054,0.0000,0.0000,0.0000,0.0053,0.0001,200,1.1015
0.0067,0.0000,0.0000,0.0000,0.0067,0.0000,200,1.1007
0.0278,0.0000,0.0000,0.0000,0.0276,0.0001,200,1.0799
0.0321,0.0000,0.0000,0.0000,0.0320,0.0001,200,1.0762
0.0143,0.0000,0.0000,0.0000,0.0142,0.0001,200,1.0945
0.0027,0.0000,0.0000,0.0000,0.0025,0.0002,200,1.1064
0.0347,0.0000,0.0000,0.0001,0.0345,0.0000,200,1.0748
0.0032,0.0000,0.0000,0.0000,0.0031,0.0001,200,1.1069
0.0376,0.0000,0.0000,0.0000,0.0375,0.0001,200,1.0727
0.0111,0.0000,0.0000,0.0000,0.0110,0.0001,200,1.0996
0.0391,0.0000,0.0000,0.0000,0.0390,0.0001,200,1.0719
0.0336,0.0000,0.0000,0.0000,0.0335,0.0000,200,1.0777
0.0408,0.0000,0.0000,0.0000,0.0407,0.0001,200,1.0707
0.0018,0.0000,0.0000,0.0000,0.0017,0.0000,200,1.1103
0.0080,0.0000,0.0000,0.0000,0.0077,0.0003,200,1.1046
0.0031,0.0000,0.0000,0.0000,0.0030,0.0000,200,1.1095
0.0698,0.0000,0.0000,0.0000,0.0697,0.0000,200,1.0429
0.0200,0.0000,0.0000,0.0000,0.0198,0.0001,200,1.0931
0.0031,0.0000,0.0000,0.0000,0.0029,0.0002,200,1.1107
0.0125,0.0000,0.0000,0.0000,0.0125,0.0000,200,1.1022
0.0087,0.0000,0.0000,0.0000,0.0086,0.0000,200,1.1062
0.0261,0.0000,0.0000,0.0000,0.0260,0.0000,200,1.0888
0.0014,0.0000,0.0000,0.0000,0.0013,0.0000,200,1.1139
0.0144,0.0000,0.0000,0.0000,0.0143,0.0000,200,1.1015
0.0045,0.0000,0.0000,0.0000,0.0045,0.0000,200,1.1113
0.0037,0.0000,0.0000,0.0000,0.0034,0.0001,200,1.1126
0.0206,0.0000,0.0000,0.0000,0.0204,0.0002,200,1.0960
0.0113,0.0000,0.0000,0.0000,0.0112,0.0000,200,1.1054
0.0148,0.0000,0.0000,0.0000,0.0147,0.0000,200,1.1023
0.0231,0.0000,0.0000,0.0000,0.0230,0.0000,200,1.0945
0.0716,0.0000,0.0000,0.0000,0.0714,0.0001,200,1.0465
0.0628,0.0000,0.0000,0.0000,0.0626,0.0002,200,1.0557
0.0270,0.0000,0.0000,0.0000,0.0270,0.0000,200,1.0923
0.0045,0.0000,0.0000,0.0000,0.0044,0.0000,200,1.1149
0.0325,0.0000,0.0000,0.0000,0.0324,0.0000,200,1.0869
0.0156,0.0000,0.0000,0.0001,0.0154,0.0001,200,1.1040
0.0115,0.0000,0.0000,0.0000,0.0114,0.0001,200,1.1115
0.0480,0.0000,0.0000,0.0000,0.0478,0.0001,200,1.0754
0.0041,0.0000,0.0000,0.0000,0.0039,0.0001,200,1.1196
0.0111,0.0000,0.0000,0.0000,0.0110,0.0001,200,1.1127
0.0090,0.0000,0.0000,0.0000,0.0090,0.0000,200,1.1153
0.0294,0.0000,0.0000,0.0001,0.0292,0.0000,200,1.0955
0.0058,0.0000,0.0000,0.0002,0.0055,0.0000,200,1.1194
0.0167,0.0000,0.0000,0.0000,0.0166,0.0001,200,1.1088
0.0184,0.0000,0.0000,0.0000,0.0183,0.0001,200,1.1076
0.0382,0.0000,0.0000,0.0000,0.0381,0.0000,200,1.0883
0.0156,0.0000,0.0000,0.0000,0.0155,0.0000,200,1.1110
0.0699,0.0000,0.0000,0.0000,0.0698,0.0002,200,1.0572
0.0192,0.0000,0.0000,0.0000,0.0189,0.0001,200,1.1083
0.0387,0.0000,0.0000,0.0000,0.0386,0.0001,200,1.0891
0.0152,0.0000,0.0000,0.0000,0.0150,0.0000,200,1.1131
0.0039,0.0000,0.0000,0.0000,0.0038,0.0002,200,1.1248
0.0122,0.0000,0.0000,0.0000,0.0121,0.0001,200,1.1166
0.0123,0.0000,0.0000,0.0000,0.0122,0.0001,200,1.1171
0.0175,0.0000,0.0000,0.0000,0.0174,0.0000,200,1.1126
0.0234,0.0000,0.0000,0.0000,0.0233,0.0001,200,1.1067
0.0135,0.0000,0.0000,0.0000,0.0134,0.0000,200,1.1167
0.0205,0.0000,0.0000,0.0000,0.0204,0.0000,200,1.1101
0.0222,0.0000,0.0000,0.0000,0.0221,0.0000,200,1.1091
0.0338,0.0000,0.0000,0.0000,0.0337,0.0000,200,1.0975
0.0167,0.0000,0.0000,0.0000,0.0166,0.0001,200,1.1149
0.0161,0.0000,0.0000,0.0000,0.0159,0.0001,200,1.1159
0.0041,0.0000,0.0000,0.0000,0.0040,0.0001,200,1.1283
0.0084,0.0000,0.0000,0.0000,0.0083,0.0000,200,1.1243
0.0034,0.0000,0.0000,0.0000,0.0033,0.0000,200,1.1301
0.0154,0.0000,0.0000,0.0000,0.0154,0.0000,200,1.1181
0.0016,0.0000,0.0000,0.0000,0.0015,0.0000,200,1.1320
0.0304,0.0000,0.0000,0.0000,0.0304,0.0000,200,1.1036
0.0056,0.0000,0.0000,0.0000,0.0055,0.0000,200,1.1288
0.0187,0.0000,0.0000,0.0001,0.0185,0.0000,200,1.1159
0.0179,0.0000,0.0000,0.0000,0.0171,0.0007,200,1.1175
0.0563,0.0000,0.0000,0.0000,0.0562,0.0000,200,1.0794
0.0069,0.0000,0.0000,0.0000,0.0069,0.0000,200,1.1288
0.0211,0.0000,0.0000,0.0001,0.0210,0.0000,200,1.1147
0.0173,0.0000,0.0000,0.0000,0.0171,0.0002,200,1.1193
0.0181,0.0000,0.0000,0.0000,0.0180,0.0000,200,1.1185
0.0044,0.0000,0.0000,0.0000,0.0043,0.0000,200,1.1327
0.0013,0.0000,0.0000,0.0000,0.0011,0.0001,200,1.1358
0.0055,0.0000,0.0000,0.0000,0.0052,0.0002,200,1.1324
0.0331,0.0000,0.0000,0.0000,0.0330,0.0000,200,1.1050
0.0124,0.0000,0.0000,0.0000,0.0120,0.0004,200,1.1265
0.0112,0.0000,0.0000,0.0000,0.0111,0.0000,200,1.1278
0.0156,0.0000,0.0000,0.0000,0.0155,0.0000,200,1.1234
0.0122,0.0000,0.0000,0.0000,0.0121,0.0000,200,1.1272
0.0029,0.0000,0.0000,0.0000,0.0029,0.0000,200,1.1366
0.0063,0.0000,0.0000,0.0000,0.0062,0.0001,200,1.1335
0.0133,0.0000,0.0000,0.0000,0.0129,0.0003,200,1.1274
0.0336,0.0000,0.0000,0.0000,0.0336,0.0000,200,1.1074
0.0071,0.0000,0.0000,0.0000,0.0070,0.0000,200,1.1340
0.0422,0.0000,0.0000,0.0000,0.0421,0.0000,200,1.0993
0.0795,0.0000,0.0000,0.0000,0.0794,0.0000,200,1.0625
0.0124,0.0000,0.0000,0.0000,0.0123,0.0000,200,1.1301
0.0083,0.0000,0.0000,0.0000,0.0082,0.0001,200,1.1344
0.0051,0.0000,0.0000,0.0000,0.0050,0.0000,200,1.1380
0.0124,0.0000,0.0000,0.0000,0.0123,0.0001,200,1.1313
0.0202,0.0000,0.0000,0.0000,0.0201,0.0000,200,1.1238
0.0046,0.0000,0.0000,0.0000,0.0045,0.0000,200,1.1394
0.0206,0.0000,0.0000,0.0000,0.0204,0.0001,200,1.1237
0.0144,0.0000,0.0000,0.0000,0.0143,0.0001,200,1.1301
0.0058,0.0000,0.0000,0.0000,0.0057,0.0000,200,1.1390
0.0753,0.0000,0.0000,0.0000,0.0752,0.0000,200,1.0700
0.0100,0.0000,0.0000,0.0000,0.0100,0.0000,200,1.1357
0.0475,0.0000,0.0000,0.0000,0.0474,0.0001,200,1.0986
0.0078,0.0000,0.0000,0.0000,0.0076,0.0002,200,1.1389
0.0059,0.0000,0.0000,0.0000,0.0058,0.0001,200,1.1411
0.0127,0.0000,0.0000,0.0001,0.0101,0.0024,200,1.1372
0.0109,0.0000,0.0000,0.0000,0.0109,0.0000,200,1.1390
0.0146,0.0000,0.0000,0.0000,0.0145,0.0000,200,1.1354
0.0485,0.0000,0.0000,0.0000,0.0485,0.0000,200,1.1014
0.0065,0.0000,0.0000,0.0000,0.0063,0.0001,200,1.1437
0.0189,0.0000,0.0000,0.0000,0.0186,0.0003,200,1.1313
0.0088,0.0000,0.0000,0.0000,0.0087,0.0000,200,1.1415
0.0197,0.0000,0.0000,0.0000,0.0196,0.0000,200,1.1306
0.0064,0.0000,0.0000,0.0001,0.0062,0.0000,200,1.1439
0.0466,0.0000,0.0000,0.0000,0.0466,0.0000,200,1.1040
0.0254,0.0000,0.0000,0.0000,0.0253,0.0000,200,1.1260
0.0091,0.0000,0.0000,0.0000,0.0090,0.0001,200,1.1425
0.0205,0.0000,0.0000,0.0000,0.0202,0.0001,200,1.1316
0.0033,0.0000,0.0000,0.0000,0.0032,0.0001,200,1.1521
0.0117,0.0000,0.0000,0.0000,0.0112,0.0004,200,1.1446
0.0547,0.0000,0.0000,0.0000,0.0547,0.0000,200,1.1015
0.0574,0.0000,0.0000,0.0000,0.0573,0.0001,200,1.0990
0.0303,0.0000,0.0000,0.0000,0.0302,0.0001,200,1.1266
0.0135,0.0000,0.0000,0.0001,0.0134,0.0000,200,1.1439
0.0325,0.0000,0.0000,0.0000,0.0325,0.0000,200,1.1254
0.0186,0.0000,0.0000,0.0000,0.0182,0.0003,200,1.1398
0.0086,0.0000,0.0000,0.0000,0.0080,0.0005,200,1.1502
0.0280,0.0000,0.0000,0.0001,0.0275,0.0003,200,1.1294
0.0214,0.0000,0.0000,0.0000,0.0213,0.0001,200,1.1380
0.0532,0.0000,0.0000,0.0000,0.0525,0.0007,200,1.1062
0.0344,0.0000,0.0000,0.0000,0.0341,0.0003,200,1.1252
0.0167,0.0000,0.0000,0.0000,0.0165,0.0002,200,1.1432
0.0208,0.0000,0.0000,0.0000,0.0194,0.0014,200,1.1396
0.0663,0.0000,0.0000,0.0000,0.0656,0.0007,200,1.0950
0.0168,0.0000,0.0000,0.0000,0.0167,0.0000,200,1.1447
0.0052,0.0000,0.0000,0.0000,0.0051,0.0001,200,1.1564
0.0147,0.0000,0.0000,0.0000,0.0146,0.0000,200,1.1470
0.0023,0.0000,0.0000,0.0001,0.0020,0.0000,200,1.1598
0.0148,0.0000,0.0000,0.0000,0.0145,0.0003,200,1.1458
0.0430,0.0000,0.0000,0.0000,0.0407,0.0023,200,1.1194
0.0219,0.0000,0.0000,0.0000,0.0218,0.0000,200,1.1407
0.0049,0.0000,0.0000,0.0000,0.0047,0.0001,200,1.1580
0.0066,0.0000,0.0000,0.0000,0.0065,0.0000,200,1.1569
0.0300,0.0000,0.0000,0.0000,0.0299,0.0000,200,1.1335
0.0021,0.0000,0.0000,0.0000,0.0021,0.0000,200,1.1615
0.0304,0.0000,0.0000,0.0000,0.0304,0.0000,200,1.1335
0.0224,0.0000,0.0000,0.0000,0.0223,0.0001,200,1.1420
0.0018,0.0000,0.0000,0.0000,0.0017,0.0001,200,1.1634
0.0093,0.0000,0.0000,0.0000,0.0089,0.0003,200,1.1563
0.0021,0.0000,0.0000,0.0000,0.0020,0.0000,200,1.1635
0.0430,0.0000,0.0000,0.0000,0.0429,0.0000,200,1.1230
0.0151,0.0000,0.0000,0.0000,0.0149,0.0001,200,1.1514
0.0302,0.0000,0.0000,0.0001,0.0301,0.0000,200,1.1366
0.0029,0.0000,0.0000,0.0000,0.0028,0.0000,200,1.1644
0.0179,0.0000,0.0000,0.0000,0.0177,0.0001,200,1.1499
0.0026,0.0000,0.0000,0.0000,0.0024,0.0002,200,1.1656
0.0523,0.0000,0.0000,0.0001,0.0521,0.0001,200,1.1163
0.0021,0.0000,0.0000,0.0000,0.0020,0.0000,200,1.1668
0.0027,0.0000,0.0000,0.0000,0.0027,0.0000,200,1.1664
0.0139,0.0000,0.0000,0.0000,0.0139,0.0000,200,1.1555
0.0578,0.0000,0.0000,0.0000,0.0577,0.0001,200,1.1121
0.0011,0.0000,0.0000,0.0000,0.0010,0.0000,200,1.1689
0.0350,0.0000,0.0000,0.0000,0.0349,0.0001,200,1.1356
0.0031,0.0000,0.0000,0.0000,0.0029,0.0001,200,1.1678
0.0347,0.0000,0.0000,0.0000,0.0346,0.0000,200,1.1371
0.0124,0.0000,0.0000,0.0016,0.0107,0.0000,200,1.1595
0.0145,0.0000,0.0000,0.0002,0.0140,0.0000,200,1.1574
0.0083,0.0000,0.0000,0.0000,0.0082,0.0000,200,1.1639
0.0381,0.0000,0.0000,0.0000,0.0380,0.0000,200,1.1346
0.0071,0.0000,0.0000,0.0000,0.0070,0.0000,200,1.1660
0.0166,0.0000,0.0000,0.0000,0.0156,0.0001,200,1.1597
0.0324,0.0000,0.0000,0.0000,0.0323,0.0000,200,1.1443
0.0116,0.0000,0.0000,0.0000,0.0115,0.0000,200,1.1656
0.0152,0.0000,0.0000,0.0000,0.0151,0.0000,200,1.1624
0.0326,0.0000,0.0000,0.0000,0.0325,0.0001,200,1.1453
0.0053,0.0000,0.0000,0.0000,0.0051,0.0001,200,1.1731
0.0172,0.0000,0.0000,0.0001,0.0170,0.0000,200,1.1617
0.0103,0.0000,0.0000,0.0000,0.0103,0.0000,200,1.1686
0.0068,0.0000,0.0000,0.0000,0.0067,0.0000,200,1.1727
0.0147,0.0000,0.0000,0.0000,0.0142,0.0000,200,1.1652
0.0212,0.0000,0.0000,0.0002,0.0210,0.0000,200,1.1588
0.0289,0.0000,0.0000,0.0000,0.0288,0.0001,200,1.1517
0.0306,0.0000,0.0000,0.0000,0.0305,0.0001,200,1.1503
0.0405,0.0000,0.0000,0.0000,0.0404,0.0000,200,1.1410
0.0320,0.0000,0.0000,0.0000,0.0318,0.0000,200,1.1500
0.0121,0.0000,0.0000,0.0000,0.0121,0.0000,200,1.1699
0.0363,0.0000,0.0000,0.0000,0.0362,0.0000,200,1.1461
0.0037,0.0000,0.0000,0.0000,0.0036,0.0001,200,1.1789
0.0150,0.0000,0.0000,0.0000,0.0149,0.0001,200,1.1681
0.0337,0.0000,0.0000,0.0000,0.0336,0.0000,200,1.1499
0.0213,0.0000,0.0000,0.0000,0.0212,0.0000,200,1.1626
0.0141,0.0000,0.0000,0.0000,0.0139,0.0001,200,1.1706
0.0242,0.0000,0.0000,0.0000,0.0227,0.0000,200,1.1607
0.0141,0.0000,0.0000,0.0000,0.0141,0.0000,200,1.1709
0.0056,0.0000,0.0000,0.0000,0.0055,0.0001,200,1.1799
0.0087,0.0000,0.0000,0.0000,0.0086,0.0000,200,1.1772
0.0096,0.0000,0.0000,0.0000,0.0095,0.0001,200,1.1767
0.0045,0.0000,0.0000,0.0000,0.0044,0.0000,200,1.1820
0.0045,0.0000,0.0000,0.0000,0.0041,0.0004,200,1.1826
0.0251,0.0000,0.0000,0.0000,0.0250,0.0000,200,1.1621
0.0178,0.0000,0.0000,0.0002,0.0176,0.0000,200,1.1699
0.0382,0.0000,0.0000,0.0000,0.0379,0.0002,200,1.1500
0.0119,0.0000,0.0000,0.0000,0.0118,0.0000,200,1.1766
0.0040,0.0000,0.0000,0.0000,0.0036,0.0001,200,1.1850
0.0278,0.0000,0.0000,0.0000,0.0277,0.0001,200,1.1616
0.0118,0.0000,0.0000,0.0000,0.0117,0.0000,200,1.1779
0.0069,0.0000,0.0000,0.0000,0.0068,0.0000,200,1.1832
0.0474,0.0000,0.0000,0.0000,0.0473,0.0000,200,1.1427
0.0041,0.0000,0.0000,0.0000,0.0040,0.0000,200,1.1865
0.0409,0.0000,0.0000,0.0000,0.0408,0.0001,200,1.1502
0.0012,0.0000,0.0000,0.0000,0.0011,0.0000,200,1.1900
0.0413,0.0000,0.0000,0.0000,0.0413,0.0000,200,1.1506
0.0081,0.0000,0.0000,0.0000,0.0079,0.0003,200,1.1839
0.0331,0.0000,0.0000,0.0020,0.0303,0.0000,200,1.1595
0.0315,0.0000,0.0000,0.0000,0.0315,0.0000,200,1.1613
0.0304,0.0000,0.0000,0.0000,0.0303,0.0000,200,1.1628
0.0025,0.0000,0.0000,0.0005,0.0018,0.0001,200,1.1911
0.0437,0.0000,0.0000,0.0000,0.0435,0.0001,200,1.1503
0.0224,0.0000,0.0000,0.0000,0.0223,0.0000,200,1.1719
0.0964,0.0000,0.0000,0.0000,0.0963,0.0001,200,1.0983
0.0227,0.0000,0.0000,0.0000,0.0225,0.0002,200,1.1723
0.0026,0.0000,0.0000,0.0000,0.0025,0.0001,200,1.1929
0.0035,0.0000,0.0000,0.0000,0.0034,0.0000,200,1.1920
0.0240,0.0000,0.0000,0.0000,0.0239,0.0000,200,1.1718
0.0138,0.0000,0.0000,0.0000,0.0136,0.0001,200,1.1824
0.0045,0.0000,0.0000,0.0000,0.0043,0.0001,200,1.1920
0.0021,0.0000,0.0000,0.0000,0.0020,0.0000,200,1.1950
0.0029,0.0000,0.0000,0.0000,0.0026,0.0002,200,1.1947
0.0106,0.0000,0.0000,0.0000,0.0105,0.0000,200,1.1871
0.0016,0.0000,0.0000,0.0000,0.0015,0.0001,200,1.1965
0.0194,0.0000,0.0000,0.0000,0.0193,0.0000,200,1.1789
0.0059,0.0000,0.0000,0.0000,0.0057,0.0001,200,1.1958
0.0328,0.0000,0.0000,0.0000,0.0326,0.0001,200,1.1695
0.0224,0.0000,0.0000,0.0000,0.0223,0.0000,200,1.1800
0.0358,0.0000,0.0000,0.0000,0.0356,0.0001,200,1.1672
0.0154,0.0000,0.0000,0.0001,0.0151,0.0001,200,1.1881
0.0402,0.0000,0.0000,0.0000,0.0402,0.0000,200,1.1636
0.0129,0.0000,0.0000,0.0000,0.0128,0.0000,200,1.1912
0.0032,0.0000,0.0000,0.0000,0.0026,0.0001,200,1.2017
0.0155,0.0000,0.0000,0.0000,0.0153,0.0002,200,1.1897
0.0178,0.0000,0.0000,0.0000,0.0175,0.0001,200,1.1877
0.0036,0.0000,0.0000,0.0002,0.0033,0.0000,200,1.2024
0.0079,0.0000,0.0000,0.0000,0.0078,0.0000,200,1.1981
0.0503,0.0000,0.0000,0.0000,0.0502,0.0001,200,1.1563
0.0283,0.0000,0.0000,0.0000,0.0282,0.0001,200,1.1788
0.0295,0.0000,0.0000,0.0000,0.0294,0.0001,200,1.1776
0.0241,0.0000,0.0000,0.0000,0.0239,0.0001,200,1.1836
0.0274,0.0000,0.0000,0.0000,0.0273,0.0000,200,1.1806
0.0010,0.0000,0.0000,0.0000,0.0010,0.0000,200,1.2071
0.0368,0.0000,0.0000,0.0000,0.0367,0.0000,200,1.1719
0.0013,0.0000,0.0000,0.0001,0.0011,0.0001,200,1.2080
0.0250,0.0000,0.0000,0.0000,0.0246,0.0003,200,1.1848
0.0124,0.0000,0.0000,0.0000,0.0123,0.0001,200,1.1977
0.0602,0.0000,0.0000,0.0000,0.0600,0.0001,200,1.1502
0.0644,0.0000,0.0000,0.0000,0.0643,0.0000,200,1.1467
0.0129,0.0000,0.0000,0.0000,0.0127,0.0002,200,1.1984
0.0228,0.0000,0.0000,0.0000,0.0227,0.0000,200,1.1885
0.0184,0.0000,0.0000,0.0000,0.0183,0.0001,200,1.1932
0.0177,0.0000,0.0000,0.0000,0.0177,0.0000,200,1.1943
0.0183,0.0000,0.0000,0.0000,0.0182,0.0000,200,1.1940
0.0040,0.0000,0.0000,0.0000,0.0039,0.0000,200,1.2087
0.0547,0.0000,0.0000,0.0003,0.0543,0.0001,200,1.1584
0.0178,0.0000,0.0000,0.0000,0.0178,0.0000,200,1.1956
0.0040,0.0000,0.0000,0.0000,0.0039,0.0001,200,1.2098
0.0279,0.0000,0.0000,0.0000,0.0278,0.0000,200,1.1863
0.0046,0.0000,0.0000,0.0000,0.0044,0.0002,200,1.2104
0.0115,0.0000,0.0000,0.0001,0.0114,0.0000,200,1.2035
0.0463,0.0000,0.0000,0.0000,0.0463,0.0000,200,1.1692
0.0312,0.0000,0.0000,0.0000,0.0311,0.0000,200,1.1847
0.0559,0.0000,0.0000,0.0000,0.0540,0.0001,200,1.1604
0.0016,0.0000,0.0000,0.0000,0.0015,0.0000,200,1.2150
0.0351,0.0000,0.0000,0.0000,0.0350,0.0000,200,1.1820
0.0049,0.0000,0.0000,0.0000,0.0048,0.0000,200,1.2123
0.0206,0.0000,0.0000,0.0000,0.0206,0.0000,200,1.1971
0.0328,0.0000,0.0000,0.0000,0.0326,0.0002,200,1.1855
0.0375,0.0000,0.0000,0.0000,0.0374,0.0000,200,1.1809
0.0029,0.0000,0.0000,0.0000,0.0027,0.0000,200,1.2164
0.0065,0.0000,0.0000,0.0000,0.0064,0.0000,200,1.2127
0.0287,0.0000,0.0000,0.0000,0.0286,0.0000,200,1.1906
0.0115,0.0000,0.0000,0.0001,0.0113,0.0001,200,1.2081
0.0154,0.0000,0.0000,0.0000,0.0153,0.0000,200,1.2049
0.0311,0.0000,0.0000,0.0000,0.0307,0.0001,200,1.1894
0.0168,0.0000,0.0000,0.0000,0.0165,0.0001,200,1.2041
0.0400,0.0000,0.0000,0.0000,0.0398,0.0001,200,1.1815
0.0100,0.0000,0.0000,0.0001,0.0098,0.0000,200,1.2121
0.0170,0.0000,0.0000,0.0000,0.0169,0.0000,200,1.2052
0.0107,0.0000,0.0000,0.0000,0.0106,0.0000,200,1.2117
0.0036,0.0000,0.0000,0.0004,0.0032,0.0000,200,1.2192
0.0010,0.0000,0.0000,0.0000,0.0009,0.0000,200,1.2220
0.0044,0.0000,0.0000,0.0000,0.0043,0.0001,200,1.2192
0.0092,0.0000,0.0000,0.0000,0.0091,0.0000,200,1.2150
0.0014,0.0000,0.0000,0.0000,0.0013,0.0001,200,1.2231
0.0113,0.0000,0.0000,0.0000,0.0112,0.0000,200,1.2134
0.0138,0.0000,0.0000,0.0000,0.0137,0.0001,200,1.2113
0.0394,0.0000,0.0000,0.0000,0.0394,0.0000,200,1.1859
0.0038,0.0000,0.0000,0.0000,0.0037,0.0000,200,1.2215
0.0200,0.0000,0.0000,0.0000,0.0199,0.0000,200,1.2060
0.0391,0.0000,0.0000,0.0000,0.0389,0.0002,200,1.1871
0.0042,0.0000,0.0000,0.0000,0.0041,0.0001,200,1.2224
0.0087,0.0000,0.0000,0.0000,0.0086,0.0000,200,1.2183
0.0102,0.0000,0.0000,0.0000,0.0101,0.0000,200,1.2170
0.0084,0.0000,0.0000,0.0000,0.0083,0.0000,200,1.2192
0.0096,0.0000,0.0000,0.0000,0.0095,0.0001,200,1.2184
0.0224,0.0000,0.0000,0.0000,0.0223,0.0000,200,1.2060
0.0124,0.0000,0.0000,0.0000,0.0122,0.0001,200,1.2165
0.0036,0.0000,0.0000,0.0000,0.0032,0.0004,200,1.2259
0.0012,0.0000,0.0000,0.0000,0.0011,0.0001,200,1.2284
0.0145,0.0000,0.0000,0.0000,0.0144,0.0000,200,1.2159
0.0510,0.0000,0.0000,0.0000,0.0509,0.0000,200,1.1795
0.0167,0.0000,0.0000,0.0000,0.0163,0.0000,200,1.2138
0.0069,0.0000,0.0000,0.0000,0.0068,0.0001,200,1.2242
0.0144,0.0000,0.0000,0.0000,0.0141,0.0002,200,1.2172
0.0145,0.0000,0.0000,0.0000,0.0144,0.0000,200,1.2177
0.0073,0.0000,0.0000,0.0000,0.0072,0.0001,200,1.2251
0.0422,0.0000,0.0000,0.0000,0.0420,0.0002,200,1.1901
0.0391,0.0000,0.0000,0.0000,0.0390,0.0001,200,1.1936
0.0077,0.0000,0.0000,0.0000,0.0076,0.0001,200,1.2253
0.0017,0.0000,0.0000,0.0000,0.0016,0.0000,200,1.2315
0.0108,0.0000,0.0000,0.0000,0.0105,0.0003,200,1.2229
0.0033,0.0000,0.0000,0.0000,0.0032,0.0000,200,1.2305
0.0070,0.0000,0.0000,0.0000,0.0068,0.0001,200,1.2297
0.0066,0.0000,0.0000,0.0000,0.0063,0.0002,200,1.2303
0.0243,0.0000,0.0000,0.0001,0.0239,0.0002,200,1.2131
0.0322,0.0000,0.0000,0.0000,0.0321,0.0000,200,1.2055
0.0305,0.0000,0.0000,0.0003,0.0300,0.0000,200,1.2076
0.0184,0.0000,0.0000,0.0000,0.0183,0.0000,200,1.2203
0.0066,0.0000,0.0000,0.0000,0.0064,0.0000,200,1.2323
0.0772,0.0000,0.0000,0.0000,0.0771,0.0000,200,1.1622
0.0107,0.0000,0.0000,0.0000,0.0106,0.0000,200,1.2289
0.0180,0.0000,0.0000,0.0000,0.0179,0.0000,200,1.2222
0.0032,0.0000,0.0000,0.0000,0.0030,0.0001,200,1.2374
0.1406,0.0000,0.0000,0.0000,0.1406,0.0000,200,1.1002
0.0380,0.0000,0.0000,0.0000,0.0378,0.0001,200,1.2030
0.0088,0.0000,0.0000,0.0000,0.0087,0.0000,200,1.2323
0.0024,0.0000,0.0000,0.0000,0.0023,0.0001,200,1.2394
0.0035,0.0000,0.0000,0.0000,0.0035,0.0000,200,1.2386
0.0053,0.0000,0.0000,0.0001,0.0051,0.0000,200,1.2369
0.0179,0.0000,0.0000,0.0000,0.0177,0.0001,200,1.2247
0.0454,0.0000,0.0000,0.0000,0.0453,0.0001,200,1.1977
0.0188,0.0000,0.0000,0.0001,0.0185,0.0001,200,1.2245
0.0474,0.0000,0.0000,0.0000,0.0471,0.0002,200,1.1962
0.0176,0.0000,0.0000,0.0000,0.0176,0.0000,200,1.2262
0.0026,0.0000,0.0000,0.0000,0.0025,0.0000,200,1.2418
0.0292,0.0000,0.0000,0.0000,0.0290,0.0001,200,1.2156
0.0132,0.0000,0.0000,0.0000,0.0130,0.0001,200,1.2322
0.0203,0.0000,0.0000,0.0000,0.0202,0.0001,200,1.2253
0.0080,0.0000,0.0000,0.0000,0.0078,0.0000,200,1.2381
0.0226,0.0000,0.0000,0.0000,0.0225,0.0000,200,1.2236
0.0188,0.0000,0.0000,0.0000,0.0187,0.0000,200,1.2276
0.0060,0.0000,0.0000,0.0000,0.0059,0.0000,200,1.2409
0.0380,0.0000,0.0000,0.0000,0.0379,0.0001,200,1.2093
0.0107,0.0000,0.0000,0.0000,0.0102,0.0000,200,1.2367
0.0205,0.0000,0.0000,0.0000,0.0204,0.0001,200,1.2270
0.0069,0.0000,0.0000,0.0000,0.0068,0.0001,200,1.2412
0.0049,0.0000,0.0000,0.0000,0.0049,0.0000,200,1.2436
0.0160,0.0000,0.0000,0.0000,0.0159,0.0001,200,1.2328
0.0092,0.0000,0.0000,0.0000,0.0092,0.0000,200,1.2396
0.0470,0.0000,0.0000,0.0000,0.0469,0.0001,200,1.2022
0.0160,0.0000,0.0000,0.0000,0.0159,0.0000,200,1.2337
0.0046,0.0000,0.0000,0.0000,0.0045,0.0001,200,1.2454
0.0027,0.0000,0.0000,0.0001,0.0026,0.0000,200,1.2473
0.0209,0.0000,0.0000,0.0000,0.0207,0.0000,200,1.2296
0.0105,0.0000,0.0000,0.0000,0.0101,0.0001,200,1.2406
0.0058,0.0000,0.0000,0.0000,0.0056,0.0000,200,1.2456
0.0106,0.0000,0.0000,0.0000,0.0105,0.0000,200,1.2411
0.0052,0.0000,0.0000,0.0000,0.0051,0.0001,200,1.2474
0.0417,0.0000,0.0000,0.0000,0.0416,0.0000,200,1.2113
0.0056,0.0000,0.0000,0.0000,0.0055,0.0000,200,1.2476
0.0257,0.0000,0.0000,0.0001,0.0255,0.0000,200,1.2280
0.0112,0.0000,0.0000,0.0000,0.0111,0.0000,200,1.2432
0.0447,0.0000,0.0000,0.0000,0.0446,0.0001,200,1.2101
0.0280,0.0000,0.0000,0.0000,0.0278,0.0002,200,1.2272
0.0090,0.0000,0.0000,0.0000,0.0089,0.0000,200,1.2469
0.0161,0.0000,0.0000,0.0000,0.0160,0.0000,200,1.2402
0.0124,0.0000,0.0000,0.0000,0.0123,0.0001,200,1.2444
0.0109,0.0000,0.0000,0.0000,0.0107,0.0002,200,1.2464
0.0135,0.0000,0.0000,0.0000,0.0134,0.0000,200,1.2439
0.0509,0.0000,0.0000,0.0000,0.0508,0.0000,200,1.2071
0.0342,0.0000,0.0000,0.0000,0.0341,0.0001,200,1.2266
0.0110,0.0000,0.0000,0.0000,0.0109,0.0000,200,1.2500
0.0571,0.0000,0.0000,0.0000,0.0569,0.0000,200,1.2039
0.0073,0.0000,0.0000,0.0000,0.0072,0.0000,200,1.2537
0.0122,0.0000,0.0000,0.0000,0.0122,0.0000,200,1.2488
0.0043,0.0000,0.0000,0.0000,0.0042,0.0000,200,1.2568
0.0274,0.0000,0.0000,0.0000,0.0274,0.0000,200,1.2337
0.0063,0.0000,0.0000,0.0000,0.0063,0.0000,200,1.2548
0.0500,0.0000,0.0000,0.0000,0.0499,0.0000,200,1.2112
0.0098,0.0000,0.0000,0.0002,0.0095,0.0000,200,1.2514
0.0664,0.0000,0.0000,0.0000,0.0663,0.0000,200,1.1955
0.0175,0.0000,0.0000,0.0000,0.0174,0.0000,200,1.2449
0.0739,0.0000,0.0000,0.0000,0.0738,0.0000,200,1.1890
0.0165,0.0000,0.0000,0.0000,0.0164,0.0000,200,1.2462
0.0303,0.0000,0.0000,0.0001,0.0301,0.0000,200,1.2332
0.0213,0.0000,0.0000,0.0000,0.0212,0.0000,200,1.2426
0.0032,0.0000,0.0000,0.0000,0.0031,0.0000,200,1.2610
0.0013,0.0000,0.0000,0.0000,0.0011,0.0001,200,1.2635
0.0010,0.0000,0.0000,0.0000,0.0009,0.0000,200,1.2642
0.0080,0.0000,0.0000,0.0000,0.0080,0.0000,200,1.2573
0.0277,0.0000,0.0000,0.0000,0.0277,0.0000,200,1.2377
0.0155,0.0000,0.0000,0.0000,0.0154,0.0000,200,1.2504
0.0330,0.0000,0.0000,0.0000,0.0329,0.0000,200,1.2330
0.0470,0.0000,0.0000,0.0000,0.0469,0.0001,200,1.2205
0.0168,0.0000,0.0000,0.0003,0.0164,0.0000,200,1.2510
0.0485,0.0000,0.0000,0.0000,0.0484,0.0000,200,1.2197
0.0227,0.0000,0.0000,0.0000,0.0226,0.0001,200,1.2461
0.0212,0.0000,0.0000,0.0000,0.0209,0.0002,200,1.2481
0.0139,0.0000,0.0000,0.0000,0.0138,0.0000,200,1.2559
0.0210,0.0000,0.0000,0.0000,0.0209,0.0000,200,1.2493
0.0177,0.0000,0.0000,0.0000,0.0176,0.0000,200,1.2526
0.0144,0.0000,0.0000,0.0000,0.0143,0.0000,200,1.2563
0.0180,0.0000,0.0000,0.0000,0.0179,0.0001,200,1.2530
0.0187,0.0000,0.0000,0.0001,0.0185,0.0001,200,1.2552
0.0036,0.0000,0.0000,0.0000,0.0036,0.0000,200,1.2704
0.0091,0.0000,0.0000,0.0000,0.0090,0.0000,200,1.2654
0.0219,0.0000,0.0000,0.0000,0.0218,0.0000,200,1.2532
0.0103,0.0000,0.0000,0.0000,0.0101,0.0001,200,1.2648
0.0146,0.0000,0.0000,0.0000,0.0145,0.0000,200,1.2609
0.0080,0.0000,0.0000,0.0001,0.0079,0.0001,200,1.2678
0.0112,0.0000,0.0000,0.0001,0.0110,0.0001,200,1.2653
0.0117,0.0000,0.0000,0.0000,0.0116,0.0000,200,1.2652
0.0031,0.0000,0.0000,0.0000,0.0030,0.0000,200,1.2740
0.0165,0.0000,0.0000,0.0000,0.0160,0.0001,200,1.2612
0.0198,0.0000,0.0000,0.0000,0.0197,0.0001,200,1.2580
0.0173,0.0000,0.0000,0.0000,0.0172,0.0001,200,1.2611
0.0306,0.0000,0.0000,0.0000,0.0305,0.0000,200,1.2485
0.0183,0.0000,0.0000,0.0000,0.0183,0.0001,200,1.2610
0.0868,0.0000,0.0000,0.0000,0.0867,0.0001,200,1.1925
0.0376,0.0000,0.0000,0.0000,0.0375,0.0001,200,1.2423
0.0109,0.0000,0.0000,0.0001,0.0107,0.0001,200,1.2693
0.0307,0.0000,0.0000,0.0001,0.0306,0.0000,200,1.2500
0.0665,0.0000,0.0000,0.0000,0.0665,0.0000,200,1.2142
0.0191,0.0000,0.0000,0.0000,0.0190,0.0000,200,1.2619
0.0422,0.0000,0.0000,0.0000,0.0422,0.0000,200,1.2389
0.0300,0.0000,0.0000,0.0000,0.0299,0.0000,200,1.2516
0.0034,0.0000,0.0000,0.0000,0.0033,0.0000,200,1.2785
0.0073,0.0000,0.0000,0.0000,0.0072,0.0001,200,1.2751
0.0330,0.0000,0.0000,0.0001,0.0327,0.0001,200,1.2497
0.0061,0.0000,0.0000,0.0000,0.0060,0.0000,200,1.2768
0.0224,0.0000,0.0000,0.0000,0.0223,0.0001,200,1.2611
0.0208,0.0000,0.0000,0.0000,0.0207,0.0000,200,1.2629
0.0232,0.0000,0.0000,0.0000,0.0231,0.0000,200,1.2610
0.0054,0.0000,0.0000,0.0000,0.0052,0.0000,200,1.2793
0.0026,0.0000,0.0000,0.0000,0.0025,0.0001,200,1.2824
0.0068,0.0000,0.0000,0.0000,0.0066,0.0001,200,1.2791
0.0025,0.0000,0.0000,0.0000,0.0024,0.0000,200,1.2835
0.0064,0.0000,0.0000,0.0000,0.0063,0.0000,200,1.2798
0.0086,0.0000,0.0000,0.0000,0.0085,0.0000,200,1.2778
0.0197,0.0000,0.0000,0.0000,0.0195,0.0000,200,1.2697
0.0035,0.0000,0.0000,0.0000,0.0033,0.0001,200,1.2863
0.0229,0.0000,0.0000,0.0001,0.0227,0.0000,200,1.2675
0.0130,0.0000,0.0000,0.0000,0.0129,0.0000,200,1.2777
0.0017,0.0000,0.0000,0.0000,0.0017,0.0000,200,1.2895
0.0306,0.0000,0.0000,0.0000,0.0305,0.0000,200,1.2610
0.0055,0.0000,0.0000,0.0000,0.0054,0.0000,200,1.2865
0.0129,0.0000,0.0000,0.0000,0.0128,0.0001,200,1.2794
0.0287,0.0000,0.0000,0.0000,0.0286,0.0000,200,1.2639
0.0510,0.0000,0.0000,0.0000,0.0509,0.0000,200,1.2422
0.0636,0.0000,0.0000,0.0000,0.0635,0.0000,200,1.2304
0.0090,0.0000,0.0000,0.0000,0.0089,0.0001,200,1.2851
0.0285,0.0000,0.0000,0.0000,0.0284,0.0000,200,1.2659
0.0406,0.0000,0.0000,0.0000,0.0405,0.0000,200,1.2544
0.0183,0.0000,0.0000,0.0001,0.0181,0.0000,200,1.2771
0.0275,0.0000,0.0000,0.0000,0.0274,0.0001,200,1.2681
0.0270,0.0000,0.0000,0.0000,0.0268,0.0001,200,1.2688
0.0208,0.0000,0.0000,0.0000,0.0207,0.0000,200,1.2755
0.0027,0.0000,0.0000,0.0000,0.0026,0.0001,200,1.2940
0.0112,0.0000,0.0000,0.0000,0.0112,0.0000,200,1.2860
0.0542,0.0000,0.0000,0.0000,0.0541,0.0000,200,1.2431
0.0491,0.0000,0.0000,0.0000,0.0490,0.0000,200,1.2488
0.0039,0.0000,0.0000,0.0000,0.0038,0.0000,200,1.2944
0.0285,0.0000,0.0000,0.0000,0.0284,0.0000,200,1.2703
0.0174,0.0000,0.0000,0.0000,0.0173,0.0001,200,1.2819
0.0070,0.0000,0.0000,0.0000,0.0069,0.0000,200,1.2923
0.0790,0.0000,0.0000,0.0000,0.0789,0.0000,200,1.2209
0.0054,0.0000,0.0000,0.0000,0.0052,0.0001,200,1.2950
0.0378,0.0000,0.0000,0.0000,0.0375,0.0003,200,1.2629
0.0100,0.0000,0.0000,0.0000,0.0099,0.0000,200,1.2912
0.0135,0.0000,0.0000,0.0000,0.0129,0.0006,200,1.2916
0.0072,0.0000,0.0000,0.0000,0.0071,0.0000,200,1.2979
0.0056,0.0000,0.0000,0.0000,0.0055,0.0000,200,1.2998
0.0227,0.0000,0.0000,0.0000,0.0227,0.0000,200,1.2827
0.0401,0.0000,0.0000,0.0004,0.0395,0.0002,200,1.2660
0.0166,0.0000,0.0000,0.0000,0.0165,0.0000,200,1.2897
0.0014,0.0000,0.0000,0.0000,0.0013,0.0000,200,1.3054
0.0131,0.0000,0.0000,0.0000,0.0130,0.0000,200,1.2940
0.0316,0.0000,0.0000,0.0000,0.0315,0.0000,200,1.2758
0.0310,0.0000,0.0000,0.0000,0.0310,0.0000,200,1.2765
0.0124,0.0000,0.0000,0.0000,0.0123,0.0001,200,1.2956
0.0031,0.0000,0.0000,0.0000,0.0030,0.0000,200,1.3054
0.0345,0.0000,0.0000,0.0000,0.0341,0.0004,200,1.2751
0.0255,0.0000,0.0000,0.0000,0.0254,0.0000,200,1.2842
0.0359,0.0000,0.0000,0.0001,0.0357,0.0000,200,1.2739
0.0527,0.0000,0.0000,0.0000,0.0527,0.0000,200,1.2574
0.0171,0.0000,0.0000,0.0000,0.0171,0.0000,200,1.2932
0.0122,0.0000,0.0000,0.0000,0.0121,0.0001,200,1.2983
0.0058,0.0000,0.0000,0.0000,0.0057,0.0000,200,1.3051
0.0045,0.0000,0.0000,0.0000,0.0044,0.0000,200,1.3071
0.0065,0.0000,0.0000,0.0000,0.0063,0.0001,200,1.3051
0.0319,0.0000,0.0000,0.0000,0.0318,0.0000,200,1.2801
0.0049,0.0000,0.0000,0.0001,0.0047,0.0000,200,1.3076
0.0322,0.0000,0.0000,0.0000,0.0321,0.0001,200,1.2807
0.0138,0.0000,0.0000,0.0000,0.0138,0.0000,200,1.2993
0.0163,0.0000,0.0000,0.0000,0.0162,0.0000,200,1.2974
0.0150,0.0000,0.0000,0.0000,0.0148,0.0002,200,1.2993
0.0056,0.0000,0.0000,0.0000,0.0056,0.0000,200,1.3098
0.0038,0.0000,0.0000,0.0000,0.0037,0.0000,200,1.3116
0.0080,0.0000,0.0000,0.0000,0.0080,0.0000,200,1.3075
0.0051,0.0000,0.0000,0.0001,0.0049,0.0000,200,1.3105
0.0026,0.0000,0.0000,0.0000,0.0020,0.0004,200,1.3136
0.0054,0.0000,0.0000,0.0000,0.0052,0.0001,200,1.3109
0.0206,0.0000,0.0000,0.0000,0.0205,0.0001,200,1.2963
0.0559,0.0000,0.0000,0.0000,0.0559,0.0000,200,1.2611
0.0339,0.0000,0.0000,0.0000,0.0338,0.0000,200,1.2837
0.0059,0.0000,0.0000,0.0000,0.0058,0.0001,200,1.3120
0.0068,0.0000,0.0000,0.0000,0.0067,0.0000,200,1.3115
0.0179,0.0000,0.0000,0.0000,0.0175,0.0004,200,1.3004
0.0362,0.0000,0.0000,0.0000,0.0361,0.0001,200,1.2829
0.0485,0.0000,0.0000,0.0000,0.0484,0.0000,200,1.2710
0.0138,0.0000,0.0000,0.0000,0.0135,0.0001,200,1.3061
0.0033,0.0000,0.0000,0.0000,0.0033,0.0000,200,1.3170
0.0594,0.0000,0.0000,0.0000,0.0594,0.0000,200,1.2611
0.0081,0.0000,0.0000,0.0000,0.0080,0.0000,200,1.3132
0.0256,0.0000,0.0000,0.0000,0.0256,0.0000,200,1.2958
0.0130,0.0000,0.0000,0.0000,0.0129,0.0000,200,1.3085
0.0054,0.0000,0.0000,0.0000,0.0053,0.0000,200,1.3169
0.0147,0.0000,0.0000,0.0000,0.0141,0.0005,200,1.3080
0.0416,0.0000,0.0000,0.0000,0.0415,0.0000,200,1.2817
0.0134,0.0000,0.0000,0.0000,0.0133,0.0000,200,1.3101
0.0041,0.0000,0.0000,0.0000,0.0040,0.0000,200,1.3199
0.0234,0.0000,0.0000,0.0000,0.0233,0.0000,200,1.3012
0.0939,0.0000,0.0000,0.0001,0.0937,0.0001,200,1.2311
0.0159,0.0000,0.0000,0.0000,0.0158,0.0000,200,1.3096
0.0041,0.0000,0.0000,0.0000,0.0041,0.0000,200,1.3215
0.0046,0.0000,0.0000,0.0000,0.0044,0.0001,200,1.3212
0.0274,0.0000,0.0000,0.0000,0.0271,0.0001,200,1.2987
0.0294,0.0000,0.0000,0.0000,0.0293,0.0001,200,1.2972
0.0413,0.0000,0.0000,0.0000,0.0412,0.0001,200,1.2859
0.0361,0.0000,0.0000,0.0000,0.0356,0.0005,200,1.2919
0.0090,0.0000,0.0000,0.0000,0.0090,0.0000,200,1.3191
0.0152,0.0000,0.0000,0.0000,0.0151,0.0000,200,1.3129
0.0027,0.0000,0.0000,0.0000,0.0026,0.0001,200,1.3261
0.0097,0.0000,0.0000,0.0000,0.0095,0.0001,200,1.3194
0.0341,0.0000,0.0000,0.0000,0.0340,0.0000,200,1.2953
0.0450,0.0000,0.0000,0.0000,0.0449,0.0001,200,1.2847
0.0047,0.0000,0.0000,0.0000,0.0046,0.0001,200,1.3255
0.0056,0.0000,0.0000,0.0000,0.0055,0.0000,200,1.3256
0.0045,0.0000,0.0000,0.0000,0.0045,0.0000,200,1.3266
0.0031,0.0000,0.0000,0.0000,0.0031,0.0000,200,1.3281
0.0160,0.0000,0.0000,0.0000,0.0160,0.0000,200,1.3154
0.0577,0.0000,0.0000,0.0000,0.0577,0.0000,200,1.2745
0.0032,0.0000,0.0000,0.0001,0.0030,0.0001,200,1.3291
0.0087,0.0000,0.0000,0.0000,0.0086,0.0000,200,1.3240
0.0267,0.0000,0.0000,0.0000,0.0266,0.0001,200,1.3063
0.0151,0.0000,0.0000,0.0000,0.0150,0.0001,200,1.3183
0.0414,0.0000,0.0000,0.0000,0.0413,0.0000,200,1.2926
0.0109,0.0000,0.0000,0.0000,0.0108,0.0000,200,1.3235
0.0193,0.0000,0.0000,0.0000,0.0192,0.0000,200,1.3155
0.0255,0.0000,0.0000,0.0000,0.0254,0.0001,200,1.3097
0.1289,0.0000,0.0000,0.0000,0.1288,0.0000,200,1.2065
0.0132,0.0000,0.0000,0.0000,0.0131,0.0000,200,1.3223
0.0198,0.0000,0.0000,0.0000,0.0197,0.0001,200,1.3162
0.0557,0.0000,0.0000,0.0000,0.0556,0.0001,200,1.2807
0.0155,0.0000,0.0000,0.0000,0.0154,0.0000,200,1.3214
0.0098,0.0000,0.0000,0.0001,0.0096,0.0000,200,1.3272
0.0059,0.0000,0.0000,0.0000,0.0058,0.0000,200,1.3315
0.0031,0.0000,0.0000,0.0000,0.0030,0.0000,200,1.3352
0.0072,0.0000,0.0000,0.0000,0.0068,0.0003,200,1.3312
0.0013,0.0000,0.0000,0.0000,0.0008,0.0004,200,1.3374
0.0141,0.0000,0.0000,0.0000,0.0140,0.0000,200,1.3250
0.0045,0.0000,0.0000,0.0000,0.0045,0.0000,200,1.3347
0.0092,0.0000,0.0000,0.0000,0.0091,0.0001,200,1.3302
0.0079,0.0000,0.0000,0.0000,0.0077,0.0001,200,1.3323
0.0198,0.0000,0.0000,0.0000,0.0196,0.0001,200,1.3206
0.0150,0.0000,0.0000,0.0000,0.0149,0.0000,200,1.3259
0.0058,0.0000,0.0000,0.0000,0.0057,0.0001,200,1.3355
0.0234,0.0000,0.0000,0.0000,0.0233,0.0001,200,1.3183
0.0140,0.0000,0.0000,0.0000,0.0139,0.0000,200,1.3281
0.0016,0.0000,0.0000,0.0000,0.0016,0.0000,200,1.3409
0.0201,0.0000,0.0000,0.0003,0.0197,0.0001,200,1.3227
0.0028,0.0000,0.0000,0.0001,0.0022,0.0000,200,1.3404
0.0273,0.0000,0.0000,0.0000,0.0272,0.0000,200,1.3162
0.0016,0.0000,0.0000,0.0000,0.0016,0.0000,200,1.3421
0.0053,0.0000,0.0000,0.0000,0.0052,0.0000,200,1.3392
0.0063,0.0000,0.0000,0.0000,0.0061,0.0000,200,1.3382
0.0297,0.0000,0.0000,0.0000,0.0295,0.0002,200,1.3156
0.0114,0.0000,0.0000,0.0000,0.0114,0.0000,200,1.3344
0.0130,0.0000,0.0000,0.0000,0.0129,0.0000,200,1.3330
0.0154,0.0000,0.0000,0.0000,0.0153,0.0000,200,1.3312
0.0103,0.0000,0.0000,0.0000,0.0102,0.0000,200,1.3364
0.0032,0.0000,0.0000,0.0000,0.0031,0.0000,200,1.3437
0.0140,0.0000,0.0000,0.0000,0.0139,0.0000,200,1.3335
0.0136,0.0000,0.0000,0.0000,0.0128,0.0005,200,1.3370
0.0600,0.0000,0.0000,0.0000,0.0599,0.0000,200,1.2907
0.0803,0.0000,0.0000,0.0000,0.0801,0.0002,200,1.2706
0.0356,0.0000,0.0000,0.0000,0.0355,0.0001,200,1.3155
0.0209,0.0000,0.0000,0.0000,0.0208,0.0000,200,1.3311
0.0197,0.0000,0.0000,0.0000,0.0196,0.0001,200,1.3327
0.0094,0.0000,0.0000,0.0000,0.0093,0.0000,200,1.3432
0.0245,0.0000,0.0000,0.0000,0.0243,0.0002,200,1.3288
0.0142,0.0000,0.0000,0.0000,0.0142,0.0000,200,1.3392
0.0639,0.0000,0.0000,0.0000,0.0635,0.0004,200,1.2904
0.0187,0.0000,0.0000,0.0000,0.0187,0.0000,200,1.3360
0.0023,0.0000,0.0000,0.0000,0.0020,0.0002,200,1.3524
0.0309,0.0000,0.0000,0.0000,0.0308,0.0001,200,1.3246
0.0262,0.0000,0.0000,0.0000,0.0262,0.0000,200,1.3297
0.0057,0.0000,0.0000,0.0000,0.0056,0.0001,200,1.3507
0.0561,0.0000,0.0000,0.0000,0.0560,0.0001,200,1.3007
0.0113,0.0000,0.0000,0.0000,0.0112,0.0001,200,1.3460
0.0341,0.0000,0.0000,0.0000,0.0340,0.0000,200,1.3232
0.0224,0.0000,0.0000,0.0000,0.0223,0.0001,200,1.3354
0.0614,0.0000,0.0000,0.0000,0.0611,0.0002,200,1.2967
0.0249,0.0000,0.0000,0.0000,0.0247,0.0001,200,1.3340
0.0073,0.0000,0.0000,0.0000,0.0069,0.0001,200,1.3544
0.0250,0.0000,0.0000,0.0000,0.0249,0.0001,200,1.3369
0.0338,0.0000,0.0000,0.0000,0.0337,0.0000,200,1.3281
0.0297,0.0000,0.0000,0.0000,0.0294,0.0002,200,1.3323
0.0104,0.0000,0.0000,0.0000,0.0103,0.0000,200,1.3521
0.0202,0.0000,0.0000,0.0000,0.0200,0.0001,200,1.3428
0.0123,0.0000,0.0000,0.0000,0.0122,0.0001,200,1.3509
0.0574,0.0000,0.0000,0.0000,0.0573,0.0001,200,1.3069
0.0440,0.0000,0.0000,0.0000,0.0440,0.0000,200,1.3204
0.0258,0.0000,0.0000,0.0000,0.0256,0.0000,200,1.3386
0.0254,0.0000,0.0000,0.0000,0.0251,0.0003,200,1.3395
0.0221,0.0000,0.0000,0.0000,0.0220,0.0001,200,1.3436
0.0015,0.0000,0.0000,0.0000,0.0012,0.0000,200,1.3644
0.0076,0.0000,0.0000,0.0000,0.0074,0.0002,200,1.3589
0.0027,0.0000,0.0000,0.0000,0.0026,0.0000,200,1.3644
0.0009,0.0000,0.0000,0.0000,0.0007,0.0002,200,1.3665
0.0200,0.0000,0.0000,0.0000,0.0199,0.0001,200,1.3475
0.0230,0.0000,0.0000,0.0002,0.0226,0.0002,200,1.3453
0.0065,0.0000,0.0000,0.0000,0.0064,0.0000,200,1.3619
0.0155,0.0000,0.0000,0.0000,0.0154,0.0000,200,1.3535
0.0138,0.0000,0.0000,0.0000,0.0137,0.0000,200,1.3555
0.0148,0.0000,0.0000,0.0000,0.0148,0.0000,200,1.3547
0.0313,0.0000,0.0000,0.0000,0.0312,0.0000,200,1.3384
0.0084,0.0000,0.0000,0.0000,0.0083,0.0000,200,1.3619
0.0140,0.0000,0.0000,0.0000,0.0138,0.0001,200,1.3568
0.0198,0.0000,0.0000,0.0000,0.0197,0.0000,200,1.3511
0.0142,0.0000,0.0000,0.0000,0.0141,0.0001,200,1.3573
0.0046,0.0000,0.0000,0.0003,0.0042,0.0001,200,1.3674
0.0548,0.0000,0.0000,0.0000,0.0547,0.0000,200,1.3176
0.0624,0.0000,0.0000,0.0000,0.0624,0.0000,200,1.3103
0.0306,0.0000,0.0000,0.0000,0.0305,0.0001,200,1.3425
0.0270,0.0000,0.0000,0.0000,0.0268,0.0001,200,1.3466
0.0218,0.0000,0.0000,0.0000,0.0216,0.0001,200,1.3525
0.0624,0.0000,0.0000,0.0000,0.0623,0.0000,200,1.3124
0.0123,0.0000,0.0000,0.0000,0.0122,0.0001,200,1.3630
0.0076,0.0000,0.0000,0.0000,0.0074,0.0001,200,1.3683
0.0295,0.0000,0.0000,0.0000,0.0294,0.0001,200,1.3468
0.0117,0.0000,0.0000,0.0000,0.0116,0.0000,200,1.3649
0.0306,0.0000,0.0000,0.0000,0.0305,0.0001,200,1.3465
0.0143,0.0000,0.0000,0.0000,0.0142,0.0000,200,1.3631
0.0057,0.0000,0.0000,0.0000,0.0056,0.0000,200,1.3753
0.0631,0.0000,0.0000,0.0000,0.0630,0.0000,200,1.3179
0.0052,0.0000,0.0000,0.0000,0.0052,0.0000,200,1.3758
0.1187,0.0000,0.0000,0.0001,0.1184,0.0000,200,1.2624
0.0191,0.0000,0.0000,0.0000,0.0190,0.0001,200,1.3620
0.0103,0.0000,0.0000,0.0000,0.0102,0.0000,200,1.3709
0.0115,0.0000,0.0000,0.0000,0.0115,0.0000,200,1.3697
0.0064,0.0000,0.0000,0.0000,0.0064,0.0000,200,1.3748
0.0411,0.0000,0.0000,0.0000,0.0410,0.0000,200,1.3402
0.0281,0.0000,0.0000,0.0000,0.0250,0.0031,200,1.3533
0.0111,0.0000,0.0000,0.0000,0.0110,0.0001,200,1.3703
0.0104,0.0000,0.0000,0.0000,0.0103,0.0001,200,1.3715
0.0240,0.0000,0.0000,0.0000,0.0237,0.0001,200,1.3581
0.0202,0.0000,0.0000,0.0000,0.0201,0.0000,200,1.3625
0.0017,0.0000,0.0000,0.0000,0.0016,0.0000,200,1.3814
0.0061,0.0000,0.0000,0.0000,0.0060,0.0001,200,1.3772
0.0270,0.0000,0.0000,0.0000,0.0268,0.0001,200,1.3616
0.0235,0.0000,0.0000,0.0001,0.0233,0.0001,200,1.3657
0.0083,0.0000,0.0000,0.0000,0.0082,0.0001,200,1.3812
0.0226,0.0000,0.0000,0.0000,0.0225,0.0000,200,1.3671
0.1090,0.0000,0.0000,0.0000,0.1089,0.0001,200,1.2811
0.0461,0.0000,0.0000,0.0000,0.0459,0.0001,200,1.3445
0.0474,0.0000,0.0000,0.0000,0.0473,0.0001,200,1.3459
0.0122,0.0000,0.0000,0.0000,0.0122,0.0000,200,1.3814
0.0131,0.0000,0.0000,0.0000,0.0130,0.0001,200,1.3810
0.0251,0.0000,0.0000,0.0000,0.0250,0.0001,200,1.3696
0.0189,0.0000,0.0000,0.0000,0.0188,0.0001,200,1.3763
0.0535,0.0000,0.0000,0.0000,0.0534,0.0000,200,1.3418
0.0453,0.0000,0.0000,0.0000,0.0450,0.0002,200,1.3507
0.0148,0.0000,0.0000,0.0000,0.0147,0.0000,200,1.3813
0.0246,0.0000,0.0000,0.0000,0.0245,0.0000,200,1.3721
0.0828,0.0000,0.0000,0.0000,0.0827,0.0001,200,1.3143
0.0013,0.0000,0.0000,0.0000,0.0012,0.0001,200,1.3960
0.0412,0.0000,0.0000,0.0000,0.0410,0.0001,200,1.3565
0.0149,0.0000,0.0000,0.0000,0.0148,0.0000,200,1.3831
0.0016,0.0000,0.0000,0.0000,0.0015,0.0000,200,1.3967
0.0178,0.0000,0.0000,0.0000,0.0176,0.0001,200,1.3811
0.0181,0.0000,0.0000,0.0000,0.0180,0.0001,200,1.3811
0.0165,0.0000,0.0000,0.0000,0.0164,0.0001,200,1.3826
0.0311,0.0000,0.0000,0.0000,0.0310,0.0001,200,1.3684
0.0187,0.0000,0.0000,0.0000,0.0186,0.0000,200,1.3812
0.0020,0.0000,0.0000,0.0000,0.0018,0.0001,200,1.3982
0.0280,0.0000,0.0000,0.0000,0.0279,0.0001,200,1.3727
0.0059,0.0000,0.0000,0.0000,0.0058,0.0000,200,1.3952
0.0304,0.0000,0.0000,0.0000,0.0303,0.0000,200,1.3709
0.0046,0.0000,0.0000,0.0000,0.0045,0.0000,200,1.3971
0.0330,0.0000,0.0000,0.0000,0.0329,0.0000,200,1.3690
0.0259,0.0000,0.0000,0.0000,0.0257,0.0002,200,1.3766
0.0215,0.0000,0.0000,0.0000,0.0215,0.0000,200,1.3811
0.0070,0.0000,0.0000,0.0000,0.0069,0.0000,200,1.3961
0.0261,0.0000,0.0000,0.0000,0.0259,0.0002,200,1.3774
0.0217,0.0000,0.0000,0.0000,0.0215,0.0001,200,1.3821
0.0107,0.0000,0.0000,0.0000,0.0106,0.0000,200,1.3933
0.0483,0.0000,0.0000,0.0000,0.0482,0.0000,200,1.3559
0.0066,0.0000,0.0000,0.0000,0.0065,0.0000,200,1.3989
0.0036,0.0000,0.0000,0.0000,0.0035,0.0000,200,1.4020
0.0065,0.0000,0.0000,0.0000,0.0064,0.0000,200,1.3992
0.0223,0.0000,0.0000,0.0000,0.0212,0.0000,200,1.3833
0.0047,0.0000,0.0000,0.0000,0.0045,0.0002,200,1.4012
0.0160,0.0000,0.0000,0.0000,0.0159,0.0001,200,1.3902
0.0171,0.0000,0.0000,0.0000,0.0166,0.0004,200,1.3895
0.0519,0.0000,0.0000,0.0000,0.0518,0.0000,200,1.3547
0.0495,0.0000,0.0000,0.0000,0.0493,0.0001,200,1.3578
0.0345,0.0000,0.0000,0.0000,0.0344,0.0001,200,1.3731
0.0040,0.0000,0.0000,0.0000,0.0036,0.0003,200,1.4038
0.0059,0.0000,0.0000,0.0000,0.0057,0.0001,200,1.4026
0.0086,0.0000,0.0000,0.0000,0.0085,0.0000,200,1.4002
0.0139,0.0000,0.0000,0.0000,0.0137,0.0002,200,1.3952
0.0146,0.0000,0.0000,0.0000,0.0145,0.0000,200,1.3946
0.0156,0.0000,0.0000,0.0005,0.0151,0.0000,200,1.3941
0.0215,0.0000,0.0000,0.0000,0.0214,0.0000,200,1.3886
0.0044,0.0000,0.0000,0.0005,0.0038,0.0000,200,1.4062
0.0435,0.0000,0.0000,0.0004,0.0431,0.0000,200,1.3674
0.0203,0.0000,0.0000,0.0000,0.0203,0.0000,200,1.3906
0.0022,0.0000,0.0000,0.0000,0.0021,0.0000,200,1.4092
0.0077,0.0000,0.0000,0.0000,0.0074,0.0001,200,1.4040
0.0040,0.0000,0.0000,0.0000,0.0040,0.0000,200,1.4078
0.0559,0.0000,0.0000,0.0000,0.0553,0.0005,200,1.3573
0.0027,0.0000,0.0000,0.0000,0.0025,0.0000,200,1.4105
0.0031,0.0000,0.0000,0.0000,0.0031,0.0000,200,1.4101
0.0023,0.0000,0.0000,0.0000,0.0023,0.0000,200,1.4110
0.0330,0.0000,0.0000,0.0000,0.0329,0.0000,200,1.3809
0.0398,0.0000,0.0000,0.0000,0.0397,0.0000,200,1.3743
0.0452,0.0000,0.0000,0.0000,0.0450,0.0001,200,1.3692
0.0117,0.0000,0.0000,0.0000,0.0116,0.0001,200,1.4031
0.0092,0.0000,0.0000,0.0000,0.0092,0.0000,200,1.4056
0.0023,0.0000,0.0000,0.0000,0.0022,0.0000,200,1.4133
0.0032,0.0000,0.0000,0.0000,0.0032,0.0000,200,1.4132
0.0130,0.0000,0.0000,0.0000,0.0129,0.0000,200,1.4035
0.0188,0.0000,0.0000,0.0000,0.0183,0.0005,200,1.4008
0.0153,0.0000,0.0000,0.0000,0.0152,0.0001,200,1.4042
0.0201,0.0000,0.0000,0.0001,0.0199,0.0000,200,1.3999
0.0232,0.0000,0.0000,0.0000,0.0231,0.0000,200,1.3973
0.0764,0.0000,0.0000,0.0000,0.0763,0.0000,200,1.3445
0.0231,0.0000,0.0000,0.0000,0.0230,0.0001,200,1.3979
0.0316,0.0000,0.0000,0.0000,0.0315,0.0000,200,1.3897
0.0086,0.0000,0.0000,0.0000,0.0086,0.0001,200,1.4132
0.0225,0.0000,0.0000,0.0000,0.0224,0.0000,200,1.3995
0.0064,0.0000,0.0000,0.0000,0.0062,0.0001,200,1.4165
0.0213,0.0000,0.0000,0.0000,0.0213,0.0000,200,1.4017
0.0019,0.0000,0.0000,0.0000,0.0018,0.0001,200,1.4219
0.0172,0.0000,0.0000,0.0000,0.0171,0.0001,200,1.4066
0.0514,0.0000,0.0000,0.0000,0.0514,0.0000,200,1.3724
0.0353,0.0000,0.0000,0.0000,0.0350,0.0003,200,1.3892
0.0129,0.0000,0.0000,0.0000,0.0127,0.0000,200,1.4117
0.0195,0.0000,0.0000,0.0000,0.0195,0.0000,200,1.4056
0.0118,0.0000,0.0000,0.0000,0.0112,0.0005,200,1.4141
0.0204,0.0000,0.0000,0.0000,0.0203,0.0000,200,1.4056
0.0056,0.0000,0.0000,0.0000,0.0055,0.0000,200,1.4208
0.0861,0.0000,0.0000,0.0001,0.0859,0.0001,200,1.3412
0.0016,0.0000,0.0000,0.0000,0.0013,0.0001,200,1.4260
0.0165,0.0000,0.0000,0.0000,0.0165,0.0000,200,1.4114
0.1476,0.0000,0.0000,0.0000,0.1475,0.0001,200,1.2810
0.0495,0.0000,0.0000,0.0000,0.0494,0.0000,200,1.3819
0.0182,0.0000,0.0000,0.0003,0.0178,0.0001,200,1.4139
0.0173,0.0000,0.0000,0.0000,0.0173,0.0000,200,1.4148
0.0161,0.0000,0.0000,0.0000,0.0160,0.0000,200,1.4164
0.0134,0.0000,0.0000,0.0000,0.0132,0.0001,200,1.4196
0.0246,0.0000,0.0000,0.0000,0.0245,0.0001,200,1.4110
0.0116,0.0000,0.0000,0.0000,0.0115,0.0000,200,1.4245
0.0274,0.0000,0.0000,0.0000,0.0273,0.0001,200,1.4092
0.0054,0.0000,0.0000,0.0000,0.0054,0.0000,200,1.4314
0.0316,0.0000,0.0000,0.0000,0.0315,0.0000,200,1.4055
0.0303,0.0000,0.0000,0.0001,0.0302,0.0000,200,1.4077
0.0025,0.0000,0.0000,0.0000,0.0024,0.0001,200,1.4356
0.1087,0.0000,0.0000,0.0000,0.1083,0.0001,200,1.3294
0.0014,0.0000,0.0000,0.0000,0.0013,0.0000,200,1.4371
0.0248,0.0000,0.0000,0.0000,0.0247,0.0000,200,1.4144
0.0305,0.0000,0.0000,0.0000,0.0304,0.0001,200,1.4088
0.0017,0.0000,0.0000,0.0000,0.0016,0.0001,200,1.4381
0.0589,0.0000,0.0000,0.0000,0.0589,0.0000,200,1.3813
0.0185,0.0000,0.0000,0.0000,0.0183,0.0000,200,1.4220
0.0751,0.0000,0.0000,0.0000,0.0750,0.0000,200,1.3659
0.0356,0.0000,0.0000,0.0000,0.0355,0.0001,200,1.4059
0.0680,0.0000,0.0000,0.0000,0.0679,0.0000,200,1.3737
0.0131,0.0000,0.0000,0.0000,0.0130,0.0001,200,1.4286
0.0162,0.0000,0.0000,0.0000,0.0161,0.0000,200,1.4259
0.0203,0.0000,0.0000,0.0001,0.0201,0.0000,200,1.4229
0.0365,0.0000,0.0000,0.0000,0.0363,0.0000,200,1.4067
0.0047,0.0000,0.0000,0.0000,0.0047,0.0000,200,1.4385
0.0336,0.0000,0.0000,0.0000,0.0334,0.0002,200,1.4097
0.0205,0.0000,0.0000,0.0000,0.0205,0.0000,200,1.4230
0.0188,0.0000,0.0000,0.0000,0.0187,0.0000,200,1.4252
0.0207,0.0000,0.0000,0.0000,0.0206,0.0000,200,1.4238
0.0019,0.0000,0.0000,0.0000,0.0015,0.0000,200,1.4432
0.0186,0.0000,0.0000,0.0000,0.0186,0.0000,200,1.4264
0.0335,0.0000,0.0000,0.0000,0.0334,0.0000,200,1.4119
0.0054,0.0000,0.0000,0.0000,0.0052,0.0001,200,1.4405
0.0138,0.0000,0.0000,0.0000,0.0137,0.0000,200,1.4325
0.0024,0.0000,0.0000,0.0000,0.0023,0.0000,200,1.4440
0.0051,0.0000,0.0000,0.0000,0.0050,0.0000,200,1.4416
0.0534,0.0000,0.0000,0.0000,0.0533,0.0001,200,1.3936
0.0465,0.0000,0.0000,0.0000,0.0464,0.0001,200,1.4012
0.0150,0.0000,0.0000,0.0001,0.0149,0.0001,200,1.4361
0.0104,0.0000,0.0000,0.0000,0.0103,0.0001,200,1.4410
0.0149,0.0000,0.0000,0.0000,0.0148,0.0000,200,1.4366
0.0190,0.0000,0.0000,0.0000,0.0189,0.0001,200,1.4329
0.0202,0.0000,0.0000,0.0000,0.0201,0.0000,200,1.4321
0.0208,0.0000,0.0000,0.0000,0.0205,0.0001,200,1.4321
0.0099,0.0000,0.0000,0.0000,0.0098,0.0000,200,1.4432
0.0325,0.0000,0.0000,0.0000,0.0324,0.0000,200,1.4211
0.0264,0.0000,0.0000,0.0001,0.0260,0.0000,200,1.4277
0.0410,0.0000,0.0000,0.0000,0.0410,0.0001,200,1.4133
0.0116,0.0000,0.0000,0.0000,0.0115,0.0001,200,1.4432
0.0071,0.0000,0.0000,0.0000,0.0071,0.0000,200,1.4478
0.0316,0.0000,0.0000,0.0000,0.0315,0.0000,200,1.4238
0.0153,0.0000,0.0000,0.0000,0.0153,0.0000,200,1.4402
0.0347,0.0000,0.0000,0.0000,0.0345,0.0001,200,1.4213
0.0100,0.0000,0.0000,0.0001,0.0098,0.0001,200,1.4463
0.0185,0.0000,0.0000,0.0000,0.0184,0.0000,200,1.4381
0.0015,0.0000,0.0000,0.0000,0.0014,0.0000,200,1.4554
0.0122,0.0000,0.0000,0.0000,0.0120,0.0002,200,1.4454
0.0065,0.0000,0.0000,0.0000,0.0064,0.0000,200,1.4514
0.0032,0.0000,0.0000,0.0000,0.0032,0.0000,200,1.4549
0.0153,0.0000,0.0000,0.0000,0.0153,0.0001,200,1.4435
0.0070,0.0000,0.0000,0.0000,0.0069,0.0000,200,1.4523
0.0104,0.0000,0.0000,0.0000,0.0103,0.0001,200,1.4536
0.0173,0.0000,0.0000,0.0000,0.0170,0.0001,200,1.4467
0.0439,0.0000,0.0000,0.0000,0.0439,0.0000,200,1.4200
0.0361,0.0000,0.0000,0.0000,0.0359,0.0002,200,1.4280
0.0182,0.0000,0.0000,0.0003,0.0178,0.0000,200,1.4459
0.1005,0.0000,0.0000,0.0000,0.1002,0.0001,200,1.3643
0.0447,0.0000,0.0000,0.0000,0.0446,0.0001,200,1.4205
0.0276,0.0000,0.0000,0.0000,0.0275,0.0000,200,1.4380
0.0129,0.0000,0.0000,0.0000,0.0128,0.0002,200,1.4530
0.0230,0.0000,0.0000,0.0000,0.0229,0.0000,200,1.4433
0.0298,0.0000,0.0000,0.0000,0.0297,0.0001,200,1.4368
0.0123,0.0000,0.0000,0.0000,0.0122,0.0000,200,1.4548
0.0109,0.0000,0.0000,0.0000,0.0108,0.0000,200,1.4563
0.0161,0.0000,0.0000,0.0000,0.0160,0.0000,200,1.4511
0.0123,0.0000,0.0000,0.0000,0.0122,0.0002,200,1.4555
0.0121,0.0000,0.0000,0.0005,0.0115,0.0002,200,1.4560
0.0048,0.0000,0.0000,0.0000,0.0047,0.0001,200,1.4640
0.0247,0.0000,0.0000,0.0000,0.0246,0.0001,200,1.4445
0.0231,0.0000,0.0000,0.0000,0.0231,0.0000,200,1.4463
0.0281,0.0000,0.0000,0.0000,0.0281,0.0000,200,1.4415
0.0709,0.0000,0.0000,0.0001,0.0708,0.0001,200,1.3992
0.0041,0.0000,0.0000,0.0000,0.0041,0.0001,200,1.4672
0.0047,0.0000,0.0000,0.0000,0.0046,0.0000,200,1.4667
0.0042,0.0000,0.0000,0.0000,0.0041,0.0000,200,1.4673
0.0566,0.0000,0.0000,0.0000,0.0565,0.0000,200,1.4149
0.0265,0.0000,0.0000,0.0000,0.0264,0.0001,200,1.4451
0.0150,0.0000,0.0000,0.0000,0.0150,0.0000,200,1.4569
0.0058,0.0000,0.0000,0.0000,0.0057,0.0000,200,1.4663
0.0652,0.0000,0.0000,0.0000,0.0648,0.0001,200,1.4074
0.0191,0.0000,0.0000,0.0000,0.0190,0.0000,200,1.4540
0.0281,0.0000,0.0000,0.0000,0.0281,0.0000,200,1.4451
0.0319,0.0000,0.0000,0.0000,0.0318,0.0000,200,1.4418
0.0499,0.0000,0.0000,0.0000,0.0497,0.0001,200,1.4238
0.0167,0.0000,0.0000,0.0000,0.0166,0.0000,200,1.4576
0.0110,0.0000,0.0000,0.0000,0.0110,0.0000,200,1.4640
0.0073,0.0000,0.0000,0.0000,0.0072,0.0001,200,1.4688
0.0059,0.0000,0.0000,0.0000,0.0058,0.0001,200,1.4701
0.0180,0.0000,0.0000,0.0000,0.0178,0.0001,200,1.4581
0.0033,0.0000,0.0000,0.0000,0.0032,0.0000,200,1.4732
0.0574,0.0000,0.0000,0.0000,0.0573,0.0000,200,1.4196
0.0798,0.0000,0.0000,0.0000,0.0797,0.0000,200,1.3977
0.0354,0.0000,0.0000,0.0000,0.0353,0.0001,200,1.4421
0.0045,0.0000,0.0000,0.0000,0.0044,0.0000,200,1.4736
0.0066,0.0000,0.0000,0.0000,0.0064,0.0000,200,1.4717
0.0074,0.0000,0.0000,0.0000,0.0073,0.0000,200,1.4714
0.0016,0.0000,0.0000,0.0000,0.0015,0.0000,200,1.4788
0.0558,0.0000,0.0000,0.0000,0.0558,0.0000,200,1.4246
0.0719,0.0000,0.0000,0.0000,0.0719,0.0000,200,1.4085
0.0041,0.0000,0.0000,0.0000,0.0040,0.0001,200,1.4765
0.0285,0.0000,0.0000,0.0000,0.0281,0.0004,200,1.4529
0.0254,0.0000,0.0000,0.0000,0.0253,0.0000,200,1.4566
0.0091,0.0000,0.0000,0.0000,0.0090,0.0000,200,1.4731
0.0669,0.0000,0.0000,0.0000,0.0669,0.0000,200,1.4156
0.0088,0.0000,0.0000,0.0000,0.0087,0.0000,200,1.4743
0.0812,0.0000,0.0000,0.0000,0.0811,0.0000,200,1.4025
0.0120,0.0000,0.0000,0.0000,0.0119,0.0000,200,1.4720
0.0146,0.0000,0.0000,0.0001,0.0142,0.0003,200,1.4694
0.0096,0.0000,0.0000,0.0000,0.0095,0.0000,200,1.4750
0.0029,0.0000,0.0000,0.0001,0.0027,0.0000,200,1.4820
0.0017,0.0000,0.0000,0.0000,0.0015,0.0001,200,1.4837
0.0075,0.0000,0.0000,0.0000,0.0075,0.0001,200,1.4781
0.0059,0.0000,0.0000,0.0000,0.0059,0.0000,200,1.4804
0.0104,0.0000,0.0000,0.0000,0.0103,0.0000,200,1.4761
0.0030,0.0000,0.0000,0.0000,0.0029,0.0001,200,1.4840
0.0483,0.0000,0.0000,0.0000,0.0482,0.0000,200,1.4392
0.0021,0.0000,0.0000,0.0000,0.0021,0.0000,200,1.4854
0.0197,0.0000,0.0000,0.0001,0.0196,0.0000,200,1.4681
0.0231,0.0000,0.0000,0.0000,0.0230,0.0000,200,1.4652
0.0084,0.0000,0.0000,0.0000,0.0083,0.0001,200,1.4804
0.0214,0.0000,0.0000,0.0001,0.0212,0.0001,200,1.4678
0.0199,0.0000,0.0000,0.0000,0.0198,0.0000,200,1.4698
0.0261,0.0000,0.0000,0.0000,0.0260,0.0001,200,1.4641
0.0082,0.0000,0.0000,0.0000,0.0079,0.0003,200,1.4846
0.0155,0.0000,0.0000,0.0000,0.0154,0.0000,200,1.4774
0.0344,0.0000,0.0000,0.0000,0.0342,0.0002,200,1.4594
0.0217,0.0000,0.0000,0.0000,0.0216,0.0001,200,1.4721
0.0205,0.0000,0.0000,0.0001,0.0204,0.0000,200,1.4737
0.0059,0.0000,0.0000,0.0001,0.0056,0.0001,200,1.4888
0.0050,0.0000,0.0000,0.0000,0.0049,0.0000,200,1.4897
0.0146,0.0000,0.0000,0.0000,0.0145,0.0001,200,1.4804
0.0563,0.0000,0.0000,0.0000,0.0562,0.0000,200,1.4393
0.0119,0.0000,0.0000,0.0000,0.0119,0.0000,200,1.4840
0.0202,0.0000,0.0000,0.0000,0.0201,0.0000,200,1.4760
0.0017,0.0000,0.0000,0.0000,0.0016,0.0001,200,1.4950
0.0024,0.0000,0.0000,0.0000,0.0023,0.0000,200,1.4947
0.0198,0.0000,0.0000,0.0000,0.0196,0.0001,200,1.4775
0.0218,0.0000,0.0000,0.0000,0.0215,0.0000,200,1.4761
0.0268,0.0000,0.0000,0.0000,0.0266,0.0001,200,1.4714
0.0326,0.0000,0.0000,0.0003,0.0322,0.0000,200,1.4660
0.0178,0.0000,0.0000,0.0000,0.0175,0.0003,200,1.4815
0.0115,0.0000,0.0000,0.0000,0.0114,0.0000,200,1.4878
0.0219,0.0000,0.0000,0.0000,0.0218,0.0000,200,1.4783
0.0127,0.0000,0.0000,0.0000,0.0126,0.0000,200,1.4875
0.0011,0.0000,0.0000,0.0000,0.0009,0.0001,200,1.4993
0.0204,0.0000,0.0000,0.0000,0.0203,0.0000,200,1.4805
0.0084,0.0000,0.0000,0.0000,0.0082,0.0001,200,1.4929
0.0135,0.0000,0.0000,0.0000,0.0134,0.0001,200,1.4883
0.0062,0.0000,0.0000,0.0000,0.0061,0.0000,200,1.4959
0.0083,0.0000,0.0000,0.0000,0.0079,0.0004,200,1.4947
0.0560,0.0000,0.0000,0.0000,0.0559,0.0001,200,1.4471
0.0060,0.0000,0.0000,0.0000,0.0058,0.0002,200,1.4972
0.0064,0.0000,0.0000,0.0000,0.0064,0.0000,200,1.4971
0.0138,0.0000,0.0000,0.0000,0.0137,0.0000,200,1.4901
0.0020,0.0000,0.0000,0.0000,0.0019,0.0000,200,1.5021
0.0181,0.0000,0.0000,0.0000,0.0181,0.0000,200,1.4863
0.0324,0.0000,0.0000,0.0001,0.0323,0.0000,200,1.4725
0.0073,0.0000,0.0000,0.0000,0.0073,0.0000,200,1.4982
0.0163,0.0000,0.0000,0.0000,0.0162,0.0000,200,1.4893
0.0099,0.0000,0.0000,0.0000,0.0098,0.0001,200,1.4962
0.0216,0.0000,0.0000,0.0000,0.0215,0.0001,200,1.4849
0.0438,0.0000,0.0000,0.0000,0.0437,0.0001,200,1.4640
0.0085,0.0000,0.0000,0.0000,0.0084,0.0001,200,1.4993
0.0366,0.0000,0.0000,0.0000,0.0365,0.0000,200,1.4713
0.0214,0.0000,0.0000,0.0003,0.0209,0.0000,200,1.4866
0.0214,0.0000,0.0000,0.0000,0.0211,0.0003,200,1.4876
0.0818,0.0000,0.0000,0.0000,0.0813,0.0004,200,1.4273
0.0066,0.0000,0.0000,0.0000,0.0065,0.0000,200,1.5030
0.0231,0.0000,0.0000,0.0001,0.0227,0.0002,200,1.4871
0.0063,0.0000,0.0000,0.0000,0.0063,0.0001,200,1.5055
0.0118,0.0000,0.0000,0.0000,0.0118,0.0001,200,1.5001
0.0082,0.0000,0.0000,0.0000,0.0051,0.0031,200,1.5040
0.0455,0.0000,0.0000,0.0000,0.0431,0.0024,200,1.4671
0.0118,0.0000,0.0000,0.0000,0.0109,0.0009,200,1.5009
0.0049,0.0000,0.0000,0.0000,0.0040,0.0009,200,1.5078
0.0116,0.0000,0.0000,0.0000,0.0106,0.0010,200,1.5012
0.0097,0.0000,0.0000,0.0000,0.0097,0.0000,200,1.5035
0.0496,0.0000,0.0000,0.0000,0.0495,0.0001,200,1.4641
0.0139,0.0000,0.0000,0.0000,0.0137,0.0002,200,1.5001
0.0553,0.0000,0.0000,0.0000,0.0552,0.0000,200,1.4589
0.0052,0.0000,0.0000,0.0022,0.0029,0.0001,200,1.5096
0.0638,0.0000,0.0000,0.0000,0.0637,0.0000,200,1.4514
0.0224,0.0000,0.0000,0.0000,0.0223,0.0000,200,1.4929
0.0081,0.0000,0.0000,0.0000,0.0080,0.0001,200,1.5079
0.0016,0.0000,0.0000,0.0000,0.0015,0.0001,200,1.5149
0.0088,0.0000,0.0000,0.0003,0.0076,0.0001,200,1.5079
0.0193,0.0000,0.0000,0.0000,0.0193,0.0000,200,1.4978
0.0189,0.0000,0.0000,0.0000,0.0188,0.0001,200,1.4986
0.0238,0.0000,0.0000,0.0000,0.0236,0.0001,200,1.4942
0.0023,0.0000,0.0000,0.0000,0.0022,0.0000,200,1.5167
0.0064,0.0000,0.0000,0.0000,0.0064,0.0000,200,1.5127
0.0177,0.0000,0.0000,0.0000,0.0176,0.0000,200,1.5017
0.0256,0.0000,0.0000,0.0000,0.0255,0.0000,200,1.4938
0.0154,0.0000,0.0000,0.0000,0.0151,0.0002,200,1.5041
0.0236,0.0000,0.0000,0.0000,0.0235,0.0000,200,1.4967
0.0047,0.0000,0.0000,0.0000,0.0041,0.0005,200,1.5165
0.0524,0.0000,0.0000,0.0001,0.0518,0.0004,200,1.4692
0.0064,0.0000,0.0000,0.0000,0.0063,0.0000,200,1.5153
0.0187,0.0000,0.0000,0.0000,0.0186,0.0000,200,1.5030
0.0639,0.0000,0.0000,0.0000,0.0627,0.0012,200,1.4579
0.0366,0.0000,0.0000,0.0000,0.0366,0.0000,200,1.4856
0.0078,0.0000,0.0000,0.0000,0.0077,0.0000,200,1.5153
0.0037,0.0000,0.0000,0.0000,0.0036,0.0000,200,1.5195
0.0020,0.0000,0.0000,0.0000,0.0019,0.0001,200,1.5216
0.0115,0.0000,0.0000,0.0000,0.0114,0.0000,200,1.5127
0.0195,0.0000,0.0000,0.0000,0.0195,0.0000,200,1.5050
0.0113,0.0000,0.0000,0.0000,0.0113,0.0000,200,1.5132
0.0016,0.0000,0.0000,0.0000,0.0015,0.0000,200,1.5236
0.0076,0.0000,0.0000,0.0000,0.0075,0.0001,200,1.5180
0.0137,0.0000,0.0000,0.0000,0.0135,0.0002,200,1.5126
0.0221,0.0000,0.0000,0.0000,0.0219,0.0002,200,1.5044
0.0112,0.0000,0.0000,0.0000,0.0110,0.0001,200,1.5159
0.0153,0.0000,0.0000,0.0003,0.0149,0.0001,200,1.5122
0.0620,0.0000,0.0000,0.0000,0.0619,0.0000,200,1.4655
0.0138,0.0000,0.0000,0.0000,0.0138,0.0000,200,1.5141
0.0108,0.0000,0.0000,0.0003,0.0104,0.0000,200,1.5176
0.0027,0.0000,0.0000,0.0000,0.0025,0.0001,200,1.5263
0.0643,0.0000,0.0000,0.0000,0.0643,0.0001,200,1.4648
0.0367,0.0000,0.0000,0.0000,0.0366,0.0000,200,1.4938
0.0090,0.0000,0.0000,0.0000,0.0089,0.0001,200,1.5217
0.0117,0.0000,0.0000,0.0000,0.0116,0.0000,200,1.5190
0.0117,0.0000,0.0000,0.0000,0.0116,0.0000,200,1.5194
0.0356,0.0000,0.0000,0.0000,0.0355,0.0001,200,1.4956
0.0065,0.0000,0.0000,0.0000,0.0064,0.0001,200,1.5253
0.0237,0.0000,0.0000,0.0004,0.0232,0.0000,200,1.5089
0.0248,0.0000,0.0000,0.0000,0.0247,0.0000,200,1.5078
0.0110,0.0000,0.0000,0.0000,0.0107,0.0002,200,1.5218
0.0189,0.0000,0.0000,0.0001,0.0187,0.0000,200,1.5142
0.0622,0.0000,0.0000,0.0000,0.0622,0.0000,200,1.4714
0.0160,0.0000,0.0000,0.0000,0.0159,0.0000,200,1.5191
0.0064,0.0000,0.0000,0.0000,0.0060,0.0004,200,1.5291
0.0036,0.0000,0.0000,0.0000,0.0036,0.0000,200,1.5318
0.0137,0.0000,0.0000,0.0000,0.0136,0.0000,200,1.5223
0.0057,0.0000,0.0000,0.0000,0.0053,0.0000,200,1.5307
0.0304,0.0000,0.0000,0.0000,0.0300,0.0000,200,1.5065
0.0124,0.0000,0.0000,0.0000,0.0122,0.0002,200,1.5246
0.0203,0.0000,0.0000,0.0001,0.0200,0.0000,200,1.5172
0.0028,0.0000,0.0000,0.0000,0.0027,0.0000,200,1.5355
0.0282,0.0000,0.0000,0.0018,0.0263,0.0000,200,1.5101
0.0079,0.0000,0.0000,0.0000,0.0078,0.0001,200,1.5307
0.0266,0.0000,0.0000,0.0000,0.0265,0.0000,200,1.5128
0.0124,0.0000,0.0000,0.0000,0.0123,0.0001,200,1.5275
0.0172,0.0000,0.0000,0.0000,0.0172,0.0000,200,1.5232
0.0293,0.0000,0.0000,0.0000,0.0292,0.0000,200,1.5119
0.0584,0.0000,0.0000,0.0000,0.0583,0.0001,200,1.4831
0.0387,0.0000,0.0000,0.0000,0.0386,0.0001,200,1.5033
0.0061,0.0000,0.0000,0.0000,0.0060,0.0000,200,1.5360
0.0060,0.0000,0.0000,0.0000,0.0058,0.0001,200,1.5370
0.0071,0.0000,0.0000,0.0000,0.0070,0.0000,200,1.5364
0.0071,0.0000,0.0000,0.0000,0.0070,0.0001,200,1.5374
0.0050,0.0000,0.0000,0.0001,0.0049,0.0000,200,1.5399
0.0108,0.0000,0.0000,0.0000,0.0108,0.0001,200,1.5351
0.0177,0.0000,0.0000,0.0000,0.0176,0.0001,200,1.5284
0.0146,0.0000,0.0000,0.0000,0.0145,0.0000,200,1.5326
0.0656,0.0000,0.0000,0.0000,0.0655,0.0001,200,1.4825
0.0185,0.0000,0.0000,0.0000,0.0184,0.0001,200,1.5305
0.0095,0.0000,0.0000,0.0000,0.0094,0.0001,200,1.5404
0.0408,0.0000,0.0000,0.0001,0.0406,0.0000,200,1.5091
0.0173,0.0000,0.0000,0.0000,0.0170,0.0001,200,1.5328
0.0450,0.0000,0.0000,0.0000,0.0449,0.0000,200,1.5055
0.0376,0.0000,0.0000,0.0000,0.0375,0.0000,200,1.5137
0.0087,0.0000,0.0000,0.0000,0.0087,0.0000,200,1.5430
0.0104,0.0000,0.0000,0.0000,0.0104,0.0000,200,1.5419
0.0114,0.0000,0.0000,0.0000,0.0113,0.0000,200,1.5412
0.0149,0.0000,0.0000,0.0000,0.0148,0.0001,200,1.5384
0.0479,0.0000,0.0000,0.0000,0.0478,0.0001,200,1.5062
0.0726,0.0000,0.0000,0.0000,0.0725,0.0000,200,1.4823
0.0346,0.0000,0.0000,0.0001,0.0341,0.0001,200,1.5212
0.0120,0.0000,0.0000,0.0000,0.0118,0.0000,200,1.5449
0.0183,0.0000,0.0000,0.0000,0.0182,0.0001,200,1.5394
0.1068,0.0000,0.0000,0.0000,0.1067,0.0000,200,1.4519
0.0098,0.0000,0.0000,0.0000,0.0097,0.0000,200,1.5499
0.0094,0.0000,0.0000,0.0000,0.0093,0.0001,200,1.5513
0.0414,0.0000,0.0000,0.0000,0.0413,0.0001,200,1.5203
0.0103,0.0000,0.0000,0.0000,0.0103,0.0000,200,1.5524
0.0264,0.0000,0.0000,0.0000,0.0264,0.0000,200,1.5369
0.0159,0.0000,0.0000,0.0000,0.0158,0.0001,200,1.5482
0.0039,0.0000,0.0000,0.0001,0.0037,0.0001,200,1.5607
0.0228,0.0000,0.0000,0.0000,0.0227,0.0000,200,1.5421
0.0126,0.0000,0.0000,0.0000,0.0125,0.0000,200,1.5533
0.0226,0.0000,0.0000,0.0000,0.0225,0.0000,200,1.5446
0.0425,0.0000,0.0000,0.0000,0.0425,0.0000,200,1.5256
0.0421,0.0000,0.0000,0.0000,0.0420,0.0001,200,1.5271
0.0279,0.0000,0.0000,0.0001,0.0278,0.0001,200,1.5415
0.0423,0.0000,0.0000,0.0000,0.0422,0.0000,200,1.5279
0.0053,0.0000,0.0000,0.0000,0.0051,0.0001,200,1.5659
0.0210,0.0000,0.0000,0.0000,0.0209,0.0001,200,1.5505
0.0956,0.0000,0.0000,0.0000,0.0956,0.0000,200,1.4770
0.0036,0.0000,0.0000,0.0000,0.0035,0.0001,200,1.5694
0.0044,0.0000,0.0000,0.0000,0.0042,0.0001,200,1.5692
0.0502,0.0000,0.0000,0.0002,0.0499,0.0001,200,1.5242
0.0138,0.0000,0.0000,0.0000,0.0136,0.0001,200,1.5617
0.0263,0.0000,0.0000,0.0000,0.0262,0.0000,200,1.5501
0.0391,0.0000,0.0000,0.0000,0.0390,0.0001,200,1.5383
0.0325,0.0000,0.0000,0.0000,0.0324,0.0000,200,1.5459
0.0060,0.0000,0.0000,0.0000,0.0059,0.0000,200,1.5736
0.0347,0.0000,0.0000,0.0000,0.0345,0.0001,200,1.5461
0.0573,0.0000,0.0000,0.0000,0.0572,0.0000,200,1.5245
0.0026,0.0000,0.0000,0.0000,0.0025,0.0000,200,1.5796
0.0248,0.0000,0.0000,0.0000,0.0246,0.0000,200,1.5577
0.0198,0.0000,0.0000,0.0000,0.0198,0.0000,200,1.5633
0.0186,0.0000,0.0000,0.0000,0.0185,0.0000,200,1.5649
0.0019,0.0000,0.0000,0.0000,0.0019,0.0000,200,1.5822
0.0617,0.0000,0.0000,0.0000,0.0616,0.0000,200,1.5230
0.0128,0.0000,0.0000,0.0000,0.0127,0.0000,200,1.5726
0.0118,0.0000,0.0000,0.0000,0.0116,0.0001,200,1.5774
0.0329,0.0000,0.0000,0.0000,0.0328,0.0001,200,1.5568
0.0124,0.0000,0.0000,0.0000,0.0124,0.0000,200,1.5784
0.0086,0.0000,0.0000,0.0000,0.0085,0.0001,200,1.5832
0.0592,0.0000,0.0000,0.0000,0.0591,0.0001,200,1.5336
0.0503,0.0000,0.0000,0.0000,0.0502,0.0001,200,1.5435
0.0320,0.0000,0.0000,0.0000,0.0318,0.0001,200,1.5627
0.0627,0.0000,0.0000,0.0000,0.0627,0.0001,200,1.5330
0.0752,0.0000,0.0000,0.0000,0.0751,0.0000,200,1.5217
0.0860,0.0000,0.0000,0.0006,0.0853,0.0001,200,1.5120
0.0310,0.0000,0.0000,0.0000,0.0309,0.0001,200,1.5681
0.0109,0.0000,0.0000,0.0000,0.0108,0.0000,200,1.5892
0.0294,0.0000,0.0000,0.0000,0.0293,0.0000,200,1.5715
0.0193,0.0000,0.0000,0.0000,0.0192,0.0000,200,1.5819
0.0665,0.0000,0.0000,0.0000,0.0664,0.0000,200,1.5355
0.0465,0.0000,0.0000,0.0000,0.0464,0.0000,200,1.5559
0.1486,0.0000,0.0000,0.0000,0.1484,0.0000,200,1.4543
0.0126,0.0000,0.0000,0.0000,0.0125,0.0000,200,1.5908
0.0340,0.0000,0.0000,0.0000,0.0339,0.0001,200,1.5702
0.0399,0.0000,0.0000,0.0000,0.0398,0.0000,200,1.5646
0.0032,0.0000,0.0000,0.0000,0.0031,0.0001,200,1.6020
0.1662,0.0000,0.0000,0.0000,0.1661,0.0001,200,1.4398
0.0349,0.0000,0.0000,0.0000,0.0347,0.0001,200,1.5711
0.0141,0.0000,0.0000,0.0000,0.0140,0.0000,200,1.5928
0.0027,0.0000,0.0000,0.0000,0.0027,0.0000,200,1.6045
0.0051,0.0000,0.0000,0.0000,0.0050,0.0001,200,1.6029
0.0022,0.0000,0.0000,0.0000,0.0022,0.0000,200,1.6060
0.0151,0.0000,0.0000,0.0000,0.0149,0.0001,200,1.5938
0.0821,0.0000,0.0000,0.0000,0.0820,0.0001,200,1.5275
0.0584,0.0000,0.0000,0.0000,0.0583,0.0000,200,1.5517
0.0055,0.0000,0.0000,0.0000,0.0054,0.0000,200,1.6052
0.0265,0.0000,0.0000,0.0000,0.0265,0.0000,200,1.5847
0.0139,0.0000,0.0000,0.0000,0.0138,0.0001,200,1.5980
0.0857,0.0000,0.0000,0.0000,0.0856,0.0000,200,1.5291
0.0070,0.0000,0.0000,0.0000,0.0069,0.0000,200,1.6080
0.0384,0.0000,0.0000,0.0000,0.0384,0.0000,200,1.5765
0.0060,0.0000,0.0000,0.0000,0.0060,0.0000,200,1.6089
0.0203,0.0000,0.0000,0.0000,0.0203,0.0000,200,1.5947
0.0615,0.0000,0.0000,0.0000,0.0615,0.0000,200,1.5541
0.0046,0.0000,0.0000,0.0000,0.0044,0.0001,200,1.6119
0.0680,0.0000,0.0000,0.0000,0.0679,0.0000,200,1.5499
0.0223,0.0000,0.0000,0.0000,0.0222,0.0000,200,1.5958
0.0213,0.0000,0.0000,0.0000,0.0212,0.0000,200,1.5969
0.0186,0.0000,0.0000,0.0000,0.0186,0.0000,200,1.6001
0.1187,0.0000,0.0000,0.0000,0.1186,0.0001,200,1.5004
0.0207,0.0000,0.0000,0.0000,0.0206,0.0001,200,1.5991
0.0054,0.0000,0.0000,0.0000,0.0053,0.0000,200,1.6150
0.0102,0.0000,0.0000,0.0000,0.0102,0.0000,200,1.6107
0.0206,0.0000,0.0000,0.0000,0.0205,0.0001,200,1.6009
0.0576,0.0000,0.0000,0.0000,0.0575,0.0000,200,1.5641
0.0908,0.0000,0.0000,0.0000,0.0907,0.0000,200,1.5312
0.0911,0.0000,0.0000,0.0000,0.0910,0.0000,200,1.5311
0.0130,0.0000,0.0000,0.0000,0.0129,0.0000,200,1.6096
0.0038,0.0000,0.0000,0.0000,0.0037,0.0001,200,1.6191
0.0409,0.0000,0.0000,0.0000,0.0409,0.0000,200,1.5825
0.0015,0.0000,0.0000,0.0000,0.0015,0.0000,200,1.6220
0.0850,0.0000,0.0000,0.0000,0.0849,0.0000,200,1.5386
0.1053,0.0000,0.0000,0.0000,0.1052,0.0001,200,1.5194
0.0052,0.0000,0.0000,0.0000,0.0052,0.0000,200,1.6198
0.0194,0.0000,0.0000,0.0000,0.0193,0.0001,200,1.6060
0.0103,0.0000,0.0000,0.0000,0.0102,0.0001,200,1.6156
0.0078,0.0000,0.0000,0.0000,0.0077,0.0001,200,1.6181
0.0012,0.0000,0.0000,0.0000,0.0011,0.0000,200,1.6250
0.0414,0.0000,0.0000,0.0000,0.0411,0.0003,200,1.5854
0.0606,0.0000,0.0000,0.0000,0.0603,0.0002,200,1.5671
0.0807,0.0000,0.0000,0.0000,0.0806,0.0000,200,1.5471
0.0540,0.0000,0.0000,0.0000,0.0539,0.0000,200,1.5744
0.0796,0.0000,0.0000,0.0000,0.0795,0.0001,200,1.5491
0.0445,0.0000,0.0000,0.0000,0.0444,0.0001,200,1.5842
0.0032,0.0000,0.0000,0.0000,0.0031,0.0000,200,1.6259
0.0119,0.0000,0.0000,0.0000,0.0118,0.0001,200,1.6179
0.0022,0.0000,0.0000,0.0000,0.0022,0.0000,200,1.6278
0.0278,0.0000,0.0000,0.0000,0.0277,0.0001,200,1.6024
0.0070,0.0000,0.0000,0.0000,0.0069,0.0000,200,1.6236
0.0076,0.0000,0.0000,0.0000,0.0075,0.0000,200,1.6235
0.0169,0.0000,0.0000,0.0000,0.0167,0.0002,200,1.6149
0.0009,0.0000,0.0000,0.0000,0.0008,0.0001,200,1.6311
0.0054,0.0000,0.0000,0.0000,0.0053,0.0001,200,1.6268
0.0079,0.0000,0.0000,0.0000,0.0079,0.0000,200,1.6247
0.0183,0.0000,0.0000,0.0000,0.0183,0.0000,200,1.6149
0.0264,0.0000,0.0000,0.0000,0.0263,0.0000,200,1.6073
0.0038,0.0000,0.0000,0.0000,0.0037,0.0000,200,1.6298
0.0120,0.0000,0.0000,0.0000,0.0119,0.0001,200,1.6221
0.0641,0.0000,0.0000,0.0000,0.0640,0.0001,200,1.5730
0.0191,0.0000,0.0000,0.0000,0.0191,0.0000,200,1.6180
0.0334,0.0000,0.0000,0.0000,0.0333,0.0001,200,1.6042
0.1115,0.0000,0.0000,0.0000,0.1114,0.0000,200,1.5266
0.0369,0.0000,0.0000,0.0000,0.0366,0.0003,200,1.6012
0.0079,0.0000,0.0000,0.0000,0.0079,0.0000,200,1.6306
0.0288,0.0000,0.0000,0.0000,0.0285,0.0002,200,1.6102
0.0241,0.0000,0.0000,0.0000,0.0240,0.0000,200,1.6149
0.0092,0.0000,0.0000,0.0000,0.0091,0.0001,200,1.6302
0.0014,0.0000,0.0000,0.0000,0.0013,0.0000,200,1.6385
0.0216,0.0000,0.0000,0.0000,0.0215,0.0001,200,1.6187
0.0071,0.0000,0.0000,0.0000,0.0069,0.0002,200,1.6336
0.0196,0.0000,0.0000,0.0000,0.0195,0.0001,200,1.6215
0.0029,0.0000,0.0000,0.0000,0.0028,0.0001,200,1.6389
0.0271,0.0000,0.0000,0.0000,0.0269,0.0000,200,1.6149
0.0122,0.0000,0.0000,0.0000,0.0120,0.0001,200,1.6301
0.0173,0.0000,0.0000,0.0000,0.0172,0.0001,200,1.6255
0.0166,0.0000,0.0000,0.0000,0.0165,0.0000,200,1.6263
0.0148,0.0000,0.0000,0.0001,0.0147,0.0000,200,1.6287
0.0842,0.0000,0.0000,0.0000,0.0841,0.0001,200,1.5597
0.0105,0.0000,0.0000,0.0000,0.0103,0.0002,200,1.6342
0.0012,0.0000,0.0000,0.0000,0.0011,0.0000,200,1.6439
0.0372,0.0000,0.0000,0.0000,0.0370,0.0001,200,1.6083
0.0293,0.0000,0.0000,0.0000,0.0292,0.0001,200,1.6166
0.0127,0.0000,0.0000,0.0000,0.0126,0.0000,200,1.6333
0.0080,0.0000,0.0000,0.0000,0.0079,0.0000,200,1.6380
0.0073,0.0000,0.0000,0.0000,0.0071,0.0001,200,1.6394
0.0151,0.0000,0.0000,0.0000,0.0150,0.0001,200,1.6318
0.0149,0.0000,0.0000,0.0000,0.0148,0.0001,200,1.6326
0.0265,0.0000,0.0000,0.0000,0.0264,0.0001,200,1.6216
0.0100,0.0000,0.0000,0.0000,0.0100,0.0000,200,1.6381
0.0201,0.0000,0.0000,0.0000,0.0200,0.0001,200,1.6287
0.0964,0.0000,0.0000,0.0000,0.0963,0.0001,200,1.5526
0.0039,0.0000,0.0000,0.0000,0.0036,0.0002,200,1.6460
0.0432,0.0000,0.0000,0.0000,0.0431,0.0001,200,1.6069
0.0095,0.0000,0.0000,0.0001,0.0093,0.0000,200,1.6408
0.0123,0.0000,0.0000,0.0001,0.0121,0.0000,200,1.6390
0.0025,0.0000,0.0000,0.0000,0.0024,0.0000,200,1.6488
0.0289,0.0000,0.0000,0.0000,0.0288,0.0000,200,1.6226
0.0104,0.0000,0.0000,0.0000,0.0103,0.0000,200,1.6411
0.0240,0.0000,0.0000,0.0000,0.0237,0.0001,200,1.6284
0.0075,0.0000,0.0000,0.0000,0.0073,0.0001,200,1.6455
0.0219,0.0000,0.0000,0.0000,0.0217,0.0001,200,1.6321
0.0340,0.0000,0.0000,0.0001,0.0337,0.0002,200,1.6229
0.0041,0.0000,0.0000,0.0000,0.0040,0.0001,200,1.6530
0.0658,0.0000,0.0000,0.0000,0.0657,0.0000,200,1.5917
0.0469,0.0000,0.0000,0.0000,0.0467,0.0002,200,1.6112
0.0375,0.0000,0.0000,0.0000,0.0375,0.0000,200,1.6209
0.0115,0.0000,0.0000,0.0000,0.0114,0.0001,200,1.6469
0.0075,0.0000,0.0000,0.0001,0.0069,0.0000,200,1.6515
0.0130,0.0000,0.0000,0.0000,0.0129,0.0000,200,1.6461
0.0114,0.0000,0.0000,0.0000,0.0112,0.0001,200,1.6481
0.0196,0.0000,0.0000,0.0000,0.0195,0.0000,200,1.6403
0.0567,0.0000,0.0000,0.0000,0.0566,0.0000,200,1.6034
0.0185,0.0000,0.0000,0.0000,0.0184,0.0001,200,1.6422
0.0163,0.0000,0.0000,0.0001,0.0160,0.0000,200,1.6448
0.0157,0.0000,0.0000,0.0000,0.0157,0.0000,200,1.6459
0.0034,0.0000,0.0000,0.0000,0.0033,0.0000,200,1.6584
0.0122,0.0000,0.0000,0.0000,0.0121,0.0001,200,1.6501
0.0203,0.0000,0.0000,0.0000,0.0203,0.0000,200,1.6420
0.0129,0.0000,0.0000,0.0002,0.0126,0.0001,200,1.6499
0.0047,0.0000,0.0000,0.0000,0.0046,0.0000,200,1.6581
0.0024,0.0000,0.0000,0.0000,0.0023,0.0001,200,1.6611
0.0204,0.0000,0.0000,0.0001,0.0202,0.0000,200,1.6435
0.0044,0.0000,0.0000,0.0002,0.0040,0.0000,200,1.6596
0.0247,0.0000,0.0000,0.0000,0.0246,0.0001,200,1.6399
0.0188,0.0000,0.0000,0.0000,0.0187,0.0001,200,1.6467
0.0136,0.0000,0.0000,0.0000,0.0135,0.0001,200,1.6524
0.0211,0.0000,0.0000,0.0000,0.0209,0.0001,200,1.6450
0.0021,0.0000,0.0000,0.0000,0.0020,0.0000,200,1.6646
0.0045,0.0000,0.0000,0.0000,0.0045,0.0000,200,1.6628
0.0073,0.0000,0.0000,0.0000,0.0070,0.0002,200,1.6601
0.0162,0.0000,0.0000,0.0000,0.0161,0.0000,200,1.6513
0.0187,0.0000,0.0000,0.0001,0.0185,0.0000,200,1.6491
0.0026,0.0000,0.0000,0.0000,0.0023,0.0001,200,1.6655
0.0078,0.0000,0.0000,0.0000,0.0077,0.0000,200,1.6607
0.0049,0.0000,0.0000,0.0000,0.0048,0.0000,200,1.6640
0.0178,0.0000,0.0000,0.0000,0.0156,0.0000,200,1.6515
0.0220,0.0000,0.0000,0.0000,0.0219,0.0000,200,1.6475
0.0409,0.0000,0.0000,0.0000,0.0409,0.0000,200,1.6292
0.0019,0.0000,0.0000,0.0000,0.0019,0.0000,200,1.6685
0.0951,0.0000,0.0000,0.0000,0.0950,0.0000,200,1.5754
0.0135,0.0000,0.0000,0.0000,0.0134,0.0000,200,1.6572
0.0032,0.0000,0.0000,0.0000,0.0031,0.0001,200,1.6677
0.0127,0.0000,0.0000,0.0000,0.0126,0.0001,200,1.6585
0.0481,0.0000,0.0000,0.0000,0.0480,0.0001,200,1.6234
0.1174,0.0000,0.0000,0.0000,0.1173,0.0001,200,1.5549
0.0052,0.0000,0.0000,0.0000,0.0051,0.0000,200,1.6674
0.0024,0.0000,0.0000,0.0000,0.0023,0.0000,200,1.6704
0.0455,0.0000,0.0000,0.0000,0.0454,0.0000,200,1.6277
0.0529,0.0000,0.0000,0.0000,0.0529,0.0000,200,1.6204
0.0033,0.0000,0.0000,0.0000,0.0032,0.0001,200,1.6706
0.0057,0.0000,0.0000,0.0000,0.0055,0.0002,200,1.6705
0.0036,0.0000,0.0000,0.0000,0.0035,0.0001,200,1.6732
0.0457,0.0000,0.0000,0.0000,0.0457,0.0000,200,1.6322
0.0046,0.0000,0.0000,0.0000,0.0046,0.0000,200,1.6733
0.0267,0.0000,0.0000,0.0000,0.0267,0.0000,200,1.6513
0.0069,0.0000,0.0000,0.0000,0.0069,0.0000,200,1.6712
0.0193,0.0000,0.0000,0.0000,0.0192,0.0000,200,1.6590
0.0023,0.0000,0.0000,0.0000,0.0022,0.0001,200,1.6763
0.0077,0.0000,0.0000,0.0001,0.0075,0.0000,200,1.6710
0.0223,0.0000,0.0000,0.0000,0.0222,0.0000,200,1.6569
0.1501,0.0000,0.0000,0.0000,0.1500,0.0001,200,1.5326
0.0100,0.0000,0.0000,0.0000,0.0099,0.0000,200,1.6728
0.0044,0.0000,0.0000,0.0000,0.0043,0.0000,200,1.6786
0.0403,0.0000,0.0000,0.0000,0.0402,0.0001,200,1.6428
0.0056,0.0000,0.0000,0.0000,0.0054,0.0000,200,1.6780
0.0152,0.0000,0.0000,0.0000,0.0151,0.0000,200,1.6688
0.0224,0.0000,0.0000,0.0000,0.0223,0.0000,200,1.6618
0.0011,0.0000,0.0000,0.0000,0.0010,0.0000,200,1.6832
0.0066,0.0000,0.0000,0.0000,0.0065,0.0000,200,1.6780
0.0951,0.0000,0.0000,0.0000,0.0950,0.0000,200,1.5897
0.0072,0.0000,0.0000,0.0000,0.0071,0.0000,200,1.6780
0.0352,0.0000,0.0000,0.0000,0.0351,0.0000,200,1.6503
0.0072,0.0000,0.0000,0.0000,0.0071,0.0000,200,1.6786
0.0492,0.0000,0.0000,0.0000,0.0490,0.0001,200,1.6372
0.0108,0.0000,0.0000,0.0000,0.0107,0.0000,200,1.6781
0.0059,0.0000,0.0000,0.0000,0.0059,0.0000,200,1.6830
0.0216,0.0000,0.0000,0.0000,0.0213,0.0000,200,1.6674
0.0262,0.0000,0.0000,0.0000,0.0261,0.0000,200,1.6628
0.1082,0.0000,0.0000,0.0000,0.1081,0.0000,200,1.5808
0.0463,0.0000,0.0000,0.0000,0.0462,0.0000,200,1.6428
0.0123,0.0000,0.0000,0.0000,0.0123,0.0000,200,1.6768
0.0042,0.0000,0.0000,0.0000,0.0041,0.0001,200,1.6849
0.0276,0.0000,0.0000,0.0000,0.0275,0.0001,200,1.6622
0.0288,0.0000,0.0000,0.0000,0.0287,0.0000,200,1.6616
0.0224,0.0000,0.0000,0.0000,0.0223,0.0000,200,1.6680
0.0014,0.0000,0.0000,0.0000,0.0013,0.0000,200,1.6891
0.0572,0.0000,0.0000,0.0000,0.0571,0.0001,200,1.6336
0.0543,0.0000,0.0000,0.0000,0.0542,0.0001,200,1.6371
0.0039,0.0000,0.0000,0.0000,0.0038,0.0000,200,1.6891
0.1096,0.0000,0.0000,0.0000,0.1093,0.0002,200,1.5835
0.0270,0.0000,0.0000,0.0000,0.0269,0.0000,200,1.6661
0.0023,0.0000,0.0000,0.0000,0.0023,0.0000,200,1.6909
0.0294,0.0000,0.0000,0.0000,0.0291,0.0003,200,1.6639
0.0041,0.0000,0.0000,0.0000,0.0040,0.0000,200,1.6914
0.0236,0.0000,0.0000,0.0000,0.0235,0.0001,200,1.6723
0.0289,0.0000,0.0000,0.0000,0.0286,0.0002,200,1.6674
0.0075,0.0000,0.0000,0.0000,0.0074,0.0000,200,1.6889
0.0114,0.0000,0.0000,0.0000,0.0111,0.0003,200,1.6858
0.0013,0.0000,0.0000,0.0000,0.0011,0.0002,200,1.6964
0.0143,0.0000,0.0000,0.0000,0.0142,0.0000,200,1.6840
0.0055,0.0000,0.0000,0.0000,0.0054,0.0000,200,1.6931
0.0150,0.0000,0.0000,0.0000,0.0150,0.0000,200,1.6835
0.0509,0.0000,0.0000,0.0000,0.0508,0.0001,200,1.6481
0.0059,0.0000,0.0000,0.0000,0.0058,0.0000,200,1.6933
0.0022,0.0000,0.0000,0.0000,0.0021,0.0000,200,1.6973
0.0155,0.0000,0.0000,0.0000,0.0155,0.0000,200,1.6845
0.0583,0.0000,0.0000,0.0000,0.0583,0.0000,200,1.6418
0.0745,0.0000,0.0000,0.0001,0.0744,0.0000,200,1.6260
0.0167,0.0000,0.0000,0.0000,0.0166,0.0000,200,1.6842
0.0059,0.0000,0.0000,0.0000,0.0058,0.0000,200,1.6955
0.0084,0.0000,0.0000,0.0000,0.0083,0.0000,200,1.6931
0.0038,0.0000,0.0000,0.0000,0.0037,0.0000,200,1.6986
0.0092,0.0000,0.0000,0.0000,0.0092,0.0000,200,1.6932
0.0454,0.0000,0.0000,0.0000,0.0453,0.0001,200,1.6575
0.0291,0.0000,0.0000,0.0000,0.0290,0.0000,200,1.6739
0.0045,0.0000,0.0000,0.0000,0.0044,0.0000,200,1.6991
0.0309,0.0000,0.0000,0.0000,0.0309,0.0000,200,1.6726
0.0343,0.0000,0.0000,0.0000,0.0342,0.0001,200,1.6701
0.0219,0.0000,0.0000,0.0002,0.0216,0.0000,200,1.6827
0.0067,0.0000,0.0000,0.0000,0.0067,0.0000,200,1.6983
0.1468,0.0000,0.0000,0.0000,0.1467,0.0000,200,1.5587
0.0211,0.0000,0.0000,0.0000,0.0210,0.0000,200,1.6852
0.0203,0.0000,0.0000,0.0000,0.0202,0.0000,200,1.6864
0.0167,0.0000,0.0000,0.0000,0.0166,0.0000,200,1.6904
0.0409,0.0000,0.0000,0.0000,0.0408,0.0001,200,1.6667
0.0083,0.0000,0.0000,0.0000,0.0083,0.0000,200,1.6995
0.0122,0.0000,0.0000,0.0001,0.0121,0.0000,200,1.6959
0.0229,0.0000,0.0000,0.0000,0.0228,0.0001,200,1.6855
0.0024,0.0000,0.0000,0.0000,0.0023,0.0000,200,1.7067
0.0459,0.0000,0.0000,0.0000,0.0458,0.0000,200,1.6635
0.0019,0.0000,0.0000,0.0000,0.0019,0.0001,200,1.7079
0.0101,0.0000,0.0000,0.0000,0.0100,0.0001,200,1.7001
0.0566,0.0000,0.0000,0.0000,0.0565,0.0000,200,1.6539
0.0016,0.0000,0.0000,0.0000,0.0015,0.0000,200,1.7090
0.0418,0.0000,0.0000,0.0000,0.0418,0.0001,200,1.6693
0.0211,0.0000,0.0000,0.0000,0.0210,0.0000,200,1.6904
0.0742,0.0000,0.0000,0.0000,0.0742,0.0000,200,1.6376
0.0228,0.0000,0.0000,0.0000,0.0228,0.0000,200,1.6890
0.0068,0.0000,0.0000,0.0000,0.0068,0.0000,200,1.7055
0.0413,0.0000,0.0000,0.0000,0.0411,0.0002,200,1.6716
0.0031,0.0000,0.0000,0.0000,0.0030,0.0000,200,1.7102
0.0251,0.0000,0.0000,0.0000,0.0249,0.0001,200,1.6889
0.0212,0.0000,0.0000,0.0000,0.0211,0.0001,200,1.6929
0.0249,0.0000,0.0000,0.0000,0.0247,0.0000,200,1.6898
0.0559,0.0000,0.0000,0.0000,0.0558,0.0000,200,1.6591
0.0152,0.0000,0.0000,0.0000,0.0151,0.0000,200,1.7002
0.0076,0.0000,0.0000,0.0001,0.0074,0.0000,200,1.7084
0.0150,0.0000,0.0000,0.0000,0.0149,0.0000,200,1.7014
0.0128,0.0000,0.0000,0.0000,0.0126,0.0001,200,1.7044
0.0186,0.0000,0.0000,0.0000,0.0185,0.0001,200,1.6992
0.0117,0.0000,0.0000,0.0000,0.0116,0.0001,200,1.7063
0.0297,0.0000,0.0000,0.0000,0.0296,0.0000,200,1.6889
0.0042,0.0000,0.0000,0.0000,0.0041,0.0001,200,1.7147
0.0349,0.0000,0.0000,0.0000,0.0348,0.0000,200,1.6843
0.0065,0.0000,0.0000,0.0000,0.0064,0.0000,200,1.7129
0.0102,0.0000,0.0000,0.0001,0.0100,0.0001,200,1.7098
0.0607,0.0000,0.0000,0.0001,0.0605,0.0000,200,1.6599
0.0037,0.0000,0.0000,0.0000,0.0036,0.0000,200,1.7172
0.0252,0.0000,0.0000,0.0000,0.0251,0.0001,200,1.6964
0.0103,0.0000,0.0000,0.0000,0.0102,0.0001,200,1.7115
0.0114,0.0000,0.0000,0.0000,0.0113,0.0000,200,1.7105
0.0198,0.0000,0.0000,0.0000,0.0197,0.0000,200,1.7024
0.0019,0.0000,0.0000,0.0000,0.0017,0.0002,200,1.7206
0.0031,0.0000,0.0000,0.0000,0.0030,0.0000,200,1.7200
0.0049,0.0000,0.0000,0.0000,0.0049,0.0000,200,1.7186
0.0237,0.0000,0.0000,0.0000,0.0236,0.0001,200,1.7005
0.0049,0.0000,0.0000,0.0000,0.0048,0.0000,200,1.7194
0.0142,0.0000,0.0000,0.0000,0.0142,0.0000,200,1.7106
0.0273,0.0000,0.0000,0.0001,0.0272,0.0000,200,1.6977
0.0029,0.0000,0.0000,0.0000,0.0028,0.0001,200,1.7226
0.0050,0.0000,0.0000,0.0000,0.0050,0.0000,200,1.7209
0.0143,0.0000,0.0000,0.0000,0.0142,0.0000,200,1.7118
0.0030,0.0000,0.0000,0.0000,0.0029,0.0001,200,1.7236
0.0649,0.0000,0.0000,0.0000,0.0648,0.0001,200,1.6623
0.0026,0.0000,0.0000,0.0000,0.0025,0.0000,200,1.7248
0.0138,0.0000,0.0000,0.0000,0.0136,0.0001,200,1.7140
0.0200,0.0000,0.0000,0.0000,0.0199,0.0000,200,1.7082
0.0240,0.0000,0.0000,0.0000,0.0239,0.0001,200,1.7046
0.0174,0.0000,0.0000,0.0000,0.0173,0.0001,200,1.7118
0.0107,0.0000,0.0000,0.0000,0.0106,0.0000,200,1.7189
0.0039,0.0000,0.0000,0.0000,0.0038,0.0001,200,1.7260
0.0267,0.0000,0.0000,0.0000,0.0265,0.0000,200,1.7036
0.0142,0.0000,0.0000,0.0000,0.0141,0.0001,200,1.7164
0.0279,0.0000,0.0000,0.0000,0.0278,0.0000,200,1.7030
0.0317,0.0000,0.0000,0.0000,0.0316,0.0001,200,1.7029
0.0177,0.0000,0.0000,0.0000,0.0176,0.0001,200,1.7177
0.0348,0.0000,0.0000,0.0000,0.0347,0.0001,200,1.7015
0.0669,0.0000,0.0000,0.0000,0.0668,0.0000,200,1.6696
0.0191,0.0000,0.0000,0.0000,0.0190,0.0001,200,1.7180
0.0593,0.0000,0.0000,0.0000,0.0592,0.0001,200,1.6783
0.0159,0.0000,0.0000,0.0000,0.0158,0.0001,200,1.7219
0.0130,0.0000,0.0000,0.0000,0.0129,0.0001,200,1.7255
0.0026,0.0000,0.0000,0.0000,0.0025,0.0001,200,1.7363
0.0361,0.0000,0.0000,0.0000,0.0358,0.0003,200,1.7036
0.0033,0.0000,0.0000,0.0000,0.0032,0.0000,200,1.7365
0.0051,0.0000,0.0000,0.0000,0.0051,0.0000,200,1.7347
0.0093,0.0000,0.0000,0.0000,0.0092,0.0001,200,1.7306
0.0613,0.0000,0.0000,0.0000,0.0611,0.0001,200,1.6793
0.0010,0.0000,0.0000,0.0000,0.0009,0.0000,200,1.7397
0.0522,0.0000,0.0000,0.0000,0.0521,0.0001,200,1.6891
0.0163,0.0000,0.0000,0.0000,0.0161,0.0001,200,1.7250
0.0124,0.0000,0.0000,0.0000,0.0122,0.0001,200,1.7297
0.0051,0.0000,0.0000,0.0000,0.0051,0.0000,200,1.7371
0.0187,0.0000,0.0000,0.0000,0.0186,0.0000,200,1.7243
0.0605,0.0000,0.0000,0.0000,0.0604,0.0000,200,1.6828
0.0144,0.0000,0.0000,0.0000,0.0143,0.0000,200,1.7292
0.0309,0.0000,0.0000,0.0000,0.0308,0.0000,200,1.7133
0.0056,0.0000,0.0000,0.0000,0.0055,0.0000,200,1.7389
0.0395,0.0000,0.0000,0.0000,0.0394,0.0000,200,1.7051
0.0052,0.0000,0.0000,0.0000,0.0051,0.0000,200,1.7398
0.0189,0.0000,0.0000,0.0000,0.0188,0.0000,200,1.7266
0.0306,0.0000,0.0000,0.0000,0.0305,0.0001,200,1.7154
0.0054,0.0000,0.0000,0.0000,0.0053,0.0000,200,1.7407
0.0045,0.0000,0.0000,0.0000,0.0044,0.0000,200,1.7421
0.0349,0.0000,0.0000,0.0000,0.0348,0.0001,200,1.7124
0.0045,0.0000,0.0000,0.0000,0.0044,0.0001,200,1.7433
0.0046,0.0000,0.0000,0.0000,0.0045,0.0001,200,1.7460
0.0067,0.0000,0.0000,0.0000,0.0064,0.0000,200,1.7446
0.0505,0.0000,0.0000,0.0000,0.0504,0.0001,200,1.7009
0.0136,0.0000,0.0000,0.0000,0.0135,0.0001,200,1.7378
0.0444,0.0000,0.0000,0.0000,0.0443,0.0000,200,1.7075
0.0278,0.0000,0.0000,0.0000,0.0276,0.0000,200,1.7242
0.0251,0.0000,0.0000,0.0000,0.0250,0.0000,200,1.7278
0.0015,0.0000,0.0000,0.0000,0.0014,0.0000,200,1.7514
0.0549,0.0000,0.0000,0.0000,0.0548,0.0001,200,1.6986
0.0159,0.0000,0.0000,0.0000,0.0157,0.0002,200,1.7405
0.0298,0.0000,0.0000,0.0000,0.0296,0.0002,200,1.7272
0.0356,0.0000,0.0000,0.0000,0.0355,0.0000,200,1.7216
0.0435,0.0000,0.0000,0.0000,0.0434,0.0001,200,1.7141
0.0297,0.0000,0.0000,0.0001,0.0295,0.0000,200,1.7281
0.0277,0.0000,0.0000,0.0000,0.0276,0.0000,200,1.7309
0.0284,0.0000,0.0000,0.0000,0.0283,0.0000,200,1.7303
0.0014,0.0000,0.0000,0.0000,0.0014,0.0000,200,1.7578
0.0199,0.0000,0.0000,0.0000,0.0199,0.0000,200,1.7398
0.0158,0.0000,0.0000,0.0000,0.0156,0.0000,200,1.7444
0.0452,0.0000,0.0000,0.0000,0.0452,0.0000,200,1.7150
0.0084,0.0000,0.0000,0.0000,0.0084,0.0000,200,1.7520
0.0332,0.0000,0.0000,0.0000,0.0331,0.0000,200,1.7275
0.0212,0.0000,0.0000,0.0000,0.0211,0.0001,200,1.7399
0.0423,0.0000,0.0000,0.0000,0.0422,0.0001,200,1.7192
0.0054,0.0000,0.0000,0.0000,0.0053,0.0001,200,1.7564
0.0044,0.0000,0.0000,0.0000,0.0042,0.0001,200,1.7576
0.0557,0.0000,0.0000,0.0000,0.0554,0.0002,200,1.7070
0.0043,0.0000,0.0000,0.0000,0.0042,0.0001,200,1.7586
0.0197,0.0000,0.0000,0.0000,0.0196,0.0001,200,1.7436
0.0610,0.0000,0.0000,0.0000,0.0608,0.0000,200,1.7024
0.0350,0.0000,0.0000,0.0000,0.0349,0.0000,200,1.7287
0.0028,0.0000,0.0000,0.0000,0.0027,0.0000,200,1.7611
0.0222,0.0000,0.0000,0.0000,0.0221,0.0000,200,1.7422
0.0056,0.0000,0.0000,0.0000,0.0054,0.0002,200,1.7593
0.0140,0.0000,0.0000,0.0000,0.0139,0.0000,200,1.7513
0.0022,0.0000,0.0000,0.0000,0.0021,0.0000,200,1.7633
0.0568,0.0000,0.0000,0.0000,0.0567,0.0001,200,1.7094
0.0184,0.0000,0.0000,0.0000,0.0183,0.0001,200,1.7478
0.0137,0.0000,0.0000,0.0000,0.0136,0.0001,200,1.7529
0.0146,0.0000,0.0000,0.0000,0.0144,0.0001,200,1.7529
0.0162,0.0000,0.0000,0.0000,0.0158,0.0002,200,1.7507
0.0091,0.0000,0.0000,0.0000,0.0090,0.0000,200,1.7605
0.0343,0.0000,0.0000,0.0000,0.0332,0.0011,200,1.7355
0.0102,0.0000,0.0000,0.0000,0.0101,0.0000,200,1.7597
0.0093,0.0000,0.0000,0.0000,0.0092,0.0001,200,1.7606
0.0059,0.0000,0.0000,0.0000,0.0056,0.0003,200,1.7644
0.0597,0.0000,0.0000,0.0000,0.0595,0.0002,200,1.7111
0.0052,0.0000,0.0000,0.0000,0.0051,0.0000,200,1.7661
0.0042,0.0000,0.0000,0.0000,0.0041,0.0000,200,1.7675
0.0049,0.0000,0.0000,0.0000,0.0047,0.0001,200,1.7675
0.0341,0.0000,0.0000,0.0000,0.0340,0.0001,200,1.7384
0.0091,0.0000,0.0000,0.0000,0.0089,0.0000,200,1.7637
0.0275,0.0000,0.0000,0.0000,0.0274,0.0000,200,1.7461
0.0012,0.0000,0.0000,0.0000,0.0011,0.0001,200,1.7723
0.0850,0.0000,0.0000,0.0000,0.0849,0.0000,200,1.6890
0.0368,0.0000,0.0000,0.0001,0.0365,0.0001,200,1.7376
0.0159,0.0000,0.0000,0.0000,0.0156,0.0002,200,1.7618
0.0161,0.0000,0.0000,0.0000,0.0160,0.0001,200,1.7621
0.0086,0.0000,0.0000,0.0006,0.0077,0.0002,200,1.7700
0.0203,0.0000,0.0000,0.0002,0.0200,0.0001,200,1.7587
0.0050,0.0000,0.0000,0.0000,0.0049,0.0001,200,1.7740
0.0076,0.0000,0.0000,0.0000,0.0075,0.0000,200,1.7717
0.0320,0.0000,0.0000,0.0002,0.0318,0.0001,200,1.7473
0.0574,0.0000,0.0000,0.0000,0.0573,0.0000,200,1.7222
0.0638,0.0000,0.0000,0.0000,0.0637,0.0001,200,1.7160
0.0089,0.0000,0.0000,0.0000,0.0088,0.0000,200,1.7713
0.0024,0.0000,0.0000,0.0000,0.0023,0.0000,200,1.7786
0.0244,0.0000,0.0000,0.0000,0.0243,0.0001,200,1.7571
0.0160,0.0000,0.0000,0.0000,0.0159,0.0001,200,1.7655
0.0085,0.0000,0.0000,0.0000,0.0085,0.0000,200,1.7735
0.0254,0.0000,0.0000,0.0000,0.0253,0.0000,200,1.7570
0.0415,0.0000,0.0000,0.0000,0.0414,0.0000,200,1.7413
0.0166,0.0000,0.0000,0.0000,0.0165,0.0001,200,1.7662
0.0087,0.0000,0.0000,0.0001,0.0086,0.0001,200,1.7744
0.0188,0.0000,0.0000,0.0000,0.0187,0.0001,200,1.7649
0.0017,0.0000,0.0000,0.0000,0.0016,0.0000,200,1.7824
0.0429,0.0000,0.0000,0.0000,0.0428,0.0000,200,1.7413
0.0024,0.0000,0.0000,0.0000,0.0021,0.0002,200,1.7821
0.0017,0.0000,0.0000,0.0000,0.0014,0.0002,200,1.7831
0.0035,0.0000,0.0000,0.0000,0.0029,0.0001,200,1.7815
0.0415,0.0000,0.0000,0.0000,0.0415,0.0000,200,1.7441
0.0258,0.0000,0.0000,0.0000,0.0257,0.0000,200,1.7602
0.0647,0.0000,0.0000,0.0000,0.0646,0.0000,200,1.7219
0.0143,0.0000,0.0000,0.0000,0.0141,0.0000,200,1.7727
0.0137,0.0000,0.0000,0.0000,0.0136,0.0000,200,1.7736
0.0082,0.0000,0.0000,0.0002,0.0077,0.0001,200,1.7793
0.0167,0.0000,0.0000,0.0000,0.0167,0.0000,200,1.7708
0.0037,0.0000,0.0000,0.0000,0.0036,0.0000,200,1.7845
0.0190,0.0000,0.0000,0.0001,0.0188,0.0001,200,1.7696
0.1230,0.0000,0.0000,0.0000,0.1229,0.0001,200,1.6659
0.0631,0.0000,0.0000,0.0000,0.0631,0.0000,200,1.7261
0.0231,0.0000,0.0000,0.0004,0.0226,0.0000,200,1.7666
0.0261,0.0000,0.0000,0.0000,0.0260,0.0001,200,1.7639
0.0385,0.0000,0.0000,0.0000,0.0384,0.0000,200,1.7520
0.0071,0.0000,0.0000,0.0000,0.0070,0.0000,200,1.7837
0.0103,0.0000,0.0000,0.0000,0.0102,0.0001,200,1.7810
0.0056,0.0000,0.0000,0.0000,0.0055,0.0001,200,1.7860
0.0091,0.0000,0.0000,0.0000,0.0090,0.0000,200,1.7828
0.0216,0.0000,0.0000,0.0000,0.0213,0.0000,200,1.7704
0.0628,0.0000,0.0000,0.0000,0.0627,0.0000,200,1.7299
0.0228,0.0000,0.0000,0.0000,0.0228,0.0000,200,1.7698
0.0075,0.0000,0.0000,0.0000,0.0075,0.0000,200,1.7857
0.0061,0.0000,0.0000,0.0000,0.0061,0.0000,200,1.7872
0.0021,0.0000,0.0000,0.0003,0.0018,0.0000,200,1.7919
0.0473,0.0000,0.0000,0.0000,0.0472,0.0000,200,1.7467
0.0023,0.0000,0.0000,0.0000,0.0023,0.0000,200,1.7920
0.0121,0.0000,0.0000,0.0000,0.0121,0.0000,200,1.7828
0.0043,0.0000,0.0000,0.0000,0.0041,0.0001,200,1.7908
0.0024,0.0000,0.0000,0.0000,0.0023,0.0000,200,1.7932
0.0016,0.0000,0.0000,0.0000,0.0015,0.0001,200,1.7940
0.0033,0.0000,0.0000,0.0000,0.0032,0.0001,200,1.7927
0.0175,0.0000,0.0000,0.0000,0.0174,0.0000,200,1.7793
0.0174,0.0000,0.0000,0.0003,0.0170,0.0000,200,1.7796
0.0103,0.0000,0.0000,0.0000,0.0103,0.0000,200,1.7870
0.0185,0.0000,0.0000,0.0000,0.0184,0.0001,200,1.7789
0.0525,0.0000,0.0000,0.0002,0.0521,0.0001,200,1.7455
0.0206,0.0000,0.0000,0.0000,0.0204,0.0001,200,1.7777
0.0382,0.0000,0.0000,0.0000,0.0381,0.0000,200,1.7602
0.0044,0.0000,0.0000,0.0000,0.0043,0.0000,200,1.7943
0.0191,0.0000,0.0000,0.0000,0.0190,0.0001,200,1.7802
0.0363,0.0000,0.0000,0.0000,0.0361,0.0001,200,1.7633
0.0017,0.0000,0.0000,0.0001,0.0015,0.0000,200,1.7982
0.0057,0.0000,0.0000,0.0000,0.0056,0.0000,200,1.7949
0.0156,0.0000,0.0000,0.0000,0.0153,0.0000,200,1.7850
0.1104,0.0000,0.0000,0.0000,0.1103,0.0000,200,1.6905
0.0583,0.0000,0.0000,0.0000,0.0583,0.0000,200,1.7430
0.0568,0.0000,0.0000,0.0000,0.0566,0.0001,200,1.7450
0.0366,0.0000,0.0000,0.0000,0.0365,0.0000,200,1.7653
0.0130,0.0000,0.0000,0.0000,0.0123,0.0007,200,1.7897
0.0185,0.0000,0.0000,0.0000,0.0185,0.0000,200,1.7842
0.0230,0.0000,0.0000,0.0000,0.0229,0.0001,200,1.7798
0.0134,0.0000,0.0000,0.0000,0.0133,0.0000,200,1.7899
0.0198,0.0000,0.0000,0.0000,0.0195,0.0003,200,1.7842
0.0047,0.0000,0.0000,0.0000,0.0046,0.0000,200,1.7993
0.0091,0.0000,0.0000,0.0000,0.0090,0.0000,200,1.7956
0.0155,0.0000,0.0000,0.0000,0.0154,0.0000,200,1.7892
0.0423,0.0000,0.0000,0.0000,0.0420,0.0001,200,1.7627
0.0081,0.0000,0.0000,0.0000,0.0081,0.0000,200,1.7974
0.0444,0.0000,0.0000,0.0000,0.0443,0.0001,200,1.7615
0.0108,0.0000,0.0000,0.0000,0.0107,0.0001,200,1.7956
0.0019,0.0000,0.0000,0.0000,0.0018,0.0000,200,1.8047
0.0029,0.0000,0.0000,0.0001,0.0028,0.0000,200,1.8040
0.0105,0.0000,0.0000,0.0000,0.0104,0.0000,200,1.7970
0.0069,0.0000,0.0000,0.0000,0.0068,0.0000,200,1.8006
0.0204,0.0000,0.0000,0.0000,0.0203,0.0001,200,1.7876
0.0203,0.0000,0.0000,0.0000,0.0202,0.0001,200,1.7881
0.0133,0.0000,0.0000,0.0000,0.0133,0.0000,200,1.7951
0.0021,0.0000,0.0000,0.0000,0.0018,0.0003,200,1.8070
0.0059,0.0000,0.0000,0.0000,0.0057,0.0001,200,1.8034
0.0018,0.0000,0.0000,0.0000,0.0017,0.0000,200,1.8075
0.0127,0.0000,0.0000,0.0000,0.0126,0.0000,200,1.7974
0.0074,0.0000,0.0000,0.0000,0.0073,0.0001,200,1.8027
0.0124,0.0000,0.0000,0.0000,0.0122,0.0000,200,1.7980
0.0088,0.0000,0.0000,0.0000,0.0087,0.0001,200,1.8048
0.0253,0.0000,0.0000,0.0000,0.0253,0.0000,200,1.7886
0.0265,0.0000,0.0000,0.0001,0.0263,0.0000,200,1.7875
0.0150,0.0000,0.0000,0.0000,0.0149,0.0001,200,1.7996
0.0064,0.0000,0.0000,0.0000,0.0062,0.0001,200,1.8084
0.0525,0.0000,0.0000,0.0000,0.0523,0.0001,200,1.7629
0.0293,0.0000,0.0000,0.0000,0.0291,0.0002,200,1.7866
0.0062,0.0000,0.0000,0.0000,0.0061,0.0000,200,1.8101
0.0466,0.0000,0.0000,0.0001,0.0464,0.0001,200,1.7699
0.0181,0.0000,0.0000,0.0000,0.0179,0.0001,200,1.7987
0.0115,0.0000,0.0000,0.0000,0.0114,0.0000,200,1.8055
0.0022,0.0000,0.0000,0.0000,0.0020,0.0000,200,1.8154
0.0085,0.0000,0.0000,0.0000,0.0084,0.0001,200,1.8093
0.0649,0.0000,0.0000,0.0000,0.0647,0.0001,200,1.7535
0.0028,0.0000,0.0000,0.0001,0.0024,0.0000,200,1.8159
0.0129,0.0000,0.0000,0.0000,0.0128,0.0000,200,1.8064
0.0091,0.0000,0.0000,0.0001,0.0090,0.0000,200,1.8104
0.0016,0.0000,0.0000,0.0000,0.0015,0.0001,200,1.8183
0.0275,0.0000,0.0000,0.0000,0.0275,0.0000,200,1.7927
0.0112,0.0000,0.0000,0.0000,0.0111,0.0000,200,1.8093
0.0363,0.0000,0.0000,0.0000,0.0360,0.0001,200,1.7848
0.0171,0.0000,0.0000,0.0000,0.0171,0.0000,200,1.8040
0.0038,0.0000,0.0000,0.0000,0.0037,0.0000,200,1.8178
0.0113,0.0000,0.0000,0.0000,0.0107,0.0005,200,1.8140
0.0168,0.0000,0.0000,0.0000,0.0167,0.0000,200,1.8084
0.0079,0.0000,0.0000,0.0000,0.0078,0.0000,200,1.8176
0.0228,0.0000,0.0000,0.0000,0.0228,0.0000,200,1.8027
0.0368,0.0000,0.0000,0.0000,0.0367,0.0002,200,1.7890
0.0120,0.0000,0.0000,0.0003,0.0116,0.0000,200,1.8140
0.0052,0.0000,0.0000,0.0000,0.0051,0.0001,200,1.8211
0.0329,0.0000,0.0000,0.0000,0.0328,0.0000,200,1.7940
0.0139,0.0000,0.0000,0.0000,0.0138,0.0000,200,1.8136
0.0106,0.0000,0.0000,0.0000,0.0105,0.0001,200,1.8170
0.0114,0.0000,0.0000,0.0000,0.0111,0.0002,200,1.8168
0.0136,0.0000,0.0000,0.0000,0.0136,0.0000,200,1.8146
0.0089,0.0000,0.0000,0.0000,0.0088,0.0000,200,1.8195
0.0373,0.0000,0.0000,0.0000,0.0372,0.0001,200,1.7913
0.0508,0.0000,0.0000,0.0000,0.0506,0.0002,200,1.7782
0.0033,0.0000,0.0000,0.0000,0.0032,0.0001,200,1.8260
0.0214,0.0000,0.0000,0.0000,0.0213,0.0000,200,1.8080
0.0043,0.0000,0.0000,0.0000,0.0042,0.0001,200,1.8255
0.0336,0.0000,0.0000,0.0000,0.0336,0.0000,200,1.7968
0.0152,0.0000,0.0000,0.0000,0.0151,0.0000,200,1.8162
0.0213,0.0000,0.0000,0.0001,0.0206,0.0005,200,1.8101
0.0018,0.0000,0.0000,0.0000,0.0015,0.0003,200,1.8305
0.0258,0.0000,0.0000,0.0000,0.0258,0.0000,200,1.8065
0.0072,0.0000,0.0000,0.0000,0.0072,0.0000,200,1.8252
0.0061,0.0000,0.0000,0.0000,0.0061,0.0000,200,1.8269
0.0033,0.0000,0.0000,0.0000,0.0032,0.0001,200,1.8299
0.0318,0.0000,0.0000,0.0000,0.0318,0.0000,200,1.8018
0.0047,0.0000,0.0000,0.0000,0.0046,0.0000,200,1.8294
0.0087,0.0000,0.0000,0.0000,0.0086,0.0001,200,1.8258
0.0144,0.0000,0.0000,0.0000,0.0143,0.0000,200,1.8205
0.0165,0.0000,0.0000,0.0000,0.0164,0.0001,200,1.8187
0.0076,0.0000,0.0000,0.0000,0.0070,0.0005,200,1.8284
0.0846,0.0000,0.0000,0.0000,0.0845,0.0000,200,1.7514
0.1136,0.0000,0.0000,0.0000,0.1133,0.0002,200,1.7232
0.0022,0.0000,0.0000,0.0000,0.0020,0.0002,200,1.8345
0.0040,0.0000,0.0000,0.0000,0.0039,0.0000,200,1.8330
0.0026,0.0000,0.0000,0.0000,0.0024,0.0002,200,1.8349
0.0096,0.0000,0.0000,0.0000,0.0095,0.0001,200,1.8286
0.0026,0.0000,0.0000,0.0000,0.0025,0.0001,200,1.8360
0.0116,0.0000,0.0000,0.0000,0.0115,0.0000,200,1.8275
0.0332,0.0000,0.0000,0.0000,0.0331,0.0000,200,1.8060
0.0384,0.0000,0.0000,0.0000,0.0382,0.0000,200,1.8013
0.0140,0.0000,0.0000,0.0000,0.0137,0.0003,200,1.8263
0.0016,0.0000,0.0000,0.0000,0.0015,0.0000,200,1.8390
0.0388,0.0000,0.0000,0.0000,0.0386,0.0000,200,1.8019
0.0155,0.0000,0.0000,0.0000,0.0154,0.0000,200,1.8255
0.0405,0.0000,0.0000,0.0001,0.0404,0.0000,200,1.8006
0.0087,0.0000,0.0000,0.0000,0.0085,0.0001,200,1.8332
0.0412,0.0000,0.0000,0.0000,0.0412,0.0000,200,1.8009
0.0426,0.0000,0.0000,0.0000,0.0426,0.0000,200,1.8000
0.0264,0.0000,0.0000,0.0000,0.0263,0.0000,200,1.8166
0.0061,0.0000,0.0000,0.0000,0.0060,0.0000,200,1.8370
0.0017,0.0000,0.0000,0.0000,0.0015,0.0001,200,1.8421
0.0072,0.0000,0.0000,0.0000,0.0071,0.0000,200,1.8367
0.0133,0.0000,0.0000,0.0000,0.0128,0.0003,200,1.8314
0.0081,0.0000,0.0000,0.0000,0.0079,0.0001,200,1.8367
0.0132,0.0000,0.0000,0.0000,0.0126,0.0006,200,1.8323
0.0117,0.0000,0.0000,0.0000,0.0116,0.0000,200,1.8340
0.0137,0.0000,0.0000,0.0000,0.0136,0.0001,200,1.8323
0.0253,0.0000,0.0000,0.0000,0.0252,0.0001,200,1.8210
0.0021,0.0000,0.0000,0.0000,0.0020,0.0000,200,1.8447
0.0023,0.0000,0.0000,0.0000,0.0023,0.0000,200,1.8448
0.0137,0.0000,0.0000,0.0000,0.0137,0.0000,200,1.8337
0.0224,0.0000,0.0000,0.0000,0.0223,0.0001,200,1.8253
0.0096,0.0000,0.0000,0.0000,0.0096,0.0000,200,1.8386
0.0103,0.0000,0.0000,0.0000,0.0102,0.0000,200,1.8382
0.0437,0.0000,0.0000,0.0000,0.0436,0.0000,200,1.8050
0.0175,0.0000,0.0000,0.0000,0.0173,0.0000,200,1.8314
0.0703,0.0000,0.0000,0.0000,0.0702,0.0000,200,1.7789
0.0472,0.0000,0.0000,0.0000,0.0471,0.0000,200,1.8028
0.0104,0.0000,0.0000,0.0000,0.0099,0.0005,200,1.8397
0.0012,0.0000,0.0000,0.0000,0.0011,0.0000,200,1.8493
0.0052,0.0000,0.0000,0.0000,0.0051,0.0001,200,1.8457
0.0051,0.0000,0.0000,0.0000,0.0048,0.0002,200,1.8464
0.0110,0.0000,0.0000,0.0000,0.0110,0.0000,200,1.8406
0.0053,0.0000,0.0000,0.0000,0.0052,0.0000,200,1.8468
0.0451,0.0000,0.0000,0.0000,0.0448,0.0002,200,1.8075
0.0055,0.0000,0.0000,0.0000,0.0055,0.0000,200,1.8471
0.0100,0.0000,0.0000,0.0000,0.0099,0.0001,200,1.8430
0.0019,0.0000,0.0000,0.0000,0.0017,0.0001,200,1.8515
0.0620,0.0000,0.0000,0.0000,0.0619,0.0000,200,1.7916
0.0216,0.0000,0.0000,0.0000,0.0215,0.0000,200,1.8325
0.0040,0.0000,0.0000,0.0000,0.0039,0.0001,200,1.8505
0.0048,0.0000,0.0000,0.0000,0.0047,0.0000,200,1.8501
0.0054,0.0000,0.0000,0.0000,0.0053,0.0000,200,1.8500
0.0282,0.0000,0.0000,0.0000,0.0280,0.0001,200,1.8276
0.0119,0.0000,0.0000,0.0000,0.0117,0.0001,200,1.8440
0.0123,0.0000,0.0000,0.0001,0.0121,0.0000,200,1.8438
0.0216,0.0000,0.0000,0.0000,0.0215,0.0001,200,1.8352
0.0029,0.0000,0.0000,0.0000,0.0028,0.0000,200,1.8541
0.0850,0.0000,0.0000,0.0000,0.0849,0.0000,200,1.7726
0.0024,0.0000,0.0000,0.0001,0.0022,0.0000,200,1.8559
0.0178,0.0000,0.0000,0.0000,0.0178,0.0000,200,1.8406
0.0770,0.0000,0.0000,0.0000,0.0766,0.0003,200,1.7815
0.0099,0.0000,0.0000,0.0000,0.0099,0.0000,200,1.8490
0.0660,0.0000,0.0000,0.0000,0.0660,0.0000,200,1.7933
0.0123,0.0000,0.0000,0.0000,0.0122,0.0000,200,1.8474
0.0314,0.0000,0.0000,0.0000,0.0313,0.0000,200,1.8293
0.0216,0.0000,0.0000,0.0000,0.0211,0.0004,200,1.8391
0.0028,0.0000,0.0000,0.0000,0.0028,0.0000,200,1.8584
0.0040,0.0000,0.0000,0.0000,0.0037,0.0003,200,1.8576
0.0026,0.0000,0.0000,0.0000,0.0026,0.0000,200,1.8590
0.0073,0.0000,0.0000,0.0000,0.0071,0.0001,200,1.8548
0.0055,0.0000,0.0000,0.0000,0.0055,0.0000,200,1.8570
0.0224,0.0000,0.0000,0.0000,0.0223,0.0000,200,1.8404
0.0221,0.0000,0.0000,0.0001,0.0220,0.0001,200,1.8410
0.0089,0.0000,0.0000,0.0000,0.0088,0.0000,200,1.8545
0.0023,0.0000,0.0000,0.0000,0.0023,0.0000,200,1.8616
0.0113,0.0000,0.0000,0.0000,0.0111,0.0002,200,1.8526
0.0429,0.0000,0.0000,0.0000,0.0428,0.0001,200,1.8216
0.0020,0.0000,0.0000,0.0000,0.0019,0.0000,200,1.8627
0.0233,0.0000,0.0000,0.0001,0.0231,0.0000,200,1.8419
0.0035,0.0000,0.0000,0.0000,0.0034,0.0000,200,1.8621
0.0454,0.0000,0.0000,0.0000,0.0453,0.0002,200,1.8202
0.0065,0.0000,0.0000,0.0000,0.0064,0.0000,200,1.8597
0.0056,0.0000,0.0000,0.0002,0.0050,0.0000,200,1.8613
0.0045,0.0000,0.0000,0.0000,0.0040,0.0004,200,1.8625
0.0094,0.0000,0.0000,0.0000,0.0093,0.0001,200,1.8582
0.0091,0.0000,0.0000,0.0000,0.0083,0.0008,200,1.8594
0.0046,0.0000,0.0000,0.0001,0.0045,0.0000,200,1.8639
0.0401,0.0000,0.0000,0.0000,0.0400,0.0001,200,1.8290
0.0165,0.0000,0.0000,0.0001,0.0164,0.0000,200,1.8530
0.0133,0.0000,0.0000,0.0000,0.0132,0.0001,200,1.8568
0.0224,0.0000,0.0000,0.0000,0.0219,0.0003,200,1.8482
0.0729,0.0000,0.0000,0.0000,0.0727,0.0000,200,1.7984
0.0075,0.0000,0.0000,0.0000,0.0070,0.0003,200,1.8645
0.0209,0.0000,0.0000,0.0003,0.0205,0.0001,200,1.8526
0.0076,0.0000,0.0000,0.0000,0.0074,0.0002,200,1.8662
0.0455,0.0000,0.0000,0.0000,0.0455,0.0000,200,1.8283
0.0210,0.0000,0.0000,0.0000,0.0197,0.0013,200,1.8534
0.0294,0.0000,0.0000,0.0000,0.0293,0.0000,200,1.8455
0.0082,0.0000,0.0000,0.0000,0.0074,0.0008,200,1.8669
0.0324,0.0000,0.0000,0.0000,0.0324,0.0000,200,1.8431
0.0104,0.0000,0.0000,0.0000,0.0103,0.0000,200,1.8656
0.0571,0.0000,0.0000,0.0000,0.0570,0.0000,200,1.8193
0.0809,0.0000,0.0000,0.0000,0.0808,0.0000,200,1.7960
0.0146,0.0000,0.0000,0.0000,0.0145,0.0000,200,1.8631
0.0257,0.0000,0.0000,0.0000,0.0256,0.0000,200,1.8521
0.0109,0.0000,0.0000,0.0000,0.0107,0.0000,200,1.8670
0.0168,0.0000,0.0000,0.0000,0.0167,0.0001,200,1.8640
0.0324,0.0000,0.0000,0.0000,0.0323,0.0001,200,1.8484
0.0056,0.0000,0.0000,0.0000,0.0055,0.0001,200,1.8760
0.0460,0.0000,0.0000,0.0000,0.0459,0.0000,200,1.8360
0.0044,0.0000,0.0000,0.0000,0.0043,0.0000,200,1.8778
0.0737,0.0000,0.0000,0.0002,0.0734,0.0000,200,1.8091
0.0025,0.0000,0.0000,0.0000,0.0024,0.0000,200,1.8808
0.0122,0.0000,0.0000,0.0001,0.0117,0.0000,200,1.8713
0.0029,0.0000,0.0000,0.0000,0.0028,0.0001,200,1.8809
0.0109,0.0000,0.0000,0.0005,0.0099,0.0000,200,1.8735
0.0358,0.0000,0.0000,0.0000,0.0357,0.0001,200,1.8487
0.0074,0.0000,0.0000,0.0000,0.0073,0.0000,200,1.8777
0.0085,0.0000,0.0000,0.0000,0.0083,0.0001,200,1.8769
0.0203,0.0000,0.0000,0.0000,0.0202,0.0000,200,1.8657
0.0281,0.0000,0.0000,0.0000,0.0280,0.0000,200,1.8585
0.0307,0.0000,0.0000,0.0000,0.0306,0.0000,200,1.8561
0.0183,0.0000,0.0000,0.0000,0.0181,0.0000,200,1.8685
0.0028,0.0000,0.0000,0.0000,0.0027,0.0000,200,1.8845
0.0122,0.0000,0.0000,0.0000,0.0121,0.0001,200,1.8755
0.0013,0.0000,0.0000,0.0000,0.0012,0.0000,200,1.8868
0.0327,0.0000,0.0000,0.0000,0.0326,0.0001,200,1.8554
0.0143,0.0000,0.0000,0.0004,0.0137,0.0000,200,1.8744
0.0277,0.0000,0.0000,0.0000,0.0277,0.0000,200,1.8616
0.0072,0.0000,0.0000,0.0000,0.0071,0.0000,200,1.8823
0.0750,0.0000,0.0000,0.0000,0.0749,0.0001,200,1.8148
0.0184,0.0000,0.0000,0.0000,0.0183,0.0000,200,1.8720
0.0129,0.0000,0.0000,0.0000,0.0128,0.0001,200,1.8777
0.0029,0.0000,0.0000,0.0000,0.0028,0.0001,200,1.8882
0.1014,0.0000,0.0000,0.0000,0.1012,0.0002,200,1.7904
0.0230,0.0000,0.0000,0.0000,0.0228,0.0000,200,1.8691
0.0063,0.0000,0.0000,0.0000,0.0061,0.0002,200,1.8865
0.0180,0.0000,0.0000,0.0000,0.0179,0.0000,200,1.8749
0.0066,0.0000,0.0000,0.0000,0.0065,0.0000,200,1.8873
0.0237,0.0000,0.0000,0.0001,0.0236,0.0000,200,1.8701
0.0071,0.0000,0.0000,0.0000,0.0071,0.0000,200,1.8868
0.0189,0.0000,0.0000,0.0000,0.0188,0.0000,200,1.8751
0.0438,0.0000,0.0000,0.0000,0.0437,0.0001,200,1.8509
0.0257,0.0000,0.0000,0.0001,0.0255,0.0000,200,1.8695
0.0055,0.0000,0.0000,0.0000,0.0053,0.0002,200,1.8898
0.0020,0.0000,0.0000,0.0000,0.0019,0.0001,200,1.8939
0.0354,0.0000,0.0000,0.0000,0.0353,0.0000,200,1.8607
0.0081,0.0000,0.0000,0.0000,0.0026,0.0054,200,1.8939
0.0143,0.0000,0.0000,0.0000,0.0141,0.0000,200,1.8878
0.0188,0.0000,0.0000,0.0000,0.0188,0.0000,200,1.8833
0.0193,0.0000,0.0000,0.0000,0.0193,0.0000,200,1.8828
0.0070,0.0000,0.0000,0.0000,0.0070,0.0000,200,1.8952
0.0337,0.0000,0.0000,0.0000,0.0336,0.0000,200,1.8685
0.0117,0.0000,0.0000,0.0001,0.0115,0.0000,200,1.8906
0.0064,0.0000,0.0000,0.0000,0.0063,0.0000,200,1.8959
0.0313,0.0000,0.0000,0.0000,0.0307,0.0000,200,1.8711
0.0084,0.0000,0.0000,0.0000,0.0084,0.0000,200,1.8940
0.0613,0.0000,0.0000,0.0000,0.0613,0.0000,200,1.8411
0.0373,0.0000,0.0000,0.0000,0.0373,0.0000,200,1.8651
0.0467,0.0000,0.0000,0.0000,0.0466,0.0000,200,1.8558
0.0166,0.0000,0.0000,0.0000,0.0164,0.0002,200,1.8859
0.0528,0.0000,0.0000,0.0001,0.0526,0.0001,200,1.8516
0.0124,0.0000,0.0000,0.0000,0.0122,0.0000,200,1.8921
0.0846,0.0000,0.0000,0.0000,0.0845,0.0000,200,1.8199
0.0307,0.0000,0.0000,0.0000,0.0304,0.0001,200,1.8738
0.0586,0.0000,0.0000,0.0000,0.0585,0.0000,200,1.8460
0.0308,0.0000,0.0000,0.0000,0.0307,0.0000,200,1.8738
0.0807,0.0000,0.0000,0.0000,0.0805,0.0001,200,1.8282
0.0236,0.0000,0.0000,0.0000,0.0235,0.0000,200,1.8854
0.0484,0.0000,0.0000,0.0000,0.0484,0.0000,200,1.8607
0.0045,0.0000,0.0000,0.0000,0.0045,0.0000,200,1.9046
0.0164,0.0000,0.0000,0.0000,0.0163,0.0000,200,1.8930
0.0558,0.0000,0.0000,0.0000,0.0557,0.0000,200,1.8536
0.0274,0.0000,0.0000,0.0000,0.0273,0.0000,200,1.8820
0.0049,0.0000,0.0000,0.0000,0.0048,0.0001,200,1.9046
0.0133,0.0000,0.0000,0.0000,0.0133,0.0000,200,1.8961
0.0070,0.0000,0.0000,0.0000,0.0070,0.0000,200,1.9025
0.0167,0.0000,0.0000,0.0000,0.0165,0.0000,200,1.8928
0.0072,0.0000,0.0000,0.0000,0.0072,0.0000,200,1.9024
0.0071,0.0000,0.0000,0.0000,0.0071,0.0000,200,1.9025
0.0258,0.0000,0.0000,0.0000,0.0257,0.0000,200,1.8838
0.0671,0.0000,0.0000,0.0000,0.0670,0.0000,200,1.8426
0.0052,0.0000,0.0000,0.0000,0.0048,0.0003,200,1.9045
0.0075,0.0000,0.0000,0.0000,0.0074,0.0000,200,1.9022
0.0031,0.0000,0.0000,0.0000,0.0030,0.0001,200,1.9091
0.0251,0.0000,0.0000,0.0000,0.0250,0.0000,200,1.8881
0.0107,0.0000,0.0000,0.0000,0.0107,0.0000,200,1.9025
0.0318,0.0000,0.0000,0.0000,0.0317,0.0000,200,1.8816
0.0050,0.0000,0.0000,0.0000,0.0049,0.0000,200,1.9089
0.0216,0.0000,0.0000,0.0001,0.0205,0.0010,200,1.8939
0.0209,0.0000,0.0000,0.0000,0.0208,0.0000,200,1.8947
0.0067,0.0000,0.0000,0.0000,0.0067,0.0000,200,1.9096
0.0072,0.0000,0.0000,0.0000,0.0072,0.0000,200,1.9095
0.0125,0.0000,0.0000,0.0000,0.0124,0.0000,200,1.9045
0.0131,0.0000,0.0000,0.0000,0.0131,0.0000,200,1.9046
0.0803,0.0000,0.0000,0.0000,0.0802,0.0001,200,1.8375
0.0531,0.0000,0.0000,0.0000,0.0529,0.0001,200,1.8647
0.0139,0.0000,0.0000,0.0000,0.0138,0.0000,200,1.9045
0.0095,0.0000,0.0000,0.0000,0.0094,0.0001,200,1.9094
0.0020,0.0000,0.0000,0.0000,0.0019,0.0000,200,1.9170
0.0349,0.0000,0.0000,0.0000,0.0348,0.0000,200,1.8844
0.0102,0.0000,0.0000,0.0000,0.0101,0.0000,200,1.9094
0.0100,0.0000,0.0000,0.0000,0.0098,0.0000,200,1.9097
0.0038,0.0000,0.0000,0.0000,0.0037,0.0001,200,1.9167
0.0116,0.0000,0.0000,0.0000,0.0114,0.0000,200,1.9093
0.0092,0.0000,0.0000,0.0001,0.0090,0.0001,200,1.9122
0.0741,0.0000,0.0000,0.0000,0.0740,0.0001,200,1.8477
0.0091,0.0000,0.0000,0.0000,0.0090,0.0001,200,1.9132
0.0071,0.0000,0.0000,0.0000,0.0070,0.0000,200,1.9156
0.0213,0.0000,0.0000,0.0000,0.0211,0.0001,200,1.9022
0.0103,0.0000,0.0000,0.0000,0.0102,0.0000,200,1.9139
0.0113,0.0000,0.0000,0.0000,0.0112,0.0001,200,1.9133
0.0085,0.0000,0.0000,0.0000,0.0080,0.0004,200,1.9189
0.0252,0.0000,0.0000,0.0000,0.0252,0.0000,200,1.9023
0.0425,0.0000,0.0000,0.0000,0.0425,0.0000,200,1.8851
0.0080,0.0000,0.0000,0.0000,0.0079,0.0000,200,1.9197
0.0366,0.0000,0.0000,0.0001,0.0364,0.0001,200,1.8911
0.0373,0.0000,0.0000,0.0000,0.0373,0.0000,200,1.8904
0.0384,0.0000,0.0000,0.0000,0.0384,0.0001,200,1.8893
0.0031,0.0000,0.0000,0.0000,0.0029,0.0000,200,1.9247
0.0116,0.0000,0.0000,0.0000,0.0115,0.0000,200,1.9163
0.0083,0.0000,0.0000,0.0000,0.0082,0.0000,200,1.9196
0.0603,0.0000,0.0000,0.0000,0.0603,0.0000,200,1.8676
0.0183,0.0000,0.0000,0.0000,0.0183,0.0000,200,1.9096
0.0257,0.0000,0.0000,0.0000,0.0256,0.0000,200,1.9024
0.0111,0.0000,0.0000,0.0000,0.0108,0.0002,200,1.9178
0.0266,0.0000,0.0000,0.0000,0.0264,0.0002,200,1.9023
0.0054,0.0000,0.0000,0.0000,0.0053,0.0000,200,1.9235
0.0018,0.0000,0.0000,0.0000,0.0016,0.0002,200,1.9278
0.0164,0.0000,0.0000,0.0000,0.0164,0.0000,200,1.9132
0.0667,0.0000,0.0000,0.0000,0.0666,0.0001,200,1.8634
0.0029,0.0000,0.0000,0.0000,0.0028,0.0000,200,1.9277
0.0023,0.0000,0.0000,0.0000,0.0022,0.0000,200,1.9296
0.0425,0.0000,0.0000,0.0000,0.0416,0.0008,200,1.8894
0.0433,0.0000,0.0000,0.0000,0.0432,0.0000,200,1.8887
0.0045,0.0000,0.0000,0.0000,0.0044,0.0000,200,1.9275
0.0042,0.0000,0.0000,0.0000,0.0041,0.0000,200,1.9279
0.0114,0.0000,0.0000,0.0000,0.0113,0.0001,200,1.9214
0.0135,0.0000,0.0000,0.0000,0.0134,0.0001,200,1.9193
0.0101,0.0000,0.0000,0.0000,0.0100,0.0001,200,1.9227
0.0059,0.0000,0.0000,0.0000,0.0057,0.0001,200,1.9276
0.0027,0.0000,0.0000,0.0000,0.0024,0.0002,200,1.9319
0.0073,0.0000,0.0000,0.0000,0.0072,0.0000,200,1.9274
0.0256,0.0000,0.0000,0.0000,0.0255,0.0001,200,1.9091
0.0330,0.0000,0.0000,0.0000,0.0330,0.0000,200,1.9024
0.0137,0.0000,0.0000,0.0000,0.0137,0.0000,200,1.9218
0.0036,0.0000,0.0000,0.0000,0.0035,0.0000,200,1.9319
0.0082,0.0000,0.0000,0.0000,0.0081,0.0001,200,1.9278
0.0187,0.0000,0.0000,0.0005,0.0182,0.0000,200,1.9178
0.0087,0.0000,0.0000,0.0006,0.0081,0.0000,200,1.9280
0.0097,0.0000,0.0000,0.0000,0.0096,0.0002,200,1.9277
0.0458,0.0000,0.0000,0.0001,0.0456,0.0001,200,1.8918
0.0195,0.0000,0.0000,0.0000,0.0194,0.0000,200,1.9183
0.0179,0.0000,0.0000,0.0000,0.0179,0.0000,200,1.9209
0.0092,0.0000,0.0000,0.0000,0.0090,0.0001,200,1.9301
0.0022,0.0000,0.0000,0.0000,0.0020,0.0001,200,1.9374
0.0044,0.0000,0.0000,0.0000,0.0043,0.0000,200,1.9355
0.0050,0.0000,0.0000,0.0000,0.0049,0.0000,200,1.9355
0.0231,0.0000,0.0000,0.0000,0.0230,0.0000,200,1.9177
0.0068,0.0000,0.0000,0.0000,0.0065,0.0002,200,1.9347
0.0394,0.0000,0.0000,0.0000,0.0393,0.0000,200,1.9021
0.0127,0.0000,0.0000,0.0000,0.0126,0.0000,200,1.9289
0.0135,0.0000,0.0000,0.0000,0.0134,0.0000,200,1.9289
0.0017,0.0000,0.0000,0.0000,0.0016,0.0000,200,1.9408
0.0014,0.0000,0.0000,0.0000,0.0013,0.0000,200,1.9415
0.0337,0.0000,0.0000,0.0000,0.0336,0.0000,200,1.9096
0.0114,0.0000,0.0000,0.0000,0.0113,0.0000,200,1.9320
0.0012,0.0000,0.0000,0.0000,0.0012,0.0000,200,1.9429
0.0124,0.0000,0.0000,0.0000,0.0123,0.0000,200,1.9320
0.0036,0.0000,0.0000,0.0000,0.0035,0.0000,200,1.9415
0.0357,0.0000,0.0000,0.0000,0.0354,0.0002,200,1.9095
0.0057,0.0000,0.0000,0.0000,0.0052,0.0005,200,1.9399
0.0046,0.0000,0.0000,0.0000,0.0045,0.0000,200,1.9415
0.0135,0.0000,0.0000,0.0000,0.0134,0.0000,200,1.9328
0.0167,0.0000,0.0000,0.0000,0.0166,0.0001,200,1.9334
0.0102,0.0000,0.0000,0.0000,0.0101,0.0001,200,1.9405
0.0071,0.0000,0.0000,0.0000,0.0071,0.0000,200,1.9442
0.0291,0.0000,0.0000,0.0000,0.0291,0.0000,200,1.9223
0.0155,0.0000,0.0000,0.0000,0.0149,0.0006,200,1.9360
0.0422,0.0000,0.0000,0.0000,0.0420,0.0001,200,1.9097
0.0247,0.0000,0.0000,0.0000,0.0243,0.0004,200,1.9279
0.0231,0.0000,0.0000,0.0000,0.0230,0.0000,200,1.9296
0.0222,0.0000,0.0000,0.0000,0.0221,0.0000,200,1.9305
0.0105,0.0000,0.0000,0.0000,0.0103,0.0001,200,1.9423
0.0513,0.0000,0.0000,0.0000,0.0512,0.0000,200,1.9020
0.0585,0.0000,0.0000,0.0000,0.0583,0.0001,200,1.8953
0.0172,0.0000,0.0000,0.0000,0.0172,0.0000,200,1.9367
0.0154,0.0000,0.0000,0.0000,0.0153,0.0001,200,1.9388
0.0200,0.0000,0.0000,0.0000,0.0199,0.0000,200,1.9346
0.0049,0.0000,0.0000,0.0000,0.0048,0.0001,200,1.9502
0.0455,0.0000,0.0000,0.0000,0.0453,0.0000,200,1.9096
0.0103,0.0000,0.0000,0.0002,0.0100,0.0000,200,1.9456
0.0284,0.0000,0.0000,0.0000,0.0284,0.0000,200,1.9280
0.0032,0.0000,0.0000,0.0000,0.0030,0.0001,200,1.9540
0.0741,0.0000,0.0000,0.0000,0.0740,0.0000,200,1.8834
0.0135,0.0000,0.0000,0.0000,0.0134,0.0000,200,1.9444
0.0155,0.0000,0.0000,0.0000,0.0154,0.0000,200,1.9425
0.0394,0.0000,0.0000,0.0000,0.0393,0.0000,200,1.9190
0.0566,0.0000,0.0000,0.0000,0.0566,0.0001,200,1.9021
0.0075,0.0000,0.0000,0.0000,0.0073,0.0000,200,1.9517
0.0220,0.0000,0.0000,0.0001,0.0218,0.0000,200,1.9376
0.0507,0.0000,0.0000,0.0000,0.0507,0.0000,200,1.9090
0.0070,0.0000,0.0000,0.0000,0.0069,0.0000,200,1.9533
0.0251,0.0000,0.0000,0.0000,0.0250,0.0000,200,1.9355
0.0031,0.0000,0.0000,0.0000,0.0030,0.0000,200,1.9575
0.0371,0.0000,0.0000,0.0000,0.0370,0.0000,200,1.9241
0.0336,0.0000,0.0000,0.0000,0.0335,0.0000,200,1.9279
0.0157,0.0000,0.0000,0.0000,0.0155,0.0001,200,1.9463
0.0038,0.0000,0.0000,0.0000,0.0037,0.0001,200,1.9588
0.0058,0.0000,0.0000,0.0000,0.0056,0.0002,200,1.9580
0.0294,0.0000,0.0000,0.0002,0.0292,0.0000,200,1.9347
0.0115,0.0000,0.0000,0.0000,0.0115,0.0000,200,1.9527
0.0044,0.0000,0.0000,0.0000,0.0042,0.0001,200,1.9606
0.0887,0.0000,0.0000,0.0000,0.0886,0.0001,200,1.8764
0.0503,0.0000,0.0000,0.0000,0.0502,0.0000,200,1.9156
0.0121,0.0000,0.0000,0.0000,0.0120,0.0000,200,1.9539
0.0386,0.0000,0.0000,0.0000,0.0384,0.0000,200,1.9277
0.0053,0.0000,0.0000,0.0000,0.0052,0.0001,200,1.9615
0.0076,0.0000,0.0000,0.0000,0.0076,0.0000,200,1.9592
0.0077,0.0000,0.0000,0.0000,0.0067,0.0001,200,1.9597
0.0133,0.0000,0.0000,0.0000,0.0132,0.0001,200,1.9546
0.0157,0.0000,0.0000,0.0000,0.0156,0.0000,200,1.9528
0.0024,0.0000,0.0000,0.0000,0.0023,0.0000,200,1.9664
0.0166,0.0000,0.0000,0.0000,0.0165,0.0000,200,1.9527
0.0079,0.0000,0.0000,0.0000,0.0078,0.0000,200,1.9619
0.0310,0.0000,0.0000,0.0002,0.0306,0.0000,200,1.9393
0.0145,0.0000,0.0000,0.0000,0.0142,0.0002,200,1.9564
0.0618,0.0000,0.0000,0.0000,0.0616,0.0001,200,1.9096
0.0028,0.0000,0.0000,0.0000,0.0027,0.0000,200,1.9687
0.0323,0.0000,0.0000,0.0000,0.0322,0.0000,200,1.9396
0.0082,0.0000,0.0000,0.0000,0.0081,0.0001,200,1.9638
0.0072,0.0000,0.0000,0.0000,0.0071,0.0001,200,1.9652
0.0707,0.0000,0.0000,0.0000,0.0705,0.0001,200,1.9020
0.0088,0.0000,0.0000,0.0002,0.0086,0.0001,200,1.9642
0.0111,0.0000,0.0000,0.0000,0.0110,0.0001,200,1.9626
0.0039,0.0000,0.0000,0.0002,0.0036,0.0001,200,1.9702
0.0187,0.0000,0.0000,0.0000,0.0186,0.0000,200,1.9559
0.0060,0.0000,0.0000,0.0000,0.0058,0.0001,200,1.9726
0.0240,0.0000,0.0000,0.0000,0.0240,0.0000,200,1.9551
0.0065,0.0000,0.0000,0.0000,0.0065,0.0000,200,1.9730
0.0199,0.0000,0.0000,0.0001,0.0197,0.0001,200,1.9606
0.0298,0.0000,0.0000,0.0005,0.0292,0.0000,200,1.9507
0.0019,0.0000,0.0000,0.0000,0.0018,0.0000,200,1.9786
0.0296,0.0000,0.0000,0.0000,0.0295,0.0000,200,1.9515
0.0376,0.0000,0.0000,0.0000,0.0376,0.0000,200,1.9435
0.0089,0.0000,0.0000,0.0000,0.0088,0.0001,200,1.9724
0.0188,0.0000,0.0000,0.0001,0.0185,0.0002,200,1.9668
0.0211,0.0000,0.0000,0.0000,0.0210,0.0001,200,1.9649
0.0154,0.0000,0.0000,0.0000,0.0153,0.0000,200,1.9711
0.0065,0.0000,0.0000,0.0000,0.0064,0.0001,200,1.9805
0.0500,0.0000,0.0000,0.0000,0.0496,0.0003,200,1.9378
0.0513,0.0000,0.0000,0.0000,0.0510,0.0003,200,1.9365
0.0435,0.0000,0.0000,0.0000,0.0431,0.0003,200,1.9461
0.0704,0.0000,0.0000,0.0000,0.0675,0.0029,200,1.9205
0.0031,0.0000,0.0000,0.0001,0.0029,0.0000,200,1.9878
0.0222,0.0000,0.0000,0.0001,0.0216,0.0005,200,1.9693
0.0111,0.0000,0.0000,0.0000,0.0096,0.0015,200,1.9804
0.0275,0.0000,0.0000,0.0000,0.0254,0.0020,200,1.9641
0.0047,0.0000,0.0000,0.0000,0.0017,0.0008,200,1.9870
0.0597,0.0000,0.0000,0.0000,0.0590,0.0006,200,1.9320
0.0109,0.0000,0.0000,0.0000,0.0108,0.0000,200,1.9811
0.0058,0.0000,0.0000,0.0000,0.0058,0.0000,200,1.9864
0.0477,0.0000,0.0000,0.0000,0.0476,0.0001,200,1.9451
0.0024,0.0000,0.0000,0.0000,0.0022,0.0001,200,1.9909
0.0224,0.0000,0.0000,0.0000,0.0221,0.0003,200,1.9715
0.0332,0.0000,0.0000,0.0000,0.0331,0.0000,200,1.9613
0.0372,0.0000,0.0000,0.0000,0.0371,0.0000,200,1.9578
0.0384,0.0000,0.0000,0.0000,0.0384,0.0000,200,1.9571
0.0376,0.0000,0.0000,0.0000,0.0375,0.0001,200,1.9583
0.0230,0.0000,0.0000,0.0000,0.0229,0.0000,200,1.9737
0.0300,0.0000,0.0000,0.0000,0.0298,0.0002,200,1.9674
0.0647,0.0000,0.0000,0.0000,0.0646,0.0000,200,1.9328
0.0058,0.0000,0.0000,0.0000,0.0057,0.0001,200,1.9920
0.0021,0.0000,0.0000,0.0000,0.0020,0.0000,200,1.9959
0.0242,0.0000,0.0000,0.0000,0.0240,0.0002,200,1.9741
0.0457,0.0000,0.0000,0.0000,0.0457,0.0000,200,1.9528
0.0554,0.0000,0.0000,0.0000,0.0552,0.0000,200,1.9433
0.0661,0.0000,0.0000,0.0000,0.0661,0.0000,200,1.9328
0.0273,0.0000,0.0000,0.0000,0.0272,0.0000,200,1.9719
0.0016,0.0000,0.0000,0.0000,0.0015,0.0001,200,1.9978
0.0100,0.0000,0.0000,0.0002,0.0097,0.0001,200,1.9896
0.0015,0.0000,0.0000,0.0000,0.0015,0.0000,200,1.9985
0.0057,0.0000,0.0000,0.0000,0.0056,0.0000,200,1.9950
0.0097,0.0000,0.0000,0.0000,0.0096,0.0000,200,1.9917
0.0729,0.0000,0.0000,0.0000,0.0726,0.0002,200,1.9289
0.0306,0.0000,0.0000,0.0000,0.0302,0.0000,200,1.9714
0.0342,0.0000,0.0000,0.0000,0.0341,0.0000,200,1.9679
0.0034,0.0000,0.0000,0.0000,0.0034,0.0000,200,1.9987
0.0119,0.0000,0.0000,0.0005,0.0114,0.0000,200,1.9909
0.0221,0.0000,0.0000,0.0001,0.0219,0.0000,200,1.9813
0.0049,0.0000,0.0000,0.0000,0.0048,0.0001,200,1.9989
0.0252,0.0000,0.0000,0.0000,0.0251,0.0000,200,1.9791
0.0387,0.0000,0.0000,0.0000,0.0386,0.0000,200,1.9659
0.0503,0.0000,0.0000,0.0000,0.0502,0.0000,200,1.9543
0.0069,0.0000,0.0000,0.0000,0.0068,0.0001,200,1.9980
0.0116,0.0000,0.0000,0.0000,0.0115,0.0001,200,1.9940
0.0338,0.0000,0.0000,0.0000,0.0337,0.0001,200,1.9720
0.0090,0.0000,0.0000,0.0000,0.0089,0.0001,200,1.9974
0.0516,0.0000,0.0000,0.0000,0.0515,0.0000,200,1.9551
0.0206,0.0000,0.0000,0.0000,0.0206,0.0000,200,1.9860
0.0104,0.0000,0.0000,0.0000,0.0104,0.0000,200,1.9966
0.0630,0.0000,0.0000,0.0000,0.0624,0.0004,200,1.9451
0.0039,0.0000,0.0000,0.0000,0.0038,0.0000,200,2.0043
0.0130,0.0000,0.0000,0.0000,0.0128,0.0001,200,1.9956
0.0062,0.0000,0.0000,0.0000,0.0061,0.0000,200,2.0029
0.0113,0.0000,0.0000,0.0000,0.0112,0.0000,200,1.9983
0.0240,0.0000,0.0000,0.0000,0.0239,0.0000,200,1.9857
0.1007,0.0000,0.0000,0.0000,0.1006,0.0001,200,1.9094
0.0357,0.0000,0.0000,0.0000,0.0356,0.0000,200,1.9745
0.0174,0.0000,0.0000,0.0002,0.0170,0.0001,200,1.9933
0.0318,0.0000,0.0000,0.0000,0.0317,0.0000,200,1.9796
0.0098,0.0000,0.0000,0.0001,0.0096,0.0001,200,2.0018
0.0522,0.0000,0.0000,0.0000,0.0520,0.0000,200,1.9596
0.0203,0.0000,0.0000,0.0000,0.0203,0.0000,200,1.9916
0.0088,0.0000,0.0000,0.0000,0.0088,0.0001,200,2.0034
0.0149,0.0000,0.0000,0.0000,0.0149,0.0000,200,1.9975
0.0134,0.0000,0.0000,0.0000,0.0132,0.0001,200,1.9994
0.0206,0.0000,0.0000,0.0001,0.0204,0.0001,200,1.9928
0.0481,0.0000,0.0000,0.0000,0.0481,0.0000,200,1.9660
0.0100,0.0000,0.0000,0.0000,0.0098,0.0000,200,2.0045
0.0087,0.0000,0.0000,0.0000,0.0085,0.0000,200,2.0058
0.0023,0.0000,0.0000,0.0000,0.0022,0.0000,200,2.0128
0.0229,0.0000,0.0000,0.0000,0.0225,0.0003,200,1.9923
0.0035,0.0000,0.0000,0.0002,0.0033,0.0000,200,2.0122
0.0041,0.0000,0.0000,0.0000,0.0041,0.0000,200,2.0119
0.0115,0.0000,0.0000,0.0000,0.0115,0.0000,200,2.0049
0.0051,0.0000,0.0000,0.0000,0.0051,0.0000,200,2.0113
0.0028,0.0000,0.0000,0.0000,0.0027,0.0001,200,2.0141
0.0028,0.0000,0.0000,0.0000,0.0027,0.0001,200,2.0145
0.0154,0.0000,0.0000,0.0000,0.0153,0.0000,200,2.0021
0.0497,0.0000,0.0000,0.0000,0.0496,0.0000,200,1.9685
0.0087,0.0000,0.0000,0.0000,0.0086,0.0000,200,2.0096
0.0116,0.0000,0.0000,0.0000,0.0115,0.0001,200,2.0071
0.0103,0.0000,0.0000,0.0000,0.0101,0.0000,200,2.0086
0.0156,0.0000,0.0000,0.0000,0.0155,0.0001,200,2.0039
0.0037,0.0000,0.0000,0.0000,0.0036,0.0001,200,2.0165
0.0046,0.0000,0.0000,0.0000,0.0045,0.0000,200,2.0161
0.0056,0.0000,0.0000,0.0000,0.0055,0.0001,200,2.0152
0.0204,0.0000,0.0000,0.0000,0.0203,0.0000,200,2.0007
0.0122,0.0000,0.0000,0.0000,0.0121,0.0002,200,2.0097
0.0103,0.0000,0.0000,0.0000,0.0102,0.0000,200,2.0117
0.0158,0.0000,0.0000,0.0000,0.0157,0.0001,200,2.0065
0.0309,0.0000,0.0000,0.0000,0.0309,0.0000,200,1.9915
0.0711,0.0000,0.0000,0.0000,0.0710,0.0000,200,1.9519
0.0129,0.0000,0.0000,0.0000,0.0126,0.0003,200,2.0108
0.0029,0.0000,0.0000,0.0000,0.0028,0.0000,200,2.0211
0.0251,0.0000,0.0000,0.0000,0.0250,0.0000,200,1.9991
0.0060,0.0000,0.0000,0.0000,0.0059,0.0000,200,2.0183
0.0247,0.0000,0.0000,0.0000,0.0246,0.0000,200,2.0001
0.0025,0.0000,0.0000,0.0000,0.0024,0.0000,200,2.0230
0.0156,0.0000,0.0000,0.0000,0.0155,0.0001,200,2.0102
0.0213,0.0000,0.0000,0.0000,0.0212,0.0000,200,2.0045
0.0450,0.0000,0.0000,0.0000,0.0450,0.0000,200,1.9811
0.0660,0.0000,0.0000,0.0003,0.0657,0.0000,200,1.9603
0.0151,0.0000,0.0000,0.0000,0.0149,0.0001,200,2.0117
0.0086,0.0000,0.0000,0.0000,0.0085,0.0001,200,2.0187
0.0101,0.0000,0.0000,0.0000,0.0100,0.0001,200,2.0175
0.0090,0.0000,0.0000,0.0000,0.0089,0.0001,200,2.0189
0.0035,0.0000,0.0000,0.0000,0.0033,0.0001,200,2.0248
0.0078,0.0000,0.0000,0.0000,0.0077,0.0000,200,2.0207
0.0197,0.0000,0.0000,0.0000,0.0196,0.0001,200,2.0091
0.0122,0.0000,0.0000,0.0000,0.0121,0.0001,200,2.0169
0.0300,0.0000,0.0000,0.0000,0.0298,0.0001,200,1.9997
0.0231,0.0000,0.0000,0.0000,0.0230,0.0001,200,2.0067
0.0022,0.0000,0.0000,0.0000,0.0020,0.0001,200,2.0279
0.0101,0.0000,0.0000,0.0000,0.0098,0.0001,200,2.0239
0.0326,0.0000,0.0000,0.0000,0.0325,0.0001,200,2.0021
0.0291,0.0000,0.0000,0.0000,0.0291,0.0000,200,2.0055
0.0066,0.0000,0.0000,0.0002,0.0063,0.0000,200,2.0284
0.0118,0.0000,0.0000,0.0000,0.0116,0.0001,200,2.0238
0.0134,0.0000,0.0000,0.0000,0.0132,0.0001,200,2.0224
0.0105,0.0000,0.0000,0.0000,0.0104,0.0001,200,2.0259
0.0702,0.0000,0.0000,0.0000,0.0701,0.0001,200,1.9668
0.0674,0.0000,0.0000,0.0001,0.0672,0.0000,200,1.9699
0.0157,0.0000,0.0000,0.0000,0.0157,0.0001,200,2.0219
0.0083,0.0000,0.0000,0.0000,0.0081,0.0001,200,2.0298
0.0220,0.0000,0.0000,0.0000,0.0218,0.0001,200,2.0164
0.0091,0.0000,0.0000,0.0001,0.0088,0.0002,200,2.0297
0.0030,0.0000,0.0000,0.0000,0.0029,0.0000,200,2.0364
0.0110,0.0000,0.0000,0.0000,0.0108,0.0000,200,2.0285
0.0268,0.0000,0.0000,0.0000,0.0267,0.0001,200,2.0133
0.0019,0.0000,0.0000,0.0000,0.0019,0.0000,200,2.0388
0.0064,0.0000,0.0000,0.0000,0.0063,0.0001,200,2.0346
0.0123,0.0000,0.0000,0.0000,0.0121,0.0000,200,2.0291
0.0338,0.0000,0.0000,0.0000,0.0337,0.0001,200,2.0082
0.0075,0.0000,0.0000,0.0000,0.0074,0.0000,200,2.0347
0.0138,0.0000,0.0000,0.0000,0.0137,0.0000,200,2.0288
0.0044,0.0000,0.0000,0.0000,0.0042,0.0000,200,2.0384
0.0129,0.0000,0.0000,0.0002,0.0127,0.0001,200,2.0301
0.0368,0.0000,0.0000,0.0000,0.0364,0.0001,200,2.0067
0.0197,0.0000,0.0000,0.0001,0.0194,0.0001,200,2.0243
0.0063,0.0000,0.0000,0.0000,0.0062,0.0000,200,2.0381
0.0175,0.0000,0.0000,0.0000,0.0174,0.0000,200,2.0273
0.0539,0.0000,0.0000,0.0000,0.0537,0.0001,200,1.9915
0.0436,0.0000,0.0000,0.0000,0.0434,0.0000,200,2.0022
0.0081,0.0000,0.0000,0.0000,0.0081,0.0001,200,2.0377
0.0091,0.0000,0.0000,0.0000,0.0089,0.0002,200,2.0370
0.0949,0.0000,0.0000,0.0000,0.0948,0.0001,200,1.9515
0.0455,0.0000,0.0000,0.0000,0.0454,0.0000,200,2.0014
0.0043,0.0000,0.0000,0.0000,0.0043,0.0000,200,2.0426
0.0214,0.0000,0.0000,0.0000,0.0212,0.0002,200,2.0261
0.0295,0.0000,0.0000,0.0000,0.0294,0.0001,200,2.0182
0.0018,0.0000,0.0000,0.0000,0.0017,0.0001,200,2.0464
0.0056,0.0000,0.0000,0.0000,0.0055,0.0000,200,2.0429
0.0018,0.0000,0.0000,0.0000,0.0018,0.0001,200,2.0469
0.0411,0.0000,0.0000,0.0000,0.0410,0.0001,200,2.0082
0.0057,0.0000,0.0000,0.0000,0.0056,0.0001,200,2.0440
0.0086,0.0000,0.0000,0.0000,0.0085,0.0000,200,2.0414
0.0109,0.0000,0.0000,0.0000,0.0107,0.0001,200,2.0394
0.0020,0.0000,0.0000,0.0000,0.0019,0.0000,200,2.0485
0.0310,0.0000,0.0000,0.0000,0.0309,0.0001,200,2.0202
0.0103,0.0000,0.0000,0.0000,0.0100,0.0000,200,2.0411
0.0390,0.0000,0.0000,0.0000,0.0389,0.0001,200,2.0160
0.0277,0.0000,0.0000,0.0000,0.0276,0.0001,200,2.0276
0.0140,0.0000,0.0000,0.0000,0.0139,0.0001,200,2.0420
0.0300,0.0000,0.0000,0.0000,0.0300,0.0000,200,2.0263
0.0302,0.0000,0.0000,0.0001,0.0300,0.0000,200,2.0268
0.0320,0.0000,0.0000,0.0000,0.0319,0.0000,200,2.0254
0.0172,0.0000,0.0000,0.0000,0.0171,0.0000,200,2.0407
0.0085,0.0000,0.0000,0.0000,0.0084,0.0000,200,2.0500
0.0090,0.0000,0.0000,0.0000,0.0089,0.0001,200,2.0497
0.0169,0.0000,0.0000,0.0000,0.0168,0.0000,200,2.0421
0.0022,0.0000,0.0000,0.0000,0.0021,0.0001,200,2.0574
0.0377,0.0000,0.0000,0.0000,0.0375,0.0002,200,2.0223
0.0451,0.0000,0.0000,0.0000,0.0449,0.0002,200,2.0151
0.0665,0.0000,0.0000,0.0000,0.0664,0.0000,200,1.9944
0.0487,0.0000,0.0000,0.0000,0.0481,0.0005,200,2.0124
0.0421,0.0000,0.0000,0.0000,0.0418,0.0001,200,2.0194
0.0476,0.0000,0.0000,0.0000,0.0475,0.0001,200,2.0145
0.0748,0.0000,0.0000,0.0004,0.0744,0.0000,200,1.9878
0.0525,0.0000,0.0000,0.0000,0.0525,0.0000,200,2.0101
0.0206,0.0000,0.0000,0.0001,0.0201,0.0003,200,2.0430
0.0838,0.0000,0.0000,0.0000,0.0837,0.0001,200,1.9805
0.0067,0.0000,0.0000,0.0000,0.0066,0.0000,200,2.0580
0.0291,0.0000,0.0000,0.0000,0.0291,0.0000,200,2.0358
0.0140,0.0000,0.0000,0.0000,0.0139,0.0000,200,2.0512
0.0045,0.0000,0.0000,0.0000,0.0044,0.0000,200,2.0611
0.0218,0.0000,0.0000,0.0000,0.0217,0.0000,200,2.0444
0.0330,0.0000,0.0000,0.0000,0.0329,0.0001,200,2.0340
0.0067,0.0000,0.0000,0.0000,0.0066,0.0000,200,2.0609
0.0323,0.0000,0.0000,0.0000,0.0322,0.0001,200,2.0356
0.0208,0.0000,0.0000,0.0004,0.0202,0.0001,200,2.0477
0.0021,0.0000,0.0000,0.0000,0.0018,0.0001,200,2.0671
0.0456,0.0000,0.0000,0.0000,0.0455,0.0001,200,2.0242
0.0229,0.0000,0.0000,0.0000,0.0228,0.0000,200,2.0476
0.0121,0.0000,0.0000,0.0000,0.0118,0.0000,200,2.0588
0.0147,0.0000,0.0000,0.0000,0.0146,0.0000,200,2.0563
0.0251,0.0000,0.0000,0.0000,0.0251,0.0000,200,2.0468
0.0243,0.0000,0.0000,0.0000,0.0242,0.0000,200,2.0482
0.0049,0.0000,0.0000,0.0000,0.0049,0.0000,200,2.0675
0.0223,0.0000,0.0000,0.0000,0.0222,0.0000,200,2.0505
0.0079,0.0000,0.0000,0.0000,0.0077,0.0001,200,2.0655
0.0087,0.0000,0.0000,0.0000,0.0086,0.0000,200,2.0652
0.0278,0.0000,0.0000,0.0000,0.0277,0.0000,200,2.0461
0.0041,0.0000,0.0000,0.0000,0.0040,0.0000,200,2.0705
0.0034,0.0000,0.0000,0.0000,0.0032,0.0000,200,2.0713
0.0578,0.0000,0.0000,0.0000,0.0577,0.0000,200,2.0173
0.0025,0.0000,0.0000,0.0000,0.0024,0.0000,200,2.0727
0.0163,0.0000,0.0000,0.0000,0.0162,0.0000,200,2.0596
0.0850,0.0000,0.0000,0.0000,0.0849,0.0000,200,1.9917
0.0142,0.0000,0.0000,0.0000,0.0141,0.0001,200,2.0627
0.0076,0.0000,0.0000,0.0000,0.0075,0.0001,200,2.0698
0.0322,0.0000,0.0000,0.0000,0.0321,0.0001,200,2.0458
0.0230,0.0000,0.0000,0.0000,0.0230,0.0000,200,2.0551
0.0231,0.0000,0.0000,0.0000,0.0230,0.0000,200,2.0553
0.0105,0.0000,0.0000,0.0000,0.0103,0.0000,200,2.0679
0.0041,0.0000,0.0000,0.0000,0.0039,0.0001,200,2.0746
0.0228,0.0000,0.0000,0.0000,0.0227,0.0001,200,2.0561
0.0342,0.0000,0.0000,0.0000,0.0341,0.0001,200,2.0454
0.0185,0.0000,0.0000,0.0000,0.0184,0.0000,200,2.0615
0.0452,0.0000,0.0000,0.0000,0.0451,0.0001,200,2.0350
0.0075,0.0000,0.0000,0.0000,0.0072,0.0002,200,2.0734
0.0101,0.0000,0.0000,0.0000,0.0100,0.0000,200,2.0709
0.0068,0.0000,0.0000,0.0000,0.0068,0.0000,200,2.0746
0.0032,0.0000,0.0000,0.0000,0.0031,0.0001,200,2.0787
0.0376,0.0000,0.0000,0.0000,0.0375,0.0000,200,2.0448
0.0338,0.0000,0.0000,0.0000,0.0337,0.0000,200,2.0487
0.0169,0.0000,0.0000,0.0000,0.0169,0.0000,200,2.0662
0.0045,0.0000,0.0000,0.0000,0.0044,0.0001,200,2.0789
0.0192,0.0000,0.0000,0.0000,0.0189,0.0003,200,2.0650
0.0207,0.0000,0.0000,0.0000,0.0206,0.0000,200,2.0636
0.0024,0.0000,0.0000,0.0001,0.0021,0.0000,200,2.0819
0.0190,0.0000,0.0000,0.0000,0.0188,0.0002,200,2.0691
0.0058,0.0000,0.0000,0.0000,0.0057,0.0000,200,2.0824
0.0111,0.0000,0.0000,0.0001,0.0109,0.0000,200,2.0775
0.0265,0.0000,0.0000,0.0000,0.0263,0.0001,200,2.0626
0.0172,0.0000,0.0000,0.0000,0.0171,0.0001,200,2.0725
0.0444,0.0000,0.0000,0.0000,0.0441,0.0002,200,2.0458
0.0538,0.0000,0.0000,0.0000,0.0535,0.0003,200,2.0395
0.0132,0.0000,0.0000,0.0000,0.0131,0.0001,200,2.0802
0.0203,0.0000,0.0000,0.0000,0.0202,0.0001,200,2.0739
0.0195,0.0000,0.0000,0.0000,0.0194,0.0000,200,2.0751
0.0137,0.0000,0.0000,0.0000,0.0136,0.0001,200,2.0810
0.0549,0.0000,0.0000,0.0000,0.0548,0.0001,200,2.0401
0.0454,0.0000,0.0000,0.0000,0.0452,0.0001,200,2.0503
0.0029,0.0000,0.0000,0.0000,0.0028,0.0000,200,2.0933
0.0374,0.0000,0.0000,0.0000,0.0373,0.0001,200,2.0590
0.0181,0.0000,0.0000,0.0000,0.0177,0.0003,200,2.0784
0.0026,0.0000,0.0000,0.0000,0.0025,0.0000,200,2.0946
0.0145,0.0000,0.0000,0.0000,0.0143,0.0000,200,2.0834
0.0228,0.0000,0.0000,0.0000,0.0226,0.0002,200,2.0753
0.0215,0.0000,0.0000,0.0000,0.0214,0.0000,200,2.0769
0.0410,0.0000,0.0000,0.0000,0.0408,0.0002,200,2.0585
0.0353,0.0000,0.0000,0.0000,0.0351,0.0000,200,2.0643
0.0181,0.0000,0.0000,0.0000,0.0179,0.0001,200,2.0815
0.0099,0.0000,0.0000,0.0000,0.0098,0.0001,200,2.0902
0.0221,0.0000,0.0000,0.0000,0.0221,0.0000,200,2.0784
0.0243,0.0000,0.0000,0.0000,0.0242,0.0000,200,2.0766
0.0053,0.0000,0.0000,0.0001,0.0050,0.0000,200,2.0962
0.0033,0.0000,0.0000,0.0000,0.0032,0.0000,200,2.0984
0.0021,0.0000,0.0000,0.0000,0.0020,0.0000,200,2.1006
0.0185,0.0000,0.0000,0.0000,0.0183,0.0001,200,2.0843
0.0185,0.0000,0.0000,0.0000,0.0184,0.0001,200,2.0842
0.0056,0.0000,0.0000,0.0000,0.0056,0.0000,200,2.0979
0.0434,0.0000,0.0000,0.0000,0.0433,0.0000,200,2.0602
0.0056,0.0000,0.0000,0.0000,0.0052,0.0003,200,2.0980
0.0150,0.0000,0.0000,0.0000,0.0144,0.0004,200,2.0897
0.0313,0.0000,0.0000,0.0000,0.0309,0.0003,200,2.0739
0.0035,0.0000,0.0000,0.0000,0.0025,0.0003,200,2.1030
0.0137,0.0000,0.0000,0.0000,0.0136,0.0000,200,2.0942
0.0479,0.0000,0.0000,0.0000,0.0464,0.0015,200,2.0600
0.0079,0.0000,0.0000,0.0000,0.0078,0.0000,200,2.1001
0.0199,0.0000,0.0000,0.0000,0.0198,0.0000,200,2.0882
0.0356,0.0000,0.0000,0.0000,0.0355,0.0000,200,2.0759
0.0079,0.0000,0.0000,0.0000,0.0077,0.0000,200,2.1035
0.0098,0.0000,0.0000,0.0000,0.0084,0.0001,200,2.1017
0.0625,0.0000,0.0000,0.0000,0.0624,0.0000,200,2.0492
0.0859,0.0000,0.0000,0.0000,0.0859,0.0000,200,2.0258
0.0066,0.0000,0.0000,0.0001,0.0065,0.0000,200,2.1051
0.0123,0.0000,0.0000,0.0000,0.0122,0.0000,200,2.0995
0.0184,0.0000,0.0000,0.0002,0.0182,0.0000,200,2.0935
0.0473,0.0000,0.0000,0.0000,0.0472,0.0000,200,2.0646
0.0237,0.0000,0.0000,0.0000,0.0237,0.0000,200,2.0882
0.0148,0.0000,0.0000,0.0000,0.0146,0.0000,200,2.0972
0.0041,0.0000,0.0000,0.0000,0.0041,0.0000,200,2.1079
0.0902,0.0000,0.0000,0.0000,0.0901,0.0000,200,2.0219
0.0155,0.0000,0.0000,0.0000,0.0154,0.0001,200,2.0996
0.0271,0.0000,0.0000,0.0000,0.0270,0.0000,200,2.0885
0.0143,0.0000,0.0000,0.0000,0.0142,0.0000,200,2.1014
0.0127,0.0000,0.0000,0.0000,0.0119,0.0001,200,2.1035
0.0131,0.0000,0.0000,0.0000,0.0125,0.0000,200,2.1035
0.0055,0.0000,0.0000,0.0000,0.0053,0.0000,200,2.1115
0.0455,0.0000,0.0000,0.0000,0.0454,0.0001,200,2.0719
0.0333,0.0000,0.0000,0.0000,0.0332,0.0001,200,2.0843
0.0465,0.0000,0.0000,0.0000,0.0465,0.0000,200,2.0725
0.0364,0.0000,0.0000,0.0000,0.0364,0.0000,200,2.0825
0.0621,0.0000,0.0000,0.0000,0.0620,0.0000,200,2.0569
0.0040,0.0000,0.0000,0.0001,0.0037,0.0001,200,2.1151
0.0076,0.0000,0.0000,0.0000,0.0075,0.0001,200,2.1115
0.0760,0.0000,0.0000,0.0000,0.0759,0.0000,200,2.0435
0.0079,0.0000,0.0000,0.0000,0.0078,0.0001,200,2.1120
0.0011,0.0000,0.0000,0.0000,0.0010,0.0000,200,2.1190
0.0519,0.0000,0.0000,0.0000,0.0518,0.0001,200,2.0685
0.0164,0.0000,0.0000,0.0000,0.0163,0.0000,200,2.1047
0.0018,0.0000,0.0000,0.0000,0.0017,0.0000,200,2.1195
0.0098,0.0000,0.0000,0.0000,0.0097,0.0001,200,2.1119
0.0098,0.0000,0.0000,0.0000,0.0098,0.0000,200,2.1121
0.0028,0.0000,0.0000,0.0000,0.0027,0.0000,200,2.1192
0.0109,0.0000,0.0000,0.0000,0.0109,0.0000,200,2.1117
0.0417,0.0000,0.0000,0.0000,0.0416,0.0000,200,2.0809
0.0114,0.0000,0.0000,0.0000,0.0112,0.0001,200,2.1118
0.0172,0.0000,0.0000,0.0000,0.0162,0.0002,200,2.1066
0.0351,0.0000,0.0000,0.0000,0.0350,0.0001,200,2.0892
0.0074,0.0000,0.0000,0.0000,0.0073,0.0000,200,2.1170
0.0219,0.0000,0.0000,0.0000,0.0218,0.0000,200,2.1028
0.0062,0.0000,0.0000,0.0000,0.0061,0.0000,200,2.1190
0.0090,0.0000,0.0000,0.0001,0.0088,0.0000,200,2.1166
0.0038,0.0000,0.0000,0.0000,0.0037,0.0000,200,2.1220
0.0311,0.0000,0.0000,0.0000,0.0310,0.0000,200,2.0951
0.0047,0.0000,0.0000,0.0000,0.0045,0.0000,200,2.1217
0.0065,0.0000,0.0000,0.0000,0.0063,0.0000,200,2.1200
0.0082,0.0000,0.0000,0.0000,0.0081,0.0001,200,2.1190
0.0491,0.0000,0.0000,0.0000,0.0488,0.0003,200,2.0781
0.0493,0.0000,0.0000,0.0000,0.0493,0.0000,200,2.0781
0.0319,0.0000,0.0000,0.0000,0.0318,0.0000,200,2.0957
0.0121,0.0000,0.0000,0.0000,0.0120,0.0001,200,2.1162
0.0027,0.0000,0.0000,0.0000,0.0025,0.0001,200,2.1257
0.0167,0.0000,0.0000,0.0000,0.0166,0.0000,200,2.1118
0.0174,0.0000,0.0000,0.0001,0.0172,0.0000,200,2.1115
0.0493,0.0000,0.0000,0.0000,0.0492,0.0000,200,2.0796
0.0215,0.0000,0.0000,0.0000,0.0215,0.0001,200,2.1080
0.0181,0.0000,0.0000,0.0000,0.0181,0.0000,200,2.1118
0.0081,0.0000,0.0000,0.0000,0.0080,0.0000,200,2.1220
0.0043,0.0000,0.0000,0.0000,0.0042,0.0000,200,2.1265
0.0069,0.0000,0.0000,0.0000,0.0068,0.0000,200,2.1243
0.0029,0.0000,0.0000,0.0000,0.0028,0.0000,200,2.1284
0.0026,0.0000,0.0000,0.0000,0.0024,0.0002,200,2.1289
0.0040,0.0000,0.0000,0.0000,0.0039,0.0000,200,2.1276
0.0286,0.0000,0.0000,0.0018,0.0266,0.0002,200,2.1036
0.0051,0.0000,0.0000,0.0000,0.0050,0.0000,200,2.1274
0.0069,0.0000,0.0000,0.0000,0.0069,0.0000,200,2.1256
0.0136,0.0000,0.0000,0.0000,0.0134,0.0002,200,2.1191
0.0030,0.0000,0.0000,0.0000,0.0029,0.0001,200,2.1301
0.0253,0.0000,0.0000,0.0001,0.0252,0.0000,200,2.1080
0.0222,0.0000,0.0000,0.0000,0.0222,0.0000,200,2.1119
0.0396,0.0000,0.0000,0.0000,0.0395,0.0000,200,2.0947
0.0105,0.0000,0.0000,0.0000,0.0104,0.0000,200,2.1237
0.0041,0.0000,0.0000,0.0000,0.0040,0.0000,200,2.1308
0.0124,0.0000,0.0000,0.0000,0.0123,0.0000,200,2.1226
0.0391,0.0000,0.0000,0.0000,0.0383,0.0000,200,2.0965
0.0128,0.0000,0.0000,0.0000,0.0126,0.0001,200,2.1232
0.0103,0.0000,0.0000,0.0000,0.0101,0.0002,200,2.1261
0.0082,0.0000,0.0000,0.0000,0.0081,0.0000,200,2.1285
0.0010,0.0000,0.0000,0.0000,0.0010,0.0000,200,2.1360
0.0055,0.0000,0.0000,0.0000,0.0055,0.0000,200,2.1315
0.0411,0.0000,0.0000,0.0000,0.0410,0.0001,200,2.0964
0.0014,0.0000,0.0000,0.0000,0.0012,0.0001,200,2.1365
0.0055,0.0000,0.0000,0.0000,0.0054,0.0001,200,2.1325
0.0065,0.0000,0.0000,0.0000,0.0064,0.0000,200,2.1322
0.0268,0.0000,0.0000,0.0000,0.0265,0.0003,200,2.1120
0.0168,0.0000,0.0000,0.0000,0.0167,0.0000,200,2.1226
0.0128,0.0000,0.0000,0.0000,0.0126,0.0001,200,2.1272
0.0407,0.0000,0.0000,0.0001,0.0405,0.0000,200,2.0995
0.0065,0.0000,0.0000,0.0000,0.0062,0.0001,200,2.1342
0.0058,0.0000,0.0000,0.0000,0.0055,0.0002,200,2.1356
0.0298,0.0000,0.0000,0.0001,0.0297,0.0000,200,2.1117
0.0241,0.0000,0.0000,0.0000,0.0240,0.0000,200,2.1174
0.0341,0.0000,0.0000,0.0000,0.0339,0.0001,200,2.1079
0.0076,0.0000,0.0000,0.0000,0.0076,0.0000,200,2.1348
0.0028,0.0000,0.0000,0.0000,0.0027,0.0000,200,2.1402
0.0065,0.0000,0.0000,0.0000,0.0063,0.0002,200,2.1371
0.0013,0.0000,0.0000,0.0000,0.0012,0.0000,200,2.1425
0.0190,0.0000,0.0000,0.0000,0.0189,0.0000,200,2.1247
0.0245,0.0000,0.0000,0.0001,0.0243,0.0002,200,2.1201
0.0153,0.0000,0.0000,0.0002,0.0150,0.0000,200,2.1296
0.0107,0.0000,0.0000,0.0000,0.0105,0.0002,200,2.1342
0.0445,0.0000,0.0000,0.0000,0.0443,0.0001,200,2.1009
0.0021,0.0000,0.0000,0.0000,0.0020,0.0001,200,2.1438
0.0306,0.0000,0.0000,0.0000,0.0304,0.0000,200,2.1157
0.0254,0.0000,0.0000,0.0000,0.0253,0.0000,200,2.1211
0.0227,0.0000,0.0000,0.0002,0.0220,0.0001,200,2.1243
0.0960,0.0000,0.0000,0.0000,0.0959,0.0000,200,2.0514
0.0164,0.0000,0.0000,0.0000,0.0163,0.0000,200,2.1316
0.0684,0.0000,0.0000,0.0000,0.0683,0.0001,200,2.0800
0.0154,0.0000,0.0000,0.0000,0.0152,0.0001,200,2.1331
0.0117,0.0000,0.0000,0.0000,0.0116,0.0000,200,2.1370
0.0017,0.0000,0.0000,0.0000,0.0016,0.0000,200,2.1474
0.0108,0.0000,0.0000,0.0001,0.0106,0.0001,200,2.1388
0.0176,0.0000,0.0000,0.0000,0.0175,0.0000,200,2.1325
0.0674,0.0000,0.0000,0.0000,0.0674,0.0000,200,2.0831
0.0126,0.0000,0.0000,0.0000,0.0122,0.0004,200,2.1380
0.0200,0.0000,0.0000,0.0000,0.0199,0.0001,200,2.1313
0.0048,0.0000,0.0000,0.0000,0.0047,0.0000,200,2.1465
0.0124,0.0000,0.0000,0.0000,0.0123,0.0001,200,2.1394
0.0179,0.0000,0.0000,0.0000,0.0177,0.0002,200,2.1342
0.0195,0.0000,0.0000,0.0000,0.0195,0.0000,200,2.1328
0.0076,0.0000,0.0000,0.0000,0.0076,0.0000,200,2.1449
0.0092,0.0000,0.0000,0.0000,0.0091,0.0001,200,2.1438
0.0046,0.0000,0.0000,0.0000,0.0045,0.0000,200,2.1487
0.0011,0.0000,0.0000,0.0000,0.0009,0.0002,200,2.1525
0.0333,0.0000,0.0000,0.0000,0.0332,0.0000,200,2.1204
0.0040,0.0000,0.0000,0.0000,0.0039,0.0001,200,2.1501
0.0254,0.0000,0.0000,0.0001,0.0253,0.0000,200,2.1289
0.0063,0.0000,0.0000,0.0000,0.0061,0.0002,200,2.1484
0.0117,0.0000,0.0000,0.0000,0.0115,0.0001,200,2.1436
0.0134,0.0000,0.0000,0.0000,0.0133,0.0000,200,2.1420
0.0025,0.0000,0.0000,0.0000,0.0024,0.0000,200,2.1536
0.0009,0.0000,0.0000,0.0000,0.0008,0.0000,200,2.1561
0.0155,0.0000,0.0000,0.0000,0.0151,0.0003,200,2.1415
0.0324,0.0000,0.0000,0.0000,0.0321,0.0002,200,2.1252
0.0420,0.0000,0.0000,0.0000,0.0420,0.0000,200,2.1156
0.0051,0.0000,0.0000,0.0000,0.0050,0.0000,200,2.1529
0.0131,0.0000,0.0000,0.0001,0.0130,0.0000,200,2.1454
0.0139,0.0000,0.0000,0.0000,0.0137,0.0000,200,2.1447
0.0087,0.0000,0.0000,0.0000,0.0087,0.0000,200,2.1506
0.0323,0.0000,0.0000,0.0000,0.0322,0.0000,200,2.1272
0.1224,0.0000,0.0000,0.0000,0.1219,0.0004,200,2.0372
0.0148,0.0000,0.0000,0.0000,0.0148,0.0000,200,2.1448
0.0424,0.0000,0.0000,0.0000,0.0423,0.0001,200,2.1176
0.0080,0.0000,0.0000,0.0000,0.0080,0.0000,200,2.1523
0.0275,0.0000,0.0000,0.0000,0.0274,0.0000,200,2.1334
0.0061,0.0000,0.0000,0.0000,0.0056,0.0003,200,2.1554
0.0063,0.0000,0.0000,0.0000,0.0061,0.0002,200,2.1553
0.0049,0.0000,0.0000,0.0000,0.0048,0.0000,200,2.1570
0.0082,0.0000,0.0000,0.0000,0.0080,0.0002,200,2.1537
0.0129,0.0000,0.0000,0.0000,0.0128,0.0000,200,2.1496
0.0034,0.0000,0.0000,0.0001,0.0033,0.0000,200,2.1595
0.0098,0.0000,0.0000,0.0000,0.0097,0.0000,200,2.1534
0.0028,0.0000,0.0000,0.0000,0.0027,0.0000,200,2.1609
0.0242,0.0000,0.0000,0.0000,0.0241,0.0000,200,2.1400
0.0096,0.0000,0.0000,0.0000,0.0094,0.0001,200,2.1576
0.0270,0.0000,0.0000,0.0000,0.0267,0.0003,200,2.1407
0.0250,0.0000,0.0000,0.0000,0.0249,0.0000,200,2.1430
0.0109,0.0000,0.0000,0.0000,0.0103,0.0006,200,2.1581
0.0325,0.0000,0.0000,0.0000,0.0324,0.0000,200,2.1366
0.0062,0.0000,0.0000,0.0000,0.0059,0.0001,200,2.1629
0.0121,0.0000,0.0000,0.0000,0.0120,0.0000,200,2.1576
0.0282,0.0000,0.0000,0.0000,0.0281,0.0000,200,2.1416
0.0191,0.0000,0.0000,0.0000,0.0190,0.0000,200,2.1513
0.0244,0.0000,0.0000,0.0000,0.0244,0.0000,200,2.1459
0.0297,0.0000,0.0000,0.0002,0.0293,0.0000,200,2.1413
0.0023,0.0000,0.0000,0.0002,0.0019,0.0000,200,2.1691
0.0228,0.0000,0.0000,0.0000,0.0227,0.0000,200,2.1491
0.0407,0.0000,0.0000,0.0000,0.0406,0.0000,200,2.1312
0.0112,0.0000,0.0000,0.0000,0.0112,0.0000,200,2.1616
0.0265,0.0000,0.0000,0.0000,0.0258,0.0000,200,2.1463
0.0018,0.0000,0.0000,0.0000,0.0018,0.0000,200,2.1714
0.0139,0.0000,0.0000,0.0000,0.0133,0.0006,200,2.1596
0.0025,0.0000,0.0000,0.0000,0.0024,0.0001,200,2.1710
0.0108,0.0000,0.0000,0.0000,0.0107,0.0000,200,2.1632
0.0227,0.0000,0.0000,0.0000,0.0226,0.0000,200,2.1518
0.0010,0.0000,0.0000,0.0000,0.0009,0.0000,200,2.1740
0.0035,0.0000,0.0000,0.0000,0.0034,0.0000,200,2.1719
0.0025,0.0000,0.0000,0.0000,0.0025,0.0000,200,2.1732
0.0030,0.0000,0.0000,0.0000,0.0029,0.0000,200,2.1735
0.0417,0.0000,0.0000,0.0000,0.0414,0.0002,200,2.1350
0.0036,0.0000,0.0000,0.0000,0.0035,0.0000,200,2.1735
0.0157,0.0000,0.0000,0.0000,0.0155,0.0002,200,2.1619
0.0085,0.0000,0.0000,0.0000,0.0084,0.0000,200,2.1697
0.0110,0.0000,0.0000,0.0000,0.0105,0.0005,200,2.1672
0.0411,0.0000,0.0000,0.0000,0.0409,0.0001,200,2.1376
0.0168,0.0000,0.0000,0.0000,0.0166,0.0001,200,2.1625
0.0283,0.0000,0.0000,0.0000,0.0280,0.0000,200,2.1513
0.0234,0.0000,0.0000,0.0000,0.0233,0.0000,200,2.1571
0.0076,0.0000,0.0000,0.0000,0.0071,0.0004,200,2.1728
0.0286,0.0000,0.0000,0.0000,0.0284,0.0001,200,2.1522
0.0052,0.0000,0.0000,0.0000,0.0051,0.0000,200,2.1757
0.0048,0.0000,0.0000,0.0000,0.0047,0.0000,200,2.1764
0.0029,0.0000,0.0000,0.0000,0.0028,0.0000,200,2.1786
0.0040,0.0000,0.0000,0.0000,0.0038,0.0002,200,2.1777
0.0353,0.0000,0.0000,0.0000,0.0352,0.0000,200,2.1469
0.0015,0.0000,0.0000,0.0000,0.0014,0.0000,200,2.1810
0.0022,0.0000,0.0000,0.0000,0.0021,0.0000,200,2.1808
0.0148,0.0000,0.0000,0.0000,0.0145,0.0003,200,2.1690
0.0094,0.0000,0.0000,0.0000,0.0094,0.0000,200,2.1744
0.0161,0.0000,0.0000,0.0000,0.0160,0.0000,200,2.1680
0.0305,0.0000,0.0000,0.0000,0.0304,0.0001,200,2.1546
0.0177,0.0000,0.0000,0.0000,0.0176,0.0001,200,2.1704
0.0129,0.0000,0.0000,0.0000,0.0128,0.0000,200,2.1754
0.0504,0.0000,0.0000,0.0000,0.0501,0.0002,200,2.1387
0.0070,0.0000,0.0000,0.0000,0.0069,0.0000,200,2.1822
0.0206,0.0000,0.0000,0.0000,0.0194,0.0011,200,2.1697
0.0011,0.0000,0.0000,0.0000,0.0010,0.0000,200,2.1892
0.0099,0.0000,0.0000,0.0000,0.0098,0.0000,200,2.1805
0.0262,0.0000,0.0000,0.0000,0.0261,0.0000,200,2.1641
0.0094,0.0000,0.0000,0.0000,0.0093,0.0000,200,2.1812
0.0207,0.0000,0.0000,0.0000,0.0207,0.0000,200,2.1703
0.0318,0.0000,0.0000,0.0004,0.0313,0.0000,200,2.1593
0.0102,0.0000,0.0000,0.0000,0.0101,0.0000,200,2.1816
0.0091,0.0000,0.0000,0.0000,0.0091,0.0000,200,2.1830
0.0019,0.0000,0.0000,0.0000,0.0018,0.0000,200,2.1903
0.0153,0.0000,0.0000,0.0000,0.0152,0.0001,200,2.1782
0.0087,0.0000,0.0000,0.0000,0.0086,0.0000,200,2.1851
0.0056,0.0000,0.0000,0.0000,0.0055,0.0000,200,2.1883
0.0432,0.0000,0.0000,0.0000,0.0432,0.0000,200,2.1506
0.0105,0.0000,0.0000,0.0000,0.0104,0.0000,200,2.1838
0.0163,0.0000,0.0000,0.0000,0.0163,0.0000,200,2.1782
0.0068,0.0000,0.0000,0.0000,0.0067,0.0001,200,2.1881
0.0046,0.0000,0.0000,0.0000,0.0045,0.0000,200,2.1906
0.0051,0.0000,0.0000,0.0000,0.0051,0.0000,200,2.1903
0.0372,0.0000,0.0000,0.0000,0.0371,0.0001,200,2.1585
0.0482,0.0000,0.0000,0.0000,0.0481,0.0000,200,2.1479
0.0151,0.0000,0.0000,0.0000,0.0150,0.0001,200,2.1817
0.0068,0.0000,0.0000,0.0000,0.0067,0.0000,200,2.1903
0.0226,0.0000,0.0000,0.0000,0.0226,0.0000,200,2.1749
0.0041,0.0000,0.0000,0.0000,0.0040,0.0001,200,2.1939
0.0177,0.0000,0.0000,0.0000,0.0176,0.0000,200,2.1805
0.0378,0.0000,0.0000,0.0000,0.0377,0.0000,200,2.1604
0.0372,0.0000,0.0000,0.0000,0.0370,0.0000,200,2.1615
0.0073,0.0000,0.0000,0.0001,0.0071,0.0000,200,2.1917
0.1372,0.0000,0.0000,0.0000,0.1366,0.0001,200,2.0621
0.0411,0.0000,0.0000,0.0000,0.0410,0.0001,200,2.1586
0.0057,0.0000,0.0000,0.0000,0.0056,0.0001,200,2.1946
0.0095,0.0000,0.0000,0.0000,0.0094,0.0000,200,2.1911
0.0171,0.0000,0.0000,0.0000,0.0169,0.0002,200,2.1841
0.0061,0.0000,0.0000,0.0000,0.0060,0.0001,200,2.1955
0.0116,0.0000,0.0000,0.0000,0.0115,0.0001,200,2.1903
0.0292,0.0000,0.0000,0.0000,0.0291,0.0001,200,2.1728
0.0082,0.0000,0.0000,0.0000,0.0081,0.0000,200,2.1943
0.0073,0.0000,0.0000,0.0000,0.0071,0.0000,200,2.1957
0.0029,0.0000,0.0000,0.0000,0.0028,0.0000,200,2.2003
0.0055,0.0000,0.0000,0.0003,0.0050,0.0000,200,2.1980
0.0058,0.0000,0.0000,0.0000,0.0056,0.0002,200,2.1982
0.0110,0.0000,0.0000,0.0000,0.0109,0.0001,200,2.1936
0.0104,0.0000,0.0000,0.0000,0.0103,0.0001,200,2.1949
0.0038,0.0000,0.0000,0.0000,0.0037,0.0000,200,2.2016
0.0092,0.0000,0.0000,0.0000,0.0088,0.0000,200,2.1968
0.0373,0.0000,0.0000,0.0001,0.0372,0.0000,200,2.1692
0.0077,0.0000,0.0000,0.0000,0.0076,0.0000,200,2.1993
0.0091,0.0000,0.0000,0.0000,0.0090,0.0000,200,2.1981
0.0014,0.0000,0.0000,0.0000,0.0013,0.0001,200,2.2065
0.0161,0.0000,0.0000,0.0000,0.0159,0.0001,200,2.1922
0.0467,0.0000,0.0000,0.0000,0.0466,0.0000,200,2.1619
0.0041,0.0000,0.0000,0.0000,0.0038,0.0002,200,2.2046
0.0881,0.0000,0.0000,0.0000,0.0880,0.0000,200,2.1212
0.0065,0.0000,0.0000,0.0002,0.0063,0.0000,200,2.2032
0.0263,0.0000,0.0000,0.0000,0.0259,0.0003,200,2.1839
0.0036,0.0000,0.0000,0.0000,0.0033,0.0003,200,2.2087
0.0491,0.0000,0.0000,0.0000,0.0491,0.0001,200,2.1637
0.0120,0.0000,0.0000,0.0000,0.0119,0.0000,200,2.2011
0.0146,0.0000,0.0000,0.0000,0.0144,0.0001,200,2.1987
0.0119,0.0000,0.0000,0.0000,0.0117,0.0001,200,2.2019
0.0170,0.0000,0.0000,0.0000,0.0169,0.0000,200,2.1971
0.0063,0.0000,0.0000,0.0000,0.0062,0.0000,200,2.2083
0.0259,0.0000,0.0000,0.0000,0.0258,0.0001,200,2.1891
0.0027,0.0000,0.0000,0.0001,0.0025,0.0000,200,2.2127
0.0558,0.0000,0.0000,0.0000,0.0557,0.0000,200,2.1600
0.0103,0.0000,0.0000,0.0000,0.0103,0.0001,200,2.2086
0.0099,0.0000,0.0000,0.0000,0.0098,0.0000,200,2.2097
0.0407,0.0000,0.0000,0.0000,0.0406,0.0000,200,2.1793
0.0073,0.0000,0.0000,0.0000,0.0071,0.0002,200,2.2131
0.0131,0.0000,0.0000,0.0000,0.0130,0.0000,200,2.2079
0.0080,0.0000,0.0000,0.0000,0.0078,0.0001,200,2.2134
0.0227,0.0000,0.0000,0.0000,0.0226,0.0000,200,2.1990
0.0150,0.0000,0.0000,0.0000,0.0149,0.0001,200,2.2070
0.0075,0.0000,0.0000,0.0000,0.0074,0.0000,200,2.2150
0.0258,0.0000,0.0000,0.0000,0.0257,0.0000,200,2.1976
0.0034,0.0000,0.0000,0.0000,0.0033,0.0000,200,2.2200
0.0558,0.0000,0.0000,0.0000,0.0556,0.0001,200,2.1677
0.0319,0.0000,0.0000,0.0000,0.0319,0.0000,200,2.1922
0.0150,0.0000,0.0000,0.0000,0.0145,0.0005,200,2.2093
0.0297,0.0000,0.0000,0.0000,0.0296,0.0000,200,2.1952
0.0059,0.0000,0.0000,0.0000,0.0058,0.0000,200,2.2190
0.0021,0.0000,0.0000,0.0000,0.0021,0.0000,200,2.2234
0.0210,0.0000,0.0000,0.0000,0.0207,0.0002,200,2.2054
0.0443,0.0000,0.0000,0.0000,0.0442,0.0001,200,2.1825
0.0134,0.0000,0.0000,0.0000,0.0133,0.0000,200,2.2138
0.0127,0.0000,0.0000,0.0000,0.0126,0.0001,200,2.2146
0.0261,0.0000,0.0000,0.0000,0.0261,0.0000,200,2.2021
0.0129,0.0000,0.0000,0.0000,0.0128,0.0000,200,2.2154
0.0249,0.0000,0.0000,0.0000,0.0248,0.0001,200,2.2036
0.0489,0.0000,0.0000,0.0000,0.0488,0.0000,200,2.1796
0.0378,0.0000,0.0000,0.0000,0.0377,0.0000,200,2.1911
0.0027,0.0000,0.0000,0.0000,0.0024,0.0001,200,2.2267
0.0362,0.0000,0.0000,0.0000,0.0360,0.0002,200,2.1939
0.0536,0.0000,0.0000,0.0003,0.0529,0.0002,200,2.1766
0.0181,0.0000,0.0000,0.0000,0.0179,0.0002,200,2.2128
0.0119,0.0000,0.0000,0.0000,0.0118,0.0000,200,2.2196
0.0060,0.0000,0.0000,0.0000,0.0059,0.0000,200,2.2255
0.0774,0.0000,0.0000,0.0000,0.0773,0.0001,200,2.1543
0.0051,0.0000,0.0000,0.0000,0.0050,0.0001,200,2.2271
0.0258,0.0000,0.0000,0.0000,0.0256,0.0001,200,2.2072
0.0027,0.0000,0.0000,0.0000,0.0024,0.0002,200,2.2309
0.0111,0.0000,0.0000,0.0000,0.0110,0.0001,200,2.2226
0.0343,0.0000,0.0000,0.0000,0.0342,0.0000,200,2.1997
0.0130,0.0000,0.0000,0.0000,0.0129,0.0001,200,2.2213
0.0140,0.0000,0.0000,0.0000,0.0139,0.0000,200,2.2204
0.0099,0.0000,0.0000,0.0000,0.0098,0.0001,200,2.2249
0.0036,0.0000,0.0000,0.0000,0.0035,0.0000,200,2.2315
0.0034,0.0000,0.0000,0.0000,0.0033,0.0001,200,2.2323
0.0111,0.0000,0.0000,0.0000,0.0111,0.0001,200,2.2249
0.0061,0.0000,0.0000,0.0000,0.0059,0.0000,200,2.2300
0.0050,0.0000,0.0000,0.0001,0.0048,0.0000,200,2.2317
0.0091,0.0000,0.0000,0.0000,0.0090,0.0001,200,2.2282
0.0271,0.0000,0.0000,0.0000,0.0270,0.0000,200,2.2102
0.0093,0.0000,0.0000,0.0000,0.0092,0.0001,200,2.2285
0.0164,0.0000,0.0000,0.0000,0.0163,0.0000,200,2.2220
0.0016,0.0000,0.0000,0.0000,0.0015,0.0000,200,2.2373
0.0108,0.0000,0.0000,0.0000,0.0107,0.0000,200,2.2285
0.0186,0.0000,0.0000,0.0000,0.0185,0.0001,200,2.2210
0.0104,0.0000,0.0000,0.0000,0.0103,0.0000,200,2.2294
0.0634,0.0000,0.0000,0.0000,0.0632,0.0001,200,2.1771
0.0091,0.0000,0.0000,0.0000,0.0090,0.0000,200,2.2315
0.0178,0.0000,0.0000,0.0000,0.0177,0.0000,200,2.2234
0.0036,0.0000,0.0000,0.0000,0.0034,0.0001,200,2.2379
0.0033,0.0000,0.0000,0.0000,0.0032,0.0001,200,2.2383
0.0075,0.0000,0.0000,0.0000,0.0074,0.0000,200,2.2344
0.0462,0.0000,0.0000,0.0000,0.0460,0.0001,200,2.1961
0.0040,0.0000,0.0000,0.0000,0.0039,0.0000,200,2.2389
0.0025,0.0000,0.0000,0.0000,0.0023,0.0001,200,2.2406
0.0074,0.0000,0.0000,0.0000,0.0073,0.0000,200,2.2360
0.0134,0.0000,0.0000,0.0001,0.0132,0.0000,200,2.2302
0.0095,0.0000,0.0000,0.0000,0.0094,0.0001,200,2.2343
0.0027,0.0000,0.0000,0.0000,0.0026,0.0001,200,2.2415
0.0158,0.0000,0.0000,0.0000,0.0157,0.0000,200,2.2288
0.0016,0.0000,0.0000,0.0000,0.0015,0.0000,200,2.2431
0.0171,0.0000,0.0000,0.0000,0.0170,0.0000,200,2.2282
0.0418,0.0000,0.0000,0.0000,0.0416,0.0001,200,2.2039
0.0186,0.0000,0.0000,0.0001,0.0183,0.0000,200,2.2273
0.0023,0.0000,0.0000,0.0000,0.0015,0.0000,200,2.2441
0.0102,0.0000,0.0000,0.0000,0.0100,0.0002,200,2.2367
0.0018,0.0000,0.0000,0.0000,0.0017,0.0000,200,2.2453
0.0109,0.0000,0.0000,0.0000,0.0108,0.0001,200,2.2393
0.0167,0.0000,0.0000,0.0000,0.0166,0.0000,200,2.2340
0.0071,0.0000,0.0000,0.0000,0.0070,0.0000,200,2.2439
0.0357,0.0000,0.0000,0.0000,0.0353,0.0001,200,2.2158
0.0063,0.0000,0.0000,0.0000,0.0062,0.0000,200,2.2457
0.0158,0.0000,0.0000,0.0000,0.0158,0.0000,200,2.2362
0.0108,0.0000,0.0000,0.0000,0.0107,0.0000,200,2.2419
0.0055,0.0000,0.0000,0.0000,0.0053,0.0002,200,2.2471
0.0098,0.0000,0.0000,0.0000,0.0097,0.0001,200,2.2435
0.0070,0.0000,0.0000,0.0000,0.0069,0.0000,200,2.2464
0.0068,0.0000,0.0000,0.0000,0.0067,0.0001,200,2.2469
0.0186,0.0000,0.0000,0.0000,0.0186,0.0000,200,2.2357
0.0028,0.0000,0.0000,0.0000,0.0026,0.0000,200,2.2515
0.0202,0.0000,0.0000,0.0000,0.0201,0.0000,200,2.2348
0.0336,0.0000,0.0000,0.0000,0.0336,0.0000,200,2.2217
0.0317,0.0000,0.0000,0.0000,0.0316,0.0000,200,2.2242
0.0034,0.0000,0.0000,0.0000,0.0033,0.0000,200,2.2532
0.0560,0.0000,0.0000,0.0000,0.0559,0.0001,200,2.2006
0.0120,0.0000,0.0000,0.0000,0.0120,0.0000,200,2.2447
0.0177,0.0000,0.0000,0.0000,0.0176,0.0000,200,2.2396
0.0024,0.0000,0.0000,0.0000,0.0024,0.0000,200,2.2550
0.0079,0.0000,0.0000,0.0000,0.0075,0.0003,200,2.2502
0.0165,0.0000,0.0000,0.0001,0.0164,0.0001,200,2.2416
0.0020,0.0000,0.0000,0.0000,0.0018,0.0002,200,2.2567
0.0167,0.0000,0.0000,0.0001,0.0165,0.0001,200,2.2423
0.0332,0.0000,0.0000,0.0000,0.0330,0.0001,200,2.2263
0.0069,0.0000,0.0000,0.0000,0.0068,0.0000,200,2.2527
0.0568,0.0000,0.0000,0.0000,0.0567,0.0001,200,2.2030
0.0051,0.0000,0.0000,0.0000,0.0050,0.0000,200,2.2553
0.0465,0.0000,0.0000,0.0000,0.0464,0.0001,200,2.2142
0.0023,0.0000,0.0000,0.0000,0.0021,0.0001,200,2.2590
0.0095,0.0000,0.0000,0.0000,0.0094,0.0000,200,2.2520
0.0024,0.0000,0.0000,0.0000,0.0024,0.0000,200,2.2596
0.0119,0.0000,0.0000,0.0000,0.0115,0.0000,200,2.2507
0.0015,0.0000,0.0000,0.0000,0.0010,0.0004,200,2.2615
0.0110,0.0000,0.0000,0.0000,0.0110,0.0000,200,2.2520
0.0076,0.0000,0.0000,0.0000,0.0074,0.0001,200,2.2559
0.0066,0.0000,0.0000,0.0000,0.0065,0.0000,200,2.2574
0.0106,0.0000,0.0000,0.0000,0.0104,0.0001,200,2.2534
0.0077,0.0000,0.0000,0.0000,0.0077,0.0000,200,2.2566
0.0036,0.0000,0.0000,0.0000,0.0035,0.0001,200,2.2613
0.0056,0.0000,0.0000,0.0000,0.0055,0.0001,200,2.2598
0.0287,0.0000,0.0000,0.0000,0.0287,0.0000,200,2.2373
0.0032,0.0000,0.0000,0.0001,0.0031,0.0000,200,2.2629
0.0425,0.0000,0.0000,0.0000,0.0422,0.0002,200,2.2243
0.0061,0.0000,0.0000,0.0000,0.0061,0.0000,200,2.2607
0.0013,0.0000,0.0000,0.0000,0.0013,0.0000,200,2.2660
0.0036,0.0000,0.0000,0.0001,0.0035,0.0000,200,2.2640
0.0109,0.0000,0.0000,0.0000,0.0108,0.0000,200,2.2595
0.0065,0.0000,0.0000,0.0000,0.0063,0.0002,200,2.2644
0.0305,0.0000,0.0000,0.0000,0.0303,0.0000,200,2.2404
0.0383,0.0000,0.0000,0.0001,0.0380,0.0002,200,2.2330
0.0259,0.0000,0.0000,0.0000,0.0258,0.0001,200,2.2458
0.0142,0.0000,0.0000,0.0001,0.0139,0.0001,200,2.2582
0.0106,0.0000,0.0000,0.0000,0.0106,0.0000,200,2.2620
0.0082,0.0000,0.0000,0.0000,0.0080,0.0001,200,2.2649
0.0014,0.0000,0.0000,0.0000,0.0013,0.0001,200,2.2717
0.0287,0.0000,0.0000,0.0000,0.0286,0.0000,200,2.2446
0.0016,0.0000,0.0000,0.0000,0.0015,0.0000,200,2.2723
0.0197,0.0000,0.0000,0.0000,0.0196,0.0001,200,2.2543
0.0319,0.0000,0.0000,0.0000,0.0318,0.0000,200,2.2428
0.0120,0.0000,0.0000,0.0000,0.0119,0.0000,200,2.2630
0.0077,0.0000,0.0000,0.0000,0.0073,0.0004,200,2.2674
0.0089,0.0000,0.0000,0.0000,0.0086,0.0003,200,2.2668
0.0030,0.0000,0.0000,0.0000,0.0030,0.0000,200,2.2731
0.0139,0.0000,0.0000,0.0000,0.0138,0.0001,200,2.2625
0.0040,0.0000,0.0000,0.0000,0.0039,0.0001,200,2.2726
0.0080,0.0000,0.0000,0.0000,0.0079,0.0001,200,2.2713
0.0045,0.0000,0.0000,0.0000,0.0044,0.0001,200,2.2750
0.0142,0.0000,0.0000,0.0000,0.0139,0.0002,200,2.2661
0.0152,0.0000,0.0000,0.0000,0.0151,0.0000,200,2.2655
0.0099,0.0000,0.0000,0.0000,0.0098,0.0001,200,2.2709
0.0175,0.0000,0.0000,0.0000,0.0174,0.0000,200,2.2640
0.0055,0.0000,0.0000,0.0000,0.0053,0.0002,200,2.2766
0.0258,0.0000,0.0000,0.0000,0.0253,0.0004,200,2.2566
0.0079,0.0000,0.0000,0.0000,0.0078,0.0000,200,2.2747
0.0164,0.0000,0.0000,0.0000,0.0163,0.0000,200,2.2668
0.0104,0.0000,0.0000,0.0000,0.0103,0.0000,200,2.2733
0.0133,0.0000,0.0000,0.0000,0.0132,0.0001,200,2.2731
0.0518,0.0000,0.0000,0.0000,0.0517,0.0000,200,2.2351
0.0326,0.0000,0.0000,0.0000,0.0324,0.0001,200,2.2544
0.0053,0.0000,0.0000,0.0000,0.0052,0.0000,200,2.2821
0.0479,0.0000,0.0000,0.0000,0.0478,0.0001,200,2.2398
0.0447,0.0000,0.0000,0.0000,0.0445,0.0001,200,2.2436
0.0211,0.0000,0.0000,0.0000,0.0206,0.0002,200,2.2677
0.0354,0.0000,0.0000,0.0001,0.0352,0.0000,200,2.2537
0.0078,0.0000,0.0000,0.0000,0.0077,0.0000,200,2.2814
0.0071,0.0000,0.0000,0.0000,0.0071,0.0001,200,2.2826
0.0325,0.0000,0.0000,0.0000,0.0325,0.0000,200,2.2573
0.0096,0.0000,0.0000,0.0000,0.0095,0.0000,200,2.2808
0.0225,0.0000,0.0000,0.0000,0.0224,0.0000,200,2.2709
0.0056,0.0000,0.0000,0.0000,0.0055,0.0001,200,2.2878
0.0879,0.0000,0.0000,0.0000,0.0876,0.0003,200,2.2060
0.0432,0.0000,0.0000,0.0000,0.0430,0.0001,200,2.2509
0.0180,0.0000,0.0000,0.0000,0.0179,0.0000,200,2.2764
0.0051,0.0000,0.0000,0.0000,0.0051,0.0000,200,2.2898
0.0067,0.0000,0.0000,0.0000,0.0066,0.0001,200,2.2882
0.0201,0.0000,0.0000,0.0000,0.0200,0.0000,200,2.2751
0.0022,0.0000,0.0000,0.0000,0.0021,0.0000,200,2.2934
0.0326,0.0000,0.0000,0.0000,0.0325,0.0001,200,2.2635
0.0207,0.0000,0.0000,0.0000,0.0206,0.0000,200,2.2757
0.0065,0.0000,0.0000,0.0000,0.0064,0.0000,200,2.2905
0.0210,0.0000,0.0000,0.0000,0.0207,0.0002,200,2.2762
0.0105,0.0000,0.0000,0.0000,0.0105,0.0000,200,2.2869
0.0177,0.0000,0.0000,0.0000,0.0176,0.0000,200,2.2803
0.0033,0.0000,0.0000,0.0000,0.0031,0.0000,200,2.2950
0.0245,0.0000,0.0000,0.0000,0.0244,0.0000,200,2.2740
0.0090,0.0000,0.0000,0.0000,0.0089,0.0001,200,2.2898
0.0051,0.0000,0.0000,0.0000,0.0049,0.0001,200,2.2941
0.0018,0.0000,0.0000,0.0000,0.0016,0.0000,200,2.2980
0.0413,0.0000,0.0000,0.0000,0.0411,0.0001,200,2.2587
0.0166,0.0000,0.0000,0.0000,0.0165,0.0001,200,2.2837
0.0072,0.0000,0.0000,0.0000,0.0071,0.0000,200,2.2934
0.0212,0.0000,0.0000,0.0000,0.0211,0.0000,200,2.2796
0.0064,0.0000,0.0000,0.0000,0.0063,0.0000,200,2.2945
0.0057,0.0000,0.0000,0.0000,0.0056,0.0000,200,2.2956
0.0047,0.0000,0.0000,0.0000,0.0046,0.0001,200,2.2970
0.0034,0.0000,0.0000,0.0000,0.0033,0.0001,200,2.2988
0.0152,0.0000,0.0000,0.0000,0.0151,0.0000,200,2.2875
0.0033,0.0000,0.0000,0.0000,0.0032,0.0000,200,2.3000
0.0209,0.0000,0.0000,0.0000,0.0209,0.0000,200,2.2824
0.0165,0.0000,0.0000,0.0000,0.0162,0.0002,200,2.2869
0.0065,0.0000,0.0000,0.0000,0.0064,0.0000,200,2.2975
0.0035,0.0000,0.0000,0.0000,0.0034,0.0000,200,2.3008
0.0016,0.0000,0.0000,0.0000,0.0015,0.0000,200,2.3033
0.0314,0.0000,0.0000,0.0000,0.0313,0.0000,200,2.2739
0.0169,0.0000,0.0000,0.0000,0.0168,0.0001,200,2.2887
0.0051,0.0000,0.0000,0.0000,0.0050,0.0000,200,2.3009
0.0015,0.0000,0.0000,0.0000,0.0014,0.0000,200,2.3049
0.0117,0.0000,0.0000,0.0000,0.0116,0.0000,200,2.2952
0.0107,0.0000,0.0000,0.0000,0.0106,0.0000,200,2.2965
0.0020,0.0000,0.0000,0.0000,0.0019,0.0000,200,2.3056
0.0014,0.0000,0.0000,0.0000,0.0012,0.0001,200,2.3068
0.0082,0.0000,0.0000,0.0000,0.0079,0.0002,200,2.3003
0.0034,0.0000,0.0000,0.0000,0.0033,0.0000,200,2.3072
0.0080,0.0000,0.0000,0.0001,0.0076,0.0000,200,2.3026
0.0090,0.0000,0.0000,0.0000,0.0090,0.0000,200,2.3016
0.0095,0.0000,0.0000,0.0000,0.0094,0.0000,200,2.3012
0.0065,0.0000,0.0000,0.0000,0.0065,0.0000,200,2.3043
0.0282,0.0000,0.0000,0.0000,0.0281,0.0000,200,2.2832
0.0094,0.0000,0.0000,0.0000,0.0093,0.0000,200,2.3022
0.0059,0.0000,0.0000,0.0000,0.0058,0.0000,200,2.3064
0.0168,0.0000,0.0000,0.0000,0.0166,0.0001,200,2.2960
0.0025,0.0000,0.0000,0.0000,0.0024,0.0001,200,2.3107
0.0328,0.0000,0.0000,0.0000,0.0327,0.0000,200,2.2807
0.0123,0.0000,0.0000,0.0002,0.0118,0.0003,200,2.3040
0.0181,0.0000,0.0000,0.0000,0.0181,0.0000,200,2.2984
0.0039,0.0000,0.0000,0.0002,0.0037,0.0000,200,2.3131
0.0181,0.0000,0.0000,0.0001,0.0180,0.0001,200,2.2997
0.0071,0.0000,0.0000,0.0000,0.0070,0.0000,200,2.3108
0.0050,0.0000,0.0000,0.0000,0.0049,0.0000,200,2.3135
0.0018,0.0000,0.0000,0.0000,0.0017,0.0000,200,2.3179
0.0164,0.0000,0.0000,0.0001,0.0161,0.0002,200,2.3033
0.0032,0.0000,0.0000,0.0000,0.0024,0.0008,200,2.3166
0.0117,0.0000,0.0000,0.0000,0.0116,0.0000,200,2.3085
0.0087,0.0000,0.0000,0.0000,0.0084,0.0002,200,2.3123
0.0085,0.0000,0.0000,0.0000,0.0084,0.0001,200,2.3128
0.0041,0.0000,0.0000,0.0000,0.0040,0.0000,200,2.3178
0.0249,0.0000,0.0000,0.0000,0.0248,0.0000,200,2.2971
0.0056,0.0000,0.0000,0.0000,0.0056,0.0000,200,2.3171
0.0277,0.0000,0.0000,0.0000,0.0276,0.0000,200,2.2950
0.0155,0.0000,0.0000,0.0000,0.0154,0.0001,200,2.3083
0.0211,0.0000,0.0000,0.0000,0.0210,0.0000,200,2.3033
0.0140,0.0000,0.0000,0.0006,0.0131,0.0003,200,2.3106
0.0049,0.0000,0.0000,0.0003,0.0045,0.0000,200,2.3198
0.0199,0.0000,0.0000,0.0000,0.0198,0.0001,200,2.3053
0.0141,0.0000,0.0000,0.0000,0.0140,0.0001,200,2.3114
0.0062,0.0000,0.0000,0.0000,0.0061,0.0000,200,2.3197
0.0020,0.0000,0.0000,0.0000,0.0019,0.0001,200,2.3244
0.0325,0.0000,0.0000,0.0000,0.0325,0.0000,200,2.2939
0.0017,0.0000,0.0000,0.0000,0.0014,0.0002,200,2.3252
0.0079,0.0000,0.0000,0.0001,0.0075,0.0001,200,2.3196
0.0077,0.0000,0.0000,0.0000,0.0076,0.0000,200,2.3202
0.0010,0.0000,0.0000,0.0000,0.0009,0.0000,200,2.3269
0.0164,0.0000,0.0000,0.0000,0.0164,0.0000,200,2.3117
0.0124,0.0000,0.0000,0.0000,0.0123,0.0001,200,2.3162
0.0232,0.0000,0.0000,0.0000,0.0231,0.0001,200,2.3060
0.0221,0.0000,0.0000,0.0000,0.0220,0.0001,200,2.3076
0.0026,0.0000,0.0000,0.0000,0.0024,0.0002,200,2.3275
0.0312,0.0000,0.0000,0.0000,0.0310,0.0001,200,2.2991
0.0062,0.0000,0.0000,0.0000,0.0059,0.0002,200,2.3247
0.0072,0.0000,0.0000,0.0000,0.0071,0.0000,200,2.3237
0.0012,0.0000,0.0000,0.0000,0.0011,0.0001,200,2.3303
0.0039,0.0000,0.0000,0.0000,0.0038,0.0001,200,2.3281
0.0136,0.0000,0.0000,0.0000,0.0135,0.0000,200,2.3184
0.0433,0.0000,0.0000,0.0000,0.0432,0.0001,200,2.2892
0.0323,0.0000,0.0000,0.0000,0.0321,0.0000,200,2.3006
0.0046,0.0000,0.0000,0.0000,0.0045,0.0000,200,2.3287
0.0229,0.0000,0.0000,0.0000,0.0228,0.0001,200,2.3107
0.0037,0.0000,0.0000,0.0000,0.0035,0.0002,200,2.3302
0.0079,0.0000,0.0000,0.0000,0.0074,0.0000,200,2.3264
0.0120,0.0000,0.0000,0.0000,0.0119,0.0001,200,2.3227
0.0018,0.0000,0.0000,0.0001,0.0017,0.0000,200,2.3336
0.0101,0.0000,0.0000,0.0000,0.0100,0.0000,200,2.3254
0.0058,0.0000,0.0000,0.0000,0.0056,0.0001,200,2.3297
0.0033,0.0000,0.0000,0.0000,0.0032,0.0000,200,2.3325
0.0070,0.0000,0.0000,0.0000,0.0069,0.0001,200,2.3292
0.0475,0.0000,0.0000,0.0000,0.0473,0.0001,200,2.2891
0.0152,0.0000,0.0000,0.0000,0.0151,0.0000,200,2.3220
0.0017,0.0000,0.0000,0.0000,0.0017,0.0000,200,2.3355
0.0096,0.0000,0.0000,0.0000,0.0095,0.0001,200,2.3280
0.0080,0.0000,0.0000,0.0000,0.0079,0.0000,200,2.3315
0.0150,0.0000,0.0000,0.0000,0.0149,0.0000,200,2.3247
0.0089,0.0000,0.0000,0.0000,0.0088,0.0000,200,2.3309
0.0076,0.0000,0.0000,0.0000,0.0075,0.0000,200,2.3329
0.0045,0.0000,0.0000,0.0001,0.0017,0.0027,200,2.3363
0.0205,0.0000,0.0000,0.0000,0.0202,0.0002,200,2.3220
0.0032,0.0000,0.0000,0.0004,0.0027,0.0001,200,2.3398
0.0076,0.0000,0.0000,0.0000,0.0076,0.0000,200,2.3354
0.0036,0.0000,0.0000,0.0000,0.0035,0.0000,200,2.3396
0.0058,0.0000,0.0000,0.0000,0.0057,0.0000,200,2.3376
0.0083,0.0000,0.0000,0.0000,0.0082,0.0001,200,2.3354
0.0013,0.0000,0.0000,0.0000,0.0012,0.0001,200,2.3430
0.0009,0.0000,0.0000,0.0000,0.0008,0.0000,200,2.3438
0.0018,0.0000,0.0000,0.0000,0.0017,0.0001,200,2.3432
0.0061,0.0000,0.0000,0.0000,0.0055,0.0001,200,2.3396
0.0203,0.0000,0.0000,0.0000,0.0202,0.0000,200,2.3260
0.0166,0.0000,0.0000,0.0000,0.0165,0.0001,200,2.3320
0.0040,0.0000,0.0000,0.0000,0.0039,0.0001,200,2.3451
0.0062,0.0000,0.0000,0.0000,0.0061,0.0001,200,2.3434
0.0394,0.0000,0.0000,0.0000,0.0393,0.0001,200,2.3106
0.0084,0.0000,0.0000,0.0000,0.0083,0.0000,200,2.3425
0.0143,0.0000,0.0000,0.0000,0.0143,0.0000,200,2.3366
0.0191,0.0000,0.0000,0.0000,0.0189,0.0001,200,2.3320
0.0049,0.0000,0.0000,0.0000,0.0048,0.0000,200,2.3462
0.0015,0.0000,0.0000,0.0000,0.0014,0.0000,200,2.3500
0.0090,0.0000,0.0000,0.0000,0.0089,0.0001,200,2.3430
0.0035,0.0000,0.0000,0.0000,0.0033,0.0001,200,2.3491
0.0019,0.0000,0.0000,0.0000,0.0018,0.0000,200,2.3509
0.0126,0.0000,0.0000,0.0000,0.0125,0.0000,200,2.3405
0.0179,0.0000,0.0000,0.0001,0.0178,0.0000,200,2.3355
0.0079,0.0000,0.0000,0.0000,0.0078,0.0000,200,2.3456
0.0097,0.0000,0.0000,0.0000,0.0096,0.0000,200,2.3443
0.0187,0.0000,0.0000,0.0000,0.0185,0.0001,200,2.3358
0.0013,0.0000,0.0000,0.0000,0.0012,0.0001,200,2.3534
0.0067,0.0000,0.0000,0.0000,0.0066,0.0000,200,2.3486
0.0041,0.0000,0.0000,0.0000,0.0040,0.0001,200,2.3515
0.0066,0.0000,0.0000,0.0000,0.0063,0.0002,200,2.3496
0.0191,0.0000,0.0000,0.0008,0.0183,0.0000,200,2.3372
0.0013,0.0000,0.0000,0.0000,0.0012,0.0000,200,2.3556
0.0062,0.0000,0.0000,0.0000,0.0061,0.0000,200,2.3509
0.0247,0.0000,0.0000,0.0000,0.0244,0.0003,200,2.3332
0.0134,0.0000,0.0000,0.0000,0.0134,0.0000,200,2.3447
0.0273,0.0000,0.0000,0.0000,0.0271,0.0002,200,2.3309
0.0052,0.0000,0.0000,0.0002,0.0047,0.0002,200,2.3535
0.0063,0.0000,0.0000,0.0000,0.0061,0.0001,200,2.3527
0.0023,0.0000,0.0000,0.0000,0.0022,0.0000,200,2.3571
0.0068,0.0000,0.0000,0.0000,0.0066,0.0001,200,2.3531
0.0055,0.0000,0.0000,0.0000,0.0054,0.0000,200,2.3545
0.0084,0.0000,0.0000,0.0000,0.0083,0.0000,200,2.3520
0.0097,0.0000,0.0000,0.0000,0.0096,0.0001,200,2.3511
0.0051,0.0000,0.0000,0.0000,0.0050,0.0001,200,2.3562
0.0052,0.0000,0.0000,0.0000,0.0050,0.0001,200,2.3564
0.0210,0.0000,0.0000,0.0000,0.0209,0.0000,200,2.3408
0.0052,0.0000,0.0000,0.0000,0.0051,0.0000,200,2.3569
0.0078,0.0000,0.0000,0.0000,0.0076,0.0000,200,2.3547
0.0073,0.0000,0.0000,0.0000,0.0072,0.0001,200,2.3553
0.0034,0.0000,0.0000,0.0000,0.0034,0.0000,200,2.3594
0.0052,0.0000,0.0000,0.0000,0.0051,0.0000,200,2.3580
0.0057,0.0000,0.0000,0.0000,0.0056,0.0001,200,2.3604
0.0050,0.0000,0.0000,0.0000,0.0047,0.0002,200,2.3617
0.0131,0.0000,0.0000,0.0000,0.0130,0.0000,200,2.3540
0.0063,0.0000,0.0000,0.0001,0.0061,0.0000,200,2.3613
0.0086,0.0000,0.0000,0.0000,0.0085,0.0001,200,2.3616
0.0121,0.0000,0.0000,0.0001,0.0117,0.0002,200,2.3608
0.0057,0.0000,0.0000,0.0000,0.0056,0.0001,200,2.3676
0.0107,0.0000,0.0000,0.0001,0.0105,0.0001,200,2.3628
0.0078,0.0000,0.0000,0.0000,0.0077,0.0000,200,2.3661
0.0108,0.0000,0.0000,0.0000,0.0107,0.0001,200,2.3631
0.0143,0.0000,0.0000,0.0000,0.0141,0.0001,200,2.3600
0.0048,0.0000,0.0000,0.0000,0.0047,0.0001,200,2.3702
0.0127,0.0000,0.0000,0.0001,0.0126,0.0000,200,2.3626
0.0088,0.0000,0.0000,0.0000,0.0087,0.0000,200,2.3671
0.0020,0.0000,0.0000,0.0000,0.0020,0.0001,200,2.3743
0.0200,0.0000,0.0000,0.0000,0.0198,0.0002,200,2.3587
0.0563,0.0000,0.0000,0.0000,0.0562,0.0000,200,2.3227
0.0039,0.0000,0.0000,0.0000,0.0038,0.0001,200,2.3758
0.0064,0.0000,0.0000,0.0000,0.0064,0.0000,200,2.3735
0.0074,0.0000,0.0000,0.0000,0.0073,0.0001,200,2.3728
0.0223,0.0000,0.0000,0.0000,0.0223,0.0000,200,2.3581
0.0059,0.0000,0.0000,0.0000,0.0058,0.0000,200,2.3750
0.0020,0.0000,0.0000,0.0000,0.0019,0.0000,200,2.3789
0.0067,0.0000,0.0000,0.0000,0.0067,0.0000,200,2.3754
0.0058,0.0000,0.0000,0.0000,0.0057,0.0000,200,2.3764
0.0037,0.0000,0.0000,0.0000,0.0033,0.0000,200,2.3787
0.0022,0.0000,0.0000,0.0000,0.0021,0.0000,200,2.3804
0.0029,0.0000,0.0000,0.0002,0.0025,0.0001,200,2.3803
0.0011,0.0000,0.0000,0.0000,0.0011,0.0000,200,2.3826
0.0028,0.0000,0.0000,0.0000,0.0028,0.0001,200,2.3809
0.0022,0.0000,0.0000,0.0002,0.0018,0.0002,200,2.3822
0.0275,0.0000,0.0000,0.0000,0.0274,0.0001,200,2.3599
0.0084,0.0000,0.0000,0.0000,0.0082,0.0001,200,2.3797
0.0089,0.0000,0.0000,0.0000,0.0087,0.0001,200,2.3799
0.0070,0.0000,0.0000,0.0000,0.0069,0.0001,200,2.3821
0.0152,0.0000,0.0000,0.0000,0.0144,0.0008,200,2.3739
0.0024,0.0000,0.0000,0.0000,0.0023,0.0001,200,2.3874
0.0170,0.0000,0.0000,0.0000,0.0169,0.0000,200,2.3733
0.0244,0.0000,0.0000,0.0000,0.0243,0.0000,200,2.3667
0.0053,0.0000,0.0000,0.0000,0.0052,0.0001,200,2.3881
0.0045,0.0000,0.0000,0.0000,0.0043,0.0002,200,2.3898
0.0323,0.0000,0.0000,0.0000,0.0322,0.0000,200,2.3621
0.0117,0.0000,0.0000,0.0000,0.0116,0.0000,200,2.3837
0.0048,0.0000,0.0000,0.0000,0.0047,0.0000,200,2.3911
0.0126,0.0000,0.0000,0.0000,0.0125,0.0001,200,2.3838
0.0020,0.0000,0.0000,0.0000,0.0019,0.0000,200,2.3944
0.0031,0.0000,0.0000,0.0000,0.0030,0.0000,200,2.3934
0.0014,0.0000,0.0000,0.0000,0.0013,0.0001,200,2.3965
0.0174,0.0000,0.0000,0.0000,0.0173,0.0001,200,2.3809
0.0089,0.0000,0.0000,0.0000,0.0088,0.0001,200,2.3902
0.0060,0.0000,0.0000,0.0000,0.0059,0.0000,200,2.3955
0.0072,0.0000,0.0000,0.0000,0.0071,0.0001,200,2.3943
0.0129,0.0000,0.0000,0.0000,0.0128,0.0001,200,2.3892
0.0041,0.0000,0.0000,0.0000,0.0040,0.0000,200,2.3983
0.0036,0.0000,0.0000,0.0000,0.0035,0.0000,200,2.3991
0.0018,0.0000,0.0000,0.0000,0.0017,0.0001,200,2.4015
0.0076,0.0000,0.0000,0.0000,0.0075,0.0001,200,2.3959
0.0077,0.0000,0.0000,0.0001,0.0075,0.0000,200,2.3964
0.0067,0.0000,0.0000,0.0000,0.0066,0.0000,200,2.3979
0.0020,0.0000,0.0000,0.0000,0.0020,0.0000,200,2.4027
0.0193,0.0000,0.0000,0.0000,0.0192,0.0001,200,2.3888
0.0053,0.0000,0.0000,0.0000,0.0045,0.0000,200,2.4033
0.0045,0.0000,0.0000,0.0000,0.0044,0.0000,200,2.4046
0.0080,0.0000,0.0000,0.0000,0.0079,0.0001,200,2.4015
0.0267,0.0000,0.0000,0.0000,0.0267,0.0000,200,2.3831
0.0058,0.0000,0.0000,0.0000,0.0058,0.0000,200,2.4041
0.0024,0.0000,0.0000,0.0000,0.0022,0.0001,200,2.4082
0.0018,0.0000,0.0000,0.0000,0.0013,0.0001,200,2.4094
0.0011,0.0000,0.0000,0.0000,0.0010,0.0001,200,2.4106
0.0098,0.0000,0.0000,0.0000,0.0097,0.0001,200,2.4021
0.0028,0.0000,0.0000,0.0000,0.0026,0.0002,200,2.4099
0.0093,0.0000,0.0000,0.0000,0.0092,0.0000,200,2.4035
0.0023,0.0000,0.0000,0.0000,0.0021,0.0001,200,2.4113
0.0016,0.0000,0.0000,0.0000,0.0013,0.0002,200,2.4127
0.0025,0.0000,0.0000,0.0000,0.0025,0.0000,200,2.4119
0.0046,0.0000,0.0000,0.0000,0.0045,0.0001,200,2.4128
0.0080,0.0000,0.0000,0.0002,0.0077,0.0001,200,2.4099
0.0040,0.0000,0.0000,0.0000,0.0038,0.0001,200,2.4143
0.0045,0.0000,0.0000,0.0000,0.0044,0.0000,200,2.4144
0.0018,0.0000,0.0000,0.0000,0.0017,0.0000,200,2.4174
0.0074,0.0000,0.0000,0.0000,0.0073,0.0000,200,2.4117
0.0018,0.0000,0.0000,0.0000,0.0017,0.0000,200,2.4179
0.0027,0.0000,0.0000,0.0000,0.0026,0.0001,200,2.4192
0.0026,0.0000,0.0000,0.0000,0.0025,0.0000,200,2.4197
0.0037,0.0000,0.0000,0.0000,0.0036,0.0000,200,2.4189
0.0027,0.0000,0.0000,0.0000,0.0026,0.0000,200,2.4222
0.0082,0.0000,0.0000,0.0000,0.0080,0.0002,200,2.4192
0.0062,0.0000,0.0000,0.0001,0.0061,0.0000,200,2.4218
0.0035,0.0000,0.0000,0.0000,0.0034,0.0001,200,2.4250
0.0027,0.0000,0.0000,0.0000,0.0026,0.0001,200,2.4281
0.0026,0.0000,0.0000,0.0000,0.0025,0.0000,200,2.4285
0.0028,0.0000,0.0000,0.0000,0.0023,0.0005,200,2.4311
0.0032,0.0000,0.0000,0.0000,0.0031,0.0000,200,2.4307
0.0224,0.0000,0.0000,0.0000,0.0223,0.0001,200,2.4136
0.0025,0.0000,0.0000,0.0000,0.0023,0.0002,200,2.4339
0.0030,0.0000,0.0000,0.0000,0.0029,0.0000,200,2.4339
0.0027,0.0000,0.0000,0.0000,0.0025,0.0001,200,2.4364
0.0028,0.0000,0.0000,0.0000,0.0027,0.0000,200,2.4369
0.0034,0.0000,0.0000,0.0000,0.0033,0.0001,200,2.4391
0.0070,0.0000,0.0000,0.0000,0.0065,0.0001,200,2.4360
0.0023,0.0000,0.0000,0.0000,0.0017,0.0004,200,2.4430
0.0045,0.0000,0.0000,0.0000,0.0043,0.0002,200,2.4424
0.0044,0.0000,0.0000,0.0000,0.0043,0.0001,200,2.4453
0.0033,0.0000,0.0000,0.0000,0.0030,0.0002,200,2.4469
0.0022,0.0000,0.0000,0.0000,0.0020,0.0002,200,2.4502
