response-time,DNS+dialup,DNS,Request-write,Response-delay,Response-read,status-code,offset
0.0053,0.0009,0.0000,0.0015,0.0027,0.0002,200,0.0058
0.0068,0.0003,0.0000,0.0002,0.0051,0.0012,200,0.0064
0.0085,0.0004,0.0000,0.0014,0.0066,0.0000,200,0.0050
0.0072,0.0003,0.0000,0.0003,0.0066,0.0000,200,0.0063
0.0073,0.0003,0.0000,0.0003,0.0067,0.0000,200,0.0063
0.0085,0.0004,0.0000,0.0004,0.0066,0.0000,200,0.0052
0.0100,0.0015,0.0000,0.0014,0.0071,0.0000,200,0.0038
0.0077,0.0006,0.0000,0.0006,0.0064,0.0000,200,0.0061
0.0095,0.0016,0.0000,0.0039,0.0038,0.0002,200,0.0054
0.0099,0.0014,0.0000,0.0045,0.0035,0.0005,200,0.0055
0.0122,0.0009,0.0000,0.0013,0.0099,0.0000,200,0.0044
0.0113,0.0005,0.0000,0.0005,0.0103,0.0000,200,0.0062
0.0065,0.0000,0.0000,0.0018,0.0023,0.0000,200,0.0111
0.0114,0.0005,0.0000,0.0001,0.0108,0.0000,200,0.0062
0.0116,0.0003,0.0000,0.0036,0.0077,0.0000,200,0.0060
0.0136,0.0014,0.0000,0.0095,0.0027,0.0000,200,0.0041
0.0154,0.0031,0.0000,0.0015,0.0108,0.0000,200,0.0024
0.0041,0.0000,0.0000,0.0001,0.0037,0.0000,200,0.0138
0.0120,0.0004,0.0000,0.0020,0.0095,0.0000,200,0.0060
0.0174,0.0019,0.0000,0.0015,0.0097,0.0015,200,0.0008
0.0132,0.0030,0.0000,0.0028,0.0026,0.0048,200,0.0052
0.0129,0.0011,0.0000,0.0033,0.0085,0.0000,200,0.0056
0.0129,0.0005,0.0000,0.0042,0.0044,0.0038,200,0.0059
0.0143,0.0007,0.0000,0.0008,0.0125,0.0001,200,0.0058
0.0143,0.0003,0.0000,0.0012,0.0127,0.0000,200,0.0060
0.0067,0.0000,0.0000,0.0000,0.0016,0.0000,200,0.0138
0.0025,0.0000,0.0000,0.0000,0.0024,0.0000,200,0.0184
0.0196,0.0038,0.0000,0.0108,0.0048,0.0002,200,0.0021
0.0205,0.0047,0.0000,0.0110,0.0044,0.0003,200,0.0016
0.0025,0.0000,0.0000,0.0000,0.0024,0.0000,200,0.0205
0.0051,0.0000,0.0000,0.0000,0.0050,0.0000,200,0.0179
0.0189,0.0014,0.0000,0.0098,0.0076,0.0000,200,0.0041
0.0212,0.0040,0.0000,0.0109,0.0062,0.0000,200,0.0020
0.0232,0.0000,0.0000,0.0009,0.0050,0.0000,200,0.0007
0.0224,0.0046,0.0000,0.0110,0.0066,0.0000,200,0.0016
0.0066,0.0000,0.0000,0.0000,0.0064,0.0000,200,0.0181
0.0100,0.0000,0.0000,0.0000,0.0099,0.0000,200,0.0148
0.0073,0.0000,0.0000,0.0000,0.0072,0.0000,200,0.0175
0.0113,0.0000,0.0000,0.0000,0.0052,0.0008,200,0.0136
0.0054,0.0000,0.0000,0.0000,0.0048,0.0001,200,0.0201
0.0221,0.0017,0.0000,0.0099,0.0102,0.0001,200,0.0037
0.0017,0.0000,0.0000,0.0000,0.0012,0.0004,200,0.0248
0.0057,0.0000,0.0000,0.0000,0.0048,0.0000,200,0.0209
0.0250,0.0044,0.0000,0.0109,0.0095,0.0001,200,0.0018
0.0092,0.0000,0.0000,0.0000,0.0092,0.0000,200,0.0176
0.0049,0.0000,0.0000,0.0000,0.0048,0.0001,200,0.0230
0.0025,0.0000,0.0000,0.0000,0.0024,0.0000,200,0.0254
0.0229,0.0030,0.0000,0.0035,0.0163,0.0000,200,0.0052
0.0150,0.0000,0.0000,0.0000,0.0102,0.0000,200,0.0137
0.0123,0.0000,0.0000,0.0000,0.0119,0.0004,200,0.0165
0.0235,0.0009,0.0000,0.0006,0.0220,0.0000,200,0.0057
0.0276,0.0039,0.0000,0.0109,0.0127,0.0001,200,0.0021
0.0266,0.0023,0.0000,0.0103,0.0138,0.0001,200,0.0035
0.0175,0.0000,0.0000,0.0000,0.0129,0.0000,200,0.0135
0.0255,0.0015,0.0000,0.0065,0.0175,0.0001,200,0.0055
0.0135,0.0000,0.0000,0.0000,0.0134,0.0000,200,0.0178
0.0029,0.0000,0.0000,0.0001,0.0028,0.0000,200,0.0287
0.0308,0.0022,0.0000,0.0104,0.0156,0.0001,200,0.0010
0.0312,0.0051,0.0000,0.0110,0.0148,0.0001,200,0.0011
0.0143,0.0000,0.0000,0.0000,0.0142,0.0001,200,0.0185
0.0109,0.0000,0.0000,0.0000,0.0108,0.0000,200,0.0221
0.0059,0.0000,0.0000,0.0000,0.0058,0.0001,200,0.0280
0.0021,0.0000,0.0000,0.0005,0.0015,0.0001,200,0.0318
0.0077,0.0000,0.0000,0.0001,0.0075,0.0000,200,0.0267
0.0043,0.0000,0.0000,0.0000,0.0042,0.0000,200,0.0301
0.0122,0.0000,0.0000,0.0000,0.0120,0.0000,200,0.0230
0.0338,0.0011,0.0000,0.0093,0.0208,0.0001,200,0.0019
0.0209,0.0000,0.0000,0.0011,0.0168,0.0002,200,0.0153
0.0345,0.0037,0.0000,0.0108,0.0199,0.0001,200,0.0022
0.0344,0.0035,0.0000,0.0104,0.0203,0.0001,200,0.0023
0.0077,0.0000,0.0000,0.0000,0.0073,0.0000,200,0.0292
0.0063,0.0000,0.0000,0.0000,0.0060,0.0000,200,0.0310
0.0011,0.0000,0.0000,0.0001,0.0008,0.0001,200,0.0367
0.0360,0.0036,0.0000,0.0108,0.0213,0.0002,200,0.0023
0.0016,0.0000,0.0000,0.0005,0.0011,0.0001,200,0.0369
0.0016,0.0000,0.0000,0.0000,0.0015,0.0001,200,0.0373
0.0257,0.0000,0.0000,0.0036,0.0195,0.0000,200,0.0133
0.0117,0.0000,0.0000,0.0002,0.0114,0.0001,200,0.0279
0.0020,0.0000,0.0000,0.0000,0.0019,0.0000,200,0.0377
0.0386,0.0045,0.0000,0.0110,0.0231,0.0001,200,0.0018
0.0095,0.0000,0.0000,0.0005,0.0089,0.0000,200,0.0310
0.0082,0.0000,0.0000,0.0000,0.0078,0.0003,200,0.0330
0.0072,0.0000,0.0000,0.0000,0.0063,0.0009,200,0.0344
0.0215,0.0000,0.0000,0.0000,0.0212,0.0000,200,0.0203
0.0141,0.0000,0.0000,0.0000,0.0136,0.0004,200,0.0281
0.0078,0.0000,0.0000,0.0000,0.0077,0.0000,200,0.0344
0.0066,0.0000,0.0000,0.0001,0.0064,0.0000,200,0.0357
0.0157,0.0000,0.0000,0.0000,0.0156,0.0000,200,0.0268
0.0027,0.0000,0.0000,0.0000,0.0026,0.0001,200,0.0404
0.0205,0.0000,0.0000,0.0000,0.0201,0.0003,200,0.0232
0.0190,0.0000,0.0000,0.0000,0.0188,0.0001,200,0.0248
0.0020,0.0000,0.0000,0.0000,0.0019,0.0000,200,0.0418
0.0226,0.0000,0.0000,0.0000,0.0226,0.0000,200,0.0217
0.0029,0.0000,0.0000,0.0000,0.0027,0.0002,200,0.0421
0.0025,0.0000,0.0000,0.0002,0.0022,0.0000,200,0.0431
0.0279,0.0000,0.0000,0.0000,0.0278,0.0000,200,0.0177
0.0447,0.0046,0.0000,0.0110,0.0291,0.0000,200,0.0017
0.0086,0.0000,0.0000,0.0000,0.0085,0.0001,200,0.0385
0.0295,0.0000,0.0000,0.0000,0.0294,0.0001,200,0.0180
0.0230,0.0000,0.0000,0.0000,0.0229,0.0000,200,0.0249
0.0160,0.0000,0.0000,0.0000,0.0159,0.0000,200,0.0323
0.0053,0.0000,0.0000,0.0000,0.0048,0.0005,200,0.0438
0.0096,0.0000,0.0000,0.0000,0.0095,0.0000,200,0.0397
0.0253,0.0000,0.0000,0.0000,0.0253,0.0000,200,0.0240
0.0135,0.0000,0.0000,0.0000,0.0134,0.0000,200,0.0362
0.0084,0.0000,0.0000,0.0000,0.0083,0.0000,200,0.0416
0.0079,0.0000,0.0000,0.0000,0.0079,0.0000,200,0.0422
0.0113,0.0000,0.0000,0.0000,0.0112,0.0000,200,0.0396
0.0027,0.0000,0.0000,0.0000,0.0026,0.0000,200,0.0483
0.0077,0.0000,0.0000,0.0000,0.0075,0.0000,200,0.0436
0.0343,0.0000,0.0000,0.0000,0.0342,0.0000,200,0.0175
0.0168,0.0000,0.0000,0.0000,0.0168,0.0000,200,0.0351
0.0254,0.0000,0.0000,0.0000,0.0252,0.0002,200,0.0266
0.0070,0.0000,0.0000,0.0000,0.0069,0.0001,200,0.0456
0.0215,0.0000,0.0000,0.0000,0.0214,0.0000,200,0.0313
0.0083,0.0000,0.0000,0.0000,0.0082,0.0000,200,0.0450
0.0131,0.0000,0.0000,0.0000,0.0129,0.0002,200,0.0405
0.0288,0.0000,0.0000,0.0000,0.0286,0.0001,200,0.0266
0.0536,0.0041,0.0000,0.0109,0.0383,0.0002,200,0.0020
0.0024,0.0000,0.0000,0.0000,0.0024,0.0000,200,0.0533
0.0117,0.0000,0.0000,0.0000,0.0116,0.0001,200,0.0444
0.0313,0.0000,0.0000,0.0000,0.0312,0.0000,200,0.0247
0.0172,0.0000,0.0000,0.0000,0.0171,0.0000,200,0.0389
0.0087,0.0000,0.0000,0.0000,0.0086,0.0000,200,0.0475
0.0053,0.0000,0.0000,0.0000,0.0052,0.0001,200,0.0510
0.0152,0.0000,0.0000,0.0000,0.0150,0.0002,200,0.0412
0.0132,0.0000,0.0000,0.0000,0.0131,0.0000,200,0.0438
0.0014,0.0000,0.0000,0.0000,0.0013,0.0000,200,0.0558
0.0398,0.0000,0.0000,0.0000,0.0397,0.0000,200,0.0176
0.0251,0.0000,0.0000,0.0000,0.0251,0.0000,200,0.0328
0.0126,0.0000,0.0000,0.0000,0.0125,0.0001,200,0.0456
0.0021,0.0000,0.0000,0.0000,0.0020,0.0001,200,0.0564
0.0223,0.0000,0.0000,0.0002,0.0217,0.0000,200,0.0367
0.0362,0.0000,0.0000,0.0000,0.0361,0.0000,200,0.0230
0.0134,0.0000,0.0000,0.0000,0.0132,0.0000,200,0.0464
0.0088,0.0000,0.0000,0.0000,0.0087,0.0001,200,0.0510
0.0345,0.0000,0.0000,0.0000,0.0344,0.0001,200,0.0258
0.0022,0.0000,0.0000,0.0002,0.0019,0.0001,200,0.0590
0.0120,0.0000,0.0000,0.0000,0.0109,0.0000,200,0.0493
0.0239,0.0000,0.0000,0.0001,0.0237,0.0000,200,0.0383
0.0129,0.0000,0.0000,0.0001,0.0127,0.0000,200,0.0493
0.0158,0.0000,0.0000,0.0000,0.0156,0.0002,200,0.0471
0.0060,0.0000,0.0000,0.0004,0.0054,0.0000,200,0.0570
0.0585,0.0000,0.0000,0.0000,0.0447,0.0000,200,0.0050
0.0620,0.0042,0.0000,0.0109,0.0469,0.0000,200,0.0019
0.0150,0.0000,0.0000,0.0000,0.0147,0.0002,200,0.0497
0.0151,0.0000,0.0000,0.0000,0.0149,0.0001,200,0.0501
0.0060,0.0000,0.0000,0.0000,0.0055,0.0000,200,0.0592
0.0359,0.0000,0.0000,0.0000,0.0358,0.0000,200,0.0297
0.0134,0.0000,0.0000,0.0000,0.0132,0.0000,200,0.0526
0.0018,0.0000,0.0000,0.0000,0.0016,0.0000,200,0.0645
0.0168,0.0000,0.0000,0.0000,0.0167,0.0000,200,0.0500
0.0481,0.0000,0.0000,0.0000,0.0481,0.0000,200,0.0188
0.0432,0.0000,0.0000,0.0000,0.0432,0.0000,200,0.0240
0.0039,0.0000,0.0000,0.0000,0.0038,0.0001,200,0.0635
0.0056,0.0000,0.0000,0.0000,0.0053,0.0001,200,0.0622
0.0118,0.0000,0.0000,0.0001,0.0117,0.0000,200,0.0562
0.0349,0.0000,0.0000,0.0000,0.0347,0.0000,200,0.0339
0.0018,0.0000,0.0000,0.0000,0.0017,0.0001,200,0.0674
0.0066,0.0000,0.0000,0.0001,0.0064,0.0000,200,0.0629
0.0041,0.0000,0.0000,0.0001,0.0039,0.0001,200,0.0660
0.0653,0.0014,0.0000,0.0054,0.0582,0.0002,200,0.0055
0.0134,0.0000,0.0000,0.0000,0.0133,0.0000,200,0.0574
0.0035,0.0000,0.0000,0.0000,0.0034,0.0000,200,0.0680
0.0297,0.0000,0.0000,0.0000,0.0293,0.0004,200,0.0426
0.0033,0.0000,0.0000,0.0000,0.0032,0.0001,200,0.0695
0.0032,0.0000,0.0000,0.0000,0.0031,0.0001,200,0.0708
0.0690,0.0011,0.0000,0.0040,0.0638,0.0000,200,0.0056
0.0063,0.0000,0.0000,0.0000,0.0062,0.0000,200,0.0692
0.0188,0.0000,0.0000,0.0000,0.0187,0.0001,200,0.0572
0.0106,0.0000,0.0000,0.0000,0.0106,0.0000,200,0.0656
0.0113,0.0000,0.0000,0.0000,0.0112,0.0000,200,0.0652
0.0169,0.0000,0.0000,0.0000,0.0169,0.0000,200,0.0598
0.0209,0.0000,0.0000,0.0000,0.0208,0.0000,200,0.0560
0.0070,0.0000,0.0000,0.0000,0.0055,0.0015,200,0.0701
0.0260,0.0000,0.0000,0.0001,0.0258,0.0000,200,0.0518
0.0243,0.0000,0.0000,0.0001,0.0242,0.0000,200,0.0537
0.0469,0.0000,0.0000,0.0000,0.0467,0.0000,200,0.0315
0.0162,0.0000,0.0000,0.0000,0.0161,0.0000,200,0.0630
0.0032,0.0000,0.0000,0.0000,0.0031,0.0001,200,0.0762
0.0036,0.0000,0.0000,0.0000,0.0035,0.0001,200,0.0765
0.0246,0.0000,0.0000,0.0000,0.0240,0.0001,200,0.0556
0.0381,0.0000,0.0000,0.0000,0.0380,0.0000,200,0.0423
0.0127,0.0000,0.0000,0.0001,0.0126,0.0001,200,0.0678
0.0096,0.0000,0.0000,0.0003,0.0092,0.0000,200,0.0715
0.0204,0.0000,0.0000,0.0000,0.0203,0.0000,200,0.0612
0.0149,0.0000,0.0000,0.0000,0.0147,0.0000,200,0.0669
0.0265,0.0000,0.0000,0.0000,0.0264,0.0000,200,0.0554
0.0076,0.0000,0.0000,0.0000,0.0074,0.0001,200,0.0746
0.0266,0.0000,0.0000,0.0000,0.0264,0.0001,200,0.0562
0.0819,0.0043,0.0000,0.0109,0.0662,0.0004,200,0.0019
0.0062,0.0000,0.0000,0.0000,0.0062,0.0000,200,0.0778
0.0173,0.0000,0.0000,0.0000,0.0172,0.0000,200,0.0668
0.0073,0.0000,0.0000,0.0000,0.0073,0.0000,200,0.0767
0.0159,0.0000,0.0000,0.0000,0.0158,0.0000,200,0.0687
0.0069,0.0000,0.0000,0.0000,0.0068,0.0000,200,0.0784
0.0522,0.0000,0.0000,0.0000,0.0521,0.0000,200,0.0338
0.0105,0.0000,0.0000,0.0000,0.0105,0.0000,200,0.0755
0.0051,0.0000,0.0000,0.0000,0.0047,0.0003,200,0.0816
0.0339,0.0000,0.0000,0.0000,0.0339,0.0000,200,0.0528
0.0111,0.0000,0.0000,0.0000,0.0110,0.0000,200,0.0759
0.0073,0.0000,0.0000,0.0000,0.0073,0.0000,200,0.0802
0.0087,0.0000,0.0000,0.0000,0.0086,0.0000,200,0.0792
0.0176,0.0000,0.0000,0.0000,0.0170,0.0005,200,0.0708
0.0237,0.0000,0.0000,0.0000,0.0236,0.0000,200,0.0647
0.0311,0.0000,0.0000,0.0000,0.0309,0.0001,200,0.0579
0.0154,0.0000,0.0000,0.0000,0.0153,0.0000,200,0.0740
0.0039,0.0000,0.0000,0.0004,0.0034,0.0000,200,0.0860
0.0298,0.0000,0.0000,0.0001,0.0296,0.0001,200,0.0603
0.0020,0.0000,0.0000,0.0000,0.0019,0.0000,200,0.0883
0.0772,0.0000,0.0000,0.0000,0.0723,0.0000,200,0.0135
0.0109,0.0000,0.0000,0.0000,0.0107,0.0001,200,0.0804
0.0068,0.0000,0.0000,0.0000,0.0067,0.0000,200,0.0846
0.0010,0.0000,0.0000,0.0000,0.0009,0.0000,200,0.0907
0.0400,0.0000,0.0000,0.0000,0.0398,0.0000,200,0.0520
0.0053,0.0000,0.0000,0.0000,0.0052,0.0001,200,0.0870
0.0305,0.0000,0.0000,0.0000,0.0302,0.0002,200,0.0622
0.0376,0.0000,0.0000,0.0000,0.0376,0.0000,200,0.0561
0.0166,0.0000,0.0000,0.0000,0.0165,0.0000,200,0.0771
0.0044,0.0000,0.0000,0.0000,0.0038,0.0005,200,0.0894
0.0267,0.0000,0.0000,0.0000,0.0267,0.0000,200,0.0672
0.0066,0.0000,0.0000,0.0000,0.0063,0.0003,200,0.0879
0.0033,0.0000,0.0000,0.0000,0.0032,0.0001,200,0.0914
0.0109,0.0000,0.0000,0.0000,0.0108,0.0000,200,0.0840
0.0018,0.0000,0.0000,0.0002,0.0014,0.0000,200,0.0937
0.0292,0.0000,0.0000,0.0000,0.0292,0.0000,200,0.0662
0.0059,0.0000,0.0000,0.0000,0.0058,0.0001,200,0.0899
0.0181,0.0000,0.0000,0.0000,0.0179,0.0001,200,0.0780
0.0032,0.0000,0.0000,0.0000,0.0030,0.0001,200,0.0937
0.0034,0.0000,0.0000,0.0000,0.0031,0.0002,200,0.0939
0.0018,0.0000,0.0000,0.0000,0.0018,0.0000,200,0.0955
0.0111,0.0000,0.0000,0.0004,0.0107,0.0001,200,0.0866
0.0501,0.0000,0.0000,0.0000,0.0500,0.0001,200,0.0478
0.0009,0.0000,0.0000,0.0000,0.0008,0.0000,200,0.0973
0.0164,0.0000,0.0000,0.0000,0.0162,0.0001,200,0.0822
0.0066,0.0000,0.0000,0.0000,0.0063,0.0001,200,0.0925
0.0105,0.0000,0.0000,0.0000,0.0101,0.0003,200,0.0890
0.0137,0.0000,0.0000,0.0000,0.0135,0.0002,200,0.0860
0.0611,0.0000,0.0000,0.0000,0.0609,0.0002,200,0.0389
0.0057,0.0000,0.0000,0.0000,0.0055,0.0001,200,0.0949
0.0083,0.0000,0.0000,0.0000,0.0082,0.0001,200,0.0927
0.0165,0.0000,0.0000,0.0000,0.0158,0.0006,200,0.0853
0.0038,0.0000,0.0000,0.0000,0.0038,0.0000,200,0.0980
0.0070,0.0000,0.0000,0.0000,0.0064,0.0006,200,0.0955
0.0027,0.0000,0.0000,0.0000,0.0025,0.0000,200,0.0998
0.0303,0.0000,0.0000,0.0000,0.0289,0.0000,200,0.0723
0.0201,0.0000,0.0000,0.0000,0.0200,0.0000,200,0.0827
0.0087,0.0000,0.0000,0.0002,0.0083,0.0001,200,0.0945
0.0268,0.0000,0.0000,0.0000,0.0266,0.0001,200,0.0769
0.0096,0.0000,0.0000,0.0000,0.0095,0.0000,200,0.0947
0.0204,0.0000,0.0000,0.0000,0.0196,0.0002,200,0.0840
0.0057,0.0000,0.0000,0.0000,0.0055,0.0001,200,0.0995
0.0036,0.0000,0.0000,0.0000,0.0035,0.0000,200,0.1018
0.0153,0.0000,0.0000,0.0000,0.0152,0.0001,200,0.0904
0.0149,0.0000,0.0000,0.0000,0.0148,0.0001,200,0.0914
0.0481,0.0000,0.0000,0.0000,0.0481,0.0000,200,0.0585
0.0200,0.0000,0.0000,0.0000,0.0200,0.0000,200,0.0867
0.0048,0.0000,0.0000,0.0000,0.0046,0.0001,200,0.1025
0.0052,0.0000,0.0000,0.0000,0.0050,0.0001,200,0.1025
0.0048,0.0000,0.0000,0.0001,0.0047,0.0000,200,0.1032
0.0279,0.0000,0.0000,0.0000,0.0278,0.0000,200,0.0805
0.0438,0.0000,0.0000,0.0001,0.0435,0.0001,200,0.0652
0.0608,0.0000,0.0000,0.0002,0.0606,0.0000,200,0.0492
0.0017,0.0000,0.0000,0.0000,0.0016,0.0001,200,0.1084
0.0095,0.0000,0.0000,0.0000,0.0094,0.0000,200,0.1006
0.0587,0.0000,0.0000,0.0000,0.0586,0.0000,200,0.0514
0.0191,0.0000,0.0000,0.0000,0.0190,0.0000,200,0.0917
0.0548,0.0000,0.0000,0.0000,0.0547,0.0000,200,0.0560
0.0035,0.0000,0.0000,0.0001,0.0034,0.0000,200,0.1077
0.0303,0.0000,0.0000,0.0000,0.0303,0.0000,200,0.0812
0.0098,0.0000,0.0000,0.0000,0.0097,0.0000,200,0.1018
0.0047,0.0000,0.0000,0.0000,0.0046,0.0001,200,0.1073
0.0140,0.0000,0.0000,0.0000,0.0137,0.0002,200,0.0982
0.0169,0.0000,0.0000,0.0000,0.0168,0.0000,200,0.0961
0.0320,0.0000,0.0000,0.0000,0.0320,0.0000,200,0.0819
0.0031,0.0000,0.0000,0.0003,0.0024,0.0003,200,0.1108
0.0299,0.0000,0.0000,0.0000,0.0298,0.0000,200,0.0840
0.0019,0.0000,0.0000,0.0000,0.0019,0.0000,200,0.1121
0.0109,0.0000,0.0000,0.0001,0.0108,0.0001,200,0.1044
0.0181,0.0000,0.0000,0.0000,0.0180,0.0001,200,0.0973
0.0078,0.0000,0.0000,0.0000,0.0077,0.0000,200,0.1080
0.0370,0.0000,0.0000,0.0000,0.0369,0.0000,200,0.0795
0.0569,0.0000,0.0000,0.0000,0.0565,0.0001,200,0.0597
0.0132,0.0000,0.0000,0.0001,0.0130,0.0000,200,0.1037
0.0019,0.0000,0.0000,0.0000,0.0018,0.0000,200,0.1155
0.0049,0.0000,0.0000,0.0000,0.0048,0.0000,200,0.1130
0.0205,0.0000,0.0000,0.0000,0.0204,0.0000,200,0.0978
0.0386,0.0000,0.0000,0.0003,0.0382,0.0000,200,0.0801
0.0130,0.0000,0.0000,0.0000,0.0129,0.0000,200,0.1057
0.0376,0.0000,0.0000,0.0000,0.0375,0.0001,200,0.0818
0.0022,0.0000,0.0000,0.0000,0.0021,0.0001,200,0.1174
0.0212,0.0000,0.0000,0.0001,0.0211,0.0000,200,0.0985
0.0014,0.0000,0.0000,0.0000,0.0013,0.0001,200,0.1187
0.0043,0.0000,0.0000,0.0000,0.0041,0.0001,200,0.1166
0.0309,0.0000,0.0000,0.0000,0.0307,0.0002,200,0.0901
0.0274,0.0000,0.0000,0.0000,0.0271,0.0002,200,0.0938
0.0016,0.0000,0.0000,0.0002,0.0013,0.0000,200,0.1198
0.0229,0.0000,0.0000,0.0000,0.0228,0.0001,200,0.0991
0.0012,0.0000,0.0000,0.0000,0.0012,0.0000,200,0.1211
0.0199,0.0000,0.0000,0.0000,0.0198,0.0000,200,0.1029
0.0114,0.0000,0.0000,0.0001,0.0110,0.0001,200,0.1116
0.0083,0.0000,0.0000,0.0000,0.0082,0.0000,200,0.1153
0.0117,0.0000,0.0000,0.0000,0.0113,0.0000,200,0.1122
0.0027,0.0000,0.0000,0.0000,0.0027,0.0000,200,0.1220
0.0222,0.0000,0.0000,0.0000,0.0221,0.0000,200,0.1026
0.0055,0.0000,0.0000,0.0003,0.0051,0.0001,200,0.1194
0.0027,0.0000,0.0000,0.0000,0.0026,0.0001,200,0.1228
0.0195,0.0000,0.0000,0.0000,0.0193,0.0001,200,0.1063
0.0062,0.0000,0.0000,0.0000,0.0061,0.0000,200,0.1201
0.0030,0.0000,0.0000,0.0000,0.0028,0.0001,200,0.1238
0.0222,0.0000,0.0000,0.0000,0.0219,0.0003,200,0.1051
0.0012,0.0000,0.0000,0.0000,0.0010,0.0001,200,0.1263
0.0279,0.0000,0.0000,0.0001,0.0278,0.0000,200,0.1000
0.0146,0.0000,0.0000,0.0000,0.0144,0.0002,200,0.1140
0.0248,0.0000,0.0000,0.0000,0.0247,0.0001,200,0.1043
0.0183,0.0000,0.0000,0.0001,0.0179,0.0001,200,0.1112
0.0047,0.0000,0.0000,0.0001,0.0045,0.0001,200,0.1255
0.0054,0.0000,0.0000,0.0001,0.0052,0.0000,200,0.1249
0.0140,0.0000,0.0000,0.0001,0.0138,0.0001,200,0.1165
0.0433,0.0000,0.0000,0.0000,0.0432,0.0000,200,0.0875
0.0476,0.0000,0.0000,0.0000,0.0476,0.0000,200,0.0837
0.0127,0.0000,0.0000,0.0000,0.0126,0.0000,200,0.1187
0.0394,0.0000,0.0000,0.0001,0.0392,0.0001,200,0.0920
0.1033,0.0000,0.0000,0.0000,0.1026,0.0001,200,0.0288
0.0223,0.0000,0.0000,0.0000,0.0221,0.0002,200,0.1108
0.0175,0.0000,0.0000,0.0000,0.0173,0.0001,200,0.1158
0.0326,0.0000,0.0000,0.0000,0.0323,0.0003,200,0.1010
0.0082,0.0000,0.0000,0.0000,0.0080,0.0002,200,0.1257
0.0205,0.0000,0.0000,0.0000,0.0204,0.0001,200,0.1139
0.0126,0.0000,0.0000,0.0000,0.0124,0.0001,200,0.1224
0.0026,0.0000,0.0000,0.0000,0.0021,0.0004,200,0.1331
0.0127,0.0000,0.0000,0.0000,0.0127,0.0000,200,0.1231
0.0168,0.0000,0.0000,0.0000,0.0167,0.0000,200,0.1196
0.0262,0.0000,0.0000,0.0000,0.0261,0.0001,200,0.1101
0.0031,0.0000,0.0000,0.0000,0.0030,0.0000,200,0.1340
0.0236,0.0000,0.0000,0.0000,0.0236,0.0000,200,0.1139
0.0175,0.0000,0.0000,0.0001,0.0174,0.0000,200,0.1209
0.0082,0.0000,0.0000,0.0000,0.0079,0.0000,200,0.1302
0.0178,0.0000,0.0000,0.0000,0.0176,0.0001,200,0.1210
0.0142,0.0000,0.0000,0.0000,0.0141,0.0001,200,0.1248
0.0088,0.0000,0.0000,0.0000,0.0087,0.0000,200,0.1304
0.0143,0.0000,0.0000,0.0000,0.0135,0.0008,200,0.1249
0.0123,0.0000,0.0000,0.0000,0.0122,0.0000,200,0.1274
0.0902,0.0000,0.0000,0.0000,0.0901,0.0000,200,0.0520
0.0332,0.0000,0.0000,0.0000,0.0330,0.0000,200,0.1090
0.0059,0.0000,0.0000,0.0000,0.0058,0.0000,200,0.1363
0.0322,0.0000,0.0000,0.0000,0.0321,0.0000,200,0.1101
0.0254,0.0000,0.0000,0.0000,0.0252,0.0001,200,0.1169
0.0045,0.0000,0.0000,0.0000,0.0042,0.0000,200,0.1379
0.0132,0.0000,0.0000,0.0001,0.0131,0.0000,200,0.1291
0.0218,0.0000,0.0000,0.0000,0.0218,0.0001,200,0.1213
0.0064,0.0000,0.0000,0.0000,0.0064,0.0000,200,0.1370
0.0015,0.0000,0.0000,0.0000,0.0014,0.0001,200,0.1423
0.0255,0.0000,0.0000,0.0000,0.0254,0.0000,200,0.1183
0.0345,0.0000,0.0000,0.0000,0.0343,0.0001,200,0.1100
0.0170,0.0000,0.0000,0.0002,0.0165,0.0000,200,0.1279
0.0069,0.0000,0.0000,0.0000,0.0068,0.0001,200,0.1384
0.0157,0.0000,0.0000,0.0000,0.0155,0.0000,200,0.1302
0.0173,0.0000,0.0000,0.0001,0.0171,0.0000,200,0.1286
0.0576,0.0000,0.0000,0.0000,0.0575,0.0000,200,0.0884
0.0394,0.0000,0.0000,0.0000,0.0393,0.0000,200,0.1067
0.0509,0.0000,0.0000,0.0001,0.0507,0.0000,200,0.0958
0.0047,0.0000,0.0000,0.0000,0.0046,0.0001,200,0.1423
0.0502,0.0000,0.0000,0.0000,0.0501,0.0000,200,0.0969
0.0406,0.0000,0.0000,0.0000,0.0405,0.0000,200,0.1067
0.0007,0.0000,0.0000,0.0000,0.0006,0.0000,200,0.1471
0.0023,0.0000,0.0000,0.0000,0.0022,0.0000,200,0.1459
0.0120,0.0000,0.0000,0.0000,0.0120,0.0000,200,0.1363
0.0760,0.0000,0.0000,0.0003,0.0756,0.0001,200,0.0728
0.0134,0.0000,0.0000,0.0000,0.0133,0.0000,200,0.1358
0.0189,0.0000,0.0000,0.0000,0.0189,0.0000,200,0.1308
0.0189,0.0000,0.0000,0.0000,0.0188,0.0001,200,0.1314
0.0211,0.0000,0.0000,0.0000,0.0209,0.0001,200,0.1295
0.0457,0.0000,0.0000,0.0000,0.0457,0.0000,200,0.1054
0.0126,0.0000,0.0000,0.0000,0.0126,0.0000,200,0.1392
0.0042,0.0000,0.0000,0.0000,0.0041,0.0001,200,0.1478
0.0186,0.0000,0.0000,0.0000,0.0183,0.0000,200,0.1336
0.0066,0.0000,0.0000,0.0000,0.0063,0.0001,200,0.1460
0.0059,0.0000,0.0000,0.0000,0.0057,0.0001,200,0.1471
0.0415,0.0000,0.0000,0.0000,0.0414,0.0001,200,0.1115
0.0115,0.0000,0.0000,0.0000,0.0114,0.0000,200,0.1423
0.0225,0.0000,0.0000,0.0000,0.0224,0.0000,200,0.1314
0.0026,0.0000,0.0000,0.0000,0.0025,0.0000,200,0.1519
0.0165,0.0000,0.0000,0.0000,0.0163,0.0002,200,0.1384
0.0056,0.0000,0.0000,0.0000,0.0055,0.0000,200,0.1497
0.0222,0.0000,0.0000,0.0004,0.0218,0.0000,200,0.1334
0.0167,0.0000,0.0000,0.0000,0.0166,0.0000,200,0.1392
0.0018,0.0000,0.0000,0.0000,0.0015,0.0002,200,0.1544
0.0180,0.0000,0.0000,0.0000,0.0179,0.0001,200,0.1387
0.0469,0.0000,0.0000,0.0000,0.0468,0.0000,200,0.1101
0.0177,0.0000,0.0000,0.0000,0.0176,0.0001,200,0.1397
0.0029,0.0000,0.0000,0.0000,0.0026,0.0003,200,0.1553
0.0262,0.0000,0.0000,0.0000,0.0261,0.0000,200,0.1321
0.1006,0.0000,0.0000,0.0000,0.1004,0.0001,200,0.0582
0.0083,0.0000,0.0000,0.0000,0.0082,0.0001,200,0.1511
0.0175,0.0000,0.0000,0.0000,0.0174,0.0000,200,0.1422
0.0364,0.0000,0.0000,0.0000,0.0363,0.0001,200,0.1236
0.0021,0.0000,0.0000,0.0000,0.0020,0.0001,200,0.1582
0.0185,0.0000,0.0000,0.0000,0.0184,0.0000,200,0.1422
0.0150,0.0000,0.0000,0.0000,0.0148,0.0001,200,0.1459
0.0133,0.0000,0.0000,0.0000,0.0132,0.0000,200,0.1482
0.0080,0.0000,0.0000,0.0000,0.0079,0.0000,200,0.1539
0.0171,0.0000,0.0000,0.0000,0.0170,0.0000,200,0.1453
0.0017,0.0000,0.0000,0.0000,0.0016,0.0000,200,0.1608
0.0203,0.0000,0.0000,0.0000,0.0202,0.0000,200,0.1424
0.0195,0.0000,0.0000,0.0000,0.0195,0.0000,200,0.1437
0.0060,0.0000,0.0000,0.0001,0.0058,0.0000,200,0.1575
0.0321,0.0000,0.0000,0.0000,0.0320,0.0000,200,0.1314
0.0155,0.0000,0.0000,0.0000,0.0154,0.0000,200,0.1484
0.0058,0.0000,0.0000,0.0001,0.0056,0.0000,200,0.1588
0.0094,0.0000,0.0000,0.0000,0.0093,0.0000,200,0.1556
0.0314,0.0000,0.0000,0.0000,0.0309,0.0005,200,0.1344
0.0024,0.0000,0.0000,0.0000,0.0023,0.0001,200,0.1634
0.0062,0.0000,0.0000,0.0001,0.0060,0.0000,200,0.1600
0.0199,0.0000,0.0000,0.0000,0.0198,0.0001,200,0.1468
0.0102,0.0000,0.0000,0.0000,0.0101,0.0001,200,0.1567
0.0146,0.0000,0.0000,0.0000,0.0142,0.0001,200,0.1530
0.0035,0.0000,0.0000,0.0000,0.0034,0.0001,200,0.1646
0.0247,0.0000,0.0000,0.0000,0.0247,0.0000,200,0.1445
0.0043,0.0000,0.0000,0.0000,0.0042,0.0000,200,0.1650
0.0336,0.0000,0.0000,0.0000,0.0335,0.0001,200,0.1357
0.0035,0.0000,0.0000,0.0000,0.0031,0.0000,200,0.1659
0.0132,0.0000,0.0000,0.0000,0.0131,0.0001,200,0.1570
0.0073,0.0000,0.0000,0.0000,0.0072,0.0000,200,0.1634
0.0076,0.0000,0.0000,0.0000,0.0075,0.0001,200,0.1633
0.0236,0.0000,0.0000,0.0000,0.0235,0.0000,200,0.1473
0.0210,0.0000,0.0000,0.0000,0.0209,0.0000,200,0.1506
0.0029,0.0000,0.0000,0.0004,0.0024,0.0001,200,0.1693
0.0113,0.0000,0.0000,0.0000,0.0112,0.0000,200,0.1615
0.0106,0.0000,0.0000,0.0002,0.0102,0.0001,200,0.1624
0.0232,0.0000,0.0000,0.0000,0.0229,0.0002,200,0.1504
0.0386,0.0000,0.0000,0.0000,0.0386,0.0000,200,0.1349
0.0195,0.0000,0.0000,0.0001,0.0193,0.0001,200,0.1549
0.0033,0.0000,0.0000,0.0000,0.0033,0.0000,200,0.1716
0.0135,0.0000,0.0000,0.0000,0.0134,0.0000,200,0.1619
0.0062,0.0000,0.0000,0.0001,0.0061,0.0000,200,0.1693
0.0203,0.0000,0.0000,0.0000,0.0202,0.0000,200,0.1559
0.0248,0.0000,0.0000,0.0000,0.0246,0.0002,200,0.1522
0.0171,0.0000,0.0000,0.0000,0.0168,0.0002,200,0.1603
0.0118,0.0000,0.0000,0.0001,0.0116,0.0002,200,0.1658
0.0249,0.0000,0.0000,0.0000,0.0248,0.0000,200,0.1529
0.0396,0.0000,0.0000,0.0000,0.0395,0.0001,200,0.1390
0.0265,0.0000,0.0000,0.0000,0.0264,0.0001,200,0.1526
0.0171,0.0000,0.0000,0.0000,0.0171,0.0000,200,0.1624
0.0258,0.0000,0.0000,0.0000,0.0258,0.0000,200,0.1538
0.0533,0.0000,0.0000,0.0000,0.0532,0.0001,200,0.1268
0.0045,0.0000,0.0000,0.0001,0.0043,0.0000,200,0.1762
0.0246,0.0000,0.0000,0.0000,0.0244,0.0001,200,0.1562
0.0381,0.0000,0.0000,0.0000,0.0380,0.0001,200,0.1432
0.0083,0.0000,0.0000,0.0000,0.0082,0.0000,200,0.1736
0.0026,0.0000,0.0000,0.0000,0.0025,0.0000,200,0.1796
0.0032,0.0000,0.0000,0.0000,0.0031,0.0001,200,0.1796
0.0026,0.0000,0.0000,0.0000,0.0025,0.0000,200,0.1807
0.0099,0.0000,0.0000,0.0000,0.0094,0.0005,200,0.1736
0.0402,0.0000,0.0000,0.0000,0.0401,0.0000,200,0.1438
0.0073,0.0000,0.0000,0.0000,0.0072,0.0000,200,0.1770
0.0183,0.0000,0.0000,0.0000,0.0182,0.0001,200,0.1662
0.0187,0.0000,0.0000,0.0000,0.0186,0.0001,200,0.1667
0.0679,0.0000,0.0000,0.0000,0.0678,0.0001,200,0.1179
0.0085,0.0000,0.0000,0.0000,0.0083,0.0001,200,0.1779
0.0137,0.0000,0.0000,0.0000,0.0136,0.0000,200,0.1728
0.0438,0.0000,0.0000,0.0000,0.0437,0.0001,200,0.1449
0.0305,0.0000,0.0000,0.0000,0.0304,0.0001,200,0.1583
0.1276,0.0000,0.0000,0.0000,0.1272,0.0003,200,0.0613
0.0132,0.0000,0.0000,0.0000,0.0131,0.0000,200,0.1774
0.0104,0.0000,0.0000,0.0000,0.0103,0.0001,200,0.1802
0.0319,0.0000,0.0000,0.0000,0.0316,0.0002,200,0.1594
0.0184,0.0000,0.0000,0.0000,0.0182,0.0001,200,0.1730
0.0173,0.0000,0.0000,0.0002,0.0169,0.0002,200,0.1744
0.0399,0.0000,0.0000,0.0000,0.0394,0.0002,200,0.1521
0.0102,0.0000,0.0000,0.0000,0.0101,0.0001,200,0.1822
0.0207,0.0000,0.0000,0.0000,0.0206,0.0000,200,0.1722
0.0179,0.0000,0.0000,0.0000,0.0178,0.0001,200,0.1755
0.0331,0.0000,0.0000,0.0000,0.0330,0.0001,200,0.1609
0.0013,0.0000,0.0000,0.0000,0.0013,0.0000,200,0.1929
0.0139,0.0000,0.0000,0.0000,0.0137,0.0002,200,0.1813
0.0261,0.0000,0.0000,0.0000,0.0260,0.0000,200,0.1692
0.0317,0.0000,0.0000,0.0000,0.0316,0.0000,200,0.1639
0.0331,0.0000,0.0000,0.0000,0.0331,0.0000,200,0.1627
0.0117,0.0000,0.0000,0.0000,0.0116,0.0000,200,0.1845
0.0261,0.0000,0.0000,0.0001,0.0260,0.0000,200,0.1707
0.0222,0.0000,0.0000,0.0000,0.0220,0.0001,200,0.1749
0.0278,0.0000,0.0000,0.0000,0.0277,0.0000,200,0.1701
0.0091,0.0000,0.0000,0.0000,0.0090,0.0000,200,0.1889
0.0066,0.0000,0.0000,0.0000,0.0065,0.0000,200,0.1914
0.0145,0.0000,0.0000,0.0000,0.0144,0.0000,200,0.1843
0.0100,0.0000,0.0000,0.0001,0.0098,0.0000,200,0.1888
0.0502,0.0000,0.0000,0.0000,0.0496,0.0004,200,0.1492
0.0108,0.0000,0.0000,0.0003,0.0104,0.0001,200,0.1888
0.0583,0.0000,0.0000,0.0000,0.0582,0.0001,200,0.1422
0.0189,0.0000,0.0000,0.0000,0.0182,0.0006,200,0.1819
0.0182,0.0000,0.0000,0.0000,0.0178,0.0003,200,0.1828
0.0059,0.0000,0.0000,0.0000,0.0059,0.0000,200,0.1962
0.0043,0.0000,0.0000,0.0000,0.0042,0.0000,200,0.1980
0.0342,0.0000,0.0000,0.0001,0.0340,0.0000,200,0.1681
0.0187,0.0000,0.0000,0.0002,0.0184,0.0000,200,0.1836
0.0588,0.0000,0.0000,0.0000,0.0588,0.0000,200,0.1435
0.0106,0.0000,0.0000,0.0000,0.0105,0.0000,200,0.1924
0.0197,0.0000,0.0000,0.0000,0.0196,0.0000,200,0.1840
0.0072,0.0000,0.0000,0.0000,0.0070,0.0000,200,0.1968
0.0035,0.0000,0.0000,0.0000,0.0034,0.0000,200,0.2005
0.0022,0.0000,0.0000,0.0000,0.0021,0.0001,200,0.2021
0.0336,0.0000,0.0000,0.0000,0.0334,0.0000,200,0.1709
0.0093,0.0000,0.0000,0.0000,0.0091,0.0001,200,0.1956
0.0342,0.0000,0.0000,0.0001,0.0340,0.0000,200,0.1709
0.0150,0.0000,0.0000,0.0000,0.0149,0.0001,200,0.1906
0.0281,0.0000,0.0000,0.0000,0.0281,0.0000,200,0.1776
0.0211,0.0000,0.0000,0.0000,0.0210,0.0001,200,0.1854
0.0061,0.0000,0.0000,0.0000,0.0060,0.0000,200,0.2007
0.0144,0.0000,0.0000,0.0000,0.0142,0.0002,200,0.1933
0.0014,0.0000,0.0000,0.0000,0.0014,0.0000,200,0.2065
0.0488,0.0000,0.0000,0.0000,0.0487,0.0001,200,0.1597
0.0050,0.0000,0.0000,0.0000,0.0049,0.0000,200,0.2040
0.0104,0.0000,0.0000,0.0000,0.0103,0.0000,200,0.1988
0.0125,0.0000,0.0000,0.0000,0.0123,0.0000,200,0.1971
0.0184,0.0000,0.0000,0.0000,0.0183,0.0000,200,0.1913
0.0270,0.0000,0.0000,0.0000,0.0269,0.0001,200,0.1832
0.0015,0.0000,0.0000,0.0000,0.0008,0.0002,200,0.2097
0.0162,0.0000,0.0000,0.0000,0.0161,0.0001,200,0.1952
0.0077,0.0000,0.0000,0.0000,0.0077,0.0000,200,0.2040
0.0077,0.0000,0.0000,0.0000,0.0076,0.0000,200,0.2044
0.0048,0.0000,0.0000,0.0000,0.0046,0.0001,200,0.2079
0.0672,0.0000,0.0000,0.0000,0.0671,0.0000,200,0.1460
0.0346,0.0000,0.0000,0.0000,0.0345,0.0000,200,0.1791
0.0119,0.0000,0.0000,0.0000,0.0118,0.0000,200,0.2023
0.0147,0.0000,0.0000,0.0000,0.0146,0.0000,200,0.1996
0.0473,0.0000,0.0000,0.0000,0.0473,0.0000,200,0.1669
0.0232,0.0000,0.0000,0.0000,0.0231,0.0000,200,0.1917
0.0199,0.0000,0.0000,0.0000,0.0198,0.0000,200,0.1953
0.1019,0.0000,0.0000,0.0000,0.1017,0.0002,200,0.1140
0.0295,0.0000,0.0000,0.0000,0.0288,0.0000,200,0.1865
0.0094,0.0000,0.0000,0.0000,0.0093,0.0000,200,0.2068
0.0210,0.0000,0.0000,0.0000,0.0208,0.0002,200,0.1958
0.0039,0.0000,0.0000,0.0000,0.0039,0.0000,200,0.2133
0.0146,0.0000,0.0000,0.0000,0.0146,0.0000,200,0.2030
0.0186,0.0000,0.0000,0.0000,0.0183,0.0002,200,0.1994
0.0488,0.0000,0.0000,0.0000,0.0487,0.0000,200,0.1692
0.0281,0.0000,0.0000,0.0000,0.0277,0.0000,200,0.1906
0.0068,0.0000,0.0000,0.0000,0.0066,0.0001,200,0.2121
0.0252,0.0000,0.0000,0.0000,0.0251,0.0001,200,0.1942
0.0143,0.0000,0.0000,0.0000,0.0141,0.0000,200,0.2056
0.0084,0.0000,0.0000,0.0001,0.0081,0.0002,200,0.2114
0.0058,0.0000,0.0000,0.0000,0.0057,0.0001,200,0.2142
0.0419,0.0000,0.0000,0.0000,0.0418,0.0000,200,0.1786
0.0131,0.0000,0.0000,0.0000,0.0130,0.0001,200,0.2078
0.0025,0.0000,0.0000,0.0000,0.0023,0.0001,200,0.2188
0.0355,0.0000,0.0000,0.0000,0.0353,0.0001,200,0.1863
0.0098,0.0000,0.0000,0.0000,0.0097,0.0000,200,0.2127
0.0045,0.0000,0.0000,0.0000,0.0044,0.0001,200,0.2180
0.0048,0.0000,0.0000,0.0000,0.0044,0.0004,200,0.2177
0.0208,0.0000,0.0000,0.0000,0.0207,0.0001,200,0.2023
0.0032,0.0000,0.0000,0.0000,0.0031,0.0001,200,0.2205
0.0066,0.0000,0.0000,0.0000,0.0065,0.0000,200,0.2172
0.0304,0.0000,0.0000,0.0000,0.0301,0.0001,200,0.1940
0.0571,0.0000,0.0000,0.0000,0.0570,0.0001,200,0.1676
0.0105,0.0000,0.0000,0.0000,0.0104,0.0000,200,0.2143
0.0245,0.0000,0.0000,0.0001,0.0243,0.0001,200,0.2010
0.0157,0.0000,0.0000,0.0000,0.0156,0.0001,200,0.2103
0.0207,0.0000,0.0000,0.0000,0.0206,0.0001,200,0.2058
0.0171,0.0000,0.0000,0.0000,0.0170,0.0001,200,0.2096
0.0108,0.0000,0.0000,0.0001,0.0107,0.0000,200,0.2162
0.0517,0.0000,0.0000,0.0000,0.0515,0.0000,200,0.1753
0.0036,0.0000,0.0000,0.0000,0.0035,0.0000,200,0.2238
0.0045,0.0000,0.0000,0.0000,0.0045,0.0000,200,0.2231
0.0141,0.0000,0.0000,0.0000,0.0135,0.0001,200,0.2137
0.0081,0.0000,0.0000,0.0000,0.0081,0.0000,200,0.2200
0.0147,0.0000,0.0000,0.0000,0.0145,0.0001,200,0.2142
0.0021,0.0000,0.0000,0.0000,0.0020,0.0001,200,0.2270
0.0250,0.0000,0.0000,0.0001,0.0248,0.0001,200,0.2045
0.0150,0.0000,0.0000,0.0000,0.0149,0.0001,200,0.2148
0.0155,0.0000,0.0000,0.0002,0.0153,0.0000,200,0.2152
0.0115,0.0000,0.0000,0.0000,0.0115,0.0000,200,0.2194
0.0111,0.0000,0.0000,0.0001,0.0110,0.0000,200,0.2199
0.0132,0.0000,0.0000,0.0000,0.0130,0.0000,200,0.2180
0.0126,0.0000,0.0000,0.0000,0.0125,0.0001,200,0.2187
0.0030,0.0000,0.0000,0.0000,0.0029,0.0000,200,0.2289
0.0230,0.0000,0.0000,0.0000,0.0229,0.0000,200,0.2089
0.0067,0.0000,0.0000,0.0000,0.0065,0.0002,200,0.2255
0.0346,0.0000,0.0000,0.0000,0.0345,0.0000,200,0.1980
0.0038,0.0000,0.0000,0.0000,0.0037,0.0000,200,0.2291
0.0111,0.0000,0.0000,0.0000,0.0111,0.0000,200,0.2218
0.0041,0.0000,0.0000,0.0001,0.0040,0.0000,200,0.2295
0.0535,0.0000,0.0000,0.0000,0.0534,0.0000,200,0.1808
0.0024,0.0000,0.0000,0.0000,0.0017,0.0006,200,0.2322
0.0256,0.0000,0.0000,0.0000,0.0255,0.0000,200,0.2092
0.0072,0.0000,0.0000,0.0002,0.0068,0.0000,200,0.2276
0.0300,0.0000,0.0000,0.0000,0.0298,0.0001,200,0.2052
0.0200,0.0000,0.0000,0.0000,0.0198,0.0001,200,0.2160
0.0124,0.0000,0.0000,0.0000,0.0123,0.0000,200,0.2237
0.0149,0.0000,0.0000,0.0000,0.0148,0.0000,200,0.2213
0.0088,0.0000,0.0000,0.0000,0.0087,0.0000,200,0.2282
0.0023,0.0000,0.0000,0.0002,0.0021,0.0000,200,0.2348
0.0099,0.0000,0.0000,0.0000,0.0098,0.0000,200,0.2274
0.0137,0.0000,0.0000,0.0000,0.0136,0.0000,200,0.2245
0.0221,0.0000,0.0000,0.0000,0.0220,0.0001,200,0.2160
0.0079,0.0000,0.0000,0.0000,0.0078,0.0000,200,0.2307
0.0906,0.0000,0.0000,0.0000,0.0902,0.0003,200,0.1488
0.0024,0.0000,0.0000,0.0000,0.0024,0.0000,200,0.2370
0.0406,0.0000,0.0000,0.0000,0.0405,0.0000,200,0.1988
0.0013,0.0000,0.0000,0.0000,0.0012,0.0000,200,0.2386
0.0198,0.0000,0.0000,0.0000,0.0197,0.0000,200,0.2209
0.0093,0.0000,0.0000,0.0000,0.0092,0.0001,200,0.2319
0.0055,0.0000,0.0000,0.0000,0.0054,0.0001,200,0.2361
0.0151,0.0000,0.0000,0.0000,0.0150,0.0000,200,0.2265
0.0115,0.0000,0.0000,0.0000,0.0114,0.0001,200,0.2310
0.0209,0.0000,0.0000,0.0000,0.0208,0.0000,200,0.2225
0.0029,0.0000,0.0000,0.0000,0.0028,0.0001,200,0.2406
0.0162,0.0000,0.0000,0.0002,0.0158,0.0001,200,0.2279
0.0114,0.0000,0.0000,0.0001,0.0112,0.0000,200,0.2330
0.0086,0.0000,0.0000,0.0000,0.0082,0.0001,200,0.2362
0.0128,0.0000,0.0000,0.0000,0.0127,0.0000,200,0.2327
0.0478,0.0000,0.0000,0.0000,0.0477,0.0000,200,0.1980
0.0214,0.0000,0.0000,0.0001,0.0213,0.0001,200,0.2247
0.0166,0.0000,0.0000,0.0000,0.0164,0.0001,200,0.2298
0.0034,0.0000,0.0000,0.0000,0.0034,0.0000,200,0.2444
0.0097,0.0000,0.0000,0.0001,0.0091,0.0005,200,0.2381
0.0084,0.0000,0.0000,0.0000,0.0084,0.0000,200,0.2399
0.0168,0.0000,0.0000,0.0000,0.0167,0.0000,200,0.2319
0.0123,0.0000,0.0000,0.0000,0.0122,0.0000,200,0.2373
0.0229,0.0000,0.0000,0.0001,0.0228,0.0000,200,0.2268
0.0025,0.0000,0.0000,0.0003,0.0022,0.0000,200,0.2478
0.0059,0.0000,0.0000,0.0000,0.0058,0.0000,200,0.2448
0.0199,0.0000,0.0000,0.0000,0.0198,0.0001,200,0.2310
0.0395,0.0000,0.0000,0.0000,0.0394,0.0000,200,0.2118
0.0348,0.0000,0.0000,0.0000,0.0347,0.0000,200,0.2168
0.0260,0.0000,0.0000,0.0000,0.0259,0.0001,200,0.2260
0.0070,0.0000,0.0000,0.0000,0.0069,0.0000,200,0.2455
0.0443,0.0000,0.0000,0.0000,0.0442,0.0000,200,0.2086
0.0092,0.0000,0.0000,0.0001,0.0090,0.0000,200,0.2440
0.0050,0.0000,0.0000,0.0000,0.0045,0.0000,200,0.2487
0.0316,0.0000,0.0000,0.0000,0.0315,0.0000,200,0.2225
0.0051,0.0000,0.0000,0.0000,0.0050,0.0000,200,0.2496
0.0059,0.0000,0.0000,0.0000,0.0057,0.0001,200,0.2497
0.0028,0.0000,0.0000,0.0000,0.0027,0.0000,200,0.2528
0.0198,0.0000,0.0000,0.0001,0.0197,0.0000,200,0.2360
0.0165,0.0000,0.0000,0.0000,0.0164,0.0000,200,0.2394
0.0137,0.0000,0.0000,0.0000,0.0136,0.0000,200,0.2425
0.0219,0.0000,0.0000,0.0000,0.0218,0.0000,200,0.2352
0.0541,0.0000,0.0000,0.0000,0.0540,0.0000,200,0.2036
0.0310,0.0000,0.0000,0.0000,0.0308,0.0001,200,0.2270
0.0019,0.0000,0.0000,0.0000,0.0015,0.0003,200,0.2570
0.0569,0.0000,0.0000,0.0001,0.0566,0.0002,200,0.2023
0.0399,0.0000,0.0000,0.0000,0.0399,0.0000,200,0.2199
0.0169,0.0000,0.0000,0.0000,0.0168,0.0001,200,0.2433
0.0263,0.0000,0.0000,0.0000,0.0261,0.0001,200,0.2346
0.0074,0.0000,0.0000,0.0000,0.0073,0.0000,200,0.2537
0.0205,0.0000,0.0000,0.0000,0.0203,0.0001,200,0.2412
0.0038,0.0000,0.0000,0.0000,0.0037,0.0000,200,0.2580
0.0277,0.0000,0.0000,0.0000,0.0275,0.0001,200,0.2348
0.0120,0.0000,0.0000,0.0000,0.0119,0.0000,200,0.2507
0.0216,0.0000,0.0000,0.0001,0.0214,0.0000,200,0.2416
0.0120,0.0000,0.0000,0.0000,0.0119,0.0001,200,0.2516
0.0615,0.0000,0.0000,0.0001,0.0614,0.0000,200,0.2023
0.0024,0.0000,0.0000,0.0000,0.0024,0.0000,200,0.2617
0.0248,0.0000,0.0000,0.0000,0.0248,0.0000,200,0.2394
0.0123,0.0000,0.0000,0.0000,0.0122,0.0001,200,0.2525
0.0188,0.0000,0.0000,0.0001,0.0183,0.0002,200,0.2464
0.0097,0.0000,0.0000,0.0000,0.0097,0.0000,200,0.2556
0.0115,0.0000,0.0000,0.0000,0.0114,0.0001,200,0.2541
0.0149,0.0000,0.0000,0.0000,0.0147,0.0001,200,0.2512
0.0157,0.0000,0.0000,0.0002,0.0154,0.0001,200,0.2508
0.0287,0.0000,0.0000,0.0000,0.0285,0.0000,200,0.2381
0.0071,0.0000,0.0000,0.0000,0.0070,0.0001,200,0.2603
0.0364,0.0000,0.0000,0.0000,0.0363,0.0001,200,0.2311
0.0106,0.0000,0.0000,0.0001,0.0105,0.0000,200,0.2577
0.0012,0.0000,0.0000,0.0000,0.0011,0.0000,200,0.2676
0.0095,0.0000,0.0000,0.0000,0.0095,0.0000,200,0.2592
0.0645,0.0000,0.0000,0.0000,0.0644,0.0000,200,0.2049
0.0135,0.0000,0.0000,0.0000,0.0134,0.0001,200,0.2562
0.0372,0.0000,0.0000,0.0000,0.0370,0.0001,200,0.2329
0.0092,0.0000,0.0000,0.0000,0.0091,0.0001,200,0.2609
0.0019,0.0000,0.0000,0.0000,0.0018,0.0001,200,0.2687
0.0228,0.0000,0.0000,0.0000,0.0226,0.0002,200,0.2483
0.0074,0.0000,0.0000,0.0000,0.0073,0.0000,200,0.2642
0.0092,0.0000,0.0000,0.0000,0.0091,0.0001,200,0.2625
0.0475,0.0000,0.0000,0.0000,0.0474,0.0001,200,0.2247
0.1450,0.0000,0.0000,0.0000,0.1450,0.0000,200,0.1275
0.0188,0.0000,0.0000,0.0000,0.0187,0.0000,200,0.2547
0.0087,0.0000,0.0000,0.0000,0.0086,0.0001,200,0.2653
0.0844,0.0000,0.0000,0.0000,0.0843,0.0000,200,0.1919
0.0205,0.0000,0.0000,0.0000,0.0205,0.0000,200,0.2559
0.0099,0.0000,0.0000,0.0000,0.0098,0.0000,200,0.2665
0.0910,0.0000,0.0000,0.0000,0.0908,0.0001,200,0.1858
0.0100,0.0000,0.0000,0.0000,0.0099,0.0000,200,0.2668
0.0057,0.0000,0.0000,0.0000,0.0055,0.0000,200,0.2712
0.0314,0.0000,0.0000,0.0000,0.0312,0.0001,200,0.2458
0.0137,0.0000,0.0000,0.0000,0.0136,0.0001,200,0.2636
0.0149,0.0000,0.0000,0.0000,0.0148,0.0000,200,0.2627
0.0463,0.0000,0.0000,0.0000,0.0462,0.0000,200,0.2314
0.0171,0.0000,0.0000,0.0000,0.0170,0.0001,200,0.2611
0.0020,0.0000,0.0000,0.0004,0.0015,0.0001,200,0.2768
0.0287,0.0000,0.0000,0.0000,0.0286,0.0000,200,0.2503
0.0422,0.0000,0.0000,0.0000,0.0421,0.0000,200,0.2371
0.0117,0.0000,0.0000,0.0000,0.0115,0.0002,200,0.2683
0.0131,0.0000,0.0000,0.0000,0.0129,0.0001,200,0.2674
0.0044,0.0000,0.0000,0.0000,0.0043,0.0001,200,0.2764
0.0122,0.0000,0.0000,0.0000,0.0121,0.0000,200,0.2687
0.0089,0.0000,0.0000,0.0002,0.0087,0.0001,200,0.2725
0.0119,0.0000,0.0000,0.0000,0.0118,0.0001,200,0.2701
0.0163,0.0000,0.0000,0.0000,0.0161,0.0002,200,0.2662
0.0118,0.0000,0.0000,0.0000,0.0117,0.0000,200,0.2707
0.0194,0.0000,0.0000,0.0000,0.0193,0.0000,200,0.2638
0.0055,0.0000,0.0000,0.0000,0.0054,0.0001,200,0.2776
0.0064,0.0000,0.0000,0.0000,0.0062,0.0001,200,0.2773
0.0055,0.0000,0.0000,0.0000,0.0054,0.0000,200,0.2782
0.0020,0.0000,0.0000,0.0000,0.0019,0.0001,200,0.2820
0.0429,0.0000,0.0000,0.0000,0.0428,0.0000,200,0.2416
0.0263,0.0000,0.0000,0.0000,0.0258,0.0002,200,0.2589
0.0064,0.0000,0.0000,0.0000,0.0063,0.0000,200,0.2790
0.0018,0.0000,0.0000,0.0000,0.0017,0.0000,200,0.2837
0.0020,0.0000,0.0000,0.0000,0.0019,0.0000,200,0.2837
0.0149,0.0000,0.0000,0.0000,0.0148,0.0001,200,0.2716
0.0644,0.0000,0.0000,0.0001,0.0640,0.0002,200,0.2225
0.0483,0.0000,0.0000,0.0000,0.0475,0.0008,200,0.2394
0.0416,0.0000,0.0000,0.0000,0.0415,0.0000,200,0.2462
0.0040,0.0000,0.0000,0.0000,0.0032,0.0008,200,0.2840
0.0347,0.0000,0.0000,0.0000,0.0345,0.0002,200,0.2532
0.0050,0.0000,0.0000,0.0000,0.0049,0.0000,200,0.2831
0.0324,0.0000,0.0000,0.0000,0.0324,0.0000,200,0.2559
0.0092,0.0000,0.0000,0.0001,0.0091,0.0000,200,0.2793
0.0154,0.0000,0.0000,0.0000,0.0153,0.0000,200,0.2735
0.0129,0.0000,0.0000,0.0001,0.0125,0.0003,200,0.2768
0.0201,0.0000,0.0000,0.0000,0.0198,0.0000,200,0.2697
0.0051,0.0000,0.0000,0.0000,0.0050,0.0000,200,0.2852
0.0065,0.0000,0.0000,0.0000,0.0062,0.0003,200,0.2845
0.0435,0.0000,0.0000,0.0000,0.0428,0.0002,200,0.2478
0.0297,0.0000,0.0000,0.0000,0.0296,0.0001,200,0.2618
0.0054,0.0000,0.0000,0.0000,0.0053,0.0000,200,0.2867
0.0053,0.0000,0.0000,0.0000,0.0053,0.0000,200,0.2869
0.0103,0.0000,0.0000,0.0000,0.0101,0.0001,200,0.2824
0.0586,0.0000,0.0000,0.0000,0.0585,0.0001,200,0.2343
0.0050,0.0000,0.0000,0.0000,0.0049,0.0000,200,0.2882
0.0237,0.0000,0.0000,0.0000,0.0236,0.0000,200,0.2701
0.0023,0.0000,0.0000,0.0000,0.0022,0.0000,200,0.2921
0.0149,0.0000,0.0000,0.0000,0.0148,0.0001,200,0.2800
0.0131,0.0000,0.0000,0.0000,0.0130,0.0000,200,0.2825
0.0080,0.0000,0.0000,0.0000,0.0079,0.0000,200,0.2877
0.0083,0.0000,0.0000,0.0000,0.0081,0.0001,200,0.2880
0.0048,0.0000,0.0000,0.0000,0.0048,0.0000,200,0.2915
0.0072,0.0000,0.0000,0.0000,0.0069,0.0002,200,0.2898
0.0165,0.0000,0.0000,0.0000,0.0164,0.0001,200,0.2808
0.0331,0.0000,0.0000,0.0000,0.0330,0.0001,200,0.2648
0.0102,0.0000,0.0000,0.0000,0.0102,0.0000,200,0.2883
0.0099,0.0000,0.0000,0.0000,0.0099,0.0000,200,0.2885
0.0050,0.0000,0.0000,0.0000,0.0047,0.0000,200,0.2938
0.0019,0.0000,0.0000,0.0000,0.0018,0.0000,200,0.2974
0.0885,0.0000,0.0000,0.0000,0.0880,0.0004,200,0.2112
0.0228,0.0000,0.0000,0.0000,0.0228,0.0000,200,0.2771
0.0042,0.0000,0.0000,0.0000,0.0041,0.0000,200,0.2964
0.0129,0.0000,0.0000,0.0001,0.0128,0.0001,200,0.2880
0.0242,0.0000,0.0000,0.0000,0.0240,0.0002,200,0.2767
0.0298,0.0000,0.0000,0.0000,0.0296,0.0002,200,0.2722
0.0333,0.0000,0.0000,0.0000,0.0330,0.0003,200,0.2693
0.0397,0.0000,0.0000,0.0000,0.0392,0.0005,200,0.2632
0.0040,0.0000,0.0000,0.0000,0.0037,0.0003,200,0.2992
0.0115,0.0000,0.0000,0.0000,0.0113,0.0000,200,0.2929
0.0330,0.0000,0.0000,0.0000,0.0329,0.0000,200,0.2715
0.0076,0.0000,0.0000,0.0000,0.0072,0.0000,200,0.2970
0.0143,0.0000,0.0000,0.0000,0.0142,0.0000,200,0.2903
0.0191,0.0000,0.0000,0.0000,0.0180,0.0011,200,0.2855
0.0048,0.0000,0.0000,0.0001,0.0047,0.0000,200,0.3000
0.0615,0.0000,0.0000,0.0000,0.0614,0.0000,200,0.2435
0.0058,0.0000,0.0000,0.0001,0.0057,0.0000,200,0.2997
0.0253,0.0000,0.0000,0.0000,0.0251,0.0001,200,0.2809
0.0424,0.0000,0.0000,0.0000,0.0422,0.0002,200,0.2643
0.0128,0.0000,0.0000,0.0000,0.0127,0.0000,200,0.2944
0.0067,0.0000,0.0000,0.0000,0.0066,0.0000,200,0.3005
0.0159,0.0000,0.0000,0.0000,0.0151,0.0008,200,0.2927
0.0077,0.0000,0.0000,0.0000,0.0070,0.0000,200,0.3010
0.0282,0.0000,0.0000,0.0000,0.0278,0.0000,200,0.2805
0.0021,0.0000,0.0000,0.0000,0.0021,0.0000,200,0.3067
0.0105,0.0000,0.0000,0.0000,0.0104,0.0001,200,0.2987
0.0076,0.0000,0.0000,0.0001,0.0074,0.0000,200,0.3020
0.0055,0.0000,0.0000,0.0000,0.0054,0.0000,200,0.3045
0.0054,0.0000,0.0000,0.0000,0.0054,0.0000,200,0.3046
0.0127,0.0000,0.0000,0.0000,0.0126,0.0000,200,0.2978
0.0152,0.0000,0.0000,0.0000,0.0151,0.0001,200,0.2956
0.0192,0.0000,0.0000,0.0000,0.0191,0.0000,200,0.2922
0.0167,0.0000,0.0000,0.0000,0.0166,0.0001,200,0.2949
0.0521,0.0000,0.0000,0.0000,0.0520,0.0001,200,0.2598
0.0038,0.0000,0.0000,0.0000,0.0037,0.0001,200,0.3086
0.0317,0.0000,0.0000,0.0000,0.0316,0.0001,200,0.2814
0.0475,0.0000,0.0000,0.0000,0.0474,0.0000,200,0.2656
0.0078,0.0000,0.0000,0.0000,0.0077,0.0001,200,0.3062
0.0048,0.0000,0.0000,0.0000,0.0048,0.0000,200,0.3093
0.0056,0.0000,0.0000,0.0000,0.0054,0.0002,200,0.3086
0.0267,0.0000,0.0000,0.0000,0.0266,0.0000,200,0.2877
0.0019,0.0000,0.0000,0.0000,0.0018,0.0000,200,0.3131
0.0021,0.0000,0.0000,0.0000,0.0020,0.0000,200,0.3131
0.0012,0.0000,0.0000,0.0000,0.0011,0.0000,200,0.3144
0.0383,0.0000,0.0000,0.0000,0.0382,0.0001,200,0.2776
0.0376,0.0000,0.0000,0.0000,0.0374,0.0000,200,0.2788
0.0082,0.0000,0.0000,0.0000,0.0080,0.0001,200,0.3086
0.0411,0.0000,0.0000,0.0000,0.0409,0.0001,200,0.2763
0.0657,0.0000,0.0000,0.0000,0.0656,0.0000,200,0.2520
0.0290,0.0000,0.0000,0.0000,0.0290,0.0000,200,0.2889
0.0029,0.0000,0.0000,0.0000,0.0028,0.0000,200,0.3156
0.0631,0.0000,0.0000,0.0000,0.0630,0.0001,200,0.2556
0.0078,0.0000,0.0000,0.0000,0.0076,0.0001,200,0.3114
0.0057,0.0000,0.0000,0.0000,0.0056,0.0000,200,0.3140
0.0345,0.0000,0.0000,0.0000,0.0345,0.0000,200,0.2854
0.0154,0.0000,0.0000,0.0000,0.0154,0.0000,200,0.3046
0.0133,0.0000,0.0000,0.0000,0.0132,0.0000,200,0.3072
0.0056,0.0000,0.0000,0.0000,0.0055,0.0000,200,0.3152
0.0043,0.0000,0.0000,0.0000,0.0043,0.0000,200,0.3165
0.0259,0.0000,0.0000,0.0000,0.0258,0.0001,200,0.2957
0.0132,0.0000,0.0000,0.0000,0.0130,0.0000,200,0.3088
0.0124,0.0000,0.0000,0.0000,0.0123,0.0001,200,0.3097
0.0037,0.0000,0.0000,0.0000,0.0036,0.0000,200,0.3191
0.0046,0.0000,0.0000,0.0000,0.0045,0.0001,200,0.3185
0.0095,0.0000,0.0000,0.0000,0.0092,0.0001,200,0.3141
0.0021,0.0000,0.0000,0.0000,0.0020,0.0001,200,0.3220
0.0260,0.0000,0.0000,0.0000,0.0257,0.0002,200,0.2985
0.0197,0.0000,0.0000,0.0001,0.0195,0.0001,200,0.3055
0.0209,0.0000,0.0000,0.0000,0.0208,0.0000,200,0.3045
0.0241,0.0000,0.0000,0.0002,0.0238,0.0000,200,0.3026
0.0409,0.0000,0.0000,0.0000,0.0409,0.0000,200,0.2858
0.0259,0.0000,0.0000,0.0007,0.0249,0.0002,200,0.3009
0.0069,0.0000,0.0000,0.0000,0.0069,0.0000,200,0.3199
0.0036,0.0000,0.0000,0.0000,0.0033,0.0001,200,0.3241
0.0058,0.0000,0.0000,0.0003,0.0053,0.0002,200,0.3221
0.0234,0.0000,0.0000,0.0000,0.0233,0.0000,200,0.3050
0.0056,0.0000,0.0000,0.0000,0.0055,0.0001,200,0.3231
0.0458,0.0000,0.0000,0.0000,0.0457,0.0000,200,0.2831
0.0065,0.0000,0.0000,0.0000,0.0064,0.0001,200,0.3228
0.0128,0.0000,0.0000,0.0000,0.0127,0.0000,200,0.3168
0.0399,0.0000,0.0000,0.0000,0.0399,0.0000,200,0.2897
0.0113,0.0000,0.0000,0.0000,0.0097,0.0016,200,0.3207
0.0213,0.0000,0.0000,0.0000,0.0209,0.0002,200,0.3108
0.0557,0.0000,0.0000,0.0000,0.0555,0.0002,200,0.2764
0.0034,0.0000,0.0000,0.0000,0.0031,0.0003,200,0.3287
0.0106,0.0000,0.0000,0.0000,0.0102,0.0003,200,0.3216
0.0145,0.0000,0.0000,0.0000,0.0141,0.0003,200,0.3177
0.0079,0.0000,0.0000,0.0001,0.0078,0.0001,200,0.3252
0.0231,0.0000,0.0000,0.0000,0.0230,0.0000,200,0.3100
0.0368,0.0000,0.0000,0.0000,0.0367,0.0001,200,0.2963
0.0059,0.0000,0.0000,0.0000,0.0056,0.0000,200,0.3277
0.0018,0.0000,0.0000,0.0000,0.0017,0.0000,200,0.3322
0.0201,0.0000,0.0000,0.0000,0.0199,0.0000,200,0.3143
0.0063,0.0000,0.0000,0.0000,0.0062,0.0000,200,0.3284
0.0036,0.0000,0.0000,0.0000,0.0035,0.0000,200,0.3321
0.0018,0.0000,0.0000,0.0000,0.0017,0.0000,200,0.3340
0.0326,0.0000,0.0000,0.0000,0.0322,0.0000,200,0.3032
0.0291,0.0000,0.0000,0.0000,0.0287,0.0003,200,0.3072
0.0043,0.0000,0.0000,0.0000,0.0042,0.0000,200,0.3322
0.0115,0.0000,0.0000,0.0000,0.0114,0.0000,200,0.3254
0.0106,0.0000,0.0000,0.0002,0.0103,0.0001,200,0.3268
0.0178,0.0000,0.0000,0.0000,0.0177,0.0000,200,0.3197
0.0145,0.0000,0.0000,0.0000,0.0145,0.0000,200,0.3236
0.0065,0.0000,0.0000,0.0003,0.0059,0.0002,200,0.3331
0.0023,0.0000,0.0000,0.0000,0.0023,0.0000,200,0.3374
0.0076,0.0000,0.0000,0.0001,0.0075,0.0000,200,0.3322
0.0131,0.0000,0.0000,0.0000,0.0130,0.0000,200,0.3268
0.0106,0.0000,0.0000,0.0000,0.0105,0.0000,200,0.3293
0.0417,0.0000,0.0000,0.0000,0.0416,0.0000,200,0.2985
0.0081,0.0000,0.0000,0.0000,0.0080,0.0000,200,0.3331
0.0287,0.0000,0.0000,0.0000,0.0286,0.0000,200,0.3125
0.0295,0.0000,0.0000,0.0000,0.0294,0.0000,200,0.3119
0.0018,0.0000,0.0000,0.0000,0.0018,0.0000,200,0.3399
0.0779,0.0000,0.0000,0.0000,0.0778,0.0000,200,0.2652
0.0519,0.0000,0.0000,0.0000,0.0518,0.0000,200,0.2913
0.0020,0.0000,0.0000,0.0000,0.0019,0.0000,200,0.3412
0.0289,0.0000,0.0000,0.0000,0.0288,0.0001,200,0.3150
0.0084,0.0000,0.0000,0.0000,0.0084,0.0000,200,0.3357
0.0046,0.0000,0.0000,0.0000,0.0045,0.0001,200,0.3398
0.0029,0.0000,0.0000,0.0000,0.0029,0.0000,200,0.3417
0.0054,0.0000,0.0000,0.0000,0.0049,0.0003,200,0.3402
0.0171,0.0000,0.0000,0.0000,0.0170,0.0001,200,0.3290
0.0079,0.0000,0.0000,0.0000,0.0078,0.0001,200,0.3382
0.0130,0.0000,0.0000,0.0000,0.0130,0.0000,200,0.3332
0.0170,0.0000,0.0000,0.0000,0.0169,0.0000,200,0.3297
0.0375,0.0000,0.0000,0.0000,0.0374,0.0000,200,0.3100
0.0102,0.0000,0.0000,0.0000,0.0101,0.0000,200,0.3375
0.0125,0.0000,0.0000,0.0000,0.0123,0.0000,200,0.3357
0.0087,0.0000,0.0000,0.0000,0.0086,0.0000,200,0.3398
0.0442,0.0000,0.0000,0.0000,0.0441,0.0000,200,0.3048
0.0035,0.0000,0.0000,0.0000,0.0034,0.0000,200,0.3462
0.0149,0.0000,0.0000,0.0000,0.0149,0.0000,200,0.3347
0.0082,0.0000,0.0000,0.0000,0.0081,0.0001,200,0.3415
0.0041,0.0000,0.0000,0.0000,0.0040,0.0000,200,0.3461
0.0328,0.0000,0.0000,0.0002,0.0326,0.0000,200,0.3180
0.0772,0.0000,0.0000,0.0001,0.0770,0.0000,200,0.2741
0.0246,0.0000,0.0000,0.0000,0.0245,0.0001,200,0.3267
0.0011,0.0000,0.0000,0.0000,0.0009,0.0001,200,0.3507
0.0161,0.0000,0.0000,0.0000,0.0161,0.0000,200,0.3358
0.0257,0.0000,0.0000,0.0000,0.0256,0.0000,200,0.3267
0.0282,0.0000,0.0000,0.0000,0.0279,0.0000,200,0.3245
0.0122,0.0000,0.0000,0.0000,0.0121,0.0001,200,0.3412
0.0629,0.0000,0.0000,0.0000,0.0626,0.0000,200,0.2910
0.0051,0.0000,0.0000,0.0000,0.0050,0.0001,200,0.3489
0.0114,0.0000,0.0000,0.0001,0.0112,0.0001,200,0.3432
0.0347,0.0000,0.0000,0.0000,0.0346,0.0000,200,0.3200
0.0036,0.0000,0.0000,0.0000,0.0033,0.0003,200,0.3519
0.0213,0.0000,0.0000,0.0000,0.0212,0.0000,200,0.3344
0.0073,0.0000,0.0000,0.0000,0.0072,0.0001,200,0.3486
0.0017,0.0000,0.0000,0.0000,0.0016,0.0000,200,0.3547
0.0046,0.0000,0.0000,0.0000,0.0045,0.0001,200,0.3524
0.0203,0.0000,0.0000,0.0000,0.0203,0.0000,200,0.3368
0.1240,0.0000,0.0000,0.0000,0.1239,0.0000,200,0.2336
0.0126,0.0000,0.0000,0.0000,0.0124,0.0000,200,0.3456
0.0118,0.0000,0.0000,0.0000,0.0117,0.0001,200,0.3467
0.0028,0.0000,0.0000,0.0000,0.0027,0.0001,200,0.3564
0.0398,0.0000,0.0000,0.0000,0.0397,0.0000,200,0.3204
0.0084,0.0000,0.0000,0.0000,0.0084,0.0000,200,0.3518
0.0048,0.0000,0.0000,0.0000,0.0038,0.0010,200,0.3557
0.0033,0.0000,0.0000,0.0000,0.0032,0.0000,200,0.3576
0.0495,0.0000,0.0000,0.0000,0.0494,0.0000,200,0.3116
0.0294,0.0000,0.0000,0.0000,0.0293,0.0001,200,0.3322
0.0572,0.0000,0.0000,0.0000,0.0571,0.0000,200,0.3046
0.0128,0.0000,0.0000,0.0000,0.0127,0.0000,200,0.3497
0.0421,0.0000,0.0000,0.0000,0.0420,0.0001,200,0.3208
0.0235,0.0000,0.0000,0.0000,0.0234,0.0001,200,0.3398
0.0080,0.0000,0.0000,0.0000,0.0080,0.0000,200,0.3555
0.0022,0.0000,0.0000,0.0000,0.0021,0.0001,200,0.3618
0.0052,0.0000,0.0000,0.0000,0.0051,0.0001,200,0.3592
0.0091,0.0000,0.0000,0.0000,0.0090,0.0000,200,0.3559
0.0007,0.0000,0.0000,0.0000,0.0006,0.0000,200,0.3644
0.0037,0.0000,0.0000,0.0000,0.0036,0.0001,200,0.3616
0.0134,0.0000,0.0000,0.0000,0.0133,0.0000,200,0.3526
0.0118,0.0000,0.0000,0.0000,0.0117,0.0000,200,0.3546
0.0067,0.0000,0.0000,0.0000,0.0066,0.0000,200,0.3603
0.0087,0.0000,0.0000,0.0000,0.0087,0.0000,200,0.3585
0.0022,0.0000,0.0000,0.0000,0.0021,0.0000,200,0.3654
0.0074,0.0000,0.0000,0.0000,0.0073,0.0001,200,0.3609
0.0059,0.0000,0.0000,0.0000,0.0058,0.0001,200,0.3629
0.0371,0.0000,0.0000,0.0000,0.0370,0.0001,200,0.3320
0.0201,0.0000,0.0000,0.0000,0.0199,0.0002,200,0.3497
0.0225,0.0000,0.0000,0.0000,0.0224,0.0000,200,0.3474
0.0256,0.0000,0.0000,0.0000,0.0255,0.0000,200,0.3447
0.0176,0.0000,0.0000,0.0000,0.0175,0.0000,200,0.3534
0.0112,0.0000,0.0000,0.0000,0.0111,0.0001,200,0.3603
0.0782,0.0000,0.0000,0.0000,0.0781,0.0000,200,0.2936
0.0435,0.0000,0.0000,0.0000,0.0434,0.0000,200,0.3297
0.0703,0.0000,0.0000,0.0001,0.0702,0.0000,200,0.3029
0.0300,0.0000,0.0000,0.0000,0.0299,0.0000,200,0.3432
0.0220,0.0000,0.0000,0.0000,0.0218,0.0001,200,0.3513
0.0032,0.0000,0.0000,0.0000,0.0028,0.0003,200,0.3703
0.0237,0.0000,0.0000,0.0000,0.0237,0.0000,200,0.3502
0.0569,0.0000,0.0000,0.0002,0.0566,0.0000,200,0.3174
0.0384,0.0000,0.0000,0.0000,0.0382,0.0002,200,0.3365
0.0401,0.0000,0.0000,0.0002,0.0398,0.0001,200,0.3363
0.0304,0.0000,0.0000,0.0000,0.0303,0.0000,200,0.3461
0.0660,0.0000,0.0000,0.0000,0.0659,0.0000,200,0.3106
0.0337,0.0000,0.0000,0.0000,0.0336,0.0000,200,0.3439
0.0333,0.0000,0.0000,0.0000,0.0332,0.0000,200,0.3444
0.0136,0.0000,0.0000,0.0000,0.0134,0.0002,200,0.3649
0.0009,0.0000,0.0000,0.0000,0.0009,0.0000,200,0.3776
0.0040,0.0000,0.0000,0.0008,0.0020,0.0000,200,0.3749
0.0151,0.0000,0.0000,0.0001,0.0146,0.0002,200,0.3640
0.0282,0.0000,0.0000,0.0000,0.0282,0.0000,200,0.3513
0.0138,0.0000,0.0000,0.0000,0.0137,0.0000,200,0.3664
0.0019,0.0000,0.0000,0.0000,0.0018,0.0000,200,0.3786
0.0019,0.0000,0.0000,0.0000,0.0014,0.0001,200,0.3792
0.0180,0.0000,0.0000,0.0000,0.0179,0.0001,200,0.3635
0.0084,0.0000,0.0000,0.0000,0.0083,0.0000,200,0.3732
0.0386,0.0000,0.0000,0.0000,0.0385,0.0000,200,0.3431
0.0110,0.0000,0.0000,0.0000,0.0108,0.0001,200,0.3715
0.0197,0.0000,0.0000,0.0000,0.0195,0.0001,200,0.3632
0.0015,0.0000,0.0000,0.0000,0.0015,0.0000,200,0.3815
0.0162,0.0000,0.0000,0.0000,0.0159,0.0002,200,0.3676
0.0108,0.0000,0.0000,0.0000,0.0106,0.0001,200,0.3732
0.0107,0.0000,0.0000,0.0000,0.0106,0.0000,200,0.3739
0.0115,0.0000,0.0000,0.0000,0.0115,0.0000,200,0.3734
0.0090,0.0000,0.0000,0.0002,0.0088,0.0000,200,0.3764
0.0575,0.0000,0.0000,0.0000,0.0574,0.0000,200,0.3279
0.0021,0.0000,0.0000,0.0000,0.0020,0.0000,200,0.3838
0.0173,0.0000,0.0000,0.0000,0.0172,0.0000,200,0.3687
0.0370,0.0000,0.0000,0.0000,0.0369,0.0000,200,0.3497
0.0018,0.0000,0.0000,0.0000,0.0018,0.0000,200,0.3854
0.0055,0.0000,0.0000,0.0000,0.0048,0.0004,200,0.3817
0.0144,0.0000,0.0000,0.0000,0.0141,0.0000,200,0.3732
0.0112,0.0000,0.0000,0.0000,0.0111,0.0000,200,0.3765
0.0026,0.0000,0.0000,0.0000,0.0024,0.0002,200,0.3859
0.0021,0.0000,0.0000,0.0000,0.0020,0.0000,200,0.3866
0.0087,0.0000,0.0000,0.0000,0.0085,0.0001,200,0.3811
0.0156,0.0000,0.0000,0.0000,0.0156,0.0000,200,0.3742
0.0421,0.0000,0.0000,0.0000,0.0420,0.0001,200,0.3482
0.0140,0.0000,0.0000,0.0000,0.0137,0.0003,200,0.3766
0.0108,0.0000,0.0000,0.0000,0.0107,0.0000,200,0.3804
0.0086,0.0000,0.0000,0.0000,0.0086,0.0000,200,0.3830
0.0231,0.0000,0.0000,0.0000,0.0230,0.0000,200,0.3691
0.0047,0.0000,0.0000,0.0001,0.0045,0.0000,200,0.3877
0.0056,0.0000,0.0000,0.0000,0.0053,0.0003,200,0.3872
0.0080,0.0000,0.0000,0.0000,0.0079,0.0000,200,0.3850
0.0267,0.0000,0.0000,0.0000,0.0266,0.0000,200,0.3673
0.0242,0.0000,0.0000,0.0000,0.0241,0.0000,200,0.3699
0.0225,0.0000,0.0000,0.0000,0.0219,0.0005,200,0.3718
0.0788,0.0000,0.0000,0.0000,0.0787,0.0000,200,0.3159
0.0267,0.0000,0.0000,0.0000,0.0265,0.0001,200,0.3683
0.0123,0.0000,0.0000,0.0000,0.0122,0.0000,200,0.3829
0.0169,0.0000,0.0000,0.0000,0.0168,0.0001,200,0.3789
0.0483,0.0000,0.0000,0.0000,0.0482,0.0001,200,0.3477
0.0256,0.0000,0.0000,0.0000,0.0255,0.0000,200,0.3710
0.0093,0.0000,0.0000,0.0000,0.0092,0.0000,200,0.3876
0.0349,0.0000,0.0000,0.0000,0.0346,0.0001,200,0.3625
0.0118,0.0000,0.0000,0.0000,0.0117,0.0000,200,0.3860
0.0075,0.0000,0.0000,0.0000,0.0073,0.0000,200,0.3907
0.0132,0.0000,0.0000,0.0000,0.0132,0.0000,200,0.3854
0.0089,0.0000,0.0000,0.0001,0.0086,0.0001,200,0.3903
0.0550,0.0000,0.0000,0.0000,0.0550,0.0000,200,0.3442
0.0222,0.0000,0.0000,0.0000,0.0221,0.0000,200,0.3776
0.0270,0.0000,0.0000,0.0002,0.0267,0.0001,200,0.3733
0.0118,0.0000,0.0000,0.0000,0.0118,0.0000,200,0.3885
0.0672,0.0000,0.0000,0.0000,0.0671,0.0000,200,0.3336
0.0026,0.0000,0.0000,0.0000,0.0025,0.0000,200,0.3982
0.0016,0.0000,0.0000,0.0000,0.0015,0.0001,200,0.3998
0.0014,0.0000,0.0000,0.0000,0.0013,0.0000,200,0.4003
0.0451,0.0000,0.0000,0.0000,0.0449,0.0001,200,0.3572
0.0039,0.0000,0.0000,0.0000,0.0038,0.0000,200,0.3986
0.0423,0.0000,0.0000,0.0000,0.0422,0.0000,200,0.3605
0.0091,0.0000,0.0000,0.0000,0.0091,0.0000,200,0.3942
0.0113,0.0000,0.0000,0.0000,0.0112,0.0001,200,0.3922
0.0084,0.0000,0.0000,0.0000,0.0083,0.0001,200,0.3958
0.0097,0.0000,0.0000,0.0001,0.0096,0.0000,200,0.3950
0.0031,0.0000,0.0000,0.0000,0.0028,0.0002,200,0.4025
0.0395,0.0000,0.0000,0.0000,0.0393,0.0002,200,0.3661
0.0028,0.0000,0.0000,0.0000,0.0026,0.0002,200,0.4028
0.0483,0.0000,0.0000,0.0000,0.0482,0.0000,200,0.3582
0.0167,0.0000,0.0000,0.0000,0.0163,0.0003,200,0.3898
0.0053,0.0000,0.0000,0.0000,0.0052,0.0000,200,0.4014
0.0153,0.0000,0.0000,0.0002,0.0150,0.0000,200,0.3923
0.0030,0.0000,0.0000,0.0000,0.0030,0.0000,200,0.4047
0.0148,0.0000,0.0000,0.0000,0.0147,0.0001,200,0.3930
0.0237,0.0000,0.0000,0.0000,0.0235,0.0001,200,0.3846
0.0147,0.0000,0.0000,0.0000,0.0147,0.0001,200,0.3940
0.0482,0.0000,0.0000,0.0000,0.0481,0.0000,200,0.3611
0.0446,0.0000,0.0000,0.0000,0.0445,0.0000,200,0.3651
0.0047,0.0000,0.0000,0.0000,0.0047,0.0000,200,0.4056
0.0163,0.0000,0.0000,0.0000,0.0162,0.0000,200,0.3941
0.0145,0.0000,0.0000,0.0000,0.0144,0.0000,200,0.3960
0.0132,0.0000,0.0000,0.0000,0.0132,0.0000,200,0.3974
0.0037,0.0000,0.0000,0.0000,0.0036,0.0000,200,0.4077
0.0079,0.0000,0.0000,0.0000,0.0078,0.0000,200,0.4035
0.0151,0.0000,0.0000,0.0000,0.0151,0.0000,200,0.3969
0.0285,0.0000,0.0000,0.0000,0.0283,0.0001,200,0.3840
0.0241,0.0000,0.0000,0.0000,0.0239,0.0001,200,0.3887
0.0465,0.0000,0.0000,0.0000,0.0464,0.0000,200,0.3670
0.0596,0.0000,0.0000,0.0000,0.0595,0.0000,200,0.3540
0.0150,0.0000,0.0000,0.0000,0.0149,0.0000,200,0.3992
0.0041,0.0000,0.0000,0.0000,0.0040,0.0001,200,0.4105
0.0029,0.0000,0.0000,0.0000,0.0028,0.0000,200,0.4135
0.0100,0.0000,0.0000,0.0000,0.0099,0.0001,200,0.4065
0.0173,0.0000,0.0000,0.0000,0.0172,0.0001,200,0.4007
0.0784,0.0000,0.0000,0.0000,0.0783,0.0001,200,0.3397
0.0269,0.0000,0.0000,0.0000,0.0267,0.0002,200,0.3912
0.0221,0.0000,0.0000,0.0000,0.0220,0.0000,200,0.3966
0.0068,0.0000,0.0000,0.0000,0.0067,0.0000,200,0.4120
0.0136,0.0000,0.0000,0.0000,0.0135,0.0001,200,0.4056
0.0073,0.0000,0.0000,0.0000,0.0071,0.0002,200,0.4129
0.0054,0.0000,0.0000,0.0000,0.0051,0.0000,200,0.4148
0.0280,0.0000,0.0000,0.0000,0.0279,0.0000,200,0.3928
0.0424,0.0000,0.0000,0.0000,0.0423,0.0000,200,0.3786
0.0151,0.0000,0.0000,0.0000,0.0150,0.0000,200,0.4065
0.0123,0.0000,0.0000,0.0000,0.0122,0.0000,200,0.4097
0.0305,0.0000,0.0000,0.0000,0.0304,0.0000,200,0.3916
0.0140,0.0000,0.0000,0.0000,0.0140,0.0000,200,0.4082
0.0282,0.0000,0.0000,0.0000,0.0281,0.0000,200,0.3947
0.0030,0.0000,0.0000,0.0000,0.0029,0.0000,200,0.4202
0.0098,0.0000,0.0000,0.0000,0.0097,0.0001,200,0.4136
0.0700,0.0000,0.0000,0.0000,0.0699,0.0000,200,0.3539
0.0162,0.0000,0.0000,0.0000,0.0161,0.0000,200,0.4077
0.0102,0.0000,0.0000,0.0000,0.0101,0.0000,200,0.4141
0.0238,0.0000,0.0000,0.0000,0.0238,0.0000,200,0.4008
0.0088,0.0000,0.0000,0.0000,0.0087,0.0000,200,0.4164
0.0260,0.0000,0.0000,0.0000,0.0259,0.0000,200,0.3992
0.0035,0.0000,0.0000,0.0000,0.0034,0.0000,200,0.4220
0.0021,0.0000,0.0000,0.0000,0.0020,0.0000,200,0.4239
0.1080,0.0000,0.0000,0.0000,0.1079,0.0001,200,0.3187
0.0229,0.0000,0.0000,0.0001,0.0227,0.0001,200,0.4042
0.0158,0.0000,0.0000,0.0000,0.0156,0.0002,200,0.4114
0.0170,0.0000,0.0000,0.0000,0.0169,0.0000,200,0.4104
0.0209,0.0000,0.0000,0.0000,0.0208,0.0000,200,0.4068
0.0300,0.0000,0.0000,0.0001,0.0299,0.0000,200,0.3978
0.0039,0.0000,0.0000,0.0000,0.0038,0.0001,200,0.4243
0.0055,0.0000,0.0000,0.0000,0.0055,0.0000,200,0.4232
0.0068,0.0000,0.0000,0.0000,0.0067,0.0001,200,0.4223
0.0075,0.0000,0.0000,0.0000,0.0074,0.0000,200,0.4221
0.0265,0.0000,0.0000,0.0000,0.0264,0.0001,200,0.4033
0.0055,0.0000,0.0000,0.0000,0.0055,0.0000,200,0.4252
0.0034,0.0000,0.0000,0.0000,0.0034,0.0000,200,0.4278
0.0079,0.0000,0.0000,0.0000,0.0078,0.0000,200,0.4234
0.0120,0.0000,0.0000,0.0000,0.0120,0.0000,200,0.4202
0.0300,0.0000,0.0000,0.0000,0.0299,0.0000,200,0.4022
0.0426,0.0000,0.0000,0.0000,0.0424,0.0002,200,0.3898
0.0081,0.0000,0.0000,0.0000,0.0080,0.0000,200,0.4247
0.0532,0.0000,0.0000,0.0000,0.0531,0.0000,200,0.3802
0.0210,0.0000,0.0000,0.0000,0.0210,0.0000,200,0.4125
0.0323,0.0000,0.0000,0.0001,0.0322,0.0000,200,0.4017
0.0042,0.0000,0.0000,0.0000,0.0041,0.0000,200,0.4299
0.0147,0.0000,0.0000,0.0000,0.0146,0.0000,200,0.4208
0.0300,0.0000,0.0000,0.0000,0.0299,0.0000,200,0.4056
0.0104,0.0000,0.0000,0.0000,0.0103,0.0000,200,0.4252
0.0066,0.0000,0.0000,0.0000,0.0065,0.0000,200,0.4290
0.0086,0.0000,0.0000,0.0000,0.0081,0.0004,200,0.4274
0.0154,0.0000,0.0000,0.0000,0.0153,0.0000,200,0.4210
0.0175,0.0000,0.0000,0.0000,0.0174,0.0000,200,0.4193
0.0133,0.0000,0.0000,0.0000,0.0132,0.0000,200,0.4239
0.0192,0.0000,0.0000,0.0000,0.0191,0.0001,200,0.4181
0.0193,0.0000,0.0000,0.0000,0.0192,0.0001,200,0.4181
0.0023,0.0000,0.0000,0.0000,0.0021,0.0001,200,0.4356
0.0309,0.0000,0.0000,0.0000,0.0308,0.0000,200,0.4076
0.0574,0.0000,0.0000,0.0000,0.0572,0.0002,200,0.3816
0.0286,0.0000,0.0000,0.0000,0.0285,0.0001,200,0.4106
0.0121,0.0000,0.0000,0.0000,0.0120,0.0000,200,0.4272
0.0101,0.0000,0.0000,0.0000,0.0100,0.0001,200,0.4296
0.0044,0.0000,0.0000,0.0000,0.0043,0.0000,200,0.4356
0.0092,0.0000,0.0000,0.0000,0.0092,0.0000,200,0.4313
0.0041,0.0000,0.0000,0.0000,0.0039,0.0002,200,0.4368
0.0322,0.0000,0.0000,0.0001,0.0321,0.0000,200,0.4087
0.0090,0.0000,0.0000,0.0000,0.0089,0.0001,200,0.4323
0.0238,0.0000,0.0000,0.0000,0.0237,0.0000,200,0.4181
0.0099,0.0000,0.0000,0.0000,0.0098,0.0001,200,0.4325
0.0101,0.0000,0.0000,0.0000,0.0100,0.0000,200,0.4327
0.0093,0.0000,0.0000,0.0000,0.0092,0.0000,200,0.4340
0.0103,0.0000,0.0000,0.0000,0.0102,0.0000,200,0.4334
0.0349,0.0000,0.0000,0.0000,0.0348,0.0001,200,0.4093
0.0748,0.0000,0.0000,0.0001,0.0747,0.0001,200,0.3698
0.0173,0.0000,0.0000,0.0000,0.0172,0.0000,200,0.4277
0.0146,0.0000,0.0000,0.0000,0.0146,0.0000,200,0.4307
0.0019,0.0000,0.0000,0.0002,0.0017,0.0000,200,0.4437
0.0028,0.0000,0.0000,0.0000,0.0027,0.0000,200,0.4428
0.0176,0.0000,0.0000,0.0000,0.0175,0.0000,200,0.4287
0.0015,0.0000,0.0000,0.0000,0.0014,0.0000,200,0.4456
0.0116,0.0000,0.0000,0.0000,0.0109,0.0007,200,0.4359
0.0230,0.0000,0.0000,0.0000,0.0229,0.0000,200,0.4255
0.0532,0.0000,0.0000,0.0000,0.0532,0.0000,200,0.3953
0.0150,0.0000,0.0000,0.0000,0.0149,0.0000,200,0.4335
0.0614,0.0000,0.0000,0.0000,0.0612,0.0001,200,0.3872
0.0234,0.0000,0.0000,0.0000,0.0233,0.0000,200,0.4260
0.0098,0.0000,0.0000,0.0000,0.0096,0.0001,200,0.4400
0.0042,0.0000,0.0000,0.0000,0.0041,0.0000,200,0.4456
0.0219,0.0000,0.0000,0.0001,0.0218,0.0000,200,0.4282
0.0194,0.0000,0.0000,0.0000,0.0192,0.0002,200,0.4313
0.0044,0.0000,0.0000,0.0000,0.0043,0.0000,200,0.4463
0.0109,0.0000,0.0000,0.0000,0.0108,0.0000,200,0.4405
0.0144,0.0000,0.0000,0.0000,0.0143,0.0000,200,0.4374
0.0199,0.0000,0.0000,0.0000,0.0196,0.0003,200,0.4323
0.0028,0.0000,0.0000,0.0000,0.0028,0.0000,200,0.4494
0.0045,0.0000,0.0000,0.0000,0.0044,0.0000,200,0.4507
0.0727,0.0000,0.0000,0.0001,0.0726,0.0000,200,0.3825
0.0119,0.0000,0.0000,0.0000,0.0119,0.0000,200,0.4433
0.0173,0.0000,0.0000,0.0000,0.0172,0.0001,200,0.4380
0.0055,0.0000,0.0000,0.0000,0.0054,0.0000,200,0.4498
0.0077,0.0000,0.0000,0.0000,0.0077,0.0000,200,0.4476
0.0036,0.0000,0.0000,0.0000,0.0035,0.0000,200,0.4518
0.0169,0.0000,0.0000,0.0002,0.0166,0.0001,200,0.4392
0.0352,0.0000,0.0000,0.0000,0.0351,0.0000,200,0.4215
0.0017,0.0000,0.0000,0.0000,0.0016,0.0000,200,0.4553
0.1008,0.0000,0.0000,0.0001,0.1006,0.0001,200,0.3570
0.0205,0.0000,0.0000,0.0000,0.0205,0.0000,200,0.4373
0.0216,0.0000,0.0000,0.0000,0.0215,0.0000,200,0.4364
0.0030,0.0000,0.0000,0.0000,0.0029,0.0000,200,0.4553
0.0103,0.0000,0.0000,0.0000,0.0102,0.0001,200,0.4485
0.0184,0.0000,0.0000,0.0000,0.0183,0.0000,200,0.4409
0.0590,0.0000,0.0000,0.0000,0.0589,0.0001,200,0.4003
0.0089,0.0000,0.0000,0.0000,0.0088,0.0001,200,0.4508
0.0245,0.0000,0.0000,0.0000,0.0245,0.0000,200,0.4355
0.0341,0.0000,0.0000,0.0000,0.0336,0.0001,200,0.4267
0.0188,0.0000,0.0000,0.0000,0.0187,0.0000,200,0.4424
0.0024,0.0000,0.0000,0.0000,0.0023,0.0000,200,0.4593
0.0069,0.0000,0.0000,0.0000,0.0067,0.0001,200,0.4552
0.0071,0.0000,0.0000,0.0000,0.0070,0.0000,200,0.4552
0.0447,0.0000,0.0000,0.0000,0.0446,0.0000,200,0.4187
0.0017,0.0000,0.0000,0.0000,0.0017,0.0000,200,0.4616
0.0407,0.0000,0.0000,0.0000,0.0398,0.0009,200,0.4229
0.0139,0.0000,0.0000,0.0000,0.0139,0.0000,200,0.4498
0.0058,0.0000,0.0000,0.0000,0.0057,0.0000,200,0.4583
0.0089,0.0000,0.0000,0.0000,0.0089,0.0000,200,0.4554
0.0534,0.0000,0.0000,0.0001,0.0532,0.0000,200,0.4114
0.0207,0.0000,0.0000,0.0000,0.0206,0.0000,200,0.4446
0.0054,0.0000,0.0000,0.0000,0.0053,0.0000,200,0.4601
0.0008,0.0000,0.0000,0.0000,0.0007,0.0000,200,0.4654
0.0311,0.0000,0.0000,0.0001,0.0309,0.0000,200,0.4356
0.0076,0.0000,0.0000,0.0000,0.0074,0.0002,200,0.4593
0.0299,0.0000,0.0000,0.0000,0.0297,0.0001,200,0.4372
0.0043,0.0000,0.0000,0.0002,0.0041,0.0000,200,0.4634
0.0047,0.0000,0.0000,0.0000,0.0046,0.0000,200,0.4636
0.0048,0.0000,0.0000,0.0000,0.0047,0.0001,200,0.4640
0.0169,0.0000,0.0000,0.0000,0.0169,0.0000,200,0.4522
0.0298,0.0000,0.0000,0.0000,0.0297,0.0000,200,0.4394
0.0183,0.0000,0.0000,0.0000,0.0183,0.0000,200,0.4513
0.0104,0.0000,0.0000,0.0000,0.0103,0.0001,200,0.4596
0.0205,0.0000,0.0000,0.0000,0.0204,0.0001,200,0.4500
0.0025,0.0000,0.0000,0.0000,0.0024,0.0001,200,0.4683
0.0147,0.0000,0.0000,0.0000,0.0146,0.0000,200,0.4568
0.0613,0.0000,0.0000,0.0000,0.0612,0.0000,200,0.4104
0.0055,0.0000,0.0000,0.0000,0.0051,0.0001,200,0.4667
0.0090,0.0000,0.0000,0.0000,0.0088,0.0001,200,0.4634
0.0042,0.0000,0.0000,0.0000,0.0041,0.0001,200,0.4689
0.0938,0.0000,0.0000,0.0001,0.0937,0.0000,200,0.3795
0.0103,0.0000,0.0000,0.0000,0.0100,0.0001,200,0.4637
0.0259,0.0000,0.0000,0.0000,0.0257,0.0001,200,0.4485
0.0068,0.0000,0.0000,0.0000,0.0067,0.0001,200,0.4677
0.0412,0.0000,0.0000,0.0001,0.0409,0.0001,200,0.4341
0.0056,0.0000,0.0000,0.0000,0.0053,0.0003,200,0.4701
0.0372,0.0000,0.0000,0.0000,0.0371,0.0000,200,0.4385
0.0353,0.0000,0.0000,0.0000,0.0352,0.0001,200,0.4409
0.0140,0.0000,0.0000,0.0000,0.0140,0.0000,200,0.4623
0.0158,0.0000,0.0000,0.0000,0.0157,0.0001,200,0.4612
0.0076,0.0000,0.0000,0.0000,0.0075,0.0001,200,0.4697
0.0010,0.0000,0.0000,0.0000,0.0009,0.0002,200,0.4763
0.0112,0.0000,0.0000,0.0000,0.0112,0.0000,200,0.4663
0.0113,0.0000,0.0000,0.0001,0.0111,0.0000,200,0.4669
0.0031,0.0000,0.0000,0.0000,0.0030,0.0000,200,0.4753
0.0513,0.0000,0.0000,0.0000,0.0513,0.0000,200,0.4271
0.0396,0.0000,0.0000,0.0001,0.0395,0.0000,200,0.4398
0.0064,0.0000,0.0000,0.0000,0.0062,0.0001,200,0.4731
0.0052,0.0000,0.0000,0.0001,0.0051,0.0000,200,0.4745
0.0155,0.0000,0.0000,0.0000,0.0155,0.0000,200,0.4644
0.0049,0.0000,0.0000,0.0000,0.0048,0.0000,200,0.4757
0.0139,0.0000,0.0000,0.0001,0.0137,0.0000,200,0.4671
0.0190,0.0000,0.0000,0.0002,0.0188,0.0000,200,0.4621
0.0019,0.0000,0.0000,0.0000,0.0019,0.0000,200,0.4794
0.0367,0.0000,0.0000,0.0000,0.0366,0.0000,200,0.4450
0.0242,0.0000,0.0000,0.0000,0.0241,0.0001,200,0.4579
0.0090,0.0000,0.0000,0.0000,0.0089,0.0000,200,0.4733
0.0073,0.0000,0.0000,0.0000,0.0072,0.0000,200,0.4757
0.0049,0.0000,0.0000,0.0000,0.0047,0.0001,200,0.4785
0.0285,0.0000,0.0000,0.0000,0.0284,0.0001,200,0.4552
0.0289,0.0000,0.0000,0.0000,0.0288,0.0001,200,0.4553
0.0046,0.0000,0.0000,0.0000,0.0045,0.0000,200,0.4799
0.0025,0.0000,0.0000,0.0000,0.0024,0.0001,200,0.4821
0.0011,0.0000,0.0000,0.0000,0.0010,0.0000,200,0.4837
0.0047,0.0000,0.0000,0.0000,0.0047,0.0000,200,0.4806
0.0115,0.0000,0.0000,0.0000,0.0114,0.0001,200,0.4744
0.0122,0.0000,0.0000,0.0000,0.0119,0.0003,200,0.4740
0.0092,0.0000,0.0000,0.0000,0.0089,0.0000,200,0.4770
0.0087,0.0000,0.0000,0.0000,0.0085,0.0001,200,0.4782
0.0349,0.0000,0.0000,0.0000,0.0348,0.0001,200,0.4522
0.0222,0.0000,0.0000,0.0000,0.0221,0.0000,200,0.4653
0.0185,0.0000,0.0000,0.0000,0.0184,0.0001,200,0.4691
0.0110,0.0000,0.0000,0.0000,0.0109,0.0000,200,0.4773
0.0195,0.0000,0.0000,0.0000,0.0194,0.0001,200,0.4691
0.0076,0.0000,0.0000,0.0000,0.0074,0.0002,200,0.4811
0.0472,0.0000,0.0000,0.0000,0.0471,0.0001,200,0.4419
0.0050,0.0000,0.0000,0.0000,0.0049,0.0000,200,0.4848
0.0193,0.0000,0.0000,0.0000,0.0191,0.0001,200,0.4708
0.0462,0.0000,0.0000,0.0000,0.0462,0.0000,200,0.4442
0.0192,0.0000,0.0000,0.0000,0.0191,0.0000,200,0.4716
0.0337,0.0000,0.0000,0.0000,0.0336,0.0000,200,0.4578
0.0144,0.0000,0.0000,0.0000,0.0143,0.0000,200,0.4774
0.0017,0.0000,0.0000,0.0000,0.0016,0.0000,200,0.4901
0.0755,0.0000,0.0000,0.0000,0.0754,0.0001,200,0.4165
0.0514,0.0000,0.0000,0.0001,0.0512,0.0000,200,0.4413
0.0045,0.0000,0.0000,0.0000,0.0044,0.0001,200,0.4887
0.0286,0.0000,0.0000,0.0000,0.0285,0.0001,200,0.4648
0.0154,0.0000,0.0000,0.0000,0.0153,0.0000,200,0.4784
0.0225,0.0000,0.0000,0.0000,0.0224,0.0000,200,0.4714
0.0142,0.0000,0.0000,0.0000,0.0141,0.0000,200,0.4798
0.0038,0.0000,0.0000,0.0000,0.0037,0.0001,200,0.4908
0.0065,0.0000,0.0000,0.0000,0.0064,0.0000,200,0.4887
0.0034,0.0000,0.0000,0.0000,0.0033,0.0000,200,0.4920
0.0083,0.0000,0.0000,0.0000,0.0082,0.0000,200,0.4871
0.0018,0.0000,0.0000,0.0000,0.0017,0.0000,200,0.4939
0.0149,0.0000,0.0000,0.0000,0.0149,0.0000,200,0.4813
0.0408,0.0000,0.0000,0.0000,0.0406,0.0001,200,0.4561
0.0101,0.0000,0.0000,0.0000,0.0094,0.0006,200,0.4868
0.0089,0.0000,0.0000,0.0000,0.0087,0.0001,200,0.4883
0.0020,0.0000,0.0000,0.0000,0.0019,0.0000,200,0.4954
0.0157,0.0000,0.0000,0.0000,0.0156,0.0001,200,0.4817
0.0140,0.0000,0.0000,0.0001,0.0139,0.0000,200,0.4842
0.0114,0.0000,0.0000,0.0001,0.0112,0.0000,200,0.4876
0.0144,0.0000,0.0000,0.0000,0.0140,0.0004,200,0.4846
0.0091,0.0000,0.0000,0.0000,0.0091,0.0000,200,0.4905
0.0063,0.0000,0.0000,0.0000,0.0062,0.0000,200,0.4934
0.0243,0.0000,0.0000,0.0000,0.0242,0.0000,200,0.4762
0.0087,0.0000,0.0000,0.0000,0.0086,0.0001,200,0.4918
0.0041,0.0000,0.0000,0.0001,0.0039,0.0000,200,0.4972
0.0219,0.0000,0.0000,0.0000,0.0213,0.0002,200,0.4794
0.0438,0.0000,0.0000,0.0000,0.0435,0.0000,200,0.4579
0.0196,0.0000,0.0000,0.0000,0.0196,0.0000,200,0.4829
0.0016,0.0000,0.0000,0.0000,0.0014,0.0001,200,0.5013
0.0023,0.0000,0.0000,0.0000,0.0023,0.0000,200,0.5005
0.0028,0.0000,0.0000,0.0001,0.0025,0.0002,200,0.5005
0.0076,0.0000,0.0000,0.0000,0.0075,0.0000,200,0.4963
0.0107,0.0000,0.0000,0.0000,0.0107,0.0000,200,0.4932
0.0474,0.0000,0.0000,0.0000,0.0473,0.0001,200,0.4569
0.0135,0.0000,0.0000,0.0000,0.0134,0.0001,200,0.4915
0.0097,0.0000,0.0000,0.0000,0.0094,0.0003,200,0.4954
0.0159,0.0000,0.0000,0.0000,0.0158,0.0000,200,0.4898
0.0338,0.0000,0.0000,0.0000,0.0337,0.0001,200,0.4724
0.0211,0.0000,0.0000,0.0000,0.0205,0.0002,200,0.4859
0.0154,0.0000,0.0000,0.0003,0.0151,0.0000,200,0.4918
0.0685,0.0000,0.0000,0.0001,0.0682,0.0002,200,0.4390
0.0094,0.0000,0.0000,0.0000,0.0093,0.0000,200,0.4990
0.0173,0.0000,0.0000,0.0000,0.0172,0.0001,200,0.4938
0.0086,0.0000,0.0000,0.0000,0.0086,0.0000,200,0.5026
0.0166,0.0000,0.0000,0.0000,0.0160,0.0000,200,0.4946
0.0069,0.0000,0.0000,0.0001,0.0067,0.0000,200,0.5044
0.0052,0.0000,0.0000,0.0000,0.0049,0.0000,200,0.5062
0.0064,0.0000,0.0000,0.0000,0.0063,0.0000,200,0.5050
0.0157,0.0000,0.0000,0.0000,0.0156,0.0000,200,0.4957
0.0643,0.0000,0.0000,0.0000,0.0642,0.0000,200,0.4471
0.0155,0.0000,0.0000,0.0000,0.0154,0.0000,200,0.4969
0.0138,0.0000,0.0000,0.0000,0.0138,0.0000,200,0.4990
0.0309,0.0000,0.0000,0.0001,0.0307,0.0001,200,0.4823
0.0193,0.0000,0.0000,0.0000,0.0192,0.0000,200,0.4940
0.0124,0.0000,0.0000,0.0000,0.0124,0.0000,200,0.5014
0.0553,0.0000,0.0000,0.0000,0.0553,0.0000,200,0.4589
0.0288,0.0000,0.0000,0.0000,0.0285,0.0002,200,0.4862
0.0201,0.0000,0.0000,0.0000,0.0200,0.0000,200,0.4952
0.0965,0.0000,0.0000,0.0000,0.0964,0.0001,200,0.4188
0.0346,0.0000,0.0000,0.0000,0.0345,0.0000,200,0.4810
0.0030,0.0000,0.0000,0.0000,0.0028,0.0001,200,0.5132
0.0680,0.0000,0.0000,0.0000,0.0679,0.0001,200,0.4485
0.0017,0.0000,0.0000,0.0000,0.0015,0.0001,200,0.5153
0.0452,0.0000,0.0000,0.0000,0.0451,0.0000,200,0.4722
0.0046,0.0000,0.0000,0.0000,0.0046,0.0000,200,0.5128
0.0206,0.0000,0.0000,0.0000,0.0205,0.0000,200,0.4969
0.0187,0.0000,0.0000,0.0000,0.0186,0.0000,200,0.4996
0.0049,0.0000,0.0000,0.0000,0.0048,0.0001,200,0.5138
0.0075,0.0000,0.0000,0.0000,0.0074,0.0000,200,0.5114
0.0421,0.0000,0.0000,0.0000,0.0418,0.0001,200,0.4775
0.0069,0.0000,0.0000,0.0000,0.0067,0.0002,200,0.5133
0.0313,0.0000,0.0000,0.0000,0.0313,0.0000,200,0.4891
0.0019,0.0000,0.0000,0.0000,0.0018,0.0000,200,0.5189
0.0183,0.0000,0.0000,0.0000,0.0182,0.0001,200,0.5028
0.0090,0.0000,0.0000,0.0000,0.0089,0.0000,200,0.5124
0.0105,0.0000,0.0000,0.0000,0.0105,0.0001,200,0.5112
0.0183,0.0000,0.0000,0.0000,0.0182,0.0000,200,0.5039
0.0376,0.0000,0.0000,0.0000,0.0375,0.0000,200,0.4853
0.0060,0.0000,0.0000,0.0000,0.0059,0.0000,200,0.5169
0.0529,0.0000,0.0000,0.0000,0.0528,0.0000,200,0.4705
0.0207,0.0000,0.0000,0.0000,0.0206,0.0001,200,0.5028
0.0128,0.0000,0.0000,0.0000,0.0127,0.0001,200,0.5113
0.0269,0.0000,0.0000,0.0001,0.0268,0.0000,200,0.4974
0.0321,0.0000,0.0000,0.0000,0.0321,0.0000,200,0.4927
0.0069,0.0000,0.0000,0.0000,0.0068,0.0000,200,0.5183
0.0106,0.0000,0.0000,0.0000,0.0105,0.0001,200,0.5156
0.0281,0.0000,0.0000,0.0000,0.0280,0.0000,200,0.4982
0.0111,0.0000,0.0000,0.0001,0.0110,0.0001,200,0.5153
0.0038,0.0000,0.0000,0.0000,0.0037,0.0000,200,0.5229
0.0170,0.0000,0.0000,0.0000,0.0158,0.0011,200,0.5112
0.0310,0.0000,0.0000,0.0000,0.0298,0.0012,200,0.4974
0.0434,0.0000,0.0000,0.0000,0.0433,0.0001,200,0.4862
0.0688,0.0000,0.0000,0.0000,0.0688,0.0000,200,0.4608
0.0090,0.0000,0.0000,0.0000,0.0087,0.0000,200,0.5211
0.0154,0.0000,0.0000,0.0000,0.0152,0.0000,200,0.5150
0.0142,0.0000,0.0000,0.0001,0.0140,0.0001,200,0.5175
0.0283,0.0000,0.0000,0.0000,0.0282,0.0000,200,0.5033
0.0244,0.0000,0.0000,0.0000,0.0244,0.0000,200,0.5072
0.0104,0.0000,0.0000,0.0000,0.0101,0.0002,200,0.5213
0.0074,0.0000,0.0000,0.0000,0.0072,0.0001,200,0.5252
0.0110,0.0000,0.0000,0.0000,0.0109,0.0000,200,0.5217
0.0496,0.0000,0.0000,0.0000,0.0495,0.0000,200,0.4833
0.0459,0.0000,0.0000,0.0000,0.0458,0.0000,200,0.4875
0.0254,0.0000,0.0000,0.0000,0.0253,0.0001,200,0.5084
0.0044,0.0000,0.0000,0.0001,0.0041,0.0000,200,0.5300
0.0019,0.0000,0.0000,0.0000,0.0018,0.0000,200,0.5325
0.0030,0.0000,0.0000,0.0001,0.0028,0.0000,200,0.5318
0.0027,0.0000,0.0000,0.0000,0.0026,0.0000,200,0.5327
0.0214,0.0000,0.0000,0.0000,0.0213,0.0000,200,0.5142
0.0156,0.0000,0.0000,0.0000,0.0155,0.0001,200,0.5204
0.0083,0.0000,0.0000,0.0000,0.0080,0.0001,200,0.5282
0.0109,0.0000,0.0000,0.0000,0.0108,0.0001,200,0.5262
0.0040,0.0000,0.0000,0.0000,0.0039,0.0000,200,0.5334
0.0072,0.0000,0.0000,0.0000,0.0072,0.0000,200,0.5304
0.0269,0.0000,0.0000,0.0000,0.0266,0.0001,200,0.5113
0.0012,0.0000,0.0000,0.0000,0.0011,0.0000,200,0.5375
0.0154,0.0000,0.0000,0.0000,0.0154,0.0000,200,0.5235
0.0318,0.0000,0.0000,0.0000,0.0317,0.0000,200,0.5075
0.0196,0.0000,0.0000,0.0000,0.0194,0.0001,200,0.5202
0.0284,0.0000,0.0000,0.0000,0.0281,0.0001,200,0.5114
0.0085,0.0000,0.0000,0.0000,0.0083,0.0000,200,0.5317
0.0059,0.0000,0.0000,0.0000,0.0058,0.0001,200,0.5348
0.0244,0.0000,0.0000,0.0000,0.0243,0.0001,200,0.5165
0.0572,0.0000,0.0000,0.0000,0.0571,0.0000,200,0.4844
0.0382,0.0000,0.0000,0.0001,0.0381,0.0000,200,0.5039
0.0162,0.0000,0.0000,0.0000,0.0161,0.0000,200,0.5263
0.0023,0.0000,0.0000,0.0000,0.0022,0.0001,200,0.5408
0.0271,0.0000,0.0000,0.0000,0.0269,0.0002,200,0.5161
0.0420,0.0000,0.0000,0.0000,0.0413,0.0007,200,0.5017
0.0081,0.0000,0.0000,0.0000,0.0080,0.0000,200,0.5356
0.0014,0.0000,0.0000,0.0000,0.0012,0.0002,200,0.5425
0.0027,0.0000,0.0000,0.0000,0.0027,0.0001,200,0.5416
0.0051,0.0000,0.0000,0.0000,0.0049,0.0000,200,0.5398
0.0205,0.0000,0.0000,0.0000,0.0204,0.0000,200,0.5244
0.0211,0.0000,0.0000,0.0000,0.0210,0.0000,200,0.5241
0.0168,0.0000,0.0000,0.0000,0.0167,0.0000,200,0.5284
0.0081,0.0000,0.0000,0.0000,0.0080,0.0000,200,0.5376
0.0098,0.0000,0.0000,0.0001,0.0092,0.0000,200,0.5365
0.0016,0.0000,0.0000,0.0000,0.0015,0.0001,200,0.5448
0.0117,0.0000,0.0000,0.0000,0.0115,0.0000,200,0.5354
0.0360,0.0000,0.0000,0.0000,0.0360,0.0000,200,0.5114
0.0117,0.0000,0.0000,0.0000,0.0117,0.0000,200,0.5360
0.0215,0.0000,0.0000,0.0000,0.0214,0.0000,200,0.5267
0.0075,0.0000,0.0000,0.0000,0.0072,0.0001,200,0.5409
0.0036,0.0000,0.0000,0.0000,0.0035,0.0000,200,0.5453
0.1003,0.0000,0.0000,0.0001,0.1002,0.0000,200,0.4486
0.0162,0.0000,0.0000,0.0000,0.0162,0.0000,200,0.5329
0.0041,0.0000,0.0000,0.0000,0.0040,0.0000,200,0.5457
0.0024,0.0000,0.0000,0.0000,0.0023,0.0000,200,0.5474
0.0040,0.0000,0.0000,0.0000,0.0039,0.0001,200,0.5465
0.0276,0.0000,0.0000,0.0000,0.0273,0.0002,200,0.5235
0.0117,0.0000,0.0000,0.0000,0.0117,0.0000,200,0.5393
0.0033,0.0000,0.0000,0.0000,0.0032,0.0000,200,0.5482
0.0254,0.0000,0.0000,0.0000,0.0253,0.0000,200,0.5264
0.0038,0.0000,0.0000,0.0000,0.0035,0.0003,200,0.5488
0.0015,0.0000,0.0000,0.0000,0.0015,0.0000,200,0.5510
0.0062,0.0000,0.0000,0.0000,0.0060,0.0002,200,0.5470
0.0104,0.0000,0.0000,0.0000,0.0103,0.0001,200,0.5432
0.0118,0.0000,0.0000,0.0000,0.0117,0.0000,200,0.5422
0.0299,0.0000,0.0000,0.0000,0.0298,0.0001,200,0.5248
0.0254,0.0000,0.0000,0.0000,0.0253,0.0000,200,0.5296
0.0236,0.0000,0.0000,0.0000,0.0233,0.0002,200,0.5317
0.0119,0.0000,0.0000,0.0000,0.0118,0.0000,200,0.5437
0.0130,0.0000,0.0000,0.0000,0.0128,0.0002,200,0.5431
0.0109,0.0000,0.0000,0.0000,0.0109,0.0000,200,0.5452
0.0511,0.0000,0.0000,0.0000,0.0510,0.0001,200,0.5057
0.0072,0.0000,0.0000,0.0000,0.0071,0.0000,200,0.5498
0.0578,0.0000,0.0000,0.0000,0.0577,0.0000,200,0.4997
0.0174,0.0000,0.0000,0.0000,0.0174,0.0000,200,0.5402
0.0405,0.0000,0.0000,0.0000,0.0404,0.0000,200,0.5174
0.0136,0.0000,0.0000,0.0000,0.0135,0.0000,200,0.5443
0.0241,0.0000,0.0000,0.0000,0.0241,0.0000,200,0.5344
0.0088,0.0000,0.0000,0.0000,0.0088,0.0000,200,0.5497
0.0045,0.0000,0.0000,0.0000,0.0045,0.0000,200,0.5547
0.0374,0.0000,0.0000,0.0000,0.0374,0.0000,200,0.5222
0.0064,0.0000,0.0000,0.0000,0.0063,0.0001,200,0.5536
0.0373,0.0000,0.0000,0.0002,0.0371,0.0001,200,0.5230
0.0160,0.0000,0.0000,0.0000,0.0159,0.0000,200,0.5448
0.0276,0.0000,0.0000,0.0000,0.0274,0.0002,200,0.5338
0.1161,0.0000,0.0000,0.0000,0.1161,0.0000,200,0.4454
0.0063,0.0000,0.0000,0.0000,0.0061,0.0001,200,0.5556
0.0048,0.0000,0.0000,0.0000,0.0047,0.0000,200,0.5575
0.0577,0.0000,0.0000,0.0000,0.0574,0.0002,200,0.5051
0.0232,0.0000,0.0000,0.0000,0.0231,0.0001,200,0.5399
0.0439,0.0000,0.0000,0.0000,0.0438,0.0000,200,0.5196
0.0025,0.0000,0.0000,0.0000,0.0024,0.0001,200,0.5616
0.0210,0.0000,0.0000,0.0000,0.0210,0.0000,200,0.5439
0.0260,0.0000,0.0000,0.0000,0.0259,0.0000,200,0.5390
0.0089,0.0000,0.0000,0.0000,0.0088,0.0000,200,0.5562
0.0027,0.0000,0.0000,0.0000,0.0026,0.0000,200,0.5628
0.0180,0.0000,0.0000,0.0000,0.0179,0.0000,200,0.5478
0.0456,0.0000,0.0000,0.0000,0.0455,0.0000,200,0.5207
0.0150,0.0000,0.0000,0.0000,0.0149,0.0000,200,0.5515
0.0033,0.0000,0.0000,0.0000,0.0032,0.0000,200,0.5635
0.0356,0.0000,0.0000,0.0000,0.0355,0.0000,200,0.5317
0.0012,0.0000,0.0000,0.0000,0.0009,0.0003,200,0.5668
0.0102,0.0000,0.0000,0.0000,0.0101,0.0000,200,0.5579
0.0093,0.0000,0.0000,0.0000,0.0093,0.0000,200,0.5596
0.0033,0.0000,0.0000,0.0000,0.0031,0.0001,200,0.5657
0.0175,0.0000,0.0000,0.0000,0.0174,0.0001,200,0.5518
0.0325,0.0000,0.0000,0.0000,0.0324,0.0000,200,0.5371
0.0098,0.0000,0.0000,0.0000,0.0097,0.0001,200,0.5603
0.0178,0.0000,0.0000,0.0000,0.0177,0.0001,200,0.5526
0.0053,0.0000,0.0000,0.0000,0.0051,0.0001,200,0.5655
0.0039,0.0000,0.0000,0.0001,0.0036,0.0001,200,0.5673
0.0152,0.0000,0.0000,0.0000,0.0148,0.0003,200,0.5568
0.0102,0.0000,0.0000,0.0000,0.0101,0.0001,200,0.5619
0.0074,0.0000,0.0000,0.0000,0.0073,0.0001,200,0.5649
0.0137,0.0000,0.0000,0.0000,0.0136,0.0001,200,0.5592
0.0147,0.0000,0.0000,0.0001,0.0145,0.0000,200,0.5586
0.0560,0.0000,0.0000,0.0000,0.0560,0.0001,200,0.5175
0.0257,0.0000,0.0000,0.0000,0.0256,0.0000,200,0.5484
0.0058,0.0000,0.0000,0.0000,0.0057,0.0000,200,0.5690
0.0679,0.0000,0.0000,0.0000,0.0678,0.0001,200,0.5070
0.0408,0.0000,0.0000,0.0000,0.0407,0.0000,200,0.5344
0.0037,0.0000,0.0000,0.0000,0.0035,0.0001,200,0.5720
0.0030,0.0000,0.0000,0.0000,0.0028,0.0001,200,0.5736
0.0243,0.0000,0.0000,0.0000,0.0243,0.0000,200,0.5526
0.0139,0.0000,0.0000,0.0000,0.0138,0.0001,200,0.5631
0.0151,0.0000,0.0000,0.0000,0.0151,0.0000,200,0.5623
0.0043,0.0000,0.0000,0.0000,0.0043,0.0000,200,0.5732
0.0024,0.0000,0.0000,0.0000,0.0022,0.0002,200,0.5757
0.0065,0.0000,0.0000,0.0000,0.0064,0.0000,200,0.5720
0.0127,0.0000,0.0000,0.0000,0.0126,0.0001,200,0.5664
0.0012,0.0000,0.0000,0.0000,0.0011,0.0000,200,0.5781
0.0119,0.0000,0.0000,0.0000,0.0118,0.0000,200,0.5680
0.0690,0.0000,0.0000,0.0000,0.0690,0.0000,200,0.5113
0.0189,0.0000,0.0000,0.0000,0.0189,0.0000,200,0.5614
0.0080,0.0000,0.0000,0.0000,0.0079,0.0001,200,0.5729
0.0086,0.0000,0.0000,0.0000,0.0086,0.0000,200,0.5724
0.0303,0.0000,0.0000,0.0000,0.0302,0.0000,200,0.5510
0.0279,0.0000,0.0000,0.0000,0.0278,0.0000,200,0.5540
0.0326,0.0000,0.0000,0.0000,0.0326,0.0000,200,0.5492
0.0072,0.0000,0.0000,0.0000,0.0071,0.0000,200,0.5752
0.0034,0.0000,0.0000,0.0000,0.0033,0.0000,200,0.5793
0.0179,0.0000,0.0000,0.0000,0.0179,0.0000,200,0.5649
0.0085,0.0000,0.0000,0.0000,0.0084,0.0001,200,0.5749
0.0090,0.0000,0.0000,0.0000,0.0089,0.0001,200,0.5748
0.0194,0.0000,0.0000,0.0000,0.0192,0.0001,200,0.5650
0.0342,0.0000,0.0000,0.0000,0.0341,0.0000,200,0.5505
0.0365,0.0000,0.0000,0.0000,0.0364,0.0001,200,0.5489
0.0212,0.0000,0.0000,0.0000,0.0211,0.0000,200,0.5642
0.0257,0.0000,0.0000,0.0000,0.0256,0.0000,200,0.5600
0.0279,0.0000,0.0000,0.0001,0.0277,0.0000,200,0.5586
0.0294,0.0000,0.0000,0.0000,0.0289,0.0004,200,0.5576
0.0320,0.0000,0.0000,0.0000,0.0316,0.0004,200,0.5550
0.0325,0.0000,0.0000,0.0000,0.0320,0.0005,200,0.5552
0.0050,0.0000,0.0000,0.0000,0.0049,0.0000,200,0.5828
0.0063,0.0000,0.0000,0.0000,0.0062,0.0000,200,0.5818
0.0303,0.0000,0.0000,0.0000,0.0302,0.0000,200,0.5579
0.0061,0.0000,0.0000,0.0000,0.0060,0.0000,200,0.5824
0.0191,0.0000,0.0000,0.0000,0.0190,0.0000,200,0.5701
0.0605,0.0000,0.0000,0.0000,0.0604,0.0000,200,0.5296
0.0017,0.0000,0.0000,0.0000,0.0017,0.0000,200,0.5885
0.0199,0.0000,0.0000,0.0000,0.0192,0.0006,200,0.5703
0.0719,0.0000,0.0000,0.0000,0.0717,0.0002,200,0.5187
0.0215,0.0000,0.0000,0.0000,0.0215,0.0000,200,0.5696
0.0035,0.0000,0.0000,0.0000,0.0034,0.0000,200,0.5877
0.0018,0.0000,0.0000,0.0000,0.0017,0.0000,200,0.5902
0.0125,0.0000,0.0000,0.0000,0.0124,0.0001,200,0.5799
0.0118,0.0000,0.0000,0.0000,0.0118,0.0000,200,0.5809
0.0192,0.0000,0.0000,0.0000,0.0190,0.0002,200,0.5740
0.0153,0.0000,0.0000,0.0000,0.0152,0.0000,200,0.5785
0.0475,0.0000,0.0000,0.0000,0.0471,0.0003,200,0.5462
0.0283,0.0000,0.0000,0.0000,0.0282,0.0000,200,0.5663
0.0019,0.0000,0.0000,0.0000,0.0018,0.0000,200,0.5928
0.0260,0.0000,0.0000,0.0000,0.0259,0.0000,200,0.5694
0.0269,0.0000,0.0000,0.0000,0.0268,0.0000,200,0.5690
0.0047,0.0000,0.0000,0.0000,0.0046,0.0000,200,0.5912
0.0111,0.0000,0.0000,0.0000,0.0110,0.0001,200,0.5854
0.0583,0.0000,0.0000,0.0000,0.0582,0.0001,200,0.5386
0.0535,0.0000,0.0000,0.0000,0.0534,0.0001,200,0.5437
0.0166,0.0000,0.0000,0.0000,0.0166,0.0001,200,0.5810
0.0204,0.0000,0.0000,0.0000,0.0203,0.0000,200,0.5776
0.0035,0.0000,0.0000,0.0000,0.0035,0.0000,200,0.5946
0.0170,0.0000,0.0000,0.0000,0.0168,0.0002,200,0.5818
0.0227,0.0000,0.0000,0.0000,0.0223,0.0004,200,0.5765
0.0066,0.0000,0.0000,0.0001,0.0062,0.0002,200,0.5932
0.0146,0.0000,0.0000,0.0000,0.0145,0.0000,200,0.5857
0.0205,0.0000,0.0000,0.0000,0.0205,0.0001,200,0.5804
0.0079,0.0000,0.0000,0.0000,0.0077,0.0001,200,0.5937
0.0114,0.0000,0.0000,0.0000,0.0111,0.0002,200,0.5902
0.0179,0.0000,0.0000,0.0000,0.0173,0.0006,200,0.5847
0.0029,0.0000,0.0000,0.0000,0.0026,0.0002,200,0.5999
0.0096,0.0000,0.0000,0.0000,0.0095,0.0000,200,0.5937
0.0426,0.0000,0.0000,0.0000,0.0424,0.0000,200,0.5608
0.0163,0.0000,0.0000,0.0000,0.0161,0.0001,200,0.5877
0.0166,0.0000,0.0000,0.0000,0.0164,0.0002,200,0.5882
0.0036,0.0000,0.0000,0.0000,0.0034,0.0001,200,0.6016
0.0487,0.0000,0.0000,0.0000,0.0486,0.0000,200,0.5570
0.0679,0.0000,0.0000,0.0000,0.0679,0.0000,200,0.5381
0.0072,0.0000,0.0000,0.0000,0.0071,0.0000,200,0.5989
0.0356,0.0000,0.0000,0.0000,0.0354,0.0001,200,0.5712
0.0018,0.0000,0.0000,0.0001,0.0016,0.0001,200,0.6052
0.0366,0.0000,0.0000,0.0000,0.0365,0.0001,200,0.5708
0.0112,0.0000,0.0000,0.0000,0.0110,0.0002,200,0.5966
0.0019,0.0000,0.0000,0.0000,0.0018,0.0001,200,0.6061
0.0058,0.0000,0.0000,0.0000,0.0057,0.0000,200,0.6026
0.0135,0.0000,0.0000,0.0000,0.0134,0.0001,200,0.5953
0.0185,0.0000,0.0000,0.0000,0.0185,0.0000,200,0.5907
0.0227,0.0000,0.0000,0.0000,0.0225,0.0001,200,0.5869
0.0131,0.0000,0.0000,0.0000,0.0130,0.0001,200,0.5969
0.0034,0.0000,0.0000,0.0000,0.0032,0.0001,200,0.6074
0.0030,0.0000,0.0000,0.0000,0.0029,0.0001,200,0.6084
0.0076,0.0000,0.0000,0.0001,0.0074,0.0000,200,0.6040
0.0344,0.0000,0.0000,0.0000,0.0343,0.0001,200,0.5774
0.0561,0.0000,0.0000,0.0000,0.0560,0.0000,200,0.5561
0.0167,0.0000,0.0000,0.0000,0.0166,0.0000,200,0.5959
0.0100,0.0000,0.0000,0.0000,0.0100,0.0000,200,0.6034
0.0181,0.0000,0.0000,0.0000,0.0180,0.0001,200,0.5959
0.0032,0.0000,0.0000,0.0001,0.0030,0.0000,200,0.6108
0.0052,0.0000,0.0000,0.0000,0.0050,0.0002,200,0.6092
0.0081,0.0000,0.0000,0.0000,0.0079,0.0001,200,0.6069
0.0071,0.0000,0.0000,0.0000,0.0070,0.0000,200,0.6080
0.0254,0.0000,0.0000,0.0001,0.0252,0.0000,200,0.5903
0.0113,0.0000,0.0000,0.0000,0.0113,0.0000,200,0.6048
0.0322,0.0000,0.0000,0.0000,0.0321,0.0001,200,0.5844
0.0298,0.0000,0.0000,0.0000,0.0297,0.0000,200,0.5870
0.0060,0.0000,0.0000,0.0000,0.0059,0.0000,200,0.6114
0.0499,0.0000,0.0000,0.0000,0.0498,0.0000,200,0.5681
0.0326,0.0000,0.0000,0.0001,0.0322,0.0002,200,0.5854
0.0194,0.0000,0.0000,0.0000,0.0193,0.0000,200,0.5992
0.0187,0.0000,0.0000,0.0000,0.0186,0.0000,200,0.6003
0.0357,0.0000,0.0000,0.0000,0.0356,0.0000,200,0.5834
0.0180,0.0000,0.0000,0.0000,0.0178,0.0001,200,0.6016
0.0069,0.0000,0.0000,0.0000,0.0067,0.0002,200,0.6134
0.0108,0.0000,0.0000,0.0000,0.0108,0.0000,200,0.6097
0.0298,0.0000,0.0000,0.0000,0.0296,0.0002,200,0.5912
0.0265,0.0000,0.0000,0.0000,0.0265,0.0000,200,0.5947
0.0163,0.0000,0.0000,0.0000,0.0161,0.0002,200,0.6057
0.0361,0.0000,0.0000,0.0000,0.0360,0.0000,200,0.5864
0.0088,0.0000,0.0000,0.0000,0.0088,0.0000,200,0.6139
0.0223,0.0000,0.0000,0.0000,0.0222,0.0000,200,0.6009
0.0253,0.0000,0.0000,0.0000,0.0253,0.0000,200,0.5982
0.0356,0.0000,0.0000,0.0003,0.0353,0.0000,200,0.5882
0.0412,0.0000,0.0000,0.0000,0.0411,0.0000,200,0.5829
0.0442,0.0000,0.0000,0.0000,0.0441,0.0001,200,0.5803
0.0024,0.0000,0.0000,0.0000,0.0019,0.0001,200,0.6228
0.0140,0.0000,0.0000,0.0000,0.0138,0.0001,200,0.6116
0.0035,0.0000,0.0000,0.0000,0.0034,0.0001,200,0.6225
0.0230,0.0000,0.0000,0.0000,0.0229,0.0000,200,0.6034
0.0115,0.0000,0.0000,0.0000,0.0114,0.0001,200,0.6151
0.0202,0.0000,0.0000,0.0000,0.0200,0.0001,200,0.6068
0.0068,0.0000,0.0000,0.0000,0.0067,0.0000,200,0.6205
0.0304,0.0000,0.0000,0.0000,0.0302,0.0000,200,0.5980
0.0127,0.0000,0.0000,0.0000,0.0125,0.0001,200,0.6161
0.0368,0.0000,0.0000,0.0000,0.0365,0.0001,200,0.5924
0.0103,0.0000,0.0000,0.0000,0.0102,0.0000,200,0.6191
0.0062,0.0000,0.0000,0.0000,0.0061,0.0000,200,0.6232
0.0127,0.0000,0.0000,0.0000,0.0126,0.0001,200,0.6174
0.0463,0.0000,0.0000,0.0000,0.0462,0.0001,200,0.5838
0.0412,0.0000,0.0000,0.0000,0.0411,0.0001,200,0.5892
0.0067,0.0000,0.0000,0.0000,0.0066,0.0000,200,0.6241
0.0223,0.0000,0.0000,0.0000,0.0223,0.0000,200,0.6089
0.0125,0.0000,0.0000,0.0000,0.0123,0.0000,200,0.6190
0.0136,0.0000,0.0000,0.0000,0.0135,0.0000,200,0.6186
0.0791,0.0000,0.0000,0.0000,0.0788,0.0001,200,0.5533
0.0087,0.0000,0.0000,0.0000,0.0086,0.0001,200,0.6245
0.0235,0.0000,0.0000,0.0000,0.0232,0.0001,200,0.6100
0.0278,0.0000,0.0000,0.0000,0.0277,0.0000,200,0.6061
0.0057,0.0000,0.0000,0.0000,0.0056,0.0001,200,0.6288
0.0050,0.0000,0.0000,0.0000,0.0050,0.0000,200,0.6301
0.0040,0.0000,0.0000,0.0001,0.0039,0.0000,200,0.6312
0.0159,0.0000,0.0000,0.0000,0.0158,0.0001,200,0.6196
0.0179,0.0000,0.0000,0.0001,0.0176,0.0001,200,0.6180
0.0206,0.0000,0.0000,0.0000,0.0205,0.0001,200,0.6157
0.0074,0.0000,0.0000,0.0000,0.0071,0.0001,200,0.6292
0.0345,0.0000,0.0000,0.0000,0.0344,0.0001,200,0.6027
0.0607,0.0000,0.0000,0.0001,0.0605,0.0000,200,0.5770
0.0593,0.0000,0.0000,0.0000,0.0590,0.0001,200,0.5793
0.0266,0.0000,0.0000,0.0000,0.0265,0.0000,200,0.6122
0.0125,0.0000,0.0000,0.0000,0.0124,0.0000,200,0.6270
0.0094,0.0000,0.0000,0.0000,0.0093,0.0001,200,0.6304
0.0111,0.0000,0.0000,0.0000,0.0110,0.0001,200,0.6295
0.0282,0.0000,0.0000,0.0000,0.0281,0.0000,200,0.6126
0.0296,0.0000,0.0000,0.0000,0.0294,0.0001,200,0.6119
0.0022,0.0000,0.0000,0.0001,0.0021,0.0000,200,0.6398
0.0271,0.0000,0.0000,0.0001,0.0269,0.0000,200,0.6151
0.0125,0.0000,0.0000,0.0000,0.0124,0.0001,200,0.6301
0.0076,0.0000,0.0000,0.0000,0.0075,0.0001,200,0.6356
0.0027,0.0000,0.0000,0.0000,0.0026,0.0000,200,0.6408
0.0295,0.0000,0.0000,0.0000,0.0294,0.0000,200,0.6144
0.0181,0.0000,0.0000,0.0000,0.0179,0.0001,200,0.6260
0.0131,0.0000,0.0000,0.0000,0.0129,0.0001,200,0.6315
0.0028,0.0000,0.0000,0.0000,0.0022,0.0000,200,0.6421
0.0176,0.0000,0.0000,0.0000,0.0175,0.0000,200,0.6274
0.0192,0.0000,0.0000,0.0000,0.0191,0.0000,200,0.6263
0.0250,0.0000,0.0000,0.0004,0.0244,0.0000,200,0.6210
0.0262,0.0000,0.0000,0.0001,0.0260,0.0001,200,0.6204
0.0021,0.0000,0.0000,0.0000,0.0020,0.0000,200,0.6445
0.0114,0.0000,0.0000,0.0000,0.0113,0.0001,200,0.6359
0.0242,0.0000,0.0000,0.0000,0.0241,0.0000,200,0.6235
0.0668,0.0000,0.0000,0.0000,0.0661,0.0005,200,0.5813
0.0168,0.0000,0.0000,0.0000,0.0167,0.0000,200,0.6324
0.0046,0.0000,0.0000,0.0000,0.0042,0.0003,200,0.6449
0.0144,0.0000,0.0000,0.0000,0.0140,0.0003,200,0.6352
0.0171,0.0000,0.0000,0.0000,0.0170,0.0000,200,0.6332
0.0106,0.0000,0.0000,0.0000,0.0101,0.0004,200,0.6414
0.0385,0.0000,0.0000,0.0000,0.0384,0.0001,200,0.6140
0.0033,0.0000,0.0000,0.0001,0.0032,0.0000,200,0.6495
0.0327,0.0000,0.0000,0.0000,0.0326,0.0001,200,0.6212
0.0576,0.0000,0.0000,0.0000,0.0575,0.0000,200,0.5972
0.0035,0.0000,0.0000,0.0000,0.0034,0.0000,200,0.6520
0.0107,0.0000,0.0000,0.0000,0.0104,0.0001,200,0.6455
0.0594,0.0000,0.0000,0.0000,0.0593,0.0000,200,0.5977
0.0044,0.0000,0.0000,0.0000,0.0043,0.0000,200,0.6529
0.0201,0.0000,0.0000,0.0000,0.0201,0.0000,200,0.6377
0.0167,0.0000,0.0000,0.0000,0.0165,0.0001,200,0.6420
0.0148,0.0000,0.0000,0.0000,0.0147,0.0000,200,0.6450
0.0368,0.0000,0.0000,0.0000,0.0367,0.0001,200,0.6238
0.0183,0.0000,0.0000,0.0000,0.0182,0.0001,200,0.6431
0.0183,0.0000,0.0000,0.0001,0.0182,0.0000,200,0.6440
0.0062,0.0000,0.0000,0.0000,0.0061,0.0001,200,0.6570
0.0169,0.0000,0.0000,0.0000,0.0166,0.0001,200,0.6472
0.0277,0.0000,0.0000,0.0000,0.0274,0.0001,200,0.6372
0.0071,0.0000,0.0000,0.0000,0.0071,0.0000,200,0.6587
0.0018,0.0000,0.0000,0.0000,0.0017,0.0000,200,0.6650
0.0052,0.0000,0.0000,0.0000,0.0051,0.0001,200,0.6624
0.0321,0.0000,0.0000,0.0000,0.0320,0.0000,200,0.6362
0.0771,0.0000,0.0000,0.0000,0.0771,0.0001,200,0.5919
0.0334,0.0000,0.0000,0.0000,0.0332,0.0001,200,0.6366
0.0268,0.0000,0.0000,0.0000,0.0267,0.0000,200,0.6439
0.0214,0.0000,0.0000,0.0000,0.0214,0.0000,200,0.6502
0.0380,0.0000,0.0000,0.0000,0.0379,0.0000,200,0.6345
0.0655,0.0000,0.0000,0.0000,0.0654,0.0001,200,0.6078
0.0070,0.0000,0.0000,0.0000,0.0070,0.0001,200,0.6676
0.0420,0.0000,0.0000,0.0000,0.0419,0.0000,200,0.6336
0.0385,0.0000,0.0000,0.0000,0.0384,0.0001,200,0.6387
0.0384,0.0000,0.0000,0.0000,0.0383,0.0000,200,0.6388
0.0201,0.0000,0.0000,0.0000,0.0200,0.0000,200,0.6573
0.0244,0.0000,0.0000,0.0000,0.0243,0.0000,200,0.6539
0.0040,0.0000,0.0000,0.0000,0.0038,0.0001,200,0.6747
0.0022,0.0000,0.0000,0.0000,0.0021,0.0001,200,0.6772
0.0247,0.0000,0.0000,0.0000,0.0246,0.0000,200,0.6548
0.0069,0.0000,0.0000,0.0000,0.0068,0.0001,200,0.6733
0.0541,0.0000,0.0000,0.0000,0.0540,0.0000,200,0.6266
0.0348,0.0000,0.0000,0.0000,0.0347,0.0000,200,0.6467
0.0178,0.0000,0.0000,0.0000,0.0177,0.0000,200,0.6641
0.0430,0.0000,0.0000,0.0000,0.0428,0.0001,200,0.6394
0.0026,0.0000,0.0000,0.0000,0.0025,0.0000,200,0.6803
0.0016,0.0000,0.0000,0.0000,0.0015,0.0000,200,0.6820
0.0625,0.0000,0.0000,0.0000,0.0623,0.0001,200,0.6220
0.0544,0.0000,0.0000,0.0000,0.0543,0.0000,200,0.6308
0.0523,0.0000,0.0000,0.0000,0.0522,0.0000,200,0.6338
0.0689,0.0000,0.0000,0.0000,0.0688,0.0000,200,0.6180
0.0280,0.0000,0.0000,0.0000,0.0279,0.0000,200,0.6598
0.0321,0.0000,0.0000,0.0000,0.0320,0.0000,200,0.6562
0.0399,0.0000,0.0000,0.0000,0.0397,0.0001,200,0.6492
0.0212,0.0000,0.0000,0.0000,0.0212,0.0000,200,0.6684
0.0731,0.0000,0.0000,0.0000,0.0730,0.0000,200,0.6168
0.0198,0.0000,0.0000,0.0000,0.0197,0.0001,200,0.6708
0.0445,0.0000,0.0000,0.0000,0.0444,0.0001,200,0.6466
0.0664,0.0000,0.0000,0.0000,0.0663,0.0000,200,0.6252
0.0232,0.0000,0.0000,0.0000,0.0231,0.0000,200,0.6691
0.0260,0.0000,0.0000,0.0000,0.0259,0.0000,200,0.6668
0.0474,0.0000,0.0000,0.0000,0.0472,0.0001,200,0.6460
0.0773,0.0000,0.0000,0.0000,0.0771,0.0001,200,0.6166
0.0192,0.0000,0.0000,0.0000,0.0191,0.0001,200,0.6756
0.0293,0.0000,0.0000,0.0000,0.0292,0.0000,200,0.6658
0.0088,0.0000,0.0000,0.0000,0.0087,0.0001,200,0.6869
0.0026,0.0000,0.0000,0.0000,0.0025,0.0001,200,0.6939
0.0093,0.0000,0.0000,0.0000,0.0093,0.0000,200,0.6878
0.0083,0.0000,0.0000,0.0000,0.0082,0.0000,200,0.6896
0.0188,0.0000,0.0000,0.0000,0.0187,0.0000,200,0.6794
0.0276,0.0000,0.0000,0.0000,0.0275,0.0000,200,0.6717
0.0054,0.0000,0.0000,0.0001,0.0050,0.0003,200,0.6948
0.0683,0.0000,0.0000,0.0000,0.0682,0.0000,200,0.6321
0.0048,0.0000,0.0000,0.0000,0.0046,0.0001,200,0.6965
0.0461,0.0000,0.0000,0.0000,0.0461,0.0000,200,0.6556
0.0018,0.0000,0.0000,0.0000,0.0018,0.0000,200,0.7004
0.0415,0.0000,0.0000,0.0000,0.0414,0.0001,200,0.6615
0.0262,0.0000,0.0000,0.0000,0.0261,0.0000,200,0.6774
0.0087,0.0000,0.0000,0.0000,0.0086,0.0000,200,0.6951
0.0752,0.0000,0.0000,0.0000,0.0751,0.0001,200,0.6294
0.0204,0.0000,0.0000,0.0000,0.0203,0.0000,200,0.6845
0.0632,0.0000,0.0000,0.0000,0.0632,0.0000,200,0.6426
0.0038,0.0000,0.0000,0.0000,0.0037,0.0001,200,0.7023
0.0176,0.0000,0.0000,0.0001,0.0175,0.0000,200,0.6890
0.0349,0.0000,0.0000,0.0000,0.0348,0.0001,200,0.6725
0.0472,0.0000,0.0000,0.0000,0.0471,0.0000,200,0.6606
0.0043,0.0000,0.0000,0.0000,0.0043,0.0000,200,0.7036
0.0048,0.0000,0.0000,0.0000,0.0047,0.0000,200,0.7038
0.0253,0.0000,0.0000,0.0000,0.0252,0.0001,200,0.6836
0.0397,0.0000,0.0000,0.0000,0.0396,0.0000,200,0.6700
0.0850,0.0000,0.0000,0.0000,0.0848,0.0001,200,0.6256
0.0210,0.0000,0.0000,0.0000,0.0209,0.0000,200,0.6906
0.0774,0.0000,0.0000,0.0000,0.0772,0.0001,200,0.6352
0.0556,0.0000,0.0000,0.0000,0.0554,0.0001,200,0.6578
0.0049,0.0000,0.0000,0.0000,0.0048,0.0000,200,0.7097
0.0159,0.0000,0.0000,0.0000,0.0158,0.0000,200,0.6993
0.0375,0.0000,0.0000,0.0000,0.0374,0.0000,200,0.6782
0.0334,0.0000,0.0000,0.0000,0.0333,0.0001,200,0.6828
0.0155,0.0000,0.0000,0.0000,0.0154,0.0000,200,0.7013
0.0246,0.0000,0.0000,0.0000,0.0245,0.0001,200,0.6928
0.0294,0.0000,0.0000,0.0000,0.0292,0.0001,200,0.6883
0.0129,0.0000,0.0000,0.0000,0.0128,0.0001,200,0.7058
0.0271,0.0000,0.0000,0.0000,0.0270,0.0001,200,0.6923
0.0719,0.0000,0.0000,0.0001,0.0717,0.0000,200,0.6483
0.0114,0.0000,0.0000,0.0000,0.0113,0.0001,200,0.7089
0.0687,0.0000,0.0000,0.0000,0.0685,0.0001,200,0.6525
0.0405,0.0000,0.0000,0.0000,0.0404,0.0001,200,0.6815
0.0272,0.0000,0.0000,0.0000,0.0271,0.0001,200,0.6956
0.0061,0.0000,0.0000,0.0000,0.0060,0.0001,200,0.7173
0.0400,0.0000,0.0000,0.0000,0.0377,0.0022,200,0.6861
0.0280,0.0000,0.0000,0.0000,0.0279,0.0000,200,0.6983
0.0061,0.0000,0.0000,0.0000,0.0060,0.0000,200,0.7202
0.0029,0.0000,0.0000,0.0000,0.0027,0.0002,200,0.7235
0.0254,0.0000,0.0000,0.0000,0.0252,0.0001,200,0.7017
0.0502,0.0000,0.0000,0.0000,0.0501,0.0000,200,0.6772
0.0843,0.0000,0.0000,0.0000,0.0842,0.0000,200,0.6435
0.0243,0.0000,0.0000,0.0000,0.0242,0.0000,200,0.7046
0.0365,0.0000,0.0000,0.0000,0.0364,0.0000,200,0.6934
0.0030,0.0000,0.0000,0.0000,0.0029,0.0001,200,0.7278
0.0192,0.0000,0.0000,0.0000,0.0191,0.0001,200,0.7125
0.0067,0.0000,0.0000,0.0000,0.0066,0.0000,200,0.7261
0.0265,0.0000,0.0000,0.0000,0.0264,0.0000,200,0.7073
0.0346,0.0000,0.0000,0.0000,0.0345,0.0000,200,0.7002
0.0534,0.0000,0.0000,0.0000,0.0533,0.0001,200,0.6824
0.0562,0.0000,0.0000,0.0000,0.0561,0.0001,200,0.6807
0.0482,0.0000,0.0000,0.0000,0.0481,0.0000,200,0.6898
0.0313,0.0000,0.0000,0.0000,0.0312,0.0000,200,0.7077
0.0430,0.0000,0.0000,0.0000,0.0428,0.0001,200,0.6971
0.0352,0.0000,0.0000,0.0000,0.0351,0.0000,200,0.7061
0.0230,0.0000,0.0000,0.0000,0.0229,0.0001,200,0.7193
0.0259,0.0000,0.0000,0.0001,0.0257,0.0001,200,0.7168
0.0157,0.0000,0.0000,0.0000,0.0156,0.0000,200,0.7275
0.0334,0.0000,0.0000,0.0001,0.0332,0.0000,200,0.7106
0.0019,0.0000,0.0000,0.0000,0.0018,0.0000,200,0.7427
0.0082,0.0000,0.0000,0.0000,0.0081,0.0001,200,0.7369
0.0170,0.0000,0.0000,0.0000,0.0169,0.0001,200,0.7289
0.0552,0.0000,0.0000,0.0000,0.0551,0.0001,200,0.6911
0.1184,0.0000,0.0000,0.0000,0.1183,0.0001,200,0.6284
0.0269,0.0000,0.0000,0.0000,0.0268,0.0001,200,0.7203
0.0311,0.0000,0.0000,0.0000,0.0310,0.0000,200,0.7162
0.0031,0.0000,0.0000,0.0000,0.0031,0.0000,200,0.7451
0.0329,0.0000,0.0000,0.0000,0.0329,0.0000,200,0.7158
0.0034,0.0000,0.0000,0.0000,0.0034,0.0000,200,0.7459
0.1090,0.0000,0.0000,0.0000,0.1088,0.0001,200,0.6406
0.0351,0.0000,0.0000,0.0000,0.0349,0.0002,200,0.7152
0.0025,0.0000,0.0000,0.0000,0.0024,0.0001,200,0.7487
0.0431,0.0000,0.0000,0.0000,0.0429,0.0001,200,0.7086
0.0082,0.0000,0.0000,0.0000,0.0082,0.0000,200,0.7439
0.0053,0.0000,0.0000,0.0000,0.0052,0.0000,200,0.7472
0.0480,0.0000,0.0000,0.0000,0.0479,0.0001,200,0.7049
0.0507,0.0000,0.0000,0.0000,0.0506,0.0000,200,0.7029
0.0623,0.0000,0.0000,0.0000,0.0622,0.0000,200,0.6916
0.0361,0.0000,0.0000,0.0000,0.0360,0.0000,200,0.7187
0.0376,0.0000,0.0000,0.0000,0.0375,0.0000,200,0.7177
0.0061,0.0000,0.0000,0.0000,0.0060,0.0001,200,0.7493
0.0496,0.0000,0.0000,0.0000,0.0495,0.0001,200,0.7067
0.0268,0.0000,0.0000,0.0000,0.0268,0.0000,200,0.7299
0.0065,0.0000,0.0000,0.0000,0.0063,0.0001,200,0.7512
0.0112,0.0000,0.0000,0.0001,0.0110,0.0000,200,0.7473
0.0077,0.0000,0.0000,0.0000,0.0076,0.0001,200,0.7517
0.0624,0.0000,0.0000,0.0000,0.0623,0.0000,200,0.6979
0.0349,0.0000,0.0000,0.0000,0.0348,0.0000,200,0.7263
0.0139,0.0000,0.0000,0.0000,0.0138,0.0000,200,0.7483
0.0247,0.0000,0.0000,0.0000,0.0245,0.0001,200,0.7380
0.0372,0.0000,0.0000,0.0000,0.0371,0.0000,200,0.7264
0.0054,0.0000,0.0000,0.0000,0.0053,0.0000,200,0.7594
0.0503,0.0000,0.0000,0.0000,0.0502,0.0000,200,0.7146
0.0130,0.0000,0.0000,0.0000,0.0129,0.0001,200,0.7525
0.0154,0.0000,0.0000,0.0000,0.0153,0.0000,200,0.7503
0.0405,0.0000,0.0000,0.0000,0.0405,0.0001,200,0.7262
0.0122,0.0000,0.0000,0.0000,0.0121,0.0000,200,0.7554
0.0022,0.0000,0.0000,0.0000,0.0021,0.0001,200,0.7658
0.1193,0.0000,0.0000,0.0000,0.1191,0.0000,200,0.6495
0.0422,0.0000,0.0000,0.0000,0.0422,0.0000,200,0.7271
0.0233,0.0000,0.0000,0.0000,0.0232,0.0000,200,0.7463
0.0396,0.0000,0.0000,0.0000,0.0395,0.0000,200,0.7307
0.0574,0.0000,0.0000,0.0001,0.0572,0.0001,200,0.7134
0.1946,0.0000,0.0000,0.0000,0.1945,0.0001,200,0.5769
0.0141,0.0000,0.0000,0.0000,0.0139,0.0001,200,0.7585
0.0193,0.0000,0.0000,0.0000,0.0192,0.0001,200,0.7536
0.0101,0.0000,0.0000,0.0000,0.0100,0.0001,200,0.7636
0.0139,0.0000,0.0000,0.0000,0.0138,0.0000,200,0.7603
0.0100,0.0000,0.0000,0.0000,0.0099,0.0001,200,0.7648
0.0282,0.0000,0.0000,0.0000,0.0281,0.0001,200,0.7468
0.0018,0.0000,0.0000,0.0000,0.0017,0.0001,200,0.7742
0.0226,0.0000,0.0000,0.0000,0.0226,0.0001,200,0.7539
0.0562,0.0000,0.0000,0.0000,0.0561,0.0001,200,0.7211
0.0012,0.0000,0.0000,0.0001,0.0011,0.0000,200,0.7765
0.0104,0.0000,0.0000,0.0000,0.0103,0.0000,200,0.7679
0.0267,0.0000,0.0000,0.0000,0.0266,0.0000,200,0.7522
0.0716,0.0000,0.0000,0.0000,0.0716,0.0000,200,0.7079
0.0232,0.0000,0.0000,0.0000,0.0231,0.0001,200,0.7567
0.0385,0.0000,0.0000,0.0000,0.0384,0.0000,200,0.7423
0.0241,0.0000,0.0000,0.0000,0.0240,0.0001,200,0.7576
0.0096,0.0000,0.0000,0.0000,0.0095,0.0000,200,0.7729
0.0062,0.0000,0.0000,0.0000,0.0060,0.0001,200,0.7774
0.0193,0.0000,0.0000,0.0000,0.0193,0.0000,200,0.7648
0.0102,0.0000,0.0000,0.0000,0.0101,0.0000,200,0.7748
0.0077,0.0000,0.0000,0.0000,0.0075,0.0001,200,0.7777
0.0111,0.0000,0.0000,0.0001,0.0109,0.0001,200,0.7750
0.0419,0.0000,0.0000,0.0000,0.0417,0.0001,200,0.7446
0.0321,0.0000,0.0000,0.0000,0.0320,0.0001,200,0.7553
0.0141,0.0000,0.0000,0.0000,0.0140,0.0001,200,0.7737
0.0168,0.0000,0.0000,0.0000,0.0167,0.0000,200,0.7715
0.0325,0.0000,0.0000,0.0000,0.0323,0.0001,200,0.7563
0.0267,0.0000,0.0000,0.0000,0.0266,0.0000,200,0.7627
0.0063,0.0000,0.0000,0.0000,0.0062,0.0000,200,0.7835
0.1429,0.0000,0.0000,0.0008,0.1416,0.0000,200,0.6476
0.1282,0.0000,0.0000,0.0000,0.1282,0.0000,200,0.6632
0.0303,0.0000,0.0000,0.0000,0.0302,0.0001,200,0.7622
0.0502,0.0000,0.0000,0.0000,0.0501,0.0000,200,0.7432
0.0051,0.0000,0.0000,0.0000,0.0050,0.0001,200,0.7894
0.0162,0.0000,0.0000,0.0000,0.0161,0.0001,200,0.7789
0.0059,0.0000,0.0000,0.0000,0.0058,0.0000,200,0.7898
0.0036,0.0000,0.0000,0.0000,0.0035,0.0001,200,0.7925
0.0115,0.0000,0.0000,0.0000,0.0115,0.0000,200,0.7850
0.0854,0.0000,0.0000,0.0000,0.0853,0.0001,200,0.7116
0.0021,0.0000,0.0000,0.0000,0.0020,0.0000,200,0.7951
0.0119,0.0000,0.0000,0.0000,0.0118,0.0001,200,0.7861
0.0131,0.0000,0.0000,0.0000,0.0130,0.0000,200,0.7854
0.0110,0.0000,0.0000,0.0000,0.0109,0.0000,200,0.7883
0.0066,0.0000,0.0000,0.0000,0.0065,0.0001,200,0.7934
0.0229,0.0000,0.0000,0.0000,0.0228,0.0000,200,0.7783
0.0491,0.0000,0.0000,0.0000,0.0490,0.0000,200,0.7529
0.0066,0.0000,0.0000,0.0000,0.0066,0.0000,200,0.7957
0.0029,0.0000,0.0000,0.0000,0.0028,0.0000,200,0.8000
0.0151,0.0000,0.0000,0.0000,0.0150,0.0000,200,0.7887
0.0430,0.0000,0.0000,0.0000,0.0429,0.0001,200,0.7612
0.0203,0.0000,0.0000,0.0000,0.0202,0.0001,200,0.7842
0.0294,0.0000,0.0000,0.0000,0.0293,0.0001,200,0.7760
0.0236,0.0000,0.0000,0.0000,0.0235,0.0000,200,0.7825
0.0028,0.0000,0.0000,0.0000,0.0028,0.0000,200,0.8038
0.0853,0.0000,0.0000,0.0000,0.0852,0.0000,200,0.7219
0.0410,0.0000,0.0000,0.0000,0.0409,0.0000,200,0.7668
0.0755,0.0000,0.0000,0.0000,0.0754,0.0000,200,0.7328
0.0592,0.0000,0.0000,0.0000,0.0591,0.0001,200,0.7496
0.0397,0.0000,0.0000,0.0000,0.0396,0.0000,200,0.7693
0.0196,0.0000,0.0000,0.0000,0.0195,0.0000,200,0.7905
0.0763,0.0000,0.0000,0.0000,0.0762,0.0001,200,0.7348
0.0138,0.0000,0.0000,0.0000,0.0137,0.0000,200,0.7980
0.0097,0.0000,0.0000,0.0000,0.0096,0.0000,200,0.8023
0.0089,0.0000,0.0000,0.0000,0.0088,0.0000,200,0.8045
0.0047,0.0000,0.0000,0.0000,0.0046,0.0000,200,0.8089
0.0590,0.0000,0.0000,0.0000,0.0590,0.0000,200,0.7548
0.0063,0.0000,0.0000,0.0000,0.0062,0.0001,200,0.8078
0.0735,0.0000,0.0000,0.0000,0.0734,0.0000,200,0.7413
0.0036,0.0000,0.0000,0.0000,0.0035,0.0001,200,0.8118
0.0336,0.0000,0.0000,0.0000,0.0335,0.0000,200,0.7817
0.0281,0.0000,0.0000,0.0000,0.0279,0.0001,200,0.7879
0.0463,0.0000,0.0000,0.0000,0.0462,0.0001,200,0.7704
0.0515,0.0000,0.0000,0.0000,0.0514,0.0000,200,0.7655
0.0014,0.0000,0.0000,0.0000,0.0013,0.0000,200,0.8159
0.0091,0.0000,0.0000,0.0000,0.0089,0.0001,200,0.8083
0.0232,0.0000,0.0000,0.0000,0.0232,0.0000,200,0.7945
0.0390,0.0000,0.0000,0.0000,0.0390,0.0000,200,0.7796
0.0136,0.0000,0.0000,0.0000,0.0135,0.0000,200,0.8054
0.0466,0.0000,0.0000,0.0000,0.0465,0.0001,200,0.7725
0.0230,0.0000,0.0000,0.0000,0.0229,0.0000,200,0.7965
0.0283,0.0000,0.0000,0.0000,0.0283,0.0000,200,0.7915
0.0974,0.0000,0.0000,0.0000,0.0974,0.0000,200,0.7229
0.0115,0.0000,0.0000,0.0000,0.0114,0.0001,200,0.8090
0.0853,0.0000,0.0000,0.0000,0.0853,0.0000,200,0.7358
0.0505,0.0000,0.0000,0.0000,0.0504,0.0000,200,0.7708
0.1364,0.0000,0.0000,0.0000,0.1363,0.0000,200,0.6852
0.0148,0.0000,0.0000,0.0000,0.0148,0.0000,200,0.8072
0.0079,0.0000,0.0000,0.0000,0.0076,0.0002,200,0.8148
0.0018,0.0000,0.0000,0.0000,0.0017,0.0001,200,0.8213
0.0031,0.0000,0.0000,0.0000,0.0030,0.0000,200,0.8205
0.0010,0.0000,0.0000,0.0000,0.0009,0.0001,200,0.8230
0.0133,0.0000,0.0000,0.0000,0.0132,0.0000,200,0.8111
0.0069,0.0000,0.0000,0.0000,0.0069,0.0000,200,0.8177
0.0013,0.0000,0.0000,0.0000,0.0012,0.0000,200,0.8236
0.0268,0.0000,0.0000,0.0000,0.0268,0.0000,200,0.7985
0.1463,0.0000,0.0000,0.0000,0.1461,0.0001,200,0.6795
0.0234,0.0000,0.0000,0.0000,0.0234,0.0001,200,0.8029
0.0252,0.0000,0.0000,0.0000,0.0251,0.0000,200,0.8012
0.0395,0.0000,0.0000,0.0000,0.0394,0.0000,200,0.7874
0.0074,0.0000,0.0000,0.0000,0.0073,0.0001,200,0.8195
0.0122,0.0000,0.0000,0.0000,0.0121,0.0000,200,0.8153
0.0240,0.0000,0.0000,0.0000,0.0239,0.0000,200,0.8042
0.0079,0.0000,0.0000,0.0000,0.0078,0.0000,200,0.8203
0.0967,0.0000,0.0000,0.0000,0.0966,0.0000,200,0.7318
0.0121,0.0000,0.0000,0.0000,0.0120,0.0001,200,0.8167
0.0068,0.0000,0.0000,0.0000,0.0067,0.0000,200,0.8220
0.0109,0.0000,0.0000,0.0000,0.0107,0.0001,200,0.8186
0.0106,0.0000,0.0000,0.0000,0.0106,0.0000,200,0.8190
0.1515,0.0000,0.0000,0.0000,0.1514,0.0001,200,0.6786
0.0020,0.0000,0.0000,0.0000,0.0019,0.0001,200,0.8285
0.0050,0.0000,0.0000,0.0000,0.0049,0.0001,200,0.8258
0.0065,0.0000,0.0000,0.0000,0.0064,0.0000,200,0.8249
0.0088,0.0000,0.0000,0.0000,0.0087,0.0000,200,0.8227
0.0033,0.0000,0.0000,0.0000,0.0033,0.0000,200,0.8282
0.0455,0.0000,0.0000,0.0000,0.0453,0.0001,200,0.7864
0.0054,0.0000,0.0000,0.0000,0.0053,0.0000,200,0.8275
0.0086,0.0000,0.0000,0.0000,0.0085,0.0001,200,0.8247
0.0075,0.0000,0.0000,0.0000,0.0073,0.0001,200,0.8264
0.0031,0.0000,0.0000,0.0000,0.0030,0.0000,200,0.8314
0.0668,0.0000,0.0000,0.0000,0.0667,0.0000,200,0.7688
0.0684,0.0000,0.0000,0.0000,0.0681,0.0003,200,0.7676
0.0096,0.0000,0.0000,0.0000,0.0070,0.0025,200,0.8282
0.0386,0.0000,0.0000,0.0000,0.0371,0.0014,200,0.7992
0.0319,0.0000,0.0000,0.0000,0.0311,0.0008,200,0.8066
0.0253,0.0000,0.0000,0.0000,0.0240,0.0013,200,0.8139
0.1002,0.0000,0.0000,0.0000,0.0987,0.0015,200,0.7390
0.0072,0.0000,0.0000,0.0008,0.0054,0.0010,200,0.8315
0.0113,0.0000,0.0000,0.0000,0.0089,0.0024,200,0.8288
0.0248,0.0000,0.0000,0.0000,0.0231,0.0017,200,0.8154
0.0133,0.0000,0.0000,0.0000,0.0115,0.0018,200,0.8269
0.0133,0.0000,0.0000,0.0000,0.0131,0.0002,200,0.8269
0.0192,0.0000,0.0000,0.0000,0.0165,0.0025,200,0.8211
0.0107,0.0000,0.0000,0.0000,0.0090,0.0016,200,0.8296
0.0073,0.0000,0.0000,0.0000,0.0072,0.0000,200,0.8333
0.0610,0.0000,0.0000,0.0000,0.0608,0.0001,200,0.7799
0.0174,0.0000,0.0000,0.0000,0.0173,0.0000,200,0.8240
0.0224,0.0000,0.0000,0.0000,0.0223,0.0000,200,0.8191
0.0079,0.0000,0.0000,0.0000,0.0078,0.0000,200,0.8338
0.0614,0.0000,0.0000,0.0000,0.0614,0.0000,200,0.7808
0.0019,0.0000,0.0000,0.0000,0.0018,0.0000,200,0.8406
0.1091,0.0000,0.0000,0.0000,0.1090,0.0000,200,0.7338
0.0029,0.0000,0.0000,0.0000,0.0028,0.0000,200,0.8403
0.0142,0.0000,0.0000,0.0000,0.0141,0.0000,200,0.8295
0.0469,0.0000,0.0000,0.0000,0.0468,0.0000,200,0.7972
0.0230,0.0000,0.0000,0.0000,0.0230,0.0000,200,0.8216
0.0048,0.0000,0.0000,0.0000,0.0047,0.0000,200,0.8402
0.0022,0.0000,0.0000,0.0000,0.0021,0.0001,200,0.8432
0.0146,0.0000,0.0000,0.0000,0.0145,0.0000,200,0.8309
0.0339,0.0000,0.0000,0.0000,0.0338,0.0000,200,0.8120
0.0036,0.0000,0.0000,0.0000,0.0035,0.0001,200,0.8425
0.0012,0.0000,0.0000,0.0000,0.0011,0.0001,200,0.8455
0.0035,0.0000,0.0000,0.0000,0.0035,0.0000,200,0.8437
0.0143,0.0000,0.0000,0.0000,0.0143,0.0000,200,0.8329
0.0091,0.0000,0.0000,0.0000,0.0073,0.0000,200,0.8385
0.0077,0.0000,0.0000,0.0000,0.0077,0.0000,200,0.8402
0.0192,0.0000,0.0000,0.0001,0.0191,0.0000,200,0.8288
0.0349,0.0000,0.0000,0.0000,0.0348,0.0001,200,0.8134
0.0141,0.0000,0.0000,0.0000,0.0140,0.0000,200,0.8345
0.0190,0.0000,0.0000,0.0000,0.0189,0.0001,200,0.8301
0.0059,0.0000,0.0000,0.0000,0.0059,0.0000,200,0.8441
0.0182,0.0000,0.0000,0.0000,0.0181,0.0001,200,0.8319
0.0086,0.0000,0.0000,0.0000,0.0085,0.0000,200,0.8415
0.0029,0.0000,0.0000,0.0000,0.0029,0.0000,200,0.8473
0.0027,0.0000,0.0000,0.0000,0.0026,0.0000,200,0.8479
0.0491,0.0000,0.0000,0.0000,0.0490,0.0001,200,0.8019
0.0030,0.0000,0.0000,0.0000,0.0029,0.0001,200,0.8486
0.1118,0.0000,0.0000,0.0000,0.1117,0.0001,200,0.7401
0.0022,0.0000,0.0000,0.0000,0.0021,0.0000,200,0.8501
0.0355,0.0000,0.0000,0.0000,0.0354,0.0000,200,0.8174
0.0137,0.0000,0.0000,0.0000,0.0127,0.0001,200,0.8394
0.0434,0.0000,0.0000,0.0000,0.0433,0.0000,200,0.8101
0.0033,0.0000,0.0000,0.0000,0.0032,0.0001,200,0.8506
0.0029,0.0000,0.0000,0.0000,0.0028,0.0000,200,0.8511
0.0070,0.0000,0.0000,0.0000,0.0069,0.0001,200,0.8473
0.0234,0.0000,0.0000,0.0000,0.0233,0.0000,200,0.8314
0.0141,0.0000,0.0000,0.0000,0.0139,0.0001,200,0.8414
0.0074,0.0000,0.0000,0.0000,0.0074,0.0000,200,0.8480
0.0419,0.0000,0.0000,0.0000,0.0418,0.0001,200,0.8141
0.0142,0.0000,0.0000,0.0000,0.0141,0.0001,200,0.8422
0.0053,0.0000,0.0000,0.0000,0.0052,0.0001,200,0.8515
0.0264,0.0000,0.0000,0.0000,0.0263,0.0000,200,0.8305
0.0031,0.0000,0.0000,0.0000,0.0029,0.0001,200,0.8540
0.0082,0.0000,0.0000,0.0000,0.0081,0.0001,200,0.8491
0.0621,0.0000,0.0000,0.0000,0.0614,0.0006,200,0.7961
0.0027,0.0000,0.0000,0.0000,0.0027,0.0000,200,0.8555
0.0207,0.0000,0.0000,0.0000,0.0205,0.0001,200,0.8377
0.0051,0.0000,0.0000,0.0000,0.0050,0.0000,200,0.8536
0.0416,0.0000,0.0000,0.0000,0.0414,0.0001,200,0.8174
0.0066,0.0000,0.0000,0.0000,0.0065,0.0000,200,0.8529
0.0016,0.0000,0.0000,0.0000,0.0016,0.0000,200,0.8582
0.0245,0.0000,0.0000,0.0000,0.0243,0.0001,200,0.8356
0.0216,0.0000,0.0000,0.0008,0.0208,0.0000,200,0.8392
0.0133,0.0000,0.0000,0.0000,0.0131,0.0002,200,0.8477
0.0042,0.0000,0.0000,0.0000,0.0039,0.0002,200,0.8569
0.0017,0.0000,0.0000,0.0000,0.0017,0.0000,200,0.8598
0.0085,0.0000,0.0000,0.0000,0.0084,0.0000,200,0.8531
0.0057,0.0000,0.0000,0.0000,0.0054,0.0001,200,0.8564
0.0100,0.0000,0.0000,0.0000,0.0100,0.0001,200,0.8523
0.0212,0.0000,0.0000,0.0000,0.0211,0.0000,200,0.8417
0.0175,0.0000,0.0000,0.0000,0.0175,0.0000,200,0.8459
0.0233,0.0000,0.0000,0.0000,0.0233,0.0000,200,0.8402
0.0055,0.0000,0.0000,0.0001,0.0052,0.0002,200,0.8584
0.0069,0.0000,0.0000,0.0000,0.0068,0.0001,200,0.8574
0.0124,0.0000,0.0000,0.0000,0.0123,0.0000,200,0.8519
0.0105,0.0000,0.0000,0.0000,0.0105,0.0000,200,0.8543
0.0167,0.0000,0.0000,0.0000,0.0164,0.0002,200,0.8483
0.0078,0.0000,0.0000,0.0000,0.0077,0.0000,200,0.8581
0.0044,0.0000,0.0000,0.0000,0.0043,0.0000,200,0.8616
0.0261,0.0000,0.0000,0.0000,0.0258,0.0002,200,0.8403
0.0018,0.0000,0.0000,0.0000,0.0017,0.0000,200,0.8650
0.0117,0.0000,0.0000,0.0000,0.0116,0.0000,200,0.8555
0.0117,0.0000,0.0000,0.0000,0.0117,0.0000,200,0.8560
0.0114,0.0000,0.0000,0.0000,0.0113,0.0000,200,0.8568
0.0073,0.0000,0.0000,0.0000,0.0072,0.0000,200,0.8610
0.0077,0.0000,0.0000,0.0000,0.0077,0.0000,200,0.8610
0.0048,0.0000,0.0000,0.0000,0.0048,0.0000,200,0.8643
0.0559,0.0000,0.0000,0.0000,0.0558,0.0000,200,0.8136
0.0015,0.0000,0.0000,0.0000,0.0014,0.0000,200,0.8683
0.0115,0.0000,0.0000,0.0000,0.0114,0.0000,200,0.8586
0.0045,0.0000,0.0000,0.0000,0.0044,0.0000,200,0.8660
0.0212,0.0000,0.0000,0.0000,0.0208,0.0003,200,0.8500
0.0173,0.0000,0.0000,0.0000,0.0173,0.0000,200,0.8540
0.0276,0.0000,0.0000,0.0000,0.0275,0.0000,200,0.8446
0.0478,0.0000,0.0000,0.0000,0.0477,0.0000,200,0.8244
0.0315,0.0000,0.0000,0.0000,0.0314,0.0000,200,0.8409
0.0049,0.0000,0.0000,0.0000,0.0046,0.0003,200,0.8677
0.0760,0.0000,0.0000,0.0000,0.0759,0.0000,200,0.7970
0.0107,0.0000,0.0000,0.0000,0.0106,0.0000,200,0.8624
0.0052,0.0000,0.0000,0.0000,0.0052,0.0000,200,0.8682
0.0334,0.0000,0.0000,0.0000,0.0332,0.0001,200,0.8403
0.0051,0.0000,0.0000,0.0000,0.0050,0.0001,200,0.8692
0.0295,0.0000,0.0000,0.0000,0.0295,0.0000,200,0.8450
0.0494,0.0000,0.0000,0.0000,0.0490,0.0003,200,0.8253
0.0247,0.0000,0.0000,0.0000,0.0246,0.0000,200,0.8502
0.0557,0.0000,0.0000,0.0000,0.0556,0.0000,200,0.8198
0.0063,0.0000,0.0000,0.0000,0.0062,0.0000,200,0.8695
0.0169,0.0000,0.0000,0.0000,0.0168,0.0000,200,0.8590
0.0595,0.0000,0.0000,0.0000,0.0594,0.0000,200,0.8170
0.0407,0.0000,0.0000,0.0008,0.0378,0.0001,200,0.8360
0.0160,0.0000,0.0000,0.0000,0.0160,0.0000,200,0.8608
0.0154,0.0000,0.0000,0.0000,0.0152,0.0001,200,0.8620
0.0386,0.0000,0.0000,0.0007,0.0377,0.0000,200,0.8392
0.0076,0.0000,0.0000,0.0000,0.0075,0.0001,200,0.8705
0.0136,0.0000,0.0000,0.0001,0.0135,0.0000,200,0.8648
0.0022,0.0000,0.0000,0.0000,0.0021,0.0001,200,0.8769
0.0152,0.0000,0.0000,0.0000,0.0151,0.0000,200,0.8643
0.0733,0.0000,0.0000,0.0000,0.0733,0.0000,200,0.8061
0.0072,0.0000,0.0000,0.0001,0.0070,0.0000,200,0.8726
0.0115,0.0000,0.0000,0.0000,0.0115,0.0000,200,0.8688
0.0030,0.0000,0.0000,0.0000,0.0029,0.0001,200,0.8778
0.0097,0.0000,0.0000,0.0000,0.0096,0.0000,200,0.8713
0.0058,0.0000,0.0000,0.0000,0.0058,0.0000,200,0.8755
0.0243,0.0000,0.0000,0.0000,0.0242,0.0000,200,0.8571
0.0068,0.0000,0.0000,0.0000,0.0067,0.0000,200,0.8748
0.0058,0.0000,0.0000,0.0000,0.0057,0.0001,200,0.8765
0.0085,0.0000,0.0000,0.0000,0.0085,0.0000,200,0.8743
0.0451,0.0000,0.0000,0.0017,0.0432,0.0001,200,0.8378
0.0120,0.0000,0.0000,0.0000,0.0119,0.0001,200,0.8712
0.0105,0.0000,0.0000,0.0001,0.0103,0.0000,200,0.8730
0.0042,0.0000,0.0000,0.0000,0.0041,0.0000,200,0.8803
0.0210,0.0000,0.0000,0.0000,0.0205,0.0004,200,0.8634
0.0188,0.0000,0.0000,0.0000,0.0187,0.0000,200,0.8660
0.0043,0.0000,0.0000,0.0000,0.0041,0.0002,200,0.8810
0.0024,0.0000,0.0000,0.0000,0.0023,0.0000,200,0.8832
0.0110,0.0000,0.0000,0.0000,0.0109,0.0000,200,0.8747
0.0193,0.0000,0.0000,0.0000,0.0192,0.0001,200,0.8672
0.0022,0.0000,0.0000,0.0000,0.0021,0.0001,200,0.8845
0.0075,0.0000,0.0000,0.0000,0.0075,0.0000,200,0.8794
0.0207,0.0000,0.0000,0.0001,0.0205,0.0000,200,0.8668
0.0451,0.0000,0.0000,0.0000,0.0450,0.0000,200,0.8429
0.0423,0.0000,0.0000,0.0000,0.0422,0.0000,200,0.8461
0.0131,0.0000,0.0000,0.0000,0.0130,0.0001,200,0.8757
0.0263,0.0000,0.0000,0.0000,0.0262,0.0000,200,0.8629
0.0281,0.0000,0.0000,0.0000,0.0280,0.0000,200,0.8615
0.0030,0.0000,0.0000,0.0000,0.0029,0.0001,200,0.8870
0.0184,0.0000,0.0000,0.0000,0.0183,0.0000,200,0.8722
0.0011,0.0000,0.0000,0.0000,0.0010,0.0000,200,0.8896
0.0078,0.0000,0.0000,0.0000,0.0075,0.0003,200,0.8835
0.0025,0.0000,0.0000,0.0000,0.0024,0.0001,200,0.8892
0.0061,0.0000,0.0000,0.0000,0.0057,0.0000,200,0.8856
0.0417,0.0000,0.0000,0.0000,0.0416,0.0000,200,0.8502
0.0284,0.0000,0.0000,0.0000,0.0283,0.0000,200,0.8639
0.0150,0.0000,0.0000,0.0000,0.0149,0.0000,200,0.8774
0.0101,0.0000,0.0000,0.0000,0.0100,0.0000,200,0.8828
0.0014,0.0000,0.0000,0.0000,0.0013,0.0001,200,0.8917
0.0197,0.0000,0.0000,0.0000,0.0196,0.0000,200,0.8736
0.0114,0.0000,0.0000,0.0000,0.0113,0.0001,200,0.8824
0.0096,0.0000,0.0000,0.0000,0.0094,0.0001,200,0.8848
0.0078,0.0000,0.0000,0.0000,0.0077,0.0000,200,0.8866
0.0493,0.0000,0.0000,0.0000,0.0490,0.0003,200,0.8454
0.0043,0.0000,0.0000,0.0000,0.0042,0.0000,200,0.8913
0.0072,0.0000,0.0000,0.0000,0.0072,0.0000,200,0.8884
0.0154,0.0000,0.0000,0.0000,0.0153,0.0000,200,0.8808
0.0171,0.0000,0.0000,0.0000,0.0170,0.0001,200,0.8794
0.0107,0.0000,0.0000,0.0000,0.0106,0.0001,200,0.8865
0.0074,0.0000,0.0000,0.0000,0.0073,0.0000,200,0.8900
0.0180,0.0000,0.0000,0.0000,0.0178,0.0001,200,0.8797
0.0066,0.0000,0.0000,0.0000,0.0065,0.0000,200,0.8917
0.0204,0.0000,0.0000,0.0000,0.0204,0.0000,200,0.8785
0.0024,0.0000,0.0000,0.0000,0.0022,0.0001,200,0.8965
0.0086,0.0000,0.0000,0.0000,0.0084,0.0002,200,0.8906
0.0109,0.0000,0.0000,0.0000,0.0108,0.0001,200,0.8888
0.0124,0.0000,0.0000,0.0000,0.0122,0.0001,200,0.8875
0.1309,0.0000,0.0000,0.0000,0.1308,0.0000,200,0.7696
0.0278,0.0000,0.0000,0.0000,0.0277,0.0000,200,0.8730
0.0310,0.0000,0.0000,0.0000,0.0309,0.0001,200,0.8698
0.0314,0.0000,0.0000,0.0000,0.0312,0.0002,200,0.8701
0.0257,0.0000,0.0000,0.0000,0.0256,0.0000,200,0.8759
0.0046,0.0000,0.0000,0.0000,0.0045,0.0000,200,0.8977
0.0043,0.0000,0.0000,0.0000,0.0042,0.0000,200,0.8983
0.0020,0.0000,0.0000,0.0000,0.0019,0.0001,200,0.9007
0.0567,0.0000,0.0000,0.0001,0.0566,0.0000,200,0.8467
0.0112,0.0000,0.0000,0.0000,0.0112,0.0000,200,0.8923
0.0034,0.0000,0.0000,0.0000,0.0033,0.0001,200,0.9008
0.0443,0.0000,0.0000,0.0000,0.0442,0.0000,200,0.8601
0.0232,0.0000,0.0000,0.0000,0.0231,0.0001,200,0.8816
0.0260,0.0000,0.0000,0.0000,0.0259,0.0001,200,0.8791
0.0058,0.0000,0.0000,0.0000,0.0058,0.0000,200,0.8998
0.0510,0.0000,0.0000,0.0000,0.0509,0.0000,200,0.8548
0.0140,0.0000,0.0000,0.0001,0.0139,0.0000,200,0.8919
0.0183,0.0000,0.0000,0.0000,0.0182,0.0000,200,0.8880
0.0125,0.0000,0.0000,0.0000,0.0124,0.0001,200,0.8944
0.0476,0.0000,0.0000,0.0000,0.0475,0.0000,200,0.8595
0.0142,0.0000,0.0000,0.0000,0.0141,0.0001,200,0.8933
0.0021,0.0000,0.0000,0.0000,0.0020,0.0000,200,0.9058
0.0230,0.0000,0.0000,0.0000,0.0222,0.0001,200,0.8853
0.0142,0.0000,0.0000,0.0000,0.0141,0.0000,200,0.8948
0.0247,0.0000,0.0000,0.0001,0.0245,0.0000,200,0.8845
0.0236,0.0000,0.0000,0.0000,0.0230,0.0000,200,0.8856
0.0462,0.0000,0.0000,0.0000,0.0461,0.0001,200,0.8635
0.0026,0.0000,0.0000,0.0000,0.0025,0.0000,200,0.9076
0.0025,0.0000,0.0000,0.0000,0.0023,0.0001,200,0.9083
0.0135,0.0000,0.0000,0.0000,0.0134,0.0000,200,0.8973
0.0286,0.0000,0.0000,0.0000,0.0285,0.0000,200,0.8829
0.0075,0.0000,0.0000,0.0000,0.0074,0.0000,200,0.9044
0.0055,0.0000,0.0000,0.0000,0.0052,0.0002,200,0.9069
0.0110,0.0000,0.0000,0.0000,0.0109,0.0001,200,0.9016
0.0158,0.0000,0.0000,0.0000,0.0156,0.0000,200,0.8972
0.0181,0.0000,0.0000,0.0000,0.0180,0.0001,200,0.8956
0.0475,0.0000,0.0000,0.0000,0.0474,0.0001,200,0.8664
0.0035,0.0000,0.0000,0.0000,0.0034,0.0000,200,0.9108
0.0017,0.0000,0.0000,0.0000,0.0015,0.0001,200,0.9130
0.0218,0.0000,0.0000,0.0000,0.0215,0.0003,200,0.8931
0.0162,0.0000,0.0000,0.0001,0.0161,0.0000,200,0.8992
0.0171,0.0000,0.0000,0.0000,0.0169,0.0001,200,0.8989
0.0145,0.0000,0.0000,0.0000,0.0145,0.0000,200,0.9015
0.0124,0.0000,0.0000,0.0000,0.0123,0.0001,200,0.9042
0.0075,0.0000,0.0000,0.0000,0.0074,0.0001,200,0.9097
0.0361,0.0000,0.0000,0.0000,0.0360,0.0000,200,0.8813
0.0441,0.0000,0.0000,0.0000,0.0440,0.0001,200,0.8735
0.0064,0.0000,0.0000,0.0000,0.0063,0.0001,200,0.9115
0.0155,0.0000,0.0000,0.0000,0.0154,0.0001,200,0.9027
0.0027,0.0000,0.0000,0.0000,0.0024,0.0001,200,0.9160
0.0081,0.0000,0.0000,0.0000,0.0079,0.0001,200,0.9108
0.0931,0.0000,0.0000,0.0000,0.0930,0.0001,200,0.8264
0.0054,0.0000,0.0000,0.0000,0.0053,0.0000,200,0.9143
0.0078,0.0000,0.0000,0.0002,0.0076,0.0001,200,0.9124
0.0179,0.0000,0.0000,0.0000,0.0179,0.0000,200,0.9026
0.0145,0.0000,0.0000,0.0000,0.0144,0.0001,200,0.9063
0.0072,0.0000,0.0000,0.0000,0.0070,0.0001,200,0.9138
0.0055,0.0000,0.0000,0.0000,0.0053,0.0000,200,0.9161
0.0033,0.0000,0.0000,0.0000,0.0030,0.0002,200,0.9188
0.0025,0.0000,0.0000,0.0000,0.0023,0.0000,200,0.9195
0.0448,0.0000,0.0000,0.0000,0.0448,0.0000,200,0.8780
0.0174,0.0000,0.0000,0.0000,0.0173,0.0000,200,0.9056
0.0511,0.0000,0.0000,0.0000,0.0510,0.0000,200,0.8722
0.0048,0.0000,0.0000,0.0000,0.0046,0.0001,200,0.9189
0.0034,0.0000,0.0000,0.0002,0.0030,0.0002,200,0.9208
0.0033,0.0000,0.0000,0.0000,0.0032,0.0000,200,0.9210
0.0436,0.0000,0.0000,0.0000,0.0435,0.0000,200,0.8813
0.0049,0.0000,0.0000,0.0000,0.0046,0.0002,200,0.9205
0.0090,0.0000,0.0000,0.0000,0.0088,0.0001,200,0.9166
0.0047,0.0000,0.0000,0.0000,0.0046,0.0001,200,0.9215
0.0149,0.0000,0.0000,0.0000,0.0148,0.0001,200,0.9119
0.0523,0.0000,0.0000,0.0000,0.0523,0.0000,200,0.8745
0.0338,0.0000,0.0000,0.0000,0.0336,0.0002,200,0.8938
0.0187,0.0000,0.0000,0.0000,0.0186,0.0001,200,0.9093
0.0561,0.0000,0.0000,0.0000,0.0559,0.0002,200,0.8723
0.0010,0.0000,0.0000,0.0000,0.0010,0.0001,200,0.9276
0.0294,0.0000,0.0000,0.0001,0.0293,0.0000,200,0.8999
0.0139,0.0000,0.0000,0.0000,0.0138,0.0000,200,0.9155
0.0066,0.0000,0.0000,0.0000,0.0065,0.0001,200,0.9233
0.0106,0.0000,0.0000,0.0000,0.0106,0.0000,200,0.9196
0.0041,0.0000,0.0000,0.0000,0.0038,0.0002,200,0.9269
0.0322,0.0000,0.0000,0.0000,0.0321,0.0000,200,0.8989
0.0264,0.0000,0.0000,0.0000,0.0263,0.0001,200,0.9051
0.0016,0.0000,0.0000,0.0000,0.0015,0.0001,200,0.9303
0.0223,0.0000,0.0000,0.0000,0.0222,0.0000,200,0.9102
0.0012,0.0000,0.0000,0.0000,0.0011,0.0000,200,0.9315
0.0026,0.0000,0.0000,0.0000,0.0024,0.0002,200,0.9310
0.0190,0.0000,0.0000,0.0000,0.0190,0.0000,200,0.9147
0.0137,0.0000,0.0000,0.0000,0.0135,0.0001,200,0.9202
0.0253,0.0000,0.0000,0.0000,0.0250,0.0002,200,0.9092
0.0440,0.0000,0.0000,0.0000,0.0439,0.0001,200,0.8907
0.0583,0.0000,0.0000,0.0000,0.0583,0.0000,200,0.8768
0.0155,0.0000,0.0000,0.0002,0.0153,0.0000,200,0.9220
0.0162,0.0000,0.0000,0.0000,0.0161,0.0000,200,0.9220
0.0100,0.0000,0.0000,0.0004,0.0095,0.0000,200,0.9284
0.0423,0.0000,0.0000,0.0000,0.0420,0.0000,200,0.8962
0.0080,0.0000,0.0000,0.0000,0.0079,0.0000,200,0.9311
0.0106,0.0000,0.0000,0.0000,0.0105,0.0001,200,0.9294
0.0026,0.0000,0.0000,0.0000,0.0025,0.0001,200,0.9385
0.0064,0.0000,0.0000,0.0000,0.0063,0.0001,200,0.9383
0.0139,0.0000,0.0000,0.0000,0.0132,0.0001,200,0.9375
0.0468,0.0000,0.0000,0.0000,0.0358,0.0110,200,0.9048
0.0137,0.0000,0.0000,0.0001,0.0135,0.0001,200,0.9400
0.0040,0.0000,0.0000,0.0001,0.0038,0.0001,200,0.9514
0.0031,0.0000,0.0000,0.0000,0.0029,0.0001,200,0.9537
0.0011,0.0000,0.0000,0.0000,0.0009,0.0002,200,0.9568
0.0142,0.0000,0.0000,0.0000,0.0141,0.0001,200,0.9447
0.0212,0.0000,0.0000,0.0000,0.0210,0.0001,200,0.9391
0.0011,0.0000,0.0000,0.0000,0.0009,0.0000,200,0.9603
0.0212,0.0000,0.0000,0.0000,0.0211,0.0001,200,0.9412
0.0554,0.0000,0.0000,0.0000,0.0552,0.0002,200,0.9079
0.0680,0.0000,0.0000,0.0000,0.0482,0.0198,200,0.8956
0.0299,0.0000,0.0000,0.0000,0.0105,0.0194,200,0.9338
0.0694,0.0000,0.0000,0.0000,0.0508,0.0185,200,0.8944
0.0295,0.0000,0.0000,0.0001,0.0110,0.0183,200,0.9344
0.0580,0.0000,0.0000,0.0000,0.0401,0.0179,200,0.9059
0.0315,0.0000,0.0000,0.0000,0.0139,0.0176,200,0.9325
0.0467,0.0000,0.0000,0.0000,0.0293,0.0173,200,0.9174
0.0354,0.0000,0.0000,0.0000,0.0242,0.0108,200,0.9287
0.0459,0.0000,0.0000,0.0000,0.0296,0.0163,200,0.9182
0.0619,0.0000,0.0000,0.0000,0.0459,0.0159,200,0.9023
0.0413,0.0000,0.0000,0.0000,0.0256,0.0156,200,0.9230
0.0374,0.0000,0.0000,0.0000,0.0221,0.0153,200,0.9268
0.0381,0.0000,0.0000,0.0000,0.0231,0.0149,200,0.9262
0.0639,0.0000,0.0000,0.0000,0.0493,0.0146,200,0.9004
0.0495,0.0000,0.0000,0.0000,0.0351,0.0143,200,0.9150
0.0396,0.0000,0.0000,0.0000,0.0257,0.0139,200,0.9249
0.0611,0.0000,0.0000,0.0001,0.0474,0.0136,200,0.9034
0.0470,0.0000,0.0000,0.0000,0.0255,0.0214,200,0.9176
0.0468,0.0000,0.0000,0.0000,0.0236,0.0232,200,0.9178
0.0511,0.0000,0.0000,0.0000,0.0294,0.0216,200,0.9136
0.0033,0.0000,0.0000,0.0000,0.0032,0.0000,200,0.9614
0.0391,0.0000,0.0000,0.0000,0.0263,0.0127,200,0.9257
0.0394,0.0000,0.0000,0.0000,0.0270,0.0123,200,0.9254
0.0719,0.0000,0.0000,0.0000,0.0599,0.0120,200,0.8929
0.0405,0.0000,0.0000,0.0000,0.0355,0.0050,200,0.9243
0.0560,0.0000,0.0000,0.0000,0.0559,0.0000,200,0.9089
0.0349,0.0000,0.0000,0.0001,0.0241,0.0107,200,0.9300
0.0524,0.0000,0.0000,0.0000,0.0420,0.0103,200,0.9126
0.0311,0.0000,0.0000,0.0001,0.0210,0.0100,200,0.9339
0.0358,0.0000,0.0000,0.0000,0.0266,0.0092,200,0.9293
0.0316,0.0000,0.0000,0.0000,0.0238,0.0077,200,0.9336
0.0305,0.0000,0.0000,0.0000,0.0304,0.0000,200,0.9347
0.0415,0.0000,0.0000,0.0000,0.0194,0.0221,200,0.9237
0.0411,0.0000,0.0000,0.0000,0.0342,0.0068,200,0.9242
0.0374,0.0000,0.0000,0.0000,0.0329,0.0045,200,0.9279
0.0030,0.0000,0.0000,0.0000,0.0029,0.0000,200,0.9624
0.0482,0.0000,0.0000,0.0000,0.0262,0.0220,200,0.9172
0.0426,0.0000,0.0000,0.0000,0.0202,0.0223,200,0.9229
0.0731,0.0000,0.0000,0.0000,0.0508,0.0223,200,0.8924
0.0620,0.0000,0.0000,0.0000,0.0593,0.0026,200,0.9035
0.0336,0.0000,0.0000,0.0000,0.0299,0.0037,200,0.9319
0.0304,0.0000,0.0000,0.0000,0.0116,0.0184,200,0.9352
0.0329,0.0000,0.0000,0.0000,0.0234,0.0093,200,0.9327
0.0588,0.0000,0.0000,0.0000,0.0404,0.0185,200,0.9071
0.0279,0.0000,0.0000,0.0000,0.0279,0.0000,200,0.9384
0.0009,0.0000,0.0000,0.0000,0.0008,0.0000,200,0.9655
0.0010,0.0000,0.0000,0.0000,0.0010,0.0000,200,0.9654
0.0011,0.0000,0.0000,0.0000,0.0008,0.0003,200,0.9653
0.0017,0.0000,0.0000,0.0000,0.0016,0.0000,200,0.9654
0.0022,0.0000,0.0000,0.0000,0.0021,0.0001,200,0.9652
0.0028,0.0000,0.0000,0.0000,0.0028,0.0000,200,0.9648
0.0017,0.0000,0.0000,0.0005,0.0010,0.0001,200,0.9665
0.0050,0.0000,0.0000,0.0002,0.0047,0.0000,200,0.9634
0.0031,0.0000,0.0000,0.0000,0.0031,0.0000,200,0.9654
0.0046,0.0000,0.0000,0.0000,0.0045,0.0001,200,0.9644
0.0054,0.0000,0.0000,0.0000,0.0054,0.0000,200,0.9639
0.0058,0.0000,0.0000,0.0000,0.0057,0.0000,200,0.9640
0.0066,0.0000,0.0000,0.0000,0.0065,0.0001,200,0.9636
0.0195,0.0000,0.0000,0.0000,0.0058,0.0007,200,0.9516
0.0069,0.0000,0.0000,0.0000,0.0068,0.0000,200,0.9649
0.0063,0.0000,0.0000,0.0000,0.0062,0.0001,200,0.9655
0.0070,0.0000,0.0000,0.0000,0.0069,0.0001,200,0.9647
0.0068,0.0000,0.0000,0.0000,0.0067,0.0000,200,0.9655
0.0043,0.0000,0.0000,0.0000,0.0041,0.0000,200,0.9681
0.0175,0.0000,0.0000,0.0000,0.0078,0.0001,200,0.9555
0.0074,0.0000,0.0000,0.0000,0.0074,0.0000,200,0.9656
0.0089,0.0000,0.0000,0.0000,0.0087,0.0001,200,0.9648
0.0080,0.0000,0.0000,0.0000,0.0079,0.0000,200,0.9660
0.0098,0.0000,0.0000,0.0000,0.0098,0.0000,200,0.9645
0.0103,0.0000,0.0000,0.0000,0.0103,0.0000,200,0.9644
0.0085,0.0000,0.0000,0.0000,0.0084,0.0000,200,0.9664
0.0068,0.0000,0.0000,0.0000,0.0067,0.0000,200,0.9685
0.0123,0.0000,0.0000,0.0001,0.0122,0.0000,200,0.9637
0.0115,0.0000,0.0000,0.0000,0.0108,0.0006,200,0.9647
0.0115,0.0000,0.0000,0.0000,0.0114,0.0000,200,0.9651
0.0126,0.0000,0.0000,0.0000,0.0125,0.0001,200,0.9643
0.0124,0.0000,0.0000,0.0000,0.0123,0.0000,200,0.9650
0.0070,0.0000,0.0000,0.0000,0.0070,0.0000,200,0.9718
0.0071,0.0000,0.0000,0.0000,0.0070,0.0001,200,0.9717
0.0146,0.0000,0.0000,0.0000,0.0145,0.0000,200,0.9643
0.0137,0.0000,0.0000,0.0000,0.0136,0.0001,200,0.9652
0.0156,0.0000,0.0000,0.0000,0.0145,0.0011,200,0.9649
0.0136,0.0000,0.0000,0.0000,0.0135,0.0000,200,0.9671
0.0164,0.0000,0.0000,0.0000,0.0159,0.0004,200,0.9647
0.0087,0.0000,0.0000,0.0000,0.0087,0.0000,200,0.9724
0.0223,0.0000,0.0000,0.0004,0.0218,0.0000,200,0.9589
0.0043,0.0000,0.0000,0.0000,0.0043,0.0000,200,0.9769
0.0072,0.0000,0.0000,0.0006,0.0064,0.0000,200,0.9744
0.0178,0.0000,0.0000,0.0000,0.0177,0.0000,200,0.9642
0.0036,0.0000,0.0000,0.0000,0.0034,0.0002,200,0.9789
0.0091,0.0000,0.0000,0.0000,0.0090,0.0001,200,0.9740
0.0100,0.0000,0.0000,0.0000,0.0098,0.0002,200,0.9737
0.0073,0.0000,0.0000,0.0000,0.0073,0.0000,200,0.9766
0.0030,0.0000,0.0000,0.0000,0.0029,0.0001,200,0.9813
0.0081,0.0000,0.0000,0.0000,0.0081,0.0001,200,0.9762
0.0269,0.0000,0.0000,0.0000,0.0268,0.0000,200,0.9579
0.0194,0.0000,0.0000,0.0000,0.0193,0.0000,200,0.9664
0.0221,0.0000,0.0000,0.0000,0.0221,0.0000,200,0.9637
0.0212,0.0000,0.0000,0.0000,0.0212,0.0000,200,0.9646
0.0073,0.0000,0.0000,0.0000,0.0073,0.0000,200,0.9789
0.0053,0.0000,0.0000,0.0000,0.0052,0.0001,200,0.9812
0.0120,0.0000,0.0000,0.0000,0.0119,0.0001,200,0.9747
0.0217,0.0000,0.0000,0.0000,0.0216,0.0001,200,0.9656
0.0238,0.0000,0.0000,0.0000,0.0235,0.0002,200,0.9641
0.0106,0.0000,0.0000,0.0000,0.0106,0.0000,200,0.9773
0.0049,0.0000,0.0000,0.0000,0.0048,0.0000,200,0.9837
0.0081,0.0000,0.0000,0.0000,0.0080,0.0000,200,0.9807
0.0020,0.0000,0.0000,0.0000,0.0019,0.0000,200,0.9872
0.0091,0.0000,0.0000,0.0000,0.0090,0.0000,200,0.9805
0.0014,0.0000,0.0000,0.0000,0.0013,0.0001,200,0.9887
0.0018,0.0000,0.0000,0.0000,0.0017,0.0000,200,0.9887
0.0191,0.0000,0.0000,0.0000,0.0190,0.0000,200,0.9718
0.0188,0.0000,0.0000,0.0000,0.0187,0.0000,200,0.9723
0.0032,0.0000,0.0000,0.0000,0.0031,0.0001,200,0.9886
0.0109,0.0000,0.0000,0.0000,0.0108,0.0000,200,0.9812
0.0014,0.0000,0.0000,0.0000,0.0013,0.0000,200,0.9912
0.0091,0.0000,0.0000,0.0001,0.0089,0.0001,200,0.9839
0.0040,0.0000,0.0000,0.0000,0.0039,0.0000,200,0.9897
0.0261,0.0000,0.0000,0.0000,0.0260,0.0000,200,0.9683
0.0159,0.0000,0.0000,0.0000,0.0157,0.0002,200,0.9789
0.0112,0.0000,0.0000,0.0000,0.0110,0.0001,200,0.9843
0.0089,0.0000,0.0000,0.0000,0.0088,0.0000,200,0.9867
0.0025,0.0000,0.0000,0.0000,0.0024,0.0000,200,0.9937
0.0314,0.0000,0.0000,0.0000,0.0312,0.0001,200,0.9651
0.0142,0.0000,0.0000,0.0000,0.0141,0.0000,200,0.9831
0.0029,0.0000,0.0000,0.0000,0.0029,0.0000,200,0.9944
0.0277,0.0000,0.0000,0.0000,0.0275,0.0001,200,0.9698
0.0159,0.0000,0.0000,0.0000,0.0159,0.0000,200,0.9820
0.0029,0.0000,0.0000,0.0000,0.0026,0.0000,200,0.9955
0.0173,0.0000,0.0000,0.0000,0.0172,0.0000,200,0.9816
0.0300,0.0000,0.0000,0.0000,0.0299,0.0000,200,0.9694
0.0355,0.0000,0.0000,0.0000,0.0354,0.0001,200,0.9645
0.0180,0.0000,0.0000,0.0000,0.0179,0.0000,200,0.9825
0.0264,0.0000,0.0000,0.0000,0.0263,0.0001,200,0.9748
0.0171,0.0000,0.0000,0.0000,0.0168,0.0003,200,0.9848
0.0363,0.0000,0.0000,0.0000,0.0363,0.0000,200,0.9656
0.0382,0.0000,0.0000,0.0000,0.0381,0.0000,200,0.9641
0.0294,0.0000,0.0000,0.0000,0.0293,0.0001,200,0.9730
0.0380,0.0000,0.0000,0.0000,0.0379,0.0001,200,0.9649
0.0062,0.0000,0.0000,0.0000,0.0059,0.0002,200,0.9973
0.0048,0.0000,0.0000,0.0000,0.0047,0.0000,200,0.9988
0.0020,0.0000,0.0000,0.0000,0.0019,0.0001,200,1.0019
0.0193,0.0000,0.0000,0.0000,0.0187,0.0001,200,0.9862
0.0062,0.0000,0.0000,0.0001,0.0060,0.0001,200,0.9993
0.0152,0.0000,0.0000,0.0000,0.0152,0.0001,200,0.9905
0.0398,0.0000,0.0000,0.0000,0.0395,0.0003,200,0.9664
0.0114,0.0000,0.0000,0.0000,0.0113,0.0000,200,0.9948
0.0336,0.0000,0.0000,0.0000,0.0336,0.0000,200,0.9730
0.0212,0.0000,0.0000,0.0000,0.0211,0.0001,200,0.9858
0.0103,0.0000,0.0000,0.0000,0.0102,0.0000,200,0.9973
0.0173,0.0000,0.0000,0.0000,0.0172,0.0001,200,0.9909
0.0067,0.0000,0.0000,0.0000,0.0066,0.0000,200,1.0023
0.0304,0.0000,0.0000,0.0000,0.0302,0.0002,200,0.9788
0.0063,0.0000,0.0000,0.0000,0.0062,0.0000,200,1.0029
0.0456,0.0000,0.0000,0.0000,0.0456,0.0000,200,0.9639
0.0463,0.0000,0.0000,0.0000,0.0461,0.0002,200,0.9642
0.0355,0.0000,0.0000,0.0000,0.0354,0.0001,200,0.9753
0.0070,0.0000,0.0000,0.0000,0.0067,0.0000,200,1.0039
0.0403,0.0000,0.0000,0.0000,0.0402,0.0000,200,0.9711
0.0197,0.0000,0.0000,0.0000,0.0195,0.0002,200,0.9925
0.0115,0.0000,0.0000,0.0000,0.0114,0.0001,200,1.0013
0.0077,0.0000,0.0000,0.0000,0.0075,0.0002,200,1.0061
0.0278,0.0000,0.0000,0.0000,0.0277,0.0000,200,0.9865
0.0040,0.0000,0.0000,0.0000,0.0039,0.0000,200,1.0107
0.0045,0.0000,0.0000,0.0000,0.0043,0.0002,200,1.0106
0.0502,0.0000,0.0000,0.0000,0.0501,0.0000,200,0.9650
0.0061,0.0000,0.0000,0.0000,0.0060,0.0001,200,1.0095
0.0108,0.0000,0.0000,0.0000,0.0106,0.0001,200,1.0055
0.0527,0.0000,0.0000,0.0000,0.0526,0.0001,200,0.9640
0.0211,0.0000,0.0000,0.0000,0.0211,0.0000,200,0.9957
0.0091,0.0000,0.0000,0.0000,0.0090,0.0000,200,1.0082
0.0153,0.0000,0.0000,0.0000,0.0152,0.0000,200,1.0025
0.0421,0.0000,0.0000,0.0000,0.0420,0.0001,200,0.9760
0.0019,0.0000,0.0000,0.0000,0.0018,0.0000,200,1.0167
0.0044,0.0000,0.0000,0.0000,0.0043,0.0000,200,1.0143
0.0207,0.0000,0.0000,0.0000,0.0206,0.0000,200,0.9984
0.0520,0.0000,0.0000,0.0000,0.0520,0.0000,200,0.9676
0.0194,0.0000,0.0000,0.0000,0.0193,0.0001,200,1.0005
0.0129,0.0000,0.0000,0.0000,0.0128,0.0000,200,1.0071
0.0243,0.0000,0.0000,0.0000,0.0241,0.0000,200,0.9962
0.0561,0.0000,0.0000,0.0000,0.0561,0.0000,200,0.9645
0.0027,0.0000,0.0000,0.0000,0.0026,0.0001,200,1.0181
0.0155,0.0000,0.0000,0.0000,0.0152,0.0001,200,1.0056
0.0377,0.0000,0.0000,0.0000,0.0376,0.0000,200,0.9843
0.0145,0.0000,0.0000,0.0000,0.0144,0.0000,200,1.0076
0.0201,0.0000,0.0000,0.0000,0.0201,0.0000,200,1.0019
0.0421,0.0000,0.0000,0.0000,0.0420,0.0001,200,0.9811
0.0023,0.0000,0.0000,0.0000,0.0022,0.0000,200,1.0211
0.0260,0.0000,0.0000,0.0000,0.0259,0.0000,200,0.9974
0.0171,0.0000,0.0000,0.0000,0.0170,0.0000,200,1.0066
0.0056,0.0000,0.0000,0.0000,0.0055,0.0001,200,1.0186
0.0390,0.0000,0.0000,0.0000,0.0389,0.0001,200,0.9858
0.0336,0.0000,0.0000,0.0000,0.0335,0.0000,200,0.9918
0.0058,0.0000,0.0000,0.0000,0.0057,0.0000,200,1.0199
0.0341,0.0000,0.0000,0.0000,0.0340,0.0000,200,0.9921
0.0145,0.0000,0.0000,0.0001,0.0143,0.0000,200,1.0122
0.0368,0.0000,0.0000,0.0000,0.0367,0.0000,200,0.9901
0.0039,0.0000,0.0000,0.0000,0.0038,0.0001,200,1.0232
0.0105,0.0000,0.0000,0.0000,0.0104,0.0001,200,1.0168
0.0353,0.0000,0.0000,0.0000,0.0352,0.0000,200,0.9930
0.0609,0.0000,0.0000,0.0000,0.0608,0.0000,200,0.9675
0.0201,0.0000,0.0000,0.0000,0.0200,0.0001,200,1.0090
0.0011,0.0000,0.0000,0.0000,0.0010,0.0000,200,1.0284
0.0418,0.0000,0.0000,0.0000,0.0416,0.0001,200,0.9879
0.0302,0.0000,0.0000,0.0000,0.0301,0.0000,200,0.9999
0.0097,0.0000,0.0000,0.0000,0.0097,0.0000,200,1.0205
0.0143,0.0000,0.0000,0.0000,0.0132,0.0010,200,1.0173
0.0352,0.0000,0.0000,0.0000,0.0351,0.0000,200,0.9966
0.0256,0.0000,0.0000,0.0000,0.0256,0.0000,200,1.0062
0.0061,0.0000,0.0000,0.0000,0.0060,0.0001,200,1.0257
0.0023,0.0000,0.0000,0.0000,0.0020,0.0000,200,1.0303
0.0627,0.0000,0.0000,0.0002,0.0624,0.0000,200,0.9703
0.0099,0.0000,0.0000,0.0000,0.0098,0.0001,200,1.0234
0.0011,0.0000,0.0000,0.0000,0.0010,0.0000,200,1.0325
0.0359,0.0000,0.0000,0.0000,0.0358,0.0000,200,0.9979
0.0131,0.0000,0.0000,0.0001,0.0130,0.0001,200,1.0208
0.0289,0.0000,0.0000,0.0000,0.0288,0.0000,200,1.0057
0.0035,0.0000,0.0000,0.0001,0.0033,0.0000,200,1.0316
0.0086,0.0000,0.0000,0.0000,0.0084,0.0001,200,1.0271
0.0025,0.0000,0.0000,0.0000,0.0024,0.0000,200,1.0334
0.0267,0.0000,0.0000,0.0000,0.0267,0.0000,200,1.0092
0.0077,0.0000,0.0000,0.0000,0.0077,0.0000,200,1.0291
0.0135,0.0000,0.0000,0.0000,0.0134,0.0000,200,1.0234
0.0231,0.0000,0.0000,0.0000,0.0230,0.0000,200,1.0139
0.0156,0.0000,0.0000,0.0000,0.0155,0.0000,200,1.0220
0.0194,0.0000,0.0000,0.0000,0.0193,0.0001,200,1.0186
0.0130,0.0000,0.0000,0.0000,0.0129,0.0001,200,1.0254
0.0234,0.0000,0.0000,0.0000,0.0232,0.0001,200,1.0156
0.0021,0.0000,0.0000,0.0000,0.0020,0.0001,200,1.0370
0.0059,0.0000,0.0000,0.0000,0.0057,0.0001,200,1.0338
0.0013,0.0000,0.0000,0.0000,0.0013,0.0000,200,1.0384
0.0294,0.0000,0.0000,0.0000,0.0293,0.0000,200,1.0110
0.0185,0.0000,0.0000,0.0000,0.0185,0.0000,200,1.0220
0.0085,0.0000,0.0000,0.0000,0.0080,0.0004,200,1.0329
0.0096,0.0000,0.0000,0.0000,0.0095,0.0000,200,1.0318
0.0123,0.0000,0.0000,0.0000,0.0119,0.0003,200,1.0301
0.0019,0.0000,0.0000,0.0000,0.0017,0.0001,200,1.0406
0.0223,0.0000,0.0000,0.0000,0.0215,0.0007,200,1.0206
0.0089,0.0000,0.0000,0.0000,0.0088,0.0000,200,1.0339
0.0233,0.0000,0.0000,0.0000,0.0232,0.0001,200,1.0199
0.0286,0.0000,0.0000,0.0000,0.0286,0.0000,200,1.0152
0.0291,0.0000,0.0000,0.0000,0.0290,0.0001,200,1.0147
0.0317,0.0000,0.0000,0.0000,0.0316,0.0000,200,1.0128
0.0333,0.0000,0.0000,0.0000,0.0331,0.0000,200,1.0114
0.0063,0.0000,0.0000,0.0000,0.0063,0.0000,200,1.0390
0.0100,0.0000,0.0000,0.0000,0.0099,0.0001,200,1.0359
0.0132,0.0000,0.0000,0.0000,0.0130,0.0002,200,1.0336
0.0285,0.0000,0.0000,0.0000,0.0282,0.0002,200,1.0190
0.0241,0.0000,0.0000,0.0001,0.0238,0.0002,200,1.0242
0.0215,0.0000,0.0000,0.0000,0.0214,0.0001,200,1.0269
0.0134,0.0000,0.0000,0.0000,0.0132,0.0001,200,1.0357
0.0089,0.0000,0.0000,0.0000,0.0088,0.0001,200,1.0404
0.0104,0.0000,0.0000,0.0000,0.0103,0.0001,200,1.0397
0.0468,0.0000,0.0000,0.0000,0.0466,0.0000,200,1.0035
0.0284,0.0000,0.0000,0.0000,0.0283,0.0001,200,1.0248
0.0183,0.0000,0.0000,0.0000,0.0181,0.0000,200,1.0350
0.0110,0.0000,0.0000,0.0000,0.0108,0.0001,200,1.0425
0.0171,0.0000,0.0000,0.0000,0.0170,0.0001,200,1.0369
0.0246,0.0000,0.0000,0.0000,0.0245,0.0000,200,1.0295
0.0194,0.0000,0.0000,0.0000,0.0194,0.0001,200,1.0346
0.0118,0.0000,0.0000,0.0000,0.0116,0.0001,200,1.0424
0.0348,0.0000,0.0000,0.0000,0.0347,0.0000,200,1.0197
0.0229,0.0000,0.0000,0.0000,0.0228,0.0000,200,1.0318
0.0385,0.0000,0.0000,0.0000,0.0384,0.0000,200,1.0163
0.0057,0.0000,0.0000,0.0001,0.0055,0.0000,200,1.0491
0.0103,0.0000,0.0000,0.0000,0.0102,0.0000,200,1.0445
0.0279,0.0000,0.0000,0.0000,0.0278,0.0000,200,1.0273
0.0069,0.0000,0.0000,0.0000,0.0065,0.0002,200,1.0484
0.0155,0.0000,0.0000,0.0000,0.0154,0.0000,200,1.0414
0.0042,0.0000,0.0000,0.0000,0.0041,0.0000,200,1.0535
0.0202,0.0000,0.0000,0.0000,0.0202,0.0000,200,1.0375
0.0145,0.0000,0.0000,0.0000,0.0142,0.0001,200,1.0438
0.0894,0.0000,0.0000,0.0000,0.0893,0.0001,200,0.9690
0.0056,0.0000,0.0000,0.0000,0.0054,0.0001,200,1.0540
0.0065,0.0000,0.0000,0.0000,0.0064,0.0000,200,1.0533
0.0377,0.0000,0.0000,0.0000,0.0377,0.0000,200,1.0220
0.0178,0.0000,0.0000,0.0000,0.0175,0.0002,200,1.0428
0.0055,0.0000,0.0000,0.0000,0.0054,0.0000,200,1.0553
0.0249,0.0000,0.0000,0.0001,0.0247,0.0001,200,1.0359
0.0343,0.0000,0.0000,0.0000,0.0341,0.0001,200,1.0267
0.0145,0.0000,0.0000,0.0000,0.0143,0.0001,200,1.0468
0.0183,0.0000,0.0000,0.0000,0.0182,0.0000,200,1.0431
0.0071,0.0000,0.0000,0.0000,0.0070,0.0000,200,1.0548
0.0245,0.0000,0.0000,0.0000,0.0244,0.0000,200,1.0380
0.0056,0.0000,0.0000,0.0000,0.0055,0.0000,200,1.0569
0.0592,0.0000,0.0000,0.0001,0.0589,0.0000,200,1.0036
0.0154,0.0000,0.0000,0.0000,0.0152,0.0000,200,1.0475
0.0243,0.0000,0.0000,0.0000,0.0239,0.0003,200,1.0397
0.0110,0.0000,0.0000,0.0001,0.0109,0.0000,200,1.0533
0.0413,0.0000,0.0000,0.0000,0.0412,0.0000,200,1.0237
0.0032,0.0000,0.0000,0.0000,0.0030,0.0002,200,1.0625
0.0065,0.0000,0.0000,0.0000,0.0064,0.0000,200,1.0614
0.0095,0.0000,0.0000,0.0000,0.0093,0.0000,200,1.0584
0.0502,0.0000,0.0000,0.0000,0.0498,0.0003,200,1.0177
0.0084,0.0000,0.0000,0.0000,0.0084,0.0000,200,1.0608
0.0054,0.0000,0.0000,0.0001,0.0050,0.0001,200,1.0643
0.0149,0.0000,0.0000,0.0000,0.0149,0.0000,200,1.0548
0.0159,0.0000,0.0000,0.0000,0.0158,0.0001,200,1.0542
0.0079,0.0000,0.0000,0.0000,0.0075,0.0004,200,1.0629
0.0173,0.0000,0.0000,0.0000,0.0172,0.0001,200,1.0548
0.0112,0.0000,0.0000,0.0000,0.0112,0.0000,200,1.0610
0.0084,0.0000,0.0000,0.0000,0.0081,0.0001,200,1.0640
0.0633,0.0000,0.0000,0.0000,0.0633,0.0000,200,1.0092
0.0182,0.0000,0.0000,0.0000,0.0182,0.0000,200,1.0544
0.0469,0.0000,0.0000,0.0000,0.0468,0.0000,200,1.0263
0.0033,0.0000,0.0000,0.0000,0.0032,0.0000,200,1.0701
0.0881,0.0000,0.0000,0.0000,0.0880,0.0001,200,0.9858
0.0240,0.0000,0.0000,0.0000,0.0238,0.0001,200,1.0501
0.0023,0.0000,0.0000,0.0000,0.0022,0.0000,200,1.0721
0.0072,0.0000,0.0000,0.0000,0.0069,0.0002,200,1.0679
0.0155,0.0000,0.0000,0.0000,0.0154,0.0000,200,1.0598
0.0132,0.0000,0.0000,0.0000,0.0131,0.0001,200,1.0629
0.0163,0.0000,0.0000,0.0000,0.0161,0.0002,200,1.0598
0.0066,0.0000,0.0000,0.0000,0.0061,0.0003,200,1.0708
0.0223,0.0000,0.0000,0.0000,0.0220,0.0003,200,1.0552
0.0202,0.0000,0.0000,0.0000,0.0201,0.0000,200,1.0577
0.0175,0.0000,0.0000,0.0000,0.0169,0.0006,200,1.0606
0.0169,0.0000,0.0000,0.0000,0.0167,0.0001,200,1.0613
0.0247,0.0000,0.0000,0.0000,0.0246,0.0000,200,1.0540
0.0341,0.0000,0.0000,0.0000,0.0340,0.0000,200,1.0453
0.0384,0.0000,0.0000,0.0000,0.0383,0.0000,200,1.0414
0.0930,0.0000,0.0000,0.0000,0.0929,0.0000,200,0.9893
0.0100,0.0000,0.0000,0.0000,0.0100,0.0000,200,1.0725
0.0039,0.0000,0.0000,0.0001,0.0037,0.0000,200,1.0787
0.0048,0.0000,0.0000,0.0000,0.0046,0.0001,200,1.0779
0.0102,0.0000,0.0000,0.0000,0.0102,0.0000,200,1.0724
0.0170,0.0000,0.0000,0.0001,0.0168,0.0000,200,1.0657
0.0530,0.0000,0.0000,0.0000,0.0529,0.0000,200,1.0297
0.0132,0.0000,0.0000,0.0000,0.0131,0.0000,200,1.0697
0.0179,0.0000,0.0000,0.0000,0.0163,0.0006,200,1.0650
0.0283,0.0000,0.0000,0.0000,0.0282,0.0000,200,1.0547
0.0402,0.0000,0.0000,0.0000,0.0401,0.0000,200,1.0428
0.0138,0.0000,0.0000,0.0000,0.0137,0.0000,200,1.0693
0.0033,0.0000,0.0000,0.0000,0.0032,0.0000,200,1.0798
0.0348,0.0000,0.0000,0.0000,0.0345,0.0000,200,1.0483
0.0086,0.0000,0.0000,0.0000,0.0085,0.0001,200,1.0753
0.0050,0.0000,0.0000,0.0000,0.0050,0.0000,200,1.0794
0.0344,0.0000,0.0000,0.0000,0.0344,0.0000,200,1.0503
0.0028,0.0000,0.0000,0.0000,0.0027,0.0000,200,1.0826
0.0074,0.0000,0.0000,0.0000,0.0074,0.0000,200,1.0781
0.0177,0.0000,0.0000,0.0000,0.0176,0.0000,200,1.0679
0.0707,0.0000,0.0000,0.0000,0.0702,0.0001,200,1.0151
0.0129,0.0000,0.0000,0.0000,0.0128,0.0001,200,1.0731
0.0289,0.0000,0.0000,0.0000,0.0288,0.0000,200,1.0576
0.0121,0.0000,0.0000,0.0000,0.0119,0.0001,200,1.0751
0.0127,0.0000,0.0000,0.0000,0.0127,0.0000,200,1.0744
0.0430,0.0000,0.0000,0.0000,0.0429,0.0000,200,1.0448
0.0102,0.0000,0.0000,0.0000,0.0101,0.0001,200,1.0781
0.0062,0.0000,0.0000,0.0000,0.0059,0.0002,200,1.0829
0.0196,0.0000,0.0000,0.0000,0.0195,0.0000,200,1.0696
0.0066,0.0000,0.0000,0.0000,0.0066,0.0000,200,1.0829
0.0073,0.0000,0.0000,0.0000,0.0072,0.0000,200,1.0822
0.0137,0.0000,0.0000,0.0000,0.0136,0.0001,200,1.0761
0.0315,0.0000,0.0000,0.0000,0.0312,0.0003,200,1.0583
0.0083,0.0000,0.0000,0.0000,0.0082,0.0001,200,1.0826
0.0174,0.0000,0.0000,0.0000,0.0173,0.0000,200,1.0739
0.0083,0.0000,0.0000,0.0000,0.0082,0.0001,200,1.0830
0.0078,0.0000,0.0000,0.0002,0.0076,0.0000,200,1.0839
0.0065,0.0000,0.0000,0.0000,0.0064,0.0000,200,1.0854
0.0464,0.0000,0.0000,0.0000,0.0464,0.0000,200,1.0459
0.0064,0.0000,0.0000,0.0000,0.0063,0.0000,200,1.0860
0.0067,0.0000,0.0000,0.0000,0.0066,0.0001,200,1.0865
0.0057,0.0000,0.0000,0.0000,0.0056,0.0000,200,1.0878
0.0053,0.0000,0.0000,0.0000,0.0052,0.0000,200,1.0883
0.0126,0.0000,0.0000,0.0000,0.0124,0.0000,200,1.0826
0.0178,0.0000,0.0000,0.0000,0.0178,0.0000,200,1.0774
0.0054,0.0000,0.0000,0.0000,0.0053,0.0000,200,1.0899
0.0029,0.0000,0.0000,0.0000,0.0028,0.0001,200,1.0924
0.0081,0.0000,0.0000,0.0000,0.0081,0.0000,200,1.0872
0.0590,0.0000,0.0000,0.0000,0.0589,0.0000,200,1.0368
0.0131,0.0000,0.0000,0.0000,0.0130,0.0000,200,1.0831
0.0047,0.0000,0.0000,0.0000,0.0045,0.0001,200,1.0918
0.0125,0.0000,0.0000,0.0000,0.0125,0.0000,200,1.0844
0.0078,0.0000,0.0000,0.0000,0.0076,0.0002,200,1.0895
0.0079,0.0000,0.0000,0.0000,0.0079,0.0000,200,1.0895
0.0218,0.0000,0.0000,0.0000,0.0217,0.0000,200,1.0761
0.0375,0.0000,0.0000,0.0000,0.0375,0.0000,200,1.0609
0.0088,0.0000,0.0000,0.0000,0.0087,0.0000,200,1.0898
0.0250,0.0000,0.0000,0.0001,0.0248,0.0001,200,1.0741
0.0086,0.0000,0.0000,0.0000,0.0085,0.0000,200,1.0909
0.0372,0.0000,0.0000,0.0000,0.0371,0.0000,200,1.0625
0.0085,0.0000,0.0000,0.0000,0.0084,0.0000,200,1.0913
0.0458,0.0000,0.0000,0.0000,0.0457,0.0000,200,1.0541
0.0170,0.0000,0.0000,0.0000,0.0165,0.0002,200,1.0829
0.0615,0.0000,0.0000,0.0000,0.0614,0.0000,200,1.0391
0.0055,0.0000,0.0000,0.0000,0.0054,0.0000,200,1.0952
0.0728,0.0000,0.0000,0.0000,0.0727,0.0000,200,1.0283
0.0122,0.0000,0.0000,0.0000,0.0122,0.0000,200,1.0892
0.0163,0.0000,0.0000,0.0000,0.0162,0.0001,200,1.0856
0.0026,0.0000,0.0000,0.0000,0.0024,0.0001,200,1.0998
0.0067,0.0000,0.0000,0.0000,0.0067,0.0000,200,1.0958
0.0436,0.0000,0.0000,0.0000,0.0436,0.0000,200,1.0596
0.0417,0.0000,0.0000,0.0000,0.0416,0.0000,200,1.0619
0.0719,0.0000,0.0000,0.0000,0.0718,0.0001,200,1.0318
0.0604,0.0000,0.0000,0.0000,0.0604,0.0000,200,1.0438
0.0055,0.0000,0.0000,0.0000,0.0054,0.0001,200,1.0991
0.0134,0.0000,0.0000,0.0000,0.0133,0.0000,200,1.0913
0.0557,0.0000,0.0000,0.0000,0.0557,0.0000,200,1.0493
0.0333,0.0000,0.0000,0.0000,0.0332,0.0000,200,1.0722
0.0080,0.0000,0.0000,0.0000,0.0080,0.0000,200,1.0979
0.0066,0.0000,0.0000,0.0000,0.0066,0.0000,200,1.0997
0.0130,0.0000,0.0000,0.0000,0.0130,0.0000,200,1.0934
0.0177,0.0000,0.0000,0.0000,0.0176,0.0000,200,1.0891
0.0079,0.0000,0.0000,0.0000,0.0078,0.0000,200,1.0995
0.0092,0.0000,0.0000,0.0000,0.0091,0.0000,200,1.0984
0.0061,0.0000,0.0000,0.0000,0.0060,0.0000,200,1.1019
0.0234,0.0000,0.0000,0.0000,0.0233,0.0001,200,1.0847
0.0043,0.0000,0.0000,0.0000,0.0042,0.0000,200,1.1043
0.0233,0.0000,0.0000,0.0000,0.0231,0.0001,200,1.0858
0.0059,0.0000,0.0000,0.0000,0.0058,0.0000,200,1.1036
0.0229,0.0000,0.0000,0.0000,0.0229,0.0000,200,1.0872
0.0015,0.0000,0.0000,0.0000,0.0015,0.0000,200,1.1086
0.0036,0.0000,0.0000,0.0000,0.0035,0.0000,200,1.1068
0.0145,0.0000,0.0000,0.0000,0.0144,0.0000,200,1.0962
0.0060,0.0000,0.0000,0.0000,0.0060,0.0000,200,1.1047
0.0124,0.0000,0.0000,0.0000,0.0124,0.0000,200,1.0986
0.0027,0.0000,0.0000,0.0000,0.0025,0.0000,200,1.1091
0.0129,0.0000,0.0000,0.0000,0.0123,0.0006,200,1.0998
0.0159,0.0000,0.0000,0.0000,0.0158,0.0001,200,1.0969
0.0082,0.0000,0.0000,0.0000,0.0078,0.0001,200,1.1055
0.0205,0.0000,0.0000,0.0000,0.0205,0.0000,200,1.0932
0.0232,0.0000,0.0000,0.0000,0.0231,0.0001,200,1.0918
0.0319,0.0000,0.0000,0.0000,0.0308,0.0011,200,1.0831
0.0176,0.0000,0.0000,0.0000,0.0176,0.0000,200,1.0975
0.0048,0.0000,0.0000,0.0000,0.0046,0.0001,200,1.1110
0.0204,0.0000,0.0000,0.0000,0.0203,0.0000,200,1.0965
0.0041,0.0000,0.0000,0.0000,0.0041,0.0000,200,1.1128
0.0399,0.0000,0.0000,0.0000,0.0398,0.0001,200,1.0775
0.0324,0.0000,0.0000,0.0000,0.0323,0.0000,200,1.0856
0.0446,0.0000,0.0000,0.0000,0.0444,0.0001,200,1.0734
0.0161,0.0000,0.0000,0.0000,0.0160,0.0001,200,1.1024
0.0050,0.0000,0.0000,0.0015,0.0034,0.0000,200,1.1138
0.0013,0.0000,0.0000,0.0000,0.0009,0.0001,200,1.1179
0.0117,0.0000,0.0000,0.0000,0.0116,0.0001,200,1.1081
0.0163,0.0000,0.0000,0.0000,0.0162,0.0000,200,1.1038
0.0380,0.0000,0.0000,0.0000,0.0378,0.0002,200,1.0827
0.0484,0.0000,0.0000,0.0000,0.0483,0.0000,200,1.0727
0.0111,0.0000,0.0000,0.0000,0.0110,0.0000,200,1.1107
0.0300,0.0000,0.0000,0.0000,0.0300,0.0001,200,1.0923
0.0180,0.0000,0.0000,0.0000,0.0180,0.0000,200,1.1050
0.0264,0.0000,0.0000,0.0001,0.0263,0.0001,200,1.0973
0.0209,0.0000,0.0000,0.0000,0.0208,0.0000,200,1.1032
0.0143,0.0000,0.0000,0.0000,0.0143,0.0000,200,1.1104
0.0190,0.0000,0.0000,0.0000,0.0188,0.0002,200,1.1064
0.0108,0.0000,0.0000,0.0000,0.0105,0.0001,200,1.1151
0.0325,0.0000,0.0000,0.0000,0.0324,0.0001,200,1.0937
0.0268,0.0000,0.0000,0.0000,0.0267,0.0000,200,1.0999
0.0135,0.0000,0.0000,0.0000,0.0135,0.0000,200,1.1137
0.0088,0.0000,0.0000,0.0000,0.0085,0.0002,200,1.1185
0.0265,0.0000,0.0000,0.0000,0.0264,0.0001,200,1.1015
0.0331,0.0000,0.0000,0.0000,0.0331,0.0000,200,1.0952
0.0264,0.0000,0.0000,0.0000,0.0263,0.0000,200,1.1026
0.0100,0.0000,0.0000,0.0000,0.0099,0.0001,200,1.1192
0.0022,0.0000,0.0000,0.0000,0.0018,0.0003,200,1.1280
0.0043,0.0000,0.0000,0.0000,0.0042,0.0001,200,1.1262
0.0155,0.0000,0.0000,0.0000,0.0155,0.0000,200,1.1150
0.0300,0.0000,0.0000,0.0000,0.0299,0.0000,200,1.1010
0.0212,0.0000,0.0000,0.0000,0.0212,0.0001,200,1.1101
0.0116,0.0000,0.0000,0.0000,0.0114,0.0001,200,1.1200
0.0074,0.0000,0.0000,0.0000,0.0073,0.0000,200,1.1247
0.0061,0.0000,0.0000,0.0000,0.0060,0.0000,200,1.1267
0.0027,0.0000,0.0000,0.0001,0.0025,0.0000,200,1.1301
0.0016,0.0000,0.0000,0.0000,0.0015,0.0001,200,1.1316
0.0261,0.0000,0.0000,0.0000,0.0260,0.0000,200,1.1076
0.0181,0.0000,0.0000,0.0001,0.0178,0.0000,200,1.1158
0.0133,0.0000,0.0000,0.0000,0.0132,0.0001,200,1.1210
0.0118,0.0000,0.0000,0.0000,0.0117,0.0001,200,1.1231
0.0399,0.0000,0.0000,0.0000,0.0398,0.0001,200,1.0953
0.0312,0.0000,0.0000,0.0000,0.0311,0.0001,200,1.1046
0.0056,0.0000,0.0000,0.0000,0.0055,0.0001,200,1.1304
0.0029,0.0000,0.0000,0.0000,0.0028,0.0001,200,1.1337
0.0151,0.0000,0.0000,0.0000,0.0150,0.0000,200,1.1218
0.0017,0.0000,0.0000,0.0000,0.0017,0.0000,200,1.1352
0.0368,0.0000,0.0000,0.0000,0.0366,0.0002,200,1.1007
0.0069,0.0000,0.0000,0.0000,0.0068,0.0000,200,1.1310
0.0019,0.0000,0.0000,0.0000,0.0013,0.0005,200,1.1369
0.0058,0.0000,0.0000,0.0000,0.0056,0.0002,200,1.1332
0.0083,0.0000,0.0000,0.0000,0.0080,0.0002,200,1.1313
0.0317,0.0000,0.0000,0.0000,0.0316,0.0000,200,1.1079
0.0231,0.0000,0.0000,0.0000,0.0230,0.0000,200,1.1168
0.0297,0.0000,0.0000,0.0000,0.0296,0.0000,200,1.1107
0.0404,0.0000,0.0000,0.0000,0.0403,0.0000,200,1.1006
0.0461,0.0000,0.0000,0.0000,0.0460,0.0001,200,1.0953
0.0024,0.0000,0.0000,0.0000,0.0023,0.0001,200,1.1390
0.0593,0.0000,0.0000,0.0000,0.0592,0.0001,200,1.0827
0.0171,0.0000,0.0000,0.0000,0.0166,0.0004,200,1.1259
0.0016,0.0000,0.0000,0.0000,0.0015,0.0000,200,1.1414
0.0143,0.0000,0.0000,0.0000,0.0142,0.0000,200,1.1290
0.0237,0.0000,0.0000,0.0000,0.0236,0.0001,200,1.1199
0.0170,0.0000,0.0000,0.0000,0.0168,0.0001,200,1.1272
0.0011,0.0000,0.0000,0.0000,0.0009,0.0000,200,1.1433
0.0092,0.0000,0.0000,0.0000,0.0091,0.0000,200,1.1358
0.0266,0.0000,0.0000,0.0000,0.0265,0.0000,200,1.1188
0.0628,0.0000,0.0000,0.0000,0.0627,0.0000,200,1.0830
0.0030,0.0000,0.0000,0.0000,0.0028,0.0001,200,1.1436
0.0183,0.0000,0.0000,0.0000,0.0182,0.0000,200,1.1284
0.0344,0.0000,0.0000,0.0000,0.0343,0.0001,200,1.1127
0.0208,0.0000,0.0000,0.0000,0.0201,0.0007,200,1.1273
0.0529,0.0000,0.0000,0.0000,0.0528,0.0000,200,1.0952
0.0178,0.0000,0.0000,0.0000,0.0177,0.0000,200,1.1305
0.0230,0.0000,0.0000,0.0000,0.0227,0.0002,200,1.1254
0.0129,0.0000,0.0000,0.0000,0.0127,0.0001,200,1.1360
0.0084,0.0000,0.0000,0.0000,0.0083,0.0001,200,1.1409
0.0273,0.0000,0.0000,0.0000,0.0272,0.0000,200,1.1224
0.0383,0.0000,0.0000,0.0000,0.0379,0.0004,200,1.1117
0.0036,0.0000,0.0000,0.0000,0.0035,0.0000,200,1.1466
0.0109,0.0000,0.0000,0.0000,0.0108,0.0000,200,1.1396
0.0218,0.0000,0.0000,0.0000,0.0217,0.0000,200,1.1293
0.0449,0.0000,0.0000,0.0000,0.0448,0.0000,200,1.1065
0.0140,0.0000,0.0000,0.0000,0.0139,0.0000,200,1.1380
0.0112,0.0000,0.0000,0.0000,0.0111,0.0001,200,1.1414
0.0212,0.0000,0.0000,0.0000,0.0211,0.0000,200,1.1321
0.0069,0.0000,0.0000,0.0000,0.0068,0.0000,200,1.1467
0.0030,0.0000,0.0000,0.0000,0.0028,0.0002,200,1.1510
0.0176,0.0000,0.0000,0.0000,0.0176,0.0000,200,1.1368
0.0107,0.0000,0.0000,0.0000,0.0106,0.0001,200,1.1442
0.0377,0.0000,0.0000,0.0000,0.0376,0.0000,200,1.1180
0.0093,0.0000,0.0000,0.0000,0.0091,0.0001,200,1.1471
0.0064,0.0000,0.0000,0.0000,0.0064,0.0000,200,1.1505
0.0405,0.0000,0.0000,0.0000,0.0403,0.0002,200,1.1170
0.0187,0.0000,0.0000,0.0000,0.0186,0.0000,200,1.1388
0.0487,0.0000,0.0000,0.0000,0.0486,0.0001,200,1.1095
0.0100,0.0000,0.0000,0.0001,0.0094,0.0000,200,1.1484
0.0416,0.0000,0.0000,0.0000,0.0415,0.0001,200,1.1173
0.0035,0.0000,0.0000,0.0000,0.0034,0.0000,200,1.1557
0.0168,0.0000,0.0000,0.0000,0.0167,0.0001,200,1.1430
0.0275,0.0000,0.0000,0.0000,0.0273,0.0002,200,1.1327
0.0057,0.0000,0.0000,0.0000,0.0056,0.0000,200,1.1550
0.0034,0.0000,0.0000,0.0000,0.0034,0.0000,200,1.1575
0.0077,0.0000,0.0000,0.0000,0.0077,0.0000,200,1.1533
0.0217,0.0000,0.0000,0.0000,0.0216,0.0001,200,1.1399
0.0019,0.0000,0.0000,0.0000,0.0018,0.0001,200,1.1603
0.0121,0.0000,0.0000,0.0000,0.0120,0.0000,200,1.1501
0.0568,0.0000,0.0000,0.0000,0.0567,0.0001,200,1.1059
0.0120,0.0000,0.0000,0.0000,0.0120,0.0000,200,1.1513
0.0036,0.0000,0.0000,0.0000,0.0034,0.0001,200,1.1599
0.0398,0.0000,0.0000,0.0000,0.0397,0.0001,200,1.1242
0.0569,0.0000,0.0000,0.0000,0.0568,0.0000,200,1.1074
0.0045,0.0000,0.0000,0.0000,0.0043,0.0002,200,1.1610
0.0209,0.0000,0.0000,0.0000,0.0208,0.0001,200,1.1449
0.0232,0.0000,0.0000,0.0000,0.0232,0.0000,200,1.1430
0.0180,0.0000,0.0000,0.0000,0.0180,0.0000,200,1.1483
0.0035,0.0000,0.0000,0.0000,0.0033,0.0000,200,1.1635
0.0175,0.0000,0.0000,0.0000,0.0174,0.0000,200,1.1497
0.0300,0.0000,0.0000,0.0000,0.0299,0.0001,200,1.1374
0.0578,0.0000,0.0000,0.0000,0.0576,0.0001,200,1.1101
0.0025,0.0000,0.0000,0.0000,0.0024,0.0001,200,1.1658
0.0145,0.0000,0.0000,0.0000,0.0144,0.0001,200,1.1545
0.0453,0.0000,0.0000,0.0000,0.0452,0.0000,200,1.1238
0.0160,0.0000,0.0000,0.0001,0.0153,0.0006,200,1.1540
0.0028,0.0000,0.0000,0.0000,0.0027,0.0000,200,1.1674
0.0282,0.0000,0.0000,0.0000,0.0282,0.0000,200,1.1420
0.0085,0.0000,0.0000,0.0000,0.0083,0.0001,200,1.1622
0.0183,0.0000,0.0000,0.0001,0.0175,0.0007,200,1.1526
0.0097,0.0000,0.0000,0.0000,0.0096,0.0001,200,1.1627
0.0038,0.0000,0.0000,0.0000,0.0037,0.0000,200,1.1690
0.0119,0.0000,0.0000,0.0000,0.0118,0.0001,200,1.1643
0.0187,0.0000,0.0000,0.0000,0.0186,0.0001,200,1.1575
0.1083,0.0000,0.0000,0.0000,0.1069,0.0001,200,1.0679
0.0263,0.0000,0.0000,0.0000,0.0262,0.0000,200,1.1501
0.0181,0.0000,0.0000,0.0000,0.0181,0.0000,200,1.1582
0.0270,0.0000,0.0000,0.0000,0.0269,0.0000,200,1.1494
0.0101,0.0000,0.0000,0.0000,0.0100,0.0000,200,1.1664
0.0063,0.0000,0.0000,0.0000,0.0062,0.0000,200,1.1702
0.0321,0.0000,0.0000,0.0000,0.0289,0.0032,200,1.1444
0.0094,0.0000,0.0000,0.0003,0.0090,0.0000,200,1.1671
0.0040,0.0000,0.0000,0.0000,0.0039,0.0000,200,1.1728
0.0069,0.0000,0.0000,0.0000,0.0068,0.0000,200,1.1709
0.0297,0.0000,0.0000,0.0000,0.0296,0.0000,200,1.1481
0.0186,0.0000,0.0000,0.0000,0.0186,0.0000,200,1.1591
0.0092,0.0000,0.0000,0.0000,0.0091,0.0001,200,1.1690
0.0026,0.0000,0.0000,0.0000,0.0021,0.0004,200,1.1762
0.0184,0.0000,0.0000,0.0000,0.0184,0.0000,200,1.1607
0.0128,0.0000,0.0000,0.0000,0.0128,0.0001,200,1.1663
0.0030,0.0000,0.0000,0.0000,0.0029,0.0001,200,1.1762
0.0451,0.0000,0.0000,0.0002,0.0449,0.0000,200,1.1349
0.0316,0.0000,0.0000,0.0000,0.0316,0.0000,200,1.1489
0.0444,0.0000,0.0000,0.0000,0.0443,0.0001,200,1.1366
0.0034,0.0000,0.0000,0.0000,0.0033,0.0001,200,1.1778
0.0178,0.0000,0.0000,0.0001,0.0177,0.0000,200,1.1640
0.0055,0.0000,0.0000,0.0000,0.0054,0.0000,200,1.1764
0.0430,0.0000,0.0000,0.0000,0.0429,0.0000,200,1.1396
0.0039,0.0000,0.0000,0.0000,0.0038,0.0000,200,1.1788
0.0021,0.0000,0.0000,0.0006,0.0013,0.0001,200,1.1812
0.0137,0.0000,0.0000,0.0005,0.0127,0.0005,200,1.1702
0.0513,0.0000,0.0000,0.0000,0.0512,0.0000,200,1.1328
0.0506,0.0000,0.0000,0.0000,0.0504,0.0002,200,1.1340
0.0277,0.0000,0.0000,0.0000,0.0277,0.0000,200,1.1569
0.0043,0.0000,0.0000,0.0001,0.0042,0.0000,200,1.1833
0.0176,0.0000,0.0000,0.0000,0.0175,0.0000,200,1.1700
0.0085,0.0000,0.0000,0.0000,0.0084,0.0001,200,1.1791
0.0114,0.0000,0.0000,0.0000,0.0112,0.0000,200,1.1762
0.0222,0.0000,0.0000,0.0002,0.0219,0.0000,200,1.1655
0.0208,0.0000,0.0000,0.0000,0.0204,0.0003,200,1.1669
0.0473,0.0000,0.0000,0.0000,0.0472,0.0000,200,1.1405
0.0245,0.0000,0.0000,0.0000,0.0244,0.0000,200,1.1634
0.0421,0.0000,0.0000,0.0000,0.0420,0.0000,200,1.1458
0.0292,0.0000,0.0000,0.0000,0.0288,0.0002,200,1.1590
0.0118,0.0000,0.0000,0.0000,0.0117,0.0000,200,1.1763
0.0179,0.0000,0.0000,0.0000,0.0178,0.0001,200,1.1707
0.0128,0.0000,0.0000,0.0000,0.0126,0.0001,200,1.1763
0.0055,0.0000,0.0000,0.0000,0.0054,0.0001,200,1.1846
0.0448,0.0000,0.0000,0.0000,0.0447,0.0000,200,1.1453
0.0299,0.0000,0.0000,0.0000,0.0298,0.0000,200,1.1610
0.0571,0.0000,0.0000,0.0001,0.0570,0.0001,200,1.1343
0.0338,0.0000,0.0000,0.0000,0.0336,0.0002,200,1.1584
0.0308,0.0000,0.0000,0.0000,0.0307,0.0000,200,1.1617
0.0050,0.0000,0.0000,0.0000,0.0048,0.0002,200,1.1879
0.0043,0.0000,0.0000,0.0001,0.0040,0.0001,200,1.1891
0.0257,0.0000,0.0000,0.0000,0.0256,0.0000,200,1.1683
0.0177,0.0000,0.0000,0.0000,0.0173,0.0003,200,1.1765
0.0166,0.0000,0.0000,0.0000,0.0165,0.0000,200,1.1778
0.0069,0.0000,0.0000,0.0000,0.0069,0.0000,200,1.1876
0.0189,0.0000,0.0000,0.0000,0.0189,0.0000,200,1.1763
0.0418,0.0000,0.0000,0.0000,0.0415,0.0002,200,1.1535
0.0485,0.0000,0.0000,0.0000,0.0482,0.0003,200,1.1481
0.0088,0.0000,0.0000,0.0000,0.0088,0.0000,200,1.1878
0.0165,0.0000,0.0000,0.0000,0.0165,0.0000,200,1.1827
0.0117,0.0000,0.0000,0.0000,0.0116,0.0000,200,1.1876
0.0117,0.0000,0.0000,0.0000,0.0114,0.0003,200,1.1877
0.0195,0.0000,0.0000,0.0000,0.0194,0.0000,200,1.1800
0.0787,0.0000,0.0000,0.0000,0.0785,0.0002,200,1.1208
0.0176,0.0000,0.0000,0.0000,0.0175,0.0001,200,1.1819
0.0218,0.0000,0.0000,0.0000,0.0217,0.0000,200,1.1778
0.0231,0.0000,0.0000,0.0000,0.0230,0.0000,200,1.1765
0.0119,0.0000,0.0000,0.0000,0.0118,0.0000,200,1.1877
0.0204,0.0000,0.0000,0.0000,0.0204,0.0000,200,1.1793
0.0174,0.0000,0.0000,0.0000,0.0170,0.0004,200,1.1826
0.0077,0.0000,0.0000,0.0000,0.0076,0.0000,200,1.1929
0.0096,0.0000,0.0000,0.0000,0.0096,0.0001,200,1.1915
0.0018,0.0000,0.0000,0.0000,0.0017,0.0000,200,1.1994
0.0339,0.0000,0.0000,0.0000,0.0336,0.0001,200,1.1679
0.1202,0.0000,0.0000,0.0000,0.1199,0.0003,200,1.0827
0.0147,0.0000,0.0000,0.0000,0.0146,0.0000,200,1.1881
0.0306,0.0000,0.0000,0.0000,0.0305,0.0000,200,1.1724
0.0071,0.0000,0.0000,0.0000,0.0045,0.0000,200,1.1966
0.0141,0.0000,0.0000,0.0000,0.0140,0.0000,200,1.1901
0.0199,0.0000,0.0000,0.0000,0.0198,0.0000,200,1.1847
0.0236,0.0000,0.0000,0.0000,0.0234,0.0002,200,1.1810
0.0429,0.0000,0.0000,0.0000,0.0428,0.0000,200,1.1622
0.0058,0.0000,0.0000,0.0000,0.0057,0.0001,200,1.1996
0.0051,0.0000,0.0000,0.0000,0.0050,0.0001,200,1.2011
0.0027,0.0000,0.0000,0.0000,0.0026,0.0001,200,1.2037
0.0186,0.0000,0.0000,0.0000,0.0184,0.0002,200,1.1886
0.0127,0.0000,0.0000,0.0000,0.0126,0.0000,200,1.1946
0.0048,0.0000,0.0000,0.0000,0.0046,0.0001,200,1.2029
0.0130,0.0000,0.0000,0.0000,0.0126,0.0000,200,1.1953
0.0089,0.0000,0.0000,0.0000,0.0088,0.0001,200,1.1995
0.0213,0.0000,0.0000,0.0000,0.0212,0.0001,200,1.1879
0.0527,0.0000,0.0000,0.0000,0.0526,0.0001,200,1.1564
0.0102,0.0000,0.0000,0.0000,0.0101,0.0001,200,1.1992
0.0309,0.0000,0.0000,0.0000,0.0307,0.0002,200,1.1791
0.0104,0.0000,0.0000,0.0000,0.0103,0.0000,200,1.2000
0.0102,0.0000,0.0000,0.0000,0.0101,0.0000,200,1.2006
0.0236,0.0000,0.0000,0.0000,0.0233,0.0000,200,1.1876
0.0236,0.0000,0.0000,0.0000,0.0235,0.0001,200,1.1877
0.0016,0.0000,0.0000,0.0000,0.0015,0.0000,200,1.2103
0.0105,0.0000,0.0000,0.0000,0.0102,0.0001,200,1.2018
0.0052,0.0000,0.0000,0.0000,0.0051,0.0000,200,1.2072
0.0187,0.0000,0.0000,0.0000,0.0186,0.0000,200,1.1942
0.0040,0.0000,0.0000,0.0000,0.0040,0.0000,200,1.2094
0.0027,0.0000,0.0000,0.0002,0.0024,0.0000,200,1.2112
0.0240,0.0000,0.0000,0.0000,0.0238,0.0001,200,1.1901
0.0058,0.0000,0.0000,0.0000,0.0057,0.0000,200,1.2084
0.0109,0.0000,0.0000,0.0003,0.0104,0.0001,200,1.2042
0.1006,0.0000,0.0000,0.0000,0.1005,0.0000,200,1.1150
0.0220,0.0000,0.0000,0.0000,0.0219,0.0001,200,1.1940
0.0165,0.0000,0.0000,0.0000,0.0164,0.0001,200,1.1996
0.0233,0.0000,0.0000,0.0000,0.0231,0.0002,200,1.1934
0.0160,0.0000,0.0000,0.0000,0.0159,0.0001,200,1.2012
0.0059,0.0000,0.0000,0.0000,0.0058,0.0000,200,1.2113
0.0051,0.0000,0.0000,0.0000,0.0048,0.0000,200,1.2125
0.0109,0.0000,0.0000,0.0000,0.0107,0.0002,200,1.2073
0.0134,0.0000,0.0000,0.0001,0.0132,0.0001,200,1.2054
0.0022,0.0000,0.0000,0.0000,0.0021,0.0000,200,1.2172
0.0114,0.0000,0.0000,0.0000,0.0113,0.0001,200,1.2083
0.0094,0.0000,0.0000,0.0000,0.0093,0.0001,200,1.2108
0.0046,0.0000,0.0000,0.0000,0.0045,0.0000,200,1.2176
0.0130,0.0000,0.0000,0.0000,0.0130,0.0000,200,1.2091
0.0028,0.0000,0.0000,0.0000,0.0027,0.0000,200,1.2194
0.0192,0.0000,0.0000,0.0000,0.0191,0.0000,200,1.2030
0.0441,0.0000,0.0000,0.0000,0.0440,0.0000,200,1.1782
0.0104,0.0000,0.0000,0.0000,0.0103,0.0000,200,1.2120
0.0072,0.0000,0.0000,0.0000,0.0071,0.0000,200,1.2156
0.0203,0.0000,0.0000,0.0000,0.0202,0.0000,200,1.2029
0.0096,0.0000,0.0000,0.0000,0.0095,0.0001,200,1.2141
0.0085,0.0000,0.0000,0.0000,0.0084,0.0000,200,1.2160
0.0477,0.0000,0.0000,0.0000,0.0476,0.0000,200,1.1768
0.0364,0.0000,0.0000,0.0000,0.0363,0.0001,200,1.1881
0.0409,0.0000,0.0000,0.0000,0.0408,0.0000,200,1.1841
0.0302,0.0000,0.0000,0.0000,0.0300,0.0000,200,1.1953
0.0263,0.0000,0.0000,0.0000,0.0262,0.0000,200,1.1995
0.0444,0.0000,0.0000,0.0000,0.0443,0.0001,200,1.1818
0.0043,0.0000,0.0000,0.0000,0.0042,0.0000,200,1.2222
0.0274,0.0000,0.0000,0.0000,0.0273,0.0001,200,1.1997
0.0134,0.0000,0.0000,0.0000,0.0133,0.0001,200,1.2142
0.0056,0.0000,0.0000,0.0000,0.0055,0.0001,200,1.2223
0.0215,0.0000,0.0000,0.0000,0.0215,0.0000,200,1.2065
0.0289,0.0000,0.0000,0.0000,0.0288,0.0000,200,1.1996
0.0065,0.0000,0.0000,0.0003,0.0061,0.0000,200,1.2223
0.0131,0.0000,0.0000,0.0000,0.0128,0.0000,200,1.2161
0.0123,0.0000,0.0000,0.0000,0.0122,0.0001,200,1.2172
0.0024,0.0000,0.0000,0.0000,0.0024,0.0001,200,1.2279
0.0032,0.0000,0.0000,0.0000,0.0029,0.0002,200,1.2280
0.0162,0.0000,0.0000,0.0000,0.0161,0.0000,200,1.2150
0.0093,0.0000,0.0000,0.0000,0.0091,0.0002,200,1.2222
0.0071,0.0000,0.0000,0.0000,0.0070,0.0001,200,1.2245
0.0178,0.0000,0.0000,0.0000,0.0178,0.0000,200,1.2138
0.0257,0.0000,0.0000,0.0000,0.0257,0.0000,200,1.2062
0.0275,0.0000,0.0000,0.0000,0.0274,0.0000,200,1.2045
0.0489,0.0000,0.0000,0.0000,0.0487,0.0001,200,1.1840
0.0208,0.0000,0.0000,0.0001,0.0206,0.0000,200,1.2124
0.0374,0.0000,0.0000,0.0027,0.0346,0.0001,200,1.1966
0.0265,0.0000,0.0000,0.0000,0.0263,0.0001,200,1.2077
0.0052,0.0000,0.0000,0.0008,0.0041,0.0003,200,1.2295
0.0071,0.0000,0.0000,0.0000,0.0070,0.0000,200,1.2276
0.0035,0.0000,0.0000,0.0000,0.0033,0.0001,200,1.2317
0.0127,0.0000,0.0000,0.0000,0.0126,0.0000,200,1.2228
0.0161,0.0000,0.0000,0.0000,0.0160,0.0000,200,1.2201
0.0117,0.0000,0.0000,0.0000,0.0116,0.0000,200,1.2245
0.0071,0.0000,0.0000,0.0000,0.0070,0.0000,200,1.2292
0.0372,0.0000,0.0000,0.0000,0.0370,0.0001,200,1.1995
0.0467,0.0000,0.0000,0.0000,0.0464,0.0002,200,1.1909
0.0154,0.0000,0.0000,0.0000,0.0154,0.0000,200,1.2222
0.0015,0.0000,0.0000,0.0000,0.0014,0.0000,200,1.2362
0.0043,0.0000,0.0000,0.0000,0.0042,0.0001,200,1.2339
0.0033,0.0000,0.0000,0.0000,0.0032,0.0000,200,1.2351
0.0131,0.0000,0.0000,0.0000,0.0130,0.0000,200,1.2258
0.0627,0.0000,0.0000,0.0000,0.0627,0.0001,200,1.1764
0.0084,0.0000,0.0000,0.0000,0.0082,0.0001,200,1.2315
0.0409,0.0000,0.0000,0.0001,0.0406,0.0002,200,1.1993
0.0023,0.0000,0.0000,0.0001,0.0021,0.0000,200,1.2382
0.0029,0.0000,0.0000,0.0000,0.0028,0.0000,200,1.2377
0.0082,0.0000,0.0000,0.0000,0.0079,0.0002,200,1.2331
0.0027,0.0000,0.0000,0.0000,0.0025,0.0002,200,1.2392
0.0061,0.0000,0.0000,0.0000,0.0060,0.0001,200,1.2362
0.0206,0.0000,0.0000,0.0000,0.0205,0.0001,200,1.2222
0.0303,0.0000,0.0000,0.0000,0.0302,0.0001,200,1.2129
0.0033,0.0000,0.0000,0.0000,0.0033,0.0000,200,1.2398
0.0385,0.0000,0.0000,0.0000,0.0384,0.0001,200,1.2051
0.0015,0.0000,0.0000,0.0000,0.0012,0.0000,200,1.2423
0.0132,0.0000,0.0000,0.0000,0.0130,0.0001,200,1.2312
0.0147,0.0000,0.0000,0.0000,0.0146,0.0000,200,1.2303
0.0104,0.0000,0.0000,0.0000,0.0102,0.0002,200,1.2347
0.0040,0.0000,0.0000,0.0000,0.0039,0.0000,200,1.2413
0.0652,0.0000,0.0000,0.0000,0.0652,0.0000,200,1.1805
0.0261,0.0000,0.0000,0.0000,0.0259,0.0000,200,1.2198
0.0059,0.0000,0.0000,0.0000,0.0058,0.0000,200,1.2406
0.0059,0.0000,0.0000,0.0000,0.0058,0.0000,200,1.2406
0.0083,0.0000,0.0000,0.0000,0.0082,0.0001,200,1.2389
0.0101,0.0000,0.0000,0.0000,0.0100,0.0000,200,1.2376
0.0122,0.0000,0.0000,0.0000,0.0121,0.0000,200,1.2355
0.0210,0.0000,0.0000,0.0000,0.0208,0.0000,200,1.2271
0.0123,0.0000,0.0000,0.0000,0.0121,0.0001,200,1.2362
0.0045,0.0000,0.0000,0.0000,0.0043,0.0002,200,1.2444
0.0043,0.0000,0.0000,0.0000,0.0042,0.0000,200,1.2453
0.0095,0.0000,0.0000,0.0000,0.0094,0.0000,200,1.2402
0.0265,0.0000,0.0000,0.0000,0.0264,0.0000,200,1.2237
0.0180,0.0000,0.0000,0.0000,0.0176,0.0004,200,1.2328
0.0192,0.0000,0.0000,0.0000,0.0191,0.0000,200,1.2320
0.0422,0.0000,0.0000,0.0000,0.0421,0.0001,200,1.2092
0.0385,0.0000,0.0000,0.0000,0.0384,0.0000,200,1.2134
0.0201,0.0000,0.0000,0.0000,0.0199,0.0001,200,1.2320
0.0078,0.0000,0.0000,0.0000,0.0077,0.0000,200,1.2451
0.0608,0.0000,0.0000,0.0000,0.0607,0.0000,200,1.1925
0.0059,0.0000,0.0000,0.0000,0.0058,0.0001,200,1.2477
0.0061,0.0000,0.0000,0.0000,0.0060,0.0001,200,1.2477
0.0166,0.0000,0.0000,0.0000,0.0163,0.0002,200,1.2376
0.0116,0.0000,0.0000,0.0000,0.0115,0.0001,200,1.2432
0.0084,0.0000,0.0000,0.0000,0.0083,0.0000,200,1.2465
0.0285,0.0000,0.0000,0.0001,0.0282,0.0000,200,1.2265
0.0040,0.0000,0.0000,0.0000,0.0038,0.0001,200,1.2511
0.0310,0.0000,0.0000,0.0000,0.0309,0.0001,200,1.2246
0.0032,0.0000,0.0000,0.0000,0.0030,0.0001,200,1.2529
0.0399,0.0000,0.0000,0.0000,0.0398,0.0001,200,1.2167
0.0116,0.0000,0.0000,0.0000,0.0116,0.0000,200,1.2450
0.0229,0.0000,0.0000,0.0000,0.0228,0.0001,200,1.2342
0.0313,0.0000,0.0000,0.0000,0.0312,0.0000,200,1.2262
0.0114,0.0000,0.0000,0.0000,0.0112,0.0001,200,1.2465
0.0271,0.0000,0.0000,0.0000,0.0271,0.0000,200,1.2312
0.0086,0.0000,0.0000,0.0000,0.0085,0.0001,200,1.2502
0.0040,0.0000,0.0000,0.0001,0.0038,0.0001,200,1.2551
0.0055,0.0000,0.0000,0.0000,0.0053,0.0001,200,1.2539
0.0312,0.0000,0.0000,0.0000,0.0311,0.0001,200,1.2288
0.0122,0.0000,0.0000,0.0000,0.0116,0.0005,200,1.2480
0.0352,0.0000,0.0000,0.0000,0.0351,0.0000,200,1.2255
0.0116,0.0000,0.0000,0.0000,0.0116,0.0000,200,1.2496
0.0141,0.0000,0.0000,0.0001,0.0132,0.0006,200,1.2472
0.0074,0.0000,0.0000,0.0000,0.0074,0.0000,200,1.2543
0.0070,0.0000,0.0000,0.0000,0.0069,0.0001,200,1.2548
0.0390,0.0000,0.0000,0.0000,0.0389,0.0001,200,1.2232
0.0054,0.0000,0.0000,0.0000,0.0053,0.0000,200,1.2571
0.0261,0.0000,0.0000,0.0000,0.0260,0.0001,200,1.2366
0.0348,0.0000,0.0000,0.0000,0.0347,0.0001,200,1.2284
0.0450,0.0000,0.0000,0.0001,0.0448,0.0001,200,1.2188
0.0201,0.0000,0.0000,0.0000,0.0201,0.0000,200,1.2437
0.0211,0.0000,0.0000,0.0002,0.0208,0.0000,200,1.2428
0.0326,0.0000,0.0000,0.0000,0.0325,0.0001,200,1.2317
0.0216,0.0000,0.0000,0.0000,0.0216,0.0000,200,1.2432
0.0088,0.0000,0.0000,0.0000,0.0086,0.0002,200,1.2566
0.0094,0.0000,0.0000,0.0000,0.0093,0.0000,200,1.2561
0.0169,0.0000,0.0000,0.0000,0.0167,0.0001,200,1.2489
0.0716,0.0000,0.0000,0.0001,0.0714,0.0000,200,1.1943
0.0069,0.0000,0.0000,0.0000,0.0069,0.0000,200,1.2593
0.0084,0.0000,0.0000,0.0000,0.0080,0.0001,200,1.2583
0.0016,0.0000,0.0000,0.0000,0.0014,0.0002,200,1.2654
0.0123,0.0000,0.0000,0.0000,0.0122,0.0000,200,1.2551
0.1159,0.0000,0.0000,0.0000,0.1159,0.0000,200,1.1520
0.0036,0.0000,0.0000,0.0000,0.0035,0.0001,200,1.2648
0.0269,0.0000,0.0000,0.0000,0.0268,0.0001,200,1.2419
0.0770,0.0000,0.0000,0.0000,0.0769,0.0000,200,1.1922
0.0210,0.0000,0.0000,0.0000,0.0208,0.0000,200,1.2485
0.0179,0.0000,0.0000,0.0000,0.0173,0.0001,200,1.2521
0.0076,0.0000,0.0000,0.0000,0.0075,0.0000,200,1.2625
0.0188,0.0000,0.0000,0.0000,0.0187,0.0001,200,1.2519
0.0273,0.0000,0.0000,0.0000,0.0272,0.0000,200,1.2438
0.0080,0.0000,0.0000,0.0001,0.0078,0.0000,200,1.2632
0.0170,0.0000,0.0000,0.0000,0.0168,0.0000,200,1.2548
0.0145,0.0000,0.0000,0.0000,0.0140,0.0003,200,1.2579
0.0024,0.0000,0.0000,0.0000,0.0022,0.0000,200,1.2701
0.0108,0.0000,0.0000,0.0000,0.0107,0.0000,200,1.2618
0.0382,0.0000,0.0000,0.0000,0.0382,0.0000,200,1.2347
0.0198,0.0000,0.0000,0.0000,0.0195,0.0003,200,1.2533
0.0122,0.0000,0.0000,0.0000,0.0120,0.0002,200,1.2617
0.0044,0.0000,0.0000,0.0000,0.0043,0.0000,200,1.2695
0.0068,0.0000,0.0000,0.0000,0.0067,0.0001,200,1.2674
0.0055,0.0000,0.0000,0.0000,0.0054,0.0001,200,1.2692
0.0089,0.0000,0.0000,0.0000,0.0088,0.0001,200,1.2667
0.0032,0.0000,0.0000,0.0000,0.0031,0.0000,200,1.2724
0.0190,0.0000,0.0000,0.0000,0.0190,0.0000,200,1.2566
0.0577,0.0000,0.0000,0.0000,0.0576,0.0000,200,1.2182
0.0170,0.0000,0.0000,0.0000,0.0165,0.0002,200,1.2607
0.0179,0.0000,0.0000,0.0000,0.0177,0.0001,200,1.2599
0.0056,0.0000,0.0000,0.0001,0.0054,0.0001,200,1.2725
0.0157,0.0000,0.0000,0.0000,0.0156,0.0001,200,1.2638
0.0195,0.0000,0.0000,0.0000,0.0189,0.0001,200,1.2602
0.0702,0.0000,0.0000,0.0001,0.0698,0.0001,200,1.2100
0.0168,0.0000,0.0000,0.0000,0.0167,0.0000,200,1.2638
0.0097,0.0000,0.0000,0.0000,0.0096,0.0000,200,1.2712
0.0055,0.0000,0.0000,0.0000,0.0054,0.0000,200,1.2756
0.0232,0.0000,0.0000,0.0000,0.0227,0.0004,200,1.2588
0.0017,0.0000,0.0000,0.0000,0.0016,0.0001,200,1.2806
0.0137,0.0000,0.0000,0.0000,0.0135,0.0001,200,1.2688
0.0038,0.0000,0.0000,0.0000,0.0036,0.0001,200,1.2794
0.0378,0.0000,0.0000,0.0000,0.0377,0.0000,200,1.2458
0.0106,0.0000,0.0000,0.0000,0.0105,0.0001,200,1.2739
0.0021,0.0000,0.0000,0.0000,0.0019,0.0000,200,1.2825
0.0208,0.0000,0.0000,0.0000,0.0207,0.0000,200,1.2639
0.0222,0.0000,0.0000,0.0001,0.0221,0.0000,200,1.2628
0.0126,0.0000,0.0000,0.0000,0.0124,0.0001,200,1.2730
0.0204,0.0000,0.0000,0.0001,0.0202,0.0000,200,1.2655
0.0016,0.0000,0.0000,0.0000,0.0015,0.0000,200,1.2847
0.0255,0.0000,0.0000,0.0000,0.0254,0.0001,200,1.2614
0.0014,0.0000,0.0000,0.0000,0.0013,0.0000,200,1.2858
0.0187,0.0000,0.0000,0.0000,0.0187,0.0000,200,1.2685
0.0131,0.0000,0.0000,0.0000,0.0129,0.0001,200,1.2748
0.0221,0.0000,0.0000,0.0000,0.0219,0.0001,200,1.2658
0.0163,0.0000,0.0000,0.0000,0.0163,0.0000,200,1.2739
0.0291,0.0000,0.0000,0.0000,0.0291,0.0000,200,1.2612
0.0058,0.0000,0.0000,0.0000,0.0057,0.0000,200,1.2846
0.0205,0.0000,0.0000,0.0000,0.0204,0.0000,200,1.2700
0.0069,0.0000,0.0000,0.0000,0.0069,0.0000,200,1.2836
0.0236,0.0000,0.0000,0.0000,0.0233,0.0000,200,1.2670
0.0128,0.0000,0.0000,0.0000,0.0127,0.0000,200,1.2778
0.0244,0.0000,0.0000,0.0000,0.0244,0.0000,200,1.2663
0.0264,0.0000,0.0000,0.0000,0.0264,0.0000,200,1.2643
0.0011,0.0000,0.0000,0.0000,0.0010,0.0000,200,1.2904
0.0117,0.0000,0.0000,0.0000,0.0115,0.0002,200,1.2803
0.0020,0.0000,0.0000,0.0000,0.0018,0.0001,200,1.2902
0.0370,0.0000,0.0000,0.0000,0.0369,0.0000,200,1.2556
0.0176,0.0000,0.0000,0.0000,0.0174,0.0001,200,1.2756
0.0030,0.0000,0.0000,0.0000,0.0030,0.0001,200,1.2905
0.0556,0.0000,0.0000,0.0000,0.0556,0.0000,200,1.2384
0.0691,0.0000,0.0000,0.0000,0.0687,0.0003,200,1.2250
0.0234,0.0000,0.0000,0.0002,0.0231,0.0001,200,1.2726
0.0034,0.0000,0.0000,0.0000,0.0033,0.0000,200,1.2926
0.0149,0.0000,0.0000,0.0000,0.0147,0.0002,200,1.2811
0.0152,0.0000,0.0000,0.0000,0.0151,0.0001,200,1.2809
0.0092,0.0000,0.0000,0.0000,0.0090,0.0000,200,1.2869
0.0254,0.0000,0.0000,0.0000,0.0254,0.0000,200,1.2707
0.0448,0.0000,0.0000,0.0000,0.0444,0.0000,200,1.2514
0.0112,0.0000,0.0000,0.0000,0.0111,0.0000,200,1.2850
0.0025,0.0000,0.0000,0.0000,0.0025,0.0000,200,1.2940
0.0923,0.0000,0.0000,0.0000,0.0922,0.0001,200,1.2046
0.0154,0.0000,0.0000,0.0000,0.0153,0.0001,200,1.2820
0.0113,0.0000,0.0000,0.0001,0.0112,0.0000,200,1.2872
0.0024,0.0000,0.0000,0.0000,0.0024,0.0000,200,1.2961
0.0449,0.0000,0.0000,0.0000,0.0447,0.0000,200,1.2537
0.0153,0.0000,0.0000,0.0000,0.0151,0.0002,200,1.2833
0.0209,0.0000,0.0000,0.0000,0.0207,0.0000,200,1.2780
0.0266,0.0000,0.0000,0.0000,0.0265,0.0000,200,1.2731
0.0091,0.0000,0.0000,0.0000,0.0090,0.0000,200,1.2907
0.0381,0.0000,0.0000,0.0000,0.0380,0.0000,200,1.2622
0.0181,0.0000,0.0000,0.0000,0.0180,0.0000,200,1.2823
0.0040,0.0000,0.0000,0.0000,0.0038,0.0001,200,1.2969
0.0031,0.0000,0.0000,0.0000,0.0030,0.0000,200,1.2985
0.0046,0.0000,0.0000,0.0000,0.0045,0.0001,200,1.2974
0.0067,0.0000,0.0000,0.0000,0.0067,0.0000,200,1.2960
0.0046,0.0000,0.0000,0.0000,0.0046,0.0000,200,1.2985
0.0131,0.0000,0.0000,0.0000,0.0131,0.0000,200,1.2906
0.0244,0.0000,0.0000,0.0000,0.0243,0.0000,200,1.2797
0.0453,0.0000,0.0000,0.0000,0.0452,0.0001,200,1.2591
0.0052,0.0000,0.0000,0.0000,0.0050,0.0000,200,1.2996
0.0088,0.0000,0.0000,0.0000,0.0087,0.0000,200,1.2966
0.0050,0.0000,0.0000,0.0000,0.0049,0.0000,200,1.3004
0.0179,0.0000,0.0000,0.0000,0.0175,0.0003,200,1.2878
0.0320,0.0000,0.0000,0.0000,0.0318,0.0002,200,1.2742
0.0605,0.0000,0.0000,0.0000,0.0604,0.0000,200,1.2458
0.0055,0.0000,0.0000,0.0000,0.0055,0.0000,200,1.3009
0.0013,0.0000,0.0000,0.0000,0.0013,0.0000,200,1.3054
0.0082,0.0000,0.0000,0.0002,0.0079,0.0000,200,1.2986
0.0153,0.0000,0.0000,0.0000,0.0151,0.0001,200,1.2920
0.0141,0.0000,0.0000,0.0000,0.0140,0.0000,200,1.2935
0.0510,0.0000,0.0000,0.0000,0.0508,0.0001,200,1.2575
0.0125,0.0000,0.0000,0.0000,0.0123,0.0001,200,1.2961
0.0059,0.0000,0.0000,0.0000,0.0058,0.0001,200,1.3032
0.0013,0.0000,0.0000,0.0000,0.0011,0.0001,200,1.3084
0.0441,0.0000,0.0000,0.0002,0.0438,0.0000,200,1.2659
0.0192,0.0000,0.0000,0.0000,0.0191,0.0000,200,1.2915
0.0228,0.0000,0.0000,0.0000,0.0227,0.0000,200,1.2879
0.0235,0.0000,0.0000,0.0000,0.0232,0.0003,200,1.2872
0.0396,0.0000,0.0000,0.0000,0.0395,0.0001,200,1.2717
0.0012,0.0000,0.0000,0.0000,0.0011,0.0001,200,1.3107
0.0078,0.0000,0.0000,0.0000,0.0077,0.0000,200,1.3044
0.0369,0.0000,0.0000,0.0001,0.0367,0.0000,200,1.2756
0.0068,0.0000,0.0000,0.0001,0.0066,0.0000,200,1.3063
0.0079,0.0000,0.0000,0.0000,0.0078,0.0000,200,1.3054
0.0236,0.0000,0.0000,0.0000,0.0236,0.0000,200,1.2904
0.0049,0.0000,0.0000,0.0000,0.0049,0.0000,200,1.3091
0.0201,0.0000,0.0000,0.0001,0.0197,0.0002,200,1.2941
0.0013,0.0000,0.0000,0.0000,0.0011,0.0000,200,1.3131
0.0046,0.0000,0.0000,0.0000,0.0045,0.0001,200,1.3100
0.0111,0.0000,0.0000,0.0000,0.0110,0.0000,200,1.3042
0.0087,0.0000,0.0000,0.0000,0.0082,0.0002,200,1.3068
0.0143,0.0000,0.0000,0.0000,0.0142,0.0000,200,1.3016
0.0242,0.0000,0.0000,0.0005,0.0236,0.0000,200,1.2922
0.0046,0.0000,0.0000,0.0000,0.0045,0.0000,200,1.3122
0.0054,0.0000,0.0000,0.0000,0.0053,0.0000,200,1.3114
0.0111,0.0000,0.0000,0.0000,0.0108,0.0002,200,1.3062
0.0681,0.0000,0.0000,0.0000,0.0680,0.0000,200,1.2497
0.0042,0.0000,0.0000,0.0000,0.0040,0.0001,200,1.3140
0.0111,0.0000,0.0000,0.0000,0.0111,0.0000,200,1.3073
0.0226,0.0000,0.0000,0.0000,0.0225,0.0000,200,1.2962
0.0203,0.0000,0.0000,0.0000,0.0203,0.0000,200,1.2985
0.0048,0.0000,0.0000,0.0000,0.0046,0.0001,200,1.3146
0.0482,0.0000,0.0000,0.0000,0.0482,0.0000,200,1.2712
0.0351,0.0000,0.0000,0.0000,0.0350,0.0000,200,1.2845
0.0520,0.0000,0.0000,0.0000,0.0519,0.0000,200,1.2679
0.0070,0.0000,0.0000,0.0000,0.0069,0.0001,200,1.3133
0.0121,0.0000,0.0000,0.0000,0.0120,0.0001,200,1.3086
0.0018,0.0000,0.0000,0.0000,0.0017,0.0000,200,1.3194
0.0155,0.0000,0.0000,0.0000,0.0154,0.0001,200,1.3057
0.0076,0.0000,0.0000,0.0000,0.0075,0.0001,200,1.3142
0.0013,0.0000,0.0000,0.0000,0.0011,0.0000,200,1.3207
0.0128,0.0000,0.0000,0.0000,0.0127,0.0000,200,1.3097
0.0270,0.0000,0.0000,0.0000,0.0269,0.0001,200,1.2962
0.0069,0.0000,0.0000,0.0000,0.0069,0.0000,200,1.3164
0.0171,0.0000,0.0000,0.0001,0.0168,0.0002,200,1.3065
0.0048,0.0000,0.0000,0.0000,0.0047,0.0001,200,1.3188
0.0309,0.0000,0.0000,0.0000,0.0308,0.0000,200,1.2933
0.0488,0.0000,0.0000,0.0004,0.0484,0.0001,200,1.2759
0.0186,0.0000,0.0000,0.0000,0.0186,0.0000,200,1.3068
0.0355,0.0000,0.0000,0.0000,0.0354,0.0001,200,1.2903
0.0061,0.0000,0.0000,0.0005,0.0056,0.0000,200,1.3203
0.0150,0.0000,0.0000,0.0000,0.0149,0.0000,200,1.3119
0.0106,0.0000,0.0000,0.0000,0.0105,0.0000,200,1.3168
0.0027,0.0000,0.0000,0.0001,0.0025,0.0000,200,1.3248
0.0416,0.0000,0.0000,0.0000,0.0415,0.0001,200,1.2863
0.0018,0.0000,0.0000,0.0000,0.0017,0.0000,200,1.3264
0.0087,0.0000,0.0000,0.0000,0.0087,0.0000,200,1.3200
0.0274,0.0000,0.0000,0.0000,0.0272,0.0001,200,1.3020
0.0083,0.0000,0.0000,0.0000,0.0082,0.0000,200,1.3212
0.0064,0.0000,0.0000,0.0000,0.0063,0.0000,200,1.3232
0.0154,0.0000,0.0000,0.0000,0.0153,0.0001,200,1.3144
0.0119,0.0000,0.0000,0.0001,0.0117,0.0001,200,1.3184
0.0076,0.0000,0.0000,0.0000,0.0075,0.0000,200,1.3233
0.0261,0.0000,0.0000,0.0000,0.0257,0.0003,200,1.3048
0.0092,0.0000,0.0000,0.0000,0.0089,0.0002,200,1.3224
0.0357,0.0000,0.0000,0.0000,0.0355,0.0001,200,1.2960
0.0415,0.0000,0.0000,0.0000,0.0414,0.0001,200,1.2906
0.0037,0.0000,0.0000,0.0000,0.0035,0.0000,200,1.3287
0.0289,0.0000,0.0000,0.0000,0.0288,0.0000,200,1.3037
0.0054,0.0000,0.0000,0.0000,0.0054,0.0000,200,1.3274
0.0372,0.0000,0.0000,0.0000,0.0371,0.0000,200,1.2961
0.0137,0.0000,0.0000,0.0000,0.0136,0.0000,200,1.3196
0.0183,0.0000,0.0000,0.0000,0.0182,0.0000,200,1.3153
0.0096,0.0000,0.0000,0.0000,0.0095,0.0000,200,1.3242
0.0199,0.0000,0.0000,0.0000,0.0198,0.0000,200,1.3140
0.0565,0.0000,0.0000,0.0000,0.0563,0.0001,200,1.2777
0.0136,0.0000,0.0000,0.0000,0.0135,0.0000,200,1.3212
0.0053,0.0000,0.0000,0.0000,0.0052,0.0000,200,1.3298
0.0020,0.0000,0.0000,0.0000,0.0019,0.0001,200,1.3335
0.0227,0.0000,0.0000,0.0000,0.0226,0.0000,200,1.3155
0.0393,0.0000,0.0000,0.0000,0.0392,0.0000,200,1.2989
0.0205,0.0000,0.0000,0.0000,0.0201,0.0000,200,1.3177
0.0874,0.0000,0.0000,0.0000,0.0873,0.0000,200,1.2508
0.0032,0.0000,0.0000,0.0000,0.0030,0.0001,200,1.3351
0.0147,0.0000,0.0000,0.0000,0.0147,0.0000,200,1.3236
0.0044,0.0000,0.0000,0.0000,0.0043,0.0000,200,1.3339
0.0126,0.0000,0.0000,0.0001,0.0124,0.0000,200,1.3258
0.0363,0.0000,0.0000,0.0000,0.0362,0.0001,200,1.3027
0.0225,0.0000,0.0000,0.0003,0.0221,0.0000,200,1.3168
0.0539,0.0000,0.0000,0.0002,0.0537,0.0000,200,1.2856
0.0084,0.0000,0.0000,0.0000,0.0083,0.0001,200,1.3317
0.0020,0.0000,0.0000,0.0000,0.0020,0.0000,200,1.3383
0.0409,0.0000,0.0000,0.0000,0.0407,0.0002,200,1.2997
0.0027,0.0000,0.0000,0.0000,0.0025,0.0001,200,1.3382
0.0310,0.0000,0.0000,0.0000,0.0309,0.0000,200,1.3107
0.0018,0.0000,0.0000,0.0000,0.0017,0.0000,200,1.3404
0.0096,0.0000,0.0000,0.0000,0.0095,0.0001,200,1.3328
0.0153,0.0000,0.0000,0.0000,0.0152,0.0000,200,1.3274
0.0048,0.0000,0.0000,0.0000,0.0047,0.0000,200,1.3382
0.0112,0.0000,0.0000,0.0000,0.0111,0.0001,200,1.3326
0.0478,0.0000,0.0000,0.0000,0.0477,0.0001,200,1.2961
0.0134,0.0000,0.0000,0.0000,0.0132,0.0000,200,1.3309
0.0229,0.0000,0.0000,0.0000,0.0228,0.0001,200,1.3218
0.0276,0.0000,0.0000,0.0000,0.0275,0.0000,200,1.3173
0.0171,0.0000,0.0000,0.0000,0.0170,0.0000,200,1.3279
0.0203,0.0000,0.0000,0.0000,0.0203,0.0000,200,1.3254
0.0041,0.0000,0.0000,0.0000,0.0040,0.0001,200,1.3417
0.0462,0.0000,0.0000,0.0000,0.0461,0.0000,200,1.3003
0.0132,0.0000,0.0000,0.0000,0.0132,0.0001,200,1.3337
0.0163,0.0000,0.0000,0.0000,0.0161,0.0000,200,1.3309
0.0051,0.0000,0.0000,0.0000,0.0050,0.0000,200,1.3428
0.0373,0.0000,0.0000,0.0000,0.0371,0.0000,200,1.3107
0.0053,0.0000,0.0000,0.0000,0.0052,0.0000,200,1.3430
0.0134,0.0000,0.0000,0.0000,0.0133,0.0001,200,1.3355
0.0098,0.0000,0.0000,0.0000,0.0097,0.0000,200,1.3393
0.0308,0.0000,0.0000,0.0000,0.0308,0.0001,200,1.3188
0.0019,0.0000,0.0000,0.0000,0.0018,0.0000,200,1.3480
0.0172,0.0000,0.0000,0.0000,0.0170,0.0001,200,1.3333
0.0035,0.0000,0.0000,0.0000,0.0034,0.0000,200,1.3470
0.0070,0.0000,0.0000,0.0000,0.0069,0.0001,200,1.3438
0.0217,0.0000,0.0000,0.0000,0.0216,0.0001,200,1.3296
0.0201,0.0000,0.0000,0.0000,0.0198,0.0003,200,1.3317
0.0065,0.0000,0.0000,0.0000,0.0064,0.0000,200,1.3458
0.0079,0.0000,0.0000,0.0000,0.0078,0.0001,200,1.3449
0.0403,0.0000,0.0000,0.0000,0.0403,0.0000,200,1.3125
0.0128,0.0000,0.0000,0.0000,0.0124,0.0003,200,1.3407
0.0458,0.0000,0.0000,0.0000,0.0457,0.0000,200,1.3076
0.0234,0.0000,0.0000,0.0000,0.0233,0.0000,200,1.3304
0.0209,0.0000,0.0000,0.0000,0.0208,0.0000,200,1.3333
0.0025,0.0000,0.0000,0.0000,0.0024,0.0000,200,1.3517
0.0159,0.0000,0.0000,0.0000,0.0158,0.0001,200,1.3383
0.0155,0.0000,0.0000,0.0000,0.0153,0.0000,200,1.3390
0.0207,0.0000,0.0000,0.0000,0.0206,0.0001,200,1.3342
0.0261,0.0000,0.0000,0.0000,0.0260,0.0001,200,1.3295
0.0047,0.0000,0.0000,0.0000,0.0047,0.0000,200,1.3513
0.0267,0.0000,0.0000,0.0000,0.0266,0.0001,200,1.3294
0.0386,0.0000,0.0000,0.0000,0.0385,0.0000,200,1.3182
0.0097,0.0000,0.0000,0.0000,0.0096,0.0000,200,1.3472
0.0085,0.0000,0.0000,0.0000,0.0082,0.0002,200,1.3490
0.0034,0.0000,0.0000,0.0000,0.0034,0.0001,200,1.3543
0.0021,0.0000,0.0000,0.0000,0.0020,0.0000,200,1.3560
0.0391,0.0000,0.0000,0.0000,0.0390,0.0000,200,1.3194
0.0272,0.0000,0.0000,0.0000,0.0271,0.0000,200,1.3321
0.0118,0.0000,0.0000,0.0000,0.0117,0.0000,200,1.3478
0.0149,0.0000,0.0000,0.0000,0.0149,0.0000,200,1.3447
0.0197,0.0000,0.0000,0.0000,0.0196,0.0000,200,1.3409
0.0182,0.0000,0.0000,0.0000,0.0180,0.0001,200,1.3425
0.0227,0.0000,0.0000,0.0000,0.0226,0.0000,200,1.3383
0.0267,0.0000,0.0000,0.0000,0.0266,0.0000,200,1.3348
0.0396,0.0000,0.0000,0.0000,0.0394,0.0001,200,1.3220
0.0113,0.0000,0.0000,0.0000,0.0111,0.0001,200,1.3509
0.0040,0.0000,0.0000,0.0000,0.0039,0.0000,200,1.3585
0.0390,0.0000,0.0000,0.0000,0.0389,0.0000,200,1.3236
0.0055,0.0000,0.0000,0.0000,0.0054,0.0000,200,1.3575
0.0089,0.0000,0.0000,0.0000,0.0088,0.0001,200,1.3545
0.0012,0.0000,0.0000,0.0000,0.0011,0.0000,200,1.3625
0.0321,0.0000,0.0000,0.0000,0.0321,0.0000,200,1.3323
0.0263,0.0000,0.0000,0.0000,0.0262,0.0001,200,1.3384
0.0056,0.0000,0.0000,0.0000,0.0053,0.0003,200,1.3596
0.0154,0.0000,0.0000,0.0000,0.0152,0.0000,200,1.3498
0.0130,0.0000,0.0000,0.0000,0.0129,0.0000,200,1.3523
0.0753,0.0000,0.0000,0.0000,0.0752,0.0000,200,1.2907
0.0505,0.0000,0.0000,0.0000,0.0504,0.0001,200,1.3159
0.0140,0.0000,0.0000,0.0002,0.0137,0.0001,200,1.3528
0.0063,0.0000,0.0000,0.0000,0.0062,0.0000,200,1.3607
0.0060,0.0000,0.0000,0.0000,0.0059,0.0001,200,1.3616
0.0138,0.0000,0.0000,0.0000,0.0137,0.0001,200,1.3542
0.0046,0.0000,0.0000,0.0000,0.0045,0.0001,200,1.3635
0.0245,0.0000,0.0000,0.0000,0.0245,0.0000,200,1.3443
0.0298,0.0000,0.0000,0.0000,0.0297,0.0000,200,1.3395
0.0017,0.0000,0.0000,0.0000,0.0015,0.0002,200,1.3680
0.0194,0.0000,0.0000,0.0000,0.0193,0.0000,200,1.3504
0.0111,0.0000,0.0000,0.0000,0.0110,0.0001,200,1.3593
0.0042,0.0000,0.0000,0.0000,0.0042,0.0000,200,1.3664
0.0109,0.0000,0.0000,0.0000,0.0106,0.0002,200,1.3606
0.0186,0.0000,0.0000,0.0000,0.0185,0.0000,200,1.3534
0.0270,0.0000,0.0000,0.0000,0.0269,0.0001,200,1.3450
0.0028,0.0000,0.0000,0.0000,0.0027,0.0001,200,1.3693
0.0095,0.0000,0.0000,0.0000,0.0094,0.0000,200,1.3630
0.0183,0.0000,0.0000,0.0000,0.0183,0.0000,200,1.3542
0.0135,0.0000,0.0000,0.0000,0.0135,0.0000,200,1.3596
0.0181,0.0000,0.0000,0.0000,0.0180,0.0001,200,1.3556
0.0131,0.0000,0.0000,0.0000,0.0131,0.0000,200,1.3610
0.0175,0.0000,0.0000,0.0000,0.0173,0.0000,200,1.3568
0.0262,0.0000,0.0000,0.0000,0.0262,0.0000,200,1.3483
0.0100,0.0000,0.0000,0.0000,0.0099,0.0000,200,1.3652
0.0032,0.0000,0.0000,0.0000,0.0031,0.0000,200,1.3726
0.0222,0.0000,0.0000,0.0000,0.0222,0.0000,200,1.3538
0.0362,0.0000,0.0000,0.0000,0.0361,0.0000,200,1.3400
0.0219,0.0000,0.0000,0.0001,0.0217,0.0001,200,1.3549
0.0050,0.0000,0.0000,0.0000,0.0048,0.0000,200,1.3720
0.0125,0.0000,0.0000,0.0000,0.0123,0.0002,200,1.3653
0.0111,0.0000,0.0000,0.0001,0.0110,0.0001,200,1.3668
0.0034,0.0000,0.0000,0.0000,0.0033,0.0001,200,1.3752
0.0027,0.0000,0.0000,0.0000,0.0026,0.0000,200,1.3760
0.0210,0.0000,0.0000,0.0000,0.0209,0.0001,200,1.3582
0.0160,0.0000,0.0000,0.0001,0.0159,0.0000,200,1.3637
0.0308,0.0000,0.0000,0.0000,0.0308,0.0000,200,1.3490
0.0058,0.0000,0.0000,0.0000,0.0057,0.0000,200,1.3746
0.0229,0.0000,0.0000,0.0000,0.0228,0.0000,200,1.3577
0.0279,0.0000,0.0000,0.0000,0.0278,0.0000,200,1.3534
0.0053,0.0000,0.0000,0.0000,0.0052,0.0001,200,1.3762
0.0150,0.0000,0.0000,0.0000,0.0146,0.0003,200,1.3670
0.0078,0.0000,0.0000,0.0000,0.0077,0.0000,200,1.3758
0.0105,0.0000,0.0000,0.0000,0.0104,0.0000,200,1.3732
0.0114,0.0000,0.0000,0.0000,0.0110,0.0003,200,1.3724
0.0030,0.0000,0.0000,0.0000,0.0026,0.0004,200,1.3815
0.0186,0.0000,0.0000,0.0000,0.0185,0.0000,200,1.3660
0.0059,0.0000,0.0000,0.0000,0.0058,0.0000,200,1.3787
0.0137,0.0000,0.0000,0.0000,0.0136,0.0001,200,1.3720
0.0022,0.0000,0.0000,0.0001,0.0021,0.0000,200,1.3837
0.0399,0.0000,0.0000,0.0000,0.0398,0.0000,200,1.3465
0.0252,0.0000,0.0000,0.0000,0.0250,0.0002,200,1.3615
0.0079,0.0000,0.0000,0.0000,0.0077,0.0000,200,1.3797
0.0098,0.0000,0.0000,0.0000,0.0097,0.0000,200,1.3778
0.0178,0.0000,0.0000,0.0000,0.0176,0.0001,200,1.3698
0.0316,0.0000,0.0000,0.0000,0.0315,0.0000,200,1.3568
0.0078,0.0000,0.0000,0.0000,0.0075,0.0003,200,1.3806
0.0145,0.0000,0.0000,0.0000,0.0144,0.0001,200,1.3741
0.0052,0.0000,0.0000,0.0000,0.0050,0.0001,200,1.3836
0.0126,0.0000,0.0000,0.0000,0.0125,0.0000,200,1.3770
0.0101,0.0000,0.0000,0.0000,0.0100,0.0001,200,1.3798
0.0035,0.0000,0.0000,0.0000,0.0033,0.0001,200,1.3867
0.0094,0.0000,0.0000,0.0000,0.0093,0.0000,200,1.3813
0.0124,0.0000,0.0000,0.0000,0.0123,0.0000,200,1.3786
0.0208,0.0000,0.0000,0.0000,0.0207,0.0001,200,1.3704
0.0073,0.0000,0.0000,0.0000,0.0072,0.0000,200,1.3846
0.0536,0.0000,0.0000,0.0000,0.0535,0.0000,200,1.3382
0.0240,0.0000,0.0000,0.0000,0.0240,0.0000,200,1.3681
0.0304,0.0000,0.0000,0.0000,0.0302,0.0000,200,1.3621
0.0424,0.0000,0.0000,0.0000,0.0423,0.0001,200,1.3505
0.0475,0.0000,0.0000,0.0002,0.0472,0.0001,200,1.3458
0.0156,0.0000,0.0000,0.0000,0.0155,0.0001,200,1.3779
0.0027,0.0000,0.0000,0.0000,0.0024,0.0001,200,1.3919
0.0242,0.0000,0.0000,0.0000,0.0240,0.0001,200,1.3707
0.0234,0.0000,0.0000,0.0000,0.0233,0.0000,200,1.3715
0.0115,0.0000,0.0000,0.0000,0.0114,0.0000,200,1.3838
0.0214,0.0000,0.0000,0.0000,0.0213,0.0000,200,1.3744
0.0580,0.0000,0.0000,0.0000,0.0579,0.0000,200,1.3382
0.0166,0.0000,0.0000,0.0000,0.0165,0.0000,200,1.3803
0.0074,0.0000,0.0000,0.0001,0.0072,0.0000,200,1.3899
0.0095,0.0000,0.0000,0.0000,0.0094,0.0000,200,1.3884
0.0337,0.0000,0.0000,0.0000,0.0336,0.0000,200,1.3653
0.0068,0.0000,0.0000,0.0000,0.0067,0.0000,200,1.3921
0.0066,0.0000,0.0000,0.0000,0.0065,0.0000,200,1.3925
0.0344,0.0000,0.0000,0.0000,0.0343,0.0000,200,1.3647
0.0022,0.0000,0.0000,0.0004,0.0017,0.0000,200,1.3972
0.0107,0.0000,0.0000,0.0000,0.0106,0.0000,200,1.3888
0.0067,0.0000,0.0000,0.0000,0.0066,0.0000,200,1.3929
0.0727,0.0000,0.0000,0.0000,0.0720,0.0007,200,1.3269
0.0079,0.0000,0.0000,0.0001,0.0077,0.0000,200,1.3919
0.0047,0.0000,0.0000,0.0000,0.0045,0.0000,200,1.3953
0.0060,0.0000,0.0000,0.0000,0.0059,0.0000,200,1.3945
0.0276,0.0000,0.0000,0.0000,0.0275,0.0000,200,1.3737
0.0579,0.0000,0.0000,0.0000,0.0578,0.0001,200,1.3439
0.0130,0.0000,0.0000,0.0000,0.0129,0.0000,200,1.3895
0.0025,0.0000,0.0000,0.0000,0.0025,0.0000,200,1.4000
0.0165,0.0000,0.0000,0.0000,0.0164,0.0000,200,1.3864
0.0309,0.0000,0.0000,0.0000,0.0305,0.0004,200,1.3720
0.0040,0.0000,0.0000,0.0000,0.0039,0.0000,200,1.3994
0.0027,0.0000,0.0000,0.0000,0.0026,0.0001,200,1.4013
0.0105,0.0000,0.0000,0.0000,0.0105,0.0000,200,1.3935
0.0075,0.0000,0.0000,0.0000,0.0074,0.0001,200,1.3969
0.0199,0.0000,0.0000,0.0000,0.0198,0.0000,200,1.3845
0.0192,0.0000,0.0000,0.0000,0.0191,0.0000,200,1.3858
0.0168,0.0000,0.0000,0.0000,0.0167,0.0000,200,1.3884
0.0069,0.0000,0.0000,0.0000,0.0067,0.0001,200,1.3991
0.0533,0.0000,0.0000,0.0001,0.0531,0.0000,200,1.3529
0.0067,0.0000,0.0000,0.0000,0.0066,0.0000,200,1.3997
0.0157,0.0000,0.0000,0.0000,0.0156,0.0001,200,1.3910
0.0053,0.0000,0.0000,0.0000,0.0051,0.0001,200,1.4018
0.0016,0.0000,0.0000,0.0000,0.0015,0.0000,200,1.4061
0.0044,0.0000,0.0000,0.0000,0.0043,0.0001,200,1.4035
0.0292,0.0000,0.0000,0.0001,0.0291,0.0000,200,1.3792
0.0157,0.0000,0.0000,0.0000,0.0156,0.0000,200,1.3933
0.0194,0.0000,0.0000,0.0001,0.0191,0.0000,200,1.3901
0.0598,0.0000,0.0000,0.0000,0.0597,0.0001,200,1.3497
0.0100,0.0000,0.0000,0.0000,0.0099,0.0001,200,1.3995
0.0188,0.0000,0.0000,0.0000,0.0187,0.0001,200,1.3912
0.0120,0.0000,0.0000,0.0000,0.0119,0.0001,200,1.3989
0.0474,0.0000,0.0000,0.0000,0.0473,0.0000,200,1.3645
0.0242,0.0000,0.0000,0.0001,0.0241,0.0000,200,1.3877
0.0047,0.0000,0.0000,0.0000,0.0046,0.0000,200,1.4072
0.0425,0.0000,0.0000,0.0000,0.0424,0.0000,200,1.3696
0.0173,0.0000,0.0000,0.0001,0.0172,0.0000,200,1.3948
0.0438,0.0000,0.0000,0.0000,0.0437,0.0000,200,1.3688
0.0566,0.0000,0.0000,0.0001,0.0565,0.0001,200,1.3561
0.0142,0.0000,0.0000,0.0000,0.0141,0.0000,200,1.3990
0.0317,0.0000,0.0000,0.0000,0.0314,0.0001,200,1.3820
0.0022,0.0000,0.0000,0.0000,0.0020,0.0001,200,1.4121
0.0376,0.0000,0.0000,0.0000,0.0375,0.0000,200,1.3768
0.0152,0.0000,0.0000,0.0000,0.0150,0.0000,200,1.3994
0.0096,0.0000,0.0000,0.0000,0.0095,0.0000,200,1.4052
0.0109,0.0000,0.0000,0.0000,0.0108,0.0001,200,1.4045
0.0132,0.0000,0.0000,0.0000,0.0128,0.0003,200,1.4029
0.0072,0.0000,0.0000,0.0000,0.0071,0.0000,200,1.4089
0.0216,0.0000,0.0000,0.0000,0.0215,0.0001,200,1.3948
0.0015,0.0000,0.0000,0.0000,0.0014,0.0000,200,1.4154
0.0025,0.0000,0.0000,0.0000,0.0025,0.0000,200,1.4147
0.0180,0.0000,0.0000,0.0000,0.0179,0.0000,200,1.3996
0.0082,0.0000,0.0000,0.0001,0.0078,0.0001,200,1.4095
0.0037,0.0000,0.0000,0.0000,0.0030,0.0001,200,1.4148
0.0326,0.0000,0.0000,0.0001,0.0325,0.0000,200,1.3859
0.0301,0.0000,0.0000,0.0000,0.0299,0.0002,200,1.3887
0.0282,0.0000,0.0000,0.0000,0.0281,0.0000,200,1.3907
0.0029,0.0000,0.0000,0.0000,0.0029,0.0000,200,1.4164
0.0037,0.0000,0.0000,0.0000,0.0036,0.0001,200,1.4161
0.0241,0.0000,0.0000,0.0000,0.0241,0.0000,200,1.3962
0.0069,0.0000,0.0000,0.0000,0.0067,0.0002,200,1.4136
0.0170,0.0000,0.0000,0.0000,0.0168,0.0001,200,1.4040
0.0135,0.0000,0.0000,0.0001,0.0134,0.0000,200,1.4079
0.0100,0.0000,0.0000,0.0000,0.0098,0.0002,200,1.4119
0.0191,0.0000,0.0000,0.0000,0.0186,0.0005,200,1.4040
0.0100,0.0000,0.0000,0.0000,0.0098,0.0000,200,1.4131
0.0355,0.0000,0.0000,0.0000,0.0354,0.0000,200,1.3877
0.0387,0.0000,0.0000,0.0000,0.0387,0.0000,200,1.3846
0.0141,0.0000,0.0000,0.0000,0.0140,0.0000,200,1.4095
0.0260,0.0000,0.0000,0.0000,0.0260,0.0000,200,1.3979
0.0082,0.0000,0.0000,0.0000,0.0082,0.0000,200,1.4161
0.0084,0.0000,0.0000,0.0000,0.0078,0.0005,200,1.4169
0.0153,0.0000,0.0000,0.0000,0.0152,0.0000,200,1.4100
0.0231,0.0000,0.0000,0.0005,0.0225,0.0001,200,1.4025
0.0048,0.0000,0.0000,0.0000,0.0048,0.0000,200,1.4214
0.0588,0.0000,0.0000,0.0000,0.0588,0.0000,200,1.3675
0.0142,0.0000,0.0000,0.0000,0.0140,0.0002,200,1.4127
0.0039,0.0000,0.0000,0.0000,0.0038,0.0000,200,1.4232
0.0037,0.0000,0.0000,0.0000,0.0036,0.0000,200,1.4239
0.0069,0.0000,0.0000,0.0000,0.0068,0.0000,200,1.4210
0.0050,0.0000,0.0000,0.0000,0.0049,0.0001,200,1.4233
0.0095,0.0000,0.0000,0.0000,0.0094,0.0000,200,1.4189
0.0285,0.0000,0.0000,0.0000,0.0281,0.0004,200,1.4006
0.0061,0.0000,0.0000,0.0000,0.0060,0.0000,200,1.4231
0.0062,0.0000,0.0000,0.0000,0.0061,0.0000,200,1.4236
0.0113,0.0000,0.0000,0.0001,0.0112,0.0000,200,1.4188
0.0107,0.0000,0.0000,0.0002,0.0105,0.0000,200,1.4198
0.0242,0.0000,0.0000,0.0000,0.0241,0.0001,200,1.4067
0.0252,0.0000,0.0000,0.0000,0.0250,0.0001,200,1.4059
0.0037,0.0000,0.0000,0.0000,0.0036,0.0000,200,1.4279
0.0036,0.0000,0.0000,0.0000,0.0035,0.0001,200,1.4283
0.0127,0.0000,0.0000,0.0000,0.0126,0.0000,200,1.4194
0.1046,0.0000,0.0000,0.0000,0.1044,0.0001,200,1.3283
0.0271,0.0000,0.0000,0.0000,0.0271,0.0000,200,1.4064
0.0074,0.0000,0.0000,0.0000,0.0072,0.0001,200,1.4262
0.0041,0.0000,0.0000,0.0000,0.0040,0.0001,200,1.4301
0.0172,0.0000,0.0000,0.0000,0.0171,0.0000,200,1.4176
0.0101,0.0000,0.0000,0.0000,0.0100,0.0000,200,1.4253
0.0170,0.0000,0.0000,0.0000,0.0168,0.0001,200,1.4185
0.0016,0.0000,0.0000,0.0000,0.0014,0.0002,200,1.4342
0.0110,0.0000,0.0000,0.0000,0.0108,0.0001,200,1.4252
0.0941,0.0000,0.0000,0.0000,0.0941,0.0000,200,1.3422
0.0323,0.0000,0.0000,0.0000,0.0322,0.0000,200,1.4044
0.0243,0.0000,0.0000,0.0000,0.0241,0.0001,200,1.4129
0.0189,0.0000,0.0000,0.0000,0.0188,0.0000,200,1.4185
0.0328,0.0000,0.0000,0.0000,0.0327,0.0000,200,1.4052
0.0208,0.0000,0.0000,0.0000,0.0207,0.0000,200,1.4172
0.0013,0.0000,0.0000,0.0000,0.0012,0.0000,200,1.4372
0.0242,0.0000,0.0000,0.0000,0.0241,0.0000,200,1.4144
0.0079,0.0000,0.0000,0.0000,0.0078,0.0000,200,1.4310
0.0250,0.0000,0.0000,0.0000,0.0249,0.0000,200,1.4143
0.0188,0.0000,0.0000,0.0000,0.0187,0.0000,200,1.4206
0.0320,0.0000,0.0000,0.0000,0.0319,0.0001,200,1.4077
0.0086,0.0000,0.0000,0.0000,0.0085,0.0001,200,1.4316
0.0445,0.0000,0.0000,0.0000,0.0445,0.0000,200,1.3957
0.0023,0.0000,0.0000,0.0001,0.0021,0.0001,200,1.4385
0.0046,0.0000,0.0000,0.0000,0.0046,0.0000,200,1.4366
0.0061,0.0000,0.0000,0.0000,0.0059,0.0001,200,1.4355
0.0064,0.0000,0.0000,0.0000,0.0063,0.0000,200,1.4353
0.0167,0.0000,0.0000,0.0000,0.0165,0.0001,200,1.4256
0.0207,0.0000,0.0000,0.0000,0.0207,0.0000,200,1.4219
0.0436,0.0000,0.0000,0.0000,0.0433,0.0002,200,1.3991
0.0124,0.0000,0.0000,0.0000,0.0124,0.0000,200,1.4306
0.0204,0.0000,0.0000,0.0000,0.0195,0.0004,200,1.4232
0.0561,0.0000,0.0000,0.0000,0.0560,0.0000,200,1.3875
0.0409,0.0000,0.0000,0.0001,0.0406,0.0002,200,1.4029
0.0084,0.0000,0.0000,0.0000,0.0083,0.0000,200,1.4362
0.0324,0.0000,0.0000,0.0000,0.0323,0.0000,200,1.4122
0.0185,0.0000,0.0000,0.0000,0.0184,0.0000,200,1.4264
0.0151,0.0000,0.0000,0.0000,0.0150,0.0000,200,1.4298
0.0031,0.0000,0.0000,0.0000,0.0030,0.0000,200,1.4423
0.0063,0.0000,0.0000,0.0000,0.0062,0.0000,200,1.4394
0.0192,0.0000,0.0000,0.0000,0.0191,0.0000,200,1.4270
0.0127,0.0000,0.0000,0.0000,0.0126,0.0000,200,1.4335
0.0071,0.0000,0.0000,0.0000,0.0070,0.0000,200,1.4394
0.0053,0.0000,0.0000,0.0000,0.0053,0.0001,200,1.4416
0.0026,0.0000,0.0000,0.0000,0.0025,0.0001,200,1.4449
0.0360,0.0000,0.0000,0.0000,0.0359,0.0000,200,1.4119
0.0017,0.0000,0.0000,0.0001,0.0014,0.0002,200,1.4465
0.0085,0.0000,0.0000,0.0000,0.0085,0.0000,200,1.4397
0.0151,0.0000,0.0000,0.0000,0.0150,0.0000,200,1.4336
0.0174,0.0000,0.0000,0.0000,0.0171,0.0002,200,1.4320
0.0375,0.0000,0.0000,0.0000,0.0374,0.0000,200,1.4119
0.0064,0.0000,0.0000,0.0000,0.0063,0.0000,200,1.4430
0.0016,0.0000,0.0000,0.0000,0.0016,0.0000,200,1.4483
0.0123,0.0000,0.0000,0.0000,0.0123,0.0000,200,1.4380
0.0881,0.0000,0.0000,0.0000,0.0879,0.0001,200,1.3626
0.0218,0.0000,0.0000,0.0000,0.0217,0.0000,200,1.4290
0.0166,0.0000,0.0000,0.0000,0.0164,0.0002,200,1.4348
0.0024,0.0000,0.0000,0.0001,0.0022,0.0001,200,1.4494
0.0084,0.0000,0.0000,0.0000,0.0083,0.0000,200,1.4438
0.0010,0.0000,0.0000,0.0000,0.0010,0.0000,200,1.4514
0.0504,0.0000,0.0000,0.0000,0.0499,0.0000,200,1.4025
0.0291,0.0000,0.0000,0.0000,0.0289,0.0001,200,1.4244
0.0439,0.0000,0.0000,0.0000,0.0438,0.0001,200,1.4095
0.0217,0.0000,0.0000,0.0000,0.0215,0.0001,200,1.4321
0.0150,0.0000,0.0000,0.0000,0.0149,0.0000,200,1.4389
0.0436,0.0000,0.0000,0.0000,0.0435,0.0000,200,1.4109
0.0368,0.0000,0.0000,0.0000,0.0367,0.0000,200,1.4177
0.0085,0.0000,0.0000,0.0000,0.0084,0.0000,200,1.4462
0.0013,0.0000,0.0000,0.0000,0.0012,0.0000,200,1.4539
0.0049,0.0000,0.0000,0.0000,0.0048,0.0000,200,1.4506
0.0180,0.0000,0.0000,0.0000,0.0179,0.0001,200,1.4379
0.0056,0.0000,0.0000,0.0000,0.0056,0.0000,200,1.4503
0.0153,0.0000,0.0000,0.0000,0.0152,0.0001,200,1.4413
0.0165,0.0000,0.0000,0.0000,0.0163,0.0001,200,1.4402
0.0145,0.0000,0.0000,0.0000,0.0144,0.0001,200,1.4427
0.0089,0.0000,0.0000,0.0000,0.0085,0.0004,200,1.4487
0.0203,0.0000,0.0000,0.0000,0.0202,0.0000,200,1.4374
0.0085,0.0000,0.0000,0.0000,0.0085,0.0000,200,1.4494
0.0026,0.0000,0.0000,0.0000,0.0025,0.0001,200,1.4560
0.0023,0.0000,0.0000,0.0000,0.0022,0.0000,200,1.4565
0.0157,0.0000,0.0000,0.0000,0.0156,0.0001,200,1.4436
0.0213,0.0000,0.0000,0.0000,0.0213,0.0000,200,1.4385
0.0030,0.0000,0.0000,0.0001,0.0029,0.0000,200,1.4568
0.0517,0.0000,0.0000,0.0000,0.0516,0.0001,200,1.4084
0.0322,0.0000,0.0000,0.0000,0.0321,0.0000,200,1.4284
0.0040,0.0000,0.0000,0.0000,0.0039,0.0000,200,1.4572
0.0204,0.0000,0.0000,0.0000,0.0202,0.0000,200,1.4408
0.0290,0.0000,0.0000,0.0000,0.0290,0.0000,200,1.4329
0.0174,0.0000,0.0000,0.0000,0.0173,0.0000,200,1.4446
0.0179,0.0000,0.0000,0.0000,0.0178,0.0000,200,1.4446
0.0144,0.0000,0.0000,0.0001,0.0142,0.0002,200,1.4482
0.0054,0.0000,0.0000,0.0000,0.0053,0.0000,200,1.4580
0.0159,0.0000,0.0000,0.0000,0.0158,0.0000,200,1.4475
0.0024,0.0000,0.0000,0.0000,0.0023,0.0000,200,1.4612
0.0041,0.0000,0.0000,0.0000,0.0039,0.0001,200,1.4598
0.0441,0.0000,0.0000,0.0000,0.0440,0.0000,200,1.4204
0.0127,0.0000,0.0000,0.0001,0.0125,0.0001,200,1.4518
0.0287,0.0000,0.0000,0.0001,0.0284,0.0000,200,1.4363
0.0364,0.0000,0.0000,0.0000,0.0363,0.0000,200,1.4292
0.0260,0.0000,0.0000,0.0000,0.0259,0.0001,200,1.4402
0.0064,0.0000,0.0000,0.0000,0.0063,0.0000,200,1.4598
0.0122,0.0000,0.0000,0.0000,0.0122,0.0000,200,1.4545
0.0402,0.0000,0.0000,0.0000,0.0401,0.0001,200,1.4270
0.0220,0.0000,0.0000,0.0000,0.0220,0.0000,200,1.4455
0.0048,0.0000,0.0000,0.0000,0.0047,0.0000,200,1.4634
0.0260,0.0000,0.0000,0.0000,0.0259,0.0001,200,1.4427
0.0196,0.0000,0.0000,0.0000,0.0194,0.0001,200,1.4499
0.0250,0.0000,0.0000,0.0000,0.0248,0.0001,200,1.4449
0.0030,0.0000,0.0000,0.0001,0.0029,0.0000,200,1.4672
0.0032,0.0000,0.0000,0.0000,0.0031,0.0001,200,1.4675
0.0090,0.0000,0.0000,0.0000,0.0089,0.0000,200,1.4619
0.0168,0.0000,0.0000,0.0000,0.0167,0.0001,200,1.4548
0.0165,0.0000,0.0000,0.0000,0.0164,0.0000,200,1.4552
0.0360,0.0000,0.0000,0.0000,0.0358,0.0001,200,1.4358
0.0084,0.0000,0.0000,0.0000,0.0083,0.0000,200,1.4639
0.0175,0.0000,0.0000,0.0000,0.0170,0.0004,200,1.4555
0.0268,0.0000,0.0000,0.0000,0.0267,0.0001,200,1.4462
0.0106,0.0000,0.0000,0.0000,0.0106,0.0000,200,1.4626
0.0118,0.0000,0.0000,0.0000,0.0117,0.0000,200,1.4619
0.0012,0.0000,0.0000,0.0001,0.0011,0.0000,200,1.4730
0.0036,0.0000,0.0000,0.0000,0.0035,0.0001,200,1.4707
0.0190,0.0000,0.0000,0.0000,0.0189,0.0001,200,1.4559
0.0161,0.0000,0.0000,0.0000,0.0161,0.0000,200,1.4588
0.0072,0.0000,0.0000,0.0000,0.0070,0.0000,200,1.4683
0.0038,0.0000,0.0000,0.0000,0.0038,0.0001,200,1.4722
0.0185,0.0000,0.0000,0.0000,0.0184,0.0000,200,1.4576
0.0035,0.0000,0.0000,0.0000,0.0034,0.0000,200,1.4730
0.0071,0.0000,0.0000,0.0001,0.0069,0.0001,200,1.4698
0.0057,0.0000,0.0000,0.0000,0.0056,0.0001,200,1.4718
0.0133,0.0000,0.0000,0.0000,0.0132,0.0000,200,1.4645
0.0027,0.0000,0.0000,0.0000,0.0026,0.0000,200,1.4754
0.0256,0.0000,0.0000,0.0000,0.0255,0.0000,200,1.4529
0.0074,0.0000,0.0000,0.0000,0.0073,0.0000,200,1.4716
0.0032,0.0000,0.0000,0.0000,0.0031,0.0000,200,1.4761
0.0054,0.0000,0.0000,0.0000,0.0053,0.0001,200,1.4743
0.0035,0.0000,0.0000,0.0000,0.0034,0.0001,200,1.4767
0.0261,0.0000,0.0000,0.0000,0.0260,0.0001,200,1.4545
0.0337,0.0000,0.0000,0.0000,0.0336,0.0000,200,1.4469
0.0062,0.0000,0.0000,0.0000,0.0054,0.0002,200,1.4750
0.0539,0.0000,0.0000,0.0000,0.0539,0.0000,200,1.4276
0.0023,0.0000,0.0000,0.0000,0.0023,0.0000,200,1.4793
0.0284,0.0000,0.0000,0.0000,0.0283,0.0000,200,1.4535
0.0209,0.0000,0.0000,0.0001,0.0207,0.0001,200,1.4612
0.0079,0.0000,0.0000,0.0000,0.0078,0.0000,200,1.4749
0.0167,0.0000,0.0000,0.0000,0.0166,0.0000,200,1.4662
0.0124,0.0000,0.0000,0.0000,0.0123,0.0000,200,1.4709
0.0095,0.0000,0.0000,0.0000,0.0093,0.0000,200,1.4742
0.0028,0.0000,0.0000,0.0000,0.0025,0.0003,200,1.4816
0.0109,0.0000,0.0000,0.0000,0.0109,0.0001,200,1.4737
0.0162,0.0000,0.0000,0.0000,0.0159,0.0002,200,1.4687
0.0132,0.0000,0.0000,0.0000,0.0132,0.0000,200,1.4717
0.0074,0.0000,0.0000,0.0000,0.0074,0.0001,200,1.4778
0.0076,0.0000,0.0000,0.0000,0.0074,0.0000,200,1.4782
0.0057,0.0000,0.0000,0.0000,0.0055,0.0001,200,1.4806
0.0047,0.0000,0.0000,0.0000,0.0046,0.0000,200,1.4821
0.0100,0.0000,0.0000,0.0001,0.0099,0.0000,200,1.4770
0.0350,0.0000,0.0000,0.0000,0.0348,0.0002,200,1.4522
0.0027,0.0000,0.0000,0.0000,0.0026,0.0000,200,1.4849
0.0178,0.0000,0.0000,0.0000,0.0177,0.0000,200,1.4702
0.0377,0.0000,0.0000,0.0000,0.0375,0.0001,200,1.4525
0.0069,0.0000,0.0000,0.0000,0.0066,0.0002,200,1.4833
0.0084,0.0000,0.0000,0.0000,0.0084,0.0000,200,1.4818
0.0469,0.0000,0.0000,0.0000,0.0461,0.0008,200,1.4435
0.0121,0.0000,0.0000,0.0000,0.0120,0.0001,200,1.4789
0.0059,0.0000,0.0000,0.0000,0.0058,0.0000,200,1.4857
0.0285,0.0000,0.0000,0.0000,0.0284,0.0000,200,1.4635
0.0109,0.0000,0.0000,0.0000,0.0108,0.0001,200,1.4812
0.0024,0.0000,0.0000,0.0000,0.0022,0.0001,200,1.4905
0.0172,0.0000,0.0000,0.0000,0.0171,0.0000,200,1.4761
0.0269,0.0000,0.0000,0.0000,0.0267,0.0002,200,1.4668
0.0136,0.0000,0.0000,0.0000,0.0134,0.0001,200,1.4806
0.0161,0.0000,0.0000,0.0000,0.0160,0.0000,200,1.4785
0.0045,0.0000,0.0000,0.0000,0.0043,0.0001,200,1.4902
0.0537,0.0000,0.0000,0.0000,0.0537,0.0000,200,1.4417
0.0153,0.0000,0.0000,0.0000,0.0149,0.0003,200,1.4802
0.0141,0.0000,0.0000,0.0000,0.0140,0.0000,200,1.4816
0.0428,0.0000,0.0000,0.0001,0.0425,0.0002,200,1.4535
0.0314,0.0000,0.0000,0.0000,0.0314,0.0000,200,1.4650
0.0434,0.0000,0.0000,0.0001,0.0433,0.0001,200,1.4538
0.0199,0.0000,0.0000,0.0000,0.0198,0.0001,200,1.4775
0.0034,0.0000,0.0000,0.0000,0.0034,0.0000,200,1.4942
0.0061,0.0000,0.0000,0.0000,0.0059,0.0002,200,1.4921
0.0155,0.0000,0.0000,0.0000,0.0154,0.0000,200,1.4828
0.0054,0.0000,0.0000,0.0000,0.0053,0.0000,200,1.4932
0.0294,0.0000,0.0000,0.0000,0.0292,0.0000,200,1.4695
0.0045,0.0000,0.0000,0.0000,0.0044,0.0000,200,1.4946
0.0263,0.0000,0.0000,0.0000,0.0262,0.0000,200,1.4733
0.0687,0.0000,0.0000,0.0000,0.0686,0.0000,200,1.4311
0.0406,0.0000,0.0000,0.0000,0.0406,0.0000,200,1.4593
0.0019,0.0000,0.0000,0.0000,0.0017,0.0002,200,1.4986
0.0088,0.0000,0.0000,0.0000,0.0084,0.0003,200,1.4920
0.0039,0.0000,0.0000,0.0000,0.0037,0.0002,200,1.4972
0.0057,0.0000,0.0000,0.0001,0.0056,0.0000,200,1.4955
0.0221,0.0000,0.0000,0.0000,0.0220,0.0001,200,1.4797
0.0017,0.0000,0.0000,0.0000,0.0015,0.0001,200,1.5005
0.0020,0.0000,0.0000,0.0000,0.0017,0.0002,200,1.5008
0.0182,0.0000,0.0000,0.0000,0.0181,0.0000,200,1.4849
0.0173,0.0000,0.0000,0.0001,0.0171,0.0001,200,1.4863
0.0396,0.0000,0.0000,0.0000,0.0395,0.0001,200,1.4645
0.0456,0.0000,0.0000,0.0000,0.0455,0.0000,200,1.4606
0.0215,0.0000,0.0000,0.0000,0.0215,0.0000,200,1.4847
0.0080,0.0000,0.0000,0.0000,0.0079,0.0000,200,1.4982
0.0086,0.0000,0.0000,0.0000,0.0086,0.0000,200,1.4976
0.0033,0.0000,0.0000,0.0001,0.0032,0.0000,200,1.5031
0.0135,0.0000,0.0000,0.0000,0.0134,0.0000,200,1.4929
0.0188,0.0000,0.0000,0.0000,0.0185,0.0002,200,1.4876
0.0128,0.0000,0.0000,0.0000,0.0128,0.0000,200,1.4937
0.0160,0.0000,0.0000,0.0000,0.0154,0.0000,200,1.4910
0.0207,0.0000,0.0000,0.0000,0.0204,0.0001,200,1.4870
0.0063,0.0000,0.0000,0.0000,0.0062,0.0000,200,1.5018
0.0218,0.0000,0.0000,0.0000,0.0216,0.0001,200,1.4868
0.0132,0.0000,0.0000,0.0000,0.0131,0.0000,200,1.4955
0.0129,0.0000,0.0000,0.0000,0.0128,0.0001,200,1.4964
0.0193,0.0000,0.0000,0.0000,0.0192,0.0000,200,1.4902
0.0018,0.0000,0.0000,0.0000,0.0018,0.0000,200,1.5081
0.0233,0.0000,0.0000,0.0000,0.0232,0.0000,200,1.4872
0.0278,0.0000,0.0000,0.0000,0.0276,0.0002,200,1.4829
0.0135,0.0000,0.0000,0.0000,0.0135,0.0000,200,1.4974
0.0074,0.0000,0.0000,0.0000,0.0074,0.0000,200,1.5041
0.0626,0.0000,0.0000,0.0000,0.0626,0.0000,200,1.4493
0.0157,0.0000,0.0000,0.0000,0.0154,0.0001,200,1.4963
0.0063,0.0000,0.0000,0.0001,0.0060,0.0001,200,1.5064
0.0553,0.0000,0.0000,0.0000,0.0552,0.0000,200,1.4576
0.0283,0.0000,0.0000,0.0000,0.0282,0.0001,200,1.4852
0.0027,0.0000,0.0000,0.0000,0.0026,0.0000,200,1.5110
0.0126,0.0000,0.0000,0.0000,0.0125,0.0000,200,1.5011
0.0080,0.0000,0.0000,0.0000,0.0078,0.0000,200,1.5062
0.0199,0.0000,0.0000,0.0000,0.0197,0.0001,200,1.4947
0.0063,0.0000,0.0000,0.0000,0.0062,0.0000,200,1.5086
0.0160,0.0000,0.0000,0.0000,0.0159,0.0000,200,1.4996
0.0097,0.0000,0.0000,0.0000,0.0096,0.0000,200,1.5062
0.0561,0.0000,0.0000,0.0000,0.0560,0.0000,200,1.4601
0.0068,0.0000,0.0000,0.0000,0.0067,0.0000,200,1.5095
0.0059,0.0000,0.0000,0.0001,0.0058,0.0000,200,1.5107
0.0033,0.0000,0.0000,0.0000,0.0031,0.0000,200,1.5137
0.0333,0.0000,0.0000,0.0001,0.0325,0.0000,200,1.4844
0.0091,0.0000,0.0000,0.0000,0.0091,0.0000,200,1.5086
0.0125,0.0000,0.0000,0.0000,0.0125,0.0000,200,1.5065
0.0127,0.0000,0.0000,0.0000,0.0126,0.0001,200,1.5063
0.0053,0.0000,0.0000,0.0000,0.0052,0.0000,200,1.5138
0.0049,0.0000,0.0000,0.0000,0.0049,0.0000,200,1.5142
0.0087,0.0000,0.0000,0.0000,0.0086,0.0000,200,1.5105
0.0215,0.0000,0.0000,0.0000,0.0214,0.0001,200,1.4983
0.0038,0.0000,0.0000,0.0000,0.0037,0.0000,200,1.5166
0.0371,0.0000,0.0000,0.0000,0.0370,0.0000,200,1.4837
0.0051,0.0000,0.0000,0.0000,0.0051,0.0000,200,1.5159
0.0143,0.0000,0.0000,0.0000,0.0138,0.0000,200,1.5070
0.0012,0.0000,0.0000,0.0000,0.0011,0.0000,200,1.5207
0.0021,0.0000,0.0000,0.0000,0.0020,0.0000,200,1.5198
0.0147,0.0000,0.0000,0.0000,0.0146,0.0000,200,1.5077
0.0109,0.0000,0.0000,0.0000,0.0107,0.0000,200,1.5120
0.0042,0.0000,0.0000,0.0000,0.0042,0.0000,200,1.5192
0.0282,0.0000,0.0000,0.0000,0.0281,0.0001,200,1.4956
0.0175,0.0000,0.0000,0.0000,0.0174,0.0001,200,1.5063
0.0589,0.0000,0.0000,0.0000,0.0589,0.0000,200,1.4662
0.0082,0.0000,0.0000,0.0000,0.0082,0.0000,200,1.5169
0.0190,0.0000,0.0000,0.0000,0.0189,0.0000,200,1.5062
0.0075,0.0000,0.0000,0.0000,0.0073,0.0001,200,1.5178
0.0054,0.0000,0.0000,0.0000,0.0053,0.0000,200,1.5204
0.0126,0.0000,0.0000,0.0000,0.0125,0.0001,200,1.5136
0.0681,0.0000,0.0000,0.0000,0.0680,0.0001,200,1.4585
0.0076,0.0000,0.0000,0.0000,0.0076,0.0000,200,1.5191
0.0020,0.0000,0.0000,0.0000,0.0020,0.0000,200,1.5251
0.0818,0.0000,0.0000,0.0000,0.0816,0.0001,200,1.4457
0.0027,0.0000,0.0000,0.0000,0.0026,0.0000,200,1.5252
0.0156,0.0000,0.0000,0.0000,0.0155,0.0000,200,1.5126
0.0778,0.0000,0.0000,0.0000,0.0777,0.0000,200,1.4509
0.0634,0.0000,0.0000,0.0000,0.0633,0.0001,200,1.4655
0.0075,0.0000,0.0000,0.0000,0.0074,0.0001,200,1.5219
0.0664,0.0000,0.0000,0.0000,0.0663,0.0000,200,1.4634
0.0019,0.0000,0.0000,0.0000,0.0018,0.0000,200,1.5282
0.0063,0.0000,0.0000,0.0001,0.0060,0.0000,200,1.5239
0.0067,0.0000,0.0000,0.0000,0.0066,0.0001,200,1.5238
0.0036,0.0000,0.0000,0.0000,0.0035,0.0001,200,1.5272
0.0289,0.0000,0.0000,0.0001,0.0287,0.0001,200,1.5022
0.0836,0.0000,0.0000,0.0000,0.0836,0.0000,200,1.4479
0.0036,0.0000,0.0000,0.0000,0.0035,0.0000,200,1.5286
0.0167,0.0000,0.0000,0.0000,0.0166,0.0000,200,1.5156
0.0039,0.0000,0.0000,0.0000,0.0038,0.0000,200,1.5289
0.0703,0.0000,0.0000,0.0000,0.0703,0.0000,200,1.4625
0.0137,0.0000,0.0000,0.0000,0.0137,0.0000,200,1.5192
0.0032,0.0000,0.0000,0.0000,0.0031,0.0001,200,1.5302
0.0037,0.0000,0.0000,0.0000,0.0036,0.0000,200,1.5301
0.0248,0.0000,0.0000,0.0000,0.0247,0.0000,200,1.5093
0.0081,0.0000,0.0000,0.0000,0.0079,0.0000,200,1.5262
0.0022,0.0000,0.0000,0.0000,0.0022,0.0000,200,1.5322
0.0069,0.0000,0.0000,0.0000,0.0068,0.0000,200,1.5279
0.0204,0.0000,0.0000,0.0000,0.0203,0.0001,200,1.5148
0.0088,0.0000,0.0000,0.0001,0.0087,0.0000,200,1.5266
0.0048,0.0000,0.0000,0.0000,0.0047,0.0001,200,1.5311
0.0187,0.0000,0.0000,0.0000,0.0187,0.0001,200,1.5177
0.0076,0.0000,0.0000,0.0000,0.0073,0.0002,200,1.5294
0.0146,0.0000,0.0000,0.0000,0.0145,0.0000,200,1.5224
0.0256,0.0000,0.0000,0.0000,0.0255,0.0000,200,1.5115
0.0169,0.0000,0.0000,0.0000,0.0168,0.0001,200,1.5211
0.0194,0.0000,0.0000,0.0000,0.0193,0.0001,200,1.5191
0.0033,0.0000,0.0000,0.0000,0.0032,0.0001,200,1.5353
0.0175,0.0000,0.0000,0.0000,0.0174,0.0001,200,1.5214
0.0355,0.0000,0.0000,0.0000,0.0354,0.0001,200,1.5036
0.0264,0.0000,0.0000,0.0000,0.0264,0.0000,200,1.5129
0.0068,0.0000,0.0000,0.0000,0.0067,0.0000,200,1.5328
0.0410,0.0000,0.0000,0.0000,0.0410,0.0000,200,1.4989
0.0101,0.0000,0.0000,0.0000,0.0101,0.0000,200,1.5304
0.0079,0.0000,0.0000,0.0000,0.0078,0.0000,200,1.5334
0.0072,0.0000,0.0000,0.0001,0.0071,0.0000,200,1.5341
0.0030,0.0000,0.0000,0.0000,0.0029,0.0000,200,1.5385
0.0141,0.0000,0.0000,0.0000,0.0141,0.0000,200,1.5275
0.0093,0.0000,0.0000,0.0000,0.0092,0.0000,200,1.5329
0.0326,0.0000,0.0000,0.0000,0.0326,0.0000,200,1.5100
0.0086,0.0000,0.0000,0.0000,0.0084,0.0000,200,1.5342
0.0113,0.0000,0.0000,0.0000,0.0113,0.0000,200,1.5315
0.0060,0.0000,0.0000,0.0000,0.0057,0.0000,200,1.5371
0.0445,0.0000,0.0000,0.0000,0.0444,0.0000,200,1.4991
0.0430,0.0000,0.0000,0.0000,0.0428,0.0001,200,1.5012
0.0107,0.0000,0.0000,0.0000,0.0106,0.0001,200,1.5338
0.0078,0.0000,0.0000,0.0000,0.0077,0.0000,200,1.5370
0.0028,0.0000,0.0000,0.0000,0.0026,0.0001,200,1.5426
0.0336,0.0000,0.0000,0.0000,0.0334,0.0002,200,1.5120
0.0047,0.0000,0.0000,0.0000,0.0046,0.0000,200,1.5436
0.0253,0.0000,0.0000,0.0000,0.0253,0.0000,200,1.5229
0.0035,0.0000,0.0000,0.0000,0.0034,0.0000,200,1.5448
0.0113,0.0000,0.0000,0.0001,0.0111,0.0001,200,1.5370
0.0176,0.0000,0.0000,0.0000,0.0174,0.0002,200,1.5308
0.0070,0.0000,0.0000,0.0000,0.0070,0.0000,200,1.5413
0.0155,0.0000,0.0000,0.0000,0.0154,0.0000,200,1.5328
0.0086,0.0000,0.0000,0.0000,0.0085,0.0001,200,1.5406
0.0013,0.0000,0.0000,0.0000,0.0012,0.0000,200,1.5482
0.0232,0.0000,0.0000,0.0000,0.0231,0.0000,200,1.5267
0.0047,0.0000,0.0000,0.0000,0.0046,0.0000,200,1.5456
0.0360,0.0000,0.0000,0.0002,0.0357,0.0001,200,1.5146
0.0141,0.0000,0.0000,0.0000,0.0141,0.0000,200,1.5364
0.0028,0.0000,0.0000,0.0000,0.0027,0.0000,200,1.5484
0.0119,0.0000,0.0000,0.0000,0.0118,0.0001,200,1.5396
0.0520,0.0000,0.0000,0.0000,0.0519,0.0001,200,1.4998
0.0123,0.0000,0.0000,0.0000,0.0122,0.0000,200,1.5400
0.0172,0.0000,0.0000,0.0000,0.0171,0.0000,200,1.5354
0.0018,0.0000,0.0000,0.0000,0.0017,0.0000,200,1.5511
0.0106,0.0000,0.0000,0.0000,0.0105,0.0000,200,1.5428
0.0238,0.0000,0.0000,0.0001,0.0236,0.0000,200,1.5297
0.0218,0.0000,0.0000,0.0000,0.0217,0.0000,200,1.5322
0.0664,0.0000,0.0000,0.0000,0.0659,0.0001,200,1.4879
0.0063,0.0000,0.0000,0.0002,0.0060,0.0001,200,1.5484
0.0296,0.0000,0.0000,0.0000,0.0295,0.0000,200,1.5258
0.0020,0.0000,0.0000,0.0000,0.0020,0.0000,200,1.5534
0.0170,0.0000,0.0000,0.0000,0.0169,0.0000,200,1.5391
0.0056,0.0000,0.0000,0.0000,0.0055,0.0000,200,1.5506
0.0217,0.0000,0.0000,0.0000,0.0216,0.0000,200,1.5344
0.0124,0.0000,0.0000,0.0000,0.0122,0.0001,200,1.5442
0.0223,0.0000,0.0000,0.0000,0.0222,0.0001,200,1.5348
0.0031,0.0000,0.0000,0.0000,0.0030,0.0000,200,1.5543
0.0153,0.0000,0.0000,0.0001,0.0148,0.0003,200,1.5428
0.0101,0.0000,0.0000,0.0000,0.0100,0.0000,200,1.5483
0.0523,0.0000,0.0000,0.0000,0.0522,0.0000,200,1.5063
0.0060,0.0000,0.0000,0.0000,0.0059,0.0000,200,1.5526
0.0688,0.0000,0.0000,0.0001,0.0687,0.0000,200,1.4903
0.0010,0.0000,0.0000,0.0000,0.0010,0.0000,200,1.5586
0.0121,0.0000,0.0000,0.0000,0.0120,0.0000,200,1.5482
0.0441,0.0000,0.0000,0.0000,0.0441,0.0000,200,1.5164
0.0358,0.0000,0.0000,0.0000,0.0357,0.0001,200,1.5252
0.0394,0.0000,0.0000,0.0000,0.0393,0.0001,200,1.5219
0.0201,0.0000,0.0000,0.0000,0.0200,0.0000,200,1.5415
0.0622,0.0000,0.0000,0.0000,0.0621,0.0001,200,1.4999
0.0210,0.0000,0.0000,0.0000,0.0209,0.0000,200,1.5413
0.0145,0.0000,0.0000,0.0000,0.0144,0.0000,200,1.5483
0.0209,0.0000,0.0000,0.0000,0.0208,0.0001,200,1.5422
0.0244,0.0000,0.0000,0.0000,0.0243,0.0000,200,1.5388
0.0140,0.0000,0.0000,0.0000,0.0140,0.0000,200,1.5496
0.0102,0.0000,0.0000,0.0000,0.0101,0.0000,200,1.5540
0.0155,0.0000,0.0000,0.0000,0.0154,0.0001,200,1.5492
0.0103,0.0000,0.0000,0.0000,0.0102,0.0000,200,1.5547
0.0134,0.0000,0.0000,0.0000,0.0131,0.0000,200,1.5522
0.0105,0.0000,0.0000,0.0000,0.0105,0.0000,200,1.5554
0.0106,0.0000,0.0000,0.0000,0.0105,0.0001,200,1.5561
0.0164,0.0000,0.0000,0.0000,0.0163,0.0001,200,1.5503
0.0477,0.0000,0.0000,0.0000,0.0471,0.0006,200,1.5190
0.0016,0.0000,0.0000,0.0000,0.0014,0.0001,200,1.5656
0.0126,0.0000,0.0000,0.0000,0.0123,0.0002,200,1.5553
0.0109,0.0000,0.0000,0.0000,0.0108,0.0000,200,1.5571
0.0061,0.0000,0.0000,0.0000,0.0060,0.0000,200,1.5623
0.0052,0.0000,0.0000,0.0000,0.0051,0.0000,200,1.5636
0.0125,0.0000,0.0000,0.0000,0.0124,0.0001,200,1.5566
0.0073,0.0000,0.0000,0.0001,0.0068,0.0001,200,1.5621
0.0318,0.0000,0.0000,0.0000,0.0316,0.0001,200,1.5379
0.0126,0.0000,0.0000,0.0000,0.0125,0.0000,200,1.5574
0.0020,0.0000,0.0000,0.0000,0.0019,0.0000,200,1.5685
0.0113,0.0000,0.0000,0.0000,0.0112,0.0001,200,1.5596
0.0127,0.0000,0.0000,0.0000,0.0126,0.0000,200,1.5584
0.0102,0.0000,0.0000,0.0000,0.0101,0.0000,200,1.5613
0.0331,0.0000,0.0000,0.0000,0.0331,0.0000,200,1.5386
0.0037,0.0000,0.0000,0.0000,0.0037,0.0000,200,1.5704
0.0224,0.0000,0.0000,0.0000,0.0222,0.0000,200,1.5518
0.0310,0.0000,0.0000,0.0000,0.0310,0.0000,200,1.5432
0.0581,0.0000,0.0000,0.0000,0.0581,0.0000,200,1.5162
0.0076,0.0000,0.0000,0.0000,0.0075,0.0000,200,1.5667
0.0138,0.0000,0.0000,0.0000,0.0138,0.0000,200,1.5605
0.0185,0.0000,0.0000,0.0000,0.0180,0.0004,200,1.5561
0.0056,0.0000,0.0000,0.0000,0.0055,0.0000,200,1.5691
0.0283,0.0000,0.0000,0.0000,0.0282,0.0001,200,1.5499
0.0134,0.0000,0.0000,0.0000,0.0134,0.0000,200,1.5648
0.0083,0.0000,0.0000,0.0000,0.0081,0.0001,200,1.5700
0.0268,0.0000,0.0000,0.0000,0.0267,0.0000,200,1.5515
0.0116,0.0000,0.0000,0.0000,0.0115,0.0000,200,1.5667
0.0532,0.0000,0.0000,0.0000,0.0531,0.0000,200,1.5252
0.0152,0.0000,0.0000,0.0000,0.0151,0.0000,200,1.5633
0.0106,0.0000,0.0000,0.0001,0.0104,0.0000,200,1.5679
0.0426,0.0000,0.0000,0.0000,0.0425,0.0000,200,1.5359
0.0391,0.0000,0.0000,0.0000,0.0391,0.0000,200,1.5394
0.0757,0.0000,0.0000,0.0000,0.0755,0.0002,200,1.5028
0.0069,0.0000,0.0000,0.0001,0.0068,0.0000,200,1.5718
0.0158,0.0000,0.0000,0.0000,0.0157,0.0001,200,1.5631
0.0212,0.0000,0.0000,0.0000,0.0212,0.0000,200,1.5581
0.0116,0.0000,0.0000,0.0000,0.0116,0.0000,200,1.5680
0.0155,0.0000,0.0000,0.0000,0.0154,0.0000,200,1.5642
0.0129,0.0000,0.0000,0.0000,0.0127,0.0000,200,1.5672
0.0061,0.0000,0.0000,0.0000,0.0061,0.0000,200,1.5742
0.0220,0.0000,0.0000,0.0000,0.0220,0.0000,200,1.5586
0.0070,0.0000,0.0000,0.0000,0.0069,0.0000,200,1.5742
0.0160,0.0000,0.0000,0.0000,0.0158,0.0000,200,1.5660
0.0170,0.0000,0.0000,0.0000,0.0169,0.0000,200,1.5650
0.0025,0.0000,0.0000,0.0000,0.0024,0.0001,200,1.5800
0.0031,0.0000,0.0000,0.0000,0.0030,0.0000,200,1.5796
0.0227,0.0000,0.0000,0.0000,0.0226,0.0001,200,1.5604
0.0221,0.0000,0.0000,0.0000,0.0220,0.0000,200,1.5616
0.0057,0.0000,0.0000,0.0000,0.0055,0.0002,200,1.5784
0.0139,0.0000,0.0000,0.0000,0.0137,0.0001,200,1.5710
0.0243,0.0000,0.0000,0.0000,0.0243,0.0000,200,1.5610
0.0231,0.0000,0.0000,0.0000,0.0230,0.0000,200,1.5627
0.0170,0.0000,0.0000,0.0000,0.0169,0.0001,200,1.5688
0.0156,0.0000,0.0000,0.0000,0.0155,0.0000,200,1.5709
0.0414,0.0000,0.0000,0.0001,0.0412,0.0000,200,1.5453
0.0070,0.0000,0.0000,0.0000,0.0069,0.0000,200,1.5797
0.0064,0.0000,0.0000,0.0000,0.0063,0.0001,200,1.5807
0.0058,0.0000,0.0000,0.0000,0.0057,0.0001,200,1.5820
0.0028,0.0000,0.0000,0.0000,0.0027,0.0001,200,1.5853
0.0035,0.0000,0.0000,0.0000,0.0033,0.0001,200,1.5850
0.0070,0.0000,0.0000,0.0000,0.0070,0.0000,200,1.5820
0.0108,0.0000,0.0000,0.0000,0.0107,0.0000,200,1.5782
0.0025,0.0000,0.0000,0.0000,0.0024,0.0000,200,1.5867
0.0086,0.0000,0.0000,0.0000,0.0085,0.0000,200,1.5812
0.0026,0.0000,0.0000,0.0000,0.0026,0.0000,200,1.5878
0.0123,0.0000,0.0000,0.0000,0.0122,0.0001,200,1.5785
0.0075,0.0000,0.0000,0.0000,0.0073,0.0001,200,1.5837
0.0058,0.0000,0.0000,0.0000,0.0057,0.0001,200,1.5858
0.0505,0.0000,0.0000,0.0000,0.0502,0.0002,200,1.5416
0.0143,0.0000,0.0000,0.0000,0.0142,0.0001,200,1.5783
0.0260,0.0000,0.0000,0.0000,0.0259,0.0000,200,1.5668
0.0021,0.0000,0.0000,0.0000,0.0020,0.0000,200,1.5912
0.0190,0.0000,0.0000,0.0000,0.0189,0.0001,200,1.5746
0.0153,0.0000,0.0000,0.0000,0.0152,0.0000,200,1.5789
0.0011,0.0000,0.0000,0.0000,0.0011,0.0000,200,1.5936
0.1033,0.0000,0.0000,0.0000,0.1033,0.0001,200,1.4917
0.0085,0.0000,0.0000,0.0000,0.0084,0.0000,200,1.5871
0.0036,0.0000,0.0000,0.0000,0.0031,0.0004,200,1.5927
0.0182,0.0000,0.0000,0.0000,0.0182,0.0000,200,1.5786
0.0090,0.0000,0.0000,0.0000,0.0089,0.0001,200,1.5881
0.0090,0.0000,0.0000,0.0000,0.0090,0.0000,200,1.5892
0.0453,0.0000,0.0000,0.0000,0.0452,0.0000,200,1.5529
0.0119,0.0000,0.0000,0.0000,0.0118,0.0001,200,1.5865
0.0051,0.0000,0.0000,0.0000,0.0043,0.0008,200,1.5933
0.0204,0.0000,0.0000,0.0000,0.0203,0.0001,200,1.5784
0.0135,0.0000,0.0000,0.0000,0.0133,0.0000,200,1.5858
0.0131,0.0000,0.0000,0.0000,0.0130,0.0001,200,1.5867
0.0301,0.0000,0.0000,0.0000,0.0301,0.0000,200,1.5697
0.0412,0.0000,0.0000,0.0000,0.0411,0.0000,200,1.5591
0.0177,0.0000,0.0000,0.0000,0.0176,0.0000,200,1.5827
0.0030,0.0000,0.0000,0.0000,0.0028,0.0002,200,1.5982
0.0228,0.0000,0.0000,0.0000,0.0223,0.0004,200,1.5785
0.0787,0.0000,0.0000,0.0000,0.0784,0.0003,200,1.5234
0.0251,0.0000,0.0000,0.0000,0.0247,0.0004,200,1.5784
0.0504,0.0000,0.0000,0.0000,0.0490,0.0014,200,1.5536
0.0078,0.0000,0.0000,0.0000,0.0076,0.0001,200,1.5963
0.0351,0.0000,0.0000,0.0000,0.0328,0.0022,200,1.5694
0.0094,0.0000,0.0000,0.0000,0.0070,0.0024,200,1.5947
0.0140,0.0000,0.0000,0.0000,0.0128,0.0013,200,1.5908
0.0068,0.0000,0.0000,0.0000,0.0054,0.0013,200,1.5982
0.0256,0.0000,0.0000,0.0000,0.0251,0.0005,200,1.5794
0.0134,0.0000,0.0000,0.0000,0.0120,0.0013,200,1.5916
0.0269,0.0000,0.0000,0.0000,0.0254,0.0014,200,1.5782
0.0153,0.0000,0.0000,0.0000,0.0152,0.0000,200,1.5904
0.0042,0.0000,0.0000,0.0004,0.0038,0.0000,200,1.6021
0.0032,0.0000,0.0000,0.0000,0.0031,0.0000,200,1.6035
0.0285,0.0000,0.0000,0.0000,0.0283,0.0001,200,1.5783
0.0090,0.0000,0.0000,0.0000,0.0090,0.0000,200,1.5984
0.0146,0.0000,0.0000,0.0000,0.0145,0.0001,200,1.5928
0.0079,0.0000,0.0000,0.0000,0.0078,0.0000,200,1.5998
0.0338,0.0000,0.0000,0.0000,0.0337,0.0001,200,1.5743
0.0028,0.0000,0.0000,0.0000,0.0027,0.0000,200,1.6074
0.0271,0.0000,0.0000,0.0000,0.0270,0.0000,200,1.5831
0.0657,0.0000,0.0000,0.0000,0.0657,0.0000,200,1.5445
0.0161,0.0000,0.0000,0.0001,0.0160,0.0000,200,1.5942
0.0022,0.0000,0.0000,0.0000,0.0020,0.0001,200,1.6082
0.0110,0.0000,0.0000,0.0000,0.0110,0.0000,200,1.5993
0.0126,0.0000,0.0000,0.0000,0.0125,0.0000,200,1.5984
0.0102,0.0000,0.0000,0.0003,0.0098,0.0000,200,1.6013
0.0375,0.0000,0.0000,0.0000,0.0374,0.0001,200,1.5742
0.0232,0.0000,0.0000,0.0000,0.0230,0.0001,200,1.5890
0.0337,0.0000,0.0000,0.0000,0.0336,0.0000,200,1.5787
0.0290,0.0000,0.0000,0.0000,0.0289,0.0001,200,1.5841
0.0212,0.0000,0.0000,0.0000,0.0211,0.0000,200,1.5921
0.0652,0.0000,0.0000,0.0000,0.0652,0.0000,200,1.5484
0.0184,0.0000,0.0000,0.0000,0.0182,0.0000,200,1.5956
0.0012,0.0000,0.0000,0.0000,0.0011,0.0001,200,1.6133
0.0249,0.0000,0.0000,0.0000,0.0248,0.0000,200,1.5898
0.0050,0.0000,0.0000,0.0000,0.0048,0.0001,200,1.6103
0.0015,0.0000,0.0000,0.0000,0.0014,0.0000,200,1.6140
0.0109,0.0000,0.0000,0.0000,0.0108,0.0001,200,1.6051
0.0060,0.0000,0.0000,0.0000,0.0059,0.0000,200,1.6103
0.0219,0.0000,0.0000,0.0000,0.0217,0.0000,200,1.5950
0.0061,0.0000,0.0000,0.0000,0.0061,0.0000,200,1.6110
0.0283,0.0000,0.0000,0.0000,0.0280,0.0000,200,1.5890
0.0178,0.0000,0.0000,0.0000,0.0173,0.0004,200,1.6003
0.0068,0.0000,0.0000,0.0000,0.0066,0.0000,200,1.6114
0.0114,0.0000,0.0000,0.0001,0.0112,0.0000,200,1.6068
0.0305,0.0000,0.0000,0.0000,0.0303,0.0002,200,1.5884
0.0150,0.0000,0.0000,0.0001,0.0148,0.0000,200,1.6040
0.0093,0.0000,0.0000,0.0000,0.0092,0.0000,200,1.6102
0.0074,0.0000,0.0000,0.0000,0.0073,0.0000,200,1.6124
0.0068,0.0000,0.0000,0.0000,0.0066,0.0001,200,1.6136
0.0240,0.0000,0.0000,0.0001,0.0238,0.0000,200,1.5968
0.0131,0.0000,0.0000,0.0000,0.0130,0.0001,200,1.6078
0.0388,0.0000,0.0000,0.0001,0.0387,0.0000,200,1.5825
0.0021,0.0000,0.0000,0.0000,0.0020,0.0000,200,1.6204
0.0073,0.0000,0.0000,0.0000,0.0072,0.0000,200,1.6155
0.0180,0.0000,0.0000,0.0000,0.0179,0.0000,200,1.6049
0.0157,0.0000,0.0000,0.0000,0.0155,0.0002,200,1.6074
0.0055,0.0000,0.0000,0.0000,0.0053,0.0001,200,1.6181
0.0457,0.0000,0.0000,0.0000,0.0457,0.0000,200,1.5785
0.0495,0.0000,0.0000,0.0000,0.0495,0.0000,200,1.5747
0.0744,0.0000,0.0000,0.0000,0.0741,0.0003,200,1.5506
0.0210,0.0000,0.0000,0.0004,0.0201,0.0000,200,1.6041
0.0211,0.0000,0.0000,0.0003,0.0207,0.0001,200,1.6045
0.0289,0.0000,0.0000,0.0000,0.0288,0.0001,200,1.5971
0.0022,0.0000,0.0000,0.0000,0.0020,0.0001,200,1.6242
0.0212,0.0000,0.0000,0.0000,0.0211,0.0000,200,1.6058
0.0101,0.0000,0.0000,0.0000,0.0100,0.0000,200,1.6182
0.0540,0.0000,0.0000,0.0000,0.0540,0.0000,200,1.5743
0.0723,0.0000,0.0000,0.0000,0.0722,0.0000,200,1.5561
0.0056,0.0000,0.0000,0.0000,0.0055,0.0000,200,1.6229
0.0183,0.0000,0.0000,0.0000,0.0182,0.0000,200,1.6102
0.0094,0.0000,0.0000,0.0000,0.0093,0.0000,200,1.6198
0.0071,0.0000,0.0000,0.0000,0.0070,0.0000,200,1.6225
0.0088,0.0000,0.0000,0.0000,0.0083,0.0002,200,1.6213
0.0016,0.0000,0.0000,0.0000,0.0016,0.0000,200,1.6284
0.0068,0.0000,0.0000,0.0000,0.0067,0.0000,200,1.6235
0.0081,0.0000,0.0000,0.0000,0.0079,0.0001,200,1.6227
0.0106,0.0000,0.0000,0.0000,0.0105,0.0000,200,1.6208
0.0052,0.0000,0.0000,0.0013,0.0038,0.0001,200,1.6269
0.0273,0.0000,0.0000,0.0000,0.0273,0.0000,200,1.6050
0.0338,0.0000,0.0000,0.0000,0.0337,0.0000,200,1.5988
0.0137,0.0000,0.0000,0.0000,0.0136,0.0000,200,1.6195
0.0035,0.0000,0.0000,0.0000,0.0035,0.0000,200,1.6303
0.0179,0.0000,0.0000,0.0000,0.0177,0.0000,200,1.6160
0.0177,0.0000,0.0000,0.0000,0.0176,0.0001,200,1.6169
0.0021,0.0000,0.0000,0.0000,0.0021,0.0000,200,1.6331
0.0238,0.0000,0.0000,0.0000,0.0238,0.0000,200,1.6117
0.0355,0.0000,0.0000,0.0000,0.0353,0.0000,200,1.6004
0.0176,0.0000,0.0000,0.0000,0.0172,0.0004,200,1.6190
0.0651,0.0000,0.0000,0.0000,0.0650,0.0000,200,1.5716
0.0322,0.0000,0.0000,0.0000,0.0321,0.0000,200,1.6050
0.0035,0.0000,0.0000,0.0000,0.0035,0.0000,200,1.6339
0.0232,0.0000,0.0000,0.0000,0.0229,0.0002,200,1.6146
0.0063,0.0000,0.0000,0.0000,0.0063,0.0000,200,1.6314
0.0037,0.0000,0.0000,0.0000,0.0036,0.0000,200,1.6346
0.0646,0.0000,0.0000,0.0000,0.0645,0.0001,200,1.5743
0.0105,0.0000,0.0000,0.0000,0.0104,0.0000,200,1.6284
0.0090,0.0000,0.0000,0.0000,0.0089,0.0000,200,1.6300
0.0230,0.0000,0.0000,0.0000,0.0230,0.0000,200,1.6163
0.0143,0.0000,0.0000,0.0000,0.0140,0.0003,200,1.6256
0.0350,0.0000,0.0000,0.0000,0.0349,0.0000,200,1.6050
0.0407,0.0000,0.0000,0.0000,0.0405,0.0001,200,1.5998
0.0051,0.0000,0.0000,0.0000,0.0051,0.0000,200,1.6355
0.0011,0.0000,0.0000,0.0000,0.0010,0.0001,200,1.6399
0.0089,0.0000,0.0000,0.0000,0.0088,0.0001,200,1.6326
0.0116,0.0000,0.0000,0.0000,0.0115,0.0000,200,1.6300
0.0168,0.0000,0.0000,0.0000,0.0168,0.0000,200,1.6250
0.0065,0.0000,0.0000,0.0000,0.0064,0.0000,200,1.6359
0.0090,0.0000,0.0000,0.0000,0.0089,0.0000,200,1.6339
0.0080,0.0000,0.0000,0.0000,0.0077,0.0001,200,1.6353
0.0020,0.0000,0.0000,0.0000,0.0020,0.0000,200,1.6419
0.0052,0.0000,0.0000,0.0000,0.0048,0.0004,200,1.6389
0.0396,0.0000,0.0000,0.0002,0.0390,0.0000,200,1.6045
0.0204,0.0000,0.0000,0.0000,0.0203,0.0000,200,1.6242
0.0164,0.0000,0.0000,0.0000,0.0163,0.0001,200,1.6283
0.0153,0.0000,0.0000,0.0000,0.0151,0.0001,200,1.6321
0.0027,0.0000,0.0000,0.0000,0.0027,0.0000,200,1.6447
0.0268,0.0000,0.0000,0.0000,0.0268,0.0000,200,1.6208
0.0245,0.0000,0.0000,0.0000,0.0244,0.0000,200,1.6231
0.0194,0.0000,0.0000,0.0000,0.0194,0.0000,200,1.6283
0.0050,0.0000,0.0000,0.0000,0.0049,0.0000,200,1.6428
0.0306,0.0000,0.0000,0.0000,0.0306,0.0000,200,1.6173
0.0156,0.0000,0.0000,0.0000,0.0155,0.0000,200,1.6323
0.0189,0.0000,0.0000,0.0000,0.0188,0.0000,200,1.6292
0.0378,0.0000,0.0000,0.0000,0.0378,0.0000,200,1.6102
0.0110,0.0000,0.0000,0.0000,0.0104,0.0006,200,1.6372
0.0089,0.0000,0.0000,0.0000,0.0081,0.0007,200,1.6393
0.0471,0.0000,0.0000,0.0009,0.0458,0.0003,200,1.6013
0.0060,0.0000,0.0000,0.0000,0.0059,0.0001,200,1.6424
0.0008,0.0000,0.0000,0.0000,0.0007,0.0000,200,1.6477
0.0059,0.0000,0.0000,0.0000,0.0055,0.0003,200,1.6432
0.0009,0.0000,0.0000,0.0000,0.0009,0.0000,200,1.6482
0.0016,0.0000,0.0000,0.0000,0.0015,0.0000,200,1.6478
0.0057,0.0000,0.0000,0.0000,0.0056,0.0001,200,1.6441
0.0241,0.0000,0.0000,0.0002,0.0238,0.0000,200,1.6260
0.0019,0.0000,0.0000,0.0000,0.0018,0.0000,200,1.6484
0.0386,0.0000,0.0000,0.0000,0.0385,0.0000,200,1.6121
0.0104,0.0000,0.0000,0.0000,0.0103,0.0000,200,1.6407
0.0206,0.0000,0.0000,0.0000,0.0205,0.0000,200,1.6309
0.0137,0.0000,0.0000,0.0000,0.0137,0.0000,200,1.6378
0.0143,0.0000,0.0000,0.0000,0.0142,0.0000,200,1.6374
0.0122,0.0000,0.0000,0.0000,0.0121,0.0001,200,1.6399
0.0047,0.0000,0.0000,0.0000,0.0046,0.0000,200,1.6479
0.0233,0.0000,0.0000,0.0000,0.0233,0.0000,200,1.6296
0.0466,0.0000,0.0000,0.0000,0.0465,0.0001,200,1.6067
0.0059,0.0000,0.0000,0.0000,0.0057,0.0002,200,1.6480
0.0065,0.0000,0.0000,0.0000,0.0065,0.0000,200,1.6474
0.0033,0.0000,0.0000,0.0000,0.0028,0.0004,200,1.6517
0.0040,0.0000,0.0000,0.0000,0.0039,0.0000,200,1.6510
0.0452,0.0000,0.0000,0.0000,0.0451,0.0000,200,1.6103
0.0305,0.0000,0.0000,0.0000,0.0303,0.0002,200,1.6250
0.0175,0.0000,0.0000,0.0000,0.0167,0.0000,200,1.6383
0.0145,0.0000,0.0000,0.0000,0.0142,0.0001,200,1.6417
0.0418,0.0000,0.0000,0.0000,0.0417,0.0000,200,1.6146
0.0063,0.0000,0.0000,0.0000,0.0047,0.0017,200,1.6503
0.0187,0.0000,0.0000,0.0002,0.0184,0.0001,200,1.6390
0.0515,0.0000,0.0000,0.0000,0.0514,0.0000,200,1.6063
0.0322,0.0000,0.0000,0.0000,0.0320,0.0001,200,1.6264
0.0145,0.0000,0.0000,0.0000,0.0144,0.0000,200,1.6441
0.0040,0.0000,0.0000,0.0000,0.0036,0.0000,200,1.6550
0.0203,0.0000,0.0000,0.0001,0.0201,0.0001,200,1.6389
0.0099,0.0000,0.0000,0.0000,0.0098,0.0000,200,1.6495
0.0091,0.0000,0.0000,0.0000,0.0090,0.0001,200,1.6508
0.0089,0.0000,0.0000,0.0000,0.0088,0.0000,200,1.6514
0.0128,0.0000,0.0000,0.0000,0.0126,0.0001,200,1.6477
0.0049,0.0000,0.0000,0.0000,0.0048,0.0000,200,1.6561
0.0089,0.0000,0.0000,0.0000,0.0088,0.0000,200,1.6526
0.0100,0.0000,0.0000,0.0000,0.0100,0.0000,200,1.6515
0.0436,0.0000,0.0000,0.0000,0.0434,0.0000,200,1.6189
0.0475,0.0000,0.0000,0.0000,0.0469,0.0004,200,1.6152
0.0155,0.0000,0.0000,0.0000,0.0154,0.0000,200,1.6473
0.0149,0.0000,0.0000,0.0000,0.0148,0.0000,200,1.6484
0.0451,0.0000,0.0000,0.0000,0.0450,0.0001,200,1.6182
0.0466,0.0000,0.0000,0.0001,0.0465,0.0000,200,1.6171
0.0053,0.0000,0.0000,0.0000,0.0052,0.0000,200,1.6592
0.0031,0.0000,0.0000,0.0000,0.0026,0.0004,200,1.6615
0.0172,0.0000,0.0000,0.0000,0.0171,0.0000,200,1.6480
0.0103,0.0000,0.0000,0.0000,0.0102,0.0000,200,1.6550
0.0058,0.0000,0.0000,0.0000,0.0057,0.0000,200,1.6599
0.0163,0.0000,0.0000,0.0000,0.0161,0.0001,200,1.6499
0.0072,0.0000,0.0000,0.0000,0.0070,0.0001,200,1.6590
0.0027,0.0000,0.0000,0.0000,0.0025,0.0001,200,1.6638
0.0138,0.0000,0.0000,0.0000,0.0135,0.0002,200,1.6533
0.0154,0.0000,0.0000,0.0001,0.0152,0.0000,200,1.6522
0.0175,0.0000,0.0000,0.0000,0.0174,0.0001,200,1.6501
0.0156,0.0000,0.0000,0.0000,0.0156,0.0000,200,1.6529
0.0100,0.0000,0.0000,0.0000,0.0099,0.0001,200,1.6586
0.0313,0.0000,0.0000,0.0000,0.0309,0.0004,200,1.6378
0.0067,0.0000,0.0000,0.0000,0.0061,0.0001,200,1.6628
0.0221,0.0000,0.0000,0.0000,0.0219,0.0001,200,1.6477
0.0027,0.0000,0.0000,0.0000,0.0026,0.0001,200,1.6677
0.0010,0.0000,0.0000,0.0000,0.0008,0.0001,200,1.6698
0.0156,0.0000,0.0000,0.0000,0.0155,0.0001,200,1.6555
0.0430,0.0000,0.0000,0.0000,0.0427,0.0001,200,1.6285
0.0014,0.0000,0.0000,0.0000,0.0013,0.0000,200,1.6703
0.0060,0.0000,0.0000,0.0000,0.0058,0.0000,200,1.6662
0.0239,0.0000,0.0000,0.0001,0.0237,0.0000,200,1.6491
0.0040,0.0000,0.0000,0.0002,0.0037,0.0000,200,1.6690
0.0103,0.0000,0.0000,0.0000,0.0097,0.0006,200,1.6629
0.0325,0.0000,0.0000,0.0000,0.0323,0.0001,200,1.6411
0.0028,0.0000,0.0000,0.0000,0.0028,0.0000,200,1.6708
0.0025,0.0000,0.0000,0.0000,0.0024,0.0001,200,1.6715
0.0090,0.0000,0.0000,0.0000,0.0088,0.0001,200,1.6653
0.0188,0.0000,0.0000,0.0000,0.0187,0.0001,200,1.6556
0.0264,0.0000,0.0000,0.0000,0.0263,0.0000,200,1.6482
0.0185,0.0000,0.0000,0.0000,0.0184,0.0001,200,1.6567
0.0167,0.0000,0.0000,0.0000,0.0166,0.0000,200,1.6586
0.0953,0.0000,0.0000,0.0000,0.0952,0.0001,200,1.5803
0.0082,0.0000,0.0000,0.0000,0.0081,0.0001,200,1.6675
0.0271,0.0000,0.0000,0.0001,0.0268,0.0001,200,1.6491
0.0398,0.0000,0.0000,0.0000,0.0395,0.0000,200,1.6366
0.0023,0.0000,0.0000,0.0000,0.0021,0.0000,200,1.6746
0.0091,0.0000,0.0000,0.0000,0.0090,0.0000,200,1.6686
0.0013,0.0000,0.0000,0.0000,0.0013,0.0000,200,1.6764
0.0127,0.0000,0.0000,0.0000,0.0126,0.0000,200,1.6657
0.0192,0.0000,0.0000,0.0000,0.0191,0.0001,200,1.6594
0.0106,0.0000,0.0000,0.0000,0.0106,0.0000,200,1.6686
0.0382,0.0000,0.0000,0.0000,0.0382,0.0001,200,1.6415
0.0044,0.0000,0.0000,0.0000,0.0042,0.0001,200,1.6756
0.0178,0.0000,0.0000,0.0000,0.0177,0.0000,200,1.6625
0.0243,0.0000,0.0000,0.0000,0.0242,0.0001,200,1.6565
0.0271,0.0000,0.0000,0.0002,0.0268,0.0000,200,1.6539
0.0086,0.0000,0.0000,0.0000,0.0084,0.0002,200,1.6730
0.0020,0.0000,0.0000,0.0000,0.0019,0.0000,200,1.6797
0.0085,0.0000,0.0000,0.0000,0.0085,0.0001,200,1.6735
0.0108,0.0000,0.0000,0.0000,0.0107,0.0001,200,1.6717
0.0044,0.0000,0.0000,0.0000,0.0043,0.0001,200,1.6783
0.0296,0.0000,0.0000,0.0000,0.0292,0.0004,200,1.6539
0.0019,0.0000,0.0000,0.0000,0.0018,0.0000,200,1.6817
0.0088,0.0000,0.0000,0.0002,0.0084,0.0002,200,1.6753
0.0189,0.0000,0.0000,0.0000,0.0187,0.0000,200,1.6652
0.0238,0.0000,0.0000,0.0000,0.0237,0.0000,200,1.6605
0.0126,0.0000,0.0000,0.0000,0.0125,0.0000,200,1.6721
0.0182,0.0000,0.0000,0.0001,0.0179,0.0001,200,1.6671
0.0035,0.0000,0.0000,0.0000,0.0034,0.0000,200,1.6821
0.0087,0.0000,0.0000,0.0000,0.0079,0.0008,200,1.6777
0.0024,0.0000,0.0000,0.0000,0.0024,0.0000,200,1.6841
0.0023,0.0000,0.0000,0.0000,0.0023,0.0000,200,1.6843
0.0067,0.0000,0.0000,0.0000,0.0066,0.0000,200,1.6800
0.0205,0.0000,0.0000,0.0000,0.0204,0.0000,200,1.6665
0.0039,0.0000,0.0000,0.0000,0.0038,0.0001,200,1.6836
0.0398,0.0000,0.0000,0.0000,0.0396,0.0002,200,1.6479
0.0136,0.0000,0.0000,0.0001,0.0135,0.0000,200,1.6742
0.0135,0.0000,0.0000,0.0001,0.0133,0.0000,200,1.6744
0.0239,0.0000,0.0000,0.0000,0.0236,0.0003,200,1.6644
0.0283,0.0000,0.0000,0.0000,0.0280,0.0002,200,1.6603
0.0051,0.0000,0.0000,0.0002,0.0047,0.0001,200,1.6841
0.0281,0.0000,0.0000,0.0000,0.0280,0.0000,200,1.6615
0.0165,0.0000,0.0000,0.0000,0.0165,0.0000,200,1.6731
0.0135,0.0000,0.0000,0.0000,0.0133,0.0002,200,1.6768
0.0035,0.0000,0.0000,0.0000,0.0034,0.0001,200,1.6870
0.0117,0.0000,0.0000,0.0000,0.0116,0.0001,200,1.6792
0.0303,0.0000,0.0000,0.0000,0.0300,0.0003,200,1.6610
0.0088,0.0000,0.0000,0.0000,0.0087,0.0000,200,1.6825
0.0091,0.0000,0.0000,0.0000,0.0090,0.0001,200,1.6827
0.0166,0.0000,0.0000,0.0000,0.0165,0.0000,200,1.6758
0.0071,0.0000,0.0000,0.0000,0.0069,0.0001,200,1.6853
0.0373,0.0000,0.0000,0.0000,0.0372,0.0001,200,1.6558
0.0486,0.0000,0.0000,0.0001,0.0484,0.0000,200,1.6448
0.0050,0.0000,0.0000,0.0000,0.0049,0.0001,200,1.6886
0.0027,0.0000,0.0000,0.0000,0.0026,0.0000,200,1.6913
0.0111,0.0000,0.0000,0.0000,0.0110,0.0000,200,1.6836
0.0067,0.0000,0.0000,0.0000,0.0067,0.0000,200,1.6883
0.0086,0.0000,0.0000,0.0000,0.0085,0.0000,200,1.6866
0.0830,0.0000,0.0000,0.0001,0.0828,0.0001,200,1.6131
0.0051,0.0000,0.0000,0.0000,0.0045,0.0006,200,1.6918
0.0046,0.0000,0.0000,0.0000,0.0045,0.0000,200,1.6924
0.0114,0.0000,0.0000,0.0000,0.0114,0.0000,200,1.6856
0.0076,0.0000,0.0000,0.0000,0.0075,0.0000,200,1.6897
0.0014,0.0000,0.0000,0.0000,0.0014,0.0000,200,1.6961
0.0046,0.0000,0.0000,0.0000,0.0044,0.0002,200,1.6933
0.0057,0.0000,0.0000,0.0000,0.0055,0.0001,200,1.6924
0.0091,0.0000,0.0000,0.0000,0.0090,0.0001,200,1.6896
0.0051,0.0000,0.0000,0.0000,0.0050,0.0000,200,1.6937
0.0014,0.0000,0.0000,0.0000,0.0013,0.0000,200,1.6979
0.0337,0.0000,0.0000,0.0000,0.0335,0.0000,200,1.6662
0.0132,0.0000,0.0000,0.0000,0.0131,0.0001,200,1.6866
0.0371,0.0000,0.0000,0.0000,0.0371,0.0000,200,1.6633
0.0118,0.0000,0.0000,0.0000,0.0115,0.0003,200,1.6893
0.0262,0.0000,0.0000,0.0000,0.0261,0.0000,200,1.6752
0.0322,0.0000,0.0000,0.0001,0.0320,0.0000,200,1.6695
0.0277,0.0000,0.0000,0.0000,0.0276,0.0001,200,1.6740
0.0108,0.0000,0.0000,0.0000,0.0107,0.0000,200,1.6909
0.0258,0.0000,0.0000,0.0000,0.0257,0.0000,200,1.6762
0.0084,0.0000,0.0000,0.0000,0.0082,0.0000,200,1.6940
0.0014,0.0000,0.0000,0.0000,0.0014,0.0000,200,1.7020
0.0036,0.0000,0.0000,0.0000,0.0035,0.0000,200,1.6999
0.0170,0.0000,0.0000,0.0000,0.0168,0.0002,200,1.6865
0.0465,0.0000,0.0000,0.0002,0.0459,0.0004,200,1.6578
0.0411,0.0000,0.0000,0.0000,0.0406,0.0005,200,1.6633
0.0043,0.0000,0.0000,0.0000,0.0042,0.0000,200,1.7014
0.0047,0.0000,0.0000,0.0000,0.0043,0.0004,200,1.7017
0.0030,0.0000,0.0000,0.0000,0.0029,0.0001,200,1.7043
0.0144,0.0000,0.0000,0.0000,0.0143,0.0001,200,1.6931
0.0677,0.0000,0.0000,0.0000,0.0676,0.0000,200,1.6405
0.0059,0.0000,0.0000,0.0000,0.0058,0.0000,200,1.7024
0.0045,0.0000,0.0000,0.0000,0.0044,0.0000,200,1.7044
0.0103,0.0000,0.0000,0.0000,0.0103,0.0000,200,1.6987
0.0385,0.0000,0.0000,0.0000,0.0384,0.0000,200,1.6711
0.0128,0.0000,0.0000,0.0000,0.0127,0.0001,200,1.6970
0.0066,0.0000,0.0000,0.0000,0.0065,0.0000,200,1.7034
0.0260,0.0000,0.0000,0.0000,0.0259,0.0000,200,1.6847
0.0243,0.0000,0.0000,0.0000,0.0243,0.0000,200,1.6866
0.0313,0.0000,0.0000,0.0000,0.0312,0.0001,200,1.6803
0.0099,0.0000,0.0000,0.0000,0.0098,0.0000,200,1.7017
0.0245,0.0000,0.0000,0.0000,0.0242,0.0002,200,1.6875
0.0543,0.0000,0.0000,0.0000,0.0543,0.0000,200,1.6577
0.0311,0.0000,0.0000,0.0000,0.0309,0.0001,200,1.6816
0.0050,0.0000,0.0000,0.0000,0.0050,0.0000,200,1.7083
0.0398,0.0000,0.0000,0.0000,0.0395,0.0002,200,1.6736
0.0131,0.0000,0.0000,0.0000,0.0130,0.0000,200,1.7004
0.0364,0.0000,0.0000,0.0000,0.0362,0.0001,200,1.6777
0.0237,0.0000,0.0000,0.0000,0.0236,0.0000,200,1.6904
0.0013,0.0000,0.0000,0.0000,0.0013,0.0000,200,1.7134
0.0067,0.0000,0.0000,0.0000,0.0065,0.0000,200,1.7089
0.0370,0.0000,0.0000,0.0000,0.0369,0.0000,200,1.6786
0.0040,0.0000,0.0000,0.0000,0.0038,0.0001,200,1.7116
0.0141,0.0000,0.0000,0.0000,0.0141,0.0000,200,1.7017
0.0009,0.0000,0.0000,0.0000,0.0009,0.0000,200,1.7156
0.0195,0.0000,0.0000,0.0000,0.0189,0.0005,200,1.6970
0.0198,0.0000,0.0000,0.0000,0.0195,0.0000,200,1.6973
0.0187,0.0000,0.0000,0.0000,0.0186,0.0001,200,1.6987
0.0530,0.0000,0.0000,0.0001,0.0528,0.0001,200,1.6646
0.0213,0.0000,0.0000,0.0001,0.0207,0.0000,200,1.6969
0.0306,0.0000,0.0000,0.0000,0.0306,0.0000,200,1.6879
0.0240,0.0000,0.0000,0.0000,0.0238,0.0001,200,1.6951
0.0314,0.0000,0.0000,0.0000,0.0313,0.0000,200,1.6877
0.0032,0.0000,0.0000,0.0000,0.0031,0.0000,200,1.7165
0.0043,0.0000,0.0000,0.0000,0.0042,0.0000,200,1.7156
0.0224,0.0000,0.0000,0.0000,0.0223,0.0000,200,1.6975
0.0131,0.0000,0.0000,0.0000,0.0130,0.0000,200,1.7073
0.0109,0.0000,0.0000,0.0000,0.0108,0.0000,200,1.7098
0.0405,0.0000,0.0000,0.0000,0.0403,0.0000,200,1.6808
0.0014,0.0000,0.0000,0.0000,0.0012,0.0000,200,1.7204
0.0116,0.0000,0.0000,0.0000,0.0116,0.0000,200,1.7107
0.0082,0.0000,0.0000,0.0000,0.0082,0.0000,200,1.7141
0.0325,0.0000,0.0000,0.0000,0.0323,0.0001,200,1.6904
0.0240,0.0000,0.0000,0.0000,0.0239,0.0001,200,1.6993
0.0047,0.0000,0.0000,0.0000,0.0046,0.0000,200,1.7192
0.0044,0.0000,0.0000,0.0000,0.0043,0.0001,200,1.7199
0.0883,0.0000,0.0000,0.0000,0.0878,0.0005,200,1.6366
0.0136,0.0000,0.0000,0.0000,0.0132,0.0004,200,1.7116
0.0136,0.0000,0.0000,0.0000,0.0135,0.0001,200,1.7120
0.0313,0.0000,0.0000,0.0000,0.0312,0.0001,200,1.6946
0.0228,0.0000,0.0000,0.0000,0.0227,0.0001,200,1.7035
0.0090,0.0000,0.0000,0.0000,0.0089,0.0000,200,1.7176
0.0196,0.0000,0.0000,0.0001,0.0193,0.0001,200,1.7075
0.0466,0.0000,0.0000,0.0000,0.0465,0.0001,200,1.6810
0.0219,0.0000,0.0000,0.0000,0.0217,0.0001,200,1.7057
0.0083,0.0000,0.0000,0.0000,0.0083,0.0001,200,1.7198
0.0307,0.0000,0.0000,0.0000,0.0306,0.0000,200,1.6981
0.0114,0.0000,0.0000,0.0000,0.0113,0.0000,200,1.7174
0.0289,0.0000,0.0000,0.0000,0.0288,0.0000,200,1.6999
0.0031,0.0000,0.0000,0.0000,0.0030,0.0000,200,1.7262
0.0203,0.0000,0.0000,0.0002,0.0200,0.0000,200,1.7091
0.0083,0.0000,0.0000,0.0000,0.0081,0.0002,200,1.7218
0.0105,0.0000,0.0000,0.0000,0.0104,0.0000,200,1.7199
0.0394,0.0000,0.0000,0.0000,0.0392,0.0001,200,1.6913
0.0065,0.0000,0.0000,0.0000,0.0062,0.0001,200,1.7249
0.0132,0.0000,0.0000,0.0000,0.0132,0.0000,200,1.7185
0.0099,0.0000,0.0000,0.0000,0.0098,0.0000,200,1.7224
0.0089,0.0000,0.0000,0.0000,0.0088,0.0001,200,1.7239
0.0233,0.0000,0.0000,0.0000,0.0232,0.0000,200,1.7100
0.0386,0.0000,0.0000,0.0000,0.0385,0.0000,200,1.6951
0.0027,0.0000,0.0000,0.0004,0.0023,0.0000,200,1.7314
0.0177,0.0000,0.0000,0.0000,0.0176,0.0001,200,1.7170
0.0062,0.0000,0.0000,0.0000,0.0061,0.0000,200,1.7288
0.0074,0.0000,0.0000,0.0000,0.0074,0.0000,200,1.7276
0.0247,0.0000,0.0000,0.0000,0.0246,0.0000,200,1.7109
0.0920,0.0000,0.0000,0.0000,0.0920,0.0000,200,1.6439
0.0093,0.0000,0.0000,0.0000,0.0092,0.0000,200,1.7275
0.0212,0.0000,0.0000,0.0000,0.0211,0.0000,200,1.7158
0.0130,0.0000,0.0000,0.0004,0.0121,0.0000,200,1.7243
0.0254,0.0000,0.0000,0.0000,0.0253,0.0000,200,1.7120
0.0169,0.0000,0.0000,0.0000,0.0168,0.0000,200,1.7207
0.0372,0.0000,0.0000,0.0000,0.0368,0.0001,200,1.7010
0.0064,0.0000,0.0000,0.0000,0.0063,0.0000,200,1.7322
0.0060,0.0000,0.0000,0.0000,0.0055,0.0004,200,1.7328
0.0026,0.0000,0.0000,0.0000,0.0025,0.0001,200,1.7368
0.0231,0.0000,0.0000,0.0000,0.0230,0.0000,200,1.7165
0.0022,0.0000,0.0000,0.0000,0.0019,0.0003,200,1.7382
0.0192,0.0000,0.0000,0.0000,0.0192,0.0001,200,1.7213
0.0017,0.0000,0.0000,0.0000,0.0016,0.0000,200,1.7389
0.0535,0.0000,0.0000,0.0000,0.0534,0.0000,200,1.6878
0.0047,0.0000,0.0000,0.0000,0.0046,0.0001,200,1.7370
0.0170,0.0000,0.0000,0.0000,0.0167,0.0002,200,1.7252
0.0018,0.0000,0.0000,0.0000,0.0016,0.0001,200,1.7406
0.0141,0.0000,0.0000,0.0000,0.0139,0.0002,200,1.7288
0.0248,0.0000,0.0000,0.0000,0.0245,0.0003,200,1.7182
0.0702,0.0000,0.0000,0.0000,0.0701,0.0000,200,1.6730
0.0092,0.0000,0.0000,0.0000,0.0091,0.0001,200,1.7350
0.0026,0.0000,0.0000,0.0000,0.0025,0.0000,200,1.7422
0.0352,0.0000,0.0000,0.0000,0.0351,0.0000,200,1.7096
0.0019,0.0000,0.0000,0.0000,0.0018,0.0000,200,1.7430
0.0135,0.0000,0.0000,0.0000,0.0135,0.0000,200,1.7318
0.0068,0.0000,0.0000,0.0000,0.0067,0.0000,200,1.7386
0.0177,0.0000,0.0000,0.0000,0.0176,0.0001,200,1.7281
0.0240,0.0000,0.0000,0.0000,0.0238,0.0002,200,1.7224
0.0211,0.0000,0.0000,0.0000,0.0209,0.0001,200,1.7259
0.0026,0.0000,0.0000,0.0000,0.0025,0.0000,200,1.7447
0.0172,0.0000,0.0000,0.0000,0.0170,0.0002,200,1.7307
0.0148,0.0000,0.0000,0.0000,0.0146,0.0001,200,1.7334
0.0110,0.0000,0.0000,0.0000,0.0108,0.0001,200,1.7374
0.0022,0.0000,0.0000,0.0002,0.0019,0.0000,200,1.7463
0.0379,0.0000,0.0000,0.0002,0.0376,0.0001,200,1.7134
0.0246,0.0000,0.0000,0.0000,0.0245,0.0000,200,1.7267
0.0101,0.0000,0.0000,0.0000,0.0099,0.0002,200,1.7413
0.0166,0.0000,0.0000,0.0001,0.0164,0.0000,200,1.7348
0.0035,0.0000,0.0000,0.0000,0.0034,0.0000,200,1.7479
0.0091,0.0000,0.0000,0.0000,0.0088,0.0002,200,1.7423
0.0221,0.0000,0.0000,0.0000,0.0220,0.0000,200,1.7294
0.0067,0.0000,0.0000,0.0000,0.0066,0.0001,200,1.7449
0.0378,0.0000,0.0000,0.0000,0.0377,0.0001,200,1.7142
0.0117,0.0000,0.0000,0.0000,0.0117,0.0000,200,1.7405
0.0290,0.0000,0.0000,0.0000,0.0290,0.0000,200,1.7233
0.0176,0.0000,0.0000,0.0000,0.0175,0.0000,200,1.7350
0.0123,0.0000,0.0000,0.0000,0.0122,0.0000,200,1.7406
0.0377,0.0000,0.0000,0.0000,0.0376,0.0000,200,1.7156
0.0022,0.0000,0.0000,0.0000,0.0022,0.0000,200,1.7514
0.0249,0.0000,0.0000,0.0000,0.0248,0.0001,200,1.7294
0.0025,0.0000,0.0000,0.0000,0.0024,0.0000,200,1.7523
0.0360,0.0000,0.0000,0.0000,0.0359,0.0001,200,1.7191
0.0098,0.0000,0.0000,0.0000,0.0097,0.0000,200,1.7453
0.0040,0.0000,0.0000,0.0000,0.0040,0.0000,200,1.7514
0.0032,0.0000,0.0000,0.0000,0.0031,0.0001,200,1.7526
0.0043,0.0000,0.0000,0.0000,0.0042,0.0000,200,1.7516
0.0039,0.0000,0.0000,0.0000,0.0038,0.0000,200,1.7522
0.0148,0.0000,0.0000,0.0000,0.0147,0.0001,200,1.7417
0.0017,0.0000,0.0000,0.0000,0.0015,0.0002,200,1.7551
0.0344,0.0000,0.0000,0.0000,0.0343,0.0000,200,1.7229
0.0094,0.0000,0.0000,0.0000,0.0093,0.0001,200,1.7481
0.0066,0.0000,0.0000,0.0000,0.0065,0.0001,200,1.7515
0.0013,0.0000,0.0000,0.0000,0.0013,0.0000,200,1.7568
0.0500,0.0000,0.0000,0.0000,0.0499,0.0000,200,1.7082
0.0134,0.0000,0.0000,0.0000,0.0133,0.0001,200,1.7454
0.0321,0.0000,0.0000,0.0000,0.0319,0.0001,200,1.7271
0.0017,0.0000,0.0000,0.0000,0.0015,0.0001,200,1.7576
0.0122,0.0000,0.0000,0.0000,0.0121,0.0001,200,1.7473
0.0089,0.0000,0.0000,0.0000,0.0088,0.0001,200,1.7514
0.0011,0.0000,0.0000,0.0001,0.0010,0.0000,200,1.7593
0.0301,0.0000,0.0000,0.0000,0.0300,0.0000,200,1.7304
0.0061,0.0000,0.0000,0.0000,0.0059,0.0001,200,1.7548
0.0222,0.0000,0.0000,0.0000,0.0221,0.0000,200,1.7394
0.0160,0.0000,0.0000,0.0000,0.0158,0.0000,200,1.7458
0.0046,0.0000,0.0000,0.0000,0.0045,0.0000,200,1.7581
0.0035,0.0000,0.0000,0.0001,0.0034,0.0000,200,1.7591
0.0073,0.0000,0.0000,0.0000,0.0072,0.0000,200,1.7554
0.0278,0.0000,0.0000,0.0000,0.0277,0.0000,200,1.7356
0.0018,0.0000,0.0000,0.0000,0.0017,0.0001,200,1.7618
0.0384,0.0000,0.0000,0.0000,0.0384,0.0000,200,1.7256
0.0213,0.0000,0.0000,0.0012,0.0200,0.0000,200,1.7432
0.0087,0.0000,0.0000,0.0000,0.0086,0.0000,200,1.7560
0.0117,0.0000,0.0000,0.0000,0.0116,0.0000,200,1.7536
0.0052,0.0000,0.0000,0.0001,0.0049,0.0001,200,1.7604
0.0053,0.0000,0.0000,0.0000,0.0052,0.0000,200,1.7603
0.0193,0.0000,0.0000,0.0000,0.0190,0.0002,200,1.7470
0.0086,0.0000,0.0000,0.0000,0.0084,0.0002,200,1.7581
0.0045,0.0000,0.0000,0.0000,0.0042,0.0002,200,1.7627
0.0371,0.0000,0.0000,0.0000,0.0370,0.0000,200,1.7301
0.0058,0.0000,0.0000,0.0000,0.0057,0.0000,200,1.7616
0.0230,0.0000,0.0000,0.0000,0.0230,0.0000,200,1.7448
0.0038,0.0000,0.0000,0.0000,0.0037,0.0000,200,1.7647
0.0038,0.0000,0.0000,0.0000,0.0037,0.0001,200,1.7654
0.0099,0.0000,0.0000,0.0000,0.0099,0.0000,200,1.7595
0.0140,0.0000,0.0000,0.0000,0.0139,0.0001,200,1.7558
0.0558,0.0000,0.0000,0.0000,0.0555,0.0000,200,1.7147
0.0163,0.0000,0.0000,0.0000,0.0162,0.0000,200,1.7542
0.0033,0.0000,0.0000,0.0000,0.0032,0.0000,200,1.7672
0.0107,0.0000,0.0000,0.0000,0.0105,0.0001,200,1.7605
0.0228,0.0000,0.0000,0.0000,0.0227,0.0000,200,1.7483
0.0074,0.0000,0.0000,0.0000,0.0072,0.0001,200,1.7644
0.0147,0.0000,0.0000,0.0000,0.0146,0.0000,200,1.7573
0.0294,0.0000,0.0000,0.0000,0.0293,0.0001,200,1.7430
0.0212,0.0000,0.0000,0.0000,0.0211,0.0000,200,1.7514
0.0013,0.0000,0.0000,0.0000,0.0012,0.0001,200,1.7720
0.0029,0.0000,0.0000,0.0000,0.0028,0.0000,200,1.7705
0.0019,0.0000,0.0000,0.0000,0.0019,0.0000,200,1.7718
0.0224,0.0000,0.0000,0.0000,0.0223,0.0000,200,1.7520
0.0619,0.0000,0.0000,0.0001,0.0617,0.0000,200,1.7127
0.0029,0.0000,0.0000,0.0000,0.0028,0.0001,200,1.7724
0.0125,0.0000,0.0000,0.0000,0.0124,0.0001,200,1.7634
0.0072,0.0000,0.0000,0.0000,0.0071,0.0001,200,1.7695
0.0378,0.0000,0.0000,0.0000,0.0376,0.0001,200,1.7396
0.0714,0.0000,0.0000,0.0000,0.0713,0.0000,200,1.7064
0.0164,0.0000,0.0000,0.0000,0.0163,0.0000,200,1.7627
0.0038,0.0000,0.0000,0.0000,0.0037,0.0001,200,1.7754
0.0046,0.0000,0.0000,0.0000,0.0045,0.0001,200,1.7746
0.0102,0.0000,0.0000,0.0000,0.0101,0.0000,200,1.7692
0.0083,0.0000,0.0000,0.0000,0.0081,0.0001,200,1.7711
0.0455,0.0000,0.0000,0.0000,0.0454,0.0001,200,1.7342
0.0057,0.0000,0.0000,0.0000,0.0056,0.0001,200,1.7744
0.0430,0.0000,0.0000,0.0000,0.0430,0.0000,200,1.7376
0.0170,0.0000,0.0000,0.0000,0.0169,0.0000,200,1.7636
0.0227,0.0000,0.0000,0.0000,0.0224,0.0002,200,1.7582
0.0112,0.0000,0.0000,0.0000,0.0111,0.0001,200,1.7705
0.0460,0.0000,0.0000,0.0001,0.0458,0.0001,200,1.7359
0.0029,0.0000,0.0000,0.0000,0.0028,0.0001,200,1.7796
0.0097,0.0000,0.0000,0.0001,0.0094,0.0000,200,1.7734
0.0038,0.0000,0.0000,0.0000,0.0037,0.0001,200,1.7792
0.0225,0.0000,0.0000,0.0000,0.0224,0.0000,200,1.7609
0.0464,0.0000,0.0000,0.0000,0.0463,0.0000,200,1.7372
0.0167,0.0000,0.0000,0.0000,0.0166,0.0001,200,1.7674
0.0294,0.0000,0.0000,0.0000,0.0293,0.0000,200,1.7551
0.0012,0.0000,0.0000,0.0000,0.0012,0.0000,200,1.7836
0.0198,0.0000,0.0000,0.0000,0.0197,0.0001,200,1.7655
0.0100,0.0000,0.0000,0.0000,0.0099,0.0000,200,1.7759
0.0016,0.0000,0.0000,0.0000,0.0015,0.0001,200,1.7845
0.0125,0.0000,0.0000,0.0000,0.0124,0.0000,200,1.7737
0.0527,0.0000,0.0000,0.0000,0.0526,0.0000,200,1.7336
0.0310,0.0000,0.0000,0.0000,0.0308,0.0000,200,1.7559
0.0012,0.0000,0.0000,0.0000,0.0011,0.0000,200,1.7862
0.0311,0.0000,0.0000,0.0000,0.0311,0.0000,200,1.7566
0.0065,0.0000,0.0000,0.0001,0.0063,0.0001,200,1.7818
0.0174,0.0000,0.0000,0.0000,0.0173,0.0000,200,1.7711
0.0103,0.0000,0.0000,0.0000,0.0099,0.0004,200,1.7791
0.0227,0.0000,0.0000,0.0000,0.0225,0.0001,200,1.7667
0.0020,0.0000,0.0000,0.0000,0.0020,0.0000,200,1.7874
0.0416,0.0000,0.0000,0.0000,0.0415,0.0001,200,1.7485
0.0083,0.0000,0.0000,0.0000,0.0082,0.0001,200,1.7825
0.0242,0.0000,0.0000,0.0000,0.0242,0.0000,200,1.7672
0.0059,0.0000,0.0000,0.0000,0.0058,0.0001,200,1.7861
0.0057,0.0000,0.0000,0.0000,0.0056,0.0000,200,1.7868
0.0030,0.0000,0.0000,0.0000,0.0028,0.0001,200,1.7902
0.0105,0.0000,0.0000,0.0000,0.0102,0.0003,200,1.7834
0.0028,0.0000,0.0000,0.0000,0.0027,0.0000,200,1.7915
0.0116,0.0000,0.0000,0.0000,0.0116,0.0000,200,1.7830
0.0087,0.0000,0.0000,0.0000,0.0086,0.0000,200,1.7860
0.0221,0.0000,0.0000,0.0000,0.0221,0.0000,200,1.7726
0.0150,0.0000,0.0000,0.0002,0.0145,0.0001,200,1.7801
0.0175,0.0000,0.0000,0.0000,0.0175,0.0000,200,1.7778
0.0153,0.0000,0.0000,0.0000,0.0151,0.0002,200,1.7806
0.0074,0.0000,0.0000,0.0000,0.0073,0.0000,200,1.7885
0.0016,0.0000,0.0000,0.0000,0.0016,0.0000,200,1.7947
0.0340,0.0000,0.0000,0.0000,0.0339,0.0001,200,1.7627
0.0140,0.0000,0.0000,0.0000,0.0138,0.0002,200,1.7831
0.0122,0.0000,0.0000,0.0000,0.0121,0.0000,200,1.7854
0.0045,0.0000,0.0000,0.0000,0.0041,0.0003,200,1.7939
0.0090,0.0000,0.0000,0.0000,0.0090,0.0000,200,1.7894
0.0194,0.0000,0.0000,0.0000,0.0193,0.0001,200,1.7793
0.0095,0.0000,0.0000,0.0000,0.0094,0.0000,200,1.7893
0.0014,0.0000,0.0000,0.0000,0.0014,0.0000,200,1.7976
0.0043,0.0000,0.0000,0.0000,0.0042,0.0000,200,1.7951
0.0032,0.0000,0.0000,0.0000,0.0031,0.0001,200,1.7967
0.0867,0.0000,0.0000,0.0000,0.0866,0.0001,200,1.7135
0.0200,0.0000,0.0000,0.0000,0.0199,0.0000,200,1.7809
0.0041,0.0000,0.0000,0.0000,0.0040,0.0000,200,1.7971
0.0153,0.0000,0.0000,0.0000,0.0152,0.0001,200,1.7863
0.0986,0.0000,0.0000,0.0002,0.0978,0.0001,200,1.7035
0.0062,0.0000,0.0000,0.0000,0.0060,0.0002,200,1.7963
0.0034,0.0000,0.0000,0.0000,0.0034,0.0000,200,1.7993
0.0347,0.0000,0.0000,0.0000,0.0344,0.0001,200,1.7685
0.0379,0.0000,0.0000,0.0000,0.0378,0.0000,200,1.7656
0.0275,0.0000,0.0000,0.0000,0.0274,0.0001,200,1.7767
0.0086,0.0000,0.0000,0.0000,0.0082,0.0000,200,1.7960
0.0273,0.0000,0.0000,0.0001,0.0270,0.0000,200,1.7774
0.0046,0.0000,0.0000,0.0000,0.0046,0.0000,200,1.8008
0.0521,0.0000,0.0000,0.0000,0.0521,0.0000,200,1.7533
0.0112,0.0000,0.0000,0.0000,0.0111,0.0001,200,1.7947
0.0421,0.0000,0.0000,0.0000,0.0420,0.0000,200,1.7640
0.0024,0.0000,0.0000,0.0001,0.0022,0.0001,200,1.8042
0.0069,0.0000,0.0000,0.0000,0.0068,0.0000,200,1.8002
0.0560,0.0000,0.0000,0.0000,0.0558,0.0001,200,1.7513
0.0024,0.0000,0.0000,0.0000,0.0023,0.0000,200,1.8054
0.0353,0.0000,0.0000,0.0000,0.0352,0.0000,200,1.7733
0.0427,0.0000,0.0000,0.0000,0.0425,0.0002,200,1.7664
0.0171,0.0000,0.0000,0.0000,0.0171,0.0000,200,1.7920
0.0087,0.0000,0.0000,0.0000,0.0086,0.0000,200,1.8011
0.0071,0.0000,0.0000,0.0000,0.0070,0.0000,200,1.8028
0.0070,0.0000,0.0000,0.0000,0.0069,0.0000,200,1.8031
0.0315,0.0000,0.0000,0.0000,0.0313,0.0001,200,1.7792
0.0598,0.0000,0.0000,0.0000,0.0596,0.0001,200,1.7513
0.0312,0.0000,0.0000,0.0000,0.0312,0.0000,200,1.7819
0.0031,0.0000,0.0000,0.0000,0.0030,0.0001,200,1.8102
0.0173,0.0000,0.0000,0.0000,0.0173,0.0000,200,1.7959
0.0055,0.0000,0.0000,0.0000,0.0054,0.0000,200,1.8078
0.0027,0.0000,0.0000,0.0000,0.0026,0.0000,200,1.8106
0.0062,0.0000,0.0000,0.0000,0.0062,0.0000,200,1.8071
0.0144,0.0000,0.0000,0.0000,0.0143,0.0000,200,1.7990
0.0036,0.0000,0.0000,0.0001,0.0034,0.0000,200,1.8099
0.0058,0.0000,0.0000,0.0000,0.0051,0.0006,200,1.8091
0.0227,0.0000,0.0000,0.0000,0.0212,0.0014,200,1.7931
0.0102,0.0000,0.0000,0.0000,0.0096,0.0005,200,1.8061
0.0036,0.0000,0.0000,0.0000,0.0031,0.0005,200,1.8134
0.0581,0.0000,0.0000,0.0000,0.0577,0.0004,200,1.7589
0.0475,0.0000,0.0000,0.0000,0.0471,0.0003,200,1.7698
0.0101,0.0000,0.0000,0.0000,0.0097,0.0004,200,1.8072
0.0042,0.0000,0.0000,0.0002,0.0029,0.0004,200,1.8132
0.0154,0.0000,0.0000,0.0000,0.0149,0.0004,200,1.8021
0.0176,0.0000,0.0000,0.0000,0.0170,0.0005,200,1.7999
0.0129,0.0000,0.0000,0.0000,0.0128,0.0000,200,1.8047
0.0087,0.0000,0.0000,0.0000,0.0084,0.0002,200,1.8091
0.0501,0.0000,0.0000,0.0000,0.0500,0.0000,200,1.7679
0.0199,0.0000,0.0000,0.0000,0.0198,0.0000,200,1.7985
0.0123,0.0000,0.0000,0.0000,0.0122,0.0000,200,1.8065
0.0379,0.0000,0.0000,0.0000,0.0375,0.0002,200,1.7841
0.0059,0.0000,0.0000,0.0010,0.0048,0.0000,200,1.8163
0.0088,0.0000,0.0000,0.0003,0.0081,0.0000,200,1.8134
0.0074,0.0000,0.0000,0.0007,0.0064,0.0001,200,1.8149
0.0346,0.0000,0.0000,0.0000,0.0345,0.0000,200,1.7877
0.0189,0.0000,0.0000,0.0000,0.0188,0.0000,200,1.8035
0.0049,0.0000,0.0000,0.0000,0.0048,0.0000,200,1.8175
0.0046,0.0000,0.0000,0.0000,0.0046,0.0000,200,1.8178
0.0114,0.0000,0.0000,0.0001,0.0112,0.0000,200,1.8110
0.0431,0.0000,0.0000,0.0000,0.0429,0.0000,200,1.7794
0.0166,0.0000,0.0000,0.0000,0.0165,0.0000,200,1.8059
0.0052,0.0000,0.0000,0.0000,0.0052,0.0000,200,1.8173
0.0242,0.0000,0.0000,0.0000,0.0241,0.0000,200,1.7984
0.0284,0.0000,0.0000,0.0000,0.0283,0.0000,200,1.7942
0.0050,0.0000,0.0000,0.0000,0.0049,0.0000,200,1.8177
0.0522,0.0000,0.0000,0.0000,0.0521,0.0000,200,1.7705
0.0240,0.0000,0.0000,0.0001,0.0238,0.0000,200,1.7987
0.0310,0.0000,0.0000,0.0000,0.0309,0.0001,200,1.7925
0.0017,0.0000,0.0000,0.0000,0.0017,0.0000,200,1.8222
0.0020,0.0000,0.0000,0.0000,0.0019,0.0000,200,1.8224
0.0019,0.0000,0.0000,0.0000,0.0019,0.0000,200,1.8226
0.0024,0.0000,0.0000,0.0000,0.0024,0.0000,200,1.8222
0.0443,0.0000,0.0000,0.0000,0.0443,0.0000,200,1.7806
0.0208,0.0000,0.0000,0.0000,0.0207,0.0001,200,1.8046
0.0033,0.0000,0.0000,0.0000,0.0032,0.0001,200,1.8224
0.0090,0.0000,0.0000,0.0006,0.0083,0.0001,200,1.8169
0.0041,0.0000,0.0000,0.0000,0.0041,0.0000,200,1.8223
0.0278,0.0000,0.0000,0.0000,0.0277,0.0001,200,1.7988
0.0049,0.0000,0.0000,0.0000,0.0049,0.0000,200,1.8224
0.0089,0.0000,0.0000,0.0000,0.0088,0.0000,200,1.8188
0.0043,0.0000,0.0000,0.0000,0.0042,0.0000,200,1.8235
0.0026,0.0000,0.0000,0.0000,0.0025,0.0000,200,1.8254
0.0057,0.0000,0.0000,0.0000,0.0056,0.0000,200,1.8226
0.0065,0.0000,0.0000,0.0000,0.0062,0.0003,200,1.8227
0.0119,0.0000,0.0000,0.0000,0.0119,0.0000,200,1.8174
0.0130,0.0000,0.0000,0.0003,0.0124,0.0000,200,1.8169
0.0056,0.0000,0.0000,0.0000,0.0055,0.0001,200,1.8245
0.0079,0.0000,0.0000,0.0000,0.0077,0.0003,200,1.8223
0.0060,0.0000,0.0000,0.0000,0.0059,0.0000,200,1.8246
0.0083,0.0000,0.0000,0.0000,0.0082,0.0001,200,1.8227
0.0032,0.0000,0.0000,0.0000,0.0031,0.0000,200,1.8280
0.0093,0.0000,0.0000,0.0000,0.0092,0.0000,200,1.8224
0.0013,0.0000,0.0000,0.0000,0.0013,0.0000,200,1.8306
0.0053,0.0000,0.0000,0.0000,0.0051,0.0001,200,1.8274
0.0170,0.0000,0.0000,0.0003,0.0165,0.0001,200,1.8159
0.0156,0.0000,0.0000,0.0000,0.0155,0.0001,200,1.8179
0.0080,0.0000,0.0000,0.0000,0.0080,0.0000,200,1.8257
0.0068,0.0000,0.0000,0.0000,0.0067,0.0000,200,1.8277
0.0176,0.0000,0.0000,0.0000,0.0176,0.0000,200,1.8174
0.0112,0.0000,0.0000,0.0000,0.0111,0.0000,200,1.8239
0.0133,0.0000,0.0000,0.0000,0.0132,0.0000,200,1.8220
0.0060,0.0000,0.0000,0.0000,0.0058,0.0000,200,1.8302
0.0071,0.0000,0.0000,0.0000,0.0070,0.0000,200,1.8292
0.0120,0.0000,0.0000,0.0000,0.0119,0.0000,200,1.8243
0.0071,0.0000,0.0000,0.0000,0.0070,0.0001,200,1.8300
0.0320,0.0000,0.0000,0.0000,0.0318,0.0001,200,1.8054
0.0207,0.0000,0.0000,0.0000,0.0205,0.0001,200,1.8175
0.0121,0.0000,0.0000,0.0000,0.0118,0.0002,200,1.8264
0.0092,0.0000,0.0000,0.0000,0.0091,0.0001,200,1.8293
0.0203,0.0000,0.0000,0.0000,0.0203,0.0000,200,1.8183
0.0125,0.0000,0.0000,0.0000,0.0124,0.0001,200,1.8266
0.0095,0.0000,0.0000,0.0000,0.0094,0.0000,200,1.8301
0.0274,0.0000,0.0000,0.0000,0.0268,0.0005,200,1.8132
0.0128,0.0000,0.0000,0.0001,0.0126,0.0000,200,1.8278
0.0036,0.0000,0.0000,0.0000,0.0036,0.0000,200,1.8371
0.0081,0.0000,0.0000,0.0000,0.0080,0.0000,200,1.8326
0.0060,0.0000,0.0000,0.0000,0.0057,0.0002,200,1.8350
0.0187,0.0000,0.0000,0.0000,0.0186,0.0000,200,1.8225
0.0055,0.0000,0.0000,0.0000,0.0054,0.0000,200,1.8363
0.0101,0.0000,0.0000,0.0000,0.0100,0.0000,200,1.8320
0.0019,0.0000,0.0000,0.0000,0.0018,0.0001,200,1.8407
0.0018,0.0000,0.0000,0.0000,0.0015,0.0001,200,1.8410
0.0053,0.0000,0.0000,0.0001,0.0051,0.0000,200,1.8385
0.0076,0.0000,0.0000,0.0000,0.0076,0.0000,200,1.8362
0.0011,0.0000,0.0000,0.0000,0.0010,0.0000,200,1.8428
0.0104,0.0000,0.0000,0.0000,0.0103,0.0000,200,1.8335
0.0312,0.0000,0.0000,0.0000,0.0311,0.0000,200,1.8134
0.0087,0.0000,0.0000,0.0000,0.0086,0.0001,200,1.8363
0.0086,0.0000,0.0000,0.0000,0.0068,0.0018,200,1.8385
0.0036,0.0000,0.0000,0.0000,0.0035,0.0000,200,1.8438
0.0054,0.0000,0.0000,0.0000,0.0054,0.0000,200,1.8420
0.0216,0.0000,0.0000,0.0000,0.0215,0.0000,200,1.8259
0.0193,0.0000,0.0000,0.0000,0.0192,0.0000,200,1.8283
0.0058,0.0000,0.0000,0.0000,0.0058,0.0000,200,1.8417
0.0160,0.0000,0.0000,0.0000,0.0160,0.0000,200,1.8316
0.0102,0.0000,0.0000,0.0000,0.0102,0.0000,200,1.8374
0.0073,0.0000,0.0000,0.0000,0.0072,0.0000,200,1.8406
0.0134,0.0000,0.0000,0.0000,0.0131,0.0002,200,1.8351
0.0070,0.0000,0.0000,0.0000,0.0069,0.0001,200,1.8426
0.0590,0.0000,0.0000,0.0000,0.0589,0.0000,200,1.7908
0.0025,0.0000,0.0000,0.0000,0.0023,0.0001,200,1.8476
0.0168,0.0000,0.0000,0.0000,0.0167,0.0001,200,1.8338
0.0070,0.0000,0.0000,0.0000,0.0069,0.0000,200,1.8438
0.0074,0.0000,0.0000,0.0000,0.0073,0.0001,200,1.8439
0.0387,0.0000,0.0000,0.0000,0.0385,0.0001,200,1.8133
0.0273,0.0000,0.0000,0.0000,0.0272,0.0001,200,1.8250
0.0051,0.0000,0.0000,0.0000,0.0050,0.0000,200,1.8476
0.0015,0.0000,0.0000,0.0000,0.0015,0.0000,200,1.8519
0.0034,0.0000,0.0000,0.0000,0.0033,0.0000,200,1.8500
0.0061,0.0000,0.0000,0.0000,0.0061,0.0000,200,1.8475
0.0053,0.0000,0.0000,0.0000,0.0052,0.0000,200,1.8485
0.0030,0.0000,0.0000,0.0000,0.0029,0.0000,200,1.8513
0.0135,0.0000,0.0000,0.0000,0.0134,0.0000,200,1.8412
0.0013,0.0000,0.0000,0.0000,0.0012,0.0000,200,1.8536
0.0157,0.0000,0.0000,0.0000,0.0156,0.0001,200,1.8396
0.0022,0.0000,0.0000,0.0000,0.0022,0.0000,200,1.8535
0.0014,0.0000,0.0000,0.0000,0.0013,0.0001,200,1.8547
0.0463,0.0000,0.0000,0.0001,0.0462,0.0000,200,1.8099
0.0056,0.0000,0.0000,0.0000,0.0055,0.0000,200,1.8508
0.0093,0.0000,0.0000,0.0000,0.0092,0.0000,200,1.8475
0.0019,0.0000,0.0000,0.0001,0.0018,0.0001,200,1.8553
0.0169,0.0000,0.0000,0.0000,0.0168,0.0001,200,1.8406
0.0227,0.0000,0.0000,0.0002,0.0223,0.0001,200,1.8353
0.0044,0.0000,0.0000,0.0000,0.0044,0.0000,200,1.8535
0.0117,0.0000,0.0000,0.0000,0.0114,0.0001,200,1.8472
0.0212,0.0000,0.0000,0.0001,0.0210,0.0001,200,1.8381
0.0030,0.0000,0.0000,0.0000,0.0029,0.0001,200,1.8564
0.0044,0.0000,0.0000,0.0000,0.0043,0.0001,200,1.8557
0.0096,0.0000,0.0000,0.0000,0.0095,0.0000,200,1.8506
0.0028,0.0000,0.0000,0.0000,0.0027,0.0001,200,1.8579
0.0133,0.0000,0.0000,0.0000,0.0132,0.0000,200,1.8476
0.0304,0.0000,0.0000,0.0000,0.0303,0.0000,200,1.8309
0.0179,0.0000,0.0000,0.0000,0.0178,0.0001,200,1.8439
0.0060,0.0000,0.0000,0.0000,0.0059,0.0001,200,1.8561
0.0064,0.0000,0.0000,0.0000,0.0063,0.0001,200,1.8562
0.0024,0.0000,0.0000,0.0000,0.0023,0.0000,200,1.8609
0.0041,0.0000,0.0000,0.0000,0.0041,0.0000,200,1.8594
0.0233,0.0000,0.0000,0.0000,0.0232,0.0000,200,1.8407
0.0170,0.0000,0.0000,0.0000,0.0169,0.0000,200,1.8474
0.0031,0.0000,0.0000,0.0000,0.0031,0.0000,200,1.8613
0.0426,0.0000,0.0000,0.0000,0.0424,0.0001,200,1.8225
0.0206,0.0000,0.0000,0.0000,0.0205,0.0000,200,1.8450
0.0267,0.0000,0.0000,0.0000,0.0265,0.0002,200,1.8391
0.0043,0.0000,0.0000,0.0001,0.0042,0.0000,200,1.8618
0.0147,0.0000,0.0000,0.0000,0.0146,0.0000,200,1.8523
0.0343,0.0000,0.0000,0.0000,0.0343,0.0000,200,1.8329
0.0181,0.0000,0.0000,0.0000,0.0177,0.0002,200,1.8497
0.0086,0.0000,0.0000,0.0000,0.0085,0.0000,200,1.8593
0.0040,0.0000,0.0000,0.0000,0.0039,0.0000,200,1.8644
0.0090,0.0000,0.0000,0.0000,0.0088,0.0001,200,1.8602
0.0041,0.0000,0.0000,0.0000,0.0039,0.0000,200,1.8651
0.0170,0.0000,0.0000,0.0000,0.0168,0.0001,200,1.8527
0.0118,0.0000,0.0000,0.0000,0.0118,0.0000,200,1.8579
0.0103,0.0000,0.0000,0.0000,0.0101,0.0002,200,1.8621
0.0342,0.0000,0.0000,0.0000,0.0341,0.0000,200,1.8387
0.0032,0.0000,0.0000,0.0000,0.0032,0.0000,200,1.8697
0.0091,0.0000,0.0000,0.0000,0.0090,0.0000,200,1.8640
0.0189,0.0000,0.0000,0.0000,0.0188,0.0000,200,1.8543
0.0040,0.0000,0.0000,0.0000,0.0039,0.0000,200,1.8692
0.0257,0.0000,0.0000,0.0000,0.0257,0.0000,200,1.8476
0.0507,0.0000,0.0000,0.0000,0.0506,0.0000,200,1.8226
0.0132,0.0000,0.0000,0.0000,0.0131,0.0000,200,1.8602
0.0254,0.0000,0.0000,0.0000,0.0254,0.0000,200,1.8480
0.0602,0.0000,0.0000,0.0000,0.0602,0.0000,200,1.8133
0.0079,0.0000,0.0000,0.0000,0.0079,0.0000,200,1.8656
0.0290,0.0000,0.0000,0.0000,0.0290,0.0000,200,1.8445
0.0057,0.0000,0.0000,0.0000,0.0057,0.0000,200,1.8679
0.0129,0.0000,0.0000,0.0000,0.0129,0.0000,200,1.8607
0.0085,0.0000,0.0000,0.0000,0.0080,0.0005,200,1.8661
0.0017,0.0000,0.0000,0.0000,0.0016,0.0000,200,1.8730
0.0180,0.0000,0.0000,0.0000,0.0179,0.0000,200,1.8568
0.0177,0.0000,0.0000,0.0000,0.0176,0.0000,200,1.8573
0.0127,0.0000,0.0000,0.0000,0.0126,0.0000,200,1.8626
0.0010,0.0000,0.0000,0.0000,0.0009,0.0001,200,1.8746
0.0025,0.0000,0.0000,0.0000,0.0025,0.0000,200,1.8735
0.0630,0.0000,0.0000,0.0000,0.0630,0.0001,200,1.8133
0.0218,0.0000,0.0000,0.0000,0.0217,0.0001,200,1.8549
0.0021,0.0000,0.0000,0.0000,0.0020,0.0001,200,1.8753
0.0078,0.0000,0.0000,0.0000,0.0078,0.0000,200,1.8697
0.0822,0.0000,0.0000,0.0000,0.0821,0.0000,200,1.7953
0.0282,0.0000,0.0000,0.0000,0.0281,0.0000,200,1.8498
0.0026,0.0000,0.0000,0.0000,0.0025,0.0000,200,1.8756
0.0010,0.0000,0.0000,0.0000,0.0009,0.0000,200,1.8774
0.0027,0.0000,0.0000,0.0000,0.0026,0.0001,200,1.8764
0.0064,0.0000,0.0000,0.0000,0.0063,0.0000,200,1.8732
0.0012,0.0000,0.0000,0.0001,0.0011,0.0000,200,1.8784
0.0078,0.0000,0.0000,0.0000,0.0077,0.0000,200,1.8724
0.0014,0.0000,0.0000,0.0000,0.0013,0.0000,200,1.8791
0.0133,0.0000,0.0000,0.0000,0.0133,0.0000,200,1.8672
0.0042,0.0000,0.0000,0.0000,0.0040,0.0001,200,1.8767
0.0039,0.0000,0.0000,0.0000,0.0038,0.0001,200,1.8775
0.0084,0.0000,0.0000,0.0000,0.0083,0.0000,200,1.8735
0.0076,0.0000,0.0000,0.0000,0.0075,0.0001,200,1.8747
0.0141,0.0000,0.0000,0.0000,0.0140,0.0001,200,1.8684
0.0095,0.0000,0.0000,0.0000,0.0094,0.0001,200,1.8733
0.0022,0.0000,0.0000,0.0000,0.0021,0.0001,200,1.8810
0.0105,0.0000,0.0000,0.0000,0.0104,0.0001,200,1.8732
0.0045,0.0000,0.0000,0.0000,0.0042,0.0002,200,1.8796
0.0098,0.0000,0.0000,0.0000,0.0094,0.0004,200,1.8749
0.0056,0.0000,0.0000,0.0000,0.0055,0.0001,200,1.8795
0.0118,0.0000,0.0000,0.0000,0.0116,0.0002,200,1.8734
0.0118,0.0000,0.0000,0.0000,0.0117,0.0001,200,1.8737
0.0044,0.0000,0.0000,0.0001,0.0043,0.0001,200,1.8815
0.0018,0.0000,0.0000,0.0000,0.0017,0.0000,200,1.8851
0.0052,0.0000,0.0000,0.0000,0.0052,0.0000,200,1.8818
0.0227,0.0000,0.0000,0.0000,0.0226,0.0000,200,1.8645
0.0042,0.0000,0.0000,0.0000,0.0041,0.0001,200,1.8832
0.0102,0.0000,0.0000,0.0000,0.0101,0.0001,200,1.8776
0.0056,0.0000,0.0000,0.0000,0.0053,0.0001,200,1.8825
0.0148,0.0000,0.0000,0.0000,0.0147,0.0000,200,1.8733
0.0131,0.0000,0.0000,0.0000,0.0127,0.0003,200,1.8760
0.0055,0.0000,0.0000,0.0000,0.0054,0.0000,200,1.8837
0.0095,0.0000,0.0000,0.0000,0.0094,0.0000,200,1.8805
0.0102,0.0000,0.0000,0.0000,0.0101,0.0001,200,1.8802
0.0030,0.0000,0.0000,0.0000,0.0029,0.0001,200,1.8874
0.0034,0.0000,0.0000,0.0000,0.0033,0.0000,200,1.8871
0.0125,0.0000,0.0000,0.0000,0.0123,0.0002,200,1.8780
0.0176,0.0000,0.0000,0.0000,0.0175,0.0000,200,1.8736
0.0091,0.0000,0.0000,0.0000,0.0090,0.0001,200,1.8827
0.0117,0.0000,0.0000,0.0000,0.0115,0.0001,200,1.8806
0.0340,0.0000,0.0000,0.0000,0.0339,0.0001,200,1.8588
0.0619,0.0000,0.0000,0.0000,0.0617,0.0001,200,1.8312
0.0026,0.0000,0.0000,0.0000,0.0025,0.0001,200,1.8911
0.0048,0.0000,0.0000,0.0000,0.0045,0.0001,200,1.8892
0.0213,0.0000,0.0000,0.0000,0.0211,0.0001,200,1.8731
0.0268,0.0000,0.0000,0.0002,0.0265,0.0000,200,1.8678
0.0023,0.0000,0.0000,0.0000,0.0022,0.0000,200,1.8928
0.0018,0.0000,0.0000,0.0000,0.0016,0.0002,200,1.8940
0.0226,0.0000,0.0000,0.0000,0.0225,0.0000,200,1.8734
0.0042,0.0000,0.0000,0.0000,0.0042,0.0000,200,1.8923
0.0098,0.0000,0.0000,0.0000,0.0097,0.0000,200,1.8872
0.0072,0.0000,0.0000,0.0000,0.0071,0.0000,200,1.8904
0.0248,0.0000,0.0000,0.0000,0.0247,0.0001,200,1.8736
0.0117,0.0000,0.0000,0.0000,0.0117,0.0000,200,1.8869
0.0044,0.0000,0.0000,0.0000,0.0043,0.0000,200,1.8944
0.0062,0.0000,0.0000,0.0000,0.0061,0.0000,200,1.8931
0.0012,0.0000,0.0000,0.0000,0.0011,0.0001,200,1.8986
0.0148,0.0000,0.0000,0.0000,0.0147,0.0001,200,1.8855
0.0101,0.0000,0.0000,0.0000,0.0101,0.0000,200,1.8905
0.0061,0.0000,0.0000,0.0000,0.0059,0.0002,200,1.8946
0.0165,0.0000,0.0000,0.0000,0.0165,0.0000,200,1.8847
0.0111,0.0000,0.0000,0.0000,0.0110,0.0000,200,1.8904
0.0142,0.0000,0.0000,0.0002,0.0139,0.0000,200,1.8878
0.0121,0.0000,0.0000,0.0000,0.0120,0.0000,200,1.8900
0.0143,0.0000,0.0000,0.0001,0.0140,0.0000,200,1.8881
0.0069,0.0000,0.0000,0.0002,0.0067,0.0000,200,1.8958
0.0039,0.0000,0.0000,0.0000,0.0038,0.0001,200,1.8993
0.0029,0.0000,0.0000,0.0000,0.0028,0.0000,200,1.9007
0.0119,0.0000,0.0000,0.0000,0.0118,0.0000,200,1.8918
0.0078,0.0000,0.0000,0.0000,0.0074,0.0004,200,1.8969
0.0032,0.0000,0.0000,0.0000,0.0031,0.0000,200,1.9015
0.0018,0.0000,0.0000,0.0000,0.0018,0.0000,200,1.9032
0.0050,0.0000,0.0000,0.0000,0.0049,0.0000,200,1.9006
0.0075,0.0000,0.0000,0.0000,0.0074,0.0000,200,1.8984
0.0019,0.0000,0.0000,0.0000,0.0018,0.0001,200,1.9048
0.0053,0.0000,0.0000,0.0000,0.0053,0.0000,200,1.9019
0.0173,0.0000,0.0000,0.0000,0.0172,0.0001,200,1.8904
0.0022,0.0000,0.0000,0.0000,0.0021,0.0001,200,1.9059
0.0014,0.0000,0.0000,0.0000,0.0013,0.0001,200,1.9073
0.0056,0.0000,0.0000,0.0000,0.0055,0.0001,200,1.9036
0.0089,0.0000,0.0000,0.0000,0.0088,0.0001,200,1.9002
0.0076,0.0000,0.0000,0.0000,0.0075,0.0000,200,1.9020
0.0025,0.0000,0.0000,0.0000,0.0024,0.0001,200,1.9081
0.0013,0.0000,0.0000,0.0000,0.0013,0.0000,200,1.9096
0.0765,0.0000,0.0000,0.0004,0.0760,0.0000,200,1.8345
0.0381,0.0000,0.0000,0.0000,0.0380,0.0000,200,1.8728
0.0264,0.0000,0.0000,0.0000,0.0264,0.0000,200,1.8852
0.0030,0.0000,0.0000,0.0000,0.0029,0.0001,200,1.9092
0.0017,0.0000,0.0000,0.0000,0.0016,0.0000,200,1.9111
0.0179,0.0000,0.0000,0.0000,0.0178,0.0001,200,1.8952
0.0019,0.0000,0.0000,0.0000,0.0018,0.0000,200,1.9116
0.0051,0.0000,0.0000,0.0000,0.0050,0.0001,200,1.9087
0.0021,0.0000,0.0000,0.0000,0.0019,0.0000,200,1.9121
0.0139,0.0000,0.0000,0.0000,0.0138,0.0000,200,1.9013
0.0014,0.0000,0.0000,0.0001,0.0012,0.0000,200,1.9137
0.0060,0.0000,0.0000,0.0000,0.0060,0.0000,200,1.9092
0.0135,0.0000,0.0000,0.0000,0.0133,0.0001,200,1.9024
0.0106,0.0000,0.0000,0.0000,0.0105,0.0000,200,1.9056
0.0230,0.0000,0.0000,0.0000,0.0229,0.0000,200,1.8938
0.0314,0.0000,0.0000,0.0000,0.0313,0.0001,200,1.8859
0.0128,0.0000,0.0000,0.0000,0.0128,0.0000,200,1.9050
0.0049,0.0000,0.0000,0.0000,0.0044,0.0004,200,1.9137
0.0126,0.0000,0.0000,0.0000,0.0123,0.0002,200,1.9067
0.0071,0.0000,0.0000,0.0000,0.0070,0.0001,200,1.9152
0.0065,0.0000,0.0000,0.0000,0.0063,0.0001,200,1.9158
0.0146,0.0000,0.0000,0.0000,0.0146,0.0000,200,1.9077
0.0046,0.0000,0.0000,0.0001,0.0045,0.0000,200,1.9179
0.0650,0.0000,0.0000,0.0000,0.0649,0.0000,200,1.8575
0.0037,0.0000,0.0000,0.0000,0.0036,0.0001,200,1.9193
0.0595,0.0000,0.0000,0.0000,0.0594,0.0000,200,1.8636
0.0080,0.0000,0.0000,0.0000,0.0080,0.0000,200,1.9152
0.0065,0.0000,0.0000,0.0002,0.0047,0.0000,200,1.9167
0.0070,0.0000,0.0000,0.0000,0.0070,0.0000,200,1.9162
0.0123,0.0000,0.0000,0.0000,0.0122,0.0001,200,1.9110
0.0084,0.0000,0.0000,0.0000,0.0083,0.0000,200,1.9152
0.0016,0.0000,0.0000,0.0000,0.0016,0.0000,200,1.9223
0.0067,0.0000,0.0000,0.0000,0.0064,0.0002,200,1.9173
0.0056,0.0000,0.0000,0.0000,0.0052,0.0003,200,1.9185
0.0026,0.0000,0.0000,0.0000,0.0025,0.0000,200,1.9225
0.0027,0.0000,0.0000,0.0000,0.0027,0.0000,200,1.9225
0.0113,0.0000,0.0000,0.0000,0.0112,0.0001,200,1.9142
0.0037,0.0000,0.0000,0.0000,0.0036,0.0001,200,1.9224
0.0024,0.0000,0.0000,0.0000,0.0023,0.0001,200,1.9240
0.0049,0.0000,0.0000,0.0000,0.0043,0.0003,200,1.9223
0.0021,0.0000,0.0000,0.0001,0.0019,0.0000,200,1.9252
0.0047,0.0000,0.0000,0.0000,0.0046,0.0000,200,1.9232
0.0040,0.0000,0.0000,0.0000,0.0040,0.0000,200,1.9239
0.0159,0.0000,0.0000,0.0000,0.0158,0.0000,200,1.9128
0.0056,0.0000,0.0000,0.0000,0.0052,0.0003,200,1.9231
0.0060,0.0000,0.0000,0.0000,0.0059,0.0001,200,1.9230
0.0306,0.0000,0.0000,0.0000,0.0306,0.0000,200,1.8988
0.0321,0.0000,0.0000,0.0000,0.0320,0.0001,200,1.8976
0.0019,0.0000,0.0000,0.0000,0.0014,0.0005,200,1.9287
0.0036,0.0000,0.0000,0.0000,0.0034,0.0001,200,1.9272
0.0204,0.0000,0.0000,0.0003,0.0201,0.0000,200,1.9106
0.0203,0.0000,0.0000,0.0000,0.0202,0.0000,200,1.9110
0.0352,0.0000,0.0000,0.0000,0.0351,0.0001,200,1.8965
0.0040,0.0000,0.0000,0.0000,0.0039,0.0001,200,1.9279
0.0092,0.0000,0.0000,0.0001,0.0091,0.0000,200,1.9234
0.0078,0.0000,0.0000,0.0000,0.0077,0.0001,200,1.9253
0.0059,0.0000,0.0000,0.0000,0.0058,0.0001,200,1.9280
0.0029,0.0000,0.0000,0.0001,0.0026,0.0001,200,1.9311
0.0035,0.0000,0.0000,0.0000,0.0035,0.0000,200,1.9306
0.0104,0.0000,0.0000,0.0000,0.0103,0.0000,200,1.9241
0.0063,0.0000,0.0000,0.0000,0.0061,0.0001,200,1.9286
0.0009,0.0000,0.0000,0.0000,0.0008,0.0000,200,1.9345
0.0042,0.0000,0.0000,0.0000,0.0041,0.0000,200,1.9312
0.0039,0.0000,0.0000,0.0000,0.0039,0.0001,200,1.9319
0.0091,0.0000,0.0000,0.0000,0.0090,0.0001,200,1.9272
0.0033,0.0000,0.0000,0.0000,0.0033,0.0001,200,1.9331
0.0072,0.0000,0.0000,0.0000,0.0071,0.0000,200,1.9297
0.0069,0.0000,0.0000,0.0000,0.0065,0.0002,200,1.9308
0.0052,0.0000,0.0000,0.0000,0.0049,0.0002,200,1.9326
0.0094,0.0000,0.0000,0.0000,0.0090,0.0003,200,1.9289
0.0029,0.0000,0.0000,0.0000,0.0027,0.0000,200,1.9354
0.0130,0.0000,0.0000,0.0000,0.0129,0.0000,200,1.9255
0.0153,0.0000,0.0000,0.0000,0.0153,0.0000,200,1.9236
0.0053,0.0000,0.0000,0.0000,0.0052,0.0001,200,1.9339
0.0058,0.0000,0.0000,0.0000,0.0057,0.0001,200,1.9338
0.0025,0.0000,0.0000,0.0000,0.0025,0.0000,200,1.9377
0.0275,0.0000,0.0000,0.0000,0.0274,0.0001,200,1.9131
0.0178,0.0000,0.0000,0.0000,0.0177,0.0000,200,1.9232
0.0062,0.0000,0.0000,0.0000,0.0060,0.0001,200,1.9350
0.0051,0.0000,0.0000,0.0000,0.0050,0.0001,200,1.9364
0.0155,0.0000,0.0000,0.0000,0.0155,0.0000,200,1.9265
0.0014,0.0000,0.0000,0.0000,0.0012,0.0001,200,1.9411
0.0063,0.0000,0.0000,0.0000,0.0062,0.0001,200,1.9363
0.0019,0.0000,0.0000,0.0001,0.0017,0.0001,200,1.9410
0.0140,0.0000,0.0000,0.0000,0.0139,0.0001,200,1.9294
0.0046,0.0000,0.0000,0.0000,0.0046,0.0000,200,1.9392
0.0013,0.0000,0.0000,0.0001,0.0011,0.0000,200,1.9426
0.0059,0.0000,0.0000,0.0000,0.0059,0.0000,200,1.9386
0.0080,0.0000,0.0000,0.0000,0.0079,0.0000,200,1.9369
0.0017,0.0000,0.0000,0.0000,0.0014,0.0003,200,1.9439
0.0017,0.0000,0.0000,0.0000,0.0016,0.0000,200,1.9439
0.0057,0.0000,0.0000,0.0000,0.0054,0.0000,200,1.9403
0.0075,0.0000,0.0000,0.0000,0.0072,0.0001,200,1.9389
0.0085,0.0000,0.0000,0.0000,0.0084,0.0000,200,1.9383
0.0070,0.0000,0.0000,0.0000,0.0069,0.0000,200,1.9406
0.0042,0.0000,0.0000,0.0000,0.0041,0.0000,200,1.9434
0.0093,0.0000,0.0000,0.0000,0.0093,0.0000,200,1.9383
0.0100,0.0000,0.0000,0.0000,0.0099,0.0000,200,1.9377
0.0031,0.0000,0.0000,0.0000,0.0029,0.0001,200,1.9449
0.0071,0.0000,0.0000,0.0000,0.0069,0.0001,200,1.9416
0.0023,0.0000,0.0000,0.0000,0.0022,0.0000,200,1.9465
0.0023,0.0000,0.0000,0.0000,0.0022,0.0000,200,1.9468
0.0015,0.0000,0.0000,0.0001,0.0011,0.0002,200,1.9480
0.0013,0.0000,0.0000,0.0000,0.0013,0.0000,200,1.9486
0.0023,0.0000,0.0000,0.0000,0.0019,0.0003,200,1.9477
0.0146,0.0000,0.0000,0.0000,0.0144,0.0001,200,1.9358
0.0088,0.0000,0.0000,0.0000,0.0087,0.0000,200,1.9420
0.0056,0.0000,0.0000,0.0004,0.0050,0.0002,200,1.9456
0.0013,0.0000,0.0000,0.0001,0.0012,0.0000,200,1.9500
0.0088,0.0000,0.0000,0.0000,0.0087,0.0000,200,1.9426
0.0074,0.0000,0.0000,0.0000,0.0073,0.0001,200,1.9445
0.0034,0.0000,0.0000,0.0000,0.0034,0.0000,200,1.9488
0.0019,0.0000,0.0000,0.0000,0.0017,0.0002,200,1.9504
0.0098,0.0000,0.0000,0.0001,0.0097,0.0000,200,1.9429
0.0015,0.0000,0.0000,0.0000,0.0012,0.0001,200,1.9519
0.0025,0.0000,0.0000,0.0000,0.0024,0.0000,200,1.9513
0.0064,0.0000,0.0000,0.0000,0.0063,0.0000,200,1.9476
0.0044,0.0000,0.0000,0.0000,0.0043,0.0000,200,1.9500
0.0032,0.0000,0.0000,0.0000,0.0030,0.0002,200,1.9512
0.0154,0.0000,0.0000,0.0001,0.0152,0.0001,200,1.9397
0.0013,0.0000,0.0000,0.0000,0.0012,0.0000,200,1.9540
0.0216,0.0000,0.0000,0.0000,0.0215,0.0000,200,1.9341
0.0033,0.0000,0.0000,0.0000,0.0032,0.0000,200,1.9527
0.0011,0.0000,0.0000,0.0000,0.0010,0.0000,200,1.9553
0.0092,0.0000,0.0000,0.0000,0.0091,0.0001,200,1.9477
0.0046,0.0000,0.0000,0.0000,0.0045,0.0000,200,1.9523
0.0036,0.0000,0.0000,0.0000,0.0035,0.0001,200,1.9537
0.0019,0.0000,0.0000,0.0000,0.0018,0.0001,200,1.9560
0.0013,0.0000,0.0000,0.0000,0.0012,0.0000,200,1.9569
0.0053,0.0000,0.0000,0.0001,0.0051,0.0000,200,1.9534
0.0081,0.0000,0.0000,0.0000,0.0081,0.0000,200,1.9508
0.0140,0.0000,0.0000,0.0001,0.0139,0.0001,200,1.9455
0.0020,0.0000,0.0000,0.0000,0.0017,0.0003,200,1.9582
0.0034,0.0000,0.0000,0.0000,0.0033,0.0000,200,1.9569
0.0031,0.0000,0.0000,0.0000,0.0029,0.0001,200,1.9573
0.0015,0.0000,0.0000,0.0000,0.0014,0.0001,200,1.9589
0.0058,0.0000,0.0000,0.0000,0.0057,0.0001,200,1.9551
0.0072,0.0000,0.0000,0.0000,0.0071,0.0000,200,1.9544
0.0095,0.0000,0.0000,0.0000,0.0091,0.0003,200,1.9523
0.0010,0.0000,0.0000,0.0000,0.0009,0.0000,200,1.9609
0.0024,0.0000,0.0000,0.0000,0.0023,0.0000,200,1.9603
0.0015,0.0000,0.0000,0.0000,0.0012,0.0000,200,1.9616
0.0030,0.0000,0.0000,0.0001,0.0026,0.0000,200,1.9604
0.0034,0.0000,0.0000,0.0000,0.0033,0.0000,200,1.9604
0.0075,0.0000,0.0000,0.0000,0.0072,0.0003,200,1.9564
0.0041,0.0000,0.0000,0.0000,0.0035,0.0002,200,1.9601
0.0056,0.0000,0.0000,0.0000,0.0055,0.0000,200,1.9596
0.0034,0.0000,0.0000,0.0000,0.0033,0.0000,200,1.9617
0.0028,0.0000,0.0000,0.0000,0.0028,0.0000,200,1.9631
0.0076,0.0000,0.0000,0.0000,0.0075,0.0000,200,1.9586
0.0011,0.0000,0.0000,0.0000,0.0011,0.0000,200,1.9660
0.0037,0.0000,0.0000,0.0000,0.0037,0.0001,200,1.9634
0.0053,0.0000,0.0000,0.0000,0.0051,0.0001,200,1.9619
0.0013,0.0000,0.0000,0.0000,0.0013,0.0000,200,1.9662
0.0039,0.0000,0.0000,0.0000,0.0037,0.0000,200,1.9638
0.0055,0.0000,0.0000,0.0000,0.0055,0.0000,200,1.9627
0.0010,0.0000,0.0000,0.0000,0.0009,0.0001,200,1.9676
0.0038,0.0000,0.0000,0.0000,0.0037,0.0000,200,1.9652
0.0008,0.0000,0.0000,0.0000,0.0007,0.0001,200,1.9686
0.0047,0.0000,0.0000,0.0000,0.0046,0.0001,200,1.9652
0.0064,0.0000,0.0000,0.0000,0.0063,0.0000,200,1.9639
0.0033,0.0000,0.0000,0.0000,0.0032,0.0000,200,1.9676
0.0039,0.0000,0.0000,0.0000,0.0038,0.0000,200,1.9672
0.0028,0.0000,0.0000,0.0000,0.0027,0.0001,200,1.9689
0.0079,0.0000,0.0000,0.0000,0.0077,0.0001,200,1.9642
0.0015,0.0000,0.0000,0.0000,0.0014,0.0001,200,1.9711
0.0009,0.0000,0.0000,0.0000,0.0009,0.0001,200,1.9721
0.0031,0.0000,0.0000,0.0000,0.0030,0.0001,200,1.9702
0.0039,0.0000,0.0000,0.0000,0.0038,0.0000,200,1.9699
0.0073,0.0000,0.0000,0.0000,0.0072,0.0000,200,1.9671
0.0015,0.0000,0.0000,0.0000,0.0014,0.0000,200,1.9734
0.0040,0.0000,0.0000,0.0001,0.0039,0.0000,200,1.9717
0.0065,0.0000,0.0000,0.0000,0.0064,0.0001,200,1.9694
0.0031,0.0000,0.0000,0.0000,0.0030,0.0001,200,1.9731
0.0027,0.0000,0.0000,0.0000,0.0026,0.0000,200,1.9738
0.0044,0.0000,0.0000,0.0000,0.0042,0.0001,200,1.9726
0.0026,0.0000,0.0000,0.0000,0.0025,0.0000,200,1.9748
0.0012,0.0000,0.0000,0.0000,0.0011,0.0001,200,1.9770
0.0021,0.0000,0.0000,0.0000,0.0020,0.0001,200,1.9762
0.0031,0.0000,0.0000,0.0000,0.0030,0.0000,200,1.9757
0.0053,0.0000,0.0000,0.0000,0.0052,0.0000,200,1.9744
0.0009,0.0000,0.0000,0.0000,0.0008,0.0000,200,1.9788
0.0039,0.0000,0.0000,0.0000,0.0036,0.0003,200,1.9759
0.0023,0.0000,0.0000,0.0000,0.0021,0.0001,200,1.9782
0.0024,0.0000,0.0000,0.0000,0.0023,0.0001,200,1.9783
0.0013,0.0000,0.0000,0.0002,0.0010,0.0000,200,1.9798
0.0037,0.0000,0.0000,0.0000,0.0037,0.0000,200,1.9774
0.0020,0.0000,0.0000,0.0001,0.0017,0.0000,200,1.9797
0.0010,0.0000,0.0000,0.0000,0.0008,0.0001,200,1.9811
0.0018,0.0000,0.0000,0.0000,0.0017,0.0001,200,1.9807
0.0024,0.0000,0.0000,0.0000,0.0023,0.0000,200,1.9805
0.0016,0.0000,0.0000,0.0000,0.0015,0.0000,200,1.9817
0.0026,0.0000,0.0000,0.0000,0.0025,0.0001,200,1.9811
0.0014,0.0000,0.0000,0.0000,0.0013,0.0000,200,1.9829
0.0020,0.0000,0.0000,0.0000,0.0020,0.0000,200,1.9825
0.0018,0.0000,0.0000,0.0000,0.0016,0.0002,200,1.9832
0.0017,0.0000,0.0000,0.0000,0.0015,0.0002,200,1.9838
0.0011,0.0000,0.0000,0.0000,0.0010,0.0001,200,1.9843
0.0013,0.0000,0.0000,0.0000,0.0013,0.0000,200,1.9846
0.0010,0.0000,0.0000,0.0000,0.0009,0.0000,200,1.9854
0.0008,0.0000,0.0000,0.0000,0.0007,0.0001,200,1.9859
0.0006,0.0000,0.0000,0.0000,0.0005,0.0001,200,1.9864
