response-time,DNS+dialup,DNS,Request-write,Response-delay,Response-read,status-code,offset
0.0116,0.0056,0.0000,0.0011,0.0020,0.0023,200,0.0153
0.0136,0.0084,0.0000,0.0001,0.0044,0.0000,200,0.0152
0.0133,0.0000,0.0000,0.0000,0.0016,0.0001,200,0.0155
0.0136,0.0056,0.0000,0.0011,0.0061,0.0000,200,0.0153
0.0137,0.0083,0.0000,0.0000,0.0045,0.0000,200,0.0152
0.0137,0.0057,0.0000,0.0014,0.0058,0.0001,200,0.0153
0.0135,0.0091,0.0000,0.0001,0.0037,0.0000,200,0.0155
0.0151,0.0000,0.0000,0.0000,0.0013,0.0000,200,0.0156
0.0153,0.0100,0.0000,0.0010,0.0036,0.0001,200,0.0155
0.0171,0.0083,0.0000,0.0001,0.0079,0.0000,200,0.0153
0.0178,0.0000,0.0000,0.0001,0.0040,0.0001,200,0.0156
0.0180,0.0086,0.0000,0.0010,0.0077,0.0001,200,0.0154
0.0181,0.0097,0.0000,0.0000,0.0077,0.0000,200,0.0155
0.0181,0.0109,0.0000,0.0001,0.0061,0.0003,200,0.0156
0.0184,0.0078,0.0000,0.0005,0.0094,0.0000,200,0.0153
0.0183,0.0110,0.0000,0.0001,0.0065,0.0000,200,0.0156
0.0185,0.0000,0.0000,0.0001,0.0045,0.0000,200,0.0156
0.0188,0.0096,0.0000,0.0000,0.0085,0.0000,200,0.0155
0.0241,0.0085,0.0000,0.0000,0.0098,0.0000,200,0.0103
0.0200,0.0063,0.0000,0.0018,0.0111,0.0001,200,0.0153
0.0198,0.0000,0.0000,0.0000,0.0057,0.0001,200,0.0156
0.0200,0.0094,0.0000,0.0001,0.0097,0.0002,200,0.0155
0.0201,0.0000,0.0000,0.0000,0.0030,0.0000,200,0.0156
0.0049,0.0000,0.0000,0.0001,0.0025,0.0000,200,0.0308
0.0210,0.0098,0.0000,0.0000,0.0105,0.0001,200,0.0155
0.0211,0.0000,0.0000,0.0008,0.0037,0.0000,200,0.0156
0.0214,0.0085,0.0000,0.0002,0.0119,0.0000,200,0.0154
0.0018,0.0000,0.0000,0.0000,0.0018,0.0000,200,0.0357
0.0087,0.0017,0.0000,0.0021,0.0048,0.0001,200,0.0288
0.0227,0.0062,0.0000,0.0015,0.0141,0.0001,200,0.0153
0.0097,0.0021,0.0000,0.0017,0.0058,0.0000,200,0.0289
0.0235,0.0057,0.0000,0.0029,0.0141,0.0000,200,0.0153
0.0238,0.0093,0.0000,0.0000,0.0138,0.0000,200,0.0154
0.0061,0.0000,0.0000,0.0000,0.0056,0.0001,200,0.0334
0.0032,0.0000,0.0000,0.0002,0.0029,0.0000,200,0.0368
0.0028,0.0000,0.0000,0.0000,0.0023,0.0004,200,0.0379
0.0051,0.0000,0.0000,0.0000,0.0051,0.0000,200,0.0357
0.0254,0.0095,0.0000,0.0000,0.0153,0.0000,200,0.0155
0.0256,0.0111,0.0000,0.0001,0.0138,0.0001,200,0.0156
0.0126,0.0017,0.0000,0.0021,0.0088,0.0000,200,0.0289
0.0096,0.0000,0.0000,0.0000,0.0094,0.0001,200,0.0324
0.0077,0.0000,0.0000,0.0000,0.0077,0.0000,200,0.0343
0.0050,0.0000,0.0000,0.0000,0.0049,0.0000,200,0.0376
0.0097,0.0000,0.0000,0.0000,0.0092,0.0004,200,0.0336
0.0024,0.0000,0.0000,0.0000,0.0023,0.0000,200,0.0409
0.0277,0.0000,0.0000,0.0000,0.0104,0.0000,200,0.0156
0.0339,0.0086,0.0000,0.0001,0.0197,0.0000,200,0.0102
0.0153,0.0034,0.0000,0.0008,0.0107,0.0004,200,0.0289
0.0025,0.0000,0.0000,0.0000,0.0023,0.0000,200,0.0421
0.0298,0.0099,0.0000,0.0000,0.0191,0.0001,200,0.0154
0.0301,0.0085,0.0000,0.0015,0.0193,0.0000,200,0.0153
0.0025,0.0000,0.0000,0.0000,0.0024,0.0000,200,0.0432
0.0305,0.0086,0.0000,0.0009,0.0203,0.0000,200,0.0154
0.0091,0.0000,0.0000,0.0000,0.0090,0.0001,200,0.0376
0.0082,0.0000,0.0000,0.0000,0.0081,0.0000,200,0.0386
0.0119,0.0000,0.0000,0.0000,0.0115,0.0003,200,0.0355
0.0140,0.0000,0.0000,0.0000,0.0138,0.0000,200,0.0334
0.0033,0.0000,0.0000,0.0000,0.0029,0.0004,200,0.0445
0.0376,0.0077,0.0000,0.0004,0.0237,0.0000,200,0.0102
0.0084,0.0000,0.0000,0.0000,0.0083,0.0000,200,0.0399
0.0098,0.0000,0.0000,0.0001,0.0096,0.0000,200,0.0392
0.0336,0.0095,0.0000,0.0001,0.0230,0.0004,200,0.0154
0.0204,0.0017,0.0000,0.0018,0.0169,0.0000,200,0.0290
0.0016,0.0000,0.0000,0.0000,0.0016,0.0000,200,0.0479
0.0039,0.0000,0.0000,0.0000,0.0038,0.0000,200,0.0458
0.0345,0.0000,0.0000,0.0000,0.0207,0.0000,200,0.0156
0.0078,0.0000,0.0000,0.0000,0.0077,0.0000,200,0.0425
0.0140,0.0000,0.0000,0.0000,0.0137,0.0002,200,0.0367
0.0008,0.0000,0.0000,0.0000,0.0007,0.0000,200,0.0504
0.0355,0.0153,0.0000,0.0013,0.0181,0.0000,200,0.0156
0.0059,0.0000,0.0000,0.0000,0.0058,0.0001,200,0.0459
0.0025,0.0000,0.0000,0.0000,0.0024,0.0000,200,0.0496
0.0033,0.0000,0.0000,0.0000,0.0033,0.0000,200,0.0490
0.0160,0.0000,0.0000,0.0000,0.0158,0.0001,200,0.0366
0.0135,0.0000,0.0000,0.0000,0.0130,0.0000,200,0.0395
0.0122,0.0000,0.0000,0.0000,0.0120,0.0002,200,0.0415
0.0204,0.0000,0.0000,0.0000,0.0203,0.0000,200,0.0336
0.0233,0.0000,0.0000,0.0009,0.0207,0.0000,200,0.0307
0.0029,0.0000,0.0000,0.0000,0.0029,0.0000,200,0.0518
0.0053,0.0000,0.0000,0.0000,0.0052,0.0000,200,0.0495
0.0107,0.0000,0.0000,0.0000,0.0107,0.0000,200,0.0442
0.0261,0.0000,0.0000,0.0008,0.0219,0.0000,200,0.0290
0.0454,0.0066,0.0000,0.0017,0.0311,0.0001,200,0.0101
0.0022,0.0000,0.0000,0.0000,0.0021,0.0000,200,0.0537
0.0406,0.0085,0.0000,0.0004,0.0311,0.0000,200,0.0155
0.0412,0.0097,0.0000,0.0001,0.0307,0.0001,200,0.0155
0.0012,0.0000,0.0000,0.0000,0.0012,0.0000,200,0.0554
0.0042,0.0000,0.0000,0.0000,0.0041,0.0000,200,0.0530
0.0070,0.0000,0.0000,0.0000,0.0070,0.0000,200,0.0507
0.0422,0.0000,0.0000,0.0001,0.0303,0.0000,200,0.0156
0.0173,0.0000,0.0000,0.0000,0.0173,0.0000,200,0.0408
0.0127,0.0000,0.0000,0.0000,0.0126,0.0000,200,0.0454
0.0071,0.0000,0.0000,0.0000,0.0070,0.0000,200,0.0511
0.0037,0.0000,0.0000,0.0001,0.0035,0.0000,200,0.0548
0.0122,0.0000,0.0000,0.0000,0.0120,0.0001,200,0.0467
0.0115,0.0000,0.0000,0.0000,0.0115,0.0000,200,0.0474
0.0161,0.0000,0.0000,0.0000,0.0158,0.0002,200,0.0433
0.0102,0.0000,0.0000,0.0001,0.0100,0.0000,200,0.0494
0.0246,0.0000,0.0000,0.0000,0.0245,0.0000,200,0.0354
0.0064,0.0000,0.0000,0.0000,0.0063,0.0000,200,0.0540
0.0025,0.0000,0.0000,0.0000,0.0023,0.0001,200,0.0581
0.0158,0.0000,0.0000,0.0000,0.0157,0.0000,200,0.0452
0.0123,0.0000,0.0000,0.0000,0.0122,0.0000,200,0.0490
0.0095,0.0000,0.0000,0.0000,0.0093,0.0002,200,0.0523
0.0353,0.0000,0.0000,0.0001,0.0328,0.0001,200,0.0269
0.0015,0.0000,0.0000,0.0000,0.0014,0.0000,200,0.0610
0.0034,0.0000,0.0000,0.0000,0.0033,0.0000,200,0.0599
0.0479,0.0111,0.0000,0.0001,0.0360,0.0000,200,0.0155
0.0152,0.0000,0.0000,0.0000,0.0152,0.0000,200,0.0483
0.0086,0.0000,0.0000,0.0000,0.0084,0.0001,200,0.0550
0.0231,0.0000,0.0000,0.0000,0.0230,0.0000,200,0.0412
0.0259,0.0000,0.0000,0.0000,0.0258,0.0000,200,0.0388
0.0077,0.0000,0.0000,0.0000,0.0076,0.0000,200,0.0577
0.0077,0.0000,0.0000,0.0000,0.0073,0.0000,200,0.0578
0.0074,0.0000,0.0000,0.0000,0.0070,0.0001,200,0.0582
0.0041,0.0000,0.0000,0.0001,0.0039,0.0000,200,0.0619
0.0111,0.0000,0.0000,0.0000,0.0110,0.0000,200,0.0549
0.0093,0.0000,0.0000,0.0002,0.0091,0.0000,200,0.0567
0.0053,0.0000,0.0000,0.0001,0.0050,0.0000,200,0.0613
0.0049,0.0000,0.0000,0.0000,0.0048,0.0000,200,0.0622
0.0233,0.0000,0.0000,0.0000,0.0231,0.0001,200,0.0442
0.0340,0.0000,0.0000,0.0000,0.0339,0.0000,200,0.0337
0.0109,0.0000,0.0000,0.0000,0.0108,0.0000,200,0.0572
0.0144,0.0000,0.0000,0.0000,0.0143,0.0000,200,0.0540
0.0220,0.0000,0.0000,0.0000,0.0218,0.0001,200,0.0467
0.0351,0.0000,0.0000,0.0000,0.0350,0.0000,200,0.0339
0.0103,0.0000,0.0000,0.0000,0.0099,0.0004,200,0.0593
0.0139,0.0000,0.0000,0.0000,0.0138,0.0000,200,0.0558
0.0110,0.0000,0.0000,0.0000,0.0109,0.0001,200,0.0589
0.0348,0.0000,0.0000,0.0000,0.0347,0.0001,200,0.0353
0.0022,0.0000,0.0000,0.0000,0.0021,0.0000,200,0.0681
0.0363,0.0000,0.0000,0.0000,0.0362,0.0000,200,0.0344
0.0200,0.0000,0.0000,0.0000,0.0198,0.0001,200,0.0511
0.0036,0.0000,0.0000,0.0004,0.0031,0.0001,200,0.0677
0.0084,0.0000,0.0000,0.0000,0.0083,0.0001,200,0.0633
0.0048,0.0000,0.0000,0.0000,0.0048,0.0000,200,0.0676
0.0305,0.0000,0.0000,0.0000,0.0304,0.0000,200,0.0420
0.0107,0.0000,0.0000,0.0000,0.0102,0.0005,200,0.0625
0.0030,0.0000,0.0000,0.0000,0.0029,0.0000,200,0.0703
0.0328,0.0000,0.0000,0.0000,0.0324,0.0003,200,0.0408
0.0041,0.0000,0.0000,0.0000,0.0041,0.0000,200,0.0697
0.0051,0.0000,0.0000,0.0000,0.0050,0.0001,200,0.0689
0.0104,0.0000,0.0000,0.0000,0.0102,0.0001,200,0.0647
0.0115,0.0000,0.0000,0.0000,0.0114,0.0001,200,0.0635
0.0095,0.0000,0.0000,0.0000,0.0094,0.0000,200,0.0656
0.0039,0.0000,0.0000,0.0000,0.0037,0.0001,200,0.0716
0.0058,0.0000,0.0000,0.0000,0.0057,0.0001,200,0.0699
0.0176,0.0000,0.0000,0.0001,0.0175,0.0000,200,0.0585
0.0032,0.0000,0.0000,0.0000,0.0031,0.0000,200,0.0733
0.0029,0.0000,0.0000,0.0000,0.0028,0.0001,200,0.0738
0.0169,0.0000,0.0000,0.0000,0.0168,0.0000,200,0.0606
0.0342,0.0000,0.0000,0.0000,0.0336,0.0006,200,0.0433
0.0627,0.0153,0.0000,0.0013,0.0452,0.0002,200,0.0156
0.0120,0.0000,0.0000,0.0000,0.0119,0.0000,200,0.0666
0.0036,0.0000,0.0000,0.0000,0.0034,0.0001,200,0.0750
0.0186,0.0000,0.0000,0.0000,0.0186,0.0000,200,0.0604
0.0230,0.0000,0.0000,0.0000,0.0229,0.0000,200,0.0561
0.0030,0.0000,0.0000,0.0000,0.0024,0.0000,200,0.0765
0.0093,0.0000,0.0000,0.0000,0.0090,0.0003,200,0.0711
0.0170,0.0000,0.0000,0.0004,0.0165,0.0000,200,0.0636
0.0082,0.0000,0.0000,0.0000,0.0081,0.0000,200,0.0732
0.0663,0.0089,0.0000,0.0001,0.0560,0.0006,200,0.0154
0.0080,0.0000,0.0000,0.0000,0.0079,0.0000,200,0.0740
0.0040,0.0000,0.0000,0.0000,0.0035,0.0001,200,0.0783
0.0673,0.0090,0.0000,0.0001,0.0576,0.0000,200,0.0155
0.0104,0.0000,0.0000,0.0000,0.0103,0.0000,200,0.0725
0.0679,0.0096,0.0000,0.0002,0.0573,0.0000,200,0.0154
0.0362,0.0000,0.0000,0.0000,0.0360,0.0001,200,0.0474
0.0251,0.0000,0.0000,0.0000,0.0250,0.0000,200,0.0589
0.0368,0.0000,0.0000,0.0000,0.0366,0.0001,200,0.0479
0.0140,0.0000,0.0000,0.0000,0.0139,0.0000,200,0.0707
0.0189,0.0000,0.0000,0.0000,0.0188,0.0000,200,0.0660
0.0035,0.0000,0.0000,0.0000,0.0030,0.0005,200,0.0814
0.0137,0.0000,0.0000,0.0000,0.0136,0.0001,200,0.0725
0.0100,0.0000,0.0000,0.0000,0.0096,0.0004,200,0.0775
0.0216,0.0000,0.0000,0.0000,0.0215,0.0000,200,0.0660
0.0090,0.0000,0.0000,0.0000,0.0069,0.0012,200,0.0786
0.0076,0.0000,0.0000,0.0001,0.0075,0.0000,200,0.0806
0.0065,0.0000,0.0000,0.0001,0.0064,0.0000,200,0.0817
0.0052,0.0000,0.0000,0.0000,0.0050,0.0001,200,0.0846
0.0338,0.0000,0.0000,0.0000,0.0337,0.0000,200,0.0567
0.0044,0.0000,0.0000,0.0000,0.0044,0.0000,200,0.0861
0.0090,0.0000,0.0000,0.0000,0.0090,0.0000,200,0.0849
0.0243,0.0000,0.0000,0.0001,0.0240,0.0000,200,0.0696
0.0065,0.0000,0.0000,0.0000,0.0065,0.0000,200,0.0876
0.0146,0.0000,0.0000,0.0000,0.0145,0.0000,200,0.0795
0.0277,0.0000,0.0000,0.0000,0.0276,0.0001,200,0.0671
0.0318,0.0000,0.0000,0.0000,0.0318,0.0001,200,0.0635
0.0217,0.0000,0.0000,0.0000,0.0216,0.0000,200,0.0750
0.0212,0.0000,0.0000,0.0000,0.0211,0.0000,200,0.0756
0.0449,0.0000,0.0000,0.0000,0.0448,0.0000,200,0.0525
0.0094,0.0000,0.0000,0.0004,0.0089,0.0001,200,0.0882
0.0381,0.0000,0.0000,0.0000,0.0380,0.0000,200,0.0596
0.0153,0.0000,0.0000,0.0000,0.0153,0.0001,200,0.0828
0.0078,0.0000,0.0000,0.0000,0.0077,0.0000,200,0.0904
0.0252,0.0000,0.0000,0.0000,0.0251,0.0000,200,0.0736
0.0019,0.0000,0.0000,0.0000,0.0017,0.0002,200,0.0974
0.0028,0.0000,0.0000,0.0000,0.0027,0.0000,200,0.0967
0.0120,0.0000,0.0000,0.0000,0.0115,0.0000,200,0.0882
0.0249,0.0000,0.0000,0.0000,0.0248,0.0000,200,0.0756
0.0215,0.0000,0.0000,0.0000,0.0214,0.0000,200,0.0790
0.0217,0.0000,0.0000,0.0000,0.0217,0.0000,200,0.0791
0.0167,0.0000,0.0000,0.0000,0.0166,0.0000,200,0.0846
0.0438,0.0000,0.0000,0.0000,0.0437,0.0001,200,0.0582
0.0018,0.0000,0.0000,0.0001,0.0017,0.0000,200,0.1005
0.0036,0.0000,0.0000,0.0000,0.0035,0.0000,200,0.0988
0.0151,0.0000,0.0000,0.0000,0.0150,0.0000,200,0.0875
0.0344,0.0000,0.0000,0.0000,0.0343,0.0000,200,0.0684
0.0209,0.0000,0.0000,0.0006,0.0203,0.0000,200,0.0823
0.0363,0.0000,0.0000,0.0000,0.0347,0.0015,200,0.0687
0.0043,0.0000,0.0000,0.0000,0.0043,0.0000,200,0.1008
0.0104,0.0000,0.0000,0.0001,0.0102,0.0001,200,0.0948
0.0076,0.0000,0.0000,0.0000,0.0069,0.0000,200,0.0977
0.0532,0.0000,0.0000,0.0001,0.0531,0.0000,200,0.0521
0.0155,0.0000,0.0000,0.0000,0.0154,0.0000,200,0.0898
0.0061,0.0000,0.0000,0.0000,0.0057,0.0002,200,0.0995
0.0719,0.0000,0.0000,0.0000,0.0718,0.0001,200,0.0341
0.0083,0.0000,0.0000,0.0000,0.0076,0.0006,200,0.0977
0.0421,0.0000,0.0000,0.0000,0.0420,0.0000,200,0.0643
0.0125,0.0000,0.0000,0.0000,0.0124,0.0000,200,0.0940
0.0230,0.0000,0.0000,0.0000,0.0229,0.0000,200,0.0840
0.0022,0.0000,0.0000,0.0000,0.0021,0.0000,200,0.1051
0.0020,0.0000,0.0000,0.0000,0.0018,0.0001,200,0.1059
0.0097,0.0000,0.0000,0.0000,0.0097,0.0000,200,0.0982
0.0256,0.0000,0.0000,0.0000,0.0255,0.0000,200,0.0828
0.0131,0.0000,0.0000,0.0000,0.0130,0.0000,200,0.0953
0.0024,0.0000,0.0000,0.0000,0.0019,0.0005,200,0.1070
0.0038,0.0000,0.0000,0.0000,0.0037,0.0000,200,0.1056
0.0093,0.0000,0.0000,0.0000,0.0092,0.0000,200,0.1002
0.0074,0.0000,0.0000,0.0000,0.0074,0.0000,200,0.1024
0.0042,0.0000,0.0000,0.0000,0.0042,0.0000,200,0.1059
0.0450,0.0000,0.0000,0.0000,0.0449,0.0000,200,0.0654
0.0272,0.0000,0.0000,0.0000,0.0272,0.0000,200,0.0836
0.0090,0.0000,0.0000,0.0000,0.0090,0.0000,200,0.1020
0.0121,0.0000,0.0000,0.0000,0.0120,0.0000,200,0.0994
0.0034,0.0000,0.0000,0.0000,0.0033,0.0001,200,0.1084
0.0372,0.0000,0.0000,0.0000,0.0370,0.0001,200,0.0750
0.0183,0.0000,0.0000,0.0000,0.0182,0.0000,200,0.0941
0.0105,0.0000,0.0000,0.0000,0.0105,0.0000,200,0.1023
0.0369,0.0000,0.0000,0.0000,0.0368,0.0000,200,0.0761
0.0317,0.0000,0.0000,0.0001,0.0312,0.0002,200,0.0820
0.0367,0.0000,0.0000,0.0005,0.0360,0.0000,200,0.0774
0.0201,0.0000,0.0000,0.0000,0.0199,0.0001,200,0.0941
0.0072,0.0000,0.0000,0.0000,0.0072,0.0000,200,0.1073
0.0092,0.0000,0.0000,0.0001,0.0091,0.0000,200,0.1054
0.0168,0.0000,0.0000,0.0000,0.0167,0.0000,200,0.0982
0.0440,0.0000,0.0000,0.0000,0.0439,0.0000,200,0.0713
0.0062,0.0000,0.0000,0.0000,0.0061,0.0000,200,0.1094
0.0316,0.0000,0.0000,0.0000,0.0311,0.0005,200,0.0849
0.0665,0.0000,0.0000,0.0000,0.0664,0.0000,200,0.0501
0.0469,0.0000,0.0000,0.0000,0.0465,0.0004,200,0.0701
0.0144,0.0000,0.0000,0.0000,0.0143,0.0000,200,0.1026
0.0271,0.0000,0.0000,0.0001,0.0269,0.0000,200,0.0906
0.0036,0.0000,0.0000,0.0000,0.0034,0.0000,200,0.1145
0.0174,0.0000,0.0000,0.0000,0.0172,0.0001,200,0.1013
0.0094,0.0000,0.0000,0.0000,0.0093,0.0000,200,0.1094
0.0070,0.0000,0.0000,0.0000,0.0069,0.0000,200,0.1118
0.0104,0.0000,0.0000,0.0000,0.0103,0.0000,200,0.1084
0.0024,0.0000,0.0000,0.0000,0.0024,0.0000,200,0.1170
0.0092,0.0000,0.0000,0.0000,0.0090,0.0002,200,0.1104
0.0044,0.0000,0.0000,0.0000,0.0043,0.0000,200,0.1156
0.0094,0.0000,0.0000,0.0001,0.0093,0.0000,200,0.1109
0.0064,0.0000,0.0000,0.0000,0.0063,0.0001,200,0.1142
0.1054,0.0099,0.0000,0.0000,0.0948,0.0001,200,0.0155
0.0338,0.0000,0.0000,0.0000,0.0337,0.0000,200,0.0876
0.0064,0.0000,0.0000,0.0000,0.0063,0.0000,200,0.1153
0.0139,0.0000,0.0000,0.0001,0.0137,0.0001,200,0.1079
0.0033,0.0000,0.0000,0.0000,0.0032,0.0000,200,0.1188
0.0059,0.0000,0.0000,0.0000,0.0059,0.0000,200,0.1165
0.0105,0.0000,0.0000,0.0000,0.0104,0.0000,200,0.1122
0.0024,0.0000,0.0000,0.0000,0.0020,0.0004,200,0.1209
0.0430,0.0000,0.0000,0.0002,0.0427,0.0000,200,0.0803
0.0045,0.0000,0.0000,0.0000,0.0044,0.0001,200,0.1194
0.0188,0.0000,0.0000,0.0000,0.0185,0.0003,200,0.1052
0.0061,0.0000,0.0000,0.0001,0.0058,0.0000,200,0.1181
0.0106,0.0000,0.0000,0.0000,0.0105,0.0000,200,0.1141
0.0225,0.0000,0.0000,0.0000,0.0222,0.0003,200,0.1027
0.0024,0.0000,0.0000,0.0000,0.0016,0.0008,200,0.1233
0.0178,0.0000,0.0000,0.0000,0.0173,0.0000,200,0.1079
0.0057,0.0000,0.0000,0.0000,0.0057,0.0000,200,0.1203
0.0074,0.0000,0.0000,0.0000,0.0073,0.0000,200,0.1188
0.0042,0.0000,0.0000,0.0001,0.0041,0.0000,200,0.1221
0.0079,0.0000,0.0000,0.0000,0.0078,0.0000,200,0.1187
0.0103,0.0000,0.0000,0.0000,0.0102,0.0001,200,0.1166
0.0149,0.0000,0.0000,0.0000,0.0149,0.0000,200,0.1124
0.0510,0.0000,0.0000,0.0000,0.0509,0.0001,200,0.0767
0.0062,0.0000,0.0000,0.0000,0.0061,0.0000,200,0.1218
0.0024,0.0000,0.0000,0.0000,0.0023,0.0000,200,0.1262
0.0087,0.0000,0.0000,0.0000,0.0086,0.0000,200,0.1200
0.0237,0.0000,0.0000,0.0000,0.0237,0.0000,200,0.1054
0.0045,0.0000,0.0000,0.0000,0.0041,0.0003,200,0.1247
0.0061,0.0000,0.0000,0.0000,0.0060,0.0000,200,0.1233
0.0271,0.0000,0.0000,0.0000,0.0269,0.0000,200,0.1032
0.0517,0.0000,0.0000,0.0007,0.0508,0.0000,200,0.0786
0.0046,0.0000,0.0000,0.0000,0.0045,0.0000,200,0.1257
0.0126,0.0000,0.0000,0.0000,0.0126,0.0000,200,0.1176
0.0139,0.0000,0.0000,0.0000,0.0138,0.0000,200,0.1170
0.0481,0.0000,0.0000,0.0000,0.0479,0.0001,200,0.0832
0.0253,0.0000,0.0000,0.0000,0.0252,0.0000,200,0.1064
0.0014,0.0000,0.0000,0.0000,0.0012,0.0002,200,0.1309
0.0104,0.0000,0.0000,0.0000,0.0101,0.0003,200,0.1225
0.0016,0.0000,0.0000,0.0000,0.0014,0.0001,200,0.1317
0.0035,0.0000,0.0000,0.0000,0.0033,0.0002,200,0.1303
0.0087,0.0000,0.0000,0.0000,0.0086,0.0000,200,0.1252
0.0206,0.0000,0.0000,0.0000,0.0205,0.0000,200,0.1137
0.0033,0.0000,0.0000,0.0000,0.0032,0.0001,200,0.1314
0.0087,0.0000,0.0000,0.0000,0.0084,0.0002,200,0.1266
0.0289,0.0000,0.0000,0.0000,0.0289,0.0000,200,0.1064
0.0067,0.0000,0.0000,0.0000,0.0066,0.0000,200,0.1291
0.0317,0.0000,0.0000,0.0000,0.0312,0.0004,200,0.1053
0.0260,0.0000,0.0000,0.0000,0.0259,0.0000,200,0.1110
0.0102,0.0000,0.0000,0.0000,0.0101,0.0000,200,0.1269
0.0719,0.0000,0.0000,0.0000,0.0718,0.0000,200,0.0659
0.0280,0.0000,0.0000,0.0000,0.0280,0.0000,200,0.1098
0.0090,0.0000,0.0000,0.0000,0.0090,0.0000,200,0.1294
0.0336,0.0000,0.0000,0.0000,0.0335,0.0000,200,0.1051
0.0293,0.0000,0.0000,0.0000,0.0291,0.0000,200,0.1095
0.0070,0.0000,0.0000,0.0000,0.0070,0.0001,200,0.1323
0.0298,0.0000,0.0000,0.0000,0.0297,0.0000,200,0.1102
0.0103,0.0000,0.0000,0.0000,0.0102,0.0000,200,0.1303
0.0864,0.0000,0.0000,0.0000,0.0863,0.0001,200,0.0548
0.0046,0.0000,0.0000,0.0000,0.0043,0.0002,200,0.1370
0.0062,0.0000,0.0000,0.0000,0.0062,0.0000,200,0.1353
0.0161,0.0000,0.0000,0.0000,0.0157,0.0003,200,0.1263
0.0296,0.0000,0.0000,0.0000,0.0294,0.0000,200,0.1128
0.0153,0.0000,0.0000,0.0000,0.0153,0.0000,200,0.1273
0.0077,0.0000,0.0000,0.0000,0.0076,0.0000,200,0.1353
0.0156,0.0000,0.0000,0.0000,0.0155,0.0001,200,0.1280
0.0050,0.0000,0.0000,0.0000,0.0049,0.0000,200,0.1387
0.0164,0.0000,0.0000,0.0000,0.0163,0.0000,200,0.1277
0.0182,0.0000,0.0000,0.0000,0.0181,0.0000,200,0.1260
0.0230,0.0000,0.0000,0.0000,0.0229,0.0000,200,0.1216
0.0234,0.0000,0.0000,0.0000,0.0233,0.0000,200,0.1213
0.0082,0.0000,0.0000,0.0000,0.0080,0.0001,200,0.1370
0.0047,0.0000,0.0000,0.0000,0.0046,0.0001,200,0.1406
0.0073,0.0000,0.0000,0.0000,0.0072,0.0000,200,0.1384
0.0219,0.0000,0.0000,0.0000,0.0218,0.0001,200,0.1240
0.0019,0.0000,0.0000,0.0000,0.0018,0.0001,200,0.1447
0.0272,0.0000,0.0000,0.0000,0.0271,0.0001,200,0.1197
0.0060,0.0000,0.0000,0.0000,0.0057,0.0003,200,0.1416
0.0133,0.0000,0.0000,0.0000,0.0130,0.0003,200,0.1347
0.0025,0.0000,0.0000,0.0000,0.0024,0.0001,200,0.1457
0.0051,0.0000,0.0000,0.0000,0.0051,0.0000,200,0.1436
0.0094,0.0000,0.0000,0.0001,0.0087,0.0006,200,0.1393
0.0521,0.0000,0.0000,0.0000,0.0520,0.0000,200,0.0968
0.0840,0.0000,0.0000,0.0000,0.0835,0.0004,200,0.0654
0.0064,0.0000,0.0000,0.0000,0.0064,0.0000,200,0.1430
0.0127,0.0000,0.0000,0.0000,0.0126,0.0001,200,0.1370
0.0041,0.0000,0.0000,0.0000,0.0039,0.0001,200,0.1466
0.0054,0.0000,0.0000,0.0000,0.0053,0.0000,200,0.1453
0.0177,0.0000,0.0000,0.0001,0.0172,0.0005,200,0.1328
0.0256,0.0000,0.0000,0.0000,0.0255,0.0000,200,0.1257
0.0184,0.0000,0.0000,0.0000,0.0183,0.0001,200,0.1333
0.0096,0.0000,0.0000,0.0000,0.0095,0.0000,200,0.1424
0.0099,0.0000,0.0000,0.0000,0.0096,0.0002,200,0.1427
0.0039,0.0000,0.0000,0.0000,0.0038,0.0000,200,0.1488
0.0117,0.0000,0.0000,0.0000,0.0116,0.0001,200,0.1412
0.0151,0.0000,0.0000,0.0000,0.0150,0.0000,200,0.1378
0.0245,0.0000,0.0000,0.0000,0.0244,0.0001,200,0.1291
0.0035,0.0000,0.0000,0.0001,0.0032,0.0001,200,0.1506
0.0099,0.0000,0.0000,0.0000,0.0097,0.0000,200,0.1446
0.0306,0.0000,0.0000,0.0000,0.0305,0.0000,200,0.1239
0.0264,0.0000,0.0000,0.0000,0.0263,0.0000,200,0.1287
0.0021,0.0000,0.0000,0.0000,0.0020,0.0000,200,0.1529
0.0068,0.0000,0.0000,0.0000,0.0065,0.0003,200,0.1489
0.0099,0.0000,0.0000,0.0000,0.0098,0.0000,200,0.1459
0.0226,0.0000,0.0000,0.0000,0.0225,0.0001,200,0.1338
0.0015,0.0000,0.0000,0.0000,0.0013,0.0000,200,0.1550
0.0191,0.0000,0.0000,0.0000,0.0190,0.0000,200,0.1378
0.0012,0.0000,0.0000,0.0001,0.0009,0.0001,200,0.1564
0.0085,0.0000,0.0000,0.0000,0.0084,0.0000,200,0.1495
0.0035,0.0000,0.0000,0.0000,0.0033,0.0001,200,0.1546
0.0029,0.0000,0.0000,0.0004,0.0022,0.0001,200,0.1557
0.0247,0.0000,0.0000,0.0000,0.0244,0.0002,200,0.1343
0.0448,0.0000,0.0000,0.0000,0.0448,0.0000,200,0.1146
0.0046,0.0000,0.0000,0.0002,0.0044,0.0000,200,0.1550
0.0165,0.0000,0.0000,0.0000,0.0164,0.0000,200,0.1436
0.0602,0.0000,0.0000,0.0002,0.0598,0.0001,200,0.1005
0.0039,0.0000,0.0000,0.0000,0.0038,0.0000,200,0.1569
0.0035,0.0000,0.0000,0.0000,0.0034,0.0000,200,0.1576
0.0073,0.0000,0.0000,0.0000,0.0072,0.0000,200,0.1545
0.0037,0.0000,0.0000,0.0000,0.0036,0.0000,200,0.1581
0.0094,0.0000,0.0000,0.0000,0.0093,0.0000,200,0.1529
0.0066,0.0000,0.0000,0.0000,0.0066,0.0000,200,0.1558
0.0012,0.0000,0.0000,0.0000,0.0011,0.0000,200,0.1618
0.0100,0.0000,0.0000,0.0000,0.0096,0.0002,200,0.1536
0.0216,0.0000,0.0000,0.0000,0.0215,0.0000,200,0.1424
0.0044,0.0000,0.0000,0.0000,0.0043,0.0001,200,0.1596
0.0044,0.0000,0.0000,0.0000,0.0038,0.0005,200,0.1607
0.0030,0.0000,0.0000,0.0000,0.0025,0.0003,200,0.1623
0.0411,0.0000,0.0000,0.0000,0.0410,0.0000,200,0.1242
0.0175,0.0000,0.0000,0.0000,0.0174,0.0001,200,0.1482
0.0215,0.0000,0.0000,0.0000,0.0215,0.0000,200,0.1442
0.0248,0.0000,0.0000,0.0000,0.0246,0.0002,200,0.1416
0.0277,0.0000,0.0000,0.0000,0.0276,0.0000,200,0.1388
0.0219,0.0000,0.0000,0.0001,0.0218,0.0000,200,0.1452
0.0557,0.0000,0.0000,0.0000,0.0557,0.0000,200,0.1115
0.0473,0.0000,0.0000,0.0000,0.0471,0.0002,200,0.1206
0.0026,0.0000,0.0000,0.0000,0.0025,0.0001,200,0.1657
0.0384,0.0000,0.0000,0.0000,0.0383,0.0000,200,0.1303
0.0024,0.0000,0.0000,0.0000,0.0019,0.0003,200,0.1671
0.0041,0.0000,0.0000,0.0000,0.0040,0.0000,200,0.1672
0.0486,0.0000,0.0000,0.0000,0.0484,0.0000,200,0.1227
0.0060,0.0000,0.0000,0.0000,0.0059,0.0000,200,0.1653
0.0245,0.0000,0.0000,0.0000,0.0245,0.0000,200,0.1469
0.0234,0.0000,0.0000,0.0000,0.0232,0.0000,200,0.1480
0.0222,0.0000,0.0000,0.0000,0.0221,0.0000,200,0.1494
0.0431,0.0000,0.0000,0.0000,0.0430,0.0000,200,0.1286
0.0197,0.0000,0.0000,0.0000,0.0186,0.0000,200,0.1520
0.0233,0.0000,0.0000,0.0000,0.0232,0.0001,200,0.1488
0.0249,0.0000,0.0000,0.0002,0.0247,0.0001,200,0.1476
0.0203,0.0000,0.0000,0.0000,0.0201,0.0001,200,0.1527
0.0128,0.0000,0.0000,0.0000,0.0127,0.0001,200,0.1608
0.0058,0.0000,0.0000,0.0000,0.0057,0.0001,200,0.1679
0.0102,0.0000,0.0000,0.0000,0.0101,0.0001,200,0.1639
0.0150,0.0000,0.0000,0.0002,0.0148,0.0000,200,0.1594
0.0243,0.0000,0.0000,0.0000,0.0242,0.0000,200,0.1506
0.0316,0.0000,0.0000,0.0000,0.0313,0.0002,200,0.1440
0.0116,0.0000,0.0000,0.0000,0.0113,0.0001,200,0.1640
0.0017,0.0000,0.0000,0.0000,0.0016,0.0000,200,0.1744
0.0271,0.0000,0.0000,0.0000,0.0270,0.0000,200,0.1497
0.0621,0.0000,0.0000,0.0001,0.0619,0.0002,200,0.1149
0.0246,0.0000,0.0000,0.0000,0.0244,0.0000,200,0.1525
0.0063,0.0000,0.0000,0.0000,0.0063,0.0000,200,0.1713
0.0059,0.0000,0.0000,0.0000,0.0058,0.0000,200,0.1721
0.0598,0.0000,0.0000,0.0000,0.0597,0.0000,200,0.1187
0.0277,0.0000,0.0000,0.0000,0.0276,0.0000,200,0.1513
0.0058,0.0000,0.0000,0.0000,0.0056,0.0002,200,0.1737
0.0032,0.0000,0.0000,0.0000,0.0032,0.0001,200,0.1768
0.0040,0.0000,0.0000,0.0000,0.0039,0.0000,200,0.1761
0.0863,0.0000,0.0000,0.0000,0.0863,0.0000,200,0.0939
0.0036,0.0000,0.0000,0.0001,0.0030,0.0002,200,0.1771
0.0092,0.0000,0.0000,0.0000,0.0091,0.0001,200,0.1716
0.0127,0.0000,0.0000,0.0000,0.0126,0.0000,200,0.1683
0.0226,0.0000,0.0000,0.0000,0.0225,0.0000,200,0.1590
0.0090,0.0000,0.0000,0.0000,0.0089,0.0000,200,0.1729
0.0037,0.0000,0.0000,0.0000,0.0036,0.0001,200,0.1785
0.0014,0.0000,0.0000,0.0000,0.0012,0.0000,200,0.1810
0.0173,0.0000,0.0000,0.0000,0.0172,0.0001,200,0.1653
0.0204,0.0000,0.0000,0.0000,0.0203,0.0000,200,0.1625
0.0223,0.0000,0.0000,0.0000,0.0222,0.0000,200,0.1611
0.0062,0.0000,0.0000,0.0000,0.0061,0.0000,200,0.1776
0.0038,0.0000,0.0000,0.0000,0.0034,0.0001,200,0.1801
0.0021,0.0000,0.0000,0.0000,0.0019,0.0000,200,0.1822
0.0488,0.0000,0.0000,0.0001,0.0487,0.0000,200,0.1358
0.0342,0.0000,0.0000,0.0000,0.0340,0.0001,200,0.1508
0.0062,0.0000,0.0000,0.0001,0.0060,0.0000,200,0.1795
0.0023,0.0000,0.0000,0.0000,0.0021,0.0002,200,0.1834
0.0063,0.0000,0.0000,0.0000,0.0063,0.0000,200,0.1800
0.0025,0.0000,0.0000,0.0004,0.0021,0.0000,200,0.1838
0.0216,0.0000,0.0000,0.0000,0.0214,0.0001,200,0.1651
0.0125,0.0000,0.0000,0.0000,0.0125,0.0000,200,0.1742
0.0119,0.0000,0.0000,0.0000,0.0118,0.0000,200,0.1756
0.0066,0.0000,0.0000,0.0000,0.0066,0.0000,200,0.1808
0.0074,0.0000,0.0000,0.0000,0.0073,0.0000,200,0.1807
0.0251,0.0000,0.0000,0.0000,0.0248,0.0001,200,0.1637
0.0177,0.0000,0.0000,0.0000,0.0176,0.0001,200,0.1714
0.0210,0.0000,0.0000,0.0001,0.0207,0.0001,200,0.1687
0.0043,0.0000,0.0000,0.0000,0.0042,0.0001,200,0.1857
0.0069,0.0000,0.0000,0.0003,0.0061,0.0005,200,0.1843
0.0187,0.0000,0.0000,0.0001,0.0185,0.0000,200,0.1725
0.0055,0.0000,0.0000,0.0000,0.0054,0.0000,200,0.1857
0.0311,0.0000,0.0000,0.0000,0.0310,0.0000,200,0.1601
0.0376,0.0000,0.0000,0.0000,0.0372,0.0001,200,0.1542
0.0040,0.0000,0.0000,0.0002,0.0038,0.0000,200,0.1880
0.0358,0.0000,0.0000,0.0000,0.0357,0.0000,200,0.1565
0.0139,0.0000,0.0000,0.0000,0.0137,0.0001,200,0.1791
0.0181,0.0000,0.0000,0.0000,0.0180,0.0000,200,0.1749
0.0033,0.0000,0.0000,0.0002,0.0031,0.0000,200,0.1900
0.0030,0.0000,0.0000,0.0000,0.0025,0.0004,200,0.1912
0.0016,0.0000,0.0000,0.0000,0.0015,0.0000,200,0.1930
0.0072,0.0000,0.0000,0.0000,0.0072,0.0000,200,0.1875
0.0233,0.0000,0.0000,0.0003,0.0228,0.0000,200,0.1714
0.0024,0.0000,0.0000,0.0000,0.0023,0.0000,200,0.1924
0.0016,0.0000,0.0000,0.0000,0.0015,0.0000,200,0.1933
0.0293,0.0000,0.0000,0.0000,0.0289,0.0003,200,0.1664
0.0045,0.0000,0.0000,0.0000,0.0044,0.0000,200,0.1912
0.0052,0.0000,0.0000,0.0000,0.0052,0.0000,200,0.1912
0.0208,0.0000,0.0000,0.0000,0.0204,0.0004,200,0.1756
0.0140,0.0000,0.0000,0.0000,0.0139,0.0000,200,0.1829
0.0307,0.0000,0.0000,0.0000,0.0304,0.0003,200,0.1664
0.0111,0.0000,0.0000,0.0000,0.0110,0.0001,200,0.1864
0.0325,0.0000,0.0000,0.0000,0.0321,0.0003,200,0.1657
0.0407,0.0000,0.0000,0.0000,0.0403,0.0002,200,0.1579
0.0128,0.0000,0.0000,0.0000,0.0124,0.0004,200,0.1864
0.0281,0.0000,0.0000,0.0000,0.0276,0.0005,200,0.1713
0.0162,0.0000,0.0000,0.0000,0.0161,0.0000,200,0.1838
0.0290,0.0000,0.0000,0.0000,0.0289,0.0000,200,0.1717
0.0092,0.0000,0.0000,0.0000,0.0091,0.0000,200,0.1918
0.0045,0.0000,0.0000,0.0000,0.0041,0.0000,200,0.1965
0.0185,0.0000,0.0000,0.0000,0.0183,0.0002,200,0.1826
0.0103,0.0000,0.0000,0.0000,0.0073,0.0022,200,0.1942
0.0311,0.0000,0.0000,0.0001,0.0306,0.0003,200,0.1735
0.0071,0.0000,0.0000,0.0009,0.0058,0.0004,200,0.1975
0.0180,0.0000,0.0000,0.0000,0.0176,0.0004,200,0.1866
0.0267,0.0000,0.0000,0.0000,0.0267,0.0000,200,0.1780
0.0066,0.0000,0.0000,0.0000,0.0059,0.0005,200,0.1982
0.0340,0.0000,0.0000,0.0000,0.0339,0.0000,200,0.1713
0.0187,0.0000,0.0000,0.0000,0.0184,0.0000,200,0.1867
0.0169,0.0000,0.0000,0.0000,0.0168,0.0001,200,0.1891
0.0071,0.0000,0.0000,0.0000,0.0070,0.0000,200,0.2012
0.0264,0.0000,0.0000,0.0000,0.0263,0.0000,200,0.1819
0.0083,0.0000,0.0000,0.0000,0.0082,0.0000,200,0.2000
0.0195,0.0000,0.0000,0.0000,0.0194,0.0000,200,0.1888
0.0212,0.0000,0.0000,0.0000,0.0211,0.0000,200,0.1875
0.0143,0.0000,0.0000,0.0000,0.0142,0.0001,200,0.1947
0.0050,0.0000,0.0000,0.0000,0.0049,0.0001,200,0.2046
0.0481,0.0000,0.0000,0.0000,0.0480,0.0000,200,0.1618
0.0053,0.0000,0.0000,0.0000,0.0052,0.0000,200,0.2053
0.0048,0.0000,0.0000,0.0000,0.0047,0.0001,200,0.2061
0.0104,0.0000,0.0000,0.0001,0.0103,0.0000,200,0.2010
0.0163,0.0000,0.0000,0.0000,0.0162,0.0001,200,0.1972
0.0223,0.0000,0.0000,0.0000,0.0223,0.0000,200,0.1921
0.0096,0.0000,0.0000,0.0001,0.0095,0.0000,200,0.2048
0.0248,0.0000,0.0000,0.0001,0.0246,0.0001,200,0.1896
0.0046,0.0000,0.0000,0.0000,0.0046,0.0000,200,0.2099
0.0042,0.0000,0.0000,0.0000,0.0041,0.0001,200,0.2109
0.0565,0.0000,0.0000,0.0000,0.0562,0.0003,200,0.1586
0.0244,0.0000,0.0000,0.0000,0.0243,0.0000,200,0.1912
0.0026,0.0000,0.0000,0.0000,0.0025,0.0000,200,0.2135
0.0347,0.0000,0.0000,0.0000,0.0346,0.0001,200,0.1816
0.1036,0.0000,0.0000,0.0000,0.1036,0.0000,200,0.1130
0.0116,0.0000,0.0000,0.0000,0.0115,0.0000,200,0.2054
0.0831,0.0000,0.0000,0.0000,0.0830,0.0000,200,0.1340
0.0482,0.0000,0.0000,0.0000,0.0481,0.0001,200,0.1695
0.0548,0.0000,0.0000,0.0000,0.0546,0.0001,200,0.1630
0.0034,0.0000,0.0000,0.0000,0.0034,0.0000,200,0.2146
0.0078,0.0000,0.0000,0.0000,0.0078,0.0000,200,0.2106
0.0228,0.0000,0.0000,0.0000,0.0226,0.0002,200,0.1957
0.0104,0.0000,0.0000,0.0000,0.0103,0.0000,200,0.2083
0.0026,0.0000,0.0000,0.0000,0.0025,0.0001,200,0.2167
0.0249,0.0000,0.0000,0.0000,0.0249,0.0000,200,0.1948
0.0029,0.0000,0.0000,0.0000,0.0027,0.0000,200,0.2170
0.0017,0.0000,0.0000,0.0001,0.0016,0.0000,200,0.2187
0.0025,0.0000,0.0000,0.0001,0.0024,0.0000,200,0.2185
0.0372,0.0000,0.0000,0.0000,0.0370,0.0001,200,0.1846
0.0372,0.0000,0.0000,0.0001,0.0368,0.0000,200,0.1850
0.0227,0.0000,0.0000,0.0000,0.0226,0.0001,200,0.1994
0.0143,0.0000,0.0000,0.0000,0.0142,0.0000,200,0.2083
0.0052,0.0000,0.0000,0.0000,0.0051,0.0001,200,0.2177
0.0010,0.0000,0.0000,0.0000,0.0009,0.0001,200,0.2222
0.0266,0.0000,0.0000,0.0001,0.0261,0.0000,200,0.1969
0.0725,0.0000,0.0000,0.0000,0.0724,0.0000,200,0.1517
0.0295,0.0000,0.0000,0.0000,0.0295,0.0000,200,0.1947
0.0097,0.0000,0.0000,0.0000,0.0096,0.0000,200,0.2151
0.0094,0.0000,0.0000,0.0000,0.0092,0.0001,200,0.2161
0.0212,0.0000,0.0000,0.0000,0.0211,0.0000,200,0.2047
0.0253,0.0000,0.0000,0.0003,0.0250,0.0000,200,0.2006
0.0177,0.0000,0.0000,0.0000,0.0177,0.0000,200,0.2083
0.0068,0.0000,0.0000,0.0000,0.0066,0.0000,200,0.2198
0.0868,0.0000,0.0000,0.0000,0.0867,0.0000,200,0.1400
0.0082,0.0000,0.0000,0.0000,0.0081,0.0000,200,0.2192
0.0287,0.0000,0.0000,0.0000,0.0286,0.0000,200,0.1992
0.0354,0.0000,0.0000,0.0000,0.0352,0.0000,200,0.1929
0.0328,0.0000,0.0000,0.0000,0.0327,0.0000,200,0.1956
0.0014,0.0000,0.0000,0.0000,0.0013,0.0000,200,0.2274
0.0341,0.0000,0.0000,0.0000,0.0341,0.0000,200,0.1948
0.0047,0.0000,0.0000,0.0000,0.0046,0.0000,200,0.2248
0.0258,0.0000,0.0000,0.0000,0.0257,0.0000,200,0.2045
0.0025,0.0000,0.0000,0.0001,0.0021,0.0003,200,0.2279
0.0134,0.0000,0.0000,0.0000,0.0133,0.0000,200,0.2171
0.0215,0.0000,0.0000,0.0000,0.0214,0.0001,200,0.2096
0.0223,0.0000,0.0000,0.0000,0.0221,0.0001,200,0.2090
0.0112,0.0000,0.0000,0.0000,0.0111,0.0000,200,0.2204
0.0493,0.0000,0.0000,0.0002,0.0490,0.0000,200,0.1824
0.0099,0.0000,0.0000,0.0000,0.0098,0.0000,200,0.2221
0.0554,0.0000,0.0000,0.0000,0.0553,0.0000,200,0.1771
0.0152,0.0000,0.0000,0.0000,0.0150,0.0002,200,0.2178
0.0031,0.0000,0.0000,0.0000,0.0028,0.0000,200,0.2305
0.0101,0.0000,0.0000,0.0000,0.0099,0.0001,200,0.2235
0.0077,0.0000,0.0000,0.0000,0.0077,0.0000,200,0.2259
0.0190,0.0000,0.0000,0.0000,0.0189,0.0001,200,0.2151
0.0161,0.0000,0.0000,0.0000,0.0160,0.0001,200,0.2184
0.0205,0.0000,0.0000,0.0002,0.0202,0.0001,200,0.2144
0.0018,0.0000,0.0000,0.0000,0.0016,0.0002,200,0.2336
0.0016,0.0000,0.0000,0.0000,0.0012,0.0003,200,0.2345
0.0031,0.0000,0.0000,0.0000,0.0030,0.0001,200,0.2330
0.0074,0.0000,0.0000,0.0000,0.0074,0.0000,200,0.2288
0.0286,0.0000,0.0000,0.0000,0.0285,0.0001,200,0.2083
0.0152,0.0000,0.0000,0.0000,0.0149,0.0001,200,0.2226
0.0073,0.0000,0.0000,0.0000,0.0072,0.0000,200,0.2305
0.0067,0.0000,0.0000,0.0000,0.0066,0.0001,200,0.2316
0.0271,0.0000,0.0000,0.0000,0.0270,0.0000,200,0.2114
0.0426,0.0000,0.0000,0.0005,0.0420,0.0000,200,0.1965
0.0240,0.0000,0.0000,0.0004,0.0235,0.0000,200,0.2156
0.0113,0.0000,0.0000,0.0000,0.0109,0.0000,200,0.2284
0.0181,0.0000,0.0000,0.0000,0.0180,0.0000,200,0.2218
0.0056,0.0000,0.0000,0.0000,0.0056,0.0000,200,0.2349
0.0095,0.0000,0.0000,0.0000,0.0092,0.0001,200,0.2313
0.0077,0.0000,0.0000,0.0000,0.0076,0.0000,200,0.2336
0.0184,0.0000,0.0000,0.0000,0.0184,0.0000,200,0.2229
0.0373,0.0000,0.0000,0.0000,0.0372,0.0000,200,0.2046
0.0166,0.0000,0.0000,0.0000,0.0165,0.0001,200,0.2260
0.1125,0.0000,0.0000,0.0000,0.1124,0.0000,200,0.1303
0.0125,0.0000,0.0000,0.0000,0.0125,0.0000,200,0.2302
0.0420,0.0000,0.0000,0.0000,0.0419,0.0000,200,0.2010
0.0073,0.0000,0.0000,0.0000,0.0072,0.0000,200,0.2361
0.0063,0.0000,0.0000,0.0002,0.0059,0.0002,200,0.2378
0.0109,0.0000,0.0000,0.0000,0.0108,0.0000,200,0.2336
0.0033,0.0000,0.0000,0.0000,0.0032,0.0001,200,0.2413
0.0240,0.0000,0.0000,0.0000,0.0239,0.0001,200,0.2210
0.0026,0.0000,0.0000,0.0000,0.0023,0.0000,200,0.2426
0.0100,0.0000,0.0000,0.0000,0.0099,0.0001,200,0.2354
0.0142,0.0000,0.0000,0.0000,0.0141,0.0000,200,0.2316
0.0221,0.0000,0.0000,0.0000,0.0220,0.0001,200,0.2242
0.0232,0.0000,0.0000,0.0000,0.0232,0.0000,200,0.2232
0.0054,0.0000,0.0000,0.0000,0.0053,0.0000,200,0.2418
0.0088,0.0000,0.0000,0.0000,0.0084,0.0004,200,0.2385
0.0065,0.0000,0.0000,0.0000,0.0064,0.0000,200,0.2413
0.0144,0.0000,0.0000,0.0000,0.0143,0.0000,200,0.2341
0.0342,0.0000,0.0000,0.0001,0.0341,0.0000,200,0.2144
0.0441,0.0000,0.0000,0.0000,0.0440,0.0001,200,0.2047
0.0207,0.0000,0.0000,0.0000,0.0206,0.0000,200,0.2283
0.0024,0.0000,0.0000,0.0002,0.0020,0.0001,200,0.2473
0.0244,0.0000,0.0000,0.0000,0.0242,0.0001,200,0.2255
0.0358,0.0000,0.0000,0.0000,0.0357,0.0002,200,0.2145
0.0264,0.0000,0.0000,0.0000,0.0263,0.0001,200,0.2243
0.0528,0.0000,0.0000,0.0001,0.0522,0.0005,200,0.1987
0.0116,0.0000,0.0000,0.0000,0.0115,0.0000,200,0.2399
0.0018,0.0000,0.0000,0.0000,0.0015,0.0001,200,0.2499
0.0192,0.0000,0.0000,0.0000,0.0192,0.0000,200,0.2325
0.0076,0.0000,0.0000,0.0000,0.0075,0.0000,200,0.2447
0.0723,0.0000,0.0000,0.0000,0.0715,0.0002,200,0.1803
0.0268,0.0000,0.0000,0.0000,0.0267,0.0001,200,0.2260
0.0139,0.0000,0.0000,0.0000,0.0138,0.0000,200,0.2391
0.0055,0.0000,0.0000,0.0000,0.0054,0.0001,200,0.2479
0.0048,0.0000,0.0000,0.0000,0.0047,0.0001,200,0.2490
0.0026,0.0000,0.0000,0.0000,0.0025,0.0000,200,0.2515
0.0083,0.0000,0.0000,0.0000,0.0081,0.0001,200,0.2464
0.0165,0.0000,0.0000,0.0000,0.0164,0.0001,200,0.2384
0.0124,0.0000,0.0000,0.0000,0.0123,0.0001,200,0.2428
0.0040,0.0000,0.0000,0.0002,0.0038,0.0000,200,0.2517
0.0252,0.0000,0.0000,0.0000,0.0251,0.0001,200,0.2311
0.0038,0.0000,0.0000,0.0000,0.0037,0.0001,200,0.2526
0.0308,0.0000,0.0000,0.0000,0.0304,0.0004,200,0.2265
0.0057,0.0000,0.0000,0.0000,0.0056,0.0000,200,0.2517
0.0090,0.0000,0.0000,0.0000,0.0088,0.0001,200,0.2488
0.0633,0.0000,0.0000,0.0000,0.0632,0.0000,200,0.1946
0.0219,0.0000,0.0000,0.0001,0.0217,0.0001,200,0.2360
0.0040,0.0000,0.0000,0.0000,0.0040,0.0000,200,0.2546
0.0507,0.0000,0.0000,0.0000,0.0505,0.0001,200,0.2087
0.0089,0.0000,0.0000,0.0000,0.0089,0.0000,200,0.2507
0.0074,0.0000,0.0000,0.0000,0.0072,0.0001,200,0.2522
0.0104,0.0000,0.0000,0.0001,0.0102,0.0001,200,0.2496
0.0021,0.0000,0.0000,0.0000,0.0020,0.0000,200,0.2587
0.0061,0.0000,0.0000,0.0000,0.0061,0.0001,200,0.2549
0.0187,0.0000,0.0000,0.0000,0.0186,0.0002,200,0.2430
0.0169,0.0000,0.0000,0.0000,0.0167,0.0002,200,0.2452
0.0180,0.0000,0.0000,0.0000,0.0180,0.0000,200,0.2445
0.0038,0.0000,0.0000,0.0000,0.0036,0.0000,200,0.2593
0.0181,0.0000,0.0000,0.0000,0.0181,0.0000,200,0.2454
0.0172,0.0000,0.0000,0.0001,0.0170,0.0001,200,0.2464
0.0204,0.0000,0.0000,0.0000,0.0203,0.0000,200,0.2434
0.0039,0.0000,0.0000,0.0000,0.0036,0.0001,200,0.2601
0.0120,0.0000,0.0000,0.0000,0.0118,0.0002,200,0.2529
0.0030,0.0000,0.0000,0.0000,0.0027,0.0002,200,0.2622
0.0044,0.0000,0.0000,0.0000,0.0043,0.0000,200,0.2611
0.0121,0.0000,0.0000,0.0000,0.0120,0.0001,200,0.2538
0.0031,0.0000,0.0000,0.0003,0.0024,0.0000,200,0.2631
0.0013,0.0000,0.0000,0.0000,0.0012,0.0000,200,0.2652
0.0096,0.0000,0.0000,0.0000,0.0094,0.0002,200,0.2574
0.0015,0.0000,0.0000,0.0000,0.0014,0.0001,200,0.2659
0.0145,0.0000,0.0000,0.0000,0.0143,0.0001,200,0.2533
0.0175,0.0000,0.0000,0.0000,0.0175,0.0000,200,0.2503
0.0522,0.0000,0.0000,0.0000,0.0521,0.0000,200,0.2162
0.0066,0.0000,0.0000,0.0000,0.0064,0.0002,200,0.2625
0.0038,0.0000,0.0000,0.0000,0.0035,0.0003,200,0.2654
0.0156,0.0000,0.0000,0.0000,0.0154,0.0000,200,0.2541
0.0062,0.0000,0.0000,0.0000,0.0060,0.0001,200,0.2638
0.0247,0.0000,0.0000,0.0000,0.0244,0.0002,200,0.2458
0.0098,0.0000,0.0000,0.0000,0.0096,0.0001,200,0.2608
0.0077,0.0000,0.0000,0.0000,0.0075,0.0002,200,0.2635
0.0008,0.0000,0.0000,0.0000,0.0008,0.0000,200,0.2705
0.1003,0.0000,0.0000,0.0000,0.1002,0.0001,200,0.1716
0.0433,0.0000,0.0000,0.0000,0.0432,0.0001,200,0.2290
0.0054,0.0000,0.0000,0.0000,0.0053,0.0000,200,0.2678
0.0247,0.0000,0.0000,0.0000,0.0246,0.0000,200,0.2485
0.0222,0.0000,0.0000,0.0000,0.0221,0.0001,200,0.2515
0.0541,0.0000,0.0000,0.0000,0.0540,0.0000,200,0.2199
0.0332,0.0000,0.0000,0.0000,0.0331,0.0000,200,0.2408
0.0055,0.0000,0.0000,0.0000,0.0052,0.0001,200,0.2692
0.0457,0.0000,0.0000,0.0004,0.0449,0.0003,200,0.2295
0.0062,0.0000,0.0000,0.0000,0.0061,0.0001,200,0.2691
0.0183,0.0000,0.0000,0.0000,0.0178,0.0003,200,0.2579
0.0207,0.0000,0.0000,0.0001,0.0206,0.0000,200,0.2557
0.0147,0.0000,0.0000,0.0000,0.0146,0.0000,200,0.2617
0.0368,0.0000,0.0000,0.0000,0.0366,0.0002,200,0.2397
0.0216,0.0000,0.0000,0.0000,0.0215,0.0001,200,0.2552
0.0056,0.0000,0.0000,0.0000,0.0055,0.0000,200,0.2714
0.0099,0.0000,0.0000,0.0000,0.0098,0.0000,200,0.2674
0.0107,0.0000,0.0000,0.0000,0.0106,0.0001,200,0.2670
0.0307,0.0000,0.0000,0.0000,0.0306,0.0000,200,0.2472
0.0186,0.0000,0.0000,0.0000,0.0185,0.0001,200,0.2596
0.0025,0.0000,0.0000,0.0000,0.0022,0.0003,200,0.2765
0.0025,0.0000,0.0000,0.0000,0.0024,0.0000,200,0.2769
0.0233,0.0000,0.0000,0.0001,0.0231,0.0001,200,0.2563
0.0058,0.0000,0.0000,0.0000,0.0057,0.0000,200,0.2740
0.0051,0.0000,0.0000,0.0000,0.0049,0.0001,200,0.2752
0.0229,0.0000,0.0000,0.0001,0.0227,0.0000,200,0.2578
0.0018,0.0000,0.0000,0.0000,0.0016,0.0001,200,0.2791
0.0045,0.0000,0.0000,0.0000,0.0043,0.0001,200,0.2764
0.0111,0.0000,0.0000,0.0000,0.0110,0.0001,200,0.2705
0.0224,0.0000,0.0000,0.0000,0.0223,0.0001,200,0.2596
0.0068,0.0000,0.0000,0.0000,0.0067,0.0000,200,0.2752
0.0341,0.0000,0.0000,0.0001,0.0338,0.0001,200,0.2486
0.0026,0.0000,0.0000,0.0000,0.0024,0.0000,200,0.2802
0.0040,0.0000,0.0000,0.0000,0.0039,0.0001,200,0.2794
0.0011,0.0000,0.0000,0.0001,0.0009,0.0001,200,0.2828
0.0108,0.0000,0.0000,0.0000,0.0108,0.0000,200,0.2732
0.0486,0.0000,0.0000,0.0000,0.0484,0.0001,200,0.2362
0.0014,0.0000,0.0000,0.0001,0.0012,0.0001,200,0.2839
0.0404,0.0000,0.0000,0.0000,0.0403,0.0000,200,0.2451
0.0462,0.0000,0.0000,0.0000,0.0461,0.0000,200,0.2397
0.0136,0.0000,0.0000,0.0000,0.0134,0.0000,200,0.2723
0.0016,0.0000,0.0000,0.0000,0.0013,0.0003,200,0.2848
0.0290,0.0000,0.0000,0.0000,0.0290,0.0000,200,0.2574
0.0428,0.0000,0.0000,0.0000,0.0427,0.0001,200,0.2440
0.0493,0.0000,0.0000,0.0000,0.0492,0.0000,200,0.2378
0.0141,0.0000,0.0000,0.0000,0.0137,0.0002,200,0.2737
0.0081,0.0000,0.0000,0.0000,0.0081,0.0000,200,0.2797
0.0102,0.0000,0.0000,0.0000,0.0101,0.0001,200,0.2782
0.0460,0.0000,0.0000,0.0000,0.0459,0.0000,200,0.2428
0.0623,0.0000,0.0000,0.0000,0.0622,0.0001,200,0.2268
0.0033,0.0000,0.0000,0.0000,0.0033,0.0000,200,0.2859
0.0229,0.0000,0.0000,0.0000,0.0229,0.0000,200,0.2665
0.0041,0.0000,0.0000,0.0000,0.0040,0.0001,200,0.2859
0.0096,0.0000,0.0000,0.0000,0.0095,0.0000,200,0.2809
0.0144,0.0000,0.0000,0.0000,0.0143,0.0001,200,0.2762
0.0131,0.0000,0.0000,0.0001,0.0126,0.0000,200,0.2777
0.0174,0.0000,0.0000,0.0001,0.0172,0.0000,200,0.2740
0.0151,0.0000,0.0000,0.0000,0.0149,0.0000,200,0.2768
0.0283,0.0000,0.0000,0.0001,0.0281,0.0001,200,0.2640
0.0361,0.0000,0.0000,0.0001,0.0360,0.0001,200,0.2564
0.0058,0.0000,0.0000,0.0000,0.0057,0.0000,200,0.2871
0.0566,0.0000,0.0000,0.0001,0.0563,0.0001,200,0.2369
0.0097,0.0000,0.0000,0.0000,0.0095,0.0000,200,0.2841
0.0129,0.0000,0.0000,0.0000,0.0128,0.0001,200,0.2809
0.0231,0.0000,0.0000,0.0000,0.0230,0.0000,200,0.2713
0.0417,0.0000,0.0000,0.0001,0.0414,0.0001,200,0.2530
0.0369,0.0000,0.0000,0.0000,0.0368,0.0001,200,0.2580
0.0130,0.0000,0.0000,0.0000,0.0130,0.0000,200,0.2820
0.0012,0.0000,0.0000,0.0000,0.0011,0.0000,200,0.2944
0.0308,0.0000,0.0000,0.0001,0.0306,0.0001,200,0.2649
0.0279,0.0000,0.0000,0.0000,0.0278,0.0001,200,0.2685
0.0048,0.0000,0.0000,0.0000,0.0047,0.0000,200,0.2918
0.0115,0.0000,0.0000,0.0000,0.0115,0.0000,200,0.2853
0.0201,0.0000,0.0000,0.0000,0.0201,0.0000,200,0.2772
0.0066,0.0000,0.0000,0.0000,0.0066,0.0000,200,0.2914
0.0223,0.0000,0.0000,0.0000,0.0221,0.0002,200,0.2764
0.0667,0.0000,0.0000,0.0000,0.0665,0.0000,200,0.2321
0.0036,0.0000,0.0000,0.0000,0.0035,0.0001,200,0.2956
0.0198,0.0000,0.0000,0.0000,0.0196,0.0002,200,0.2796
0.0104,0.0000,0.0000,0.0000,0.0101,0.0000,200,0.2891
0.0270,0.0000,0.0000,0.0000,0.0269,0.0001,200,0.2732
0.0119,0.0000,0.0000,0.0000,0.0114,0.0005,200,0.2884
0.0118,0.0000,0.0000,0.0000,0.0117,0.0001,200,0.2888
0.0291,0.0000,0.0000,0.0001,0.0289,0.0000,200,0.2719
0.0148,0.0000,0.0000,0.0000,0.0147,0.0000,200,0.2864
0.0143,0.0000,0.0000,0.0000,0.0138,0.0004,200,0.2879
0.0147,0.0000,0.0000,0.0006,0.0136,0.0004,200,0.2878
0.0325,0.0000,0.0000,0.0000,0.0324,0.0001,200,0.2700
0.0160,0.0000,0.0000,0.0000,0.0159,0.0001,200,0.2869
0.0367,0.0000,0.0000,0.0000,0.0366,0.0000,200,0.2662
0.0288,0.0000,0.0000,0.0000,0.0285,0.0000,200,0.2747
0.0069,0.0000,0.0000,0.0000,0.0066,0.0000,200,0.2966
0.0040,0.0000,0.0000,0.0000,0.0039,0.0001,200,0.3002
0.0866,0.0000,0.0000,0.0000,0.0866,0.0000,200,0.2180
0.0230,0.0000,0.0000,0.0000,0.0228,0.0001,200,0.2816
0.0238,0.0000,0.0000,0.0000,0.0231,0.0007,200,0.2820
0.0033,0.0000,0.0000,0.0000,0.0032,0.0000,200,0.3025
0.0204,0.0000,0.0000,0.0000,0.0200,0.0000,200,0.2854
0.0029,0.0000,0.0000,0.0000,0.0029,0.0000,200,0.3029
0.0029,0.0000,0.0000,0.0000,0.0028,0.0001,200,0.3035
0.0132,0.0000,0.0000,0.0000,0.0129,0.0000,200,0.2935
0.0100,0.0000,0.0000,0.0000,0.0098,0.0001,200,0.2968
0.0144,0.0000,0.0000,0.0000,0.0144,0.0000,200,0.2929
0.0095,0.0000,0.0000,0.0000,0.0095,0.0000,200,0.2980
0.0131,0.0000,0.0000,0.0000,0.0130,0.0000,200,0.2949
0.0160,0.0000,0.0000,0.0000,0.0159,0.0000,200,0.2926
0.0080,0.0000,0.0000,0.0000,0.0079,0.0001,200,0.3010
0.0097,0.0000,0.0000,0.0003,0.0093,0.0000,200,0.2995
0.0073,0.0000,0.0000,0.0000,0.0072,0.0001,200,0.3025
0.0049,0.0000,0.0000,0.0000,0.0048,0.0000,200,0.3058
0.0300,0.0000,0.0000,0.0001,0.0298,0.0000,200,0.2806
0.0066,0.0000,0.0000,0.0001,0.0058,0.0007,200,0.3047
0.0174,0.0000,0.0000,0.0001,0.0162,0.0010,200,0.2946
0.0082,0.0000,0.0000,0.0000,0.0080,0.0001,200,0.3047
0.0126,0.0000,0.0000,0.0000,0.0125,0.0000,200,0.3003
0.0035,0.0000,0.0000,0.0000,0.0034,0.0001,200,0.3098
0.0225,0.0000,0.0000,0.0000,0.0220,0.0005,200,0.2923
0.0127,0.0000,0.0000,0.0000,0.0114,0.0013,200,0.3021
0.0080,0.0000,0.0000,0.0000,0.0069,0.0009,200,0.3065
0.0121,0.0000,0.0000,0.0000,0.0109,0.0011,200,0.3029
0.0243,0.0000,0.0000,0.0000,0.0234,0.0009,200,0.2906
0.0026,0.0000,0.0000,0.0000,0.0025,0.0000,200,0.3129
0.0171,0.0000,0.0000,0.0000,0.0170,0.0000,200,0.2987
0.0528,0.0000,0.0000,0.0000,0.0527,0.0000,200,0.2635
0.0334,0.0000,0.0000,0.0000,0.0332,0.0001,200,0.2835
0.0089,0.0000,0.0000,0.0000,0.0089,0.0000,200,0.3080
0.0101,0.0000,0.0000,0.0000,0.0099,0.0000,200,0.3074
0.0772,0.0000,0.0000,0.0000,0.0771,0.0001,200,0.2405
0.0209,0.0000,0.0000,0.0000,0.0208,0.0001,200,0.2974
0.0029,0.0000,0.0000,0.0001,0.0027,0.0000,200,0.3155
0.0105,0.0000,0.0000,0.0000,0.0104,0.0000,200,0.3085
0.0084,0.0000,0.0000,0.0000,0.0077,0.0001,200,0.3106
0.0240,0.0000,0.0000,0.0000,0.0239,0.0000,200,0.2957
0.0299,0.0000,0.0000,0.0000,0.0298,0.0000,200,0.2905
0.0032,0.0000,0.0000,0.0000,0.0031,0.0001,200,0.3178
0.0097,0.0000,0.0000,0.0001,0.0089,0.0000,200,0.3120
0.0049,0.0000,0.0000,0.0000,0.0034,0.0012,200,0.3184
0.0106,0.0000,0.0000,0.0000,0.0105,0.0000,200,0.3128
0.0045,0.0000,0.0000,0.0000,0.0044,0.0000,200,0.3190
0.0248,0.0000,0.0000,0.0000,0.0247,0.0000,200,0.2987
0.0328,0.0000,0.0000,0.0000,0.0326,0.0000,200,0.2908
0.0246,0.0000,0.0000,0.0000,0.0244,0.0001,200,0.2995
0.0191,0.0000,0.0000,0.0000,0.0190,0.0001,200,0.3058
0.0061,0.0000,0.0000,0.0000,0.0059,0.0001,200,0.3190
0.0125,0.0000,0.0000,0.0000,0.0124,0.0000,200,0.3133
0.0062,0.0000,0.0000,0.0000,0.0061,0.0000,200,0.3198
0.0099,0.0000,0.0000,0.0000,0.0097,0.0002,200,0.3169
0.0164,0.0000,0.0000,0.0001,0.0162,0.0000,200,0.3113
0.0036,0.0000,0.0000,0.0001,0.0035,0.0000,200,0.3241
0.0191,0.0000,0.0000,0.0000,0.0190,0.0000,200,0.3090
0.0052,0.0000,0.0000,0.0000,0.0052,0.0000,200,0.3234
0.0464,0.0000,0.0000,0.0000,0.0463,0.0000,200,0.2827
0.0186,0.0000,0.0000,0.0006,0.0180,0.0000,200,0.3106
0.0285,0.0000,0.0000,0.0000,0.0284,0.0001,200,0.3012
0.0089,0.0000,0.0000,0.0000,0.0088,0.0001,200,0.3210
0.0412,0.0000,0.0000,0.0000,0.0411,0.0001,200,0.2894
0.0214,0.0000,0.0000,0.0000,0.0213,0.0000,200,0.3092
0.0408,0.0000,0.0000,0.0001,0.0407,0.0001,200,0.2900
0.0036,0.0000,0.0000,0.0000,0.0036,0.0000,200,0.3277
0.0284,0.0000,0.0000,0.0000,0.0282,0.0002,200,0.3036
0.0040,0.0000,0.0000,0.0000,0.0037,0.0001,200,0.3281
0.0015,0.0000,0.0000,0.0000,0.0015,0.0000,200,0.3306
0.0067,0.0000,0.0000,0.0000,0.0065,0.0001,200,0.3258
0.0043,0.0000,0.0000,0.0000,0.0043,0.0000,200,0.3287
0.0100,0.0000,0.0000,0.0000,0.0098,0.0002,200,0.3235
0.0331,0.0000,0.0000,0.0000,0.0329,0.0001,200,0.3006
0.0189,0.0000,0.0000,0.0000,0.0188,0.0001,200,0.3158
0.0198,0.0000,0.0000,0.0000,0.0197,0.0000,200,0.3150
0.0457,0.0000,0.0000,0.0000,0.0456,0.0000,200,0.2892
0.0060,0.0000,0.0000,0.0000,0.0055,0.0005,200,0.3292
0.0203,0.0000,0.0000,0.0000,0.0202,0.0000,200,0.3150
0.0201,0.0000,0.0000,0.0000,0.0200,0.0001,200,0.3163
0.0373,0.0000,0.0000,0.0000,0.0372,0.0000,200,0.2992
0.0014,0.0000,0.0000,0.0002,0.0012,0.0001,200,0.3352
0.0420,0.0000,0.0000,0.0000,0.0419,0.0000,200,0.2950
0.0023,0.0000,0.0000,0.0000,0.0023,0.0000,200,0.3349
0.0070,0.0000,0.0000,0.0000,0.0069,0.0000,200,0.3306
0.0015,0.0000,0.0000,0.0000,0.0012,0.0002,200,0.3364
0.0705,0.0000,0.0000,0.0000,0.0705,0.0000,200,0.2678
0.0026,0.0000,0.0000,0.0000,0.0026,0.0000,200,0.3364
0.0056,0.0000,0.0000,0.0000,0.0055,0.0000,200,0.3336
0.0046,0.0000,0.0000,0.0000,0.0046,0.0000,200,0.3347
0.0352,0.0000,0.0000,0.0001,0.0350,0.0000,200,0.3043
0.0165,0.0000,0.0000,0.0000,0.0164,0.0000,200,0.3236
0.0623,0.0000,0.0000,0.0000,0.0623,0.0000,200,0.2779
0.0036,0.0000,0.0000,0.0000,0.0035,0.0000,200,0.3372
0.0116,0.0000,0.0000,0.0000,0.0115,0.0001,200,0.3297
0.0180,0.0000,0.0000,0.0000,0.0179,0.0000,200,0.3235
0.0025,0.0000,0.0000,0.0000,0.0023,0.0000,200,0.3394
0.0078,0.0000,0.0000,0.0000,0.0077,0.0001,200,0.3347
0.0108,0.0000,0.0000,0.0003,0.0105,0.0000,200,0.3319
0.0371,0.0000,0.0000,0.0000,0.0371,0.0000,200,0.3058
0.0078,0.0000,0.0000,0.0000,0.0078,0.0000,200,0.3352
0.0472,0.0000,0.0000,0.0000,0.0470,0.0000,200,0.2964
0.0236,0.0000,0.0000,0.0005,0.0230,0.0001,200,0.3203
0.0030,0.0000,0.0000,0.0000,0.0030,0.0000,200,0.3415
0.0015,0.0000,0.0000,0.0001,0.0012,0.0001,200,0.3436
0.0265,0.0000,0.0000,0.0000,0.0264,0.0000,200,0.3186
0.0138,0.0000,0.0000,0.0001,0.0135,0.0002,200,0.3321
0.0008,0.0000,0.0000,0.0001,0.0006,0.0000,200,0.3451
0.0172,0.0000,0.0000,0.0000,0.0170,0.0001,200,0.3291
0.0168,0.0000,0.0000,0.0000,0.0167,0.0000,200,0.3299
0.0019,0.0000,0.0000,0.0000,0.0018,0.0001,200,0.3451
0.0326,0.0000,0.0000,0.0000,0.0325,0.0001,200,0.3148
0.0076,0.0000,0.0000,0.0000,0.0075,0.0001,200,0.3403
0.0172,0.0000,0.0000,0.0000,0.0171,0.0000,200,0.3308
0.0092,0.0000,0.0000,0.0000,0.0091,0.0000,200,0.3392
0.0055,0.0000,0.0000,0.0000,0.0053,0.0001,200,0.3430
0.0162,0.0000,0.0000,0.0000,0.0160,0.0001,200,0.3325
0.0123,0.0000,0.0000,0.0000,0.0123,0.0000,200,0.3366
0.0165,0.0000,0.0000,0.0000,0.0163,0.0001,200,0.3330
0.0039,0.0000,0.0000,0.0000,0.0038,0.0000,200,0.3459
0.0128,0.0000,0.0000,0.0000,0.0127,0.0000,200,0.3376
0.0170,0.0000,0.0000,0.0000,0.0168,0.0000,200,0.3335
0.0128,0.0000,0.0000,0.0000,0.0128,0.0000,200,0.3379
0.0039,0.0000,0.0000,0.0000,0.0038,0.0000,200,0.3474
0.0016,0.0000,0.0000,0.0002,0.0013,0.0000,200,0.3498
0.0027,0.0000,0.0000,0.0000,0.0026,0.0000,200,0.3490
0.0093,0.0000,0.0000,0.0000,0.0092,0.0001,200,0.3427
0.0057,0.0000,0.0000,0.0000,0.0056,0.0001,200,0.3470
0.0279,0.0000,0.0000,0.0000,0.0278,0.0000,200,0.3252
0.0013,0.0000,0.0000,0.0000,0.0011,0.0000,200,0.3521
0.0265,0.0000,0.0000,0.0000,0.0265,0.0000,200,0.3268
0.0302,0.0000,0.0000,0.0000,0.0299,0.0002,200,0.3232
0.0138,0.0000,0.0000,0.0000,0.0137,0.0001,200,0.3401
0.0371,0.0000,0.0000,0.0000,0.0371,0.0000,200,0.3169
0.0040,0.0000,0.0000,0.0000,0.0039,0.0000,200,0.3505
0.0154,0.0000,0.0000,0.0000,0.0153,0.0000,200,0.3395
0.0401,0.0000,0.0000,0.0000,0.0400,0.0000,200,0.3149
0.0012,0.0000,0.0000,0.0000,0.0011,0.0001,200,0.3539
0.0088,0.0000,0.0000,0.0000,0.0086,0.0002,200,0.3467
0.0082,0.0000,0.0000,0.0000,0.0080,0.0001,200,0.3479
0.0075,0.0000,0.0000,0.0000,0.0074,0.0000,200,0.3487
0.0069,0.0000,0.0000,0.0000,0.0068,0.0000,200,0.3495
0.0144,0.0000,0.0000,0.0000,0.0143,0.0001,200,0.3425
0.0020,0.0000,0.0000,0.0000,0.0019,0.0000,200,0.3549
0.0510,0.0000,0.0000,0.0000,0.0508,0.0002,200,0.3067
0.0640,0.0000,0.0000,0.0000,0.0638,0.0001,200,0.2938
0.0099,0.0000,0.0000,0.0000,0.0097,0.0001,200,0.3485
0.0029,0.0000,0.0000,0.0001,0.0024,0.0004,200,0.3561
0.0313,0.0000,0.0000,0.0000,0.0312,0.0000,200,0.3277
0.0111,0.0000,0.0000,0.0002,0.0108,0.0001,200,0.3484
0.0142,0.0000,0.0000,0.0000,0.0141,0.0000,200,0.3459
0.0350,0.0000,0.0000,0.0000,0.0345,0.0005,200,0.3259
0.0745,0.0000,0.0000,0.0000,0.0745,0.0000,200,0.2864
0.0093,0.0000,0.0000,0.0000,0.0092,0.0000,200,0.3517
0.0542,0.0000,0.0000,0.0000,0.0541,0.0000,200,0.3068
0.0233,0.0000,0.0000,0.0000,0.0232,0.0000,200,0.3384
0.0923,0.0000,0.0000,0.0000,0.0922,0.0000,200,0.2697
0.0067,0.0000,0.0000,0.0000,0.0066,0.0001,200,0.3555
0.0112,0.0000,0.0000,0.0000,0.0111,0.0001,200,0.3513
0.0097,0.0000,0.0000,0.0000,0.0096,0.0001,200,0.3533
0.0320,0.0000,0.0000,0.0000,0.0319,0.0001,200,0.3313
0.0050,0.0000,0.0000,0.0001,0.0048,0.0001,200,0.3590
0.0045,0.0000,0.0000,0.0000,0.0043,0.0000,200,0.3595
0.0111,0.0000,0.0000,0.0000,0.0110,0.0001,200,0.3534
0.0043,0.0000,0.0000,0.0000,0.0041,0.0002,200,0.3610
0.0332,0.0000,0.0000,0.0000,0.0331,0.0001,200,0.3321
0.0153,0.0000,0.0000,0.0000,0.0152,0.0000,200,0.3504
0.0043,0.0000,0.0000,0.0000,0.0042,0.0000,200,0.3617
0.0186,0.0000,0.0000,0.0004,0.0179,0.0002,200,0.3479
0.0135,0.0000,0.0000,0.0000,0.0134,0.0001,200,0.3533
0.0074,0.0000,0.0000,0.0000,0.0073,0.0000,200,0.3601
0.0126,0.0000,0.0000,0.0000,0.0124,0.0002,200,0.3551
0.0623,0.0000,0.0000,0.0000,0.0622,0.0000,200,0.3058
0.0219,0.0000,0.0000,0.0000,0.0218,0.0000,200,0.3463
0.0138,0.0000,0.0000,0.0000,0.0136,0.0002,200,0.3549
0.0148,0.0000,0.0000,0.0000,0.0147,0.0000,200,0.3541
0.0033,0.0000,0.0000,0.0001,0.0032,0.0000,200,0.3656
0.0042,0.0000,0.0000,0.0000,0.0041,0.0001,200,0.3652
0.0088,0.0000,0.0000,0.0000,0.0086,0.0001,200,0.3609
0.0059,0.0000,0.0000,0.0000,0.0058,0.0000,200,0.3646
0.0028,0.0000,0.0000,0.0000,0.0027,0.0000,200,0.3677
0.0137,0.0000,0.0000,0.0000,0.0136,0.0000,200,0.3569
0.0182,0.0000,0.0000,0.0000,0.0181,0.0000,200,0.3527
0.0304,0.0000,0.0000,0.0000,0.0303,0.0000,200,0.3408
0.0777,0.0000,0.0000,0.0000,0.0775,0.0000,200,0.2938
0.0141,0.0000,0.0000,0.0000,0.0140,0.0001,200,0.3577
0.0035,0.0000,0.0000,0.0002,0.0033,0.0000,200,0.3687
0.0295,0.0000,0.0000,0.0000,0.0295,0.0000,200,0.3430
0.0011,0.0000,0.0000,0.0001,0.0010,0.0000,200,0.3718
0.0052,0.0000,0.0000,0.0000,0.0051,0.0001,200,0.3681
0.0112,0.0000,0.0000,0.0000,0.0111,0.0000,200,0.3622
0.0054,0.0000,0.0000,0.0000,0.0053,0.0000,200,0.3689
0.0181,0.0000,0.0000,0.0000,0.0179,0.0003,200,0.3564
0.0030,0.0000,0.0000,0.0000,0.0030,0.0000,200,0.3715
0.0117,0.0000,0.0000,0.0001,0.0115,0.0001,200,0.3633
0.0308,0.0000,0.0000,0.0000,0.0307,0.0001,200,0.3446
0.0118,0.0000,0.0000,0.0000,0.0118,0.0000,200,0.3640
0.0025,0.0000,0.0000,0.0000,0.0023,0.0002,200,0.3734
0.0031,0.0000,0.0000,0.0002,0.0028,0.0001,200,0.3733
0.0618,0.0000,0.0000,0.0000,0.0617,0.0001,200,0.3149
0.0095,0.0000,0.0000,0.0000,0.0094,0.0000,200,0.3675
0.0226,0.0000,0.0000,0.0000,0.0224,0.0000,200,0.3545
0.0380,0.0000,0.0000,0.0000,0.0380,0.0000,200,0.3390
0.0192,0.0000,0.0000,0.0000,0.0190,0.0000,200,0.3583
0.0214,0.0000,0.0000,0.0000,0.0212,0.0001,200,0.3569
0.0253,0.0000,0.0000,0.0000,0.0252,0.0000,200,0.3531
0.0119,0.0000,0.0000,0.0000,0.0116,0.0003,200,0.3665
0.0016,0.0000,0.0000,0.0000,0.0015,0.0000,200,0.3770
0.0040,0.0000,0.0000,0.0000,0.0037,0.0002,200,0.3754
0.0166,0.0000,0.0000,0.0000,0.0164,0.0001,200,0.3631
0.0117,0.0000,0.0000,0.0000,0.0116,0.0001,200,0.3688
0.0043,0.0000,0.0000,0.0000,0.0043,0.0000,200,0.3763
0.0110,0.0000,0.0000,0.0002,0.0108,0.0000,200,0.3697
0.0247,0.0000,0.0000,0.0000,0.0243,0.0003,200,0.3562
0.0238,0.0000,0.0000,0.0000,0.0238,0.0000,200,0.3577
0.0023,0.0000,0.0000,0.0000,0.0023,0.0000,200,0.3794
0.0135,0.0000,0.0000,0.0000,0.0131,0.0004,200,0.3682
0.0051,0.0000,0.0000,0.0000,0.0051,0.0000,200,0.3766
0.0077,0.0000,0.0000,0.0000,0.0076,0.0001,200,0.3745
0.0651,0.0000,0.0000,0.0000,0.0650,0.0000,200,0.3174
0.0082,0.0000,0.0000,0.0000,0.0081,0.0001,200,0.3745
0.0122,0.0000,0.0000,0.0000,0.0122,0.0000,200,0.3712
0.0135,0.0000,0.0000,0.0000,0.0133,0.0001,200,0.3704
0.0591,0.0000,0.0000,0.0000,0.0589,0.0000,200,0.3249
0.0057,0.0000,0.0000,0.0000,0.0056,0.0000,200,0.3784
0.0137,0.0000,0.0000,0.0000,0.0136,0.0001,200,0.3709
0.0040,0.0000,0.0000,0.0000,0.0038,0.0001,200,0.3807
0.0339,0.0000,0.0000,0.0000,0.0338,0.0001,200,0.3514
0.0084,0.0000,0.0000,0.0000,0.0078,0.0000,200,0.3771
0.0132,0.0000,0.0000,0.0000,0.0131,0.0001,200,0.3730
0.0057,0.0000,0.0000,0.0000,0.0057,0.0000,200,0.3807
0.0096,0.0000,0.0000,0.0000,0.0095,0.0000,200,0.3769
0.0215,0.0000,0.0000,0.0000,0.0214,0.0000,200,0.3652
0.0458,0.0000,0.0000,0.0000,0.0457,0.0001,200,0.3413
0.0263,0.0000,0.0000,0.0000,0.0262,0.0000,200,0.3610
0.0015,0.0000,0.0000,0.0000,0.0014,0.0000,200,0.3863
0.0079,0.0000,0.0000,0.0000,0.0078,0.0001,200,0.3806
0.0070,0.0000,0.0000,0.0000,0.0069,0.0001,200,0.3816
0.0474,0.0000,0.0000,0.0000,0.0473,0.0001,200,0.3418
0.0056,0.0000,0.0000,0.0000,0.0055,0.0000,200,0.3840
0.0033,0.0000,0.0000,0.0000,0.0032,0.0000,200,0.3867
0.0146,0.0000,0.0000,0.0000,0.0146,0.0000,200,0.3758
0.0035,0.0000,0.0000,0.0001,0.0034,0.0000,200,0.3871
0.0046,0.0000,0.0000,0.0000,0.0045,0.0001,200,0.3864
0.0063,0.0000,0.0000,0.0000,0.0061,0.0001,200,0.3853
0.0195,0.0000,0.0000,0.0000,0.0194,0.0000,200,0.3723
0.0549,0.0000,0.0000,0.0001,0.0547,0.0000,200,0.3370
0.0103,0.0000,0.0000,0.0000,0.0103,0.0000,200,0.3817
0.0197,0.0000,0.0000,0.0000,0.0196,0.0000,200,0.3726
0.0127,0.0000,0.0000,0.0000,0.0126,0.0000,200,0.3798
0.0152,0.0000,0.0000,0.0000,0.0151,0.0000,200,0.3775
0.0261,0.0000,0.0000,0.0000,0.0258,0.0002,200,0.3669
0.0272,0.0000,0.0000,0.0000,0.0271,0.0000,200,0.3659
0.0193,0.0000,0.0000,0.0000,0.0190,0.0000,200,0.3743
0.0239,0.0000,0.0000,0.0000,0.0235,0.0000,200,0.3705
0.0128,0.0000,0.0000,0.0000,0.0127,0.0000,200,0.3817
0.0186,0.0000,0.0000,0.0000,0.0186,0.0000,200,0.3759
0.0026,0.0000,0.0000,0.0000,0.0026,0.0000,200,0.3920
0.0442,0.0000,0.0000,0.0000,0.0440,0.0002,200,0.3507
0.0070,0.0000,0.0000,0.0000,0.0067,0.0000,200,0.3884
0.0334,0.0000,0.0000,0.0000,0.0330,0.0004,200,0.3625
0.0108,0.0000,0.0000,0.0000,0.0107,0.0000,200,0.3855
0.0180,0.0000,0.0000,0.0000,0.0179,0.0001,200,0.3783
0.0142,0.0000,0.0000,0.0000,0.0141,0.0000,200,0.3825
0.0123,0.0000,0.0000,0.0000,0.0122,0.0001,200,0.3846
0.0048,0.0000,0.0000,0.0000,0.0047,0.0001,200,0.3927
0.0028,0.0000,0.0000,0.0000,0.0027,0.0001,200,0.3947
0.0016,0.0000,0.0000,0.0000,0.0013,0.0002,200,0.3963
0.0034,0.0000,0.0000,0.0000,0.0033,0.0000,200,0.3945
0.0048,0.0000,0.0000,0.0000,0.0047,0.0000,200,0.3935
0.0369,0.0000,0.0000,0.0000,0.0368,0.0001,200,0.3620
0.0285,0.0000,0.0000,0.0000,0.0284,0.0000,200,0.3705
0.0404,0.0000,0.0000,0.0000,0.0402,0.0001,200,0.3590
0.0014,0.0000,0.0000,0.0000,0.0013,0.0001,200,0.3984
0.0220,0.0000,0.0000,0.0000,0.0212,0.0001,200,0.3784
0.0047,0.0000,0.0000,0.0000,0.0047,0.0000,200,0.3959
0.0185,0.0000,0.0000,0.0000,0.0184,0.0000,200,0.3822
0.0035,0.0000,0.0000,0.0001,0.0033,0.0000,200,0.3975
0.0145,0.0000,0.0000,0.0001,0.0143,0.0000,200,0.3866
0.0072,0.0000,0.0000,0.0000,0.0072,0.0000,200,0.3945
0.0051,0.0000,0.0000,0.0000,0.0048,0.0003,200,0.3967
0.0061,0.0000,0.0000,0.0000,0.0061,0.0000,200,0.3963
0.0023,0.0000,0.0000,0.0001,0.0021,0.0000,200,0.4006
0.0020,0.0000,0.0000,0.0000,0.0019,0.0000,200,0.4011
0.0150,0.0000,0.0000,0.0000,0.0149,0.0001,200,0.3886
0.0190,0.0000,0.0000,0.0000,0.0190,0.0000,200,0.3847
0.0053,0.0000,0.0000,0.0000,0.0052,0.0001,200,0.3990
0.0216,0.0000,0.0000,0.0000,0.0206,0.0010,200,0.3840
0.0146,0.0000,0.0000,0.0000,0.0145,0.0001,200,0.3910
0.0165,0.0000,0.0000,0.0000,0.0164,0.0001,200,0.3892
0.0271,0.0000,0.0000,0.0000,0.0269,0.0000,200,0.3787
0.0136,0.0000,0.0000,0.0000,0.0135,0.0000,200,0.3923
0.0146,0.0000,0.0000,0.0000,0.0146,0.0000,200,0.3916
0.0138,0.0000,0.0000,0.0000,0.0137,0.0000,200,0.3930
0.0072,0.0000,0.0000,0.0002,0.0069,0.0000,200,0.3997
0.0075,0.0000,0.0000,0.0003,0.0072,0.0000,200,0.3994
0.0045,0.0000,0.0000,0.0000,0.0043,0.0001,200,0.4031
0.0019,0.0000,0.0000,0.0001,0.0017,0.0000,200,0.4062
0.0052,0.0000,0.0000,0.0002,0.0047,0.0003,200,0.4029
0.0181,0.0000,0.0000,0.0000,0.0179,0.0001,200,0.3906
0.0171,0.0000,0.0000,0.0000,0.0171,0.0000,200,0.3917
0.0110,0.0000,0.0000,0.0000,0.0109,0.0000,200,0.3979
0.0015,0.0000,0.0000,0.0000,0.0014,0.0000,200,0.4081
0.0060,0.0000,0.0000,0.0000,0.0058,0.0000,200,0.4036
0.0151,0.0000,0.0000,0.0000,0.0150,0.0001,200,0.3950
0.0160,0.0000,0.0000,0.0000,0.0160,0.0000,200,0.3945
0.0018,0.0000,0.0000,0.0000,0.0017,0.0000,200,0.4089
0.0359,0.0000,0.0000,0.0001,0.0357,0.0000,200,0.3750
0.0057,0.0000,0.0000,0.0000,0.0057,0.0000,200,0.4057
0.0307,0.0000,0.0000,0.0001,0.0305,0.0000,200,0.3808
0.0286,0.0000,0.0000,0.0000,0.0285,0.0000,200,0.3835
0.0251,0.0000,0.0000,0.0000,0.0250,0.0001,200,0.3873
0.0064,0.0000,0.0000,0.0000,0.0060,0.0004,200,0.4068
0.0306,0.0000,0.0000,0.0000,0.0305,0.0000,200,0.3827
0.0524,0.0000,0.0000,0.0000,0.0523,0.0001,200,0.3609
0.0211,0.0000,0.0000,0.0000,0.0210,0.0000,200,0.3925
0.0023,0.0000,0.0000,0.0000,0.0020,0.0000,200,0.4121
0.0088,0.0000,0.0000,0.0000,0.0087,0.0001,200,0.4057
0.0201,0.0000,0.0000,0.0000,0.0196,0.0000,200,0.3954
0.0264,0.0000,0.0000,0.0000,0.0263,0.0000,200,0.3905
0.0530,0.0000,0.0000,0.0000,0.0528,0.0001,200,0.3640
0.0156,0.0000,0.0000,0.0000,0.0156,0.0000,200,0.4018
0.0118,0.0000,0.0000,0.0000,0.0116,0.0001,200,0.4058
0.0048,0.0000,0.0000,0.0000,0.0047,0.0000,200,0.4132
0.0204,0.0000,0.0000,0.0000,0.0203,0.0000,200,0.3979
0.0017,0.0000,0.0000,0.0000,0.0016,0.0000,200,0.4174
0.0102,0.0000,0.0000,0.0000,0.0100,0.0000,200,0.4089
0.0090,0.0000,0.0000,0.0001,0.0088,0.0001,200,0.4101
0.0303,0.0000,0.0000,0.0000,0.0302,0.0000,200,0.3896
0.0505,0.0000,0.0000,0.0000,0.0504,0.0000,200,0.3694
0.0268,0.0000,0.0000,0.0000,0.0268,0.0000,200,0.3931
0.0025,0.0000,0.0000,0.0000,0.0021,0.0003,200,0.4181
0.0100,0.0000,0.0000,0.0000,0.0099,0.0000,200,0.4109
0.0771,0.0000,0.0000,0.0002,0.0768,0.0000,200,0.3439
0.0143,0.0000,0.0000,0.0000,0.0138,0.0004,200,0.4076
0.0378,0.0000,0.0000,0.0000,0.0377,0.0001,200,0.3841
0.0213,0.0000,0.0000,0.0000,0.0212,0.0000,200,0.4010
0.0028,0.0000,0.0000,0.0000,0.0027,0.0000,200,0.4199
0.0118,0.0000,0.0000,0.0000,0.0117,0.0001,200,0.4115
0.0167,0.0000,0.0000,0.0000,0.0166,0.0001,200,0.4069
0.0058,0.0000,0.0000,0.0000,0.0058,0.0000,200,0.4183
0.0055,0.0000,0.0000,0.0000,0.0052,0.0002,200,0.4191
0.0143,0.0000,0.0000,0.0000,0.0140,0.0002,200,0.4106
0.0276,0.0000,0.0000,0.0001,0.0273,0.0000,200,0.3975
0.1183,0.0000,0.0000,0.0000,0.1182,0.0000,200,0.3075
0.0358,0.0000,0.0000,0.0000,0.0357,0.0000,200,0.3900
0.0167,0.0000,0.0000,0.0000,0.0166,0.0000,200,0.4096
0.0247,0.0000,0.0000,0.0000,0.0247,0.0000,200,0.4025
0.0275,0.0000,0.0000,0.0000,0.0270,0.0005,200,0.4004
0.0278,0.0000,0.0000,0.0000,0.0277,0.0000,200,0.4007
0.0077,0.0000,0.0000,0.0000,0.0075,0.0000,200,0.4209
0.0178,0.0000,0.0000,0.0000,0.0177,0.0000,200,0.4114
0.0094,0.0000,0.0000,0.0000,0.0093,0.0000,200,0.4199
0.0019,0.0000,0.0000,0.0000,0.0018,0.0000,200,0.4279
0.0238,0.0000,0.0000,0.0000,0.0237,0.0000,200,0.4069
0.0031,0.0000,0.0000,0.0000,0.0022,0.0000,200,0.4286
0.0193,0.0000,0.0000,0.0000,0.0192,0.0000,200,0.4133
0.0072,0.0000,0.0000,0.0000,0.0071,0.0000,200,0.4258
0.0129,0.0000,0.0000,0.0000,0.0128,0.0001,200,0.4206
0.0367,0.0000,0.0000,0.0000,0.0367,0.0000,200,0.3970
0.0120,0.0000,0.0000,0.0000,0.0119,0.0000,200,0.4219
0.0220,0.0000,0.0000,0.0000,0.0219,0.0000,200,0.4124
0.0048,0.0000,0.0000,0.0000,0.0046,0.0001,200,0.4298
0.0058,0.0000,0.0000,0.0000,0.0057,0.0000,200,0.4292
0.0369,0.0000,0.0000,0.0001,0.0368,0.0001,200,0.3989
0.0234,0.0000,0.0000,0.0000,0.0226,0.0005,200,0.4136
0.0329,0.0000,0.0000,0.0000,0.0328,0.0000,200,0.4042
0.0021,0.0000,0.0000,0.0000,0.0021,0.0000,200,0.4350
0.0121,0.0000,0.0000,0.0000,0.0121,0.0000,200,0.4250
0.0156,0.0000,0.0000,0.0000,0.0155,0.0000,200,0.4219
0.0502,0.0000,0.0000,0.0000,0.0498,0.0003,200,0.3878
0.0216,0.0000,0.0000,0.0000,0.0216,0.0000,200,0.4168
0.0355,0.0000,0.0000,0.0001,0.0353,0.0001,200,0.4037
0.0027,0.0000,0.0000,0.0000,0.0026,0.0000,200,0.4369
0.0206,0.0000,0.0000,0.0000,0.0204,0.0001,200,0.4199
0.0142,0.0000,0.0000,0.0000,0.0141,0.0000,200,0.4263
0.0034,0.0000,0.0000,0.0000,0.0029,0.0004,200,0.4371
0.0165,0.0000,0.0000,0.0000,0.0162,0.0003,200,0.4241
0.0073,0.0000,0.0000,0.0001,0.0069,0.0003,200,0.4334
0.0071,0.0000,0.0000,0.0000,0.0070,0.0001,200,0.4339
0.0397,0.0000,0.0000,0.0000,0.0396,0.0000,200,0.4018
0.0014,0.0000,0.0000,0.0000,0.0013,0.0000,200,0.4405
0.0231,0.0000,0.0000,0.0000,0.0229,0.0001,200,0.4191
0.0057,0.0000,0.0000,0.0000,0.0056,0.0000,200,0.4371
0.0025,0.0000,0.0000,0.0000,0.0025,0.0000,200,0.4404
0.0117,0.0000,0.0000,0.0000,0.0116,0.0001,200,0.4317
0.0146,0.0000,0.0000,0.0000,0.0146,0.0000,200,0.4293
0.0296,0.0000,0.0000,0.0000,0.0296,0.0000,200,0.4144
0.0171,0.0000,0.0000,0.0000,0.0170,0.0000,200,0.4272
0.0054,0.0000,0.0000,0.0000,0.0053,0.0000,200,0.4392
0.0398,0.0000,0.0000,0.0000,0.0396,0.0001,200,0.4057
0.0229,0.0000,0.0000,0.0000,0.0229,0.0000,200,0.4227
0.0150,0.0000,0.0000,0.0000,0.0150,0.0000,200,0.4307
0.0047,0.0000,0.0000,0.0000,0.0045,0.0001,200,0.4415
0.0025,0.0000,0.0000,0.0000,0.0024,0.0000,200,0.4443
0.0088,0.0000,0.0000,0.0000,0.0087,0.0000,200,0.4380
0.0319,0.0000,0.0000,0.0000,0.0317,0.0002,200,0.4155
0.0305,0.0000,0.0000,0.0000,0.0305,0.0000,200,0.4191
0.0578,0.0000,0.0000,0.0000,0.0577,0.0000,200,0.3918
0.0274,0.0000,0.0000,0.0000,0.0273,0.0000,200,0.4223
0.0153,0.0000,0.0000,0.0000,0.0153,0.0000,200,0.4344
0.0040,0.0000,0.0000,0.0000,0.0040,0.0000,200,0.4457
0.0101,0.0000,0.0000,0.0000,0.0101,0.0000,200,0.4397
0.0059,0.0000,0.0000,0.0002,0.0056,0.0000,200,0.4439
0.0249,0.0000,0.0000,0.0000,0.0248,0.0000,200,0.4250
0.0269,0.0000,0.0000,0.0000,0.0267,0.0001,200,0.4233
0.0684,0.0000,0.0000,0.0000,0.0678,0.0001,200,0.3818
0.0224,0.0000,0.0000,0.0000,0.0222,0.0000,200,0.4285
0.0014,0.0000,0.0000,0.0000,0.0012,0.0001,200,0.4498
0.0109,0.0000,0.0000,0.0000,0.0108,0.0000,200,0.4407
0.0051,0.0000,0.0000,0.0000,0.0051,0.0000,200,0.4468
0.0149,0.0000,0.0000,0.0000,0.0148,0.0001,200,0.4375
0.0143,0.0000,0.0000,0.0000,0.0142,0.0000,200,0.4385
0.0107,0.0000,0.0000,0.0000,0.0106,0.0000,200,0.4422
0.0278,0.0000,0.0000,0.0000,0.0277,0.0000,200,0.4258
0.0395,0.0000,0.0000,0.0002,0.0385,0.0000,200,0.4146
0.0087,0.0000,0.0000,0.0000,0.0086,0.0000,200,0.4457
0.0188,0.0000,0.0000,0.0000,0.0184,0.0003,200,0.4358
0.0078,0.0000,0.0000,0.0000,0.0078,0.0000,200,0.4468
0.0142,0.0000,0.0000,0.0001,0.0140,0.0000,200,0.4410
0.0019,0.0000,0.0000,0.0000,0.0018,0.0001,200,0.4536
0.0129,0.0000,0.0000,0.0002,0.0125,0.0001,200,0.4428
0.0316,0.0000,0.0000,0.0000,0.0313,0.0001,200,0.4246
0.0239,0.0000,0.0000,0.0000,0.0238,0.0000,200,0.4326
0.0067,0.0000,0.0000,0.0000,0.0066,0.0001,200,0.4502
0.0077,0.0000,0.0000,0.0000,0.0077,0.0000,200,0.4496
0.0483,0.0000,0.0000,0.0000,0.0482,0.0000,200,0.4096
0.0372,0.0000,0.0000,0.0000,0.0370,0.0002,200,0.4210
0.0086,0.0000,0.0000,0.0001,0.0084,0.0000,200,0.4502
0.0134,0.0000,0.0000,0.0000,0.0133,0.0000,200,0.4455
0.0065,0.0000,0.0000,0.0000,0.0064,0.0000,200,0.4528
0.0469,0.0000,0.0000,0.0000,0.0464,0.0005,200,0.4133
0.0083,0.0000,0.0000,0.0000,0.0083,0.0000,200,0.4519
0.0165,0.0000,0.0000,0.0000,0.0163,0.0002,200,0.4441
0.0131,0.0000,0.0000,0.0000,0.0130,0.0000,200,0.4474
0.0078,0.0000,0.0000,0.0000,0.0076,0.0002,200,0.4528
0.0372,0.0000,0.0000,0.0000,0.0371,0.0000,200,0.4236
0.0098,0.0000,0.0000,0.0000,0.0097,0.0000,200,0.4514
0.0062,0.0000,0.0000,0.0000,0.0060,0.0001,200,0.4557
0.0036,0.0000,0.0000,0.0000,0.0036,0.0000,200,0.4583
0.0127,0.0000,0.0000,0.0000,0.0126,0.0000,200,0.4496
0.0014,0.0000,0.0000,0.0000,0.0013,0.0000,200,0.4613
0.0124,0.0000,0.0000,0.0000,0.0123,0.0000,200,0.4508
0.0032,0.0000,0.0000,0.0000,0.0030,0.0001,200,0.4606
0.0584,0.0000,0.0000,0.0000,0.0583,0.0000,200,0.4056
0.0119,0.0000,0.0000,0.0000,0.0117,0.0001,200,0.4524
0.0056,0.0000,0.0000,0.0000,0.0055,0.0000,200,0.4592
0.0315,0.0000,0.0000,0.0000,0.0314,0.0001,200,0.4337
0.0038,0.0000,0.0000,0.0000,0.0037,0.0000,200,0.4619
0.0094,0.0000,0.0000,0.0000,0.0090,0.0003,200,0.4569
0.0015,0.0000,0.0000,0.0000,0.0014,0.0001,200,0.4648
0.0029,0.0000,0.0000,0.0001,0.0028,0.0001,200,0.4640
0.0157,0.0000,0.0000,0.0003,0.0152,0.0001,200,0.4515
0.0022,0.0000,0.0000,0.0000,0.0021,0.0000,200,0.4653
0.0309,0.0000,0.0000,0.0000,0.0308,0.0001,200,0.4371
0.0186,0.0000,0.0000,0.0000,0.0186,0.0000,200,0.4499
0.0023,0.0000,0.0000,0.0000,0.0022,0.0000,200,0.4663
0.0057,0.0000,0.0000,0.0000,0.0053,0.0003,200,0.4637
0.0366,0.0000,0.0000,0.0000,0.0364,0.0002,200,0.4330
0.0624,0.0000,0.0000,0.0000,0.0621,0.0002,200,0.4081
0.0098,0.0000,0.0000,0.0000,0.0097,0.0001,200,0.4607
0.0266,0.0000,0.0000,0.0001,0.0264,0.0001,200,0.4446
0.0251,0.0000,0.0000,0.0000,0.0250,0.0000,200,0.4462
0.0075,0.0000,0.0000,0.0001,0.0073,0.0000,200,0.4642
0.0091,0.0000,0.0000,0.0000,0.0090,0.0000,200,0.4627
0.0016,0.0000,0.0000,0.0000,0.0010,0.0005,200,0.4712
0.0322,0.0000,0.0000,0.0000,0.0321,0.0000,200,0.4406
0.0194,0.0000,0.0000,0.0000,0.0193,0.0000,200,0.4541
0.0113,0.0000,0.0000,0.0000,0.0112,0.0000,200,0.4623
0.0238,0.0000,0.0000,0.0000,0.0238,0.0000,200,0.4499
0.0062,0.0000,0.0000,0.0000,0.0061,0.0000,200,0.4680
0.0169,0.0000,0.0000,0.0000,0.0168,0.0000,200,0.4573
0.0007,0.0000,0.0000,0.0000,0.0007,0.0000,200,0.4736
0.0187,0.0000,0.0000,0.0000,0.0186,0.0000,200,0.4561
0.0203,0.0000,0.0000,0.0001,0.0201,0.0001,200,0.4547
0.0152,0.0000,0.0000,0.0000,0.0151,0.0001,200,0.4603
0.1543,0.0000,0.0000,0.0000,0.1542,0.0000,200,0.3217
0.0087,0.0000,0.0000,0.0000,0.0084,0.0003,200,0.4672
0.0091,0.0000,0.0000,0.0000,0.0089,0.0002,200,0.4674
0.0663,0.0000,0.0000,0.0000,0.0662,0.0000,200,0.4105
0.0222,0.0000,0.0000,0.0000,0.0220,0.0001,200,0.4551
0.0599,0.0000,0.0000,0.0000,0.0598,0.0000,200,0.4176
0.0213,0.0000,0.0000,0.0000,0.0212,0.0000,200,0.4565
0.0056,0.0000,0.0000,0.0000,0.0056,0.0000,200,0.4728
0.0289,0.0000,0.0000,0.0000,0.0284,0.0000,200,0.4497
0.0094,0.0000,0.0000,0.0000,0.0093,0.0001,200,0.4695
0.0066,0.0000,0.0000,0.0000,0.0062,0.0004,200,0.4728
0.0297,0.0000,0.0000,0.0000,0.0296,0.0001,200,0.4497
0.0093,0.0000,0.0000,0.0000,0.0091,0.0000,200,0.4705
0.0042,0.0000,0.0000,0.0000,0.0041,0.0001,200,0.4760
0.0173,0.0000,0.0000,0.0000,0.0171,0.0002,200,0.4633
0.0021,0.0000,0.0000,0.0001,0.0016,0.0001,200,0.4789
0.0318,0.0000,0.0000,0.0000,0.0316,0.0002,200,0.4498
0.0130,0.0000,0.0000,0.0000,0.0129,0.0000,200,0.4686
0.0270,0.0000,0.0000,0.0000,0.0270,0.0000,200,0.4546
0.0051,0.0000,0.0000,0.0000,0.0050,0.0001,200,0.4768
0.0108,0.0000,0.0000,0.0000,0.0106,0.0000,200,0.4713
0.0237,0.0000,0.0000,0.0000,0.0236,0.0000,200,0.4587
0.0742,0.0000,0.0000,0.0001,0.0740,0.0001,200,0.4087
0.0024,0.0000,0.0000,0.0000,0.0023,0.0001,200,0.4810
0.0052,0.0000,0.0000,0.0000,0.0051,0.0000,200,0.4784
0.0061,0.0000,0.0000,0.0000,0.0061,0.0000,200,0.4775
0.0145,0.0000,0.0000,0.0000,0.0140,0.0001,200,0.4697
0.0093,0.0000,0.0000,0.0000,0.0093,0.0000,200,0.4749
0.0249,0.0000,0.0000,0.0000,0.0248,0.0000,200,0.4603
0.0298,0.0000,0.0000,0.0000,0.0297,0.0000,200,0.4554
0.0316,0.0000,0.0000,0.0000,0.0312,0.0003,200,0.4543
0.0112,0.0000,0.0000,0.0000,0.0111,0.0000,200,0.4748
0.0195,0.0000,0.0000,0.0005,0.0189,0.0001,200,0.4669
0.0034,0.0000,0.0000,0.0001,0.0033,0.0000,200,0.4834
0.0065,0.0000,0.0000,0.0000,0.0065,0.0000,200,0.4806
0.0031,0.0000,0.0000,0.0000,0.0029,0.0000,200,0.4843
0.0195,0.0000,0.0000,0.0000,0.0193,0.0001,200,0.4686
0.0012,0.0000,0.0000,0.0000,0.0010,0.0001,200,0.4871
0.0154,0.0000,0.0000,0.0000,0.0153,0.0001,200,0.4735
0.0272,0.0000,0.0000,0.0000,0.0270,0.0001,200,0.4618
0.0069,0.0000,0.0000,0.0000,0.0068,0.0001,200,0.4828
0.0161,0.0000,0.0000,0.0000,0.0159,0.0001,200,0.4742
0.0126,0.0000,0.0000,0.0000,0.0125,0.0000,200,0.4778
0.0306,0.0000,0.0000,0.0002,0.0304,0.0000,200,0.4606
0.0096,0.0000,0.0000,0.0000,0.0095,0.0001,200,0.4816
0.0041,0.0000,0.0000,0.0000,0.0040,0.0000,200,0.4874
0.0063,0.0000,0.0000,0.0000,0.0062,0.0001,200,0.4859
0.0269,0.0000,0.0000,0.0000,0.0269,0.0000,200,0.4657
0.0129,0.0000,0.0000,0.0000,0.0128,0.0000,200,0.4802
0.0271,0.0000,0.0000,0.0000,0.0270,0.0000,200,0.4663
0.0073,0.0000,0.0000,0.0000,0.0070,0.0002,200,0.4869
0.0068,0.0000,0.0000,0.0000,0.0064,0.0003,200,0.4880
0.0107,0.0000,0.0000,0.0000,0.0105,0.0000,200,0.4841
0.0154,0.0000,0.0000,0.0000,0.0154,0.0001,200,0.4799
0.0106,0.0000,0.0000,0.0000,0.0104,0.0000,200,0.4852
0.0353,0.0000,0.0000,0.0002,0.0350,0.0000,200,0.4608
0.0534,0.0000,0.0000,0.0000,0.0534,0.0000,200,0.4429
0.0056,0.0000,0.0000,0.0000,0.0056,0.0000,200,0.4912
0.0379,0.0000,0.0000,0.0000,0.0378,0.0000,200,0.4589
0.0013,0.0000,0.0000,0.0000,0.0011,0.0002,200,0.4964
0.0275,0.0000,0.0000,0.0000,0.0274,0.0001,200,0.4705
0.0125,0.0000,0.0000,0.0000,0.0125,0.0000,200,0.4859
0.0084,0.0000,0.0000,0.0001,0.0080,0.0001,200,0.4904
0.0059,0.0000,0.0000,0.0000,0.0058,0.0000,200,0.4930
0.0018,0.0000,0.0000,0.0000,0.0017,0.0000,200,0.4977
0.0281,0.0000,0.0000,0.0000,0.0280,0.0000,200,0.4717
0.0017,0.0000,0.0000,0.0000,0.0016,0.0000,200,0.4985
0.0015,0.0000,0.0000,0.0000,0.0015,0.0000,200,0.4994
0.0050,0.0000,0.0000,0.0000,0.0049,0.0000,200,0.4961
0.0178,0.0000,0.0000,0.0003,0.0174,0.0000,200,0.4836
0.0125,0.0000,0.0000,0.0000,0.0124,0.0001,200,0.4891
0.0201,0.0000,0.0000,0.0000,0.0200,0.0000,200,0.4821
0.0210,0.0000,0.0000,0.0002,0.0207,0.0000,200,0.4816
0.0057,0.0000,0.0000,0.0000,0.0057,0.0000,200,0.4968
0.0011,0.0000,0.0000,0.0000,0.0010,0.0000,200,0.5016
0.0144,0.0000,0.0000,0.0000,0.0142,0.0001,200,0.4889
0.0136,0.0000,0.0000,0.0000,0.0134,0.0001,200,0.4903
0.0160,0.0000,0.0000,0.0000,0.0160,0.0000,200,0.4883
0.0041,0.0000,0.0000,0.0000,0.0039,0.0001,200,0.5010
0.0279,0.0000,0.0000,0.0002,0.0277,0.0000,200,0.4773
0.0102,0.0000,0.0000,0.0000,0.0099,0.0003,200,0.4953
0.0029,0.0000,0.0000,0.0000,0.0028,0.0001,200,0.5026
0.0712,0.0000,0.0000,0.0000,0.0711,0.0000,200,0.4346
0.0143,0.0000,0.0000,0.0001,0.0141,0.0001,200,0.4922
0.0016,0.0000,0.0000,0.0000,0.0015,0.0000,200,0.5051
0.0115,0.0000,0.0000,0.0000,0.0114,0.0001,200,0.4958
0.0110,0.0000,0.0000,0.0000,0.0109,0.0000,200,0.4968
0.0151,0.0000,0.0000,0.0000,0.0149,0.0001,200,0.4934
0.0106,0.0000,0.0000,0.0000,0.0104,0.0000,200,0.4980
0.0159,0.0000,0.0000,0.0000,0.0158,0.0000,200,0.4926
0.0079,0.0000,0.0000,0.0001,0.0076,0.0000,200,0.5013
0.0924,0.0000,0.0000,0.0000,0.0924,0.0001,200,0.4170
0.0075,0.0000,0.0000,0.0000,0.0073,0.0002,200,0.5022
0.0068,0.0000,0.0000,0.0000,0.0067,0.0000,200,0.5033
0.0238,0.0000,0.0000,0.0000,0.0236,0.0001,200,0.4864
0.0055,0.0000,0.0000,0.0000,0.0054,0.0000,200,0.5052
0.0124,0.0000,0.0000,0.0000,0.0121,0.0002,200,0.4989
0.0294,0.0000,0.0000,0.0001,0.0293,0.0000,200,0.4819
0.0053,0.0000,0.0000,0.0000,0.0051,0.0001,200,0.5065
0.0016,0.0000,0.0000,0.0000,0.0015,0.0001,200,0.5107
0.0088,0.0000,0.0000,0.0000,0.0087,0.0000,200,0.5039
0.0017,0.0000,0.0000,0.0000,0.0016,0.0000,200,0.5114
0.0054,0.0000,0.0000,0.0000,0.0052,0.0001,200,0.5079
0.0314,0.0000,0.0000,0.0000,0.0313,0.0000,200,0.4824
0.0070,0.0000,0.0000,0.0000,0.0068,0.0001,200,0.5072
0.0194,0.0000,0.0000,0.0000,0.0194,0.0000,200,0.4948
0.0139,0.0000,0.0000,0.0000,0.0138,0.0000,200,0.5010
0.0060,0.0000,0.0000,0.0000,0.0059,0.0000,200,0.5092
0.0723,0.0000,0.0000,0.0000,0.0722,0.0001,200,0.4434
0.0326,0.0000,0.0000,0.0001,0.0323,0.0002,200,0.4836
0.0048,0.0000,0.0000,0.0000,0.0046,0.0002,200,0.5118
0.0172,0.0000,0.0000,0.0000,0.0172,0.0000,200,0.4998
0.0068,0.0000,0.0000,0.0000,0.0068,0.0000,200,0.5102
0.0093,0.0000,0.0000,0.0000,0.0092,0.0000,200,0.5085
0.0240,0.0000,0.0000,0.0000,0.0239,0.0001,200,0.4941
0.0130,0.0000,0.0000,0.0000,0.0129,0.0000,200,0.5055
0.0427,0.0000,0.0000,0.0000,0.0426,0.0000,200,0.4760
0.0105,0.0000,0.0000,0.0000,0.0104,0.0000,200,0.5086
0.0013,0.0000,0.0000,0.0000,0.0012,0.0000,200,0.5182
0.0056,0.0000,0.0000,0.0001,0.0053,0.0001,200,0.5142
0.0787,0.0000,0.0000,0.0000,0.0784,0.0002,200,0.4419
0.0022,0.0000,0.0000,0.0000,0.0017,0.0000,200,0.5186
0.0077,0.0000,0.0000,0.0000,0.0077,0.0000,200,0.5133
0.0226,0.0000,0.0000,0.0000,0.0225,0.0001,200,0.4990
0.0023,0.0000,0.0000,0.0000,0.0021,0.0002,200,0.5195
0.0073,0.0000,0.0000,0.0000,0.0072,0.0000,200,0.5153
0.0089,0.0000,0.0000,0.0002,0.0086,0.0000,200,0.5138
0.0280,0.0000,0.0000,0.0000,0.0279,0.0000,200,0.4948
0.0165,0.0000,0.0000,0.0001,0.0164,0.0000,200,0.5067
0.0493,0.0000,0.0000,0.0002,0.0490,0.0001,200,0.4742
0.0836,0.0000,0.0000,0.0000,0.0835,0.0000,200,0.4404
0.0458,0.0000,0.0000,0.0001,0.0456,0.0001,200,0.4786
0.0331,0.0000,0.0000,0.0000,0.0330,0.0000,200,0.4915
0.0153,0.0000,0.0000,0.0000,0.0149,0.0003,200,0.5097
0.0171,0.0000,0.0000,0.0000,0.0171,0.0000,200,0.5085
0.0081,0.0000,0.0000,0.0001,0.0079,0.0000,200,0.5190
0.0093,0.0000,0.0000,0.0000,0.0093,0.0000,200,0.5178
0.0028,0.0000,0.0000,0.0000,0.0027,0.0000,200,0.5244
0.0515,0.0000,0.0000,0.0000,0.0514,0.0001,200,0.4765
0.0169,0.0000,0.0000,0.0000,0.0167,0.0001,200,0.5113
0.0013,0.0000,0.0000,0.0000,0.0012,0.0001,200,0.5272
0.0020,0.0000,0.0000,0.0000,0.0018,0.0001,200,0.5271
0.0383,0.0000,0.0000,0.0000,0.0382,0.0001,200,0.4912
0.0083,0.0000,0.0000,0.0000,0.0082,0.0000,200,0.5218
0.0487,0.0000,0.0000,0.0002,0.0481,0.0003,200,0.4817
0.0452,0.0000,0.0000,0.0000,0.0451,0.0000,200,0.4852
0.0112,0.0000,0.0000,0.0000,0.0110,0.0001,200,0.5199
0.0082,0.0000,0.0000,0.0000,0.0082,0.0000,200,0.5233
0.0106,0.0000,0.0000,0.0000,0.0103,0.0003,200,0.5210
0.0586,0.0000,0.0000,0.0000,0.0585,0.0000,200,0.4736
0.0200,0.0000,0.0000,0.0000,0.0199,0.0000,200,0.5127
0.0016,0.0000,0.0000,0.0002,0.0013,0.0000,200,0.5315
0.0026,0.0000,0.0000,0.0000,0.0021,0.0000,200,0.5310
0.0036,0.0000,0.0000,0.0000,0.0035,0.0000,200,0.5304
0.0181,0.0000,0.0000,0.0000,0.0178,0.0003,200,0.5162
0.0177,0.0000,0.0000,0.0002,0.0173,0.0000,200,0.5166
0.0554,0.0000,0.0000,0.0000,0.0552,0.0002,200,0.4794
0.0606,0.0000,0.0000,0.0000,0.0605,0.0000,200,0.4743
0.0145,0.0000,0.0000,0.0000,0.0144,0.0000,200,0.5208
0.0059,0.0000,0.0000,0.0000,0.0059,0.0000,200,0.5295
0.0465,0.0000,0.0000,0.0000,0.0461,0.0003,200,0.4898
0.0361,0.0000,0.0000,0.0000,0.0360,0.0000,200,0.5002
0.0126,0.0000,0.0000,0.0000,0.0125,0.0000,200,0.5240
0.0027,0.0000,0.0000,0.0000,0.0026,0.0000,200,0.5343
0.0218,0.0000,0.0000,0.0000,0.0216,0.0002,200,0.5157
0.0207,0.0000,0.0000,0.0001,0.0203,0.0000,200,0.5170
0.0800,0.0000,0.0000,0.0000,0.0797,0.0001,200,0.4578
0.0593,0.0000,0.0000,0.0000,0.0589,0.0000,200,0.4794
0.0183,0.0000,0.0000,0.0000,0.0179,0.0003,200,0.5206
0.0045,0.0000,0.0000,0.0000,0.0044,0.0000,200,0.5348
0.0043,0.0000,0.0000,0.0000,0.0042,0.0001,200,0.5354
0.0056,0.0000,0.0000,0.0000,0.0055,0.0001,200,0.5343
0.0379,0.0000,0.0000,0.0000,0.0377,0.0001,200,0.5026
0.0689,0.0000,0.0000,0.0000,0.0688,0.0000,200,0.4718
0.0311,0.0000,0.0000,0.0000,0.0310,0.0001,200,0.5101
0.0083,0.0000,0.0000,0.0001,0.0079,0.0000,200,0.5331
0.0191,0.0000,0.0000,0.0000,0.0190,0.0000,200,0.5228
0.0046,0.0000,0.0000,0.0000,0.0044,0.0000,200,0.5375
0.0035,0.0000,0.0000,0.0000,0.0034,0.0000,200,0.5393
0.0062,0.0000,0.0000,0.0000,0.0061,0.0000,200,0.5366
0.0031,0.0000,0.0000,0.0000,0.0030,0.0001,200,0.5400
0.0255,0.0000,0.0000,0.0000,0.0254,0.0000,200,0.5185
0.0035,0.0000,0.0000,0.0000,0.0034,0.0001,200,0.5405
0.0126,0.0000,0.0000,0.0000,0.0124,0.0002,200,0.5323
0.0219,0.0000,0.0000,0.0000,0.0218,0.0000,200,0.5235
0.0100,0.0000,0.0000,0.0000,0.0099,0.0000,200,0.5362
0.0237,0.0000,0.0000,0.0000,0.0236,0.0000,200,0.5225
0.0711,0.0000,0.0000,0.0000,0.0710,0.0001,200,0.4755
0.0191,0.0000,0.0000,0.0000,0.0190,0.0000,200,0.5281
0.0078,0.0000,0.0000,0.0002,0.0075,0.0000,200,0.5397
0.0393,0.0000,0.0000,0.0000,0.0392,0.0000,200,0.5094
0.0065,0.0000,0.0000,0.0000,0.0065,0.0000,200,0.5422
0.0238,0.0000,0.0000,0.0000,0.0236,0.0001,200,0.5250
0.0028,0.0000,0.0000,0.0001,0.0024,0.0002,200,0.5466
0.0201,0.0000,0.0000,0.0000,0.0200,0.0000,200,0.5301
0.0122,0.0000,0.0000,0.0000,0.0119,0.0002,200,0.5388
0.0368,0.0000,0.0000,0.0000,0.0367,0.0000,200,0.5142
0.0365,0.0000,0.0000,0.0000,0.0362,0.0002,200,0.5149
0.0057,0.0000,0.0000,0.0000,0.0057,0.0001,200,0.5462
0.0116,0.0000,0.0000,0.0000,0.0115,0.0000,200,0.5407
0.0018,0.0000,0.0000,0.0000,0.0018,0.0000,200,0.5510
0.0097,0.0000,0.0000,0.0007,0.0090,0.0001,200,0.5440
0.0264,0.0000,0.0000,0.0001,0.0262,0.0001,200,0.5280
0.0211,0.0000,0.0000,0.0000,0.0210,0.0000,200,0.5336
0.0088,0.0000,0.0000,0.0000,0.0086,0.0001,200,0.5462
0.0527,0.0000,0.0000,0.0002,0.0525,0.0000,200,0.5026
0.0231,0.0000,0.0000,0.0000,0.0230,0.0001,200,0.5326
0.0053,0.0000,0.0000,0.0000,0.0050,0.0002,200,0.5510
0.0194,0.0000,0.0000,0.0000,0.0194,0.0000,200,0.5370
0.0151,0.0000,0.0000,0.0000,0.0150,0.0000,200,0.5418
0.0218,0.0000,0.0000,0.0001,0.0216,0.0001,200,0.5353
0.0318,0.0000,0.0000,0.0000,0.0316,0.0001,200,0.5257
0.0202,0.0000,0.0000,0.0000,0.0198,0.0000,200,0.5377
0.0035,0.0000,0.0000,0.0001,0.0034,0.0000,200,0.5544
0.0035,0.0000,0.0000,0.0000,0.0034,0.0001,200,0.5547
0.0014,0.0000,0.0000,0.0001,0.0013,0.0000,200,0.5572
0.0028,0.0000,0.0000,0.0000,0.0027,0.0001,200,0.5564
0.0084,0.0000,0.0000,0.0000,0.0083,0.0001,200,0.5513
0.0027,0.0000,0.0000,0.0000,0.0026,0.0000,200,0.5574
0.0243,0.0000,0.0000,0.0000,0.0242,0.0000,200,0.5363
0.0338,0.0000,0.0000,0.0000,0.0336,0.0000,200,0.5271
0.0018,0.0000,0.0000,0.0000,0.0017,0.0000,200,0.5592
0.0121,0.0000,0.0000,0.0000,0.0121,0.0000,200,0.5494
0.0060,0.0000,0.0000,0.0000,0.0058,0.0001,200,0.5557
0.0568,0.0000,0.0000,0.0000,0.0567,0.0000,200,0.5055
0.0124,0.0000,0.0000,0.0000,0.0123,0.0000,200,0.5502
0.0386,0.0000,0.0000,0.0006,0.0379,0.0001,200,0.5247
0.0038,0.0000,0.0000,0.0000,0.0037,0.0000,200,0.5598
0.0514,0.0000,0.0000,0.0000,0.0513,0.0000,200,0.5123
0.0037,0.0000,0.0000,0.0000,0.0037,0.0000,200,0.5601
0.0342,0.0000,0.0000,0.0000,0.0341,0.0000,200,0.5303
0.0019,0.0000,0.0000,0.0001,0.0010,0.0001,200,0.5633
0.0030,0.0000,0.0000,0.0001,0.0029,0.0000,200,0.5623
0.0613,0.0000,0.0000,0.0000,0.0612,0.0000,200,0.5044
0.0105,0.0000,0.0000,0.0000,0.0104,0.0001,200,0.5553
0.0315,0.0000,0.0000,0.0000,0.0314,0.0000,200,0.5348
0.0238,0.0000,0.0000,0.0000,0.0237,0.0001,200,0.5428
0.0239,0.0000,0.0000,0.0000,0.0238,0.0000,200,0.5428
0.0104,0.0000,0.0000,0.0000,0.0103,0.0001,200,0.5569
0.0166,0.0000,0.0000,0.0000,0.0164,0.0001,200,0.5529
0.0565,0.0000,0.0000,0.0002,0.0559,0.0004,200,0.5131
0.0059,0.0000,0.0000,0.0000,0.0055,0.0000,200,0.5637
0.0639,0.0000,0.0000,0.0000,0.0639,0.0000,200,0.5058
0.0225,0.0000,0.0000,0.0000,0.0224,0.0000,200,0.5472
0.0031,0.0000,0.0000,0.0000,0.0030,0.0000,200,0.5666
0.0211,0.0000,0.0000,0.0000,0.0210,0.0000,200,0.5487
0.0322,0.0000,0.0000,0.0000,0.0315,0.0007,200,0.5378
0.0058,0.0000,0.0000,0.0001,0.0056,0.0001,200,0.5646
0.0034,0.0000,0.0000,0.0000,0.0034,0.0000,200,0.5674
0.0191,0.0000,0.0000,0.0000,0.0191,0.0000,200,0.5520
0.0020,0.0000,0.0000,0.0000,0.0019,0.0000,200,0.5697
0.0247,0.0000,0.0000,0.0000,0.0246,0.0001,200,0.5475
0.0066,0.0000,0.0000,0.0000,0.0066,0.0000,200,0.5657
0.0017,0.0000,0.0000,0.0000,0.0015,0.0000,200,0.5711
0.0514,0.0000,0.0000,0.0000,0.0513,0.0000,200,0.5216
0.0170,0.0000,0.0000,0.0000,0.0170,0.0000,200,0.5563
0.0328,0.0000,0.0000,0.0000,0.0327,0.0001,200,0.5412
0.0129,0.0000,0.0000,0.0000,0.0128,0.0001,200,0.5617
0.0298,0.0000,0.0000,0.0000,0.0298,0.0000,200,0.5449
0.0413,0.0000,0.0000,0.0001,0.0411,0.0000,200,0.5340
0.0057,0.0000,0.0000,0.0000,0.0056,0.0000,200,0.5697
0.0329,0.0000,0.0000,0.0000,0.0328,0.0000,200,0.5430
0.0185,0.0000,0.0000,0.0000,0.0184,0.0001,200,0.5579
0.0151,0.0000,0.0000,0.0000,0.0150,0.0000,200,0.5615
0.0236,0.0000,0.0000,0.0001,0.0231,0.0004,200,0.5538
0.0071,0.0000,0.0000,0.0000,0.0066,0.0002,200,0.5708
0.0013,0.0000,0.0000,0.0000,0.0013,0.0000,200,0.5765
0.0085,0.0000,0.0000,0.0000,0.0084,0.0000,200,0.5696
0.0041,0.0000,0.0000,0.0000,0.0039,0.0001,200,0.5746
0.0093,0.0000,0.0000,0.0000,0.0093,0.0000,200,0.5695
0.0208,0.0000,0.0000,0.0000,0.0207,0.0001,200,0.5586
0.0217,0.0000,0.0000,0.0000,0.0216,0.0000,200,0.5579
0.0066,0.0000,0.0000,0.0000,0.0065,0.0001,200,0.5730
0.0151,0.0000,0.0000,0.0000,0.0151,0.0000,200,0.5653
0.0034,0.0000,0.0000,0.0000,0.0033,0.0000,200,0.5774
0.0421,0.0000,0.0000,0.0000,0.0420,0.0000,200,0.5388
0.0113,0.0000,0.0000,0.0000,0.0112,0.0000,200,0.5704
0.0029,0.0000,0.0000,0.0000,0.0029,0.0000,200,0.5788
0.0094,0.0000,0.0000,0.0000,0.0092,0.0001,200,0.5728
0.0534,0.0000,0.0000,0.0001,0.0532,0.0000,200,0.5291
0.0133,0.0000,0.0000,0.0000,0.0132,0.0000,200,0.5698
0.0115,0.0000,0.0000,0.0000,0.0112,0.0000,200,0.5717
0.0019,0.0000,0.0000,0.0000,0.0018,0.0001,200,0.5817
0.0140,0.0000,0.0000,0.0000,0.0138,0.0001,200,0.5700
0.0067,0.0000,0.0000,0.0000,0.0065,0.0001,200,0.5779
0.0191,0.0000,0.0000,0.0000,0.0191,0.0000,200,0.5658
0.0438,0.0000,0.0000,0.0000,0.0436,0.0001,200,0.5414
0.0093,0.0000,0.0000,0.0000,0.0092,0.0000,200,0.5766
0.0226,0.0000,0.0000,0.0000,0.0222,0.0001,200,0.5635
0.0083,0.0000,0.0000,0.0000,0.0082,0.0000,200,0.5781
0.0083,0.0000,0.0000,0.0000,0.0082,0.0000,200,0.5794
0.0026,0.0000,0.0000,0.0000,0.0025,0.0000,200,0.5852
0.0070,0.0000,0.0000,0.0000,0.0070,0.0000,200,0.5808
0.0126,0.0000,0.0000,0.0000,0.0125,0.0000,200,0.5752
0.0022,0.0000,0.0000,0.0000,0.0021,0.0000,200,0.5864
0.0060,0.0000,0.0000,0.0000,0.0057,0.0001,200,0.5830
0.0606,0.0000,0.0000,0.0000,0.0605,0.0000,200,0.5285
0.0663,0.0000,0.0000,0.0000,0.0662,0.0000,200,0.5228
0.0019,0.0000,0.0000,0.0000,0.0018,0.0001,200,0.5878
0.0008,0.0000,0.0000,0.0000,0.0007,0.0000,200,0.5891
0.0176,0.0000,0.0000,0.0000,0.0175,0.0000,200,0.5723
0.0027,0.0000,0.0000,0.0000,0.0024,0.0001,200,0.5878
0.0031,0.0000,0.0000,0.0000,0.0030,0.0001,200,0.5877
0.0741,0.0000,0.0000,0.0000,0.0740,0.0000,200,0.5170
0.0475,0.0000,0.0000,0.0000,0.0474,0.0000,200,0.5440
0.0027,0.0000,0.0000,0.0000,0.0026,0.0000,200,0.5891
0.0266,0.0000,0.0000,0.0000,0.0266,0.0000,200,0.5652
0.0138,0.0000,0.0000,0.0001,0.0136,0.0001,200,0.5787
0.0096,0.0000,0.0000,0.0000,0.0095,0.0000,200,0.5832
0.0137,0.0000,0.0000,0.0000,0.0136,0.0000,200,0.5796
0.0115,0.0000,0.0000,0.0001,0.0111,0.0001,200,0.5822
0.0042,0.0000,0.0000,0.0000,0.0041,0.0001,200,0.5898
0.0282,0.0000,0.0000,0.0000,0.0282,0.0000,200,0.5663
0.0022,0.0000,0.0000,0.0000,0.0020,0.0002,200,0.5925
0.0054,0.0000,0.0000,0.0000,0.0053,0.0000,200,0.5898
0.0052,0.0000,0.0000,0.0000,0.0051,0.0000,200,0.5905
0.0263,0.0000,0.0000,0.0000,0.0262,0.0001,200,0.5696
0.0227,0.0000,0.0000,0.0000,0.0226,0.0000,200,0.5740
0.0358,0.0000,0.0000,0.0000,0.0356,0.0002,200,0.5610
0.0168,0.0000,0.0000,0.0000,0.0164,0.0002,200,0.5808
0.0172,0.0000,0.0000,0.0000,0.0171,0.0001,200,0.5804
0.0287,0.0000,0.0000,0.0000,0.0285,0.0002,200,0.5697
0.0436,0.0000,0.0000,0.0000,0.0435,0.0000,200,0.5550
0.0129,0.0000,0.0000,0.0000,0.0127,0.0001,200,0.5858
0.0324,0.0000,0.0000,0.0000,0.0320,0.0000,200,0.5667
0.0250,0.0000,0.0000,0.0000,0.0249,0.0000,200,0.5748
0.0080,0.0000,0.0000,0.0000,0.0079,0.0001,200,0.5918
0.0075,0.0000,0.0000,0.0000,0.0074,0.0000,200,0.5928
0.0482,0.0000,0.0000,0.0000,0.0482,0.0000,200,0.5523
0.0277,0.0000,0.0000,0.0000,0.0275,0.0000,200,0.5734
0.0105,0.0000,0.0000,0.0000,0.0104,0.0000,200,0.5911
0.0260,0.0000,0.0000,0.0000,0.0259,0.0001,200,0.5759
0.0227,0.0000,0.0000,0.0000,0.0227,0.0000,200,0.5796
0.0248,0.0000,0.0000,0.0001,0.0246,0.0000,200,0.5779
0.0120,0.0000,0.0000,0.0001,0.0118,0.0000,200,0.5908
0.0191,0.0000,0.0000,0.0000,0.0190,0.0001,200,0.5840
0.0193,0.0000,0.0000,0.0001,0.0190,0.0001,200,0.5846
0.0072,0.0000,0.0000,0.0000,0.0070,0.0002,200,0.5968
0.0586,0.0000,0.0000,0.0000,0.0586,0.0000,200,0.5454
0.0050,0.0000,0.0000,0.0000,0.0049,0.0001,200,0.5997
0.0027,0.0000,0.0000,0.0000,0.0025,0.0002,200,0.6024
0.0567,0.0000,0.0000,0.0000,0.0566,0.0001,200,0.5488
0.0221,0.0000,0.0000,0.0000,0.0219,0.0001,200,0.5836
0.0033,0.0000,0.0000,0.0000,0.0032,0.0001,200,0.6027
0.0484,0.0000,0.0000,0.0000,0.0483,0.0000,200,0.5583
0.0443,0.0000,0.0000,0.0000,0.0442,0.0000,200,0.5626
0.0011,0.0000,0.0000,0.0000,0.0010,0.0001,200,0.6060
0.0101,0.0000,0.0000,0.0000,0.0098,0.0001,200,0.5976
0.0104,0.0000,0.0000,0.0000,0.0103,0.0000,200,0.5976
0.0054,0.0000,0.0000,0.0000,0.0053,0.0000,200,0.6031
0.0269,0.0000,0.0000,0.0000,0.0269,0.0000,200,0.5817
0.0091,0.0000,0.0000,0.0000,0.0090,0.0000,200,0.6003
0.0141,0.0000,0.0000,0.0000,0.0140,0.0000,200,0.5953
0.0236,0.0000,0.0000,0.0001,0.0234,0.0001,200,0.5861
0.0119,0.0000,0.0000,0.0000,0.0116,0.0000,200,0.5984
0.0027,0.0000,0.0000,0.0000,0.0026,0.0001,200,0.6080
0.0387,0.0000,0.0000,0.0000,0.0385,0.0002,200,0.5722
0.0027,0.0000,0.0000,0.0000,0.0020,0.0005,200,0.6086
0.0155,0.0000,0.0000,0.0000,0.0154,0.0000,200,0.5959
0.0021,0.0000,0.0000,0.0000,0.0020,0.0000,200,0.6097
0.0042,0.0000,0.0000,0.0000,0.0040,0.0001,200,0.6077
0.0097,0.0000,0.0000,0.0000,0.0096,0.0000,200,0.6028
0.0169,0.0000,0.0000,0.0001,0.0168,0.0000,200,0.5957
0.0525,0.0000,0.0000,0.0000,0.0524,0.0001,200,0.5606
0.0241,0.0000,0.0000,0.0000,0.0238,0.0000,200,0.5897
0.0191,0.0000,0.0000,0.0000,0.0191,0.0000,200,0.5948
0.0124,0.0000,0.0000,0.0000,0.0123,0.0001,200,0.6019
0.0036,0.0000,0.0000,0.0001,0.0035,0.0001,200,0.6109
0.0030,0.0000,0.0000,0.0000,0.0029,0.0001,200,0.6125
0.0061,0.0000,0.0000,0.0000,0.0057,0.0004,200,0.6094
0.0333,0.0000,0.0000,0.0000,0.0333,0.0000,200,0.5824
0.0221,0.0000,0.0000,0.0000,0.0220,0.0000,200,0.5941
0.0201,0.0000,0.0000,0.0000,0.0200,0.0001,200,0.5967
0.0184,0.0000,0.0000,0.0000,0.0182,0.0001,200,0.5987
0.0081,0.0000,0.0000,0.0002,0.0078,0.0001,200,0.6094
0.0121,0.0000,0.0000,0.0000,0.0118,0.0002,200,0.6057
0.0055,0.0000,0.0000,0.0000,0.0053,0.0002,200,0.6126
0.0032,0.0000,0.0000,0.0000,0.0031,0.0000,200,0.6155
0.0338,0.0000,0.0000,0.0000,0.0337,0.0000,200,0.5849
0.0018,0.0000,0.0000,0.0002,0.0015,0.0001,200,0.6175
0.0310,0.0000,0.0000,0.0000,0.0308,0.0001,200,0.5886
0.0150,0.0000,0.0000,0.0000,0.0148,0.0002,200,0.6051
0.0130,0.0000,0.0000,0.0000,0.0129,0.0001,200,0.6071
0.0037,0.0000,0.0000,0.0000,0.0036,0.0001,200,0.6169
0.0037,0.0000,0.0000,0.0000,0.0036,0.0000,200,0.6171
0.0167,0.0000,0.0000,0.0000,0.0166,0.0000,200,0.6047
0.0282,0.0000,0.0000,0.0000,0.0281,0.0001,200,0.5937
0.0078,0.0000,0.0000,0.0001,0.0077,0.0000,200,0.6146
0.0739,0.0000,0.0000,0.0000,0.0738,0.0000,200,0.5487
0.0035,0.0000,0.0000,0.0000,0.0034,0.0000,200,0.6193
0.0025,0.0000,0.0000,0.0000,0.0024,0.0000,200,0.6205
0.0321,0.0000,0.0000,0.0000,0.0317,0.0003,200,0.5918
0.0202,0.0000,0.0000,0.0000,0.0201,0.0000,200,0.6040
0.0131,0.0000,0.0000,0.0000,0.0131,0.0000,200,0.6117
0.0118,0.0000,0.0000,0.0000,0.0115,0.0002,200,0.6131
0.0500,0.0000,0.0000,0.0000,0.0498,0.0000,200,0.5754
0.0199,0.0000,0.0000,0.0000,0.0198,0.0000,200,0.6056
0.0029,0.0000,0.0000,0.0000,0.0028,0.0001,200,0.6231
0.0122,0.0000,0.0000,0.0000,0.0120,0.0001,200,0.6139
0.0147,0.0000,0.0000,0.0000,0.0146,0.0000,200,0.6114
0.0052,0.0000,0.0000,0.0000,0.0051,0.0000,200,0.6219
0.0109,0.0000,0.0000,0.0000,0.0109,0.0000,200,0.6162
0.0209,0.0000,0.0000,0.0000,0.0209,0.0000,200,0.6067
0.0172,0.0000,0.0000,0.0000,0.0171,0.0001,200,0.6108
0.0097,0.0000,0.0000,0.0000,0.0096,0.0000,200,0.6187
0.0131,0.0000,0.0000,0.0000,0.0130,0.0001,200,0.6158
0.0020,0.0000,0.0000,0.0000,0.0019,0.0000,200,0.6271
0.0021,0.0000,0.0000,0.0000,0.0021,0.0000,200,0.6276
0.0097,0.0000,0.0000,0.0001,0.0095,0.0000,200,0.6201
0.0195,0.0000,0.0000,0.0000,0.0194,0.0001,200,0.6103
0.0427,0.0000,0.0000,0.0000,0.0424,0.0003,200,0.5878
0.0057,0.0000,0.0000,0.0000,0.0056,0.0000,200,0.6249
0.0132,0.0000,0.0000,0.0000,0.0131,0.0001,200,0.6178
0.0030,0.0000,0.0000,0.0000,0.0029,0.0000,200,0.6284
0.0679,0.0000,0.0000,0.0000,0.0678,0.0000,200,0.5639
0.0282,0.0000,0.0000,0.0001,0.0279,0.0003,200,0.6040
0.0081,0.0000,0.0000,0.0000,0.0080,0.0000,200,0.6249
0.0301,0.0000,0.0000,0.0000,0.0300,0.0000,200,0.6040
0.0139,0.0000,0.0000,0.0000,0.0138,0.0000,200,0.6202
0.0117,0.0000,0.0000,0.0000,0.0116,0.0000,200,0.6228
0.0736,0.0000,0.0000,0.0000,0.0736,0.0000,200,0.5609
0.0106,0.0000,0.0000,0.0000,0.0106,0.0000,200,0.6239
0.0333,0.0000,0.0000,0.0000,0.0332,0.0001,200,0.6016
0.0033,0.0000,0.0000,0.0000,0.0032,0.0000,200,0.6318
0.0051,0.0000,0.0000,0.0000,0.0050,0.0000,200,0.6305
0.0413,0.0000,0.0000,0.0000,0.0411,0.0000,200,0.5945
0.0106,0.0000,0.0000,0.0000,0.0105,0.0000,200,0.6254
0.0359,0.0000,0.0000,0.0000,0.0358,0.0001,200,0.6006
0.0145,0.0000,0.0000,0.0000,0.0143,0.0001,200,0.6227
0.0075,0.0000,0.0000,0.0000,0.0074,0.0001,200,0.6298
0.0460,0.0000,0.0000,0.0000,0.0460,0.0000,200,0.5915
0.0082,0.0000,0.0000,0.0000,0.0081,0.0001,200,0.6298
0.0101,0.0000,0.0000,0.0000,0.0101,0.0000,200,0.6280
0.0164,0.0000,0.0000,0.0000,0.0163,0.0000,200,0.6224
0.0378,0.0000,0.0000,0.0000,0.0378,0.0000,200,0.6010
0.0198,0.0000,0.0000,0.0000,0.0197,0.0000,200,0.6195
0.0054,0.0000,0.0000,0.0003,0.0051,0.0000,200,0.6341
0.0078,0.0000,0.0000,0.0000,0.0078,0.0000,200,0.6323
0.0063,0.0000,0.0000,0.0000,0.0060,0.0000,200,0.6348
0.0424,0.0000,0.0000,0.0000,0.0424,0.0000,200,0.5991
0.0150,0.0000,0.0000,0.0000,0.0149,0.0000,200,0.6271
0.0027,0.0000,0.0000,0.0000,0.0027,0.0000,200,0.6395
0.0135,0.0000,0.0000,0.0001,0.0134,0.0000,200,0.6289
0.0053,0.0000,0.0000,0.0000,0.0052,0.0000,200,0.6375
0.0123,0.0000,0.0000,0.0000,0.0122,0.0001,200,0.6313
0.0095,0.0000,0.0000,0.0001,0.0094,0.0001,200,0.6341
0.0286,0.0000,0.0000,0.0000,0.0286,0.0000,200,0.6155
0.0154,0.0000,0.0000,0.0000,0.0153,0.0001,200,0.6291
0.0098,0.0000,0.0000,0.0000,0.0097,0.0000,200,0.6351
0.1139,0.0000,0.0000,0.0000,0.1138,0.0001,200,0.5317
0.0374,0.0000,0.0000,0.0000,0.0372,0.0000,200,0.6085
0.0101,0.0000,0.0000,0.0000,0.0100,0.0001,200,0.6359
0.0207,0.0000,0.0000,0.0001,0.0204,0.0000,200,0.6259
0.0078,0.0000,0.0000,0.0000,0.0078,0.0000,200,0.6393
0.0023,0.0000,0.0000,0.0000,0.0022,0.0001,200,0.6449
0.0018,0.0000,0.0000,0.0000,0.0017,0.0001,200,0.6460
0.0591,0.0000,0.0000,0.0001,0.0589,0.0001,200,0.5890
0.0366,0.0000,0.0000,0.0000,0.0365,0.0000,200,0.6119
0.0040,0.0000,0.0000,0.0000,0.0038,0.0000,200,0.6445
0.0183,0.0000,0.0000,0.0000,0.0182,0.0000,200,0.6306
0.0137,0.0000,0.0000,0.0000,0.0136,0.0000,200,0.6355
0.0106,0.0000,0.0000,0.0000,0.0106,0.0001,200,0.6389
0.0017,0.0000,0.0000,0.0000,0.0015,0.0002,200,0.6486
0.0125,0.0000,0.0000,0.0000,0.0124,0.0000,200,0.6380
0.0026,0.0000,0.0000,0.0000,0.0023,0.0003,200,0.6478
0.0365,0.0000,0.0000,0.0000,0.0364,0.0000,200,0.6143
0.0038,0.0000,0.0000,0.0000,0.0037,0.0001,200,0.6472
0.0099,0.0000,0.0000,0.0000,0.0098,0.0001,200,0.6415
0.0300,0.0000,0.0000,0.0000,0.0300,0.0000,200,0.6214
0.0082,0.0000,0.0000,0.0001,0.0079,0.0001,200,0.6436
0.0192,0.0000,0.0000,0.0000,0.0191,0.0000,200,0.6330
0.0068,0.0000,0.0000,0.0000,0.0066,0.0000,200,0.6455
0.0145,0.0000,0.0000,0.0000,0.0145,0.0000,200,0.6381
0.0105,0.0000,0.0000,0.0000,0.0104,0.0000,200,0.6424
0.0041,0.0000,0.0000,0.0000,0.0041,0.0000,200,0.6493
0.0553,0.0000,0.0000,0.0000,0.0551,0.0002,200,0.5986
0.0281,0.0000,0.0000,0.0000,0.0280,0.0000,200,0.6260
0.0283,0.0000,0.0000,0.0000,0.0282,0.0001,200,0.6261
0.0157,0.0000,0.0000,0.0000,0.0156,0.0001,200,0.6388
0.0255,0.0000,0.0000,0.0000,0.0253,0.0002,200,0.6298
0.0031,0.0000,0.0000,0.0000,0.0030,0.0000,200,0.6522
0.0627,0.0000,0.0000,0.0000,0.0626,0.0001,200,0.5933
0.0354,0.0000,0.0000,0.0000,0.0351,0.0002,200,0.6209
0.0064,0.0000,0.0000,0.0003,0.0060,0.0000,200,0.6503
0.0136,0.0000,0.0000,0.0000,0.0134,0.0001,200,0.6436
0.0057,0.0000,0.0000,0.0000,0.0056,0.0000,200,0.6518
0.0158,0.0000,0.0000,0.0000,0.0157,0.0000,200,0.6421
0.0590,0.0000,0.0000,0.0000,0.0585,0.0005,200,0.5997
0.0518,0.0000,0.0000,0.0000,0.0517,0.0000,200,0.6069
0.0079,0.0000,0.0000,0.0000,0.0074,0.0003,200,0.6514
0.0339,0.0000,0.0000,0.0000,0.0339,0.0000,200,0.6255
0.0037,0.0000,0.0000,0.0000,0.0033,0.0000,200,0.6562
0.0051,0.0000,0.0000,0.0000,0.0050,0.0000,200,0.6553
0.0206,0.0000,0.0000,0.0001,0.0201,0.0001,200,0.6401
0.0167,0.0000,0.0000,0.0000,0.0167,0.0000,200,0.6441
0.0070,0.0000,0.0000,0.0000,0.0069,0.0000,200,0.6544
0.0019,0.0000,0.0000,0.0000,0.0018,0.0001,200,0.6599
0.0254,0.0000,0.0000,0.0000,0.0253,0.0000,200,0.6365
0.0323,0.0000,0.0000,0.0000,0.0321,0.0000,200,0.6310
0.0125,0.0000,0.0000,0.0000,0.0124,0.0000,200,0.6510
0.0224,0.0000,0.0000,0.0000,0.0223,0.0000,200,0.6411
0.0082,0.0000,0.0000,0.0000,0.0081,0.0001,200,0.6560
0.0060,0.0000,0.0000,0.0000,0.0059,0.0000,200,0.6587
0.0290,0.0000,0.0000,0.0000,0.0289,0.0001,200,0.6360
0.0077,0.0000,0.0000,0.0000,0.0076,0.0001,200,0.6579
0.0051,0.0000,0.0000,0.0000,0.0050,0.0000,200,0.6608
0.0139,0.0000,0.0000,0.0000,0.0138,0.0000,200,0.6529
0.0070,0.0000,0.0000,0.0000,0.0070,0.0000,200,0.6604
0.0509,0.0000,0.0000,0.0000,0.0508,0.0001,200,0.6187
0.0086,0.0000,0.0000,0.0000,0.0086,0.0000,200,0.6614
0.0096,0.0000,0.0000,0.0001,0.0094,0.0001,200,0.6607
0.0224,0.0000,0.0000,0.0000,0.0223,0.0000,200,0.6489
0.0576,0.0000,0.0000,0.0000,0.0575,0.0000,200,0.6138
0.0607,0.0000,0.0000,0.0000,0.0606,0.0000,200,0.6114
0.0379,0.0000,0.0000,0.0000,0.0378,0.0001,200,0.6345
0.0092,0.0000,0.0000,0.0000,0.0092,0.0000,200,0.6635
0.0156,0.0000,0.0000,0.0000,0.0154,0.0001,200,0.6572
0.0091,0.0000,0.0000,0.0000,0.0090,0.0000,200,0.6642
0.0144,0.0000,0.0000,0.0000,0.0143,0.0001,200,0.6593
0.0203,0.0000,0.0000,0.0000,0.0202,0.0001,200,0.6539
0.0372,0.0000,0.0000,0.0000,0.0368,0.0001,200,0.6372
0.0240,0.0000,0.0000,0.0000,0.0239,0.0001,200,0.6504
0.0029,0.0000,0.0000,0.0000,0.0028,0.0001,200,0.6720
0.0333,0.0000,0.0000,0.0000,0.0331,0.0002,200,0.6423
0.0109,0.0000,0.0000,0.0000,0.0106,0.0003,200,0.6647
0.0014,0.0000,0.0000,0.0000,0.0013,0.0001,200,0.6744
0.0237,0.0000,0.0000,0.0000,0.0236,0.0000,200,0.6523
0.0264,0.0000,0.0000,0.0000,0.0264,0.0000,200,0.6495
0.0170,0.0000,0.0000,0.0000,0.0170,0.0000,200,0.6594
0.0192,0.0000,0.0000,0.0000,0.0190,0.0001,200,0.6575
0.0245,0.0000,0.0000,0.0000,0.0242,0.0000,200,0.6526
0.0143,0.0000,0.0000,0.0000,0.0142,0.0000,200,0.6633
0.0129,0.0000,0.0000,0.0001,0.0128,0.0000,200,0.6650
0.0278,0.0000,0.0000,0.0000,0.0278,0.0000,200,0.6504
0.0232,0.0000,0.0000,0.0000,0.0231,0.0001,200,0.6553
0.0030,0.0000,0.0000,0.0000,0.0030,0.0000,200,0.6758
0.0313,0.0000,0.0000,0.0000,0.0309,0.0003,200,0.6485
0.0213,0.0000,0.0000,0.0000,0.0212,0.0000,200,0.6587
0.0087,0.0000,0.0000,0.0000,0.0086,0.0001,200,0.6713
0.0081,0.0000,0.0000,0.0000,0.0078,0.0002,200,0.6724
0.0049,0.0000,0.0000,0.0000,0.0049,0.0000,200,0.6756
0.0040,0.0000,0.0000,0.0000,0.0039,0.0001,200,0.6771
0.0248,0.0000,0.0000,0.0000,0.0247,0.0000,200,0.6566
0.0029,0.0000,0.0000,0.0000,0.0028,0.0001,200,0.6789
0.0124,0.0000,0.0000,0.0000,0.0123,0.0000,200,0.6696
0.0025,0.0000,0.0000,0.0000,0.0023,0.0001,200,0.6798
0.0284,0.0000,0.0000,0.0000,0.0284,0.0001,200,0.6541
0.0364,0.0000,0.0000,0.0000,0.0363,0.0000,200,0.6467
0.0051,0.0000,0.0000,0.0000,0.0050,0.0000,200,0.6783
0.0049,0.0000,0.0000,0.0000,0.0048,0.0000,200,0.6785
0.0018,0.0000,0.0000,0.0000,0.0016,0.0002,200,0.6823
0.0016,0.0000,0.0000,0.0000,0.0015,0.0001,200,0.6825
0.0067,0.0000,0.0000,0.0000,0.0066,0.0000,200,0.6775
0.0036,0.0000,0.0000,0.0000,0.0034,0.0002,200,0.6814
0.0045,0.0000,0.0000,0.0000,0.0044,0.0001,200,0.6811
0.0124,0.0000,0.0000,0.0000,0.0123,0.0000,200,0.6732
0.0091,0.0000,0.0000,0.0000,0.0090,0.0001,200,0.6768
0.0020,0.0000,0.0000,0.0000,0.0016,0.0000,200,0.6841
0.0394,0.0000,0.0000,0.0000,0.0393,0.0000,200,0.6471
0.0626,0.0000,0.0000,0.0000,0.0625,0.0000,200,0.6242
0.0032,0.0000,0.0000,0.0000,0.0031,0.0001,200,0.6842
0.0166,0.0000,0.0000,0.0000,0.0163,0.0003,200,0.6712
0.0047,0.0000,0.0000,0.0000,0.0046,0.0000,200,0.6833
0.0181,0.0000,0.0000,0.0000,0.0180,0.0001,200,0.6703
0.0268,0.0000,0.0000,0.0000,0.0267,0.0000,200,0.6619
0.0464,0.0000,0.0000,0.0000,0.0464,0.0001,200,0.6428
0.0551,0.0000,0.0000,0.0000,0.0550,0.0000,200,0.6345
0.0392,0.0000,0.0000,0.0000,0.0391,0.0000,200,0.6507
0.0723,0.0000,0.0000,0.0001,0.0722,0.0000,200,0.6182
0.0182,0.0000,0.0000,0.0000,0.0181,0.0000,200,0.6728
0.0456,0.0000,0.0000,0.0000,0.0455,0.0001,200,0.6459
0.0024,0.0000,0.0000,0.0000,0.0023,0.0001,200,0.6893
0.0162,0.0000,0.0000,0.0000,0.0162,0.0000,200,0.6760
0.0255,0.0000,0.0000,0.0000,0.0254,0.0001,200,0.6667
0.0310,0.0000,0.0000,0.0000,0.0309,0.0000,200,0.6618
0.0063,0.0000,0.0000,0.0000,0.0058,0.0004,200,0.6868
0.0126,0.0000,0.0000,0.0000,0.0124,0.0002,200,0.6805
0.0135,0.0000,0.0000,0.0000,0.0135,0.0000,200,0.6800
0.0241,0.0000,0.0000,0.0000,0.0239,0.0002,200,0.6700
0.0081,0.0000,0.0000,0.0001,0.0079,0.0000,200,0.6861
0.0149,0.0000,0.0000,0.0000,0.0147,0.0001,200,0.6800
0.0192,0.0000,0.0000,0.0000,0.0192,0.0000,200,0.6760
0.0294,0.0000,0.0000,0.0000,0.0293,0.0000,200,0.6659
0.0034,0.0000,0.0000,0.0000,0.0033,0.0000,200,0.6922
0.0047,0.0000,0.0000,0.0002,0.0041,0.0001,200,0.6915
0.0081,0.0000,0.0000,0.0000,0.0079,0.0002,200,0.6884
0.0043,0.0000,0.0000,0.0000,0.0041,0.0000,200,0.6923
0.0080,0.0000,0.0000,0.0000,0.0079,0.0000,200,0.6887
0.0025,0.0000,0.0000,0.0000,0.0023,0.0001,200,0.6949
0.0069,0.0000,0.0000,0.0000,0.0067,0.0002,200,0.6909
0.0238,0.0000,0.0000,0.0000,0.0237,0.0001,200,0.6742
0.0234,0.0000,0.0000,0.0001,0.0233,0.0000,200,0.6749
0.0113,0.0000,0.0000,0.0001,0.0112,0.0001,200,0.6874
0.0443,0.0000,0.0000,0.0000,0.0441,0.0002,200,0.6546
0.0095,0.0000,0.0000,0.0000,0.0094,0.0001,200,0.6899
0.0043,0.0000,0.0000,0.0001,0.0041,0.0001,200,0.6953
0.0032,0.0000,0.0000,0.0001,0.0031,0.0000,200,0.6966
0.0087,0.0000,0.0000,0.0003,0.0082,0.0002,200,0.6917
0.0493,0.0000,0.0000,0.0000,0.0492,0.0000,200,0.6514
0.0150,0.0000,0.0000,0.0000,0.0149,0.0001,200,0.6859
0.0058,0.0000,0.0000,0.0000,0.0057,0.0000,200,0.6956
0.0200,0.0000,0.0000,0.0003,0.0197,0.0001,200,0.6818
0.0285,0.0000,0.0000,0.0001,0.0283,0.0000,200,0.6737
0.0299,0.0000,0.0000,0.0000,0.0299,0.0000,200,0.6728
0.0067,0.0000,0.0000,0.0000,0.0066,0.0000,200,0.6965
0.0108,0.0000,0.0000,0.0000,0.0106,0.0001,200,0.6929
0.0558,0.0000,0.0000,0.0000,0.0557,0.0001,200,0.6481
0.0406,0.0000,0.0000,0.0000,0.0405,0.0001,200,0.6635
0.0041,0.0000,0.0000,0.0000,0.0040,0.0000,200,0.7007
0.0012,0.0000,0.0000,0.0000,0.0011,0.0001,200,0.7041
0.0028,0.0000,0.0000,0.0000,0.0027,0.0001,200,0.7027
0.0205,0.0000,0.0000,0.0000,0.0204,0.0001,200,0.6856
0.0231,0.0000,0.0000,0.0000,0.0230,0.0000,200,0.6833
0.0222,0.0000,0.0000,0.0000,0.0221,0.0001,200,0.6851
0.0195,0.0000,0.0000,0.0000,0.0194,0.0000,200,0.6878
0.0729,0.0000,0.0000,0.0000,0.0728,0.0002,200,0.6345
0.0334,0.0000,0.0000,0.0000,0.0334,0.0000,200,0.6744
0.0053,0.0000,0.0000,0.0000,0.0049,0.0004,200,0.7032
0.0145,0.0000,0.0000,0.0000,0.0144,0.0000,200,0.6941
0.0124,0.0000,0.0000,0.0002,0.0121,0.0000,200,0.6962
0.0104,0.0000,0.0000,0.0000,0.0103,0.0001,200,0.6987
0.0100,0.0000,0.0000,0.0000,0.0098,0.0002,200,0.6998
0.0335,0.0000,0.0000,0.0000,0.0333,0.0001,200,0.6764
0.0170,0.0000,0.0000,0.0000,0.0169,0.0000,200,0.6936
0.0096,0.0000,0.0000,0.0000,0.0096,0.0000,200,0.7009
0.0072,0.0000,0.0000,0.0000,0.0071,0.0001,200,0.7039
0.0288,0.0000,0.0000,0.0000,0.0287,0.0000,200,0.6830
0.0746,0.0000,0.0000,0.0000,0.0746,0.0000,200,0.6372
0.0151,0.0000,0.0000,0.0002,0.0147,0.0000,200,0.6973
0.0034,0.0000,0.0000,0.0000,0.0033,0.0000,200,0.7091
0.0077,0.0000,0.0000,0.0000,0.0076,0.0001,200,0.7055
0.0015,0.0000,0.0000,0.0000,0.0014,0.0000,200,0.7118
0.0012,0.0000,0.0000,0.0000,0.0012,0.0000,200,0.7125
0.0174,0.0000,0.0000,0.0000,0.0173,0.0001,200,0.6967
0.0038,0.0000,0.0000,0.0000,0.0037,0.0000,200,0.7106
0.0130,0.0000,0.0000,0.0000,0.0125,0.0000,200,0.7018
0.0080,0.0000,0.0000,0.0000,0.0079,0.0001,200,0.7072
0.0225,0.0000,0.0000,0.0000,0.0224,0.0000,200,0.6931
0.0014,0.0000,0.0000,0.0000,0.0013,0.0000,200,0.7144
0.0015,0.0000,0.0000,0.0000,0.0013,0.0001,200,0.7148
0.0092,0.0000,0.0000,0.0000,0.0091,0.0001,200,0.7073
0.0031,0.0000,0.0000,0.0000,0.0031,0.0000,200,0.7137
0.0123,0.0000,0.0000,0.0000,0.0122,0.0001,200,0.7048
0.0050,0.0000,0.0000,0.0000,0.0049,0.0000,200,0.7124
0.0312,0.0000,0.0000,0.0000,0.0310,0.0001,200,0.6865
0.0115,0.0000,0.0000,0.0000,0.0114,0.0000,200,0.7064
0.0111,0.0000,0.0000,0.0000,0.0110,0.0000,200,0.7074
0.0191,0.0000,0.0000,0.0000,0.0189,0.0001,200,0.6996
0.0436,0.0000,0.0000,0.0000,0.0435,0.0000,200,0.6756
0.0109,0.0000,0.0000,0.0000,0.0108,0.0000,200,0.7087
0.0044,0.0000,0.0000,0.0000,0.0041,0.0001,200,0.7156
0.0224,0.0000,0.0000,0.0000,0.0221,0.0001,200,0.6979
0.0108,0.0000,0.0000,0.0001,0.0105,0.0001,200,0.7098
0.0036,0.0000,0.0000,0.0000,0.0035,0.0000,200,0.7174
0.0077,0.0000,0.0000,0.0000,0.0076,0.0001,200,0.7133
0.0395,0.0000,0.0000,0.0000,0.0394,0.0000,200,0.6820
0.0548,0.0000,0.0000,0.0000,0.0545,0.0002,200,0.6674
0.0057,0.0000,0.0000,0.0000,0.0055,0.0001,200,0.7165
0.0423,0.0000,0.0000,0.0000,0.0423,0.0000,200,0.6805
0.0049,0.0000,0.0000,0.0000,0.0048,0.0000,200,0.7187
0.0018,0.0000,0.0000,0.0000,0.0017,0.0000,200,0.7222
0.0077,0.0000,0.0000,0.0000,0.0075,0.0000,200,0.7163
0.0021,0.0000,0.0000,0.0000,0.0020,0.0000,200,0.7222
0.0264,0.0000,0.0000,0.0000,0.0263,0.0000,200,0.6983
0.0084,0.0000,0.0000,0.0000,0.0083,0.0001,200,0.7169
0.0598,0.0000,0.0000,0.0000,0.0597,0.0000,200,0.6656
0.0033,0.0000,0.0000,0.0000,0.0031,0.0001,200,0.7229
0.0241,0.0000,0.0000,0.0000,0.0239,0.0000,200,0.7022
0.0081,0.0000,0.0000,0.0000,0.0080,0.0000,200,0.7185
0.0032,0.0000,0.0000,0.0000,0.0030,0.0001,200,0.7236
0.0096,0.0000,0.0000,0.0000,0.0095,0.0000,200,0.7177
0.0498,0.0000,0.0000,0.0000,0.0497,0.0001,200,0.6779
0.0340,0.0000,0.0000,0.0000,0.0339,0.0001,200,0.6942
0.0231,0.0000,0.0000,0.0000,0.0231,0.0001,200,0.7054
0.0047,0.0000,0.0000,0.0000,0.0045,0.0001,200,0.7240
0.0184,0.0000,0.0000,0.0000,0.0183,0.0001,200,0.7105
0.0309,0.0000,0.0000,0.0000,0.0308,0.0000,200,0.6988
0.0219,0.0000,0.0000,0.0000,0.0218,0.0000,200,0.7079
0.0398,0.0000,0.0000,0.0000,0.0397,0.0001,200,0.6905
0.0450,0.0000,0.0000,0.0000,0.0449,0.0000,200,0.6856
0.0228,0.0000,0.0000,0.0000,0.0226,0.0001,200,0.7085
0.0176,0.0000,0.0000,0.0000,0.0175,0.0000,200,0.7141
0.0074,0.0000,0.0000,0.0000,0.0070,0.0003,200,0.7243
0.0387,0.0000,0.0000,0.0000,0.0382,0.0002,200,0.6932
0.0016,0.0000,0.0000,0.0000,0.0012,0.0000,200,0.7303
0.0288,0.0000,0.0000,0.0003,0.0284,0.0000,200,0.7036
0.0061,0.0000,0.0000,0.0000,0.0060,0.0001,200,0.7266
0.0011,0.0000,0.0000,0.0000,0.0011,0.0000,200,0.7317
0.0153,0.0000,0.0000,0.0000,0.0152,0.0000,200,0.7179
0.0029,0.0000,0.0000,0.0000,0.0027,0.0001,200,0.7306
0.0275,0.0000,0.0000,0.0000,0.0275,0.0000,200,0.7061
0.0086,0.0000,0.0000,0.0000,0.0086,0.0000,200,0.7252
0.0210,0.0000,0.0000,0.0000,0.0208,0.0000,200,0.7132
0.0064,0.0000,0.0000,0.0000,0.0062,0.0001,200,0.7285
0.0103,0.0000,0.0000,0.0000,0.0102,0.0000,200,0.7247
0.0037,0.0000,0.0000,0.0000,0.0035,0.0002,200,0.7319
0.0043,0.0000,0.0000,0.0000,0.0042,0.0000,200,0.7313
0.0166,0.0000,0.0000,0.0000,0.0165,0.0001,200,0.7196
0.0172,0.0000,0.0000,0.0000,0.0171,0.0000,200,0.7192
0.0162,0.0000,0.0000,0.0000,0.0161,0.0000,200,0.7206
0.0112,0.0000,0.0000,0.0000,0.0111,0.0000,200,0.7261
0.0424,0.0000,0.0000,0.0000,0.0424,0.0000,200,0.6952
0.0085,0.0000,0.0000,0.0001,0.0083,0.0001,200,0.7298
0.0087,0.0000,0.0000,0.0000,0.0086,0.0000,200,0.7297
0.0040,0.0000,0.0000,0.0001,0.0036,0.0002,200,0.7349
0.0138,0.0000,0.0000,0.0000,0.0138,0.0000,200,0.7255
0.0033,0.0000,0.0000,0.0000,0.0033,0.0000,200,0.7362
0.0071,0.0000,0.0000,0.0000,0.0070,0.0000,200,0.7327
0.0066,0.0000,0.0000,0.0000,0.0065,0.0000,200,0.7332
0.0526,0.0000,0.0000,0.0000,0.0523,0.0003,200,0.6880
0.0197,0.0000,0.0000,0.0000,0.0196,0.0000,200,0.7210
0.0208,0.0000,0.0000,0.0000,0.0208,0.0000,200,0.7203
0.0293,0.0000,0.0000,0.0000,0.0293,0.0000,200,0.7119
0.0031,0.0000,0.0000,0.0000,0.0031,0.0000,200,0.7384
0.0884,0.0000,0.0000,0.0000,0.0883,0.0000,200,0.6534
0.0079,0.0000,0.0000,0.0000,0.0078,0.0000,200,0.7342
0.0049,0.0000,0.0000,0.0000,0.0049,0.0000,200,0.7373
0.0012,0.0000,0.0000,0.0000,0.0011,0.0001,200,0.7418
0.0149,0.0000,0.0000,0.0000,0.0146,0.0002,200,0.7286
0.0037,0.0000,0.0000,0.0001,0.0036,0.0000,200,0.7398
0.0121,0.0000,0.0000,0.0000,0.0120,0.0000,200,0.7316
0.0116,0.0000,0.0000,0.0000,0.0116,0.0000,200,0.7328
0.0171,0.0000,0.0000,0.0000,0.0170,0.0000,200,0.7273
0.0044,0.0000,0.0000,0.0000,0.0036,0.0003,200,0.7407
0.0174,0.0000,0.0000,0.0000,0.0172,0.0001,200,0.7277
0.0138,0.0000,0.0000,0.0000,0.0137,0.0001,200,0.7318
0.0132,0.0000,0.0000,0.0000,0.0132,0.0000,200,0.7324
0.0307,0.0000,0.0000,0.0000,0.0306,0.0000,200,0.7152
0.0023,0.0000,0.0000,0.0000,0.0022,0.0000,200,0.7444
0.0079,0.0000,0.0000,0.0000,0.0075,0.0004,200,0.7388
0.0090,0.0000,0.0000,0.0000,0.0089,0.0000,200,0.7382
0.0065,0.0000,0.0000,0.0000,0.0064,0.0000,200,0.7412
0.0368,0.0000,0.0000,0.0000,0.0368,0.0000,200,0.7111
0.0284,0.0000,0.0000,0.0000,0.0283,0.0000,200,0.7200
0.0022,0.0000,0.0000,0.0000,0.0021,0.0001,200,0.7467
0.0142,0.0000,0.0000,0.0000,0.0138,0.0000,200,0.7350
0.0061,0.0000,0.0000,0.0000,0.0060,0.0001,200,0.7437
0.0505,0.0000,0.0000,0.0001,0.0503,0.0000,200,0.6995
0.0109,0.0000,0.0000,0.0000,0.0107,0.0002,200,0.7398
0.0027,0.0000,0.0000,0.0000,0.0027,0.0000,200,0.7480
0.0058,0.0000,0.0000,0.0000,0.0054,0.0002,200,0.7456
0.0258,0.0000,0.0000,0.0001,0.0256,0.0001,200,0.7268
0.0239,0.0000,0.0000,0.0001,0.0238,0.0000,200,0.7290
0.0323,0.0000,0.0000,0.0000,0.0323,0.0000,200,0.7210
0.0137,0.0000,0.0000,0.0000,0.0133,0.0004,200,0.7395
0.0157,0.0000,0.0000,0.0000,0.0157,0.0000,200,0.7376
0.0383,0.0000,0.0000,0.0000,0.0381,0.0001,200,0.7158
0.0042,0.0000,0.0000,0.0001,0.0040,0.0000,200,0.7498
0.0073,0.0000,0.0000,0.0000,0.0072,0.0001,200,0.7472
0.0534,0.0000,0.0000,0.0000,0.0533,0.0001,200,0.7014
0.0054,0.0000,0.0000,0.0000,0.0053,0.0001,200,0.7499
0.0093,0.0000,0.0000,0.0000,0.0090,0.0003,200,0.7468
0.0477,0.0000,0.0000,0.0000,0.0474,0.0002,200,0.7086
0.0117,0.0000,0.0000,0.0000,0.0116,0.0000,200,0.7451
0.0592,0.0000,0.0000,0.0000,0.0592,0.0000,200,0.6981
0.0218,0.0000,0.0000,0.0000,0.0216,0.0000,200,0.7356
0.0160,0.0000,0.0000,0.0001,0.0158,0.0001,200,0.7421
0.0127,0.0000,0.0000,0.0000,0.0126,0.0000,200,0.7456
0.0011,0.0000,0.0000,0.0001,0.0008,0.0001,200,0.7574
0.0010,0.0000,0.0000,0.0000,0.0008,0.0001,200,0.7581
0.0310,0.0000,0.0000,0.0000,0.0309,0.0001,200,0.7282
0.0066,0.0000,0.0000,0.0000,0.0065,0.0000,200,0.7529
0.0598,0.0000,0.0000,0.0000,0.0594,0.0004,200,0.7003
0.0159,0.0000,0.0000,0.0000,0.0158,0.0001,200,0.7445
0.0054,0.0000,0.0000,0.0000,0.0053,0.0001,200,0.7554
0.0256,0.0000,0.0000,0.0000,0.0253,0.0001,200,0.7356
0.0126,0.0000,0.0000,0.0001,0.0119,0.0004,200,0.7491
0.0106,0.0000,0.0000,0.0003,0.0100,0.0002,200,0.7514
0.0259,0.0000,0.0000,0.0000,0.0258,0.0001,200,0.7364
0.0233,0.0000,0.0000,0.0000,0.0230,0.0000,200,0.7393
0.0041,0.0000,0.0000,0.0000,0.0037,0.0004,200,0.7592
0.0108,0.0000,0.0000,0.0000,0.0107,0.0000,200,0.7526
0.0793,0.0000,0.0000,0.0000,0.0793,0.0000,200,0.6842
0.0100,0.0000,0.0000,0.0000,0.0093,0.0006,200,0.7546
0.0098,0.0000,0.0000,0.0000,0.0097,0.0000,200,0.7548
0.0549,0.0000,0.0000,0.0000,0.0548,0.0000,200,0.7099
0.0237,0.0000,0.0000,0.0000,0.0237,0.0000,200,0.7410
0.0242,0.0000,0.0000,0.0001,0.0240,0.0000,200,0.7411
0.0126,0.0000,0.0000,0.0000,0.0123,0.0003,200,0.7534
0.0398,0.0000,0.0000,0.0000,0.0398,0.0000,200,0.7262
0.0129,0.0000,0.0000,0.0000,0.0127,0.0000,200,0.7533
0.0237,0.0000,0.0000,0.0000,0.0236,0.0000,200,0.7429
0.0219,0.0000,0.0000,0.0002,0.0216,0.0000,200,0.7451
0.0340,0.0000,0.0000,0.0000,0.0337,0.0002,200,0.7335
0.0191,0.0000,0.0000,0.0000,0.0190,0.0000,200,0.7484
0.0046,0.0000,0.0000,0.0000,0.0045,0.0000,200,0.7634
0.0033,0.0000,0.0000,0.0000,0.0032,0.0000,200,0.7648
0.0445,0.0000,0.0000,0.0000,0.0444,0.0000,200,0.7240
0.0151,0.0000,0.0000,0.0000,0.0149,0.0002,200,0.7540
0.0046,0.0000,0.0000,0.0000,0.0045,0.0000,200,0.7646
0.0359,0.0000,0.0000,0.0000,0.0357,0.0001,200,0.7339
0.0040,0.0000,0.0000,0.0000,0.0039,0.0000,200,0.7661
0.0013,0.0000,0.0000,0.0000,0.0012,0.0000,200,0.7691
0.0142,0.0000,0.0000,0.0001,0.0141,0.0000,200,0.7568
0.0108,0.0000,0.0000,0.0000,0.0108,0.0000,200,0.7602
0.0110,0.0000,0.0000,0.0000,0.0109,0.0001,200,0.7603
0.0056,0.0000,0.0000,0.0000,0.0056,0.0000,200,0.7662
0.0823,0.0000,0.0000,0.0000,0.0821,0.0001,200,0.6896
0.0045,0.0000,0.0000,0.0000,0.0044,0.0000,200,0.7675
0.0390,0.0000,0.0000,0.0000,0.0389,0.0002,200,0.7336
0.0561,0.0000,0.0000,0.0000,0.0559,0.0002,200,0.7171
0.0149,0.0000,0.0000,0.0000,0.0149,0.0000,200,0.7585
0.0143,0.0000,0.0000,0.0000,0.0142,0.0001,200,0.7595
0.0205,0.0000,0.0000,0.0000,0.0203,0.0002,200,0.7541
0.0136,0.0000,0.0000,0.0000,0.0136,0.0000,200,0.7612
0.0092,0.0000,0.0000,0.0000,0.0090,0.0002,200,0.7666
0.0049,0.0000,0.0000,0.0000,0.0049,0.0000,200,0.7719
0.0059,0.0000,0.0000,0.0000,0.0058,0.0000,200,0.7710
0.0093,0.0000,0.0000,0.0000,0.0093,0.0000,200,0.7680
0.0353,0.0000,0.0000,0.0002,0.0350,0.0001,200,0.7422
0.0188,0.0000,0.0000,0.0000,0.0187,0.0000,200,0.7590
0.0151,0.0000,0.0000,0.0000,0.0149,0.0002,200,0.7635
0.0045,0.0000,0.0000,0.0002,0.0043,0.0000,200,0.7746
0.0092,0.0000,0.0000,0.0000,0.0091,0.0000,200,0.7704
0.0367,0.0000,0.0000,0.0000,0.0366,0.0001,200,0.7435
0.0275,0.0000,0.0000,0.0000,0.0274,0.0000,200,0.7533
0.0117,0.0000,0.0000,0.0000,0.0116,0.0001,200,0.7697
0.0068,0.0000,0.0000,0.0000,0.0067,0.0000,200,0.7748
0.0085,0.0000,0.0000,0.0000,0.0084,0.0000,200,0.7739
0.0415,0.0000,0.0000,0.0000,0.0414,0.0001,200,0.7415
0.0101,0.0000,0.0000,0.0000,0.0100,0.0001,200,0.7735
0.0107,0.0000,0.0000,0.0000,0.0106,0.0001,200,0.7733
0.0076,0.0000,0.0000,0.0000,0.0075,0.0000,200,0.7768
0.0227,0.0000,0.0000,0.0000,0.0226,0.0001,200,0.7620
0.0346,0.0000,0.0000,0.0000,0.0340,0.0001,200,0.7507
0.0029,0.0000,0.0000,0.0000,0.0028,0.0000,200,0.7830
0.0174,0.0000,0.0000,0.0000,0.0173,0.0000,200,0.7701
0.0155,0.0000,0.0000,0.0000,0.0154,0.0000,200,0.7720
0.0659,0.0000,0.0000,0.0000,0.0658,0.0000,200,0.7216
0.0118,0.0000,0.0000,0.0000,0.0117,0.0000,200,0.7758
0.0154,0.0000,0.0000,0.0000,0.0153,0.0000,200,0.7727
0.0041,0.0000,0.0000,0.0000,0.0040,0.0000,200,0.7844
0.0286,0.0000,0.0000,0.0001,0.0283,0.0001,200,0.7607
0.0229,0.0000,0.0000,0.0001,0.0227,0.0001,200,0.7670
0.0342,0.0000,0.0000,0.0000,0.0339,0.0003,200,0.7563
0.0343,0.0000,0.0000,0.0002,0.0341,0.0000,200,0.7561
0.0230,0.0000,0.0000,0.0000,0.0229,0.0001,200,0.7680
0.0091,0.0000,0.0000,0.0000,0.0090,0.0000,200,0.7824
0.0059,0.0000,0.0000,0.0000,0.0059,0.0000,200,0.7859
0.0244,0.0000,0.0000,0.0000,0.0243,0.0000,200,0.7675
0.0048,0.0000,0.0000,0.0000,0.0047,0.0001,200,0.7875
0.0309,0.0000,0.0000,0.0000,0.0308,0.0000,200,0.7617
0.0028,0.0000,0.0000,0.0000,0.0026,0.0001,200,0.7904
0.0024,0.0000,0.0000,0.0000,0.0018,0.0005,200,0.7918
0.0295,0.0000,0.0000,0.0000,0.0295,0.0000,200,0.7648
0.0127,0.0000,0.0000,0.0000,0.0126,0.0000,200,0.7816
0.0011,0.0000,0.0000,0.0000,0.0011,0.0000,200,0.7932
0.0175,0.0000,0.0000,0.0000,0.0175,0.0000,200,0.7769
0.0579,0.0000,0.0000,0.0000,0.0578,0.0000,200,0.7368
0.0145,0.0000,0.0000,0.0001,0.0142,0.0002,200,0.7807
0.0177,0.0000,0.0000,0.0000,0.0176,0.0000,200,0.7779
0.0273,0.0000,0.0000,0.0000,0.0269,0.0003,200,0.7685
0.0328,0.0000,0.0000,0.0000,0.0327,0.0000,200,0.7634
0.0057,0.0000,0.0000,0.0000,0.0056,0.0001,200,0.7910
0.0345,0.0000,0.0000,0.0000,0.0345,0.0000,200,0.7626
0.0060,0.0000,0.0000,0.0000,0.0058,0.0001,200,0.7914
0.0289,0.0000,0.0000,0.0000,0.0288,0.0000,200,0.7692
0.0509,0.0000,0.0000,0.0000,0.0507,0.0001,200,0.7476
0.0484,0.0000,0.0000,0.0000,0.0478,0.0001,200,0.7507
0.0148,0.0000,0.0000,0.0000,0.0147,0.0000,200,0.7847
0.0155,0.0000,0.0000,0.0000,0.0153,0.0002,200,0.7840
0.0348,0.0000,0.0000,0.0000,0.0347,0.0001,200,0.7653
0.0057,0.0000,0.0000,0.0000,0.0056,0.0000,200,0.7948
0.0079,0.0000,0.0000,0.0000,0.0064,0.0015,200,0.7943
0.0052,0.0000,0.0000,0.0000,0.0051,0.0000,200,0.7971
0.0250,0.0000,0.0000,0.0000,0.0249,0.0000,200,0.7773
0.0032,0.0000,0.0000,0.0000,0.0031,0.0000,200,0.7991
0.0149,0.0000,0.0000,0.0000,0.0149,0.0000,200,0.7875
0.0082,0.0000,0.0000,0.0000,0.0080,0.0000,200,0.7942
0.0188,0.0000,0.0000,0.0000,0.0187,0.0000,200,0.7836
0.0255,0.0000,0.0000,0.0000,0.0254,0.0001,200,0.7775
0.0162,0.0000,0.0000,0.0000,0.0161,0.0001,200,0.7875
0.0117,0.0000,0.0000,0.0001,0.0113,0.0002,200,0.7923
0.0022,0.0000,0.0000,0.0000,0.0022,0.0000,200,0.8023
0.0026,0.0000,0.0000,0.0000,0.0025,0.0000,200,0.8023
0.0100,0.0000,0.0000,0.0002,0.0097,0.0001,200,0.7953
0.0012,0.0000,0.0000,0.0000,0.0011,0.0001,200,0.8045
0.0024,0.0000,0.0000,0.0002,0.0020,0.0000,200,0.8037
0.0445,0.0000,0.0000,0.0000,0.0444,0.0001,200,0.7623
0.0085,0.0000,0.0000,0.0000,0.0084,0.0000,200,0.7985
0.0177,0.0000,0.0000,0.0001,0.0175,0.0001,200,0.7893
0.0362,0.0000,0.0000,0.0006,0.0355,0.0000,200,0.7714
0.0420,0.0000,0.0000,0.0000,0.0418,0.0000,200,0.7660
0.0012,0.0000,0.0000,0.0000,0.0011,0.0000,200,0.8068
0.0502,0.0000,0.0000,0.0001,0.0501,0.0000,200,0.7583
0.0090,0.0000,0.0000,0.0000,0.0089,0.0000,200,0.8001
0.0040,0.0000,0.0000,0.0001,0.0039,0.0000,200,0.8053
0.0194,0.0000,0.0000,0.0000,0.0193,0.0001,200,0.7904
0.0215,0.0000,0.0000,0.0000,0.0214,0.0000,200,0.7885
0.0301,0.0000,0.0000,0.0000,0.0300,0.0000,200,0.7802
0.0127,0.0000,0.0000,0.0000,0.0126,0.0001,200,0.7981
0.0136,0.0000,0.0000,0.0000,0.0135,0.0000,200,0.7975
0.0027,0.0000,0.0000,0.0001,0.0024,0.0001,200,0.8086
0.0194,0.0000,0.0000,0.0000,0.0193,0.0000,200,0.7926
0.0097,0.0000,0.0000,0.0000,0.0096,0.0001,200,0.8024
0.0687,0.0000,0.0000,0.0000,0.0686,0.0000,200,0.7435
0.0333,0.0000,0.0000,0.0001,0.0332,0.0000,200,0.7791
0.0670,0.0000,0.0000,0.0001,0.0668,0.0001,200,0.7458
0.0191,0.0000,0.0000,0.0000,0.0191,0.0000,200,0.7943
0.0418,0.0000,0.0000,0.0000,0.0417,0.0000,200,0.7718
0.0569,0.0000,0.0000,0.0000,0.0568,0.0000,200,0.7573
0.0020,0.0000,0.0000,0.0000,0.0017,0.0002,200,0.8124
0.0029,0.0000,0.0000,0.0000,0.0027,0.0001,200,0.8120
0.0193,0.0000,0.0000,0.0000,0.0192,0.0001,200,0.7957
0.0128,0.0000,0.0000,0.0000,0.0128,0.0000,200,0.8025
0.0085,0.0000,0.0000,0.0000,0.0084,0.0001,200,0.8070
0.0088,0.0000,0.0000,0.0000,0.0086,0.0002,200,0.8075
0.0051,0.0000,0.0000,0.0000,0.0050,0.0000,200,0.8113
0.0225,0.0000,0.0000,0.0000,0.0224,0.0000,200,0.7943
0.0274,0.0000,0.0000,0.0000,0.0273,0.0002,200,0.7899
0.0468,0.0000,0.0000,0.0000,0.0466,0.0001,200,0.7710
0.0039,0.0000,0.0000,0.0000,0.0038,0.0001,200,0.8142
0.0157,0.0000,0.0000,0.0000,0.0153,0.0004,200,0.8031
0.0392,0.0000,0.0000,0.0000,0.0392,0.0000,200,0.7796
0.0026,0.0000,0.0000,0.0002,0.0023,0.0000,200,0.8163
0.0017,0.0000,0.0000,0.0000,0.0016,0.0000,200,0.8178
0.0079,0.0000,0.0000,0.0000,0.0077,0.0000,200,0.8122
0.0390,0.0000,0.0000,0.0000,0.0386,0.0002,200,0.7814
0.0062,0.0000,0.0000,0.0000,0.0061,0.0000,200,0.8144
0.0052,0.0000,0.0000,0.0000,0.0051,0.0000,200,0.8157
0.0083,0.0000,0.0000,0.0000,0.0078,0.0005,200,0.8128
0.0724,0.0000,0.0000,0.0000,0.0723,0.0001,200,0.7489
0.0129,0.0000,0.0000,0.0000,0.0128,0.0000,200,0.8091
0.0122,0.0000,0.0000,0.0000,0.0121,0.0000,200,0.8098
0.0102,0.0000,0.0000,0.0000,0.0101,0.0000,200,0.8122
0.0223,0.0000,0.0000,0.0000,0.0220,0.0002,200,0.8005
0.0045,0.0000,0.0000,0.0000,0.0044,0.0000,200,0.8188
0.0268,0.0000,0.0000,0.0000,0.0267,0.0001,200,0.7968
0.0218,0.0000,0.0000,0.0000,0.0217,0.0000,200,0.8023
0.0108,0.0000,0.0000,0.0000,0.0106,0.0002,200,0.8137
0.0332,0.0000,0.0000,0.0000,0.0331,0.0001,200,0.7918
0.0372,0.0000,0.0000,0.0000,0.0371,0.0000,200,0.7881
0.0184,0.0000,0.0000,0.0000,0.0183,0.0001,200,0.8070
0.0210,0.0000,0.0000,0.0000,0.0209,0.0000,200,0.8049
0.0188,0.0000,0.0000,0.0000,0.0187,0.0001,200,0.8080
0.0393,0.0000,0.0000,0.0000,0.0392,0.0000,200,0.7876
0.0274,0.0000,0.0000,0.0000,0.0268,0.0006,200,0.7996
0.0278,0.0000,0.0000,0.0000,0.0277,0.0001,200,0.7995
0.0033,0.0000,0.0000,0.0001,0.0032,0.0000,200,0.8245
0.0261,0.0000,0.0000,0.0000,0.0259,0.0001,200,0.8022
0.0498,0.0000,0.0000,0.0000,0.0497,0.0001,200,0.7788
0.0185,0.0000,0.0000,0.0000,0.0184,0.0000,200,0.8103
0.0081,0.0000,0.0000,0.0000,0.0080,0.0000,200,0.8212
0.0190,0.0000,0.0000,0.0000,0.0188,0.0001,200,0.8108
0.0346,0.0000,0.0000,0.0000,0.0345,0.0001,200,0.7955
0.0019,0.0000,0.0000,0.0001,0.0016,0.0001,200,0.8286
0.0138,0.0000,0.0000,0.0000,0.0135,0.0002,200,0.8173
0.0130,0.0000,0.0000,0.0000,0.0129,0.0000,200,0.8181
0.0093,0.0000,0.0000,0.0000,0.0089,0.0002,200,0.8227
0.0037,0.0000,0.0000,0.0000,0.0036,0.0000,200,0.8283
0.0117,0.0000,0.0000,0.0000,0.0116,0.0001,200,0.8204
0.0125,0.0000,0.0000,0.0000,0.0124,0.0001,200,0.8200
0.0367,0.0000,0.0000,0.0000,0.0367,0.0000,200,0.7962
0.0185,0.0000,0.0000,0.0000,0.0181,0.0001,200,0.8149
0.0014,0.0000,0.0000,0.0000,0.0013,0.0000,200,0.8322
0.0135,0.0000,0.0000,0.0001,0.0133,0.0000,200,0.8205
0.0305,0.0000,0.0000,0.0001,0.0302,0.0001,200,0.8040
0.0046,0.0000,0.0000,0.0000,0.0045,0.0001,200,0.8302
0.0117,0.0000,0.0000,0.0000,0.0115,0.0000,200,0.8241
0.0086,0.0000,0.0000,0.0000,0.0085,0.0000,200,0.8273
0.0039,0.0000,0.0000,0.0000,0.0039,0.0000,200,0.8320
0.0067,0.0000,0.0000,0.0000,0.0066,0.0001,200,0.8293
0.0061,0.0000,0.0000,0.0002,0.0057,0.0002,200,0.8305
0.0022,0.0000,0.0000,0.0000,0.0022,0.0000,200,0.8348
0.0078,0.0000,0.0000,0.0000,0.0075,0.0001,200,0.8298
0.0156,0.0000,0.0000,0.0000,0.0153,0.0002,200,0.8224
0.0212,0.0000,0.0000,0.0000,0.0212,0.0000,200,0.8168
0.0533,0.0000,0.0000,0.0005,0.0526,0.0001,200,0.7853
0.0026,0.0000,0.0000,0.0000,0.0026,0.0000,200,0.8359
0.0104,0.0000,0.0000,0.0000,0.0103,0.0001,200,0.8288
0.0448,0.0000,0.0000,0.0008,0.0439,0.0001,200,0.7944
0.0129,0.0000,0.0000,0.0000,0.0128,0.0001,200,0.8268
0.0379,0.0000,0.0000,0.0000,0.0378,0.0000,200,0.8024
0.0018,0.0000,0.0000,0.0000,0.0017,0.0000,200,0.8385
0.0213,0.0000,0.0000,0.0000,0.0213,0.0000,200,0.8195
0.0145,0.0000,0.0000,0.0002,0.0138,0.0000,200,0.8269
0.0104,0.0000,0.0000,0.0000,0.0103,0.0001,200,0.8311
0.0186,0.0000,0.0000,0.0000,0.0185,0.0001,200,0.8232
0.0364,0.0000,0.0000,0.0000,0.0363,0.0001,200,0.8057
0.0176,0.0000,0.0000,0.0000,0.0175,0.0000,200,0.8252
0.0084,0.0000,0.0000,0.0001,0.0083,0.0000,200,0.8345
0.0165,0.0000,0.0000,0.0005,0.0159,0.0000,200,0.8268
0.0157,0.0000,0.0000,0.0000,0.0155,0.0001,200,0.8278
0.0079,0.0000,0.0000,0.0000,0.0079,0.0000,200,0.8358
0.0255,0.0000,0.0000,0.0000,0.0252,0.0003,200,0.8189
0.0124,0.0000,0.0000,0.0000,0.0123,0.0000,200,0.8320
0.0225,0.0000,0.0000,0.0000,0.0225,0.0000,200,0.8220
0.0113,0.0000,0.0000,0.0000,0.0110,0.0000,200,0.8341
0.0394,0.0000,0.0000,0.0000,0.0391,0.0003,200,0.8061
0.0042,0.0000,0.0000,0.0000,0.0039,0.0000,200,0.8419
0.0087,0.0000,0.0000,0.0000,0.0086,0.0000,200,0.8380
0.0827,0.0000,0.0000,0.0000,0.0824,0.0003,200,0.7646
0.0045,0.0000,0.0000,0.0000,0.0043,0.0001,200,0.8429
0.0148,0.0000,0.0000,0.0000,0.0147,0.0000,200,0.8330
0.0145,0.0000,0.0000,0.0000,0.0144,0.0000,200,0.8335
0.0035,0.0000,0.0000,0.0000,0.0034,0.0000,200,0.8445
0.0123,0.0000,0.0000,0.0000,0.0122,0.0001,200,0.8360
0.0337,0.0000,0.0000,0.0000,0.0334,0.0003,200,0.8153
0.0180,0.0000,0.0000,0.0000,0.0177,0.0002,200,0.8311
0.0284,0.0000,0.0000,0.0000,0.0283,0.0000,200,0.8213
0.0420,0.0000,0.0000,0.0000,0.0420,0.0000,200,0.8080
0.0072,0.0000,0.0000,0.0000,0.0072,0.0000,200,0.8434
0.0318,0.0000,0.0000,0.0000,0.0317,0.0000,200,0.8189
0.0012,0.0000,0.0000,0.0000,0.0010,0.0000,200,0.8497
0.0068,0.0000,0.0000,0.0000,0.0067,0.0000,200,0.8444
0.0028,0.0000,0.0000,0.0000,0.0027,0.0000,200,0.8490
0.0303,0.0000,0.0000,0.0002,0.0298,0.0000,200,0.8220
0.0011,0.0000,0.0000,0.0001,0.0010,0.0000,200,0.8512
0.0273,0.0000,0.0000,0.0000,0.0273,0.0000,200,0.8250
0.0149,0.0000,0.0000,0.0000,0.0148,0.0000,200,0.8380
0.0049,0.0000,0.0000,0.0000,0.0048,0.0001,200,0.8484
0.0065,0.0000,0.0000,0.0000,0.0061,0.0003,200,0.8480
0.0336,0.0000,0.0000,0.0000,0.0335,0.0000,200,0.8209
0.0145,0.0000,0.0000,0.0000,0.0142,0.0003,200,0.8403
0.0146,0.0000,0.0000,0.0000,0.0145,0.0000,200,0.8403
0.0132,0.0000,0.0000,0.0000,0.0131,0.0000,200,0.8422
0.0463,0.0000,0.0000,0.0000,0.0462,0.0001,200,0.8093
0.0053,0.0000,0.0000,0.0000,0.0052,0.0000,200,0.8507
0.0415,0.0000,0.0000,0.0000,0.0413,0.0001,200,0.8151
0.0402,0.0000,0.0000,0.0000,0.0402,0.0000,200,0.8164
0.0019,0.0000,0.0000,0.0000,0.0018,0.0001,200,0.8553
0.0044,0.0000,0.0000,0.0000,0.0043,0.0000,200,0.8529
0.0146,0.0000,0.0000,0.0000,0.0144,0.0001,200,0.8428
0.0139,0.0000,0.0000,0.0000,0.0138,0.0000,200,0.8444
0.0327,0.0000,0.0000,0.0000,0.0326,0.0000,200,0.8260
0.0042,0.0000,0.0000,0.0000,0.0041,0.0000,200,0.8545
0.0129,0.0000,0.0000,0.0001,0.0127,0.0001,200,0.8461
0.0127,0.0000,0.0000,0.0000,0.0126,0.0000,200,0.8467
0.0076,0.0000,0.0000,0.0001,0.0074,0.0000,200,0.8523
0.0111,0.0000,0.0000,0.0001,0.0110,0.0000,200,0.8491
0.0368,0.0000,0.0000,0.0000,0.0368,0.0000,200,0.8235
0.0215,0.0000,0.0000,0.0000,0.0214,0.0001,200,0.8392
0.0501,0.0000,0.0000,0.0000,0.0501,0.0001,200,0.8111
0.0031,0.0000,0.0000,0.0000,0.0029,0.0000,200,0.8587
0.0032,0.0000,0.0000,0.0000,0.0028,0.0003,200,0.8587
0.0167,0.0000,0.0000,0.0000,0.0166,0.0000,200,0.8455
0.0116,0.0000,0.0000,0.0000,0.0115,0.0001,200,0.8509
0.0082,0.0000,0.0000,0.0000,0.0082,0.0000,200,0.8545
0.0051,0.0000,0.0000,0.0000,0.0049,0.0001,200,0.8583
0.0077,0.0000,0.0000,0.0000,0.0076,0.0000,200,0.8557
0.0268,0.0000,0.0000,0.0000,0.0267,0.0000,200,0.8370
0.0084,0.0000,0.0000,0.0000,0.0083,0.0000,200,0.8559
0.0127,0.0000,0.0000,0.0000,0.0122,0.0004,200,0.8523
0.0079,0.0000,0.0000,0.0000,0.0079,0.0000,200,0.8573
0.0293,0.0000,0.0000,0.0000,0.0292,0.0000,200,0.8359
0.0246,0.0000,0.0000,0.0000,0.0244,0.0002,200,0.8414
0.0060,0.0000,0.0000,0.0000,0.0058,0.0002,200,0.8604
0.0345,0.0000,0.0000,0.0000,0.0342,0.0002,200,0.8326
0.0166,0.0000,0.0000,0.0000,0.0163,0.0003,200,0.8507
0.0073,0.0000,0.0000,0.0000,0.0043,0.0030,200,0.8612
0.0212,0.0000,0.0000,0.0000,0.0203,0.0009,200,0.8474
0.0054,0.0000,0.0000,0.0000,0.0053,0.0000,200,0.8633
0.0039,0.0000,0.0000,0.0000,0.0015,0.0000,200,0.8652
0.0362,0.0000,0.0000,0.0000,0.0361,0.0000,200,0.8334
0.0175,0.0000,0.0000,0.0000,0.0174,0.0001,200,0.8524
0.0188,0.0000,0.0000,0.0000,0.0187,0.0000,200,0.8518
0.0101,0.0000,0.0000,0.0000,0.0098,0.0002,200,0.8607
0.0614,0.0000,0.0000,0.0001,0.0613,0.0000,200,0.8100
0.0215,0.0000,0.0000,0.0000,0.0214,0.0001,200,0.8501
0.0130,0.0000,0.0000,0.0000,0.0130,0.0000,200,0.8590
0.0130,0.0000,0.0000,0.0000,0.0129,0.0001,200,0.8594
0.0060,0.0000,0.0000,0.0003,0.0056,0.0000,200,0.8664
0.0113,0.0000,0.0000,0.0000,0.0111,0.0002,200,0.8618
0.0302,0.0000,0.0000,0.0000,0.0299,0.0002,200,0.8434
0.0105,0.0000,0.0000,0.0001,0.0103,0.0000,200,0.8634
0.0608,0.0000,0.0000,0.0000,0.0607,0.0000,200,0.8134
0.0043,0.0000,0.0000,0.0000,0.0039,0.0003,200,0.8706
0.0175,0.0000,0.0000,0.0000,0.0174,0.0000,200,0.8574
0.0282,0.0000,0.0000,0.0001,0.0281,0.0000,200,0.8474
0.0035,0.0000,0.0000,0.0000,0.0034,0.0001,200,0.8724
0.0229,0.0000,0.0000,0.0000,0.0228,0.0001,200,0.8533
0.0197,0.0000,0.0000,0.0001,0.0193,0.0003,200,0.8573
0.0204,0.0000,0.0000,0.0000,0.0203,0.0000,200,0.8566
0.0056,0.0000,0.0000,0.0000,0.0055,0.0000,200,0.8720
0.0228,0.0000,0.0000,0.0000,0.0222,0.0000,200,0.8548
0.0041,0.0000,0.0000,0.0000,0.0041,0.0000,200,0.8739
0.0385,0.0000,0.0000,0.0000,0.0384,0.0000,200,0.8397
0.0157,0.0000,0.0000,0.0000,0.0156,0.0000,200,0.8627
0.0072,0.0000,0.0000,0.0000,0.0072,0.0000,200,0.8714
0.0403,0.0000,0.0000,0.0000,0.0401,0.0001,200,0.8385
0.0310,0.0000,0.0000,0.0000,0.0309,0.0000,200,0.8480
0.0316,0.0000,0.0000,0.0000,0.0300,0.0016,200,0.8477
0.0014,0.0000,0.0000,0.0000,0.0013,0.0000,200,0.8782
0.0396,0.0000,0.0000,0.0000,0.0392,0.0003,200,0.8408
0.0062,0.0000,0.0000,0.0000,0.0061,0.0000,200,0.8742
0.0261,0.0000,0.0000,0.0000,0.0260,0.0001,200,0.8549
0.0357,0.0000,0.0000,0.0000,0.0354,0.0001,200,0.8455
0.0013,0.0000,0.0000,0.0000,0.0012,0.0000,200,0.8804
0.0183,0.0000,0.0000,0.0000,0.0182,0.0000,200,0.8638
0.0076,0.0000,0.0000,0.0000,0.0076,0.0000,200,0.8749
0.0079,0.0000,0.0000,0.0000,0.0078,0.0000,200,0.8749
0.0466,0.0000,0.0000,0.0000,0.0464,0.0002,200,0.8366
0.0181,0.0000,0.0000,0.0035,0.0146,0.0000,200,0.8652
0.0186,0.0000,0.0000,0.0000,0.0185,0.0001,200,0.8651
0.0046,0.0000,0.0000,0.0000,0.0045,0.0001,200,0.8796
0.0276,0.0000,0.0000,0.0000,0.0269,0.0000,200,0.8566
0.0409,0.0000,0.0000,0.0000,0.0407,0.0000,200,0.8438
0.0059,0.0000,0.0000,0.0001,0.0057,0.0000,200,0.8790
0.0138,0.0000,0.0000,0.0001,0.0135,0.0000,200,0.8716
0.0069,0.0000,0.0000,0.0000,0.0069,0.0000,200,0.8786
0.0607,0.0000,0.0000,0.0000,0.0606,0.0001,200,0.8254
0.0488,0.0000,0.0000,0.0001,0.0486,0.0000,200,0.8376
0.0128,0.0000,0.0000,0.0000,0.0127,0.0000,200,0.8736
0.0051,0.0000,0.0000,0.0000,0.0051,0.0000,200,0.8817
0.0269,0.0000,0.0000,0.0001,0.0267,0.0001,200,0.8602
0.0486,0.0000,0.0000,0.0000,0.0485,0.0000,200,0.8392
0.0036,0.0000,0.0000,0.0000,0.0035,0.0001,200,0.8842
0.0034,0.0000,0.0000,0.0000,0.0032,0.0002,200,0.8847
0.0044,0.0000,0.0000,0.0000,0.0043,0.0000,200,0.8837
0.0191,0.0000,0.0000,0.0000,0.0190,0.0001,200,0.8696
0.0134,0.0000,0.0000,0.0000,0.0133,0.0000,200,0.8759
0.0116,0.0000,0.0000,0.0001,0.0115,0.0000,200,0.8776
0.0028,0.0000,0.0000,0.0000,0.0025,0.0000,200,0.8868
0.0097,0.0000,0.0000,0.0002,0.0095,0.0000,200,0.8804
0.0147,0.0000,0.0000,0.0001,0.0142,0.0004,200,0.8762
0.0014,0.0000,0.0000,0.0000,0.0013,0.0000,200,0.8896
0.0188,0.0000,0.0000,0.0000,0.0187,0.0000,200,0.8724
0.0058,0.0000,0.0000,0.0000,0.0056,0.0001,200,0.8856
0.0087,0.0000,0.0000,0.0000,0.0086,0.0000,200,0.8833
0.0231,0.0000,0.0000,0.0000,0.0230,0.0000,200,0.8691
0.0076,0.0000,0.0000,0.0000,0.0075,0.0001,200,0.8854
0.0312,0.0000,0.0000,0.0000,0.0312,0.0000,200,0.8618
0.0137,0.0000,0.0000,0.0000,0.0137,0.0000,200,0.8793
0.0183,0.0000,0.0000,0.0000,0.0181,0.0001,200,0.8756
0.0232,0.0000,0.0000,0.0000,0.0231,0.0000,200,0.8708
0.0051,0.0000,0.0000,0.0000,0.0050,0.0000,200,0.8893
0.0071,0.0000,0.0000,0.0000,0.0070,0.0000,200,0.8878
0.0117,0.0000,0.0000,0.0000,0.0116,0.0000,200,0.8833
0.0074,0.0000,0.0000,0.0000,0.0073,0.0000,200,0.8881
0.0109,0.0000,0.0000,0.0000,0.0109,0.0000,200,0.8849
0.0141,0.0000,0.0000,0.0000,0.0140,0.0001,200,0.8821
0.0132,0.0000,0.0000,0.0000,0.0130,0.0002,200,0.8842
0.0288,0.0000,0.0000,0.0000,0.0286,0.0000,200,0.8686
0.0038,0.0000,0.0000,0.0000,0.0037,0.0000,200,0.8955
0.0055,0.0000,0.0000,0.0000,0.0053,0.0000,200,0.8938
0.0055,0.0000,0.0000,0.0000,0.0054,0.0000,200,0.8940
0.0100,0.0000,0.0000,0.0000,0.0099,0.0000,200,0.8914
0.0055,0.0000,0.0000,0.0000,0.0055,0.0000,200,0.8958
0.0021,0.0000,0.0000,0.0000,0.0021,0.0000,200,0.8993
0.0344,0.0000,0.0000,0.0009,0.0334,0.0000,200,0.8670
0.0239,0.0000,0.0000,0.0004,0.0218,0.0000,200,0.8776
0.0085,0.0000,0.0000,0.0000,0.0085,0.0000,200,0.8930
0.0329,0.0000,0.0000,0.0000,0.0327,0.0002,200,0.8687
0.0195,0.0000,0.0000,0.0000,0.0194,0.0000,200,0.8825
0.0238,0.0000,0.0000,0.0000,0.0237,0.0001,200,0.8788
0.0412,0.0000,0.0000,0.0000,0.0411,0.0000,200,0.8621
0.0124,0.0000,0.0000,0.0000,0.0119,0.0000,200,0.8919
0.0241,0.0000,0.0000,0.0000,0.0238,0.0001,200,0.8810
0.0040,0.0000,0.0000,0.0000,0.0038,0.0002,200,0.9014
0.0462,0.0000,0.0000,0.0000,0.0458,0.0001,200,0.8599
0.0037,0.0000,0.0000,0.0000,0.0036,0.0000,200,0.9026
0.0056,0.0000,0.0000,0.0001,0.0055,0.0000,200,0.9013
0.0662,0.0000,0.0000,0.0000,0.0661,0.0000,200,0.8415
0.0214,0.0000,0.0000,0.0000,0.0208,0.0005,200,0.8864
0.0206,0.0000,0.0000,0.0000,0.0204,0.0001,200,0.8878
0.0177,0.0000,0.0000,0.0000,0.0176,0.0000,200,0.8910
0.0116,0.0000,0.0000,0.0000,0.0115,0.0000,200,0.8974
0.0017,0.0000,0.0000,0.0000,0.0016,0.0001,200,0.9077
0.0241,0.0000,0.0000,0.0000,0.0237,0.0004,200,0.8862
0.0027,0.0000,0.0000,0.0000,0.0026,0.0000,200,0.9078
0.0017,0.0000,0.0000,0.0001,0.0015,0.0001,200,0.9090
0.0098,0.0000,0.0000,0.0000,0.0098,0.0000,200,0.9020
0.0339,0.0000,0.0000,0.0000,0.0333,0.0005,200,0.8780
0.0433,0.0000,0.0000,0.0000,0.0430,0.0003,200,0.8685
0.0061,0.0000,0.0000,0.0000,0.0060,0.0001,200,0.9063
0.0178,0.0000,0.0000,0.0000,0.0178,0.0000,200,0.8950
0.0076,0.0000,0.0000,0.0000,0.0075,0.0000,200,0.9054
0.0121,0.0000,0.0000,0.0000,0.0119,0.0002,200,0.9016
0.0266,0.0000,0.0000,0.0000,0.0263,0.0000,200,0.8871
0.0047,0.0000,0.0000,0.0000,0.0046,0.0001,200,0.9093
0.0024,0.0000,0.0000,0.0000,0.0023,0.0000,200,0.9118
0.0199,0.0000,0.0000,0.0000,0.0198,0.0000,200,0.8950
0.0381,0.0000,0.0000,0.0000,0.0380,0.0000,200,0.8770
0.0526,0.0000,0.0000,0.0001,0.0522,0.0002,200,0.8625
0.0114,0.0000,0.0000,0.0000,0.0113,0.0001,200,0.9043
0.0034,0.0000,0.0000,0.0000,0.0033,0.0000,200,0.9124
0.0256,0.0000,0.0000,0.0000,0.0254,0.0002,200,0.8909
0.0105,0.0000,0.0000,0.0000,0.0104,0.0000,200,0.9060
0.0152,0.0000,0.0000,0.0000,0.0149,0.0001,200,0.9016
0.0292,0.0000,0.0000,0.0000,0.0291,0.0000,200,0.8881
0.0074,0.0000,0.0000,0.0001,0.0072,0.0001,200,0.9105
0.0052,0.0000,0.0000,0.0000,0.0051,0.0001,200,0.9128
0.0031,0.0000,0.0000,0.0000,0.0030,0.0000,200,0.9152
0.0287,0.0000,0.0000,0.0000,0.0286,0.0000,200,0.8901
0.0215,0.0000,0.0000,0.0001,0.0213,0.0000,200,0.8973
0.0535,0.0000,0.0000,0.0000,0.0534,0.0000,200,0.8660
0.0060,0.0000,0.0000,0.0000,0.0060,0.0000,200,0.9137
0.0047,0.0000,0.0000,0.0000,0.0045,0.0001,200,0.9159
0.0033,0.0000,0.0000,0.0000,0.0030,0.0003,200,0.9179
0.0065,0.0000,0.0000,0.0000,0.0063,0.0000,200,0.9149
0.0029,0.0000,0.0000,0.0000,0.0028,0.0000,200,0.9188
0.0286,0.0000,0.0000,0.0000,0.0285,0.0000,200,0.8930
0.0337,0.0000,0.0000,0.0000,0.0332,0.0000,200,0.8887
0.0037,0.0000,0.0000,0.0000,0.0036,0.0000,200,0.9188
0.0556,0.0000,0.0000,0.0002,0.0551,0.0002,200,0.8673
0.0056,0.0000,0.0000,0.0000,0.0055,0.0001,200,0.9173
0.0183,0.0000,0.0000,0.0005,0.0177,0.0000,200,0.9050
0.0057,0.0000,0.0000,0.0000,0.0056,0.0000,200,0.9180
0.0346,0.0000,0.0000,0.0000,0.0341,0.0004,200,0.8893
0.0153,0.0000,0.0000,0.0000,0.0149,0.0000,200,0.9086
0.0009,0.0000,0.0000,0.0000,0.0009,0.0000,200,0.9240
0.0113,0.0000,0.0000,0.0000,0.0110,0.0003,200,0.9137
0.0038,0.0000,0.0000,0.0000,0.0038,0.0000,200,0.9216
0.0141,0.0000,0.0000,0.0000,0.0140,0.0000,200,0.9118
0.0133,0.0000,0.0000,0.0000,0.0130,0.0002,200,0.9130
0.0569,0.0000,0.0000,0.0000,0.0567,0.0001,200,0.8699
0.0047,0.0000,0.0000,0.0000,0.0045,0.0002,200,0.9225
0.0062,0.0000,0.0000,0.0000,0.0061,0.0000,200,0.9214
0.0061,0.0000,0.0000,0.0000,0.0060,0.0000,200,0.9216
0.0284,0.0000,0.0000,0.0000,0.0283,0.0000,200,0.8995
0.0017,0.0000,0.0000,0.0000,0.0017,0.0000,200,0.9263
0.0031,0.0000,0.0000,0.0000,0.0029,0.0002,200,0.9259
0.0346,0.0000,0.0000,0.0000,0.0346,0.0000,200,0.8944
0.0174,0.0000,0.0000,0.0000,0.0173,0.0001,200,0.9119
0.0303,0.0000,0.0000,0.0000,0.0303,0.0000,200,0.8993
0.0162,0.0000,0.0000,0.0001,0.0157,0.0002,200,0.9142
0.0068,0.0000,0.0000,0.0000,0.0066,0.0000,200,0.9238
0.0015,0.0000,0.0000,0.0001,0.0010,0.0004,200,0.9292
0.0449,0.0000,0.0000,0.0000,0.0448,0.0000,200,0.8864
0.0280,0.0000,0.0000,0.0000,0.0279,0.0000,200,0.9033
0.0234,0.0000,0.0000,0.0002,0.0231,0.0000,200,0.9084
0.0029,0.0000,0.0000,0.0000,0.0027,0.0002,200,0.9297
0.0092,0.0000,0.0000,0.0001,0.0089,0.0000,200,0.9237
0.0317,0.0000,0.0000,0.0000,0.0316,0.0000,200,0.9015
0.0192,0.0000,0.0000,0.0000,0.0191,0.0000,200,0.9140
0.0032,0.0000,0.0000,0.0000,0.0030,0.0002,200,0.9306
0.0420,0.0000,0.0000,0.0000,0.0419,0.0001,200,0.8922
0.0134,0.0000,0.0000,0.0002,0.0131,0.0000,200,0.9212
0.0185,0.0000,0.0000,0.0000,0.0184,0.0001,200,0.9165
0.0527,0.0000,0.0000,0.0000,0.0526,0.0001,200,0.8828
0.0187,0.0000,0.0000,0.0000,0.0186,0.0000,200,0.9168
0.0017,0.0000,0.0000,0.0000,0.0017,0.0000,200,0.9339
0.0132,0.0000,0.0000,0.0000,0.0131,0.0000,200,0.9229
0.0055,0.0000,0.0000,0.0000,0.0054,0.0001,200,0.9313
0.0727,0.0000,0.0000,0.0000,0.0727,0.0000,200,0.8643
0.0043,0.0000,0.0000,0.0000,0.0042,0.0001,200,0.9329
0.0097,0.0000,0.0000,0.0000,0.0096,0.0001,200,0.9280
0.0033,0.0000,0.0000,0.0000,0.0032,0.0000,200,0.9350
0.0372,0.0000,0.0000,0.0000,0.0369,0.0000,200,0.9013
0.0237,0.0000,0.0000,0.0000,0.0235,0.0001,200,0.9151
0.0192,0.0000,0.0000,0.0000,0.0189,0.0002,200,0.9205
0.0033,0.0000,0.0000,0.0000,0.0029,0.0003,200,0.9369
0.0129,0.0000,0.0000,0.0000,0.0128,0.0001,200,0.9273
0.0102,0.0000,0.0000,0.0000,0.0102,0.0000,200,0.9304
0.0135,0.0000,0.0000,0.0000,0.0133,0.0000,200,0.9276
0.0164,0.0000,0.0000,0.0000,0.0163,0.0000,200,0.9250
0.0689,0.0000,0.0000,0.0000,0.0688,0.0000,200,0.8731
0.0313,0.0000,0.0000,0.0000,0.0313,0.0000,200,0.9107
0.0269,0.0000,0.0000,0.0000,0.0267,0.0001,200,0.9156
0.0518,0.0000,0.0000,0.0001,0.0512,0.0004,200,0.8912
0.0045,0.0000,0.0000,0.0001,0.0044,0.0000,200,0.9385
0.0014,0.0000,0.0000,0.0000,0.0013,0.0000,200,0.9420
0.0013,0.0000,0.0000,0.0000,0.0012,0.0001,200,0.9425
0.0191,0.0000,0.0000,0.0000,0.0189,0.0002,200,0.9254
0.0016,0.0000,0.0000,0.0000,0.0015,0.0000,200,0.9430
0.0115,0.0000,0.0000,0.0000,0.0114,0.0001,200,0.9332
0.0641,0.0000,0.0000,0.0000,0.0640,0.0000,200,0.8812
0.0011,0.0000,0.0000,0.0000,0.0009,0.0001,200,0.9447
0.0267,0.0000,0.0000,0.0000,0.0266,0.0000,200,0.9195
0.0362,0.0000,0.0000,0.0000,0.0361,0.0000,200,0.9103
0.0081,0.0000,0.0000,0.0000,0.0081,0.0000,200,0.9388
0.0132,0.0000,0.0000,0.0000,0.0131,0.0000,200,0.9343
0.0034,0.0000,0.0000,0.0000,0.0033,0.0001,200,0.9446
0.0163,0.0000,0.0000,0.0000,0.0158,0.0005,200,0.9317
0.0070,0.0000,0.0000,0.0000,0.0069,0.0000,200,0.9414
0.0266,0.0000,0.0000,0.0001,0.0264,0.0000,200,0.9224
0.0188,0.0000,0.0000,0.0000,0.0188,0.0000,200,0.9307
0.0164,0.0000,0.0000,0.0000,0.0163,0.0000,200,0.9332
0.0154,0.0000,0.0000,0.0000,0.0153,0.0000,200,0.9346
0.0070,0.0000,0.0000,0.0000,0.0069,0.0000,200,0.9434
0.0015,0.0000,0.0000,0.0000,0.0013,0.0001,200,0.9490
0.0114,0.0000,0.0000,0.0000,0.0113,0.0000,200,0.9397
0.0224,0.0000,0.0000,0.0000,0.0223,0.0001,200,0.9290
0.0747,0.0000,0.0000,0.0000,0.0746,0.0000,200,0.8770
0.0168,0.0000,0.0000,0.0000,0.0166,0.0002,200,0.9356
0.0329,0.0000,0.0000,0.0000,0.0328,0.0000,200,0.9198
0.0046,0.0000,0.0000,0.0000,0.0045,0.0000,200,0.9484
0.0056,0.0000,0.0000,0.0000,0.0055,0.0000,200,0.9474
0.0041,0.0000,0.0000,0.0000,0.0040,0.0001,200,0.9496
0.0757,0.0000,0.0000,0.0000,0.0756,0.0001,200,0.8784
0.0021,0.0000,0.0000,0.0000,0.0017,0.0001,200,0.9526
0.0085,0.0000,0.0000,0.0000,0.0084,0.0000,200,0.9463
0.0072,0.0000,0.0000,0.0000,0.0069,0.0002,200,0.9480
0.0306,0.0000,0.0000,0.0000,0.0306,0.0000,200,0.9250
0.0283,0.0000,0.0000,0.0000,0.0278,0.0002,200,0.9279
0.0045,0.0000,0.0000,0.0000,0.0044,0.0000,200,0.9517
0.0102,0.0000,0.0000,0.0000,0.0101,0.0001,200,0.9465
0.0092,0.0000,0.0000,0.0000,0.0090,0.0002,200,0.9481
0.0250,0.0000,0.0000,0.0000,0.0249,0.0001,200,0.9326
0.0025,0.0000,0.0000,0.0000,0.0024,0.0001,200,0.9552
0.0220,0.0000,0.0000,0.0000,0.0219,0.0001,200,0.9361
0.0085,0.0000,0.0000,0.0000,0.0082,0.0003,200,0.9504
0.0044,0.0000,0.0000,0.0000,0.0043,0.0001,200,0.9547
0.0125,0.0000,0.0000,0.0000,0.0124,0.0001,200,0.9469
0.0241,0.0000,0.0000,0.0000,0.0240,0.0002,200,0.9356
0.0018,0.0000,0.0000,0.0000,0.0015,0.0003,200,0.9581
0.0327,0.0000,0.0000,0.0000,0.0325,0.0000,200,0.9277
0.0058,0.0000,0.0000,0.0000,0.0057,0.0000,200,0.9547
0.0113,0.0000,0.0000,0.0000,0.0112,0.0000,200,0.9496
0.0426,0.0000,0.0000,0.0001,0.0420,0.0001,200,0.9182
0.0087,0.0000,0.0000,0.0000,0.0086,0.0000,200,0.9524
0.0083,0.0000,0.0000,0.0000,0.0082,0.0000,200,0.9537
0.0110,0.0000,0.0000,0.0000,0.0109,0.0000,200,0.9510
0.0121,0.0000,0.0000,0.0000,0.0121,0.0000,200,0.9500
0.0243,0.0000,0.0000,0.0001,0.0242,0.0000,200,0.9383
0.0026,0.0000,0.0000,0.0000,0.0025,0.0000,200,0.9605
0.0112,0.0000,0.0000,0.0001,0.0103,0.0008,200,0.9530
0.0066,0.0000,0.0000,0.0000,0.0065,0.0000,200,0.9577
0.0087,0.0000,0.0000,0.0000,0.0087,0.0000,200,0.9556
0.0190,0.0000,0.0000,0.0000,0.0189,0.0000,200,0.9453
0.0245,0.0000,0.0000,0.0000,0.0244,0.0001,200,0.9402
0.0341,0.0000,0.0000,0.0000,0.0337,0.0004,200,0.9313
0.0092,0.0000,0.0000,0.0000,0.0091,0.0001,200,0.9562
0.0278,0.0000,0.0000,0.0000,0.0278,0.0000,200,0.9377
0.0732,0.0000,0.0000,0.0001,0.0726,0.0003,200,0.8931
0.0246,0.0000,0.0000,0.0000,0.0245,0.0000,200,0.9420
0.0049,0.0000,0.0000,0.0000,0.0048,0.0000,200,0.9621
0.0132,0.0000,0.0000,0.0002,0.0130,0.0000,200,0.9542
0.0171,0.0000,0.0000,0.0002,0.0168,0.0000,200,0.9505
0.0091,0.0000,0.0000,0.0001,0.0089,0.0002,200,0.9591
0.0248,0.0000,0.0000,0.0000,0.0247,0.0000,200,0.9438
0.0287,0.0000,0.0000,0.0000,0.0286,0.0001,200,0.9401
0.0027,0.0000,0.0000,0.0000,0.0026,0.0000,200,0.9666
0.0054,0.0000,0.0000,0.0000,0.0053,0.0001,200,0.9643
0.0331,0.0000,0.0000,0.0000,0.0331,0.0000,200,0.9371
0.0048,0.0000,0.0000,0.0000,0.0047,0.0000,200,0.9654
0.0183,0.0000,0.0000,0.0000,0.0183,0.0000,200,0.9530
0.0081,0.0000,0.0000,0.0000,0.0080,0.0000,200,0.9642
0.0080,0.0000,0.0000,0.0000,0.0079,0.0000,200,0.9654
0.0041,0.0000,0.0000,0.0000,0.0037,0.0004,200,0.9693
0.0094,0.0000,0.0000,0.0000,0.0093,0.0001,200,0.9646
0.0331,0.0000,0.0000,0.0000,0.0331,0.0000,200,0.9411
0.0134,0.0000,0.0000,0.0000,0.0133,0.0000,200,0.9611
0.0583,0.0000,0.0000,0.0000,0.0582,0.0000,200,0.9165
0.0142,0.0000,0.0000,0.0000,0.0141,0.0000,200,0.9609
0.0110,0.0000,0.0000,0.0000,0.0104,0.0006,200,0.9643
0.0398,0.0000,0.0000,0.0000,0.0397,0.0000,200,0.9355
0.0489,0.0000,0.0000,0.0000,0.0488,0.0000,200,0.9268
0.0532,0.0000,0.0000,0.0000,0.0530,0.0001,200,0.9229
0.0019,0.0000,0.0000,0.0000,0.0015,0.0003,200,0.9748
0.0396,0.0000,0.0000,0.0000,0.0395,0.0000,200,0.9372
0.0168,0.0000,0.0000,0.0001,0.0166,0.0000,200,0.9609
0.0763,0.0000,0.0000,0.0000,0.0763,0.0000,200,0.9014
0.0112,0.0000,0.0000,0.0001,0.0110,0.0001,200,0.9670
0.0031,0.0000,0.0000,0.0000,0.0031,0.0000,200,0.9753
0.0216,0.0000,0.0000,0.0000,0.0215,0.0001,200,0.9573
0.0081,0.0000,0.0000,0.0001,0.0079,0.0002,200,0.9713
0.0074,0.0000,0.0000,0.0000,0.0073,0.0000,200,0.9723
0.0202,0.0000,0.0000,0.0000,0.0201,0.0001,200,0.9599
0.0025,0.0000,0.0000,0.0000,0.0025,0.0000,200,0.9776
0.0242,0.0000,0.0000,0.0000,0.0238,0.0004,200,0.9562
0.0048,0.0000,0.0000,0.0000,0.0047,0.0000,200,0.9757
0.0152,0.0000,0.0000,0.0000,0.0151,0.0000,200,0.9656
0.0035,0.0000,0.0000,0.0000,0.0033,0.0000,200,0.9777
0.0131,0.0000,0.0000,0.0000,0.0130,0.0001,200,0.9686
0.0303,0.0000,0.0000,0.0000,0.0303,0.0000,200,0.9514
0.0077,0.0000,0.0000,0.0000,0.0076,0.0000,200,0.9742
0.0034,0.0000,0.0000,0.0000,0.0033,0.0001,200,0.9789
0.0034,0.0000,0.0000,0.0001,0.0031,0.0001,200,0.9795
0.0872,0.0000,0.0000,0.0000,0.0870,0.0001,200,0.8962
0.0139,0.0000,0.0000,0.0002,0.0126,0.0003,200,0.9702
0.0244,0.0000,0.0000,0.0000,0.0243,0.0000,200,0.9604
0.0223,0.0000,0.0000,0.0000,0.0221,0.0002,200,0.9630
0.0282,0.0000,0.0000,0.0000,0.0282,0.0000,200,0.9575
0.0053,0.0000,0.0000,0.0000,0.0052,0.0000,200,0.9805
0.0124,0.0000,0.0000,0.0000,0.0123,0.0001,200,0.9734
0.0113,0.0000,0.0000,0.0000,0.0111,0.0000,200,0.9751
0.0072,0.0000,0.0000,0.0002,0.0069,0.0001,200,0.9797
0.0244,0.0000,0.0000,0.0000,0.0243,0.0000,200,0.9626
0.0192,0.0000,0.0000,0.0000,0.0191,0.0000,200,0.9683
0.0258,0.0000,0.0000,0.0000,0.0256,0.0001,200,0.9621
0.0438,0.0000,0.0000,0.0000,0.0437,0.0001,200,0.9446
0.0049,0.0000,0.0000,0.0000,0.0046,0.0003,200,0.9843
0.0030,0.0000,0.0000,0.0000,0.0030,0.0000,200,0.9864
0.0027,0.0000,0.0000,0.0000,0.0026,0.0000,200,0.9869
0.0303,0.0000,0.0000,0.0000,0.0302,0.0000,200,0.9595
0.0317,0.0000,0.0000,0.0000,0.0316,0.0001,200,0.9589
0.0140,0.0000,0.0000,0.0000,0.0135,0.0004,200,0.9767
0.0151,0.0000,0.0000,0.0000,0.0151,0.0000,200,0.9761
0.0096,0.0000,0.0000,0.0000,0.0094,0.0000,200,0.9819
0.0074,0.0000,0.0000,0.0000,0.0073,0.0000,200,0.9847
0.0009,0.0000,0.0000,0.0000,0.0008,0.0000,200,0.9912
0.0237,0.0000,0.0000,0.0000,0.0236,0.0000,200,0.9689
0.0255,0.0000,0.0000,0.0000,0.0253,0.0001,200,0.9674
0.0100,0.0000,0.0000,0.0000,0.0100,0.0001,200,0.9834
0.0476,0.0000,0.0000,0.0002,0.0474,0.0000,200,0.9458
0.0276,0.0000,0.0000,0.0000,0.0275,0.0001,200,0.9662
0.0046,0.0000,0.0000,0.0000,0.0044,0.0000,200,0.9894
0.0268,0.0000,0.0000,0.0000,0.0267,0.0000,200,0.9676
0.0385,0.0000,0.0000,0.0000,0.0384,0.0000,200,0.9567
0.0037,0.0000,0.0000,0.0000,0.0036,0.0000,200,0.9915
0.0525,0.0000,0.0000,0.0000,0.0524,0.0000,200,0.9430
0.0021,0.0000,0.0000,0.0000,0.0017,0.0004,200,0.9934
0.0026,0.0000,0.0000,0.0000,0.0026,0.0000,200,0.9934
0.0108,0.0000,0.0000,0.0000,0.0107,0.0001,200,0.9858
0.0038,0.0000,0.0000,0.0002,0.0035,0.0000,200,0.9930
0.0234,0.0000,0.0000,0.0001,0.0232,0.0000,200,0.9741
0.0020,0.0000,0.0000,0.0000,0.0018,0.0001,200,0.9961
0.0230,0.0000,0.0000,0.0000,0.0229,0.0000,200,0.9753
0.0920,0.0000,0.0000,0.0000,0.0918,0.0002,200,0.9070
0.0108,0.0000,0.0000,0.0004,0.0104,0.0000,200,0.9884
0.0140,0.0000,0.0000,0.0000,0.0138,0.0002,200,0.9858
0.0051,0.0000,0.0000,0.0000,0.0050,0.0001,200,0.9952
0.0063,0.0000,0.0000,0.0000,0.0059,0.0001,200,0.9940
0.0715,0.0000,0.0000,0.0000,0.0714,0.0001,200,0.9291
0.0071,0.0000,0.0000,0.0000,0.0070,0.0000,200,0.9938
0.0107,0.0000,0.0000,0.0001,0.0106,0.0001,200,0.9906
0.0371,0.0000,0.0000,0.0000,0.0371,0.0000,200,0.9643
0.0209,0.0000,0.0000,0.0000,0.0209,0.0000,200,0.9807
0.0023,0.0000,0.0000,0.0000,0.0022,0.0000,200,0.9998
0.0023,0.0000,0.0000,0.0000,0.0022,0.0000,200,1.0003
0.0430,0.0000,0.0000,0.0000,0.0429,0.0000,200,0.9598
0.0077,0.0000,0.0000,0.0000,0.0077,0.0000,200,0.9956
0.0023,0.0000,0.0000,0.0000,0.0022,0.0000,200,1.0013
0.0056,0.0000,0.0000,0.0000,0.0055,0.0001,200,0.9981
0.0069,0.0000,0.0000,0.0000,0.0068,0.0001,200,0.9974
0.0224,0.0000,0.0000,0.0000,0.0224,0.0000,200,0.9823
0.0031,0.0000,0.0000,0.0000,0.0030,0.0000,200,1.0017
0.0198,0.0000,0.0000,0.0000,0.0197,0.0000,200,0.9853
0.0361,0.0000,0.0000,0.0005,0.0354,0.0001,200,0.9697
0.0201,0.0000,0.0000,0.0001,0.0199,0.0000,200,0.9858
0.0029,0.0000,0.0000,0.0000,0.0028,0.0001,200,1.0033
0.0036,0.0000,0.0000,0.0001,0.0035,0.0000,200,1.0028
0.0252,0.0000,0.0000,0.0000,0.0251,0.0000,200,0.9817
0.0085,0.0000,0.0000,0.0000,0.0084,0.0001,200,0.9989
0.0273,0.0000,0.0000,0.0000,0.0273,0.0000,200,0.9802
0.0137,0.0000,0.0000,0.0000,0.0136,0.0001,200,0.9944
0.0081,0.0000,0.0000,0.0000,0.0081,0.0000,200,1.0006
0.0018,0.0000,0.0000,0.0000,0.0017,0.0000,200,1.0069
0.0044,0.0000,0.0000,0.0001,0.0042,0.0000,200,1.0048
0.0328,0.0000,0.0000,0.0000,0.0327,0.0001,200,0.9768
0.0043,0.0000,0.0000,0.0000,0.0042,0.0001,200,1.0059
0.0304,0.0000,0.0000,0.0000,0.0301,0.0002,200,0.9802
0.0056,0.0000,0.0000,0.0000,0.0055,0.0001,200,1.0051
0.0719,0.0000,0.0000,0.0000,0.0718,0.0000,200,0.9406
0.0044,0.0000,0.0000,0.0000,0.0043,0.0000,200,1.0081
0.0347,0.0000,0.0000,0.0000,0.0343,0.0004,200,0.9782
0.0396,0.0000,0.0000,0.0000,0.0395,0.0000,200,0.9734
0.0047,0.0000,0.0000,0.0000,0.0047,0.0000,200,1.0105
0.0027,0.0000,0.0000,0.0000,0.0027,0.0000,200,1.0125
0.0257,0.0000,0.0000,0.0000,0.0256,0.0000,200,0.9896
0.0066,0.0000,0.0000,0.0000,0.0066,0.0000,200,1.0087
0.0161,0.0000,0.0000,0.0000,0.0160,0.0000,200,0.9993
0.0232,0.0000,0.0000,0.0000,0.0231,0.0000,200,0.9922
0.0290,0.0000,0.0000,0.0000,0.0289,0.0001,200,0.9869
0.0287,0.0000,0.0000,0.0000,0.0286,0.0000,200,0.9878
0.0065,0.0000,0.0000,0.0000,0.0064,0.0001,200,1.0107
0.0361,0.0000,0.0000,0.0000,0.0359,0.0002,200,0.9818
0.0179,0.0000,0.0000,0.0000,0.0178,0.0000,200,1.0004
0.0185,0.0000,0.0000,0.0000,0.0184,0.0000,200,1.0010
0.0135,0.0000,0.0000,0.0000,0.0134,0.0000,200,1.0062
0.0580,0.0000,0.0000,0.0000,0.0580,0.0000,200,0.9620
0.0398,0.0000,0.0000,0.0000,0.0398,0.0001,200,0.9805
0.0503,0.0000,0.0000,0.0000,0.0496,0.0000,200,0.9702
0.0182,0.0000,0.0000,0.0001,0.0180,0.0000,200,1.0026
0.0116,0.0000,0.0000,0.0000,0.0111,0.0000,200,1.0096
0.0143,0.0000,0.0000,0.0000,0.0142,0.0000,200,1.0075
0.0405,0.0000,0.0000,0.0000,0.0404,0.0001,200,0.9812
0.0021,0.0000,0.0000,0.0000,0.0021,0.0000,200,1.0200
0.0185,0.0000,0.0000,0.0001,0.0184,0.0000,200,1.0037
0.0012,0.0000,0.0000,0.0000,0.0012,0.0000,200,1.0218
0.0311,0.0000,0.0000,0.0000,0.0310,0.0001,200,0.9922
0.0148,0.0000,0.0000,0.0000,0.0148,0.0000,200,1.0087
0.0014,0.0000,0.0000,0.0000,0.0012,0.0000,200,1.0222
0.0275,0.0000,0.0000,0.0000,0.0274,0.0000,200,0.9966
0.0295,0.0000,0.0000,0.0000,0.0294,0.0001,200,0.9951
0.0267,0.0000,0.0000,0.0000,0.0267,0.0000,200,0.9983
0.0015,0.0000,0.0000,0.0000,0.0012,0.0002,200,1.0236
0.0219,0.0000,0.0000,0.0000,0.0217,0.0001,200,1.0036
0.0363,0.0000,0.0000,0.0000,0.0362,0.0000,200,0.9892
0.0028,0.0000,0.0000,0.0000,0.0027,0.0000,200,1.0235
0.0111,0.0000,0.0000,0.0000,0.0109,0.0002,200,1.0153
0.0064,0.0000,0.0000,0.0000,0.0064,0.0000,200,1.0205
0.0076,0.0000,0.0000,0.0000,0.0076,0.0000,200,1.0197
0.0064,0.0000,0.0000,0.0000,0.0063,0.0000,200,1.0212
0.0388,0.0000,0.0000,0.0000,0.0387,0.0000,200,0.9897
0.0016,0.0000,0.0000,0.0000,0.0013,0.0003,200,1.0269
0.0133,0.0000,0.0000,0.0000,0.0132,0.0000,200,1.0160
0.0387,0.0000,0.0000,0.0000,0.0387,0.0000,200,0.9906
0.0166,0.0000,0.0000,0.0000,0.0165,0.0000,200,1.0129
0.0554,0.0000,0.0000,0.0000,0.0552,0.0002,200,0.9745
0.0375,0.0000,0.0000,0.0000,0.0374,0.0000,200,0.9925
0.0072,0.0000,0.0000,0.0000,0.0071,0.0000,200,1.0233
0.0015,0.0000,0.0000,0.0000,0.0012,0.0002,200,1.0294
0.0266,0.0000,0.0000,0.0000,0.0265,0.0000,200,1.0043
0.0162,0.0000,0.0000,0.0000,0.0161,0.0000,200,1.0153
0.0034,0.0000,0.0000,0.0000,0.0033,0.0000,200,1.0285
0.0065,0.0000,0.0000,0.0000,0.0060,0.0004,200,1.0263
0.0175,0.0000,0.0000,0.0001,0.0173,0.0000,200,1.0153
0.0044,0.0000,0.0000,0.0000,0.0043,0.0000,200,1.0285
0.0267,0.0000,0.0000,0.0000,0.0266,0.0000,200,1.0065
0.0061,0.0000,0.0000,0.0000,0.0060,0.0000,200,1.0273
0.1101,0.0000,0.0000,0.0000,0.1101,0.0000,200,0.9234
0.0095,0.0000,0.0000,0.0000,0.0092,0.0002,200,1.0246
0.0092,0.0000,0.0000,0.0000,0.0092,0.0000,200,1.0251
0.0014,0.0000,0.0000,0.0000,0.0013,0.0000,200,1.0334
0.0195,0.0000,0.0000,0.0000,0.0194,0.0000,200,1.0153
0.0042,0.0000,0.0000,0.0000,0.0040,0.0001,200,1.0308
0.0100,0.0000,0.0000,0.0001,0.0098,0.0000,200,1.0258
0.0042,0.0000,0.0000,0.0000,0.0041,0.0000,200,1.0315
0.0026,0.0000,0.0000,0.0000,0.0025,0.0000,200,1.0331
0.0154,0.0000,0.0000,0.0000,0.0151,0.0002,200,1.0208
0.0060,0.0000,0.0000,0.0000,0.0059,0.0001,200,1.0309
0.0294,0.0000,0.0000,0.0000,0.0293,0.0000,200,1.0075
0.0032,0.0000,0.0000,0.0001,0.0031,0.0001,200,1.0343
0.0025,0.0000,0.0000,0.0000,0.0024,0.0000,200,1.0351
0.0163,0.0000,0.0000,0.0000,0.0162,0.0000,200,1.0217
0.0179,0.0000,0.0000,0.0000,0.0178,0.0001,200,1.0204
0.0137,0.0000,0.0000,0.0000,0.0135,0.0001,200,1.0251
0.0193,0.0000,0.0000,0.0000,0.0192,0.0000,200,1.0195
0.0014,0.0000,0.0000,0.0000,0.0013,0.0000,200,1.0380
0.0017,0.0000,0.0000,0.0000,0.0014,0.0002,200,1.0383
0.0072,0.0000,0.0000,0.0000,0.0071,0.0000,200,1.0329
0.0106,0.0000,0.0000,0.0000,0.0104,0.0001,200,1.0300
0.0132,0.0000,0.0000,0.0000,0.0131,0.0000,200,1.0276
0.0539,0.0000,0.0000,0.0001,0.0537,0.0001,200,0.9874
0.0160,0.0000,0.0000,0.0000,0.0159,0.0000,200,1.0255
0.0289,0.0000,0.0000,0.0000,0.0288,0.0000,200,1.0130
0.0202,0.0000,0.0000,0.0000,0.0201,0.0000,200,1.0222
0.0021,0.0000,0.0000,0.0000,0.0021,0.0000,200,1.0408
0.0101,0.0000,0.0000,0.0000,0.0101,0.0000,200,1.0328
0.0282,0.0000,0.0000,0.0000,0.0280,0.0002,200,1.0153
0.0041,0.0000,0.0000,0.0000,0.0041,0.0000,200,1.0394
0.0147,0.0000,0.0000,0.0000,0.0145,0.0000,200,1.0295
0.0215,0.0000,0.0000,0.0000,0.0214,0.0000,200,1.0230
0.0210,0.0000,0.0000,0.0000,0.0209,0.0000,200,1.0240
0.0484,0.0000,0.0000,0.0000,0.0484,0.0000,200,0.9968
0.0028,0.0000,0.0000,0.0000,0.0027,0.0001,200,1.0429
0.0063,0.0000,0.0000,0.0000,0.0062,0.0001,200,1.0400
0.0680,0.0000,0.0000,0.0000,0.0679,0.0000,200,0.9785
0.0367,0.0000,0.0000,0.0000,0.0367,0.0000,200,1.0102
0.0155,0.0000,0.0000,0.0000,0.0154,0.0001,200,1.0319
0.0095,0.0000,0.0000,0.0000,0.0090,0.0005,200,1.0388
0.0126,0.0000,0.0000,0.0000,0.0125,0.0000,200,1.0357
0.0136,0.0000,0.0000,0.0001,0.0133,0.0001,200,1.0348
0.0059,0.0000,0.0000,0.0000,0.0059,0.0000,200,1.0429
0.0197,0.0000,0.0000,0.0000,0.0196,0.0001,200,1.0292
0.0137,0.0000,0.0000,0.0000,0.0137,0.0000,200,1.0357
0.0314,0.0000,0.0000,0.0000,0.0313,0.0000,200,1.0182
0.0166,0.0000,0.0000,0.0000,0.0165,0.0000,200,1.0335
0.0061,0.0000,0.0000,0.0000,0.0060,0.0000,200,1.0442
0.0144,0.0000,0.0000,0.0000,0.0141,0.0001,200,1.0362
0.0337,0.0000,0.0000,0.0000,0.0337,0.0000,200,1.0172
0.0206,0.0000,0.0000,0.0000,0.0202,0.0001,200,1.0305
0.0100,0.0000,0.0000,0.0000,0.0096,0.0001,200,1.0415
0.0072,0.0000,0.0000,0.0000,0.0070,0.0002,200,1.0450
0.0013,0.0000,0.0000,0.0000,0.0012,0.0000,200,1.0510
0.0571,0.0000,0.0000,0.0000,0.0570,0.0001,200,0.9955
0.0353,0.0000,0.0000,0.0000,0.0351,0.0001,200,1.0179
0.0237,0.0000,0.0000,0.0000,0.0236,0.0000,200,1.0299
0.0387,0.0000,0.0000,0.0000,0.0386,0.0000,200,1.0153
0.0486,0.0000,0.0000,0.0000,0.0486,0.0000,200,1.0057
0.0200,0.0000,0.0000,0.0000,0.0198,0.0002,200,1.0348
0.0106,0.0000,0.0000,0.0000,0.0106,0.0000,200,1.0445
0.0040,0.0000,0.0000,0.0000,0.0037,0.0001,200,1.0515
0.0033,0.0000,0.0000,0.0000,0.0032,0.0000,200,1.0526
0.0185,0.0000,0.0000,0.0000,0.0185,0.0000,200,1.0375
0.0082,0.0000,0.0000,0.0000,0.0081,0.0001,200,1.0483
0.0196,0.0000,0.0000,0.0000,0.0195,0.0001,200,1.0375
0.0078,0.0000,0.0000,0.0000,0.0077,0.0001,200,1.0495
0.0038,0.0000,0.0000,0.0000,0.0032,0.0005,200,1.0543
0.0016,0.0000,0.0000,0.0000,0.0015,0.0000,200,1.0565
0.0071,0.0000,0.0000,0.0000,0.0070,0.0000,200,1.0512
0.0103,0.0000,0.0000,0.0000,0.0102,0.0001,200,1.0483
0.0085,0.0000,0.0000,0.0000,0.0085,0.0000,200,1.0502
0.0130,0.0000,0.0000,0.0000,0.0128,0.0002,200,1.0463
0.0043,0.0000,0.0000,0.0000,0.0043,0.0000,200,1.0551
0.0125,0.0000,0.0000,0.0000,0.0124,0.0001,200,1.0474
0.0024,0.0000,0.0000,0.0000,0.0024,0.0000,200,1.0581
0.0182,0.0000,0.0000,0.0000,0.0179,0.0003,200,1.0424
0.0060,0.0000,0.0000,0.0000,0.0056,0.0004,200,1.0555
0.0151,0.0000,0.0000,0.0000,0.0151,0.0000,200,1.0465
0.0101,0.0000,0.0000,0.0000,0.0098,0.0003,200,1.0522
0.0192,0.0000,0.0000,0.0000,0.0191,0.0001,200,1.0435
0.0057,0.0000,0.0000,0.0000,0.0056,0.0001,200,1.0572
0.0037,0.0000,0.0000,0.0000,0.0036,0.0001,200,1.0593
0.0093,0.0000,0.0000,0.0000,0.0093,0.0000,200,1.0544
0.0154,0.0000,0.0000,0.0000,0.0153,0.0000,200,1.0484
0.0238,0.0000,0.0000,0.0002,0.0236,0.0000,200,1.0405
0.0065,0.0000,0.0000,0.0000,0.0063,0.0001,200,1.0582
0.0637,0.0000,0.0000,0.0000,0.0636,0.0000,200,1.0015
0.0076,0.0000,0.0000,0.0000,0.0074,0.0002,200,1.0581
0.0022,0.0000,0.0000,0.0000,0.0021,0.0001,200,1.0637
0.0177,0.0000,0.0000,0.0000,0.0175,0.0002,200,1.0488
0.0028,0.0000,0.0000,0.0000,0.0027,0.0000,200,1.0638
0.0020,0.0000,0.0000,0.0000,0.0019,0.0001,200,1.0652
0.0089,0.0000,0.0000,0.0000,0.0087,0.0001,200,1.0587
0.0414,0.0000,0.0000,0.0000,0.0413,0.0001,200,1.0264
0.0057,0.0000,0.0000,0.0000,0.0056,0.0000,200,1.0624
0.0319,0.0000,0.0000,0.0000,0.0317,0.0001,200,1.0369
0.0643,0.0000,0.0000,0.0001,0.0640,0.0000,200,1.0048
0.0064,0.0000,0.0000,0.0000,0.0063,0.0001,200,1.0630
0.0360,0.0000,0.0000,0.0000,0.0360,0.0000,200,1.0343
0.0098,0.0000,0.0000,0.0001,0.0096,0.0000,200,1.0606
0.0099,0.0000,0.0000,0.0000,0.0098,0.0000,200,1.0606
0.0118,0.0000,0.0000,0.0000,0.0117,0.0001,200,1.0594
0.0050,0.0000,0.0000,0.0000,0.0049,0.0000,200,1.0665
0.0305,0.0000,0.0000,0.0000,0.0303,0.0000,200,1.0413
0.0147,0.0000,0.0000,0.0000,0.0145,0.0001,200,1.0572
0.0067,0.0000,0.0000,0.0000,0.0066,0.0000,200,1.0657
0.0329,0.0000,0.0000,0.0000,0.0328,0.0000,200,1.0400
0.0086,0.0000,0.0000,0.0001,0.0085,0.0000,200,1.0647
0.0018,0.0000,0.0000,0.0000,0.0015,0.0002,200,1.0719
0.0247,0.0000,0.0000,0.0000,0.0246,0.0000,200,1.0490
0.0140,0.0000,0.0000,0.0001,0.0137,0.0001,200,1.0600
0.0071,0.0000,0.0000,0.0000,0.0070,0.0001,200,1.0672
0.0300,0.0000,0.0000,0.0000,0.0295,0.0005,200,1.0452
0.0020,0.0000,0.0000,0.0000,0.0019,0.0000,200,1.0733
0.0011,0.0000,0.0000,0.0000,0.0010,0.0000,200,1.0743
0.0037,0.0000,0.0000,0.0000,0.0036,0.0000,200,1.0718
0.0077,0.0000,0.0000,0.0000,0.0075,0.0001,200,1.0680
0.0036,0.0000,0.0000,0.0000,0.0035,0.0000,200,1.0724
0.0409,0.0000,0.0000,0.0000,0.0407,0.0001,200,1.0357
0.0137,0.0000,0.0000,0.0002,0.0135,0.0000,200,1.0629
0.0044,0.0000,0.0000,0.0000,0.0043,0.0000,200,1.0729
0.0036,0.0000,0.0000,0.0000,0.0035,0.0001,200,1.0739
0.0026,0.0000,0.0000,0.0000,0.0026,0.0000,200,1.0753
0.0016,0.0000,0.0000,0.0000,0.0015,0.0001,200,1.0766
0.0075,0.0000,0.0000,0.0001,0.0073,0.0001,200,1.0713
0.0036,0.0000,0.0000,0.0000,0.0034,0.0001,200,1.0754
0.0465,0.0000,0.0000,0.0000,0.0464,0.0000,200,1.0328
0.0294,0.0000,0.0000,0.0000,0.0293,0.0000,200,1.0506
0.0634,0.0000,0.0000,0.0000,0.0634,0.0000,200,1.0165
0.0192,0.0000,0.0000,0.0000,0.0190,0.0001,200,1.0627
0.0353,0.0000,0.0000,0.0000,0.0352,0.0001,200,1.0469
0.0047,0.0000,0.0000,0.0000,0.0032,0.0015,200,1.0783
0.0172,0.0000,0.0000,0.0001,0.0171,0.0001,200,1.0659
0.0015,0.0000,0.0000,0.0001,0.0013,0.0000,200,1.0819
0.0035,0.0000,0.0000,0.0000,0.0029,0.0003,200,1.0800
0.0824,0.0000,0.0000,0.0000,0.0823,0.0001,200,1.0021
0.0755,0.0000,0.0000,0.0000,0.0754,0.0000,200,1.0091
0.0260,0.0000,0.0000,0.0000,0.0259,0.0000,200,1.0586
0.0313,0.0000,0.0000,0.0000,0.0312,0.0000,200,1.0536
0.0238,0.0000,0.0000,0.0000,0.0237,0.0000,200,1.0616
0.0141,0.0000,0.0000,0.0000,0.0139,0.0001,200,1.0716
0.0040,0.0000,0.0000,0.0000,0.0039,0.0000,200,1.0823
0.0108,0.0000,0.0000,0.0000,0.0106,0.0001,200,1.0758
0.0015,0.0000,0.0000,0.0000,0.0015,0.0000,200,1.0854
0.0342,0.0000,0.0000,0.0000,0.0341,0.0000,200,1.0532
0.0175,0.0000,0.0000,0.0000,0.0174,0.0000,200,1.0703
0.0108,0.0000,0.0000,0.0000,0.0107,0.0000,200,1.0773
0.0363,0.0000,0.0000,0.0000,0.0361,0.0000,200,1.0522
0.0246,0.0000,0.0000,0.0003,0.0242,0.0001,200,1.0644
0.0050,0.0000,0.0000,0.0000,0.0048,0.0001,200,1.0845
0.0774,0.0000,0.0000,0.0000,0.0774,0.0000,200,1.0125
0.0040,0.0000,0.0000,0.0001,0.0037,0.0002,200,1.0865
0.0048,0.0000,0.0000,0.0000,0.0047,0.0001,200,1.0863
0.0078,0.0000,0.0000,0.0000,0.0076,0.0001,200,1.0834
0.0067,0.0000,0.0000,0.0000,0.0065,0.0002,200,1.0846
0.0126,0.0000,0.0000,0.0000,0.0126,0.0000,200,1.0793
0.0366,0.0000,0.0000,0.0000,0.0362,0.0004,200,1.0559
0.0026,0.0000,0.0000,0.0000,0.0025,0.0000,200,1.0900
0.0172,0.0000,0.0000,0.0000,0.0168,0.0004,200,1.0760
0.0058,0.0000,0.0000,0.0000,0.0058,0.0000,200,1.0874
0.0260,0.0000,0.0000,0.0000,0.0259,0.0000,200,1.0676
0.0381,0.0000,0.0000,0.0000,0.0380,0.0000,200,1.0560
0.0025,0.0000,0.0000,0.0000,0.0024,0.0000,200,1.0919
0.0069,0.0000,0.0000,0.0000,0.0068,0.0001,200,1.0878
0.0117,0.0000,0.0000,0.0000,0.0116,0.0000,200,1.0832
0.0451,0.0000,0.0000,0.0000,0.0449,0.0001,200,1.0501
0.0042,0.0000,0.0000,0.0000,0.0041,0.0000,200,1.0913
0.0160,0.0000,0.0000,0.0001,0.0154,0.0000,200,1.0800
0.0033,0.0000,0.0000,0.0000,0.0032,0.0000,200,1.0932
0.0191,0.0000,0.0000,0.0000,0.0190,0.0000,200,1.0775
0.0422,0.0000,0.0000,0.0000,0.0421,0.0000,200,1.0548
0.0208,0.0000,0.0000,0.0000,0.0207,0.0000,200,1.0766
0.0038,0.0000,0.0000,0.0000,0.0036,0.0001,200,1.0941
0.0295,0.0000,0.0000,0.0000,0.0294,0.0000,200,1.0688
0.0060,0.0000,0.0000,0.0000,0.0060,0.0000,200,1.0925
0.0062,0.0000,0.0000,0.0000,0.0061,0.0000,200,1.0925
0.0076,0.0000,0.0000,0.0002,0.0071,0.0004,200,1.0911
0.0143,0.0000,0.0000,0.0000,0.0143,0.0000,200,1.0846
0.0136,0.0000,0.0000,0.0000,0.0136,0.0000,200,1.0857
0.0244,0.0000,0.0000,0.0000,0.0243,0.0001,200,1.0755
0.0111,0.0000,0.0000,0.0000,0.0110,0.0000,200,1.0890
0.0042,0.0000,0.0000,0.0001,0.0041,0.0001,200,1.0965
0.0322,0.0000,0.0000,0.0002,0.0318,0.0002,200,1.0691
0.0349,0.0000,0.0000,0.0000,0.0349,0.0000,200,1.0666
0.0326,0.0000,0.0000,0.0001,0.0324,0.0000,200,1.0694
0.0095,0.0000,0.0000,0.0000,0.0092,0.0001,200,1.0932
0.0047,0.0000,0.0000,0.0000,0.0046,0.0000,200,1.0983
0.0071,0.0000,0.0000,0.0000,0.0070,0.0000,200,1.0960
0.0034,0.0000,0.0000,0.0000,0.0034,0.0000,200,1.1001
0.0065,0.0000,0.0000,0.0000,0.0064,0.0000,200,1.0971
0.0088,0.0000,0.0000,0.0000,0.0087,0.0000,200,1.0952
0.0430,0.0000,0.0000,0.0000,0.0428,0.0001,200,1.0615
0.0138,0.0000,0.0000,0.0000,0.0136,0.0000,200,1.0912
0.0024,0.0000,0.0000,0.0000,0.0023,0.0002,200,1.1030
0.1228,0.0000,0.0000,0.0000,0.1227,0.0000,200,0.9828
0.0040,0.0000,0.0000,0.0002,0.0037,0.0001,200,1.1020
0.0086,0.0000,0.0000,0.0000,0.0086,0.0000,200,1.0979
0.0032,0.0000,0.0000,0.0000,0.0031,0.0000,200,1.1035
0.0573,0.0000,0.0000,0.0000,0.0572,0.0000,200,1.0496
0.0086,0.0000,0.0000,0.0000,0.0085,0.0000,200,1.0985
0.0296,0.0000,0.0000,0.0000,0.0295,0.0001,200,1.0779
0.0073,0.0000,0.0000,0.0000,0.0073,0.0000,200,1.1007
0.0716,0.0000,0.0000,0.0002,0.0713,0.0000,200,1.0369
0.0354,0.0000,0.0000,0.0000,0.0352,0.0001,200,1.0737
0.0188,0.0000,0.0000,0.0000,0.0185,0.0002,200,1.0905
0.0037,0.0000,0.0000,0.0000,0.0035,0.0001,200,1.1060
0.0064,0.0000,0.0000,0.0000,0.0063,0.0001,200,1.1036
0.0119,0.0000,0.0000,0.0000,0.0118,0.0001,200,1.0987
0.0357,0.0000,0.0000,0.0000,0.0357,0.0000,200,1.0753
0.0723,0.0000,0.0000,0.0000,0.0723,0.0000,200,1.0388
0.0054,0.0000,0.0000,0.0000,0.0053,0.0001,200,1.1067
0.0685,0.0000,0.0000,0.0000,0.0685,0.0000,200,1.0435
0.0161,0.0000,0.0000,0.0000,0.0160,0.0001,200,1.0966
0.0113,0.0000,0.0000,0.0000,0.0112,0.0000,200,1.1015
0.0062,0.0000,0.0000,0.0000,0.0060,0.0001,200,1.1069
0.0045,0.0000,0.0000,0.0000,0.0044,0.0000,200,1.1090
0.0095,0.0000,0.0000,0.0001,0.0093,0.0000,200,1.1045
0.0093,0.0000,0.0000,0.0000,0.0092,0.0000,200,1.1050
0.0267,0.0000,0.0000,0.0000,0.0267,0.0000,200,1.0881
0.0258,0.0000,0.0000,0.0000,0.0256,0.0000,200,1.0895
0.0481,0.0000,0.0000,0.0001,0.0477,0.0003,200,1.0678
0.0033,0.0000,0.0000,0.0000,0.0032,0.0000,200,1.1128
0.0218,0.0000,0.0000,0.0001,0.0217,0.0000,200,1.0947
0.0462,0.0000,0.0000,0.0000,0.0461,0.0000,200,1.0703
0.0195,0.0000,0.0000,0.0000,0.0195,0.0000,200,1.0974
0.0147,0.0000,0.0000,0.0000,0.0147,0.0000,200,1.1027
0.0350,0.0000,0.0000,0.0000,0.0347,0.0002,200,1.0830
0.0249,0.0000,0.0000,0.0000,0.0247,0.0001,200,1.0937
0.0316,0.0000,0.0000,0.0000,0.0315,0.0001,200,1.0869
0.0199,0.0000,0.0000,0.0000,0.0197,0.0002,200,1.0987
0.0198,0.0000,0.0000,0.0000,0.0198,0.0000,200,1.0990
0.0453,0.0000,0.0000,0.0000,0.0452,0.0000,200,1.0737
0.0030,0.0000,0.0000,0.0000,0.0028,0.0002,200,1.1165
0.0098,0.0000,0.0000,0.0000,0.0097,0.0000,200,1.1097
0.0041,0.0000,0.0000,0.0000,0.0040,0.0000,200,1.1160
0.0417,0.0000,0.0000,0.0000,0.0416,0.0000,200,1.0787
0.0124,0.0000,0.0000,0.0000,0.0123,0.0001,200,1.1084
0.0090,0.0000,0.0000,0.0000,0.0089,0.0000,200,1.1121
0.0381,0.0000,0.0000,0.0000,0.0379,0.0001,200,1.0835
0.0037,0.0000,0.0000,0.0001,0.0035,0.0000,200,1.1180
0.0372,0.0000,0.0000,0.0000,0.0371,0.0001,200,1.0849
0.0171,0.0000,0.0000,0.0000,0.0170,0.0000,200,1.1055
0.0281,0.0000,0.0000,0.0000,0.0280,0.0000,200,1.0955
0.0225,0.0000,0.0000,0.0000,0.0224,0.0000,200,1.1013
0.0174,0.0000,0.0000,0.0000,0.0171,0.0002,200,1.1071
0.0182,0.0000,0.0000,0.0000,0.0181,0.0000,200,1.1081
0.0223,0.0000,0.0000,0.0000,0.0222,0.0000,200,1.1040
0.0143,0.0000,0.0000,0.0000,0.0142,0.0001,200,1.1121
0.0048,0.0000,0.0000,0.0000,0.0046,0.0001,200,1.1216
0.0079,0.0000,0.0000,0.0002,0.0076,0.0000,200,1.1188
0.0072,0.0000,0.0000,0.0000,0.0072,0.0000,200,1.1195
0.0864,0.0000,0.0000,0.0000,0.0863,0.0000,200,1.0419
0.0020,0.0000,0.0000,0.0000,0.0019,0.0000,200,1.1263
0.0177,0.0000,0.0000,0.0000,0.0176,0.0000,200,1.1106
0.0143,0.0000,0.0000,0.0000,0.0142,0.0000,200,1.1143
0.0183,0.0000,0.0000,0.0000,0.0182,0.0001,200,1.1110
0.0036,0.0000,0.0000,0.0000,0.0035,0.0000,200,1.1263
0.0234,0.0000,0.0000,0.0000,0.0233,0.0001,200,1.1071
0.0081,0.0000,0.0000,0.0000,0.0081,0.0000,200,1.1226
0.0128,0.0000,0.0000,0.0001,0.0126,0.0000,200,1.1185
0.0287,0.0000,0.0000,0.0000,0.0286,0.0000,200,1.1029
0.0264,0.0000,0.0000,0.0000,0.0263,0.0000,200,1.1056
0.0155,0.0000,0.0000,0.0000,0.0155,0.0000,200,1.1174
0.0145,0.0000,0.0000,0.0004,0.0140,0.0000,200,1.1185
0.0336,0.0000,0.0000,0.0000,0.0335,0.0001,200,1.0999
0.0181,0.0000,0.0000,0.0000,0.0181,0.0000,200,1.1161
0.0191,0.0000,0.0000,0.0000,0.0190,0.0000,200,1.1153
0.0058,0.0000,0.0000,0.0000,0.0057,0.0001,200,1.1286
0.0131,0.0000,0.0000,0.0000,0.0129,0.0002,200,1.1217
0.0128,0.0000,0.0000,0.0000,0.0128,0.0000,200,1.1222
0.0108,0.0000,0.0000,0.0000,0.0107,0.0000,200,1.1245
0.0248,0.0000,0.0000,0.0002,0.0245,0.0000,200,1.1111
0.0263,0.0000,0.0000,0.0000,0.0262,0.0000,200,1.1100
0.0024,0.0000,0.0000,0.0000,0.0023,0.0001,200,1.1342
0.0063,0.0000,0.0000,0.0000,0.0062,0.0000,200,1.1307
0.0091,0.0000,0.0000,0.0000,0.0090,0.0000,200,1.1283
0.0672,0.0000,0.0000,0.0000,0.0671,0.0000,200,1.0706
0.0254,0.0000,0.0000,0.0000,0.0250,0.0004,200,1.1130
0.0039,0.0000,0.0000,0.0000,0.0038,0.0000,200,1.1350
0.0932,0.0000,0.0000,0.0000,0.0931,0.0001,200,1.0457
0.0265,0.0000,0.0000,0.0000,0.0264,0.0001,200,1.1127
0.0511,0.0000,0.0000,0.0000,0.0511,0.0000,200,1.0885
0.0200,0.0000,0.0000,0.0000,0.0199,0.0001,200,1.1200
0.0173,0.0000,0.0000,0.0000,0.0169,0.0004,200,1.1236
0.0043,0.0000,0.0000,0.0000,0.0042,0.0000,200,1.1366
0.0039,0.0000,0.0000,0.0000,0.0037,0.0000,200,1.1370
0.0022,0.0000,0.0000,0.0000,0.0021,0.0001,200,1.1393
0.0212,0.0000,0.0000,0.0000,0.0211,0.0001,200,1.1204
0.0329,0.0000,0.0000,0.0000,0.0329,0.0000,200,1.1093
0.0038,0.0000,0.0000,0.0000,0.0037,0.0001,200,1.1389
0.0483,0.0000,0.0000,0.0000,0.0482,0.0000,200,1.0944
0.0172,0.0000,0.0000,0.0000,0.0171,0.0001,200,1.1263
0.0045,0.0000,0.0000,0.0000,0.0040,0.0004,200,1.1397
0.0493,0.0000,0.0000,0.0000,0.0491,0.0001,200,1.0949
0.0029,0.0000,0.0000,0.0000,0.0024,0.0005,200,1.1415
0.0012,0.0000,0.0000,0.0000,0.0011,0.0000,200,1.1436
0.0136,0.0000,0.0000,0.0000,0.0136,0.0000,200,1.1313
0.0043,0.0000,0.0000,0.0000,0.0042,0.0000,200,1.1410
0.0217,0.0000,0.0000,0.0000,0.0216,0.0000,200,1.1238
0.0322,0.0000,0.0000,0.0000,0.0321,0.0001,200,1.1140
0.0170,0.0000,0.0000,0.0001,0.0169,0.0000,200,1.1293
0.0679,0.0000,0.0000,0.0000,0.0677,0.0001,200,1.0789
0.0018,0.0000,0.0000,0.0000,0.0017,0.0000,200,1.1452
0.0046,0.0000,0.0000,0.0000,0.0045,0.0001,200,1.1427
0.0287,0.0000,0.0000,0.0003,0.0284,0.0000,200,1.1190
0.0138,0.0000,0.0000,0.0000,0.0136,0.0001,200,1.1344
0.0315,0.0000,0.0000,0.0000,0.0315,0.0000,200,1.1169
0.0091,0.0000,0.0000,0.0000,0.0088,0.0001,200,1.1401
0.0162,0.0000,0.0000,0.0000,0.0159,0.0003,200,1.1330
0.0031,0.0000,0.0000,0.0000,0.0030,0.0000,200,1.1462
0.0035,0.0000,0.0000,0.0000,0.0034,0.0001,200,1.1463
0.0187,0.0000,0.0000,0.0000,0.0185,0.0002,200,1.1316
0.0153,0.0000,0.0000,0.0000,0.0153,0.0000,200,1.1353
0.0361,0.0000,0.0000,0.0000,0.0360,0.0000,200,1.1148
0.0044,0.0000,0.0000,0.0000,0.0040,0.0003,200,1.1470
0.0328,0.0000,0.0000,0.0000,0.0324,0.0004,200,1.1187
0.0073,0.0000,0.0000,0.0000,0.0073,0.0000,200,1.1442
0.0078,0.0000,0.0000,0.0000,0.0077,0.0001,200,1.1442
0.0188,0.0000,0.0000,0.0000,0.0186,0.0003,200,1.1335
0.0118,0.0000,0.0000,0.0000,0.0118,0.0000,200,1.1409
0.0086,0.0000,0.0000,0.0000,0.0085,0.0000,200,1.1444
0.0369,0.0000,0.0000,0.0000,0.0368,0.0000,200,1.1165
0.0155,0.0000,0.0000,0.0001,0.0153,0.0000,200,1.1385
0.0124,0.0000,0.0000,0.0000,0.0122,0.0000,200,1.1417
0.0018,0.0000,0.0000,0.0000,0.0018,0.0000,200,1.1527
0.0414,0.0000,0.0000,0.0000,0.0413,0.0000,200,1.1136
0.0292,0.0000,0.0000,0.0000,0.0291,0.0000,200,1.1263
0.0050,0.0000,0.0000,0.0000,0.0048,0.0000,200,1.1506
0.0032,0.0000,0.0000,0.0000,0.0031,0.0001,200,1.1530
0.0260,0.0000,0.0000,0.0000,0.0259,0.0001,200,1.1305
0.0089,0.0000,0.0000,0.0000,0.0088,0.0001,200,1.1482
0.0151,0.0000,0.0000,0.0000,0.0150,0.0000,200,1.1422
0.0028,0.0000,0.0000,0.0000,0.0027,0.0001,200,1.1550
0.0098,0.0000,0.0000,0.0000,0.0097,0.0000,200,1.1485
0.0137,0.0000,0.0000,0.0000,0.0137,0.0000,200,1.1449
0.0246,0.0000,0.0000,0.0000,0.0245,0.0000,200,1.1344
0.0037,0.0000,0.0000,0.0000,0.0036,0.0000,200,1.1557
0.0142,0.0000,0.0000,0.0000,0.0141,0.0001,200,1.1455
0.0250,0.0000,0.0000,0.0000,0.0248,0.0001,200,1.1348
0.0607,0.0000,0.0000,0.0000,0.0606,0.0000,200,1.0993
0.0041,0.0000,0.0000,0.0001,0.0039,0.0000,200,1.1562
0.0105,0.0000,0.0000,0.0000,0.0104,0.0000,200,1.1504
0.0140,0.0000,0.0000,0.0000,0.0140,0.0000,200,1.1474
0.0025,0.0000,0.0000,0.0000,0.0023,0.0001,200,1.1590
0.0192,0.0000,0.0000,0.0000,0.0192,0.0000,200,1.1428
0.0155,0.0000,0.0000,0.0001,0.0150,0.0004,200,1.1468
0.0346,0.0000,0.0000,0.0000,0.0345,0.0001,200,1.1283
0.0140,0.0000,0.0000,0.0000,0.0140,0.0000,200,1.1492
0.0042,0.0000,0.0000,0.0000,0.0041,0.0000,200,1.1597
0.0119,0.0000,0.0000,0.0000,0.0117,0.0002,200,1.1523
0.0113,0.0000,0.0000,0.0000,0.0113,0.0000,200,1.1534
0.0288,0.0000,0.0000,0.0000,0.0285,0.0003,200,1.1359
0.0138,0.0000,0.0000,0.0000,0.0137,0.0000,200,1.1515
0.0158,0.0000,0.0000,0.0000,0.0158,0.0000,200,1.1498
0.0461,0.0000,0.0000,0.0000,0.0460,0.0000,200,1.1195
0.0297,0.0000,0.0000,0.0000,0.0297,0.0000,200,1.1363
0.0065,0.0000,0.0000,0.0000,0.0063,0.0002,200,1.1600
0.0083,0.0000,0.0000,0.0000,0.0083,0.0001,200,1.1586
0.0286,0.0000,0.0000,0.0001,0.0285,0.0000,200,1.1388
0.0016,0.0000,0.0000,0.0000,0.0016,0.0000,200,1.1660
0.0397,0.0000,0.0000,0.0000,0.0397,0.0000,200,1.1283
0.0067,0.0000,0.0000,0.0000,0.0065,0.0001,200,1.1620
0.0082,0.0000,0.0000,0.0000,0.0080,0.0001,200,1.1609
0.0319,0.0000,0.0000,0.0000,0.0318,0.0000,200,1.1374
0.0066,0.0000,0.0000,0.0000,0.0065,0.0001,200,1.1632
0.0024,0.0000,0.0000,0.0000,0.0020,0.0003,200,1.1680
0.0021,0.0000,0.0000,0.0003,0.0017,0.0000,200,1.1686
0.0501,0.0000,0.0000,0.0000,0.0498,0.0003,200,1.1208
0.0074,0.0000,0.0000,0.0000,0.0073,0.0000,200,1.1639
0.0235,0.0000,0.0000,0.0000,0.0234,0.0000,200,1.1477
0.0103,0.0000,0.0000,0.0000,0.0102,0.0000,200,1.1615
0.0029,0.0000,0.0000,0.0000,0.0028,0.0000,200,1.1690
0.0185,0.0000,0.0000,0.0000,0.0184,0.0001,200,1.1539
0.0459,0.0000,0.0000,0.0000,0.0458,0.0000,200,1.1267
0.0014,0.0000,0.0000,0.0000,0.0013,0.0000,200,1.1718
0.0134,0.0000,0.0000,0.0000,0.0133,0.0000,200,1.1602
0.0118,0.0000,0.0000,0.0000,0.0117,0.0000,200,1.1623
0.0413,0.0000,0.0000,0.0000,0.0412,0.0000,200,1.1330
0.0035,0.0000,0.0000,0.0000,0.0034,0.0000,200,1.1712
0.0032,0.0000,0.0000,0.0000,0.0031,0.0000,200,1.1719
0.0047,0.0000,0.0000,0.0000,0.0046,0.0000,200,1.1706
0.0112,0.0000,0.0000,0.0000,0.0111,0.0000,200,1.1647
0.0030,0.0000,0.0000,0.0000,0.0029,0.0001,200,1.1732
0.0202,0.0000,0.0000,0.0000,0.0201,0.0000,200,1.1566
0.0025,0.0000,0.0000,0.0000,0.0023,0.0001,200,1.1747
0.0369,0.0000,0.0000,0.0000,0.0368,0.0001,200,1.1408
0.0135,0.0000,0.0000,0.0000,0.0133,0.0001,200,1.1647
0.0191,0.0000,0.0000,0.0000,0.0190,0.0001,200,1.1594
0.0078,0.0000,0.0000,0.0000,0.0075,0.0003,200,1.1712
0.0129,0.0000,0.0000,0.0000,0.0129,0.0000,200,1.1665
0.0027,0.0000,0.0000,0.0000,0.0026,0.0000,200,1.1768
0.0306,0.0000,0.0000,0.0000,0.0306,0.0000,200,1.1492
0.0045,0.0000,0.0000,0.0000,0.0045,0.0000,200,1.1762
0.0364,0.0000,0.0000,0.0000,0.0357,0.0007,200,1.1448
0.0738,0.0000,0.0000,0.0000,0.0736,0.0001,200,1.1075
0.0125,0.0000,0.0000,0.0000,0.0124,0.0000,200,1.1693
0.0061,0.0000,0.0000,0.0000,0.0060,0.0000,200,1.1759
0.0099,0.0000,0.0000,0.0000,0.0097,0.0000,200,1.1725
0.0026,0.0000,0.0000,0.0000,0.0026,0.0000,200,1.1798
0.0319,0.0000,0.0000,0.0000,0.0317,0.0000,200,1.1509
0.0087,0.0000,0.0000,0.0000,0.0086,0.0001,200,1.1743
0.0040,0.0000,0.0000,0.0000,0.0040,0.0000,200,1.1795
0.0266,0.0000,0.0000,0.0000,0.0265,0.0000,200,1.1570
0.0319,0.0000,0.0000,0.0000,0.0318,0.0001,200,1.1520
0.0092,0.0000,0.0000,0.0000,0.0092,0.0001,200,1.1751
0.0305,0.0000,0.0000,0.0000,0.0304,0.0001,200,1.1540
0.0176,0.0000,0.0000,0.0000,0.0173,0.0002,200,1.1675
0.0015,0.0000,0.0000,0.0000,0.0011,0.0004,200,1.1843
0.0344,0.0000,0.0000,0.0000,0.0341,0.0000,200,1.1515
0.0086,0.0000,0.0000,0.0000,0.0085,0.0001,200,1.1777
0.0039,0.0000,0.0000,0.0000,0.0037,0.0000,200,1.1827
0.0098,0.0000,0.0000,0.0000,0.0096,0.0001,200,1.1772
0.0086,0.0000,0.0000,0.0000,0.0084,0.0001,200,1.1790
0.0015,0.0000,0.0000,0.0000,0.0014,0.0001,200,1.1863
0.0073,0.0000,0.0000,0.0000,0.0072,0.0000,200,1.1812
0.0591,0.0000,0.0000,0.0000,0.0590,0.0001,200,1.1298
0.0400,0.0000,0.0000,0.0000,0.0399,0.0001,200,1.1493
0.0101,0.0000,0.0000,0.0000,0.0100,0.0001,200,1.1794
0.0083,0.0000,0.0000,0.0000,0.0080,0.0001,200,1.1820
0.0330,0.0000,0.0000,0.0000,0.0330,0.0000,200,1.1573
0.0154,0.0000,0.0000,0.0000,0.0153,0.0000,200,1.1753
0.0704,0.0000,0.0000,0.0000,0.0701,0.0002,200,1.1210
0.0018,0.0000,0.0000,0.0000,0.0015,0.0000,200,1.1895
0.0062,0.0000,0.0000,0.0000,0.0052,0.0010,200,1.1859
0.0237,0.0000,0.0000,0.0002,0.0234,0.0000,200,1.1698
0.0229,0.0000,0.0000,0.0001,0.0227,0.0000,200,1.1707
0.0052,0.0000,0.0000,0.0001,0.0050,0.0000,200,1.1889
0.0162,0.0000,0.0000,0.0000,0.0162,0.0000,200,1.1782
0.0114,0.0000,0.0000,0.0000,0.0113,0.0000,200,1.1830
0.0367,0.0000,0.0000,0.0000,0.0366,0.0000,200,1.1582
0.0217,0.0000,0.0000,0.0000,0.0216,0.0001,200,1.1736
0.0172,0.0000,0.0000,0.0001,0.0170,0.0001,200,1.1785
0.0078,0.0000,0.0000,0.0000,0.0077,0.0001,200,1.1885
0.0012,0.0000,0.0000,0.0000,0.0010,0.0001,200,1.1954
0.0048,0.0000,0.0000,0.0000,0.0047,0.0000,200,1.1921
0.0030,0.0000,0.0000,0.0000,0.0029,0.0001,200,1.1944
0.0322,0.0000,0.0000,0.0000,0.0321,0.0000,200,1.1656
0.0664,0.0000,0.0000,0.0000,0.0663,0.0000,200,1.1320
0.0079,0.0000,0.0000,0.0000,0.0078,0.0000,200,1.1907
0.0338,0.0000,0.0000,0.0000,0.0337,0.0001,200,1.1653
0.0118,0.0000,0.0000,0.0000,0.0117,0.0000,200,1.1879
0.0050,0.0000,0.0000,0.0000,0.0049,0.0000,200,1.1949
0.0186,0.0000,0.0000,0.0000,0.0184,0.0001,200,1.1818
0.0131,0.0000,0.0000,0.0001,0.0127,0.0001,200,1.1876
0.0335,0.0000,0.0000,0.0000,0.0333,0.0001,200,1.1676
0.0372,0.0000,0.0000,0.0000,0.0371,0.0000,200,1.1642
0.0158,0.0000,0.0000,0.0000,0.0157,0.0000,200,1.1858
0.0119,0.0000,0.0000,0.0000,0.0119,0.0000,200,1.1903
0.0111,0.0000,0.0000,0.0013,0.0096,0.0002,200,1.1914
0.0431,0.0000,0.0000,0.0000,0.0429,0.0001,200,1.1599
0.0051,0.0000,0.0000,0.0000,0.0050,0.0000,200,1.1983
0.0029,0.0000,0.0000,0.0000,0.0028,0.0000,200,1.2007
0.0231,0.0000,0.0000,0.0000,0.0230,0.0000,200,1.1807
0.0067,0.0000,0.0000,0.0000,0.0066,0.0000,200,1.1975
0.0319,0.0000,0.0000,0.0000,0.0316,0.0003,200,1.1727
0.0055,0.0000,0.0000,0.0000,0.0054,0.0000,200,1.1992
0.0217,0.0000,0.0000,0.0000,0.0216,0.0000,200,1.1835
0.0220,0.0000,0.0000,0.0000,0.0219,0.0000,200,1.1836
0.0406,0.0000,0.0000,0.0000,0.0405,0.0000,200,1.1656
0.0128,0.0000,0.0000,0.0000,0.0127,0.0001,200,1.1936
0.0095,0.0000,0.0000,0.0000,0.0094,0.0000,200,1.1969
0.0037,0.0000,0.0000,0.0000,0.0036,0.0000,200,1.2034
0.0111,0.0000,0.0000,0.0000,0.0110,0.0001,200,1.1963
0.0013,0.0000,0.0000,0.0000,0.0012,0.0000,200,1.2064
0.0211,0.0000,0.0000,0.0000,0.0211,0.0000,200,1.1869
0.0040,0.0000,0.0000,0.0000,0.0038,0.0002,200,1.2046
0.0095,0.0000,0.0000,0.0000,0.0094,0.0001,200,1.1997
0.0068,0.0000,0.0000,0.0000,0.0067,0.0000,200,1.2023
0.0042,0.0000,0.0000,0.0000,0.0040,0.0001,200,1.2056
0.0291,0.0000,0.0000,0.0000,0.0290,0.0000,200,1.1813
0.0239,0.0000,0.0000,0.0000,0.0238,0.0000,200,1.1866
0.0262,0.0000,0.0000,0.0000,0.0261,0.0001,200,1.1851
0.0033,0.0000,0.0000,0.0000,0.0032,0.0001,200,1.2081
0.0738,0.0000,0.0000,0.0001,0.0735,0.0000,200,1.1378
0.0134,0.0000,0.0000,0.0000,0.0133,0.0001,200,1.1986
0.0166,0.0000,0.0000,0.0000,0.0164,0.0001,200,1.1958
0.0010,0.0000,0.0000,0.0000,0.0009,0.0000,200,1.2116
0.0116,0.0000,0.0000,0.0000,0.0114,0.0001,200,1.2014
0.0105,0.0000,0.0000,0.0000,0.0103,0.0000,200,1.2030
0.0582,0.0000,0.0000,0.0000,0.0581,0.0000,200,1.1555
0.0078,0.0000,0.0000,0.0000,0.0078,0.0000,200,1.2062
0.0143,0.0000,0.0000,0.0000,0.0142,0.0000,200,1.2003
0.0522,0.0000,0.0000,0.0000,0.0521,0.0000,200,1.1629
0.0073,0.0000,0.0000,0.0000,0.0070,0.0003,200,1.2077
0.0046,0.0000,0.0000,0.0000,0.0042,0.0004,200,1.2113
0.0219,0.0000,0.0000,0.0000,0.0218,0.0000,200,1.1941
0.0150,0.0000,0.0000,0.0000,0.0149,0.0000,200,1.2011
0.0073,0.0000,0.0000,0.0000,0.0070,0.0002,200,1.2092
0.0193,0.0000,0.0000,0.0000,0.0192,0.0000,200,1.1978
0.0012,0.0000,0.0000,0.0001,0.0012,0.0000,200,1.2161
0.0043,0.0000,0.0000,0.0000,0.0042,0.0000,200,1.2134
0.0038,0.0000,0.0000,0.0000,0.0037,0.0000,200,1.2140
0.0022,0.0000,0.0000,0.0000,0.0021,0.0001,200,1.2160
0.0251,0.0000,0.0000,0.0000,0.0250,0.0001,200,1.1935
0.0144,0.0000,0.0000,0.0000,0.0143,0.0000,200,1.2046
0.0090,0.0000,0.0000,0.0000,0.0089,0.0000,200,1.2105
0.0020,0.0000,0.0000,0.0000,0.0019,0.0000,200,1.2177
0.0152,0.0000,0.0000,0.0000,0.0151,0.0002,200,1.2052
0.0241,0.0000,0.0000,0.0000,0.0239,0.0002,200,1.1966
0.0499,0.0000,0.0000,0.0000,0.0498,0.0000,200,1.1709
0.0387,0.0000,0.0000,0.0000,0.0386,0.0000,200,1.1824
0.0301,0.0000,0.0000,0.0000,0.0300,0.0000,200,1.1914
0.0094,0.0000,0.0000,0.0000,0.0093,0.0000,200,1.2123
0.0124,0.0000,0.0000,0.0000,0.0123,0.0000,200,1.2098
0.0031,0.0000,0.0000,0.0000,0.0030,0.0000,200,1.2195
0.0963,0.0000,0.0000,0.0000,0.0962,0.0000,200,1.1266
0.0657,0.0000,0.0000,0.0000,0.0656,0.0001,200,1.1578
0.0500,0.0000,0.0000,0.0000,0.0499,0.0000,200,1.1741
0.0571,0.0000,0.0000,0.0000,0.0568,0.0003,200,1.1669
0.0422,0.0000,0.0000,0.0000,0.0420,0.0001,200,1.1825
0.0158,0.0000,0.0000,0.0000,0.0157,0.0000,200,1.2092
0.0708,0.0000,0.0000,0.0000,0.0708,0.0000,200,1.1545
0.0114,0.0000,0.0000,0.0000,0.0110,0.0002,200,1.2147
0.0123,0.0000,0.0000,0.0000,0.0122,0.0000,200,1.2137
0.0179,0.0000,0.0000,0.0000,0.0178,0.0000,200,1.2087
0.0244,0.0000,0.0000,0.0000,0.0243,0.0000,200,1.2025
0.0023,0.0000,0.0000,0.0000,0.0022,0.0000,200,1.2250
0.0664,0.0000,0.0000,0.0000,0.0664,0.0000,200,1.1614
0.0221,0.0000,0.0000,0.0000,0.0218,0.0002,200,1.2064
0.0183,0.0000,0.0000,0.0000,0.0181,0.0000,200,1.2104
0.0112,0.0000,0.0000,0.0001,0.0109,0.0001,200,1.2181
0.0785,0.0000,0.0000,0.0004,0.0779,0.0000,200,1.1514
0.0052,0.0000,0.0000,0.0000,0.0047,0.0004,200,1.2247
0.0074,0.0000,0.0000,0.0000,0.0074,0.0000,200,1.2226
0.0262,0.0000,0.0000,0.0000,0.0261,0.0001,200,1.2042
0.0189,0.0000,0.0000,0.0000,0.0189,0.0000,200,1.2120
0.0105,0.0000,0.0000,0.0000,0.0105,0.0000,200,1.2207
0.0204,0.0000,0.0000,0.0000,0.0203,0.0001,200,1.2114
0.0036,0.0000,0.0000,0.0001,0.0034,0.0001,200,1.2285
0.0065,0.0000,0.0000,0.0000,0.0065,0.0000,200,1.2260
0.0387,0.0000,0.0000,0.0000,0.0386,0.0000,200,1.1944
0.0058,0.0000,0.0000,0.0001,0.0056,0.0001,200,1.2278
0.0498,0.0000,0.0000,0.0000,0.0496,0.0002,200,1.1839
0.0103,0.0000,0.0000,0.0000,0.0102,0.0001,200,1.2235
0.0217,0.0000,0.0000,0.0000,0.0216,0.0001,200,1.2126
0.0307,0.0000,0.0000,0.0000,0.0306,0.0000,200,1.2038
0.0129,0.0000,0.0000,0.0000,0.0127,0.0001,200,1.2222
0.0452,0.0000,0.0000,0.0000,0.0450,0.0001,200,1.1902
0.0093,0.0000,0.0000,0.0000,0.0092,0.0000,200,1.2266
0.0121,0.0000,0.0000,0.0000,0.0120,0.0001,200,1.2241
0.0193,0.0000,0.0000,0.0000,0.0192,0.0000,200,1.2173
0.0208,0.0000,0.0000,0.0000,0.0208,0.0000,200,1.2160
0.0073,0.0000,0.0000,0.0000,0.0072,0.0001,200,1.2298
0.0195,0.0000,0.0000,0.0000,0.0195,0.0000,200,1.2178
0.0092,0.0000,0.0000,0.0000,0.0089,0.0002,200,1.2287
0.0064,0.0000,0.0000,0.0001,0.0062,0.0000,200,1.2318
0.0141,0.0000,0.0000,0.0000,0.0141,0.0000,200,1.2241
0.0042,0.0000,0.0000,0.0000,0.0041,0.0001,200,1.2344
0.0176,0.0000,0.0000,0.0000,0.0175,0.0000,200,1.2215
0.0013,0.0000,0.0000,0.0000,0.0008,0.0005,200,1.2385
0.0045,0.0000,0.0000,0.0002,0.0041,0.0000,200,1.2354
0.0030,0.0000,0.0000,0.0000,0.0029,0.0000,200,1.2371
0.0251,0.0000,0.0000,0.0000,0.0250,0.0000,200,1.2151
0.0084,0.0000,0.0000,0.0004,0.0080,0.0001,200,1.2321
0.0244,0.0000,0.0000,0.0000,0.0243,0.0001,200,1.2166
0.0035,0.0000,0.0000,0.0000,0.0032,0.0001,200,1.2381
0.0034,0.0000,0.0000,0.0000,0.0032,0.0001,200,1.2382
0.0214,0.0000,0.0000,0.0000,0.0213,0.0001,200,1.2208
0.0035,0.0000,0.0000,0.0000,0.0035,0.0000,200,1.2390
0.0020,0.0000,0.0000,0.0000,0.0018,0.0001,200,1.2410
0.0032,0.0000,0.0000,0.0000,0.0031,0.0000,200,1.2401
0.0021,0.0000,0.0000,0.0000,0.0020,0.0001,200,1.2422
0.0020,0.0000,0.0000,0.0000,0.0019,0.0001,200,1.2426
0.0141,0.0000,0.0000,0.0000,0.0140,0.0001,200,1.2313
0.0169,0.0000,0.0000,0.0000,0.0168,0.0000,200,1.2304
0.0175,0.0000,0.0000,0.0000,0.0174,0.0000,200,1.2298
0.0115,0.0000,0.0000,0.0000,0.0115,0.0000,200,1.2358
0.0344,0.0000,0.0000,0.0000,0.0339,0.0000,200,1.2130
0.0304,0.0000,0.0000,0.0000,0.0303,0.0000,200,1.2171
0.0041,0.0000,0.0000,0.0000,0.0040,0.0000,200,1.2434
0.0120,0.0000,0.0000,0.0000,0.0118,0.0000,200,1.2368
0.0151,0.0000,0.0000,0.0000,0.0146,0.0000,200,1.2339
0.0279,0.0000,0.0000,0.0000,0.0278,0.0000,200,1.2211
0.0139,0.0000,0.0000,0.0002,0.0136,0.0000,200,1.2351
0.0109,0.0000,0.0000,0.0000,0.0108,0.0000,200,1.2382
0.0264,0.0000,0.0000,0.0000,0.0262,0.0002,200,1.2229
0.0349,0.0000,0.0000,0.0000,0.0348,0.0001,200,1.2151
0.0036,0.0000,0.0000,0.0000,0.0034,0.0002,200,1.2474
0.0040,0.0000,0.0000,0.0000,0.0037,0.0003,200,1.2474
0.0212,0.0000,0.0000,0.0000,0.0211,0.0000,200,1.2309
0.0453,0.0000,0.0000,0.0000,0.0452,0.0000,200,1.2074
0.0061,0.0000,0.0000,0.0000,0.0059,0.0002,200,1.2473
0.0018,0.0000,0.0000,0.0000,0.0016,0.0001,200,1.2521
0.0342,0.0000,0.0000,0.0001,0.0341,0.0000,200,1.2197
0.0017,0.0000,0.0000,0.0001,0.0014,0.0002,200,1.2528
0.0206,0.0000,0.0000,0.0000,0.0204,0.0002,200,1.2345
0.0258,0.0000,0.0000,0.0000,0.0257,0.0000,200,1.2300
0.0070,0.0000,0.0000,0.0000,0.0068,0.0001,200,1.2490
0.0089,0.0000,0.0000,0.0000,0.0088,0.0001,200,1.2474
0.0149,0.0000,0.0000,0.0000,0.0147,0.0000,200,1.2416
0.0124,0.0000,0.0000,0.0000,0.0121,0.0000,200,1.2446
0.0080,0.0000,0.0000,0.0000,0.0080,0.0000,200,1.2493
0.0324,0.0000,0.0000,0.0000,0.0323,0.0001,200,1.2254
0.0513,0.0000,0.0000,0.0000,0.0510,0.0002,200,1.2071
0.0210,0.0000,0.0000,0.0000,0.0210,0.0000,200,1.2374
0.0131,0.0000,0.0000,0.0017,0.0113,0.0000,200,1.2454
0.0247,0.0000,0.0000,0.0000,0.0247,0.0000,200,1.2337
0.0298,0.0000,0.0000,0.0001,0.0295,0.0000,200,1.2294
0.0028,0.0000,0.0000,0.0000,0.0028,0.0000,200,1.2565
0.0011,0.0000,0.0000,0.0000,0.0010,0.0000,200,1.2584
0.0065,0.0000,0.0000,0.0005,0.0056,0.0003,200,1.2539
0.0092,0.0000,0.0000,0.0000,0.0091,0.0000,200,1.2513
0.0392,0.0000,0.0000,0.0000,0.0391,0.0001,200,1.2217
0.0027,0.0000,0.0000,0.0000,0.0026,0.0001,200,1.2585
0.0012,0.0000,0.0000,0.0000,0.0011,0.0000,200,1.2605
0.0262,0.0000,0.0000,0.0000,0.0259,0.0002,200,1.2361
0.0352,0.0000,0.0000,0.0000,0.0351,0.0001,200,1.2273
0.0140,0.0000,0.0000,0.0000,0.0139,0.0000,200,1.2488
0.0230,0.0000,0.0000,0.0001,0.0226,0.0003,200,1.2405
0.0206,0.0000,0.0000,0.0000,0.0205,0.0000,200,1.2430
0.0015,0.0000,0.0000,0.0000,0.0014,0.0000,200,1.2625
0.0048,0.0000,0.0000,0.0000,0.0047,0.0000,200,1.2593
0.0156,0.0000,0.0000,0.0000,0.0156,0.0000,200,1.2489
0.0045,0.0000,0.0000,0.0000,0.0044,0.0000,200,1.2605
0.0211,0.0000,0.0000,0.0002,0.0208,0.0001,200,1.2443
0.0048,0.0000,0.0000,0.0000,0.0047,0.0000,200,1.2609
0.0187,0.0000,0.0000,0.0000,0.0185,0.0001,200,1.2473
0.0014,0.0000,0.0000,0.0000,0.0014,0.0000,200,1.2649
0.0096,0.0000,0.0000,0.0000,0.0094,0.0002,200,1.2574
0.0115,0.0000,0.0000,0.0003,0.0110,0.0001,200,1.2558
0.0077,0.0000,0.0000,0.0000,0.0077,0.0000,200,1.2595
0.0832,0.0000,0.0000,0.0000,0.0831,0.0000,200,1.1846
0.0115,0.0000,0.0000,0.0000,0.0114,0.0001,200,1.2569
0.0107,0.0000,0.0000,0.0000,0.0106,0.0000,200,1.2578
0.0363,0.0000,0.0000,0.0000,0.0361,0.0000,200,1.2325
0.0072,0.0000,0.0000,0.0001,0.0069,0.0001,200,1.2623
0.0296,0.0000,0.0000,0.0000,0.0295,0.0000,200,1.2399
0.0194,0.0000,0.0000,0.0003,0.0189,0.0001,200,1.2510
0.0090,0.0000,0.0000,0.0000,0.0089,0.0000,200,1.2617
0.0038,0.0000,0.0000,0.0000,0.0037,0.0001,200,1.2673
0.0077,0.0000,0.0000,0.0000,0.0076,0.0000,200,1.2635
0.0314,0.0000,0.0000,0.0000,0.0313,0.0000,200,1.2401
0.0322,0.0000,0.0000,0.0000,0.0322,0.0000,200,1.2399
0.0085,0.0000,0.0000,0.0000,0.0084,0.0001,200,1.2641
0.0044,0.0000,0.0000,0.0000,0.0041,0.0000,200,1.2688
0.0544,0.0000,0.0000,0.0000,0.0543,0.0001,200,1.2190
0.0182,0.0000,0.0000,0.0000,0.0182,0.0000,200,1.2552
0.0012,0.0000,0.0000,0.0001,0.0010,0.0001,200,1.2726
0.0726,0.0000,0.0000,0.0000,0.0725,0.0001,200,1.2016
0.0070,0.0000,0.0000,0.0000,0.0069,0.0000,200,1.2678
0.0045,0.0000,0.0000,0.0000,0.0044,0.0001,200,1.2707
0.0217,0.0000,0.0000,0.0000,0.0216,0.0000,200,1.2539
0.0262,0.0000,0.0000,0.0000,0.0260,0.0002,200,1.2500
0.0082,0.0000,0.0000,0.0000,0.0081,0.0000,200,1.2685
0.0046,0.0000,0.0000,0.0000,0.0045,0.0000,200,1.2721
0.0131,0.0000,0.0000,0.0000,0.0131,0.0000,200,1.2645
0.0122,0.0000,0.0000,0.0000,0.0122,0.0000,200,1.2654
0.0185,0.0000,0.0000,0.0000,0.0184,0.0000,200,1.2591
0.0201,0.0000,0.0000,0.0000,0.0197,0.0003,200,1.2584
0.0456,0.0000,0.0000,0.0000,0.0455,0.0000,200,1.2331
0.0073,0.0000,0.0000,0.0000,0.0072,0.0001,200,1.2715
0.0016,0.0000,0.0000,0.0002,0.0013,0.0000,200,1.2777
0.0129,0.0000,0.0000,0.0000,0.0126,0.0003,200,1.2673
0.0533,0.0000,0.0000,0.0000,0.0533,0.0000,200,1.2269
0.0094,0.0000,0.0000,0.0000,0.0092,0.0001,200,1.2710
0.0772,0.0000,0.0000,0.0001,0.0770,0.0000,200,1.2036
0.0047,0.0000,0.0000,0.0000,0.0044,0.0002,200,1.2767
0.0047,0.0000,0.0000,0.0000,0.0047,0.0000,200,1.2767
0.0014,0.0000,0.0000,0.0001,0.0013,0.0000,200,1.2805
0.0180,0.0000,0.0000,0.0000,0.0177,0.0001,200,1.2641
0.0040,0.0000,0.0000,0.0000,0.0038,0.0000,200,1.2785
0.0067,0.0000,0.0000,0.0000,0.0066,0.0000,200,1.2762
0.0091,0.0000,0.0000,0.0000,0.0090,0.0000,200,1.2739
0.0151,0.0000,0.0000,0.0000,0.0150,0.0000,200,1.2685
0.0107,0.0000,0.0000,0.0000,0.0106,0.0001,200,1.2732
0.0064,0.0000,0.0000,0.0000,0.0063,0.0000,200,1.2777
0.0037,0.0000,0.0000,0.0000,0.0036,0.0001,200,1.2807
0.0107,0.0000,0.0000,0.0000,0.0105,0.0002,200,1.2742
0.0049,0.0000,0.0000,0.0000,0.0048,0.0001,200,1.2802
0.0362,0.0000,0.0000,0.0000,0.0362,0.0000,200,1.2491
0.0220,0.0000,0.0000,0.0000,0.0219,0.0000,200,1.2636
0.0274,0.0000,0.0000,0.0000,0.0273,0.0001,200,1.2585
0.0047,0.0000,0.0000,0.0000,0.0047,0.0000,200,1.2814
0.0041,0.0000,0.0000,0.0000,0.0040,0.0000,200,1.2825
0.0121,0.0000,0.0000,0.0000,0.0119,0.0001,200,1.2747
0.0176,0.0000,0.0000,0.0000,0.0175,0.0000,200,1.2695
0.0142,0.0000,0.0000,0.0001,0.0139,0.0002,200,1.2733
0.0022,0.0000,0.0000,0.0000,0.0021,0.0000,200,1.2855
0.0125,0.0000,0.0000,0.0000,0.0124,0.0000,200,1.2755
0.0152,0.0000,0.0000,0.0000,0.0151,0.0000,200,1.2734
0.0033,0.0000,0.0000,0.0000,0.0032,0.0000,200,1.2853
0.0089,0.0000,0.0000,0.0000,0.0082,0.0000,200,1.2802
0.0711,0.0000,0.0000,0.0000,0.0708,0.0001,200,1.2186
0.0082,0.0000,0.0000,0.0000,0.0081,0.0000,200,1.2819
0.0071,0.0000,0.0000,0.0000,0.0071,0.0000,200,1.2829
0.0047,0.0000,0.0000,0.0000,0.0046,0.0001,200,1.2862
0.0089,0.0000,0.0000,0.0002,0.0086,0.0001,200,1.2821
0.0016,0.0000,0.0000,0.0000,0.0016,0.0000,200,1.2897
0.0131,0.0000,0.0000,0.0000,0.0130,0.0001,200,1.2787
0.0080,0.0000,0.0000,0.0000,0.0079,0.0001,200,1.2840
0.0259,0.0000,0.0000,0.0000,0.0258,0.0000,200,1.2664
0.0453,0.0000,0.0000,0.0000,0.0453,0.0000,200,1.2474
0.0045,0.0000,0.0000,0.0000,0.0044,0.0001,200,1.2888
0.0570,0.0000,0.0000,0.0000,0.0570,0.0000,200,1.2366
0.0144,0.0000,0.0000,0.0000,0.0143,0.0000,200,1.2793
0.0076,0.0000,0.0000,0.0000,0.0075,0.0001,200,1.2868
0.0253,0.0000,0.0000,0.0000,0.0251,0.0000,200,1.2696
0.0029,0.0000,0.0000,0.0000,0.0028,0.0001,200,1.2920
0.0094,0.0000,0.0000,0.0000,0.0094,0.0000,200,1.2859
0.0047,0.0000,0.0000,0.0000,0.0046,0.0001,200,1.2910
0.0023,0.0000,0.0000,0.0005,0.0018,0.0000,200,1.2936
0.0013,0.0000,0.0000,0.0000,0.0012,0.0000,200,1.2950
0.0054,0.0000,0.0000,0.0000,0.0053,0.0001,200,1.2913
0.0182,0.0000,0.0000,0.0000,0.0181,0.0001,200,1.2788
0.0716,0.0000,0.0000,0.0000,0.0715,0.0000,200,1.2261
0.0774,0.0000,0.0000,0.0000,0.0773,0.0001,200,1.2205
0.0148,0.0000,0.0000,0.0000,0.0147,0.0000,200,1.2835
0.0116,0.0000,0.0000,0.0000,0.0115,0.0001,200,1.2871
0.0377,0.0000,0.0000,0.0000,0.0377,0.0000,200,1.2612
0.0458,0.0000,0.0000,0.0000,0.0457,0.0000,200,1.2534
0.0080,0.0000,0.0000,0.0000,0.0078,0.0000,200,1.2917
0.1004,0.0000,0.0000,0.0000,0.1000,0.0004,200,1.1999
0.1112,0.0000,0.0000,0.0003,0.1107,0.0000,200,1.1893
0.0026,0.0000,0.0000,0.0000,0.0021,0.0001,200,1.2979
0.0468,0.0000,0.0000,0.0000,0.0466,0.0001,200,1.2544
0.0137,0.0000,0.0000,0.0000,0.0136,0.0000,200,1.2878
0.0192,0.0000,0.0000,0.0000,0.0189,0.0003,200,1.2829
0.0464,0.0000,0.0000,0.0003,0.0461,0.0001,200,1.2560
0.0163,0.0000,0.0000,0.0000,0.0161,0.0001,200,1.2866
0.0071,0.0000,0.0000,0.0000,0.0068,0.0003,200,1.2960
0.0012,0.0000,0.0000,0.0001,0.0010,0.0000,200,1.3021
0.0050,0.0000,0.0000,0.0000,0.0046,0.0003,200,1.2990
0.0150,0.0000,0.0000,0.0000,0.0148,0.0001,200,1.2901
0.0486,0.0000,0.0000,0.0000,0.0476,0.0009,200,1.2565
0.0161,0.0000,0.0000,0.0000,0.0156,0.0005,200,1.2891
0.0131,0.0000,0.0000,0.0000,0.0131,0.0000,200,1.2923
0.0385,0.0000,0.0000,0.0000,0.0372,0.0013,200,1.2670
0.0401,0.0000,0.0000,0.0000,0.0401,0.0000,200,1.2659
0.0177,0.0000,0.0000,0.0001,0.0173,0.0002,200,1.2886
0.0253,0.0000,0.0000,0.0000,0.0252,0.0001,200,1.2814
0.0069,0.0000,0.0000,0.0000,0.0069,0.0000,200,1.3003
0.0364,0.0000,0.0000,0.0000,0.0362,0.0000,200,1.2712
0.0013,0.0000,0.0000,0.0000,0.0012,0.0000,200,1.3063
0.0137,0.0000,0.0000,0.0000,0.0136,0.0001,200,1.2944
0.0068,0.0000,0.0000,0.0000,0.0066,0.0001,200,1.3015
0.0132,0.0000,0.0000,0.0001,0.0130,0.0000,200,1.2957
0.0092,0.0000,0.0000,0.0006,0.0086,0.0000,200,1.2999
0.0388,0.0000,0.0000,0.0000,0.0384,0.0004,200,1.2704
0.0069,0.0000,0.0000,0.0003,0.0065,0.0001,200,1.3029
0.0008,0.0000,0.0000,0.0001,0.0006,0.0000,200,1.3092
0.0122,0.0000,0.0000,0.0000,0.0121,0.0001,200,1.2983
0.0016,0.0000,0.0000,0.0000,0.0014,0.0000,200,1.3091
0.0039,0.0000,0.0000,0.0000,0.0037,0.0001,200,1.3073
0.0192,0.0000,0.0000,0.0000,0.0190,0.0002,200,1.2927
0.0071,0.0000,0.0000,0.0000,0.0068,0.0002,200,1.3051
0.0051,0.0000,0.0000,0.0000,0.0048,0.0000,200,1.3076
0.0138,0.0000,0.0000,0.0000,0.0137,0.0001,200,1.2992
0.0287,0.0000,0.0000,0.0000,0.0285,0.0000,200,1.2844
0.0047,0.0000,0.0000,0.0001,0.0046,0.0000,200,1.3090
0.0019,0.0000,0.0000,0.0000,0.0018,0.0000,200,1.3122
0.0118,0.0000,0.0000,0.0002,0.0115,0.0000,200,1.3031
0.0109,0.0000,0.0000,0.0002,0.0107,0.0000,200,1.3040
0.0397,0.0000,0.0000,0.0000,0.0396,0.0001,200,1.2752
0.0028,0.0000,0.0000,0.0000,0.0027,0.0001,200,1.3126
0.0028,0.0000,0.0000,0.0000,0.0027,0.0000,200,1.3130
0.0138,0.0000,0.0000,0.0001,0.0135,0.0000,200,1.3024
0.0155,0.0000,0.0000,0.0000,0.0153,0.0001,200,1.3012
0.0238,0.0000,0.0000,0.0001,0.0236,0.0000,200,1.2933
0.0683,0.0000,0.0000,0.0000,0.0682,0.0000,200,1.2490
0.0173,0.0000,0.0000,0.0000,0.0172,0.0000,200,1.3005
0.0407,0.0000,0.0000,0.0001,0.0404,0.0000,200,1.2776
0.0250,0.0000,0.0000,0.0000,0.0248,0.0000,200,1.2936
0.0082,0.0000,0.0000,0.0001,0.0080,0.0001,200,1.3112
0.0046,0.0000,0.0000,0.0001,0.0044,0.0000,200,1.3149
0.0052,0.0000,0.0000,0.0000,0.0050,0.0001,200,1.3149
0.0147,0.0000,0.0000,0.0000,0.0144,0.0003,200,1.3061
0.0068,0.0000,0.0000,0.0000,0.0067,0.0000,200,1.3141
0.0163,0.0000,0.0000,0.0000,0.0160,0.0003,200,1.3052
0.0228,0.0000,0.0000,0.0000,0.0227,0.0000,200,1.2987
0.0885,0.0000,0.0000,0.0000,0.0884,0.0000,200,1.2336
0.0346,0.0000,0.0000,0.0001,0.0343,0.0000,200,1.2876
0.0192,0.0000,0.0000,0.0006,0.0179,0.0004,200,1.3033
0.0115,0.0000,0.0000,0.0001,0.0113,0.0000,200,1.3119
0.0070,0.0000,0.0000,0.0000,0.0069,0.0001,200,1.3167
0.0825,0.0000,0.0000,0.0000,0.0823,0.0001,200,1.2416
0.0054,0.0000,0.0000,0.0000,0.0052,0.0002,200,1.3194
0.0049,0.0000,0.0000,0.0002,0.0046,0.0001,200,1.3201
0.0069,0.0000,0.0000,0.0000,0.0067,0.0002,200,1.3183
0.0351,0.0000,0.0000,0.0000,0.0350,0.0000,200,1.2909
0.0044,0.0000,0.0000,0.0000,0.0044,0.0000,200,1.3215
0.0421,0.0000,0.0000,0.0000,0.0420,0.0000,200,1.2839
0.0188,0.0000,0.0000,0.0000,0.0183,0.0003,200,1.3076
0.0262,0.0000,0.0000,0.0000,0.0260,0.0001,200,1.3004
0.0018,0.0000,0.0000,0.0000,0.0016,0.0001,200,1.3251
0.0035,0.0000,0.0000,0.0000,0.0034,0.0000,200,1.3241
0.0014,0.0000,0.0000,0.0000,0.0013,0.0000,200,1.3263
0.0176,0.0000,0.0000,0.0000,0.0176,0.0000,200,1.3100
0.0034,0.0000,0.0000,0.0000,0.0034,0.0000,200,1.3249
0.0047,0.0000,0.0000,0.0000,0.0046,0.0000,200,1.3237
0.0021,0.0000,0.0000,0.0000,0.0020,0.0000,200,1.3269
0.0329,0.0000,0.0000,0.0001,0.0327,0.0000,200,1.2967
0.0125,0.0000,0.0000,0.0000,0.0124,0.0000,200,1.3173
0.0092,0.0000,0.0000,0.0000,0.0091,0.0000,200,1.3208
0.0021,0.0000,0.0000,0.0001,0.0019,0.0000,200,1.3284
0.0054,0.0000,0.0000,0.0002,0.0052,0.0000,200,1.3252
0.0226,0.0000,0.0000,0.0000,0.0226,0.0000,200,1.3083
0.0261,0.0000,0.0000,0.0000,0.0260,0.0001,200,1.3055
0.0039,0.0000,0.0000,0.0000,0.0038,0.0000,200,1.3277
0.0170,0.0000,0.0000,0.0000,0.0168,0.0001,200,1.3149
0.0346,0.0000,0.0000,0.0000,0.0344,0.0001,200,1.2976
0.0146,0.0000,0.0000,0.0000,0.0146,0.0000,200,1.3178
0.0366,0.0000,0.0000,0.0000,0.0365,0.0000,200,1.2963
0.0073,0.0000,0.0000,0.0000,0.0072,0.0000,200,1.3259
0.0272,0.0000,0.0000,0.0000,0.0267,0.0004,200,1.3067
0.0685,0.0000,0.0000,0.0000,0.0682,0.0003,200,1.2656
0.0040,0.0000,0.0000,0.0000,0.0038,0.0001,200,1.3307
0.0032,0.0000,0.0000,0.0000,0.0031,0.0001,200,1.3316
0.0031,0.0000,0.0000,0.0001,0.0029,0.0000,200,1.3322
0.0061,0.0000,0.0000,0.0000,0.0059,0.0001,200,1.3297
0.0035,0.0000,0.0000,0.0000,0.0035,0.0000,200,1.3324
0.0146,0.0000,0.0000,0.0000,0.0145,0.0000,200,1.3221
0.0074,0.0000,0.0000,0.0000,0.0074,0.0000,200,1.3300
0.0269,0.0000,0.0000,0.0000,0.0268,0.0000,200,1.3105
0.0222,0.0000,0.0000,0.0000,0.0220,0.0002,200,1.3158
0.0186,0.0000,0.0000,0.0002,0.0183,0.0000,200,1.3194
0.0046,0.0000,0.0000,0.0000,0.0046,0.0000,200,1.3342
0.0419,0.0000,0.0000,0.0000,0.0418,0.0000,200,1.2970
0.0111,0.0000,0.0000,0.0000,0.0111,0.0000,200,1.3283
0.0055,0.0000,0.0000,0.0001,0.0051,0.0003,200,1.3347
0.0321,0.0000,0.0000,0.0000,0.0319,0.0000,200,1.3082
0.0130,0.0000,0.0000,0.0001,0.0127,0.0002,200,1.3278
0.0042,0.0000,0.0000,0.0000,0.0040,0.0000,200,1.3367
0.0197,0.0000,0.0000,0.0000,0.0196,0.0001,200,1.3215
0.0100,0.0000,0.0000,0.0000,0.0097,0.0002,200,1.3318
0.0044,0.0000,0.0000,0.0000,0.0040,0.0004,200,1.3381
0.0109,0.0000,0.0000,0.0000,0.0109,0.0000,200,1.3316
0.0087,0.0000,0.0000,0.0000,0.0085,0.0001,200,1.3339
0.0086,0.0000,0.0000,0.0000,0.0085,0.0000,200,1.3348
0.0034,0.0000,0.0000,0.0000,0.0033,0.0001,200,1.3402
0.0128,0.0000,0.0000,0.0000,0.0126,0.0001,200,1.3309
0.0148,0.0000,0.0000,0.0000,0.0145,0.0002,200,1.3290
0.0216,0.0000,0.0000,0.0002,0.0212,0.0001,200,1.3226
0.0395,0.0000,0.0000,0.0000,0.0394,0.0000,200,1.3051
0.0014,0.0000,0.0000,0.0002,0.0011,0.0001,200,1.3438
0.0044,0.0000,0.0000,0.0000,0.0043,0.0000,200,1.3412
0.0161,0.0000,0.0000,0.0000,0.0160,0.0001,200,1.3297
0.0275,0.0000,0.0000,0.0000,0.0274,0.0001,200,1.3187
0.0130,0.0000,0.0000,0.0000,0.0129,0.0000,200,1.3333
0.0027,0.0000,0.0000,0.0000,0.0026,0.0001,200,1.3443
0.0590,0.0000,0.0000,0.0000,0.0589,0.0000,200,1.2880
0.0042,0.0000,0.0000,0.0000,0.0041,0.0000,200,1.3434
0.0054,0.0000,0.0000,0.0000,0.0053,0.0001,200,1.3425
0.0019,0.0000,0.0000,0.0000,0.0019,0.0000,200,1.3463
0.0379,0.0000,0.0000,0.0000,0.0377,0.0001,200,1.3107
0.0278,0.0000,0.0000,0.0000,0.0277,0.0000,200,1.3208
0.0592,0.0000,0.0000,0.0000,0.0587,0.0005,200,1.2901
0.0023,0.0000,0.0000,0.0000,0.0022,0.0000,200,1.3470
0.0544,0.0000,0.0000,0.0000,0.0544,0.0000,200,1.2954
0.0271,0.0000,0.0000,0.0000,0.0268,0.0003,200,1.3233
0.0368,0.0000,0.0000,0.0000,0.0368,0.0000,200,1.3137
0.0099,0.0000,0.0000,0.0000,0.0098,0.0000,200,1.3407
0.0157,0.0000,0.0000,0.0000,0.0156,0.0001,200,1.3353
0.0386,0.0000,0.0000,0.0000,0.0384,0.0001,200,1.3130
0.0357,0.0000,0.0000,0.0000,0.0356,0.0001,200,1.3162
0.0019,0.0000,0.0000,0.0000,0.0014,0.0001,200,1.3505
0.0066,0.0000,0.0000,0.0000,0.0065,0.0000,200,1.3459
0.0358,0.0000,0.0000,0.0000,0.0356,0.0001,200,1.3171
0.0145,0.0000,0.0000,0.0000,0.0142,0.0001,200,1.3389
0.0031,0.0000,0.0000,0.0001,0.0029,0.0000,200,1.3506
0.0027,0.0000,0.0000,0.0000,0.0027,0.0000,200,1.3510
0.0238,0.0000,0.0000,0.0000,0.0237,0.0000,200,1.3305
0.0134,0.0000,0.0000,0.0000,0.0133,0.0000,200,1.3409
0.0392,0.0000,0.0000,0.0000,0.0391,0.0000,200,1.3155
0.0034,0.0000,0.0000,0.0000,0.0032,0.0001,200,1.3516
0.0075,0.0000,0.0000,0.0000,0.0073,0.0002,200,1.3482
0.0071,0.0000,0.0000,0.0000,0.0068,0.0001,200,1.3486
0.0282,0.0000,0.0000,0.0001,0.0281,0.0000,200,1.3275
0.0101,0.0000,0.0000,0.0000,0.0101,0.0000,200,1.3462
0.0044,0.0000,0.0000,0.0000,0.0030,0.0014,200,1.3537
0.0208,0.0000,0.0000,0.0000,0.0207,0.0000,200,1.3374
0.0103,0.0000,0.0000,0.0000,0.0102,0.0000,200,1.3479
0.0064,0.0000,0.0000,0.0000,0.0063,0.0000,200,1.3519
0.0085,0.0000,0.0000,0.0000,0.0084,0.0000,200,1.3498
0.0165,0.0000,0.0000,0.0000,0.0164,0.0000,200,1.3418
0.0035,0.0000,0.0000,0.0000,0.0034,0.0000,200,1.3558
0.0142,0.0000,0.0000,0.0000,0.0136,0.0005,200,1.3470
0.0767,0.0000,0.0000,0.0000,0.0764,0.0002,200,1.2849
0.0081,0.0000,0.0000,0.0000,0.0080,0.0001,200,1.3536
0.0996,0.0000,0.0000,0.0000,0.0996,0.0001,200,1.2628
0.0179,0.0000,0.0000,0.0000,0.0179,0.0000,200,1.3446
0.0142,0.0000,0.0000,0.0000,0.0140,0.0000,200,1.3493
0.0695,0.0000,0.0000,0.0000,0.0694,0.0001,200,1.2948
0.0108,0.0000,0.0000,0.0000,0.0107,0.0000,200,1.3543
0.0117,0.0000,0.0000,0.0000,0.0116,0.0000,200,1.3537
0.0078,0.0000,0.0000,0.0000,0.0077,0.0000,200,1.3582
0.0220,0.0000,0.0000,0.0000,0.0218,0.0001,200,1.3452
0.0456,0.0000,0.0000,0.0000,0.0455,0.0000,200,1.3222
0.0349,0.0000,0.0000,0.0000,0.0349,0.0000,200,1.3329
0.0130,0.0000,0.0000,0.0000,0.0128,0.0001,200,1.3550
0.0144,0.0000,0.0000,0.0000,0.0143,0.0000,200,1.3543
0.0594,0.0000,0.0000,0.0000,0.0593,0.0000,200,1.3098
0.0110,0.0000,0.0000,0.0000,0.0109,0.0000,200,1.3583
0.0087,0.0000,0.0000,0.0000,0.0086,0.0000,200,1.3613
0.0326,0.0000,0.0000,0.0000,0.0325,0.0001,200,1.3374
0.0147,0.0000,0.0000,0.0000,0.0146,0.0000,200,1.3557
0.0090,0.0000,0.0000,0.0000,0.0089,0.0000,200,1.3616
0.0078,0.0000,0.0000,0.0000,0.0076,0.0002,200,1.3635
0.0338,0.0000,0.0000,0.0000,0.0337,0.0000,200,1.3381
0.0665,0.0000,0.0000,0.0000,0.0665,0.0000,200,1.3054
0.0140,0.0000,0.0000,0.0000,0.0139,0.0001,200,1.3583
0.0145,0.0000,0.0000,0.0000,0.0144,0.0001,200,1.3582
0.0137,0.0000,0.0000,0.0000,0.0137,0.0000,200,1.3593
0.0243,0.0000,0.0000,0.0001,0.0240,0.0001,200,1.3493
0.0190,0.0000,0.0000,0.0000,0.0190,0.0000,200,1.3546
0.0055,0.0000,0.0000,0.0000,0.0054,0.0000,200,1.3687
0.0033,0.0000,0.0000,0.0000,0.0032,0.0000,200,1.3713
0.0015,0.0000,0.0000,0.0000,0.0014,0.0001,200,1.3737
0.0134,0.0000,0.0000,0.0000,0.0130,0.0003,200,1.3626
0.0285,0.0000,0.0000,0.0000,0.0282,0.0003,200,1.3476
0.0137,0.0000,0.0000,0.0000,0.0136,0.0000,200,1.3625
0.0042,0.0000,0.0000,0.0000,0.0041,0.0000,200,1.3723
0.0345,0.0000,0.0000,0.0000,0.0343,0.0001,200,1.3426
0.0029,0.0000,0.0000,0.0000,0.0028,0.0000,200,1.3747
0.0087,0.0000,0.0000,0.0000,0.0087,0.0000,200,1.3693
0.0074,0.0000,0.0000,0.0000,0.0072,0.0002,200,1.3706
0.0008,0.0000,0.0000,0.0000,0.0007,0.0000,200,1.3775
0.0388,0.0000,0.0000,0.0000,0.0386,0.0001,200,1.3402
0.0092,0.0000,0.0000,0.0000,0.0091,0.0001,200,1.3700
0.0153,0.0000,0.0000,0.0001,0.0152,0.0000,200,1.3643
0.0102,0.0000,0.0000,0.0000,0.0101,0.0000,200,1.3700
0.0089,0.0000,0.0000,0.0000,0.0087,0.0001,200,1.3718
0.0131,0.0000,0.0000,0.0001,0.0130,0.0000,200,1.3677
0.0289,0.0000,0.0000,0.0000,0.0289,0.0000,200,1.3525
0.0090,0.0000,0.0000,0.0000,0.0089,0.0000,200,1.3727
0.0261,0.0000,0.0000,0.0000,0.0259,0.0000,200,1.3563
0.0438,0.0000,0.0000,0.0000,0.0438,0.0000,200,1.3388
0.0217,0.0000,0.0000,0.0000,0.0215,0.0001,200,1.3615
0.0312,0.0000,0.0000,0.0000,0.0311,0.0001,200,1.3524
0.0017,0.0000,0.0000,0.0000,0.0016,0.0000,200,1.3824
0.0582,0.0000,0.0000,0.0000,0.0581,0.0000,200,1.3266
0.0084,0.0000,0.0000,0.0000,0.0083,0.0000,200,1.3765
0.0073,0.0000,0.0000,0.0000,0.0071,0.0002,200,1.3780
0.0435,0.0000,0.0000,0.0000,0.0434,0.0000,200,1.3425
0.0028,0.0000,0.0000,0.0001,0.0026,0.0000,200,1.3832
0.0048,0.0000,0.0000,0.0001,0.0047,0.0000,200,1.3817
0.0309,0.0000,0.0000,0.0005,0.0303,0.0001,200,1.3557
0.0193,0.0000,0.0000,0.0000,0.0192,0.0000,200,1.3680
0.0017,0.0000,0.0000,0.0000,0.0016,0.0000,200,1.3861
0.0206,0.0000,0.0000,0.0000,0.0201,0.0005,200,1.3672
0.0118,0.0000,0.0000,0.0000,0.0118,0.0000,200,1.3762
0.0431,0.0000,0.0000,0.0000,0.0431,0.0000,200,1.3456
0.0173,0.0000,0.0000,0.0000,0.0172,0.0001,200,1.3719
0.0459,0.0000,0.0000,0.0000,0.0459,0.0000,200,1.3437
0.0116,0.0000,0.0000,0.0000,0.0116,0.0000,200,1.3783
0.0108,0.0000,0.0000,0.0000,0.0108,0.0000,200,1.3792
0.0251,0.0000,0.0000,0.0000,0.0250,0.0000,200,1.3654
0.0169,0.0000,0.0000,0.0000,0.0169,0.0000,200,1.3736
0.0203,0.0000,0.0000,0.0000,0.0202,0.0000,200,1.3705
0.0651,0.0000,0.0000,0.0000,0.0651,0.0000,200,1.3259
0.0157,0.0000,0.0000,0.0000,0.0156,0.0001,200,1.3759
0.0225,0.0000,0.0000,0.0000,0.0224,0.0001,200,1.3693
0.0264,0.0000,0.0000,0.0000,0.0262,0.0001,200,1.3660
0.0345,0.0000,0.0000,0.0000,0.0344,0.0000,200,1.3582
0.0078,0.0000,0.0000,0.0000,0.0076,0.0001,200,1.3854
0.0064,0.0000,0.0000,0.0000,0.0063,0.0001,200,1.3872
0.0503,0.0000,0.0000,0.0000,0.0503,0.0000,200,1.3437
0.0132,0.0000,0.0000,0.0000,0.0131,0.0000,200,1.3809
0.0047,0.0000,0.0000,0.0000,0.0047,0.0000,200,1.3900
0.0138,0.0000,0.0000,0.0000,0.0135,0.0002,200,1.3814
0.0051,0.0000,0.0000,0.0000,0.0050,0.0000,200,1.3905
0.0107,0.0000,0.0000,0.0000,0.0107,0.0000,200,1.3849
0.0097,0.0000,0.0000,0.0000,0.0096,0.0000,200,1.3860
0.0456,0.0000,0.0000,0.0000,0.0449,0.0002,200,1.3505
0.0185,0.0000,0.0000,0.0000,0.0184,0.0000,200,1.3780
0.0610,0.0000,0.0000,0.0000,0.0607,0.0000,200,1.3357
0.0226,0.0000,0.0000,0.0000,0.0225,0.0000,200,1.3742
0.0048,0.0000,0.0000,0.0000,0.0042,0.0006,200,1.3924
0.0142,0.0000,0.0000,0.0000,0.0140,0.0002,200,1.3836
0.0022,0.0000,0.0000,0.0000,0.0022,0.0000,200,1.3956
0.0047,0.0000,0.0000,0.0001,0.0045,0.0001,200,1.3936
0.0108,0.0000,0.0000,0.0000,0.0107,0.0000,200,1.3878
0.0219,0.0000,0.0000,0.0000,0.0219,0.0000,200,1.3771
0.0106,0.0000,0.0000,0.0000,0.0106,0.0000,200,1.3887
0.0736,0.0000,0.0000,0.0000,0.0736,0.0000,200,1.3260
0.0322,0.0000,0.0000,0.0000,0.0321,0.0000,200,1.3678
0.0610,0.0000,0.0000,0.0000,0.0609,0.0001,200,1.3395
0.0081,0.0000,0.0000,0.0000,0.0080,0.0001,200,1.3926
0.0151,0.0000,0.0000,0.0000,0.0146,0.0005,200,1.3866
0.0658,0.0000,0.0000,0.0002,0.0655,0.0000,200,1.3360
0.0367,0.0000,0.0000,0.0000,0.0365,0.0002,200,1.3651
0.0124,0.0000,0.0000,0.0000,0.0123,0.0000,200,1.3900
0.0118,0.0000,0.0000,0.0000,0.0117,0.0001,200,1.3911
0.0281,0.0000,0.0000,0.0000,0.0279,0.0001,200,1.3752
0.0452,0.0000,0.0000,0.0000,0.0450,0.0000,200,1.3583
0.0035,0.0000,0.0000,0.0002,0.0031,0.0001,200,1.4005
0.0081,0.0000,0.0000,0.0000,0.0077,0.0002,200,1.3965
0.0250,0.0000,0.0000,0.0000,0.0249,0.0000,200,1.3796
0.0029,0.0000,0.0000,0.0000,0.0029,0.0000,200,1.4017
0.0227,0.0000,0.0000,0.0003,0.0223,0.0001,200,1.3827
0.0191,0.0000,0.0000,0.0000,0.0190,0.0000,200,1.3866
0.0212,0.0000,0.0000,0.0000,0.0209,0.0003,200,1.3848
0.0074,0.0000,0.0000,0.0000,0.0073,0.0000,200,1.3986
0.0034,0.0000,0.0000,0.0000,0.0033,0.0000,200,1.4033
0.0285,0.0000,0.0000,0.0000,0.0284,0.0000,200,1.3790
0.0015,0.0000,0.0000,0.0000,0.0015,0.0000,200,1.4060
0.0051,0.0000,0.0000,0.0002,0.0047,0.0001,200,1.4024
0.0107,0.0000,0.0000,0.0000,0.0106,0.0000,200,1.3972
0.0039,0.0000,0.0000,0.0000,0.0038,0.0000,200,1.4046
0.0022,0.0000,0.0000,0.0000,0.0021,0.0001,200,1.4067
0.0054,0.0000,0.0000,0.0000,0.0053,0.0000,200,1.4039
0.0162,0.0000,0.0000,0.0000,0.0161,0.0000,200,1.3932
0.0063,0.0000,0.0000,0.0000,0.0063,0.0001,200,1.4035
0.0194,0.0000,0.0000,0.0000,0.0192,0.0001,200,1.3907
0.0027,0.0000,0.0000,0.0000,0.0026,0.0000,200,1.4079
0.0382,0.0000,0.0000,0.0000,0.0378,0.0001,200,1.3730
0.0134,0.0000,0.0000,0.0000,0.0134,0.0000,200,1.3978
0.0024,0.0000,0.0000,0.0000,0.0023,0.0000,200,1.4093
0.0138,0.0000,0.0000,0.0000,0.0137,0.0001,200,1.3983
0.0081,0.0000,0.0000,0.0000,0.0080,0.0001,200,1.4046
0.0024,0.0000,0.0000,0.0000,0.0023,0.0000,200,1.4106
0.0061,0.0000,0.0000,0.0000,0.0060,0.0000,200,1.4084
0.0190,0.0000,0.0000,0.0000,0.0190,0.0000,200,1.3957
0.0235,0.0000,0.0000,0.0000,0.0234,0.0000,200,1.3916
0.0202,0.0000,0.0000,0.0000,0.0200,0.0001,200,1.3952
0.0045,0.0000,0.0000,0.0000,0.0043,0.0001,200,1.4112
0.0046,0.0000,0.0000,0.0000,0.0045,0.0001,200,1.4116
0.0161,0.0000,0.0000,0.0000,0.0159,0.0001,200,1.4007
0.0232,0.0000,0.0000,0.0000,0.0230,0.0001,200,1.3941
0.1323,0.0000,0.0000,0.0002,0.1321,0.0001,200,1.2851
0.0179,0.0000,0.0000,0.0000,0.0179,0.0000,200,1.4000
0.0033,0.0000,0.0000,0.0001,0.0027,0.0000,200,1.4151
0.0381,0.0000,0.0000,0.0000,0.0380,0.0001,200,1.3807
0.0216,0.0000,0.0000,0.0001,0.0215,0.0000,200,1.3978
0.0356,0.0000,0.0000,0.0001,0.0354,0.0002,200,1.3841
0.0207,0.0000,0.0000,0.0001,0.0204,0.0000,200,1.3991
0.0041,0.0000,0.0000,0.0000,0.0035,0.0002,200,1.4163
0.0132,0.0000,0.0000,0.0000,0.0131,0.0001,200,1.4076
0.0112,0.0000,0.0000,0.0000,0.0111,0.0000,200,1.4098
0.0245,0.0000,0.0000,0.0000,0.0243,0.0001,200,1.3967
0.0061,0.0000,0.0000,0.0000,0.0060,0.0001,200,1.4154
0.0020,0.0000,0.0000,0.0000,0.0019,0.0000,200,1.4197
0.0023,0.0000,0.0000,0.0000,0.0022,0.0000,200,1.4197
0.0320,0.0000,0.0000,0.0000,0.0320,0.0000,200,1.3905
0.0333,0.0000,0.0000,0.0000,0.0333,0.0000,200,1.3896
0.0104,0.0000,0.0000,0.0000,0.0098,0.0001,200,1.4130
0.0069,0.0000,0.0000,0.0000,0.0067,0.0001,200,1.4168
0.0293,0.0000,0.0000,0.0000,0.0293,0.0000,200,1.3947
0.0225,0.0000,0.0000,0.0000,0.0225,0.0000,200,1.4017
0.0052,0.0000,0.0000,0.0000,0.0051,0.0000,200,1.4194
0.0196,0.0000,0.0000,0.0000,0.0193,0.0002,200,1.4054
0.0489,0.0000,0.0000,0.0000,0.0488,0.0001,200,1.3762
0.0163,0.0000,0.0000,0.0000,0.0162,0.0000,200,1.4094
0.0027,0.0000,0.0000,0.0000,0.0026,0.0000,200,1.4230
0.0775,0.0000,0.0000,0.0000,0.0774,0.0000,200,1.3486
0.0208,0.0000,0.0000,0.0000,0.0208,0.0000,200,1.4060
0.0059,0.0000,0.0000,0.0000,0.0057,0.0000,200,1.4210
0.0029,0.0000,0.0000,0.0000,0.0029,0.0000,200,1.4241
0.0143,0.0000,0.0000,0.0000,0.0142,0.0000,200,1.4127
0.0065,0.0000,0.0000,0.0000,0.0064,0.0000,200,1.4212
0.0044,0.0000,0.0000,0.0000,0.0043,0.0001,200,1.4233
0.0313,0.0000,0.0000,0.0000,0.0312,0.0000,200,1.3968
0.0080,0.0000,0.0000,0.0000,0.0079,0.0001,200,1.4204
0.0109,0.0000,0.0000,0.0000,0.0109,0.0000,200,1.4179
0.0180,0.0000,0.0000,0.0000,0.0179,0.0001,200,1.4112
0.0267,0.0000,0.0000,0.0000,0.0266,0.0001,200,1.4029
0.0200,0.0000,0.0000,0.0000,0.0199,0.0000,200,1.4101
0.0421,0.0000,0.0000,0.0000,0.0420,0.0000,200,1.3880
0.0413,0.0000,0.0000,0.0000,0.0413,0.0000,200,1.3893
0.0264,0.0000,0.0000,0.0000,0.0263,0.0001,200,1.4047
0.0238,0.0000,0.0000,0.0000,0.0237,0.0000,200,1.4075
0.0098,0.0000,0.0000,0.0001,0.0095,0.0001,200,1.4217
0.0367,0.0000,0.0000,0.0000,0.0364,0.0003,200,1.3956
0.0108,0.0000,0.0000,0.0000,0.0106,0.0001,200,1.4215
0.0155,0.0000,0.0000,0.0003,0.0147,0.0002,200,1.4173
0.0338,0.0000,0.0000,0.0000,0.0337,0.0000,200,1.3993
0.0093,0.0000,0.0000,0.0000,0.0092,0.0000,200,1.4243
0.0263,0.0000,0.0000,0.0000,0.0260,0.0002,200,1.4076
0.0082,0.0000,0.0000,0.0000,0.0081,0.0001,200,1.4261
0.0023,0.0000,0.0000,0.0000,0.0022,0.0000,200,1.4323
0.0013,0.0000,0.0000,0.0000,0.0013,0.0000,200,1.4335
0.0102,0.0000,0.0000,0.0001,0.0100,0.0000,200,1.4251
0.0107,0.0000,0.0000,0.0001,0.0106,0.0000,200,1.4249
0.0062,0.0000,0.0000,0.0000,0.0061,0.0000,200,1.4296
0.0489,0.0000,0.0000,0.0000,0.0488,0.0001,200,1.3877
0.0315,0.0000,0.0000,0.0000,0.0314,0.0001,200,1.4057
0.0021,0.0000,0.0000,0.0000,0.0016,0.0003,200,1.4359
0.0078,0.0000,0.0000,0.0001,0.0075,0.0000,200,1.4301
0.0092,0.0000,0.0000,0.0000,0.0092,0.0000,200,1.4289
0.0422,0.0000,0.0000,0.0000,0.0421,0.0000,200,1.3961
0.0023,0.0000,0.0000,0.0000,0.0021,0.0001,200,1.4366
0.0221,0.0000,0.0000,0.0001,0.0218,0.0002,200,1.4174
0.0172,0.0000,0.0000,0.0000,0.0171,0.0000,200,1.4225
0.0462,0.0000,0.0000,0.0000,0.0461,0.0000,200,1.3940
0.0025,0.0000,0.0000,0.0000,0.0025,0.0000,200,1.4380
0.0263,0.0000,0.0000,0.0000,0.0261,0.0001,200,1.4146
0.0880,0.0000,0.0000,0.0000,0.0879,0.0000,200,1.3529
0.0040,0.0000,0.0000,0.0000,0.0039,0.0000,200,1.4372
0.0134,0.0000,0.0000,0.0000,0.0133,0.0000,200,1.4281
0.0198,0.0000,0.0000,0.0000,0.0196,0.0002,200,1.4220
0.0097,0.0000,0.0000,0.0000,0.0096,0.0000,200,1.4323
0.0097,0.0000,0.0000,0.0000,0.0097,0.0000,200,1.4328
0.0339,0.0000,0.0000,0.0000,0.0338,0.0001,200,1.4089
0.0162,0.0000,0.0000,0.0001,0.0160,0.0001,200,1.4270
0.0093,0.0000,0.0000,0.0000,0.0091,0.0000,200,1.4343
0.0636,0.0000,0.0000,0.0000,0.0635,0.0001,200,1.3802
0.0065,0.0000,0.0000,0.0000,0.0064,0.0000,200,1.4379
0.0170,0.0000,0.0000,0.0000,0.0169,0.0000,200,1.4277
0.0151,0.0000,0.0000,0.0000,0.0150,0.0001,200,1.4301
0.0066,0.0000,0.0000,0.0000,0.0065,0.0001,200,1.4389
0.0028,0.0000,0.0000,0.0001,0.0026,0.0000,200,1.4428
0.0187,0.0000,0.0000,0.0000,0.0187,0.0000,200,1.4270
0.0194,0.0000,0.0000,0.0000,0.0192,0.0002,200,1.4269
0.0014,0.0000,0.0000,0.0000,0.0012,0.0000,200,1.4452
0.0261,0.0000,0.0000,0.0000,0.0260,0.0000,200,1.4208
0.0201,0.0000,0.0000,0.0001,0.0199,0.0000,200,1.4269
0.0224,0.0000,0.0000,0.0000,0.0224,0.0000,200,1.4246
0.0068,0.0000,0.0000,0.0000,0.0066,0.0001,200,1.4409
0.0164,0.0000,0.0000,0.0000,0.0163,0.0000,200,1.4315
0.0154,0.0000,0.0000,0.0000,0.0153,0.0001,200,1.4331
0.0041,0.0000,0.0000,0.0000,0.0040,0.0000,200,1.4444
0.0233,0.0000,0.0000,0.0000,0.0232,0.0000,200,1.4257
0.0500,0.0000,0.0000,0.0000,0.0499,0.0000,200,1.3996
0.0311,0.0000,0.0000,0.0000,0.0310,0.0001,200,1.4188
0.0190,0.0000,0.0000,0.0000,0.0189,0.0000,200,1.4313
0.0029,0.0000,0.0000,0.0000,0.0026,0.0003,200,1.4485
0.0203,0.0000,0.0000,0.0000,0.0195,0.0007,200,1.4311
0.0113,0.0000,0.0000,0.0000,0.0110,0.0002,200,1.4402
0.0498,0.0000,0.0000,0.0000,0.0494,0.0003,200,1.4017
0.0165,0.0000,0.0000,0.0003,0.0161,0.0001,200,1.4353
0.0127,0.0000,0.0000,0.0000,0.0124,0.0003,200,1.4397
0.0023,0.0000,0.0000,0.0000,0.0022,0.0000,200,1.4502
0.0234,0.0000,0.0000,0.0000,0.0234,0.0000,200,1.4292
0.0033,0.0000,0.0000,0.0000,0.0033,0.0000,200,1.4496
0.0016,0.0000,0.0000,0.0001,0.0014,0.0001,200,1.4518
0.0618,0.0000,0.0000,0.0000,0.0617,0.0001,200,1.3918
0.0063,0.0000,0.0000,0.0000,0.0062,0.0001,200,1.4478
0.0021,0.0000,0.0000,0.0001,0.0020,0.0000,200,1.4524
0.0206,0.0000,0.0000,0.0000,0.0205,0.0000,200,1.4339
0.0292,0.0000,0.0000,0.0000,0.0291,0.0001,200,1.4256
0.0127,0.0000,0.0000,0.0000,0.0126,0.0001,200,1.4425
0.0098,0.0000,0.0000,0.0000,0.0097,0.0000,200,1.4455
0.0088,0.0000,0.0000,0.0000,0.0086,0.0002,200,1.4470
0.0326,0.0000,0.0000,0.0000,0.0325,0.0000,200,1.4237
0.0022,0.0000,0.0000,0.0000,0.0021,0.0000,200,1.4545
0.0155,0.0000,0.0000,0.0000,0.0154,0.0000,200,1.4412
0.0019,0.0000,0.0000,0.0000,0.0018,0.0001,200,1.4552
0.0137,0.0000,0.0000,0.0000,0.0136,0.0000,200,1.4438
0.0134,0.0000,0.0000,0.0000,0.0134,0.0000,200,1.4447
0.0150,0.0000,0.0000,0.0000,0.0150,0.0000,200,1.4432
0.0205,0.0000,0.0000,0.0000,0.0204,0.0000,200,1.4381
0.0195,0.0000,0.0000,0.0001,0.0193,0.0001,200,1.4396
0.0186,0.0000,0.0000,0.0000,0.0185,0.0000,200,1.4408
0.0180,0.0000,0.0000,0.0001,0.0175,0.0001,200,1.4418
0.0244,0.0000,0.0000,0.0001,0.0243,0.0000,200,1.4357
0.0019,0.0000,0.0000,0.0000,0.0019,0.0000,200,1.4582
0.0152,0.0000,0.0000,0.0000,0.0152,0.0000,200,1.4455
0.0084,0.0000,0.0000,0.0000,0.0082,0.0002,200,1.4526
0.0047,0.0000,0.0000,0.0000,0.0046,0.0000,200,1.4563
0.0145,0.0000,0.0000,0.0000,0.0143,0.0000,200,1.4471
0.0198,0.0000,0.0000,0.0000,0.0197,0.0001,200,1.4419
0.0109,0.0000,0.0000,0.0000,0.0108,0.0001,200,1.4515
0.0017,0.0000,0.0000,0.0000,0.0016,0.0000,200,1.4610
0.0085,0.0000,0.0000,0.0000,0.0083,0.0000,200,1.4548
0.0204,0.0000,0.0000,0.0000,0.0203,0.0000,200,1.4436
0.0015,0.0000,0.0000,0.0000,0.0014,0.0000,200,1.4624
0.0235,0.0000,0.0000,0.0000,0.0234,0.0000,200,1.4405
0.0229,0.0000,0.0000,0.0000,0.0229,0.0001,200,1.4415
0.0104,0.0000,0.0000,0.0000,0.0103,0.0001,200,1.4545
0.0097,0.0000,0.0000,0.0000,0.0096,0.0000,200,1.4553
0.0497,0.0000,0.0000,0.0000,0.0495,0.0000,200,1.4157
0.0060,0.0000,0.0000,0.0000,0.0059,0.0000,200,1.4594
0.0513,0.0000,0.0000,0.0000,0.0510,0.0000,200,1.4147
0.0011,0.0000,0.0000,0.0000,0.0010,0.0000,200,1.4654
0.0019,0.0000,0.0000,0.0000,0.0018,0.0000,200,1.4650
0.0210,0.0000,0.0000,0.0000,0.0209,0.0001,200,1.4463
0.0202,0.0000,0.0000,0.0000,0.0201,0.0000,200,1.4477
0.0195,0.0000,0.0000,0.0000,0.0194,0.0000,200,1.4485
0.0075,0.0000,0.0000,0.0000,0.0073,0.0001,200,1.4609
0.0069,0.0000,0.0000,0.0000,0.0068,0.0000,200,1.4617
0.0082,0.0000,0.0000,0.0000,0.0082,0.0000,200,1.4608
0.0235,0.0000,0.0000,0.0000,0.0233,0.0001,200,1.4457
0.0575,0.0000,0.0000,0.0000,0.0575,0.0000,200,1.4122
0.0168,0.0000,0.0000,0.0000,0.0167,0.0000,200,1.4534
0.0135,0.0000,0.0000,0.0000,0.0134,0.0000,200,1.4572
0.0363,0.0000,0.0000,0.0000,0.0363,0.0000,200,1.4346
0.0020,0.0000,0.0000,0.0000,0.0020,0.0000,200,1.4690
0.0212,0.0000,0.0000,0.0000,0.0211,0.0000,200,1.4499
0.0053,0.0000,0.0000,0.0000,0.0053,0.0000,200,1.4660
0.0024,0.0000,0.0000,0.0000,0.0023,0.0000,200,1.4692
0.0049,0.0000,0.0000,0.0000,0.0049,0.0000,200,1.4668
0.0076,0.0000,0.0000,0.0000,0.0075,0.0000,200,1.4644
0.0155,0.0000,0.0000,0.0000,0.0154,0.0000,200,1.4567
0.0165,0.0000,0.0000,0.0000,0.0165,0.0000,200,1.4567
0.0056,0.0000,0.0000,0.0000,0.0054,0.0002,200,1.4686
0.0375,0.0000,0.0000,0.0000,0.0374,0.0001,200,1.4382
0.0108,0.0000,0.0000,0.0000,0.0108,0.0000,200,1.4654
0.0084,0.0000,0.0000,0.0000,0.0081,0.0003,200,1.4679
0.0170,0.0000,0.0000,0.0000,0.0167,0.0001,200,1.4601
0.0262,0.0000,0.0000,0.0000,0.0261,0.0001,200,1.4514
0.0071,0.0000,0.0000,0.0000,0.0070,0.0000,200,1.4709
0.0140,0.0000,0.0000,0.0000,0.0139,0.0001,200,1.4649
0.0163,0.0000,0.0000,0.0000,0.0163,0.0000,200,1.4633
0.0024,0.0000,0.0000,0.0000,0.0023,0.0000,200,1.4776
0.0179,0.0000,0.0000,0.0000,0.0178,0.0000,200,1.4626
0.0340,0.0000,0.0000,0.0000,0.0339,0.0000,200,1.4468
0.0289,0.0000,0.0000,0.0002,0.0281,0.0002,200,1.4526
0.0042,0.0000,0.0000,0.0001,0.0040,0.0001,200,1.4780
0.0337,0.0000,0.0000,0.0000,0.0336,0.0000,200,1.4489
0.0116,0.0000,0.0000,0.0000,0.0116,0.0000,200,1.4718
0.0040,0.0000,0.0000,0.0000,0.0039,0.0001,200,1.4800
0.0229,0.0000,0.0000,0.0000,0.0228,0.0001,200,1.4615
0.0567,0.0000,0.0000,0.0000,0.0566,0.0001,200,1.4283
0.0312,0.0000,0.0000,0.0000,0.0310,0.0002,200,1.4541
0.0218,0.0000,0.0000,0.0000,0.0217,0.0000,200,1.4640
0.0066,0.0000,0.0000,0.0000,0.0064,0.0001,200,1.4796
0.0152,0.0000,0.0000,0.0000,0.0152,0.0001,200,1.4714
0.0044,0.0000,0.0000,0.0000,0.0043,0.0001,200,1.4826
0.0140,0.0000,0.0000,0.0000,0.0139,0.0001,200,1.4733
0.0351,0.0000,0.0000,0.0000,0.0343,0.0004,200,1.4529
0.0028,0.0000,0.0000,0.0000,0.0027,0.0000,200,1.4853
0.0417,0.0000,0.0000,0.0000,0.0416,0.0000,200,1.4466
0.0096,0.0000,0.0000,0.0000,0.0095,0.0001,200,1.4790
0.0125,0.0000,0.0000,0.0000,0.0123,0.0000,200,1.4764
0.0015,0.0000,0.0000,0.0000,0.0014,0.0000,200,1.4882
0.0036,0.0000,0.0000,0.0000,0.0035,0.0000,200,1.4862
0.0059,0.0000,0.0000,0.0000,0.0054,0.0005,200,1.4840
0.0030,0.0000,0.0000,0.0000,0.0029,0.0000,200,1.4870
0.0718,0.0000,0.0000,0.0000,0.0717,0.0000,200,1.4184
0.0205,0.0000,0.0000,0.0000,0.0204,0.0001,200,1.4701
0.0019,0.0000,0.0000,0.0000,0.0019,0.0000,200,1.4889
0.0193,0.0000,0.0000,0.0000,0.0192,0.0000,200,1.4720
0.0319,0.0000,0.0000,0.0000,0.0318,0.0001,200,1.4601
0.0090,0.0000,0.0000,0.0000,0.0086,0.0003,200,1.4834
0.0411,0.0000,0.0000,0.0000,0.0410,0.0001,200,1.4515
0.0031,0.0000,0.0000,0.0001,0.0028,0.0001,200,1.4898
0.0340,0.0000,0.0000,0.0000,0.0339,0.0000,200,1.4590
0.0376,0.0000,0.0000,0.0000,0.0373,0.0003,200,1.4558
0.0093,0.0000,0.0000,0.0000,0.0093,0.0000,200,1.4845
0.0633,0.0000,0.0000,0.0000,0.0632,0.0000,200,1.4306
0.0235,0.0000,0.0000,0.0000,0.0234,0.0001,200,1.4711
0.0184,0.0000,0.0000,0.0000,0.0183,0.0000,200,1.4762
0.0316,0.0000,0.0000,0.0000,0.0314,0.0001,200,1.4640
0.0026,0.0000,0.0000,0.0000,0.0025,0.0000,200,1.4930
0.0612,0.0000,0.0000,0.0000,0.0611,0.0001,200,1.4349
0.0020,0.0000,0.0000,0.0000,0.0019,0.0000,200,1.4946
0.0260,0.0000,0.0000,0.0000,0.0260,0.0000,200,1.4707
0.0092,0.0000,0.0000,0.0000,0.0091,0.0000,200,1.4881
0.0071,0.0000,0.0000,0.0000,0.0070,0.0000,200,1.4906
0.0083,0.0000,0.0000,0.0000,0.0082,0.0001,200,1.4902
0.0414,0.0000,0.0000,0.0000,0.0413,0.0001,200,1.4575
0.0086,0.0000,0.0000,0.0001,0.0085,0.0001,200,1.4909
0.0080,0.0000,0.0000,0.0001,0.0078,0.0001,200,1.4920
0.0287,0.0000,0.0000,0.0000,0.0286,0.0000,200,1.4716
0.0422,0.0000,0.0000,0.0000,0.0420,0.0001,200,1.4586
0.0056,0.0000,0.0000,0.0004,0.0051,0.0001,200,1.4955
0.0148,0.0000,0.0000,0.0000,0.0146,0.0001,200,1.4866
0.0031,0.0000,0.0000,0.0000,0.0030,0.0000,200,1.4985
0.0097,0.0000,0.0000,0.0000,0.0096,0.0001,200,1.4924
0.0046,0.0000,0.0000,0.0000,0.0046,0.0000,200,1.4977
0.0040,0.0000,0.0000,0.0000,0.0039,0.0000,200,1.4989
0.0179,0.0000,0.0000,0.0000,0.0175,0.0004,200,1.4858
0.0151,0.0000,0.0000,0.0000,0.0150,0.0001,200,1.4886
0.0027,0.0000,0.0000,0.0000,0.0024,0.0003,200,1.5012
0.0041,0.0000,0.0000,0.0000,0.0040,0.0001,200,1.5003
0.0323,0.0000,0.0000,0.0000,0.0322,0.0000,200,1.4722
0.0510,0.0000,0.0000,0.0000,0.0509,0.0000,200,1.4536
0.0467,0.0000,0.0000,0.0000,0.0466,0.0001,200,1.4581
0.0341,0.0000,0.0000,0.0000,0.0340,0.0000,200,1.4710
0.0010,0.0000,0.0000,0.0000,0.0008,0.0000,200,1.5044
0.0050,0.0000,0.0000,0.0000,0.0049,0.0000,200,1.5007
0.0105,0.0000,0.0000,0.0000,0.0104,0.0001,200,1.4960
0.0196,0.0000,0.0000,0.0000,0.0196,0.0000,200,1.4873
0.0388,0.0000,0.0000,0.0000,0.0387,0.0000,200,1.4684
0.0255,0.0000,0.0000,0.0000,0.0253,0.0002,200,1.4822
0.0031,0.0000,0.0000,0.0002,0.0028,0.0001,200,1.5051
0.0045,0.0000,0.0000,0.0000,0.0030,0.0000,200,1.5038
0.0152,0.0000,0.0000,0.0000,0.0151,0.0000,200,1.4935
0.0030,0.0000,0.0000,0.0001,0.0028,0.0001,200,1.5059
0.0196,0.0000,0.0000,0.0000,0.0193,0.0001,200,1.4900
0.0157,0.0000,0.0000,0.0000,0.0154,0.0000,200,1.4946
0.0465,0.0000,0.0000,0.0000,0.0463,0.0002,200,1.4640
0.0168,0.0000,0.0000,0.0000,0.0165,0.0002,200,1.4939
0.0156,0.0000,0.0000,0.0000,0.0155,0.0001,200,1.4956
0.0048,0.0000,0.0000,0.0000,0.0048,0.0001,200,1.5072
0.0101,0.0000,0.0000,0.0000,0.0100,0.0000,200,1.5021
0.0317,0.0000,0.0000,0.0000,0.0316,0.0000,200,1.4806
0.0161,0.0000,0.0000,0.0000,0.0159,0.0002,200,1.4967
0.0852,0.0000,0.0000,0.0000,0.0852,0.0000,200,1.4277
0.0023,0.0000,0.0000,0.0000,0.0022,0.0000,200,1.5107
0.0164,0.0000,0.0000,0.0001,0.0161,0.0000,200,1.4972
0.0240,0.0000,0.0000,0.0000,0.0239,0.0000,200,1.4897
0.0096,0.0000,0.0000,0.0000,0.0096,0.0000,200,1.5049
0.0092,0.0000,0.0000,0.0000,0.0089,0.0003,200,1.5053
0.0473,0.0000,0.0000,0.0000,0.0472,0.0000,200,1.4673
0.0030,0.0000,0.0000,0.0000,0.0029,0.0001,200,1.5122
0.0258,0.0000,0.0000,0.0000,0.0256,0.0002,200,1.4899
0.0191,0.0000,0.0000,0.0000,0.0191,0.0000,200,1.4966
0.0239,0.0000,0.0000,0.0001,0.0236,0.0001,200,1.4926
0.0468,0.0000,0.0000,0.0000,0.0467,0.0000,200,1.4697
0.0240,0.0000,0.0000,0.0000,0.0239,0.0000,200,1.4930
0.0028,0.0000,0.0000,0.0000,0.0027,0.0000,200,1.5145
0.0363,0.0000,0.0000,0.0000,0.0362,0.0001,200,1.4816
0.0094,0.0000,0.0000,0.0000,0.0093,0.0000,200,1.5087
0.0247,0.0000,0.0000,0.0000,0.0246,0.0000,200,1.4938
0.0282,0.0000,0.0000,0.0000,0.0275,0.0006,200,1.4913
0.0050,0.0000,0.0000,0.0000,0.0050,0.0000,200,1.5146
0.0197,0.0000,0.0000,0.0000,0.0196,0.0000,200,1.5000
0.0517,0.0000,0.0000,0.0000,0.0516,0.0000,200,1.4680
0.0135,0.0000,0.0000,0.0000,0.0131,0.0003,200,1.5069
0.0169,0.0000,0.0000,0.0000,0.0167,0.0001,200,1.5037
0.0166,0.0000,0.0000,0.0000,0.0165,0.0000,200,1.5045
0.0057,0.0000,0.0000,0.0000,0.0056,0.0001,200,1.5157
0.0055,0.0000,0.0000,0.0000,0.0055,0.0000,200,1.5165
0.0195,0.0000,0.0000,0.0000,0.0194,0.0001,200,1.5028
0.0558,0.0000,0.0000,0.0000,0.0556,0.0002,200,1.4665
0.0012,0.0000,0.0000,0.0000,0.0012,0.0000,200,1.5215
0.0190,0.0000,0.0000,0.0000,0.0188,0.0000,200,1.5037
0.0634,0.0000,0.0000,0.0000,0.0633,0.0000,200,1.4598
0.0058,0.0000,0.0000,0.0000,0.0056,0.0002,200,1.5181
0.0104,0.0000,0.0000,0.0000,0.0103,0.0000,200,1.5136
0.0041,0.0000,0.0000,0.0000,0.0041,0.0000,200,1.5204
0.0066,0.0000,0.0000,0.0000,0.0065,0.0001,200,1.5185
0.0166,0.0000,0.0000,0.0000,0.0166,0.0001,200,1.5089
0.0183,0.0000,0.0000,0.0000,0.0181,0.0002,200,1.5077
0.0114,0.0000,0.0000,0.0000,0.0114,0.0000,200,1.5146
0.0042,0.0000,0.0000,0.0000,0.0042,0.0000,200,1.5223
0.0024,0.0000,0.0000,0.0000,0.0023,0.0001,200,1.5255
0.0056,0.0000,0.0000,0.0000,0.0055,0.0001,200,1.5223
0.0165,0.0000,0.0000,0.0000,0.0165,0.0000,200,1.5121
0.0164,0.0000,0.0000,0.0000,0.0160,0.0003,200,1.5128
0.0060,0.0000,0.0000,0.0000,0.0059,0.0000,200,1.5232
0.0485,0.0000,0.0000,0.0000,0.0485,0.0000,200,1.4808
0.0102,0.0000,0.0000,0.0000,0.0101,0.0000,200,1.5196
0.0016,0.0000,0.0000,0.0000,0.0013,0.0000,200,1.5286
0.0028,0.0000,0.0000,0.0000,0.0025,0.0002,200,1.5279
0.0205,0.0000,0.0000,0.0000,0.0202,0.0000,200,1.5102
0.0140,0.0000,0.0000,0.0000,0.0139,0.0001,200,1.5173
0.0164,0.0000,0.0000,0.0000,0.0163,0.0000,200,1.5152
0.0099,0.0000,0.0000,0.0000,0.0098,0.0001,200,1.5221
0.0018,0.0000,0.0000,0.0000,0.0018,0.0000,200,1.5302
0.0312,0.0000,0.0000,0.0002,0.0309,0.0000,200,1.5014
0.0034,0.0000,0.0000,0.0000,0.0033,0.0000,200,1.5292
0.0192,0.0000,0.0000,0.0000,0.0192,0.0000,200,1.5137
0.0249,0.0000,0.0000,0.0001,0.0248,0.0000,200,1.5084
0.0044,0.0000,0.0000,0.0000,0.0039,0.0004,200,1.5298
0.0214,0.0000,0.0000,0.0000,0.0212,0.0000,200,1.5130
0.0326,0.0000,0.0000,0.0000,0.0322,0.0004,200,1.5024
0.0245,0.0000,0.0000,0.0002,0.0241,0.0002,200,1.5105
0.0042,0.0000,0.0000,0.0000,0.0038,0.0004,200,1.5307
0.0312,0.0000,0.0000,0.0000,0.0308,0.0003,200,1.5046
0.0109,0.0000,0.0000,0.0000,0.0106,0.0002,200,1.5251
0.0208,0.0000,0.0000,0.0000,0.0207,0.0001,200,1.5157
0.0073,0.0000,0.0000,0.0000,0.0072,0.0000,200,1.5293
0.0064,0.0000,0.0000,0.0000,0.0060,0.0001,200,1.5307
0.0529,0.0000,0.0000,0.0000,0.0526,0.0002,200,1.4850
0.0608,0.0000,0.0000,0.0001,0.0607,0.0000,200,1.4771
0.0053,0.0000,0.0000,0.0001,0.0051,0.0000,200,1.5330
0.0271,0.0000,0.0000,0.0000,0.0266,0.0005,200,1.5112
0.0027,0.0000,0.0000,0.0000,0.0027,0.0000,200,1.5360
0.0069,0.0000,0.0000,0.0000,0.0068,0.0001,200,1.5326
0.0520,0.0000,0.0000,0.0000,0.0518,0.0000,200,1.4881
0.0058,0.0000,0.0000,0.0000,0.0056,0.0000,200,1.5342
0.0022,0.0000,0.0000,0.0000,0.0021,0.0000,200,1.5379
0.0208,0.0000,0.0000,0.0000,0.0207,0.0000,200,1.5196
0.0118,0.0000,0.0000,0.0000,0.0117,0.0000,200,1.5292
0.0660,0.0000,0.0000,0.0001,0.0652,0.0004,200,1.4757
0.0023,0.0000,0.0000,0.0000,0.0023,0.0000,200,1.5395
0.0039,0.0000,0.0000,0.0000,0.0039,0.0000,200,1.5379
0.0343,0.0000,0.0000,0.0001,0.0340,0.0002,200,1.5082
0.0230,0.0000,0.0000,0.0000,0.0229,0.0000,200,1.5196
0.0013,0.0000,0.0000,0.0000,0.0012,0.0000,200,1.5417
0.0303,0.0000,0.0000,0.0000,0.0303,0.0000,200,1.5130
0.0038,0.0000,0.0000,0.0002,0.0034,0.0001,200,1.5400
0.0232,0.0000,0.0000,0.0000,0.0232,0.0000,200,1.5206
0.0037,0.0000,0.0000,0.0000,0.0036,0.0000,200,1.5404
0.0081,0.0000,0.0000,0.0000,0.0080,0.0001,200,1.5366
0.0065,0.0000,0.0000,0.0000,0.0064,0.0001,200,1.5383
0.0044,0.0000,0.0000,0.0000,0.0043,0.0001,200,1.5410
0.0038,0.0000,0.0000,0.0000,0.0037,0.0000,200,1.5418
0.0022,0.0000,0.0000,0.0000,0.0022,0.0000,200,1.5438
0.0285,0.0000,0.0000,0.0000,0.0284,0.0000,200,1.5179
0.0728,0.0000,0.0000,0.0000,0.0727,0.0000,200,1.4742
0.0234,0.0000,0.0000,0.0001,0.0232,0.0001,200,1.5240
0.0120,0.0000,0.0000,0.0000,0.0119,0.0000,200,1.5358
0.0133,0.0000,0.0000,0.0000,0.0131,0.0001,200,1.5350
0.0364,0.0000,0.0000,0.0000,0.0363,0.0000,200,1.5122
0.0061,0.0000,0.0000,0.0002,0.0058,0.0000,200,1.5425
0.0282,0.0000,0.0000,0.0000,0.0281,0.0000,200,1.5211
0.0427,0.0000,0.0000,0.0000,0.0424,0.0003,200,1.5066
0.0175,0.0000,0.0000,0.0001,0.0173,0.0000,200,1.5319
0.0275,0.0000,0.0000,0.0000,0.0274,0.0001,200,1.5227
0.0077,0.0000,0.0000,0.0000,0.0077,0.0001,200,1.5425
0.0013,0.0000,0.0000,0.0000,0.0012,0.0000,200,1.5494
0.0034,0.0000,0.0000,0.0000,0.0032,0.0001,200,1.5478
0.0049,0.0000,0.0000,0.0000,0.0049,0.0000,200,1.5464
0.0025,0.0000,0.0000,0.0000,0.0024,0.0000,200,1.5492
0.0262,0.0000,0.0000,0.0000,0.0257,0.0001,200,1.5260
0.0042,0.0000,0.0000,0.0000,0.0040,0.0002,200,1.5486
0.0128,0.0000,0.0000,0.0000,0.0126,0.0002,200,1.5400
0.0063,0.0000,0.0000,0.0000,0.0063,0.0000,200,1.5470
0.0224,0.0000,0.0000,0.0000,0.0222,0.0000,200,1.5313
0.0029,0.0000,0.0000,0.0000,0.0026,0.0003,200,1.5514
0.0026,0.0000,0.0000,0.0000,0.0025,0.0000,200,1.5542
0.0219,0.0000,0.0000,0.0000,0.0218,0.0000,200,1.5349
0.0331,0.0000,0.0000,0.0001,0.0330,0.0000,200,1.5239
0.0131,0.0000,0.0000,0.0000,0.0131,0.0000,200,1.5438
0.0067,0.0000,0.0000,0.0000,0.0067,0.0000,200,1.5503
0.0088,0.0000,0.0000,0.0000,0.0086,0.0000,200,1.5482
0.0251,0.0000,0.0000,0.0000,0.0250,0.0000,200,1.5320
0.0130,0.0000,0.0000,0.0000,0.0130,0.0000,200,1.5441
0.0475,0.0000,0.0000,0.0000,0.0473,0.0000,200,1.5096
0.0290,0.0000,0.0000,0.0000,0.0289,0.0000,200,1.5279
0.0577,0.0000,0.0000,0.0000,0.0577,0.0000,200,1.4995
0.0223,0.0000,0.0000,0.0000,0.0222,0.0000,200,1.5350
0.0045,0.0000,0.0000,0.0000,0.0044,0.0000,200,1.5528
0.0408,0.0000,0.0000,0.0000,0.0406,0.0000,200,1.5164
0.0192,0.0000,0.0000,0.0000,0.0191,0.0000,200,1.5387
0.0123,0.0000,0.0000,0.0001,0.0122,0.0000,200,1.5461
0.0134,0.0000,0.0000,0.0000,0.0131,0.0001,200,1.5454
0.0225,0.0000,0.0000,0.0000,0.0224,0.0000,200,1.5365
0.0056,0.0000,0.0000,0.0000,0.0055,0.0001,200,1.5537
0.0123,0.0000,0.0000,0.0000,0.0122,0.0001,200,1.5474
0.0027,0.0000,0.0000,0.0000,0.0026,0.0001,200,1.5573
0.0153,0.0000,0.0000,0.0001,0.0151,0.0000,200,1.5448
0.0094,0.0000,0.0000,0.0001,0.0093,0.0000,200,1.5512
0.0178,0.0000,0.0000,0.0000,0.0177,0.0001,200,1.5433
0.0230,0.0000,0.0000,0.0000,0.0229,0.0000,200,1.5382
0.0020,0.0000,0.0000,0.0001,0.0018,0.0000,200,1.5592
0.0392,0.0000,0.0000,0.0000,0.0392,0.0000,200,1.5227
0.0604,0.0000,0.0000,0.0000,0.0601,0.0003,200,1.5016
0.0139,0.0000,0.0000,0.0000,0.0139,0.0001,200,1.5486
0.0009,0.0000,0.0000,0.0000,0.0008,0.0001,200,1.5619
0.0112,0.0000,0.0000,0.0000,0.0108,0.0001,200,1.5523
0.0321,0.0000,0.0000,0.0000,0.0320,0.0001,200,1.5316
0.0036,0.0000,0.0000,0.0000,0.0030,0.0006,200,1.5611
0.0247,0.0000,0.0000,0.0000,0.0247,0.0000,200,1.5401
0.0305,0.0000,0.0000,0.0000,0.0298,0.0003,200,1.5344
0.0039,0.0000,0.0000,0.0000,0.0037,0.0002,200,1.5612
0.0121,0.0000,0.0000,0.0000,0.0120,0.0000,200,1.5533
0.0287,0.0000,0.0000,0.0000,0.0284,0.0001,200,1.5371
0.0027,0.0000,0.0000,0.0000,0.0026,0.0000,200,1.5635
0.0173,0.0000,0.0000,0.0000,0.0170,0.0000,200,1.5492
0.0086,0.0000,0.0000,0.0000,0.0084,0.0001,200,1.5584
0.0085,0.0000,0.0000,0.0000,0.0084,0.0000,200,1.5590
0.0054,0.0000,0.0000,0.0000,0.0053,0.0000,200,1.5625
0.0486,0.0000,0.0000,0.0000,0.0485,0.0000,200,1.5195
0.0116,0.0000,0.0000,0.0000,0.0115,0.0000,200,1.5570
0.0169,0.0000,0.0000,0.0000,0.0168,0.0000,200,1.5517
0.0363,0.0000,0.0000,0.0000,0.0363,0.0000,200,1.5326
0.0127,0.0000,0.0000,0.0000,0.0126,0.0000,200,1.5570
0.0086,0.0000,0.0000,0.0000,0.0085,0.0000,200,1.5612
0.0034,0.0000,0.0000,0.0000,0.0034,0.0000,200,1.5665
0.0107,0.0000,0.0000,0.0000,0.0104,0.0003,200,1.5600
0.0449,0.0000,0.0000,0.0002,0.0441,0.0000,200,1.5260
0.0263,0.0000,0.0000,0.0000,0.0263,0.0000,200,1.5447
0.0147,0.0000,0.0000,0.0000,0.0147,0.0000,200,1.5569
0.0151,0.0000,0.0000,0.0000,0.0150,0.0000,200,1.5571
0.0269,0.0000,0.0000,0.0000,0.0263,0.0007,200,1.5456
0.0224,0.0000,0.0000,0.0000,0.0221,0.0002,200,1.5502
0.0011,0.0000,0.0000,0.0000,0.0011,0.0000,200,1.5716
0.0073,0.0000,0.0000,0.0000,0.0072,0.0000,200,1.5658
0.0088,0.0000,0.0000,0.0000,0.0088,0.0000,200,1.5648
0.0161,0.0000,0.0000,0.0000,0.0160,0.0000,200,1.5579
0.0013,0.0000,0.0000,0.0000,0.0012,0.0001,200,1.5731
0.0177,0.0000,0.0000,0.0000,0.0177,0.0000,200,1.5571
0.0184,0.0000,0.0000,0.0000,0.0183,0.0000,200,1.5569
0.0028,0.0000,0.0000,0.0000,0.0028,0.0000,200,1.5727
0.0191,0.0000,0.0000,0.0000,0.0189,0.0001,200,1.5572
0.0194,0.0000,0.0000,0.0000,0.0192,0.0000,200,1.5571
0.0522,0.0000,0.0000,0.0000,0.0522,0.0001,200,1.5245
0.0118,0.0000,0.0000,0.0000,0.0115,0.0000,200,1.5651
0.0026,0.0000,0.0000,0.0000,0.0025,0.0000,200,1.5748
0.0087,0.0000,0.0000,0.0000,0.0086,0.0000,200,1.5689
0.0056,0.0000,0.0000,0.0000,0.0053,0.0002,200,1.5726
0.0122,0.0000,0.0000,0.0000,0.0121,0.0000,200,1.5662
0.0078,0.0000,0.0000,0.0000,0.0077,0.0001,200,1.5711
0.0457,0.0000,0.0000,0.0000,0.0455,0.0002,200,1.5333
0.0625,0.0000,0.0000,0.0000,0.0624,0.0001,200,1.5170
0.0226,0.0000,0.0000,0.0000,0.0224,0.0002,200,1.5572
0.0060,0.0000,0.0000,0.0000,0.0059,0.0001,200,1.5739
0.0185,0.0000,0.0000,0.0000,0.0184,0.0000,200,1.5620
0.0041,0.0000,0.0000,0.0000,0.0040,0.0000,200,1.5765
0.0182,0.0000,0.0000,0.0001,0.0180,0.0001,200,1.5628
0.0165,0.0000,0.0000,0.0000,0.0164,0.0000,200,1.5650
0.0017,0.0000,0.0000,0.0000,0.0017,0.0000,200,1.5800
0.0173,0.0000,0.0000,0.0000,0.0172,0.0000,200,1.5648
0.0315,0.0000,0.0000,0.0000,0.0314,0.0000,200,1.5507
0.0038,0.0000,0.0000,0.0000,0.0037,0.0000,200,1.5788
0.0226,0.0000,0.0000,0.0000,0.0225,0.0000,200,1.5601
0.1320,0.0000,0.0000,0.0000,0.1319,0.0000,200,1.4514
0.0127,0.0000,0.0000,0.0000,0.0126,0.0000,200,1.5710
0.0156,0.0000,0.0000,0.0000,0.0155,0.0000,200,1.5685
0.0166,0.0000,0.0000,0.0002,0.0162,0.0002,200,1.5681
0.0321,0.0000,0.0000,0.0000,0.0319,0.0002,200,1.5528
0.0256,0.0000,0.0000,0.0000,0.0253,0.0001,200,1.5597
0.0199,0.0000,0.0000,0.0000,0.0199,0.0000,200,1.5654
0.0067,0.0000,0.0000,0.0000,0.0066,0.0000,200,1.5790
0.0048,0.0000,0.0000,0.0000,0.0046,0.0000,200,1.5815
0.0110,0.0000,0.0000,0.0000,0.0107,0.0000,200,1.5753
0.0170,0.0000,0.0000,0.0000,0.0169,0.0000,200,1.5696
0.0094,0.0000,0.0000,0.0000,0.0093,0.0001,200,1.5774
0.0152,0.0000,0.0000,0.0000,0.0149,0.0000,200,1.5722
0.0013,0.0000,0.0000,0.0000,0.0012,0.0000,200,1.5863
0.0035,0.0000,0.0000,0.0000,0.0031,0.0002,200,1.5847
0.0207,0.0000,0.0000,0.0000,0.0206,0.0000,200,1.5675
0.0068,0.0000,0.0000,0.0000,0.0067,0.0000,200,1.5822
0.0149,0.0000,0.0000,0.0000,0.0149,0.0000,200,1.5744
0.0096,0.0000,0.0000,0.0000,0.0095,0.0001,200,1.5806
0.0068,0.0000,0.0000,0.0000,0.0067,0.0001,200,1.5841
0.0042,0.0000,0.0000,0.0000,0.0042,0.0000,200,1.5868
0.0074,0.0000,0.0000,0.0000,0.0073,0.0000,200,1.5849
0.0216,0.0000,0.0000,0.0000,0.0216,0.0000,200,1.5707
0.0042,0.0000,0.0000,0.0000,0.0041,0.0000,200,1.5882
0.0323,0.0000,0.0000,0.0000,0.0322,0.0001,200,1.5606
0.0168,0.0000,0.0000,0.0001,0.0166,0.0000,200,1.5768
0.0150,0.0000,0.0000,0.0000,0.0149,0.0001,200,1.5810
0.0534,0.0000,0.0000,0.0000,0.0533,0.0000,200,1.5430
0.0107,0.0000,0.0000,0.0000,0.0106,0.0000,200,1.5857
0.0278,0.0000,0.0000,0.0000,0.0277,0.0001,200,1.5698
0.0057,0.0000,0.0000,0.0000,0.0055,0.0002,200,1.5923
0.0244,0.0000,0.0000,0.0000,0.0244,0.0000,200,1.5736
0.0064,0.0000,0.0000,0.0000,0.0063,0.0000,200,1.5924
0.0267,0.0000,0.0000,0.0000,0.0266,0.0001,200,1.5725
0.0168,0.0000,0.0000,0.0000,0.0166,0.0001,200,1.5827
0.0177,0.0000,0.0000,0.0000,0.0176,0.0000,200,1.5821
0.0067,0.0000,0.0000,0.0000,0.0067,0.0000,200,1.5935
0.0204,0.0000,0.0000,0.0000,0.0203,0.0000,200,1.5805
0.0747,0.0000,0.0000,0.0000,0.0746,0.0000,200,1.5266
0.0093,0.0000,0.0000,0.0000,0.0092,0.0000,200,1.5922
0.0024,0.0000,0.0000,0.0000,0.0023,0.0000,200,1.5997
0.0147,0.0000,0.0000,0.0000,0.0147,0.0000,200,1.5875
0.0272,0.0000,0.0000,0.0000,0.0271,0.0000,200,1.5756
0.0072,0.0000,0.0000,0.0000,0.0071,0.0001,200,1.5960
0.0044,0.0000,0.0000,0.0000,0.0043,0.0000,200,1.5992
0.0277,0.0000,0.0000,0.0000,0.0276,0.0000,200,1.5762
0.0258,0.0000,0.0000,0.0000,0.0255,0.0003,200,1.5784
0.0270,0.0000,0.0000,0.0000,0.0269,0.0000,200,1.5776
0.0378,0.0000,0.0000,0.0000,0.0378,0.0000,200,1.5670
0.0154,0.0000,0.0000,0.0000,0.0151,0.0002,200,1.5902
0.0197,0.0000,0.0000,0.0000,0.0197,0.0000,200,1.5863
0.0265,0.0000,0.0000,0.0001,0.0264,0.0000,200,1.5797
0.0042,0.0000,0.0000,0.0000,0.0041,0.0000,200,1.6027
0.0092,0.0000,0.0000,0.0000,0.0091,0.0001,200,1.5980
0.0505,0.0000,0.0000,0.0000,0.0504,0.0000,200,1.5572
0.0056,0.0000,0.0000,0.0000,0.0055,0.0000,200,1.6022
0.0515,0.0000,0.0000,0.0000,0.0514,0.0001,200,1.5570
0.0054,0.0000,0.0000,0.0000,0.0052,0.0001,200,1.6036
0.0080,0.0000,0.0000,0.0000,0.0079,0.0000,200,1.6012
0.0048,0.0000,0.0000,0.0000,0.0047,0.0000,200,1.6048
0.0024,0.0000,0.0000,0.0000,0.0019,0.0004,200,1.6073
0.0212,0.0000,0.0000,0.0000,0.0211,0.0001,200,1.5889
0.0123,0.0000,0.0000,0.0000,0.0122,0.0000,200,1.5981
0.0145,0.0000,0.0000,0.0000,0.0141,0.0004,200,1.5964
0.0034,0.0000,0.0000,0.0000,0.0032,0.0001,200,1.6079
0.0294,0.0000,0.0000,0.0000,0.0290,0.0003,200,1.5826
0.0227,0.0000,0.0000,0.0000,0.0226,0.0001,200,1.5894
0.0046,0.0000,0.0000,0.0000,0.0045,0.0000,200,1.6077
0.0032,0.0000,0.0000,0.0000,0.0032,0.0000,200,1.6097
0.0223,0.0000,0.0000,0.0000,0.0221,0.0002,200,1.5910
0.0304,0.0000,0.0000,0.0000,0.0303,0.0001,200,1.5834
0.0460,0.0000,0.0000,0.0000,0.0458,0.0000,200,1.5679
0.0033,0.0000,0.0000,0.0000,0.0032,0.0001,200,1.6112
0.0462,0.0000,0.0000,0.0001,0.0460,0.0001,200,1.5685
0.0032,0.0000,0.0000,0.0000,0.0030,0.0002,200,1.6121
0.0191,0.0000,0.0000,0.0000,0.0190,0.0000,200,1.5964
0.0279,0.0000,0.0000,0.0000,0.0278,0.0001,200,1.5882
0.0296,0.0000,0.0000,0.0000,0.0295,0.0000,200,1.5866
0.0312,0.0000,0.0000,0.0000,0.0311,0.0001,200,1.5853
0.0082,0.0000,0.0000,0.0000,0.0079,0.0002,200,1.6090
0.0147,0.0000,0.0000,0.0000,0.0143,0.0003,200,1.6033
0.0608,0.0000,0.0000,0.0000,0.0607,0.0001,200,1.5573
0.0041,0.0000,0.0000,0.0001,0.0039,0.0001,200,1.6145
0.0210,0.0000,0.0000,0.0000,0.0209,0.0000,200,1.5976
0.0086,0.0000,0.0000,0.0000,0.0085,0.0000,200,1.6103
0.0412,0.0000,0.0000,0.0000,0.0412,0.0000,200,1.5782
0.0195,0.0000,0.0000,0.0000,0.0194,0.0000,200,1.6003
0.0056,0.0000,0.0000,0.0000,0.0054,0.0001,200,1.6148
0.0147,0.0000,0.0000,0.0000,0.0146,0.0001,200,1.6060
0.0204,0.0000,0.0000,0.0000,0.0202,0.0002,200,1.6009
0.0173,0.0000,0.0000,0.0000,0.0167,0.0003,200,1.6039
0.0222,0.0000,0.0000,0.0000,0.0222,0.0000,200,1.5995
0.0040,0.0000,0.0000,0.0000,0.0039,0.0000,200,1.6181
0.0084,0.0000,0.0000,0.0001,0.0082,0.0000,200,1.6138
0.0061,0.0000,0.0000,0.0000,0.0060,0.0001,200,1.6165
0.0044,0.0000,0.0000,0.0000,0.0043,0.0001,200,1.6186
0.0140,0.0000,0.0000,0.0000,0.0140,0.0000,200,1.6092
0.0137,0.0000,0.0000,0.0000,0.0136,0.0000,200,1.6101
0.0129,0.0000,0.0000,0.0000,0.0127,0.0000,200,1.6110
0.0094,0.0000,0.0000,0.0000,0.0092,0.0001,200,1.6155
0.0207,0.0000,0.0000,0.0000,0.0206,0.0000,200,1.6042
0.0235,0.0000,0.0000,0.0000,0.0229,0.0006,200,1.6015
0.0015,0.0000,0.0000,0.0000,0.0013,0.0002,200,1.6238
0.0462,0.0000,0.0000,0.0000,0.0462,0.0000,200,1.5795
0.0033,0.0000,0.0000,0.0000,0.0032,0.0001,200,1.6230
0.0051,0.0000,0.0000,0.0000,0.0050,0.0000,200,1.6213
0.0338,0.0000,0.0000,0.0000,0.0337,0.0000,200,1.5930
0.0393,0.0000,0.0000,0.0000,0.0393,0.0000,200,1.5874
0.0213,0.0000,0.0000,0.0000,0.0212,0.0001,200,1.6056
0.0460,0.0000,0.0000,0.0000,0.0460,0.0000,200,1.5817
0.0144,0.0000,0.0000,0.0001,0.0141,0.0001,200,1.6133
0.0018,0.0000,0.0000,0.0000,0.0016,0.0001,200,1.6263
0.0431,0.0000,0.0000,0.0000,0.0429,0.0002,200,1.5853
0.0103,0.0000,0.0000,0.0000,0.0102,0.0000,200,1.6186
0.0026,0.0000,0.0000,0.0000,0.0026,0.0000,200,1.6267
0.0030,0.0000,0.0000,0.0000,0.0030,0.0000,200,1.6263
0.0160,0.0000,0.0000,0.0000,0.0159,0.0000,200,1.6139
0.0130,0.0000,0.0000,0.0000,0.0129,0.0000,200,1.6172
0.0115,0.0000,0.0000,0.0000,0.0114,0.0000,200,1.6189
0.0015,0.0000,0.0000,0.0000,0.0014,0.0000,200,1.6294
0.0293,0.0000,0.0000,0.0000,0.0291,0.0002,200,1.6021
0.0107,0.0000,0.0000,0.0000,0.0106,0.0000,200,1.6208
0.0193,0.0000,0.0000,0.0000,0.0189,0.0001,200,1.6129
0.0413,0.0000,0.0000,0.0001,0.0412,0.0000,200,1.5909
0.0129,0.0000,0.0000,0.0000,0.0128,0.0000,200,1.6198
0.0755,0.0000,0.0000,0.0000,0.0754,0.0000,200,1.5572
0.0012,0.0000,0.0000,0.0001,0.0010,0.0000,200,1.6322
0.0050,0.0000,0.0000,0.0003,0.0046,0.0001,200,1.6289
0.0113,0.0000,0.0000,0.0005,0.0103,0.0005,200,1.6227
0.0036,0.0000,0.0000,0.0000,0.0036,0.0000,200,1.6305
0.0249,0.0000,0.0000,0.0000,0.0248,0.0001,200,1.6097
0.0042,0.0000,0.0000,0.0000,0.0042,0.0000,200,1.6308
0.0583,0.0000,0.0000,0.0000,0.0582,0.0000,200,1.5769
0.0181,0.0000,0.0000,0.0000,0.0181,0.0000,200,1.6179
0.0140,0.0000,0.0000,0.0001,0.0135,0.0003,200,1.6221
0.0240,0.0000,0.0000,0.0000,0.0239,0.0000,200,1.6123
0.0135,0.0000,0.0000,0.0000,0.0133,0.0000,200,1.6232
0.0103,0.0000,0.0000,0.0000,0.0099,0.0000,200,1.6269
0.0096,0.0000,0.0000,0.0000,0.0094,0.0001,200,1.6281
0.0017,0.0000,0.0000,0.0000,0.0016,0.0000,200,1.6363
0.0012,0.0000,0.0000,0.0000,0.0011,0.0000,200,1.6372
0.0102,0.0000,0.0000,0.0000,0.0102,0.0000,200,1.6285
0.0097,0.0000,0.0000,0.0000,0.0096,0.0001,200,1.6294
0.0070,0.0000,0.0000,0.0000,0.0069,0.0000,200,1.6327
0.0050,0.0000,0.0000,0.0000,0.0047,0.0002,200,1.6352
0.0147,0.0000,0.0000,0.0001,0.0145,0.0001,200,1.6267
0.0122,0.0000,0.0000,0.0000,0.0119,0.0003,200,1.6299
0.0099,0.0000,0.0000,0.0000,0.0099,0.0000,200,1.6322
0.0053,0.0000,0.0000,0.0000,0.0048,0.0004,200,1.6377
0.0027,0.0000,0.0000,0.0000,0.0025,0.0000,200,1.6414
0.0281,0.0000,0.0000,0.0000,0.0264,0.0016,200,1.6161
0.0116,0.0000,0.0000,0.0000,0.0099,0.0017,200,1.6327
0.0213,0.0000,0.0000,0.0000,0.0204,0.0008,200,1.6221
0.0856,0.0000,0.0000,0.0000,0.0838,0.0017,200,1.5588
0.0083,0.0000,0.0000,0.0000,0.0073,0.0009,200,1.6361
0.0028,0.0000,0.0000,0.0003,0.0024,0.0000,200,1.6421
0.0812,0.0000,0.0000,0.0000,0.0808,0.0003,200,1.5637
0.0200,0.0000,0.0000,0.0000,0.0198,0.0001,200,1.6253
0.0072,0.0000,0.0000,0.0000,0.0070,0.0001,200,1.6384
0.0030,0.0000,0.0000,0.0008,0.0018,0.0001,200,1.6430
0.0416,0.0000,0.0000,0.0000,0.0413,0.0000,200,1.6046
0.0026,0.0000,0.0000,0.0000,0.0023,0.0002,200,1.6443
0.0028,0.0000,0.0000,0.0000,0.0027,0.0000,200,1.6442
0.0032,0.0000,0.0000,0.0000,0.0031,0.0000,200,1.6444
0.0418,0.0000,0.0000,0.0000,0.0417,0.0000,200,1.6062
0.0204,0.0000,0.0000,0.0000,0.0199,0.0005,200,1.6278
0.0228,0.0000,0.0000,0.0000,0.0227,0.0001,200,1.6258
0.0213,0.0000,0.0000,0.0000,0.0211,0.0001,200,1.6277
0.0054,0.0000,0.0000,0.0001,0.0051,0.0001,200,1.6441
0.0184,0.0000,0.0000,0.0000,0.0183,0.0000,200,1.6314
0.0049,0.0000,0.0000,0.0000,0.0048,0.0000,200,1.6453
0.0670,0.0000,0.0000,0.0000,0.0669,0.0000,200,1.5836
0.0271,0.0000,0.0000,0.0000,0.0269,0.0001,200,1.6238
0.0016,0.0000,0.0000,0.0001,0.0014,0.0001,200,1.6498
0.0051,0.0000,0.0000,0.0001,0.0047,0.0002,200,1.6468
0.0028,0.0000,0.0000,0.0000,0.0027,0.0001,200,1.6495
0.0065,0.0000,0.0000,0.0000,0.0064,0.0001,200,1.6463
0.0010,0.0000,0.0000,0.0000,0.0009,0.0000,200,1.6519
0.0338,0.0000,0.0000,0.0000,0.0338,0.0000,200,1.6195
0.0379,0.0000,0.0000,0.0000,0.0372,0.0003,200,1.6162
0.0141,0.0000,0.0000,0.0001,0.0139,0.0000,200,1.6402
0.0036,0.0000,0.0000,0.0001,0.0034,0.0000,200,1.6507
0.0025,0.0000,0.0000,0.0000,0.0021,0.0003,200,1.6523
0.0234,0.0000,0.0000,0.0000,0.0233,0.0000,200,1.6314
0.0070,0.0000,0.0000,0.0000,0.0070,0.0000,200,1.6482
0.0043,0.0000,0.0000,0.0000,0.0042,0.0001,200,1.6515
0.0343,0.0000,0.0000,0.0000,0.0343,0.0000,200,1.6217
0.0105,0.0000,0.0000,0.0000,0.0104,0.0001,200,1.6456
0.0318,0.0000,0.0000,0.0000,0.0317,0.0000,200,1.6250
0.0204,0.0000,0.0000,0.0000,0.0200,0.0003,200,1.6367
0.0233,0.0000,0.0000,0.0000,0.0232,0.0000,200,1.6340
0.0073,0.0000,0.0000,0.0000,0.0072,0.0000,200,1.6502
0.0093,0.0000,0.0000,0.0000,0.0091,0.0001,200,1.6490
0.0141,0.0000,0.0000,0.0000,0.0139,0.0002,200,1.6444
0.0437,0.0000,0.0000,0.0000,0.0436,0.0001,200,1.6152
0.0470,0.0000,0.0000,0.0000,0.0470,0.0000,200,1.6120
0.0022,0.0000,0.0000,0.0000,0.0017,0.0005,200,1.6573
0.0038,0.0000,0.0000,0.0000,0.0034,0.0004,200,1.6560
0.0058,0.0000,0.0000,0.0000,0.0058,0.0000,200,1.6541
0.0155,0.0000,0.0000,0.0000,0.0155,0.0001,200,1.6449
0.0156,0.0000,0.0000,0.0000,0.0151,0.0004,200,1.6449
0.0062,0.0000,0.0000,0.0000,0.0060,0.0000,200,1.6548
0.0134,0.0000,0.0000,0.0000,0.0130,0.0000,200,1.6476
0.0044,0.0000,0.0000,0.0004,0.0039,0.0000,200,1.6571
0.0027,0.0000,0.0000,0.0000,0.0026,0.0000,200,1.6590
0.0539,0.0000,0.0000,0.0000,0.0538,0.0000,200,1.6085
0.0083,0.0000,0.0000,0.0000,0.0081,0.0001,200,1.6543
0.0092,0.0000,0.0000,0.0000,0.0092,0.0000,200,1.6533
0.0021,0.0000,0.0000,0.0000,0.0021,0.0000,200,1.6610
0.0079,0.0000,0.0000,0.0000,0.0078,0.0000,200,1.6552
0.0029,0.0000,0.0000,0.0000,0.0028,0.0001,200,1.6604
0.0393,0.0000,0.0000,0.0000,0.0393,0.0000,200,1.6249
0.0040,0.0000,0.0000,0.0000,0.0036,0.0004,200,1.6604
0.0032,0.0000,0.0000,0.0000,0.0032,0.0000,200,1.6617
0.0016,0.0000,0.0000,0.0000,0.0014,0.0000,200,1.6634
0.0314,0.0000,0.0000,0.0000,0.0313,0.0001,200,1.6341
0.0046,0.0000,0.0000,0.0000,0.0045,0.0000,200,1.6610
0.0016,0.0000,0.0000,0.0000,0.0015,0.0000,200,1.6642
0.0459,0.0000,0.0000,0.0000,0.0457,0.0001,200,1.6203
0.0271,0.0000,0.0000,0.0003,0.0263,0.0000,200,1.6397
0.0279,0.0000,0.0000,0.0002,0.0276,0.0000,200,1.6391
0.0019,0.0000,0.0000,0.0000,0.0019,0.0000,200,1.6655
0.0335,0.0000,0.0000,0.0000,0.0332,0.0002,200,1.6346
0.0197,0.0000,0.0000,0.0000,0.0196,0.0001,200,1.6486
0.0055,0.0000,0.0000,0.0001,0.0054,0.0000,200,1.6631
0.0440,0.0000,0.0000,0.0000,0.0439,0.0000,200,1.6249
0.0138,0.0000,0.0000,0.0000,0.0135,0.0000,200,1.6558
0.0073,0.0000,0.0000,0.0000,0.0072,0.0000,200,1.6624
0.0066,0.0000,0.0000,0.0000,0.0066,0.0000,200,1.6631
0.0142,0.0000,0.0000,0.0000,0.0141,0.0001,200,1.6561
0.0020,0.0000,0.0000,0.0000,0.0020,0.0000,200,1.6686
0.0058,0.0000,0.0000,0.0000,0.0058,0.0000,200,1.6649
0.0028,0.0000,0.0000,0.0000,0.0024,0.0003,200,1.6689
0.0189,0.0000,0.0000,0.0000,0.0189,0.0000,200,1.6528
0.0191,0.0000,0.0000,0.0000,0.0190,0.0000,200,1.6528
0.0029,0.0000,0.0000,0.0000,0.0027,0.0001,200,1.6696
0.0131,0.0000,0.0000,0.0000,0.0131,0.0000,200,1.6595
0.0085,0.0000,0.0000,0.0005,0.0078,0.0001,200,1.6644
0.0520,0.0000,0.0000,0.0000,0.0519,0.0000,200,1.6212
0.0163,0.0000,0.0000,0.0000,0.0162,0.0000,200,1.6575
0.0026,0.0000,0.0000,0.0000,0.0023,0.0003,200,1.6717
0.0264,0.0000,0.0000,0.0001,0.0262,0.0000,200,1.6480
0.0164,0.0000,0.0000,0.0000,0.0163,0.0000,200,1.6585
0.0026,0.0000,0.0000,0.0000,0.0025,0.0000,200,1.6727
0.0079,0.0000,0.0000,0.0002,0.0070,0.0001,200,1.6675
0.0297,0.0000,0.0000,0.0000,0.0295,0.0001,200,1.6460
0.0104,0.0000,0.0000,0.0000,0.0102,0.0001,200,1.6658
0.0013,0.0000,0.0000,0.0000,0.0012,0.0001,200,1.6753
0.0386,0.0000,0.0000,0.0000,0.0383,0.0001,200,1.6387
0.0330,0.0000,0.0000,0.0000,0.0330,0.0000,200,1.6443
0.0023,0.0000,0.0000,0.0000,0.0021,0.0002,200,1.6754
0.0130,0.0000,0.0000,0.0000,0.0129,0.0000,200,1.6649
0.0041,0.0000,0.0000,0.0000,0.0041,0.0000,200,1.6738
0.0086,0.0000,0.0000,0.0001,0.0084,0.0001,200,1.6697
0.0059,0.0000,0.0000,0.0000,0.0058,0.0000,200,1.6730
0.0461,0.0000,0.0000,0.0000,0.0459,0.0002,200,1.6334
0.0042,0.0000,0.0000,0.0000,0.0037,0.0004,200,1.6757
0.0103,0.0000,0.0000,0.0000,0.0103,0.0000,200,1.6696
0.0263,0.0000,0.0000,0.0000,0.0262,0.0001,200,1.6543
0.0140,0.0000,0.0000,0.0000,0.0137,0.0002,200,1.6670
0.0035,0.0000,0.0000,0.0000,0.0033,0.0002,200,1.6779
0.0159,0.0000,0.0000,0.0000,0.0159,0.0000,200,1.6656
0.0056,0.0000,0.0000,0.0000,0.0054,0.0002,200,1.6762
0.0205,0.0000,0.0000,0.0000,0.0204,0.0001,200,1.6615
0.0224,0.0000,0.0000,0.0000,0.0224,0.0000,200,1.6599
0.0165,0.0000,0.0000,0.0000,0.0163,0.0001,200,1.6662
0.0124,0.0000,0.0000,0.0000,0.0123,0.0001,200,1.6706
0.0111,0.0000,0.0000,0.0000,0.0110,0.0000,200,1.6725
0.0106,0.0000,0.0000,0.0002,0.0104,0.0001,200,1.6732
0.0012,0.0000,0.0000,0.0000,0.0010,0.0002,200,1.6827
0.0100,0.0000,0.0000,0.0000,0.0099,0.0000,200,1.6744
0.0025,0.0000,0.0000,0.0000,0.0024,0.0000,200,1.6823
0.0223,0.0000,0.0000,0.0000,0.0221,0.0000,200,1.6625
0.0039,0.0000,0.0000,0.0000,0.0038,0.0001,200,1.6815
0.0069,0.0000,0.0000,0.0000,0.0067,0.0001,200,1.6789
0.0194,0.0000,0.0000,0.0000,0.0193,0.0000,200,1.6668
0.0118,0.0000,0.0000,0.0000,0.0116,0.0001,200,1.6749
0.0154,0.0000,0.0000,0.0000,0.0153,0.0001,200,1.6716
0.0066,0.0000,0.0000,0.0000,0.0066,0.0000,200,1.6809
0.0176,0.0000,0.0000,0.0000,0.0175,0.0000,200,1.6703
0.0291,0.0000,0.0000,0.0003,0.0285,0.0001,200,1.6591
0.0040,0.0000,0.0000,0.0000,0.0040,0.0000,200,1.6844
0.0054,0.0000,0.0000,0.0000,0.0053,0.0000,200,1.6836
0.0088,0.0000,0.0000,0.0000,0.0085,0.0002,200,1.6805
0.0082,0.0000,0.0000,0.0000,0.0077,0.0004,200,1.6820
0.0129,0.0000,0.0000,0.0002,0.0127,0.0000,200,1.6773
0.0027,0.0000,0.0000,0.0001,0.0025,0.0000,200,1.6876
0.0055,0.0000,0.0000,0.0000,0.0054,0.0000,200,1.6848
0.0049,0.0000,0.0000,0.0000,0.0044,0.0001,200,1.6857
0.0026,0.0000,0.0000,0.0000,0.0025,0.0000,200,1.6882
0.0232,0.0000,0.0000,0.0000,0.0228,0.0001,200,1.6683
0.0042,0.0000,0.0000,0.0000,0.0041,0.0000,200,1.6878
0.0106,0.0000,0.0000,0.0000,0.0105,0.0000,200,1.6814
0.0586,0.0000,0.0000,0.0000,0.0584,0.0000,200,1.6339
0.0205,0.0000,0.0000,0.0000,0.0205,0.0000,200,1.6719
0.0422,0.0000,0.0000,0.0000,0.0420,0.0000,200,1.6509
0.0082,0.0000,0.0000,0.0000,0.0081,0.0000,200,1.6854
0.0110,0.0000,0.0000,0.0000,0.0109,0.0000,200,1.6831
0.0481,0.0000,0.0000,0.0000,0.0475,0.0005,200,1.6470
0.0113,0.0000,0.0000,0.0000,0.0112,0.0001,200,1.6839
0.0158,0.0000,0.0000,0.0002,0.0151,0.0004,200,1.6794
0.0014,0.0000,0.0000,0.0000,0.0009,0.0000,200,1.6941
0.0180,0.0000,0.0000,0.0000,0.0179,0.0000,200,1.6779
0.0035,0.0000,0.0000,0.0000,0.0035,0.0000,200,1.6924
0.0079,0.0000,0.0000,0.0000,0.0076,0.0002,200,1.6884
0.0077,0.0000,0.0000,0.0000,0.0076,0.0000,200,1.6890
0.0079,0.0000,0.0000,0.0001,0.0077,0.0001,200,1.6893
0.0134,0.0000,0.0000,0.0000,0.0133,0.0000,200,1.6839
0.0158,0.0000,0.0000,0.0000,0.0157,0.0000,200,1.6818
0.0181,0.0000,0.0000,0.0000,0.0181,0.0000,200,1.6800
0.0057,0.0000,0.0000,0.0000,0.0056,0.0001,200,1.6930
0.0037,0.0000,0.0000,0.0000,0.0033,0.0000,200,1.6955
0.0249,0.0000,0.0000,0.0001,0.0248,0.0000,200,1.6743
0.0057,0.0000,0.0000,0.0000,0.0056,0.0001,200,1.6936
0.0078,0.0000,0.0000,0.0000,0.0075,0.0002,200,1.6920
0.0625,0.0000,0.0000,0.0000,0.0624,0.0000,200,1.6380
0.0045,0.0000,0.0000,0.0001,0.0042,0.0001,200,1.6960
0.0066,0.0000,0.0000,0.0001,0.0059,0.0005,200,1.6952
0.0166,0.0000,0.0000,0.0003,0.0163,0.0000,200,1.6866
0.0126,0.0000,0.0000,0.0000,0.0125,0.0000,200,1.6907
0.0113,0.0000,0.0000,0.0000,0.0112,0.0000,200,1.6920
0.0131,0.0000,0.0000,0.0000,0.0130,0.0001,200,1.6902
0.0112,0.0000,0.0000,0.0000,0.0111,0.0001,200,1.6925
0.0183,0.0000,0.0000,0.0000,0.0182,0.0000,200,1.6862
0.0143,0.0000,0.0000,0.0000,0.0137,0.0001,200,1.6914
0.0108,0.0000,0.0000,0.0000,0.0107,0.0000,200,1.6951
0.0076,0.0000,0.0000,0.0000,0.0075,0.0000,200,1.6993
0.0470,0.0000,0.0000,0.0000,0.0469,0.0000,200,1.6599
0.0103,0.0000,0.0000,0.0000,0.0103,0.0000,200,1.6972
0.0036,0.0000,0.0000,0.0000,0.0036,0.0000,200,1.7045
0.0123,0.0000,0.0000,0.0000,0.0122,0.0000,200,1.6963
0.0061,0.0000,0.0000,0.0000,0.0059,0.0001,200,1.7033
0.0113,0.0000,0.0000,0.0000,0.0113,0.0000,200,1.6981
0.0192,0.0000,0.0000,0.0000,0.0192,0.0000,200,1.6903
0.0034,0.0000,0.0000,0.0000,0.0033,0.0001,200,1.7069
0.0045,0.0000,0.0000,0.0000,0.0045,0.0000,200,1.7059
0.0077,0.0000,0.0000,0.0000,0.0076,0.0002,200,1.7033
0.0135,0.0000,0.0000,0.0000,0.0135,0.0000,200,1.6976
0.0011,0.0000,0.0000,0.0000,0.0010,0.0001,200,1.7105
0.0024,0.0000,0.0000,0.0000,0.0023,0.0000,200,1.7096
0.0169,0.0000,0.0000,0.0000,0.0168,0.0000,200,1.6959
0.0136,0.0000,0.0000,0.0000,0.0135,0.0000,200,1.6992
0.0355,0.0000,0.0000,0.0000,0.0354,0.0000,200,1.6773
0.0161,0.0000,0.0000,0.0001,0.0158,0.0000,200,1.6973
0.0129,0.0000,0.0000,0.0000,0.0129,0.0000,200,1.7005
0.0104,0.0000,0.0000,0.0000,0.0103,0.0001,200,1.7037
0.0162,0.0000,0.0000,0.0000,0.0156,0.0006,200,1.6992
0.0371,0.0000,0.0000,0.0000,0.0370,0.0000,200,1.6783
0.0038,0.0000,0.0000,0.0000,0.0038,0.0000,200,1.7116
0.0167,0.0000,0.0000,0.0000,0.0162,0.0000,200,1.6988
0.0034,0.0000,0.0000,0.0000,0.0033,0.0001,200,1.7128
0.0146,0.0000,0.0000,0.0000,0.0145,0.0000,200,1.7018
0.0026,0.0000,0.0000,0.0003,0.0022,0.0000,200,1.7141
0.0020,0.0000,0.0000,0.0000,0.0018,0.0001,200,1.7154
0.0142,0.0000,0.0000,0.0000,0.0142,0.0000,200,1.7033
0.0025,0.0000,0.0000,0.0001,0.0022,0.0000,200,1.7154
0.0088,0.0000,0.0000,0.0000,0.0087,0.0001,200,1.7094
0.0034,0.0000,0.0000,0.0000,0.0030,0.0003,200,1.7154
0.0028,0.0000,0.0000,0.0000,0.0028,0.0000,200,1.7162
0.0192,0.0000,0.0000,0.0000,0.0191,0.0000,200,1.6998
0.0570,0.0000,0.0000,0.0000,0.0569,0.0001,200,1.6625
0.0167,0.0000,0.0000,0.0000,0.0166,0.0000,200,1.7033
0.0015,0.0000,0.0000,0.0000,0.0013,0.0002,200,1.7188
0.0124,0.0000,0.0000,0.0001,0.0123,0.0001,200,1.7081
0.0310,0.0000,0.0000,0.0000,0.0309,0.0001,200,1.6903
0.0034,0.0000,0.0000,0.0000,0.0032,0.0002,200,1.7182
0.0069,0.0000,0.0000,0.0000,0.0068,0.0000,200,1.7154
0.0059,0.0000,0.0000,0.0001,0.0057,0.0000,200,1.7164
0.0107,0.0000,0.0000,0.0000,0.0106,0.0001,200,1.7120
0.0024,0.0000,0.0000,0.0000,0.0023,0.0001,200,1.7205
0.0150,0.0000,0.0000,0.0000,0.0149,0.0000,200,1.7086
0.0285,0.0000,0.0000,0.0000,0.0284,0.0000,200,1.6952
0.0063,0.0000,0.0000,0.0001,0.0061,0.0000,200,1.7175
0.0447,0.0000,0.0000,0.0000,0.0445,0.0002,200,1.6799
0.0117,0.0000,0.0000,0.0000,0.0117,0.0000,200,1.7134
0.0022,0.0000,0.0000,0.0000,0.0021,0.0000,200,1.7229
0.0384,0.0000,0.0000,0.0000,0.0384,0.0000,200,1.6871
0.0060,0.0000,0.0000,0.0000,0.0059,0.0001,200,1.7196
0.0084,0.0000,0.0000,0.0001,0.0083,0.0000,200,1.7174
0.0059,0.0000,0.0000,0.0000,0.0058,0.0001,200,1.7204
0.0021,0.0000,0.0000,0.0000,0.0019,0.0000,200,1.7246
0.0059,0.0000,0.0000,0.0002,0.0057,0.0001,200,1.7213
0.0167,0.0000,0.0000,0.0000,0.0166,0.0000,200,1.7111
0.0087,0.0000,0.0000,0.0000,0.0086,0.0000,200,1.7191
0.0029,0.0000,0.0000,0.0003,0.0025,0.0001,200,1.7255
0.0182,0.0000,0.0000,0.0000,0.0181,0.0001,200,1.7102
0.0124,0.0000,0.0000,0.0000,0.0122,0.0000,200,1.7167
0.0389,0.0000,0.0000,0.0000,0.0389,0.0000,200,1.6902
0.0012,0.0000,0.0000,0.0000,0.0010,0.0000,200,1.7284
0.0012,0.0000,0.0000,0.0000,0.0011,0.0001,200,1.7284
0.0123,0.0000,0.0000,0.0000,0.0122,0.0001,200,1.7178
0.0193,0.0000,0.0000,0.0000,0.0192,0.0000,200,1.7111
0.0215,0.0000,0.0000,0.0000,0.0213,0.0001,200,1.7094
0.0040,0.0000,0.0000,0.0000,0.0039,0.0000,200,1.7273
0.0088,0.0000,0.0000,0.0000,0.0088,0.0000,200,1.7227
0.0018,0.0000,0.0000,0.0000,0.0017,0.0000,200,1.7304
0.0022,0.0000,0.0000,0.0000,0.0021,0.0001,200,1.7302
0.0050,0.0000,0.0000,0.0000,0.0049,0.0001,200,1.7277
0.0203,0.0000,0.0000,0.0000,0.0202,0.0000,200,1.7128
0.0331,0.0000,0.0000,0.0000,0.0329,0.0001,200,1.7005
0.0051,0.0000,0.0000,0.0001,0.0049,0.0000,200,1.7291
0.0027,0.0000,0.0000,0.0000,0.0024,0.0000,200,1.7315
0.0494,0.0000,0.0000,0.0000,0.0494,0.0000,200,1.6848
0.0079,0.0000,0.0000,0.0000,0.0078,0.0000,200,1.7267
0.0053,0.0000,0.0000,0.0000,0.0053,0.0000,200,1.7296
0.0029,0.0000,0.0000,0.0000,0.0028,0.0000,200,1.7324
0.0047,0.0000,0.0000,0.0000,0.0045,0.0001,200,1.7309
0.0583,0.0000,0.0000,0.0003,0.0580,0.0001,200,1.6777
0.0106,0.0000,0.0000,0.0000,0.0104,0.0001,200,1.7258
0.0032,0.0000,0.0000,0.0000,0.0031,0.0001,200,1.7336
0.0026,0.0000,0.0000,0.0000,0.0026,0.0001,200,1.7342
0.0047,0.0000,0.0000,0.0000,0.0046,0.0001,200,1.7328
0.0319,0.0000,0.0000,0.0000,0.0319,0.0000,200,1.7057
0.0101,0.0000,0.0000,0.0000,0.0100,0.0000,200,1.7278
0.0017,0.0000,0.0000,0.0000,0.0014,0.0002,200,1.7368
0.0163,0.0000,0.0000,0.0000,0.0162,0.0000,200,1.7223
0.0037,0.0000,0.0000,0.0000,0.0035,0.0002,200,1.7356
0.0170,0.0000,0.0000,0.0000,0.0169,0.0000,200,1.7223
0.0631,0.0000,0.0000,0.0001,0.0629,0.0002,200,1.6767
0.0147,0.0000,0.0000,0.0000,0.0147,0.0000,200,1.7251
0.0050,0.0000,0.0000,0.0000,0.0048,0.0001,200,1.7353
0.0044,0.0000,0.0000,0.0000,0.0043,0.0000,200,1.7361
0.0172,0.0000,0.0000,0.0000,0.0171,0.0001,200,1.7238
0.0032,0.0000,0.0000,0.0000,0.0031,0.0000,200,1.7378
0.0349,0.0000,0.0000,0.0000,0.0348,0.0001,200,1.7069
0.0227,0.0000,0.0000,0.0000,0.0227,0.0000,200,1.7191
0.0070,0.0000,0.0000,0.0000,0.0070,0.0000,200,1.7349
0.0015,0.0000,0.0000,0.0000,0.0014,0.0000,200,1.7410
0.0103,0.0000,0.0000,0.0000,0.0102,0.0000,200,1.7322
0.0088,0.0000,0.0000,0.0000,0.0088,0.0000,200,1.7342
0.0050,0.0000,0.0000,0.0000,0.0049,0.0000,200,1.7385
0.0073,0.0000,0.0000,0.0000,0.0071,0.0001,200,1.7363
0.0127,0.0000,0.0000,0.0000,0.0125,0.0000,200,1.7312
0.0042,0.0000,0.0000,0.0000,0.0040,0.0000,200,1.7402
0.0198,0.0000,0.0000,0.0000,0.0194,0.0000,200,1.7251
0.0016,0.0000,0.0000,0.0000,0.0015,0.0001,200,1.7436
0.0221,0.0000,0.0000,0.0000,0.0219,0.0001,200,1.7236
0.0039,0.0000,0.0000,0.0001,0.0037,0.0000,200,1.7418
0.0384,0.0000,0.0000,0.0000,0.0383,0.0000,200,1.7076
0.0097,0.0000,0.0000,0.0000,0.0096,0.0001,200,1.7368
0.0042,0.0000,0.0000,0.0000,0.0041,0.0000,200,1.7425
0.0271,0.0000,0.0000,0.0000,0.0270,0.0000,200,1.7200
0.0014,0.0000,0.0000,0.0000,0.0014,0.0000,200,1.7459
0.0217,0.0000,0.0000,0.0000,0.0216,0.0000,200,1.7264
0.0018,0.0000,0.0000,0.0000,0.0018,0.0000,200,1.7467
0.0251,0.0000,0.0000,0.0000,0.0249,0.0000,200,1.7236
0.0085,0.0000,0.0000,0.0000,0.0084,0.0000,200,1.7404
0.0027,0.0000,0.0000,0.0000,0.0024,0.0002,200,1.7471
0.0126,0.0000,0.0000,0.0000,0.0125,0.0000,200,1.7375
0.0056,0.0000,0.0000,0.0001,0.0055,0.0000,200,1.7449
0.0076,0.0000,0.0000,0.0000,0.0075,0.0000,200,1.7431
0.0031,0.0000,0.0000,0.0000,0.0030,0.0001,200,1.7480
0.0108,0.0000,0.0000,0.0000,0.0107,0.0000,200,1.7410
0.0128,0.0000,0.0000,0.0000,0.0127,0.0000,200,1.7393
0.0028,0.0000,0.0000,0.0000,0.0028,0.0001,200,1.7497
0.0082,0.0000,0.0000,0.0000,0.0081,0.0000,200,1.7452
0.0050,0.0000,0.0000,0.0000,0.0049,0.0000,200,1.7485
0.0096,0.0000,0.0000,0.0000,0.0095,0.0000,200,1.7439
0.0032,0.0000,0.0000,0.0000,0.0031,0.0000,200,1.7507
0.0025,0.0000,0.0000,0.0000,0.0024,0.0000,200,1.7521
0.0163,0.0000,0.0000,0.0000,0.0155,0.0007,200,1.7386
0.0031,0.0000,0.0000,0.0000,0.0031,0.0000,200,1.7526
0.0111,0.0000,0.0000,0.0000,0.0110,0.0000,200,1.7456
0.0077,0.0000,0.0000,0.0000,0.0077,0.0000,200,1.7490
0.0273,0.0000,0.0000,0.0001,0.0269,0.0003,200,1.7297
0.0070,0.0000,0.0000,0.0000,0.0065,0.0004,200,1.7505
0.0156,0.0000,0.0000,0.0000,0.0155,0.0000,200,1.7419
0.0042,0.0000,0.0000,0.0000,0.0042,0.0000,200,1.7535
0.0106,0.0000,0.0000,0.0000,0.0105,0.0000,200,1.7474
0.0326,0.0000,0.0000,0.0000,0.0326,0.0000,200,1.7256
0.0878,0.0000,0.0000,0.0000,0.0877,0.0000,200,1.6708
0.0143,0.0000,0.0000,0.0000,0.0143,0.0000,200,1.7445
0.0192,0.0000,0.0000,0.0000,0.0191,0.0000,200,1.7398
0.0136,0.0000,0.0000,0.0000,0.0135,0.0001,200,1.7456
0.0089,0.0000,0.0000,0.0000,0.0087,0.0000,200,1.7512
0.0272,0.0000,0.0000,0.0000,0.0271,0.0000,200,1.7331
0.0139,0.0000,0.0000,0.0000,0.0138,0.0000,200,1.7465
0.0042,0.0000,0.0000,0.0000,0.0041,0.0001,200,1.7567
0.0046,0.0000,0.0000,0.0000,0.0045,0.0001,200,1.7567
0.0032,0.0000,0.0000,0.0000,0.0031,0.0000,200,1.7582
0.0194,0.0000,0.0000,0.0000,0.0193,0.0000,200,1.7425
0.0073,0.0000,0.0000,0.0000,0.0071,0.0002,200,1.7549
0.0088,0.0000,0.0000,0.0000,0.0088,0.0000,200,1.7535
0.0071,0.0000,0.0000,0.0000,0.0070,0.0001,200,1.7557
0.0057,0.0000,0.0000,0.0000,0.0056,0.0000,200,1.7575
0.0064,0.0000,0.0000,0.0000,0.0063,0.0001,200,1.7575
0.0034,0.0000,0.0000,0.0000,0.0033,0.0002,200,1.7609
0.0160,0.0000,0.0000,0.0000,0.0159,0.0001,200,1.7487
0.0104,0.0000,0.0000,0.0001,0.0102,0.0001,200,1.7545
0.0066,0.0000,0.0000,0.0000,0.0064,0.0001,200,1.7590
0.0070,0.0000,0.0000,0.0000,0.0069,0.0000,200,1.7588
0.0012,0.0000,0.0000,0.0000,0.0012,0.0000,200,1.7650
0.0233,0.0000,0.0000,0.0000,0.0232,0.0000,200,1.7434
0.0274,0.0000,0.0000,0.0000,0.0272,0.0002,200,1.7398
0.0384,0.0000,0.0000,0.0000,0.0384,0.0000,200,1.7290
0.0257,0.0000,0.0000,0.0000,0.0256,0.0000,200,1.7418
0.0023,0.0000,0.0000,0.0000,0.0022,0.0001,200,1.7657
0.0055,0.0000,0.0000,0.0000,0.0054,0.0000,200,1.7628
0.0028,0.0000,0.0000,0.0000,0.0026,0.0001,200,1.7662
0.0157,0.0000,0.0000,0.0000,0.0157,0.0000,200,1.7534
0.0065,0.0000,0.0000,0.0000,0.0063,0.0002,200,1.7632
0.0082,0.0000,0.0000,0.0000,0.0081,0.0001,200,1.7619
0.0029,0.0000,0.0000,0.0000,0.0028,0.0001,200,1.7675
0.0098,0.0000,0.0000,0.0000,0.0095,0.0002,200,1.7614
0.0029,0.0000,0.0000,0.0000,0.0027,0.0000,200,1.7683
0.0076,0.0000,0.0000,0.0002,0.0073,0.0001,200,1.7639
0.0133,0.0000,0.0000,0.0000,0.0132,0.0000,200,1.7585
0.0146,0.0000,0.0000,0.0000,0.0145,0.0001,200,1.7580
0.0134,0.0000,0.0000,0.0000,0.0133,0.0000,200,1.7593
0.0015,0.0000,0.0000,0.0000,0.0013,0.0001,200,1.7712
0.0065,0.0000,0.0000,0.0000,0.0063,0.0001,200,1.7668
0.0066,0.0000,0.0000,0.0000,0.0065,0.0000,200,1.7672
0.0065,0.0000,0.0000,0.0000,0.0064,0.0001,200,1.7675
0.0140,0.0000,0.0000,0.0001,0.0138,0.0000,200,1.7600
0.0091,0.0000,0.0000,0.0000,0.0090,0.0001,200,1.7656
0.0026,0.0000,0.0000,0.0000,0.0023,0.0002,200,1.7726
0.0057,0.0000,0.0000,0.0000,0.0055,0.0001,200,1.7697
0.0186,0.0000,0.0000,0.0000,0.0185,0.0000,200,1.7577
0.0856,0.0000,0.0000,0.0000,0.0848,0.0007,200,1.6908
0.0024,0.0000,0.0000,0.0000,0.0023,0.0000,200,1.7740
0.0042,0.0000,0.0000,0.0000,0.0041,0.0001,200,1.7727
0.0233,0.0000,0.0000,0.0000,0.0226,0.0001,200,1.7539
0.0083,0.0000,0.0000,0.0000,0.0082,0.0001,200,1.7692
0.0280,0.0000,0.0000,0.0000,0.0279,0.0001,200,1.7501
0.0215,0.0000,0.0000,0.0000,0.0214,0.0001,200,1.7570
0.0062,0.0000,0.0000,0.0000,0.0057,0.0005,200,1.7733
0.0024,0.0000,0.0000,0.0000,0.0023,0.0000,200,1.7772
0.0092,0.0000,0.0000,0.0000,0.0092,0.0000,200,1.7704
0.0035,0.0000,0.0000,0.0000,0.0035,0.0000,200,1.7764
0.0030,0.0000,0.0000,0.0000,0.0028,0.0001,200,1.7776
0.0165,0.0000,0.0000,0.0000,0.0162,0.0002,200,1.7644
0.0166,0.0000,0.0000,0.0000,0.0164,0.0001,200,1.7647
0.0130,0.0000,0.0000,0.0000,0.0129,0.0000,200,1.7690
0.0029,0.0000,0.0000,0.0000,0.0028,0.0000,200,1.7796
0.0027,0.0000,0.0000,0.0000,0.0024,0.0002,200,1.7806
0.0055,0.0000,0.0000,0.0000,0.0053,0.0000,200,1.7781
0.0096,0.0000,0.0000,0.0000,0.0092,0.0004,200,1.7740
0.0099,0.0000,0.0000,0.0000,0.0094,0.0005,200,1.7738
0.0225,0.0000,0.0000,0.0000,0.0224,0.0000,200,1.7613
0.0031,0.0000,0.0000,0.0000,0.0030,0.0000,200,1.7813
0.0054,0.0000,0.0000,0.0000,0.0052,0.0001,200,1.7795
0.0066,0.0000,0.0000,0.0000,0.0065,0.0001,200,1.7785
0.0089,0.0000,0.0000,0.0000,0.0081,0.0005,200,1.7769
0.0034,0.0000,0.0000,0.0000,0.0034,0.0000,200,1.7824
0.0023,0.0000,0.0000,0.0000,0.0019,0.0004,200,1.7837
0.0033,0.0000,0.0000,0.0000,0.0032,0.0000,200,1.7836
0.0049,0.0000,0.0000,0.0000,0.0047,0.0000,200,1.7820
0.0112,0.0000,0.0000,0.0000,0.0110,0.0001,200,1.7763
0.0070,0.0000,0.0000,0.0000,0.0067,0.0001,200,1.7809
0.0158,0.0000,0.0000,0.0000,0.0158,0.0000,200,1.7727
0.0173,0.0000,0.0000,0.0000,0.0172,0.0000,200,1.7712
0.0097,0.0000,0.0000,0.0000,0.0095,0.0002,200,1.7796
0.0028,0.0000,0.0000,0.0000,0.0028,0.0000,200,1.7869
0.0276,0.0000,0.0000,0.0000,0.0275,0.0000,200,1.7622
0.0057,0.0000,0.0000,0.0000,0.0056,0.0000,200,1.7844
0.0385,0.0000,0.0000,0.0000,0.0384,0.0000,200,1.7521
0.0053,0.0000,0.0000,0.0000,0.0052,0.0000,200,1.7858
0.0010,0.0000,0.0000,0.0000,0.0008,0.0000,200,1.7901
0.0058,0.0000,0.0000,0.0000,0.0056,0.0000,200,1.7859
0.0013,0.0000,0.0000,0.0000,0.0012,0.0000,200,1.7905
0.0177,0.0000,0.0000,0.0001,0.0175,0.0000,200,1.7747
0.0080,0.0000,0.0000,0.0000,0.0078,0.0002,200,1.7849
0.0019,0.0000,0.0000,0.0000,0.0018,0.0000,200,1.7911
0.0177,0.0000,0.0000,0.0000,0.0174,0.0001,200,1.7754
0.0099,0.0000,0.0000,0.0000,0.0098,0.0000,200,1.7836
0.0032,0.0000,0.0000,0.0000,0.0027,0.0004,200,1.7911
0.0017,0.0000,0.0000,0.0000,0.0016,0.0001,200,1.7929
0.0024,0.0000,0.0000,0.0000,0.0023,0.0000,200,1.7923
0.0072,0.0000,0.0000,0.0000,0.0072,0.0000,200,1.7875
0.0019,0.0000,0.0000,0.0000,0.0018,0.0000,200,1.7931
0.0127,0.0000,0.0000,0.0000,0.0116,0.0004,200,1.7833
0.0076,0.0000,0.0000,0.0000,0.0075,0.0000,200,1.7885
0.0095,0.0000,0.0000,0.0000,0.0091,0.0003,200,1.7869
0.0347,0.0000,0.0000,0.0000,0.0345,0.0001,200,1.7623
0.0041,0.0000,0.0000,0.0000,0.0038,0.0000,200,1.7929
0.0097,0.0000,0.0000,0.0000,0.0096,0.0000,200,1.7879
0.0098,0.0000,0.0000,0.0000,0.0098,0.0000,200,1.7885
0.0220,0.0000,0.0000,0.0000,0.0219,0.0000,200,1.7764
0.0092,0.0000,0.0000,0.0002,0.0089,0.0000,200,1.7893
0.0070,0.0000,0.0000,0.0000,0.0069,0.0001,200,1.7918
0.0056,0.0000,0.0000,0.0000,0.0055,0.0001,200,1.7935
0.0049,0.0000,0.0000,0.0000,0.0047,0.0002,200,1.7943
0.0096,0.0000,0.0000,0.0000,0.0095,0.0000,200,1.7898
0.0023,0.0000,0.0000,0.0000,0.0022,0.0001,200,1.7976
0.0151,0.0000,0.0000,0.0000,0.0150,0.0001,200,1.7852
0.0040,0.0000,0.0000,0.0000,0.0036,0.0004,200,1.7970
0.0012,0.0000,0.0000,0.0000,0.0012,0.0000,200,1.7999
0.0066,0.0000,0.0000,0.0000,0.0065,0.0001,200,1.7946
0.0068,0.0000,0.0000,0.0000,0.0067,0.0000,200,1.7947
0.0125,0.0000,0.0000,0.0000,0.0124,0.0001,200,1.7897
0.0107,0.0000,0.0000,0.0000,0.0106,0.0000,200,1.7916
0.0173,0.0000,0.0000,0.0002,0.0170,0.0000,200,1.7860
0.0064,0.0000,0.0000,0.0000,0.0063,0.0000,200,1.7970
0.0027,0.0000,0.0000,0.0000,0.0021,0.0001,200,1.8013
0.0202,0.0000,0.0000,0.0000,0.0199,0.0002,200,1.7838
0.0077,0.0000,0.0000,0.0000,0.0074,0.0003,200,1.7964
0.0034,0.0000,0.0000,0.0000,0.0034,0.0000,200,1.8011
0.0367,0.0000,0.0000,0.0000,0.0364,0.0000,200,1.7682
0.0059,0.0000,0.0000,0.0000,0.0057,0.0002,200,1.7994
0.0047,0.0000,0.0000,0.0004,0.0043,0.0000,200,1.8011
0.0026,0.0000,0.0000,0.0000,0.0020,0.0000,200,1.8034
0.0023,0.0000,0.0000,0.0000,0.0022,0.0000,200,1.8040
0.0029,0.0000,0.0000,0.0000,0.0028,0.0000,200,1.8040
0.0070,0.0000,0.0000,0.0000,0.0064,0.0006,200,1.8003
0.0060,0.0000,0.0000,0.0000,0.0059,0.0000,200,1.8015
0.0127,0.0000,0.0000,0.0000,0.0126,0.0001,200,1.7950
0.0016,0.0000,0.0000,0.0000,0.0015,0.0001,200,1.8063
0.0050,0.0000,0.0000,0.0000,0.0048,0.0002,200,1.8033
0.0027,0.0000,0.0000,0.0000,0.0027,0.0000,200,1.8058
0.0127,0.0000,0.0000,0.0000,0.0126,0.0001,200,1.7962
0.0108,0.0000,0.0000,0.0000,0.0106,0.0001,200,1.7984
0.0051,0.0000,0.0000,0.0000,0.0049,0.0001,200,1.8045
0.0052,0.0000,0.0000,0.0000,0.0050,0.0002,200,1.8048
0.0042,0.0000,0.0000,0.0000,0.0042,0.0000,200,1.8060
0.0017,0.0000,0.0000,0.0000,0.0015,0.0001,200,1.8089
0.0122,0.0000,0.0000,0.0000,0.0122,0.0000,200,1.7984
0.0147,0.0000,0.0000,0.0000,0.0145,0.0001,200,1.7960
0.0027,0.0000,0.0000,0.0000,0.0026,0.0001,200,1.8084
0.0041,0.0000,0.0000,0.0000,0.0039,0.0001,200,1.8074
0.0015,0.0000,0.0000,0.0000,0.0014,0.0000,200,1.8105
0.0020,0.0000,0.0000,0.0001,0.0019,0.0000,200,1.8100
0.0019,0.0000,0.0000,0.0000,0.0019,0.0000,200,1.8102
0.0104,0.0000,0.0000,0.0001,0.0102,0.0000,200,1.8023
0.0010,0.0000,0.0000,0.0000,0.0009,0.0001,200,1.8121
0.0015,0.0000,0.0000,0.0000,0.0014,0.0000,200,1.8120
0.0062,0.0000,0.0000,0.0000,0.0062,0.0000,200,1.8079
0.0038,0.0000,0.0000,0.0000,0.0037,0.0001,200,1.8112
0.0044,0.0000,0.0000,0.0000,0.0043,0.0000,200,1.8114
0.0092,0.0000,0.0000,0.0000,0.0092,0.0000,200,1.8075
0.0082,0.0000,0.0000,0.0000,0.0081,0.0001,200,1.8092
0.0048,0.0000,0.0000,0.0000,0.0046,0.0000,200,1.8130
0.0578,0.0000,0.0000,0.0000,0.0577,0.0001,200,1.7605
0.0075,0.0000,0.0000,0.0000,0.0075,0.0001,200,1.8135
0.0035,0.0000,0.0000,0.0000,0.0033,0.0001,200,1.8178
0.0064,0.0000,0.0000,0.0001,0.0063,0.0000,200,1.8150
0.0124,0.0000,0.0000,0.0000,0.0123,0.0000,200,1.8096
0.0011,0.0000,0.0000,0.0000,0.0010,0.0000,200,1.8214
0.0068,0.0000,0.0000,0.0000,0.0067,0.0000,200,1.8158
0.0056,0.0000,0.0000,0.0000,0.0055,0.0000,200,1.8174
0.0021,0.0000,0.0000,0.0000,0.0019,0.0000,200,1.8213
0.0171,0.0000,0.0000,0.0000,0.0168,0.0003,200,1.8069
0.0073,0.0000,0.0000,0.0000,0.0072,0.0000,200,1.8167
0.0100,0.0000,0.0000,0.0000,0.0099,0.0000,200,1.8145
0.0197,0.0000,0.0000,0.0000,0.0195,0.0001,200,1.8053
0.0012,0.0000,0.0000,0.0000,0.0011,0.0001,200,1.8240
0.0037,0.0000,0.0000,0.0000,0.0036,0.0001,200,1.8220
0.0035,0.0000,0.0000,0.0000,0.0034,0.0001,200,1.8226
0.0020,0.0000,0.0000,0.0000,0.0019,0.0001,200,1.8245
0.0035,0.0000,0.0000,0.0000,0.0034,0.0000,200,1.8234
0.0196,0.0000,0.0000,0.0001,0.0195,0.0000,200,1.8077
0.0025,0.0000,0.0000,0.0000,0.0024,0.0001,200,1.8252
0.0038,0.0000,0.0000,0.0000,0.0037,0.0000,200,1.8240
0.0163,0.0000,0.0000,0.0000,0.0161,0.0001,200,1.8121
0.0023,0.0000,0.0000,0.0000,0.0022,0.0000,200,1.8261
0.0011,0.0000,0.0000,0.0000,0.0010,0.0000,200,1.8279
0.0047,0.0000,0.0000,0.0000,0.0044,0.0004,200,1.8250
0.0033,0.0000,0.0000,0.0000,0.0032,0.0000,200,1.8265
0.0195,0.0000,0.0000,0.0002,0.0192,0.0000,200,1.8106
0.0177,0.0000,0.0000,0.0000,0.0177,0.0000,200,1.8127
0.0096,0.0000,0.0000,0.0000,0.0095,0.0000,200,1.8210
0.0127,0.0000,0.0000,0.0000,0.0126,0.0000,200,1.8183
0.0029,0.0000,0.0000,0.0001,0.0028,0.0001,200,1.8284
0.0292,0.0000,0.0000,0.0000,0.0291,0.0000,200,1.8023
0.0014,0.0000,0.0000,0.0000,0.0013,0.0000,200,1.8304
0.0027,0.0000,0.0000,0.0000,0.0026,0.0000,200,1.8297
0.0055,0.0000,0.0000,0.0000,0.0054,0.0001,200,1.8273
0.0052,0.0000,0.0000,0.0000,0.0051,0.0000,200,1.8277
0.0020,0.0000,0.0000,0.0000,0.0020,0.0000,200,1.8313
0.0043,0.0000,0.0000,0.0000,0.0041,0.0000,200,1.8297
0.0032,0.0000,0.0000,0.0000,0.0027,0.0005,200,1.8310
0.0012,0.0000,0.0000,0.0000,0.0011,0.0001,200,1.8334
0.0082,0.0000,0.0000,0.0000,0.0081,0.0000,200,1.8269
0.0129,0.0000,0.0000,0.0000,0.0128,0.0000,200,1.8226
0.0018,0.0000,0.0000,0.0000,0.0017,0.0000,200,1.8342
0.0021,0.0000,0.0000,0.0000,0.0019,0.0001,200,1.8346
0.0040,0.0000,0.0000,0.0000,0.0039,0.0000,200,1.8329
0.0015,0.0000,0.0000,0.0000,0.0013,0.0002,200,1.8354
0.0075,0.0000,0.0000,0.0001,0.0070,0.0002,200,1.8300
0.0051,0.0000,0.0000,0.0000,0.0050,0.0000,200,1.8328
0.0101,0.0000,0.0000,0.0000,0.0099,0.0002,200,1.8284
0.0017,0.0000,0.0000,0.0000,0.0016,0.0000,200,1.8369
0.0097,0.0000,0.0000,0.0000,0.0096,0.0000,200,1.8290
0.0012,0.0000,0.0000,0.0000,0.0011,0.0000,200,1.8379
0.0025,0.0000,0.0000,0.0000,0.0024,0.0000,200,1.8369
0.0141,0.0000,0.0000,0.0000,0.0140,0.0000,200,1.8257
0.0085,0.0000,0.0000,0.0000,0.0083,0.0002,200,1.8318
0.0018,0.0000,0.0000,0.0000,0.0017,0.0000,200,1.8386
0.0028,0.0000,0.0000,0.0000,0.0024,0.0003,200,1.8386
0.0063,0.0000,0.0000,0.0000,0.0062,0.0000,200,1.8351
0.0048,0.0000,0.0000,0.0000,0.0047,0.0001,200,1.8367
0.0081,0.0000,0.0000,0.0001,0.0079,0.0000,200,1.8340
0.0102,0.0000,0.0000,0.0000,0.0101,0.0000,200,1.8324
0.0066,0.0000,0.0000,0.0001,0.0063,0.0000,200,1.8360
0.0038,0.0000,0.0000,0.0000,0.0038,0.0000,200,1.8415
0.0050,0.0000,0.0000,0.0000,0.0049,0.0000,200,1.8403
0.0067,0.0000,0.0000,0.0000,0.0066,0.0000,200,1.8387
0.0041,0.0000,0.0000,0.0000,0.0039,0.0002,200,1.8414
0.0030,0.0000,0.0000,0.0000,0.0029,0.0000,200,1.8425
0.0042,0.0000,0.0000,0.0000,0.0042,0.0000,200,1.8414
0.0031,0.0000,0.0000,0.0000,0.0031,0.0000,200,1.8425
0.0067,0.0000,0.0000,0.0000,0.0067,0.0000,200,1.8390
0.0059,0.0000,0.0000,0.0000,0.0058,0.0000,200,1.8398
0.0084,0.0000,0.0000,0.0000,0.0081,0.0003,200,1.8375
0.0062,0.0000,0.0000,0.0000,0.0060,0.0002,200,1.8404
0.0012,0.0000,0.0000,0.0000,0.0010,0.0000,200,1.8453
0.0048,0.0000,0.0000,0.0000,0.0048,0.0000,200,1.8421
0.0016,0.0000,0.0000,0.0000,0.0015,0.0000,200,1.8455
0.0021,0.0000,0.0000,0.0000,0.0020,0.0000,200,1.8453
0.0019,0.0000,0.0000,0.0000,0.0019,0.0000,200,1.8457
0.0021,0.0000,0.0000,0.0000,0.0020,0.0000,200,1.8457
0.0167,0.0000,0.0000,0.0000,0.0165,0.0002,200,1.8315
0.0025,0.0000,0.0000,0.0000,0.0024,0.0000,200,1.8459
0.0031,0.0000,0.0000,0.0000,0.0030,0.0000,200,1.8455
0.0023,0.0000,0.0000,0.0000,0.0023,0.0000,200,1.8466
0.0019,0.0000,0.0000,0.0000,0.0018,0.0000,200,1.8474
0.0015,0.0000,0.0000,0.0000,0.0013,0.0001,200,1.8483
0.0026,0.0000,0.0000,0.0001,0.0025,0.0000,200,1.8476
0.0043,0.0000,0.0000,0.0000,0.0040,0.0002,200,1.8459
0.0047,0.0000,0.0000,0.0000,0.0046,0.0001,200,1.8458
0.0015,0.0000,0.0000,0.0000,0.0012,0.0000,200,1.8493
0.0024,0.0000,0.0000,0.0000,0.0021,0.0002,200,1.8484
0.0013,0.0000,0.0000,0.0000,0.0012,0.0000,200,1.8502
0.0011,0.0000,0.0000,0.0000,0.0010,0.0001,200,1.8508
0.0068,0.0000,0.0000,0.0000,0.0066,0.0001,200,1.8454
0.0011,0.0000,0.0000,0.0000,0.0010,0.0000,200,1.8515
0.0061,0.0000,0.0000,0.0000,0.0059,0.0000,200,1.8469
0.0068,0.0000,0.0000,0.0000,0.0067,0.0000,200,1.8466
0.0019,0.0000,0.0000,0.0000,0.0017,0.0001,200,1.8519
0.0018,0.0000,0.0000,0.0000,0.0017,0.0002,200,1.8526
0.0040,0.0000,0.0000,0.0000,0.0035,0.0004,200,1.8505
0.0036,0.0000,0.0000,0.0001,0.0033,0.0000,200,1.8509
0.0022,0.0000,0.0000,0.0000,0.0021,0.0001,200,1.8530
0.0017,0.0000,0.0000,0.0000,0.0015,0.0001,200,1.8538
0.0069,0.0000,0.0000,0.0000,0.0068,0.0000,200,1.8489
0.0019,0.0000,0.0000,0.0000,0.0017,0.0001,200,1.8545
0.0071,0.0000,0.0000,0.0000,0.0069,0.0001,200,1.8497
0.0022,0.0000,0.0000,0.0000,0.0021,0.0001,200,1.8553
0.0030,0.0000,0.0000,0.0000,0.0029,0.0000,200,1.8545
0.0099,0.0000,0.0000,0.0000,0.0098,0.0000,200,1.8477
0.0016,0.0000,0.0000,0.0001,0.0014,0.0000,200,1.8564
0.0032,0.0000,0.0000,0.0000,0.0030,0.0002,200,1.8555
0.0012,0.0000,0.0000,0.0000,0.0011,0.0000,200,1.8575
0.0012,0.0000,0.0000,0.0000,0.0011,0.0000,200,1.8579
0.0024,0.0000,0.0000,0.0000,0.0023,0.0000,200,1.8575
0.0041,0.0000,0.0000,0.0000,0.0038,0.0004,200,1.8558
0.0102,0.0000,0.0000,0.0000,0.0101,0.0000,200,1.8502
0.0074,0.0000,0.0000,0.0000,0.0073,0.0000,200,1.8533
0.0010,0.0000,0.0000,0.0000,0.0009,0.0000,200,1.8599
0.0046,0.0000,0.0000,0.0000,0.0044,0.0002,200,1.8568
0.0028,0.0000,0.0000,0.0000,0.0027,0.0000,200,1.8587
0.0095,0.0000,0.0000,0.0001,0.0093,0.0001,200,1.8522
0.0012,0.0000,0.0000,0.0000,0.0011,0.0000,200,1.8609
0.0026,0.0000,0.0000,0.0000,0.0026,0.0000,200,1.8599
0.0086,0.0000,0.0000,0.0001,0.0084,0.0001,200,1.8544
0.0013,0.0000,0.0000,0.0000,0.0013,0.0000,200,1.8621
0.0023,0.0000,0.0000,0.0000,0.0020,0.0000,200,1.8615
0.0050,0.0000,0.0000,0.0000,0.0048,0.0000,200,1.8591
0.0039,0.0000,0.0000,0.0000,0.0038,0.0001,200,1.8607
0.0033,0.0000,0.0000,0.0000,0.0032,0.0000,200,1.8617
0.0025,0.0000,0.0000,0.0000,0.0022,0.0001,200,1.8630
0.0024,0.0000,0.0000,0.0000,0.0024,0.0000,200,1.8634
0.0023,0.0000,0.0000,0.0000,0.0022,0.0001,200,1.8641
0.0010,0.0000,0.0000,0.0000,0.0009,0.0000,200,1.8656
0.0018,0.0000,0.0000,0.0000,0.0017,0.0000,200,1.8650
0.0046,0.0000,0.0000,0.0000,0.0045,0.0001,200,1.8625
0.0018,0.0000,0.0000,0.0000,0.0017,0.0001,200,1.8659
0.0092,0.0000,0.0000,0.0000,0.0091,0.0000,200,1.8587
0.0019,0.0000,0.0000,0.0000,0.0017,0.0000,200,1.8666
0.0052,0.0000,0.0000,0.0000,0.0051,0.0000,200,1.8638
0.0014,0.0000,0.0000,0.0000,0.0013,0.0000,200,1.8679
0.0022,0.0000,0.0000,0.0000,0.0018,0.0003,200,1.8671
0.0052,0.0000,0.0000,0.0000,0.0049,0.0002,200,1.8646
0.0013,0.0000,0.0000,0.0000,0.0012,0.0000,200,1.8691
0.0027,0.0000,0.0000,0.0000,0.0027,0.0000,200,1.8676
0.0023,0.0000,0.0000,0.0000,0.0021,0.0000,200,1.8684
0.0097,0.0000,0.0000,0.0000,0.0096,0.0001,200,1.8614
0.0011,0.0000,0.0000,0.0000,0.0010,0.0001,200,1.8704
0.0015,0.0000,0.0000,0.0000,0.0015,0.0000,200,1.8704
0.0020,0.0000,0.0000,0.0000,0.0018,0.0002,200,1.8699
0.0007,0.0000,0.0000,0.0000,0.0006,0.0001,200,1.8719
0.0014,0.0000,0.0000,0.0000,0.0010,0.0001,200,1.8715
0.0015,0.0000,0.0000,0.0000,0.0014,0.0001,200,1.8719
0.0010,0.0000,0.0000,0.0000,0.0009,0.0000,200,1.8726
0.0012,0.0000,0.0000,0.0000,0.0007,0.0004,200,1.8734
0.0018,0.0000,0.0000,0.0000,0.0010,0.0000,200,1.8736
0.0020,0.0000,0.0000,0.0000,0.0017,0.0003,200,1.8746
