response-time,DNS+dialup,DNS,Request-write,Response-delay,Response-read,status-code,offset
0.0065,0.0013,0.0000,0.0009,0.0034,0.0004,200,0.0009
0.0066,0.0016,0.0000,0.0009,0.0038,0.0000,200,0.0010
0.0056,0.0008,0.0000,0.0009,0.0038,0.0000,200,0.0020
0.0083,0.0016,0.0000,0.0013,0.0048,0.0001,200,0.0008
0.0085,0.0011,0.0000,0.0009,0.0064,0.0001,200,0.0016
0.0088,0.0013,0.0000,0.0009,0.0065,0.0000,200,0.0016
0.0100,0.0000,0.0000,0.0000,0.0040,0.0000,200,0.0029
0.0080,0.0018,0.0000,0.0016,0.0046,0.0000,200,0.0051
0.0110,0.0004,0.0000,0.0007,0.0098,0.0000,200,0.0023
0.0124,0.0056,0.0000,0.0017,0.0048,0.0000,200,0.0011
0.0111,0.0000,0.0000,0.0000,0.0047,0.0000,200,0.0025
0.0084,0.0016,0.0000,0.0017,0.0051,0.0000,200,0.0054
0.0116,0.0000,0.0000,0.0000,0.0055,0.0000,200,0.0027
0.0119,0.0041,0.0000,0.0017,0.0058,0.0000,200,0.0025
0.0106,0.0031,0.0000,0.0018,0.0057,0.0000,200,0.0039
0.0056,0.0000,0.0000,0.0000,0.0032,0.0000,200,0.0090
0.0026,0.0000,0.0000,0.0000,0.0017,0.0000,200,0.0121
0.0074,0.0000,0.0000,0.0013,0.0036,0.0000,200,0.0076
0.0133,0.0008,0.0000,0.0009,0.0095,0.0020,200,0.0020
0.0045,0.0000,0.0000,0.0000,0.0044,0.0000,200,0.0115
0.0107,0.0021,0.0000,0.0013,0.0072,0.0000,200,0.0079
0.0151,0.0046,0.0000,0.0021,0.0084,0.0001,200,0.0035
0.0153,0.0048,0.0000,0.0020,0.0085,0.0000,200,0.0034
0.0155,0.0050,0.0000,0.0021,0.0083,0.0000,200,0.0032
0.0028,0.0000,0.0000,0.0000,0.0028,0.0000,200,0.0160
0.0038,0.0000,0.0000,0.0000,0.0037,0.0000,200,0.0150
0.0097,0.0000,0.0000,0.0000,0.0049,0.0024,200,0.0091
0.0053,0.0000,0.0000,0.0000,0.0053,0.0000,200,0.0143
0.0055,0.0000,0.0000,0.0000,0.0050,0.0004,200,0.0146
0.0019,0.0000,0.0000,0.0000,0.0018,0.0001,200,0.0186
0.0060,0.0000,0.0000,0.0000,0.0059,0.0000,200,0.0147
0.0081,0.0000,0.0000,0.0000,0.0073,0.0000,200,0.0133
0.0098,0.0010,0.0000,0.0002,0.0085,0.0000,200,0.0116
0.0133,0.0005,0.0000,0.0020,0.0107,0.0000,200,0.0084
0.0087,0.0000,0.0000,0.0000,0.0082,0.0001,200,0.0136
0.0180,0.0026,0.0000,0.0012,0.0140,0.0000,200,0.0050
0.0047,0.0000,0.0000,0.0000,0.0045,0.0002,200,0.0188
0.0021,0.0000,0.0000,0.0000,0.0020,0.0000,200,0.0214
0.0165,0.0004,0.0000,0.0020,0.0141,0.0000,200,0.0085
0.0214,0.0042,0.0000,0.0019,0.0152,0.0000,200,0.0037
0.0177,0.0000,0.0000,0.0022,0.0141,0.0005,200,0.0074
0.0123,0.0000,0.0000,0.0006,0.0113,0.0001,200,0.0131
0.0185,0.0010,0.0000,0.0020,0.0152,0.0003,200,0.0078
0.0034,0.0000,0.0000,0.0000,0.0033,0.0000,200,0.0230
0.0080,0.0000,0.0000,0.0000,0.0079,0.0000,200,0.0188
0.0123,0.0000,0.0000,0.0000,0.0122,0.0001,200,0.0145
0.0165,0.0000,0.0000,0.0001,0.0161,0.0003,200,0.0115
0.0057,0.0000,0.0000,0.0001,0.0056,0.0000,200,0.0223
0.0036,0.0000,0.0000,0.0000,0.0035,0.0000,200,0.0251
0.0159,0.0000,0.0000,0.0001,0.0098,0.0000,200,0.0132
0.0232,0.0000,0.0000,0.0021,0.0190,0.0000,200,0.0062
0.0181,0.0008,0.0000,0.0002,0.0170,0.0000,200,0.0118
0.0050,0.0000,0.0000,0.0000,0.0049,0.0000,200,0.0251
0.0269,0.0041,0.0000,0.0019,0.0208,0.0001,200,0.0037
0.0075,0.0000,0.0000,0.0000,0.0074,0.0000,200,0.0235
0.0050,0.0000,0.0000,0.0000,0.0049,0.0001,200,0.0264
0.0210,0.0010,0.0000,0.0002,0.0190,0.0008,200,0.0116
0.0178,0.0000,0.0000,0.0000,0.0177,0.0000,200,0.0149
0.0205,0.0004,0.0000,0.0002,0.0199,0.0000,200,0.0121
0.0056,0.0000,0.0000,0.0002,0.0054,0.0000,200,0.0280
0.0148,0.0000,0.0000,0.0000,0.0147,0.0000,200,0.0188
0.0125,0.0000,0.0000,0.0000,0.0125,0.0000,200,0.0214
0.0394,0.0000,0.0000,0.0000,0.0392,0.0001,200,0.0148
0.0232,0.0000,0.0000,0.0000,0.0231,0.0001,200,0.0310
0.0256,0.0000,0.0000,0.0000,0.0255,0.0000,200,0.0287
0.0397,0.0000,0.0000,0.0000,0.0396,0.0001,200,0.0147
0.0217,0.0000,0.0000,0.0000,0.0216,0.0001,200,0.0327
0.0225,0.0000,0.0000,0.0000,0.0225,0.0000,200,0.0326
0.0426,0.0000,0.0000,0.0019,0.0399,0.0000,200,0.0125
0.0427,0.0000,0.0000,0.0000,0.0413,0.0000,200,0.0125
0.0217,0.0000,0.0000,0.0002,0.0214,0.0000,200,0.0336
0.0255,0.0000,0.0000,0.0000,0.0254,0.0000,200,0.0299
0.0290,0.0000,0.0000,0.0000,0.0289,0.0000,200,0.0264
0.0302,0.0000,0.0000,0.0001,0.0300,0.0000,200,0.0254
0.0427,0.0000,0.0000,0.0000,0.0414,0.0002,200,0.0129
0.0243,0.0000,0.0000,0.0000,0.0242,0.0001,200,0.0314
0.0322,0.0000,0.0000,0.0000,0.0321,0.0000,200,0.0235
0.0262,0.0000,0.0000,0.0000,0.0259,0.0000,200,0.0295
0.0494,0.0000,0.0000,0.0022,0.0453,0.0000,200,0.0064
0.0267,0.0000,0.0000,0.0000,0.0267,0.0000,200,0.0291
0.0291,0.0000,0.0000,0.0000,0.0291,0.0000,200,0.0267
0.0478,0.0008,0.0000,0.0021,0.0449,0.0000,200,0.0082
0.0484,0.0000,0.0000,0.0001,0.0448,0.0000,200,0.0076
0.0293,0.0000,0.0000,0.0000,0.0292,0.0000,200,0.0268
0.0375,0.0000,0.0000,0.0000,0.0375,0.0000,200,0.0186
0.0517,0.0010,0.0000,0.0021,0.0450,0.0036,200,0.0080
0.0445,0.0000,0.0000,0.0000,0.0408,0.0037,200,0.0153
0.0296,0.0000,0.0000,0.0000,0.0245,0.0050,200,0.0305
0.0263,0.0000,0.0000,0.0000,0.0262,0.0000,200,0.0339
0.0051,0.0000,0.0000,0.0000,0.0050,0.0001,200,0.0552
0.0386,0.0000,0.0000,0.0000,0.0385,0.0000,200,0.0218
0.0417,0.0000,0.0000,0.0000,0.0416,0.0000,200,0.0187
0.0268,0.0000,0.0000,0.0000,0.0268,0.0000,200,0.0336
0.0051,0.0000,0.0000,0.0000,0.0050,0.0000,200,0.0554
0.0405,0.0000,0.0000,0.0000,0.0404,0.0000,200,0.0201
0.0355,0.0000,0.0000,0.0000,0.0354,0.0000,200,0.0252
0.0458,0.0000,0.0000,0.0000,0.0458,0.0000,200,0.0149
0.0574,0.0046,0.0000,0.0020,0.0507,0.0000,200,0.0034
0.0474,0.0000,0.0000,0.0000,0.0468,0.0000,200,0.0134
0.0055,0.0000,0.0000,0.0000,0.0055,0.0000,200,0.0554
0.0068,0.0000,0.0000,0.0001,0.0067,0.0000,200,0.0542
0.0506,0.0000,0.0000,0.0006,0.0497,0.0000,200,0.0104
0.0053,0.0000,0.0000,0.0000,0.0052,0.0000,200,0.0559
0.0286,0.0000,0.0000,0.0001,0.0283,0.0001,200,0.0327
0.0427,0.0000,0.0000,0.0000,0.0426,0.0000,200,0.0187
0.0522,0.0000,0.0000,0.0004,0.0503,0.0001,200,0.0093
0.0314,0.0000,0.0000,0.0000,0.0313,0.0000,200,0.0301
0.0492,0.0003,0.0000,0.0004,0.0476,0.0008,200,0.0138
0.0488,0.0000,0.0000,0.0000,0.0487,0.0001,200,0.0144
0.0080,0.0000,0.0000,0.0000,0.0079,0.0001,200,0.0557
0.0522,0.0008,0.0000,0.0002,0.0511,0.0001,200,0.0118
0.0090,0.0000,0.0000,0.0000,0.0089,0.0001,200,0.0553
0.0102,0.0000,0.0000,0.0000,0.0101,0.0000,200,0.0544
0.0451,0.0000,0.0000,0.0000,0.0450,0.0000,200,0.0197
0.0615,0.0043,0.0000,0.0020,0.0550,0.0001,200,0.0036
0.0092,0.0000,0.0000,0.0000,0.0091,0.0001,200,0.0561
0.0619,0.0041,0.0000,0.0013,0.0564,0.0000,200,0.0037
0.0053,0.0000,0.0000,0.0001,0.0052,0.0000,200,0.0604
0.0100,0.0000,0.0000,0.0000,0.0099,0.0000,200,0.0560
0.0054,0.0000,0.0000,0.0000,0.0054,0.0000,200,0.0607
0.0106,0.0000,0.0000,0.0000,0.0105,0.0001,200,0.0556
0.0062,0.0000,0.0000,0.0000,0.0062,0.0000,200,0.0601
0.0384,0.0000,0.0000,0.0000,0.0383,0.0000,200,0.0281
0.0062,0.0000,0.0000,0.0000,0.0062,0.0000,200,0.0603
0.0459,0.0000,0.0000,0.0000,0.0349,0.0110,200,0.0207
0.0060,0.0000,0.0000,0.0000,0.0059,0.0000,200,0.0606
0.0108,0.0000,0.0000,0.0000,0.0107,0.0000,200,0.0558
0.0065,0.0000,0.0000,0.0000,0.0063,0.0001,200,0.0609
0.0018,0.0000,0.0000,0.0000,0.0017,0.0000,200,0.0657
0.0474,0.0000,0.0000,0.0000,0.0471,0.0000,200,0.0205
0.0075,0.0000,0.0000,0.0000,0.0073,0.0000,200,0.0613
0.0024,0.0000,0.0000,0.0001,0.0022,0.0001,200,0.0664
0.0136,0.0000,0.0000,0.0000,0.0135,0.0000,200,0.0558
0.0015,0.0000,0.0000,0.0000,0.0014,0.0001,200,0.0679
0.0142,0.0000,0.0000,0.0000,0.0141,0.0000,200,0.0557
0.0115,0.0000,0.0000,0.0021,0.0049,0.0000,200,0.0598
0.0073,0.0000,0.0000,0.0000,0.0073,0.0000,200,0.0640
0.0066,0.0000,0.0000,0.0001,0.0064,0.0001,200,0.0647
0.0058,0.0000,0.0000,0.0000,0.0058,0.0000,200,0.0655
0.0176,0.0000,0.0000,0.0000,0.0175,0.0000,200,0.0543
0.0027,0.0000,0.0000,0.0001,0.0025,0.0001,200,0.0694
0.0172,0.0000,0.0000,0.0001,0.0171,0.0000,200,0.0551
0.0034,0.0000,0.0000,0.0002,0.0030,0.0001,200,0.0694
0.0126,0.0000,0.0000,0.0000,0.0125,0.0000,200,0.0604
0.0177,0.0000,0.0000,0.0000,0.0176,0.0001,200,0.0559
0.0013,0.0000,0.0000,0.0002,0.0011,0.0000,200,0.0723
0.0184,0.0000,0.0000,0.0000,0.0075,0.0000,200,0.0556
0.0132,0.0000,0.0000,0.0000,0.0131,0.0000,200,0.0611
0.0144,0.0000,0.0000,0.0000,0.0143,0.0000,200,0.0603
0.0122,0.0000,0.0000,0.0000,0.0118,0.0001,200,0.0632
0.0202,0.0000,0.0000,0.0000,0.0199,0.0003,200,0.0561
0.0077,0.0000,0.0000,0.0000,0.0076,0.0000,200,0.0687
0.0029,0.0000,0.0000,0.0000,0.0026,0.0003,200,0.0736
0.0091,0.0000,0.0000,0.0000,0.0088,0.0003,200,0.0676
0.0094,0.0000,0.0000,0.0000,0.0091,0.0000,200,0.0674
0.0060,0.0000,0.0000,0.0000,0.0059,0.0001,200,0.0714
0.0121,0.0000,0.0000,0.0000,0.0121,0.0000,200,0.0660
0.0174,0.0000,0.0000,0.0000,0.0173,0.0000,200,0.0607
0.0179,0.0000,0.0000,0.0000,0.0176,0.0003,200,0.0602
0.0046,0.0000,0.0000,0.0000,0.0039,0.0005,200,0.0747
0.0191,0.0000,0.0000,0.0001,0.0189,0.0001,200,0.0606
0.0244,0.0000,0.0000,0.0000,0.0243,0.0001,200,0.0553
0.0699,0.0005,0.0000,0.0004,0.0690,0.0001,200,0.0102
0.0093,0.0000,0.0000,0.0001,0.0089,0.0002,200,0.0713
0.0026,0.0000,0.0000,0.0002,0.0024,0.0001,200,0.0781
0.0251,0.0000,0.0000,0.0000,0.0251,0.0000,200,0.0560
0.0217,0.0000,0.0000,0.0064,0.0152,0.0001,200,0.0598
0.0167,0.0000,0.0000,0.0001,0.0163,0.0003,200,0.0653
0.0212,0.0000,0.0000,0.0000,0.0207,0.0004,200,0.0614
0.0163,0.0000,0.0000,0.0000,0.0162,0.0001,200,0.0665
0.0202,0.0000,0.0000,0.0000,0.0202,0.0001,200,0.0630
0.0026,0.0000,0.0000,0.0000,0.0026,0.0000,200,0.0808
0.0224,0.0000,0.0000,0.0000,0.0223,0.0001,200,0.0615
0.0081,0.0000,0.0000,0.0000,0.0079,0.0001,200,0.0763
0.0180,0.0000,0.0000,0.0000,0.0179,0.0000,200,0.0665
0.0213,0.0000,0.0000,0.0001,0.0211,0.0000,200,0.0637
0.0076,0.0000,0.0000,0.0002,0.0074,0.0000,200,0.0777
0.0118,0.0000,0.0000,0.0001,0.0116,0.0000,200,0.0740
0.0108,0.0000,0.0000,0.0000,0.0106,0.0001,200,0.0754
0.0068,0.0000,0.0000,0.0000,0.0067,0.0001,200,0.0797
0.0148,0.0000,0.0000,0.0000,0.0147,0.0001,200,0.0721
0.0330,0.0000,0.0000,0.0050,0.0270,0.0001,200,0.0542
0.0215,0.0000,0.0000,0.0000,0.0210,0.0005,200,0.0662
0.0052,0.0000,0.0000,0.0001,0.0049,0.0000,200,0.0825
0.0233,0.0000,0.0000,0.0001,0.0231,0.0000,200,0.0645
0.0271,0.0000,0.0000,0.0000,0.0270,0.0001,200,0.0615
0.0151,0.0000,0.0000,0.0000,0.0146,0.0004,200,0.0743
0.0250,0.0000,0.0000,0.0000,0.0247,0.0002,200,0.0651
0.0292,0.0000,0.0000,0.0000,0.0291,0.0000,200,0.0609
0.0134,0.0000,0.0000,0.0000,0.0134,0.0000,200,0.0767
0.0291,0.0000,0.0000,0.0000,0.0288,0.0002,200,0.0612
0.0051,0.0000,0.0000,0.0000,0.0046,0.0000,200,0.0853
0.0063,0.0000,0.0000,0.0000,0.0062,0.0000,200,0.0858
0.0021,0.0000,0.0000,0.0000,0.0021,0.0000,200,0.0901
0.0103,0.0000,0.0000,0.0000,0.0102,0.0000,200,0.0820
0.0228,0.0000,0.0000,0.0000,0.0225,0.0002,200,0.0698
0.0121,0.0000,0.0000,0.0000,0.0116,0.0004,200,0.0806
0.0151,0.0000,0.0000,0.0000,0.0149,0.0001,200,0.0781
0.0070,0.0000,0.0000,0.0000,0.0067,0.0002,200,0.0870
0.0416,0.0000,0.0000,0.0007,0.0408,0.0001,200,0.0544
0.0060,0.0000,0.0000,0.0000,0.0058,0.0000,200,0.0902
0.0297,0.0000,0.0000,0.0000,0.0296,0.0000,200,0.0666
0.0354,0.0000,0.0000,0.0000,0.0354,0.0000,200,0.0608
0.0250,0.0000,0.0000,0.0000,0.0228,0.0021,200,0.0714
0.0086,0.0000,0.0000,0.0000,0.0059,0.0027,200,0.0878
0.0198,0.0000,0.0000,0.0000,0.0182,0.0016,200,0.0766
0.0100,0.0000,0.0000,0.0000,0.0074,0.0026,200,0.0865
0.0168,0.0000,0.0000,0.0000,0.0147,0.0021,200,0.0781
0.0324,0.0000,0.0000,0.0000,0.0321,0.0000,200,0.0642
0.0241,0.0000,0.0000,0.0000,0.0240,0.0000,200,0.0728
0.0095,0.0000,0.0000,0.0000,0.0093,0.0001,200,0.0879
0.0093,0.0000,0.0000,0.0000,0.0092,0.0001,200,0.0886
0.0110,0.0000,0.0000,0.0000,0.0109,0.0000,200,0.0877
0.0176,0.0000,0.0000,0.0000,0.0171,0.0004,200,0.0811
0.0154,0.0000,0.0000,0.0000,0.0153,0.0000,200,0.0839
0.0233,0.0000,0.0000,0.0000,0.0232,0.0000,200,0.0764
0.0181,0.0000,0.0000,0.0000,0.0180,0.0000,200,0.0815
0.0168,0.0000,0.0000,0.0000,0.0167,0.0001,200,0.0834
0.0049,0.0000,0.0000,0.0001,0.0047,0.0001,200,0.0960
0.0165,0.0000,0.0000,0.0000,0.0164,0.0000,200,0.0844
0.0049,0.0000,0.0000,0.0000,0.0049,0.0000,200,0.0966
0.0077,0.0000,0.0000,0.0000,0.0076,0.0000,200,0.0962
0.0196,0.0000,0.0000,0.0000,0.0195,0.0000,200,0.0844
0.0076,0.0000,0.0000,0.0000,0.0075,0.0000,200,0.0964
0.0038,0.0000,0.0000,0.0000,0.0037,0.0000,200,0.1002
0.0179,0.0000,0.0000,0.0001,0.0176,0.0000,200,0.0862
0.0136,0.0000,0.0000,0.0000,0.0131,0.0000,200,0.0904
0.0076,0.0000,0.0000,0.0000,0.0075,0.0000,200,0.0965
0.0249,0.0000,0.0000,0.0000,0.0248,0.0000,200,0.0797
0.0221,0.0000,0.0000,0.0000,0.0219,0.0000,200,0.0828
0.0086,0.0000,0.0000,0.0000,0.0084,0.0001,200,0.0969
0.0162,0.0000,0.0000,0.0000,0.0160,0.0002,200,0.0900
0.0297,0.0000,0.0000,0.0000,0.0297,0.0000,200,0.0766
0.0345,0.0000,0.0000,0.0000,0.0343,0.0000,200,0.0719
0.0233,0.0000,0.0000,0.0000,0.0232,0.0001,200,0.0834
0.0220,0.0000,0.0000,0.0000,0.0219,0.0000,200,0.0849
0.0148,0.0000,0.0000,0.0003,0.0126,0.0002,200,0.0927
0.0119,0.0000,0.0000,0.0000,0.0118,0.0000,200,0.0962
0.0045,0.0000,0.0000,0.0000,0.0044,0.0001,200,0.1039
0.0165,0.0000,0.0000,0.0040,0.0123,0.0001,200,0.0927
0.0430,0.0000,0.0000,0.0000,0.0429,0.0001,200,0.0666
0.0363,0.0000,0.0000,0.0000,0.0361,0.0000,200,0.0736
0.0041,0.0000,0.0000,0.0000,0.0040,0.0000,200,0.1063
0.0067,0.0000,0.0000,0.0000,0.0066,0.0000,200,0.1040
0.0398,0.0000,0.0000,0.0000,0.0397,0.0001,200,0.0713
0.0125,0.0000,0.0000,0.0000,0.0124,0.0000,200,0.0993
0.0131,0.0000,0.0000,0.0000,0.0128,0.0003,200,0.0987
0.0019,0.0000,0.0000,0.0000,0.0018,0.0000,200,0.1104
0.0028,0.0000,0.0000,0.0000,0.0028,0.0000,200,0.1099
0.0168,0.0000,0.0000,0.0001,0.0167,0.0000,200,0.0963
0.0061,0.0000,0.0000,0.0000,0.0060,0.0000,200,0.1075
0.0199,0.0000,0.0000,0.0004,0.0191,0.0003,200,0.0939
0.0076,0.0000,0.0000,0.0000,0.0075,0.0000,200,0.1069
0.0099,0.0000,0.0000,0.0000,0.0098,0.0000,200,0.1046
0.0277,0.0000,0.0000,0.0007,0.0270,0.0000,200,0.0872
0.0110,0.0000,0.0000,0.0000,0.0110,0.0000,200,0.1041
0.0179,0.0000,0.0000,0.0003,0.0175,0.0000,200,0.0979
0.0196,0.0000,0.0000,0.0000,0.0195,0.0000,200,0.0965
0.0120,0.0000,0.0000,0.0000,0.0120,0.0000,200,0.1040
0.0027,0.0000,0.0000,0.0000,0.0021,0.0006,200,0.1145
0.0045,0.0000,0.0000,0.0000,0.0044,0.0000,200,0.1128
0.0249,0.0000,0.0000,0.0000,0.0249,0.0000,200,0.0923
0.0108,0.0000,0.0000,0.0000,0.0105,0.0002,200,0.1067
0.0218,0.0000,0.0000,0.0000,0.0217,0.0000,200,0.0961
0.0034,0.0000,0.0000,0.0000,0.0033,0.0000,200,0.1150
0.0262,0.0000,0.0000,0.0000,0.0260,0.0001,200,0.0923
0.0175,0.0000,0.0000,0.0000,0.0174,0.0001,200,0.1016
0.0183,0.0000,0.0000,0.0000,0.0181,0.0002,200,0.1009
0.0537,0.0000,0.0000,0.0001,0.0535,0.0000,200,0.0661
0.0285,0.0000,0.0000,0.0000,0.0279,0.0004,200,0.0921
0.0083,0.0000,0.0000,0.0000,0.0081,0.0000,200,0.1123
0.0069,0.0000,0.0000,0.0000,0.0066,0.0003,200,0.1145
0.0042,0.0000,0.0000,0.0000,0.0037,0.0004,200,0.1173
0.0016,0.0000,0.0000,0.0000,0.0016,0.0000,200,0.1198
0.0157,0.0000,0.0000,0.0000,0.0153,0.0000,200,0.1063
0.0616,0.0000,0.0000,0.0000,0.0615,0.0000,200,0.0610
0.0035,0.0000,0.0000,0.0000,0.0033,0.0001,200,0.1193
0.0188,0.0000,0.0000,0.0000,0.0186,0.0001,200,0.1040
0.0116,0.0000,0.0000,0.0000,0.0115,0.0000,200,0.1117
0.0237,0.0000,0.0000,0.0000,0.0237,0.0000,200,0.0996
0.0082,0.0000,0.0000,0.0000,0.0081,0.0001,200,0.1161
0.0038,0.0000,0.0000,0.0000,0.0036,0.0002,200,0.1206
0.0317,0.0000,0.0000,0.0004,0.0311,0.0001,200,0.0932
0.0451,0.0000,0.0000,0.0000,0.0449,0.0001,200,0.0801
0.0351,0.0000,0.0000,0.0000,0.0332,0.0000,200,0.0902
0.0030,0.0000,0.0000,0.0000,0.0029,0.0000,200,0.1227
0.0223,0.0000,0.0000,0.0000,0.0222,0.0001,200,0.1040
0.0029,0.0000,0.0000,0.0000,0.0028,0.0000,200,0.1234
0.0042,0.0000,0.0000,0.0000,0.0041,0.0000,200,0.1227
0.0088,0.0000,0.0000,0.0000,0.0087,0.0000,200,0.1184
0.0061,0.0000,0.0000,0.0001,0.0058,0.0001,200,0.1214
0.0039,0.0000,0.0000,0.0001,0.0036,0.0001,200,0.1244
0.0235,0.0000,0.0000,0.0000,0.0234,0.0000,200,0.1050
0.0293,0.0000,0.0000,0.0000,0.0292,0.0000,200,0.0997
0.0112,0.0000,0.0000,0.0000,0.0110,0.0001,200,0.1184
0.0105,0.0000,0.0000,0.0000,0.0105,0.0000,200,0.1190
0.0052,0.0000,0.0000,0.0000,0.0047,0.0004,200,0.1249
0.0143,0.0000,0.0000,0.0000,0.0142,0.0001,200,0.1158
0.0020,0.0000,0.0000,0.0000,0.0019,0.0000,200,0.1289
0.0228,0.0000,0.0000,0.0000,0.0228,0.0000,200,0.1084
0.0205,0.0000,0.0000,0.0000,0.0201,0.0004,200,0.1109
0.0107,0.0000,0.0000,0.0000,0.0106,0.0000,200,0.1214
0.0188,0.0000,0.0000,0.0000,0.0185,0.0003,200,0.1138
0.0251,0.0000,0.0000,0.0000,0.0248,0.0002,200,0.1082
0.0131,0.0000,0.0000,0.0000,0.0130,0.0001,200,0.1206
0.0275,0.0000,0.0000,0.0000,0.0274,0.0000,200,0.1063
0.0109,0.0000,0.0000,0.0000,0.0108,0.0001,200,0.1234
0.0228,0.0000,0.0000,0.0000,0.0227,0.0001,200,0.1118
0.0343,0.0000,0.0000,0.0000,0.0341,0.0002,200,0.1010
0.0014,0.0000,0.0000,0.0000,0.0013,0.0000,200,0.1339
0.0024,0.0000,0.0000,0.0000,0.0019,0.0000,200,0.1333
0.0117,0.0000,0.0000,0.0000,0.0113,0.0002,200,0.1243
0.0059,0.0000,0.0000,0.0002,0.0057,0.0000,200,0.1301
0.0048,0.0000,0.0000,0.0000,0.0047,0.0000,200,0.1326
0.0244,0.0000,0.0000,0.0000,0.0244,0.0000,200,0.1131
0.0038,0.0000,0.0000,0.0000,0.0038,0.0000,200,0.1338
0.0198,0.0000,0.0000,0.0000,0.0197,0.0000,200,0.1180
0.0120,0.0000,0.0000,0.0001,0.0119,0.0000,200,0.1262
0.0040,0.0000,0.0000,0.0001,0.0038,0.0001,200,0.1343
0.0037,0.0000,0.0000,0.0000,0.0033,0.0004,200,0.1347
0.0293,0.0000,0.0000,0.0000,0.0292,0.0000,200,0.1096
0.0160,0.0000,0.0000,0.0000,0.0160,0.0000,200,0.1229
0.0070,0.0000,0.0000,0.0000,0.0070,0.0000,200,0.1321
0.0146,0.0000,0.0000,0.0000,0.0146,0.0000,200,0.1253
0.0413,0.0000,0.0000,0.0000,0.0412,0.0000,200,0.0987
0.0020,0.0000,0.0000,0.0000,0.0019,0.0001,200,0.1383
0.0256,0.0000,0.0000,0.0000,0.0254,0.0002,200,0.1151
0.0146,0.0000,0.0000,0.0000,0.0145,0.0000,200,0.1269
0.0361,0.0000,0.0000,0.0000,0.0356,0.0004,200,0.1055
0.0033,0.0000,0.0000,0.0000,0.0033,0.0000,200,0.1383
0.0160,0.0000,0.0000,0.0000,0.0157,0.0002,200,0.1263
0.0214,0.0000,0.0000,0.0000,0.0209,0.0003,200,0.1213
0.0075,0.0000,0.0000,0.0000,0.0074,0.0000,200,0.1352
0.0343,0.0000,0.0000,0.0000,0.0341,0.0001,200,0.1091
0.0078,0.0000,0.0000,0.0000,0.0078,0.0000,200,0.1357
0.0046,0.0000,0.0000,0.0001,0.0044,0.0001,200,0.1392
0.0027,0.0000,0.0000,0.0000,0.0026,0.0001,200,0.1415
0.0174,0.0000,0.0000,0.0000,0.0173,0.0000,200,0.1273
0.0164,0.0000,0.0000,0.0000,0.0163,0.0000,200,0.1285
0.0557,0.0000,0.0000,0.0000,0.0554,0.0002,200,0.0894
0.0098,0.0000,0.0000,0.0003,0.0094,0.0000,200,0.1360
0.0023,0.0000,0.0000,0.0001,0.0022,0.0001,200,0.1438
0.0153,0.0000,0.0000,0.0002,0.0145,0.0004,200,0.1313
0.0674,0.0000,0.0000,0.0000,0.0672,0.0001,200,0.0794
0.0033,0.0000,0.0000,0.0001,0.0031,0.0000,200,0.1435
0.0070,0.0000,0.0000,0.0000,0.0067,0.0002,200,0.1403
0.0049,0.0000,0.0000,0.0000,0.0048,0.0000,200,0.1427
0.0080,0.0000,0.0000,0.0000,0.0079,0.0000,200,0.1400
0.0189,0.0000,0.0000,0.0000,0.0187,0.0001,200,0.1295
0.0322,0.0000,0.0000,0.0001,0.0320,0.0001,200,0.1173
0.0030,0.0000,0.0000,0.0000,0.0029,0.0000,200,0.1465
0.0335,0.0000,0.0000,0.0000,0.0335,0.0000,200,0.1161
0.0836,0.0000,0.0000,0.0000,0.0835,0.0000,200,0.0666
0.0030,0.0000,0.0000,0.0000,0.0029,0.0000,200,0.1477
0.0086,0.0000,0.0000,0.0001,0.0084,0.0001,200,0.1423
0.0070,0.0000,0.0000,0.0000,0.0069,0.0001,200,0.1442
0.0118,0.0000,0.0000,0.0001,0.0116,0.0000,200,0.1399
0.0105,0.0000,0.0000,0.0000,0.0104,0.0000,200,0.1416
0.0139,0.0000,0.0000,0.0000,0.0137,0.0001,200,0.1383
0.0411,0.0000,0.0000,0.0000,0.0410,0.0000,200,0.1111
0.0842,0.0000,0.0000,0.0000,0.0841,0.0001,200,0.0688
0.0216,0.0000,0.0000,0.0000,0.0214,0.0001,200,0.1314
0.0025,0.0000,0.0000,0.0000,0.0024,0.0000,200,0.1507
0.0120,0.0000,0.0000,0.0000,0.0120,0.0000,200,0.1416
0.0259,0.0000,0.0000,0.0004,0.0252,0.0001,200,0.1284
0.0025,0.0000,0.0000,0.0000,0.0024,0.0000,200,0.1518
0.0059,0.0000,0.0000,0.0000,0.0051,0.0007,200,0.1496
0.0035,0.0000,0.0000,0.0000,0.0034,0.0000,200,0.1521
0.0149,0.0000,0.0000,0.0000,0.0149,0.0000,200,0.1407
0.0283,0.0000,0.0000,0.0000,0.0282,0.0001,200,0.1275
0.0029,0.0000,0.0000,0.0000,0.0028,0.0000,200,0.1530
0.0211,0.0000,0.0000,0.0000,0.0210,0.0001,200,0.1352
0.0087,0.0000,0.0000,0.0000,0.0086,0.0000,200,0.1480
0.0395,0.0000,0.0000,0.0000,0.0395,0.0000,200,0.1172
0.0198,0.0000,0.0000,0.0000,0.0196,0.0000,200,0.1377
0.0188,0.0000,0.0000,0.0000,0.0187,0.0001,200,0.1389
0.0850,0.0000,0.0000,0.0000,0.0849,0.0000,200,0.0730
0.0029,0.0000,0.0000,0.0000,0.0028,0.0000,200,0.1555
0.0228,0.0000,0.0000,0.0000,0.0226,0.0001,200,0.1360
0.0335,0.0000,0.0000,0.0000,0.0334,0.0001,200,0.1257
0.0129,0.0000,0.0000,0.0000,0.0127,0.0001,200,0.1468
0.0621,0.0000,0.0000,0.0001,0.0619,0.0000,200,0.0978
0.0044,0.0000,0.0000,0.0000,0.0043,0.0001,200,0.1557
0.0294,0.0000,0.0000,0.0000,0.0290,0.0001,200,0.1309
0.0051,0.0000,0.0000,0.0000,0.0050,0.0000,200,0.1555
0.0033,0.0000,0.0000,0.0000,0.0032,0.0000,200,0.1580
0.0189,0.0000,0.0000,0.0000,0.0188,0.0000,200,0.1428
0.0242,0.0000,0.0000,0.0001,0.0241,0.0000,200,0.1376
0.0156,0.0000,0.0000,0.0000,0.0153,0.0002,200,0.1468
0.0051,0.0000,0.0000,0.0000,0.0050,0.0000,200,0.1578
0.0059,0.0000,0.0000,0.0000,0.0058,0.0000,200,0.1575
0.0042,0.0000,0.0000,0.0000,0.0041,0.0000,200,0.1600
0.0051,0.0000,0.0000,0.0000,0.0044,0.0006,200,0.1592
0.0212,0.0000,0.0000,0.0001,0.0211,0.0000,200,0.1434
0.0065,0.0000,0.0000,0.0000,0.0064,0.0000,200,0.1588
0.0038,0.0000,0.0000,0.0000,0.0036,0.0002,200,0.1617
0.0036,0.0000,0.0000,0.0000,0.0035,0.0001,200,0.1624
0.0139,0.0000,0.0000,0.0000,0.0139,0.0001,200,0.1523
0.0083,0.0000,0.0000,0.0000,0.0080,0.0003,200,0.1584
0.0172,0.0000,0.0000,0.0000,0.0168,0.0003,200,0.1501
0.0179,0.0000,0.0000,0.0000,0.0178,0.0000,200,0.1494
0.0543,0.0000,0.0000,0.0000,0.0542,0.0001,200,0.1136
0.0388,0.0000,0.0000,0.0000,0.0387,0.0001,200,0.1296
0.0176,0.0000,0.0000,0.0000,0.0172,0.0003,200,0.1508
0.0472,0.0000,0.0000,0.0000,0.0470,0.0001,200,0.1219
0.0019,0.0000,0.0000,0.0000,0.0019,0.0000,200,0.1673
0.0053,0.0000,0.0000,0.0000,0.0052,0.0001,200,0.1642
0.0023,0.0000,0.0000,0.0000,0.0022,0.0001,200,0.1679
0.0105,0.0000,0.0000,0.0000,0.0104,0.0000,200,0.1599
0.0249,0.0000,0.0000,0.0004,0.0244,0.0001,200,0.1461
0.0010,0.0000,0.0000,0.0000,0.0009,0.0001,200,0.1704
0.0271,0.0000,0.0000,0.0000,0.0270,0.0000,200,0.1450
0.0065,0.0000,0.0000,0.0000,0.0064,0.0000,200,0.1656
0.0169,0.0000,0.0000,0.0000,0.0168,0.0000,200,0.1558
0.0030,0.0000,0.0000,0.0000,0.0029,0.0000,200,0.1702
0.0261,0.0000,0.0000,0.0000,0.0260,0.0000,200,0.1473
0.0442,0.0000,0.0000,0.0003,0.0436,0.0000,200,0.1301
0.0022,0.0000,0.0000,0.0000,0.0020,0.0002,200,0.1721
0.0132,0.0000,0.0000,0.0000,0.0132,0.0000,200,0.1617
0.0360,0.0000,0.0000,0.0000,0.0356,0.0003,200,0.1389
0.0296,0.0000,0.0000,0.0000,0.0294,0.0001,200,0.1458
0.0158,0.0000,0.0000,0.0000,0.0158,0.0000,200,0.1596
0.0152,0.0000,0.0000,0.0000,0.0151,0.0000,200,0.1607
0.0103,0.0000,0.0000,0.0000,0.0101,0.0001,200,0.1660
0.0238,0.0000,0.0000,0.0001,0.0236,0.0001,200,0.1530
0.0015,0.0000,0.0000,0.0000,0.0010,0.0004,200,0.1755
0.0211,0.0000,0.0000,0.0000,0.0211,0.0000,200,0.1559
0.0022,0.0000,0.0000,0.0000,0.0021,0.0001,200,0.1753
0.0257,0.0000,0.0000,0.0000,0.0256,0.0001,200,0.1522
0.0040,0.0000,0.0000,0.0000,0.0039,0.0000,200,0.1743
0.0160,0.0000,0.0000,0.0000,0.0158,0.0000,200,0.1629
0.0138,0.0000,0.0000,0.0000,0.0137,0.0001,200,0.1653
0.0100,0.0000,0.0000,0.0000,0.0099,0.0001,200,0.1696
0.0193,0.0000,0.0000,0.0000,0.0192,0.0000,200,0.1603
0.0289,0.0000,0.0000,0.0000,0.0288,0.0001,200,0.1512
0.0311,0.0000,0.0000,0.0000,0.0310,0.0001,200,0.1495
0.0265,0.0000,0.0000,0.0001,0.0263,0.0001,200,0.1543
0.0437,0.0000,0.0000,0.0000,0.0435,0.0001,200,0.1375
0.0054,0.0000,0.0000,0.0000,0.0050,0.0001,200,0.1763
0.0045,0.0000,0.0000,0.0000,0.0043,0.0002,200,0.1775
0.0285,0.0000,0.0000,0.0000,0.0285,0.0001,200,0.1536
0.0057,0.0000,0.0000,0.0000,0.0056,0.0001,200,0.1770
0.0052,0.0000,0.0000,0.0003,0.0047,0.0001,200,0.1779
0.0087,0.0000,0.0000,0.0000,0.0085,0.0002,200,0.1749
0.0048,0.0000,0.0000,0.0000,0.0047,0.0001,200,0.1791
0.0157,0.0000,0.0000,0.0001,0.0155,0.0001,200,0.1691
0.0164,0.0000,0.0000,0.0000,0.0163,0.0000,200,0.1684
0.0288,0.0000,0.0000,0.0000,0.0283,0.0004,200,0.1564
0.0016,0.0000,0.0000,0.0000,0.0015,0.0001,200,0.1836
0.0194,0.0000,0.0000,0.0004,0.0189,0.0000,200,0.1662
0.0063,0.0000,0.0000,0.0000,0.0062,0.0000,200,0.1796
0.0180,0.0000,0.0000,0.0000,0.0179,0.0001,200,0.1684
0.0222,0.0000,0.0000,0.0000,0.0221,0.0001,200,0.1647
0.0139,0.0000,0.0000,0.0000,0.0138,0.0001,200,0.1732
0.0105,0.0000,0.0000,0.0000,0.0105,0.0000,200,0.1768
0.0112,0.0000,0.0000,0.0001,0.0111,0.0000,200,0.1769
0.0510,0.0000,0.0000,0.0000,0.0506,0.0003,200,0.1374
0.0036,0.0000,0.0000,0.0000,0.0035,0.0000,200,0.1848
0.0064,0.0000,0.0000,0.0000,0.0063,0.0000,200,0.1827
0.0056,0.0000,0.0000,0.0000,0.0055,0.0000,200,0.1839
0.0103,0.0000,0.0000,0.0000,0.0101,0.0002,200,0.1796
0.0257,0.0000,0.0000,0.0000,0.0257,0.0000,200,0.1642
0.0727,0.0000,0.0000,0.0000,0.0727,0.0000,200,0.1175
0.0035,0.0000,0.0000,0.0000,0.0034,0.0000,200,0.1874
0.0105,0.0000,0.0000,0.0000,0.0104,0.0000,200,0.1812
0.0111,0.0000,0.0000,0.0000,0.0110,0.0000,200,0.1806
0.0099,0.0000,0.0000,0.0000,0.0098,0.0000,200,0.1820
0.0137,0.0000,0.0000,0.0000,0.0135,0.0000,200,0.1783
0.0039,0.0000,0.0000,0.0000,0.0038,0.0001,200,0.1881
0.0045,0.0000,0.0000,0.0000,0.0045,0.0001,200,0.1884
0.0261,0.0000,0.0000,0.0000,0.0259,0.0001,200,0.1673
0.0082,0.0000,0.0000,0.0000,0.0081,0.0000,200,0.1852
0.0020,0.0000,0.0000,0.0000,0.0018,0.0000,200,0.1920
0.0012,0.0000,0.0000,0.0000,0.0011,0.0000,200,0.1934
0.0027,0.0000,0.0000,0.0000,0.0022,0.0004,200,0.1919
0.0015,0.0000,0.0000,0.0000,0.0015,0.0001,200,0.1934
0.0289,0.0000,0.0000,0.0000,0.0288,0.0000,200,0.1667
0.0152,0.0000,0.0000,0.0000,0.0151,0.0000,200,0.1808
0.0326,0.0000,0.0000,0.0000,0.0325,0.0000,200,0.1634
0.0134,0.0000,0.0000,0.0000,0.0133,0.0000,200,0.1830
0.0398,0.0000,0.0000,0.0000,0.0397,0.0000,200,0.1568
0.0123,0.0000,0.0000,0.0000,0.0122,0.0001,200,0.1848
0.0242,0.0000,0.0000,0.0000,0.0241,0.0000,200,0.1734
0.0168,0.0000,0.0000,0.0000,0.0163,0.0004,200,0.1817
0.0271,0.0000,0.0000,0.0000,0.0270,0.0001,200,0.1714
0.0071,0.0000,0.0000,0.0000,0.0069,0.0001,200,0.1920
0.0205,0.0000,0.0000,0.0000,0.0204,0.0000,200,0.1789
0.0081,0.0000,0.0000,0.0000,0.0080,0.0001,200,0.1917
0.0058,0.0000,0.0000,0.0000,0.0057,0.0000,200,0.1946
0.0472,0.0000,0.0000,0.0000,0.0471,0.0000,200,0.1532
0.0108,0.0000,0.0000,0.0000,0.0107,0.0001,200,0.1903
0.0114,0.0000,0.0000,0.0002,0.0111,0.0001,200,0.1900
0.0766,0.0000,0.0000,0.0001,0.0764,0.0001,200,0.1252
0.0285,0.0000,0.0000,0.0001,0.0282,0.0000,200,0.1743
0.0074,0.0000,0.0000,0.0000,0.0067,0.0007,200,0.1956
0.0149,0.0000,0.0000,0.0001,0.0146,0.0002,200,0.1884
0.0334,0.0000,0.0000,0.0001,0.0320,0.0011,200,0.1710
0.0243,0.0000,0.0000,0.0000,0.0237,0.0005,200,0.1802
0.0086,0.0000,0.0000,0.0000,0.0082,0.0003,200,0.1960
0.0076,0.0000,0.0000,0.0000,0.0075,0.0000,200,0.1985
0.0058,0.0000,0.0000,0.0000,0.0057,0.0001,200,0.2004
0.0133,0.0000,0.0000,0.0002,0.0130,0.0000,200,0.1930
0.0052,0.0000,0.0000,0.0000,0.0033,0.0019,200,0.2011
0.0099,0.0000,0.0000,0.0000,0.0080,0.0019,200,0.1965
0.0165,0.0000,0.0000,0.0001,0.0163,0.0001,200,0.1899
0.0308,0.0000,0.0000,0.0000,0.0259,0.0049,200,0.1759
0.0206,0.0000,0.0000,0.0000,0.0205,0.0000,200,0.1864
0.0083,0.0000,0.0000,0.0000,0.0082,0.0001,200,0.1994
0.0259,0.0000,0.0000,0.0000,0.0258,0.0001,200,0.1822
0.0339,0.0000,0.0000,0.0000,0.0335,0.0004,200,0.1749
0.0397,0.0000,0.0000,0.0000,0.0396,0.0001,200,0.1693
0.0525,0.0000,0.0000,0.0001,0.0524,0.0000,200,0.1567
0.0181,0.0000,0.0000,0.0000,0.0179,0.0001,200,0.1917
0.0243,0.0000,0.0000,0.0000,0.0241,0.0001,200,0.1855
0.0040,0.0000,0.0000,0.0000,0.0037,0.0003,200,0.2064
0.0215,0.0000,0.0000,0.0000,0.0214,0.0001,200,0.1891
0.0035,0.0000,0.0000,0.0000,0.0031,0.0000,200,0.2076
0.0266,0.0000,0.0000,0.0000,0.0257,0.0009,200,0.1858
0.0154,0.0000,0.0000,0.0000,0.0152,0.0000,200,0.1971
0.0257,0.0000,0.0000,0.0000,0.0252,0.0000,200,0.1868
0.0180,0.0000,0.0000,0.0000,0.0179,0.0000,200,0.1946
0.0278,0.0000,0.0000,0.0006,0.0270,0.0001,200,0.1852
0.0065,0.0000,0.0000,0.0000,0.0061,0.0000,200,0.2069
0.0043,0.0000,0.0000,0.0000,0.0042,0.0001,200,0.2098
0.0054,0.0000,0.0000,0.0000,0.0053,0.0000,200,0.2090
0.0190,0.0000,0.0000,0.0000,0.0189,0.0000,200,0.1960
0.0090,0.0000,0.0000,0.0000,0.0087,0.0002,200,0.2062
0.0032,0.0000,0.0000,0.0000,0.0032,0.0000,200,0.2125
0.0179,0.0000,0.0000,0.0000,0.0177,0.0002,200,0.1985
0.0197,0.0000,0.0000,0.0000,0.0196,0.0000,200,0.1976
0.0561,0.0000,0.0000,0.0000,0.0560,0.0000,200,0.1613
0.0158,0.0000,0.0000,0.0000,0.0149,0.0000,200,0.2018
0.0049,0.0000,0.0000,0.0000,0.0046,0.0002,200,0.2128
0.0122,0.0000,0.0000,0.0000,0.0119,0.0001,200,0.2062
0.0194,0.0000,0.0000,0.0001,0.0191,0.0001,200,0.1998
0.0034,0.0000,0.0000,0.0000,0.0032,0.0002,200,0.2158
0.0041,0.0000,0.0000,0.0000,0.0038,0.0001,200,0.2152
0.0153,0.0000,0.0000,0.0003,0.0149,0.0000,200,0.2045
0.0017,0.0000,0.0000,0.0000,0.0016,0.0000,200,0.2183
0.0029,0.0000,0.0000,0.0000,0.0028,0.0000,200,0.2177
0.0084,0.0000,0.0000,0.0002,0.0081,0.0000,200,0.2125
0.0042,0.0000,0.0000,0.0000,0.0042,0.0001,200,0.2174
0.0079,0.0000,0.0000,0.0000,0.0076,0.0002,200,0.2144
0.0087,0.0000,0.0000,0.0000,0.0084,0.0000,200,0.2141
0.0163,0.0000,0.0000,0.0000,0.0162,0.0002,200,0.2064
0.0023,0.0000,0.0000,0.0000,0.0022,0.0000,200,0.2208
0.0287,0.0000,0.0000,0.0000,0.0287,0.0000,200,0.1950
0.0180,0.0000,0.0000,0.0000,0.0179,0.0001,200,0.2062
0.0051,0.0000,0.0000,0.0000,0.0050,0.0001,200,0.2193
0.0222,0.0000,0.0000,0.0007,0.0207,0.0003,200,0.2028
0.0124,0.0000,0.0000,0.0000,0.0124,0.0000,200,0.2126
0.0108,0.0000,0.0000,0.0000,0.0107,0.0001,200,0.2150
0.0067,0.0000,0.0000,0.0001,0.0066,0.0000,200,0.2192
0.0161,0.0000,0.0000,0.0000,0.0157,0.0002,200,0.2106
0.0280,0.0000,0.0000,0.0000,0.0279,0.0001,200,0.1990
0.0164,0.0000,0.0000,0.0000,0.0163,0.0001,200,0.2111
0.0036,0.0000,0.0000,0.0000,0.0035,0.0001,200,0.2244
0.0124,0.0000,0.0000,0.0000,0.0123,0.0000,200,0.2165
0.0211,0.0000,0.0000,0.0000,0.0210,0.0001,200,0.2081
0.0056,0.0000,0.0000,0.0000,0.0055,0.0000,200,0.2237
0.0018,0.0000,0.0000,0.0000,0.0017,0.0000,200,0.2280
0.0253,0.0000,0.0000,0.0016,0.0236,0.0000,200,0.2047
0.0367,0.0000,0.0000,0.0000,0.0365,0.0001,200,0.1940
0.0131,0.0000,0.0000,0.0000,0.0131,0.0000,200,0.2177
0.0042,0.0000,0.0000,0.0001,0.0041,0.0000,200,0.2267
0.0088,0.0000,0.0000,0.0000,0.0086,0.0001,200,0.2227
0.0046,0.0000,0.0000,0.0000,0.0045,0.0001,200,0.2275
0.0317,0.0000,0.0000,0.0000,0.0317,0.0000,200,0.2004
0.0601,0.0000,0.0000,0.0000,0.0599,0.0001,200,0.1727
0.0301,0.0000,0.0000,0.0006,0.0295,0.0001,200,0.2032
0.0108,0.0000,0.0000,0.0001,0.0107,0.0001,200,0.2231
0.0215,0.0000,0.0000,0.0000,0.0214,0.0000,200,0.2129
0.0046,0.0000,0.0000,0.0000,0.0043,0.0000,200,0.2298
0.0900,0.0000,0.0000,0.0005,0.0893,0.0002,200,0.1449
0.0065,0.0000,0.0000,0.0000,0.0064,0.0001,200,0.2292
0.0168,0.0000,0.0000,0.0001,0.0167,0.0001,200,0.2192
0.0262,0.0000,0.0000,0.0000,0.0261,0.0000,200,0.2104
0.0273,0.0000,0.0000,0.0001,0.0270,0.0002,200,0.2098
0.0505,0.0000,0.0000,0.0000,0.0502,0.0002,200,0.1871
0.0017,0.0000,0.0000,0.0000,0.0016,0.0000,200,0.2360
0.1420,0.0000,0.0000,0.0000,0.1419,0.0001,200,0.0965
0.0037,0.0000,0.0000,0.0000,0.0032,0.0002,200,0.2349
0.0428,0.0000,0.0000,0.0000,0.0427,0.0001,200,0.1964
0.0039,0.0000,0.0000,0.0000,0.0037,0.0001,200,0.2357
0.0041,0.0000,0.0000,0.0000,0.0040,0.0001,200,0.2366
0.0275,0.0000,0.0000,0.0000,0.0275,0.0000,200,0.2134
0.0045,0.0000,0.0000,0.0000,0.0044,0.0001,200,0.2377
0.0058,0.0000,0.0000,0.0003,0.0054,0.0001,200,0.2385
0.0246,0.0000,0.0000,0.0000,0.0244,0.0000,200,0.2206
0.1036,0.0000,0.0000,0.0001,0.1034,0.0000,200,0.1447
0.0143,0.0000,0.0000,0.0000,0.0143,0.0000,200,0.2340
0.1444,0.0000,0.0000,0.0000,0.1444,0.0000,200,0.1039
0.0088,0.0000,0.0000,0.0000,0.0087,0.0000,200,0.2396
0.0421,0.0000,0.0000,0.0000,0.0420,0.0000,200,0.2063
0.0170,0.0000,0.0000,0.0000,0.0169,0.0000,200,0.2315
0.0322,0.0000,0.0000,0.0000,0.0319,0.0002,200,0.2173
0.0602,0.0000,0.0000,0.0000,0.0600,0.0001,200,0.1895
0.0022,0.0000,0.0000,0.0000,0.0021,0.0001,200,0.2484
0.0292,0.0000,0.0000,0.0000,0.0292,0.0001,200,0.2216
0.0033,0.0000,0.0000,0.0000,0.0032,0.0001,200,0.2484
0.0187,0.0000,0.0000,0.0000,0.0187,0.0000,200,0.2333
0.0234,0.0000,0.0000,0.0000,0.0233,0.0001,200,0.2293
0.0158,0.0000,0.0000,0.0000,0.0157,0.0001,200,0.2377
0.0217,0.0000,0.0000,0.0000,0.0216,0.0001,200,0.2321
0.0320,0.0000,0.0000,0.0000,0.0319,0.0001,200,0.2222
0.0063,0.0000,0.0000,0.0000,0.0062,0.0000,200,0.2485
0.0462,0.0000,0.0000,0.0000,0.0461,0.0001,200,0.2092
0.0660,0.0000,0.0000,0.0000,0.0653,0.0007,200,0.1908
0.0074,0.0000,0.0000,0.0001,0.0072,0.0000,200,0.2495
0.0269,0.0000,0.0000,0.0007,0.0261,0.0000,200,0.2307
0.0330,0.0000,0.0000,0.0000,0.0330,0.0000,200,0.2250
0.0273,0.0000,0.0000,0.0000,0.0271,0.0002,200,0.2309
0.0057,0.0000,0.0000,0.0000,0.0056,0.0001,200,0.2534
0.0071,0.0000,0.0000,0.0001,0.0070,0.0001,200,0.2521
0.0372,0.0000,0.0000,0.0001,0.0371,0.0001,200,0.2228
0.0276,0.0000,0.0000,0.0000,0.0275,0.0001,200,0.2327
0.0263,0.0000,0.0000,0.0000,0.0262,0.0000,200,0.2344
0.0362,0.0000,0.0000,0.0000,0.0360,0.0002,200,0.2250
0.0223,0.0000,0.0000,0.0000,0.0219,0.0001,200,0.2393
0.0376,0.0000,0.0000,0.0000,0.0375,0.0000,200,0.2242
0.0574,0.0000,0.0000,0.0000,0.0556,0.0001,200,0.2045
0.0118,0.0000,0.0000,0.0001,0.0116,0.0001,200,0.2509
0.0049,0.0000,0.0000,0.0001,0.0048,0.0000,200,0.2581
0.0438,0.0000,0.0000,0.0000,0.0437,0.0000,200,0.2198
0.0095,0.0000,0.0000,0.0000,0.0093,0.0001,200,0.2543
0.0630,0.0000,0.0000,0.0000,0.0629,0.0000,200,0.2014
0.0056,0.0000,0.0000,0.0000,0.0053,0.0001,200,0.2592
0.0042,0.0000,0.0000,0.0000,0.0039,0.0000,200,0.2607
0.0583,0.0000,0.0000,0.0001,0.0581,0.0001,200,0.2070
0.0169,0.0000,0.0000,0.0000,0.0169,0.0000,200,0.2485
0.0175,0.0000,0.0000,0.0000,0.0172,0.0001,200,0.2483
0.0116,0.0000,0.0000,0.0000,0.0115,0.0000,200,0.2548
0.0021,0.0000,0.0000,0.0000,0.0020,0.0000,200,0.2647
0.0286,0.0000,0.0000,0.0001,0.0284,0.0001,200,0.2386
0.0377,0.0000,0.0000,0.0000,0.0376,0.0000,200,0.2301
0.0063,0.0000,0.0000,0.0000,0.0060,0.0001,200,0.2618
0.0265,0.0000,0.0000,0.0000,0.0264,0.0001,200,0.2422
0.0044,0.0000,0.0000,0.0001,0.0042,0.0001,200,0.2644
0.0386,0.0000,0.0000,0.0000,0.0385,0.0001,200,0.2308
0.0075,0.0000,0.0000,0.0000,0.0072,0.0002,200,0.2626
0.0152,0.0000,0.0000,0.0000,0.0151,0.0000,200,0.2555
0.0028,0.0000,0.0000,0.0000,0.0021,0.0005,200,0.2681
0.0023,0.0000,0.0000,0.0000,0.0022,0.0000,200,0.2687
0.0057,0.0000,0.0000,0.0001,0.0054,0.0001,200,0.2653
0.0022,0.0000,0.0000,0.0000,0.0020,0.0001,200,0.2694
0.0055,0.0000,0.0000,0.0000,0.0054,0.0000,200,0.2664
0.0216,0.0000,0.0000,0.0001,0.0214,0.0000,200,0.2506
0.0322,0.0000,0.0000,0.0000,0.0319,0.0002,200,0.2408
0.0463,0.0000,0.0000,0.0000,0.0461,0.0001,200,0.2271
0.0332,0.0000,0.0000,0.0000,0.0330,0.0000,200,0.2409
0.0166,0.0000,0.0000,0.0000,0.0165,0.0000,200,0.2576
0.0152,0.0000,0.0000,0.0000,0.0147,0.0005,200,0.2592
0.0223,0.0000,0.0000,0.0000,0.0221,0.0001,200,0.2527
0.0725,0.0000,0.0000,0.0004,0.0702,0.0005,200,0.2030
0.0012,0.0000,0.0000,0.0000,0.0010,0.0001,200,0.2744
0.0189,0.0000,0.0000,0.0000,0.0188,0.0001,200,0.2568
0.0476,0.0000,0.0000,0.0000,0.0475,0.0001,200,0.2288
0.1281,0.0000,0.0000,0.0000,0.1280,0.0000,200,0.1484
0.0320,0.0000,0.0000,0.0000,0.0318,0.0001,200,0.2452
0.0023,0.0000,0.0000,0.0000,0.0022,0.0001,200,0.2750
0.0156,0.0000,0.0000,0.0000,0.0154,0.0002,200,0.2618
0.0585,0.0000,0.0000,0.0000,0.0579,0.0005,200,0.2200
0.0270,0.0000,0.0000,0.0000,0.0268,0.0000,200,0.2517
0.0068,0.0000,0.0000,0.0002,0.0065,0.0000,200,0.2719
0.0016,0.0000,0.0000,0.0000,0.0015,0.0001,200,0.2774
0.0089,0.0000,0.0000,0.0002,0.0085,0.0002,200,0.2710
0.0029,0.0000,0.0000,0.0000,0.0027,0.0000,200,0.2772
0.1264,0.0000,0.0000,0.0000,0.1263,0.0000,200,0.1542
0.0104,0.0000,0.0000,0.0000,0.0102,0.0001,200,0.2707
0.0023,0.0000,0.0000,0.0000,0.0022,0.0001,200,0.2790
0.0018,0.0000,0.0000,0.0000,0.0013,0.0004,200,0.2801
0.0165,0.0000,0.0000,0.0002,0.0163,0.0000,200,0.2654
0.0152,0.0000,0.0000,0.0000,0.0151,0.0001,200,0.2672
0.0201,0.0000,0.0000,0.0000,0.0200,0.0000,200,0.2630
0.0337,0.0000,0.0000,0.0000,0.0336,0.0001,200,0.2496
0.0048,0.0000,0.0000,0.0000,0.0047,0.0000,200,0.2787
0.0021,0.0000,0.0000,0.0000,0.0019,0.0001,200,0.2819
0.0079,0.0000,0.0000,0.0000,0.0078,0.0000,200,0.2765
0.0500,0.0000,0.0000,0.0000,0.0497,0.0002,200,0.2344
0.0756,0.0000,0.0000,0.0000,0.0755,0.0000,200,0.2088
0.0241,0.0000,0.0000,0.0000,0.0240,0.0000,200,0.2612
0.0098,0.0000,0.0000,0.0000,0.0097,0.0000,200,0.2757
0.1135,0.0000,0.0000,0.0000,0.1134,0.0000,200,0.1721
0.0018,0.0000,0.0000,0.0001,0.0015,0.0002,200,0.2840
0.0065,0.0000,0.0000,0.0000,0.0063,0.0000,200,0.2799
0.0427,0.0000,0.0000,0.0000,0.0424,0.0001,200,0.2443
0.0254,0.0000,0.0000,0.0001,0.0252,0.0000,200,0.2616
0.0042,0.0000,0.0000,0.0000,0.0041,0.0001,200,0.2835
0.0025,0.0000,0.0000,0.0000,0.0024,0.0000,200,0.2855
0.0053,0.0000,0.0000,0.0001,0.0050,0.0001,200,0.2833
0.0023,0.0000,0.0000,0.0000,0.0022,0.0000,200,0.2870
0.0258,0.0000,0.0000,0.0000,0.0256,0.0000,200,0.2638
0.0237,0.0000,0.0000,0.0000,0.0236,0.0001,200,0.2658
0.0081,0.0000,0.0000,0.0000,0.0080,0.0000,200,0.2819
0.0270,0.0000,0.0000,0.0000,0.0269,0.0001,200,0.2635
0.0053,0.0000,0.0000,0.0000,0.0051,0.0001,200,0.2857
0.0312,0.0000,0.0000,0.0000,0.0311,0.0001,200,0.2600
0.0266,0.0000,0.0000,0.0001,0.0264,0.0000,200,0.2649
0.0159,0.0000,0.0000,0.0000,0.0158,0.0000,200,0.2755
0.0202,0.0000,0.0000,0.0000,0.0201,0.0000,200,0.2716
0.0061,0.0000,0.0000,0.0000,0.0060,0.0001,200,0.2864
0.0082,0.0000,0.0000,0.0000,0.0081,0.0000,200,0.2845
0.0033,0.0000,0.0000,0.0000,0.0032,0.0000,200,0.2895
0.0198,0.0000,0.0000,0.0000,0.0196,0.0001,200,0.2733
0.0024,0.0000,0.0000,0.0000,0.0023,0.0001,200,0.2914
0.0624,0.0000,0.0000,0.0002,0.0621,0.0000,200,0.2321
0.0049,0.0000,0.0000,0.0001,0.0047,0.0000,200,0.2900
0.0079,0.0000,0.0000,0.0000,0.0075,0.0004,200,0.2870
0.0034,0.0000,0.0000,0.0000,0.0030,0.0003,200,0.2918
0.0696,0.0000,0.0000,0.0000,0.0695,0.0001,200,0.2259
0.0420,0.0000,0.0000,0.0000,0.0418,0.0000,200,0.2538
0.0177,0.0000,0.0000,0.0000,0.0176,0.0001,200,0.2785
0.0018,0.0000,0.0000,0.0000,0.0017,0.0000,200,0.2949
0.0485,0.0000,0.0000,0.0000,0.0485,0.0001,200,0.2483
0.0131,0.0000,0.0000,0.0000,0.0129,0.0001,200,0.2844
0.0032,0.0000,0.0000,0.0000,0.0028,0.0000,200,0.2945
0.0239,0.0000,0.0000,0.0000,0.0239,0.0001,200,0.2741
0.0109,0.0000,0.0000,0.0000,0.0107,0.0000,200,0.2877
0.0111,0.0000,0.0000,0.0000,0.0110,0.0000,200,0.2880
0.0036,0.0000,0.0000,0.0000,0.0036,0.0000,200,0.2962
0.0143,0.0000,0.0000,0.0000,0.0142,0.0000,200,0.2856
0.0110,0.0000,0.0000,0.0000,0.0109,0.0001,200,0.2893
0.0298,0.0000,0.0000,0.0000,0.0297,0.0001,200,0.2708
0.0409,0.0000,0.0000,0.0000,0.0408,0.0001,200,0.2603
0.0272,0.0000,0.0000,0.0001,0.0269,0.0001,200,0.2742
0.0050,0.0000,0.0000,0.0000,0.0050,0.0000,200,0.2967
0.0296,0.0000,0.0000,0.0000,0.0296,0.0000,200,0.2721
0.0031,0.0000,0.0000,0.0000,0.0030,0.0001,200,0.2991
0.0015,0.0000,0.0000,0.0000,0.0014,0.0001,200,0.3012
0.0268,0.0000,0.0000,0.0000,0.0267,0.0001,200,0.2765
0.0138,0.0000,0.0000,0.0000,0.0136,0.0001,200,0.2896
0.0125,0.0000,0.0000,0.0000,0.0124,0.0001,200,0.2910
0.0134,0.0000,0.0000,0.0000,0.0133,0.0000,200,0.2905
0.0027,0.0000,0.0000,0.0000,0.0026,0.0000,200,0.3022
0.0052,0.0000,0.0000,0.0000,0.0051,0.0000,200,0.2998
0.0325,0.0000,0.0000,0.0000,0.0324,0.0000,200,0.2730
0.0226,0.0000,0.0000,0.0000,0.0226,0.0001,200,0.2831
0.0028,0.0000,0.0000,0.0000,0.0027,0.0001,200,0.3033
0.0016,0.0000,0.0000,0.0000,0.0015,0.0001,200,0.3050
0.0070,0.0000,0.0000,0.0000,0.0069,0.0000,200,0.2998
0.0045,0.0000,0.0000,0.0004,0.0040,0.0001,200,0.3027
0.0152,0.0000,0.0000,0.0000,0.0150,0.0000,200,0.2925
0.0275,0.0000,0.0000,0.0000,0.0274,0.0001,200,0.2806
0.0827,0.0000,0.0000,0.0000,0.0826,0.0000,200,0.2257
0.0398,0.0000,0.0000,0.0000,0.0397,0.0001,200,0.2689
0.0078,0.0000,0.0000,0.0000,0.0077,0.0001,200,0.3014
0.0089,0.0000,0.0000,0.0000,0.0088,0.0001,200,0.3006
0.0175,0.0000,0.0000,0.0000,0.0174,0.0000,200,0.2926
0.0425,0.0000,0.0000,0.0000,0.0424,0.0000,200,0.2678
0.0251,0.0000,0.0000,0.0000,0.0250,0.0001,200,0.2853
0.0160,0.0000,0.0000,0.0000,0.0155,0.0003,200,0.2951
0.0534,0.0000,0.0000,0.0000,0.0533,0.0000,200,0.2583
0.0745,0.0000,0.0000,0.0000,0.0745,0.0000,200,0.2371
0.0062,0.0000,0.0000,0.0000,0.0061,0.0001,200,0.3055
0.0215,0.0000,0.0000,0.0000,0.0213,0.0001,200,0.2912
0.0025,0.0000,0.0000,0.0000,0.0023,0.0001,200,0.3102
0.0422,0.0000,0.0000,0.0000,0.0421,0.0000,200,0.2709
0.0044,0.0000,0.0000,0.0000,0.0043,0.0000,200,0.3092
0.0207,0.0000,0.0000,0.0001,0.0206,0.0000,200,0.2929
0.0165,0.0000,0.0000,0.0000,0.0164,0.0000,200,0.2976
0.0232,0.0000,0.0000,0.0000,0.0230,0.0001,200,0.2914
0.0131,0.0000,0.0000,0.0000,0.0129,0.0001,200,0.3018
0.0038,0.0000,0.0000,0.0000,0.0037,0.0000,200,0.3117
0.0031,0.0000,0.0000,0.0000,0.0030,0.0001,200,0.3127
0.0047,0.0000,0.0000,0.0000,0.0046,0.0000,200,0.3112
0.0195,0.0000,0.0000,0.0001,0.0193,0.0000,200,0.2969
0.0094,0.0000,0.0000,0.0000,0.0087,0.0006,200,0.3081
0.0332,0.0000,0.0000,0.0000,0.0329,0.0000,200,0.2844
0.0143,0.0000,0.0000,0.0000,0.0141,0.0001,200,0.3033
0.0197,0.0000,0.0000,0.0000,0.0193,0.0004,200,0.2986
0.0051,0.0000,0.0000,0.0000,0.0051,0.0000,200,0.3131
0.0363,0.0000,0.0000,0.0000,0.0362,0.0000,200,0.2824
0.0215,0.0000,0.0000,0.0000,0.0214,0.0000,200,0.2974
0.0075,0.0000,0.0000,0.0000,0.0074,0.0001,200,0.3116
0.0130,0.0000,0.0000,0.0000,0.0127,0.0002,200,0.3068
0.0065,0.0000,0.0000,0.0000,0.0064,0.0000,200,0.3137
0.0102,0.0000,0.0000,0.0000,0.0101,0.0000,200,0.3101
0.0640,0.0000,0.0000,0.0000,0.0638,0.0001,200,0.2569
0.0232,0.0000,0.0000,0.0000,0.0231,0.0000,200,0.2981
0.0256,0.0000,0.0000,0.0001,0.0252,0.0001,200,0.2958
0.0099,0.0000,0.0000,0.0000,0.0098,0.0000,200,0.3117
0.0046,0.0000,0.0000,0.0000,0.0044,0.0002,200,0.3176
0.0052,0.0000,0.0000,0.0000,0.0051,0.0000,200,0.3175
0.0067,0.0000,0.0000,0.0000,0.0064,0.0002,200,0.3164
0.0039,0.0000,0.0000,0.0001,0.0038,0.0000,200,0.3191
0.0187,0.0000,0.0000,0.0000,0.0186,0.0000,200,0.3049
0.0153,0.0000,0.0000,0.0000,0.0153,0.0000,200,0.3085
0.0356,0.0000,0.0000,0.0001,0.0355,0.0000,200,0.2886
0.0291,0.0000,0.0000,0.0000,0.0290,0.0000,200,0.2954
0.0300,0.0000,0.0000,0.0000,0.0299,0.0000,200,0.2949
0.0104,0.0000,0.0000,0.0000,0.0103,0.0000,200,0.3149
0.0026,0.0000,0.0000,0.0000,0.0025,0.0000,200,0.3231
0.0074,0.0000,0.0000,0.0000,0.0073,0.0001,200,0.3187
0.0026,0.0000,0.0000,0.0002,0.0022,0.0001,200,0.3238
0.0085,0.0000,0.0000,0.0000,0.0077,0.0008,200,0.3190
0.0073,0.0000,0.0000,0.0000,0.0071,0.0000,200,0.3202
0.0228,0.0000,0.0000,0.0000,0.0222,0.0006,200,0.3057
0.0167,0.0000,0.0000,0.0001,0.0154,0.0010,200,0.3127
0.0064,0.0000,0.0000,0.0000,0.0059,0.0005,200,0.3230
0.0229,0.0000,0.0000,0.0000,0.0218,0.0010,200,0.3066
0.0083,0.0000,0.0000,0.0000,0.0078,0.0004,200,0.3217
0.0059,0.0000,0.0000,0.0001,0.0052,0.0006,200,0.3242
0.0088,0.0000,0.0000,0.0000,0.0079,0.0006,200,0.3214
0.0120,0.0000,0.0000,0.0000,0.0117,0.0000,200,0.3182
0.0145,0.0000,0.0000,0.0000,0.0139,0.0005,200,0.3158
0.0611,0.0000,0.0000,0.0000,0.0610,0.0000,200,0.2701
0.0643,0.0000,0.0000,0.0000,0.0641,0.0001,200,0.2669
0.0527,0.0000,0.0000,0.0000,0.0527,0.0000,200,0.2787
0.0046,0.0000,0.0000,0.0003,0.0042,0.0001,200,0.3275
0.0017,0.0000,0.0000,0.0000,0.0013,0.0001,200,0.3312
0.0121,0.0000,0.0000,0.0000,0.0120,0.0000,200,0.3209
0.0038,0.0000,0.0000,0.0005,0.0030,0.0001,200,0.3295
0.0256,0.0000,0.0000,0.0000,0.0255,0.0001,200,0.3077
0.0584,0.0000,0.0000,0.0000,0.0583,0.0000,200,0.2755
0.0048,0.0000,0.0000,0.0000,0.0042,0.0005,200,0.3302
0.0310,0.0000,0.0000,0.0000,0.0310,0.0000,200,0.3039
0.0100,0.0000,0.0000,0.0000,0.0097,0.0003,200,0.3253
0.0051,0.0000,0.0000,0.0000,0.0048,0.0002,200,0.3302
0.0082,0.0000,0.0000,0.0005,0.0072,0.0000,200,0.3275
0.0130,0.0000,0.0000,0.0000,0.0129,0.0000,200,0.3227
0.0590,0.0000,0.0000,0.0000,0.0588,0.0002,200,0.2773
0.0017,0.0000,0.0000,0.0000,0.0017,0.0000,200,0.3350
0.0015,0.0000,0.0000,0.0000,0.0014,0.0001,200,0.3353
0.0355,0.0000,0.0000,0.0000,0.0354,0.0000,200,0.3017
0.0064,0.0000,0.0000,0.0000,0.0063,0.0001,200,0.3312
0.0277,0.0000,0.0000,0.0000,0.0275,0.0001,200,0.3105
0.0165,0.0000,0.0000,0.0000,0.0163,0.0000,200,0.3221
0.0245,0.0000,0.0000,0.0002,0.0242,0.0000,200,0.3141
0.0141,0.0000,0.0000,0.0000,0.0140,0.0000,200,0.3249
0.0063,0.0000,0.0000,0.0000,0.0061,0.0002,200,0.3334
0.0096,0.0000,0.0000,0.0000,0.0095,0.0000,200,0.3301
0.0060,0.0000,0.0000,0.0000,0.0059,0.0000,200,0.3339
0.0032,0.0000,0.0000,0.0000,0.0032,0.0000,200,0.3367
0.0101,0.0000,0.0000,0.0000,0.0101,0.0000,200,0.3303
0.0126,0.0000,0.0000,0.0004,0.0121,0.0001,200,0.3285
0.0179,0.0000,0.0000,0.0000,0.0179,0.0000,200,0.3235
0.0010,0.0000,0.0000,0.0000,0.0010,0.0000,200,0.3404
0.0208,0.0000,0.0000,0.0000,0.0208,0.0000,200,0.3213
0.0026,0.0000,0.0000,0.0001,0.0024,0.0001,200,0.3399
0.0100,0.0000,0.0000,0.0002,0.0096,0.0001,200,0.3329
0.0351,0.0000,0.0000,0.0000,0.0350,0.0001,200,0.3087
0.0260,0.0000,0.0000,0.0000,0.0258,0.0001,200,0.3182
0.0412,0.0000,0.0000,0.0000,0.0410,0.0001,200,0.3035
0.0149,0.0000,0.0000,0.0000,0.0148,0.0001,200,0.3299
0.0054,0.0000,0.0000,0.0000,0.0053,0.0001,200,0.3397
0.0080,0.0000,0.0000,0.0000,0.0078,0.0000,200,0.3376
0.0030,0.0000,0.0000,0.0001,0.0027,0.0002,200,0.3429
0.0083,0.0000,0.0000,0.0000,0.0073,0.0009,200,0.3390
0.0179,0.0000,0.0000,0.0005,0.0170,0.0000,200,0.3294
0.0276,0.0000,0.0000,0.0000,0.0275,0.0000,200,0.3198
0.0027,0.0000,0.0000,0.0000,0.0026,0.0000,200,0.3447
0.0343,0.0000,0.0000,0.0000,0.0341,0.0001,200,0.3136
0.0123,0.0000,0.0000,0.0000,0.0122,0.0001,200,0.3357
0.0028,0.0000,0.0000,0.0000,0.0028,0.0000,200,0.3457
0.0392,0.0000,0.0000,0.0000,0.0391,0.0001,200,0.3095
0.0158,0.0000,0.0000,0.0001,0.0157,0.0001,200,0.3332
0.0033,0.0000,0.0000,0.0000,0.0032,0.0001,200,0.3459
0.0132,0.0000,0.0000,0.0000,0.0130,0.0002,200,0.3368
0.0024,0.0000,0.0000,0.0000,0.0022,0.0001,200,0.3480
0.0696,0.0000,0.0000,0.0000,0.0695,0.0001,200,0.2811
0.0034,0.0000,0.0000,0.0000,0.0032,0.0002,200,0.3473
0.0122,0.0000,0.0000,0.0000,0.0119,0.0003,200,0.3386
0.0026,0.0000,0.0000,0.0000,0.0025,0.0000,200,0.3490
0.0580,0.0000,0.0000,0.0000,0.0579,0.0000,200,0.2939
0.0093,0.0000,0.0000,0.0000,0.0092,0.0000,200,0.3426
0.0018,0.0000,0.0000,0.0000,0.0016,0.0000,200,0.3507
0.0465,0.0000,0.0000,0.0000,0.0463,0.0000,200,0.3061
0.0718,0.0000,0.0000,0.0000,0.0717,0.0000,200,0.2813
0.0038,0.0000,0.0000,0.0000,0.0036,0.0001,200,0.3500
0.0157,0.0000,0.0000,0.0000,0.0153,0.0000,200,0.3382
0.0024,0.0000,0.0000,0.0000,0.0021,0.0002,200,0.3519
0.0251,0.0000,0.0000,0.0006,0.0245,0.0001,200,0.3295
0.0064,0.0000,0.0000,0.0000,0.0063,0.0001,200,0.3487
0.0628,0.0000,0.0000,0.0000,0.0625,0.0001,200,0.2931
0.0162,0.0000,0.0000,0.0000,0.0161,0.0001,200,0.3397
0.0072,0.0000,0.0000,0.0000,0.0071,0.0000,200,0.3492
0.0022,0.0000,0.0000,0.0000,0.0022,0.0000,200,0.3543
0.0154,0.0000,0.0000,0.0000,0.0153,0.0000,200,0.3415
0.0133,0.0000,0.0000,0.0000,0.0132,0.0000,200,0.3442
0.0178,0.0000,0.0000,0.0000,0.0177,0.0000,200,0.3400
0.0067,0.0000,0.0000,0.0000,0.0066,0.0000,200,0.3516
0.0012,0.0000,0.0000,0.0000,0.0011,0.0000,200,0.3576
0.0151,0.0000,0.0000,0.0000,0.0147,0.0004,200,0.3438
0.0239,0.0000,0.0000,0.0000,0.0237,0.0002,200,0.3357
0.0286,0.0000,0.0000,0.0000,0.0284,0.0001,200,0.3314
0.0535,0.0000,0.0000,0.0000,0.0534,0.0001,200,0.3072
0.0280,0.0000,0.0000,0.0001,0.0278,0.0000,200,0.3328
0.0222,0.0000,0.0000,0.0000,0.0221,0.0000,200,0.3386
0.0370,0.0000,0.0000,0.0000,0.0368,0.0001,200,0.3246
0.0062,0.0000,0.0000,0.0001,0.0056,0.0005,200,0.3564
0.0058,0.0000,0.0000,0.0001,0.0053,0.0004,200,0.3568
0.0482,0.0000,0.0000,0.0001,0.0480,0.0000,200,0.3148
0.0085,0.0000,0.0000,0.0000,0.0084,0.0000,200,0.3546
0.0187,0.0000,0.0000,0.0000,0.0185,0.0001,200,0.3451
0.0382,0.0000,0.0000,0.0000,0.0381,0.0001,200,0.3261
0.0137,0.0000,0.0000,0.0000,0.0136,0.0000,200,0.3507
0.0324,0.0000,0.0000,0.0000,0.0324,0.0000,200,0.3320
0.0017,0.0000,0.0000,0.0000,0.0015,0.0000,200,0.3631
0.0065,0.0000,0.0000,0.0000,0.0065,0.0000,200,0.3583
0.0054,0.0000,0.0000,0.0000,0.0053,0.0000,200,0.3600
0.0031,0.0000,0.0000,0.0000,0.0030,0.0001,200,0.3626
0.0173,0.0000,0.0000,0.0000,0.0172,0.0000,200,0.3485
0.0059,0.0000,0.0000,0.0000,0.0057,0.0002,200,0.3608
0.0404,0.0000,0.0000,0.0005,0.0385,0.0000,200,0.3264
0.0149,0.0000,0.0000,0.0000,0.0149,0.0000,200,0.3518
0.0311,0.0000,0.0000,0.0000,0.0310,0.0001,200,0.3363
0.0088,0.0000,0.0000,0.0000,0.0087,0.0000,200,0.3587
0.0120,0.0000,0.0000,0.0001,0.0119,0.0001,200,0.3559
0.0098,0.0000,0.0000,0.0000,0.0097,0.0001,200,0.3589
0.0050,0.0000,0.0000,0.0000,0.0049,0.0000,200,0.3638
0.0190,0.0000,0.0000,0.0001,0.0188,0.0001,200,0.3504
0.0051,0.0000,0.0000,0.0000,0.0049,0.0001,200,0.3649
0.0153,0.0000,0.0000,0.0000,0.0146,0.0000,200,0.3552
0.0234,0.0000,0.0000,0.0000,0.0233,0.0001,200,0.3473
0.0234,0.0000,0.0000,0.0000,0.0233,0.0000,200,0.3474
0.0068,0.0000,0.0000,0.0000,0.0067,0.0001,200,0.3645
0.0047,0.0000,0.0000,0.0000,0.0046,0.0001,200,0.3668
0.0060,0.0000,0.0000,0.0000,0.0059,0.0000,200,0.3658
0.0565,0.0000,0.0000,0.0000,0.0564,0.0000,200,0.3158
0.0025,0.0000,0.0000,0.0000,0.0024,0.0001,200,0.3704
0.0576,0.0000,0.0000,0.0000,0.0574,0.0001,200,0.3154
0.0733,0.0000,0.0000,0.0000,0.0732,0.0000,200,0.3003
0.0145,0.0000,0.0000,0.0000,0.0143,0.0002,200,0.3597
0.0074,0.0000,0.0000,0.0001,0.0072,0.0002,200,0.3674
0.0052,0.0000,0.0000,0.0000,0.0050,0.0000,200,0.3699
0.0339,0.0000,0.0000,0.0000,0.0338,0.0000,200,0.3412
0.0227,0.0000,0.0000,0.0000,0.0227,0.0000,200,0.3526
0.0050,0.0000,0.0000,0.0000,0.0046,0.0002,200,0.3707
0.0150,0.0000,0.0000,0.0000,0.0147,0.0001,200,0.3607
0.0029,0.0000,0.0000,0.0001,0.0028,0.0000,200,0.3730
0.0030,0.0000,0.0000,0.0000,0.0025,0.0004,200,0.3736
0.0199,0.0000,0.0000,0.0000,0.0195,0.0002,200,0.3569
0.0078,0.0000,0.0000,0.0000,0.0076,0.0001,200,0.3694
0.0422,0.0000,0.0000,0.0000,0.0421,0.0000,200,0.3353
0.0366,0.0000,0.0000,0.0001,0.0364,0.0002,200,0.3415
0.0097,0.0000,0.0000,0.0000,0.0096,0.0000,200,0.3687
0.0232,0.0000,0.0000,0.0001,0.0230,0.0001,200,0.3559
0.0217,0.0000,0.0000,0.0000,0.0216,0.0001,200,0.3578
0.0597,0.0000,0.0000,0.0000,0.0596,0.0000,200,0.3203
0.0173,0.0000,0.0000,0.0000,0.0172,0.0000,200,0.3630
0.0070,0.0000,0.0000,0.0000,0.0068,0.0000,200,0.3741
0.0165,0.0000,0.0000,0.0000,0.0163,0.0001,200,0.3648
0.0637,0.0000,0.0000,0.0000,0.0635,0.0001,200,0.3176
0.0165,0.0000,0.0000,0.0000,0.0164,0.0000,200,0.3654
0.0070,0.0000,0.0000,0.0000,0.0069,0.0001,200,0.3751
0.0098,0.0000,0.0000,0.0000,0.0096,0.0001,200,0.3730
0.0020,0.0000,0.0000,0.0001,0.0018,0.0000,200,0.3812
0.0144,0.0000,0.0000,0.0000,0.0143,0.0000,200,0.3688
0.0072,0.0000,0.0000,0.0000,0.0071,0.0000,200,0.3765
0.0198,0.0000,0.0000,0.0000,0.0197,0.0000,200,0.3645
0.0176,0.0000,0.0000,0.0000,0.0175,0.0001,200,0.3668
0.0096,0.0000,0.0000,0.0000,0.0095,0.0000,200,0.3753
0.0021,0.0000,0.0000,0.0000,0.0020,0.0000,200,0.3832
0.0024,0.0000,0.0000,0.0002,0.0021,0.0001,200,0.3833
0.0041,0.0000,0.0000,0.0002,0.0038,0.0000,200,0.3818
0.0221,0.0000,0.0000,0.0000,0.0220,0.0001,200,0.3643
0.0147,0.0000,0.0000,0.0000,0.0143,0.0003,200,0.3723
0.0017,0.0000,0.0000,0.0000,0.0013,0.0001,200,0.3856
0.0040,0.0000,0.0000,0.0000,0.0039,0.0000,200,0.3837
0.0109,0.0000,0.0000,0.0000,0.0108,0.0001,200,0.3775
0.0062,0.0000,0.0000,0.0000,0.0057,0.0002,200,0.3827
0.0039,0.0000,0.0000,0.0000,0.0038,0.0000,200,0.3852
0.0545,0.0000,0.0000,0.0000,0.0544,0.0001,200,0.3349
0.0389,0.0000,0.0000,0.0000,0.0388,0.0000,200,0.3508
0.0122,0.0000,0.0000,0.0000,0.0121,0.0001,200,0.3781
0.0234,0.0000,0.0000,0.0002,0.0230,0.0001,200,0.3675
0.0387,0.0000,0.0000,0.0002,0.0385,0.0000,200,0.3526
0.0165,0.0000,0.0000,0.0000,0.0164,0.0001,200,0.3752
0.0047,0.0000,0.0000,0.0000,0.0046,0.0000,200,0.3873
0.0065,0.0000,0.0000,0.0001,0.0062,0.0001,200,0.3864
0.0016,0.0000,0.0000,0.0000,0.0015,0.0000,200,0.3913
0.0186,0.0000,0.0000,0.0000,0.0185,0.0000,200,0.3748
0.0399,0.0000,0.0000,0.0000,0.0398,0.0000,200,0.3539
0.0043,0.0000,0.0000,0.0000,0.0042,0.0001,200,0.3897
0.0072,0.0000,0.0000,0.0000,0.0071,0.0000,200,0.3870
0.0192,0.0000,0.0000,0.0002,0.0186,0.0003,200,0.3759
0.0160,0.0000,0.0000,0.0001,0.0159,0.0000,200,0.3791
0.0274,0.0000,0.0000,0.0000,0.0268,0.0002,200,0.3679
0.0025,0.0000,0.0000,0.0000,0.0024,0.0000,200,0.3935
0.0352,0.0000,0.0000,0.0000,0.0351,0.0000,200,0.3608
0.0206,0.0000,0.0000,0.0000,0.0205,0.0000,200,0.3757
0.0167,0.0000,0.0000,0.0000,0.0165,0.0000,200,0.3803
0.0354,0.0000,0.0000,0.0001,0.0352,0.0000,200,0.3616
0.0316,0.0000,0.0000,0.0000,0.0315,0.0000,200,0.3657
0.0163,0.0000,0.0000,0.0000,0.0163,0.0000,200,0.3812
0.0032,0.0000,0.0000,0.0001,0.0030,0.0000,200,0.3951
0.0092,0.0000,0.0000,0.0000,0.0091,0.0000,200,0.3891
0.0511,0.0000,0.0000,0.0000,0.0508,0.0003,200,0.3479
0.0088,0.0000,0.0000,0.0000,0.0087,0.0000,200,0.3903
0.0078,0.0000,0.0000,0.0000,0.0077,0.0001,200,0.3917
0.0551,0.0000,0.0000,0.0000,0.0550,0.0000,200,0.3448
0.0190,0.0000,0.0000,0.0000,0.0189,0.0001,200,0.3812
0.0115,0.0000,0.0000,0.0000,0.0114,0.0000,200,0.3890
0.0382,0.0000,0.0000,0.0000,0.0381,0.0001,200,0.3626
0.0238,0.0000,0.0000,0.0000,0.0235,0.0000,200,0.3772
0.0223,0.0000,0.0000,0.0000,0.0222,0.0000,200,0.3795
0.0239,0.0000,0.0000,0.0000,0.0238,0.0001,200,0.3784
0.0050,0.0000,0.0000,0.0000,0.0050,0.0000,200,0.3973
0.0080,0.0000,0.0000,0.0000,0.0079,0.0000,200,0.3954
0.0778,0.0000,0.0000,0.0000,0.0777,0.0000,200,0.3257
0.0142,0.0000,0.0000,0.0000,0.0140,0.0002,200,0.3895
0.0506,0.0000,0.0000,0.0000,0.0505,0.0001,200,0.3531
0.0499,0.0000,0.0000,0.0000,0.0497,0.0001,200,0.3538
0.0030,0.0000,0.0000,0.0000,0.0030,0.0000,200,0.4008
0.0082,0.0000,0.0000,0.0000,0.0080,0.0001,200,0.3963
0.0128,0.0000,0.0000,0.0000,0.0127,0.0001,200,0.3920
0.0049,0.0000,0.0000,0.0000,0.0047,0.0001,200,0.4002
0.0346,0.0000,0.0000,0.0000,0.0345,0.0000,200,0.3708
0.0035,0.0000,0.0000,0.0001,0.0033,0.0000,200,0.4024
0.0022,0.0000,0.0000,0.0002,0.0019,0.0000,200,0.4037
0.0114,0.0000,0.0000,0.0000,0.0113,0.0000,200,0.3950
0.0127,0.0000,0.0000,0.0000,0.0118,0.0000,200,0.3942
0.0111,0.0000,0.0000,0.0000,0.0110,0.0001,200,0.3959
0.0218,0.0000,0.0000,0.0000,0.0216,0.0002,200,0.3859
0.0102,0.0000,0.0000,0.0000,0.0102,0.0000,200,0.3976
0.0089,0.0000,0.0000,0.0000,0.0088,0.0000,200,0.3991
0.0156,0.0000,0.0000,0.0001,0.0154,0.0000,200,0.3929
0.0025,0.0000,0.0000,0.0000,0.0023,0.0001,200,0.4064
0.0672,0.0000,0.0000,0.0001,0.0669,0.0000,200,0.3421
0.0429,0.0000,0.0000,0.0000,0.0428,0.0001,200,0.3667
0.0626,0.0000,0.0000,0.0000,0.0625,0.0000,200,0.3474
0.0070,0.0000,0.0000,0.0000,0.0069,0.0000,200,0.4034
0.0071,0.0000,0.0000,0.0000,0.0070,0.0001,200,0.4035
0.0043,0.0000,0.0000,0.0000,0.0041,0.0001,200,0.4071
0.0346,0.0000,0.0000,0.0000,0.0345,0.0000,200,0.3768
0.0115,0.0000,0.0000,0.0000,0.0113,0.0001,200,0.4004
0.0025,0.0000,0.0000,0.0000,0.0024,0.0000,200,0.4096
0.0369,0.0000,0.0000,0.0003,0.0366,0.0000,200,0.3757
0.0025,0.0000,0.0000,0.0000,0.0020,0.0004,200,0.4106
0.0161,0.0000,0.0000,0.0000,0.0161,0.0000,200,0.3970
0.0024,0.0000,0.0000,0.0000,0.0022,0.0002,200,0.4113
0.0260,0.0000,0.0000,0.0000,0.0259,0.0001,200,0.3877
0.0080,0.0000,0.0000,0.0000,0.0079,0.0000,200,0.4059
0.0083,0.0000,0.0000,0.0000,0.0082,0.0000,200,0.4059
0.0024,0.0000,0.0000,0.0000,0.0023,0.0001,200,0.4122
0.0213,0.0000,0.0000,0.0000,0.0212,0.0001,200,0.3938
0.0052,0.0000,0.0000,0.0000,0.0051,0.0000,200,0.4104
0.0043,0.0000,0.0000,0.0000,0.0042,0.0001,200,0.4114
0.0146,0.0000,0.0000,0.0000,0.0141,0.0005,200,0.4010
0.0108,0.0000,0.0000,0.0000,0.0107,0.0000,200,0.4054
0.0282,0.0000,0.0000,0.0001,0.0278,0.0001,200,0.3884
0.0454,0.0000,0.0000,0.0000,0.0453,0.0000,200,0.3717
0.0212,0.0000,0.0000,0.0000,0.0211,0.0000,200,0.3960
0.0331,0.0000,0.0000,0.0000,0.0330,0.0000,200,0.3844
0.0191,0.0000,0.0000,0.0000,0.0190,0.0001,200,0.3990
0.0085,0.0000,0.0000,0.0000,0.0084,0.0000,200,0.4100
0.0249,0.0000,0.0000,0.0001,0.0248,0.0000,200,0.3940
0.0393,0.0000,0.0000,0.0000,0.0392,0.0000,200,0.3800
0.0056,0.0000,0.0000,0.0000,0.0055,0.0000,200,0.4139
0.0132,0.0000,0.0000,0.0000,0.0131,0.0000,200,0.4069
0.0045,0.0000,0.0000,0.0003,0.0040,0.0001,200,0.4161
0.0068,0.0000,0.0000,0.0000,0.0066,0.0000,200,0.4142
0.0845,0.0000,0.0000,0.0000,0.0844,0.0001,200,0.3372
0.0312,0.0000,0.0000,0.0000,0.0311,0.0000,200,0.3909
0.0030,0.0000,0.0000,0.0000,0.0027,0.0002,200,0.4194
0.0244,0.0000,0.0000,0.0000,0.0243,0.0001,200,0.3983
0.0062,0.0000,0.0000,0.0000,0.0061,0.0000,200,0.4166
0.0150,0.0000,0.0000,0.0000,0.0150,0.0001,200,0.4084
0.0118,0.0000,0.0000,0.0000,0.0117,0.0001,200,0.4119
0.0055,0.0000,0.0000,0.0000,0.0054,0.0001,200,0.4185
0.0158,0.0000,0.0000,0.0000,0.0154,0.0000,200,0.4089
0.0204,0.0000,0.0000,0.0000,0.0202,0.0002,200,0.4048
0.0164,0.0000,0.0000,0.0000,0.0164,0.0000,200,0.4093
0.0179,0.0000,0.0000,0.0002,0.0177,0.0000,200,0.4078
0.0216,0.0000,0.0000,0.0000,0.0211,0.0001,200,0.4045
0.0186,0.0000,0.0000,0.0000,0.0186,0.0000,200,0.4080
0.0424,0.0000,0.0000,0.0000,0.0423,0.0000,200,0.3851
0.0129,0.0000,0.0000,0.0000,0.0128,0.0001,200,0.4156
0.0080,0.0000,0.0000,0.0001,0.0077,0.0000,200,0.4206
0.0030,0.0000,0.0000,0.0000,0.0026,0.0004,200,0.4261
0.0141,0.0000,0.0000,0.0000,0.0138,0.0000,200,0.4156
0.0455,0.0000,0.0000,0.0000,0.0454,0.0001,200,0.3843
0.0103,0.0000,0.0000,0.0000,0.0103,0.0000,200,0.4201
0.0051,0.0000,0.0000,0.0000,0.0050,0.0000,200,0.4257
0.0272,0.0000,0.0000,0.0000,0.0272,0.0000,200,0.4039
0.0146,0.0000,0.0000,0.0000,0.0144,0.0000,200,0.4171
0.0191,0.0000,0.0000,0.0000,0.0190,0.0001,200,0.4131
0.0502,0.0000,0.0000,0.0001,0.0499,0.0002,200,0.3821
0.0106,0.0000,0.0000,0.0000,0.0104,0.0001,200,0.4224
0.0183,0.0000,0.0000,0.0000,0.0179,0.0000,200,0.4151
0.0622,0.0000,0.0000,0.0000,0.0617,0.0004,200,0.3713
0.0312,0.0000,0.0000,0.0000,0.0311,0.0000,200,0.4024
0.0212,0.0000,0.0000,0.0003,0.0209,0.0000,200,0.4127
0.0358,0.0000,0.0000,0.0000,0.0357,0.0001,200,0.3983
0.0114,0.0000,0.0000,0.0000,0.0113,0.0000,200,0.4227
0.0346,0.0000,0.0000,0.0000,0.0345,0.0000,200,0.3999
0.0053,0.0000,0.0000,0.0002,0.0048,0.0000,200,0.4297
0.0075,0.0000,0.0000,0.0000,0.0069,0.0002,200,0.4286
0.0182,0.0000,0.0000,0.0000,0.0172,0.0010,200,0.4193
0.0034,0.0000,0.0000,0.0000,0.0033,0.0000,200,0.4342
0.0124,0.0000,0.0000,0.0000,0.0123,0.0001,200,0.4252
0.0095,0.0000,0.0000,0.0003,0.0090,0.0000,200,0.4287
0.0081,0.0000,0.0000,0.0000,0.0080,0.0000,200,0.4304
0.0095,0.0000,0.0000,0.0000,0.0093,0.0001,200,0.4298
0.0264,0.0000,0.0000,0.0000,0.0263,0.0000,200,0.4137
0.0169,0.0000,0.0000,0.0000,0.0167,0.0002,200,0.4237
0.0028,0.0000,0.0000,0.0000,0.0027,0.0000,200,0.4381
0.0163,0.0000,0.0000,0.0000,0.0161,0.0001,200,0.4257
0.0407,0.0000,0.0000,0.0000,0.0406,0.0001,200,0.4018
0.0286,0.0000,0.0000,0.0000,0.0285,0.0001,200,0.4146
0.0200,0.0000,0.0000,0.0000,0.0196,0.0002,200,0.4240
0.0288,0.0000,0.0000,0.0000,0.0287,0.0001,200,0.4156
0.0522,0.0000,0.0000,0.0000,0.0521,0.0000,200,0.3929
0.0120,0.0000,0.0000,0.0000,0.0120,0.0000,200,0.4339
0.0040,0.0000,0.0000,0.0000,0.0039,0.0000,200,0.4420
0.0075,0.0000,0.0000,0.0000,0.0074,0.0000,200,0.4385
0.0248,0.0000,0.0000,0.0000,0.0247,0.0001,200,0.4217
0.0420,0.0000,0.0000,0.0000,0.0419,0.0001,200,0.4051
0.0257,0.0000,0.0000,0.0002,0.0250,0.0001,200,0.4221
0.0137,0.0000,0.0000,0.0001,0.0136,0.0000,200,0.4341
0.0028,0.0000,0.0000,0.0000,0.0027,0.0001,200,0.4460
0.0452,0.0000,0.0000,0.0000,0.0451,0.0000,200,0.4037
0.0173,0.0000,0.0000,0.0001,0.0170,0.0001,200,0.4323
0.0371,0.0000,0.0000,0.0000,0.0369,0.0002,200,0.4131
0.0173,0.0000,0.0000,0.0000,0.0171,0.0001,200,0.4335
0.0083,0.0000,0.0000,0.0000,0.0082,0.0000,200,0.4432
0.0070,0.0000,0.0000,0.0000,0.0069,0.0000,200,0.4451
0.0531,0.0000,0.0000,0.0000,0.0530,0.0000,200,0.3994
0.0262,0.0000,0.0000,0.0000,0.0258,0.0000,200,0.4266
0.0257,0.0000,0.0000,0.0000,0.0256,0.0000,200,0.4275
0.0016,0.0000,0.0000,0.0000,0.0016,0.0001,200,0.4515
0.0401,0.0000,0.0000,0.0000,0.0400,0.0000,200,0.4138
0.0173,0.0000,0.0000,0.0000,0.0171,0.0001,200,0.4377
0.0517,0.0000,0.0000,0.0003,0.0514,0.0001,200,0.4037
0.0033,0.0000,0.0000,0.0000,0.0033,0.0000,200,0.4532
0.0098,0.0000,0.0000,0.0000,0.0098,0.0000,200,0.4470
0.0030,0.0000,0.0000,0.0000,0.0029,0.0000,200,0.4539
0.0605,0.0000,0.0000,0.0000,0.0604,0.0000,200,0.3970
0.0263,0.0000,0.0000,0.0000,0.0263,0.0000,200,0.4317
0.0268,0.0000,0.0000,0.0000,0.0267,0.0000,200,0.4334
0.0028,0.0000,0.0000,0.0000,0.0027,0.0001,200,0.4574
0.0077,0.0000,0.0000,0.0000,0.0077,0.0000,200,0.4525
0.0292,0.0000,0.0000,0.0000,0.0292,0.0000,200,0.4311
0.0107,0.0000,0.0000,0.0000,0.0107,0.0000,200,0.4496
0.0203,0.0000,0.0000,0.0000,0.0202,0.0000,200,0.4401
0.0423,0.0000,0.0000,0.0000,0.0422,0.0000,200,0.4181
0.0216,0.0000,0.0000,0.0001,0.0210,0.0000,200,0.4393
0.0383,0.0000,0.0000,0.0000,0.0382,0.0001,200,0.4229
0.0408,0.0000,0.0000,0.0001,0.0407,0.0000,200,0.4210
0.0293,0.0000,0.0000,0.0003,0.0289,0.0000,200,0.4330
0.0016,0.0000,0.0000,0.0000,0.0014,0.0002,200,0.4612
0.0080,0.0000,0.0000,0.0000,0.0079,0.0000,200,0.4549
0.0065,0.0000,0.0000,0.0000,0.0065,0.0000,200,0.4569
0.0316,0.0000,0.0000,0.0000,0.0314,0.0000,200,0.4322
0.0124,0.0000,0.0000,0.0000,0.0123,0.0000,200,0.4520
0.0568,0.0000,0.0000,0.0000,0.0568,0.0000,200,0.4077
0.0240,0.0000,0.0000,0.0000,0.0236,0.0004,200,0.4409
0.0031,0.0000,0.0000,0.0000,0.0031,0.0000,200,0.4619
0.0167,0.0000,0.0000,0.0000,0.0164,0.0000,200,0.4488
0.0054,0.0000,0.0000,0.0000,0.0053,0.0000,200,0.4603
0.0013,0.0000,0.0000,0.0000,0.0012,0.0000,200,0.4650
0.0477,0.0000,0.0000,0.0000,0.0475,0.0001,200,0.4189
0.0135,0.0000,0.0000,0.0000,0.0135,0.0000,200,0.4532
0.0267,0.0000,0.0000,0.0000,0.0266,0.0001,200,0.4406
0.0217,0.0000,0.0000,0.0000,0.0215,0.0002,200,0.4460
0.0044,0.0000,0.0000,0.0000,0.0043,0.0000,200,0.4634
0.0970,0.0000,0.0000,0.0000,0.0968,0.0001,200,0.3715
0.0042,0.0000,0.0000,0.0000,0.0040,0.0001,200,0.4646
0.0088,0.0000,0.0000,0.0000,0.0087,0.0001,200,0.4603
0.0112,0.0000,0.0000,0.0000,0.0111,0.0000,200,0.4580
0.0075,0.0000,0.0000,0.0000,0.0074,0.0001,200,0.4623
0.0098,0.0000,0.0000,0.0000,0.0097,0.0000,200,0.4604
0.0229,0.0000,0.0000,0.0000,0.0227,0.0001,200,0.4478
0.0421,0.0000,0.0000,0.0000,0.0420,0.0000,200,0.4291
0.0149,0.0000,0.0000,0.0000,0.0148,0.0001,200,0.4565
0.0019,0.0000,0.0000,0.0000,0.0018,0.0000,200,0.4698
0.0217,0.0000,0.0000,0.0000,0.0216,0.0000,200,0.4502
0.0022,0.0000,0.0000,0.0000,0.0019,0.0002,200,0.4701
0.0261,0.0000,0.0000,0.0000,0.0259,0.0001,200,0.4466
0.0206,0.0000,0.0000,0.0000,0.0205,0.0000,200,0.4529
0.0069,0.0000,0.0000,0.0000,0.0068,0.0000,200,0.4667
0.0080,0.0000,0.0000,0.0001,0.0079,0.0000,200,0.4657
0.0172,0.0000,0.0000,0.0001,0.0171,0.0001,200,0.4569
0.0030,0.0000,0.0000,0.0000,0.0029,0.0000,200,0.4714
0.0574,0.0000,0.0000,0.0000,0.0573,0.0000,200,0.4175
0.0015,0.0000,0.0000,0.0000,0.0014,0.0000,200,0.4737
0.0013,0.0000,0.0000,0.0000,0.0012,0.0000,200,0.4744
0.0057,0.0000,0.0000,0.0000,0.0055,0.0001,200,0.4707
0.0026,0.0000,0.0000,0.0001,0.0022,0.0001,200,0.4741
0.0022,0.0000,0.0000,0.0000,0.0021,0.0000,200,0.4749
0.0401,0.0000,0.0000,0.0000,0.0400,0.0000,200,0.4375
0.0092,0.0000,0.0000,0.0000,0.0091,0.0000,200,0.4684
0.0017,0.0000,0.0000,0.0000,0.0012,0.0004,200,0.4764
0.0182,0.0000,0.0000,0.0000,0.0181,0.0000,200,0.4602
0.0053,0.0000,0.0000,0.0000,0.0051,0.0001,200,0.4734
0.0547,0.0000,0.0000,0.0000,0.0544,0.0000,200,0.4247
0.0341,0.0000,0.0000,0.0000,0.0340,0.0001,200,0.4460
0.0299,0.0000,0.0000,0.0000,0.0298,0.0001,200,0.4508
0.0502,0.0000,0.0000,0.0000,0.0501,0.0001,200,0.4308
0.0321,0.0000,0.0000,0.0000,0.0317,0.0005,200,0.4489
0.0214,0.0000,0.0000,0.0001,0.0211,0.0001,200,0.4602
0.0023,0.0000,0.0000,0.0000,0.0022,0.0002,200,0.4795
0.0150,0.0000,0.0000,0.0000,0.0148,0.0001,200,0.4673
0.0139,0.0000,0.0000,0.0000,0.0137,0.0000,200,0.4692
0.0180,0.0000,0.0000,0.0000,0.0180,0.0000,200,0.4650
0.0191,0.0000,0.0000,0.0001,0.0190,0.0000,200,0.4644
0.0366,0.0000,0.0000,0.0001,0.0361,0.0003,200,0.4478
0.0092,0.0000,0.0000,0.0000,0.0092,0.0000,200,0.4752
0.0020,0.0000,0.0000,0.0000,0.0018,0.0001,200,0.4830
0.0500,0.0000,0.0000,0.0000,0.0499,0.0000,200,0.4350
0.0137,0.0000,0.0000,0.0000,0.0136,0.0000,200,0.4717
0.0013,0.0000,0.0000,0.0000,0.0012,0.0000,200,0.4844
0.0018,0.0000,0.0000,0.0000,0.0017,0.0001,200,0.4844
0.0518,0.0000,0.0000,0.0000,0.0518,0.0000,200,0.4345
0.0057,0.0000,0.0000,0.0000,0.0056,0.0000,200,0.4811
0.0701,0.0000,0.0000,0.0000,0.0700,0.0000,200,0.4172
0.0041,0.0000,0.0000,0.0000,0.0040,0.0000,200,0.4835
0.0060,0.0000,0.0000,0.0000,0.0059,0.0000,200,0.4819
0.0016,0.0000,0.0000,0.0000,0.0015,0.0000,200,0.4862
0.0280,0.0000,0.0000,0.0000,0.0279,0.0001,200,0.4602
0.0112,0.0000,0.0000,0.0000,0.0110,0.0001,200,0.4776
0.0066,0.0000,0.0000,0.0000,0.0061,0.0004,200,0.4830
0.0294,0.0000,0.0000,0.0000,0.0293,0.0000,200,0.4604
0.0035,0.0000,0.0000,0.0000,0.0033,0.0002,200,0.4863
0.0117,0.0000,0.0000,0.0002,0.0115,0.0001,200,0.4785
0.0352,0.0000,0.0000,0.0001,0.0350,0.0000,200,0.4554
0.0235,0.0000,0.0000,0.0002,0.0233,0.0001,200,0.4678
0.0190,0.0000,0.0000,0.0000,0.0189,0.0000,200,0.4724
0.0291,0.0000,0.0000,0.0000,0.0290,0.0000,200,0.4629
0.0063,0.0000,0.0000,0.0001,0.0061,0.0000,200,0.4857
0.0072,0.0000,0.0000,0.0000,0.0072,0.0000,200,0.4850
0.0026,0.0000,0.0000,0.0001,0.0024,0.0001,200,0.4902
0.0130,0.0000,0.0000,0.0000,0.0129,0.0000,200,0.4800
0.0198,0.0000,0.0000,0.0000,0.0198,0.0000,200,0.4737
0.0038,0.0000,0.0000,0.0000,0.0038,0.0000,200,0.4898
0.0223,0.0000,0.0000,0.0000,0.0221,0.0001,200,0.4719
0.0165,0.0000,0.0000,0.0001,0.0161,0.0001,200,0.4781
0.0236,0.0000,0.0000,0.0000,0.0235,0.0000,200,0.4712
0.0101,0.0000,0.0000,0.0000,0.0095,0.0003,200,0.4854
0.0059,0.0000,0.0000,0.0000,0.0057,0.0000,200,0.4896
0.0533,0.0000,0.0000,0.0001,0.0530,0.0002,200,0.4425
0.0205,0.0000,0.0000,0.0000,0.0205,0.0000,200,0.4757
0.0037,0.0000,0.0000,0.0000,0.0036,0.0000,200,0.4930
0.0033,0.0000,0.0000,0.0000,0.0033,0.0000,200,0.4935
0.0297,0.0000,0.0000,0.0000,0.0296,0.0000,200,0.4677
0.0645,0.0000,0.0000,0.0001,0.0644,0.0001,200,0.4335
0.0536,0.0000,0.0000,0.0000,0.0535,0.0001,200,0.4444
0.0077,0.0000,0.0000,0.0002,0.0074,0.0001,200,0.4914
0.0181,0.0000,0.0000,0.0000,0.0180,0.0000,200,0.4810
0.0617,0.0000,0.0000,0.0000,0.0611,0.0006,200,0.4376
0.0309,0.0000,0.0000,0.0001,0.0306,0.0002,200,0.4688
0.0115,0.0000,0.0000,0.0000,0.0114,0.0001,200,0.4882
0.0238,0.0000,0.0000,0.0000,0.0235,0.0003,200,0.4768
0.0129,0.0000,0.0000,0.0000,0.0129,0.0000,200,0.4876
0.0089,0.0000,0.0000,0.0000,0.0086,0.0001,200,0.4919
0.0105,0.0000,0.0000,0.0000,0.0104,0.0000,200,0.4906
0.0058,0.0000,0.0000,0.0000,0.0056,0.0001,200,0.4955
0.0044,0.0000,0.0000,0.0000,0.0043,0.0001,200,0.4974
0.0080,0.0000,0.0000,0.0000,0.0078,0.0001,200,0.4942
0.0173,0.0000,0.0000,0.0000,0.0172,0.0000,200,0.4850
0.0339,0.0000,0.0000,0.0000,0.0334,0.0002,200,0.4691
0.0013,0.0000,0.0000,0.0000,0.0012,0.0000,200,0.5018
0.0025,0.0000,0.0000,0.0000,0.0024,0.0001,200,0.5012
0.0233,0.0000,0.0000,0.0000,0.0232,0.0001,200,0.4807
0.0158,0.0000,0.0000,0.0000,0.0157,0.0000,200,0.4888
0.0050,0.0000,0.0000,0.0000,0.0049,0.0000,200,0.4997
0.0286,0.0000,0.0000,0.0000,0.0281,0.0005,200,0.4771
0.0064,0.0000,0.0000,0.0000,0.0063,0.0000,200,0.4992
0.0077,0.0000,0.0000,0.0000,0.0076,0.0001,200,0.4981
0.0057,0.0000,0.0000,0.0000,0.0056,0.0001,200,0.5006
0.0198,0.0000,0.0000,0.0000,0.0198,0.0000,200,0.4868
0.0024,0.0000,0.0000,0.0000,0.0023,0.0000,200,0.5046
0.0011,0.0000,0.0000,0.0000,0.0010,0.0000,200,0.5062
0.0413,0.0000,0.0000,0.0000,0.0412,0.0000,200,0.4663
0.0072,0.0000,0.0000,0.0002,0.0069,0.0000,200,0.5009
0.0122,0.0000,0.0000,0.0000,0.0121,0.0000,200,0.4963
0.0272,0.0000,0.0000,0.0000,0.0272,0.0000,200,0.4816
0.0062,0.0000,0.0000,0.0001,0.0060,0.0000,200,0.5031
0.0863,0.0000,0.0000,0.0000,0.0862,0.0000,200,0.4235
0.0019,0.0000,0.0000,0.0000,0.0018,0.0000,200,0.5081
0.0142,0.0000,0.0000,0.0003,0.0137,0.0001,200,0.4958
0.0095,0.0000,0.0000,0.0000,0.0094,0.0000,200,0.5011
0.0052,0.0000,0.0000,0.0000,0.0051,0.0001,200,0.5057
0.0447,0.0000,0.0000,0.0000,0.0446,0.0001,200,0.4666
0.0511,0.0000,0.0000,0.0000,0.0508,0.0002,200,0.4608
0.0027,0.0000,0.0000,0.0000,0.0026,0.0000,200,0.5092
0.0101,0.0000,0.0000,0.0000,0.0099,0.0001,200,0.5022
0.0683,0.0000,0.0000,0.0000,0.0681,0.0001,200,0.4440
0.0013,0.0000,0.0000,0.0000,0.0012,0.0000,200,0.5113
0.0088,0.0000,0.0000,0.0000,0.0087,0.0000,200,0.5040
0.0074,0.0000,0.0000,0.0000,0.0072,0.0002,200,0.5057
0.0179,0.0000,0.0000,0.0000,0.0178,0.0000,200,0.4955
0.0162,0.0000,0.0000,0.0003,0.0156,0.0003,200,0.4981
0.0020,0.0000,0.0000,0.0000,0.0019,0.0000,200,0.5123
0.0199,0.0000,0.0000,0.0000,0.0198,0.0000,200,0.4946
0.0522,0.0000,0.0000,0.0000,0.0520,0.0001,200,0.4629
0.0050,0.0000,0.0000,0.0000,0.0049,0.0000,200,0.5106
0.0231,0.0000,0.0000,0.0000,0.0230,0.0001,200,0.4928
0.0036,0.0000,0.0000,0.0000,0.0033,0.0003,200,0.5128
0.0197,0.0000,0.0000,0.0000,0.0196,0.0000,200,0.4969
0.0161,0.0000,0.0000,0.0000,0.0160,0.0001,200,0.5005
0.0183,0.0000,0.0000,0.0000,0.0181,0.0001,200,0.4991
0.0211,0.0000,0.0000,0.0000,0.0209,0.0002,200,0.4967
0.0392,0.0000,0.0000,0.0001,0.0388,0.0000,200,0.4787
0.0311,0.0000,0.0000,0.0001,0.0309,0.0001,200,0.4873
0.0117,0.0000,0.0000,0.0000,0.0113,0.0003,200,0.5073
0.0417,0.0000,0.0000,0.0000,0.0416,0.0000,200,0.4776
0.0125,0.0000,0.0000,0.0000,0.0124,0.0001,200,0.5069
0.0289,0.0000,0.0000,0.0000,0.0288,0.0000,200,0.4913
0.0011,0.0000,0.0000,0.0000,0.0010,0.0001,200,0.5195
0.0151,0.0000,0.0000,0.0000,0.0150,0.0000,200,0.5056
0.0064,0.0000,0.0000,0.0000,0.0062,0.0002,200,0.5144
0.0055,0.0000,0.0000,0.0000,0.0055,0.0000,200,0.5156
0.0058,0.0000,0.0000,0.0000,0.0057,0.0000,200,0.5159
0.0109,0.0000,0.0000,0.0000,0.0109,0.0000,200,0.5110
0.0303,0.0000,0.0000,0.0000,0.0302,0.0001,200,0.4919
0.0137,0.0000,0.0000,0.0000,0.0135,0.0001,200,0.5088
0.0590,0.0000,0.0000,0.0000,0.0589,0.0000,200,0.4638
0.0116,0.0000,0.0000,0.0000,0.0112,0.0004,200,0.5119
0.0024,0.0000,0.0000,0.0000,0.0023,0.0000,200,0.5211
0.0059,0.0000,0.0000,0.0000,0.0059,0.0000,200,0.5179
0.0308,0.0000,0.0000,0.0001,0.0305,0.0002,200,0.4937
0.0030,0.0000,0.0000,0.0000,0.0030,0.0000,200,0.5218
0.0028,0.0000,0.0000,0.0000,0.0028,0.0000,200,0.5222
0.0110,0.0000,0.0000,0.0000,0.0107,0.0001,200,0.5143
0.0081,0.0000,0.0000,0.0000,0.0080,0.0001,200,0.5173
0.0190,0.0000,0.0000,0.0000,0.0190,0.0000,200,0.5066
0.0133,0.0000,0.0000,0.0000,0.0132,0.0000,200,0.5127
0.0075,0.0000,0.0000,0.0000,0.0074,0.0001,200,0.5190
0.0012,0.0000,0.0000,0.0000,0.0009,0.0002,200,0.5257
0.0023,0.0000,0.0000,0.0000,0.0022,0.0000,200,0.5248
0.0071,0.0000,0.0000,0.0000,0.0068,0.0002,200,0.5206
0.0399,0.0000,0.0000,0.0000,0.0398,0.0000,200,0.4878
0.0238,0.0000,0.0000,0.0000,0.0236,0.0002,200,0.5047
0.0465,0.0000,0.0000,0.0001,0.0463,0.0000,200,0.4823
0.0035,0.0000,0.0000,0.0000,0.0033,0.0002,200,0.5254
0.0217,0.0000,0.0000,0.0000,0.0216,0.0000,200,0.5076
0.0210,0.0000,0.0000,0.0000,0.0209,0.0000,200,0.5085
0.0138,0.0000,0.0000,0.0000,0.0133,0.0004,200,0.5165
0.0040,0.0000,0.0000,0.0000,0.0039,0.0000,200,0.5265
0.0079,0.0000,0.0000,0.0000,0.0078,0.0000,200,0.5225
0.0022,0.0000,0.0000,0.0002,0.0020,0.0001,200,0.5285
0.0656,0.0000,0.0000,0.0000,0.0655,0.0001,200,0.4655
0.0025,0.0000,0.0000,0.0000,0.0023,0.0001,200,0.5292
0.0225,0.0000,0.0000,0.0000,0.0222,0.0003,200,0.5098
0.0438,0.0000,0.0000,0.0000,0.0437,0.0001,200,0.4898
0.0086,0.0000,0.0000,0.0000,0.0081,0.0005,200,0.5260
0.0061,0.0000,0.0000,0.0000,0.0060,0.0000,200,0.5289
0.0144,0.0000,0.0000,0.0000,0.0143,0.0000,200,0.5207
0.0222,0.0000,0.0000,0.0000,0.0221,0.0000,200,0.5131
0.0329,0.0000,0.0000,0.0000,0.0328,0.0000,200,0.5031
0.0058,0.0000,0.0000,0.0000,0.0057,0.0000,200,0.5305
0.0158,0.0000,0.0000,0.0000,0.0158,0.0000,200,0.5209
0.0069,0.0000,0.0000,0.0000,0.0067,0.0002,200,0.5303
0.0084,0.0000,0.0000,0.0000,0.0083,0.0000,200,0.5288
0.0211,0.0000,0.0000,0.0002,0.0208,0.0000,200,0.5166
0.0237,0.0000,0.0000,0.0000,0.0237,0.0000,200,0.5142
0.0134,0.0000,0.0000,0.0000,0.0133,0.0000,200,0.5250
0.0025,0.0000,0.0000,0.0000,0.0025,0.0000,200,0.5363
0.1034,0.0000,0.0000,0.0000,0.1032,0.0001,200,0.4361
0.0179,0.0000,0.0000,0.0000,0.0178,0.0000,200,0.5219
0.0303,0.0000,0.0000,0.0000,0.0302,0.0000,200,0.5100
0.0090,0.0000,0.0000,0.0000,0.0086,0.0001,200,0.5317
0.0388,0.0000,0.0000,0.0000,0.0387,0.0001,200,0.5022
0.0236,0.0000,0.0000,0.0000,0.0235,0.0000,200,0.5179
0.0149,0.0000,0.0000,0.0000,0.0148,0.0001,200,0.5270
0.0118,0.0000,0.0000,0.0000,0.0117,0.0000,200,0.5305
0.0093,0.0000,0.0000,0.0000,0.0090,0.0002,200,0.5336
0.0265,0.0000,0.0000,0.0000,0.0262,0.0002,200,0.5164
0.0483,0.0000,0.0000,0.0000,0.0483,0.0000,200,0.4948
0.0040,0.0000,0.0000,0.0000,0.0040,0.0000,200,0.5395
0.0055,0.0000,0.0000,0.0000,0.0055,0.0000,200,0.5384
0.0071,0.0000,0.0000,0.0000,0.0070,0.0001,200,0.5372
0.0096,0.0000,0.0000,0.0001,0.0094,0.0001,200,0.5353
0.0262,0.0000,0.0000,0.0000,0.0261,0.0000,200,0.5193
0.0177,0.0000,0.0000,0.0000,0.0177,0.0000,200,0.5277
0.0030,0.0000,0.0000,0.0000,0.0029,0.0001,200,0.5429
0.0042,0.0000,0.0000,0.0000,0.0042,0.0000,200,0.5419
0.0159,0.0000,0.0000,0.0001,0.0157,0.0001,200,0.5308
0.0545,0.0000,0.0000,0.0000,0.0544,0.0000,200,0.4923
0.0353,0.0000,0.0000,0.0000,0.0352,0.0001,200,0.5119
0.0477,0.0000,0.0000,0.0000,0.0477,0.0000,200,0.4997
0.0047,0.0000,0.0000,0.0000,0.0046,0.0000,200,0.5432
0.0132,0.0000,0.0000,0.0002,0.0129,0.0001,200,0.5350
0.0079,0.0000,0.0000,0.0000,0.0078,0.0001,200,0.5410
0.0314,0.0000,0.0000,0.0000,0.0306,0.0007,200,0.5184
0.0096,0.0000,0.0000,0.0000,0.0095,0.0000,200,0.5403
0.0296,0.0000,0.0000,0.0000,0.0295,0.0000,200,0.5203
0.0182,0.0000,0.0000,0.0000,0.0174,0.0001,200,0.5323
0.0471,0.0000,0.0000,0.0000,0.0471,0.0000,200,0.5037
0.0023,0.0000,0.0000,0.0000,0.0023,0.0000,200,0.5489
0.0120,0.0000,0.0000,0.0000,0.0117,0.0003,200,0.5398
0.0418,0.0000,0.0000,0.0000,0.0417,0.0000,200,0.5100
0.0797,0.0000,0.0000,0.0001,0.0795,0.0000,200,0.4727
0.0252,0.0000,0.0000,0.0000,0.0251,0.0000,200,0.5277
0.0082,0.0000,0.0000,0.0000,0.0081,0.0001,200,0.5449
0.0018,0.0000,0.0000,0.0000,0.0018,0.0000,200,0.5518
0.0082,0.0000,0.0000,0.0000,0.0080,0.0002,200,0.5458
0.0233,0.0000,0.0000,0.0000,0.0232,0.0000,200,0.5311
0.0188,0.0000,0.0000,0.0000,0.0187,0.0000,200,0.5360
0.0285,0.0000,0.0000,0.0001,0.0283,0.0001,200,0.5268
0.0186,0.0000,0.0000,0.0000,0.0185,0.0000,200,0.5377
0.0319,0.0000,0.0000,0.0001,0.0316,0.0000,200,0.5245
0.0219,0.0000,0.0000,0.0000,0.0217,0.0001,200,0.5347
0.0330,0.0000,0.0000,0.0000,0.0328,0.0001,200,0.5235
0.0070,0.0000,0.0000,0.0000,0.0069,0.0000,200,0.5498
0.0039,0.0000,0.0000,0.0000,0.0038,0.0000,200,0.5532
0.0076,0.0000,0.0000,0.0000,0.0075,0.0000,200,0.5505
0.0120,0.0000,0.0000,0.0000,0.0119,0.0000,200,0.5461
0.0083,0.0000,0.0000,0.0000,0.0082,0.0000,200,0.5499
0.0157,0.0000,0.0000,0.0000,0.0156,0.0001,200,0.5429
0.0217,0.0000,0.0000,0.0000,0.0216,0.0000,200,0.5372
0.0155,0.0000,0.0000,0.0000,0.0154,0.0001,200,0.5439
0.0028,0.0000,0.0000,0.0000,0.0027,0.0000,200,0.5570
0.0187,0.0000,0.0000,0.0000,0.0186,0.0000,200,0.5415
0.0095,0.0000,0.0000,0.0000,0.0095,0.0000,200,0.5509
0.0242,0.0000,0.0000,0.0000,0.0241,0.0000,200,0.5367
0.0085,0.0000,0.0000,0.0000,0.0084,0.0001,200,0.5529
0.0011,0.0000,0.0000,0.0000,0.0010,0.0000,200,0.5604
0.0142,0.0000,0.0000,0.0000,0.0140,0.0002,200,0.5480
0.0082,0.0000,0.0000,0.0000,0.0080,0.0001,200,0.5544
0.0170,0.0000,0.0000,0.0000,0.0170,0.0000,200,0.5455
0.0106,0.0000,0.0000,0.0000,0.0104,0.0001,200,0.5524
0.0210,0.0000,0.0000,0.0000,0.0208,0.0002,200,0.5422
0.0068,0.0000,0.0000,0.0000,0.0068,0.0000,200,0.5569
0.0519,0.0000,0.0000,0.0000,0.0518,0.0001,200,0.5123
0.0105,0.0000,0.0000,0.0000,0.0104,0.0000,200,0.5541
0.0418,0.0000,0.0000,0.0000,0.0416,0.0002,200,0.5228
0.0074,0.0000,0.0000,0.0000,0.0072,0.0001,200,0.5582
0.0268,0.0000,0.0000,0.0000,0.0267,0.0001,200,0.5388
0.0035,0.0000,0.0000,0.0000,0.0034,0.0000,200,0.5625
0.0428,0.0000,0.0000,0.0000,0.0426,0.0001,200,0.5238
0.0212,0.0000,0.0000,0.0000,0.0211,0.0000,200,0.5454
0.0058,0.0000,0.0000,0.0000,0.0056,0.0001,200,0.5615
0.0208,0.0000,0.0000,0.0000,0.0207,0.0000,200,0.5467
0.0158,0.0000,0.0000,0.0002,0.0155,0.0000,200,0.5518
0.0022,0.0000,0.0000,0.0000,0.0021,0.0000,200,0.5655
0.0037,0.0000,0.0000,0.0000,0.0036,0.0000,200,0.5646
0.0209,0.0000,0.0000,0.0000,0.0208,0.0000,200,0.5475
0.0107,0.0000,0.0000,0.0000,0.0106,0.0000,200,0.5581
0.0701,0.0000,0.0000,0.0000,0.0700,0.0000,200,0.4991
0.0288,0.0000,0.0000,0.0000,0.0287,0.0001,200,0.5408
0.0229,0.0000,0.0000,0.0000,0.0228,0.0001,200,0.5472
0.0081,0.0000,0.0000,0.0000,0.0081,0.0000,200,0.5632
0.0119,0.0000,0.0000,0.0000,0.0118,0.0000,200,0.5595
0.0048,0.0000,0.0000,0.0000,0.0048,0.0000,200,0.5666
0.0105,0.0000,0.0000,0.0000,0.0105,0.0000,200,0.5609
0.0069,0.0000,0.0000,0.0000,0.0058,0.0011,200,0.5646
0.0053,0.0000,0.0000,0.0000,0.0052,0.0000,200,0.5666
0.0123,0.0000,0.0000,0.0000,0.0121,0.0001,200,0.5601
0.0098,0.0000,0.0000,0.0000,0.0096,0.0001,200,0.5630
0.0252,0.0000,0.0000,0.0003,0.0248,0.0002,200,0.5483
0.0304,0.0000,0.0000,0.0000,0.0303,0.0001,200,0.5435
0.0592,0.0000,0.0000,0.0000,0.0587,0.0004,200,0.5151
0.0154,0.0000,0.0000,0.0000,0.0153,0.0000,200,0.5589
0.0452,0.0000,0.0000,0.0000,0.0449,0.0002,200,0.5296
0.0023,0.0000,0.0000,0.0000,0.0022,0.0000,200,0.5728
0.0308,0.0000,0.0000,0.0000,0.0307,0.0000,200,0.5443
0.0097,0.0000,0.0000,0.0000,0.0096,0.0000,200,0.5656
0.0128,0.0000,0.0000,0.0000,0.0128,0.0000,200,0.5625
0.0086,0.0000,0.0000,0.0000,0.0082,0.0000,200,0.5673
0.0213,0.0000,0.0000,0.0000,0.0212,0.0000,200,0.5547
0.0152,0.0000,0.0000,0.0000,0.0152,0.0000,200,0.5614
0.0018,0.0000,0.0000,0.0000,0.0017,0.0001,200,0.5751
0.0206,0.0000,0.0000,0.0000,0.0205,0.0000,200,0.5565
0.0427,0.0000,0.0000,0.0000,0.0425,0.0001,200,0.5351
0.0020,0.0000,0.0000,0.0000,0.0018,0.0001,200,0.5759
0.0101,0.0000,0.0000,0.0000,0.0101,0.0000,200,0.5684
0.0038,0.0000,0.0000,0.0000,0.0037,0.0001,200,0.5751
0.0031,0.0000,0.0000,0.0000,0.0030,0.0001,200,0.5760
0.0019,0.0000,0.0000,0.0000,0.0017,0.0001,200,0.5779
0.0219,0.0000,0.0000,0.0000,0.0218,0.0001,200,0.5581
0.0114,0.0000,0.0000,0.0000,0.0113,0.0000,200,0.5692
0.0243,0.0000,0.0000,0.0000,0.0242,0.0000,200,0.5563
0.0096,0.0000,0.0000,0.0000,0.0094,0.0001,200,0.5714
0.0346,0.0000,0.0000,0.0000,0.0344,0.0002,200,0.5467
0.0070,0.0000,0.0000,0.0000,0.0068,0.0001,200,0.5748
0.0032,0.0000,0.0000,0.0000,0.0031,0.0001,200,0.5788
0.0165,0.0000,0.0000,0.0000,0.0164,0.0000,200,0.5660
0.0576,0.0000,0.0000,0.0000,0.0574,0.0001,200,0.5252
0.0028,0.0000,0.0000,0.0000,0.0027,0.0001,200,0.5806
0.0273,0.0000,0.0000,0.0000,0.0272,0.0001,200,0.5565
0.0041,0.0000,0.0000,0.0000,0.0040,0.0001,200,0.5801
0.0710,0.0000,0.0000,0.0000,0.0708,0.0002,200,0.5133
0.0225,0.0000,0.0000,0.0000,0.0223,0.0001,200,0.5622
0.0265,0.0000,0.0000,0.0000,0.0263,0.0002,200,0.5586
0.0084,0.0000,0.0000,0.0000,0.0083,0.0000,200,0.5771
0.0048,0.0000,0.0000,0.0001,0.0045,0.0002,200,0.5810
0.0094,0.0000,0.0000,0.0000,0.0093,0.0001,200,0.5766
0.0028,0.0000,0.0000,0.0000,0.0027,0.0000,200,0.5838
0.0335,0.0000,0.0000,0.0000,0.0334,0.0000,200,0.5536
0.0198,0.0000,0.0000,0.0000,0.0197,0.0000,200,0.5675
0.0040,0.0000,0.0000,0.0000,0.0039,0.0000,200,0.5834
0.0082,0.0000,0.0000,0.0000,0.0081,0.0000,200,0.5797
0.0026,0.0000,0.0000,0.0000,0.0025,0.0001,200,0.5858
0.0109,0.0000,0.0000,0.0001,0.0106,0.0000,200,0.5777
0.0380,0.0000,0.0000,0.0000,0.0378,0.0001,200,0.5512
0.0331,0.0000,0.0000,0.0000,0.0329,0.0001,200,0.5563
0.0047,0.0000,0.0000,0.0000,0.0046,0.0000,200,0.5852
0.0207,0.0000,0.0000,0.0000,0.0206,0.0000,200,0.5692
0.0230,0.0000,0.0000,0.0000,0.0230,0.0000,200,0.5675
0.0035,0.0000,0.0000,0.0000,0.0034,0.0000,200,0.5871
0.0198,0.0000,0.0000,0.0000,0.0196,0.0001,200,0.5714
0.0234,0.0000,0.0000,0.0000,0.0234,0.0000,200,0.5678
0.0032,0.0000,0.0000,0.0000,0.0030,0.0001,200,0.5884
0.0218,0.0000,0.0000,0.0000,0.0207,0.0001,200,0.5702
0.0206,0.0000,0.0000,0.0000,0.0205,0.0000,200,0.5714
0.0014,0.0000,0.0000,0.0000,0.0012,0.0002,200,0.5912
0.0102,0.0000,0.0000,0.0001,0.0099,0.0000,200,0.5825
0.0167,0.0000,0.0000,0.0002,0.0164,0.0001,200,0.5770
0.0186,0.0000,0.0000,0.0000,0.0185,0.0000,200,0.5754
0.0127,0.0000,0.0000,0.0000,0.0123,0.0003,200,0.5813
0.0098,0.0000,0.0000,0.0000,0.0097,0.0000,200,0.5843
0.0395,0.0000,0.0000,0.0000,0.0392,0.0003,200,0.5553
0.0108,0.0000,0.0000,0.0000,0.0107,0.0000,200,0.5843
0.0199,0.0000,0.0000,0.0000,0.0196,0.0002,200,0.5753
0.0043,0.0000,0.0000,0.0000,0.0042,0.0000,200,0.5911
0.0033,0.0000,0.0000,0.0000,0.0032,0.0000,200,0.5926
0.0075,0.0000,0.0000,0.0000,0.0074,0.0000,200,0.5886
0.0228,0.0000,0.0000,0.0000,0.0227,0.0000,200,0.5743
0.0124,0.0000,0.0000,0.0000,0.0124,0.0000,200,0.5847
0.0233,0.0000,0.0000,0.0000,0.0219,0.0000,200,0.5739
0.0070,0.0000,0.0000,0.0000,0.0069,0.0000,200,0.5905
0.0282,0.0000,0.0000,0.0000,0.0281,0.0000,200,0.5696
0.0059,0.0000,0.0000,0.0000,0.0058,0.0001,200,0.5920
0.0270,0.0000,0.0000,0.0000,0.0269,0.0000,200,0.5714
0.0130,0.0000,0.0000,0.0000,0.0129,0.0000,200,0.5861
0.0272,0.0000,0.0000,0.0000,0.0271,0.0000,200,0.5719
0.0017,0.0000,0.0000,0.0000,0.0017,0.0000,200,0.5975
0.0213,0.0000,0.0000,0.0000,0.0212,0.0000,200,0.5785
0.0101,0.0000,0.0000,0.0000,0.0101,0.0000,200,0.5899
0.0198,0.0000,0.0000,0.0000,0.0197,0.0000,200,0.5806
0.0039,0.0000,0.0000,0.0000,0.0037,0.0001,200,0.5971
0.0064,0.0000,0.0000,0.0000,0.0063,0.0000,200,0.5947
0.0045,0.0000,0.0000,0.0000,0.0044,0.0001,200,0.5972
0.0020,0.0000,0.0000,0.0000,0.0019,0.0000,200,0.6000
0.0041,0.0000,0.0000,0.0000,0.0040,0.0000,200,0.5985
0.0106,0.0000,0.0000,0.0000,0.0104,0.0000,200,0.5920
0.0239,0.0000,0.0000,0.0000,0.0238,0.0000,200,0.5792
0.0651,0.0000,0.0000,0.0000,0.0650,0.0000,200,0.5380
0.0222,0.0000,0.0000,0.0002,0.0215,0.0004,200,0.5818
0.0030,0.0000,0.0000,0.0001,0.0028,0.0001,200,0.6011
0.0054,0.0000,0.0000,0.0000,0.0053,0.0000,200,0.5990
0.0108,0.0000,0.0000,0.0000,0.0107,0.0001,200,0.5937
0.0123,0.0000,0.0000,0.0000,0.0122,0.0000,200,0.5927
0.0051,0.0000,0.0000,0.0000,0.0049,0.0001,200,0.6004
0.0417,0.0000,0.0000,0.0000,0.0414,0.0003,200,0.5642
0.0337,0.0000,0.0000,0.0001,0.0335,0.0000,200,0.5725
0.0195,0.0000,0.0000,0.0000,0.0194,0.0000,200,0.5866
0.0349,0.0000,0.0000,0.0000,0.0349,0.0000,200,0.5715
0.0180,0.0000,0.0000,0.0000,0.0177,0.0003,200,0.5892
0.0194,0.0000,0.0000,0.0000,0.0193,0.0000,200,0.5879
0.0261,0.0000,0.0000,0.0001,0.0256,0.0003,200,0.5821
0.0083,0.0000,0.0000,0.0000,0.0082,0.0000,200,0.5998
0.0126,0.0000,0.0000,0.0000,0.0124,0.0001,200,0.5961
0.0142,0.0000,0.0000,0.0001,0.0139,0.0002,200,0.5952
0.0363,0.0000,0.0000,0.0014,0.0345,0.0000,200,0.5735
0.0417,0.0000,0.0000,0.0001,0.0415,0.0001,200,0.5683
0.0204,0.0000,0.0000,0.0001,0.0202,0.0000,200,0.5899
0.0009,0.0000,0.0000,0.0000,0.0008,0.0001,200,0.6100
0.0052,0.0000,0.0000,0.0000,0.0051,0.0000,200,0.6061
0.0044,0.0000,0.0000,0.0000,0.0043,0.0001,200,0.6072
0.0075,0.0000,0.0000,0.0000,0.0074,0.0000,200,0.6045
0.0062,0.0000,0.0000,0.0000,0.0061,0.0001,200,0.6061
0.0488,0.0000,0.0000,0.0000,0.0488,0.0000,200,0.5637
0.0537,0.0000,0.0000,0.0000,0.0536,0.0000,200,0.5599
0.0146,0.0000,0.0000,0.0001,0.0144,0.0001,200,0.5990
0.0042,0.0000,0.0000,0.0000,0.0037,0.0004,200,0.6098
0.0186,0.0000,0.0000,0.0000,0.0184,0.0001,200,0.5955
0.0240,0.0000,0.0000,0.0000,0.0239,0.0000,200,0.5906
0.0129,0.0000,0.0000,0.0000,0.0127,0.0001,200,0.6020
0.0037,0.0000,0.0000,0.0000,0.0036,0.0000,200,0.6113
0.0045,0.0000,0.0000,0.0000,0.0044,0.0000,200,0.6109
0.0072,0.0000,0.0000,0.0000,0.0063,0.0003,200,0.6087
0.0107,0.0000,0.0000,0.0000,0.0103,0.0002,200,0.6055
0.0208,0.0000,0.0000,0.0000,0.0206,0.0001,200,0.5958
0.0033,0.0000,0.0000,0.0000,0.0032,0.0000,200,0.6135
0.0090,0.0000,0.0000,0.0000,0.0089,0.0000,200,0.6082
0.0301,0.0000,0.0000,0.0000,0.0300,0.0000,200,0.5873
0.0031,0.0000,0.0000,0.0000,0.0030,0.0000,200,0.6150
0.0240,0.0000,0.0000,0.0000,0.0239,0.0000,200,0.5941
0.0026,0.0000,0.0000,0.0000,0.0025,0.0000,200,0.6159
0.0067,0.0000,0.0000,0.0000,0.0064,0.0003,200,0.6125
0.0053,0.0000,0.0000,0.0002,0.0050,0.0000,200,0.6141
0.0030,0.0000,0.0000,0.0000,0.0028,0.0002,200,0.6168
0.0283,0.0000,0.0000,0.0000,0.0282,0.0000,200,0.5916
0.0164,0.0000,0.0000,0.0000,0.0162,0.0001,200,0.6040
0.0268,0.0000,0.0000,0.0000,0.0266,0.0000,200,0.5940
0.1338,0.0000,0.0000,0.0000,0.1336,0.0002,200,0.4878
0.0093,0.0000,0.0000,0.0000,0.0093,0.0000,200,0.6124
0.0099,0.0000,0.0000,0.0000,0.0097,0.0001,200,0.6120
0.0988,0.0000,0.0000,0.0000,0.0987,0.0000,200,0.5235
0.0131,0.0000,0.0000,0.0000,0.0129,0.0001,200,0.6094
0.0250,0.0000,0.0000,0.0000,0.0249,0.0000,200,0.5979
0.0291,0.0000,0.0000,0.0000,0.0290,0.0000,200,0.5940
0.0020,0.0000,0.0000,0.0000,0.0019,0.0000,200,0.6216
0.0072,0.0000,0.0000,0.0000,0.0071,0.0000,200,0.6168
0.0294,0.0000,0.0000,0.0000,0.0292,0.0000,200,0.5951
0.0055,0.0000,0.0000,0.0000,0.0053,0.0002,200,0.6193
0.0021,0.0000,0.0000,0.0000,0.0021,0.0000,200,0.6229
0.0508,0.0000,0.0000,0.0000,0.0508,0.0000,200,0.5743
0.0285,0.0000,0.0000,0.0000,0.0284,0.0001,200,0.5971
0.0761,0.0000,0.0000,0.0000,0.0760,0.0000,200,0.5499
0.0151,0.0000,0.0000,0.0000,0.0149,0.0001,200,0.6116
0.0034,0.0000,0.0000,0.0000,0.0033,0.0001,200,0.6236
0.0420,0.0000,0.0000,0.0000,0.0420,0.0000,200,0.5855
0.0080,0.0000,0.0000,0.0000,0.0079,0.0001,200,0.6198
0.0059,0.0000,0.0000,0.0000,0.0055,0.0003,200,0.6225
0.0240,0.0000,0.0000,0.0000,0.0239,0.0000,200,0.6044
0.0070,0.0000,0.0000,0.0000,0.0066,0.0004,200,0.6223
0.0017,0.0000,0.0000,0.0000,0.0016,0.0000,200,0.6278
0.0152,0.0000,0.0000,0.0000,0.0149,0.0002,200,0.6146
0.0222,0.0000,0.0000,0.0000,0.0221,0.0000,200,0.6081
0.0328,0.0000,0.0000,0.0000,0.0327,0.0001,200,0.5978
0.0078,0.0000,0.0000,0.0000,0.0077,0.0000,200,0.6230
0.0276,0.0000,0.0000,0.0001,0.0273,0.0000,200,0.6041
0.0069,0.0000,0.0000,0.0000,0.0068,0.0001,200,0.6251
0.0039,0.0000,0.0000,0.0000,0.0038,0.0001,200,0.6293
0.0029,0.0000,0.0000,0.0000,0.0028,0.0000,200,0.6306
0.0164,0.0000,0.0000,0.0001,0.0163,0.0000,200,0.6171
0.0308,0.0000,0.0000,0.0000,0.0307,0.0000,200,0.6030
0.0242,0.0000,0.0000,0.0000,0.0241,0.0000,200,0.6104
0.0073,0.0000,0.0000,0.0000,0.0072,0.0001,200,0.6276
0.0021,0.0000,0.0000,0.0000,0.0020,0.0001,200,0.6336
0.0032,0.0000,0.0000,0.0000,0.0032,0.0000,200,0.6349
0.0507,0.0000,0.0000,0.0000,0.0506,0.0001,200,0.5875
0.0098,0.0000,0.0000,0.0000,0.0097,0.0001,200,0.6284
0.0152,0.0000,0.0000,0.0000,0.0151,0.0000,200,0.6251
0.0393,0.0000,0.0000,0.0000,0.0392,0.0000,200,0.6009
0.0108,0.0000,0.0000,0.0000,0.0107,0.0000,200,0.6295
0.0356,0.0000,0.0000,0.0000,0.0353,0.0002,200,0.6050
0.0168,0.0000,0.0000,0.0000,0.0164,0.0004,200,0.6240
0.0029,0.0000,0.0000,0.0000,0.0028,0.0000,200,0.6382
0.0243,0.0000,0.0000,0.0000,0.0242,0.0001,200,0.6174
0.0217,0.0000,0.0000,0.0000,0.0216,0.0001,200,0.6207
0.0101,0.0000,0.0000,0.0000,0.0100,0.0001,200,0.6335
0.0093,0.0000,0.0000,0.0001,0.0092,0.0000,200,0.6346
0.0283,0.0000,0.0000,0.0000,0.0282,0.0001,200,0.6162
0.0012,0.0000,0.0000,0.0000,0.0011,0.0000,200,0.6436
0.0147,0.0000,0.0000,0.0000,0.0146,0.0001,200,0.6308
0.0165,0.0000,0.0000,0.0000,0.0164,0.0000,200,0.6298
0.0437,0.0000,0.0000,0.0000,0.0436,0.0000,200,0.6030
0.0183,0.0000,0.0000,0.0000,0.0183,0.0000,200,0.6284
0.0320,0.0000,0.0000,0.0000,0.0317,0.0003,200,0.6154
0.0314,0.0000,0.0000,0.0000,0.0313,0.0000,200,0.6181
0.0433,0.0000,0.0000,0.0000,0.0432,0.0001,200,0.6064
0.0035,0.0000,0.0000,0.0000,0.0035,0.0000,200,0.6463
0.0302,0.0000,0.0000,0.0000,0.0299,0.0000,200,0.6199
0.0607,0.0000,0.0000,0.0001,0.0605,0.0000,200,0.5894
0.0121,0.0000,0.0000,0.0000,0.0119,0.0000,200,0.6381
0.0318,0.0000,0.0000,0.0000,0.0318,0.0000,200,0.6185
0.0174,0.0000,0.0000,0.0000,0.0173,0.0000,200,0.6332
0.0059,0.0000,0.0000,0.0000,0.0058,0.0000,200,0.6448
0.0040,0.0000,0.0000,0.0000,0.0039,0.0000,200,0.6467
0.0290,0.0000,0.0000,0.0000,0.0284,0.0000,200,0.6217
0.0304,0.0000,0.0000,0.0000,0.0302,0.0002,200,0.6203
0.0009,0.0000,0.0000,0.0000,0.0008,0.0000,200,0.6501
0.0129,0.0000,0.0000,0.0000,0.0128,0.0001,200,0.6382
0.0490,0.0000,0.0000,0.0001,0.0488,0.0000,200,0.6026
0.0015,0.0000,0.0000,0.0000,0.0012,0.0002,200,0.6507
0.0265,0.0000,0.0000,0.0000,0.0264,0.0000,200,0.6260
0.0465,0.0000,0.0000,0.0000,0.0464,0.0000,200,0.6060
0.0020,0.0000,0.0000,0.0000,0.0020,0.0000,200,0.6507
0.0057,0.0000,0.0000,0.0000,0.0056,0.0000,200,0.6474
0.0196,0.0000,0.0000,0.0000,0.0194,0.0001,200,0.6338
0.0180,0.0000,0.0000,0.0000,0.0173,0.0000,200,0.6357
0.0087,0.0000,0.0000,0.0000,0.0087,0.0000,200,0.6455
0.0407,0.0000,0.0000,0.0000,0.0405,0.0001,200,0.6140
0.0291,0.0000,0.0000,0.0000,0.0290,0.0000,200,0.6257
0.0240,0.0000,0.0000,0.0000,0.0236,0.0003,200,0.6317
0.0729,0.0000,0.0000,0.0001,0.0727,0.0000,200,0.5828
0.0537,0.0000,0.0000,0.0000,0.0536,0.0001,200,0.6025
0.0020,0.0000,0.0000,0.0000,0.0019,0.0000,200,0.6547
0.0011,0.0000,0.0000,0.0000,0.0011,0.0000,200,0.6557
0.0062,0.0000,0.0000,0.0000,0.0061,0.0000,200,0.6506
0.0102,0.0000,0.0000,0.0001,0.0101,0.0001,200,0.6467
0.0327,0.0000,0.0000,0.0001,0.0322,0.0004,200,0.6247
0.0304,0.0000,0.0000,0.0000,0.0303,0.0001,200,0.6270
0.0442,0.0000,0.0000,0.0002,0.0433,0.0000,200,0.6136
0.0058,0.0000,0.0000,0.0000,0.0058,0.0000,200,0.6524
0.0076,0.0000,0.0000,0.0000,0.0075,0.0001,200,0.6510
0.0415,0.0000,0.0000,0.0000,0.0415,0.0000,200,0.6180
0.0059,0.0000,0.0000,0.0000,0.0058,0.0000,200,0.6537
0.0378,0.0000,0.0000,0.0000,0.0370,0.0007,200,0.6219
0.0356,0.0000,0.0000,0.0000,0.0355,0.0001,200,0.6245
0.0533,0.0000,0.0000,0.0000,0.0532,0.0000,200,0.6072
0.0207,0.0000,0.0000,0.0000,0.0206,0.0000,200,0.6403
0.0341,0.0000,0.0000,0.0000,0.0340,0.0000,200,0.6269
0.0061,0.0000,0.0000,0.0000,0.0057,0.0003,200,0.6557
0.0022,0.0000,0.0000,0.0000,0.0021,0.0000,200,0.6596
0.0075,0.0000,0.0000,0.0000,0.0073,0.0001,200,0.6548
0.0015,0.0000,0.0000,0.0000,0.0015,0.0001,200,0.6610
0.0106,0.0000,0.0000,0.0000,0.0105,0.0000,200,0.6524
0.0315,0.0000,0.0000,0.0000,0.0313,0.0000,200,0.6320
0.0200,0.0000,0.0000,0.0000,0.0199,0.0001,200,0.6439
0.0026,0.0000,0.0000,0.0000,0.0024,0.0002,200,0.6618
0.0075,0.0000,0.0000,0.0000,0.0074,0.0001,200,0.6569
0.0139,0.0000,0.0000,0.0000,0.0138,0.0000,200,0.6511
0.0023,0.0000,0.0000,0.0000,0.0022,0.0000,200,0.6630
0.0011,0.0000,0.0000,0.0000,0.0009,0.0000,200,0.6644
0.0009,0.0000,0.0000,0.0000,0.0008,0.0001,200,0.6653
0.0089,0.0000,0.0000,0.0000,0.0085,0.0004,200,0.6574
0.0100,0.0000,0.0000,0.0000,0.0096,0.0001,200,0.6575
0.0174,0.0000,0.0000,0.0000,0.0174,0.0000,200,0.6500
0.0658,0.0000,0.0000,0.0001,0.0656,0.0001,200,0.6017
0.0173,0.0000,0.0000,0.0000,0.0172,0.0000,200,0.6506
0.0040,0.0000,0.0000,0.0000,0.0039,0.0001,200,0.6639
0.0121,0.0000,0.0000,0.0000,0.0120,0.0001,200,0.6567
0.0287,0.0000,0.0000,0.0000,0.0286,0.0000,200,0.6403
0.0020,0.0000,0.0000,0.0000,0.0019,0.0000,200,0.6676
0.0044,0.0000,0.0000,0.0000,0.0044,0.0000,200,0.6655
0.0281,0.0000,0.0000,0.0000,0.0280,0.0001,200,0.6425
0.0046,0.0000,0.0000,0.0000,0.0044,0.0001,200,0.6662
0.0033,0.0000,0.0000,0.0000,0.0032,0.0000,200,0.6679
0.0218,0.0000,0.0000,0.0000,0.0218,0.0000,200,0.6498
0.0313,0.0000,0.0000,0.0000,0.0313,0.0000,200,0.6403
0.0224,0.0000,0.0000,0.0000,0.0222,0.0002,200,0.6498
0.0224,0.0000,0.0000,0.0000,0.0223,0.0000,200,0.6503
0.0146,0.0000,0.0000,0.0000,0.0145,0.0000,200,0.6586
0.0017,0.0000,0.0000,0.0000,0.0016,0.0001,200,0.6716
0.0125,0.0000,0.0000,0.0000,0.0124,0.0001,200,0.6610
0.0334,0.0000,0.0000,0.0000,0.0333,0.0001,200,0.6406
0.0333,0.0000,0.0000,0.0000,0.0332,0.0000,200,0.6417
0.0155,0.0000,0.0000,0.0001,0.0153,0.0001,200,0.6596
0.0016,0.0000,0.0000,0.0000,0.0015,0.0000,200,0.6735
0.0451,0.0000,0.0000,0.0000,0.0450,0.0000,200,0.6303
0.0186,0.0000,0.0000,0.0000,0.0182,0.0003,200,0.6568
0.0081,0.0000,0.0000,0.0001,0.0080,0.0001,200,0.6679
0.0047,0.0000,0.0000,0.0000,0.0046,0.0000,200,0.6716
0.0224,0.0000,0.0000,0.0000,0.0223,0.0001,200,0.6543
0.0192,0.0000,0.0000,0.0000,0.0188,0.0004,200,0.6583
0.0280,0.0000,0.0000,0.0000,0.0279,0.0001,200,0.6495
0.0080,0.0000,0.0000,0.0000,0.0079,0.0001,200,0.6699
0.0071,0.0000,0.0000,0.0000,0.0070,0.0000,200,0.6708
0.0219,0.0000,0.0000,0.0000,0.0219,0.0000,200,0.6562
0.0345,0.0000,0.0000,0.0000,0.0343,0.0001,200,0.6445
0.0034,0.0000,0.0000,0.0000,0.0032,0.0001,200,0.6761
0.0127,0.0000,0.0000,0.0000,0.0126,0.0001,200,0.6674
0.0063,0.0000,0.0000,0.0000,0.0062,0.0000,200,0.6740
0.0054,0.0000,0.0000,0.0000,0.0053,0.0001,200,0.6751
0.0123,0.0000,0.0000,0.0001,0.0121,0.0000,200,0.6688
0.0127,0.0000,0.0000,0.0000,0.0126,0.0000,200,0.6690
0.0168,0.0000,0.0000,0.0000,0.0167,0.0000,200,0.6649
0.0021,0.0000,0.0000,0.0001,0.0020,0.0000,200,0.6801
0.0129,0.0000,0.0000,0.0000,0.0129,0.0000,200,0.6695
0.0076,0.0000,0.0000,0.0000,0.0075,0.0000,200,0.6751
0.0125,0.0000,0.0000,0.0000,0.0124,0.0000,200,0.6705
0.0332,0.0000,0.0000,0.0000,0.0330,0.0001,200,0.6504
0.0848,0.0000,0.0000,0.0000,0.0845,0.0003,200,0.5993
0.0172,0.0000,0.0000,0.0000,0.0171,0.0000,200,0.6675
0.0704,0.0000,0.0000,0.0001,0.0700,0.0002,200,0.6149
0.0446,0.0000,0.0000,0.0001,0.0443,0.0000,200,0.6408
0.0236,0.0000,0.0000,0.0000,0.0234,0.0002,200,0.6618
0.0332,0.0000,0.0000,0.0000,0.0331,0.0000,200,0.6527
0.0093,0.0000,0.0000,0.0001,0.0091,0.0001,200,0.6766
0.0082,0.0000,0.0000,0.0000,0.0079,0.0000,200,0.6782
0.0065,0.0000,0.0000,0.0000,0.0064,0.0000,200,0.6804
0.0112,0.0000,0.0000,0.0000,0.0110,0.0000,200,0.6763
0.0306,0.0000,0.0000,0.0000,0.0305,0.0001,200,0.6568
0.0350,0.0000,0.0000,0.0000,0.0346,0.0001,200,0.6531
0.0238,0.0000,0.0000,0.0000,0.0237,0.0000,200,0.6644
0.0479,0.0000,0.0000,0.0000,0.0477,0.0002,200,0.6411
0.0268,0.0000,0.0000,0.0000,0.0267,0.0000,200,0.6622
0.0261,0.0000,0.0000,0.0000,0.0259,0.0001,200,0.6634
0.0185,0.0000,0.0000,0.0000,0.0184,0.0000,200,0.6712
0.0184,0.0000,0.0000,0.0000,0.0182,0.0001,200,0.6722
0.0181,0.0000,0.0000,0.0000,0.0181,0.0000,200,0.6727
0.0106,0.0000,0.0000,0.0000,0.0105,0.0001,200,0.6805
0.0020,0.0000,0.0000,0.0001,0.0017,0.0000,200,0.6897
0.0024,0.0000,0.0000,0.0000,0.0023,0.0000,200,0.6896
0.0134,0.0000,0.0000,0.0000,0.0132,0.0001,200,0.6790
0.0045,0.0000,0.0000,0.0000,0.0044,0.0000,200,0.6882
0.0104,0.0000,0.0000,0.0000,0.0103,0.0000,200,0.6825
0.0080,0.0000,0.0000,0.0001,0.0078,0.0000,200,0.6854
0.0142,0.0000,0.0000,0.0000,0.0142,0.0000,200,0.6794
0.0316,0.0000,0.0000,0.0000,0.0315,0.0000,200,0.6626
0.0039,0.0000,0.0000,0.0001,0.0037,0.0000,200,0.6906
0.0086,0.0000,0.0000,0.0000,0.0085,0.0000,200,0.6859
0.0083,0.0000,0.0000,0.0000,0.0081,0.0000,200,0.6863
0.0082,0.0000,0.0000,0.0000,0.0081,0.0000,200,0.6868
0.0017,0.0000,0.0000,0.0000,0.0017,0.0000,200,0.6934
0.0012,0.0000,0.0000,0.0000,0.0010,0.0001,200,0.6944
0.0071,0.0000,0.0000,0.0000,0.0069,0.0001,200,0.6890
0.0210,0.0000,0.0000,0.0000,0.0209,0.0000,200,0.6754
0.0055,0.0000,0.0000,0.0000,0.0053,0.0000,200,0.6911
0.0146,0.0000,0.0000,0.0000,0.0145,0.0000,200,0.6827
0.0246,0.0000,0.0000,0.0000,0.0244,0.0002,200,0.6732
0.0134,0.0000,0.0000,0.0001,0.0129,0.0000,200,0.6847
0.0403,0.0000,0.0000,0.0000,0.0402,0.0000,200,0.6578
0.0037,0.0000,0.0000,0.0000,0.0037,0.0000,200,0.6950
0.0102,0.0000,0.0000,0.0000,0.0100,0.0000,200,0.6890
0.0245,0.0000,0.0000,0.0000,0.0242,0.0002,200,0.6754
0.0050,0.0000,0.0000,0.0000,0.0049,0.0000,200,0.6951
0.0049,0.0000,0.0000,0.0000,0.0047,0.0001,200,0.6956
0.0046,0.0000,0.0000,0.0000,0.0045,0.0001,200,0.6964
0.0192,0.0000,0.0000,0.0001,0.0188,0.0002,200,0.6822
0.0161,0.0000,0.0000,0.0000,0.0160,0.0000,200,0.6853
0.0354,0.0000,0.0000,0.0000,0.0350,0.0002,200,0.6663
0.0240,0.0000,0.0000,0.0002,0.0236,0.0000,200,0.6779
0.0184,0.0000,0.0000,0.0000,0.0161,0.0020,200,0.6859
0.0124,0.0000,0.0000,0.0000,0.0123,0.0000,200,0.6919
0.0509,0.0000,0.0000,0.0001,0.0508,0.0000,200,0.6534
0.0536,0.0000,0.0000,0.0000,0.0535,0.0000,200,0.6508
0.0100,0.0000,0.0000,0.0000,0.0099,0.0000,200,0.6945
0.0439,0.0000,0.0000,0.0000,0.0438,0.0000,200,0.6606
0.0529,0.0000,0.0000,0.0000,0.0529,0.0000,200,0.6516
0.0171,0.0000,0.0000,0.0000,0.0170,0.0000,200,0.6874
0.0448,0.0000,0.0000,0.0001,0.0447,0.0000,200,0.6597
0.0143,0.0000,0.0000,0.0000,0.0141,0.0001,200,0.6908
0.0074,0.0000,0.0000,0.0000,0.0074,0.0000,200,0.6981
0.0133,0.0000,0.0000,0.0000,0.0132,0.0001,200,0.6924
0.0012,0.0000,0.0000,0.0000,0.0010,0.0001,200,0.7050
0.0223,0.0000,0.0000,0.0000,0.0222,0.0000,200,0.6841
0.0258,0.0000,0.0000,0.0000,0.0257,0.0000,200,0.6811
0.0056,0.0000,0.0000,0.0000,0.0054,0.0002,200,0.7017
0.0032,0.0000,0.0000,0.0000,0.0030,0.0001,200,0.7044
0.0036,0.0000,0.0000,0.0000,0.0035,0.0001,200,0.7044
0.0253,0.0000,0.0000,0.0000,0.0251,0.0001,200,0.6830
0.0150,0.0000,0.0000,0.0000,0.0150,0.0001,200,0.6937
0.0049,0.0000,0.0000,0.0000,0.0047,0.0002,200,0.7045
0.0051,0.0000,0.0000,0.0000,0.0050,0.0000,200,0.7045
0.0055,0.0000,0.0000,0.0000,0.0054,0.0000,200,0.7043
0.0141,0.0000,0.0000,0.0000,0.0139,0.0001,200,0.6961
0.0584,0.0000,0.0000,0.0000,0.0583,0.0000,200,0.6522
0.0097,0.0000,0.0000,0.0000,0.0096,0.0001,200,0.7014
0.0195,0.0000,0.0000,0.0000,0.0193,0.0002,200,0.6917
0.0335,0.0000,0.0000,0.0000,0.0334,0.0000,200,0.6780
0.0237,0.0000,0.0000,0.0001,0.0235,0.0000,200,0.6881
0.0246,0.0000,0.0000,0.0000,0.0245,0.0000,200,0.6874
0.0080,0.0000,0.0000,0.0000,0.0080,0.0000,200,0.7045
0.0067,0.0000,0.0000,0.0001,0.0066,0.0000,200,0.7062
0.0941,0.0000,0.0000,0.0000,0.0940,0.0000,200,0.6194
0.0209,0.0000,0.0000,0.0000,0.0208,0.0001,200,0.6929
0.0042,0.0000,0.0000,0.0000,0.0041,0.0000,200,0.7098
0.0008,0.0000,0.0000,0.0000,0.0007,0.0000,200,0.7135
0.0372,0.0000,0.0000,0.0000,0.0371,0.0000,200,0.6775
0.0079,0.0000,0.0000,0.0000,0.0078,0.0001,200,0.7075
0.0078,0.0000,0.0000,0.0000,0.0077,0.0001,200,0.7080
0.0414,0.0000,0.0000,0.0000,0.0412,0.0001,200,0.6750
0.0068,0.0000,0.0000,0.0000,0.0068,0.0000,200,0.7096
0.0195,0.0000,0.0000,0.0000,0.0194,0.0000,200,0.6973
0.0046,0.0000,0.0000,0.0000,0.0045,0.0000,200,0.7126
0.0119,0.0000,0.0000,0.0000,0.0118,0.0000,200,0.7055
0.0193,0.0000,0.0000,0.0000,0.0192,0.0001,200,0.6988
0.0139,0.0000,0.0000,0.0000,0.0138,0.0000,200,0.7043
0.0144,0.0000,0.0000,0.0000,0.0143,0.0000,200,0.7043
0.0590,0.0000,0.0000,0.0002,0.0588,0.0000,200,0.6601
0.0084,0.0000,0.0000,0.0000,0.0083,0.0000,200,0.7112
0.0426,0.0000,0.0000,0.0000,0.0423,0.0000,200,0.6775
0.0073,0.0000,0.0000,0.0000,0.0072,0.0001,200,0.7129
0.0392,0.0000,0.0000,0.0000,0.0391,0.0000,200,0.6817
0.0205,0.0000,0.0000,0.0000,0.0204,0.0001,200,0.7005
0.0271,0.0000,0.0000,0.0002,0.0266,0.0003,200,0.6941
0.0160,0.0000,0.0000,0.0000,0.0157,0.0001,200,0.7057
0.0065,0.0000,0.0000,0.0000,0.0062,0.0002,200,0.7159
0.0083,0.0000,0.0000,0.0000,0.0081,0.0001,200,0.7143
0.0496,0.0000,0.0000,0.0000,0.0495,0.0001,200,0.6733
0.0050,0.0000,0.0000,0.0000,0.0044,0.0001,200,0.7182
0.0153,0.0000,0.0000,0.0000,0.0153,0.0000,200,0.7083
0.0221,0.0000,0.0000,0.0000,0.0220,0.0000,200,0.7019
0.0181,0.0000,0.0000,0.0002,0.0178,0.0001,200,0.7063
0.0149,0.0000,0.0000,0.0001,0.0147,0.0000,200,0.7101
0.0140,0.0000,0.0000,0.0000,0.0139,0.0001,200,0.7115
0.0137,0.0000,0.0000,0.0000,0.0136,0.0000,200,0.7118
0.0078,0.0000,0.0000,0.0000,0.0076,0.0001,200,0.7180
0.0285,0.0000,0.0000,0.0000,0.0284,0.0001,200,0.6978
0.0252,0.0000,0.0000,0.0000,0.0251,0.0001,200,0.7014
0.0074,0.0000,0.0000,0.0000,0.0074,0.0000,200,0.7196
0.0038,0.0000,0.0000,0.0000,0.0034,0.0004,200,0.7240
0.0172,0.0000,0.0000,0.0000,0.0172,0.0000,200,0.7105
0.0016,0.0000,0.0000,0.0000,0.0015,0.0000,200,0.7266
0.0082,0.0000,0.0000,0.0000,0.0081,0.0000,200,0.7202
0.0170,0.0000,0.0000,0.0000,0.0168,0.0001,200,0.7120
0.0223,0.0000,0.0000,0.0000,0.0222,0.0000,200,0.7073
0.0092,0.0000,0.0000,0.0000,0.0091,0.0001,200,0.7210
0.0192,0.0000,0.0000,0.0000,0.0190,0.0002,200,0.7111
0.0076,0.0000,0.0000,0.0000,0.0075,0.0000,200,0.7230
0.0067,0.0000,0.0000,0.0000,0.0067,0.0000,200,0.7244
0.0032,0.0000,0.0000,0.0000,0.0031,0.0001,200,0.7284
0.0147,0.0000,0.0000,0.0001,0.0145,0.0001,200,0.7171
0.0330,0.0000,0.0000,0.0000,0.0329,0.0000,200,0.6992
0.0073,0.0000,0.0000,0.0000,0.0073,0.0000,200,0.7255
0.0031,0.0000,0.0000,0.0000,0.0030,0.0000,200,0.7303
0.0294,0.0000,0.0000,0.0000,0.0293,0.0000,200,0.7044
0.0392,0.0000,0.0000,0.0000,0.0391,0.0001,200,0.6946
0.0152,0.0000,0.0000,0.0000,0.0150,0.0002,200,0.7191
0.0065,0.0000,0.0000,0.0000,0.0064,0.0000,200,0.7282
0.0058,0.0000,0.0000,0.0000,0.0057,0.0000,200,0.7292
0.0190,0.0000,0.0000,0.0000,0.0189,0.0000,200,0.7164
0.0429,0.0000,0.0000,0.0001,0.0426,0.0000,200,0.6927
0.0015,0.0000,0.0000,0.0000,0.0014,0.0001,200,0.7343
0.0111,0.0000,0.0000,0.0000,0.0111,0.0000,200,0.7250
0.0013,0.0000,0.0000,0.0000,0.0012,0.0000,200,0.7354
0.0229,0.0000,0.0000,0.0000,0.0228,0.0000,200,0.7141
0.0152,0.0000,0.0000,0.0001,0.0150,0.0000,200,0.7224
0.0219,0.0000,0.0000,0.0000,0.0215,0.0004,200,0.7164
0.0068,0.0000,0.0000,0.0000,0.0067,0.0000,200,0.7316
0.0026,0.0000,0.0000,0.0000,0.0024,0.0001,200,0.7367
0.0168,0.0000,0.0000,0.0001,0.0156,0.0010,200,0.7226
0.0095,0.0000,0.0000,0.0000,0.0094,0.0000,200,0.7306
0.0013,0.0000,0.0000,0.0003,0.0010,0.0000,200,0.7394
0.0222,0.0000,0.0000,0.0000,0.0219,0.0003,200,0.7187
0.0014,0.0000,0.0000,0.0000,0.0014,0.0000,200,0.7410
0.0088,0.0000,0.0000,0.0000,0.0088,0.0000,200,0.7339
0.0158,0.0000,0.0000,0.0000,0.0158,0.0000,200,0.7270
0.0166,0.0000,0.0000,0.0000,0.0144,0.0022,200,0.7262
0.0030,0.0000,0.0000,0.0001,0.0028,0.0000,200,0.7401
0.0578,0.0000,0.0000,0.0000,0.0576,0.0002,200,0.6853
0.0070,0.0000,0.0000,0.0000,0.0046,0.0023,200,0.7362
0.0183,0.0000,0.0000,0.0000,0.0182,0.0000,200,0.7255
0.0624,0.0000,0.0000,0.0000,0.0623,0.0001,200,0.6817
0.0233,0.0000,0.0000,0.0000,0.0232,0.0001,200,0.7213
0.0281,0.0000,0.0000,0.0000,0.0280,0.0001,200,0.7167
0.0094,0.0000,0.0000,0.0001,0.0092,0.0001,200,0.7358
0.0139,0.0000,0.0000,0.0000,0.0138,0.0000,200,0.7318
0.0461,0.0000,0.0000,0.0000,0.0460,0.0001,200,0.6999
0.0010,0.0000,0.0000,0.0000,0.0009,0.0000,200,0.7452
0.0040,0.0000,0.0000,0.0000,0.0039,0.0000,200,0.7425
0.0129,0.0000,0.0000,0.0000,0.0129,0.0000,200,0.7338
0.0031,0.0000,0.0000,0.0000,0.0030,0.0001,200,0.7441
0.0118,0.0000,0.0000,0.0000,0.0118,0.0000,200,0.7356
0.0157,0.0000,0.0000,0.0000,0.0155,0.0002,200,0.7322
0.0186,0.0000,0.0000,0.0000,0.0186,0.0000,200,0.7296
0.0486,0.0000,0.0000,0.0000,0.0485,0.0001,200,0.7001
0.0044,0.0000,0.0000,0.0000,0.0043,0.0001,200,0.7446
0.0020,0.0000,0.0000,0.0000,0.0019,0.0000,200,0.7472
0.0024,0.0000,0.0000,0.0000,0.0023,0.0000,200,0.7474
0.0069,0.0000,0.0000,0.0003,0.0066,0.0000,200,0.7430
0.0047,0.0000,0.0000,0.0000,0.0046,0.0001,200,0.7457
0.0668,0.0000,0.0000,0.0000,0.0668,0.0000,200,0.6835
0.0171,0.0000,0.0000,0.0000,0.0171,0.0001,200,0.7334
0.0232,0.0000,0.0000,0.0000,0.0231,0.0000,200,0.7278
0.0032,0.0000,0.0000,0.0000,0.0030,0.0001,200,0.7483
0.0080,0.0000,0.0000,0.0000,0.0078,0.0001,200,0.7438
0.0263,0.0000,0.0000,0.0002,0.0260,0.0000,200,0.7259
0.0078,0.0000,0.0000,0.0000,0.0076,0.0000,200,0.7449
0.0391,0.0000,0.0000,0.0000,0.0390,0.0000,200,0.7137
0.0028,0.0000,0.0000,0.0000,0.0027,0.0001,200,0.7504
0.0072,0.0000,0.0000,0.0001,0.0069,0.0001,200,0.7464
0.0571,0.0000,0.0000,0.0000,0.0570,0.0000,200,0.6967
0.0075,0.0000,0.0000,0.0000,0.0075,0.0000,200,0.7468
0.0019,0.0000,0.0000,0.0000,0.0017,0.0002,200,0.7527
0.0044,0.0000,0.0000,0.0000,0.0043,0.0000,200,0.7515
0.0049,0.0000,0.0000,0.0000,0.0049,0.0000,200,0.7510
0.0061,0.0000,0.0000,0.0000,0.0061,0.0000,200,0.7498
0.0176,0.0000,0.0000,0.0000,0.0169,0.0000,200,0.7383
0.0413,0.0000,0.0000,0.0000,0.0411,0.0000,200,0.7148
0.0216,0.0000,0.0000,0.0000,0.0215,0.0001,200,0.7350
0.0070,0.0000,0.0000,0.0000,0.0069,0.0001,200,0.7503
0.0014,0.0000,0.0000,0.0000,0.0013,0.0001,200,0.7559
0.0566,0.0000,0.0000,0.0000,0.0565,0.0000,200,0.7010
0.0380,0.0000,0.0000,0.0000,0.0379,0.0000,200,0.7200
0.0492,0.0000,0.0000,0.0000,0.0491,0.0001,200,0.7094
0.0159,0.0000,0.0000,0.0001,0.0153,0.0000,200,0.7427
0.0373,0.0000,0.0000,0.0000,0.0372,0.0001,200,0.7217
0.0134,0.0000,0.0000,0.0000,0.0132,0.0001,200,0.7462
0.0443,0.0000,0.0000,0.0000,0.0440,0.0000,200,0.7154
0.0041,0.0000,0.0000,0.0000,0.0040,0.0000,200,0.7561
0.0083,0.0000,0.0000,0.0000,0.0083,0.0000,200,0.7518
0.0629,0.0000,0.0000,0.0001,0.0628,0.0001,200,0.6981
0.0068,0.0000,0.0000,0.0000,0.0068,0.0000,200,0.7543
0.0033,0.0000,0.0000,0.0000,0.0029,0.0004,200,0.7580
0.0035,0.0000,0.0000,0.0000,0.0034,0.0000,200,0.7586
0.0026,0.0000,0.0000,0.0004,0.0022,0.0000,200,0.7597
0.0167,0.0000,0.0000,0.0003,0.0161,0.0002,200,0.7460
0.0355,0.0000,0.0000,0.0000,0.0354,0.0000,200,0.7277
0.0288,0.0000,0.0000,0.0000,0.0287,0.0000,200,0.7347
0.0013,0.0000,0.0000,0.0000,0.0013,0.0000,200,0.7627
0.0044,0.0000,0.0000,0.0002,0.0041,0.0001,200,0.7597
0.0087,0.0000,0.0000,0.0000,0.0086,0.0001,200,0.7558
0.0090,0.0000,0.0000,0.0000,0.0088,0.0000,200,0.7559
0.0475,0.0000,0.0000,0.0000,0.0474,0.0000,200,0.7174
0.0163,0.0000,0.0000,0.0000,0.0162,0.0001,200,0.7490
0.0266,0.0000,0.0000,0.0000,0.0264,0.0001,200,0.7392
0.0174,0.0000,0.0000,0.0000,0.0174,0.0000,200,0.7487
0.0579,0.0000,0.0000,0.0000,0.0578,0.0001,200,0.7087
0.0240,0.0000,0.0000,0.0000,0.0240,0.0000,200,0.7429
0.0166,0.0000,0.0000,0.0000,0.0165,0.0000,200,0.7505
0.0059,0.0000,0.0000,0.0000,0.0058,0.0000,200,0.7617
0.0448,0.0000,0.0000,0.0000,0.0447,0.0000,200,0.7232
0.0357,0.0000,0.0000,0.0000,0.0357,0.0000,200,0.7328
0.0118,0.0000,0.0000,0.0000,0.0117,0.0001,200,0.7573
0.0267,0.0000,0.0000,0.0000,0.0265,0.0000,200,0.7429
0.0087,0.0000,0.0000,0.0001,0.0085,0.0000,200,0.7610
0.0204,0.0000,0.0000,0.0000,0.0202,0.0002,200,0.7500
0.0641,0.0000,0.0000,0.0000,0.0641,0.0000,200,0.7069
0.0055,0.0000,0.0000,0.0000,0.0054,0.0001,200,0.7661
0.0181,0.0000,0.0000,0.0001,0.0180,0.0000,200,0.7537
0.0411,0.0000,0.0000,0.0000,0.0410,0.0000,200,0.7311
0.0070,0.0000,0.0000,0.0000,0.0066,0.0004,200,0.7658
0.0075,0.0000,0.0000,0.0000,0.0075,0.0000,200,0.7653
0.0430,0.0000,0.0000,0.0000,0.0429,0.0000,200,0.7303
0.0360,0.0000,0.0000,0.0000,0.0359,0.0000,200,0.7376
0.0191,0.0000,0.0000,0.0000,0.0190,0.0001,200,0.7546
0.0044,0.0000,0.0000,0.0000,0.0042,0.0002,200,0.7696
0.0020,0.0000,0.0000,0.0000,0.0019,0.0001,200,0.7722
0.0082,0.0000,0.0000,0.0000,0.0080,0.0001,200,0.7666
0.0381,0.0000,0.0000,0.0000,0.0380,0.0001,200,0.7370
0.0188,0.0000,0.0000,0.0000,0.0187,0.0001,200,0.7566
0.0268,0.0000,0.0000,0.0000,0.0265,0.0002,200,0.7493
0.0238,0.0000,0.0000,0.0000,0.0237,0.0000,200,0.7522
0.0090,0.0000,0.0000,0.0000,0.0089,0.0000,200,0.7676
0.0184,0.0000,0.0000,0.0000,0.0183,0.0001,200,0.7586
0.0011,0.0000,0.0000,0.0000,0.0009,0.0001,200,0.7760
0.0245,0.0000,0.0000,0.0000,0.0244,0.0000,200,0.7531
0.0347,0.0000,0.0000,0.0000,0.0346,0.0000,200,0.7432
0.0195,0.0000,0.0000,0.0000,0.0194,0.0000,200,0.7590
0.0551,0.0000,0.0000,0.0000,0.0549,0.0002,200,0.7236
0.0232,0.0000,0.0000,0.0000,0.0228,0.0003,200,0.7560
0.0115,0.0000,0.0000,0.0001,0.0114,0.0000,200,0.7680
0.0225,0.0000,0.0000,0.0000,0.0224,0.0000,200,0.7573
0.0027,0.0000,0.0000,0.0000,0.0026,0.0000,200,0.7776
0.0426,0.0000,0.0000,0.0006,0.0416,0.0004,200,0.7384
0.0190,0.0000,0.0000,0.0000,0.0188,0.0000,200,0.7621
0.0181,0.0000,0.0000,0.0000,0.0180,0.0000,200,0.7633
0.0087,0.0000,0.0000,0.0001,0.0086,0.0000,200,0.7735
0.0083,0.0000,0.0000,0.0000,0.0082,0.0000,200,0.7740
0.0154,0.0000,0.0000,0.0000,0.0153,0.0000,200,0.7669
0.0227,0.0000,0.0000,0.0000,0.0227,0.0000,200,0.7601
0.0163,0.0000,0.0000,0.0000,0.0162,0.0001,200,0.7671
0.0186,0.0000,0.0000,0.0000,0.0186,0.0000,200,0.7649
0.0017,0.0000,0.0000,0.0000,0.0017,0.0000,200,0.7823
0.0122,0.0000,0.0000,0.0000,0.0119,0.0002,200,0.7719
0.0118,0.0000,0.0000,0.0000,0.0116,0.0001,200,0.7728
0.0111,0.0000,0.0000,0.0000,0.0110,0.0000,200,0.7738
0.0120,0.0000,0.0000,0.0000,0.0117,0.0000,200,0.7733
0.0128,0.0000,0.0000,0.0000,0.0127,0.0000,200,0.7729
0.0261,0.0000,0.0000,0.0000,0.0260,0.0001,200,0.7601
0.0023,0.0000,0.0000,0.0001,0.0021,0.0000,200,0.7840
0.0182,0.0000,0.0000,0.0000,0.0181,0.0000,200,0.7686
0.0037,0.0000,0.0000,0.0000,0.0036,0.0000,200,0.7834
0.0072,0.0000,0.0000,0.0000,0.0071,0.0000,200,0.7803
0.0107,0.0000,0.0000,0.0000,0.0105,0.0001,200,0.7772
0.0245,0.0000,0.0000,0.0000,0.0244,0.0001,200,0.7635
0.0135,0.0000,0.0000,0.0001,0.0133,0.0000,200,0.7752
0.0196,0.0000,0.0000,0.0000,0.0195,0.0001,200,0.7691
0.0030,0.0000,0.0000,0.0000,0.0028,0.0002,200,0.7863
0.0319,0.0000,0.0000,0.0000,0.0318,0.0001,200,0.7576
0.0027,0.0000,0.0000,0.0000,0.0026,0.0001,200,0.7875
0.0693,0.0000,0.0000,0.0001,0.0692,0.0000,200,0.7210
0.0158,0.0000,0.0000,0.0000,0.0157,0.0001,200,0.7748
0.0272,0.0000,0.0000,0.0000,0.0268,0.0004,200,0.7641
0.0078,0.0000,0.0000,0.0000,0.0077,0.0000,200,0.7835
0.0380,0.0000,0.0000,0.0000,0.0379,0.0001,200,0.7537
0.0166,0.0000,0.0000,0.0000,0.0165,0.0000,200,0.7754
0.0060,0.0000,0.0000,0.0000,0.0058,0.0001,200,0.7863
0.0116,0.0000,0.0000,0.0000,0.0115,0.0001,200,0.7811
0.0112,0.0000,0.0000,0.0000,0.0111,0.0000,200,0.7823
0.0136,0.0000,0.0000,0.0000,0.0135,0.0000,200,0.7798
0.0155,0.0000,0.0000,0.0000,0.0155,0.0000,200,0.7785
0.0074,0.0000,0.0000,0.0000,0.0069,0.0004,200,0.7867
0.0155,0.0000,0.0000,0.0001,0.0154,0.0000,200,0.7792
0.0127,0.0000,0.0000,0.0002,0.0125,0.0001,200,0.7823
0.0018,0.0000,0.0000,0.0000,0.0017,0.0000,200,0.7934
0.0189,0.0000,0.0000,0.0000,0.0188,0.0000,200,0.7766
0.0052,0.0000,0.0000,0.0000,0.0051,0.0001,200,0.7906
0.0527,0.0000,0.0000,0.0000,0.0527,0.0000,200,0.7432
0.0054,0.0000,0.0000,0.0000,0.0052,0.0002,200,0.7913
0.0022,0.0000,0.0000,0.0000,0.0018,0.0004,200,0.7947
0.0280,0.0000,0.0000,0.0000,0.0276,0.0004,200,0.7696
0.0164,0.0000,0.0000,0.0000,0.0163,0.0000,200,0.7813
0.0074,0.0000,0.0000,0.0000,0.0074,0.0000,200,0.7903
0.0061,0.0000,0.0000,0.0000,0.0061,0.0000,200,0.7917
0.0127,0.0000,0.0000,0.0000,0.0123,0.0003,200,0.7857
0.0135,0.0000,0.0000,0.0000,0.0131,0.0000,200,0.7849
0.0207,0.0000,0.0000,0.0000,0.0207,0.0000,200,0.7779
0.0038,0.0000,0.0000,0.0000,0.0036,0.0001,200,0.7953
0.0107,0.0000,0.0000,0.0000,0.0106,0.0000,200,0.7886
0.0104,0.0000,0.0000,0.0001,0.0101,0.0001,200,0.7893
0.0284,0.0000,0.0000,0.0000,0.0283,0.0000,200,0.7716
0.0245,0.0000,0.0000,0.0000,0.0244,0.0000,200,0.7760
0.0041,0.0000,0.0000,0.0000,0.0040,0.0000,200,0.7967
0.0270,0.0000,0.0000,0.0000,0.0269,0.0001,200,0.7742
0.0061,0.0000,0.0000,0.0000,0.0059,0.0001,200,0.7955
0.0150,0.0000,0.0000,0.0000,0.0149,0.0000,200,0.7871
0.0227,0.0000,0.0000,0.0000,0.0226,0.0000,200,0.7796
0.0317,0.0000,0.0000,0.0000,0.0316,0.0000,200,0.7710
0.0081,0.0000,0.0000,0.0000,0.0078,0.0000,200,0.7950
0.0030,0.0000,0.0000,0.0000,0.0029,0.0001,200,0.8005
0.0078,0.0000,0.0000,0.0000,0.0076,0.0001,200,0.7959
0.0062,0.0000,0.0000,0.0000,0.0061,0.0001,200,0.7977
0.0050,0.0000,0.0000,0.0000,0.0049,0.0000,200,0.7993
0.0409,0.0000,0.0000,0.0000,0.0407,0.0002,200,0.7641
0.0404,0.0000,0.0000,0.0000,0.0403,0.0001,200,0.7649
0.0044,0.0000,0.0000,0.0000,0.0043,0.0001,200,0.8012
0.0045,0.0000,0.0000,0.0000,0.0044,0.0000,200,0.8016
0.0045,0.0000,0.0000,0.0000,0.0043,0.0002,200,0.8021
0.0089,0.0000,0.0000,0.0001,0.0088,0.0000,200,0.7984
0.0074,0.0000,0.0000,0.0000,0.0072,0.0002,200,0.8000
0.0040,0.0000,0.0000,0.0000,0.0037,0.0003,200,0.8035
0.0156,0.0000,0.0000,0.0000,0.0155,0.0001,200,0.7926
0.0092,0.0000,0.0000,0.0000,0.0091,0.0001,200,0.7991
0.0260,0.0000,0.0000,0.0000,0.0257,0.0002,200,0.7829
0.0278,0.0000,0.0000,0.0000,0.0278,0.0000,200,0.7810
0.0130,0.0000,0.0000,0.0001,0.0128,0.0001,200,0.7959
0.0240,0.0000,0.0000,0.0000,0.0234,0.0006,200,0.7853
0.0209,0.0000,0.0000,0.0000,0.0209,0.0000,200,0.7887
0.0121,0.0000,0.0000,0.0000,0.0120,0.0001,200,0.7977
0.0065,0.0000,0.0000,0.0000,0.0064,0.0000,200,0.8039
0.0017,0.0000,0.0000,0.0000,0.0010,0.0001,200,0.8089
0.0133,0.0000,0.0000,0.0000,0.0131,0.0000,200,0.7977
0.0021,0.0000,0.0000,0.0000,0.0020,0.0000,200,0.8093
0.0034,0.0000,0.0000,0.0000,0.0033,0.0001,200,0.8083
0.0070,0.0000,0.0000,0.0000,0.0068,0.0001,200,0.8053
0.0076,0.0000,0.0000,0.0000,0.0076,0.0000,200,0.8050
0.0341,0.0000,0.0000,0.0000,0.0339,0.0000,200,0.7788
0.0029,0.0000,0.0000,0.0000,0.0028,0.0001,200,0.8106
0.0051,0.0000,0.0000,0.0000,0.0050,0.0001,200,0.8088
0.0262,0.0000,0.0000,0.0000,0.0261,0.0000,200,0.7880
0.0212,0.0000,0.0000,0.0000,0.0211,0.0001,200,0.7940
0.0448,0.0000,0.0000,0.0001,0.0444,0.0000,200,0.7704
0.0073,0.0000,0.0000,0.0000,0.0073,0.0000,200,0.8096
0.0201,0.0000,0.0000,0.0000,0.0200,0.0000,200,0.7969
0.0109,0.0000,0.0000,0.0000,0.0108,0.0000,200,0.8061
0.0192,0.0000,0.0000,0.0000,0.0191,0.0000,200,0.7979
0.0028,0.0000,0.0000,0.0000,0.0028,0.0000,200,0.8142
0.0256,0.0000,0.0000,0.0002,0.0252,0.0002,200,0.7922
0.0142,0.0000,0.0000,0.0000,0.0140,0.0000,200,0.8037
0.0153,0.0000,0.0000,0.0000,0.0153,0.0000,200,0.8031
0.0209,0.0000,0.0000,0.0000,0.0206,0.0002,200,0.7983
0.0139,0.0000,0.0000,0.0000,0.0138,0.0001,200,0.8056
0.0014,0.0000,0.0000,0.0000,0.0012,0.0001,200,0.8184
0.0590,0.0000,0.0000,0.0000,0.0589,0.0001,200,0.7614
0.0057,0.0000,0.0000,0.0000,0.0056,0.0000,200,0.8152
0.0444,0.0000,0.0000,0.0001,0.0443,0.0000,200,0.7770
0.0085,0.0000,0.0000,0.0000,0.0085,0.0000,200,0.8135
0.0211,0.0000,0.0000,0.0000,0.0211,0.0000,200,0.8023
0.0040,0.0000,0.0000,0.0000,0.0039,0.0000,200,0.8194
0.0111,0.0000,0.0000,0.0000,0.0110,0.0000,200,0.8123
0.0401,0.0000,0.0000,0.0000,0.0400,0.0000,200,0.7840
0.0075,0.0000,0.0000,0.0000,0.0073,0.0000,200,0.8170
0.0047,0.0000,0.0000,0.0000,0.0046,0.0000,200,0.8203
0.0152,0.0000,0.0000,0.0000,0.0151,0.0000,200,0.8104
0.0185,0.0000,0.0000,0.0000,0.0184,0.0001,200,0.8074
0.0239,0.0000,0.0000,0.0000,0.0238,0.0002,200,0.8027
0.0864,0.0000,0.0000,0.0000,0.0863,0.0000,200,0.7407
0.0118,0.0000,0.0000,0.0000,0.0117,0.0001,200,0.8153
0.0105,0.0000,0.0000,0.0000,0.0104,0.0000,200,0.8171
0.0294,0.0000,0.0000,0.0000,0.0294,0.0000,200,0.7986
0.0019,0.0000,0.0000,0.0000,0.0018,0.0000,200,0.8267
0.0644,0.0000,0.0000,0.0000,0.0643,0.0001,200,0.7645
0.0060,0.0000,0.0000,0.0000,0.0059,0.0000,200,0.8234
0.0389,0.0000,0.0000,0.0000,0.0387,0.0001,200,0.7913
0.0184,0.0000,0.0000,0.0000,0.0181,0.0002,200,0.8126
0.0242,0.0000,0.0000,0.0000,0.0242,0.0000,200,0.8075
0.0062,0.0000,0.0000,0.0000,0.0061,0.0000,200,0.8271
0.0337,0.0000,0.0000,0.0000,0.0336,0.0000,200,0.7997
0.0456,0.0000,0.0000,0.0000,0.0455,0.0000,200,0.7878
0.0043,0.0000,0.0000,0.0000,0.0041,0.0001,200,0.8294
0.0013,0.0000,0.0000,0.0000,0.0012,0.0000,200,0.8333
0.0112,0.0000,0.0000,0.0000,0.0111,0.0000,200,0.8234
0.0453,0.0000,0.0000,0.0000,0.0450,0.0002,200,0.7895
0.0729,0.0000,0.0000,0.0000,0.0729,0.0000,200,0.7622
0.0068,0.0000,0.0000,0.0000,0.0066,0.0001,200,0.8289
0.0242,0.0000,0.0000,0.0000,0.0241,0.0000,200,0.8117
0.0223,0.0000,0.0000,0.0000,0.0222,0.0000,200,0.8140
0.0154,0.0000,0.0000,0.0000,0.0153,0.0000,200,0.8214
0.0028,0.0000,0.0000,0.0000,0.0027,0.0000,200,0.8346
0.0093,0.0000,0.0000,0.0000,0.0092,0.0000,200,0.8280
0.0433,0.0000,0.0000,0.0000,0.0433,0.0000,200,0.7941
0.0031,0.0000,0.0000,0.0000,0.0030,0.0000,200,0.8348
0.0163,0.0000,0.0000,0.0000,0.0161,0.0002,200,0.8220
0.0147,0.0000,0.0000,0.0000,0.0146,0.0001,200,0.8241
0.0011,0.0000,0.0000,0.0000,0.0010,0.0001,200,0.8379
0.0184,0.0000,0.0000,0.0002,0.0181,0.0000,200,0.8209
0.0206,0.0000,0.0000,0.0000,0.0204,0.0001,200,0.8192
0.0095,0.0000,0.0000,0.0001,0.0093,0.0001,200,0.8310
0.0926,0.0000,0.0000,0.0003,0.0922,0.0000,200,0.7479
0.0562,0.0000,0.0000,0.0001,0.0561,0.0000,200,0.7846
0.0075,0.0000,0.0000,0.0000,0.0075,0.0000,200,0.8334
0.0369,0.0000,0.0000,0.0000,0.0368,0.0001,200,0.8043
0.0043,0.0000,0.0000,0.0000,0.0042,0.0001,200,0.8375
0.0331,0.0000,0.0000,0.0000,0.0330,0.0000,200,0.8088
0.0030,0.0000,0.0000,0.0001,0.0026,0.0001,200,0.8398
0.0056,0.0000,0.0000,0.0000,0.0055,0.0000,200,0.8373
0.0049,0.0000,0.0000,0.0000,0.0041,0.0008,200,0.8388
0.0364,0.0000,0.0000,0.0000,0.0363,0.0001,200,0.8073
0.0383,0.0000,0.0000,0.0001,0.0382,0.0000,200,0.8066
0.0204,0.0000,0.0000,0.0000,0.0203,0.0000,200,0.8245
0.0028,0.0000,0.0000,0.0000,0.0019,0.0000,200,0.8429
0.0556,0.0000,0.0000,0.0000,0.0555,0.0000,200,0.7903
0.0054,0.0000,0.0000,0.0000,0.0052,0.0002,200,0.8409
0.0381,0.0000,0.0000,0.0000,0.0380,0.0000,200,0.8083
0.0362,0.0000,0.0000,0.0000,0.0360,0.0001,200,0.8110
0.0218,0.0000,0.0000,0.0000,0.0216,0.0002,200,0.8259
0.0112,0.0000,0.0000,0.0000,0.0111,0.0001,200,0.8368
0.0054,0.0000,0.0000,0.0000,0.0053,0.0001,200,0.8428
0.0025,0.0000,0.0000,0.0001,0.0023,0.0001,200,0.8464
0.0153,0.0000,0.0000,0.0000,0.0151,0.0000,200,0.8337
0.0249,0.0000,0.0000,0.0000,0.0248,0.0000,200,0.8250
0.0328,0.0000,0.0000,0.0000,0.0327,0.0002,200,0.8171
0.0042,0.0000,0.0000,0.0000,0.0042,0.0000,200,0.8463
0.0021,0.0000,0.0000,0.0000,0.0020,0.0000,200,0.8489
0.0596,0.0000,0.0000,0.0000,0.0595,0.0000,200,0.7920
0.0112,0.0000,0.0000,0.0000,0.0109,0.0002,200,0.8405
0.0129,0.0000,0.0000,0.0000,0.0129,0.0000,200,0.8393
0.0248,0.0000,0.0000,0.0000,0.0247,0.0000,200,0.8275
0.0015,0.0000,0.0000,0.0000,0.0011,0.0002,200,0.8510
0.1001,0.0000,0.0000,0.0001,0.1000,0.0000,200,0.7528
0.0355,0.0000,0.0000,0.0000,0.0355,0.0000,200,0.8178
0.0284,0.0000,0.0000,0.0000,0.0283,0.0001,200,0.8256
0.0065,0.0000,0.0000,0.0000,0.0064,0.0000,200,0.8480
0.0199,0.0000,0.0000,0.0000,0.0198,0.0000,200,0.8346
0.0375,0.0000,0.0000,0.0000,0.0375,0.0000,200,0.8170
0.0372,0.0000,0.0000,0.0000,0.0371,0.0000,200,0.8178
0.0082,0.0000,0.0000,0.0000,0.0081,0.0000,200,0.8471
0.0152,0.0000,0.0000,0.0000,0.0151,0.0000,200,0.8405
0.0429,0.0000,0.0000,0.0000,0.0428,0.0000,200,0.8129
0.0274,0.0000,0.0000,0.0000,0.0273,0.0000,200,0.8286
0.0047,0.0000,0.0000,0.0000,0.0046,0.0000,200,0.8517
0.0052,0.0000,0.0000,0.0000,0.0052,0.0000,200,0.8517
0.0116,0.0000,0.0000,0.0001,0.0113,0.0001,200,0.8459
0.0035,0.0000,0.0000,0.0000,0.0035,0.0000,200,0.8545
0.0081,0.0000,0.0000,0.0001,0.0079,0.0000,200,0.8499
0.0413,0.0000,0.0000,0.0000,0.0411,0.0002,200,0.8170
0.0041,0.0000,0.0000,0.0000,0.0041,0.0000,200,0.8544
0.0580,0.0000,0.0000,0.0000,0.0579,0.0000,200,0.8008
0.0084,0.0000,0.0000,0.0000,0.0083,0.0000,200,0.8505
0.0036,0.0000,0.0000,0.0000,0.0034,0.0001,200,0.8560
0.0144,0.0000,0.0000,0.0000,0.0142,0.0001,200,0.8457
0.0271,0.0000,0.0000,0.0000,0.0270,0.0001,200,0.8334
0.0287,0.0000,0.0000,0.0000,0.0287,0.0000,200,0.8317
0.0031,0.0000,0.0000,0.0000,0.0030,0.0000,200,0.8580
0.0167,0.0000,0.0000,0.0000,0.0166,0.0000,200,0.8449
0.0039,0.0000,0.0000,0.0000,0.0038,0.0000,200,0.8582
0.0097,0.0000,0.0000,0.0000,0.0096,0.0000,200,0.8529
0.0041,0.0000,0.0000,0.0000,0.0040,0.0001,200,0.8589
0.0040,0.0000,0.0000,0.0003,0.0036,0.0001,200,0.8595
0.0267,0.0000,0.0000,0.0000,0.0266,0.0001,200,0.8373
0.0118,0.0000,0.0000,0.0000,0.0117,0.0002,200,0.8522
0.0347,0.0000,0.0000,0.0000,0.0344,0.0003,200,0.8301
0.0024,0.0000,0.0000,0.0000,0.0018,0.0005,200,0.8630
0.0052,0.0000,0.0000,0.0000,0.0051,0.0001,200,0.8605
0.0131,0.0000,0.0000,0.0000,0.0130,0.0000,200,0.8534
0.0120,0.0000,0.0000,0.0000,0.0119,0.0000,200,0.8545
0.0103,0.0000,0.0000,0.0000,0.0102,0.0000,200,0.8564
0.0184,0.0000,0.0000,0.0000,0.0183,0.0000,200,0.8490
0.0077,0.0000,0.0000,0.0000,0.0076,0.0000,200,0.8601
0.0408,0.0000,0.0000,0.0000,0.0407,0.0001,200,0.8271
0.0125,0.0000,0.0000,0.0000,0.0124,0.0000,200,0.8559
0.0277,0.0000,0.0000,0.0000,0.0276,0.0001,200,0.8412
0.0307,0.0000,0.0000,0.0000,0.0306,0.0000,200,0.8383
0.0121,0.0000,0.0000,0.0000,0.0120,0.0000,200,0.8574
0.0020,0.0000,0.0000,0.0000,0.0019,0.0000,200,0.8678
0.0289,0.0000,0.0000,0.0000,0.0288,0.0001,200,0.8412
0.0156,0.0000,0.0000,0.0000,0.0153,0.0003,200,0.8553
0.0272,0.0000,0.0000,0.0002,0.0269,0.0000,200,0.8437
0.0031,0.0000,0.0000,0.0000,0.0030,0.0000,200,0.8684
0.0240,0.0000,0.0000,0.0000,0.0239,0.0001,200,0.8478
0.0527,0.0000,0.0000,0.0000,0.0527,0.0000,200,0.8199
0.0364,0.0000,0.0000,0.0000,0.0364,0.0000,200,0.8363
0.0369,0.0000,0.0000,0.0000,0.0368,0.0000,200,0.8359
0.0094,0.0000,0.0000,0.0001,0.0092,0.0000,200,0.8636
0.0238,0.0000,0.0000,0.0000,0.0237,0.0000,200,0.8499
0.0380,0.0000,0.0000,0.0002,0.0377,0.0000,200,0.8357
0.0302,0.0000,0.0000,0.0000,0.0300,0.0002,200,0.8438
0.0220,0.0000,0.0000,0.0000,0.0220,0.0000,200,0.8523
0.0329,0.0000,0.0000,0.0000,0.0329,0.0000,200,0.8420
0.0183,0.0000,0.0000,0.0000,0.0182,0.0001,200,0.8569
0.0656,0.0000,0.0000,0.0000,0.0655,0.0000,200,0.8098
0.0096,0.0000,0.0000,0.0000,0.0095,0.0001,200,0.8664
0.0124,0.0000,0.0000,0.0000,0.0122,0.0001,200,0.8641
0.0222,0.0000,0.0000,0.0000,0.0221,0.0000,200,0.8546
0.0184,0.0000,0.0000,0.0000,0.0183,0.0000,200,0.8588
0.0425,0.0000,0.0000,0.0000,0.0424,0.0001,200,0.8352
0.0376,0.0000,0.0000,0.0000,0.0376,0.0000,200,0.8418
0.0314,0.0000,0.0000,0.0000,0.0312,0.0000,200,0.8482
0.0086,0.0000,0.0000,0.0000,0.0085,0.0000,200,0.8709
0.0070,0.0000,0.0000,0.0000,0.0070,0.0000,200,0.8726
0.0216,0.0000,0.0000,0.0000,0.0216,0.0000,200,0.8580
0.0175,0.0000,0.0000,0.0000,0.0172,0.0001,200,0.8622
0.0216,0.0000,0.0000,0.0000,0.0215,0.0001,200,0.8586
0.0056,0.0000,0.0000,0.0001,0.0052,0.0000,200,0.8749
0.0155,0.0000,0.0000,0.0000,0.0154,0.0000,200,0.8653
0.0060,0.0000,0.0000,0.0001,0.0058,0.0001,200,0.8752
0.0163,0.0000,0.0000,0.0002,0.0160,0.0001,200,0.8651
0.0176,0.0000,0.0000,0.0000,0.0175,0.0000,200,0.8640
0.0094,0.0000,0.0000,0.0000,0.0093,0.0001,200,0.8727
0.0215,0.0000,0.0000,0.0000,0.0214,0.0000,200,0.8611
0.0033,0.0000,0.0000,0.0000,0.0032,0.0000,200,0.8795
0.0145,0.0000,0.0000,0.0000,0.0142,0.0002,200,0.8690
0.0031,0.0000,0.0000,0.0000,0.0029,0.0001,200,0.8805
0.0124,0.0000,0.0000,0.0000,0.0123,0.0001,200,0.8715
0.0145,0.0000,0.0000,0.0000,0.0143,0.0001,200,0.8698
0.0132,0.0000,0.0000,0.0000,0.0130,0.0001,200,0.8718
0.0049,0.0000,0.0000,0.0000,0.0048,0.0000,200,0.8802
0.0035,0.0000,0.0000,0.0000,0.0034,0.0000,200,0.8821
0.0152,0.0000,0.0000,0.0000,0.0151,0.0001,200,0.8709
0.0134,0.0000,0.0000,0.0000,0.0133,0.0000,200,0.8730
0.0269,0.0000,0.0000,0.0000,0.0265,0.0004,200,0.8604
0.0122,0.0000,0.0000,0.0000,0.0122,0.0000,200,0.8754
0.0066,0.0000,0.0000,0.0000,0.0064,0.0001,200,0.8812
0.0195,0.0000,0.0000,0.0000,0.0193,0.0001,200,0.8689
0.0014,0.0000,0.0000,0.0000,0.0013,0.0000,200,0.8878
0.0126,0.0000,0.0000,0.0000,0.0124,0.0000,200,0.8765
0.0442,0.0000,0.0000,0.0000,0.0442,0.0000,200,0.8449
0.0339,0.0000,0.0000,0.0000,0.0337,0.0001,200,0.8557
0.0663,0.0000,0.0000,0.0000,0.0662,0.0000,200,0.8234
0.0122,0.0000,0.0000,0.0000,0.0121,0.0000,200,0.8777
0.0059,0.0000,0.0000,0.0000,0.0059,0.0000,200,0.8843
0.0041,0.0000,0.0000,0.0000,0.0039,0.0001,200,0.8864
0.0166,0.0000,0.0000,0.0000,0.0166,0.0000,200,0.8744
0.0057,0.0000,0.0000,0.0000,0.0057,0.0000,200,0.8857
0.0245,0.0000,0.0000,0.0000,0.0244,0.0001,200,0.8674
0.0125,0.0000,0.0000,0.0000,0.0124,0.0000,200,0.8796
0.0065,0.0000,0.0000,0.0000,0.0064,0.0000,200,0.8862
0.0543,0.0000,0.0000,0.0000,0.0542,0.0000,200,0.8391
0.0041,0.0000,0.0000,0.0000,0.0040,0.0000,200,0.8896
0.0169,0.0000,0.0000,0.0000,0.0168,0.0000,200,0.8772
0.0070,0.0000,0.0000,0.0000,0.0068,0.0000,200,0.8876
0.0030,0.0000,0.0000,0.0000,0.0029,0.0000,200,0.8919
0.0040,0.0000,0.0000,0.0000,0.0039,0.0000,200,0.8914
0.0218,0.0000,0.0000,0.0001,0.0215,0.0000,200,0.8740
0.0412,0.0000,0.0000,0.0000,0.0409,0.0001,200,0.8550
0.0443,0.0000,0.0000,0.0000,0.0442,0.0001,200,0.8524
0.0240,0.0000,0.0000,0.0000,0.0240,0.0000,200,0.8727
0.0140,0.0000,0.0000,0.0000,0.0138,0.0001,200,0.8835
0.0280,0.0000,0.0000,0.0000,0.0278,0.0000,200,0.8695
0.0043,0.0000,0.0000,0.0000,0.0043,0.0001,200,0.8937
0.0038,0.0000,0.0000,0.0000,0.0036,0.0000,200,0.8946
0.0158,0.0000,0.0000,0.0000,0.0157,0.0000,200,0.8828
0.0160,0.0000,0.0000,0.0000,0.0160,0.0001,200,0.8836
0.0036,0.0000,0.0000,0.0000,0.0035,0.0000,200,0.8962
0.0333,0.0000,0.0000,0.0000,0.0333,0.0000,200,0.8667
0.0016,0.0000,0.0000,0.0000,0.0012,0.0000,200,0.8985
0.0018,0.0000,0.0000,0.0000,0.0017,0.0000,200,0.8986
0.0350,0.0000,0.0000,0.0000,0.0349,0.0000,200,0.8657
0.0072,0.0000,0.0000,0.0000,0.0071,0.0000,200,0.8941
0.0143,0.0000,0.0000,0.0000,0.0141,0.0002,200,0.8874
0.0117,0.0000,0.0000,0.0000,0.0116,0.0000,200,0.8902
0.0076,0.0000,0.0000,0.0000,0.0075,0.0000,200,0.8948
0.0142,0.0000,0.0000,0.0000,0.0141,0.0000,200,0.8884
0.0237,0.0000,0.0000,0.0000,0.0234,0.0001,200,0.8794
0.0052,0.0000,0.0000,0.0000,0.0048,0.0003,200,0.8980
0.0234,0.0000,0.0000,0.0000,0.0232,0.0001,200,0.8808
0.0143,0.0000,0.0000,0.0000,0.0142,0.0001,200,0.8900
0.0247,0.0000,0.0000,0.0000,0.0246,0.0001,200,0.8795
0.0250,0.0000,0.0000,0.0000,0.0247,0.0002,200,0.8796
0.0018,0.0000,0.0000,0.0000,0.0016,0.0002,200,0.9033
0.0206,0.0000,0.0000,0.0000,0.0206,0.0000,200,0.8851
0.0247,0.0000,0.0000,0.0000,0.0246,0.0001,200,0.8814
0.0062,0.0000,0.0000,0.0000,0.0062,0.0000,200,0.9000
0.0140,0.0000,0.0000,0.0000,0.0140,0.0000,200,0.8927
0.0454,0.0000,0.0000,0.0000,0.0454,0.0000,200,0.8616
0.0961,0.0000,0.0000,0.0000,0.0960,0.0001,200,0.8114
0.0396,0.0000,0.0000,0.0000,0.0395,0.0000,200,0.8679
0.0111,0.0000,0.0000,0.0000,0.0110,0.0001,200,0.8967
0.0194,0.0000,0.0000,0.0000,0.0191,0.0003,200,0.8891
0.0011,0.0000,0.0000,0.0000,0.0010,0.0000,200,0.9075
0.0021,0.0000,0.0000,0.0000,0.0019,0.0001,200,0.9068
0.0158,0.0000,0.0000,0.0000,0.0156,0.0002,200,0.8934
0.0466,0.0000,0.0000,0.0000,0.0465,0.0000,200,0.8626
0.0273,0.0000,0.0000,0.0000,0.0272,0.0001,200,0.8826
0.0030,0.0000,0.0000,0.0000,0.0030,0.0000,200,0.9070
0.0048,0.0000,0.0000,0.0000,0.0047,0.0000,200,0.9057
0.0132,0.0000,0.0000,0.0000,0.0131,0.0000,200,0.8975
0.0375,0.0000,0.0000,0.0001,0.0373,0.0000,200,0.8736
0.0096,0.0000,0.0000,0.0001,0.0094,0.0000,200,0.9019
0.0038,0.0000,0.0000,0.0001,0.0037,0.0000,200,0.9078
0.0096,0.0000,0.0000,0.0000,0.0095,0.0001,200,0.9025
0.0081,0.0000,0.0000,0.0000,0.0081,0.0000,200,0.9042
0.0238,0.0000,0.0000,0.0000,0.0237,0.0000,200,0.8891
0.0316,0.0000,0.0000,0.0000,0.0315,0.0001,200,0.8816
0.0229,0.0000,0.0000,0.0000,0.0229,0.0000,200,0.8910
0.0055,0.0000,0.0000,0.0000,0.0054,0.0000,200,0.9085
0.0026,0.0000,0.0000,0.0000,0.0024,0.0002,200,0.9117
0.0193,0.0000,0.0000,0.0000,0.0192,0.0001,200,0.8954
0.0256,0.0000,0.0000,0.0002,0.0250,0.0001,200,0.8897
0.0162,0.0000,0.0000,0.0000,0.0159,0.0002,200,0.8997
0.0464,0.0000,0.0000,0.0000,0.0461,0.0001,200,0.8702
0.0075,0.0000,0.0000,0.0000,0.0074,0.0000,200,0.9091
0.0104,0.0000,0.0000,0.0000,0.0103,0.0000,200,0.9063
0.0099,0.0000,0.0000,0.0000,0.0098,0.0000,200,0.9075
0.0163,0.0000,0.0000,0.0001,0.0161,0.0000,200,0.9012
0.0222,0.0000,0.0000,0.0000,0.0221,0.0000,200,0.8958
0.0067,0.0000,0.0000,0.0000,0.0066,0.0001,200,0.9116
0.0045,0.0000,0.0000,0.0000,0.0044,0.0000,200,0.9143
0.0066,0.0000,0.0000,0.0000,0.0065,0.0000,200,0.9124
0.0190,0.0000,0.0000,0.0000,0.0189,0.0000,200,0.9005
0.0031,0.0000,0.0000,0.0004,0.0026,0.0001,200,0.9166
0.0148,0.0000,0.0000,0.0000,0.0147,0.0001,200,0.9051
0.0205,0.0000,0.0000,0.0000,0.0204,0.0000,200,0.8998
0.0146,0.0000,0.0000,0.0001,0.0144,0.0000,200,0.9062
0.0167,0.0000,0.0000,0.0003,0.0164,0.0000,200,0.9046
0.0106,0.0000,0.0000,0.0000,0.0105,0.0000,200,0.9107
0.0118,0.0000,0.0000,0.0000,0.0117,0.0001,200,0.9100
0.0021,0.0000,0.0000,0.0000,0.0020,0.0000,200,0.9203
0.0095,0.0000,0.0000,0.0000,0.0094,0.0000,200,0.9132
0.0102,0.0000,0.0000,0.0000,0.0101,0.0000,200,0.9129
0.0070,0.0000,0.0000,0.0000,0.0068,0.0001,200,0.9166
0.0088,0.0000,0.0000,0.0000,0.0087,0.0001,200,0.9153
0.0274,0.0000,0.0000,0.0000,0.0273,0.0000,200,0.8967
0.0089,0.0000,0.0000,0.0001,0.0087,0.0001,200,0.9158
0.0053,0.0000,0.0000,0.0000,0.0052,0.0001,200,0.9200
0.0013,0.0000,0.0000,0.0000,0.0011,0.0000,200,0.9241
0.0074,0.0000,0.0000,0.0001,0.0072,0.0001,200,0.9183
0.0500,0.0000,0.0000,0.0000,0.0499,0.0000,200,0.8761
0.0223,0.0000,0.0000,0.0000,0.0222,0.0001,200,0.9042
0.0128,0.0000,0.0000,0.0000,0.0127,0.0000,200,0.9140
0.0135,0.0000,0.0000,0.0000,0.0131,0.0004,200,0.9140
0.0511,0.0000,0.0000,0.0000,0.0510,0.0001,200,0.8767
0.0250,0.0000,0.0000,0.0000,0.0248,0.0002,200,0.9032
0.0177,0.0000,0.0000,0.0000,0.0177,0.0000,200,0.9105
0.0168,0.0000,0.0000,0.0000,0.0165,0.0001,200,0.9122
0.0017,0.0000,0.0000,0.0000,0.0016,0.0000,200,0.9275
0.0277,0.0000,0.0000,0.0002,0.0274,0.0000,200,0.9017
0.0061,0.0000,0.0000,0.0000,0.0060,0.0000,200,0.9236
0.0047,0.0000,0.0000,0.0001,0.0044,0.0001,200,0.9254
0.0263,0.0000,0.0000,0.0000,0.0260,0.0000,200,0.9042
0.0392,0.0000,0.0000,0.0000,0.0388,0.0004,200,0.8921
0.0053,0.0000,0.0000,0.0000,0.0052,0.0000,200,0.9261
0.0086,0.0000,0.0000,0.0000,0.0085,0.0001,200,0.9231
0.0148,0.0000,0.0000,0.0000,0.0146,0.0002,200,0.9175
0.0130,0.0000,0.0000,0.0000,0.0129,0.0000,200,0.9194
0.0099,0.0000,0.0000,0.0000,0.0098,0.0000,200,0.9227
0.0240,0.0000,0.0000,0.0000,0.0238,0.0001,200,0.9089
0.0534,0.0000,0.0000,0.0000,0.0534,0.0000,200,0.8796
0.0310,0.0000,0.0000,0.0001,0.0309,0.0000,200,0.9024
0.0331,0.0000,0.0000,0.0000,0.0330,0.0000,200,0.9007
0.0064,0.0000,0.0000,0.0000,0.0059,0.0004,200,0.9283
0.1412,0.0000,0.0000,0.0000,0.1412,0.0000,200,0.7934
0.0132,0.0000,0.0000,0.0000,0.0131,0.0000,200,0.9218
0.0154,0.0000,0.0000,0.0000,0.0152,0.0001,200,0.9197
0.0029,0.0000,0.0000,0.0000,0.0029,0.0000,200,0.9326
0.0077,0.0000,0.0000,0.0000,0.0076,0.0000,200,0.9279
0.0172,0.0000,0.0000,0.0002,0.0170,0.0001,200,0.9190
0.0015,0.0000,0.0000,0.0000,0.0014,0.0001,200,0.9350
0.0520,0.0000,0.0000,0.0001,0.0519,0.0000,200,0.8850
0.0372,0.0000,0.0000,0.0000,0.0371,0.0001,200,0.9000
0.0015,0.0000,0.0000,0.0000,0.0014,0.0000,200,0.9362
0.0208,0.0000,0.0000,0.0000,0.0207,0.0000,200,0.9174
0.0054,0.0000,0.0000,0.0000,0.0053,0.0000,200,0.9331
0.0725,0.0000,0.0000,0.0000,0.0724,0.0000,200,0.8665
0.0038,0.0000,0.0000,0.0000,0.0037,0.0001,200,0.9356
0.0044,0.0000,0.0000,0.0000,0.0042,0.0001,200,0.9355
0.0119,0.0000,0.0000,0.0000,0.0118,0.0001,200,0.9282
0.0016,0.0000,0.0000,0.0000,0.0014,0.0001,200,0.9389
0.0095,0.0000,0.0000,0.0000,0.0094,0.0000,200,0.9313
0.0062,0.0000,0.0000,0.0000,0.0062,0.0000,200,0.9347
0.0043,0.0000,0.0000,0.0000,0.0042,0.0000,200,0.9370
0.0148,0.0000,0.0000,0.0002,0.0144,0.0000,200,0.9270
0.0129,0.0000,0.0000,0.0000,0.0128,0.0000,200,0.9292
0.0312,0.0000,0.0000,0.0001,0.0311,0.0000,200,0.9111
0.0250,0.0000,0.0000,0.0000,0.0249,0.0001,200,0.9179
0.0082,0.0000,0.0000,0.0000,0.0081,0.0001,200,0.9351
0.0339,0.0000,0.0000,0.0000,0.0338,0.0001,200,0.9099
0.0348,0.0000,0.0000,0.0000,0.0348,0.0000,200,0.9092
0.0013,0.0000,0.0000,0.0000,0.0012,0.0000,200,0.9433
0.0068,0.0000,0.0000,0.0001,0.0064,0.0002,200,0.9384
0.0106,0.0000,0.0000,0.0000,0.0105,0.0000,200,0.9347
0.0051,0.0000,0.0000,0.0000,0.0050,0.0000,200,0.9408
0.0084,0.0000,0.0000,0.0000,0.0082,0.0001,200,0.9381
0.0142,0.0000,0.0000,0.0000,0.0138,0.0003,200,0.9323
0.0176,0.0000,0.0000,0.0000,0.0175,0.0000,200,0.9290
0.0231,0.0000,0.0000,0.0000,0.0228,0.0002,200,0.9241
0.0021,0.0000,0.0000,0.0000,0.0020,0.0001,200,0.9452
0.0159,0.0000,0.0000,0.0000,0.0158,0.0000,200,0.9324
0.0065,0.0000,0.0000,0.0000,0.0064,0.0000,200,0.9418
0.0023,0.0000,0.0000,0.0000,0.0022,0.0001,200,0.9459
0.0088,0.0000,0.0000,0.0000,0.0087,0.0000,200,0.9399
0.0285,0.0000,0.0000,0.0000,0.0282,0.0002,200,0.9207
0.0030,0.0000,0.0000,0.0000,0.0029,0.0000,200,0.9465
0.0130,0.0000,0.0000,0.0000,0.0130,0.0000,200,0.9365
0.0202,0.0000,0.0000,0.0000,0.0201,0.0001,200,0.9301
0.0201,0.0000,0.0000,0.0000,0.0200,0.0000,200,0.9305
0.0069,0.0000,0.0000,0.0000,0.0068,0.0000,200,0.9440
0.0111,0.0000,0.0000,0.0000,0.0110,0.0000,200,0.9402
0.0143,0.0000,0.0000,0.0000,0.0143,0.0000,200,0.9372
0.0108,0.0000,0.0000,0.0003,0.0104,0.0000,200,0.9409
0.0016,0.0000,0.0000,0.0000,0.0016,0.0000,200,0.9503
0.0056,0.0000,0.0000,0.0000,0.0055,0.0000,200,0.9465
0.0043,0.0000,0.0000,0.0000,0.0042,0.0000,200,0.9483
0.0018,0.0000,0.0000,0.0000,0.0017,0.0001,200,0.9513
0.0154,0.0000,0.0000,0.0000,0.0154,0.0000,200,0.9377
0.0111,0.0000,0.0000,0.0000,0.0111,0.0000,200,0.9424
0.0143,0.0000,0.0000,0.0000,0.0136,0.0006,200,0.9405
0.0716,0.0000,0.0000,0.0002,0.0709,0.0004,200,0.8839
0.0069,0.0000,0.0000,0.0000,0.0064,0.0004,200,0.9487
0.0666,0.0000,0.0000,0.0000,0.0660,0.0006,200,0.8891
0.0825,0.0000,0.0000,0.0001,0.0818,0.0006,200,0.8736
0.0349,0.0000,0.0000,0.0000,0.0348,0.0001,200,0.9213
0.0185,0.0000,0.0000,0.0000,0.0182,0.0003,200,0.9394
0.0340,0.0000,0.0000,0.0000,0.0322,0.0018,200,0.9247
0.0271,0.0000,0.0000,0.0000,0.0255,0.0015,200,0.9317
0.0094,0.0000,0.0000,0.0002,0.0061,0.0030,200,0.9495
0.0261,0.0000,0.0000,0.0000,0.0250,0.0010,200,0.9329
0.0615,0.0000,0.0000,0.0000,0.0590,0.0025,200,0.8975
0.0294,0.0000,0.0000,0.0000,0.0286,0.0007,200,0.9297
0.0075,0.0000,0.0000,0.0001,0.0066,0.0007,200,0.9517
0.0508,0.0000,0.0000,0.0000,0.0507,0.0000,200,0.9086
0.0127,0.0000,0.0000,0.0000,0.0127,0.0000,200,0.9472
0.0269,0.0000,0.0000,0.0000,0.0268,0.0000,200,0.9334
0.0018,0.0000,0.0000,0.0000,0.0017,0.0000,200,0.9589
0.0163,0.0000,0.0000,0.0000,0.0162,0.0000,200,0.9446
0.0141,0.0000,0.0000,0.0000,0.0139,0.0001,200,0.9474
0.0130,0.0000,0.0000,0.0000,0.0125,0.0005,200,0.9493
0.0061,0.0000,0.0000,0.0028,0.0032,0.0000,200,0.9562
0.0088,0.0000,0.0000,0.0000,0.0087,0.0000,200,0.9536
0.0070,0.0000,0.0000,0.0003,0.0066,0.0000,200,0.9557
0.0726,0.0000,0.0000,0.0000,0.0725,0.0000,200,0.8904
0.0140,0.0000,0.0000,0.0000,0.0139,0.0001,200,0.9495
0.0492,0.0000,0.0000,0.0000,0.0492,0.0001,200,0.9147
0.0088,0.0000,0.0000,0.0002,0.0084,0.0001,200,0.9556
0.0040,0.0000,0.0000,0.0000,0.0039,0.0000,200,0.9604
0.0191,0.0000,0.0000,0.0000,0.0187,0.0002,200,0.9452
0.0465,0.0000,0.0000,0.0000,0.0464,0.0001,200,0.9187
0.0149,0.0000,0.0000,0.0000,0.0149,0.0000,200,0.9509
0.0071,0.0000,0.0000,0.0000,0.0071,0.0000,200,0.9589
0.0069,0.0000,0.0000,0.0000,0.0066,0.0003,200,0.9600
0.0445,0.0000,0.0000,0.0000,0.0444,0.0000,200,0.9224
0.0067,0.0000,0.0000,0.0000,0.0066,0.0000,200,0.9607
0.0336,0.0000,0.0000,0.0000,0.0335,0.0000,200,0.9338
0.0427,0.0000,0.0000,0.0000,0.0427,0.0000,200,0.9253
0.0121,0.0000,0.0000,0.0000,0.0091,0.0000,200,0.9562
0.0066,0.0000,0.0000,0.0000,0.0065,0.0001,200,0.9623
0.0187,0.0000,0.0000,0.0000,0.0186,0.0000,200,0.9506
0.0017,0.0000,0.0000,0.0000,0.0014,0.0001,200,0.9680
0.0262,0.0000,0.0000,0.0001,0.0259,0.0001,200,0.9439
0.0180,0.0000,0.0000,0.0000,0.0179,0.0000,200,0.9526
0.0123,0.0000,0.0000,0.0000,0.0121,0.0002,200,0.9587
0.0022,0.0000,0.0000,0.0000,0.0021,0.0000,200,0.9689
0.0447,0.0000,0.0000,0.0002,0.0443,0.0000,200,0.9265
0.0073,0.0000,0.0000,0.0000,0.0072,0.0001,200,0.9643
0.0052,0.0000,0.0000,0.0000,0.0051,0.0001,200,0.9674
0.0205,0.0000,0.0000,0.0000,0.0204,0.0000,200,0.9522
0.0212,0.0000,0.0000,0.0000,0.0210,0.0000,200,0.9515
0.0019,0.0000,0.0000,0.0000,0.0018,0.0000,200,0.9711
0.0145,0.0000,0.0000,0.0000,0.0145,0.0000,200,0.9588
0.0090,0.0000,0.0000,0.0000,0.0089,0.0000,200,0.9643
0.0076,0.0000,0.0000,0.0000,0.0076,0.0000,200,0.9661
0.0083,0.0000,0.0000,0.0000,0.0082,0.0001,200,0.9658
0.0111,0.0000,0.0000,0.0001,0.0108,0.0001,200,0.9635
0.0585,0.0000,0.0000,0.0000,0.0582,0.0002,200,0.9165
0.0148,0.0000,0.0000,0.0000,0.0147,0.0001,200,0.9609
0.0167,0.0000,0.0000,0.0000,0.0166,0.0000,200,0.9591
0.0013,0.0000,0.0000,0.0000,0.0009,0.0000,200,0.9750
0.0175,0.0000,0.0000,0.0000,0.0173,0.0002,200,0.9592
0.0029,0.0000,0.0000,0.0000,0.0028,0.0000,200,0.9742
0.0038,0.0000,0.0000,0.0001,0.0037,0.0000,200,0.9737
0.0065,0.0000,0.0000,0.0000,0.0062,0.0002,200,0.9712
0.0154,0.0000,0.0000,0.0000,0.0152,0.0000,200,0.9627
0.0142,0.0000,0.0000,0.0000,0.0141,0.0000,200,0.9639
0.0229,0.0000,0.0000,0.0019,0.0203,0.0000,200,0.9555
0.0031,0.0000,0.0000,0.0000,0.0030,0.0000,200,0.9757
0.0023,0.0000,0.0000,0.0000,0.0022,0.0000,200,0.9767
0.0014,0.0000,0.0000,0.0000,0.0005,0.0004,200,0.9782
0.0069,0.0000,0.0000,0.0000,0.0067,0.0000,200,0.9726
0.0172,0.0000,0.0000,0.0000,0.0172,0.0000,200,0.9630
0.0321,0.0000,0.0000,0.0000,0.0320,0.0001,200,0.9483
0.0096,0.0000,0.0000,0.0000,0.0095,0.0000,200,0.9711
0.0503,0.0000,0.0000,0.0000,0.0499,0.0004,200,0.9313
0.0028,0.0000,0.0000,0.0000,0.0026,0.0001,200,0.9789
0.0045,0.0000,0.0000,0.0000,0.0043,0.0002,200,0.9778
0.0175,0.0000,0.0000,0.0000,0.0173,0.0002,200,0.9653
0.0118,0.0000,0.0000,0.0001,0.0114,0.0000,200,0.9717
0.0019,0.0000,0.0000,0.0000,0.0018,0.0000,200,0.9816
0.0167,0.0000,0.0000,0.0000,0.0165,0.0001,200,0.9669
0.0627,0.0000,0.0000,0.0000,0.0626,0.0001,200,0.9213
0.0325,0.0000,0.0000,0.0000,0.0323,0.0002,200,0.9519
0.0223,0.0000,0.0000,0.0000,0.0223,0.0000,200,0.9623
0.0051,0.0000,0.0000,0.0000,0.0049,0.0000,200,0.9795
0.0319,0.0000,0.0000,0.0000,0.0315,0.0001,200,0.9532
0.0210,0.0000,0.0000,0.0000,0.0209,0.0001,200,0.9643
0.0373,0.0000,0.0000,0.0000,0.0372,0.0000,200,0.9483
0.0131,0.0000,0.0000,0.0000,0.0130,0.0000,200,0.9727
0.0157,0.0000,0.0000,0.0000,0.0155,0.0002,200,0.9706
0.0044,0.0000,0.0000,0.0000,0.0042,0.0002,200,0.9823
0.0121,0.0000,0.0000,0.0000,0.0119,0.0002,200,0.9747
0.0110,0.0000,0.0000,0.0000,0.0108,0.0001,200,0.9763
0.0148,0.0000,0.0000,0.0000,0.0147,0.0000,200,0.9730
0.0032,0.0000,0.0000,0.0000,0.0030,0.0002,200,0.9848
0.0034,0.0000,0.0000,0.0000,0.0033,0.0000,200,0.9850
0.0294,0.0000,0.0000,0.0000,0.0293,0.0001,200,0.9591
0.0054,0.0000,0.0000,0.0000,0.0053,0.0001,200,0.9836
0.0228,0.0000,0.0000,0.0000,0.0226,0.0001,200,0.9669
0.0168,0.0000,0.0000,0.0000,0.0168,0.0000,200,0.9733
0.0283,0.0000,0.0000,0.0000,0.0282,0.0000,200,0.9623
0.0092,0.0000,0.0000,0.0000,0.0092,0.0000,200,0.9817
0.0044,0.0000,0.0000,0.0000,0.0044,0.0000,200,0.9868
0.0449,0.0000,0.0000,0.0000,0.0449,0.0000,200,0.9465
0.0373,0.0000,0.0000,0.0001,0.0370,0.0001,200,0.9548
0.0117,0.0000,0.0000,0.0000,0.0117,0.0000,200,0.9807
0.0246,0.0000,0.0000,0.0000,0.0245,0.0000,200,0.9683
0.0354,0.0000,0.0000,0.0000,0.0342,0.0001,200,0.9579
0.0133,0.0000,0.0000,0.0000,0.0132,0.0000,200,0.9804
0.0138,0.0000,0.0000,0.0000,0.0137,0.0001,200,0.9803
0.0653,0.0000,0.0000,0.0000,0.0652,0.0001,200,0.9294
0.0024,0.0000,0.0000,0.0000,0.0020,0.0003,200,0.9924
0.0165,0.0000,0.0000,0.0000,0.0163,0.0002,200,0.9784
0.0069,0.0000,0.0000,0.0000,0.0067,0.0001,200,0.9885
0.0545,0.0000,0.0000,0.0000,0.0542,0.0000,200,0.9413
0.0065,0.0000,0.0000,0.0000,0.0064,0.0001,200,0.9897
0.0707,0.0000,0.0000,0.0000,0.0706,0.0001,200,0.9257
0.0112,0.0000,0.0000,0.0000,0.0110,0.0001,200,0.9858
0.0278,0.0000,0.0000,0.0000,0.0274,0.0003,200,0.9701
0.0016,0.0000,0.0000,0.0000,0.0013,0.0002,200,0.9964
0.0128,0.0000,0.0000,0.0000,0.0127,0.0000,200,0.9856
0.0078,0.0000,0.0000,0.0000,0.0077,0.0000,200,0.9909
0.0048,0.0000,0.0000,0.0000,0.0047,0.0000,200,0.9941
0.0148,0.0000,0.0000,0.0000,0.0147,0.0001,200,0.9846
0.0169,0.0000,0.0000,0.0000,0.0167,0.0001,200,0.9828
0.0040,0.0000,0.0000,0.0000,0.0039,0.0000,200,0.9962
0.0126,0.0000,0.0000,0.0000,0.0125,0.0000,200,0.9879
0.0027,0.0000,0.0000,0.0000,0.0027,0.0000,200,0.9979
0.0150,0.0000,0.0000,0.0000,0.0149,0.0001,200,0.9863
0.0175,0.0000,0.0000,0.0000,0.0174,0.0000,200,0.9841
0.0086,0.0000,0.0000,0.0000,0.0085,0.0001,200,0.9933
0.0035,0.0000,0.0000,0.0000,0.0034,0.0000,200,0.9987
0.0022,0.0000,0.0000,0.0000,0.0021,0.0001,200,1.0005
0.0196,0.0000,0.0000,0.0000,0.0195,0.0000,200,0.9835
0.0443,0.0000,0.0000,0.0000,0.0442,0.0000,200,0.9594
0.0318,0.0000,0.0000,0.0000,0.0317,0.0001,200,0.9727
0.0140,0.0000,0.0000,0.0000,0.0140,0.0000,200,0.9906
0.0049,0.0000,0.0000,0.0000,0.0045,0.0000,200,1.0002
0.0129,0.0000,0.0000,0.0000,0.0126,0.0003,200,0.9928
0.0364,0.0000,0.0000,0.0000,0.0364,0.0000,200,0.9693
0.0635,0.0000,0.0000,0.0001,0.0633,0.0000,200,0.9429
0.0121,0.0000,0.0000,0.0000,0.0119,0.0002,200,0.9948
0.0219,0.0000,0.0000,0.0000,0.0218,0.0001,200,0.9853
0.0307,0.0000,0.0000,0.0000,0.0306,0.0000,200,0.9771
0.0144,0.0000,0.0000,0.0000,0.0143,0.0001,200,0.9937
0.0065,0.0000,0.0000,0.0000,0.0064,0.0000,200,1.0022
0.0106,0.0000,0.0000,0.0000,0.0105,0.0002,200,0.9988
0.0229,0.0000,0.0000,0.0000,0.0228,0.0000,200,0.9884
0.0050,0.0000,0.0000,0.0000,0.0049,0.0000,200,1.0069
0.0108,0.0000,0.0000,0.0001,0.0107,0.0001,200,1.0020
0.0460,0.0000,0.0000,0.0000,0.0458,0.0000,200,0.9674
0.0053,0.0000,0.0000,0.0000,0.0053,0.0000,200,1.0087
0.0100,0.0000,0.0000,0.0000,0.0100,0.0000,200,1.0046
0.0239,0.0000,0.0000,0.0000,0.0238,0.0000,200,0.9915
0.0165,0.0000,0.0000,0.0000,0.0164,0.0001,200,0.9997
0.0325,0.0000,0.0000,0.0000,0.0324,0.0001,200,0.9845
0.0163,0.0000,0.0000,0.0000,0.0160,0.0000,200,1.0013
0.0066,0.0000,0.0000,0.0000,0.0064,0.0001,200,1.0120
0.0299,0.0000,0.0000,0.0000,0.0298,0.0000,200,0.9890
0.0321,0.0000,0.0000,0.0000,0.0320,0.0001,200,0.9873
0.0667,0.0000,0.0000,0.0000,0.0666,0.0000,200,0.9531
0.0448,0.0000,0.0000,0.0000,0.0447,0.0000,200,0.9757
0.0045,0.0000,0.0000,0.0000,0.0044,0.0000,200,1.0162
0.0305,0.0000,0.0000,0.0001,0.0303,0.0000,200,0.9921
0.0022,0.0000,0.0000,0.0000,0.0021,0.0000,200,1.0205
0.0058,0.0000,0.0000,0.0000,0.0057,0.0000,200,1.0169
0.0446,0.0000,0.0000,0.0000,0.0446,0.0000,200,0.9781
0.0222,0.0000,0.0000,0.0000,0.0221,0.0000,200,1.0007
0.0052,0.0000,0.0000,0.0000,0.0052,0.0000,200,1.0176
0.0247,0.0000,0.0000,0.0000,0.0246,0.0001,200,0.9984
0.0049,0.0000,0.0000,0.0000,0.0047,0.0001,200,1.0189
0.0096,0.0000,0.0000,0.0000,0.0094,0.0001,200,1.0147
0.0108,0.0000,0.0000,0.0000,0.0107,0.0001,200,1.0140
0.0226,0.0000,0.0000,0.0000,0.0225,0.0000,200,1.0030
0.0070,0.0000,0.0000,0.0000,0.0070,0.0000,200,1.0186
0.0204,0.0000,0.0000,0.0000,0.0203,0.0000,200,1.0057
0.0239,0.0000,0.0000,0.0000,0.0236,0.0003,200,1.0027
0.0040,0.0000,0.0000,0.0000,0.0039,0.0001,200,1.0227
0.0312,0.0000,0.0000,0.0000,0.0311,0.0000,200,0.9958
0.0147,0.0000,0.0000,0.0000,0.0141,0.0006,200,1.0134
0.0288,0.0000,0.0000,0.0000,0.0287,0.0000,200,0.9994
0.0305,0.0000,0.0000,0.0001,0.0304,0.0000,200,0.9978
0.0418,0.0000,0.0000,0.0000,0.0415,0.0002,200,0.9867
0.0058,0.0000,0.0000,0.0000,0.0056,0.0001,200,1.0231
0.0341,0.0000,0.0000,0.0000,0.0340,0.0000,200,0.9947
0.0319,0.0000,0.0000,0.0000,0.0317,0.0002,200,0.9970
0.0256,0.0000,0.0000,0.0000,0.0255,0.0000,200,1.0037
0.0520,0.0000,0.0000,0.0000,0.0520,0.0000,200,0.9775
0.0011,0.0000,0.0000,0.0000,0.0010,0.0001,200,1.0288
0.0029,0.0000,0.0000,0.0000,0.0028,0.0000,200,1.0282
0.0084,0.0000,0.0000,0.0000,0.0083,0.0000,200,1.0227
0.0082,0.0000,0.0000,0.0000,0.0081,0.0000,200,1.0228
0.0358,0.0000,0.0000,0.0001,0.0356,0.0000,200,0.9954
0.0618,0.0000,0.0000,0.0000,0.0617,0.0001,200,0.9698
0.0035,0.0000,0.0000,0.0000,0.0034,0.0000,200,1.0283
0.0055,0.0000,0.0000,0.0000,0.0054,0.0000,200,1.0270
0.0072,0.0000,0.0000,0.0000,0.0071,0.0000,200,1.0256
0.0045,0.0000,0.0000,0.0000,0.0044,0.0000,200,1.0288
0.0028,0.0000,0.0000,0.0000,0.0026,0.0002,200,1.0310
0.0090,0.0000,0.0000,0.0000,0.0090,0.0000,200,1.0248
0.0148,0.0000,0.0000,0.0001,0.0147,0.0000,200,1.0193
0.0036,0.0000,0.0000,0.0000,0.0035,0.0001,200,1.0311
0.0053,0.0000,0.0000,0.0000,0.0053,0.0000,200,1.0296
0.0027,0.0000,0.0000,0.0000,0.0026,0.0001,200,1.0325
0.0072,0.0000,0.0000,0.0000,0.0071,0.0001,200,1.0285
0.0059,0.0000,0.0000,0.0000,0.0058,0.0000,200,1.0300
0.0282,0.0000,0.0000,0.0000,0.0280,0.0001,200,1.0081
0.0533,0.0000,0.0000,0.0000,0.0532,0.0000,200,0.9835
0.0273,0.0000,0.0000,0.0000,0.0273,0.0000,200,1.0095
0.0457,0.0000,0.0000,0.0000,0.0457,0.0000,200,0.9912
0.0092,0.0000,0.0000,0.0000,0.0091,0.0000,200,1.0282
0.0305,0.0000,0.0000,0.0000,0.0304,0.0000,200,1.0072
0.0765,0.0000,0.0000,0.0000,0.0764,0.0000,200,0.9614
0.0368,0.0000,0.0000,0.0000,0.0367,0.0001,200,1.0015
0.0029,0.0000,0.0000,0.0000,0.0028,0.0000,200,1.0359
0.0040,0.0000,0.0000,0.0000,0.0039,0.0000,200,1.0357
0.0170,0.0000,0.0000,0.0000,0.0169,0.0000,200,1.0228
0.0058,0.0000,0.0000,0.0000,0.0055,0.0002,200,1.0342
0.0254,0.0000,0.0000,0.0000,0.0252,0.0001,200,1.0153
0.0141,0.0000,0.0000,0.0000,0.0141,0.0000,200,1.0266
0.0298,0.0000,0.0000,0.0000,0.0295,0.0002,200,1.0113
0.0615,0.0000,0.0000,0.0001,0.0613,0.0000,200,0.9795
0.0019,0.0000,0.0000,0.0000,0.0018,0.0000,200,1.0397
0.0038,0.0000,0.0000,0.0000,0.0036,0.0000,200,1.0378
0.0040,0.0000,0.0000,0.0002,0.0036,0.0001,200,1.0379
0.0131,0.0000,0.0000,0.0000,0.0129,0.0001,200,1.0293
0.0073,0.0000,0.0000,0.0000,0.0072,0.0001,200,1.0352
0.0083,0.0000,0.0000,0.0002,0.0080,0.0001,200,1.0346
0.0019,0.0000,0.0000,0.0000,0.0019,0.0000,200,1.0410
0.0238,0.0000,0.0000,0.0000,0.0237,0.0000,200,1.0198
0.0071,0.0000,0.0000,0.0000,0.0070,0.0001,200,1.0368
0.0188,0.0000,0.0000,0.0000,0.0188,0.0000,200,1.0256
0.0121,0.0000,0.0000,0.0000,0.0117,0.0004,200,1.0328
0.0036,0.0000,0.0000,0.0000,0.0035,0.0000,200,1.0416
0.0402,0.0000,0.0000,0.0000,0.0401,0.0000,200,1.0051
0.0043,0.0000,0.0000,0.0000,0.0042,0.0000,200,1.0410
0.0191,0.0000,0.0000,0.0000,0.0190,0.0000,200,1.0266
0.0513,0.0000,0.0000,0.0001,0.0509,0.0003,200,0.9949
0.0010,0.0000,0.0000,0.0000,0.0009,0.0001,200,1.0453
0.0071,0.0000,0.0000,0.0001,0.0069,0.0001,200,1.0397
0.0572,0.0000,0.0000,0.0000,0.0570,0.0002,200,0.9901
0.0236,0.0000,0.0000,0.0000,0.0231,0.0004,200,1.0238
0.0022,0.0000,0.0000,0.0000,0.0022,0.0000,200,1.0453
0.0214,0.0000,0.0000,0.0001,0.0212,0.0000,200,1.0261
0.0351,0.0000,0.0000,0.0000,0.0349,0.0001,200,1.0128
0.0054,0.0000,0.0000,0.0000,0.0050,0.0002,200,1.0430
0.0079,0.0000,0.0000,0.0000,0.0078,0.0001,200,1.0407
0.0757,0.0000,0.0000,0.0002,0.0752,0.0002,200,0.9733
0.0022,0.0000,0.0000,0.0000,0.0021,0.0000,200,1.0475
0.0707,0.0000,0.0000,0.0000,0.0704,0.0003,200,0.9790
0.0036,0.0000,0.0000,0.0000,0.0035,0.0000,200,1.0463
0.0088,0.0000,0.0000,0.0000,0.0086,0.0002,200,1.0419
0.0022,0.0000,0.0000,0.0000,0.0021,0.0001,200,1.0486
0.0019,0.0000,0.0000,0.0000,0.0018,0.0001,200,1.0491
0.0018,0.0000,0.0000,0.0004,0.0014,0.0000,200,1.0497
0.0064,0.0000,0.0000,0.0000,0.0064,0.0000,200,1.0452
0.0075,0.0000,0.0000,0.0000,0.0074,0.0001,200,1.0444
0.0184,0.0000,0.0000,0.0000,0.0183,0.0000,200,1.0339
0.0127,0.0000,0.0000,0.0000,0.0126,0.0000,200,1.0399
0.0470,0.0000,0.0000,0.0000,0.0469,0.0000,200,1.0057
0.0184,0.0000,0.0000,0.0000,0.0182,0.0001,200,1.0349
0.0014,0.0000,0.0000,0.0000,0.0013,0.0000,200,1.0522
0.0008,0.0000,0.0000,0.0000,0.0007,0.0000,200,1.0536
0.0105,0.0000,0.0000,0.0000,0.0101,0.0003,200,1.0439
0.0177,0.0000,0.0000,0.0000,0.0176,0.0000,200,1.0373
0.0137,0.0000,0.0000,0.0000,0.0136,0.0000,200,1.0416
0.0121,0.0000,0.0000,0.0000,0.0120,0.0001,200,1.0436
0.0242,0.0000,0.0000,0.0000,0.0242,0.0000,200,1.0316
0.0335,0.0000,0.0000,0.0000,0.0332,0.0002,200,1.0229
0.0038,0.0000,0.0000,0.0000,0.0038,0.0000,200,1.0532
0.0029,0.0000,0.0000,0.0000,0.0028,0.0000,200,1.0544
0.0285,0.0000,0.0000,0.0000,0.0284,0.0000,200,1.0289
0.0270,0.0000,0.0000,0.0000,0.0269,0.0000,200,1.0310
0.0215,0.0000,0.0000,0.0000,0.0214,0.0001,200,1.0368
0.0116,0.0000,0.0000,0.0000,0.0115,0.0000,200,1.0474
0.0122,0.0000,0.0000,0.0000,0.0121,0.0000,200,1.0474
0.0024,0.0000,0.0000,0.0000,0.0023,0.0001,200,1.0573
0.0080,0.0000,0.0000,0.0000,0.0077,0.0003,200,1.0527
0.0050,0.0000,0.0000,0.0000,0.0049,0.0000,200,1.0557
0.0105,0.0000,0.0000,0.0000,0.0104,0.0001,200,1.0508
0.0099,0.0000,0.0000,0.0000,0.0099,0.0000,200,1.0515
0.0539,0.0000,0.0000,0.0000,0.0539,0.0000,200,1.0077
0.0024,0.0000,0.0000,0.0000,0.0023,0.0001,200,1.0596
0.0115,0.0000,0.0000,0.0000,0.0115,0.0000,200,1.0509
0.0083,0.0000,0.0000,0.0000,0.0080,0.0001,200,1.0560
0.0213,0.0000,0.0000,0.0000,0.0212,0.0000,200,1.0430
0.0104,0.0000,0.0000,0.0000,0.0103,0.0001,200,1.0552
0.0014,0.0000,0.0000,0.0000,0.0013,0.0000,200,1.0642
0.0107,0.0000,0.0000,0.0000,0.0105,0.0002,200,1.0552
0.0258,0.0000,0.0000,0.0000,0.0257,0.0000,200,1.0407
0.0792,0.0000,0.0000,0.0000,0.0790,0.0001,200,0.9877
0.0125,0.0000,0.0000,0.0000,0.0123,0.0001,200,1.0563
0.0094,0.0000,0.0000,0.0000,0.0093,0.0000,200,1.0596
0.0109,0.0000,0.0000,0.0000,0.0108,0.0000,200,1.0583
0.0172,0.0000,0.0000,0.0000,0.0171,0.0000,200,1.0520
0.0224,0.0000,0.0000,0.0000,0.0223,0.0000,200,1.0468
0.1272,0.0000,0.0000,0.0000,0.1271,0.0000,200,0.9421
0.0104,0.0000,0.0000,0.0000,0.0103,0.0000,200,1.0590
0.0355,0.0000,0.0000,0.0000,0.0355,0.0000,200,1.0339
0.0121,0.0000,0.0000,0.0000,0.0120,0.0000,200,1.0571
0.0199,0.0000,0.0000,0.0000,0.0198,0.0000,200,1.0498
0.0470,0.0000,0.0000,0.0000,0.0465,0.0004,200,1.0228
0.0089,0.0000,0.0000,0.0001,0.0086,0.0001,200,1.0615
0.0284,0.0000,0.0000,0.0000,0.0282,0.0002,200,1.0425
0.0016,0.0000,0.0000,0.0000,0.0015,0.0000,200,1.0697
0.0094,0.0000,0.0000,0.0000,0.0093,0.0000,200,1.0620
0.0110,0.0000,0.0000,0.0000,0.0109,0.0001,200,1.0613
0.0031,0.0000,0.0000,0.0000,0.0030,0.0001,200,1.0696
0.0073,0.0000,0.0000,0.0000,0.0072,0.0000,200,1.0656
0.0060,0.0000,0.0000,0.0000,0.0046,0.0000,200,1.0669
0.0020,0.0000,0.0000,0.0000,0.0019,0.0000,200,1.0714
0.0134,0.0000,0.0000,0.0000,0.0132,0.0001,200,1.0607
0.0100,0.0000,0.0000,0.0000,0.0099,0.0000,200,1.0642
0.0270,0.0000,0.0000,0.0000,0.0269,0.0000,200,1.0479
0.0028,0.0000,0.0000,0.0000,0.0020,0.0003,200,1.0729
0.0048,0.0000,0.0000,0.0000,0.0047,0.0000,200,1.0710
0.0182,0.0000,0.0000,0.0000,0.0179,0.0002,200,1.0580
0.0035,0.0000,0.0000,0.0000,0.0030,0.0000,200,1.0730
0.0254,0.0000,0.0000,0.0000,0.0252,0.0001,200,1.0516
0.0080,0.0000,0.0000,0.0000,0.0079,0.0001,200,1.0693
0.0323,0.0000,0.0000,0.0000,0.0320,0.0003,200,1.0457
0.0040,0.0000,0.0000,0.0001,0.0038,0.0000,200,1.0743
0.0176,0.0000,0.0000,0.0000,0.0175,0.0000,200,1.0607
0.0100,0.0000,0.0000,0.0000,0.0099,0.0000,200,1.0689
0.0426,0.0000,0.0000,0.0000,0.0420,0.0005,200,1.0370
0.0179,0.0000,0.0000,0.0000,0.0178,0.0000,200,1.0617
0.0098,0.0000,0.0000,0.0000,0.0097,0.0001,200,1.0703
0.0737,0.0000,0.0000,0.0000,0.0737,0.0000,200,1.0064
0.0150,0.0000,0.0000,0.0000,0.0150,0.0000,200,1.0659
0.0116,0.0000,0.0000,0.0005,0.0111,0.0000,200,1.0694
0.0317,0.0000,0.0000,0.0002,0.0311,0.0003,200,1.0498
0.0059,0.0000,0.0000,0.0000,0.0059,0.0000,200,1.0758
0.0489,0.0000,0.0000,0.0000,0.0488,0.0001,200,1.0333
0.0253,0.0000,0.0000,0.0000,0.0251,0.0001,200,1.0575
0.0067,0.0000,0.0000,0.0001,0.0065,0.0000,200,1.0762
0.0790,0.0000,0.0000,0.0000,0.0789,0.0001,200,1.0044
0.0108,0.0000,0.0000,0.0000,0.0108,0.0000,200,1.0727
0.0144,0.0000,0.0000,0.0000,0.0143,0.0000,200,1.0697
0.0384,0.0000,0.0000,0.0000,0.0382,0.0002,200,1.0462
0.0073,0.0000,0.0000,0.0000,0.0072,0.0000,200,1.0774
0.0055,0.0000,0.0000,0.0000,0.0054,0.0001,200,1.0796
0.0372,0.0000,0.0000,0.0000,0.0368,0.0003,200,1.0484
0.0122,0.0000,0.0000,0.0000,0.0122,0.0000,200,1.0734
0.0167,0.0000,0.0000,0.0000,0.0165,0.0002,200,1.0692
0.0552,0.0000,0.0000,0.0000,0.0552,0.0000,200,1.0311
0.0096,0.0000,0.0000,0.0000,0.0096,0.0000,200,1.0770
0.0363,0.0000,0.0000,0.0000,0.0363,0.0000,200,1.0507
0.0134,0.0000,0.0000,0.0000,0.0133,0.0001,200,1.0741
0.0098,0.0000,0.0000,0.0000,0.0097,0.0001,200,1.0780
0.0048,0.0000,0.0000,0.0000,0.0047,0.0001,200,1.0834
0.0194,0.0000,0.0000,0.0000,0.0193,0.0000,200,1.0692
0.0040,0.0000,0.0000,0.0000,0.0040,0.0000,200,1.0846
0.0527,0.0000,0.0000,0.0000,0.0525,0.0000,200,1.0362
0.0471,0.0000,0.0000,0.0000,0.0469,0.0000,200,1.0424
0.0580,0.0000,0.0000,0.0000,0.0579,0.0001,200,1.0318
0.0235,0.0000,0.0000,0.0000,0.0234,0.0001,200,1.0665
0.0069,0.0000,0.0000,0.0001,0.0067,0.0000,200,1.0835
0.0365,0.0000,0.0000,0.0000,0.0363,0.0001,200,1.0545
0.0027,0.0000,0.0000,0.0000,0.0026,0.0001,200,1.0886
0.0675,0.0000,0.0000,0.0000,0.0674,0.0001,200,1.0243
0.0016,0.0000,0.0000,0.0000,0.0015,0.0000,200,1.0904
0.0075,0.0000,0.0000,0.0000,0.0074,0.0000,200,1.0851
0.0207,0.0000,0.0000,0.0000,0.0206,0.0001,200,1.0723
0.0279,0.0000,0.0000,0.0000,0.0279,0.0000,200,1.0656
0.0076,0.0000,0.0000,0.0000,0.0074,0.0001,200,1.0864
0.0252,0.0000,0.0000,0.0000,0.0246,0.0001,200,1.0692
0.0139,0.0000,0.0000,0.0000,0.0139,0.0000,200,1.0810
0.0077,0.0000,0.0000,0.0001,0.0076,0.0000,200,1.0878
0.0748,0.0000,0.0000,0.0000,0.0748,0.0000,200,1.0207
0.0154,0.0000,0.0000,0.0000,0.0153,0.0000,200,1.0801
0.0137,0.0000,0.0000,0.0000,0.0135,0.0001,200,1.0822
0.0513,0.0000,0.0000,0.0000,0.0512,0.0001,200,1.0449
0.0120,0.0000,0.0000,0.0000,0.0119,0.0001,200,1.0847
0.0131,0.0000,0.0000,0.0000,0.0129,0.0000,200,1.0841
0.0021,0.0000,0.0000,0.0000,0.0020,0.0001,200,1.0955
0.0149,0.0000,0.0000,0.0000,0.0148,0.0000,200,1.0828
0.0043,0.0000,0.0000,0.0000,0.0041,0.0000,200,1.0939
0.0273,0.0000,0.0000,0.0000,0.0273,0.0000,200,1.0713
0.0079,0.0000,0.0000,0.0000,0.0077,0.0000,200,1.0910
0.0064,0.0000,0.0000,0.0000,0.0063,0.0001,200,1.0930
0.0522,0.0000,0.0000,0.0000,0.0520,0.0002,200,1.0475
0.0196,0.0000,0.0000,0.0000,0.0195,0.0000,200,1.0801
0.0117,0.0000,0.0000,0.0001,0.0112,0.0003,200,1.0889
0.0021,0.0000,0.0000,0.0000,0.0018,0.0002,200,1.0989
0.0155,0.0000,0.0000,0.0000,0.0154,0.0000,200,1.0856
0.0201,0.0000,0.0000,0.0000,0.0200,0.0000,200,1.0810
0.0268,0.0000,0.0000,0.0000,0.0266,0.0002,200,1.0749
0.0024,0.0000,0.0000,0.0000,0.0023,0.0000,200,1.0997
0.0108,0.0000,0.0000,0.0000,0.0107,0.0000,200,1.0913
0.0142,0.0000,0.0000,0.0000,0.0141,0.0001,200,1.0882
0.0055,0.0000,0.0000,0.0000,0.0054,0.0000,200,1.0971
0.0174,0.0000,0.0000,0.0000,0.0173,0.0000,200,1.0856
0.0070,0.0000,0.0000,0.0000,0.0070,0.0000,200,1.0962
0.0029,0.0000,0.0000,0.0001,0.0027,0.0000,200,1.1010
0.0011,0.0000,0.0000,0.0000,0.0011,0.0000,200,1.1030
0.0422,0.0000,0.0000,0.0000,0.0417,0.0001,200,1.0625
0.0045,0.0000,0.0000,0.0000,0.0044,0.0000,200,1.1011
0.0156,0.0000,0.0000,0.0001,0.0155,0.0000,200,1.0900
0.0059,0.0000,0.0000,0.0000,0.0059,0.0000,200,1.0997
0.0095,0.0000,0.0000,0.0000,0.0094,0.0000,200,1.0967
0.0046,0.0000,0.0000,0.0000,0.0045,0.0000,200,1.1021
0.0252,0.0000,0.0000,0.0000,0.0251,0.0000,200,1.0817
0.0210,0.0000,0.0000,0.0000,0.0206,0.0003,200,1.0866
0.0156,0.0000,0.0000,0.0000,0.0155,0.0000,200,1.0920
0.0085,0.0000,0.0000,0.0000,0.0085,0.0000,200,1.0993
0.0389,0.0000,0.0000,0.0000,0.0388,0.0000,200,1.0690
0.0326,0.0000,0.0000,0.0000,0.0324,0.0001,200,1.0757
0.0040,0.0000,0.0000,0.0000,0.0039,0.0001,200,1.1047
0.0711,0.0000,0.0000,0.0000,0.0708,0.0002,200,1.0383
0.0072,0.0000,0.0000,0.0000,0.0071,0.0000,200,1.1026
0.0209,0.0000,0.0000,0.0000,0.0208,0.0001,200,1.0894
0.0176,0.0000,0.0000,0.0000,0.0175,0.0000,200,1.0936
0.0724,0.0000,0.0000,0.0000,0.0723,0.0000,200,1.0388
0.0253,0.0000,0.0000,0.0000,0.0252,0.0000,200,1.0859
0.0334,0.0000,0.0000,0.0000,0.0333,0.0000,200,1.0783
0.0046,0.0000,0.0000,0.0000,0.0044,0.0001,200,1.1076
0.0145,0.0000,0.0000,0.0000,0.0144,0.0001,200,1.0982
0.0253,0.0000,0.0000,0.0000,0.0252,0.0000,200,1.0875
0.0175,0.0000,0.0000,0.0001,0.0172,0.0001,200,1.0959
0.0352,0.0000,0.0000,0.0000,0.0351,0.0000,200,1.0783
0.0036,0.0000,0.0000,0.0000,0.0034,0.0001,200,1.1104
0.0051,0.0000,0.0000,0.0000,0.0049,0.0002,200,1.1094
0.0093,0.0000,0.0000,0.0000,0.0089,0.0004,200,1.1056
0.0174,0.0000,0.0000,0.0000,0.0173,0.0000,200,1.0976
0.0089,0.0000,0.0000,0.0000,0.0089,0.0000,200,1.1061
0.0257,0.0000,0.0000,0.0000,0.0256,0.0001,200,1.0899
0.0080,0.0000,0.0000,0.0000,0.0080,0.0000,200,1.1079
0.0077,0.0000,0.0000,0.0000,0.0075,0.0000,200,1.1087
0.0105,0.0000,0.0000,0.0000,0.0102,0.0003,200,1.1067
0.0117,0.0000,0.0000,0.0002,0.0115,0.0000,200,1.1056
0.0218,0.0000,0.0000,0.0000,0.0217,0.0000,200,1.0955
0.0165,0.0000,0.0000,0.0001,0.0163,0.0000,200,1.1017
0.0162,0.0000,0.0000,0.0000,0.0161,0.0000,200,1.1021
0.0245,0.0000,0.0000,0.0000,0.0242,0.0003,200,1.0943
0.0054,0.0000,0.0000,0.0000,0.0054,0.0000,200,1.1134
0.0082,0.0000,0.0000,0.0000,0.0081,0.0000,200,1.1111
0.0152,0.0000,0.0000,0.0000,0.0151,0.0000,200,1.1041
0.0008,0.0000,0.0000,0.0000,0.0007,0.0000,200,1.1188
0.0037,0.0000,0.0000,0.0000,0.0036,0.0001,200,1.1164
0.0078,0.0000,0.0000,0.0001,0.0076,0.0000,200,1.1128
0.0109,0.0000,0.0000,0.0000,0.0106,0.0003,200,1.1098
0.0384,0.0000,0.0000,0.0000,0.0383,0.0001,200,1.0828
0.0042,0.0000,0.0000,0.0000,0.0042,0.0000,200,1.1173
0.0092,0.0000,0.0000,0.0000,0.0090,0.0001,200,1.1127
0.0271,0.0000,0.0000,0.0000,0.0268,0.0003,200,1.0955
0.0357,0.0000,0.0000,0.0000,0.0355,0.0001,200,1.0871
0.0026,0.0000,0.0000,0.0000,0.0025,0.0000,200,1.1207
0.0180,0.0000,0.0000,0.0000,0.0179,0.0000,200,1.1056
0.0322,0.0000,0.0000,0.0000,0.0321,0.0000,200,1.0917
0.0128,0.0000,0.0000,0.0000,0.0127,0.0000,200,1.1111
0.0094,0.0000,0.0000,0.0001,0.0092,0.0001,200,1.1150
0.0320,0.0000,0.0000,0.0000,0.0320,0.0000,200,1.0925
0.0226,0.0000,0.0000,0.0000,0.0225,0.0000,200,1.1024
0.0178,0.0000,0.0000,0.0000,0.0175,0.0000,200,1.1075
0.0099,0.0000,0.0000,0.0000,0.0096,0.0003,200,1.1159
0.0019,0.0000,0.0000,0.0000,0.0017,0.0001,200,1.1240
0.0073,0.0000,0.0000,0.0000,0.0072,0.0001,200,1.1188
0.0196,0.0000,0.0000,0.0000,0.0195,0.0000,200,1.1069
0.0259,0.0000,0.0000,0.0000,0.0259,0.0000,200,1.1011
0.0061,0.0000,0.0000,0.0000,0.0060,0.0000,200,1.1215
0.0165,0.0000,0.0000,0.0000,0.0162,0.0002,200,1.1111
0.0043,0.0000,0.0000,0.0000,0.0043,0.0000,200,1.1237
0.0134,0.0000,0.0000,0.0000,0.0133,0.0001,200,1.1150
0.0034,0.0000,0.0000,0.0000,0.0034,0.0000,200,1.1253
0.0117,0.0000,0.0000,0.0000,0.0116,0.0000,200,1.1173
0.0045,0.0000,0.0000,0.0000,0.0044,0.0000,200,1.1250
0.0155,0.0000,0.0000,0.0000,0.0153,0.0002,200,1.1145
0.0110,0.0000,0.0000,0.0000,0.0109,0.0000,200,1.1193
0.0489,0.0000,0.0000,0.0000,0.0489,0.0000,200,1.0815
0.0023,0.0000,0.0000,0.0000,0.0022,0.0001,200,1.1284
0.0067,0.0000,0.0000,0.0000,0.0065,0.0001,200,1.1246
0.0284,0.0000,0.0000,0.0000,0.0279,0.0003,200,1.1033
0.0072,0.0000,0.0000,0.0000,0.0071,0.0001,200,1.1244
0.0095,0.0000,0.0000,0.0000,0.0094,0.0001,200,1.1226
0.0046,0.0000,0.0000,0.0001,0.0045,0.0000,200,1.1276
0.0099,0.0000,0.0000,0.0000,0.0099,0.0000,200,1.1228
0.0015,0.0000,0.0000,0.0000,0.0014,0.0000,200,1.1316
0.0359,0.0000,0.0000,0.0000,0.0358,0.0000,200,1.0977
0.0187,0.0000,0.0000,0.0000,0.0187,0.0000,200,1.1150
0.0171,0.0000,0.0000,0.0000,0.0169,0.0001,200,1.1172
0.0112,0.0000,0.0000,0.0000,0.0111,0.0000,200,1.1233
0.0310,0.0000,0.0000,0.0000,0.0309,0.0000,200,1.1039
0.0072,0.0000,0.0000,0.0000,0.0071,0.0001,200,1.1280
0.0370,0.0000,0.0000,0.0000,0.0369,0.0000,200,1.0986
0.0163,0.0000,0.0000,0.0001,0.0160,0.0002,200,1.1197
0.0019,0.0000,0.0000,0.0000,0.0015,0.0004,200,1.1345
0.0088,0.0000,0.0000,0.0000,0.0088,0.0000,200,1.1276
0.0080,0.0000,0.0000,0.0000,0.0080,0.0000,200,1.1290
0.0182,0.0000,0.0000,0.0000,0.0182,0.0000,200,1.1193
0.0156,0.0000,0.0000,0.0000,0.0155,0.0001,200,1.1219
0.0436,0.0000,0.0000,0.0000,0.0436,0.0000,200,1.0949
0.0146,0.0000,0.0000,0.0000,0.0145,0.0000,200,1.1240
0.0053,0.0000,0.0000,0.0000,0.0053,0.0000,200,1.1338
0.0105,0.0000,0.0000,0.0000,0.0101,0.0003,200,1.1288
0.0607,0.0000,0.0000,0.0000,0.0605,0.0000,200,1.0788
0.0093,0.0000,0.0000,0.0000,0.0092,0.0000,200,1.1304
0.0071,0.0000,0.0000,0.0000,0.0070,0.0001,200,1.1327
0.0010,0.0000,0.0000,0.0000,0.0009,0.0001,200,1.1393
0.0403,0.0000,0.0000,0.0000,0.0403,0.0000,200,1.1006
0.0016,0.0000,0.0000,0.0000,0.0015,0.0001,200,1.1397
0.0053,0.0000,0.0000,0.0000,0.0053,0.0000,200,1.1364
0.0038,0.0000,0.0000,0.0000,0.0037,0.0001,200,1.1385
0.0342,0.0000,0.0000,0.0000,0.0341,0.0000,200,1.1084
0.0024,0.0000,0.0000,0.0000,0.0023,0.0001,200,1.1402
0.0296,0.0000,0.0000,0.0001,0.0294,0.0000,200,1.1134
0.0079,0.0000,0.0000,0.0000,0.0078,0.0001,200,1.1357
0.0055,0.0000,0.0000,0.0000,0.0053,0.0001,200,1.1385
0.0023,0.0000,0.0000,0.0000,0.0023,0.0000,200,1.1418
0.0291,0.0000,0.0000,0.0000,0.0290,0.0000,200,1.1156
0.0073,0.0000,0.0000,0.0000,0.0072,0.0001,200,1.1376
0.0191,0.0000,0.0000,0.0000,0.0190,0.0000,200,1.1262
0.0116,0.0000,0.0000,0.0000,0.0116,0.0000,200,1.1337
0.0202,0.0000,0.0000,0.0000,0.0198,0.0000,200,1.1258
0.0105,0.0000,0.0000,0.0000,0.0104,0.0000,200,1.1360
0.0345,0.0000,0.0000,0.0000,0.0343,0.0000,200,1.1122
0.0286,0.0000,0.0000,0.0000,0.0285,0.0000,200,1.1181
0.0131,0.0000,0.0000,0.0000,0.0130,0.0000,200,1.1342
0.0069,0.0000,0.0000,0.0000,0.0068,0.0000,200,1.1409
0.0209,0.0000,0.0000,0.0000,0.0208,0.0000,200,1.1270
0.0161,0.0000,0.0000,0.0000,0.0159,0.0001,200,1.1321
0.0014,0.0000,0.0000,0.0000,0.0014,0.0000,200,1.1473
0.0120,0.0000,0.0000,0.0000,0.0116,0.0002,200,1.1376
0.0084,0.0000,0.0000,0.0000,0.0084,0.0000,200,1.1413
0.0186,0.0000,0.0000,0.0000,0.0185,0.0000,200,1.1313
0.0036,0.0000,0.0000,0.0000,0.0034,0.0001,200,1.1467
0.0049,0.0000,0.0000,0.0000,0.0048,0.0001,200,1.1460
0.0749,0.0000,0.0000,0.0000,0.0748,0.0001,200,1.0764
0.0212,0.0000,0.0000,0.0000,0.0211,0.0001,200,1.1304
0.0263,0.0000,0.0000,0.0000,0.0262,0.0000,200,1.1258
0.0174,0.0000,0.0000,0.0000,0.0173,0.0001,200,1.1349
0.0836,0.0000,0.0000,0.0000,0.0832,0.0000,200,1.0693
0.1003,0.0000,0.0000,0.0000,0.1002,0.0001,200,1.0528
0.0739,0.0000,0.0000,0.0000,0.0738,0.0001,200,1.0796
0.0215,0.0000,0.0000,0.0000,0.0214,0.0001,200,1.1323
0.0330,0.0000,0.0000,0.0000,0.0327,0.0002,200,1.1211
0.0044,0.0000,0.0000,0.0002,0.0040,0.0000,200,1.1499
0.0022,0.0000,0.0000,0.0000,0.0019,0.0002,200,1.1529
0.0046,0.0000,0.0000,0.0000,0.0045,0.0000,200,1.1509
0.0417,0.0000,0.0000,0.0000,0.0416,0.0000,200,1.1140
0.0261,0.0000,0.0000,0.0000,0.0260,0.0000,200,1.1300
0.0113,0.0000,0.0000,0.0000,0.0112,0.0001,200,1.1453
0.0072,0.0000,0.0000,0.0000,0.0071,0.0000,200,1.1498
0.0126,0.0000,0.0000,0.0000,0.0125,0.0001,200,1.1447
0.0126,0.0000,0.0000,0.0000,0.0125,0.0000,200,1.1453
0.0191,0.0000,0.0000,0.0000,0.0190,0.0000,200,1.1391
0.0066,0.0000,0.0000,0.0000,0.0064,0.0002,200,1.1521
0.0035,0.0000,0.0000,0.0000,0.0034,0.0001,200,1.1555
0.0036,0.0000,0.0000,0.0000,0.0034,0.0001,200,1.1556
0.0162,0.0000,0.0000,0.0000,0.0161,0.0001,200,1.1435
0.0058,0.0000,0.0000,0.0000,0.0057,0.0001,200,1.1543
0.0093,0.0000,0.0000,0.0000,0.0091,0.0001,200,1.1513
0.0211,0.0000,0.0000,0.0000,0.0210,0.0001,200,1.1398
0.0533,0.0000,0.0000,0.0000,0.0533,0.0000,200,1.1079
0.0137,0.0000,0.0000,0.0001,0.0134,0.0000,200,1.1480
0.0731,0.0000,0.0000,0.0000,0.0731,0.0000,200,1.0887
0.0045,0.0000,0.0000,0.0000,0.0044,0.0001,200,1.1579
0.0165,0.0000,0.0000,0.0000,0.0163,0.0001,200,1.1464
0.0035,0.0000,0.0000,0.0000,0.0032,0.0002,200,1.1597
0.0084,0.0000,0.0000,0.0000,0.0084,0.0000,200,1.1550
0.0433,0.0000,0.0000,0.0000,0.0433,0.0000,200,1.1206
0.0008,0.0000,0.0000,0.0000,0.0008,0.0000,200,1.1640
0.0209,0.0000,0.0000,0.0001,0.0206,0.0001,200,1.1441
0.0072,0.0000,0.0000,0.0000,0.0069,0.0002,200,1.1581
0.0359,0.0000,0.0000,0.0000,0.0347,0.0011,200,1.1295
0.0114,0.0000,0.0000,0.0000,0.0113,0.0001,200,1.1541
0.0180,0.0000,0.0000,0.0000,0.0179,0.0000,200,1.1478
0.0232,0.0000,0.0000,0.0000,0.0231,0.0001,200,1.1430
0.0225,0.0000,0.0000,0.0001,0.0223,0.0000,200,1.1440
0.0170,0.0000,0.0000,0.0000,0.0169,0.0001,200,1.1497
0.0248,0.0000,0.0000,0.0000,0.0246,0.0002,200,1.1426
0.0359,0.0000,0.0000,0.0000,0.0358,0.0001,200,1.1316
0.0090,0.0000,0.0000,0.0000,0.0089,0.0000,200,1.1590
0.0023,0.0000,0.0000,0.0000,0.0022,0.0000,200,1.1658
0.0059,0.0000,0.0000,0.0000,0.0059,0.0000,200,1.1629
0.0024,0.0000,0.0000,0.0000,0.0023,0.0000,200,1.1665
0.0429,0.0000,0.0000,0.0000,0.0428,0.0000,200,1.1265
0.0220,0.0000,0.0000,0.0000,0.0219,0.0001,200,1.1482
0.0013,0.0000,0.0000,0.0000,0.0012,0.0000,200,1.1689
0.0264,0.0000,0.0000,0.0000,0.0261,0.0002,200,1.1449
0.0066,0.0000,0.0000,0.0000,0.0063,0.0003,200,1.1653
0.0153,0.0000,0.0000,0.0000,0.0140,0.0011,200,1.1573
0.0139,0.0000,0.0000,0.0000,0.0137,0.0002,200,1.1586
0.0308,0.0000,0.0000,0.0000,0.0298,0.0009,200,1.1424
0.0310,0.0000,0.0000,0.0000,0.0302,0.0008,200,1.1426
0.0066,0.0000,0.0000,0.0000,0.0058,0.0007,200,1.1666
0.0042,0.0000,0.0000,0.0002,0.0029,0.0001,200,1.1702
0.0228,0.0000,0.0000,0.0000,0.0227,0.0001,200,1.1516
0.0258,0.0000,0.0000,0.0000,0.0258,0.0000,200,1.1488
0.0284,0.0000,0.0000,0.0000,0.0283,0.0001,200,1.1468
0.0165,0.0000,0.0000,0.0000,0.0164,0.0000,200,1.1592
0.0023,0.0000,0.0000,0.0000,0.0022,0.0000,200,1.1737
0.0578,0.0000,0.0000,0.0000,0.0577,0.0000,200,1.1183
0.0013,0.0000,0.0000,0.0000,0.0012,0.0000,200,1.1752
0.0116,0.0000,0.0000,0.0000,0.0112,0.0003,200,1.1655
0.0096,0.0000,0.0000,0.0000,0.0096,0.0000,200,1.1674
0.0098,0.0000,0.0000,0.0000,0.0097,0.0000,200,1.1675
0.0033,0.0000,0.0000,0.0000,0.0033,0.0000,200,1.1744
0.0181,0.0000,0.0000,0.0000,0.0179,0.0001,200,1.1601
0.0416,0.0000,0.0000,0.0000,0.0414,0.0001,200,1.1371
0.0031,0.0000,0.0000,0.0000,0.0029,0.0000,200,1.1757
0.0291,0.0000,0.0000,0.0001,0.0289,0.0001,200,1.1503
0.0039,0.0000,0.0000,0.0000,0.0038,0.0001,200,1.1761
0.0031,0.0000,0.0000,0.0000,0.0030,0.0000,200,1.1771
0.0266,0.0000,0.0000,0.0000,0.0260,0.0006,200,1.1538
0.0034,0.0000,0.0000,0.0000,0.0033,0.0000,200,1.1770
0.0084,0.0000,0.0000,0.0007,0.0073,0.0000,200,1.1726
0.0153,0.0000,0.0000,0.0000,0.0152,0.0000,200,1.1662
0.0202,0.0000,0.0000,0.0000,0.0201,0.0000,200,1.1618
0.0023,0.0000,0.0000,0.0000,0.0021,0.0002,200,1.1804
0.0519,0.0000,0.0000,0.0000,0.0519,0.0000,200,1.1308
0.0198,0.0000,0.0000,0.0000,0.0196,0.0001,200,1.1635
0.0484,0.0000,0.0000,0.0000,0.0483,0.0000,200,1.1352
0.0182,0.0000,0.0000,0.0000,0.0181,0.0000,200,1.1653
0.0076,0.0000,0.0000,0.0000,0.0075,0.0001,200,1.1765
0.0129,0.0000,0.0000,0.0002,0.0122,0.0005,200,1.1720
0.0485,0.0000,0.0000,0.0000,0.0484,0.0000,200,1.1364
0.0089,0.0000,0.0000,0.0000,0.0089,0.0000,200,1.1761
0.0243,0.0000,0.0000,0.0001,0.0240,0.0001,200,1.1610
0.0057,0.0000,0.0000,0.0000,0.0057,0.0000,200,1.1799
0.0081,0.0000,0.0000,0.0000,0.0080,0.0001,200,1.1778
0.0051,0.0000,0.0000,0.0000,0.0050,0.0001,200,1.1810
0.0049,0.0000,0.0000,0.0000,0.0048,0.0000,200,1.1815
0.0217,0.0000,0.0000,0.0000,0.0216,0.0001,200,1.1650
0.0045,0.0000,0.0000,0.0000,0.0044,0.0001,200,1.1827
0.0252,0.0000,0.0000,0.0000,0.0251,0.0000,200,1.1624
0.0355,0.0000,0.0000,0.0000,0.0354,0.0000,200,1.1523
0.0352,0.0000,0.0000,0.0000,0.0348,0.0003,200,1.1535
0.0084,0.0000,0.0000,0.0000,0.0083,0.0000,200,1.1804
0.0111,0.0000,0.0000,0.0000,0.0109,0.0002,200,1.1781
0.0033,0.0000,0.0000,0.0000,0.0033,0.0000,200,1.1859
0.0070,0.0000,0.0000,0.0000,0.0070,0.0000,200,1.1827
0.0066,0.0000,0.0000,0.0000,0.0065,0.0000,200,1.1836
0.0712,0.0000,0.0000,0.0000,0.0711,0.0000,200,1.1201
0.0307,0.0000,0.0000,0.0001,0.0305,0.0000,200,1.1606
0.0032,0.0000,0.0000,0.0000,0.0031,0.0000,200,1.1886
0.0036,0.0000,0.0000,0.0000,0.0035,0.0001,200,1.1888
0.0226,0.0000,0.0000,0.0020,0.0205,0.0001,200,1.1702
0.0130,0.0000,0.0000,0.0000,0.0130,0.0000,200,1.1802
0.0087,0.0000,0.0000,0.0000,0.0086,0.0001,200,1.1850
0.0374,0.0000,0.0000,0.0000,0.0372,0.0001,200,1.1570
0.0159,0.0000,0.0000,0.0001,0.0157,0.0001,200,1.1787
0.0273,0.0000,0.0000,0.0000,0.0271,0.0001,200,1.1681
0.0134,0.0000,0.0000,0.0000,0.0134,0.0000,200,1.1820
0.0578,0.0000,0.0000,0.0000,0.0576,0.0000,200,1.1395
0.0050,0.0000,0.0000,0.0000,0.0049,0.0000,200,1.1924
0.0028,0.0000,0.0000,0.0000,0.0026,0.0000,200,1.1945
0.0260,0.0000,0.0000,0.0000,0.0260,0.0000,200,1.1713
0.0413,0.0000,0.0000,0.0001,0.0411,0.0000,200,1.1561
0.0357,0.0000,0.0000,0.0000,0.0356,0.0000,200,1.1617
0.0368,0.0000,0.0000,0.0000,0.0367,0.0000,200,1.1612
0.0240,0.0000,0.0000,0.0001,0.0239,0.0000,200,1.1746
0.0077,0.0000,0.0000,0.0000,0.0077,0.0001,200,1.1918
0.0471,0.0000,0.0000,0.0000,0.0470,0.0000,200,1.1530
0.0112,0.0000,0.0000,0.0000,0.0107,0.0000,200,1.1892
0.0162,0.0000,0.0000,0.0000,0.0161,0.0001,200,1.1849
0.0160,0.0000,0.0000,0.0001,0.0159,0.0000,200,1.1853
0.0149,0.0000,0.0000,0.0000,0.0148,0.0000,200,1.1872
0.0261,0.0000,0.0000,0.0000,0.0260,0.0001,200,1.1773
0.0923,0.0000,0.0000,0.0000,0.0922,0.0001,200,1.1117
0.0141,0.0000,0.0000,0.0000,0.0139,0.0001,200,1.1901
0.0067,0.0000,0.0000,0.0000,0.0066,0.0000,200,1.1980
0.0162,0.0000,0.0000,0.0000,0.0161,0.0000,200,1.1892
0.0409,0.0000,0.0000,0.0000,0.0408,0.0001,200,1.1648
0.0084,0.0000,0.0000,0.0000,0.0078,0.0006,200,1.1987
0.0230,0.0000,0.0000,0.0000,0.0230,0.0000,200,1.1841
0.0098,0.0000,0.0000,0.0000,0.0097,0.0000,200,1.1974
0.0335,0.0000,0.0000,0.0000,0.0334,0.0000,200,1.1737
0.0037,0.0000,0.0000,0.0000,0.0036,0.0000,200,1.2042
0.0144,0.0000,0.0000,0.0000,0.0143,0.0000,200,1.1937
0.0524,0.0000,0.0000,0.0000,0.0523,0.0001,200,1.1567
0.0412,0.0000,0.0000,0.0000,0.0411,0.0001,200,1.1680
0.0262,0.0000,0.0000,0.0000,0.0261,0.0001,200,1.1836
0.0221,0.0000,0.0000,0.0000,0.0220,0.0001,200,1.1878
0.0161,0.0000,0.0000,0.0000,0.0160,0.0000,200,1.1944
0.0133,0.0000,0.0000,0.0000,0.0131,0.0001,200,1.1973
0.0052,0.0000,0.0000,0.0000,0.0052,0.0000,200,1.2056
0.0009,0.0000,0.0000,0.0000,0.0008,0.0000,200,1.2104
0.0390,0.0000,0.0000,0.0009,0.0381,0.0000,200,1.1726
0.0273,0.0000,0.0000,0.0000,0.0271,0.0001,200,1.1849
0.0078,0.0000,0.0000,0.0000,0.0076,0.0000,200,1.2047
0.0134,0.0000,0.0000,0.0000,0.0133,0.0000,200,1.1995
0.0218,0.0000,0.0000,0.0000,0.0216,0.0001,200,1.1913
0.0044,0.0000,0.0000,0.0000,0.0042,0.0002,200,1.2091
0.0451,0.0000,0.0000,0.0000,0.0450,0.0001,200,1.1689
0.0280,0.0000,0.0000,0.0000,0.0279,0.0000,200,1.1861
0.0069,0.0000,0.0000,0.0000,0.0067,0.0001,200,1.2079
0.0028,0.0000,0.0000,0.0000,0.0028,0.0000,200,1.2125
0.0260,0.0000,0.0000,0.0000,0.0260,0.0000,200,1.1897
0.0373,0.0000,0.0000,0.0000,0.0372,0.0001,200,1.1788
0.0212,0.0000,0.0000,0.0000,0.0210,0.0002,200,1.1954
0.0169,0.0000,0.0000,0.0000,0.0168,0.0000,200,1.2001
0.0430,0.0000,0.0000,0.0000,0.0429,0.0001,200,1.1744
0.0145,0.0000,0.0000,0.0000,0.0142,0.0003,200,1.2034
0.0347,0.0000,0.0000,0.0000,0.0346,0.0000,200,1.1832
0.0088,0.0000,0.0000,0.0000,0.0087,0.0001,200,1.2097
0.0235,0.0000,0.0000,0.0000,0.0233,0.0001,200,1.1954
0.0070,0.0000,0.0000,0.0000,0.0068,0.0001,200,1.2123
0.0043,0.0000,0.0000,0.0000,0.0043,0.0000,200,1.2153
0.0019,0.0000,0.0000,0.0000,0.0015,0.0003,200,1.2179
0.0231,0.0000,0.0000,0.0000,0.0229,0.0001,200,1.1974
0.0064,0.0000,0.0000,0.0000,0.0063,0.0000,200,1.2141
0.0575,0.0000,0.0000,0.0001,0.0574,0.0000,200,1.1632
0.0140,0.0000,0.0000,0.0000,0.0139,0.0000,200,1.2072
0.0115,0.0000,0.0000,0.0000,0.0114,0.0000,200,1.2099
0.0049,0.0000,0.0000,0.0000,0.0049,0.0000,200,1.2170
0.0371,0.0000,0.0000,0.0000,0.0370,0.0000,200,1.1857
0.0122,0.0000,0.0000,0.0000,0.0121,0.0000,200,1.2106
0.0300,0.0000,0.0000,0.0000,0.0295,0.0005,200,1.1932
0.0259,0.0000,0.0000,0.0000,0.0258,0.0000,200,1.1973
0.0263,0.0000,0.0000,0.0000,0.0261,0.0000,200,1.1973
0.0908,0.0000,0.0000,0.0000,0.0907,0.0001,200,1.1332
0.0107,0.0000,0.0000,0.0000,0.0105,0.0002,200,1.2135
0.0071,0.0000,0.0000,0.0001,0.0069,0.0000,200,1.2174
0.0239,0.0000,0.0000,0.0000,0.0238,0.0001,200,1.2013
0.0064,0.0000,0.0000,0.0000,0.0064,0.0000,200,1.2189
0.0057,0.0000,0.0000,0.0004,0.0053,0.0000,200,1.2197
0.0186,0.0000,0.0000,0.0003,0.0182,0.0001,200,1.2071
0.0334,0.0000,0.0000,0.0000,0.0332,0.0002,200,1.1928
0.0058,0.0000,0.0000,0.0000,0.0057,0.0001,200,1.2208
0.0104,0.0000,0.0000,0.0001,0.0103,0.0001,200,1.2161
0.0019,0.0000,0.0000,0.0000,0.0018,0.0000,200,1.2254
0.0042,0.0000,0.0000,0.0000,0.0041,0.0000,200,1.2232
0.0411,0.0000,0.0000,0.0000,0.0411,0.0000,200,1.1868
0.0243,0.0000,0.0000,0.0000,0.0241,0.0002,200,1.2039
0.0013,0.0000,0.0000,0.0000,0.0013,0.0000,200,1.2274
0.0050,0.0000,0.0000,0.0002,0.0047,0.0000,200,1.2240
0.0076,0.0000,0.0000,0.0000,0.0076,0.0000,200,1.2219
0.0072,0.0000,0.0000,0.0000,0.0071,0.0001,200,1.2227
0.0041,0.0000,0.0000,0.0000,0.0040,0.0000,200,1.2263
0.0123,0.0000,0.0000,0.0000,0.0122,0.0000,200,1.2185
0.0577,0.0000,0.0000,0.0000,0.0573,0.0000,200,1.1732
0.0012,0.0000,0.0000,0.0000,0.0011,0.0000,200,1.2304
0.0522,0.0000,0.0000,0.0000,0.0521,0.0000,200,1.1794
0.0074,0.0000,0.0000,0.0001,0.0071,0.0001,200,1.2242
0.0028,0.0000,0.0000,0.0000,0.0027,0.0000,200,1.2290
0.0309,0.0000,0.0000,0.0000,0.0307,0.0001,200,1.2012
0.0122,0.0000,0.0000,0.0000,0.0120,0.0001,200,1.2204
0.0077,0.0000,0.0000,0.0000,0.0076,0.0000,200,1.2253
0.0078,0.0000,0.0000,0.0000,0.0077,0.0000,200,1.2252
0.0262,0.0000,0.0000,0.0002,0.0259,0.0001,200,1.2071
0.0106,0.0000,0.0000,0.0000,0.0105,0.0000,200,1.2232
0.0128,0.0000,0.0000,0.0000,0.0127,0.0001,200,1.2214
0.0022,0.0000,0.0000,0.0000,0.0021,0.0000,200,1.2321
0.0277,0.0000,0.0000,0.0000,0.0275,0.0001,200,1.2072
0.0034,0.0000,0.0000,0.0000,0.0033,0.0000,200,1.2316
0.0110,0.0000,0.0000,0.0000,0.0109,0.0001,200,1.2245
0.0265,0.0000,0.0000,0.0000,0.0264,0.0000,200,1.2092
0.0343,0.0000,0.0000,0.0000,0.0340,0.0003,200,1.2021
0.0099,0.0000,0.0000,0.0000,0.0098,0.0000,200,1.2266
0.0111,0.0000,0.0000,0.0001,0.0109,0.0001,200,1.2258
0.0256,0.0000,0.0000,0.0000,0.0255,0.0000,200,1.2114
0.0137,0.0000,0.0000,0.0000,0.0137,0.0000,200,1.2236
0.0185,0.0000,0.0000,0.0000,0.0184,0.0000,200,1.2193
0.0112,0.0000,0.0000,0.0000,0.0111,0.0000,200,1.2266
0.0042,0.0000,0.0000,0.0000,0.0041,0.0000,200,1.2342
0.0272,0.0000,0.0000,0.0000,0.0271,0.0001,200,1.2116
0.0027,0.0000,0.0000,0.0000,0.0026,0.0001,200,1.2364
0.0072,0.0000,0.0000,0.0000,0.0068,0.0002,200,1.2326
0.0219,0.0000,0.0000,0.0000,0.0217,0.0001,200,1.2179
0.0192,0.0000,0.0000,0.0000,0.0191,0.0000,200,1.2212
0.0122,0.0000,0.0000,0.0000,0.0122,0.0001,200,1.2283
0.0055,0.0000,0.0000,0.0000,0.0053,0.0001,200,1.2355
0.0248,0.0000,0.0000,0.0000,0.0242,0.0000,200,1.2166
0.0109,0.0000,0.0000,0.0000,0.0109,0.0000,200,1.2308
0.0023,0.0000,0.0000,0.0000,0.0022,0.0000,200,1.2398
0.0153,0.0000,0.0000,0.0000,0.0153,0.0000,200,1.2273
0.0095,0.0000,0.0000,0.0000,0.0094,0.0000,200,1.2333
0.0055,0.0000,0.0000,0.0000,0.0052,0.0001,200,1.2377
0.0304,0.0000,0.0000,0.0000,0.0304,0.0000,200,1.2129
0.0087,0.0000,0.0000,0.0000,0.0085,0.0001,200,1.2350
0.0054,0.0000,0.0000,0.0000,0.0051,0.0000,200,1.2385
0.0475,0.0000,0.0000,0.0000,0.0471,0.0004,200,1.1973
0.0573,0.0000,0.0000,0.0000,0.0572,0.0000,200,1.1876
0.0018,0.0000,0.0000,0.0000,0.0017,0.0000,200,1.2439
0.0328,0.0000,0.0000,0.0000,0.0326,0.0001,200,1.2131
0.0091,0.0000,0.0000,0.0000,0.0090,0.0000,200,1.2369
0.0016,0.0000,0.0000,0.0000,0.0016,0.0000,200,1.2448
0.0084,0.0000,0.0000,0.0000,0.0083,0.0000,200,1.2388
0.0314,0.0000,0.0000,0.0000,0.0311,0.0003,200,1.2158
0.0132,0.0000,0.0000,0.0000,0.0130,0.0001,200,1.2343
0.0106,0.0000,0.0000,0.0000,0.0105,0.0001,200,1.2374
0.0010,0.0000,0.0000,0.0000,0.0008,0.0001,200,1.2474
0.0016,0.0000,0.0000,0.0000,0.0015,0.0000,200,1.2472
0.0079,0.0000,0.0000,0.0000,0.0077,0.0002,200,1.2410
0.0014,0.0000,0.0000,0.0000,0.0013,0.0001,200,1.2480
0.0183,0.0000,0.0000,0.0000,0.0183,0.0000,200,1.2316
0.0635,0.0000,0.0000,0.0000,0.0634,0.0001,200,1.1864
0.0196,0.0000,0.0000,0.0000,0.0196,0.0000,200,1.2309
0.0223,0.0000,0.0000,0.0000,0.0221,0.0001,200,1.2287
0.0067,0.0000,0.0000,0.0000,0.0065,0.0002,200,1.2448
0.0240,0.0000,0.0000,0.0000,0.0239,0.0000,200,1.2279
0.0189,0.0000,0.0000,0.0000,0.0189,0.0000,200,1.2330
0.0089,0.0000,0.0000,0.0000,0.0088,0.0000,200,1.2433
0.0377,0.0000,0.0000,0.0000,0.0377,0.0000,200,1.2148
0.0059,0.0000,0.0000,0.0000,0.0058,0.0001,200,1.2472
0.0232,0.0000,0.0000,0.0000,0.0230,0.0001,200,1.2300
0.0531,0.0000,0.0000,0.0000,0.0530,0.0001,200,1.2005
0.0124,0.0000,0.0000,0.0000,0.0124,0.0000,200,1.2414
0.0088,0.0000,0.0000,0.0001,0.0083,0.0004,200,1.2458
0.0042,0.0000,0.0000,0.0000,0.0041,0.0000,200,1.2505
0.0058,0.0000,0.0000,0.0000,0.0055,0.0000,200,1.2489
0.0204,0.0000,0.0000,0.0000,0.0203,0.0000,200,1.2348
0.0069,0.0000,0.0000,0.0000,0.0068,0.0001,200,1.2488
0.0038,0.0000,0.0000,0.0000,0.0037,0.0000,200,1.2521
0.0013,0.0000,0.0000,0.0000,0.0012,0.0001,200,1.2553
0.0491,0.0000,0.0000,0.0001,0.0490,0.0001,200,1.2081
0.0463,0.0000,0.0000,0.0000,0.0461,0.0002,200,1.2109
0.0142,0.0000,0.0000,0.0000,0.0141,0.0000,200,1.2436
0.0180,0.0000,0.0000,0.0000,0.0179,0.0001,200,1.2403
0.0155,0.0000,0.0000,0.0000,0.0154,0.0000,200,1.2432
0.0096,0.0000,0.0000,0.0000,0.0093,0.0002,200,1.2494
0.0097,0.0000,0.0000,0.0000,0.0096,0.0000,200,1.2499
0.0082,0.0000,0.0000,0.0000,0.0081,0.0000,200,1.2519
0.0210,0.0000,0.0000,0.0000,0.0209,0.0000,200,1.2392
0.0203,0.0000,0.0000,0.0000,0.0199,0.0004,200,1.2405
0.0098,0.0000,0.0000,0.0000,0.0096,0.0001,200,1.2519
0.0478,0.0000,0.0000,0.0000,0.0477,0.0000,200,1.2140
0.0924,0.0000,0.0000,0.0000,0.0923,0.0000,200,1.1694
0.0076,0.0000,0.0000,0.0000,0.0073,0.0001,200,1.2547
0.0395,0.0000,0.0000,0.0000,0.0391,0.0004,200,1.2228
0.0099,0.0000,0.0000,0.0000,0.0098,0.0000,200,1.2525
0.0024,0.0000,0.0000,0.0000,0.0023,0.0000,200,1.2608
0.0061,0.0000,0.0000,0.0000,0.0060,0.0000,200,1.2572
0.0104,0.0000,0.0000,0.0000,0.0102,0.0003,200,1.2538
0.0091,0.0000,0.0000,0.0000,0.0088,0.0001,200,1.2557
0.0297,0.0000,0.0000,0.0001,0.0296,0.0000,200,1.2357
0.0288,0.0000,0.0000,0.0000,0.0287,0.0000,200,1.2370
0.0014,0.0000,0.0000,0.0000,0.0013,0.0000,200,1.2649
0.0202,0.0000,0.0000,0.0000,0.0202,0.0000,200,1.2465
0.0467,0.0000,0.0000,0.0000,0.0466,0.0001,200,1.2205
0.0298,0.0000,0.0000,0.0000,0.0298,0.0000,200,1.2378
0.0111,0.0000,0.0000,0.0000,0.0110,0.0001,200,1.2566
0.0031,0.0000,0.0000,0.0000,0.0030,0.0001,200,1.2654
0.0070,0.0000,0.0000,0.0000,0.0069,0.0001,200,1.2618
0.0265,0.0000,0.0000,0.0000,0.0263,0.0002,200,1.2428
0.0022,0.0000,0.0000,0.0000,0.0020,0.0001,200,1.2677
0.0646,0.0000,0.0000,0.0000,0.0645,0.0000,200,1.2054
0.0173,0.0000,0.0000,0.0002,0.0170,0.0001,200,1.2533
0.0227,0.0000,0.0000,0.0000,0.0226,0.0001,200,1.2484
0.0378,0.0000,0.0000,0.0000,0.0373,0.0004,200,1.2338
0.0185,0.0000,0.0000,0.0000,0.0185,0.0000,200,1.2531
0.0258,0.0000,0.0000,0.0001,0.0256,0.0001,200,1.2460
0.0102,0.0000,0.0000,0.0000,0.0101,0.0001,200,1.2623
0.0411,0.0000,0.0000,0.0000,0.0409,0.0001,200,1.2318
0.0148,0.0000,0.0000,0.0000,0.0147,0.0001,200,1.2587
0.0223,0.0000,0.0000,0.0001,0.0222,0.0000,200,1.2515
0.0428,0.0000,0.0000,0.0000,0.0427,0.0000,200,1.2316
0.0060,0.0000,0.0000,0.0000,0.0058,0.0002,200,1.2684
0.0054,0.0000,0.0000,0.0000,0.0052,0.0001,200,1.2700
0.0087,0.0000,0.0000,0.0000,0.0084,0.0002,200,1.2672
0.0140,0.0000,0.0000,0.0000,0.0139,0.0000,200,1.2624
0.0436,0.0000,0.0000,0.0000,0.0435,0.0000,200,1.2330
0.0199,0.0000,0.0000,0.0000,0.0198,0.0001,200,1.2572
0.0175,0.0000,0.0000,0.0000,0.0174,0.0001,200,1.2601
0.0169,0.0000,0.0000,0.0003,0.0166,0.0000,200,1.2617
0.0287,0.0000,0.0000,0.0000,0.0287,0.0000,200,1.2499
0.0159,0.0000,0.0000,0.0000,0.0158,0.0001,200,1.2633
0.0084,0.0000,0.0000,0.0000,0.0078,0.0000,200,1.2711
0.0025,0.0000,0.0000,0.0000,0.0024,0.0000,200,1.2776
0.0352,0.0000,0.0000,0.0000,0.0351,0.0000,200,1.2457
0.0099,0.0000,0.0000,0.0001,0.0097,0.0000,200,1.2716
0.0453,0.0000,0.0000,0.0000,0.0452,0.0001,200,1.2365
0.0160,0.0000,0.0000,0.0000,0.0159,0.0001,200,1.2662
0.0282,0.0000,0.0000,0.0000,0.0281,0.0000,200,1.2547
0.0066,0.0000,0.0000,0.0000,0.0064,0.0000,200,1.2765
0.0426,0.0000,0.0000,0.0000,0.0425,0.0000,200,1.2418
0.0154,0.0000,0.0000,0.0000,0.0153,0.0000,200,1.2693
0.0267,0.0000,0.0000,0.0000,0.0265,0.0001,200,1.2583
0.0034,0.0000,0.0000,0.0000,0.0033,0.0000,200,1.2822
0.0044,0.0000,0.0000,0.0000,0.0043,0.0000,200,1.2815
0.0219,0.0000,0.0000,0.0002,0.0216,0.0001,200,1.2643
0.0039,0.0000,0.0000,0.0000,0.0036,0.0002,200,1.2829
0.0086,0.0000,0.0000,0.0000,0.0084,0.0001,200,1.2786
0.0333,0.0000,0.0000,0.0000,0.0331,0.0001,200,1.2559
0.0601,0.0000,0.0000,0.0000,0.0600,0.0000,200,1.2295
0.0042,0.0000,0.0000,0.0000,0.0041,0.0001,200,1.2868
0.0492,0.0000,0.0000,0.0000,0.0491,0.0000,200,1.2421
0.0054,0.0000,0.0000,0.0000,0.0053,0.0000,200,1.2859
0.0189,0.0000,0.0000,0.0001,0.0187,0.0000,200,1.2725
0.0530,0.0000,0.0000,0.0000,0.0522,0.0008,200,1.2398
0.0075,0.0000,0.0000,0.0000,0.0071,0.0004,200,1.2862
0.0218,0.0000,0.0000,0.0000,0.0217,0.0000,200,1.2728
0.0247,0.0000,0.0000,0.0000,0.0246,0.0000,200,1.2706
0.0186,0.0000,0.0000,0.0000,0.0185,0.0000,200,1.2766
0.0362,0.0000,0.0000,0.0000,0.0360,0.0001,200,1.2596
0.0192,0.0000,0.0000,0.0000,0.0190,0.0001,200,1.2771
0.0178,0.0000,0.0000,0.0000,0.0174,0.0003,200,1.2792
0.0441,0.0000,0.0000,0.0000,0.0439,0.0001,200,1.2535
0.0071,0.0000,0.0000,0.0000,0.0067,0.0000,200,1.2910
0.0228,0.0000,0.0000,0.0000,0.0227,0.0001,200,1.2759
0.0800,0.0000,0.0000,0.0000,0.0796,0.0003,200,1.2198
0.0062,0.0000,0.0000,0.0000,0.0059,0.0002,200,1.2938
0.0052,0.0000,0.0000,0.0000,0.0051,0.0001,200,1.2952
0.0051,0.0000,0.0000,0.0000,0.0050,0.0000,200,1.2962
0.0121,0.0000,0.0000,0.0000,0.0120,0.0000,200,1.2892
0.0048,0.0000,0.0000,0.0000,0.0047,0.0000,200,1.2970
0.0356,0.0000,0.0000,0.0000,0.0354,0.0002,200,1.2667
0.0441,0.0000,0.0000,0.0000,0.0439,0.0001,200,1.2590
0.0294,0.0000,0.0000,0.0000,0.0293,0.0000,200,1.2744
0.0416,0.0000,0.0000,0.0000,0.0415,0.0000,200,1.2623
0.0193,0.0000,0.0000,0.0001,0.0191,0.0000,200,1.2850
0.0094,0.0000,0.0000,0.0000,0.0093,0.0000,200,1.2952
0.0254,0.0000,0.0000,0.0000,0.0253,0.0001,200,1.2795
0.0097,0.0000,0.0000,0.0000,0.0095,0.0002,200,1.2958
0.0633,0.0000,0.0000,0.0000,0.0633,0.0000,200,1.2427
0.0136,0.0000,0.0000,0.0001,0.0134,0.0001,200,1.2928
0.0040,0.0000,0.0000,0.0001,0.0037,0.0000,200,1.3030
0.0088,0.0000,0.0000,0.0000,0.0086,0.0000,200,1.2987
0.0064,0.0000,0.0000,0.0000,0.0061,0.0003,200,1.3013
0.0427,0.0000,0.0000,0.0001,0.0426,0.0000,200,1.2658
0.0019,0.0000,0.0000,0.0000,0.0018,0.0000,200,1.3070
0.0473,0.0000,0.0000,0.0000,0.0473,0.0000,200,1.2618
0.0053,0.0000,0.0000,0.0001,0.0047,0.0001,200,1.3046
0.0234,0.0000,0.0000,0.0000,0.0229,0.0000,200,1.2872
0.0276,0.0000,0.0000,0.0000,0.0275,0.0000,200,1.2831
0.0312,0.0000,0.0000,0.0000,0.0312,0.0000,200,1.2801
0.0027,0.0000,0.0000,0.0000,0.0024,0.0003,200,1.3091
0.0375,0.0000,0.0000,0.0000,0.0375,0.0000,200,1.2745
0.0070,0.0000,0.0000,0.0001,0.0067,0.0000,200,1.3055
0.0121,0.0000,0.0000,0.0000,0.0119,0.0001,200,1.3013
0.0427,0.0000,0.0000,0.0000,0.0426,0.0000,200,1.2718
0.0460,0.0000,0.0000,0.0000,0.0456,0.0003,200,1.2688
0.0111,0.0000,0.0000,0.0000,0.0110,0.0001,200,1.3038
0.0240,0.0000,0.0000,0.0000,0.0236,0.0001,200,1.2914
0.0064,0.0000,0.0000,0.0000,0.0062,0.0002,200,1.3100
0.0568,0.0000,0.0000,0.0000,0.0568,0.0000,200,1.2602
0.0364,0.0000,0.0000,0.0000,0.0363,0.0000,200,1.2817
0.0105,0.0000,0.0000,0.0000,0.0101,0.0003,200,1.3077
0.0271,0.0000,0.0000,0.0000,0.0270,0.0000,200,1.2912
0.0294,0.0000,0.0000,0.0000,0.0293,0.0000,200,1.2896
0.0115,0.0000,0.0000,0.0000,0.0114,0.0001,200,1.3089
0.1296,0.0000,0.0000,0.0001,0.1295,0.0000,200,1.1913
0.0664,0.0000,0.0000,0.0000,0.0663,0.0001,200,1.2547
0.0218,0.0000,0.0000,0.0000,0.0215,0.0001,200,1.2998
0.0191,0.0000,0.0000,0.0000,0.0191,0.0000,200,1.3038
0.0530,0.0000,0.0000,0.0002,0.0526,0.0000,200,1.2699
0.0117,0.0000,0.0000,0.0000,0.0116,0.0000,200,1.3114
0.0124,0.0000,0.0000,0.0000,0.0124,0.0000,200,1.3106
0.0219,0.0000,0.0000,0.0000,0.0218,0.0001,200,1.3018
0.0221,0.0000,0.0000,0.0000,0.0219,0.0001,200,1.3024
0.0143,0.0000,0.0000,0.0000,0.0141,0.0002,200,1.3106
0.0249,0.0000,0.0000,0.0000,0.0248,0.0000,200,1.3004
0.0033,0.0000,0.0000,0.0000,0.0032,0.0001,200,1.3229
0.0224,0.0000,0.0000,0.0001,0.0220,0.0002,200,1.3049
0.0126,0.0000,0.0000,0.0000,0.0124,0.0001,200,1.3154
0.0436,0.0000,0.0000,0.0000,0.0434,0.0000,200,1.2847
0.0573,0.0000,0.0000,0.0000,0.0571,0.0001,200,1.2716
0.0127,0.0000,0.0000,0.0000,0.0126,0.0000,200,1.3170
0.0150,0.0000,0.0000,0.0000,0.0146,0.0003,200,1.3150
0.0388,0.0000,0.0000,0.0000,0.0386,0.0001,200,1.2913
0.0077,0.0000,0.0000,0.0000,0.0077,0.0000,200,1.3230
0.0143,0.0000,0.0000,0.0001,0.0141,0.0000,200,1.3165
0.0334,0.0000,0.0000,0.0000,0.0334,0.0000,200,1.2981
0.0104,0.0000,0.0000,0.0002,0.0101,0.0000,200,1.3211
0.0056,0.0000,0.0000,0.0001,0.0055,0.0001,200,1.3262
0.0121,0.0000,0.0000,0.0000,0.0119,0.0002,200,1.3204
0.0192,0.0000,0.0000,0.0000,0.0191,0.0000,200,1.3134
0.0151,0.0000,0.0000,0.0001,0.0150,0.0001,200,1.3182
0.0084,0.0000,0.0000,0.0000,0.0083,0.0001,200,1.3254
0.0765,0.0000,0.0000,0.0000,0.0764,0.0001,200,1.2579
0.0273,0.0000,0.0000,0.0000,0.0272,0.0001,200,1.3075
0.0106,0.0000,0.0000,0.0001,0.0103,0.0001,200,1.3249
0.0293,0.0000,0.0000,0.0000,0.0291,0.0000,200,1.3064
0.0064,0.0000,0.0000,0.0000,0.0063,0.0001,200,1.3299
0.0640,0.0000,0.0000,0.0000,0.0640,0.0000,200,1.2738
0.0064,0.0000,0.0000,0.0001,0.0059,0.0004,200,1.3315
0.0028,0.0000,0.0000,0.0000,0.0027,0.0001,200,1.3357
0.0387,0.0000,0.0000,0.0000,0.0386,0.0000,200,1.3000
0.0658,0.0000,0.0000,0.0001,0.0654,0.0003,200,1.2734
0.0125,0.0000,0.0000,0.0000,0.0123,0.0001,200,1.3273
0.0055,0.0000,0.0000,0.0000,0.0054,0.0000,200,1.3343
0.0078,0.0000,0.0000,0.0000,0.0077,0.0001,200,1.3326
0.0180,0.0000,0.0000,0.0000,0.0179,0.0001,200,1.3231
0.0032,0.0000,0.0000,0.0000,0.0032,0.0000,200,1.3379
0.0114,0.0000,0.0000,0.0000,0.0113,0.0000,200,1.3307
0.0614,0.0000,0.0000,0.0000,0.0609,0.0000,200,1.2809
0.0085,0.0000,0.0000,0.0000,0.0085,0.0000,200,1.3338
0.0640,0.0000,0.0000,0.0000,0.0639,0.0000,200,1.2786
0.0052,0.0000,0.0000,0.0000,0.0052,0.0000,200,1.3379
0.0580,0.0000,0.0000,0.0000,0.0579,0.0000,200,1.2856
0.0224,0.0000,0.0000,0.0000,0.0223,0.0001,200,1.3216
0.0210,0.0000,0.0000,0.0000,0.0209,0.0000,200,1.3237
0.0390,0.0000,0.0000,0.0000,0.0389,0.0000,200,1.3060
0.0029,0.0000,0.0000,0.0000,0.0029,0.0000,200,1.3427
0.0100,0.0000,0.0000,0.0000,0.0097,0.0002,200,1.3364
0.0791,0.0000,0.0000,0.0000,0.0790,0.0000,200,1.2677
0.0162,0.0000,0.0000,0.0000,0.0160,0.0001,200,1.3308
0.0193,0.0000,0.0000,0.0000,0.0192,0.0001,200,1.3279
0.0844,0.0000,0.0000,0.0000,0.0842,0.0000,200,1.2633
0.0031,0.0000,0.0000,0.0000,0.0030,0.0000,200,1.3449
0.0511,0.0000,0.0000,0.0000,0.0510,0.0000,200,1.2976
0.0019,0.0000,0.0000,0.0000,0.0017,0.0001,200,1.3473
0.0307,0.0000,0.0000,0.0000,0.0306,0.0001,200,1.3190
0.0064,0.0000,0.0000,0.0000,0.0062,0.0002,200,1.3436
0.0151,0.0000,0.0000,0.0000,0.0150,0.0000,200,1.3355
0.0285,0.0000,0.0000,0.0000,0.0284,0.0000,200,1.3230
0.0397,0.0000,0.0000,0.0000,0.0396,0.0000,200,1.3118
0.0118,0.0000,0.0000,0.0001,0.0116,0.0000,200,1.3398
0.0239,0.0000,0.0000,0.0000,0.0239,0.0000,200,1.3283
0.0227,0.0000,0.0000,0.0000,0.0226,0.0001,200,1.3300
0.0303,0.0000,0.0000,0.0000,0.0298,0.0004,200,1.3244
0.0047,0.0000,0.0000,0.0000,0.0046,0.0001,200,1.3507
0.0127,0.0000,0.0000,0.0000,0.0125,0.0002,200,1.3431
0.0043,0.0000,0.0000,0.0000,0.0042,0.0001,200,1.3515
0.0170,0.0000,0.0000,0.0000,0.0169,0.0000,200,1.3392
0.0380,0.0000,0.0000,0.0000,0.0379,0.0000,200,1.3183
0.0160,0.0000,0.0000,0.0001,0.0158,0.0001,200,1.3411
0.0254,0.0000,0.0000,0.0000,0.0252,0.0001,200,1.3326
0.0117,0.0000,0.0000,0.0000,0.0116,0.0001,200,1.3470
0.0474,0.0000,0.0000,0.0000,0.0473,0.0001,200,1.3120
0.0120,0.0000,0.0000,0.0000,0.0120,0.0000,200,1.3476
0.0179,0.0000,0.0000,0.0000,0.0178,0.0000,200,1.3421
0.0462,0.0000,0.0000,0.0000,0.0461,0.0000,200,1.3147
0.0277,0.0000,0.0000,0.0000,0.0277,0.0000,200,1.3333
0.0172,0.0000,0.0000,0.0000,0.0171,0.0000,200,1.3439
0.0221,0.0000,0.0000,0.0001,0.0219,0.0001,200,1.3398
0.0146,0.0000,0.0000,0.0000,0.0145,0.0001,200,1.3481
0.0504,0.0000,0.0000,0.0000,0.0503,0.0001,200,1.3125
0.0449,0.0000,0.0000,0.0000,0.0448,0.0000,200,1.3181
0.0027,0.0000,0.0000,0.0000,0.0026,0.0001,200,1.3609
0.0234,0.0000,0.0000,0.0001,0.0232,0.0001,200,1.3405
0.0086,0.0000,0.0000,0.0000,0.0085,0.0001,200,1.3558
0.0029,0.0000,0.0000,0.0000,0.0028,0.0001,200,1.3619
0.0108,0.0000,0.0000,0.0001,0.0106,0.0000,200,1.3547
0.0029,0.0000,0.0000,0.0001,0.0028,0.0000,200,1.3626
0.0019,0.0000,0.0000,0.0000,0.0018,0.0001,200,1.3644
0.0028,0.0000,0.0000,0.0001,0.0025,0.0000,200,1.3638
0.0175,0.0000,0.0000,0.0000,0.0174,0.0000,200,1.3492
0.0117,0.0000,0.0000,0.0001,0.0116,0.0001,200,1.3554
0.0195,0.0000,0.0000,0.0000,0.0194,0.0001,200,1.3487
0.0155,0.0000,0.0000,0.0000,0.0153,0.0001,200,1.3528
0.0116,0.0000,0.0000,0.0001,0.0114,0.0001,200,1.3571
0.0396,0.0000,0.0000,0.0000,0.0395,0.0001,200,1.3297
0.0653,0.0000,0.0000,0.0000,0.0649,0.0001,200,1.3043
0.0184,0.0000,0.0000,0.0000,0.0184,0.0000,200,1.3515
0.0109,0.0000,0.0000,0.0000,0.0107,0.0001,200,1.3596
0.0047,0.0000,0.0000,0.0000,0.0046,0.0000,200,1.3666
0.0308,0.0000,0.0000,0.0001,0.0306,0.0001,200,1.3411
0.0967,0.0000,0.0000,0.0001,0.0966,0.0001,200,1.2753
0.0782,0.0000,0.0000,0.0000,0.0781,0.0001,200,1.2946
0.0421,0.0000,0.0000,0.0000,0.0419,0.0002,200,1.3315
0.0160,0.0000,0.0000,0.0000,0.0159,0.0000,200,1.3580
0.0145,0.0000,0.0000,0.0000,0.0143,0.0001,200,1.3600
0.0048,0.0000,0.0000,0.0001,0.0047,0.0001,200,1.3705
0.0336,0.0000,0.0000,0.0000,0.0335,0.0000,200,1.3422
0.0109,0.0000,0.0000,0.0000,0.0107,0.0001,200,1.3656
0.0105,0.0000,0.0000,0.0000,0.0102,0.0001,200,1.3667
0.0429,0.0000,0.0000,0.0002,0.0427,0.0000,200,1.3349
0.0215,0.0000,0.0000,0.0000,0.0214,0.0000,200,1.3563
0.0128,0.0000,0.0000,0.0000,0.0125,0.0003,200,1.3655
0.0226,0.0000,0.0000,0.0000,0.0225,0.0001,200,1.3563
0.0203,0.0000,0.0000,0.0000,0.0199,0.0002,200,1.3594
0.0155,0.0000,0.0000,0.0000,0.0154,0.0000,200,1.3648
0.0091,0.0000,0.0000,0.0000,0.0090,0.0001,200,1.3713
0.0965,0.0000,0.0000,0.0000,0.0964,0.0001,200,1.2844
0.0070,0.0000,0.0000,0.0001,0.0069,0.0000,200,1.3745
0.0037,0.0000,0.0000,0.0000,0.0036,0.0000,200,1.3783
0.0127,0.0000,0.0000,0.0000,0.0126,0.0001,200,1.3699
0.0447,0.0000,0.0000,0.0000,0.0445,0.0001,200,1.3385
0.0033,0.0000,0.0000,0.0000,0.0032,0.0000,200,1.3809
0.0326,0.0000,0.0000,0.0000,0.0325,0.0000,200,1.3516
0.0457,0.0000,0.0000,0.0001,0.0456,0.0000,200,1.3387
0.0062,0.0000,0.0000,0.0000,0.0060,0.0001,200,1.3789
0.0395,0.0000,0.0000,0.0001,0.0393,0.0001,200,1.3463
0.0416,0.0000,0.0000,0.0000,0.0415,0.0000,200,1.3447
0.0306,0.0000,0.0000,0.0000,0.0304,0.0002,200,1.3558
0.0730,0.0000,0.0000,0.0000,0.0727,0.0001,200,1.3145
0.0050,0.0000,0.0000,0.0001,0.0048,0.0001,200,1.3826
0.0066,0.0000,0.0000,0.0000,0.0061,0.0005,200,1.3815
0.0046,0.0000,0.0000,0.0000,0.0045,0.0001,200,1.3842
0.0279,0.0000,0.0000,0.0000,0.0278,0.0000,200,1.3611
0.0211,0.0000,0.0000,0.0000,0.0209,0.0001,200,1.3682
0.0470,0.0000,0.0000,0.0000,0.0469,0.0000,200,1.3424
0.0155,0.0000,0.0000,0.0000,0.0155,0.0000,200,1.3740
0.0142,0.0000,0.0000,0.0000,0.0141,0.0000,200,1.3754
0.0024,0.0000,0.0000,0.0000,0.0023,0.0001,200,1.3876
0.0437,0.0000,0.0000,0.0000,0.0435,0.0000,200,1.3467
0.0027,0.0000,0.0000,0.0000,0.0026,0.0000,200,1.3881
0.0021,0.0000,0.0000,0.0000,0.0020,0.0000,200,1.3889
0.0055,0.0000,0.0000,0.0001,0.0054,0.0001,200,1.3858
0.0233,0.0000,0.0000,0.0000,0.0232,0.0000,200,1.3682
0.0103,0.0000,0.0000,0.0000,0.0100,0.0003,200,1.3820
0.0203,0.0000,0.0000,0.0000,0.0201,0.0000,200,1.3721
0.0474,0.0000,0.0000,0.0000,0.0472,0.0002,200,1.3456
0.0722,0.0000,0.0000,0.0000,0.0721,0.0000,200,1.3209
0.0053,0.0000,0.0000,0.0000,0.0052,0.0000,200,1.3895
0.0863,0.0000,0.0000,0.0000,0.0861,0.0000,200,1.3085
0.0040,0.0000,0.0000,0.0000,0.0040,0.0000,200,1.3908
0.0630,0.0000,0.0000,0.0000,0.0629,0.0000,200,1.3319
0.0231,0.0000,0.0000,0.0000,0.0229,0.0000,200,1.3719
0.0034,0.0000,0.0000,0.0000,0.0033,0.0000,200,1.3923
0.0293,0.0000,0.0000,0.0000,0.0291,0.0000,200,1.3671
0.0333,0.0000,0.0000,0.0000,0.0331,0.0001,200,1.3637
0.0105,0.0000,0.0000,0.0000,0.0104,0.0000,200,1.3865
0.0131,0.0000,0.0000,0.0000,0.0129,0.0001,200,1.3844
0.0456,0.0000,0.0000,0.0000,0.0453,0.0003,200,1.3523
0.0355,0.0000,0.0000,0.0000,0.0354,0.0001,200,1.3629
0.0217,0.0000,0.0000,0.0001,0.0214,0.0000,200,1.3771
0.0265,0.0000,0.0000,0.0000,0.0264,0.0000,200,1.3728
0.0050,0.0000,0.0000,0.0000,0.0049,0.0001,200,1.3948
0.0089,0.0000,0.0000,0.0000,0.0088,0.0001,200,1.3915
0.0053,0.0000,0.0000,0.0000,0.0052,0.0000,200,1.3957
0.0181,0.0000,0.0000,0.0000,0.0180,0.0000,200,1.3832
0.0528,0.0000,0.0000,0.0002,0.0526,0.0000,200,1.3497
0.0034,0.0000,0.0000,0.0000,0.0033,0.0001,200,1.3993
0.0070,0.0000,0.0000,0.0000,0.0066,0.0001,200,1.3963
0.0278,0.0000,0.0000,0.0000,0.0277,0.0000,200,1.3758
0.0095,0.0000,0.0000,0.0000,0.0094,0.0001,200,1.3950
0.0134,0.0000,0.0000,0.0001,0.0131,0.0002,200,1.3913
0.0076,0.0000,0.0000,0.0000,0.0075,0.0000,200,1.3974
0.0108,0.0000,0.0000,0.0000,0.0107,0.0000,200,1.3949
0.0366,0.0000,0.0000,0.0000,0.0365,0.0001,200,1.3693
0.0374,0.0000,0.0000,0.0000,0.0373,0.0001,200,1.3695
0.0412,0.0000,0.0000,0.0000,0.0411,0.0001,200,1.3663
0.0025,0.0000,0.0000,0.0000,0.0025,0.0000,200,1.4050
0.0490,0.0000,0.0000,0.0001,0.0487,0.0001,200,1.3587
0.0236,0.0000,0.0000,0.0000,0.0236,0.0000,200,1.3842
0.0282,0.0000,0.0000,0.0000,0.0280,0.0002,200,1.3804
0.0180,0.0000,0.0000,0.0000,0.0178,0.0002,200,1.3909
0.0019,0.0000,0.0000,0.0001,0.0018,0.0000,200,1.4077
0.0083,0.0000,0.0000,0.0000,0.0082,0.0001,200,1.4014
0.0123,0.0000,0.0000,0.0000,0.0122,0.0001,200,1.3979
0.0335,0.0000,0.0000,0.0000,0.0334,0.0000,200,1.3777
0.0173,0.0000,0.0000,0.0000,0.0172,0.0001,200,1.3949
0.0230,0.0000,0.0000,0.0000,0.0228,0.0001,200,1.3900
0.0186,0.0000,0.0000,0.0000,0.0185,0.0001,200,1.3948
0.0062,0.0000,0.0000,0.0000,0.0062,0.0000,200,1.4075
0.0172,0.0000,0.0000,0.0000,0.0172,0.0000,200,1.3970
0.0533,0.0000,0.0000,0.0000,0.0533,0.0000,200,1.3630
0.0067,0.0000,0.0000,0.0001,0.0066,0.0000,200,1.4096
0.0129,0.0000,0.0000,0.0000,0.0129,0.0000,200,1.4034
0.0114,0.0000,0.0000,0.0000,0.0110,0.0000,200,1.4059
0.0122,0.0000,0.0000,0.0000,0.0121,0.0000,200,1.4056
0.0335,0.0000,0.0000,0.0001,0.0333,0.0001,200,1.3851
0.0066,0.0000,0.0000,0.0000,0.0065,0.0000,200,1.4142
0.0926,0.0000,0.0000,0.0000,0.0924,0.0000,200,1.3289
0.0305,0.0000,0.0000,0.0000,0.0305,0.0001,200,1.3924
0.0102,0.0000,0.0000,0.0000,0.0101,0.0000,200,1.4134
0.0083,0.0000,0.0000,0.0000,0.0082,0.0001,200,1.4163
0.0218,0.0000,0.0000,0.0000,0.0216,0.0000,200,1.4036
0.0134,0.0000,0.0000,0.0000,0.0133,0.0001,200,1.4122
0.0463,0.0000,0.0000,0.0000,0.0461,0.0001,200,1.3803
0.0170,0.0000,0.0000,0.0000,0.0168,0.0002,200,1.4103
0.0282,0.0000,0.0000,0.0000,0.0281,0.0001,200,1.3998
0.0397,0.0000,0.0000,0.0000,0.0396,0.0001,200,1.3895
0.0253,0.0000,0.0000,0.0000,0.0252,0.0001,200,1.4048
0.0049,0.0000,0.0000,0.0000,0.0048,0.0001,200,1.4254
0.0339,0.0000,0.0000,0.0000,0.0338,0.0001,200,1.3970
0.0547,0.0000,0.0000,0.0000,0.0546,0.0000,200,1.3765
0.0143,0.0000,0.0000,0.0000,0.0141,0.0001,200,1.4179
0.0713,0.0000,0.0000,0.0000,0.0713,0.0000,200,1.3610
0.0079,0.0000,0.0000,0.0000,0.0078,0.0000,200,1.4256
0.0246,0.0000,0.0000,0.0000,0.0245,0.0000,200,1.4096
0.0034,0.0000,0.0000,0.0000,0.0033,0.0000,200,1.4312
0.0457,0.0000,0.0000,0.0001,0.0455,0.0001,200,1.3893
0.0013,0.0000,0.0000,0.0000,0.0012,0.0000,200,1.4346
0.0054,0.0000,0.0000,0.0000,0.0053,0.0000,200,1.4309
0.0872,0.0000,0.0000,0.0000,0.0871,0.0000,200,1.3500
0.0390,0.0000,0.0000,0.0000,0.0389,0.0001,200,1.3988
0.0046,0.0000,0.0000,0.0000,0.0045,0.0001,200,1.4335
0.0176,0.0000,0.0000,0.0000,0.0176,0.0000,200,1.4208
0.0611,0.0000,0.0000,0.0000,0.0607,0.0001,200,1.3778
0.0021,0.0000,0.0000,0.0000,0.0020,0.0000,200,1.4372
0.0038,0.0000,0.0000,0.0000,0.0038,0.0000,200,1.4359
0.0356,0.0000,0.0000,0.0000,0.0355,0.0001,200,1.4046
0.0545,0.0000,0.0000,0.0000,0.0543,0.0001,200,1.3863
0.0173,0.0000,0.0000,0.0000,0.0172,0.0001,200,1.4236
0.0437,0.0000,0.0000,0.0000,0.0436,0.0001,200,1.3984
0.0258,0.0000,0.0000,0.0000,0.0257,0.0001,200,1.4163
0.0496,0.0000,0.0000,0.0000,0.0492,0.0004,200,1.3931
0.0175,0.0000,0.0000,0.0000,0.0172,0.0001,200,1.4273
0.0550,0.0000,0.0000,0.0000,0.0548,0.0002,200,1.3904
0.0080,0.0000,0.0000,0.0000,0.0079,0.0000,200,1.4381
0.0071,0.0000,0.0000,0.0000,0.0071,0.0000,200,1.4393
0.0123,0.0000,0.0000,0.0000,0.0121,0.0001,200,1.4350
0.0550,0.0000,0.0000,0.0000,0.0547,0.0003,200,1.3931
0.0077,0.0000,0.0000,0.0000,0.0076,0.0001,200,1.4409
0.0804,0.0000,0.0000,0.0000,0.0803,0.0000,200,1.3687
0.0230,0.0000,0.0000,0.0000,0.0229,0.0001,200,1.4266
0.0229,0.0000,0.0000,0.0000,0.0228,0.0000,200,1.4280
0.0344,0.0000,0.0000,0.0000,0.0342,0.0001,200,1.4173
0.0304,0.0000,0.0000,0.0000,0.0303,0.0001,200,1.4215
0.0069,0.0000,0.0000,0.0000,0.0068,0.0000,200,1.4454
0.0139,0.0000,0.0000,0.0000,0.0138,0.0001,200,1.4385
0.0524,0.0000,0.0000,0.0000,0.0522,0.0001,200,1.4004
0.0212,0.0000,0.0000,0.0000,0.0211,0.0001,200,1.4321
0.0410,0.0000,0.0000,0.0002,0.0407,0.0000,200,1.4130
0.0516,0.0000,0.0000,0.0000,0.0515,0.0001,200,1.4026
0.0140,0.0000,0.0000,0.0000,0.0138,0.0001,200,1.4407
0.0753,0.0000,0.0000,0.0000,0.0752,0.0000,200,1.3798
0.0331,0.0000,0.0000,0.0002,0.0328,0.0001,200,1.4229
0.0452,0.0000,0.0000,0.0000,0.0451,0.0000,200,1.4112
0.0676,0.0000,0.0000,0.0001,0.0675,0.0000,200,1.3893
0.0040,0.0000,0.0000,0.0000,0.0040,0.0000,200,1.4540
0.0494,0.0000,0.0000,0.0000,0.0491,0.0002,200,1.4086
0.0026,0.0000,0.0000,0.0000,0.0025,0.0001,200,1.4560
0.0116,0.0000,0.0000,0.0000,0.0115,0.0000,200,1.4473
0.0206,0.0000,0.0000,0.0000,0.0204,0.0000,200,1.4389
0.0048,0.0000,0.0000,0.0000,0.0047,0.0000,200,1.4551
0.0300,0.0000,0.0000,0.0000,0.0299,0.0000,200,1.4304
0.0045,0.0000,0.0000,0.0000,0.0044,0.0000,200,1.4565
0.0030,0.0000,0.0000,0.0000,0.0029,0.0001,200,1.4586
0.0436,0.0000,0.0000,0.0000,0.0435,0.0001,200,1.4186
0.0555,0.0000,0.0000,0.0000,0.0553,0.0001,200,1.4070
0.0330,0.0000,0.0000,0.0000,0.0329,0.0001,200,1.4301
0.0145,0.0000,0.0000,0.0001,0.0144,0.0000,200,1.4486
0.0025,0.0000,0.0000,0.0000,0.0024,0.0000,200,1.4609
0.0560,0.0000,0.0000,0.0000,0.0559,0.0001,200,1.4079
0.0180,0.0000,0.0000,0.0000,0.0179,0.0000,200,1.4465
0.0055,0.0000,0.0000,0.0000,0.0054,0.0000,200,1.4598
0.0919,0.0000,0.0000,0.0001,0.0917,0.0000,200,1.3736
0.0213,0.0000,0.0000,0.0000,0.0212,0.0000,200,1.4447
0.0653,0.0000,0.0000,0.0000,0.0652,0.0000,200,1.4010
0.0085,0.0000,0.0000,0.0000,0.0084,0.0001,200,1.4580
0.0148,0.0000,0.0000,0.0000,0.0145,0.0003,200,1.4523
0.0036,0.0000,0.0000,0.0000,0.0035,0.0000,200,1.4639
0.0086,0.0000,0.0000,0.0000,0.0085,0.0001,200,1.4595
0.0341,0.0000,0.0000,0.0000,0.0340,0.0000,200,1.4343
0.0229,0.0000,0.0000,0.0000,0.0228,0.0000,200,1.4462
0.0027,0.0000,0.0000,0.0000,0.0025,0.0002,200,1.4666
0.0071,0.0000,0.0000,0.0001,0.0069,0.0000,200,1.4625
0.0409,0.0000,0.0000,0.0000,0.0409,0.0000,200,1.4292
0.0818,0.0000,0.0000,0.0000,0.0816,0.0001,200,1.3890
0.0578,0.0000,0.0000,0.0000,0.0577,0.0000,200,1.4138
0.0049,0.0000,0.0000,0.0000,0.0048,0.0000,200,1.4671
0.0155,0.0000,0.0000,0.0000,0.0154,0.0000,200,1.4569
0.0309,0.0000,0.0000,0.0000,0.0308,0.0000,200,1.4421
0.0099,0.0000,0.0000,0.0000,0.0098,0.0000,200,1.4631
0.0359,0.0000,0.0000,0.0000,0.0358,0.0001,200,1.4378
0.0206,0.0000,0.0000,0.0001,0.0205,0.0000,200,1.4534
0.0017,0.0000,0.0000,0.0000,0.0016,0.0000,200,1.4724
0.0239,0.0000,0.0000,0.0000,0.0238,0.0001,200,1.4509
0.0031,0.0000,0.0000,0.0000,0.0030,0.0001,200,1.4720
0.0591,0.0000,0.0000,0.0000,0.0590,0.0000,200,1.4163
0.0127,0.0000,0.0000,0.0000,0.0127,0.0001,200,1.4635
0.0399,0.0000,0.0000,0.0000,0.0398,0.0001,200,1.4363
0.0033,0.0000,0.0000,0.0000,0.0031,0.0002,200,1.4730
0.0069,0.0000,0.0000,0.0000,0.0068,0.0000,200,1.4701
0.0040,0.0000,0.0000,0.0001,0.0037,0.0001,200,1.4737
0.0295,0.0000,0.0000,0.0000,0.0294,0.0000,200,1.4491
0.0038,0.0000,0.0000,0.0000,0.0037,0.0000,200,1.4748
0.0162,0.0000,0.0000,0.0000,0.0161,0.0001,200,1.4632
0.0020,0.0000,0.0000,0.0000,0.0020,0.0000,200,1.4777
0.0199,0.0000,0.0000,0.0000,0.0197,0.0002,200,1.4603
0.0307,0.0000,0.0000,0.0000,0.0306,0.0001,200,1.4496
0.0294,0.0000,0.0000,0.0000,0.0293,0.0001,200,1.4516
0.0231,0.0000,0.0000,0.0000,0.0230,0.0000,200,1.4580
0.0165,0.0000,0.0000,0.0000,0.0164,0.0001,200,1.4653
0.0392,0.0000,0.0000,0.0000,0.0384,0.0001,200,1.4427
0.0081,0.0000,0.0000,0.0000,0.0079,0.0001,200,1.4741
0.0308,0.0000,0.0000,0.0000,0.0307,0.0001,200,1.4519
0.0031,0.0000,0.0000,0.0000,0.0027,0.0003,200,1.4804
0.0039,0.0000,0.0000,0.0000,0.0037,0.0001,200,1.4803
0.0253,0.0000,0.0000,0.0000,0.0251,0.0001,200,1.4589
0.0432,0.0000,0.0000,0.0002,0.0424,0.0002,200,1.4421
0.0041,0.0000,0.0000,0.0001,0.0038,0.0000,200,1.4820
0.2351,0.0000,0.0000,0.0000,0.2351,0.0000,200,1.2510
0.0049,0.0000,0.0000,0.0001,0.0046,0.0002,200,1.4822
0.0547,0.0000,0.0000,0.0000,0.0546,0.0001,200,1.4324
0.0634,0.0000,0.0000,0.0000,0.0632,0.0001,200,1.4246
0.0192,0.0000,0.0000,0.0000,0.0191,0.0000,200,1.4691
0.0104,0.0000,0.0000,0.0000,0.0103,0.0001,200,1.4785
0.0128,0.0000,0.0000,0.0000,0.0126,0.0001,200,1.4762
0.0275,0.0000,0.0000,0.0000,0.0274,0.0001,200,1.4622
0.0064,0.0000,0.0000,0.0000,0.0061,0.0000,200,1.4834
0.0170,0.0000,0.0000,0.0000,0.0170,0.0000,200,1.4730
0.0263,0.0000,0.0000,0.0000,0.0262,0.0001,200,1.4645
0.0367,0.0000,0.0000,0.0000,0.0365,0.0001,200,1.4542
0.0835,0.0000,0.0000,0.0000,0.0834,0.0000,200,1.4075
0.0259,0.0000,0.0000,0.0000,0.0258,0.0001,200,1.4660
0.0206,0.0000,0.0000,0.0000,0.0205,0.0001,200,1.4715
0.0168,0.0000,0.0000,0.0000,0.0167,0.0001,200,1.4763
0.0095,0.0000,0.0000,0.0001,0.0093,0.0000,200,1.4841
0.0166,0.0000,0.0000,0.0000,0.0165,0.0001,200,1.4770
0.0057,0.0000,0.0000,0.0000,0.0056,0.0000,200,1.4891
0.0194,0.0000,0.0000,0.0000,0.0193,0.0001,200,1.4754
0.1073,0.0000,0.0000,0.0004,0.1069,0.0000,200,1.3875
0.0114,0.0000,0.0000,0.0000,0.0111,0.0003,200,1.4842
0.0059,0.0000,0.0000,0.0000,0.0057,0.0001,200,1.4898
0.0278,0.0000,0.0000,0.0000,0.0276,0.0001,200,1.4681
0.0275,0.0000,0.0000,0.0000,0.0273,0.0001,200,1.4692
0.0056,0.0000,0.0000,0.0000,0.0054,0.0001,200,1.4920
0.0071,0.0000,0.0000,0.0000,0.0071,0.0000,200,1.4907
0.0156,0.0000,0.0000,0.0000,0.0154,0.0001,200,1.4827
0.0291,0.0000,0.0000,0.0000,0.0290,0.0001,200,1.4695
0.0901,0.0000,0.0000,0.0001,0.0899,0.0001,200,1.4090
0.0063,0.0000,0.0000,0.0000,0.0062,0.0000,200,1.4936
0.0188,0.0000,0.0000,0.0001,0.0186,0.0001,200,1.4818
0.0061,0.0000,0.0000,0.0000,0.0060,0.0001,200,1.4948
0.0121,0.0000,0.0000,0.0000,0.0121,0.0000,200,1.4889
0.0068,0.0000,0.0000,0.0000,0.0067,0.0000,200,1.4947
0.0222,0.0000,0.0000,0.0000,0.0220,0.0000,200,1.4794
0.0040,0.0000,0.0000,0.0000,0.0039,0.0000,200,1.4983
0.0998,0.0000,0.0000,0.0001,0.0997,0.0001,200,1.4027
0.0055,0.0000,0.0000,0.0000,0.0054,0.0001,200,1.4975
0.0139,0.0000,0.0000,0.0000,0.0136,0.0002,200,1.4897
0.0043,0.0000,0.0000,0.0000,0.0042,0.0001,200,1.4999
0.0337,0.0000,0.0000,0.0001,0.0335,0.0001,200,1.4708
0.0498,0.0000,0.0000,0.0000,0.0497,0.0000,200,1.4548
0.0129,0.0000,0.0000,0.0000,0.0128,0.0000,200,1.4922
0.0176,0.0000,0.0000,0.0002,0.0173,0.0000,200,1.4880
0.0383,0.0000,0.0000,0.0000,0.0382,0.0000,200,1.4675
0.0038,0.0000,0.0000,0.0000,0.0037,0.0000,200,1.5025
0.0208,0.0000,0.0000,0.0000,0.0208,0.0000,200,1.4861
0.0265,0.0000,0.0000,0.0001,0.0262,0.0001,200,1.4811
0.0321,0.0000,0.0000,0.0001,0.0318,0.0001,200,1.4762
0.0225,0.0000,0.0000,0.0000,0.0224,0.0001,200,1.4861
0.0220,0.0000,0.0000,0.0000,0.0220,0.0000,200,1.4871
0.0445,0.0000,0.0000,0.0000,0.0444,0.0001,200,1.4655
0.0041,0.0000,0.0000,0.0000,0.0040,0.0000,200,1.5064
0.0097,0.0000,0.0000,0.0000,0.0096,0.0000,200,1.5015
0.0155,0.0000,0.0000,0.0000,0.0154,0.0000,200,1.4957
0.0589,0.0000,0.0000,0.0000,0.0589,0.0000,200,1.4524
0.0329,0.0000,0.0000,0.0000,0.0328,0.0001,200,1.4785
0.0455,0.0000,0.0000,0.0000,0.0454,0.0001,200,1.4663
0.0078,0.0000,0.0000,0.0000,0.0077,0.0000,200,1.5042
0.0117,0.0000,0.0000,0.0000,0.0115,0.0001,200,1.5011
0.0605,0.0000,0.0000,0.0000,0.0603,0.0002,200,1.4528
0.0390,0.0000,0.0000,0.0001,0.0388,0.0000,200,1.4751
0.0114,0.0000,0.0000,0.0000,0.0113,0.0001,200,1.5030
0.0178,0.0000,0.0000,0.0000,0.0178,0.0000,200,1.4968
0.0356,0.0000,0.0000,0.0000,0.0356,0.0000,200,1.4797
0.0073,0.0000,0.0000,0.0000,0.0073,0.0000,200,1.5086
0.0014,0.0000,0.0000,0.0000,0.0013,0.0000,200,1.5146
0.0320,0.0000,0.0000,0.0002,0.0317,0.0000,200,1.4853
0.0033,0.0000,0.0000,0.0001,0.0030,0.0000,200,1.5141
0.0244,0.0000,0.0000,0.0000,0.0240,0.0000,200,1.4931
0.0436,0.0000,0.0000,0.0000,0.0435,0.0000,200,1.4740
0.0195,0.0000,0.0000,0.0000,0.0193,0.0001,200,1.4986
0.0240,0.0000,0.0000,0.0000,0.0239,0.0001,200,1.4947
0.0174,0.0000,0.0000,0.0000,0.0174,0.0000,200,1.5015
0.0327,0.0000,0.0000,0.0000,0.0326,0.0000,200,1.4870
0.0134,0.0000,0.0000,0.0000,0.0132,0.0001,200,1.5070
0.0197,0.0000,0.0000,0.0000,0.0193,0.0002,200,1.5009
0.0177,0.0000,0.0000,0.0000,0.0176,0.0000,200,1.5036
0.0104,0.0000,0.0000,0.0000,0.0102,0.0001,200,1.5112
0.0040,0.0000,0.0000,0.0000,0.0039,0.0000,200,1.5181
0.0319,0.0000,0.0000,0.0001,0.0317,0.0001,200,1.4910
0.0750,0.0000,0.0000,0.0001,0.0748,0.0000,200,1.4481
0.0155,0.0000,0.0000,0.0000,0.0153,0.0001,200,1.5083
0.0844,0.0000,0.0000,0.0000,0.0842,0.0002,200,1.4397
0.0134,0.0000,0.0000,0.0000,0.0132,0.0002,200,1.5113
0.0049,0.0000,0.0000,0.0001,0.0041,0.0002,200,1.5203
0.0856,0.0000,0.0000,0.0000,0.0855,0.0001,200,1.4402
0.0013,0.0000,0.0000,0.0000,0.0012,0.0000,200,1.5247
0.0148,0.0000,0.0000,0.0000,0.0147,0.0000,200,1.5120
0.0072,0.0000,0.0000,0.0000,0.0071,0.0000,200,1.5197
0.0067,0.0000,0.0000,0.0000,0.0065,0.0001,200,1.5206
0.0040,0.0000,0.0000,0.0000,0.0038,0.0001,200,1.5238
0.0058,0.0000,0.0000,0.0001,0.0056,0.0001,200,1.5229
0.0176,0.0000,0.0000,0.0000,0.0175,0.0000,200,1.5113
0.0016,0.0000,0.0000,0.0000,0.0015,0.0000,200,1.5273
0.0140,0.0000,0.0000,0.0000,0.0139,0.0000,200,1.5160
0.0322,0.0000,0.0000,0.0000,0.0321,0.0001,200,1.4979
0.0254,0.0000,0.0000,0.0000,0.0254,0.0000,200,1.5050
0.0039,0.0000,0.0000,0.0000,0.0038,0.0001,200,1.5278
0.0420,0.0000,0.0000,0.0000,0.0419,0.0001,200,1.4901
0.0037,0.0000,0.0000,0.0000,0.0037,0.0000,200,1.5287
0.0025,0.0000,0.0000,0.0000,0.0024,0.0000,200,1.5300
0.0122,0.0000,0.0000,0.0000,0.0121,0.0001,200,1.5213
0.0163,0.0000,0.0000,0.0000,0.0163,0.0000,200,1.5176
0.0042,0.0000,0.0000,0.0000,0.0040,0.0002,200,1.5305
0.0080,0.0000,0.0000,0.0000,0.0079,0.0000,200,1.5268
0.0030,0.0000,0.0000,0.0000,0.0029,0.0000,200,1.5321
0.0096,0.0000,0.0000,0.0000,0.0095,0.0001,200,1.5259
0.0071,0.0000,0.0000,0.0000,0.0067,0.0003,200,1.5289
0.0237,0.0000,0.0000,0.0000,0.0236,0.0000,200,1.5128
0.0136,0.0000,0.0000,0.0000,0.0135,0.0000,200,1.5230
0.0082,0.0000,0.0000,0.0000,0.0082,0.0000,200,1.5289
0.0465,0.0000,0.0000,0.0000,0.0464,0.0000,200,1.4909
0.0018,0.0000,0.0000,0.0000,0.0017,0.0000,200,1.5359
0.0297,0.0000,0.0000,0.0002,0.0292,0.0003,200,1.5091
0.0199,0.0000,0.0000,0.0000,0.0198,0.0000,200,1.5190
0.0224,0.0000,0.0000,0.0000,0.0223,0.0001,200,1.5173
0.0014,0.0000,0.0000,0.0000,0.0012,0.0002,200,1.5388
0.0244,0.0000,0.0000,0.0000,0.0242,0.0002,200,1.5160
0.0268,0.0000,0.0000,0.0001,0.0266,0.0001,200,1.5144
0.0074,0.0000,0.0000,0.0000,0.0071,0.0002,200,1.5347
0.0465,0.0000,0.0000,0.0002,0.0461,0.0001,200,1.4959
0.0312,0.0000,0.0000,0.0000,0.0311,0.0000,200,1.5114
0.0212,0.0000,0.0000,0.0000,0.0211,0.0001,200,1.5221
0.0075,0.0000,0.0000,0.0000,0.0074,0.0001,200,1.5365
0.0420,0.0000,0.0000,0.0000,0.0418,0.0001,200,1.5023
0.0297,0.0000,0.0000,0.0000,0.0296,0.0001,200,1.5153
0.0135,0.0000,0.0000,0.0001,0.0133,0.0000,200,1.5317
0.0394,0.0000,0.0000,0.0000,0.0393,0.0001,200,1.5058
0.0077,0.0000,0.0000,0.0000,0.0075,0.0001,200,1.5378
0.0056,0.0000,0.0000,0.0001,0.0054,0.0001,200,1.5404
0.0293,0.0000,0.0000,0.0000,0.0291,0.0001,200,1.5175
0.0040,0.0000,0.0000,0.0000,0.0036,0.0001,200,1.5433
0.0469,0.0000,0.0000,0.0000,0.0468,0.0001,200,1.5006
0.0040,0.0000,0.0000,0.0002,0.0038,0.0000,200,1.5440
0.0385,0.0000,0.0000,0.0001,0.0383,0.0000,200,1.5100
0.0033,0.0000,0.0000,0.0000,0.0033,0.0000,200,1.5452
0.0141,0.0000,0.0000,0.0000,0.0140,0.0001,200,1.5348
0.0015,0.0000,0.0000,0.0000,0.0015,0.0000,200,1.5481
0.0240,0.0000,0.0000,0.0000,0.0237,0.0002,200,1.5260
0.0234,0.0000,0.0000,0.0000,0.0233,0.0001,200,1.5269
0.0256,0.0000,0.0000,0.0000,0.0253,0.0002,200,1.5252
0.0177,0.0000,0.0000,0.0000,0.0177,0.0000,200,1.5339
0.0169,0.0000,0.0000,0.0000,0.0169,0.0000,200,1.5351
0.0068,0.0000,0.0000,0.0000,0.0067,0.0001,200,1.5452
0.0025,0.0000,0.0000,0.0000,0.0025,0.0000,200,1.5500
0.0717,0.0000,0.0000,0.0000,0.0712,0.0002,200,1.4810
0.0205,0.0000,0.0000,0.0000,0.0204,0.0001,200,1.5325
0.0108,0.0000,0.0000,0.0000,0.0106,0.0001,200,1.5424
0.0061,0.0000,0.0000,0.0000,0.0060,0.0000,200,1.5475
0.0022,0.0000,0.0000,0.0000,0.0020,0.0001,200,1.5520
0.0473,0.0000,0.0000,0.0000,0.0472,0.0001,200,1.5076
0.0178,0.0000,0.0000,0.0000,0.0178,0.0000,200,1.5371
0.0030,0.0000,0.0000,0.0001,0.0029,0.0000,200,1.5520
0.0011,0.0000,0.0000,0.0000,0.0010,0.0000,200,1.5542
0.0069,0.0000,0.0000,0.0000,0.0068,0.0000,200,1.5496
0.0075,0.0000,0.0000,0.0000,0.0074,0.0001,200,1.5490
0.0524,0.0000,0.0000,0.0000,0.0519,0.0004,200,1.5045
0.0235,0.0000,0.0000,0.0001,0.0233,0.0000,200,1.5335
0.0176,0.0000,0.0000,0.0000,0.0175,0.0000,200,1.5397
0.0520,0.0000,0.0000,0.0000,0.0520,0.0000,200,1.5056
0.0112,0.0000,0.0000,0.0000,0.0111,0.0001,200,1.5473
0.0184,0.0000,0.0000,0.0000,0.0184,0.0000,200,1.5402
0.0169,0.0000,0.0000,0.0000,0.0168,0.0001,200,1.5420
0.0044,0.0000,0.0000,0.0000,0.0043,0.0001,200,1.5550
0.0071,0.0000,0.0000,0.0000,0.0070,0.0000,200,1.5529
0.0075,0.0000,0.0000,0.0001,0.0074,0.0000,200,1.5526
0.0304,0.0000,0.0000,0.0000,0.0303,0.0000,200,1.5301
0.0368,0.0000,0.0000,0.0000,0.0367,0.0000,200,1.5241
0.0064,0.0000,0.0000,0.0000,0.0063,0.0001,200,1.5549
0.0041,0.0000,0.0000,0.0000,0.0041,0.0000,200,1.5573
0.0051,0.0000,0.0000,0.0000,0.0051,0.0000,200,1.5569
0.1006,0.0000,0.0000,0.0001,0.1004,0.0001,200,1.4616
0.0181,0.0000,0.0000,0.0000,0.0180,0.0001,200,1.5443
0.0048,0.0000,0.0000,0.0000,0.0046,0.0001,200,1.5585
0.0069,0.0000,0.0000,0.0000,0.0068,0.0001,200,1.5565
0.0682,0.0000,0.0000,0.0000,0.0680,0.0000,200,1.4956
0.0014,0.0000,0.0000,0.0000,0.0013,0.0000,200,1.5624
0.0427,0.0000,0.0000,0.0001,0.0426,0.0000,200,1.5216
0.0082,0.0000,0.0000,0.0000,0.0077,0.0000,200,1.5565
0.0203,0.0000,0.0000,0.0000,0.0202,0.0000,200,1.5450
0.0293,0.0000,0.0000,0.0000,0.0291,0.0002,200,1.5366
0.0037,0.0000,0.0000,0.0000,0.0035,0.0001,200,1.5632
0.0057,0.0000,0.0000,0.0001,0.0056,0.0000,200,1.5613
0.0169,0.0000,0.0000,0.0000,0.0168,0.0000,200,1.5503
0.0792,0.0000,0.0000,0.0000,0.0791,0.0000,200,1.4883
0.0125,0.0000,0.0000,0.0003,0.0121,0.0000,200,1.5550
0.0039,0.0000,0.0000,0.0000,0.0038,0.0001,200,1.5638
0.0096,0.0000,0.0000,0.0001,0.0092,0.0003,200,1.5587
0.0294,0.0000,0.0000,0.0002,0.0290,0.0000,200,1.5388
0.0164,0.0000,0.0000,0.0000,0.0163,0.0000,200,1.5527
0.0046,0.0000,0.0000,0.0000,0.0046,0.0000,200,1.5646
0.0043,0.0000,0.0000,0.0000,0.0042,0.0000,200,1.5653
0.0091,0.0000,0.0000,0.0000,0.0090,0.0000,200,1.5609
0.0351,0.0000,0.0000,0.0000,0.0348,0.0002,200,1.5355
0.0107,0.0000,0.0000,0.0000,0.0105,0.0001,200,1.5601
0.0581,0.0000,0.0000,0.0000,0.0580,0.0001,200,1.5133
0.0148,0.0000,0.0000,0.0000,0.0148,0.0000,200,1.5570
0.0075,0.0000,0.0000,0.0000,0.0074,0.0001,200,1.5643
0.0055,0.0000,0.0000,0.0000,0.0052,0.0000,200,1.5669
0.0009,0.0000,0.0000,0.0000,0.0007,0.0002,200,1.5718
0.0215,0.0000,0.0000,0.0000,0.0214,0.0001,200,1.5517
0.0065,0.0000,0.0000,0.0000,0.0059,0.0000,200,1.5670
0.0028,0.0000,0.0000,0.0000,0.0024,0.0003,200,1.5714
0.0043,0.0000,0.0000,0.0000,0.0042,0.0000,200,1.5700
0.0112,0.0000,0.0000,0.0000,0.0111,0.0001,200,1.5634
0.0020,0.0000,0.0000,0.0000,0.0019,0.0000,200,1.5727
0.0057,0.0000,0.0000,0.0000,0.0055,0.0001,200,1.5696
0.0026,0.0000,0.0000,0.0000,0.0025,0.0000,200,1.5732
0.0016,0.0000,0.0000,0.0000,0.0015,0.0000,200,1.5742
0.0164,0.0000,0.0000,0.0000,0.0163,0.0001,200,1.5600
0.0086,0.0000,0.0000,0.0004,0.0080,0.0001,200,1.5683
0.0058,0.0000,0.0000,0.0001,0.0051,0.0005,200,1.5719
0.0173,0.0000,0.0000,0.0000,0.0167,0.0007,200,1.5605
0.0037,0.0000,0.0000,0.0000,0.0037,0.0000,200,1.5746
0.0044,0.0000,0.0000,0.0000,0.0044,0.0000,200,1.5746
0.0310,0.0000,0.0000,0.0000,0.0309,0.0001,200,1.5484
0.0120,0.0000,0.0000,0.0000,0.0120,0.0000,200,1.5682
0.0617,0.0000,0.0000,0.0000,0.0616,0.0001,200,1.5187
0.0872,0.0000,0.0000,0.0000,0.0870,0.0001,200,1.4937
0.0067,0.0000,0.0000,0.0000,0.0066,0.0000,200,1.5742
0.0038,0.0000,0.0000,0.0000,0.0037,0.0001,200,1.5777
0.0229,0.0000,0.0000,0.0000,0.0228,0.0000,200,1.5589
0.0833,0.0000,0.0000,0.0000,0.0832,0.0000,200,1.4990
0.0706,0.0000,0.0000,0.0000,0.0703,0.0002,200,1.5119
0.0009,0.0000,0.0000,0.0000,0.0008,0.0000,200,1.5818
0.0077,0.0000,0.0000,0.0001,0.0074,0.0001,200,1.5753
0.0278,0.0000,0.0000,0.0000,0.0277,0.0000,200,1.5556
0.0163,0.0000,0.0000,0.0000,0.0163,0.0000,200,1.5675
0.0131,0.0000,0.0000,0.0000,0.0129,0.0002,200,1.5708
0.0167,0.0000,0.0000,0.0000,0.0166,0.0001,200,1.5675
0.0141,0.0000,0.0000,0.0000,0.0140,0.0000,200,1.5706
0.0341,0.0000,0.0000,0.0000,0.0340,0.0001,200,1.5508
0.0371,0.0000,0.0000,0.0000,0.0370,0.0001,200,1.5485
0.0401,0.0000,0.0000,0.0000,0.0399,0.0001,200,1.5459
0.0025,0.0000,0.0000,0.0000,0.0023,0.0000,200,1.5838
0.0133,0.0000,0.0000,0.0000,0.0132,0.0001,200,1.5735
0.0093,0.0000,0.0000,0.0000,0.0092,0.0000,200,1.5778
0.0238,0.0000,0.0000,0.0000,0.0237,0.0001,200,1.5638
0.0453,0.0000,0.0000,0.0001,0.0451,0.0001,200,1.5426
0.0042,0.0000,0.0000,0.0000,0.0041,0.0001,200,1.5842
0.0126,0.0000,0.0000,0.0000,0.0125,0.0000,200,1.5758
0.0211,0.0000,0.0000,0.0001,0.0210,0.0000,200,1.5677
0.0787,0.0000,0.0000,0.0000,0.0785,0.0000,200,1.5105
0.0111,0.0000,0.0000,0.0000,0.0110,0.0000,200,1.5783
0.0278,0.0000,0.0000,0.0000,0.0277,0.0000,200,1.5622
0.0025,0.0000,0.0000,0.0000,0.0024,0.0000,200,1.5876
0.0233,0.0000,0.0000,0.0000,0.0229,0.0001,200,1.5672
0.0047,0.0000,0.0000,0.0000,0.0045,0.0001,200,1.5863
0.0251,0.0000,0.0000,0.0002,0.0248,0.0000,200,1.5660
0.0055,0.0000,0.0000,0.0000,0.0052,0.0000,200,1.5860
0.0084,0.0000,0.0000,0.0000,0.0083,0.0000,200,1.5839
0.0052,0.0000,0.0000,0.0000,0.0047,0.0004,200,1.5871
0.0601,0.0000,0.0000,0.0000,0.0600,0.0000,200,1.5325
0.0458,0.0000,0.0000,0.0000,0.0458,0.0000,200,1.5468
0.0142,0.0000,0.0000,0.0000,0.0141,0.0000,200,1.5791
0.0028,0.0000,0.0000,0.0000,0.0027,0.0000,200,1.5905
0.0406,0.0000,0.0000,0.0000,0.0404,0.0001,200,1.5531
0.0054,0.0000,0.0000,0.0000,0.0050,0.0003,200,1.5888
0.0045,0.0000,0.0000,0.0000,0.0044,0.0000,200,1.5901
0.0031,0.0000,0.0000,0.0000,0.0031,0.0000,200,1.5916
0.0362,0.0000,0.0000,0.0000,0.0358,0.0004,200,1.5593
0.0266,0.0000,0.0000,0.0000,0.0265,0.0000,200,1.5691
0.0067,0.0000,0.0000,0.0000,0.0065,0.0000,200,1.5894
0.0037,0.0000,0.0000,0.0000,0.0037,0.0000,200,1.5927
0.0925,0.0000,0.0000,0.0000,0.0923,0.0002,200,1.5045
0.0029,0.0000,0.0000,0.0000,0.0028,0.0001,200,1.5942
0.0803,0.0000,0.0000,0.0001,0.0801,0.0000,200,1.5174
0.0170,0.0000,0.0000,0.0000,0.0167,0.0000,200,1.5809
0.0050,0.0000,0.0000,0.0000,0.0050,0.0000,200,1.5933
0.0089,0.0000,0.0000,0.0000,0.0087,0.0001,200,1.5900
0.0054,0.0000,0.0000,0.0000,0.0052,0.0002,200,1.5937
0.0164,0.0000,0.0000,0.0000,0.0162,0.0001,200,1.5834
0.0175,0.0000,0.0000,0.0000,0.0174,0.0001,200,1.5824
0.0030,0.0000,0.0000,0.0001,0.0028,0.0001,200,1.5977
0.0027,0.0000,0.0000,0.0000,0.0024,0.0002,200,1.5983
0.0636,0.0000,0.0000,0.0000,0.0635,0.0000,200,1.5374
0.0167,0.0000,0.0000,0.0000,0.0166,0.0000,200,1.5849
0.0220,0.0000,0.0000,0.0000,0.0216,0.0003,200,1.5804
0.0275,0.0000,0.0000,0.0000,0.0274,0.0001,200,1.5758
0.0498,0.0000,0.0000,0.0000,0.0494,0.0004,200,1.5536
0.0156,0.0000,0.0000,0.0000,0.0155,0.0001,200,1.5884
0.1362,0.0000,0.0000,0.0000,0.1360,0.0001,200,1.4684
0.0224,0.0000,0.0000,0.0000,0.0219,0.0005,200,1.5823
0.0062,0.0000,0.0000,0.0000,0.0060,0.0000,200,1.5989
0.0094,0.0000,0.0000,0.0000,0.0093,0.0001,200,1.5961
0.0212,0.0000,0.0000,0.0000,0.0209,0.0002,200,1.5856
0.0376,0.0000,0.0000,0.0000,0.0375,0.0001,200,1.5693
0.0152,0.0000,0.0000,0.0000,0.0149,0.0003,200,1.5923
0.0146,0.0000,0.0000,0.0001,0.0145,0.0000,200,1.5933
0.0113,0.0000,0.0000,0.0000,0.0112,0.0000,200,1.5971
0.0259,0.0000,0.0000,0.0000,0.0258,0.0001,200,1.5827
0.0061,0.0000,0.0000,0.0001,0.0058,0.0002,200,1.6033
0.0058,0.0000,0.0000,0.0000,0.0057,0.0001,200,1.6045
0.0076,0.0000,0.0000,0.0000,0.0075,0.0001,200,1.6035
0.0111,0.0000,0.0000,0.0000,0.0108,0.0002,200,1.6007
0.0240,0.0000,0.0000,0.0000,0.0227,0.0012,200,1.5894
0.0147,0.0000,0.0000,0.0000,0.0145,0.0002,200,1.5999
0.0076,0.0000,0.0000,0.0000,0.0069,0.0007,200,1.6075
0.0704,0.0000,0.0000,0.0000,0.0702,0.0002,200,1.5455
0.0052,0.0000,0.0000,0.0001,0.0050,0.0000,200,1.6111
0.0121,0.0000,0.0000,0.0000,0.0119,0.0002,200,1.6051
0.0274,0.0000,0.0000,0.0000,0.0273,0.0001,200,1.5910
0.0389,0.0000,0.0000,0.0000,0.0387,0.0001,200,1.5809
0.0064,0.0000,0.0000,0.0004,0.0059,0.0001,200,1.6147
0.0348,0.0000,0.0000,0.0000,0.0338,0.0010,200,1.5880
0.0425,0.0000,0.0000,0.0000,0.0425,0.0000,200,1.5803
0.0164,0.0000,0.0000,0.0000,0.0163,0.0001,200,1.6079
0.0241,0.0000,0.0000,0.0000,0.0237,0.0003,200,1.6016
0.0283,0.0000,0.0000,0.0000,0.0281,0.0002,200,1.5991
0.0119,0.0000,0.0000,0.0000,0.0117,0.0001,200,1.6163
0.0322,0.0000,0.0000,0.0000,0.0320,0.0001,200,1.5964
0.0248,0.0000,0.0000,0.0000,0.0247,0.0001,200,1.6047
0.0942,0.0000,0.0000,0.0000,0.0941,0.0001,200,1.5412
0.0059,0.0000,0.0000,0.0000,0.0057,0.0001,200,1.6296
0.0081,0.0000,0.0000,0.0000,0.0080,0.0001,200,1.6274
0.0598,0.0000,0.0000,0.0000,0.0587,0.0001,200,1.5768
0.0257,0.0000,0.0000,0.0002,0.0245,0.0001,200,1.6118
0.0106,0.0000,0.0000,0.0000,0.0105,0.0001,200,1.6281
0.0415,0.0000,0.0000,0.0000,0.0414,0.0001,200,1.5979
0.0634,0.0000,0.0000,0.0000,0.0632,0.0001,200,1.5764
0.0565,0.0000,0.0000,0.0001,0.0562,0.0001,200,1.5847
0.0196,0.0000,0.0000,0.0000,0.0194,0.0001,200,1.6228
0.0421,0.0000,0.0000,0.0000,0.0420,0.0001,200,1.6010
0.0414,0.0000,0.0000,0.0001,0.0406,0.0003,200,1.6024
0.0866,0.0000,0.0000,0.0000,0.0864,0.0001,200,1.5576
0.0100,0.0000,0.0000,0.0000,0.0098,0.0001,200,1.6354
0.0415,0.0000,0.0000,0.0000,0.0414,0.0001,200,1.6043
0.0102,0.0000,0.0000,0.0000,0.0101,0.0001,200,1.6366
0.0858,0.0000,0.0000,0.0000,0.0857,0.0001,200,1.5620
0.0253,0.0000,0.0000,0.0000,0.0252,0.0001,200,1.6228
0.0544,0.0000,0.0000,0.0000,0.0543,0.0001,200,1.5946
0.0247,0.0000,0.0000,0.0000,0.0246,0.0001,200,1.6243
0.0302,0.0000,0.0000,0.0002,0.0296,0.0002,200,1.6198
0.0321,0.0000,0.0000,0.0000,0.0320,0.0001,200,1.6184
0.0120,0.0000,0.0000,0.0000,0.0117,0.0002,200,1.6388
0.0060,0.0000,0.0000,0.0001,0.0057,0.0001,200,1.6454
0.0079,0.0000,0.0000,0.0001,0.0077,0.0001,200,1.6439
0.0113,0.0000,0.0000,0.0000,0.0110,0.0002,200,1.6412
0.0569,0.0000,0.0000,0.0000,0.0568,0.0001,200,1.5957
0.0672,0.0000,0.0000,0.0002,0.0667,0.0002,200,1.5868
0.0166,0.0000,0.0000,0.0000,0.0165,0.0000,200,1.6375
0.0149,0.0000,0.0000,0.0000,0.0148,0.0001,200,1.6398
0.0469,0.0000,0.0000,0.0000,0.0468,0.0001,200,1.6084
0.0408,0.0000,0.0000,0.0000,0.0407,0.0001,200,1.6151
0.0021,0.0000,0.0000,0.0000,0.0020,0.0000,200,1.6540
0.0245,0.0000,0.0000,0.0002,0.0238,0.0004,200,1.6354
0.0537,0.0000,0.0000,0.0001,0.0529,0.0007,200,1.6069
0.0087,0.0000,0.0000,0.0000,0.0085,0.0001,200,1.6526
0.0895,0.0000,0.0000,0.0000,0.0894,0.0001,200,1.5724
0.0796,0.0000,0.0000,0.0000,0.0795,0.0002,200,1.5830
0.0179,0.0000,0.0000,0.0000,0.0176,0.0003,200,1.6458
0.0159,0.0000,0.0000,0.0001,0.0157,0.0001,200,1.6479
0.0486,0.0000,0.0000,0.0000,0.0485,0.0001,200,1.6159
0.0521,0.0000,0.0000,0.0003,0.0512,0.0005,200,1.6134
0.0843,0.0000,0.0000,0.0000,0.0842,0.0000,200,1.5814
0.0738,0.0000,0.0000,0.0000,0.0737,0.0001,200,1.5923
0.0158,0.0000,0.0000,0.0001,0.0157,0.0001,200,1.6508
0.0250,0.0000,0.0000,0.0000,0.0248,0.0001,200,1.6424
0.1067,0.0000,0.0000,0.0000,0.1066,0.0000,200,1.5615
0.0194,0.0000,0.0000,0.0000,0.0189,0.0004,200,1.6489
0.0024,0.0000,0.0000,0.0000,0.0023,0.0001,200,1.6667
0.0135,0.0000,0.0000,0.0002,0.0128,0.0001,200,1.6561
0.0032,0.0000,0.0000,0.0001,0.0029,0.0002,200,1.6674
0.0148,0.0000,0.0000,0.0000,0.0147,0.0000,200,1.6560
0.0769,0.0000,0.0000,0.0000,0.0767,0.0001,200,1.5947
0.0813,0.0000,0.0000,0.0000,0.0810,0.0003,200,1.5910
0.0078,0.0000,0.0000,0.0001,0.0075,0.0001,200,1.6656
0.0043,0.0000,0.0000,0.0000,0.0040,0.0001,200,1.6691
0.0859,0.0000,0.0000,0.0000,0.0855,0.0004,200,1.5884
0.0063,0.0000,0.0000,0.0000,0.0060,0.0003,200,1.6690
0.0548,0.0000,0.0000,0.0000,0.0538,0.0007,200,1.6211
0.0692,0.0000,0.0000,0.0000,0.0691,0.0001,200,1.6068
0.0513,0.0000,0.0000,0.0000,0.0512,0.0001,200,1.6257
0.0224,0.0000,0.0000,0.0006,0.0216,0.0000,200,1.6553
0.0252,0.0000,0.0000,0.0001,0.0250,0.0000,200,1.6525
0.0822,0.0000,0.0000,0.0000,0.0820,0.0002,200,1.5955
0.0024,0.0000,0.0000,0.0000,0.0019,0.0004,200,1.6759
0.0321,0.0000,0.0000,0.0000,0.0320,0.0001,200,1.6468
0.0038,0.0000,0.0000,0.0000,0.0036,0.0001,200,1.6760
0.0703,0.0000,0.0000,0.0000,0.0701,0.0001,200,1.6104
0.0162,0.0000,0.0000,0.0000,0.0160,0.0001,200,1.6657
0.0832,0.0000,0.0000,0.0000,0.0830,0.0001,200,1.5997
0.0055,0.0000,0.0000,0.0000,0.0054,0.0001,200,1.6776
0.0744,0.0000,0.0000,0.0000,0.0743,0.0001,200,1.6095
0.0303,0.0000,0.0000,0.0000,0.0299,0.0002,200,1.6541
0.0762,0.0000,0.0000,0.0000,0.0759,0.0001,200,1.6086
0.0380,0.0000,0.0000,0.0002,0.0374,0.0004,200,1.6481
0.0256,0.0000,0.0000,0.0001,0.0254,0.0001,200,1.6606
0.0242,0.0000,0.0000,0.0000,0.0241,0.0001,200,1.6626
0.0262,0.0000,0.0000,0.0000,0.0259,0.0001,200,1.6613
0.0098,0.0000,0.0000,0.0000,0.0097,0.0001,200,1.6776
0.0453,0.0000,0.0000,0.0001,0.0448,0.0004,200,1.6431
0.0099,0.0000,0.0000,0.0000,0.0098,0.0001,200,1.6790
0.0503,0.0000,0.0000,0.0000,0.0502,0.0001,200,1.6394
0.0462,0.0000,0.0000,0.0000,0.0456,0.0005,200,1.6442
0.0152,0.0000,0.0000,0.0000,0.0149,0.0001,200,1.6753
0.0269,0.0000,0.0000,0.0000,0.0268,0.0000,200,1.6638
0.0202,0.0000,0.0000,0.0000,0.0201,0.0000,200,1.6708
0.0741,0.0000,0.0000,0.0000,0.0739,0.0001,200,1.6172
0.0045,0.0000,0.0000,0.0007,0.0037,0.0001,200,1.6875
0.0427,0.0000,0.0000,0.0001,0.0422,0.0001,200,1.6500
0.0228,0.0000,0.0000,0.0000,0.0227,0.0001,200,1.6734
0.0139,0.0000,0.0000,0.0000,0.0137,0.0001,200,1.6831
0.0241,0.0000,0.0000,0.0000,0.0237,0.0003,200,1.6734
0.0076,0.0000,0.0000,0.0000,0.0069,0.0001,200,1.6907
0.0095,0.0000,0.0000,0.0000,0.0093,0.0001,200,1.6889
0.0194,0.0000,0.0000,0.0000,0.0192,0.0001,200,1.6798
0.0153,0.0000,0.0000,0.0000,0.0152,0.0001,200,1.6839
0.0397,0.0000,0.0000,0.0000,0.0395,0.0001,200,1.6599
0.0130,0.0000,0.0000,0.0000,0.0126,0.0004,200,1.6874
0.0393,0.0000,0.0000,0.0000,0.0390,0.0002,200,1.6620
0.1075,0.0000,0.0000,0.0000,0.1073,0.0001,200,1.5970
0.0160,0.0000,0.0000,0.0000,0.0157,0.0003,200,1.6897
0.0239,0.0000,0.0000,0.0000,0.0239,0.0000,200,1.6819
0.0077,0.0000,0.0000,0.0000,0.0076,0.0001,200,1.6992
0.1154,0.0000,0.0000,0.0000,0.1153,0.0001,200,1.5926
0.0239,0.0000,0.0000,0.0000,0.0236,0.0000,200,1.6844
0.0227,0.0000,0.0000,0.0000,0.0226,0.0001,200,1.6868
0.0362,0.0000,0.0000,0.0000,0.0359,0.0002,200,1.6743
0.0042,0.0000,0.0000,0.0000,0.0040,0.0002,200,1.7070
0.0142,0.0000,0.0000,0.0000,0.0141,0.0001,200,1.6974
0.0257,0.0000,0.0000,0.0001,0.0250,0.0004,200,1.6862
0.0207,0.0000,0.0000,0.0000,0.0206,0.0001,200,1.6920
0.0290,0.0000,0.0000,0.0000,0.0283,0.0007,200,1.6848
0.0278,0.0000,0.0000,0.0002,0.0274,0.0001,200,1.6861
0.1130,0.0000,0.0000,0.0000,0.1128,0.0001,200,1.6010
0.0155,0.0000,0.0000,0.0001,0.0153,0.0001,200,1.6996
0.0059,0.0000,0.0000,0.0000,0.0056,0.0001,200,1.7117
0.0662,0.0000,0.0000,0.0000,0.0660,0.0001,200,1.6514
0.0172,0.0000,0.0000,0.0001,0.0169,0.0001,200,1.7004
0.0093,0.0000,0.0000,0.0000,0.0091,0.0000,200,1.7083
0.0463,0.0000,0.0000,0.0000,0.0461,0.0001,200,1.6716
0.0491,0.0000,0.0000,0.0000,0.0489,0.0001,200,1.6697
0.1141,0.0000,0.0000,0.0001,0.1139,0.0001,200,1.6055
0.0434,0.0000,0.0000,0.0000,0.0430,0.0003,200,1.6770
0.0066,0.0000,0.0000,0.0000,0.0064,0.0001,200,1.7140
0.0023,0.0000,0.0000,0.0000,0.0021,0.0001,200,1.7189
0.0161,0.0000,0.0000,0.0000,0.0160,0.0001,200,1.7058
0.0018,0.0000,0.0000,0.0000,0.0017,0.0001,200,1.7205
0.0080,0.0000,0.0000,0.0000,0.0078,0.0002,200,1.7151
0.0045,0.0000,0.0000,0.0000,0.0044,0.0001,200,1.7196
0.0253,0.0000,0.0000,0.0000,0.0251,0.0001,200,1.6992
0.0189,0.0000,0.0000,0.0000,0.0187,0.0001,200,1.7057
0.0149,0.0000,0.0000,0.0000,0.0147,0.0001,200,1.7105
0.0037,0.0000,0.0000,0.0000,0.0036,0.0001,200,1.7220
0.0132,0.0000,0.0000,0.0000,0.0128,0.0003,200,1.7138
0.0570,0.0000,0.0000,0.0000,0.0569,0.0001,200,1.6706
0.0736,0.0000,0.0000,0.0000,0.0734,0.0001,200,1.6547
0.1005,0.0000,0.0000,0.0000,0.1003,0.0001,200,1.6286
0.0461,0.0000,0.0000,0.0000,0.0461,0.0000,200,1.6829
0.0047,0.0000,0.0000,0.0000,0.0043,0.0004,200,1.7246
0.0120,0.0000,0.0000,0.0000,0.0119,0.0001,200,1.7176
0.0100,0.0000,0.0000,0.0000,0.0098,0.0001,200,1.7204
0.0413,0.0000,0.0000,0.0000,0.0410,0.0002,200,1.6904
0.0086,0.0000,0.0000,0.0000,0.0085,0.0000,200,1.7232
0.0144,0.0000,0.0000,0.0000,0.0143,0.0000,200,1.7175
0.0357,0.0000,0.0000,0.0000,0.0356,0.0000,200,1.6962
0.0051,0.0000,0.0000,0.0000,0.0049,0.0002,200,1.7270
0.0045,0.0000,0.0000,0.0001,0.0043,0.0001,200,1.7283
0.0838,0.0000,0.0000,0.0000,0.0836,0.0001,200,1.6504
0.0697,0.0000,0.0000,0.0000,0.0691,0.0007,200,1.6645
0.0075,0.0000,0.0000,0.0000,0.0074,0.0001,200,1.7276
0.0056,0.0000,0.0000,0.0000,0.0052,0.0004,200,1.7304
0.0191,0.0000,0.0000,0.0000,0.0186,0.0004,200,1.7176
0.0561,0.0000,0.0000,0.0002,0.0557,0.0001,200,1.6806
0.0058,0.0000,0.0000,0.0000,0.0057,0.0001,200,1.7318
0.0057,0.0000,0.0000,0.0010,0.0046,0.0001,200,1.7321
0.0472,0.0000,0.0000,0.0000,0.0470,0.0002,200,1.6910
0.0509,0.0000,0.0000,0.0000,0.0506,0.0002,200,1.6884
0.0469,0.0000,0.0000,0.0000,0.0468,0.0001,200,1.6927
0.0430,0.0000,0.0000,0.0000,0.0429,0.0001,200,1.6970
0.0046,0.0000,0.0000,0.0000,0.0045,0.0001,200,1.7367
0.0529,0.0000,0.0000,0.0000,0.0527,0.0001,200,1.6905
0.0150,0.0000,0.0000,0.0001,0.0147,0.0002,200,1.7293
0.0204,0.0000,0.0000,0.0000,0.0203,0.0001,200,1.7241
0.0772,0.0000,0.0000,0.0001,0.0769,0.0002,200,1.6681
0.0082,0.0000,0.0000,0.0000,0.0080,0.0001,200,1.7378
0.0742,0.0000,0.0000,0.0004,0.0737,0.0001,200,1.6723
0.0388,0.0000,0.0000,0.0001,0.0384,0.0001,200,1.7080
0.0815,0.0000,0.0000,0.0001,0.0814,0.0000,200,1.6661
0.0257,0.0000,0.0000,0.0000,0.0254,0.0002,200,1.7223
0.0226,0.0000,0.0000,0.0004,0.0221,0.0001,200,1.7257
0.0031,0.0000,0.0000,0.0000,0.0026,0.0001,200,1.7460
0.0404,0.0000,0.0000,0.0000,0.0400,0.0001,200,1.7095
0.0370,0.0000,0.0000,0.0000,0.0368,0.0002,200,1.7139
0.0086,0.0000,0.0000,0.0001,0.0078,0.0001,200,1.7434
0.0115,0.0000,0.0000,0.0000,0.0112,0.0001,200,1.7413
0.0890,0.0000,0.0000,0.0000,0.0889,0.0001,200,1.6638
0.0488,0.0000,0.0000,0.0001,0.0480,0.0001,200,1.7046
0.0298,0.0000,0.0000,0.0000,0.0297,0.0000,200,1.7245
0.0434,0.0000,0.0000,0.0000,0.0433,0.0000,200,1.7118
0.0374,0.0000,0.0000,0.0000,0.0364,0.0008,200,1.7179
0.0028,0.0000,0.0000,0.0000,0.0025,0.0001,200,1.7528
0.1768,0.0000,0.0000,0.0000,0.1767,0.0001,200,1.5795
0.1218,0.0000,0.0000,0.0000,0.1213,0.0004,200,1.6356
0.0592,0.0000,0.0000,0.0000,0.0590,0.0001,200,1.6984
0.0250,0.0000,0.0000,0.0000,0.0249,0.0001,200,1.7328
0.0293,0.0000,0.0000,0.0000,0.0292,0.0001,200,1.7291
0.0097,0.0000,0.0000,0.0000,0.0095,0.0001,200,1.7491
0.0065,0.0000,0.0000,0.0001,0.0064,0.0001,200,1.7528
0.0266,0.0000,0.0000,0.0000,0.0263,0.0002,200,1.7342
0.0596,0.0000,0.0000,0.0000,0.0591,0.0004,200,1.7013
0.0076,0.0000,0.0000,0.0000,0.0075,0.0001,200,1.7543
0.0495,0.0000,0.0000,0.0000,0.0494,0.0000,200,1.7127
0.0162,0.0000,0.0000,0.0000,0.0159,0.0000,200,1.7466
0.0114,0.0000,0.0000,0.0001,0.0111,0.0002,200,1.7520
0.0271,0.0000,0.0000,0.0000,0.0270,0.0001,200,1.7367
0.0202,0.0000,0.0000,0.0000,0.0198,0.0003,200,1.7445
0.0873,0.0000,0.0000,0.0000,0.0872,0.0001,200,1.6778
0.0739,0.0000,0.0000,0.0001,0.0737,0.0001,200,1.6913
0.0099,0.0000,0.0000,0.0000,0.0097,0.0001,200,1.7556
0.0316,0.0000,0.0000,0.0000,0.0313,0.0002,200,1.7351
0.0326,0.0000,0.0000,0.0000,0.0324,0.0001,200,1.7342
0.0171,0.0000,0.0000,0.0001,0.0169,0.0001,200,1.7536
0.0131,0.0000,0.0000,0.0001,0.0127,0.0002,200,1.7579
0.0392,0.0000,0.0000,0.0000,0.0389,0.0002,200,1.7317
0.0345,0.0000,0.0000,0.0000,0.0339,0.0003,200,1.7383
0.0560,0.0000,0.0000,0.0000,0.0555,0.0005,200,1.7176
0.0364,0.0000,0.0000,0.0000,0.0357,0.0001,200,1.7400
0.0038,0.0000,0.0000,0.0000,0.0035,0.0001,200,1.7736
0.0085,0.0000,0.0000,0.0000,0.0084,0.0001,200,1.7710
0.0584,0.0000,0.0000,0.0000,0.0583,0.0001,200,1.7211
0.0505,0.0000,0.0000,0.0000,0.0504,0.0001,200,1.7291
0.0540,0.0000,0.0000,0.0001,0.0538,0.0000,200,1.7257
0.0328,0.0000,0.0000,0.0000,0.0325,0.0001,200,1.7480
0.0208,0.0000,0.0000,0.0000,0.0202,0.0006,200,1.7608
0.0296,0.0000,0.0000,0.0000,0.0295,0.0001,200,1.7552
0.0374,0.0000,0.0000,0.0000,0.0372,0.0001,200,1.7483
0.0409,0.0000,0.0000,0.0000,0.0397,0.0010,200,1.7467
0.0230,0.0000,0.0000,0.0001,0.0222,0.0003,200,1.7653
0.0240,0.0000,0.0000,0.0003,0.0233,0.0001,200,1.7651
0.0305,0.0000,0.0000,0.0000,0.0301,0.0003,200,1.7589
0.0278,0.0000,0.0000,0.0000,0.0276,0.0002,200,1.7620
0.0586,0.0000,0.0000,0.0000,0.0584,0.0001,200,1.7319
0.0118,0.0000,0.0000,0.0000,0.0110,0.0007,200,1.7795
0.0330,0.0000,0.0000,0.0000,0.0326,0.0003,200,1.7594
0.1409,0.0000,0.0000,0.0001,0.1408,0.0001,200,1.6518
0.0047,0.0000,0.0000,0.0001,0.0044,0.0001,200,1.7891
0.0302,0.0000,0.0000,0.0000,0.0300,0.0001,200,1.7638
0.0140,0.0000,0.0000,0.0000,0.0139,0.0001,200,1.7808
0.0025,0.0000,0.0000,0.0000,0.0020,0.0004,200,1.7938
0.0146,0.0000,0.0000,0.0000,0.0143,0.0002,200,1.7816
0.0667,0.0000,0.0000,0.0001,0.0665,0.0000,200,1.7296
0.0308,0.0000,0.0000,0.0005,0.0300,0.0001,200,1.7668
0.0356,0.0000,0.0000,0.0000,0.0353,0.0002,200,1.7622
0.0187,0.0000,0.0000,0.0000,0.0186,0.0001,200,1.7797
0.0875,0.0000,0.0000,0.0001,0.0872,0.0001,200,1.7112
0.0491,0.0000,0.0000,0.0000,0.0490,0.0001,200,1.7499
0.0639,0.0000,0.0000,0.0000,0.0636,0.0001,200,1.7360
0.0607,0.0000,0.0000,0.0000,0.0602,0.0002,200,1.7397
0.0147,0.0000,0.0000,0.0000,0.0143,0.0003,200,1.7857
0.0252,0.0000,0.0000,0.0000,0.0251,0.0001,200,1.7766
0.0091,0.0000,0.0000,0.0000,0.0088,0.0002,200,1.7927
0.0056,0.0000,0.0000,0.0000,0.0055,0.0000,200,1.7963
0.0712,0.0000,0.0000,0.0000,0.0711,0.0001,200,1.7320
0.0139,0.0000,0.0000,0.0001,0.0137,0.0001,200,1.7894
0.0034,0.0000,0.0000,0.0000,0.0032,0.0000,200,1.8004
0.0416,0.0000,0.0000,0.0000,0.0415,0.0001,200,1.7628
0.0524,0.0000,0.0000,0.0000,0.0520,0.0003,200,1.7563
0.0059,0.0000,0.0000,0.0000,0.0055,0.0002,200,1.8032
0.0210,0.0000,0.0000,0.0000,0.0206,0.0003,200,1.7898
0.0536,0.0000,0.0000,0.0001,0.0532,0.0001,200,1.7576
0.0332,0.0000,0.0000,0.0000,0.0331,0.0001,200,1.7796
0.0169,0.0000,0.0000,0.0000,0.0167,0.0002,200,1.7962
0.0527,0.0000,0.0000,0.0005,0.0521,0.0001,200,1.7609
0.0494,0.0000,0.0000,0.0002,0.0490,0.0001,200,1.7646
0.0381,0.0000,0.0000,0.0000,0.0379,0.0001,200,1.7774
0.0138,0.0000,0.0000,0.0000,0.0137,0.0000,200,1.8019
0.0601,0.0000,0.0000,0.0000,0.0599,0.0001,200,1.7574
0.0191,0.0000,0.0000,0.0000,0.0188,0.0002,200,1.7990
0.0055,0.0000,0.0000,0.0000,0.0053,0.0002,200,1.8128
0.0737,0.0000,0.0000,0.0000,0.0736,0.0001,200,1.7454
0.0157,0.0000,0.0000,0.0000,0.0156,0.0001,200,1.8038
0.0067,0.0000,0.0000,0.0001,0.0063,0.0000,200,1.8132
0.0823,0.0000,0.0000,0.0000,0.0822,0.0000,200,1.7376
0.0500,0.0000,0.0000,0.0000,0.0498,0.0001,200,1.7707
0.0209,0.0000,0.0000,0.0000,0.0208,0.0001,200,1.8000
0.0129,0.0000,0.0000,0.0000,0.0122,0.0004,200,1.8091
0.1733,0.0000,0.0000,0.0000,0.1727,0.0005,200,1.6490
0.0042,0.0000,0.0000,0.0000,0.0042,0.0000,200,1.8181
0.0027,0.0000,0.0000,0.0000,0.0025,0.0001,200,1.8209
0.0530,0.0000,0.0000,0.0002,0.0525,0.0001,200,1.7710
0.0291,0.0000,0.0000,0.0000,0.0284,0.0005,200,1.7963
0.0169,0.0000,0.0000,0.0000,0.0167,0.0002,200,1.8087
0.0038,0.0000,0.0000,0.0000,0.0037,0.0000,200,1.8223
0.0112,0.0000,0.0000,0.0001,0.0109,0.0002,200,1.8157
0.0138,0.0000,0.0000,0.0002,0.0134,0.0001,200,1.8141
0.0092,0.0000,0.0000,0.0000,0.0091,0.0000,200,1.8195
0.0303,0.0000,0.0000,0.0000,0.0301,0.0002,200,1.7985
0.0119,0.0000,0.0000,0.0000,0.0118,0.0000,200,1.8175
0.0793,0.0000,0.0000,0.0000,0.0790,0.0002,200,1.7508
0.0277,0.0000,0.0000,0.0000,0.0275,0.0001,200,1.8033
0.0300,0.0000,0.0000,0.0000,0.0292,0.0007,200,1.8018
0.0065,0.0000,0.0000,0.0000,0.0061,0.0003,200,1.8256
0.0478,0.0000,0.0000,0.0001,0.0475,0.0001,200,1.7848
0.0392,0.0000,0.0000,0.0001,0.0390,0.0001,200,1.7943
0.0955,0.0000,0.0000,0.0000,0.0949,0.0005,200,1.7394
0.0031,0.0000,0.0000,0.0001,0.0028,0.0000,200,1.8318
0.0221,0.0000,0.0000,0.0000,0.0219,0.0002,200,1.8136
0.0697,0.0000,0.0000,0.0001,0.0694,0.0001,200,1.7667
0.1385,0.0000,0.0000,0.0000,0.1380,0.0004,200,1.6983
0.0089,0.0000,0.0000,0.0000,0.0088,0.0001,200,1.8287
0.0124,0.0000,0.0000,0.0000,0.0120,0.0003,200,1.8261
0.0368,0.0000,0.0000,0.0000,0.0366,0.0000,200,1.8018
0.1615,0.0000,0.0000,0.0000,0.1613,0.0002,200,1.6783
0.0360,0.0000,0.0000,0.0000,0.0355,0.0003,200,1.8044
0.0429,0.0000,0.0000,0.0002,0.0426,0.0001,200,1.8004
0.0249,0.0000,0.0000,0.0000,0.0247,0.0001,200,1.8191
0.0461,0.0000,0.0000,0.0000,0.0460,0.0000,200,1.7987
0.0295,0.0000,0.0000,0.0000,0.0294,0.0001,200,1.8155
0.0172,0.0000,0.0000,0.0001,0.0169,0.0001,200,1.8288
0.0227,0.0000,0.0000,0.0000,0.0226,0.0001,200,1.8240
0.0073,0.0000,0.0000,0.0000,0.0069,0.0001,200,1.8404
0.0131,0.0000,0.0000,0.0000,0.0128,0.0002,200,1.8349
0.0510,0.0000,0.0000,0.0000,0.0509,0.0001,200,1.7977
0.0613,0.0000,0.0000,0.0002,0.0609,0.0001,200,1.7883
0.1058,0.0000,0.0000,0.0002,0.1052,0.0004,200,1.7444
0.0950,0.0000,0.0000,0.0000,0.0948,0.0001,200,1.7552
0.0063,0.0000,0.0000,0.0000,0.0061,0.0001,200,1.8449
0.0249,0.0000,0.0000,0.0000,0.0248,0.0001,200,1.8269
0.0170,0.0000,0.0000,0.0000,0.0165,0.0004,200,1.8358
0.0329,0.0000,0.0000,0.0000,0.0326,0.0002,200,1.8207
0.0196,0.0000,0.0000,0.0000,0.0195,0.0000,200,1.8349
0.0098,0.0000,0.0000,0.0000,0.0096,0.0001,200,1.8450
0.0227,0.0000,0.0000,0.0000,0.0223,0.0004,200,1.8327
0.0130,0.0000,0.0000,0.0000,0.0126,0.0004,200,1.8439
0.0113,0.0000,0.0000,0.0000,0.0100,0.0011,200,1.8496
0.0241,0.0000,0.0000,0.0000,0.0240,0.0001,200,1.8376
0.0437,0.0000,0.0000,0.0000,0.0436,0.0001,200,1.8183
0.0426,0.0000,0.0000,0.0000,0.0419,0.0007,200,1.8199
0.0898,0.0000,0.0000,0.0000,0.0897,0.0001,200,1.7728
0.0527,0.0000,0.0000,0.0002,0.0516,0.0001,200,1.8108
0.0276,0.0000,0.0000,0.0000,0.0273,0.0002,200,1.8368
0.0356,0.0000,0.0000,0.0000,0.0355,0.0001,200,1.8294
0.0124,0.0000,0.0000,0.0000,0.0123,0.0000,200,1.8527
0.1083,0.0000,0.0000,0.0001,0.1075,0.0007,200,1.7584
0.0210,0.0000,0.0000,0.0000,0.0209,0.0001,200,1.8459
0.0721,0.0000,0.0000,0.0000,0.0720,0.0001,200,1.7949
0.0270,0.0000,0.0000,0.0000,0.0266,0.0001,200,1.8400
0.0290,0.0000,0.0000,0.0001,0.0288,0.0001,200,1.8386
0.0175,0.0000,0.0000,0.0000,0.0173,0.0001,200,1.8512
0.0201,0.0000,0.0000,0.0001,0.0199,0.0001,200,1.8486
0.0581,0.0000,0.0000,0.0002,0.0572,0.0003,200,1.8112
0.0478,0.0000,0.0000,0.0002,0.0472,0.0001,200,1.8223
0.0429,0.0000,0.0000,0.0000,0.0428,0.0001,200,1.8279
0.0214,0.0000,0.0000,0.0002,0.0211,0.0001,200,1.8502
0.0163,0.0000,0.0000,0.0000,0.0157,0.0006,200,1.8554
0.0207,0.0000,0.0000,0.0001,0.0204,0.0000,200,1.8518
0.0054,0.0000,0.0000,0.0000,0.0053,0.0001,200,1.8676
0.0231,0.0000,0.0000,0.0000,0.0230,0.0001,200,1.8502
0.0422,0.0000,0.0000,0.0001,0.0420,0.0000,200,1.8321
0.0051,0.0000,0.0000,0.0000,0.0046,0.0004,200,1.8693
0.0874,0.0000,0.0000,0.0000,0.0867,0.0001,200,1.7877
0.0398,0.0000,0.0000,0.0000,0.0397,0.0001,200,1.8364
0.0428,0.0000,0.0000,0.0000,0.0423,0.0004,200,1.8336
0.0025,0.0000,0.0000,0.0000,0.0024,0.0001,200,1.8743
0.0477,0.0000,0.0000,0.0003,0.0470,0.0002,200,1.8301
0.0253,0.0000,0.0000,0.0001,0.0249,0.0003,200,1.8536
0.0256,0.0000,0.0000,0.0001,0.0254,0.0001,200,1.8548
0.0073,0.0000,0.0000,0.0000,0.0058,0.0015,200,1.8734
0.0176,0.0000,0.0000,0.0000,0.0173,0.0003,200,1.8635
0.0357,0.0000,0.0000,0.0000,0.0356,0.0001,200,1.8467
0.0200,0.0000,0.0000,0.0001,0.0198,0.0001,200,1.8625
0.0055,0.0000,0.0000,0.0000,0.0054,0.0001,200,1.8778
0.0209,0.0000,0.0000,0.0004,0.0204,0.0001,200,1.8626
0.0038,0.0000,0.0000,0.0001,0.0036,0.0001,200,1.8804
0.0237,0.0000,0.0000,0.0000,0.0235,0.0002,200,1.8617
0.0048,0.0000,0.0000,0.0000,0.0046,0.0001,200,1.8813
0.0135,0.0000,0.0000,0.0000,0.0133,0.0001,200,1.8730
0.0211,0.0000,0.0000,0.0000,0.0209,0.0001,200,1.8670
0.0413,0.0000,0.0000,0.0000,0.0411,0.0002,200,1.8477
0.0035,0.0000,0.0000,0.0000,0.0033,0.0002,200,1.8866
0.0193,0.0000,0.0000,0.0000,0.0187,0.0001,200,1.8717
0.1291,0.0000,0.0000,0.0000,0.1288,0.0003,200,1.7633
0.0306,0.0000,0.0000,0.0000,0.0303,0.0003,200,1.8620
0.0279,0.0000,0.0000,0.0000,0.0275,0.0001,200,1.8650
0.0052,0.0000,0.0000,0.0001,0.0046,0.0001,200,1.8881
0.0119,0.0000,0.0000,0.0000,0.0114,0.0003,200,1.8824
0.1025,0.0000,0.0000,0.0000,0.1023,0.0001,200,1.7924
0.0353,0.0000,0.0000,0.0000,0.0348,0.0004,200,1.8609
0.1167,0.0000,0.0000,0.0000,0.1165,0.0001,200,1.7795
0.0996,0.0000,0.0000,0.0001,0.0993,0.0001,200,1.7978
0.0754,0.0000,0.0000,0.0000,0.0751,0.0000,200,1.8220
0.0243,0.0000,0.0000,0.0001,0.0240,0.0001,200,1.8765
0.0699,0.0000,0.0000,0.0006,0.0691,0.0000,200,1.8310
0.1101,0.0000,0.0000,0.0000,0.1098,0.0001,200,1.7913
0.0240,0.0000,0.0000,0.0014,0.0222,0.0002,200,1.8788
0.0388,0.0000,0.0000,0.0000,0.0385,0.0001,200,1.8644
0.0111,0.0000,0.0000,0.0000,0.0108,0.0001,200,1.8926
0.0076,0.0000,0.0000,0.0000,0.0068,0.0007,200,1.8962
0.0282,0.0000,0.0000,0.0000,0.0280,0.0002,200,1.8762
0.0084,0.0000,0.0000,0.0000,0.0082,0.0001,200,1.8974
0.0396,0.0000,0.0000,0.0001,0.0387,0.0008,200,1.8670
0.0242,0.0000,0.0000,0.0000,0.0241,0.0000,200,1.8824
0.0053,0.0000,0.0000,0.0000,0.0052,0.0000,200,1.9015
0.0174,0.0000,0.0000,0.0001,0.0170,0.0003,200,1.8901
0.0220,0.0000,0.0000,0.0001,0.0215,0.0003,200,1.8861
0.0039,0.0000,0.0000,0.0000,0.0037,0.0002,200,1.9046
0.0247,0.0000,0.0000,0.0000,0.0245,0.0001,200,1.8842
0.1193,0.0000,0.0000,0.0000,0.1192,0.0001,200,1.7905
0.0043,0.0000,0.0000,0.0000,0.0042,0.0001,200,1.9068
0.0182,0.0000,0.0000,0.0000,0.0179,0.0002,200,1.8933
0.0693,0.0000,0.0000,0.0000,0.0691,0.0001,200,1.8433
0.0050,0.0000,0.0000,0.0000,0.0049,0.0001,200,1.9084
0.0198,0.0000,0.0000,0.0000,0.0197,0.0001,200,1.8943
0.0079,0.0000,0.0000,0.0000,0.0077,0.0001,200,1.9066
0.0319,0.0000,0.0000,0.0000,0.0315,0.0003,200,1.8835
0.0230,0.0000,0.0000,0.0001,0.0226,0.0000,200,1.8924
0.0270,0.0000,0.0000,0.0000,0.0267,0.0001,200,1.8891
0.0104,0.0000,0.0000,0.0000,0.0102,0.0001,200,1.9058
0.0131,0.0000,0.0000,0.0000,0.0130,0.0001,200,1.9031
0.0196,0.0000,0.0000,0.0000,0.0195,0.0001,200,1.8974
0.0021,0.0000,0.0000,0.0000,0.0019,0.0001,200,1.9154
0.0632,0.0000,0.0000,0.0000,0.0631,0.0001,200,1.8545
0.0052,0.0000,0.0000,0.0000,0.0048,0.0003,200,1.9134
0.0134,0.0000,0.0000,0.0000,0.0129,0.0002,200,1.9084
0.0748,0.0000,0.0000,0.0000,0.0746,0.0002,200,1.8480
0.0212,0.0000,0.0000,0.0000,0.0204,0.0003,200,1.9028
0.0425,0.0000,0.0000,0.0001,0.0422,0.0001,200,1.8834
0.0113,0.0000,0.0000,0.0001,0.0112,0.0001,200,1.9145
0.0193,0.0000,0.0000,0.0000,0.0189,0.0003,200,1.9069
0.0594,0.0000,0.0000,0.0000,0.0592,0.0001,200,1.8670
0.0265,0.0000,0.0000,0.0000,0.0264,0.0001,200,1.9009
0.0208,0.0000,0.0000,0.0000,0.0204,0.0003,200,1.9075
0.0032,0.0000,0.0000,0.0002,0.0025,0.0005,200,1.9262
0.0909,0.0000,0.0000,0.0000,0.0907,0.0001,200,1.8385
0.0145,0.0000,0.0000,0.0000,0.0142,0.0002,200,1.9161
0.0601,0.0000,0.0000,0.0000,0.0600,0.0000,200,1.8708
0.0623,0.0000,0.0000,0.0000,0.0617,0.0005,200,1.8701
0.0574,0.0000,0.0000,0.0000,0.0573,0.0000,200,1.8751
0.0113,0.0000,0.0000,0.0000,0.0111,0.0001,200,1.9218
0.0433,0.0000,0.0000,0.0000,0.0431,0.0002,200,1.8909
0.0696,0.0000,0.0000,0.0000,0.0695,0.0001,200,1.8651
0.0412,0.0000,0.0000,0.0000,0.0410,0.0001,200,1.8949
0.0651,0.0000,0.0000,0.0000,0.0649,0.0001,200,1.8717
0.0275,0.0000,0.0000,0.0015,0.0260,0.0001,200,1.9111
0.0425,0.0000,0.0000,0.0007,0.0414,0.0001,200,1.8961
0.0823,0.0000,0.0000,0.0002,0.0820,0.0001,200,1.8570
0.0159,0.0000,0.0000,0.0004,0.0150,0.0001,200,1.9241
0.0319,0.0000,0.0000,0.0000,0.0316,0.0002,200,1.9089
0.0110,0.0000,0.0000,0.0001,0.0099,0.0003,200,1.9306
0.0311,0.0000,0.0000,0.0000,0.0309,0.0002,200,1.9141
0.0332,0.0000,0.0000,0.0000,0.0330,0.0002,200,1.9126
0.0437,0.0000,0.0000,0.0000,0.0435,0.0000,200,1.9037
0.0067,0.0000,0.0000,0.0000,0.0065,0.0001,200,1.9408
0.0362,0.0000,0.0000,0.0000,0.0347,0.0004,200,1.9115
0.0098,0.0000,0.0000,0.0000,0.0097,0.0000,200,1.9386
0.0479,0.0000,0.0000,0.0000,0.0478,0.0000,200,1.9007
0.0123,0.0000,0.0000,0.0000,0.0122,0.0001,200,1.9368
0.0022,0.0000,0.0000,0.0000,0.0019,0.0003,200,1.9475
0.0046,0.0000,0.0000,0.0000,0.0045,0.0000,200,1.9452
0.0347,0.0000,0.0000,0.0000,0.0346,0.0000,200,1.9154
0.0169,0.0000,0.0000,0.0001,0.0166,0.0001,200,1.9343
0.0254,0.0000,0.0000,0.0000,0.0249,0.0005,200,1.9264
0.0032,0.0000,0.0000,0.0000,0.0027,0.0005,200,1.9486
0.0359,0.0000,0.0000,0.0000,0.0358,0.0000,200,1.9160
0.0264,0.0000,0.0000,0.0000,0.0263,0.0000,200,1.9259
0.0351,0.0000,0.0000,0.0000,0.0349,0.0001,200,1.9175
0.0057,0.0000,0.0000,0.0000,0.0053,0.0002,200,1.9477
0.0286,0.0000,0.0000,0.0000,0.0284,0.0001,200,1.9258
0.0034,0.0000,0.0000,0.0000,0.0025,0.0000,200,1.9511
0.0087,0.0000,0.0000,0.0001,0.0080,0.0001,200,1.9458
0.1298,0.0000,0.0000,0.0000,0.1294,0.0004,200,1.8254
0.0325,0.0000,0.0000,0.0001,0.0323,0.0000,200,1.9228
0.0037,0.0000,0.0000,0.0000,0.0036,0.0001,200,1.9520
0.0150,0.0000,0.0000,0.0000,0.0149,0.0000,200,1.9416
0.0261,0.0000,0.0000,0.0000,0.0260,0.0001,200,1.9309
0.0093,0.0000,0.0000,0.0000,0.0092,0.0001,200,1.9485
0.0037,0.0000,0.0000,0.0000,0.0035,0.0001,200,1.9546
0.0259,0.0000,0.0000,0.0005,0.0252,0.0001,200,1.9324
0.0266,0.0000,0.0000,0.0000,0.0265,0.0001,200,1.9325
0.0434,0.0000,0.0000,0.0000,0.0431,0.0002,200,1.9169
0.0252,0.0000,0.0000,0.0000,0.0247,0.0003,200,1.9362
0.0529,0.0000,0.0000,0.0001,0.0526,0.0002,200,1.9098
0.0094,0.0000,0.0000,0.0000,0.0093,0.0001,200,1.9545
0.0066,0.0000,0.0000,0.0000,0.0065,0.0001,200,1.9578
0.0882,0.0000,0.0000,0.0000,0.0881,0.0001,200,1.8768
0.0050,0.0000,0.0000,0.0000,0.0041,0.0002,200,1.9604
0.0094,0.0000,0.0000,0.0000,0.0088,0.0006,200,1.9566
0.0150,0.0000,0.0000,0.0000,0.0149,0.0001,200,1.9518
0.0104,0.0000,0.0000,0.0000,0.0102,0.0001,200,1.9570
0.0287,0.0000,0.0000,0.0000,0.0284,0.0003,200,1.9400
0.0652,0.0000,0.0000,0.0001,0.0649,0.0002,200,1.9038
0.0145,0.0000,0.0000,0.0000,0.0144,0.0001,200,1.9557
0.0546,0.0000,0.0000,0.0000,0.0543,0.0002,200,1.9163
0.0199,0.0000,0.0000,0.0000,0.0198,0.0001,200,1.9518
0.0260,0.0000,0.0000,0.0001,0.0250,0.0005,200,1.9474
0.0096,0.0000,0.0000,0.0000,0.0095,0.0001,200,1.9640
0.0461,0.0000,0.0000,0.0000,0.0457,0.0001,200,1.9284
0.0900,0.0000,0.0000,0.0000,0.0898,0.0001,200,1.8854
0.0173,0.0000,0.0000,0.0001,0.0170,0.0002,200,1.9591
0.0267,0.0000,0.0000,0.0001,0.0263,0.0001,200,1.9498
0.0039,0.0000,0.0000,0.0000,0.0033,0.0003,200,1.9734
0.0280,0.0000,0.0000,0.0000,0.0279,0.0000,200,1.9497
0.0121,0.0000,0.0000,0.0000,0.0119,0.0001,200,1.9660
0.0257,0.0000,0.0000,0.0000,0.0252,0.0004,200,1.9534
0.0077,0.0000,0.0000,0.0001,0.0074,0.0002,200,1.9719
0.0405,0.0000,0.0000,0.0001,0.0403,0.0000,200,1.9393
0.2143,0.0000,0.0000,0.0000,0.2142,0.0001,200,1.7655
0.0265,0.0000,0.0000,0.0005,0.0247,0.0013,200,1.9584
0.0161,0.0000,0.0000,0.0000,0.0160,0.0001,200,1.9690
0.0472,0.0000,0.0000,0.0000,0.0470,0.0002,200,1.9386
0.1184,0.0000,0.0000,0.0000,0.1179,0.0004,200,1.8688
0.0120,0.0000,0.0000,0.0000,0.0119,0.0001,200,1.9754
0.1189,0.0000,0.0000,0.0000,0.1188,0.0000,200,1.8687
0.0030,0.0000,0.0000,0.0001,0.0026,0.0001,200,1.9851
0.0398,0.0000,0.0000,0.0000,0.0397,0.0001,200,1.9491
0.0368,0.0000,0.0000,0.0000,0.0367,0.0001,200,1.9525
0.0139,0.0000,0.0000,0.0000,0.0136,0.0002,200,1.9763
0.0133,0.0000,0.0000,0.0001,0.0131,0.0001,200,1.9790
0.1699,0.0000,0.0000,0.0000,0.1696,0.0001,200,1.8236
0.0202,0.0000,0.0000,0.0000,0.0192,0.0008,200,1.9781
0.0232,0.0000,0.0000,0.0000,0.0225,0.0006,200,1.9777
0.0233,0.0000,0.0000,0.0000,0.0232,0.0001,200,1.9798
0.0396,0.0000,0.0000,0.0000,0.0386,0.0003,200,1.9654
0.0880,0.0000,0.0000,0.0000,0.0877,0.0002,200,1.9177
0.0331,0.0000,0.0000,0.0000,0.0328,0.0002,200,1.9798
0.0813,0.0000,0.0000,0.0000,0.0811,0.0001,200,1.9348
0.0314,0.0000,0.0000,0.0000,0.0313,0.0001,200,1.9859
0.0557,0.0000,0.0000,0.0000,0.0555,0.0001,200,1.9627
0.0527,0.0000,0.0000,0.0001,0.0523,0.0003,200,1.9668
0.0527,0.0000,0.0000,0.0005,0.0514,0.0005,200,1.9708
0.0356,0.0000,0.0000,0.0001,0.0354,0.0001,200,1.9894
0.0409,0.0000,0.0000,0.0000,0.0407,0.0001,200,1.9851
0.1001,0.0000,0.0000,0.0000,0.0999,0.0002,200,1.9274
0.0128,0.0000,0.0000,0.0000,0.0127,0.0001,200,2.0161
0.1006,0.0000,0.0000,0.0000,0.1003,0.0001,200,1.9294
0.0425,0.0000,0.0000,0.0000,0.0423,0.0001,200,1.9881
0.0771,0.0000,0.0000,0.0000,0.0768,0.0001,200,1.9545
0.0452,0.0000,0.0000,0.0000,0.0450,0.0003,200,1.9874
0.0046,0.0000,0.0000,0.0001,0.0041,0.0002,200,2.0290
0.0819,0.0000,0.0000,0.0000,0.0818,0.0000,200,1.9523
0.0596,0.0000,0.0000,0.0000,0.0594,0.0001,200,1.9765
0.0709,0.0000,0.0000,0.0003,0.0701,0.0001,200,1.9655
0.0592,0.0000,0.0000,0.0002,0.0588,0.0002,200,1.9772
0.0867,0.0000,0.0000,0.0001,0.0865,0.0001,200,1.9501
0.0060,0.0000,0.0000,0.0000,0.0058,0.0002,200,2.0316
0.0036,0.0000,0.0000,0.0000,0.0035,0.0001,200,2.0341
0.0079,0.0000,0.0000,0.0000,0.0077,0.0001,200,2.0306
0.0093,0.0000,0.0000,0.0001,0.0090,0.0001,200,2.0300
0.0269,0.0000,0.0000,0.0001,0.0265,0.0000,200,2.0129
0.0035,0.0000,0.0000,0.0000,0.0034,0.0001,200,2.0368
0.0018,0.0000,0.0000,0.0000,0.0016,0.0001,200,2.0393
0.0515,0.0000,0.0000,0.0003,0.0511,0.0000,200,1.9902
0.0041,0.0000,0.0000,0.0001,0.0037,0.0000,200,2.0378
0.0484,0.0000,0.0000,0.0000,0.0483,0.0000,200,1.9935
0.0061,0.0000,0.0000,0.0000,0.0060,0.0000,200,2.0364
0.1134,0.0000,0.0000,0.0000,0.1130,0.0003,200,1.9294
0.0236,0.0000,0.0000,0.0000,0.0228,0.0001,200,2.0195
0.0023,0.0000,0.0000,0.0000,0.0022,0.0001,200,2.0419
0.0781,0.0000,0.0000,0.0000,0.0775,0.0006,200,1.9674
0.0398,0.0000,0.0000,0.0001,0.0394,0.0001,200,2.0058
0.0190,0.0000,0.0000,0.0000,0.0180,0.0009,200,2.0276
0.0678,0.0000,0.0000,0.0007,0.0670,0.0001,200,1.9796
0.0553,0.0000,0.0000,0.0000,0.0552,0.0001,200,1.9924
0.0086,0.0000,0.0000,0.0000,0.0085,0.0001,200,2.0398
0.0022,0.0000,0.0000,0.0000,0.0020,0.0000,200,2.0467
0.0746,0.0000,0.0000,0.0000,0.0744,0.0002,200,1.9744
0.0939,0.0000,0.0000,0.0000,0.0938,0.0001,200,1.9553
0.0021,0.0000,0.0000,0.0001,0.0020,0.0001,200,2.0477
0.0171,0.0000,0.0000,0.0000,0.0167,0.0004,200,2.0335
0.0964,0.0000,0.0000,0.0002,0.0961,0.0002,200,1.9553
0.0063,0.0000,0.0000,0.0000,0.0063,0.0000,200,2.0455
0.0107,0.0000,0.0000,0.0000,0.0103,0.0004,200,2.0417
0.0073,0.0000,0.0000,0.0000,0.0072,0.0000,200,2.0455
0.0122,0.0000,0.0000,0.0000,0.0121,0.0001,200,2.0411
0.0646,0.0000,0.0000,0.0001,0.0643,0.0001,200,1.9890
0.0048,0.0000,0.0000,0.0001,0.0045,0.0001,200,2.0491
0.0304,0.0000,0.0000,0.0000,0.0301,0.0002,200,2.0236
0.0674,0.0000,0.0000,0.0000,0.0672,0.0000,200,1.9872
0.0933,0.0000,0.0000,0.0000,0.0930,0.0002,200,1.9613
0.0148,0.0000,0.0000,0.0000,0.0146,0.0001,200,2.0404
0.0229,0.0000,0.0000,0.0000,0.0226,0.0001,200,2.0326
0.0298,0.0000,0.0000,0.0002,0.0294,0.0000,200,2.0260
0.0985,0.0000,0.0000,0.0000,0.0983,0.0001,200,1.9583
0.0056,0.0000,0.0000,0.0000,0.0052,0.0003,200,2.0524
0.0878,0.0000,0.0000,0.0001,0.0874,0.0000,200,1.9702
0.0028,0.0000,0.0000,0.0000,0.0027,0.0000,200,2.0555
0.0092,0.0000,0.0000,0.0000,0.0092,0.0000,200,2.0491
0.0082,0.0000,0.0000,0.0000,0.0080,0.0001,200,2.0506
0.0228,0.0000,0.0000,0.0000,0.0224,0.0001,200,2.0360
0.0070,0.0000,0.0000,0.0000,0.0068,0.0001,200,2.0528
0.0065,0.0000,0.0000,0.0000,0.0063,0.0000,200,2.0535
0.0122,0.0000,0.0000,0.0000,0.0121,0.0001,200,2.0484
0.0361,0.0000,0.0000,0.0001,0.0358,0.0001,200,2.0250
0.0923,0.0000,0.0000,0.0000,0.0922,0.0000,200,1.9687
0.0565,0.0000,0.0000,0.0001,0.0563,0.0000,200,2.0049
0.0062,0.0000,0.0000,0.0000,0.0061,0.0001,200,2.0559
0.0044,0.0000,0.0000,0.0000,0.0043,0.0001,200,2.0583
0.1302,0.0000,0.0000,0.0000,0.1299,0.0002,200,1.9332
0.0034,0.0000,0.0000,0.0000,0.0033,0.0001,200,2.0601
0.0028,0.0000,0.0000,0.0003,0.0025,0.0001,200,2.0611
0.0099,0.0000,0.0000,0.0000,0.0098,0.0000,200,2.0546
0.0662,0.0000,0.0000,0.0000,0.0654,0.0000,200,1.9983
0.0230,0.0000,0.0000,0.0000,0.0228,0.0001,200,2.0418
0.0037,0.0000,0.0000,0.0000,0.0036,0.0001,200,2.0621
0.0123,0.0000,0.0000,0.0001,0.0121,0.0000,200,2.0539
0.0095,0.0000,0.0000,0.0000,0.0095,0.0000,200,2.0568
0.0043,0.0000,0.0000,0.0000,0.0042,0.0001,200,2.0627
0.0154,0.0000,0.0000,0.0000,0.0153,0.0001,200,2.0517
0.0038,0.0000,0.0000,0.0000,0.0037,0.0001,200,2.0639
0.0240,0.0000,0.0000,0.0000,0.0239,0.0000,200,2.0443
0.0043,0.0000,0.0000,0.0000,0.0038,0.0001,200,2.0648
0.0089,0.0000,0.0000,0.0000,0.0086,0.0002,200,2.0606
0.0313,0.0000,0.0000,0.0000,0.0312,0.0001,200,2.0384
0.0043,0.0000,0.0000,0.0000,0.0043,0.0001,200,2.0663
0.0052,0.0000,0.0000,0.0000,0.0051,0.0000,200,2.0658
0.0054,0.0000,0.0000,0.0000,0.0052,0.0003,200,2.0662
0.0541,0.0000,0.0000,0.0000,0.0539,0.0002,200,2.0184
0.0039,0.0000,0.0000,0.0000,0.0038,0.0001,200,2.0698
0.0154,0.0000,0.0000,0.0000,0.0153,0.0000,200,2.0583
0.0093,0.0000,0.0000,0.0002,0.0090,0.0000,200,2.0645
0.0267,0.0000,0.0000,0.0000,0.0266,0.0000,200,2.0474
0.1011,0.0000,0.0000,0.0000,0.1010,0.0001,200,1.9736
0.0220,0.0000,0.0000,0.0000,0.0219,0.0001,200,2.0532
0.0161,0.0000,0.0000,0.0000,0.0159,0.0001,200,2.0598
0.0223,0.0000,0.0000,0.0000,0.0222,0.0001,200,2.0539
0.0141,0.0000,0.0000,0.0000,0.0135,0.0006,200,2.0634
0.0039,0.0000,0.0000,0.0000,0.0037,0.0001,200,2.0737
0.0362,0.0000,0.0000,0.0000,0.0356,0.0005,200,2.0425
0.0200,0.0000,0.0000,0.0001,0.0198,0.0001,200,2.0588
0.0055,0.0000,0.0000,0.0000,0.0054,0.0001,200,2.0741
0.0102,0.0000,0.0000,0.0000,0.0101,0.0001,200,2.0706
0.0061,0.0000,0.0000,0.0000,0.0058,0.0003,200,2.0753
0.0082,0.0000,0.0000,0.0000,0.0081,0.0001,200,2.0737
0.0150,0.0000,0.0000,0.0000,0.0149,0.0001,200,2.0671
0.0312,0.0000,0.0000,0.0000,0.0312,0.0000,200,2.0519
0.0069,0.0000,0.0000,0.0000,0.0068,0.0000,200,2.0762
0.0017,0.0000,0.0000,0.0000,0.0016,0.0000,200,2.0819
0.0053,0.0000,0.0000,0.0001,0.0050,0.0001,200,2.0787
0.0178,0.0000,0.0000,0.0000,0.0177,0.0001,200,2.0671
0.0421,0.0000,0.0000,0.0004,0.0416,0.0001,200,2.0428
0.0980,0.0000,0.0000,0.0000,0.0977,0.0001,200,1.9876
0.0023,0.0000,0.0000,0.0000,0.0021,0.0001,200,2.0840
0.0504,0.0000,0.0000,0.0000,0.0503,0.0000,200,2.0364
0.0297,0.0000,0.0000,0.0000,0.0292,0.0004,200,2.0580
0.0039,0.0000,0.0000,0.0000,0.0035,0.0004,200,2.0849
0.0079,0.0000,0.0000,0.0000,0.0078,0.0001,200,2.0814
0.0320,0.0000,0.0000,0.0000,0.0319,0.0000,200,2.0580
0.0892,0.0000,0.0000,0.0000,0.0888,0.0001,200,2.0009
0.0034,0.0000,0.0000,0.0000,0.0032,0.0002,200,2.0877
0.0054,0.0000,0.0000,0.0000,0.0047,0.0006,200,2.0863
0.0087,0.0000,0.0000,0.0000,0.0081,0.0002,200,2.0831
0.0893,0.0000,0.0000,0.0001,0.0891,0.0000,200,2.0031
0.0250,0.0000,0.0000,0.0000,0.0249,0.0001,200,2.0683
0.0226,0.0000,0.0000,0.0000,0.0225,0.0001,200,2.0710
0.0033,0.0000,0.0000,0.0001,0.0025,0.0001,200,2.0911
0.0129,0.0000,0.0000,0.0001,0.0127,0.0001,200,2.0820
0.0407,0.0000,0.0000,0.0000,0.0402,0.0005,200,2.0551
0.0206,0.0000,0.0000,0.0000,0.0205,0.0001,200,2.0759
0.0272,0.0000,0.0000,0.0000,0.0271,0.0001,200,2.0693
0.0033,0.0000,0.0000,0.0000,0.0031,0.0001,200,2.0936
0.0085,0.0000,0.0000,0.0004,0.0079,0.0001,200,2.0889
0.0076,0.0000,0.0000,0.0000,0.0070,0.0006,200,2.0900
0.1335,0.0000,0.0000,0.0000,0.1334,0.0000,200,1.9643
0.0141,0.0000,0.0000,0.0000,0.0139,0.0002,200,2.0849
0.0182,0.0000,0.0000,0.0000,0.0181,0.0001,200,2.0809
0.0513,0.0000,0.0000,0.0000,0.0512,0.0001,200,2.0488
0.0210,0.0000,0.0000,0.0001,0.0207,0.0002,200,2.0796
0.0317,0.0000,0.0000,0.0001,0.0306,0.0007,200,2.0695
0.0021,0.0000,0.0000,0.0001,0.0019,0.0001,200,2.0991
0.0474,0.0000,0.0000,0.0000,0.0472,0.0002,200,2.0546
0.0057,0.0000,0.0000,0.0001,0.0055,0.0001,200,2.0969
0.0260,0.0000,0.0000,0.0002,0.0252,0.0005,200,2.0776
0.0251,0.0000,0.0000,0.0000,0.0249,0.0002,200,2.0789
0.0085,0.0000,0.0000,0.0000,0.0084,0.0000,200,2.0958
0.0057,0.0000,0.0000,0.0000,0.0056,0.0000,200,2.0990
0.0086,0.0000,0.0000,0.0000,0.0085,0.0000,200,2.0965
0.0227,0.0000,0.0000,0.0001,0.0219,0.0005,200,2.0836
0.0099,0.0000,0.0000,0.0000,0.0098,0.0001,200,2.0965
0.0021,0.0000,0.0000,0.0000,0.0020,0.0001,200,2.1047
0.0351,0.0000,0.0000,0.0000,0.0350,0.0000,200,2.0725
0.0177,0.0000,0.0000,0.0001,0.0172,0.0000,200,2.0900
0.0077,0.0000,0.0000,0.0002,0.0067,0.0001,200,2.1006
0.0472,0.0000,0.0000,0.0000,0.0471,0.0001,200,2.0615
0.0028,0.0000,0.0000,0.0000,0.0027,0.0001,200,2.1063
0.0053,0.0000,0.0000,0.0000,0.0048,0.0001,200,2.1043
0.0158,0.0000,0.0000,0.0000,0.0154,0.0001,200,2.0944
0.0358,0.0000,0.0000,0.0000,0.0357,0.0001,200,2.0747
0.0242,0.0000,0.0000,0.0000,0.0238,0.0003,200,2.0868
0.0031,0.0000,0.0000,0.0000,0.0029,0.0002,200,2.1083
0.0193,0.0000,0.0000,0.0000,0.0193,0.0001,200,2.0924
0.0151,0.0000,0.0000,0.0000,0.0150,0.0000,200,2.0976
0.0460,0.0000,0.0000,0.0000,0.0455,0.0005,200,2.0677
0.0142,0.0000,0.0000,0.0000,0.0137,0.0004,200,2.1001
0.0167,0.0000,0.0000,0.0000,0.0165,0.0002,200,2.0979
0.0073,0.0000,0.0000,0.0000,0.0072,0.0001,200,2.1077
0.0041,0.0000,0.0000,0.0000,0.0038,0.0003,200,2.1117
0.0739,0.0000,0.0000,0.0000,0.0738,0.0000,200,2.0431
0.0034,0.0000,0.0000,0.0000,0.0032,0.0001,200,2.1137
0.0161,0.0000,0.0000,0.0000,0.0157,0.0002,200,2.1012
0.0240,0.0000,0.0000,0.0000,0.0234,0.0002,200,2.0933
0.0036,0.0000,0.0000,0.0000,0.0034,0.0001,200,2.1146
0.0080,0.0000,0.0000,0.0000,0.0076,0.0003,200,2.1110
0.0016,0.0000,0.0000,0.0000,0.0015,0.0000,200,2.1175
0.0102,0.0000,0.0000,0.0001,0.0097,0.0003,200,2.1103
0.0036,0.0000,0.0000,0.0000,0.0035,0.0000,200,2.1171
0.0205,0.0000,0.0000,0.0000,0.0204,0.0001,200,2.1012
0.0197,0.0000,0.0000,0.0000,0.0193,0.0003,200,2.1035
0.0168,0.0000,0.0000,0.0000,0.0167,0.0000,200,2.1065
0.0059,0.0000,0.0000,0.0000,0.0057,0.0000,200,2.1182
0.0071,0.0000,0.0000,0.0005,0.0062,0.0000,200,2.1170
0.0212,0.0000,0.0000,0.0001,0.0206,0.0003,200,2.1040
0.0204,0.0000,0.0000,0.0000,0.0201,0.0002,200,2.1051
0.0162,0.0000,0.0000,0.0000,0.0156,0.0005,200,2.1105
0.0068,0.0000,0.0000,0.0000,0.0067,0.0001,200,2.1206
0.0052,0.0000,0.0000,0.0000,0.0051,0.0000,200,2.1233
0.0031,0.0000,0.0000,0.0001,0.0028,0.0001,200,2.1254
0.0430,0.0000,0.0000,0.0001,0.0427,0.0001,200,2.0856
0.0027,0.0000,0.0000,0.0000,0.0023,0.0003,200,2.1267
0.0106,0.0000,0.0000,0.0000,0.0104,0.0001,200,2.1190
0.0211,0.0000,0.0000,0.0000,0.0210,0.0000,200,2.1087
0.0051,0.0000,0.0000,0.0001,0.0048,0.0002,200,2.1252
0.0071,0.0000,0.0000,0.0000,0.0069,0.0002,200,2.1240
0.0368,0.0000,0.0000,0.0000,0.0365,0.0003,200,2.0950
0.0101,0.0000,0.0000,0.0001,0.0099,0.0001,200,2.1217
0.0146,0.0000,0.0000,0.0002,0.0144,0.0000,200,2.1172
0.0137,0.0000,0.0000,0.0000,0.0136,0.0001,200,2.1191
0.0216,0.0000,0.0000,0.0001,0.0215,0.0001,200,2.1114
0.0127,0.0000,0.0000,0.0000,0.0124,0.0001,200,2.1241
0.0051,0.0000,0.0000,0.0000,0.0050,0.0001,200,2.1318
0.0208,0.0000,0.0000,0.0000,0.0207,0.0001,200,2.1171
0.0232,0.0000,0.0000,0.0000,0.0231,0.0001,200,2.1150
0.0114,0.0000,0.0000,0.0000,0.0113,0.0001,200,2.1275
0.0421,0.0000,0.0000,0.0000,0.0420,0.0000,200,2.0973
0.0322,0.0000,0.0000,0.0000,0.0321,0.0001,200,2.1076
0.0038,0.0000,0.0000,0.0000,0.0036,0.0001,200,2.1369
0.0032,0.0000,0.0000,0.0000,0.0030,0.0002,200,2.1382
0.0503,0.0000,0.0000,0.0000,0.0502,0.0001,200,2.0918
0.0400,0.0000,0.0000,0.0002,0.0396,0.0001,200,2.1021
0.0131,0.0000,0.0000,0.0005,0.0118,0.0008,200,2.1303
0.0048,0.0000,0.0000,0.0000,0.0047,0.0000,200,2.1389
0.0311,0.0000,0.0000,0.0000,0.0308,0.0002,200,2.1127
0.0122,0.0000,0.0000,0.0002,0.0114,0.0002,200,2.1318
0.0116,0.0000,0.0000,0.0001,0.0113,0.0002,200,2.1331
0.0044,0.0000,0.0000,0.0000,0.0043,0.0000,200,2.1407
0.0077,0.0000,0.0000,0.0000,0.0074,0.0001,200,2.1380
0.0360,0.0000,0.0000,0.0000,0.0359,0.0000,200,2.1096
0.0050,0.0000,0.0000,0.0000,0.0047,0.0002,200,2.1414
0.0180,0.0000,0.0000,0.0000,0.0179,0.0000,200,2.1285
0.0034,0.0000,0.0000,0.0002,0.0031,0.0002,200,2.1437
0.0333,0.0000,0.0000,0.0000,0.0331,0.0002,200,2.1143
0.0149,0.0000,0.0000,0.0000,0.0148,0.0000,200,2.1328
0.0063,0.0000,0.0000,0.0001,0.0061,0.0001,200,2.1421
0.0020,0.0000,0.0000,0.0000,0.0020,0.0000,200,2.1464
0.0040,0.0000,0.0000,0.0000,0.0038,0.0001,200,2.1457
0.0178,0.0000,0.0000,0.0000,0.0177,0.0000,200,2.1319
0.0034,0.0000,0.0000,0.0002,0.0030,0.0001,200,2.1464
0.0025,0.0000,0.0000,0.0000,0.0023,0.0002,200,2.1477
0.0085,0.0000,0.0000,0.0001,0.0084,0.0000,200,2.1421
0.0025,0.0000,0.0000,0.0001,0.0023,0.0000,200,2.1485
0.0012,0.0000,0.0000,0.0000,0.0012,0.0001,200,2.1498
0.0077,0.0000,0.0000,0.0001,0.0075,0.0001,200,2.1440
0.0317,0.0000,0.0000,0.0000,0.0311,0.0001,200,2.1205
0.0295,0.0000,0.0000,0.0000,0.0291,0.0003,200,2.1233
0.0234,0.0000,0.0000,0.0000,0.0233,0.0000,200,2.1294
0.0100,0.0000,0.0000,0.0000,0.0099,0.0001,200,2.1438
0.0084,0.0000,0.0000,0.0000,0.0083,0.0001,200,2.1456
0.0097,0.0000,0.0000,0.0000,0.0097,0.0000,200,2.1451
0.0151,0.0000,0.0000,0.0000,0.0150,0.0000,200,2.1398
0.0039,0.0000,0.0000,0.0000,0.0038,0.0001,200,2.1517
0.0041,0.0000,0.0000,0.0000,0.0040,0.0000,200,2.1522
0.0082,0.0000,0.0000,0.0000,0.0081,0.0001,200,2.1484
0.0095,0.0000,0.0000,0.0001,0.0094,0.0000,200,2.1471
0.0064,0.0000,0.0000,0.0000,0.0063,0.0001,200,2.1506
0.0140,0.0000,0.0000,0.0001,0.0138,0.0001,200,2.1435
0.0138,0.0000,0.0000,0.0000,0.0137,0.0000,200,2.1447
0.0191,0.0000,0.0000,0.0000,0.0188,0.0003,200,2.1395
0.0039,0.0000,0.0000,0.0000,0.0038,0.0000,200,2.1549
0.0121,0.0000,0.0000,0.0000,0.0121,0.0000,200,2.1497
0.0070,0.0000,0.0000,0.0000,0.0069,0.0000,200,2.1548
0.0339,0.0000,0.0000,0.0001,0.0337,0.0001,200,2.1286
0.0559,0.0000,0.0000,0.0000,0.0557,0.0001,200,2.1069
0.0263,0.0000,0.0000,0.0000,0.0258,0.0001,200,2.1368
0.0547,0.0000,0.0000,0.0001,0.0545,0.0000,200,2.1091
0.0090,0.0000,0.0000,0.0000,0.0089,0.0000,200,2.1556
0.0021,0.0000,0.0000,0.0000,0.0020,0.0001,200,2.1625
0.0111,0.0000,0.0000,0.0000,0.0110,0.0001,200,2.1538
0.0080,0.0000,0.0000,0.0000,0.0075,0.0001,200,2.1570
0.0153,0.0000,0.0000,0.0000,0.0152,0.0000,200,2.1502
0.0041,0.0000,0.0000,0.0000,0.0040,0.0001,200,2.1618
0.0367,0.0000,0.0000,0.0000,0.0365,0.0001,200,2.1298
0.0057,0.0000,0.0000,0.0000,0.0056,0.0001,200,2.1640
0.0074,0.0000,0.0000,0.0001,0.0072,0.0000,200,2.1631
0.0144,0.0000,0.0000,0.0000,0.0142,0.0001,200,2.1575
0.0060,0.0000,0.0000,0.0000,0.0058,0.0001,200,2.1659
0.0064,0.0000,0.0000,0.0000,0.0063,0.0001,200,2.1655
0.0235,0.0000,0.0000,0.0000,0.0229,0.0004,200,2.1496
0.0446,0.0000,0.0000,0.0000,0.0443,0.0002,200,2.1286
0.0090,0.0000,0.0000,0.0000,0.0086,0.0004,200,2.1646
0.0020,0.0000,0.0000,0.0000,0.0019,0.0001,200,2.1719
0.0208,0.0000,0.0000,0.0000,0.0207,0.0001,200,2.1540
0.0105,0.0000,0.0000,0.0000,0.0104,0.0001,200,2.1649
0.0041,0.0000,0.0000,0.0000,0.0040,0.0001,200,2.1719
0.0115,0.0000,0.0000,0.0000,0.0114,0.0001,200,2.1651
0.0042,0.0000,0.0000,0.0001,0.0035,0.0002,200,2.1732
0.0045,0.0000,0.0000,0.0000,0.0041,0.0002,200,2.1731
0.0257,0.0000,0.0000,0.0000,0.0256,0.0001,200,2.1528
0.0089,0.0000,0.0000,0.0000,0.0087,0.0001,200,2.1697
0.0123,0.0000,0.0000,0.0000,0.0122,0.0001,200,2.1666
0.0090,0.0000,0.0000,0.0001,0.0087,0.0001,200,2.1705
0.0269,0.0000,0.0000,0.0001,0.0267,0.0000,200,2.1528
0.0065,0.0000,0.0000,0.0000,0.0064,0.0001,200,2.1739
0.0028,0.0000,0.0000,0.0001,0.0025,0.0001,200,2.1776
0.0097,0.0000,0.0000,0.0001,0.0092,0.0004,200,2.1719
0.0171,0.0000,0.0000,0.0000,0.0167,0.0003,200,2.1646
0.0251,0.0000,0.0000,0.0000,0.0249,0.0002,200,2.1566
0.0041,0.0000,0.0000,0.0000,0.0040,0.0000,200,2.1785
0.0061,0.0000,0.0000,0.0000,0.0061,0.0000,200,2.1766
0.0036,0.0000,0.0000,0.0000,0.0023,0.0012,200,2.1795
0.0268,0.0000,0.0000,0.0004,0.0259,0.0004,200,2.1566
0.0030,0.0000,0.0000,0.0000,0.0028,0.0001,200,2.1804
0.0082,0.0000,0.0000,0.0000,0.0076,0.0006,200,2.1760
0.0255,0.0000,0.0000,0.0000,0.0253,0.0001,200,2.1588
0.0261,0.0000,0.0000,0.0000,0.0260,0.0001,200,2.1586
0.0046,0.0000,0.0000,0.0000,0.0041,0.0000,200,2.1804
0.0039,0.0000,0.0000,0.0007,0.0025,0.0002,200,2.1816
0.0043,0.0000,0.0000,0.0008,0.0033,0.0001,200,2.1817
0.0029,0.0000,0.0000,0.0000,0.0024,0.0004,200,2.1842
0.0086,0.0000,0.0000,0.0000,0.0085,0.0000,200,2.1785
0.0041,0.0000,0.0000,0.0002,0.0034,0.0005,200,2.1833
0.0291,0.0000,0.0000,0.0000,0.0288,0.0002,200,2.1585
0.0044,0.0000,0.0000,0.0000,0.0041,0.0002,200,2.1860
0.0033,0.0000,0.0000,0.0000,0.0030,0.0001,200,2.1877
0.0092,0.0000,0.0000,0.0000,0.0089,0.0002,200,2.1831
0.0068,0.0000,0.0000,0.0001,0.0063,0.0003,200,2.1855
0.0185,0.0000,0.0000,0.0000,0.0180,0.0003,200,2.1748
0.0371,0.0000,0.0000,0.0000,0.0371,0.0000,200,2.1562
0.0120,0.0000,0.0000,0.0000,0.0118,0.0001,200,2.1826
0.0024,0.0000,0.0000,0.0000,0.0023,0.0001,200,2.1923
0.0079,0.0000,0.0000,0.0000,0.0077,0.0001,200,2.1871
0.0339,0.0000,0.0000,0.0000,0.0336,0.0002,200,2.1619
0.0030,0.0000,0.0000,0.0000,0.0028,0.0002,200,2.1933
0.0059,0.0000,0.0000,0.0000,0.0058,0.0001,200,2.1910
0.0102,0.0000,0.0000,0.0000,0.0100,0.0001,200,2.1872
0.0223,0.0000,0.0000,0.0000,0.0222,0.0001,200,2.1754
0.0061,0.0000,0.0000,0.0000,0.0060,0.0001,200,2.1925
0.0171,0.0000,0.0000,0.0000,0.0169,0.0001,200,2.1827
0.0036,0.0000,0.0000,0.0000,0.0035,0.0000,200,2.1964
0.0055,0.0000,0.0000,0.0000,0.0053,0.0000,200,2.1946
0.0055,0.0000,0.0000,0.0000,0.0054,0.0000,200,2.1947
0.0027,0.0000,0.0000,0.0000,0.0026,0.0000,200,2.1977
0.0216,0.0000,0.0000,0.0000,0.0216,0.0000,200,2.1797
0.0116,0.0000,0.0000,0.0000,0.0114,0.0001,200,2.1903
0.0086,0.0000,0.0000,0.0000,0.0085,0.0001,200,2.1934
0.0030,0.0000,0.0000,0.0000,0.0029,0.0001,200,2.2000
0.0067,0.0000,0.0000,0.0000,0.0066,0.0001,200,2.1969
0.0207,0.0000,0.0000,0.0000,0.0204,0.0001,200,2.1834
0.0421,0.0000,0.0000,0.0000,0.0417,0.0003,200,2.1628
0.0069,0.0000,0.0000,0.0000,0.0064,0.0005,200,2.2003
0.0032,0.0000,0.0000,0.0001,0.0026,0.0000,200,2.2040
0.0087,0.0000,0.0000,0.0000,0.0087,0.0000,200,2.1986
0.0203,0.0000,0.0000,0.0000,0.0202,0.0000,200,2.1875
0.0089,0.0000,0.0000,0.0000,0.0085,0.0003,200,2.1998
0.0241,0.0000,0.0000,0.0002,0.0239,0.0000,200,2.1847
0.0055,0.0000,0.0000,0.0000,0.0052,0.0002,200,2.2036
0.0054,0.0000,0.0000,0.0000,0.0047,0.0006,200,2.2049
0.0016,0.0000,0.0000,0.0000,0.0014,0.0001,200,2.2088
0.0038,0.0000,0.0000,0.0000,0.0035,0.0003,200,2.2073
0.0094,0.0000,0.0000,0.0000,0.0087,0.0005,200,2.2020
0.0172,0.0000,0.0000,0.0001,0.0168,0.0003,200,2.1950
0.0127,0.0000,0.0000,0.0000,0.0126,0.0000,200,2.2002
0.0115,0.0000,0.0000,0.0000,0.0113,0.0002,200,2.2013
0.0134,0.0000,0.0000,0.0000,0.0133,0.0001,200,2.2001
0.0184,0.0000,0.0000,0.0000,0.0182,0.0002,200,2.1958
0.0170,0.0000,0.0000,0.0000,0.0169,0.0000,200,2.1973
0.0076,0.0000,0.0000,0.0000,0.0074,0.0001,200,2.2073
0.0068,0.0000,0.0000,0.0000,0.0062,0.0003,200,2.2114
0.0080,0.0000,0.0000,0.0001,0.0078,0.0001,200,2.2103
0.0103,0.0000,0.0000,0.0000,0.0102,0.0001,200,2.2087
0.0119,0.0000,0.0000,0.0000,0.0118,0.0001,200,2.2078
0.0131,0.0000,0.0000,0.0000,0.0129,0.0002,200,2.2073
0.0058,0.0000,0.0000,0.0000,0.0056,0.0001,200,2.2148
0.0072,0.0000,0.0000,0.0000,0.0070,0.0001,200,2.2142
0.0037,0.0000,0.0000,0.0000,0.0033,0.0003,200,2.2181
0.0100,0.0000,0.0000,0.0000,0.0095,0.0003,200,2.2129
0.0200,0.0000,0.0000,0.0000,0.0199,0.0001,200,2.2030
0.0130,0.0000,0.0000,0.0003,0.0126,0.0001,200,2.2104
0.0048,0.0000,0.0000,0.0000,0.0042,0.0006,200,2.2220
0.0143,0.0000,0.0000,0.0000,0.0142,0.0001,200,2.2130
0.0051,0.0000,0.0000,0.0000,0.0046,0.0004,200,2.2229
0.0065,0.0000,0.0000,0.0000,0.0064,0.0000,200,2.2214
0.0208,0.0000,0.0000,0.0000,0.0207,0.0001,200,2.2111
0.0040,0.0000,0.0000,0.0000,0.0039,0.0000,200,2.2280
0.0149,0.0000,0.0000,0.0001,0.0148,0.0001,200,2.2182
0.0132,0.0000,0.0000,0.0000,0.0130,0.0002,200,2.2204
0.0217,0.0000,0.0000,0.0000,0.0215,0.0001,200,2.2121
0.0206,0.0000,0.0000,0.0000,0.0202,0.0003,200,2.2144
0.0217,0.0000,0.0000,0.0000,0.0216,0.0001,200,2.2135
0.0079,0.0000,0.0000,0.0000,0.0075,0.0003,200,2.2280
0.0020,0.0000,0.0000,0.0000,0.0018,0.0000,200,2.2339
0.0138,0.0000,0.0000,0.0002,0.0133,0.0001,200,2.2230
0.0021,0.0000,0.0000,0.0006,0.0014,0.0001,200,2.2352
0.0043,0.0000,0.0000,0.0001,0.0037,0.0003,200,2.2337
0.0173,0.0000,0.0000,0.0000,0.0169,0.0003,200,2.2206
0.0031,0.0000,0.0000,0.0000,0.0029,0.0001,200,2.2358
0.0046,0.0000,0.0000,0.0000,0.0043,0.0002,200,2.2350
0.0199,0.0000,0.0000,0.0000,0.0196,0.0003,200,2.2197
0.0026,0.0000,0.0000,0.0000,0.0025,0.0000,200,2.2373
0.0040,0.0000,0.0000,0.0000,0.0039,0.0001,200,2.2368
0.0085,0.0000,0.0000,0.0000,0.0083,0.0001,200,2.2332
0.0033,0.0000,0.0000,0.0003,0.0027,0.0003,200,2.2389
0.0024,0.0000,0.0000,0.0000,0.0019,0.0004,200,2.2409
0.0242,0.0000,0.0000,0.0000,0.0240,0.0001,200,2.2191
0.0055,0.0000,0.0000,0.0000,0.0052,0.0001,200,2.2399
0.0035,0.0000,0.0000,0.0000,0.0034,0.0000,200,2.2423
0.0025,0.0000,0.0000,0.0001,0.0022,0.0001,200,2.2454
0.0126,0.0000,0.0000,0.0000,0.0124,0.0002,200,2.2358
0.0094,0.0000,0.0000,0.0000,0.0091,0.0001,200,2.2397
0.0112,0.0000,0.0000,0.0001,0.0110,0.0000,200,2.2379
0.0119,0.0000,0.0000,0.0000,0.0118,0.0001,200,2.2380
0.0026,0.0000,0.0000,0.0000,0.0025,0.0000,200,2.2491
0.0094,0.0000,0.0000,0.0000,0.0093,0.0001,200,2.2432
0.0036,0.0000,0.0000,0.0000,0.0035,0.0001,200,2.2491
0.0051,0.0000,0.0000,0.0003,0.0045,0.0001,200,2.2485
0.0024,0.0000,0.0000,0.0000,0.0022,0.0001,200,2.2536
0.0105,0.0000,0.0000,0.0000,0.0103,0.0001,200,2.2459
0.0134,0.0000,0.0000,0.0000,0.0133,0.0000,200,2.2432
0.0181,0.0000,0.0000,0.0000,0.0179,0.0001,200,2.2396
0.0022,0.0000,0.0000,0.0003,0.0015,0.0003,200,2.2564
0.0024,0.0000,0.0000,0.0000,0.0023,0.0001,200,2.2562
0.0177,0.0000,0.0000,0.0003,0.0173,0.0001,200,2.2416
0.0072,0.0000,0.0000,0.0000,0.0071,0.0001,200,2.2527
0.0091,0.0000,0.0000,0.0000,0.0090,0.0001,200,2.2517
0.0109,0.0000,0.0000,0.0001,0.0107,0.0000,200,2.2499
0.0032,0.0000,0.0000,0.0000,0.0031,0.0001,200,2.2586
0.0060,0.0000,0.0000,0.0000,0.0058,0.0002,200,2.2567
0.0045,0.0000,0.0000,0.0000,0.0044,0.0001,200,2.2593
0.0065,0.0000,0.0000,0.0000,0.0063,0.0002,200,2.2577
0.0041,0.0000,0.0000,0.0000,0.0038,0.0002,200,2.2608
0.0024,0.0000,0.0000,0.0001,0.0019,0.0003,200,2.2649
0.0054,0.0000,0.0000,0.0002,0.0049,0.0001,200,2.2627
0.0178,0.0000,0.0000,0.0000,0.0177,0.0001,200,2.2527
0.0108,0.0000,0.0000,0.0001,0.0100,0.0006,200,2.2599
0.0125,0.0000,0.0000,0.0001,0.0123,0.0001,200,2.2586
0.0109,0.0000,0.0000,0.0000,0.0108,0.0001,200,2.2608
0.0077,0.0000,0.0000,0.0001,0.0074,0.0000,200,2.2642
0.0048,0.0000,0.0000,0.0000,0.0046,0.0000,200,2.2673
0.0032,0.0000,0.0000,0.0000,0.0028,0.0002,200,2.2722
0.0047,0.0000,0.0000,0.0000,0.0046,0.0000,200,2.2711
0.0026,0.0000,0.0000,0.0000,0.0025,0.0001,200,2.2758
0.0082,0.0000,0.0000,0.0000,0.0081,0.0001,200,2.2707
0.0048,0.0000,0.0000,0.0001,0.0045,0.0001,200,2.2754
0.0097,0.0000,0.0000,0.0000,0.0092,0.0004,200,2.2705
0.0026,0.0000,0.0000,0.0000,0.0023,0.0003,200,2.2784
0.0095,0.0000,0.0000,0.0000,0.0092,0.0003,200,2.2717
0.0041,0.0000,0.0000,0.0001,0.0035,0.0002,200,2.2801
0.0052,0.0000,0.0000,0.0002,0.0049,0.0001,200,2.2814
0.0081,0.0000,0.0000,0.0000,0.0079,0.0001,200,2.2790
0.0031,0.0000,0.0000,0.0001,0.0029,0.0001,200,2.2865
0.0061,0.0000,0.0000,0.0000,0.0058,0.0002,200,2.2842
0.0231,0.0000,0.0000,0.0000,0.0229,0.0001,200,2.2681
0.0064,0.0000,0.0000,0.0000,0.0063,0.0001,200,2.2871
0.0031,0.0000,0.0000,0.0000,0.0030,0.0001,200,2.2912
0.0048,0.0000,0.0000,0.0000,0.0045,0.0003,200,2.2903
0.0045,0.0000,0.0000,0.0000,0.0043,0.0002,200,2.2935
0.0025,0.0000,0.0000,0.0000,0.0024,0.0001,200,2.2980
0.0061,0.0000,0.0000,0.0000,0.0060,0.0001,200,2.2951
0.0077,0.0000,0.0000,0.0000,0.0075,0.0002,200,2.2943
0.0031,0.0000,0.0000,0.0001,0.0029,0.0001,200,2.3012
0.0070,0.0000,0.0000,0.0000,0.0068,0.0001,200,2.3006
0.0037,0.0000,0.0000,0.0000,0.0034,0.0001,200,2.3043
0.0015,0.0000,0.0000,0.0000,0.0012,0.0002,200,2.3076
0.0016,0.0000,0.0000,0.0000,0.0011,0.0005,200,2.3080
0.0081,0.0000,0.0000,0.0000,0.0079,0.0001,200,2.3020
0.0044,0.0000,0.0000,0.0000,0.0039,0.0005,200,2.3096
0.0042,0.0000,0.0000,0.0000,0.0040,0.0001,200,2.3101
0.0028,0.0000,0.0000,0.0001,0.0024,0.0001,200,2.3142
0.0030,0.0000,0.0000,0.0000,0.0029,0.0000,200,2.3141
0.0033,0.0000,0.0000,0.0000,0.0031,0.0001,200,2.3171
0.0122,0.0000,0.0000,0.0003,0.0115,0.0003,200,2.3090
0.0036,0.0000,0.0000,0.0000,0.0034,0.0001,200,2.3213
0.0053,0.0000,0.0000,0.0001,0.0049,0.0001,200,2.3204
0.0040,0.0000,0.0000,0.0000,0.0038,0.0001,200,2.3249
0.0039,0.0000,0.0000,0.0000,0.0037,0.0001,200,2.3256
0.0021,0.0000,0.0000,0.0000,0.0020,0.0001,200,2.3295
