response-time,DNS+dialup,DNS,Request-write,Response-delay,Response-read,status-code,offset
0.0033,0.0004,0.0000,0.0016,0.0011,0.0001,200,0.0012
0.0060,0.0005,0.0000,0.0003,0.0049,0.0000,200,0.0004
0.0065,0.0007,0.0000,0.0003,0.0054,0.0000,200,0.0005
0.0120,0.0005,0.0000,0.0007,0.0107,0.0001,200,0.0015
0.0117,0.0009,0.0000,0.0001,0.0106,0.0000,200,0.0019
0.0134,0.0002,0.0000,0.0001,0.0131,0.0001,200,0.0028
0.0158,0.0005,0.0000,0.0000,0.0143,0.0000,200,0.0017
0.0167,0.0003,0.0000,0.0001,0.0162,0.0000,200,0.0013
0.0140,0.0000,0.0000,0.0000,0.0031,0.0000,200,0.0045
0.0127,0.0069,0.0000,0.0015,0.0039,0.0000,200,0.0063
0.0152,0.0000,0.0000,0.0022,0.0041,0.0000,200,0.0045
0.0134,0.0056,0.0000,0.0018,0.0060,0.0000,200,0.0074
0.0175,0.0000,0.0000,0.0000,0.0111,0.0000,200,0.0036
0.0169,0.0000,0.0000,0.0031,0.0103,0.0000,200,0.0043
0.0179,0.0000,0.0000,0.0029,0.0115,0.0000,200,0.0035
0.0181,0.0035,0.0000,0.0024,0.0121,0.0000,200,0.0033
0.0211,0.0006,0.0000,0.0022,0.0135,0.0046,200,0.0010
0.0017,0.0000,0.0000,0.0000,0.0016,0.0000,200,0.0211
0.0166,0.0066,0.0000,0.0027,0.0044,0.0028,200,0.0068
0.0022,0.0000,0.0000,0.0000,0.0021,0.0000,200,0.0214
0.0205,0.0000,0.0000,0.0000,0.0147,0.0000,200,0.0031
0.0221,0.0012,0.0000,0.0001,0.0207,0.0000,200,0.0016
0.0207,0.0000,0.0000,0.0000,0.0155,0.0000,200,0.0032
0.0062,0.0006,0.0000,0.0014,0.0041,0.0000,200,0.0176
0.0219,0.0023,0.0000,0.0035,0.0160,0.0000,200,0.0021
0.0161,0.0000,0.0000,0.0015,0.0062,0.0000,200,0.0078
0.0178,0.0000,0.0000,0.0000,0.0078,0.0000,200,0.0063
0.0168,0.0000,0.0000,0.0017,0.0082,0.0000,200,0.0074
0.0161,0.0000,0.0000,0.0000,0.0066,0.0000,200,0.0083
0.0151,0.0000,0.0000,0.0000,0.0066,0.0000,200,0.0093
0.0147,0.0000,0.0000,0.0000,0.0056,0.0008,200,0.0098
0.0034,0.0000,0.0000,0.0000,0.0033,0.0000,200,0.0212
0.0026,0.0000,0.0000,0.0000,0.0026,0.0000,200,0.0221
0.0035,0.0000,0.0000,0.0000,0.0034,0.0000,200,0.0213
0.0151,0.0000,0.0000,0.0001,0.0069,0.0000,200,0.0097
0.0013,0.0000,0.0000,0.0000,0.0012,0.0000,200,0.0248
0.0023,0.0000,0.0000,0.0000,0.0023,0.0000,200,0.0238
0.0035,0.0000,0.0000,0.0000,0.0034,0.0000,200,0.0227
0.0077,0.0000,0.0000,0.0000,0.0014,0.0000,200,0.0186
0.0148,0.0000,0.0000,0.0062,0.0021,0.0000,200,0.0118
0.0045,0.0000,0.0000,0.0001,0.0043,0.0002,200,0.0228
0.0115,0.0000,0.0000,0.0000,0.0110,0.0004,200,0.0266
0.0119,0.0000,0.0000,0.0000,0.0115,0.0004,200,0.0262
0.0221,0.0017,0.0000,0.0064,0.0135,0.0000,200,0.0162
0.0223,0.0016,0.0000,0.0063,0.0143,0.0000,200,0.0167
0.0150,0.0000,0.0000,0.0000,0.0150,0.0000,200,0.0243
0.0211,0.0000,0.0000,0.0000,0.0146,0.0000,200,0.0185
0.0158,0.0000,0.0000,0.0000,0.0158,0.0001,200,0.0240
0.0209,0.0014,0.0000,0.0048,0.0147,0.0000,200,0.0191
0.0332,0.0060,0.0000,0.0022,0.0249,0.0001,200,0.0070
0.0158,0.0000,0.0000,0.0000,0.0158,0.0000,200,0.0246
0.0164,0.0000,0.0000,0.0000,0.0164,0.0000,200,0.0245
0.0165,0.0000,0.0000,0.0000,0.0155,0.0009,200,0.0261
0.0224,0.0000,0.0000,0.0043,0.0173,0.0006,200,0.0208
0.0260,0.0002,0.0000,0.0059,0.0199,0.0000,200,0.0180
0.0181,0.0000,0.0000,0.0000,0.0165,0.0016,200,0.0266
0.0210,0.0000,0.0000,0.0000,0.0210,0.0000,200,0.0238
0.0187,0.0000,0.0000,0.0000,0.0186,0.0000,200,0.0262
0.0202,0.0000,0.0000,0.0000,0.0201,0.0000,200,0.0247
0.0200,0.0000,0.0000,0.0001,0.0199,0.0000,200,0.0249
0.0211,0.0000,0.0000,0.0000,0.0211,0.0000,200,0.0239
0.0190,0.0000,0.0000,0.0001,0.0189,0.0000,200,0.0260
0.0195,0.0000,0.0000,0.0014,0.0180,0.0001,200,0.0256
0.0207,0.0000,0.0000,0.0000,0.0206,0.0001,200,0.0244
0.0317,0.0000,0.0000,0.0062,0.0206,0.0000,200,0.0135
0.0282,0.0010,0.0000,0.0058,0.0213,0.0000,200,0.0171
0.0051,0.0000,0.0000,0.0000,0.0050,0.0000,200,0.0402
0.0199,0.0000,0.0000,0.0000,0.0198,0.0000,200,0.0255
0.0188,0.0002,0.0000,0.0000,0.0185,0.0000,200,0.0267
0.0204,0.0000,0.0000,0.0006,0.0197,0.0000,200,0.0251
0.0074,0.0000,0.0000,0.0004,0.0064,0.0000,200,0.0381
0.0227,0.0000,0.0000,0.0006,0.0220,0.0000,200,0.0228
0.0189,0.0001,0.0000,0.0001,0.0186,0.0000,200,0.0267
0.0337,0.0048,0.0000,0.0060,0.0229,0.0000,200,0.0135
0.0201,0.0000,0.0000,0.0000,0.0200,0.0001,200,0.0273
0.0237,0.0000,0.0000,0.0000,0.0237,0.0000,200,0.0237
0.0235,0.0000,0.0000,0.0000,0.0235,0.0000,200,0.0239
0.0024,0.0000,0.0000,0.0000,0.0023,0.0000,200,0.0451
0.0033,0.0000,0.0000,0.0000,0.0032,0.0001,200,0.0451
0.0078,0.0000,0.0000,0.0000,0.0069,0.0002,200,0.0409
0.0255,0.0000,0.0000,0.0000,0.0254,0.0000,200,0.0234
0.0086,0.0000,0.0000,0.0000,0.0068,0.0018,200,0.0404
0.0249,0.0000,0.0000,0.0000,0.0248,0.0000,200,0.0242
0.0036,0.0000,0.0000,0.0000,0.0035,0.0000,200,0.0455
0.0044,0.0000,0.0000,0.0000,0.0044,0.0000,200,0.0448
0.0070,0.0000,0.0000,0.0000,0.0070,0.0000,200,0.0432
0.0035,0.0000,0.0000,0.0000,0.0034,0.0000,200,0.0474
0.0253,0.0000,0.0000,0.0000,0.0251,0.0000,200,0.0263
0.0254,0.0000,0.0000,0.0000,0.0191,0.0061,200,0.0263
0.0092,0.0000,0.0000,0.0000,0.0090,0.0002,200,0.0448
0.0304,0.0000,0.0000,0.0000,0.0304,0.0000,200,0.0236
0.0089,0.0000,0.0000,0.0000,0.0088,0.0000,200,0.0455
0.0060,0.0000,0.0000,0.0000,0.0059,0.0000,200,0.0484
0.0078,0.0000,0.0000,0.0000,0.0074,0.0003,200,0.0474
0.0360,0.0000,0.0000,0.0000,0.0307,0.0000,200,0.0197
0.0055,0.0000,0.0000,0.0000,0.0049,0.0000,200,0.0502
0.0376,0.0000,0.0000,0.0000,0.0309,0.0000,200,0.0183
0.0458,0.0000,0.0000,0.0059,0.0317,0.0000,200,0.0100
0.0134,0.0000,0.0000,0.0014,0.0120,0.0000,200,0.0426
0.0044,0.0000,0.0000,0.0000,0.0043,0.0000,200,0.0516
0.0385,0.0009,0.0000,0.0062,0.0314,0.0000,200,0.0175
0.0109,0.0000,0.0000,0.0000,0.0108,0.0000,200,0.0452
0.0131,0.0000,0.0000,0.0000,0.0112,0.0018,200,0.0449
0.0322,0.0000,0.0000,0.0000,0.0282,0.0040,200,0.0258
0.0028,0.0000,0.0000,0.0000,0.0027,0.0000,200,0.0559
0.0398,0.0017,0.0000,0.0054,0.0326,0.0000,200,0.0188
0.0071,0.0000,0.0000,0.0000,0.0071,0.0000,200,0.0518
0.0331,0.0000,0.0000,0.0000,0.0330,0.0000,200,0.0262
0.0146,0.0000,0.0000,0.0000,0.0145,0.0000,200,0.0450
0.0205,0.0000,0.0000,0.0000,0.0205,0.0000,200,0.0390
0.0123,0.0000,0.0000,0.0000,0.0122,0.0000,200,0.0474
0.0054,0.0000,0.0000,0.0000,0.0038,0.0008,200,0.0544
0.0159,0.0000,0.0000,0.0000,0.0150,0.0002,200,0.0440
0.0149,0.0000,0.0000,0.0000,0.0148,0.0000,200,0.0450
0.0218,0.0000,0.0000,0.0010,0.0208,0.0000,200,0.0381
0.0091,0.0000,0.0000,0.0013,0.0078,0.0000,200,0.0509
0.0147,0.0000,0.0000,0.0000,0.0143,0.0003,200,0.0453
0.0156,0.0000,0.0000,0.0000,0.0153,0.0003,200,0.0453
0.0121,0.0000,0.0000,0.0000,0.0121,0.0000,200,0.0487
0.0058,0.0000,0.0000,0.0000,0.0057,0.0000,200,0.0552
0.0025,0.0000,0.0000,0.0000,0.0022,0.0000,200,0.0586
0.0165,0.0000,0.0000,0.0000,0.0165,0.0000,200,0.0449
0.0357,0.0000,0.0000,0.0000,0.0356,0.0000,200,0.0261
0.0020,0.0000,0.0000,0.0000,0.0018,0.0000,200,0.0609
0.0076,0.0000,0.0000,0.0000,0.0075,0.0001,200,0.0557
0.0245,0.0000,0.0000,0.0000,0.0244,0.0001,200,0.0394
0.0056,0.0000,0.0000,0.0000,0.0055,0.0000,200,0.0589
0.0413,0.0000,0.0000,0.0000,0.0412,0.0000,200,0.0240
0.0025,0.0000,0.0000,0.0000,0.0022,0.0003,200,0.0628
0.0098,0.0000,0.0000,0.0000,0.0093,0.0004,200,0.0559
0.0056,0.0000,0.0000,0.0000,0.0053,0.0000,200,0.0604
0.0175,0.0000,0.0000,0.0000,0.0174,0.0000,200,0.0491
0.0275,0.0000,0.0000,0.0000,0.0274,0.0001,200,0.0398
0.0275,0.0000,0.0000,0.0000,0.0274,0.0000,200,0.0400
0.0088,0.0000,0.0000,0.0002,0.0085,0.0000,200,0.0593
0.0231,0.0000,0.0000,0.0000,0.0230,0.0000,200,0.0455
0.0237,0.0000,0.0000,0.0000,0.0236,0.0001,200,0.0456
0.0052,0.0000,0.0000,0.0000,0.0051,0.0000,200,0.0645
0.0091,0.0000,0.0000,0.0000,0.0088,0.0002,200,0.0610
0.0143,0.0000,0.0000,0.0000,0.0141,0.0001,200,0.0561
0.0096,0.0000,0.0000,0.0000,0.0095,0.0000,200,0.0611
0.0150,0.0000,0.0000,0.0000,0.0149,0.0000,200,0.0559
0.0062,0.0000,0.0000,0.0001,0.0059,0.0001,200,0.0653
0.0109,0.0000,0.0000,0.0000,0.0108,0.0001,200,0.0609
0.0121,0.0000,0.0000,0.0000,0.0120,0.0000,200,0.0599
0.0127,0.0000,0.0000,0.0000,0.0124,0.0002,200,0.0599
0.0473,0.0000,0.0000,0.0000,0.0472,0.0000,200,0.0254
0.0192,0.0000,0.0000,0.0000,0.0187,0.0002,200,0.0544
0.0251,0.0000,0.0000,0.0000,0.0248,0.0003,200,0.0489
0.0518,0.0000,0.0000,0.0022,0.0491,0.0004,200,0.0229
0.0293,0.0000,0.0000,0.0014,0.0277,0.0001,200,0.0456
0.0306,0.0000,0.0000,0.0000,0.0303,0.0003,200,0.0447
0.0115,0.0000,0.0000,0.0000,0.0114,0.0000,200,0.0639
0.0157,0.0000,0.0000,0.0000,0.0154,0.0002,200,0.0598
0.0068,0.0000,0.0000,0.0000,0.0067,0.0000,200,0.0693
0.0095,0.0000,0.0000,0.0000,0.0094,0.0000,200,0.0673
0.0298,0.0000,0.0000,0.0000,0.0297,0.0001,200,0.0472
0.0285,0.0000,0.0000,0.0000,0.0283,0.0002,200,0.0491
0.0028,0.0000,0.0000,0.0000,0.0027,0.0001,200,0.0749
0.0185,0.0000,0.0000,0.0000,0.0184,0.0001,200,0.0599
0.0107,0.0000,0.0000,0.0000,0.0104,0.0002,200,0.0686
0.0257,0.0000,0.0000,0.0000,0.0248,0.0001,200,0.0541
0.0210,0.0000,0.0000,0.0000,0.0209,0.0001,200,0.0596
0.0424,0.0000,0.0000,0.0000,0.0423,0.0000,200,0.0383
0.0094,0.0000,0.0000,0.0000,0.0078,0.0013,200,0.0726
0.0119,0.0000,0.0000,0.0005,0.0113,0.0000,200,0.0703
0.0243,0.0000,0.0000,0.0001,0.0242,0.0000,200,0.0580
0.0107,0.0000,0.0000,0.0000,0.0106,0.0000,200,0.0717
0.0088,0.0000,0.0000,0.0000,0.0085,0.0003,200,0.0736
0.0040,0.0000,0.0000,0.0000,0.0040,0.0000,200,0.0784
0.0171,0.0000,0.0000,0.0001,0.0168,0.0002,200,0.0660
0.0234,0.0000,0.0000,0.0000,0.0232,0.0001,200,0.0599
0.0036,0.0000,0.0000,0.0001,0.0034,0.0001,200,0.0806
0.0163,0.0000,0.0000,0.0000,0.0162,0.0000,200,0.0681
0.0021,0.0000,0.0000,0.0000,0.0021,0.0000,200,0.0824
0.0152,0.0000,0.0000,0.0000,0.0148,0.0001,200,0.0696
0.0043,0.0000,0.0000,0.0000,0.0031,0.0000,200,0.0808
0.0155,0.0000,0.0000,0.0002,0.0149,0.0003,200,0.0709
0.0043,0.0000,0.0000,0.0000,0.0042,0.0001,200,0.0823
0.0281,0.0000,0.0000,0.0000,0.0274,0.0000,200,0.0586
0.0113,0.0000,0.0000,0.0000,0.0112,0.0000,200,0.0761
0.0260,0.0000,0.0000,0.0000,0.0259,0.0000,200,0.0614
0.0400,0.0000,0.0000,0.0005,0.0394,0.0000,200,0.0475
0.0260,0.0000,0.0000,0.0000,0.0257,0.0000,200,0.0618
0.0038,0.0000,0.0000,0.0000,0.0032,0.0005,200,0.0848
0.0132,0.0000,0.0000,0.0000,0.0131,0.0000,200,0.0754
0.0145,0.0000,0.0000,0.0000,0.0142,0.0000,200,0.0746
0.0073,0.0000,0.0000,0.0000,0.0072,0.0000,200,0.0822
0.0051,0.0000,0.0000,0.0000,0.0050,0.0001,200,0.0844
0.0074,0.0000,0.0000,0.0000,0.0061,0.0012,200,0.0841
0.0416,0.0000,0.0000,0.0000,0.0400,0.0015,200,0.0500
0.0264,0.0000,0.0000,0.0000,0.0253,0.0011,200,0.0666
0.0277,0.0000,0.0000,0.0000,0.0262,0.0009,200,0.0653
0.0054,0.0000,0.0000,0.0000,0.0050,0.0004,200,0.0878
0.0413,0.0000,0.0000,0.0000,0.0412,0.0001,200,0.0540
0.0135,0.0000,0.0000,0.0000,0.0134,0.0000,200,0.0821
0.0133,0.0000,0.0000,0.0000,0.0109,0.0023,200,0.0823
0.0159,0.0000,0.0000,0.0001,0.0156,0.0001,200,0.0798
0.0360,0.0000,0.0000,0.0001,0.0359,0.0000,200,0.0597
0.0250,0.0000,0.0000,0.0002,0.0221,0.0024,200,0.0707
0.0072,0.0000,0.0000,0.0000,0.0050,0.0021,200,0.0886
0.0104,0.0000,0.0000,0.0001,0.0096,0.0006,200,0.0865
0.0079,0.0000,0.0000,0.0011,0.0067,0.0000,200,0.0891
0.0022,0.0000,0.0000,0.0000,0.0021,0.0000,200,0.0956
0.0083,0.0000,0.0000,0.0000,0.0083,0.0000,200,0.0895
0.0196,0.0000,0.0000,0.0002,0.0193,0.0000,200,0.0793
0.0270,0.0000,0.0000,0.0001,0.0265,0.0000,200,0.0718
0.0291,0.0000,0.0000,0.0000,0.0275,0.0010,200,0.0701
0.0161,0.0000,0.0000,0.0000,0.0159,0.0002,200,0.0832
0.0143,0.0000,0.0000,0.0000,0.0142,0.0000,200,0.0851
0.0040,0.0000,0.0000,0.0000,0.0037,0.0003,200,0.0957
0.0447,0.0000,0.0000,0.0000,0.0447,0.0000,200,0.0557
0.0131,0.0000,0.0000,0.0000,0.0130,0.0001,200,0.0875
0.0057,0.0000,0.0000,0.0000,0.0056,0.0001,200,0.0957
0.0029,0.0000,0.0000,0.0001,0.0026,0.0001,200,0.0991
0.0146,0.0000,0.0000,0.0000,0.0145,0.0000,200,0.0875
0.0244,0.0000,0.0000,0.0000,0.0243,0.0002,200,0.0777
0.0371,0.0000,0.0000,0.0001,0.0370,0.0000,200,0.0657
0.0399,0.0000,0.0000,0.0000,0.0397,0.0001,200,0.0634
0.0025,0.0000,0.0000,0.0000,0.0024,0.0001,200,0.1015
0.0450,0.0000,0.0000,0.0000,0.0449,0.0000,200,0.0596
0.0202,0.0000,0.0000,0.0000,0.0201,0.0001,200,0.0845
0.0233,0.0000,0.0000,0.0000,0.0228,0.0004,200,0.0824
0.0171,0.0000,0.0000,0.0004,0.0166,0.0000,200,0.0886
0.0348,0.0000,0.0000,0.0001,0.0341,0.0003,200,0.0720
0.0023,0.0000,0.0000,0.0000,0.0022,0.0000,200,0.1046
0.0197,0.0000,0.0000,0.0000,0.0196,0.0000,200,0.0875
0.0520,0.0000,0.0000,0.0000,0.0519,0.0000,200,0.0558
0.0051,0.0000,0.0000,0.0000,0.0050,0.0000,200,0.1033
0.0071,0.0000,0.0000,0.0000,0.0066,0.0003,200,0.1021
0.0028,0.0000,0.0000,0.0000,0.0027,0.0000,200,0.1069
0.0394,0.0000,0.0000,0.0000,0.0391,0.0001,200,0.0726
0.0258,0.0000,0.0000,0.0000,0.0257,0.0000,200,0.0866
0.0130,0.0000,0.0000,0.0000,0.0129,0.0000,200,0.0993
0.0104,0.0000,0.0000,0.0000,0.0103,0.0000,200,0.1020
0.0131,0.0000,0.0000,0.0000,0.0130,0.0000,200,0.0994
0.0173,0.0000,0.0000,0.0002,0.0170,0.0000,200,0.0953
0.0068,0.0000,0.0000,0.0001,0.0066,0.0000,200,0.1057
0.0296,0.0000,0.0000,0.0001,0.0294,0.0000,200,0.0831
0.0149,0.0000,0.0000,0.0000,0.0148,0.0001,200,0.0978
0.0164,0.0000,0.0000,0.0000,0.0163,0.0000,200,0.0968
0.0381,0.0000,0.0000,0.0000,0.0379,0.0000,200,0.0754
0.0211,0.0000,0.0000,0.0008,0.0202,0.0001,200,0.0930
0.0020,0.0000,0.0000,0.0000,0.0019,0.0001,200,0.1126
0.0750,0.0000,0.0000,0.0000,0.0750,0.0000,200,0.0396
0.0196,0.0000,0.0000,0.0001,0.0195,0.0000,200,0.0958
0.0408,0.0000,0.0000,0.0000,0.0407,0.0000,200,0.0753
0.0041,0.0000,0.0000,0.0000,0.0040,0.0001,200,0.1120
0.0023,0.0000,0.0000,0.0000,0.0023,0.0001,200,0.1146
0.0043,0.0000,0.0000,0.0000,0.0043,0.0000,200,0.1127
0.0686,0.0000,0.0000,0.0000,0.0683,0.0001,200,0.0490
0.0211,0.0000,0.0000,0.0000,0.0210,0.0000,200,0.0970
0.0125,0.0000,0.0000,0.0000,0.0124,0.0000,200,0.1057
0.0043,0.0000,0.0000,0.0000,0.0043,0.0000,200,0.1146
0.0351,0.0000,0.0000,0.0000,0.0350,0.0001,200,0.0867
0.0302,0.0000,0.0000,0.0023,0.0260,0.0000,200,0.0916
0.0241,0.0000,0.0000,0.0000,0.0239,0.0001,200,0.0978
0.0096,0.0000,0.0000,0.0000,0.0095,0.0000,200,0.1123
0.0086,0.0000,0.0000,0.0001,0.0084,0.0000,200,0.1135
0.0088,0.0000,0.0000,0.0000,0.0085,0.0000,200,0.1141
0.0208,0.0000,0.0000,0.0000,0.0207,0.0000,200,0.1021
0.0109,0.0000,0.0000,0.0000,0.0108,0.0001,200,0.1126
0.0070,0.0000,0.0000,0.0000,0.0056,0.0013,200,0.1182
0.0033,0.0000,0.0000,0.0000,0.0033,0.0000,200,0.1219
0.0264,0.0000,0.0000,0.0000,0.0263,0.0000,200,0.0988
0.0256,0.0000,0.0000,0.0000,0.0246,0.0000,200,0.0998
0.0178,0.0000,0.0000,0.0000,0.0177,0.0000,200,0.1084
0.0094,0.0000,0.0000,0.0000,0.0092,0.0002,200,0.1169
0.0280,0.0000,0.0000,0.0000,0.0279,0.0000,200,0.0988
0.0104,0.0000,0.0000,0.0000,0.0104,0.0000,200,0.1170
0.0054,0.0000,0.0000,0.0000,0.0052,0.0002,200,0.1220
0.0127,0.0000,0.0000,0.0000,0.0126,0.0001,200,0.1154
0.0048,0.0000,0.0000,0.0000,0.0047,0.0000,200,0.1235
0.0124,0.0000,0.0000,0.0000,0.0123,0.0000,200,0.1161
0.0074,0.0000,0.0000,0.0000,0.0073,0.0001,200,0.1218
0.0219,0.0000,0.0000,0.0000,0.0219,0.0000,200,0.1078
0.0014,0.0000,0.0000,0.0001,0.0013,0.0000,200,0.1285
0.0741,0.0000,0.0000,0.0000,0.0740,0.0001,200,0.0560
0.0028,0.0000,0.0000,0.0000,0.0027,0.0000,200,0.1274
0.0077,0.0000,0.0000,0.0000,0.0074,0.0002,200,0.1252
0.0238,0.0000,0.0000,0.0000,0.0237,0.0000,200,0.1092
0.0374,0.0000,0.0000,0.0000,0.0374,0.0000,200,0.0956
0.0170,0.0000,0.0000,0.0000,0.0169,0.0000,200,0.1161
0.0414,0.0000,0.0000,0.0004,0.0410,0.0000,200,0.0917
0.0113,0.0000,0.0000,0.0000,0.0113,0.0000,200,0.1218
0.0753,0.0000,0.0000,0.0000,0.0751,0.0000,200,0.0580
0.0291,0.0000,0.0000,0.0000,0.0289,0.0001,200,0.1047
0.0602,0.0000,0.0000,0.0002,0.0600,0.0000,200,0.0740
0.0338,0.0000,0.0000,0.0000,0.0337,0.0000,200,0.1006
0.0096,0.0000,0.0000,0.0000,0.0095,0.0000,200,0.1253
0.0227,0.0000,0.0000,0.0000,0.0226,0.0001,200,0.1125
0.0317,0.0000,0.0000,0.0000,0.0316,0.0001,200,0.1040
0.0085,0.0000,0.0000,0.0000,0.0084,0.0000,200,0.1274
0.0242,0.0000,0.0000,0.0000,0.0239,0.0003,200,0.1125
0.0139,0.0000,0.0000,0.0000,0.0139,0.0000,200,0.1229
0.0016,0.0000,0.0000,0.0000,0.0015,0.0000,200,0.1357
0.0047,0.0000,0.0000,0.0000,0.0046,0.0001,200,0.1331
0.0043,0.0000,0.0000,0.0001,0.0038,0.0001,200,0.1339
0.0060,0.0000,0.0000,0.0000,0.0058,0.0001,200,0.1331
0.0267,0.0000,0.0000,0.0000,0.0267,0.0000,200,0.1123
0.0050,0.0000,0.0000,0.0000,0.0049,0.0000,200,0.1342
0.0090,0.0000,0.0000,0.0000,0.0090,0.0000,200,0.1302
0.0024,0.0000,0.0000,0.0002,0.0021,0.0001,200,0.1369
0.0266,0.0000,0.0000,0.0000,0.0263,0.0003,200,0.1132
0.0373,0.0000,0.0000,0.0000,0.0371,0.0002,200,0.1028
0.0040,0.0000,0.0000,0.0000,0.0036,0.0000,200,0.1367
0.0404,0.0000,0.0000,0.0000,0.0404,0.0001,200,0.1005
0.0039,0.0000,0.0000,0.0000,0.0039,0.0000,200,0.1378
0.0085,0.0000,0.0000,0.0000,0.0085,0.0000,200,0.1333
0.0021,0.0000,0.0000,0.0001,0.0017,0.0000,200,0.1398
0.0092,0.0000,0.0000,0.0000,0.0091,0.0000,200,0.1330
0.0247,0.0000,0.0000,0.0000,0.0246,0.0000,200,0.1182
0.0205,0.0000,0.0000,0.0000,0.0201,0.0003,200,0.1228
0.0156,0.0000,0.0000,0.0000,0.0155,0.0001,200,0.1283
0.0066,0.0000,0.0000,0.0000,0.0064,0.0001,200,0.1373
0.0093,0.0000,0.0000,0.0000,0.0092,0.0000,200,0.1352
0.0059,0.0000,0.0000,0.0000,0.0054,0.0004,200,0.1392
0.0049,0.0000,0.0000,0.0000,0.0046,0.0003,200,0.1407
0.0501,0.0000,0.0000,0.0000,0.0500,0.0001,200,0.0956
0.0130,0.0000,0.0000,0.0000,0.0128,0.0001,200,0.1329
0.0016,0.0000,0.0000,0.0000,0.0015,0.0001,200,0.1451
0.0373,0.0000,0.0000,0.0001,0.0368,0.0003,200,0.1097
0.0575,0.0000,0.0000,0.0007,0.0550,0.0000,200,0.0895
0.0172,0.0000,0.0000,0.0000,0.0171,0.0000,200,0.1302
0.0045,0.0000,0.0000,0.0007,0.0037,0.0000,200,0.1429
0.0039,0.0000,0.0000,0.0003,0.0035,0.0000,200,0.1439
0.0066,0.0000,0.0000,0.0000,0.0065,0.0000,200,0.1419
0.0813,0.0000,0.0000,0.0000,0.0811,0.0002,200,0.0675
0.0134,0.0000,0.0000,0.0000,0.0133,0.0001,200,0.1359
0.0562,0.0000,0.0000,0.0024,0.0537,0.0001,200,0.0932
0.0323,0.0000,0.0000,0.0004,0.0319,0.0001,200,0.1176
0.0255,0.0000,0.0000,0.0000,0.0253,0.0001,200,0.1252
0.0118,0.0000,0.0000,0.0000,0.0117,0.0000,200,0.1391
0.0055,0.0000,0.0000,0.0000,0.0054,0.0001,200,0.1459
0.0100,0.0000,0.0000,0.0000,0.0098,0.0001,200,0.1418
0.0055,0.0000,0.0000,0.0000,0.0054,0.0001,200,0.1474
0.0759,0.0000,0.0000,0.0000,0.0756,0.0000,200,0.0771
0.0015,0.0000,0.0000,0.0000,0.0014,0.0000,200,0.1515
0.0340,0.0000,0.0000,0.0001,0.0339,0.0000,200,0.1190
0.0052,0.0000,0.0000,0.0000,0.0050,0.0001,200,0.1485
0.0615,0.0000,0.0000,0.0001,0.0613,0.0000,200,0.0930
0.0253,0.0000,0.0000,0.0001,0.0249,0.0002,200,0.1292
0.0081,0.0000,0.0000,0.0000,0.0080,0.0000,200,0.1467
0.0161,0.0000,0.0000,0.0000,0.0160,0.0001,200,0.1392
0.0046,0.0000,0.0000,0.0000,0.0041,0.0004,200,0.1517
0.0173,0.0000,0.0000,0.0000,0.0172,0.0000,200,0.1391
0.0094,0.0000,0.0000,0.0001,0.0087,0.0000,200,0.1470
0.0308,0.0000,0.0000,0.0000,0.0307,0.0000,200,0.1262
0.0103,0.0000,0.0000,0.0000,0.0102,0.0000,200,0.1470
0.0506,0.0000,0.0000,0.0000,0.0505,0.0001,200,0.1072
0.0147,0.0000,0.0000,0.0000,0.0146,0.0000,200,0.1433
0.0033,0.0000,0.0000,0.0000,0.0031,0.0001,200,0.1553
0.0152,0.0000,0.0000,0.0002,0.0145,0.0000,200,0.1439
0.0327,0.0000,0.0000,0.0000,0.0325,0.0000,200,0.1269
0.0333,0.0000,0.0000,0.0000,0.0332,0.0001,200,0.1263
0.0021,0.0000,0.0000,0.0001,0.0020,0.0000,200,0.1581
0.0018,0.0000,0.0000,0.0000,0.0017,0.0000,200,0.1596
0.0107,0.0000,0.0000,0.0000,0.0106,0.0000,200,0.1507
0.0214,0.0000,0.0000,0.0000,0.0209,0.0002,200,0.1402
0.0267,0.0000,0.0000,0.0000,0.0265,0.0002,200,0.1349
0.0057,0.0000,0.0000,0.0000,0.0056,0.0001,200,0.1564
0.0091,0.0000,0.0000,0.0000,0.0088,0.0000,200,0.1536
0.0200,0.0000,0.0000,0.0000,0.0198,0.0002,200,0.1445
0.0264,0.0000,0.0000,0.0000,0.0263,0.0000,200,0.1381
0.0254,0.0000,0.0000,0.0001,0.0252,0.0001,200,0.1393
0.0238,0.0000,0.0000,0.0000,0.0237,0.0001,200,0.1409
0.0021,0.0000,0.0000,0.0000,0.0020,0.0000,200,0.1627
0.0193,0.0000,0.0000,0.0000,0.0176,0.0017,200,0.1457
0.0113,0.0000,0.0000,0.0000,0.0112,0.0000,200,0.1545
0.0037,0.0000,0.0000,0.0000,0.0036,0.0000,200,0.1621
0.0133,0.0000,0.0000,0.0000,0.0132,0.0001,200,0.1530
0.0115,0.0000,0.0000,0.0000,0.0110,0.0001,200,0.1547
0.0107,0.0000,0.0000,0.0000,0.0106,0.0001,200,0.1563
0.0105,0.0000,0.0000,0.0000,0.0105,0.0000,200,0.1570
0.0028,0.0000,0.0000,0.0000,0.0025,0.0003,200,0.1647
0.0205,0.0000,0.0000,0.0000,0.0204,0.0000,200,0.1477
0.0190,0.0000,0.0000,0.0000,0.0189,0.0001,200,0.1500
0.0045,0.0000,0.0000,0.0000,0.0044,0.0000,200,0.1645
0.0473,0.0000,0.0000,0.0000,0.0473,0.0000,200,0.1219
0.0094,0.0000,0.0000,0.0000,0.0093,0.0000,200,0.1602
0.0156,0.0000,0.0000,0.0000,0.0152,0.0003,200,0.1545
0.0454,0.0000,0.0000,0.0000,0.0452,0.0002,200,0.1253
0.0094,0.0000,0.0000,0.0000,0.0092,0.0002,200,0.1615
0.0185,0.0000,0.0000,0.0000,0.0184,0.0001,200,0.1529
0.0071,0.0000,0.0000,0.0001,0.0068,0.0002,200,0.1650
0.0076,0.0000,0.0000,0.0000,0.0076,0.0000,200,0.1648
0.0267,0.0000,0.0000,0.0000,0.0263,0.0002,200,0.1457
0.0141,0.0000,0.0000,0.0000,0.0138,0.0003,200,0.1591
0.0389,0.0000,0.0000,0.0000,0.0388,0.0000,200,0.1344
0.0168,0.0000,0.0000,0.0000,0.0167,0.0000,200,0.1578
0.0088,0.0000,0.0000,0.0000,0.0087,0.0000,200,0.1658
0.0981,0.0000,0.0000,0.0000,0.0977,0.0003,200,0.0768
0.0083,0.0000,0.0000,0.0000,0.0081,0.0001,200,0.1670
0.0052,0.0000,0.0000,0.0000,0.0051,0.0000,200,0.1707
0.0100,0.0000,0.0000,0.0000,0.0099,0.0001,200,0.1663
0.0053,0.0000,0.0000,0.0000,0.0053,0.0000,200,0.1714
0.0048,0.0000,0.0000,0.0000,0.0047,0.0001,200,0.1724
0.0163,0.0000,0.0000,0.0000,0.0163,0.0000,200,0.1614
0.1008,0.0000,0.0000,0.0000,0.1007,0.0001,200,0.0777
0.0089,0.0000,0.0000,0.0000,0.0088,0.0001,200,0.1700
0.0497,0.0000,0.0000,0.0000,0.0496,0.0001,200,0.1297
0.0031,0.0000,0.0000,0.0000,0.0030,0.0000,200,0.1768
0.0274,0.0000,0.0000,0.0000,0.0273,0.0000,200,0.1530
0.0152,0.0000,0.0000,0.0000,0.0151,0.0001,200,0.1658
0.0486,0.0000,0.0000,0.0000,0.0485,0.0001,200,0.1331
0.0131,0.0000,0.0000,0.0003,0.0126,0.0000,200,0.1692
0.0029,0.0000,0.0000,0.0000,0.0028,0.0001,200,0.1794
0.0053,0.0000,0.0000,0.0000,0.0052,0.0000,200,0.1772
0.0030,0.0000,0.0000,0.0000,0.0030,0.0000,200,0.1799
0.0085,0.0000,0.0000,0.0000,0.0081,0.0002,200,0.1746
0.1387,0.0000,0.0000,0.0000,0.1386,0.0001,200,0.0454
0.0120,0.0000,0.0000,0.0000,0.0120,0.0000,200,0.1724
0.0073,0.0000,0.0000,0.0001,0.0071,0.0001,200,0.1777
0.0207,0.0000,0.0000,0.0000,0.0207,0.0000,200,0.1647
0.0048,0.0000,0.0000,0.0000,0.0047,0.0000,200,0.1810
0.0577,0.0000,0.0000,0.0000,0.0576,0.0001,200,0.1281
0.0151,0.0000,0.0000,0.0000,0.0150,0.0000,200,0.1710
0.0102,0.0000,0.0000,0.0000,0.0102,0.0000,200,0.1759
0.0444,0.0000,0.0000,0.0000,0.0443,0.0001,200,0.1422
0.0192,0.0000,0.0000,0.0000,0.0191,0.0001,200,0.1676
0.0175,0.0000,0.0000,0.0001,0.0173,0.0000,200,0.1696
0.0014,0.0000,0.0000,0.0000,0.0013,0.0001,200,0.1860
0.0027,0.0000,0.0000,0.0000,0.0026,0.0000,200,0.1854
0.0059,0.0000,0.0000,0.0000,0.0058,0.0000,200,0.1826
0.0393,0.0000,0.0000,0.0000,0.0392,0.0000,200,0.1495
0.0039,0.0000,0.0000,0.0000,0.0032,0.0007,200,0.1858
0.0209,0.0000,0.0000,0.0000,0.0208,0.0000,200,0.1690
0.0059,0.0000,0.0000,0.0000,0.0058,0.0000,200,0.1841
0.0154,0.0000,0.0000,0.0000,0.0149,0.0000,200,0.1746
0.0577,0.0000,0.0000,0.0000,0.0575,0.0001,200,0.1330
0.0231,0.0000,0.0000,0.0000,0.0229,0.0000,200,0.1683
0.0045,0.0000,0.0000,0.0000,0.0043,0.0001,200,0.1874
0.0197,0.0000,0.0000,0.0000,0.0196,0.0001,200,0.1733
0.0072,0.0000,0.0000,0.0000,0.0071,0.0000,200,0.1858
0.0065,0.0000,0.0000,0.0000,0.0064,0.0000,200,0.1868
0.0038,0.0000,0.0000,0.0000,0.0038,0.0000,200,0.1899
0.0193,0.0000,0.0000,0.0000,0.0192,0.0001,200,0.1749
0.0093,0.0000,0.0000,0.0000,0.0092,0.0000,200,0.1851
0.0122,0.0000,0.0000,0.0000,0.0121,0.0000,200,0.1829
0.0039,0.0000,0.0000,0.0000,0.0038,0.0000,200,0.1913
0.0168,0.0000,0.0000,0.0000,0.0167,0.0001,200,0.1789
0.0453,0.0000,0.0000,0.0000,0.0452,0.0000,200,0.1508
0.0078,0.0000,0.0000,0.0000,0.0077,0.0000,200,0.1885
0.0290,0.0000,0.0000,0.0000,0.0289,0.0000,200,0.1675
0.0357,0.0000,0.0000,0.0000,0.0356,0.0000,200,0.1614
0.0159,0.0000,0.0000,0.0001,0.0156,0.0002,200,0.1817
0.0289,0.0000,0.0000,0.0000,0.0287,0.0001,200,0.1690
0.0417,0.0000,0.0000,0.0000,0.0416,0.0000,200,0.1564
0.0265,0.0000,0.0000,0.0000,0.0265,0.0000,200,0.1721
0.0049,0.0000,0.0000,0.0000,0.0047,0.0000,200,0.1942
0.0149,0.0000,0.0000,0.0000,0.0148,0.0001,200,0.1845
0.0528,0.0000,0.0000,0.0000,0.0527,0.0000,200,0.1474
0.0019,0.0000,0.0000,0.0000,0.0018,0.0000,200,0.1986
0.0129,0.0000,0.0000,0.0000,0.0128,0.0000,200,0.1881
0.0066,0.0000,0.0000,0.0000,0.0065,0.0000,200,0.1944
0.0190,0.0000,0.0000,0.0000,0.0189,0.0000,200,0.1824
0.0269,0.0000,0.0000,0.0000,0.0268,0.0000,200,0.1753
0.0093,0.0000,0.0000,0.0000,0.0086,0.0004,200,0.1930
0.0497,0.0000,0.0000,0.0000,0.0496,0.0000,200,0.1529
0.0120,0.0000,0.0000,0.0000,0.0118,0.0001,200,0.1907
0.0067,0.0000,0.0000,0.0000,0.0066,0.0000,200,0.1962
0.0617,0.0000,0.0000,0.0000,0.0615,0.0001,200,0.1419
0.0033,0.0000,0.0000,0.0000,0.0031,0.0002,200,0.2010
0.0465,0.0000,0.0000,0.0000,0.0459,0.0006,200,0.1586
0.0085,0.0000,0.0000,0.0000,0.0084,0.0000,200,0.1976
0.0047,0.0000,0.0000,0.0000,0.0047,0.0000,200,0.2014
0.0053,0.0000,0.0000,0.0000,0.0047,0.0005,200,0.2026
0.0146,0.0000,0.0000,0.0000,0.0146,0.0000,200,0.1933
0.0465,0.0000,0.0000,0.0000,0.0464,0.0001,200,0.1616
0.0079,0.0000,0.0000,0.0000,0.0077,0.0001,200,0.2010
0.0055,0.0000,0.0000,0.0000,0.0053,0.0001,200,0.2036
0.0228,0.0000,0.0000,0.0000,0.0228,0.0000,200,0.1887
0.0216,0.0000,0.0000,0.0000,0.0215,0.0000,200,0.1900
0.0285,0.0000,0.0000,0.0000,0.0280,0.0001,200,0.1831
0.0088,0.0000,0.0000,0.0000,0.0086,0.0000,200,0.2029
0.0199,0.0000,0.0000,0.0000,0.0195,0.0003,200,0.1919
0.0162,0.0000,0.0000,0.0000,0.0161,0.0000,200,0.1957
0.0040,0.0000,0.0000,0.0000,0.0040,0.0001,200,0.2089
0.0641,0.0000,0.0000,0.0000,0.0640,0.0000,200,0.1493
0.0168,0.0000,0.0000,0.0000,0.0167,0.0000,200,0.1966
0.0239,0.0000,0.0000,0.0000,0.0237,0.0000,200,0.1897
0.0103,0.0000,0.0000,0.0000,0.0101,0.0002,200,0.2043
0.0032,0.0000,0.0000,0.0000,0.0032,0.0000,200,0.2117
0.0032,0.0000,0.0000,0.0000,0.0023,0.0000,200,0.2119
0.0037,0.0000,0.0000,0.0000,0.0035,0.0001,200,0.2118
0.1091,0.0000,0.0000,0.0000,0.1090,0.0001,200,0.1068
0.0572,0.0000,0.0000,0.0000,0.0571,0.0000,200,0.1595
0.0869,0.0000,0.0000,0.0000,0.0867,0.0001,200,0.1299
0.0038,0.0000,0.0000,0.0001,0.0036,0.0000,200,0.2133
0.0224,0.0000,0.0000,0.0000,0.0223,0.0001,200,0.1952
0.0095,0.0000,0.0000,0.0000,0.0095,0.0000,200,0.2082
0.0067,0.0000,0.0000,0.0000,0.0066,0.0001,200,0.2116
0.1056,0.0000,0.0000,0.0000,0.1056,0.0000,200,0.1127
0.0108,0.0000,0.0000,0.0001,0.0106,0.0001,200,0.2079
0.0704,0.0000,0.0000,0.0000,0.0703,0.0000,200,0.1488
0.0143,0.0000,0.0000,0.0009,0.0134,0.0000,200,0.2051
0.0135,0.0000,0.0000,0.0000,0.0134,0.0000,200,0.2061
0.0178,0.0000,0.0000,0.0000,0.0177,0.0001,200,0.2026
0.0240,0.0000,0.0000,0.0000,0.0239,0.0000,200,0.1981
0.0497,0.0000,0.0000,0.0000,0.0494,0.0003,200,0.1733
0.0369,0.0000,0.0000,0.0000,0.0356,0.0013,200,0.1866
0.0044,0.0000,0.0000,0.0000,0.0042,0.0000,200,0.2192
0.0086,0.0000,0.0000,0.0000,0.0082,0.0004,200,0.2155
0.0294,0.0000,0.0000,0.0000,0.0294,0.0001,200,0.1952
0.0088,0.0000,0.0000,0.0001,0.0075,0.0011,200,0.2160
0.0057,0.0000,0.0000,0.0002,0.0029,0.0014,200,0.2194
0.0251,0.0000,0.0000,0.0000,0.0244,0.0007,200,0.1991
0.0231,0.0000,0.0000,0.0000,0.0229,0.0000,200,0.2022
0.0135,0.0000,0.0000,0.0000,0.0134,0.0000,200,0.2117
0.0254,0.0000,0.0000,0.0000,0.0253,0.0001,200,0.2001
0.0074,0.0000,0.0000,0.0000,0.0073,0.0000,200,0.2183
0.0616,0.0000,0.0000,0.0000,0.0614,0.0001,200,0.1645
0.0689,0.0000,0.0000,0.0000,0.0687,0.0001,200,0.1572
0.0505,0.0000,0.0000,0.0002,0.0503,0.0000,200,0.1763
0.0246,0.0000,0.0000,0.0000,0.0245,0.0000,200,0.2023
0.0028,0.0000,0.0000,0.0008,0.0018,0.0001,200,0.2241
0.0125,0.0000,0.0000,0.0000,0.0125,0.0000,200,0.2151
0.0317,0.0000,0.0000,0.0000,0.0316,0.0000,200,0.1971
0.0175,0.0000,0.0000,0.0000,0.0172,0.0002,200,0.2116
0.0036,0.0000,0.0000,0.0000,0.0033,0.0003,200,0.2255
0.0634,0.0000,0.0000,0.0000,0.0632,0.0002,200,0.1663
0.0493,0.0000,0.0000,0.0000,0.0493,0.0000,200,0.1804
0.0033,0.0000,0.0000,0.0000,0.0033,0.0000,200,0.2268
0.0034,0.0000,0.0000,0.0000,0.0032,0.0001,200,0.2268
0.0072,0.0000,0.0000,0.0001,0.0070,0.0001,200,0.2235
0.0383,0.0000,0.0000,0.0000,0.0383,0.0000,200,0.1930
0.0028,0.0000,0.0000,0.0000,0.0026,0.0001,200,0.2291
0.0171,0.0000,0.0000,0.0000,0.0168,0.0000,200,0.2149
0.0046,0.0000,0.0000,0.0000,0.0045,0.0001,200,0.2276
0.0134,0.0000,0.0000,0.0000,0.0133,0.0000,200,0.2196
0.0549,0.0000,0.0000,0.0000,0.0548,0.0000,200,0.1785
0.0039,0.0000,0.0000,0.0000,0.0038,0.0000,200,0.2297
0.0039,0.0000,0.0000,0.0000,0.0038,0.0000,200,0.2302
0.0034,0.0000,0.0000,0.0000,0.0032,0.0002,200,0.2313
0.0268,0.0000,0.0000,0.0000,0.0268,0.0000,200,0.2079
0.0109,0.0000,0.0000,0.0003,0.0105,0.0000,200,0.2247
0.0351,0.0000,0.0000,0.0000,0.0351,0.0000,200,0.2006
0.0194,0.0000,0.0000,0.0000,0.0194,0.0000,200,0.2167
0.0106,0.0000,0.0000,0.0000,0.0105,0.0000,200,0.2257
0.0010,0.0000,0.0000,0.0000,0.0009,0.0000,200,0.2357
0.0503,0.0000,0.0000,0.0000,0.0503,0.0000,200,0.1871
0.0316,0.0000,0.0000,0.0000,0.0315,0.0001,200,0.2061
0.0246,0.0000,0.0000,0.0000,0.0245,0.0001,200,0.2134
0.0215,0.0000,0.0000,0.0000,0.0209,0.0006,200,0.2176
0.0130,0.0000,0.0000,0.0001,0.0129,0.0000,200,0.2261
0.0075,0.0000,0.0000,0.0000,0.0074,0.0001,200,0.2319
0.0024,0.0000,0.0000,0.0000,0.0024,0.0000,200,0.2377
0.0311,0.0000,0.0000,0.0000,0.0309,0.0000,200,0.2091
0.0422,0.0000,0.0000,0.0000,0.0420,0.0001,200,0.1980
0.0055,0.0000,0.0000,0.0000,0.0052,0.0000,200,0.2347
0.0048,0.0000,0.0000,0.0000,0.0046,0.0002,200,0.2355
0.0079,0.0000,0.0000,0.0000,0.0078,0.0001,200,0.2330
0.0161,0.0000,0.0000,0.0000,0.0160,0.0000,200,0.2252
0.0282,0.0000,0.0000,0.0000,0.0277,0.0005,200,0.2136
0.0085,0.0000,0.0000,0.0000,0.0085,0.0000,200,0.2333
0.0077,0.0000,0.0000,0.0000,0.0076,0.0001,200,0.2348
0.0053,0.0000,0.0000,0.0000,0.0052,0.0001,200,0.2374
0.0571,0.0000,0.0000,0.0000,0.0570,0.0000,200,0.1861
0.0303,0.0000,0.0000,0.0000,0.0302,0.0000,200,0.2130
0.0100,0.0000,0.0000,0.0000,0.0099,0.0001,200,0.2336
0.0039,0.0000,0.0000,0.0000,0.0038,0.0000,200,0.2403
0.0158,0.0000,0.0000,0.0000,0.0157,0.0001,200,0.2291
0.0265,0.0000,0.0000,0.0004,0.0260,0.0001,200,0.2187
0.0070,0.0000,0.0000,0.0000,0.0068,0.0001,200,0.2391
0.0059,0.0000,0.0000,0.0000,0.0056,0.0001,200,0.2403
0.0294,0.0000,0.0000,0.0000,0.0289,0.0004,200,0.2171
0.0050,0.0000,0.0000,0.0000,0.0048,0.0001,200,0.2418
0.0159,0.0000,0.0000,0.0000,0.0158,0.0000,200,0.2320
0.0060,0.0000,0.0000,0.0000,0.0059,0.0000,200,0.2418
0.0173,0.0000,0.0000,0.0002,0.0171,0.0000,200,0.2307
0.0233,0.0000,0.0000,0.0000,0.0233,0.0000,200,0.2248
0.0068,0.0000,0.0000,0.0000,0.0068,0.0000,200,0.2413
0.0322,0.0000,0.0000,0.0000,0.0321,0.0000,200,0.2167
0.0063,0.0000,0.0000,0.0000,0.0059,0.0004,200,0.2432
0.0295,0.0000,0.0000,0.0004,0.0289,0.0002,200,0.2205
0.0239,0.0000,0.0000,0.0001,0.0236,0.0002,200,0.2261
0.0253,0.0000,0.0000,0.0000,0.0252,0.0000,200,0.2252
0.0184,0.0000,0.0000,0.0000,0.0182,0.0001,200,0.2323
0.0146,0.0000,0.0000,0.0000,0.0145,0.0000,200,0.2361
0.0022,0.0000,0.0000,0.0000,0.0022,0.0000,200,0.2489
0.0335,0.0000,0.0000,0.0000,0.0334,0.0000,200,0.2183
0.0078,0.0000,0.0000,0.0000,0.0077,0.0001,200,0.2442
0.0057,0.0000,0.0000,0.0000,0.0054,0.0001,200,0.2465
0.0131,0.0000,0.0000,0.0000,0.0130,0.0001,200,0.2391
0.0100,0.0000,0.0000,0.0000,0.0099,0.0001,200,0.2427
0.0065,0.0000,0.0000,0.0000,0.0064,0.0000,200,0.2468
0.0057,0.0000,0.0000,0.0000,0.0055,0.0000,200,0.2478
0.0181,0.0000,0.0000,0.0002,0.0178,0.0001,200,0.2363
0.0023,0.0000,0.0000,0.0000,0.0022,0.0001,200,0.2523
0.0049,0.0000,0.0000,0.0000,0.0048,0.0000,200,0.2500
0.0324,0.0000,0.0000,0.0002,0.0321,0.0001,200,0.2230
0.0079,0.0000,0.0000,0.0000,0.0078,0.0000,200,0.2480
0.0123,0.0000,0.0000,0.0000,0.0121,0.0001,200,0.2436
0.0627,0.0000,0.0000,0.0000,0.0626,0.0000,200,0.1937
0.0086,0.0000,0.0000,0.0000,0.0085,0.0000,200,0.2481
0.0316,0.0000,0.0000,0.0000,0.0315,0.0000,200,0.2251
0.0289,0.0000,0.0000,0.0000,0.0288,0.0001,200,0.2288
0.0072,0.0000,0.0000,0.0001,0.0070,0.0001,200,0.2506
0.0182,0.0000,0.0000,0.0000,0.0181,0.0001,200,0.2402
0.0351,0.0000,0.0000,0.0001,0.0349,0.0000,200,0.2235
0.0444,0.0000,0.0000,0.0001,0.0442,0.0000,200,0.2146
0.0011,0.0000,0.0000,0.0000,0.0009,0.0001,200,0.2584
0.0187,0.0000,0.0000,0.0000,0.0186,0.0000,200,0.2409
0.0118,0.0000,0.0000,0.0000,0.0117,0.0001,200,0.2481
0.0107,0.0000,0.0000,0.0007,0.0098,0.0000,200,0.2495
0.0202,0.0000,0.0000,0.0000,0.0201,0.0000,200,0.2403
0.0313,0.0000,0.0000,0.0000,0.0312,0.0001,200,0.2297
0.0095,0.0000,0.0000,0.0000,0.0093,0.0002,200,0.2523
0.0100,0.0000,0.0000,0.0000,0.0099,0.0000,200,0.2520
0.0120,0.0000,0.0000,0.0000,0.0119,0.0000,200,0.2505
0.0021,0.0000,0.0000,0.0000,0.0021,0.0000,200,0.2605
0.0252,0.0000,0.0000,0.0000,0.0250,0.0002,200,0.2380
0.0110,0.0000,0.0000,0.0000,0.0109,0.0000,200,0.2527
0.0055,0.0000,0.0000,0.0003,0.0051,0.0000,200,0.2586
0.0752,0.0000,0.0000,0.0000,0.0752,0.0000,200,0.1899
0.0049,0.0000,0.0000,0.0000,0.0043,0.0005,200,0.2603
0.0013,0.0000,0.0000,0.0000,0.0012,0.0000,200,0.2641
0.0146,0.0000,0.0000,0.0000,0.0146,0.0000,200,0.2507
0.0181,0.0000,0.0000,0.0003,0.0176,0.0001,200,0.2478
0.0064,0.0000,0.0000,0.0000,0.0064,0.0000,200,0.2599
0.0237,0.0000,0.0000,0.0003,0.0233,0.0000,200,0.2432
0.0110,0.0000,0.0000,0.0000,0.0109,0.0000,200,0.2564
0.0082,0.0000,0.0000,0.0012,0.0069,0.0001,200,0.2596
0.0148,0.0000,0.0000,0.0000,0.0147,0.0001,200,0.2536
0.0112,0.0000,0.0000,0.0000,0.0112,0.0000,200,0.2577
0.0695,0.0000,0.0000,0.0000,0.0694,0.0000,200,0.1994
0.0067,0.0000,0.0000,0.0000,0.0060,0.0001,200,0.2626
0.0146,0.0000,0.0000,0.0000,0.0144,0.0001,200,0.2549
0.0480,0.0000,0.0000,0.0000,0.0478,0.0002,200,0.2221
0.0051,0.0000,0.0000,0.0000,0.0050,0.0000,200,0.2652
0.0085,0.0000,0.0000,0.0000,0.0084,0.0001,200,0.2625
0.0044,0.0000,0.0000,0.0000,0.0043,0.0000,200,0.2669
0.0151,0.0000,0.0000,0.0001,0.0150,0.0001,200,0.2567
0.0091,0.0000,0.0000,0.0000,0.0090,0.0000,200,0.2632
0.0031,0.0000,0.0000,0.0000,0.0029,0.0000,200,0.2694
0.0339,0.0000,0.0000,0.0000,0.0338,0.0001,200,0.2394
0.0773,0.0000,0.0000,0.0000,0.0773,0.0000,200,0.1961
0.0396,0.0000,0.0000,0.0000,0.0395,0.0001,200,0.2341
0.0020,0.0000,0.0000,0.0004,0.0015,0.0000,200,0.2719
0.0236,0.0000,0.0000,0.0000,0.0231,0.0004,200,0.2512
0.0573,0.0000,0.0000,0.0001,0.0569,0.0003,200,0.2177
0.0234,0.0000,0.0000,0.0000,0.0232,0.0001,200,0.2518
0.0031,0.0000,0.0000,0.0000,0.0027,0.0000,200,0.2725
0.0076,0.0000,0.0000,0.0000,0.0074,0.0000,200,0.2689
0.0234,0.0000,0.0000,0.0000,0.0233,0.0001,200,0.2533
0.0273,0.0000,0.0000,0.0000,0.0271,0.0001,200,0.2500
0.0096,0.0000,0.0000,0.0001,0.0093,0.0002,200,0.2678
0.0052,0.0000,0.0000,0.0001,0.0049,0.0001,200,0.2723
0.0019,0.0000,0.0000,0.0000,0.0015,0.0003,200,0.2767
0.0361,0.0000,0.0000,0.0000,0.0361,0.0000,200,0.2425
0.0537,0.0000,0.0000,0.0000,0.0534,0.0003,200,0.2253
0.0130,0.0000,0.0000,0.0000,0.0129,0.0000,200,0.2663
0.0030,0.0000,0.0000,0.0000,0.0029,0.0001,200,0.2765
0.0053,0.0000,0.0000,0.0000,0.0051,0.0001,200,0.2747
0.0056,0.0000,0.0000,0.0000,0.0055,0.0000,200,0.2752
0.0364,0.0000,0.0000,0.0000,0.0363,0.0001,200,0.2449
0.0140,0.0000,0.0000,0.0000,0.0139,0.0001,200,0.2674
0.0355,0.0000,0.0000,0.0000,0.0355,0.0000,200,0.2462
0.0256,0.0000,0.0000,0.0000,0.0255,0.0000,200,0.2567
0.0092,0.0000,0.0000,0.0000,0.0091,0.0000,200,0.2737
0.0144,0.0000,0.0000,0.0000,0.0143,0.0001,200,0.2689
0.0041,0.0000,0.0000,0.0000,0.0035,0.0005,200,0.2795
0.0046,0.0000,0.0000,0.0000,0.0046,0.0000,200,0.2790
0.0142,0.0000,0.0000,0.0001,0.0141,0.0000,200,0.2701
0.0190,0.0000,0.0000,0.0000,0.0189,0.0000,200,0.2659
0.0294,0.0000,0.0000,0.0000,0.0292,0.0000,200,0.2559
0.0041,0.0000,0.0000,0.0001,0.0039,0.0001,200,0.2813
0.0035,0.0000,0.0000,0.0001,0.0034,0.0000,200,0.2823
0.0270,0.0000,0.0000,0.0000,0.0269,0.0001,200,0.2590
0.0068,0.0000,0.0000,0.0000,0.0066,0.0001,200,0.2800
0.1050,0.0000,0.0000,0.0000,0.1049,0.0000,200,0.1824
0.0474,0.0000,0.0000,0.0000,0.0473,0.0001,200,0.2402
0.0319,0.0000,0.0000,0.0000,0.0318,0.0000,200,0.2559
0.0170,0.0000,0.0000,0.0000,0.0169,0.0000,200,0.2713
0.0268,0.0000,0.0000,0.0001,0.0265,0.0000,200,0.2620
0.0237,0.0000,0.0000,0.0000,0.0234,0.0002,200,0.2652
0.0626,0.0000,0.0000,0.0000,0.0625,0.0000,200,0.2269
0.0444,0.0000,0.0000,0.0001,0.0443,0.0000,200,0.2452
0.0132,0.0000,0.0000,0.0000,0.0130,0.0001,200,0.2773
0.0011,0.0000,0.0000,0.0000,0.0010,0.0000,200,0.2895
0.0103,0.0000,0.0000,0.0000,0.0101,0.0001,200,0.2807
0.0036,0.0000,0.0000,0.0000,0.0035,0.0001,200,0.2889
0.0198,0.0000,0.0000,0.0001,0.0196,0.0001,200,0.2735
0.0062,0.0000,0.0000,0.0000,0.0061,0.0001,200,0.2874
0.0320,0.0000,0.0000,0.0000,0.0319,0.0001,200,0.2618
0.0065,0.0000,0.0000,0.0000,0.0064,0.0000,200,0.2883
0.0113,0.0000,0.0000,0.0000,0.0112,0.0001,200,0.2836
0.0167,0.0000,0.0000,0.0000,0.0166,0.0000,200,0.2786
0.0254,0.0000,0.0000,0.0000,0.0253,0.0000,200,0.2703
0.0076,0.0000,0.0000,0.0000,0.0073,0.0002,200,0.2888
0.0147,0.0000,0.0000,0.0000,0.0147,0.0000,200,0.2818
0.0101,0.0000,0.0000,0.0000,0.0100,0.0000,200,0.2868
0.0126,0.0000,0.0000,0.0000,0.0126,0.0000,200,0.2849
0.0027,0.0000,0.0000,0.0000,0.0026,0.0001,200,0.2957
0.0178,0.0000,0.0000,0.0000,0.0176,0.0001,200,0.2815
0.0028,0.0000,0.0000,0.0000,0.0027,0.0001,200,0.2969
0.0226,0.0000,0.0000,0.0000,0.0222,0.0000,200,0.2775
0.0030,0.0000,0.0000,0.0001,0.0028,0.0000,200,0.2976
0.0090,0.0000,0.0000,0.0000,0.0089,0.0001,200,0.2925
0.0187,0.0000,0.0000,0.0001,0.0186,0.0000,200,0.2836
0.0131,0.0000,0.0000,0.0000,0.0129,0.0001,200,0.2896
0.0278,0.0000,0.0000,0.0000,0.0275,0.0001,200,0.2750
0.0030,0.0000,0.0000,0.0000,0.0029,0.0000,200,0.3001
0.0105,0.0000,0.0000,0.0000,0.0104,0.0000,200,0.2932
0.0185,0.0000,0.0000,0.0000,0.0185,0.0000,200,0.2858
0.0039,0.0000,0.0000,0.0000,0.0038,0.0001,200,0.3005
0.0147,0.0000,0.0000,0.0000,0.0146,0.0001,200,0.2906
0.0065,0.0000,0.0000,0.0000,0.0061,0.0003,200,0.2992
0.0447,0.0000,0.0000,0.0001,0.0445,0.0000,200,0.2611
0.0274,0.0000,0.0000,0.0000,0.0272,0.0002,200,0.2786
0.0021,0.0000,0.0000,0.0002,0.0019,0.0001,200,0.3045
0.0087,0.0000,0.0000,0.0001,0.0085,0.0001,200,0.2984
0.0075,0.0000,0.0000,0.0000,0.0074,0.0000,200,0.2996
0.0519,0.0000,0.0000,0.0000,0.0515,0.0000,200,0.2555
0.0122,0.0000,0.0000,0.0000,0.0122,0.0000,200,0.2963
0.0625,0.0000,0.0000,0.0001,0.0623,0.0000,200,0.2461
0.0228,0.0000,0.0000,0.0000,0.0227,0.0000,200,0.2859
0.0510,0.0000,0.0000,0.0000,0.0509,0.0000,200,0.2578
0.0124,0.0000,0.0000,0.0000,0.0123,0.0001,200,0.2965
0.0249,0.0000,0.0000,0.0000,0.0248,0.0001,200,0.2843
0.0264,0.0000,0.0000,0.0000,0.0262,0.0001,200,0.2833
0.0799,0.0000,0.0000,0.0000,0.0798,0.0000,200,0.2302
0.0278,0.0000,0.0000,0.0000,0.0277,0.0001,200,0.2829
0.0459,0.0000,0.0000,0.0000,0.0458,0.0000,200,0.2654
0.0085,0.0000,0.0000,0.0000,0.0085,0.0000,200,0.3027
0.0076,0.0000,0.0000,0.0000,0.0075,0.0001,200,0.3043
0.0575,0.0000,0.0000,0.0000,0.0574,0.0000,200,0.2546
0.0014,0.0000,0.0000,0.0000,0.0013,0.0001,200,0.3113
0.0178,0.0000,0.0000,0.0000,0.0178,0.0000,200,0.2953
0.0117,0.0000,0.0000,0.0000,0.0116,0.0000,200,0.3015
0.0185,0.0000,0.0000,0.0000,0.0184,0.0000,200,0.2948
0.0453,0.0000,0.0000,0.0000,0.0452,0.0001,200,0.2684
0.0500,0.0000,0.0000,0.0000,0.0499,0.0000,200,0.2638
0.0275,0.0000,0.0000,0.0000,0.0269,0.0005,200,0.2875
0.0091,0.0000,0.0000,0.0000,0.0089,0.0001,200,0.3060
0.0242,0.0000,0.0000,0.0001,0.0240,0.0000,200,0.2911
0.0381,0.0000,0.0000,0.0000,0.0380,0.0000,200,0.2773
0.0426,0.0000,0.0000,0.0000,0.0424,0.0000,200,0.2733
0.0080,0.0000,0.0000,0.0000,0.0075,0.0005,200,0.3086
0.0574,0.0000,0.0000,0.0000,0.0573,0.0001,200,0.2595
0.0107,0.0000,0.0000,0.0000,0.0106,0.0000,200,0.3072
0.0388,0.0000,0.0000,0.0000,0.0387,0.0000,200,0.2793
0.0114,0.0000,0.0000,0.0000,0.0112,0.0001,200,0.3071
0.0102,0.0000,0.0000,0.0000,0.0101,0.0000,200,0.3088
0.0171,0.0000,0.0000,0.0000,0.0170,0.0000,200,0.3023
0.0108,0.0000,0.0000,0.0000,0.0107,0.0001,200,0.3092
0.0268,0.0000,0.0000,0.0000,0.0267,0.0000,200,0.2937
0.0451,0.0000,0.0000,0.0000,0.0450,0.0000,200,0.2757
0.0670,0.0000,0.0000,0.0000,0.0669,0.0001,200,0.2543
0.0188,0.0000,0.0000,0.0000,0.0187,0.0001,200,0.3031
0.0020,0.0000,0.0000,0.0001,0.0019,0.0000,200,0.3200
0.0030,0.0000,0.0000,0.0000,0.0029,0.0001,200,0.3194
0.0026,0.0000,0.0000,0.0000,0.0024,0.0001,200,0.3205
0.0177,0.0000,0.0000,0.0000,0.0176,0.0000,200,0.3057
0.0123,0.0000,0.0000,0.0000,0.0122,0.0000,200,0.3113
0.0292,0.0000,0.0000,0.0000,0.0291,0.0001,200,0.2948
0.0185,0.0000,0.0000,0.0000,0.0184,0.0000,200,0.3058
0.0507,0.0000,0.0000,0.0000,0.0506,0.0000,200,0.2739
0.0557,0.0000,0.0000,0.0000,0.0556,0.0000,200,0.2693
0.0188,0.0000,0.0000,0.0001,0.0187,0.0000,200,0.3066
0.0037,0.0000,0.0000,0.0000,0.0032,0.0004,200,0.3224
0.0016,0.0000,0.0000,0.0000,0.0015,0.0000,200,0.3245
0.0104,0.0000,0.0000,0.0000,0.0103,0.0001,200,0.3159
0.0168,0.0000,0.0000,0.0000,0.0167,0.0001,200,0.3101
0.0225,0.0000,0.0000,0.0001,0.0223,0.0000,200,0.3053
0.0147,0.0000,0.0000,0.0000,0.0146,0.0000,200,0.3131
0.0019,0.0000,0.0000,0.0000,0.0017,0.0001,200,0.3261
0.0144,0.0000,0.0000,0.0000,0.0143,0.0000,200,0.3137
0.0108,0.0000,0.0000,0.0000,0.0108,0.0000,200,0.3179
0.0924,0.0000,0.0000,0.0000,0.0924,0.0000,200,0.2367
0.0081,0.0000,0.0000,0.0000,0.0080,0.0001,200,0.3213
0.0045,0.0000,0.0000,0.0000,0.0044,0.0001,200,0.3254
0.0024,0.0000,0.0000,0.0000,0.0020,0.0001,200,0.3280
0.0065,0.0000,0.0000,0.0000,0.0064,0.0001,200,0.3240
0.0069,0.0000,0.0000,0.0000,0.0065,0.0003,200,0.3243
0.0459,0.0000,0.0000,0.0000,0.0458,0.0001,200,0.2854
0.0233,0.0000,0.0000,0.0000,0.0230,0.0002,200,0.3086
0.0188,0.0000,0.0000,0.0000,0.0187,0.0000,200,0.3132
0.0296,0.0000,0.0000,0.0001,0.0293,0.0002,200,0.3027
0.0024,0.0000,0.0000,0.0001,0.0022,0.0000,200,0.3304
0.0178,0.0000,0.0000,0.0000,0.0177,0.0000,200,0.3151
0.0070,0.0000,0.0000,0.0000,0.0069,0.0001,200,0.3264
0.0172,0.0000,0.0000,0.0000,0.0171,0.0000,200,0.3166
0.0211,0.0000,0.0000,0.0000,0.0211,0.0000,200,0.3138
0.0119,0.0000,0.0000,0.0000,0.0118,0.0000,200,0.3231
0.0057,0.0000,0.0000,0.0000,0.0056,0.0000,200,0.3294
0.0237,0.0000,0.0000,0.0000,0.0236,0.0000,200,0.3121
0.0090,0.0000,0.0000,0.0000,0.0089,0.0000,200,0.3269
0.0187,0.0000,0.0000,0.0001,0.0184,0.0000,200,0.3185
0.0154,0.0000,0.0000,0.0001,0.0153,0.0000,200,0.3219
0.0470,0.0000,0.0000,0.0000,0.0468,0.0000,200,0.2906
0.0068,0.0000,0.0000,0.0000,0.0067,0.0000,200,0.3320
0.0206,0.0000,0.0000,0.0000,0.0205,0.0001,200,0.3181
0.0039,0.0000,0.0000,0.0000,0.0038,0.0000,200,0.3350
0.0255,0.0000,0.0000,0.0000,0.0255,0.0000,200,0.3133
0.0019,0.0000,0.0000,0.0000,0.0016,0.0002,200,0.3372
0.0114,0.0000,0.0000,0.0000,0.0113,0.0000,200,0.3277
0.0071,0.0000,0.0000,0.0000,0.0070,0.0000,200,0.3334
0.0239,0.0000,0.0000,0.0000,0.0236,0.0003,200,0.3190
0.0048,0.0000,0.0000,0.0000,0.0034,0.0001,200,0.3391
0.0058,0.0000,0.0000,0.0000,0.0045,0.0013,200,0.3389
0.0090,0.0000,0.0000,0.0000,0.0048,0.0041,200,0.3357
0.0137,0.0000,0.0000,0.0000,0.0131,0.0006,200,0.3313
0.0796,0.0000,0.0000,0.0000,0.0786,0.0010,200,0.2654
0.0747,0.0000,0.0000,0.0000,0.0728,0.0017,200,0.2711
0.0350,0.0000,0.0000,0.0000,0.0350,0.0000,200,0.3107
0.0363,0.0000,0.0000,0.0002,0.0341,0.0019,200,0.3097
0.0373,0.0000,0.0000,0.0000,0.0353,0.0019,200,0.3087
0.0171,0.0000,0.0000,0.0000,0.0149,0.0022,200,0.3292
0.0228,0.0000,0.0000,0.0000,0.0205,0.0022,200,0.3235
0.0610,0.0000,0.0000,0.0000,0.0609,0.0000,200,0.2853
0.0311,0.0000,0.0000,0.0000,0.0288,0.0023,200,0.3152
0.0088,0.0000,0.0000,0.0000,0.0064,0.0023,200,0.3376
0.0529,0.0000,0.0000,0.0000,0.0514,0.0015,200,0.2936
0.0016,0.0000,0.0000,0.0000,0.0015,0.0000,200,0.3465
0.0177,0.0000,0.0000,0.0000,0.0176,0.0000,200,0.3304
0.0143,0.0000,0.0000,0.0000,0.0142,0.0000,200,0.3338
0.0030,0.0000,0.0000,0.0000,0.0015,0.0001,200,0.3451
0.0182,0.0000,0.0000,0.0000,0.0181,0.0000,200,0.3299
0.0276,0.0000,0.0000,0.0000,0.0276,0.0000,200,0.3208
0.0051,0.0000,0.0000,0.0000,0.0049,0.0000,200,0.3439
0.0205,0.0000,0.0000,0.0001,0.0204,0.0001,200,0.3287
0.0177,0.0000,0.0000,0.0000,0.0176,0.0001,200,0.3323
0.0037,0.0000,0.0000,0.0000,0.0032,0.0005,200,0.3464
0.0026,0.0000,0.0000,0.0000,0.0025,0.0000,200,0.3481
0.0126,0.0000,0.0000,0.0000,0.0123,0.0003,200,0.3388
0.0240,0.0000,0.0000,0.0000,0.0239,0.0000,200,0.3281
0.0243,0.0000,0.0000,0.0000,0.0242,0.0000,200,0.3278
0.0041,0.0000,0.0000,0.0000,0.0039,0.0001,200,0.3481
0.0070,0.0000,0.0000,0.0000,0.0069,0.0000,200,0.3458
0.0070,0.0000,0.0000,0.0001,0.0066,0.0000,200,0.3463
0.0210,0.0000,0.0000,0.0000,0.0208,0.0002,200,0.3329
0.0420,0.0000,0.0000,0.0000,0.0420,0.0000,200,0.3119
0.0421,0.0000,0.0000,0.0000,0.0419,0.0000,200,0.3127
0.0477,0.0000,0.0000,0.0000,0.0476,0.0000,200,0.3074
0.0068,0.0000,0.0000,0.0000,0.0067,0.0000,200,0.3485
0.0245,0.0000,0.0000,0.0000,0.0244,0.0000,200,0.3312
0.0023,0.0000,0.0000,0.0000,0.0022,0.0001,200,0.3534
0.0211,0.0000,0.0000,0.0002,0.0209,0.0000,200,0.3352
0.0398,0.0000,0.0000,0.0000,0.0396,0.0001,200,0.3169
0.0032,0.0000,0.0000,0.0000,0.0032,0.0000,200,0.3539
0.0094,0.0000,0.0000,0.0000,0.0093,0.0000,200,0.3480
0.0075,0.0000,0.0000,0.0000,0.0075,0.0000,200,0.3507
0.0136,0.0000,0.0000,0.0001,0.0134,0.0000,200,0.3447
0.0033,0.0000,0.0000,0.0000,0.0032,0.0000,200,0.3551
0.0198,0.0000,0.0000,0.0027,0.0163,0.0001,200,0.3391
0.0134,0.0000,0.0000,0.0000,0.0133,0.0000,200,0.3458
0.0043,0.0000,0.0000,0.0000,0.0042,0.0000,200,0.3557
0.0251,0.0000,0.0000,0.0000,0.0250,0.0000,200,0.3350
0.0105,0.0000,0.0000,0.0001,0.0101,0.0000,200,0.3500
0.0461,0.0000,0.0000,0.0001,0.0458,0.0002,200,0.3150
0.0112,0.0000,0.0000,0.0000,0.0111,0.0000,200,0.3500
0.0230,0.0000,0.0000,0.0000,0.0228,0.0001,200,0.3388
0.0173,0.0000,0.0000,0.0002,0.0170,0.0001,200,0.3447
0.0226,0.0000,0.0000,0.0001,0.0219,0.0006,200,0.3405
0.0086,0.0000,0.0000,0.0000,0.0085,0.0000,200,0.3547
0.0547,0.0000,0.0000,0.0000,0.0545,0.0001,200,0.3089
0.0759,0.0000,0.0000,0.0000,0.0758,0.0001,200,0.2879
0.0181,0.0000,0.0000,0.0000,0.0180,0.0000,200,0.3463
0.0129,0.0000,0.0000,0.0000,0.0128,0.0000,200,0.3521
0.0070,0.0000,0.0000,0.0000,0.0069,0.0001,200,0.3584
0.0137,0.0000,0.0000,0.0000,0.0136,0.0000,200,0.3521
0.0010,0.0000,0.0000,0.0000,0.0009,0.0000,200,0.3650
0.0052,0.0000,0.0000,0.0000,0.0051,0.0000,200,0.3611
0.0096,0.0000,0.0000,0.0000,0.0096,0.0000,200,0.3571
0.0097,0.0000,0.0000,0.0000,0.0097,0.0000,200,0.3574
0.0196,0.0000,0.0000,0.0000,0.0196,0.0000,200,0.3481
0.0081,0.0000,0.0000,0.0000,0.0080,0.0000,200,0.3600
0.0451,0.0000,0.0000,0.0000,0.0450,0.0001,200,0.3235
0.0057,0.0000,0.0000,0.0000,0.0057,0.0000,200,0.3633
0.0154,0.0000,0.0000,0.0000,0.0152,0.0000,200,0.3539
0.0142,0.0000,0.0000,0.0000,0.0140,0.0000,200,0.3556
0.0253,0.0000,0.0000,0.0007,0.0242,0.0003,200,0.3450
0.0120,0.0000,0.0000,0.0001,0.0117,0.0001,200,0.3589
0.0391,0.0000,0.0000,0.0000,0.0389,0.0001,200,0.3319
0.0096,0.0000,0.0000,0.0000,0.0094,0.0001,200,0.3620
0.0026,0.0000,0.0000,0.0000,0.0025,0.0000,200,0.3698
0.0335,0.0000,0.0000,0.0000,0.0331,0.0004,200,0.3389
0.0163,0.0000,0.0000,0.0000,0.0162,0.0000,200,0.3567
0.0170,0.0000,0.0000,0.0000,0.0167,0.0003,200,0.3564
0.0120,0.0000,0.0000,0.0001,0.0119,0.0000,200,0.3617
0.0279,0.0000,0.0000,0.0000,0.0277,0.0001,200,0.3463
0.0191,0.0000,0.0000,0.0005,0.0185,0.0000,200,0.3552
0.0139,0.0000,0.0000,0.0000,0.0136,0.0002,200,0.3613
0.0044,0.0000,0.0000,0.0000,0.0042,0.0001,200,0.3709
0.0233,0.0000,0.0000,0.0000,0.0233,0.0000,200,0.3527
0.0181,0.0000,0.0000,0.0000,0.0176,0.0005,200,0.3585
0.0545,0.0000,0.0000,0.0001,0.0543,0.0001,200,0.3220
0.0440,0.0000,0.0000,0.0000,0.0439,0.0000,200,0.3329
0.0139,0.0000,0.0000,0.0000,0.0138,0.0001,200,0.3631
0.0064,0.0000,0.0000,0.0001,0.0062,0.0001,200,0.3709
0.0049,0.0000,0.0000,0.0000,0.0047,0.0000,200,0.3729
0.0057,0.0000,0.0000,0.0000,0.0056,0.0000,200,0.3724
0.0292,0.0000,0.0000,0.0000,0.0291,0.0000,200,0.3493
0.0055,0.0000,0.0000,0.0001,0.0053,0.0000,200,0.3734
0.0137,0.0000,0.0000,0.0000,0.0137,0.0001,200,0.3654
0.0025,0.0000,0.0000,0.0001,0.0024,0.0000,200,0.3766
0.0060,0.0000,0.0000,0.0000,0.0059,0.0000,200,0.3738
0.0116,0.0000,0.0000,0.0000,0.0115,0.0000,200,0.3687
0.0765,0.0000,0.0000,0.0000,0.0764,0.0000,200,0.3037
0.0347,0.0000,0.0000,0.0000,0.0347,0.0000,200,0.3460
0.0143,0.0000,0.0000,0.0000,0.0139,0.0003,200,0.3672
0.0183,0.0000,0.0000,0.0000,0.0181,0.0001,200,0.3638
0.0061,0.0000,0.0000,0.0000,0.0060,0.0000,200,0.3761
0.0364,0.0000,0.0000,0.0000,0.0363,0.0000,200,0.3464
0.0237,0.0000,0.0000,0.0000,0.0236,0.0000,200,0.3599
0.0042,0.0000,0.0000,0.0000,0.0041,0.0000,200,0.3798
0.0239,0.0000,0.0000,0.0000,0.0239,0.0000,200,0.3605
0.0472,0.0000,0.0000,0.0000,0.0471,0.0000,200,0.3373
0.0417,0.0000,0.0000,0.0003,0.0412,0.0002,200,0.3429
0.0601,0.0000,0.0000,0.0000,0.0600,0.0001,200,0.3249
0.0166,0.0000,0.0000,0.0000,0.0165,0.0001,200,0.3690
0.0184,0.0000,0.0000,0.0000,0.0184,0.0000,200,0.3677
0.0209,0.0000,0.0000,0.0000,0.0208,0.0000,200,0.3660
0.0382,0.0000,0.0000,0.0000,0.0381,0.0001,200,0.3490
0.0414,0.0000,0.0000,0.0000,0.0413,0.0000,200,0.3460
0.0109,0.0000,0.0000,0.0000,0.0108,0.0000,200,0.3769
0.0043,0.0000,0.0000,0.0000,0.0039,0.0001,200,0.3840
0.0073,0.0000,0.0000,0.0000,0.0073,0.0000,200,0.3814
0.0054,0.0000,0.0000,0.0000,0.0053,0.0001,200,0.3836
0.0050,0.0000,0.0000,0.0000,0.0049,0.0000,200,0.3846
0.0380,0.0000,0.0000,0.0000,0.0378,0.0001,200,0.3522
0.0126,0.0000,0.0000,0.0000,0.0125,0.0000,200,0.3778
0.0028,0.0000,0.0000,0.0000,0.0027,0.0000,200,0.3883
0.0760,0.0000,0.0000,0.0004,0.0756,0.0001,200,0.3153
0.0032,0.0000,0.0000,0.0000,0.0031,0.0000,200,0.3890
0.0143,0.0000,0.0000,0.0000,0.0140,0.0003,200,0.3784
0.0204,0.0000,0.0000,0.0001,0.0202,0.0000,200,0.3724
0.0140,0.0000,0.0000,0.0000,0.0139,0.0000,200,0.3791
0.0232,0.0000,0.0000,0.0000,0.0227,0.0001,200,0.3703
0.0224,0.0000,0.0000,0.0000,0.0223,0.0001,200,0.3717
0.0082,0.0000,0.0000,0.0000,0.0082,0.0000,200,0.3861
0.0103,0.0000,0.0000,0.0000,0.0102,0.0001,200,0.3850
0.0110,0.0000,0.0000,0.0000,0.0109,0.0000,200,0.3845
0.0369,0.0000,0.0000,0.0001,0.0366,0.0001,200,0.3591
0.0177,0.0000,0.0000,0.0000,0.0176,0.0001,200,0.3789
0.0150,0.0000,0.0000,0.0000,0.0149,0.0000,200,0.3821
0.0039,0.0000,0.0000,0.0000,0.0039,0.0000,200,0.3936
0.0053,0.0000,0.0000,0.0000,0.0052,0.0001,200,0.3927
0.0110,0.0000,0.0000,0.0000,0.0110,0.0000,200,0.3874
0.0637,0.0000,0.0000,0.0001,0.0632,0.0003,200,0.3359
0.0129,0.0000,0.0000,0.0000,0.0128,0.0001,200,0.3868
0.0261,0.0000,0.0000,0.0000,0.0258,0.0001,200,0.3744
0.0024,0.0000,0.0000,0.0000,0.0023,0.0000,200,0.3984
0.0087,0.0000,0.0000,0.0000,0.0087,0.0000,200,0.3922
0.0219,0.0000,0.0000,0.0000,0.0218,0.0000,200,0.3791
0.0143,0.0000,0.0000,0.0000,0.0140,0.0004,200,0.3872
0.0755,0.0000,0.0000,0.0000,0.0753,0.0002,200,0.3261
0.0355,0.0000,0.0000,0.0000,0.0353,0.0002,200,0.3668
0.0018,0.0000,0.0000,0.0000,0.0017,0.0000,200,0.4009
0.0512,0.0000,0.0000,0.0000,0.0508,0.0004,200,0.3514
0.0174,0.0000,0.0000,0.0000,0.0173,0.0000,200,0.3857
0.0372,0.0000,0.0000,0.0000,0.0372,0.0000,200,0.3663
0.0402,0.0000,0.0000,0.0000,0.0401,0.0000,200,0.3636
0.0197,0.0000,0.0000,0.0000,0.0196,0.0001,200,0.3845
0.0069,0.0000,0.0000,0.0000,0.0067,0.0001,200,0.3975
0.0048,0.0000,0.0000,0.0002,0.0045,0.0000,200,0.3996
0.0033,0.0000,0.0000,0.0000,0.0031,0.0001,200,0.4016
0.0224,0.0000,0.0000,0.0000,0.0223,0.0001,200,0.3829
0.0030,0.0000,0.0000,0.0000,0.0029,0.0000,200,0.4026
0.0037,0.0000,0.0000,0.0000,0.0036,0.0001,200,0.4023
0.0011,0.0000,0.0000,0.0000,0.0010,0.0001,200,0.4053
0.0372,0.0000,0.0000,0.0000,0.0371,0.0000,200,0.3693
0.0038,0.0000,0.0000,0.0000,0.0037,0.0000,200,0.4031
0.0029,0.0000,0.0000,0.0000,0.0028,0.0001,200,0.4045
0.0031,0.0000,0.0000,0.0001,0.0029,0.0000,200,0.4049
0.0153,0.0000,0.0000,0.0000,0.0153,0.0000,200,0.3931
0.0064,0.0000,0.0000,0.0000,0.0062,0.0001,200,0.4026
0.0057,0.0000,0.0000,0.0000,0.0056,0.0000,200,0.4044
0.0036,0.0000,0.0000,0.0000,0.0021,0.0015,200,0.4065
0.0154,0.0000,0.0000,0.0000,0.0153,0.0000,200,0.3953
0.0431,0.0000,0.0000,0.0000,0.0428,0.0002,200,0.3681
0.0311,0.0000,0.0000,0.0001,0.0309,0.0001,200,0.3803
0.0021,0.0000,0.0000,0.0000,0.0020,0.0000,200,0.4101
0.0246,0.0000,0.0000,0.0000,0.0245,0.0000,200,0.3878
0.0222,0.0000,0.0000,0.0000,0.0220,0.0000,200,0.3902
0.0089,0.0000,0.0000,0.0000,0.0088,0.0001,200,0.4042
0.0065,0.0000,0.0000,0.0000,0.0061,0.0004,200,0.4074
0.0126,0.0000,0.0000,0.0000,0.0125,0.0001,200,0.4016
0.0503,0.0000,0.0000,0.0000,0.0500,0.0002,200,0.3644
0.0047,0.0000,0.0000,0.0000,0.0046,0.0000,200,0.4101
0.0082,0.0000,0.0000,0.0000,0.0081,0.0000,200,0.4069
0.0207,0.0000,0.0000,0.0000,0.0205,0.0000,200,0.3944
0.0039,0.0000,0.0000,0.0000,0.0038,0.0000,200,0.4113
0.0194,0.0000,0.0000,0.0000,0.0193,0.0000,200,0.3966
0.0397,0.0000,0.0000,0.0001,0.0395,0.0001,200,0.3765
0.0584,0.0000,0.0000,0.0000,0.0583,0.0001,200,0.3583
0.0221,0.0000,0.0000,0.0000,0.0219,0.0001,200,0.3955
0.0118,0.0000,0.0000,0.0000,0.0117,0.0000,200,0.4060
0.0169,0.0000,0.0000,0.0000,0.0168,0.0000,200,0.4010
0.0410,0.0000,0.0000,0.0001,0.0409,0.0000,200,0.3773
0.0009,0.0000,0.0000,0.0000,0.0009,0.0000,200,0.4178
0.0115,0.0000,0.0000,0.0000,0.0114,0.0000,200,0.4080
0.0050,0.0000,0.0000,0.0000,0.0048,0.0001,200,0.4148
0.0460,0.0000,0.0000,0.0000,0.0458,0.0001,200,0.3742
0.0424,0.0000,0.0000,0.0000,0.0421,0.0003,200,0.3784
0.0312,0.0000,0.0000,0.0000,0.0311,0.0000,200,0.3903
0.0256,0.0000,0.0000,0.0000,0.0255,0.0000,200,0.3960
0.0465,0.0000,0.0000,0.0000,0.0464,0.0000,200,0.3751
0.0253,0.0000,0.0000,0.0000,0.0252,0.0000,200,0.3971
0.0339,0.0000,0.0000,0.0000,0.0338,0.0001,200,0.3888
0.0084,0.0000,0.0000,0.0000,0.0084,0.0000,200,0.4151
0.0094,0.0000,0.0000,0.0000,0.0093,0.0001,200,0.4147
0.0330,0.0000,0.0000,0.0001,0.0328,0.0000,200,0.3911
0.0311,0.0000,0.0000,0.0002,0.0308,0.0000,200,0.3941
0.0093,0.0000,0.0000,0.0000,0.0092,0.0001,200,0.4160
0.0197,0.0000,0.0000,0.0000,0.0196,0.0001,200,0.4056
0.0017,0.0000,0.0000,0.0000,0.0016,0.0000,200,0.4241
0.0112,0.0000,0.0000,0.0000,0.0111,0.0000,200,0.4151
0.0270,0.0000,0.0000,0.0000,0.0269,0.0000,200,0.3997
0.0185,0.0000,0.0000,0.0000,0.0184,0.0001,200,0.4090
0.0148,0.0000,0.0000,0.0000,0.0148,0.0000,200,0.4139
0.0809,0.0000,0.0000,0.0000,0.0807,0.0002,200,0.3481
0.0170,0.0000,0.0000,0.0000,0.0165,0.0005,200,0.4123
0.0174,0.0000,0.0000,0.0000,0.0172,0.0001,200,0.4122
0.0116,0.0000,0.0000,0.0000,0.0114,0.0001,200,0.4183
0.0078,0.0000,0.0000,0.0000,0.0076,0.0002,200,0.4227
0.0011,0.0000,0.0000,0.0000,0.0011,0.0001,200,0.4296
0.0655,0.0000,0.0000,0.0000,0.0654,0.0000,200,0.3658
0.0064,0.0000,0.0000,0.0000,0.0063,0.0000,200,0.4253
0.0044,0.0000,0.0000,0.0000,0.0040,0.0002,200,0.4275
0.0067,0.0000,0.0000,0.0000,0.0066,0.0001,200,0.4258
0.0037,0.0000,0.0000,0.0000,0.0036,0.0001,200,0.4293
0.0117,0.0000,0.0000,0.0000,0.0115,0.0001,200,0.4216
0.0132,0.0000,0.0000,0.0000,0.0126,0.0005,200,0.4209
0.0229,0.0000,0.0000,0.0000,0.0228,0.0000,200,0.4113
0.0145,0.0000,0.0000,0.0000,0.0144,0.0001,200,0.4197
0.0223,0.0000,0.0000,0.0000,0.0222,0.0001,200,0.4123
0.0109,0.0000,0.0000,0.0000,0.0108,0.0000,200,0.4241
0.0248,0.0000,0.0000,0.0000,0.0247,0.0001,200,0.4107
0.0016,0.0000,0.0000,0.0000,0.0015,0.0000,200,0.4341
0.0030,0.0000,0.0000,0.0000,0.0029,0.0001,200,0.4332
0.0067,0.0000,0.0000,0.0001,0.0065,0.0000,200,0.4298
0.0027,0.0000,0.0000,0.0001,0.0025,0.0000,200,0.4343
0.0370,0.0000,0.0000,0.0000,0.0365,0.0001,200,0.4004
0.0184,0.0000,0.0000,0.0000,0.0183,0.0000,200,0.4195
0.0055,0.0000,0.0000,0.0001,0.0051,0.0001,200,0.4325
0.0039,0.0000,0.0000,0.0000,0.0036,0.0001,200,0.4348
0.0062,0.0000,0.0000,0.0000,0.0060,0.0002,200,0.4331
0.0044,0.0000,0.0000,0.0000,0.0043,0.0000,200,0.4350
0.0257,0.0000,0.0000,0.0000,0.0257,0.0000,200,0.4142
0.0369,0.0000,0.0000,0.0000,0.0367,0.0002,200,0.4036
0.0371,0.0000,0.0000,0.0000,0.0369,0.0002,200,0.4039
0.0259,0.0000,0.0000,0.0000,0.0257,0.0002,200,0.4153
0.0487,0.0000,0.0000,0.0000,0.0485,0.0002,200,0.3928
0.0025,0.0000,0.0000,0.0000,0.0025,0.0001,200,0.4393
0.0118,0.0000,0.0000,0.0001,0.0117,0.0000,200,0.4305
0.0294,0.0000,0.0000,0.0000,0.0293,0.0000,200,0.4131
0.0113,0.0000,0.0000,0.0000,0.0112,0.0000,200,0.4313
0.0213,0.0000,0.0000,0.0000,0.0212,0.0000,200,0.4216
0.0617,0.0000,0.0000,0.0000,0.0611,0.0005,200,0.3821
0.0374,0.0000,0.0000,0.0000,0.0373,0.0000,200,0.4064
0.0082,0.0000,0.0000,0.0000,0.0081,0.0001,200,0.4358
0.0215,0.0000,0.0000,0.0001,0.0214,0.0000,200,0.4225
0.0550,0.0000,0.0000,0.0000,0.0548,0.0002,200,0.3896
0.0062,0.0000,0.0000,0.0000,0.0060,0.0001,200,0.4389
0.0039,0.0000,0.0000,0.0000,0.0038,0.0000,200,0.4415
0.0151,0.0000,0.0000,0.0002,0.0148,0.0000,200,0.4307
0.0042,0.0000,0.0000,0.0000,0.0038,0.0001,200,0.4418
0.0454,0.0000,0.0000,0.0000,0.0453,0.0001,200,0.4010
0.0666,0.0000,0.0000,0.0000,0.0665,0.0000,200,0.3803
0.0050,0.0000,0.0000,0.0000,0.0046,0.0003,200,0.4426
0.0135,0.0000,0.0000,0.0000,0.0134,0.0000,200,0.4341
0.0222,0.0000,0.0000,0.0000,0.0221,0.0000,200,0.4262
0.0129,0.0000,0.0000,0.0000,0.0125,0.0003,200,0.4355
0.0063,0.0000,0.0000,0.0000,0.0061,0.0002,200,0.4429
0.0034,0.0000,0.0000,0.0000,0.0034,0.0000,200,0.4458
0.0725,0.0000,0.0000,0.0000,0.0724,0.0000,200,0.3770
0.0032,0.0000,0.0000,0.0000,0.0031,0.0001,200,0.4469
0.0317,0.0000,0.0000,0.0000,0.0316,0.0000,200,0.4187
0.0016,0.0000,0.0000,0.0000,0.0014,0.0001,200,0.4492
0.0309,0.0000,0.0000,0.0000,0.0308,0.0000,200,0.4202
0.0073,0.0000,0.0000,0.0000,0.0070,0.0002,200,0.4445
0.0072,0.0000,0.0000,0.0000,0.0071,0.0001,200,0.4450
0.0062,0.0000,0.0000,0.0000,0.0061,0.0000,200,0.4460
0.0103,0.0000,0.0000,0.0000,0.0102,0.0000,200,0.4423
0.0031,0.0000,0.0000,0.0000,0.0027,0.0004,200,0.4500
0.0166,0.0000,0.0000,0.0001,0.0162,0.0000,200,0.4365
0.0140,0.0000,0.0000,0.0000,0.0139,0.0000,200,0.4399
0.0252,0.0000,0.0000,0.0000,0.0248,0.0000,200,0.4289
0.0255,0.0000,0.0000,0.0000,0.0254,0.0001,200,0.4287
0.0043,0.0000,0.0000,0.0000,0.0042,0.0001,200,0.4504
0.0573,0.0000,0.0000,0.0000,0.0572,0.0000,200,0.3980
0.0322,0.0000,0.0000,0.0000,0.0321,0.0001,200,0.4235
0.0136,0.0000,0.0000,0.0000,0.0134,0.0001,200,0.4424
0.0092,0.0000,0.0000,0.0000,0.0091,0.0000,200,0.4476
0.0252,0.0000,0.0000,0.0000,0.0249,0.0001,200,0.4319
0.0319,0.0000,0.0000,0.0000,0.0318,0.0000,200,0.4253
0.0049,0.0000,0.0000,0.0000,0.0048,0.0000,200,0.4526
0.0419,0.0000,0.0000,0.0000,0.0416,0.0000,200,0.4162
0.0189,0.0000,0.0000,0.0000,0.0187,0.0002,200,0.4405
0.0054,0.0000,0.0000,0.0000,0.0052,0.0002,200,0.4542
0.0427,0.0000,0.0000,0.0001,0.0421,0.0005,200,0.4176
0.0151,0.0000,0.0000,0.0000,0.0134,0.0016,200,0.4454
0.0352,0.0000,0.0000,0.0000,0.0338,0.0013,200,0.4268
0.0065,0.0000,0.0000,0.0000,0.0062,0.0003,200,0.4557
0.0180,0.0000,0.0000,0.0000,0.0165,0.0015,200,0.4440
0.0250,0.0000,0.0000,0.0000,0.0249,0.0001,200,0.4380
0.0146,0.0000,0.0000,0.0000,0.0140,0.0005,200,0.4484
0.0219,0.0000,0.0000,0.0000,0.0207,0.0012,200,0.4412
0.0222,0.0000,0.0000,0.0000,0.0210,0.0012,200,0.4410
0.0114,0.0000,0.0000,0.0000,0.0107,0.0007,200,0.4518
0.0169,0.0000,0.0000,0.0000,0.0156,0.0012,200,0.4464
0.0059,0.0000,0.0000,0.0000,0.0045,0.0014,200,0.4575
0.0195,0.0000,0.0000,0.0000,0.0180,0.0014,200,0.4440
0.0104,0.0000,0.0000,0.0000,0.0088,0.0015,200,0.4532
0.0088,0.0000,0.0000,0.0000,0.0086,0.0001,200,0.4553
0.0074,0.0000,0.0000,0.0000,0.0074,0.0000,200,0.4568
0.0106,0.0000,0.0000,0.0000,0.0105,0.0000,200,0.4539
0.0898,0.0000,0.0000,0.0002,0.0896,0.0000,200,0.3753
0.0049,0.0000,0.0000,0.0000,0.0048,0.0001,200,0.4605
0.0038,0.0000,0.0000,0.0000,0.0025,0.0001,200,0.4619
0.0266,0.0000,0.0000,0.0000,0.0265,0.0000,200,0.4394
0.0123,0.0000,0.0000,0.0000,0.0122,0.0001,200,0.4542
0.0297,0.0000,0.0000,0.0000,0.0296,0.0000,200,0.4369
0.0046,0.0000,0.0000,0.0000,0.0036,0.0001,200,0.4626
0.0041,0.0000,0.0000,0.0000,0.0040,0.0000,200,0.4635
0.0242,0.0000,0.0000,0.0000,0.0241,0.0001,200,0.4438
0.0113,0.0000,0.0000,0.0000,0.0113,0.0001,200,0.4573
0.0044,0.0000,0.0000,0.0000,0.0041,0.0000,200,0.4642
0.0118,0.0000,0.0000,0.0003,0.0115,0.0000,200,0.4572
0.0608,0.0000,0.0000,0.0000,0.0607,0.0001,200,0.4085
0.0033,0.0000,0.0000,0.0000,0.0032,0.0000,200,0.4665
0.0153,0.0000,0.0000,0.0000,0.0152,0.0000,200,0.4547
0.0795,0.0000,0.0000,0.0002,0.0791,0.0002,200,0.3913
0.0076,0.0000,0.0000,0.0000,0.0075,0.0000,200,0.4633
0.0080,0.0000,0.0000,0.0000,0.0078,0.0002,200,0.4632
0.0353,0.0000,0.0000,0.0000,0.0352,0.0000,200,0.4362
0.0095,0.0000,0.0000,0.0000,0.0094,0.0000,200,0.4630
0.0035,0.0000,0.0000,0.0000,0.0034,0.0000,200,0.4690
0.0351,0.0000,0.0000,0.0000,0.0350,0.0000,200,0.4380
0.0065,0.0000,0.0000,0.0000,0.0064,0.0000,200,0.4666
0.0257,0.0000,0.0000,0.0001,0.0255,0.0000,200,0.4475
0.0100,0.0000,0.0000,0.0000,0.0099,0.0001,200,0.4636
0.0018,0.0000,0.0000,0.0000,0.0016,0.0001,200,0.4725
0.0162,0.0000,0.0000,0.0006,0.0111,0.0001,200,0.4581
0.0014,0.0000,0.0000,0.0000,0.0012,0.0002,200,0.4731
0.0034,0.0000,0.0000,0.0000,0.0033,0.0000,200,0.4711
0.0041,0.0000,0.0000,0.0000,0.0040,0.0001,200,0.4709
0.0074,0.0000,0.0000,0.0000,0.0072,0.0000,200,0.4681
0.0544,0.0000,0.0000,0.0000,0.0543,0.0001,200,0.4216
0.0160,0.0000,0.0000,0.0002,0.0156,0.0001,200,0.4603
0.0010,0.0000,0.0000,0.0000,0.0008,0.0000,200,0.4754
0.0036,0.0000,0.0000,0.0000,0.0034,0.0002,200,0.4732
0.0025,0.0000,0.0000,0.0000,0.0024,0.0000,200,0.4750
0.0035,0.0000,0.0000,0.0000,0.0033,0.0000,200,0.4743
0.0130,0.0000,0.0000,0.0000,0.0129,0.0001,200,0.4651
0.0152,0.0000,0.0000,0.0000,0.0150,0.0001,200,0.4634
0.0228,0.0000,0.0000,0.0000,0.0228,0.0000,200,0.4560
0.0130,0.0000,0.0000,0.0000,0.0130,0.0000,200,0.4660
0.0032,0.0000,0.0000,0.0000,0.0027,0.0001,200,0.4763
0.0169,0.0000,0.0000,0.0000,0.0168,0.0000,200,0.4632
0.0023,0.0000,0.0000,0.0000,0.0022,0.0000,200,0.4778
0.0104,0.0000,0.0000,0.0000,0.0103,0.0000,200,0.4697
0.0080,0.0000,0.0000,0.0000,0.0080,0.0000,200,0.4725
0.0044,0.0000,0.0000,0.0000,0.0043,0.0000,200,0.4768
0.0077,0.0000,0.0000,0.0000,0.0076,0.0000,200,0.4735
0.0501,0.0000,0.0000,0.0000,0.0500,0.0000,200,0.4318
0.0134,0.0000,0.0000,0.0000,0.0131,0.0000,200,0.4687
0.0082,0.0000,0.0000,0.0000,0.0082,0.0000,200,0.4743
0.0047,0.0000,0.0000,0.0000,0.0046,0.0001,200,0.4781
0.0583,0.0000,0.0000,0.0000,0.0581,0.0001,200,0.4252
0.0183,0.0000,0.0000,0.0000,0.0182,0.0001,200,0.4657
0.0695,0.0000,0.0000,0.0000,0.0693,0.0002,200,0.4167
0.0342,0.0000,0.0000,0.0001,0.0340,0.0001,200,0.4522
0.0361,0.0000,0.0000,0.0000,0.0360,0.0000,200,0.4511
0.0072,0.0000,0.0000,0.0000,0.0070,0.0001,200,0.4801
0.0064,0.0000,0.0000,0.0000,0.0062,0.0001,200,0.4812
0.0126,0.0000,0.0000,0.0000,0.0125,0.0001,200,0.4759
0.0151,0.0000,0.0000,0.0000,0.0149,0.0001,200,0.4745
0.0071,0.0000,0.0000,0.0000,0.0069,0.0001,200,0.4835
0.0082,0.0000,0.0000,0.0000,0.0081,0.0001,200,0.4829
0.0319,0.0000,0.0000,0.0001,0.0317,0.0000,200,0.4596
0.0130,0.0000,0.0000,0.0000,0.0129,0.0001,200,0.4790
0.0293,0.0000,0.0000,0.0000,0.0293,0.0000,200,0.4631
0.0140,0.0000,0.0000,0.0000,0.0139,0.0001,200,0.4786
0.0130,0.0000,0.0000,0.0000,0.0129,0.0001,200,0.4801
0.0438,0.0000,0.0000,0.0001,0.0437,0.0000,200,0.4495
0.0313,0.0000,0.0000,0.0009,0.0300,0.0000,200,0.4622
0.0120,0.0000,0.0000,0.0000,0.0119,0.0001,200,0.4821
0.0507,0.0000,0.0000,0.0000,0.0507,0.0000,200,0.4438
0.0280,0.0000,0.0000,0.0000,0.0280,0.0000,200,0.4671
0.0433,0.0000,0.0000,0.0000,0.0431,0.0001,200,0.4522
0.0025,0.0000,0.0000,0.0000,0.0024,0.0001,200,0.4935
0.0027,0.0000,0.0000,0.0000,0.0026,0.0001,200,0.4933
0.0037,0.0000,0.0000,0.0000,0.0035,0.0002,200,0.4931
0.0128,0.0000,0.0000,0.0000,0.0127,0.0000,200,0.4840
0.0442,0.0000,0.0000,0.0000,0.0441,0.0001,200,0.4532
0.0801,0.0000,0.0000,0.0000,0.0800,0.0001,200,0.4178
0.0037,0.0000,0.0000,0.0000,0.0036,0.0001,200,0.4946
0.0160,0.0000,0.0000,0.0000,0.0159,0.0000,200,0.4825
0.0493,0.0000,0.0000,0.0000,0.0490,0.0000,200,0.4492
0.0195,0.0000,0.0000,0.0001,0.0188,0.0002,200,0.4796
0.0083,0.0000,0.0000,0.0000,0.0080,0.0003,200,0.4915
0.0126,0.0000,0.0000,0.0000,0.0126,0.0000,200,0.4872
0.0195,0.0000,0.0000,0.0000,0.0195,0.0000,200,0.4805
0.1193,0.0000,0.0000,0.0000,0.1193,0.0000,200,0.3808
0.0240,0.0000,0.0000,0.0001,0.0238,0.0000,200,0.4764
0.0091,0.0000,0.0000,0.0000,0.0090,0.0000,200,0.4925
0.0038,0.0000,0.0000,0.0000,0.0036,0.0001,200,0.4980
0.0286,0.0000,0.0000,0.0000,0.0285,0.0001,200,0.4731
0.0533,0.0000,0.0000,0.0000,0.0533,0.0000,200,0.4484
0.0097,0.0000,0.0000,0.0000,0.0096,0.0000,200,0.4926
0.0012,0.0000,0.0000,0.0000,0.0011,0.0000,200,0.5015
0.0354,0.0000,0.0000,0.0000,0.0353,0.0000,200,0.4676
0.0066,0.0000,0.0000,0.0000,0.0065,0.0000,200,0.4967
0.0132,0.0000,0.0000,0.0000,0.0131,0.0001,200,0.4905
0.0257,0.0000,0.0000,0.0000,0.0253,0.0003,200,0.4788
0.0416,0.0000,0.0000,0.0000,0.0415,0.0000,200,0.4630
0.0160,0.0000,0.0000,0.0000,0.0159,0.0000,200,0.4886
0.0353,0.0000,0.0000,0.0000,0.0350,0.0003,200,0.4700
0.0159,0.0000,0.0000,0.0001,0.0157,0.0000,200,0.4896
0.0403,0.0000,0.0000,0.0000,0.0403,0.0000,200,0.4654
0.0059,0.0000,0.0000,0.0000,0.0058,0.0000,200,0.5004
0.0422,0.0000,0.0000,0.0000,0.0422,0.0000,200,0.4645
0.0081,0.0000,0.0000,0.0000,0.0080,0.0001,200,0.4991
0.0042,0.0000,0.0000,0.0000,0.0040,0.0002,200,0.5033
0.0063,0.0000,0.0000,0.0000,0.0062,0.0000,200,0.5017
0.0307,0.0000,0.0000,0.0000,0.0306,0.0000,200,0.4775
0.0014,0.0000,0.0000,0.0000,0.0013,0.0001,200,0.5073
0.0046,0.0000,0.0000,0.0000,0.0045,0.0000,200,0.5045
0.0075,0.0000,0.0000,0.0000,0.0074,0.0000,200,0.5017
0.0593,0.0000,0.0000,0.0000,0.0592,0.0000,200,0.4508
0.0415,0.0000,0.0000,0.0000,0.0414,0.0000,200,0.4686
0.0104,0.0000,0.0000,0.0000,0.0103,0.0001,200,0.5001
0.0397,0.0000,0.0000,0.0000,0.0396,0.0000,200,0.4709
0.0091,0.0000,0.0000,0.0000,0.0091,0.0000,200,0.5018
0.0058,0.0000,0.0000,0.0002,0.0055,0.0001,200,0.5054
0.0243,0.0000,0.0000,0.0000,0.0241,0.0001,200,0.4876
0.0378,0.0000,0.0000,0.0002,0.0376,0.0000,200,0.4745
0.0071,0.0000,0.0000,0.0000,0.0070,0.0000,200,0.5058
0.0160,0.0000,0.0000,0.0000,0.0159,0.0000,200,0.4974
0.0150,0.0000,0.0000,0.0000,0.0149,0.0000,200,0.4985
0.0098,0.0000,0.0000,0.0000,0.0097,0.0000,200,0.5038
0.0234,0.0000,0.0000,0.0000,0.0233,0.0000,200,0.4911
0.0082,0.0000,0.0000,0.0000,0.0075,0.0006,200,0.5063
0.0079,0.0000,0.0000,0.0000,0.0078,0.0000,200,0.5067
0.0188,0.0000,0.0000,0.0000,0.0186,0.0001,200,0.4960
0.0020,0.0000,0.0000,0.0000,0.0017,0.0002,200,0.5136
0.0051,0.0000,0.0000,0.0000,0.0051,0.0000,200,0.5109
0.0294,0.0000,0.0000,0.0000,0.0293,0.0001,200,0.4873
0.0095,0.0000,0.0000,0.0000,0.0095,0.0000,200,0.5076
0.0083,0.0000,0.0000,0.0000,0.0082,0.0001,200,0.5092
0.0034,0.0000,0.0000,0.0000,0.0033,0.0001,200,0.5145
0.0050,0.0000,0.0000,0.0000,0.0049,0.0001,200,0.5134
0.0042,0.0000,0.0000,0.0000,0.0041,0.0000,200,0.5145
0.0593,0.0000,0.0000,0.0000,0.0582,0.0001,200,0.4594
0.0500,0.0000,0.0000,0.0000,0.0499,0.0000,200,0.4693
0.0028,0.0000,0.0000,0.0000,0.0027,0.0001,200,0.5171
0.0176,0.0000,0.0000,0.0000,0.0175,0.0000,200,0.5030
0.0295,0.0000,0.0000,0.0000,0.0294,0.0000,200,0.4921
0.0354,0.0000,0.0000,0.0000,0.0354,0.0000,200,0.4862
0.0111,0.0000,0.0000,0.0000,0.0110,0.0001,200,0.5106
0.0254,0.0000,0.0000,0.0000,0.0253,0.0000,200,0.4968
0.0222,0.0000,0.0000,0.0000,0.0222,0.0000,200,0.5001
0.0148,0.0000,0.0000,0.0000,0.0146,0.0000,200,0.5080
0.0431,0.0000,0.0000,0.0000,0.0430,0.0000,200,0.4801
0.0020,0.0000,0.0000,0.0001,0.0018,0.0001,200,0.5216
0.0068,0.0000,0.0000,0.0000,0.0065,0.0003,200,0.5175
0.0115,0.0000,0.0000,0.0000,0.0114,0.0000,200,0.5129
0.0387,0.0000,0.0000,0.0000,0.0386,0.0000,200,0.4864
0.0878,0.0000,0.0000,0.0000,0.0876,0.0001,200,0.4374
0.0014,0.0000,0.0000,0.0000,0.0013,0.0000,200,0.5244
0.0171,0.0000,0.0000,0.0000,0.0169,0.0002,200,0.5092
0.0085,0.0000,0.0000,0.0003,0.0082,0.0000,200,0.5184
0.0083,0.0000,0.0000,0.0000,0.0082,0.0001,200,0.5187
0.0246,0.0000,0.0000,0.0000,0.0245,0.0001,200,0.5027
0.0019,0.0000,0.0000,0.0000,0.0018,0.0001,200,0.5258
0.0047,0.0000,0.0000,0.0000,0.0046,0.0001,200,0.5236
0.0104,0.0000,0.0000,0.0000,0.0103,0.0001,200,0.5180
0.0310,0.0000,0.0000,0.0000,0.0309,0.0000,200,0.4983
0.0133,0.0000,0.0000,0.0000,0.0132,0.0000,200,0.5160
0.0042,0.0000,0.0000,0.0000,0.0041,0.0000,200,0.5253
0.0197,0.0000,0.0000,0.0000,0.0196,0.0000,200,0.5104
0.0034,0.0000,0.0000,0.0000,0.0033,0.0000,200,0.5270
0.0164,0.0000,0.0000,0.0000,0.0164,0.0000,200,0.5148
0.0201,0.0000,0.0000,0.0001,0.0196,0.0003,200,0.5112
0.0180,0.0000,0.0000,0.0000,0.0180,0.0000,200,0.5135
0.0356,0.0000,0.0000,0.0001,0.0353,0.0001,200,0.4960
0.0369,0.0000,0.0000,0.0000,0.0368,0.0000,200,0.4952
0.0097,0.0000,0.0000,0.0000,0.0097,0.0000,200,0.5228
0.0230,0.0000,0.0000,0.0000,0.0229,0.0000,200,0.5101
0.0020,0.0000,0.0000,0.0001,0.0015,0.0004,200,0.5317
0.0357,0.0000,0.0000,0.0000,0.0355,0.0001,200,0.4985
0.0632,0.0000,0.0000,0.0000,0.0631,0.0001,200,0.4715
0.0110,0.0000,0.0000,0.0000,0.0108,0.0002,200,0.5244
0.0138,0.0000,0.0000,0.0001,0.0137,0.0000,200,0.5216
0.0144,0.0000,0.0000,0.0000,0.0141,0.0002,200,0.5217
0.0173,0.0000,0.0000,0.0000,0.0172,0.0000,200,0.5193
0.0427,0.0000,0.0000,0.0000,0.0423,0.0003,200,0.4941
0.0371,0.0000,0.0000,0.0000,0.0370,0.0000,200,0.4998
0.0733,0.0000,0.0000,0.0000,0.0732,0.0000,200,0.4640
0.0032,0.0000,0.0000,0.0004,0.0028,0.0000,200,0.5341
0.0280,0.0000,0.0000,0.0000,0.0279,0.0000,200,0.5100
0.0021,0.0000,0.0000,0.0000,0.0020,0.0001,200,0.5365
0.0035,0.0000,0.0000,0.0000,0.0034,0.0001,200,0.5354
0.0134,0.0000,0.0000,0.0000,0.0133,0.0000,200,0.5263
0.0106,0.0000,0.0000,0.0000,0.0104,0.0000,200,0.5294
0.0360,0.0000,0.0000,0.0000,0.0354,0.0005,200,0.5045
0.0174,0.0000,0.0000,0.0000,0.0172,0.0001,200,0.5232
0.0095,0.0000,0.0000,0.0000,0.0094,0.0000,200,0.5315
0.0128,0.0000,0.0000,0.0000,0.0125,0.0001,200,0.5284
0.0271,0.0000,0.0000,0.0001,0.0268,0.0001,200,0.5146
0.0143,0.0000,0.0000,0.0000,0.0141,0.0000,200,0.5277
0.0059,0.0000,0.0000,0.0001,0.0055,0.0000,200,0.5361
0.0204,0.0000,0.0000,0.0000,0.0201,0.0002,200,0.5222
0.0309,0.0000,0.0000,0.0000,0.0308,0.0000,200,0.5120
0.0377,0.0000,0.0000,0.0001,0.0373,0.0001,200,0.5056
0.0441,0.0000,0.0000,0.0000,0.0440,0.0000,200,0.4999
0.0128,0.0000,0.0000,0.0000,0.0127,0.0000,200,0.5313
0.0015,0.0000,0.0000,0.0000,0.0015,0.0000,200,0.5426
0.0493,0.0000,0.0000,0.0001,0.0492,0.0000,200,0.4955
0.0044,0.0000,0.0000,0.0000,0.0042,0.0001,200,0.5406
0.0179,0.0000,0.0000,0.0000,0.0177,0.0000,200,0.5273
0.0072,0.0000,0.0000,0.0000,0.0069,0.0000,200,0.5386
0.0020,0.0000,0.0000,0.0000,0.0019,0.0000,200,0.5441
0.0063,0.0000,0.0000,0.0000,0.0062,0.0000,200,0.5405
0.0156,0.0000,0.0000,0.0001,0.0153,0.0000,200,0.5313
0.0044,0.0000,0.0000,0.0000,0.0043,0.0000,200,0.5429
0.0657,0.0000,0.0000,0.0000,0.0655,0.0000,200,0.4819
0.0095,0.0000,0.0000,0.0000,0.0094,0.0000,200,0.5389
0.0084,0.0000,0.0000,0.0000,0.0084,0.0000,200,0.5400
0.0206,0.0000,0.0000,0.0000,0.0205,0.0001,200,0.5283
0.0032,0.0000,0.0000,0.0000,0.0031,0.0000,200,0.5459
0.0021,0.0000,0.0000,0.0000,0.0019,0.0001,200,0.5476
0.0208,0.0000,0.0000,0.0000,0.0208,0.0000,200,0.5293
0.0063,0.0000,0.0000,0.0000,0.0062,0.0000,200,0.5440
0.0109,0.0000,0.0000,0.0000,0.0105,0.0001,200,0.5397
0.0035,0.0000,0.0000,0.0000,0.0034,0.0001,200,0.5473
0.0433,0.0000,0.0000,0.0001,0.0431,0.0002,200,0.5082
0.0191,0.0000,0.0000,0.0000,0.0191,0.0000,200,0.5331
0.0157,0.0000,0.0000,0.0000,0.0156,0.0000,200,0.5369
0.0059,0.0000,0.0000,0.0000,0.0058,0.0001,200,0.5468
0.0083,0.0000,0.0000,0.0000,0.0082,0.0001,200,0.5450
0.0168,0.0000,0.0000,0.0000,0.0167,0.0000,200,0.5368
0.0104,0.0000,0.0000,0.0000,0.0100,0.0004,200,0.5440
0.0124,0.0000,0.0000,0.0000,0.0123,0.0000,200,0.5420
0.0041,0.0000,0.0000,0.0000,0.0040,0.0000,200,0.5503
0.0225,0.0000,0.0000,0.0000,0.0224,0.0001,200,0.5326
0.0030,0.0000,0.0000,0.0000,0.0026,0.0004,200,0.5527
0.0391,0.0000,0.0000,0.0000,0.0390,0.0001,200,0.5167
0.0260,0.0000,0.0000,0.0000,0.0259,0.0000,200,0.5304
0.0160,0.0000,0.0000,0.0000,0.0160,0.0000,200,0.5410
0.0081,0.0000,0.0000,0.0000,0.0080,0.0000,200,0.5491
0.0420,0.0000,0.0000,0.0000,0.0419,0.0000,200,0.5155
0.0378,0.0000,0.0000,0.0000,0.0374,0.0002,200,0.5205
0.0541,0.0000,0.0000,0.0000,0.0540,0.0000,200,0.5046
0.0394,0.0000,0.0000,0.0000,0.0393,0.0000,200,0.5199
0.0221,0.0000,0.0000,0.0000,0.0220,0.0000,200,0.5374
0.0051,0.0000,0.0000,0.0000,0.0049,0.0002,200,0.5544
0.0116,0.0000,0.0000,0.0000,0.0114,0.0000,200,0.5484
0.0251,0.0000,0.0000,0.0000,0.0250,0.0000,200,0.5354
0.0034,0.0000,0.0000,0.0000,0.0033,0.0000,200,0.5572
0.0179,0.0000,0.0000,0.0000,0.0177,0.0002,200,0.5432
0.0032,0.0000,0.0000,0.0000,0.0030,0.0002,200,0.5583
0.0430,0.0000,0.0000,0.0001,0.0429,0.0000,200,0.5186
0.0282,0.0000,0.0000,0.0001,0.0281,0.0000,200,0.5337
0.0208,0.0000,0.0000,0.0000,0.0207,0.0000,200,0.5417
0.0014,0.0000,0.0000,0.0000,0.0014,0.0000,200,0.5615
0.0128,0.0000,0.0000,0.0000,0.0127,0.0001,200,0.5506
0.0415,0.0000,0.0000,0.0000,0.0414,0.0001,200,0.5223
0.0135,0.0000,0.0000,0.0000,0.0133,0.0001,200,0.5509
0.0235,0.0000,0.0000,0.0000,0.0234,0.0000,200,0.5413
0.0527,0.0000,0.0000,0.0000,0.0526,0.0000,200,0.5123
0.0209,0.0000,0.0000,0.0000,0.0207,0.0002,200,0.5448
0.0035,0.0000,0.0000,0.0000,0.0035,0.0000,200,0.5630
0.0060,0.0000,0.0000,0.0000,0.0059,0.0000,200,0.5605
0.0102,0.0000,0.0000,0.0001,0.0100,0.0000,200,0.5563
0.0144,0.0000,0.0000,0.0000,0.0142,0.0001,200,0.5527
0.0351,0.0000,0.0000,0.0000,0.0351,0.0000,200,0.5321
0.0101,0.0000,0.0000,0.0000,0.0101,0.0001,200,0.5576
0.0138,0.0000,0.0000,0.0000,0.0136,0.0001,200,0.5544
0.0019,0.0000,0.0000,0.0000,0.0018,0.0001,200,0.5666
0.0072,0.0000,0.0000,0.0000,0.0070,0.0001,200,0.5625
0.0040,0.0000,0.0000,0.0000,0.0039,0.0000,200,0.5658
0.0322,0.0000,0.0000,0.0000,0.0317,0.0004,200,0.5380
0.0218,0.0000,0.0000,0.0000,0.0217,0.0000,200,0.5484
0.0453,0.0000,0.0000,0.0000,0.0452,0.0000,200,0.5251
0.0187,0.0000,0.0000,0.0000,0.0186,0.0000,200,0.5522
0.0245,0.0000,0.0000,0.0000,0.0243,0.0001,200,0.5468
0.0048,0.0000,0.0000,0.0000,0.0047,0.0000,200,0.5665
0.0177,0.0000,0.0000,0.0000,0.0174,0.0003,200,0.5544
0.0470,0.0000,0.0000,0.0000,0.0452,0.0017,200,0.5269
0.0330,0.0000,0.0000,0.0000,0.0329,0.0000,200,0.5420
0.0101,0.0000,0.0000,0.0000,0.0101,0.0000,200,0.5649
0.0146,0.0000,0.0000,0.0000,0.0145,0.0000,200,0.5605
0.0108,0.0000,0.0000,0.0000,0.0107,0.0000,200,0.5643
0.0132,0.0000,0.0000,0.0000,0.0132,0.0000,200,0.5619
0.0081,0.0000,0.0000,0.0000,0.0081,0.0000,200,0.5671
0.0157,0.0000,0.0000,0.0000,0.0157,0.0000,200,0.5595
0.0090,0.0000,0.0000,0.0000,0.0089,0.0000,200,0.5665
0.0299,0.0000,0.0000,0.0001,0.0297,0.0001,200,0.5461
0.0120,0.0000,0.0000,0.0000,0.0115,0.0003,200,0.5648
0.0066,0.0000,0.0000,0.0000,0.0066,0.0000,200,0.5702
0.0201,0.0000,0.0000,0.0000,0.0200,0.0001,200,0.5571
0.0061,0.0000,0.0000,0.0002,0.0052,0.0000,200,0.5713
0.0689,0.0000,0.0000,0.0000,0.0688,0.0000,200,0.5086
0.0221,0.0000,0.0000,0.0000,0.0220,0.0000,200,0.5557
0.0105,0.0000,0.0000,0.0000,0.0104,0.0001,200,0.5677
0.0036,0.0000,0.0000,0.0000,0.0034,0.0002,200,0.5752
0.0275,0.0000,0.0000,0.0002,0.0273,0.0000,200,0.5515
0.0181,0.0000,0.0000,0.0000,0.0178,0.0003,200,0.5617
0.0310,0.0000,0.0000,0.0000,0.0309,0.0000,200,0.5489
0.0120,0.0000,0.0000,0.0000,0.0119,0.0000,200,0.5682
0.0213,0.0000,0.0000,0.0000,0.0211,0.0001,200,0.5594
0.0104,0.0000,0.0000,0.0000,0.0103,0.0000,200,0.5703
0.0222,0.0000,0.0000,0.0000,0.0220,0.0001,200,0.5595
0.0125,0.0000,0.0000,0.0000,0.0124,0.0000,200,0.5698
0.0148,0.0000,0.0000,0.0004,0.0142,0.0001,200,0.5684
0.0206,0.0000,0.0000,0.0000,0.0205,0.0000,200,0.5634
0.0348,0.0000,0.0000,0.0000,0.0347,0.0000,200,0.5497
0.0099,0.0000,0.0000,0.0000,0.0097,0.0002,200,0.5752
0.0067,0.0000,0.0000,0.0001,0.0066,0.0000,200,0.5807
0.1065,0.0000,0.0000,0.0000,0.1064,0.0001,200,0.4812
0.0294,0.0000,0.0000,0.0000,0.0293,0.0000,200,0.5586
0.0587,0.0000,0.0000,0.0000,0.0586,0.0000,200,0.5294
0.0130,0.0000,0.0000,0.0000,0.0130,0.0000,200,0.5751
0.0106,0.0000,0.0000,0.0001,0.0105,0.0000,200,0.5776
0.0108,0.0000,0.0000,0.0000,0.0108,0.0000,200,0.5774
0.0130,0.0000,0.0000,0.0000,0.0130,0.0000,200,0.5752
0.0034,0.0000,0.0000,0.0000,0.0033,0.0000,200,0.5851
0.0125,0.0000,0.0000,0.0000,0.0125,0.0000,200,0.5760
0.0129,0.0000,0.0000,0.0000,0.0125,0.0004,200,0.5768
0.0347,0.0000,0.0000,0.0000,0.0346,0.0000,200,0.5551
0.0100,0.0000,0.0000,0.0000,0.0099,0.0000,200,0.5799
0.0068,0.0000,0.0000,0.0000,0.0068,0.0000,200,0.5832
0.0374,0.0000,0.0000,0.0000,0.0372,0.0001,200,0.5533
0.0014,0.0000,0.0000,0.0000,0.0014,0.0000,200,0.5901
0.0017,0.0000,0.0000,0.0000,0.0012,0.0006,200,0.5898
0.0080,0.0000,0.0000,0.0000,0.0079,0.0000,200,0.5840
0.0203,0.0000,0.0000,0.0002,0.0199,0.0000,200,0.5721
0.0027,0.0000,0.0000,0.0000,0.0026,0.0000,200,0.5897
0.0159,0.0000,0.0000,0.0000,0.0158,0.0000,200,0.5771
0.0115,0.0000,0.0000,0.0000,0.0115,0.0000,200,0.5817
0.0300,0.0000,0.0000,0.0001,0.0298,0.0000,200,0.5637
0.0097,0.0000,0.0000,0.0000,0.0095,0.0001,200,0.5844
0.0920,0.0000,0.0000,0.0000,0.0919,0.0000,200,0.5023
0.0194,0.0000,0.0000,0.0000,0.0194,0.0000,200,0.5750
0.0158,0.0000,0.0000,0.0001,0.0157,0.0000,200,0.5791
0.0170,0.0000,0.0000,0.0000,0.0169,0.0001,200,0.5783
0.0175,0.0000,0.0000,0.0000,0.0174,0.0000,200,0.5779
0.0075,0.0000,0.0000,0.0000,0.0075,0.0000,200,0.5880
0.0081,0.0000,0.0000,0.0000,0.0080,0.0001,200,0.5881
0.0251,0.0000,0.0000,0.0002,0.0239,0.0003,200,0.5713
0.0464,0.0000,0.0000,0.0000,0.0463,0.0001,200,0.5501
0.0166,0.0000,0.0000,0.0000,0.0165,0.0001,200,0.5802
0.0091,0.0000,0.0000,0.0000,0.0090,0.0001,200,0.5882
0.0103,0.0000,0.0000,0.0000,0.0102,0.0001,200,0.5877
0.0281,0.0000,0.0000,0.0000,0.0279,0.0002,200,0.5702
0.0102,0.0000,0.0000,0.0000,0.0101,0.0001,200,0.5881
0.0190,0.0000,0.0000,0.0006,0.0182,0.0001,200,0.5807
0.0444,0.0000,0.0000,0.0000,0.0444,0.0000,200,0.5558
0.0104,0.0000,0.0000,0.0000,0.0103,0.0001,200,0.5898
0.0267,0.0000,0.0000,0.0000,0.0266,0.0000,200,0.5739
0.0337,0.0000,0.0000,0.0000,0.0336,0.0001,200,0.5672
0.0306,0.0000,0.0000,0.0000,0.0305,0.0000,200,0.5709
0.0250,0.0000,0.0000,0.0000,0.0249,0.0000,200,0.5768
0.0040,0.0000,0.0000,0.0001,0.0038,0.0001,200,0.5983
0.0022,0.0000,0.0000,0.0000,0.0022,0.0000,200,0.6002
0.0022,0.0000,0.0000,0.0001,0.0020,0.0001,200,0.6007
0.0115,0.0000,0.0000,0.0000,0.0114,0.0001,200,0.5920
0.0071,0.0000,0.0000,0.0000,0.0069,0.0001,200,0.5965
0.0426,0.0000,0.0000,0.0001,0.0423,0.0000,200,0.5611
0.0297,0.0000,0.0000,0.0000,0.0297,0.0000,200,0.5751
0.0042,0.0000,0.0000,0.0000,0.0040,0.0000,200,0.6009
0.0355,0.0000,0.0000,0.0000,0.0353,0.0001,200,0.5697
0.0055,0.0000,0.0000,0.0003,0.0049,0.0001,200,0.5996
0.0128,0.0000,0.0000,0.0000,0.0128,0.0000,200,0.5924
0.0176,0.0000,0.0000,0.0000,0.0175,0.0000,200,0.5886
0.0089,0.0000,0.0000,0.0000,0.0088,0.0001,200,0.5981
0.0534,0.0000,0.0000,0.0000,0.0534,0.0000,200,0.5536
0.0072,0.0000,0.0000,0.0000,0.0071,0.0000,200,0.6002
0.0054,0.0000,0.0000,0.0000,0.0051,0.0001,200,0.6023
0.0257,0.0000,0.0000,0.0000,0.0256,0.0000,200,0.5823
0.0101,0.0000,0.0000,0.0001,0.0099,0.0000,200,0.5984
0.0148,0.0000,0.0000,0.0000,0.0148,0.0000,200,0.5953
0.0221,0.0000,0.0000,0.0000,0.0221,0.0000,200,0.5880
0.0147,0.0000,0.0000,0.0000,0.0146,0.0000,200,0.5956
0.0134,0.0000,0.0000,0.0000,0.0134,0.0000,200,0.5969
0.0052,0.0000,0.0000,0.0000,0.0051,0.0000,200,0.6052
0.0101,0.0000,0.0000,0.0000,0.0100,0.0000,200,0.6018
0.0085,0.0000,0.0000,0.0003,0.0078,0.0000,200,0.6036
0.0214,0.0000,0.0000,0.0000,0.0213,0.0000,200,0.5907
0.0159,0.0000,0.0000,0.0000,0.0158,0.0000,200,0.5962
0.0206,0.0000,0.0000,0.0000,0.0201,0.0003,200,0.5916
0.0020,0.0000,0.0000,0.0000,0.0020,0.0000,200,0.6102
0.0382,0.0000,0.0000,0.0000,0.0382,0.0000,200,0.5755
0.0268,0.0000,0.0000,0.0000,0.0268,0.0000,200,0.5874
0.0114,0.0000,0.0000,0.0001,0.0110,0.0003,200,0.6036
0.0126,0.0000,0.0000,0.0000,0.0125,0.0001,200,0.6029
0.0226,0.0000,0.0000,0.0000,0.0225,0.0001,200,0.5930
0.0152,0.0000,0.0000,0.0000,0.0146,0.0006,200,0.6015
0.0065,0.0000,0.0000,0.0000,0.0063,0.0000,200,0.6103
0.0236,0.0000,0.0000,0.0000,0.0235,0.0000,200,0.5933
0.0054,0.0000,0.0000,0.0001,0.0053,0.0000,200,0.6120
0.0018,0.0000,0.0000,0.0000,0.0012,0.0006,200,0.6168
0.0241,0.0000,0.0000,0.0000,0.0241,0.0000,200,0.5944
0.0018,0.0000,0.0000,0.0000,0.0017,0.0000,200,0.6168
0.0021,0.0000,0.0000,0.0000,0.0020,0.0000,200,0.6168
0.0142,0.0000,0.0000,0.0000,0.0141,0.0001,200,0.6051
0.0828,0.0000,0.0000,0.0000,0.0827,0.0000,200,0.5373
0.0080,0.0000,0.0000,0.0000,0.0079,0.0000,200,0.6122
0.0253,0.0000,0.0000,0.0001,0.0252,0.0000,200,0.5952
0.0134,0.0000,0.0000,0.0000,0.0132,0.0001,200,0.6073
0.0324,0.0000,0.0000,0.0000,0.0323,0.0001,200,0.5885
0.0111,0.0000,0.0000,0.0000,0.0111,0.0000,200,0.6102
0.0015,0.0000,0.0000,0.0000,0.0014,0.0001,200,0.6201
0.0307,0.0000,0.0000,0.0000,0.0306,0.0000,200,0.5915
0.0161,0.0000,0.0000,0.0000,0.0160,0.0000,200,0.6061
0.0441,0.0000,0.0000,0.0000,0.0440,0.0000,200,0.5788
0.0048,0.0000,0.0000,0.0000,0.0047,0.0000,200,0.6186
0.0090,0.0000,0.0000,0.0000,0.0088,0.0001,200,0.6150
0.0047,0.0000,0.0000,0.0000,0.0045,0.0000,200,0.6193
0.0174,0.0000,0.0000,0.0000,0.0173,0.0001,200,0.6071
0.0196,0.0000,0.0000,0.0002,0.0193,0.0001,200,0.6052
0.0024,0.0000,0.0000,0.0000,0.0023,0.0000,200,0.6229
0.0503,0.0000,0.0000,0.0000,0.0501,0.0001,200,0.5751
0.0082,0.0000,0.0000,0.0000,0.0082,0.0000,200,0.6175
0.0048,0.0000,0.0000,0.0000,0.0043,0.0003,200,0.6216
0.0814,0.0000,0.0000,0.0000,0.0813,0.0000,200,0.5451
0.0345,0.0000,0.0000,0.0000,0.0345,0.0000,200,0.5924
0.0152,0.0000,0.0000,0.0000,0.0151,0.0000,200,0.6119
0.0325,0.0000,0.0000,0.0000,0.0325,0.0001,200,0.5949
0.0054,0.0000,0.0000,0.0002,0.0050,0.0001,200,0.6222
0.0022,0.0000,0.0000,0.0000,0.0018,0.0003,200,0.6265
0.0047,0.0000,0.0000,0.0001,0.0046,0.0001,200,0.6240
0.0033,0.0000,0.0000,0.0000,0.0032,0.0001,200,0.6254
0.0110,0.0000,0.0000,0.0000,0.0109,0.0001,200,0.6186
0.0110,0.0000,0.0000,0.0000,0.0108,0.0001,200,0.6189
0.0217,0.0000,0.0000,0.0000,0.0216,0.0000,200,0.6085
0.0096,0.0000,0.0000,0.0000,0.0095,0.0000,200,0.6206
0.0258,0.0000,0.0000,0.0000,0.0257,0.0000,200,0.6052
0.0110,0.0000,0.0000,0.0000,0.0108,0.0002,200,0.6201
0.0044,0.0000,0.0000,0.0000,0.0041,0.0002,200,0.6275
0.0166,0.0000,0.0000,0.0000,0.0165,0.0001,200,0.6155
0.0109,0.0000,0.0000,0.0000,0.0109,0.0000,200,0.6213
0.0225,0.0000,0.0000,0.0000,0.0224,0.0001,200,0.6103
0.0211,0.0000,0.0000,0.0000,0.0211,0.0000,200,0.6121
0.0253,0.0000,0.0000,0.0000,0.0252,0.0000,200,0.6080
0.0052,0.0000,0.0000,0.0000,0.0050,0.0002,200,0.6287
0.0242,0.0000,0.0000,0.0000,0.0241,0.0001,200,0.6103
0.0547,0.0000,0.0000,0.0000,0.0546,0.0000,200,0.5798
0.0207,0.0000,0.0000,0.0000,0.0205,0.0001,200,0.6142
0.0143,0.0000,0.0000,0.0000,0.0143,0.0000,200,0.6209
0.0118,0.0000,0.0000,0.0001,0.0115,0.0002,200,0.6239
0.0071,0.0000,0.0000,0.0000,0.0070,0.0001,200,0.6287
0.0152,0.0000,0.0000,0.0000,0.0152,0.0000,200,0.6207
0.0294,0.0000,0.0000,0.0000,0.0292,0.0001,200,0.6070
0.1019,0.0000,0.0000,0.0000,0.1019,0.0000,200,0.5347
0.0084,0.0000,0.0000,0.0000,0.0083,0.0001,200,0.6287
0.0104,0.0000,0.0000,0.0000,0.0103,0.0000,200,0.6269
0.0035,0.0000,0.0000,0.0000,0.0033,0.0000,200,0.6344
0.0126,0.0000,0.0000,0.0000,0.0125,0.0001,200,0.6257
0.0250,0.0000,0.0000,0.0000,0.0249,0.0000,200,0.6137
0.0424,0.0000,0.0000,0.0000,0.0422,0.0000,200,0.5964
0.0366,0.0000,0.0000,0.0000,0.0365,0.0000,200,0.6025
0.0143,0.0000,0.0000,0.0000,0.0142,0.0001,200,0.6253
0.0125,0.0000,0.0000,0.0000,0.0122,0.0000,200,0.6276
0.0806,0.0000,0.0000,0.0000,0.0805,0.0000,200,0.5600
0.0332,0.0000,0.0000,0.0000,0.0331,0.0000,200,0.6077
0.0036,0.0000,0.0000,0.0000,0.0035,0.0000,200,0.6383
0.0101,0.0000,0.0000,0.0004,0.0095,0.0002,200,0.6318
0.0087,0.0000,0.0000,0.0003,0.0081,0.0001,200,0.6332
0.0016,0.0000,0.0000,0.0000,0.0015,0.0001,200,0.6409
0.0124,0.0000,0.0000,0.0000,0.0123,0.0000,200,0.6302
0.0073,0.0000,0.0000,0.0000,0.0071,0.0002,200,0.6359
0.0185,0.0000,0.0000,0.0000,0.0185,0.0000,200,0.6248
0.0014,0.0000,0.0000,0.0000,0.0012,0.0001,200,0.6424
0.0320,0.0000,0.0000,0.0000,0.0319,0.0000,200,0.6121
0.0080,0.0000,0.0000,0.0000,0.0078,0.0001,200,0.6366
0.0265,0.0000,0.0000,0.0000,0.0264,0.0000,200,0.6186
0.0021,0.0000,0.0000,0.0001,0.0019,0.0001,200,0.6433
0.0079,0.0000,0.0000,0.0000,0.0078,0.0000,200,0.6379
0.0229,0.0000,0.0000,0.0000,0.0228,0.0000,200,0.6233
0.0141,0.0000,0.0000,0.0000,0.0140,0.0000,200,0.6322
0.0147,0.0000,0.0000,0.0000,0.0146,0.0000,200,0.6321
0.0350,0.0000,0.0000,0.0000,0.0349,0.0000,200,0.6122
0.0597,0.0000,0.0000,0.0001,0.0595,0.0000,200,0.5882
0.0538,0.0000,0.0000,0.0000,0.0537,0.0001,200,0.5943
0.0033,0.0000,0.0000,0.0000,0.0032,0.0001,200,0.6450
0.0068,0.0000,0.0000,0.0000,0.0066,0.0001,200,0.6419
0.0458,0.0000,0.0000,0.0000,0.0456,0.0001,200,0.6037
0.0134,0.0000,0.0000,0.0000,0.0133,0.0001,200,0.6363
0.0033,0.0000,0.0000,0.0000,0.0032,0.0001,200,0.6468
0.0258,0.0000,0.0000,0.0000,0.0257,0.0000,200,0.6245
0.0123,0.0000,0.0000,0.0000,0.0121,0.0001,200,0.6387
0.0241,0.0000,0.0000,0.0000,0.0240,0.0001,200,0.6271
0.0020,0.0000,0.0000,0.0000,0.0018,0.0001,200,0.6498
0.0179,0.0000,0.0000,0.0000,0.0177,0.0001,200,0.6345
0.0114,0.0000,0.0000,0.0000,0.0110,0.0003,200,0.6419
0.1233,0.0000,0.0000,0.0000,0.1232,0.0001,200,0.5301
0.0225,0.0000,0.0000,0.0001,0.0223,0.0002,200,0.6310
0.0181,0.0000,0.0000,0.0000,0.0180,0.0000,200,0.6358
0.0173,0.0000,0.0000,0.0005,0.0165,0.0000,200,0.6371
0.0155,0.0000,0.0000,0.0002,0.0152,0.0001,200,0.6396
0.0611,0.0000,0.0000,0.0001,0.0609,0.0000,200,0.5941
0.0120,0.0000,0.0000,0.0000,0.0119,0.0000,200,0.6439
0.0014,0.0000,0.0000,0.0000,0.0009,0.0005,200,0.6544
0.0069,0.0000,0.0000,0.0000,0.0065,0.0004,200,0.6495
0.0102,0.0000,0.0000,0.0000,0.0101,0.0001,200,0.6463
0.0034,0.0000,0.0000,0.0000,0.0031,0.0001,200,0.6535
0.0072,0.0000,0.0000,0.0000,0.0071,0.0001,200,0.6504
0.0015,0.0000,0.0000,0.0000,0.0015,0.0000,200,0.6564
0.0253,0.0000,0.0000,0.0000,0.0250,0.0002,200,0.6328
0.0049,0.0000,0.0000,0.0001,0.0048,0.0000,200,0.6533
0.0037,0.0000,0.0000,0.0000,0.0034,0.0002,200,0.6550
0.0187,0.0000,0.0000,0.0000,0.0186,0.0000,200,0.6401
0.0016,0.0000,0.0000,0.0000,0.0013,0.0000,200,0.6576
0.0257,0.0000,0.0000,0.0000,0.0256,0.0000,200,0.6339
0.0064,0.0000,0.0000,0.0000,0.0063,0.0000,200,0.6534
0.0158,0.0000,0.0000,0.0001,0.0156,0.0001,200,0.6446
0.0137,0.0000,0.0000,0.0000,0.0132,0.0004,200,0.6472
0.0131,0.0000,0.0000,0.0000,0.0130,0.0001,200,0.6479
0.0037,0.0000,0.0000,0.0000,0.0035,0.0002,200,0.6579
0.0225,0.0000,0.0000,0.0000,0.0225,0.0000,200,0.6391
0.0028,0.0000,0.0000,0.0000,0.0027,0.0000,200,0.6592
0.0106,0.0000,0.0000,0.0000,0.0105,0.0000,200,0.6518
0.0106,0.0000,0.0000,0.0000,0.0105,0.0000,200,0.6524
0.0083,0.0000,0.0000,0.0000,0.0082,0.0001,200,0.6552
0.0020,0.0000,0.0000,0.0001,0.0018,0.0000,200,0.6616
0.0371,0.0000,0.0000,0.0000,0.0368,0.0002,200,0.6265
0.0133,0.0000,0.0000,0.0000,0.0131,0.0001,200,0.6510
0.0159,0.0000,0.0000,0.0000,0.0157,0.0001,200,0.6487
0.0224,0.0000,0.0000,0.0000,0.0224,0.0000,200,0.6426
0.0679,0.0000,0.0000,0.0000,0.0678,0.0001,200,0.5973
0.0284,0.0000,0.0000,0.0000,0.0282,0.0001,200,0.6373
0.0041,0.0000,0.0000,0.0000,0.0039,0.0001,200,0.6620
0.0365,0.0000,0.0000,0.0000,0.0364,0.0000,200,0.6299
0.0206,0.0000,0.0000,0.0000,0.0205,0.0001,200,0.6458
0.0110,0.0000,0.0000,0.0000,0.0109,0.0001,200,0.6558
0.0734,0.0000,0.0000,0.0000,0.0732,0.0000,200,0.5937
0.0068,0.0000,0.0000,0.0001,0.0066,0.0001,200,0.6610
0.0220,0.0000,0.0000,0.0000,0.0219,0.0001,200,0.6463
0.0376,0.0000,0.0000,0.0000,0.0375,0.0001,200,0.6311
0.0097,0.0000,0.0000,0.0002,0.0094,0.0000,200,0.6596
0.0212,0.0000,0.0000,0.0000,0.0211,0.0000,200,0.6482
0.0052,0.0000,0.0000,0.0001,0.0050,0.0000,200,0.6646
0.0121,0.0000,0.0000,0.0000,0.0120,0.0000,200,0.6581
0.0222,0.0000,0.0000,0.0000,0.0221,0.0000,200,0.6483
0.0305,0.0000,0.0000,0.0000,0.0305,0.0000,200,0.6406
0.0142,0.0000,0.0000,0.0000,0.0138,0.0000,200,0.6569
0.0148,0.0000,0.0000,0.0000,0.0142,0.0005,200,0.6564
0.0077,0.0000,0.0000,0.0000,0.0075,0.0000,200,0.6636
0.0014,0.0000,0.0000,0.0000,0.0013,0.0000,200,0.6701
0.0076,0.0000,0.0000,0.0000,0.0075,0.0000,200,0.6643
0.0676,0.0000,0.0000,0.0000,0.0675,0.0001,200,0.6048
0.0426,0.0000,0.0000,0.0000,0.0422,0.0000,200,0.6302
0.0030,0.0000,0.0000,0.0000,0.0029,0.0000,200,0.6705
0.0023,0.0000,0.0000,0.0000,0.0023,0.0000,200,0.6711
0.0119,0.0000,0.0000,0.0000,0.0118,0.0000,200,0.6616
0.0081,0.0000,0.0000,0.0000,0.0080,0.0001,200,0.6658
0.0046,0.0000,0.0000,0.0000,0.0045,0.0000,200,0.6698
0.0055,0.0000,0.0000,0.0000,0.0054,0.0000,200,0.6693
0.0339,0.0000,0.0000,0.0000,0.0337,0.0001,200,0.6418
0.0066,0.0000,0.0000,0.0000,0.0065,0.0001,200,0.6693
0.0137,0.0000,0.0000,0.0000,0.0135,0.0002,200,0.6629
0.0137,0.0000,0.0000,0.0000,0.0136,0.0001,200,0.6636
0.0114,0.0000,0.0000,0.0000,0.0112,0.0001,200,0.6664
0.0395,0.0000,0.0000,0.0000,0.0394,0.0000,200,0.6388
0.0058,0.0000,0.0000,0.0000,0.0057,0.0000,200,0.6725
0.0118,0.0000,0.0000,0.0000,0.0116,0.0001,200,0.6672
0.0639,0.0000,0.0000,0.0000,0.0638,0.0000,200,0.6156
0.0262,0.0000,0.0000,0.0000,0.0261,0.0001,200,0.6539
0.0225,0.0000,0.0000,0.0000,0.0224,0.0001,200,0.6582
0.0213,0.0000,0.0000,0.0000,0.0212,0.0000,200,0.6598
0.0029,0.0000,0.0000,0.0000,0.0027,0.0002,200,0.6789
0.0469,0.0000,0.0000,0.0000,0.0467,0.0001,200,0.6353
0.0045,0.0000,0.0000,0.0000,0.0045,0.0000,200,0.6778
0.0485,0.0000,0.0000,0.0000,0.0483,0.0001,200,0.6349
0.0202,0.0000,0.0000,0.0000,0.0200,0.0001,200,0.6635
0.0192,0.0000,0.0000,0.0000,0.0190,0.0002,200,0.6650
0.0028,0.0000,0.0000,0.0001,0.0025,0.0001,200,0.6819
0.0089,0.0000,0.0000,0.0000,0.0088,0.0001,200,0.6757
0.0175,0.0000,0.0000,0.0000,0.0173,0.0002,200,0.6678
0.0254,0.0000,0.0000,0.0000,0.0253,0.0000,200,0.6603
0.0248,0.0000,0.0000,0.0000,0.0247,0.0000,200,0.6609
0.0177,0.0000,0.0000,0.0002,0.0174,0.0001,200,0.6683
0.0423,0.0000,0.0000,0.0000,0.0423,0.0000,200,0.6441
0.0196,0.0000,0.0000,0.0000,0.0195,0.0001,200,0.6669
0.0142,0.0000,0.0000,0.0000,0.0140,0.0000,200,0.6728
0.0655,0.0000,0.0000,0.0000,0.0654,0.0000,200,0.6222
0.0289,0.0000,0.0000,0.0000,0.0287,0.0002,200,0.6588
0.0070,0.0000,0.0000,0.0000,0.0068,0.0001,200,0.6807
0.0050,0.0000,0.0000,0.0000,0.0049,0.0001,200,0.6847
0.0087,0.0000,0.0000,0.0000,0.0086,0.0000,200,0.6811
0.0185,0.0000,0.0000,0.0000,0.0184,0.0000,200,0.6715
0.0158,0.0000,0.0000,0.0000,0.0157,0.0000,200,0.6744
0.0175,0.0000,0.0000,0.0000,0.0174,0.0000,200,0.6735
0.0457,0.0000,0.0000,0.0000,0.0455,0.0002,200,0.6453
0.0040,0.0000,0.0000,0.0000,0.0039,0.0000,200,0.6877
0.0234,0.0000,0.0000,0.0000,0.0232,0.0001,200,0.6687
0.0259,0.0000,0.0000,0.0001,0.0256,0.0002,200,0.6664
0.0082,0.0000,0.0000,0.0000,0.0080,0.0001,200,0.6842
0.0082,0.0000,0.0000,0.0000,0.0080,0.0001,200,0.6847
0.0216,0.0000,0.0000,0.0000,0.0215,0.0001,200,0.6713
0.0073,0.0000,0.0000,0.0000,0.0069,0.0003,200,0.6860
0.0194,0.0000,0.0000,0.0000,0.0193,0.0000,200,0.6739
0.0141,0.0000,0.0000,0.0000,0.0141,0.0000,200,0.6795
0.0383,0.0000,0.0000,0.0000,0.0382,0.0001,200,0.6558
0.0652,0.0000,0.0000,0.0000,0.0650,0.0001,200,0.6296
0.0215,0.0000,0.0000,0.0000,0.0214,0.0000,200,0.6735
0.0050,0.0000,0.0000,0.0000,0.0045,0.0000,200,0.6900
0.0197,0.0000,0.0000,0.0000,0.0195,0.0000,200,0.6759
0.0459,0.0000,0.0000,0.0000,0.0457,0.0001,200,0.6501
0.0124,0.0000,0.0000,0.0000,0.0123,0.0000,200,0.6837
0.0453,0.0000,0.0000,0.0000,0.0452,0.0000,200,0.6512
0.0061,0.0000,0.0000,0.0001,0.0059,0.0001,200,0.6910
0.0116,0.0000,0.0000,0.0000,0.0115,0.0000,200,0.6857
0.0055,0.0000,0.0000,0.0001,0.0053,0.0000,200,0.6923
0.0215,0.0000,0.0000,0.0004,0.0210,0.0000,200,0.6766
0.0121,0.0000,0.0000,0.0000,0.0120,0.0000,200,0.6865
0.0114,0.0000,0.0000,0.0000,0.0113,0.0001,200,0.6876
0.0168,0.0000,0.0000,0.0000,0.0167,0.0000,200,0.6823
0.0100,0.0000,0.0000,0.0000,0.0097,0.0002,200,0.6898
0.0134,0.0000,0.0000,0.0000,0.0133,0.0000,200,0.6864
0.0203,0.0000,0.0000,0.0000,0.0202,0.0000,200,0.6801
0.0080,0.0000,0.0000,0.0001,0.0078,0.0000,200,0.6928
0.0063,0.0000,0.0000,0.0000,0.0062,0.0001,200,0.6947
0.0043,0.0000,0.0000,0.0000,0.0041,0.0002,200,0.6973
0.0057,0.0000,0.0000,0.0000,0.0056,0.0000,200,0.6960
0.0105,0.0000,0.0000,0.0000,0.0104,0.0000,200,0.6917
0.0021,0.0000,0.0000,0.0000,0.0020,0.0001,200,0.7004
0.0046,0.0000,0.0000,0.0000,0.0046,0.0000,200,0.6986
0.0079,0.0000,0.0000,0.0001,0.0071,0.0007,200,0.6956
0.0039,0.0000,0.0000,0.0000,0.0038,0.0001,200,0.6998
0.0028,0.0000,0.0000,0.0000,0.0027,0.0001,200,0.7008
0.0048,0.0000,0.0000,0.0000,0.0045,0.0002,200,0.6999
0.0066,0.0000,0.0000,0.0000,0.0065,0.0001,200,0.6981
0.0217,0.0000,0.0000,0.0000,0.0216,0.0000,200,0.6834
0.0273,0.0000,0.0000,0.0000,0.0273,0.0000,200,0.6783
0.0410,0.0000,0.0000,0.0000,0.0407,0.0003,200,0.6652
0.0113,0.0000,0.0000,0.0000,0.0112,0.0000,200,0.6950
0.0404,0.0000,0.0000,0.0000,0.0403,0.0000,200,0.6662
0.0039,0.0000,0.0000,0.0000,0.0037,0.0002,200,0.7032
0.0061,0.0000,0.0000,0.0000,0.0060,0.0000,200,0.7010
0.0135,0.0000,0.0000,0.0001,0.0133,0.0001,200,0.6942
0.0008,0.0000,0.0000,0.0000,0.0007,0.0000,200,0.7071
0.0151,0.0000,0.0000,0.0000,0.0150,0.0000,200,0.6933
0.0116,0.0000,0.0000,0.0000,0.0115,0.0001,200,0.6971
0.0319,0.0000,0.0000,0.0000,0.0319,0.0000,200,0.6772
0.0025,0.0000,0.0000,0.0000,0.0024,0.0001,200,0.7071
0.0477,0.0000,0.0000,0.0000,0.0476,0.0000,200,0.6624
0.0066,0.0000,0.0000,0.0000,0.0066,0.0000,200,0.7035
0.0019,0.0000,0.0000,0.0000,0.0018,0.0000,200,0.7087
0.0192,0.0000,0.0000,0.0000,0.0191,0.0000,200,0.6921
0.0024,0.0000,0.0000,0.0000,0.0024,0.0000,200,0.7092
0.0404,0.0000,0.0000,0.0000,0.0402,0.0002,200,0.6713
0.0186,0.0000,0.0000,0.0000,0.0186,0.0000,200,0.6933
0.0159,0.0000,0.0000,0.0000,0.0158,0.0000,200,0.6961
0.0213,0.0000,0.0000,0.0000,0.0211,0.0002,200,0.6911
0.0102,0.0000,0.0000,0.0000,0.0099,0.0003,200,0.7025
0.0080,0.0000,0.0000,0.0000,0.0079,0.0000,200,0.7050
0.0118,0.0000,0.0000,0.0000,0.0117,0.0000,200,0.7017
0.0037,0.0000,0.0000,0.0000,0.0037,0.0000,200,0.7100
0.0152,0.0000,0.0000,0.0000,0.0151,0.0001,200,0.6991
0.0170,0.0000,0.0000,0.0000,0.0170,0.0000,200,0.6978
0.0023,0.0000,0.0000,0.0000,0.0022,0.0000,200,0.7127
0.0039,0.0000,0.0000,0.0000,0.0038,0.0001,200,0.7119
0.0123,0.0000,0.0000,0.0000,0.0122,0.0001,200,0.7037
0.0076,0.0000,0.0000,0.0001,0.0074,0.0000,200,0.7084
0.0029,0.0000,0.0000,0.0000,0.0028,0.0000,200,0.7135
0.0347,0.0000,0.0000,0.0000,0.0346,0.0000,200,0.6821
0.0094,0.0000,0.0000,0.0001,0.0093,0.0000,200,0.7079
0.0185,0.0000,0.0000,0.0000,0.0184,0.0000,200,0.6991
0.0023,0.0000,0.0000,0.0000,0.0021,0.0001,200,0.7160
0.0754,0.0000,0.0000,0.0000,0.0753,0.0001,200,0.6433
0.0239,0.0000,0.0000,0.0000,0.0239,0.0000,200,0.6950
0.0044,0.0000,0.0000,0.0000,0.0043,0.0000,200,0.7148
0.0135,0.0000,0.0000,0.0000,0.0133,0.0002,200,0.7063
0.0040,0.0000,0.0000,0.0000,0.0039,0.0000,200,0.7158
0.0107,0.0000,0.0000,0.0000,0.0106,0.0000,200,0.7097
0.0497,0.0000,0.0000,0.0000,0.0496,0.0000,200,0.6711
0.0150,0.0000,0.0000,0.0000,0.0148,0.0001,200,0.7063
0.0251,0.0000,0.0000,0.0000,0.0249,0.0001,200,0.6965
0.0366,0.0000,0.0000,0.0000,0.0364,0.0001,200,0.6853
0.0111,0.0000,0.0000,0.0000,0.0110,0.0000,200,0.7113
0.0869,0.0000,0.0000,0.0000,0.0868,0.0001,200,0.6357
0.0114,0.0000,0.0000,0.0000,0.0113,0.0000,200,0.7116
0.0111,0.0000,0.0000,0.0001,0.0109,0.0000,200,0.7124
0.0380,0.0000,0.0000,0.0000,0.0379,0.0001,200,0.6857
0.0510,0.0000,0.0000,0.0000,0.0509,0.0001,200,0.6735
0.0104,0.0000,0.0000,0.0000,0.0102,0.0000,200,0.7143
0.0187,0.0000,0.0000,0.0000,0.0186,0.0000,200,0.7066
0.0087,0.0000,0.0000,0.0000,0.0086,0.0000,200,0.7169
0.0063,0.0000,0.0000,0.0000,0.0063,0.0000,200,0.7198
0.0023,0.0000,0.0000,0.0000,0.0022,0.0000,200,0.7244
0.0095,0.0000,0.0000,0.0000,0.0094,0.0001,200,0.7176
0.0088,0.0000,0.0000,0.0000,0.0087,0.0000,200,0.7187
0.0116,0.0000,0.0000,0.0000,0.0115,0.0000,200,0.7160
0.0175,0.0000,0.0000,0.0000,0.0174,0.0000,200,0.7106
0.0054,0.0000,0.0000,0.0000,0.0052,0.0002,200,0.7227
0.0231,0.0000,0.0000,0.0007,0.0223,0.0001,200,0.7056
0.0702,0.0000,0.0000,0.0000,0.0701,0.0000,200,0.6588
0.0032,0.0000,0.0000,0.0000,0.0031,0.0000,200,0.7261
0.0106,0.0000,0.0000,0.0000,0.0105,0.0001,200,0.7192
0.0381,0.0000,0.0000,0.0000,0.0380,0.0001,200,0.6924
0.0168,0.0000,0.0000,0.0000,0.0167,0.0000,200,0.7138
0.0067,0.0000,0.0000,0.0000,0.0066,0.0000,200,0.7240
0.0441,0.0000,0.0000,0.0000,0.0441,0.0000,200,0.6869
0.0165,0.0000,0.0000,0.0000,0.0164,0.0000,200,0.7151
0.0012,0.0000,0.0000,0.0000,0.0010,0.0000,200,0.7306
0.0107,0.0000,0.0000,0.0000,0.0106,0.0000,200,0.7216
0.0991,0.0000,0.0000,0.0000,0.0991,0.0000,200,0.6333
0.0040,0.0000,0.0000,0.0000,0.0039,0.0001,200,0.7287
0.0043,0.0000,0.0000,0.0000,0.0041,0.0002,200,0.7290
0.0084,0.0000,0.0000,0.0000,0.0082,0.0001,200,0.7253
0.0410,0.0000,0.0000,0.0000,0.0409,0.0000,200,0.6929
0.0228,0.0000,0.0000,0.0000,0.0225,0.0003,200,0.7119
0.0568,0.0000,0.0000,0.0000,0.0568,0.0000,200,0.6783
0.0064,0.0000,0.0000,0.0000,0.0063,0.0001,200,0.7293
0.0138,0.0000,0.0000,0.0000,0.0136,0.0002,200,0.7219
0.0042,0.0000,0.0000,0.0000,0.0042,0.0000,200,0.7318
0.0013,0.0000,0.0000,0.0000,0.0012,0.0001,200,0.7351
0.0472,0.0000,0.0000,0.0000,0.0460,0.0001,200,0.6897
0.0169,0.0000,0.0000,0.0000,0.0167,0.0002,200,0.7204
0.0115,0.0000,0.0000,0.0000,0.0112,0.0002,200,0.7267
0.0084,0.0000,0.0000,0.0000,0.0084,0.0000,200,0.7298
0.0636,0.0000,0.0000,0.0000,0.0635,0.0000,200,0.6747
0.0014,0.0000,0.0000,0.0000,0.0013,0.0000,200,0.7373
0.0352,0.0000,0.0000,0.0000,0.0351,0.0000,200,0.7036
0.0066,0.0000,0.0000,0.0000,0.0066,0.0000,200,0.7324
0.0146,0.0000,0.0000,0.0000,0.0144,0.0000,200,0.7247
0.0126,0.0000,0.0000,0.0000,0.0123,0.0002,200,0.7276
0.0064,0.0000,0.0000,0.0000,0.0063,0.0001,200,0.7339
0.0691,0.0000,0.0000,0.0000,0.0690,0.0000,200,0.6718
0.0023,0.0000,0.0000,0.0000,0.0022,0.0000,200,0.7388
0.0141,0.0000,0.0000,0.0000,0.0140,0.0000,200,0.7275
0.0515,0.0000,0.0000,0.0000,0.0514,0.0000,200,0.6902
0.0347,0.0000,0.0000,0.0000,0.0345,0.0002,200,0.7077
0.0147,0.0000,0.0000,0.0000,0.0146,0.0000,200,0.7281
0.0203,0.0000,0.0000,0.0000,0.0198,0.0004,200,0.7230
0.0303,0.0000,0.0000,0.0000,0.0302,0.0000,200,0.7130
0.0152,0.0000,0.0000,0.0000,0.0151,0.0000,200,0.7281
0.0116,0.0000,0.0000,0.0000,0.0115,0.0000,200,0.7323
0.0112,0.0000,0.0000,0.0000,0.0109,0.0002,200,0.7333
0.0400,0.0000,0.0000,0.0000,0.0399,0.0000,200,0.7047
0.0426,0.0000,0.0000,0.0000,0.0422,0.0003,200,0.7022
0.0059,0.0000,0.0000,0.0000,0.0058,0.0001,200,0.7393
0.0518,0.0000,0.0000,0.0000,0.0517,0.0001,200,0.6937
0.0097,0.0000,0.0000,0.0000,0.0096,0.0001,200,0.7360
0.0299,0.0000,0.0000,0.0000,0.0297,0.0001,200,0.7164
0.0364,0.0000,0.0000,0.0004,0.0359,0.0000,200,0.7102
0.0247,0.0000,0.0000,0.0000,0.0246,0.0000,200,0.7224
0.0422,0.0000,0.0000,0.0000,0.0421,0.0000,200,0.7051
0.0010,0.0000,0.0000,0.0000,0.0010,0.0000,200,0.7466
0.0078,0.0000,0.0000,0.0003,0.0073,0.0001,200,0.7403
0.0012,0.0000,0.0000,0.0000,0.0012,0.0000,200,0.7471
0.0043,0.0000,0.0000,0.0002,0.0040,0.0000,200,0.7445
0.0103,0.0000,0.0000,0.0000,0.0100,0.0003,200,0.7391
0.0265,0.0000,0.0000,0.0000,0.0262,0.0003,200,0.7235
0.0132,0.0000,0.0000,0.0000,0.0132,0.0000,200,0.7369
0.0122,0.0000,0.0000,0.0000,0.0121,0.0000,200,0.7383
0.0055,0.0000,0.0000,0.0001,0.0053,0.0000,200,0.7452
0.0129,0.0000,0.0000,0.0000,0.0128,0.0001,200,0.7382
0.0316,0.0000,0.0000,0.0000,0.0315,0.0000,200,0.7198
0.0109,0.0000,0.0000,0.0000,0.0107,0.0000,200,0.7409
0.0008,0.0000,0.0000,0.0000,0.0007,0.0000,200,0.7514
0.0061,0.0000,0.0000,0.0000,0.0059,0.0002,200,0.7463
0.0216,0.0000,0.0000,0.0000,0.0215,0.0001,200,0.7316
0.0046,0.0000,0.0000,0.0000,0.0042,0.0001,200,0.7488
0.0111,0.0000,0.0000,0.0001,0.0110,0.0000,200,0.7424
0.0520,0.0000,0.0000,0.0004,0.0512,0.0004,200,0.7017
0.0099,0.0000,0.0000,0.0000,0.0098,0.0000,200,0.7439
0.0127,0.0000,0.0000,0.0000,0.0126,0.0001,200,0.7416
0.0101,0.0000,0.0000,0.0000,0.0098,0.0003,200,0.7447
0.0069,0.0000,0.0000,0.0000,0.0065,0.0001,200,0.7481
0.0172,0.0000,0.0000,0.0000,0.0171,0.0000,200,0.7383
0.0236,0.0000,0.0000,0.0000,0.0235,0.0000,200,0.7327
0.0116,0.0000,0.0000,0.0000,0.0115,0.0000,200,0.7447
0.0017,0.0000,0.0000,0.0000,0.0016,0.0001,200,0.7548
0.0178,0.0000,0.0000,0.0000,0.0177,0.0000,200,0.7387
0.0077,0.0000,0.0000,0.0000,0.0076,0.0001,200,0.7494
0.0217,0.0000,0.0000,0.0000,0.0215,0.0000,200,0.7357
0.0390,0.0000,0.0000,0.0000,0.0389,0.0000,200,0.7189
0.0371,0.0000,0.0000,0.0000,0.0371,0.0000,200,0.7213
0.0274,0.0000,0.0000,0.0000,0.0274,0.0000,200,0.7311
0.0053,0.0000,0.0000,0.0000,0.0053,0.0000,200,0.7532
0.0158,0.0000,0.0000,0.0000,0.0157,0.0000,200,0.7433
0.0136,0.0000,0.0000,0.0002,0.0134,0.0000,200,0.7454
0.0120,0.0000,0.0000,0.0000,0.0119,0.0000,200,0.7476
0.0481,0.0000,0.0000,0.0001,0.0480,0.0000,200,0.7117
0.0040,0.0000,0.0000,0.0000,0.0039,0.0000,200,0.7565
0.0094,0.0000,0.0000,0.0000,0.0093,0.0000,200,0.7512
0.0054,0.0000,0.0000,0.0000,0.0053,0.0001,200,0.7555
0.0027,0.0000,0.0000,0.0000,0.0026,0.0000,200,0.7585
0.0110,0.0000,0.0000,0.0000,0.0109,0.0001,200,0.7507
0.0119,0.0000,0.0000,0.0000,0.0118,0.0000,200,0.7500
0.0329,0.0000,0.0000,0.0000,0.0328,0.0001,200,0.7307
0.0115,0.0000,0.0000,0.0000,0.0114,0.0000,200,0.7522
0.0075,0.0000,0.0000,0.0000,0.0068,0.0007,200,0.7563
0.0048,0.0000,0.0000,0.0000,0.0048,0.0000,200,0.7596
0.0214,0.0000,0.0000,0.0000,0.0214,0.0001,200,0.7433
0.0150,0.0000,0.0000,0.0000,0.0149,0.0001,200,0.7505
0.0108,0.0000,0.0000,0.0000,0.0107,0.0000,200,0.7550
0.0312,0.0000,0.0000,0.0000,0.0311,0.0000,200,0.7348
0.0081,0.0000,0.0000,0.0000,0.0081,0.0000,200,0.7585
0.0460,0.0000,0.0000,0.0000,0.0456,0.0004,200,0.7208
0.0091,0.0000,0.0000,0.0000,0.0083,0.0008,200,0.7591
0.0049,0.0000,0.0000,0.0001,0.0045,0.0003,200,0.7637
0.0256,0.0000,0.0000,0.0000,0.0255,0.0000,200,0.7483
0.0319,0.0000,0.0000,0.0000,0.0319,0.0000,200,0.7428
0.0080,0.0000,0.0000,0.0000,0.0079,0.0000,200,0.7669
0.0185,0.0000,0.0000,0.0000,0.0185,0.0001,200,0.7563
0.0137,0.0000,0.0000,0.0000,0.0136,0.0000,200,0.7612
0.0132,0.0000,0.0000,0.0000,0.0130,0.0001,200,0.7617
0.0872,0.0000,0.0000,0.0000,0.0867,0.0000,200,0.6877
0.0170,0.0000,0.0000,0.0001,0.0169,0.0000,200,0.7579
0.0185,0.0000,0.0000,0.0000,0.0184,0.0000,200,0.7565
0.0144,0.0000,0.0000,0.0000,0.0144,0.0000,200,0.7605
0.0106,0.0000,0.0000,0.0000,0.0105,0.0000,200,0.7644
0.0568,0.0000,0.0000,0.0000,0.0568,0.0000,200,0.7182
0.0393,0.0000,0.0000,0.0000,0.0392,0.0000,200,0.7357
0.0091,0.0000,0.0000,0.0000,0.0091,0.0000,200,0.7660
0.0160,0.0000,0.0000,0.0000,0.0160,0.0000,200,0.7591
0.0146,0.0000,0.0000,0.0000,0.0145,0.0000,200,0.7606
0.0210,0.0000,0.0000,0.0000,0.0206,0.0002,200,0.7544
0.0283,0.0000,0.0000,0.0000,0.0282,0.0000,200,0.7472
0.0187,0.0000,0.0000,0.0000,0.0185,0.0002,200,0.7574
0.0345,0.0000,0.0000,0.0000,0.0344,0.0000,200,0.7416
0.0262,0.0000,0.0000,0.0000,0.0261,0.0000,200,0.7501
0.0496,0.0000,0.0000,0.0000,0.0494,0.0001,200,0.7271
0.0595,0.0000,0.0000,0.0000,0.0595,0.0000,200,0.7173
0.0117,0.0000,0.0000,0.0001,0.0115,0.0000,200,0.7655
0.0472,0.0000,0.0000,0.0000,0.0470,0.0000,200,0.7305
0.0172,0.0000,0.0000,0.0000,0.0171,0.0000,200,0.7609
0.0247,0.0000,0.0000,0.0000,0.0246,0.0000,200,0.7535
0.0028,0.0000,0.0000,0.0000,0.0027,0.0000,200,0.7761
0.0342,0.0000,0.0000,0.0000,0.0342,0.0000,200,0.7457
0.0201,0.0000,0.0000,0.0000,0.0200,0.0000,200,0.7599
0.0052,0.0000,0.0000,0.0000,0.0051,0.0000,200,0.7749
0.0134,0.0000,0.0000,0.0000,0.0133,0.0000,200,0.7666
0.0281,0.0000,0.0000,0.0000,0.0280,0.0000,200,0.7524
0.0063,0.0000,0.0000,0.0000,0.0063,0.0000,200,0.7748
0.0199,0.0000,0.0000,0.0000,0.0198,0.0001,200,0.7619
0.0418,0.0000,0.0000,0.0000,0.0414,0.0000,200,0.7402
0.0287,0.0000,0.0000,0.0000,0.0286,0.0000,200,0.7537
0.0570,0.0000,0.0000,0.0000,0.0570,0.0001,200,0.7256
0.0082,0.0000,0.0000,0.0000,0.0081,0.0001,200,0.7750
0.0016,0.0000,0.0000,0.0000,0.0016,0.0000,200,0.7820
0.0088,0.0000,0.0000,0.0000,0.0087,0.0000,200,0.7751
0.0037,0.0000,0.0000,0.0000,0.0036,0.0000,200,0.7805
0.0014,0.0000,0.0000,0.0000,0.0013,0.0001,200,0.7831
0.0101,0.0000,0.0000,0.0000,0.0101,0.0000,200,0.7752
0.0076,0.0000,0.0000,0.0000,0.0076,0.0000,200,0.7776
0.0107,0.0000,0.0000,0.0000,0.0106,0.0002,200,0.7750
0.0113,0.0000,0.0000,0.0000,0.0112,0.0001,200,0.7748
0.0098,0.0000,0.0000,0.0000,0.0097,0.0001,200,0.7767
0.0121,0.0000,0.0000,0.0000,0.0118,0.0002,200,0.7750
0.0055,0.0000,0.0000,0.0000,0.0054,0.0001,200,0.7818
0.0219,0.0000,0.0000,0.0000,0.0218,0.0001,200,0.7657
0.0544,0.0000,0.0000,0.0000,0.0542,0.0002,200,0.7338
0.0136,0.0000,0.0000,0.0000,0.0133,0.0003,200,0.7751
0.0111,0.0000,0.0000,0.0000,0.0109,0.0001,200,0.7781
0.0143,0.0000,0.0000,0.0000,0.0142,0.0000,200,0.7749
0.0216,0.0000,0.0000,0.0001,0.0211,0.0004,200,0.7686
0.0134,0.0000,0.0000,0.0004,0.0128,0.0000,200,0.7768
0.0032,0.0000,0.0000,0.0000,0.0031,0.0000,200,0.7871
0.0048,0.0000,0.0000,0.0000,0.0047,0.0000,200,0.7858
0.0058,0.0000,0.0000,0.0000,0.0056,0.0001,200,0.7853
0.0085,0.0000,0.0000,0.0000,0.0084,0.0000,200,0.7826
0.0175,0.0000,0.0000,0.0000,0.0168,0.0006,200,0.7748
0.0099,0.0000,0.0000,0.0000,0.0098,0.0000,200,0.7824
0.0047,0.0000,0.0000,0.0000,0.0046,0.0000,200,0.7877
0.0112,0.0000,0.0000,0.0000,0.0111,0.0000,200,0.7812
0.0047,0.0000,0.0000,0.0000,0.0046,0.0000,200,0.7882
0.0363,0.0000,0.0000,0.0000,0.0362,0.0000,200,0.7571
0.0073,0.0000,0.0000,0.0000,0.0072,0.0001,200,0.7865
0.0033,0.0000,0.0000,0.0000,0.0032,0.0000,200,0.7910
0.0086,0.0000,0.0000,0.0000,0.0085,0.0001,200,0.7861
0.0040,0.0000,0.0000,0.0000,0.0039,0.0001,200,0.7911
0.0032,0.0000,0.0000,0.0000,0.0031,0.0000,200,0.7923
0.0020,0.0000,0.0000,0.0000,0.0019,0.0001,200,0.7938
0.0074,0.0000,0.0000,0.0000,0.0073,0.0000,200,0.7887
0.0165,0.0000,0.0000,0.0000,0.0163,0.0002,200,0.7801
0.0061,0.0000,0.0000,0.0000,0.0060,0.0001,200,0.7905
0.0131,0.0000,0.0000,0.0000,0.0131,0.0000,200,0.7839
0.0028,0.0000,0.0000,0.0000,0.0028,0.0000,200,0.7947
0.0021,0.0000,0.0000,0.0000,0.0019,0.0001,200,0.7958
0.0467,0.0000,0.0000,0.0000,0.0465,0.0002,200,0.7518
0.0243,0.0000,0.0000,0.0000,0.0241,0.0002,200,0.7751
0.0314,0.0000,0.0000,0.0004,0.0301,0.0008,200,0.7682
0.0100,0.0000,0.0000,0.0000,0.0094,0.0004,200,0.7903
0.0203,0.0000,0.0000,0.0000,0.0197,0.0005,200,0.7801
0.0120,0.0000,0.0000,0.0000,0.0118,0.0002,200,0.7892
0.0117,0.0000,0.0000,0.0000,0.0111,0.0005,200,0.7892
0.0091,0.0000,0.0000,0.0000,0.0083,0.0006,200,0.7923
0.0609,0.0000,0.0000,0.0000,0.0608,0.0000,200,0.7411
0.0239,0.0000,0.0000,0.0000,0.0238,0.0000,200,0.7782
0.0282,0.0000,0.0000,0.0000,0.0281,0.0000,200,0.7739
0.0388,0.0000,0.0000,0.0000,0.0386,0.0000,200,0.7637
0.0596,0.0000,0.0000,0.0000,0.0596,0.0000,200,0.7433
0.0070,0.0000,0.0000,0.0000,0.0067,0.0002,200,0.7966
0.0194,0.0000,0.0000,0.0000,0.0193,0.0000,200,0.7842
0.0109,0.0000,0.0000,0.0000,0.0108,0.0001,200,0.7929
0.0074,0.0000,0.0000,0.0000,0.0073,0.0001,200,0.7970
0.0409,0.0000,0.0000,0.0000,0.0408,0.0000,200,0.7637
0.0290,0.0000,0.0000,0.0000,0.0287,0.0002,200,0.7763
0.0110,0.0000,0.0000,0.0000,0.0110,0.0000,200,0.7943
0.0127,0.0000,0.0000,0.0000,0.0126,0.0001,200,0.7934
0.0138,0.0000,0.0000,0.0001,0.0132,0.0005,200,0.7923
0.0419,0.0000,0.0000,0.0000,0.0418,0.0001,200,0.7648
0.0073,0.0000,0.0000,0.0002,0.0071,0.0000,200,0.7994
0.0534,0.0000,0.0000,0.0000,0.0533,0.0001,200,0.7537
0.0230,0.0000,0.0000,0.0000,0.0229,0.0000,200,0.7846
0.0493,0.0000,0.0000,0.0000,0.0487,0.0001,200,0.7584
0.0036,0.0000,0.0000,0.0000,0.0035,0.0000,200,0.8046
0.0338,0.0000,0.0000,0.0000,0.0337,0.0000,200,0.7750
0.0060,0.0000,0.0000,0.0000,0.0060,0.0000,200,0.8029
0.0339,0.0000,0.0000,0.0000,0.0338,0.0000,200,0.7753
0.0194,0.0000,0.0000,0.0000,0.0193,0.0001,200,0.7903
0.0085,0.0000,0.0000,0.0000,0.0083,0.0001,200,0.8015
0.0109,0.0000,0.0000,0.0006,0.0101,0.0001,200,0.7996
0.0084,0.0000,0.0000,0.0000,0.0083,0.0000,200,0.8025
0.0078,0.0000,0.0000,0.0000,0.0078,0.0000,200,0.8036
0.0015,0.0000,0.0000,0.0000,0.0014,0.0000,200,0.8099
0.0039,0.0000,0.0000,0.0000,0.0038,0.0001,200,0.8078
0.0104,0.0000,0.0000,0.0000,0.0100,0.0003,200,0.8021
0.0112,0.0000,0.0000,0.0000,0.0111,0.0001,200,0.8013
0.0225,0.0000,0.0000,0.0000,0.0225,0.0000,200,0.7902
0.0097,0.0000,0.0000,0.0000,0.0095,0.0001,200,0.8036
0.0087,0.0000,0.0000,0.0000,0.0086,0.0000,200,0.8053
0.0182,0.0000,0.0000,0.0000,0.0181,0.0001,200,0.7961
0.0195,0.0000,0.0000,0.0000,0.0192,0.0003,200,0.7955
0.0351,0.0000,0.0000,0.0000,0.0351,0.0000,200,0.7799
0.0049,0.0000,0.0000,0.0000,0.0046,0.0003,200,0.8109
0.0405,0.0000,0.0000,0.0000,0.0405,0.0000,200,0.7756
0.0183,0.0000,0.0000,0.0006,0.0176,0.0000,200,0.7979
0.0046,0.0000,0.0000,0.0000,0.0046,0.0000,200,0.8116
0.0374,0.0000,0.0000,0.0000,0.0373,0.0000,200,0.7789
0.0333,0.0000,0.0000,0.0000,0.0333,0.0000,200,0.7836
0.0106,0.0000,0.0000,0.0000,0.0106,0.0000,200,0.8071
0.0053,0.0000,0.0000,0.0001,0.0051,0.0000,200,0.8125
0.0175,0.0000,0.0000,0.0011,0.0164,0.0000,200,0.8003
0.0033,0.0000,0.0000,0.0000,0.0033,0.0000,200,0.8151
0.0059,0.0000,0.0000,0.0000,0.0054,0.0001,200,0.8133
0.0011,0.0000,0.0000,0.0000,0.0011,0.0000,200,0.8184
0.0176,0.0000,0.0000,0.0000,0.0174,0.0001,200,0.8021
0.0072,0.0000,0.0000,0.0000,0.0071,0.0000,200,0.8127
0.0667,0.0000,0.0000,0.0000,0.0666,0.0000,200,0.7534
0.0056,0.0000,0.0000,0.0000,0.0054,0.0001,200,0.8150
0.0356,0.0000,0.0000,0.0000,0.0355,0.0000,200,0.7853
0.0229,0.0000,0.0000,0.0003,0.0225,0.0000,200,0.7985
0.0203,0.0000,0.0000,0.0000,0.0201,0.0001,200,0.8014
0.0021,0.0000,0.0000,0.0000,0.0021,0.0000,200,0.8199
0.0186,0.0000,0.0000,0.0000,0.0185,0.0000,200,0.8038
0.0478,0.0000,0.0000,0.0000,0.0477,0.0001,200,0.7749
0.0229,0.0000,0.0000,0.0011,0.0214,0.0003,200,0.8003
0.0281,0.0000,0.0000,0.0000,0.0277,0.0000,200,0.7952
0.0133,0.0000,0.0000,0.0000,0.0132,0.0000,200,0.8104
0.0020,0.0000,0.0000,0.0000,0.0019,0.0000,200,0.8220
0.0105,0.0000,0.0000,0.0001,0.0103,0.0000,200,0.8140
0.0186,0.0000,0.0000,0.0000,0.0185,0.0000,200,0.8061
0.0015,0.0000,0.0000,0.0000,0.0014,0.0000,200,0.8238
0.0095,0.0000,0.0000,0.0000,0.0094,0.0000,200,0.8163
0.0097,0.0000,0.0000,0.0000,0.0095,0.0001,200,0.8163
0.0151,0.0000,0.0000,0.0000,0.0149,0.0002,200,0.8114
0.0053,0.0000,0.0000,0.0000,0.0052,0.0000,200,0.8214
0.0112,0.0000,0.0000,0.0001,0.0106,0.0005,200,0.8161
0.0206,0.0000,0.0000,0.0000,0.0205,0.0001,200,0.8067
0.0190,0.0000,0.0000,0.0000,0.0186,0.0003,200,0.8087
0.0026,0.0000,0.0000,0.0000,0.0026,0.0000,200,0.8258
0.0523,0.0000,0.0000,0.0000,0.0522,0.0001,200,0.7761
0.0080,0.0000,0.0000,0.0000,0.0079,0.0000,200,0.8209
0.0201,0.0000,0.0000,0.0000,0.0201,0.0000,200,0.8092
0.0134,0.0000,0.0000,0.0000,0.0133,0.0001,200,0.8162
0.0125,0.0000,0.0000,0.0000,0.0123,0.0000,200,0.8178
0.0253,0.0000,0.0000,0.0000,0.0252,0.0000,200,0.8053
0.0046,0.0000,0.0000,0.0000,0.0045,0.0000,200,0.8265
0.0115,0.0000,0.0000,0.0000,0.0115,0.0000,200,0.8197
0.0246,0.0000,0.0000,0.0000,0.0245,0.0000,200,0.8067
0.0342,0.0000,0.0000,0.0000,0.0341,0.0000,200,0.7976
0.0211,0.0000,0.0000,0.0000,0.0209,0.0002,200,0.8114
0.0552,0.0000,0.0000,0.0000,0.0552,0.0000,200,0.7772
0.0104,0.0000,0.0000,0.0001,0.0102,0.0000,200,0.8227
0.0129,0.0000,0.0000,0.0000,0.0127,0.0001,200,0.8206
0.0081,0.0000,0.0000,0.0000,0.0080,0.0000,200,0.8260
0.0164,0.0000,0.0000,0.0000,0.0160,0.0003,200,0.8179
0.0979,0.0000,0.0000,0.0000,0.0979,0.0000,200,0.7364
0.0100,0.0000,0.0000,0.0000,0.0099,0.0001,200,0.8245
0.0182,0.0000,0.0000,0.0000,0.0181,0.0001,200,0.8169
0.0231,0.0000,0.0000,0.0001,0.0226,0.0002,200,0.8125
0.0155,0.0000,0.0000,0.0000,0.0154,0.0000,200,0.8201
0.0141,0.0000,0.0000,0.0000,0.0137,0.0003,200,0.8224
0.0092,0.0000,0.0000,0.0000,0.0091,0.0000,200,0.8273
0.0083,0.0000,0.0000,0.0001,0.0081,0.0000,200,0.8284
0.0035,0.0000,0.0000,0.0000,0.0033,0.0000,200,0.8335
0.0043,0.0000,0.0000,0.0000,0.0042,0.0000,200,0.8331
0.0189,0.0000,0.0000,0.0000,0.0187,0.0001,200,0.8191
0.0068,0.0000,0.0000,0.0000,0.0068,0.0000,200,0.8312
0.0592,0.0000,0.0000,0.0000,0.0591,0.0000,200,0.7799
0.0095,0.0000,0.0000,0.0000,0.0094,0.0000,200,0.8296
0.0310,0.0000,0.0000,0.0000,0.0302,0.0007,200,0.8082
0.0030,0.0000,0.0000,0.0000,0.0029,0.0000,200,0.8364
0.0030,0.0000,0.0000,0.0000,0.0029,0.0001,200,0.8370
0.0085,0.0000,0.0000,0.0000,0.0084,0.0001,200,0.8318
0.0164,0.0000,0.0000,0.0000,0.0163,0.0001,200,0.8241
0.0027,0.0000,0.0000,0.0001,0.0024,0.0001,200,0.8380
0.0070,0.0000,0.0000,0.0000,0.0069,0.0000,200,0.8341
0.0111,0.0000,0.0000,0.0000,0.0111,0.0000,200,0.8303
0.0136,0.0000,0.0000,0.0000,0.0134,0.0001,200,0.8284
0.0244,0.0000,0.0000,0.0000,0.0243,0.0000,200,0.8178
0.0193,0.0000,0.0000,0.0000,0.0193,0.0000,200,0.8232
0.0234,0.0000,0.0000,0.0000,0.0233,0.0000,200,0.8195
0.0040,0.0000,0.0000,0.0000,0.0040,0.0000,200,0.8392
0.0037,0.0000,0.0000,0.0000,0.0035,0.0002,200,0.8399
0.0166,0.0000,0.0000,0.0000,0.0165,0.0000,200,0.8273
0.0067,0.0000,0.0000,0.0000,0.0067,0.0000,200,0.8374
0.0303,0.0000,0.0000,0.0000,0.0302,0.0000,200,0.8144
0.0578,0.0000,0.0000,0.0000,0.0576,0.0001,200,0.7873
0.0021,0.0000,0.0000,0.0000,0.0021,0.0000,200,0.8433
0.0228,0.0000,0.0000,0.0000,0.0226,0.0001,200,0.8232
0.0371,0.0000,0.0000,0.0000,0.0370,0.0000,200,0.8090
0.0067,0.0000,0.0000,0.0000,0.0066,0.0001,200,0.8403
0.0166,0.0000,0.0000,0.0000,0.0165,0.0000,200,0.8306
0.0130,0.0000,0.0000,0.0000,0.0129,0.0000,200,0.8345
0.0182,0.0000,0.0000,0.0000,0.0181,0.0000,200,0.8294
0.0109,0.0000,0.0000,0.0000,0.0105,0.0003,200,0.8367
0.0229,0.0000,0.0000,0.0000,0.0228,0.0001,200,0.8253
0.0329,0.0000,0.0000,0.0000,0.0328,0.0001,200,0.8158
0.0222,0.0000,0.0000,0.0000,0.0221,0.0001,200,0.8267
0.0428,0.0000,0.0000,0.0000,0.0428,0.0000,200,0.8062
0.0569,0.0000,0.0000,0.0000,0.0567,0.0000,200,0.7922
0.0022,0.0000,0.0000,0.0000,0.0021,0.0000,200,0.8472
0.0083,0.0000,0.0000,0.0000,0.0082,0.0000,200,0.8415
0.0258,0.0000,0.0000,0.0000,0.0258,0.0000,200,0.8247
0.0216,0.0000,0.0000,0.0000,0.0215,0.0001,200,0.8289
0.0082,0.0000,0.0000,0.0000,0.0081,0.0000,200,0.8426
0.0019,0.0000,0.0000,0.0000,0.0016,0.0003,200,0.8490
0.0238,0.0000,0.0000,0.0000,0.0237,0.0000,200,0.8278
0.0207,0.0000,0.0000,0.0000,0.0206,0.0000,200,0.8311
0.0072,0.0000,0.0000,0.0000,0.0071,0.0001,200,0.8451
0.0136,0.0000,0.0000,0.0000,0.0136,0.0000,200,0.8392
0.0139,0.0000,0.0000,0.0000,0.0138,0.0000,200,0.8392
0.0491,0.0000,0.0000,0.0000,0.0490,0.0000,200,0.8044
0.0790,0.0000,0.0000,0.0000,0.0790,0.0000,200,0.7749
0.0121,0.0000,0.0000,0.0000,0.0121,0.0000,200,0.8421
0.0194,0.0000,0.0000,0.0000,0.0192,0.0002,200,0.8356
0.0069,0.0000,0.0000,0.0000,0.0068,0.0000,200,0.8487
0.0019,0.0000,0.0000,0.0000,0.0016,0.0002,200,0.8539
0.0483,0.0000,0.0000,0.0000,0.0483,0.0000,200,0.8076
0.0069,0.0000,0.0000,0.0000,0.0068,0.0000,200,0.8498
0.0226,0.0000,0.0000,0.0000,0.0224,0.0000,200,0.8343
0.0111,0.0000,0.0000,0.0000,0.0111,0.0000,200,0.8460
0.0100,0.0000,0.0000,0.0000,0.0099,0.0001,200,0.8476
0.0614,0.0000,0.0000,0.0001,0.0612,0.0000,200,0.7967
0.0239,0.0000,0.0000,0.0000,0.0238,0.0000,200,0.8342
0.0181,0.0000,0.0000,0.0000,0.0179,0.0000,200,0.8405
0.0194,0.0000,0.0000,0.0000,0.0193,0.0000,200,0.8394
0.0242,0.0000,0.0000,0.0000,0.0240,0.0001,200,0.8352
0.0288,0.0000,0.0000,0.0000,0.0287,0.0000,200,0.8312
0.0070,0.0000,0.0000,0.0000,0.0070,0.0000,200,0.8530
0.0030,0.0000,0.0000,0.0001,0.0028,0.0000,200,0.8576
0.0100,0.0000,0.0000,0.0000,0.0099,0.0000,200,0.8509
0.0086,0.0000,0.0000,0.0000,0.0083,0.0002,200,0.8528
0.0109,0.0000,0.0000,0.0000,0.0109,0.0001,200,0.8507
0.0022,0.0000,0.0000,0.0000,0.0021,0.0001,200,0.8600
0.0143,0.0000,0.0000,0.0000,0.0142,0.0001,200,0.8482
0.0072,0.0000,0.0000,0.0000,0.0069,0.0003,200,0.8559
0.0140,0.0000,0.0000,0.0000,0.0139,0.0000,200,0.8491
0.0055,0.0000,0.0000,0.0000,0.0053,0.0002,200,0.8581
0.0059,0.0000,0.0000,0.0000,0.0058,0.0000,200,0.8581
0.0036,0.0000,0.0000,0.0000,0.0036,0.0000,200,0.8605
0.0318,0.0000,0.0000,0.0000,0.0318,0.0000,200,0.8325
0.0034,0.0000,0.0000,0.0000,0.0033,0.0000,200,0.8614
0.0011,0.0000,0.0000,0.0000,0.0010,0.0001,200,0.8642
0.0288,0.0000,0.0000,0.0000,0.0287,0.0001,200,0.8365
0.0197,0.0000,0.0000,0.0000,0.0195,0.0002,200,0.8461
0.0257,0.0000,0.0000,0.0000,0.0256,0.0001,200,0.8407
0.0235,0.0000,0.0000,0.0000,0.0234,0.0000,200,0.8429
0.0176,0.0000,0.0000,0.0000,0.0175,0.0000,200,0.8493
0.0010,0.0000,0.0000,0.0000,0.0010,0.0000,200,0.8664
0.0171,0.0000,0.0000,0.0000,0.0170,0.0000,200,0.8505
0.0107,0.0000,0.0000,0.0000,0.0106,0.0000,200,0.8569
0.0242,0.0000,0.0000,0.0000,0.0242,0.0000,200,0.8441
0.0049,0.0000,0.0000,0.0000,0.0043,0.0002,200,0.8636
0.0013,0.0000,0.0000,0.0000,0.0011,0.0002,200,0.8676
0.0125,0.0000,0.0000,0.0000,0.0124,0.0001,200,0.8566
0.0082,0.0000,0.0000,0.0000,0.0081,0.0000,200,0.8617
0.0113,0.0000,0.0000,0.0000,0.0111,0.0000,200,0.8586
0.0186,0.0000,0.0000,0.0000,0.0184,0.0001,200,0.8516
0.0205,0.0000,0.0000,0.0000,0.0204,0.0000,200,0.8505
0.0027,0.0000,0.0000,0.0000,0.0025,0.0001,200,0.8691
0.0704,0.0000,0.0000,0.0000,0.0703,0.0000,200,0.8020
0.0036,0.0000,0.0000,0.0000,0.0035,0.0000,200,0.8702
0.0131,0.0000,0.0000,0.0000,0.0130,0.0000,200,0.8608
0.0070,0.0000,0.0000,0.0001,0.0069,0.0000,200,0.8669
0.0120,0.0000,0.0000,0.0000,0.0119,0.0000,200,0.8631
0.0330,0.0000,0.0000,0.0000,0.0329,0.0000,200,0.8421
0.0297,0.0000,0.0000,0.0000,0.0297,0.0000,200,0.8454
0.0163,0.0000,0.0000,0.0001,0.0160,0.0001,200,0.8593
0.0351,0.0000,0.0000,0.0000,0.0350,0.0000,200,0.8411
0.0177,0.0000,0.0000,0.0000,0.0176,0.0000,200,0.8600
0.0302,0.0000,0.0000,0.0000,0.0302,0.0000,200,0.8476
0.0156,0.0000,0.0000,0.0000,0.0154,0.0001,200,0.8622
0.0096,0.0000,0.0000,0.0000,0.0095,0.0000,200,0.8683
0.0105,0.0000,0.0000,0.0000,0.0104,0.0000,200,0.8674
0.0032,0.0000,0.0000,0.0000,0.0031,0.0001,200,0.8752
0.0093,0.0000,0.0000,0.0000,0.0093,0.0000,200,0.8698
0.0107,0.0000,0.0000,0.0002,0.0104,0.0000,200,0.8685
0.0576,0.0000,0.0000,0.0000,0.0575,0.0001,200,0.8216
0.0063,0.0000,0.0000,0.0000,0.0062,0.0000,200,0.8738
0.0420,0.0000,0.0000,0.0000,0.0420,0.0000,200,0.8381
0.0156,0.0000,0.0000,0.0000,0.0155,0.0000,200,0.8648
0.0055,0.0000,0.0000,0.0000,0.0055,0.0000,200,0.8751
0.0033,0.0000,0.0000,0.0000,0.0032,0.0000,200,0.8778
0.0105,0.0000,0.0000,0.0000,0.0105,0.0000,200,0.8710
0.0069,0.0000,0.0000,0.0000,0.0068,0.0001,200,0.8751
0.0306,0.0000,0.0000,0.0000,0.0305,0.0001,200,0.8518
0.0356,0.0000,0.0000,0.0000,0.0355,0.0000,200,0.8475
0.0282,0.0000,0.0000,0.0000,0.0281,0.0000,200,0.8550
0.0056,0.0000,0.0000,0.0000,0.0056,0.0000,200,0.8779
0.0058,0.0000,0.0000,0.0000,0.0057,0.0001,200,0.8780
0.0284,0.0000,0.0000,0.0002,0.0279,0.0001,200,0.8559
0.0032,0.0000,0.0000,0.0000,0.0032,0.0000,200,0.8811
0.0091,0.0000,0.0000,0.0000,0.0090,0.0000,200,0.8757
0.0495,0.0000,0.0000,0.0000,0.0494,0.0000,200,0.8356
0.0177,0.0000,0.0000,0.0000,0.0176,0.0000,200,0.8676
0.0533,0.0000,0.0000,0.0002,0.0529,0.0001,200,0.8324
0.0146,0.0000,0.0000,0.0000,0.0146,0.0000,200,0.8718
0.0052,0.0000,0.0000,0.0000,0.0052,0.0000,200,0.8815
0.0774,0.0000,0.0000,0.0000,0.0773,0.0001,200,0.8097
0.0217,0.0000,0.0000,0.0001,0.0214,0.0001,200,0.8658
0.0218,0.0000,0.0000,0.0000,0.0216,0.0002,200,0.8664
0.0414,0.0000,0.0000,0.0000,0.0413,0.0000,200,0.8471
0.0251,0.0000,0.0000,0.0000,0.0246,0.0002,200,0.8640
0.0053,0.0000,0.0000,0.0000,0.0052,0.0000,200,0.8837
0.0028,0.0000,0.0000,0.0000,0.0027,0.0000,200,0.8868
0.0328,0.0000,0.0000,0.0000,0.0327,0.0000,200,0.8572
0.0412,0.0000,0.0000,0.0000,0.0411,0.0000,200,0.8490
0.0370,0.0000,0.0000,0.0000,0.0370,0.0000,200,0.8535
0.0365,0.0000,0.0000,0.0000,0.0364,0.0000,200,0.8543
0.0288,0.0000,0.0000,0.0001,0.0285,0.0001,200,0.8625
0.0481,0.0000,0.0000,0.0000,0.0478,0.0000,200,0.8436
0.0286,0.0000,0.0000,0.0000,0.0285,0.0001,200,0.8631
0.0269,0.0000,0.0000,0.0000,0.0268,0.0000,200,0.8653
0.0187,0.0000,0.0000,0.0000,0.0185,0.0001,200,0.8739
0.0121,0.0000,0.0000,0.0000,0.0120,0.0001,200,0.8806
0.0031,0.0000,0.0000,0.0000,0.0026,0.0005,200,0.8906
0.0087,0.0000,0.0000,0.0000,0.0086,0.0000,200,0.8851
0.0105,0.0000,0.0000,0.0000,0.0104,0.0000,200,0.8835
0.0297,0.0000,0.0000,0.0000,0.0296,0.0000,200,0.8643
0.0026,0.0000,0.0000,0.0000,0.0026,0.0000,200,0.8917
0.0008,0.0000,0.0000,0.0000,0.0007,0.0000,200,0.8936
0.0012,0.0000,0.0000,0.0000,0.0011,0.0000,200,0.8940
0.0132,0.0000,0.0000,0.0001,0.0131,0.0000,200,0.8824
0.0041,0.0000,0.0000,0.0002,0.0038,0.0001,200,0.8917
0.0409,0.0000,0.0000,0.0000,0.0407,0.0002,200,0.8556
0.0122,0.0000,0.0000,0.0000,0.0121,0.0000,200,0.8843
0.0194,0.0000,0.0000,0.0000,0.0192,0.0001,200,0.8778
0.0035,0.0000,0.0000,0.0000,0.0033,0.0000,200,0.8939
0.0089,0.0000,0.0000,0.0000,0.0088,0.0000,200,0.8885
0.0018,0.0000,0.0000,0.0000,0.0013,0.0004,200,0.8965
0.0011,0.0000,0.0000,0.0000,0.0010,0.0000,200,0.8972
0.0085,0.0000,0.0000,0.0001,0.0084,0.0000,200,0.8900
0.0164,0.0000,0.0000,0.0000,0.0159,0.0005,200,0.8831
0.0175,0.0000,0.0000,0.0000,0.0172,0.0000,200,0.8820
0.0302,0.0000,0.0000,0.0000,0.0296,0.0005,200,0.8698
0.0126,0.0000,0.0000,0.0000,0.0125,0.0000,200,0.8882
0.0073,0.0000,0.0000,0.0000,0.0068,0.0004,200,0.8940
0.0211,0.0000,0.0000,0.0000,0.0209,0.0002,200,0.8803
0.0117,0.0000,0.0000,0.0000,0.0112,0.0003,200,0.8908
0.0134,0.0000,0.0000,0.0000,0.0130,0.0004,200,0.8891
0.0583,0.0000,0.0000,0.0000,0.0582,0.0001,200,0.8446
0.0292,0.0000,0.0000,0.0000,0.0291,0.0000,200,0.8739
0.0195,0.0000,0.0000,0.0000,0.0193,0.0002,200,0.8842
0.0386,0.0000,0.0000,0.0000,0.0385,0.0000,200,0.8653
0.0141,0.0000,0.0000,0.0000,0.0141,0.0000,200,0.8902
0.0053,0.0000,0.0000,0.0002,0.0041,0.0001,200,0.8994
0.0065,0.0000,0.0000,0.0000,0.0064,0.0000,200,0.8985
0.0129,0.0000,0.0000,0.0000,0.0128,0.0000,200,0.8926
0.0117,0.0000,0.0000,0.0000,0.0115,0.0001,200,0.8943
0.0270,0.0000,0.0000,0.0000,0.0269,0.0001,200,0.8792
0.0105,0.0000,0.0000,0.0001,0.0104,0.0001,200,0.8959
0.0546,0.0000,0.0000,0.0000,0.0545,0.0000,200,0.8523
0.0066,0.0000,0.0000,0.0001,0.0064,0.0000,200,0.9008
0.0283,0.0000,0.0000,0.0000,0.0282,0.0000,200,0.8792
0.0641,0.0000,0.0000,0.0000,0.0639,0.0001,200,0.8439
0.0361,0.0000,0.0000,0.0000,0.0360,0.0000,200,0.8724
0.0026,0.0000,0.0000,0.0000,0.0026,0.0000,200,0.9062
0.0029,0.0000,0.0000,0.0000,0.0028,0.0001,200,0.9064
0.0071,0.0000,0.0000,0.0000,0.0070,0.0000,200,0.9025
0.0071,0.0000,0.0000,0.0000,0.0070,0.0000,200,0.9031
0.0078,0.0000,0.0000,0.0000,0.0078,0.0000,200,0.9025
0.0241,0.0000,0.0000,0.0000,0.0240,0.0000,200,0.8864
0.0279,0.0000,0.0000,0.0000,0.0277,0.0001,200,0.8832
0.0159,0.0000,0.0000,0.0000,0.0158,0.0000,200,0.8956
0.0044,0.0000,0.0000,0.0000,0.0042,0.0001,200,0.9075
0.0204,0.0000,0.0000,0.0000,0.0201,0.0003,200,0.8921
0.0436,0.0000,0.0000,0.0000,0.0434,0.0000,200,0.8690
0.0158,0.0000,0.0000,0.0000,0.0157,0.0000,200,0.8973
0.0077,0.0000,0.0000,0.0000,0.0074,0.0002,200,0.9055
0.0290,0.0000,0.0000,0.0000,0.0284,0.0002,200,0.8848
0.0190,0.0000,0.0000,0.0000,0.0188,0.0001,200,0.8952
0.0061,0.0000,0.0000,0.0000,0.0060,0.0001,200,0.9085
0.0153,0.0000,0.0000,0.0000,0.0144,0.0001,200,0.8995
0.0141,0.0000,0.0000,0.0000,0.0138,0.0000,200,0.9014
0.0018,0.0000,0.0000,0.0000,0.0014,0.0004,200,0.9138
0.0174,0.0000,0.0000,0.0000,0.0169,0.0004,200,0.8983
0.0030,0.0000,0.0000,0.0000,0.0029,0.0000,200,0.9132
0.0580,0.0000,0.0000,0.0000,0.0578,0.0000,200,0.8588
0.0059,0.0000,0.0000,0.0000,0.0057,0.0001,200,0.9115
0.0377,0.0000,0.0000,0.0000,0.0373,0.0003,200,0.8801
0.0324,0.0000,0.0000,0.0000,0.0322,0.0002,200,0.8857
0.0216,0.0000,0.0000,0.0000,0.0216,0.0000,200,0.8965
0.0128,0.0000,0.0000,0.0000,0.0128,0.0000,200,0.9060
0.0041,0.0000,0.0000,0.0002,0.0038,0.0000,200,0.9157
0.0327,0.0000,0.0000,0.0001,0.0326,0.0000,200,0.8870
0.0030,0.0000,0.0000,0.0000,0.0029,0.0001,200,0.9168
0.0108,0.0000,0.0000,0.0000,0.0107,0.0001,200,0.9093
0.0412,0.0000,0.0000,0.0000,0.0411,0.0000,200,0.8801
0.0062,0.0000,0.0000,0.0000,0.0061,0.0000,200,0.9156
0.0103,0.0000,0.0000,0.0000,0.0102,0.0001,200,0.9119
0.0090,0.0000,0.0000,0.0000,0.0090,0.0000,200,0.9132
0.0082,0.0000,0.0000,0.0000,0.0080,0.0002,200,0.9146
0.0446,0.0000,0.0000,0.0000,0.0444,0.0001,200,0.8784
0.0034,0.0000,0.0000,0.0000,0.0024,0.0000,200,0.9197
0.0321,0.0000,0.0000,0.0000,0.0320,0.0000,200,0.8913
0.0131,0.0000,0.0000,0.0000,0.0130,0.0000,200,0.9105
0.0115,0.0000,0.0000,0.0000,0.0115,0.0000,200,0.9126
0.0451,0.0000,0.0000,0.0000,0.0449,0.0000,200,0.8792
0.0169,0.0000,0.0000,0.0000,0.0167,0.0002,200,0.9080
0.0073,0.0000,0.0000,0.0000,0.0068,0.0005,200,0.9182
0.0242,0.0000,0.0000,0.0000,0.0241,0.0000,200,0.9013
0.0025,0.0000,0.0000,0.0000,0.0024,0.0001,200,0.9231
0.0034,0.0000,0.0000,0.0000,0.0032,0.0001,200,0.9228
0.0083,0.0000,0.0000,0.0000,0.0080,0.0003,200,0.9182
0.0108,0.0000,0.0000,0.0000,0.0104,0.0004,200,0.9162
0.0168,0.0000,0.0000,0.0000,0.0167,0.0000,200,0.9103
0.0010,0.0000,0.0000,0.0001,0.0009,0.0000,200,0.9261
0.0056,0.0000,0.0000,0.0000,0.0053,0.0001,200,0.9222
0.0214,0.0000,0.0000,0.0000,0.0214,0.0001,200,0.9069
0.0050,0.0000,0.0000,0.0000,0.0050,0.0000,200,0.9234
0.0084,0.0000,0.0000,0.0000,0.0083,0.0001,200,0.9201
0.0114,0.0000,0.0000,0.0005,0.0108,0.0000,200,0.9178
0.0077,0.0000,0.0000,0.0000,0.0076,0.0001,200,0.9218
0.0085,0.0000,0.0000,0.0000,0.0083,0.0002,200,0.9213
0.0354,0.0000,0.0000,0.0000,0.0353,0.0000,200,0.8945
0.0202,0.0000,0.0000,0.0000,0.0200,0.0001,200,0.9102
0.0416,0.0000,0.0000,0.0000,0.0415,0.0000,200,0.8891
0.0060,0.0000,0.0000,0.0000,0.0056,0.0003,200,0.9254
0.0267,0.0000,0.0000,0.0000,0.0265,0.0001,200,0.9048
0.0032,0.0000,0.0000,0.0000,0.0031,0.0000,200,0.9285
0.0223,0.0000,0.0000,0.0000,0.0222,0.0000,200,0.9096
0.0282,0.0000,0.0000,0.0000,0.0280,0.0000,200,0.9038
0.0038,0.0000,0.0000,0.0000,0.0037,0.0000,200,0.9285
0.0027,0.0000,0.0000,0.0000,0.0026,0.0000,200,0.9306
0.0068,0.0000,0.0000,0.0000,0.0067,0.0001,200,0.9265
0.0207,0.0000,0.0000,0.0000,0.0207,0.0000,200,0.9126
0.0181,0.0000,0.0000,0.0000,0.0179,0.0002,200,0.9155
0.0200,0.0000,0.0000,0.0000,0.0195,0.0000,200,0.9142
0.0067,0.0000,0.0000,0.0000,0.0066,0.0000,200,0.9278
0.0368,0.0000,0.0000,0.0000,0.0366,0.0001,200,0.8983
0.0267,0.0000,0.0000,0.0000,0.0266,0.0000,200,0.9088
0.0160,0.0000,0.0000,0.0000,0.0159,0.0000,200,0.9197
0.0019,0.0000,0.0000,0.0000,0.0017,0.0001,200,0.9341
0.0039,0.0000,0.0000,0.0000,0.0038,0.0000,200,0.9323
0.0591,0.0000,0.0000,0.0000,0.0588,0.0001,200,0.8779
0.0034,0.0000,0.0000,0.0000,0.0033,0.0000,200,0.9337
0.0345,0.0000,0.0000,0.0000,0.0345,0.0001,200,0.9029
0.0485,0.0000,0.0000,0.0000,0.0484,0.0001,200,0.8895
0.0143,0.0000,0.0000,0.0000,0.0141,0.0001,200,0.9244
0.0122,0.0000,0.0000,0.0000,0.0119,0.0003,200,0.9271
0.0356,0.0000,0.0000,0.0000,0.0354,0.0002,200,0.9038
0.0106,0.0000,0.0000,0.0000,0.0104,0.0002,200,0.9292
0.0146,0.0000,0.0000,0.0000,0.0146,0.0001,200,0.9254
0.0097,0.0000,0.0000,0.0000,0.0096,0.0000,200,0.9307
0.0153,0.0000,0.0000,0.0000,0.0151,0.0001,200,0.9257
0.0112,0.0000,0.0000,0.0000,0.0110,0.0000,200,0.9298
0.0047,0.0000,0.0000,0.0000,0.0045,0.0001,200,0.9370
0.0025,0.0000,0.0000,0.0000,0.0024,0.0000,200,0.9393
0.0660,0.0000,0.0000,0.0000,0.0658,0.0001,200,0.8762
0.0016,0.0000,0.0000,0.0000,0.0015,0.0000,200,0.9410
0.0376,0.0000,0.0000,0.0000,0.0375,0.0000,200,0.9050
0.0022,0.0000,0.0000,0.0000,0.0021,0.0000,200,0.9410
0.0291,0.0000,0.0000,0.0000,0.0283,0.0001,200,0.9149
0.0330,0.0000,0.0000,0.0000,0.0329,0.0000,200,0.9111
0.0567,0.0000,0.0000,0.0000,0.0565,0.0002,200,0.8875
0.0274,0.0000,0.0000,0.0000,0.0273,0.0000,200,0.9174
0.0218,0.0000,0.0000,0.0000,0.0215,0.0003,200,0.9229
0.0034,0.0000,0.0000,0.0000,0.0032,0.0000,200,0.9418
0.0531,0.0000,0.0000,0.0000,0.0530,0.0000,200,0.8927
0.0064,0.0000,0.0000,0.0000,0.0061,0.0002,200,0.9394
0.0239,0.0000,0.0000,0.0000,0.0238,0.0000,200,0.9222
0.0149,0.0000,0.0000,0.0000,0.0148,0.0000,200,0.9317
0.0113,0.0000,0.0000,0.0000,0.0113,0.0000,200,0.9357
0.0012,0.0000,0.0000,0.0000,0.0010,0.0001,200,0.9461
0.0078,0.0000,0.0000,0.0000,0.0076,0.0002,200,0.9403
0.0112,0.0000,0.0000,0.0001,0.0111,0.0000,200,0.9369
0.0166,0.0000,0.0000,0.0000,0.0165,0.0001,200,0.9319
0.0250,0.0000,0.0000,0.0000,0.0246,0.0004,200,0.9236
0.0016,0.0000,0.0000,0.0002,0.0013,0.0001,200,0.9473
0.0011,0.0000,0.0000,0.0000,0.0011,0.0000,200,0.9481
0.0646,0.0000,0.0000,0.0000,0.0645,0.0000,200,0.8853
0.0020,0.0000,0.0000,0.0000,0.0019,0.0000,200,0.9482
0.0068,0.0000,0.0000,0.0000,0.0066,0.0002,200,0.9440
0.0434,0.0000,0.0000,0.0000,0.0433,0.0000,200,0.9074
0.0024,0.0000,0.0000,0.0000,0.0023,0.0001,200,0.9488
0.0186,0.0000,0.0000,0.0000,0.0185,0.0000,200,0.9333
0.0021,0.0000,0.0000,0.0000,0.0020,0.0001,200,0.9498
0.0072,0.0000,0.0000,0.0000,0.0067,0.0003,200,0.9457
0.0258,0.0000,0.0000,0.0000,0.0257,0.0000,200,0.9272
0.0200,0.0000,0.0000,0.0000,0.0199,0.0000,200,0.9333
0.0138,0.0000,0.0000,0.0000,0.0137,0.0000,200,0.9401
0.0269,0.0000,0.0000,0.0000,0.0268,0.0000,200,0.9271
0.0036,0.0000,0.0000,0.0000,0.0035,0.0000,200,0.9508
0.0149,0.0000,0.0000,0.0000,0.0148,0.0000,200,0.9398
0.0106,0.0000,0.0000,0.0000,0.0105,0.0001,200,0.9447
0.0122,0.0000,0.0000,0.0000,0.0120,0.0001,200,0.9442
0.0209,0.0000,0.0000,0.0002,0.0206,0.0001,200,0.9355
0.0246,0.0000,0.0000,0.0001,0.0245,0.0000,200,0.9320
0.0254,0.0000,0.0000,0.0000,0.0253,0.0001,200,0.9315
0.0053,0.0000,0.0000,0.0000,0.0052,0.0000,200,0.9518
0.0025,0.0000,0.0000,0.0000,0.0023,0.0001,200,0.9547
0.0225,0.0000,0.0000,0.0000,0.0223,0.0001,200,0.9350
0.0277,0.0000,0.0000,0.0000,0.0277,0.0000,200,0.9299
0.0090,0.0000,0.0000,0.0000,0.0089,0.0000,200,0.9489
0.0162,0.0000,0.0000,0.0000,0.0160,0.0002,200,0.9421
0.0047,0.0000,0.0000,0.0000,0.0046,0.0001,200,0.9540
0.0176,0.0000,0.0000,0.0000,0.0174,0.0002,200,0.9417
0.0025,0.0000,0.0000,0.0000,0.0025,0.0000,200,0.9569
0.0028,0.0000,0.0000,0.0000,0.0027,0.0000,200,0.9572
0.0633,0.0000,0.0000,0.0000,0.0631,0.0001,200,0.8973
0.0089,0.0000,0.0000,0.0000,0.0087,0.0002,200,0.9519
0.0011,0.0000,0.0000,0.0000,0.0010,0.0000,200,0.9600
0.0106,0.0000,0.0000,0.0000,0.0102,0.0001,200,0.9512
0.0047,0.0000,0.0000,0.0000,0.0045,0.0001,200,0.9575
0.0119,0.0000,0.0000,0.0000,0.0118,0.0000,200,0.9508
0.0051,0.0000,0.0000,0.0000,0.0050,0.0000,200,0.9576
0.0253,0.0000,0.0000,0.0000,0.0252,0.0001,200,0.9375
0.0093,0.0000,0.0000,0.0000,0.0092,0.0001,200,0.9539
0.0387,0.0000,0.0000,0.0000,0.0386,0.0000,200,0.9249
0.0031,0.0000,0.0000,0.0001,0.0029,0.0001,200,0.9606
0.0446,0.0000,0.0000,0.0000,0.0444,0.0002,200,0.9198
0.0064,0.0000,0.0000,0.0001,0.0059,0.0002,200,0.9583
0.0319,0.0000,0.0000,0.0000,0.0318,0.0000,200,0.9333
0.0037,0.0000,0.0000,0.0000,0.0036,0.0000,200,0.9619
0.0299,0.0000,0.0000,0.0000,0.0298,0.0000,200,0.9360
0.0118,0.0000,0.0000,0.0000,0.0117,0.0000,200,0.9544
0.0040,0.0000,0.0000,0.0001,0.0036,0.0003,200,0.9627
0.0244,0.0000,0.0000,0.0000,0.0244,0.0000,200,0.9426
0.0180,0.0000,0.0000,0.0000,0.0179,0.0000,200,0.9493
0.0102,0.0000,0.0000,0.0000,0.0102,0.0000,200,0.9571
0.0120,0.0000,0.0000,0.0000,0.0120,0.0000,200,0.9553
0.0295,0.0000,0.0000,0.0000,0.0295,0.0000,200,0.9380
0.0044,0.0000,0.0000,0.0000,0.0043,0.0000,200,0.9645
0.0123,0.0000,0.0000,0.0001,0.0121,0.0001,200,0.9566
0.0166,0.0000,0.0000,0.0000,0.0165,0.0000,200,0.9529
0.0057,0.0000,0.0000,0.0000,0.0055,0.0002,200,0.9651
0.0434,0.0000,0.0000,0.0002,0.0432,0.0001,200,0.9283
0.0295,0.0000,0.0000,0.0000,0.0294,0.0000,200,0.9426
0.0534,0.0000,0.0000,0.0000,0.0534,0.0000,200,0.9189
0.0067,0.0000,0.0000,0.0000,0.0067,0.0000,200,0.9662
0.0116,0.0000,0.0000,0.0000,0.0115,0.0000,200,0.9622
0.0253,0.0000,0.0000,0.0001,0.0251,0.0001,200,0.9485
0.0061,0.0000,0.0000,0.0000,0.0059,0.0001,200,0.9688
0.0021,0.0000,0.0000,0.0000,0.0020,0.0000,200,0.9730
0.0030,0.0000,0.0000,0.0000,0.0030,0.0000,200,0.9723
0.0442,0.0000,0.0000,0.0000,0.0441,0.0000,200,0.9314
0.0072,0.0000,0.0000,0.0000,0.0068,0.0004,200,0.9695
0.0031,0.0000,0.0000,0.0000,0.0029,0.0002,200,0.9738
0.0165,0.0000,0.0000,0.0002,0.0161,0.0002,200,0.9609
0.0307,0.0000,0.0000,0.0000,0.0306,0.0001,200,0.9470
0.0432,0.0000,0.0000,0.0000,0.0432,0.0000,200,0.9345
0.0330,0.0000,0.0000,0.0000,0.0329,0.0000,200,0.9451
0.0250,0.0000,0.0000,0.0000,0.0249,0.0001,200,0.9533
0.0132,0.0000,0.0000,0.0003,0.0128,0.0001,200,0.9655
0.0359,0.0000,0.0000,0.0000,0.0357,0.0001,200,0.9431
0.0550,0.0000,0.0000,0.0000,0.0549,0.0000,200,0.9241
0.0433,0.0000,0.0000,0.0000,0.0433,0.0000,200,0.9362
0.0024,0.0000,0.0000,0.0000,0.0023,0.0001,200,0.9777
0.0029,0.0000,0.0000,0.0000,0.0028,0.0001,200,0.9773
0.0135,0.0000,0.0000,0.0000,0.0134,0.0001,200,0.9674
0.0063,0.0000,0.0000,0.0001,0.0061,0.0000,200,0.9749
0.0359,0.0000,0.0000,0.0000,0.0358,0.0001,200,0.9458
0.0035,0.0000,0.0000,0.0000,0.0034,0.0000,200,0.9788
0.0198,0.0000,0.0000,0.0000,0.0197,0.0000,200,0.9627
0.0123,0.0000,0.0000,0.0000,0.0122,0.0000,200,0.9708
0.0034,0.0000,0.0000,0.0000,0.0032,0.0001,200,0.9801
0.0274,0.0000,0.0000,0.0000,0.0273,0.0001,200,0.9564
0.0020,0.0000,0.0000,0.0002,0.0017,0.0000,200,0.9823
0.0077,0.0000,0.0000,0.0000,0.0076,0.0000,200,0.9770
0.0271,0.0000,0.0000,0.0000,0.0268,0.0000,200,0.9579
0.0560,0.0000,0.0000,0.0001,0.0559,0.0000,200,0.9295
0.0223,0.0000,0.0000,0.0000,0.0222,0.0000,200,0.9632
0.0190,0.0000,0.0000,0.0000,0.0189,0.0000,200,0.9670
0.0074,0.0000,0.0000,0.0001,0.0073,0.0001,200,0.9790
0.0239,0.0000,0.0000,0.0000,0.0238,0.0000,200,0.9627
0.0082,0.0000,0.0000,0.0000,0.0081,0.0000,200,0.9791
0.0343,0.0000,0.0000,0.0000,0.0343,0.0000,200,0.9530
0.0879,0.0000,0.0000,0.0002,0.0873,0.0004,200,0.9000
0.0223,0.0000,0.0000,0.0000,0.0222,0.0001,200,0.9659
0.0068,0.0000,0.0000,0.0000,0.0067,0.0001,200,0.9817
0.0322,0.0000,0.0000,0.0000,0.0321,0.0001,200,0.9564
0.0081,0.0000,0.0000,0.0000,0.0080,0.0000,200,0.9808
0.0023,0.0000,0.0000,0.0000,0.0022,0.0001,200,0.9872
0.0227,0.0000,0.0000,0.0000,0.0226,0.0001,200,0.9672
0.0060,0.0000,0.0000,0.0000,0.0058,0.0001,200,0.9846
0.0051,0.0000,0.0000,0.0000,0.0050,0.0000,200,0.9855
0.0468,0.0000,0.0000,0.0000,0.0466,0.0001,200,0.9440
0.0869,0.0000,0.0000,0.0000,0.0868,0.0001,200,0.9043
0.0306,0.0000,0.0000,0.0000,0.0305,0.0001,200,0.9611
0.0419,0.0000,0.0000,0.0000,0.0418,0.0001,200,0.9501
0.0144,0.0000,0.0000,0.0000,0.0143,0.0000,200,0.9781
0.0261,0.0000,0.0000,0.0000,0.0260,0.0000,200,0.9667
0.0259,0.0000,0.0000,0.0000,0.0259,0.0000,200,0.9676
0.0181,0.0000,0.0000,0.0000,0.0180,0.0000,200,0.9754
0.0351,0.0000,0.0000,0.0000,0.0350,0.0000,200,0.9587
0.0295,0.0000,0.0000,0.0000,0.0294,0.0000,200,0.9647
0.0040,0.0000,0.0000,0.0000,0.0038,0.0001,200,0.9906
0.0089,0.0000,0.0000,0.0000,0.0089,0.0000,200,0.9860
0.0027,0.0000,0.0000,0.0000,0.0026,0.0001,200,0.9928
0.0192,0.0000,0.0000,0.0000,0.0192,0.0000,200,0.9767
0.0080,0.0000,0.0000,0.0000,0.0079,0.0000,200,0.9879
0.0025,0.0000,0.0000,0.0000,0.0024,0.0000,200,0.9935
0.0049,0.0000,0.0000,0.0000,0.0048,0.0001,200,0.9917
0.0068,0.0000,0.0000,0.0000,0.0067,0.0000,200,0.9900
0.0149,0.0000,0.0000,0.0001,0.0147,0.0001,200,0.9825
0.0202,0.0000,0.0000,0.0000,0.0201,0.0000,200,0.9777
0.0023,0.0000,0.0000,0.0000,0.0022,0.0000,200,0.9960
0.0267,0.0000,0.0000,0.0000,0.0267,0.0000,200,0.9718
0.0029,0.0000,0.0000,0.0000,0.0028,0.0000,200,0.9959
0.0109,0.0000,0.0000,0.0001,0.0107,0.0001,200,0.9886
0.0245,0.0000,0.0000,0.0000,0.0243,0.0000,200,0.9751
0.0114,0.0000,0.0000,0.0000,0.0113,0.0001,200,0.9886
0.0536,0.0000,0.0000,0.0001,0.0534,0.0000,200,0.9466
0.0413,0.0000,0.0000,0.0000,0.0412,0.0001,200,0.9594
0.0023,0.0000,0.0000,0.0000,0.0023,0.0000,200,0.9988
0.0567,0.0000,0.0000,0.0000,0.0566,0.0000,200,0.9447
0.0169,0.0000,0.0000,0.0000,0.0164,0.0000,200,0.9850
0.0150,0.0000,0.0000,0.0000,0.0150,0.0000,200,0.9873
0.0168,0.0000,0.0000,0.0000,0.0168,0.0000,200,0.9855
0.0049,0.0000,0.0000,0.0000,0.0048,0.0000,200,0.9979
0.0098,0.0000,0.0000,0.0000,0.0096,0.0001,200,0.9935
0.0651,0.0000,0.0000,0.0000,0.0649,0.0002,200,0.9386
0.0022,0.0000,0.0000,0.0000,0.0021,0.0001,200,1.0019
0.0073,0.0000,0.0000,0.0001,0.0071,0.0000,200,0.9968
0.0131,0.0000,0.0000,0.0000,0.0130,0.0001,200,0.9912
0.0104,0.0000,0.0000,0.0000,0.0103,0.0001,200,0.9942
0.0097,0.0000,0.0000,0.0000,0.0097,0.0000,200,0.9957
0.0244,0.0000,0.0000,0.0000,0.0238,0.0005,200,0.9812
0.0313,0.0000,0.0000,0.0000,0.0313,0.0000,200,0.9756
0.0210,0.0000,0.0000,0.0000,0.0206,0.0003,200,0.9864
0.0054,0.0000,0.0000,0.0000,0.0048,0.0005,200,1.0023
0.0095,0.0000,0.0000,0.0000,0.0092,0.0003,200,0.9985
0.0239,0.0000,0.0000,0.0000,0.0238,0.0001,200,0.9842
0.0049,0.0000,0.0000,0.0000,0.0048,0.0000,200,1.0041
0.0424,0.0000,0.0000,0.0000,0.0415,0.0008,200,0.9674
0.0263,0.0000,0.0000,0.0000,0.0246,0.0017,200,0.9835
0.0043,0.0000,0.0000,0.0000,0.0043,0.0000,200,1.0055
0.0191,0.0000,0.0000,0.0000,0.0174,0.0017,200,0.9908
0.0303,0.0000,0.0000,0.0000,0.0295,0.0008,200,0.9796
0.0086,0.0000,0.0000,0.0000,0.0081,0.0005,200,1.0014
0.0411,0.0000,0.0000,0.0000,0.0396,0.0014,200,0.9689
0.0186,0.0000,0.0000,0.0000,0.0184,0.0001,200,0.9921
0.0100,0.0000,0.0000,0.0000,0.0100,0.0000,200,1.0007
0.0032,0.0000,0.0000,0.0001,0.0031,0.0000,200,1.0080
0.0016,0.0000,0.0000,0.0000,0.0015,0.0000,200,1.0100
0.0138,0.0000,0.0000,0.0000,0.0136,0.0000,200,0.9983
0.0215,0.0000,0.0000,0.0000,0.0210,0.0004,200,0.9906
0.0257,0.0000,0.0000,0.0000,0.0256,0.0000,200,0.9866
0.0178,0.0000,0.0000,0.0000,0.0178,0.0000,200,0.9946
0.0233,0.0000,0.0000,0.0000,0.0232,0.0000,200,0.9895
0.0026,0.0000,0.0000,0.0000,0.0023,0.0000,200,1.0108
0.0023,0.0000,0.0000,0.0000,0.0020,0.0002,200,1.0116
0.0073,0.0000,0.0000,0.0000,0.0071,0.0001,200,1.0069
0.0043,0.0000,0.0000,0.0000,0.0043,0.0000,200,1.0099
0.0069,0.0000,0.0000,0.0005,0.0063,0.0000,200,1.0077
0.0515,0.0000,0.0000,0.0000,0.0515,0.0000,200,0.9636
0.0065,0.0000,0.0000,0.0000,0.0055,0.0001,200,1.0091
0.0031,0.0000,0.0000,0.0000,0.0030,0.0001,200,1.0128
0.0202,0.0000,0.0000,0.0000,0.0201,0.0000,200,0.9959
0.0327,0.0000,0.0000,0.0000,0.0326,0.0000,200,0.9838
0.0084,0.0000,0.0000,0.0009,0.0070,0.0005,200,1.0081
0.0158,0.0000,0.0000,0.0000,0.0158,0.0000,200,1.0012
0.0016,0.0000,0.0000,0.0000,0.0015,0.0001,200,1.0159
0.0208,0.0000,0.0000,0.0000,0.0207,0.0000,200,0.9974
0.0043,0.0000,0.0000,0.0000,0.0043,0.0000,200,1.0139
0.0065,0.0000,0.0000,0.0000,0.0064,0.0000,200,1.0121
0.0092,0.0000,0.0000,0.0000,0.0090,0.0002,200,1.0100
0.0032,0.0000,0.0000,0.0000,0.0031,0.0000,200,1.0164
0.0076,0.0000,0.0000,0.0000,0.0075,0.0000,200,1.0120
0.0159,0.0000,0.0000,0.0000,0.0158,0.0000,200,1.0046
0.0041,0.0000,0.0000,0.0000,0.0040,0.0000,200,1.0165
0.0209,0.0000,0.0000,0.0000,0.0202,0.0007,200,0.9999
0.0382,0.0000,0.0000,0.0000,0.0381,0.0001,200,0.9831
0.0331,0.0000,0.0000,0.0000,0.0331,0.0000,200,0.9882
0.0476,0.0000,0.0000,0.0000,0.0475,0.0000,200,0.9738
0.0198,0.0000,0.0000,0.0000,0.0196,0.0001,200,1.0024
0.0042,0.0000,0.0000,0.0000,0.0041,0.0000,200,1.0182
0.0122,0.0000,0.0000,0.0000,0.0119,0.0001,200,1.0108
0.0135,0.0000,0.0000,0.0000,0.0134,0.0001,200,1.0098
0.0137,0.0000,0.0000,0.0000,0.0136,0.0001,200,1.0099
0.0075,0.0000,0.0000,0.0000,0.0074,0.0001,200,1.0170
0.0247,0.0000,0.0000,0.0000,0.0246,0.0000,200,1.0002
0.0258,0.0000,0.0000,0.0000,0.0256,0.0001,200,0.9996
0.0027,0.0000,0.0000,0.0000,0.0026,0.0000,200,1.0230
0.0049,0.0000,0.0000,0.0000,0.0049,0.0001,200,1.0213
0.0231,0.0000,0.0000,0.0000,0.0231,0.0000,200,1.0032
0.0083,0.0000,0.0000,0.0000,0.0081,0.0000,200,1.0186
0.0337,0.0000,0.0000,0.0000,0.0336,0.0000,200,0.9938
0.0070,0.0000,0.0000,0.0000,0.0069,0.0001,200,1.0208
0.0081,0.0000,0.0000,0.0000,0.0080,0.0001,200,1.0205
0.0024,0.0000,0.0000,0.0000,0.0023,0.0000,200,1.0263
0.0164,0.0000,0.0000,0.0000,0.0162,0.0002,200,1.0124
0.0147,0.0000,0.0000,0.0000,0.0145,0.0001,200,1.0146
0.0052,0.0000,0.0000,0.0000,0.0048,0.0003,200,1.0245
0.0106,0.0000,0.0000,0.0000,0.0105,0.0000,200,1.0192
0.0068,0.0000,0.0000,0.0000,0.0065,0.0002,200,1.0233
0.0503,0.0000,0.0000,0.0000,0.0502,0.0001,200,0.9803
0.0314,0.0000,0.0000,0.0000,0.0312,0.0001,200,0.9996
0.0015,0.0000,0.0000,0.0000,0.0015,0.0000,200,1.0298
0.0112,0.0000,0.0000,0.0000,0.0111,0.0000,200,1.0206
0.0108,0.0000,0.0000,0.0001,0.0104,0.0000,200,1.0213
0.0210,0.0000,0.0000,0.0000,0.0210,0.0000,200,1.0112
0.0438,0.0000,0.0000,0.0000,0.0435,0.0002,200,0.9890
0.0135,0.0000,0.0000,0.0000,0.0133,0.0001,200,1.0196
0.0614,0.0000,0.0000,0.0000,0.0613,0.0000,200,0.9721
0.0196,0.0000,0.0000,0.0000,0.0194,0.0001,200,1.0142
0.0377,0.0000,0.0000,0.0000,0.0376,0.0000,200,0.9966
0.0034,0.0000,0.0000,0.0000,0.0033,0.0000,200,1.0310
0.0207,0.0000,0.0000,0.0000,0.0206,0.0001,200,1.0142
0.0092,0.0000,0.0000,0.0000,0.0091,0.0000,200,1.0258
0.0032,0.0000,0.0000,0.0000,0.0032,0.0000,200,1.0318
0.0261,0.0000,0.0000,0.0000,0.0260,0.0001,200,1.0097
0.0037,0.0000,0.0000,0.0000,0.0036,0.0000,200,1.0322
0.0769,0.0000,0.0000,0.0001,0.0767,0.0001,200,0.9594
0.0064,0.0000,0.0000,0.0000,0.0064,0.0000,200,1.0298
0.0142,0.0000,0.0000,0.0001,0.0141,0.0000,200,1.0224
0.0083,0.0000,0.0000,0.0000,0.0082,0.0001,200,1.0288
0.0096,0.0000,0.0000,0.0001,0.0095,0.0000,200,1.0278
0.0028,0.0000,0.0000,0.0000,0.0026,0.0002,200,1.0349
0.0223,0.0000,0.0000,0.0000,0.0220,0.0003,200,1.0161
0.0026,0.0000,0.0000,0.0000,0.0026,0.0000,200,1.0358
0.0175,0.0000,0.0000,0.0000,0.0173,0.0001,200,1.0214
0.0270,0.0000,0.0000,0.0000,0.0269,0.0000,200,1.0123
0.0033,0.0000,0.0000,0.0000,0.0032,0.0000,200,1.0366
0.0070,0.0000,0.0000,0.0000,0.0068,0.0002,200,1.0331
0.0365,0.0000,0.0000,0.0000,0.0363,0.0001,200,1.0040
0.0096,0.0000,0.0000,0.0000,0.0093,0.0002,200,1.0313
0.0148,0.0000,0.0000,0.0000,0.0147,0.0000,200,1.0264
0.0386,0.0000,0.0000,0.0000,0.0386,0.0000,200,1.0028
0.0235,0.0000,0.0000,0.0000,0.0235,0.0000,200,1.0182
0.0011,0.0000,0.0000,0.0001,0.0008,0.0001,200,1.0409
0.0178,0.0000,0.0000,0.0000,0.0177,0.0001,200,1.0249
0.0053,0.0000,0.0000,0.0000,0.0051,0.0002,200,1.0374
0.0505,0.0000,0.0000,0.0000,0.0505,0.0000,200,0.9925
0.0301,0.0000,0.0000,0.0000,0.0300,0.0000,200,1.0134
0.0019,0.0000,0.0000,0.0000,0.0018,0.0001,200,1.0417
0.0155,0.0000,0.0000,0.0000,0.0155,0.0000,200,1.0287
0.0173,0.0000,0.0000,0.0000,0.0171,0.0002,200,1.0275
0.0374,0.0000,0.0000,0.0002,0.0372,0.0000,200,1.0074
0.0039,0.0000,0.0000,0.0000,0.0038,0.0001,200,1.0414
0.0675,0.0000,0.0000,0.0000,0.0673,0.0002,200,0.9783
0.0267,0.0000,0.0000,0.0000,0.0265,0.0001,200,1.0196
0.0134,0.0000,0.0000,0.0000,0.0134,0.0000,200,1.0334
0.0017,0.0000,0.0000,0.0000,0.0013,0.0002,200,1.0454
0.0081,0.0000,0.0000,0.0000,0.0080,0.0000,200,1.0393
0.0118,0.0000,0.0000,0.0000,0.0116,0.0001,200,1.0363
0.0050,0.0000,0.0000,0.0001,0.0043,0.0000,200,1.0436
0.0185,0.0000,0.0000,0.0000,0.0181,0.0004,200,1.0301
0.0432,0.0000,0.0000,0.0001,0.0417,0.0001,200,1.0056
0.0059,0.0000,0.0000,0.0000,0.0059,0.0000,200,1.0435
0.0347,0.0000,0.0000,0.0000,0.0346,0.0001,200,1.0151
0.0151,0.0000,0.0000,0.0000,0.0150,0.0001,200,1.0350
0.0124,0.0000,0.0000,0.0000,0.0122,0.0001,200,1.0385
0.0061,0.0000,0.0000,0.0000,0.0060,0.0000,200,1.0448
0.0032,0.0000,0.0000,0.0000,0.0031,0.0001,200,1.0480
0.0083,0.0000,0.0000,0.0000,0.0083,0.0000,200,1.0430
0.0161,0.0000,0.0000,0.0000,0.0158,0.0003,200,1.0358
0.0011,0.0000,0.0000,0.0000,0.0010,0.0001,200,1.0509
0.0037,0.0000,0.0000,0.0002,0.0035,0.0000,200,1.0488
0.0021,0.0000,0.0000,0.0000,0.0018,0.0002,200,1.0509
0.0110,0.0000,0.0000,0.0000,0.0109,0.0000,200,1.0420
0.0020,0.0000,0.0000,0.0000,0.0018,0.0000,200,1.0512
0.0247,0.0000,0.0000,0.0000,0.0247,0.0000,200,1.0286
0.0050,0.0000,0.0000,0.0000,0.0048,0.0001,200,1.0487
0.0198,0.0000,0.0000,0.0002,0.0196,0.0000,200,1.0343
0.0088,0.0000,0.0000,0.0000,0.0087,0.0001,200,1.0458
0.0220,0.0000,0.0000,0.0001,0.0218,0.0001,200,1.0327
0.0180,0.0000,0.0000,0.0000,0.0178,0.0001,200,1.0371
0.0455,0.0000,0.0000,0.0000,0.0454,0.0000,200,1.0098
0.0092,0.0000,0.0000,0.0000,0.0090,0.0002,200,1.0469
0.0119,0.0000,0.0000,0.0001,0.0117,0.0000,200,1.0442
0.0224,0.0000,0.0000,0.0000,0.0223,0.0000,200,1.0337
0.0068,0.0000,0.0000,0.0000,0.0066,0.0000,200,1.0499
0.0123,0.0000,0.0000,0.0000,0.0122,0.0001,200,1.0448
0.0059,0.0000,0.0000,0.0001,0.0055,0.0002,200,1.0519
0.0049,0.0000,0.0000,0.0000,0.0048,0.0001,200,1.0532
0.0112,0.0000,0.0000,0.0000,0.0111,0.0000,200,1.0471
0.0020,0.0000,0.0000,0.0001,0.0015,0.0001,200,1.0567
0.0301,0.0000,0.0000,0.0000,0.0299,0.0001,200,1.0292
0.0255,0.0000,0.0000,0.0000,0.0254,0.0000,200,1.0363
0.0443,0.0000,0.0000,0.0000,0.0439,0.0000,200,1.0175
0.0068,0.0000,0.0000,0.0000,0.0067,0.0000,200,1.0550
0.0089,0.0000,0.0000,0.0000,0.0088,0.0000,200,1.0530
0.0192,0.0000,0.0000,0.0000,0.0192,0.0000,200,1.0427
0.0049,0.0000,0.0000,0.0000,0.0048,0.0000,200,1.0572
0.0318,0.0000,0.0000,0.0001,0.0317,0.0000,200,1.0306
0.0240,0.0000,0.0000,0.0000,0.0239,0.0000,200,1.0405
0.0260,0.0000,0.0000,0.0000,0.0258,0.0000,200,1.0385
0.0059,0.0000,0.0000,0.0000,0.0057,0.0001,200,1.0587
0.0247,0.0000,0.0000,0.0000,0.0247,0.0000,200,1.0398
0.0152,0.0000,0.0000,0.0000,0.0151,0.0000,200,1.0494
0.0610,0.0000,0.0000,0.0001,0.0609,0.0000,200,1.0043
0.1021,0.0000,0.0000,0.0000,0.1021,0.0000,200,0.9637
0.0115,0.0000,0.0000,0.0001,0.0111,0.0001,200,1.0547
0.0114,0.0000,0.0000,0.0000,0.0113,0.0000,200,1.0553
0.0109,0.0000,0.0000,0.0000,0.0108,0.0001,200,1.0561
0.0115,0.0000,0.0000,0.0000,0.0114,0.0000,200,1.0561
0.0035,0.0000,0.0000,0.0000,0.0034,0.0001,200,1.0645
0.0181,0.0000,0.0000,0.0000,0.0179,0.0002,200,1.0501
0.0039,0.0000,0.0000,0.0000,0.0038,0.0001,200,1.0645
0.0072,0.0000,0.0000,0.0000,0.0070,0.0001,200,1.0619
0.0372,0.0000,0.0000,0.0000,0.0372,0.0000,200,1.0322
0.0182,0.0000,0.0000,0.0000,0.0181,0.0000,200,1.0520
0.0667,0.0000,0.0000,0.0000,0.0664,0.0000,200,1.0038
0.0440,0.0000,0.0000,0.0000,0.0434,0.0003,200,1.0269
0.0188,0.0000,0.0000,0.0000,0.0188,0.0000,200,1.0530
0.0094,0.0000,0.0000,0.0000,0.0094,0.0000,200,1.0624
0.0074,0.0000,0.0000,0.0000,0.0073,0.0000,200,1.0645
0.0044,0.0000,0.0000,0.0000,0.0042,0.0000,200,1.0676
0.0257,0.0000,0.0000,0.0001,0.0255,0.0000,200,1.0463
0.0043,0.0000,0.0000,0.0000,0.0041,0.0002,200,1.0684
0.0303,0.0000,0.0000,0.0000,0.0303,0.0000,200,1.0427
0.0335,0.0000,0.0000,0.0000,0.0334,0.0000,200,1.0401
0.0160,0.0000,0.0000,0.0000,0.0157,0.0002,200,1.0582
0.0211,0.0000,0.0000,0.0000,0.0210,0.0001,200,1.0533
0.0337,0.0000,0.0000,0.0000,0.0337,0.0000,200,1.0412
0.0052,0.0000,0.0000,0.0000,0.0043,0.0008,200,1.0709
0.0041,0.0000,0.0000,0.0000,0.0033,0.0008,200,1.0720
0.0021,0.0000,0.0000,0.0000,0.0020,0.0001,200,1.0744
0.0048,0.0000,0.0000,0.0000,0.0047,0.0000,200,1.0718
0.0083,0.0000,0.0000,0.0001,0.0078,0.0000,200,1.0691
0.0096,0.0000,0.0000,0.0001,0.0094,0.0001,200,1.0680
0.0126,0.0000,0.0000,0.0000,0.0125,0.0000,200,1.0653
0.0564,0.0000,0.0000,0.0000,0.0562,0.0002,200,1.0222
0.0437,0.0000,0.0000,0.0000,0.0436,0.0000,200,1.0349
0.0132,0.0000,0.0000,0.0000,0.0131,0.0001,200,1.0662
0.0155,0.0000,0.0000,0.0000,0.0155,0.0000,200,1.0646
0.0418,0.0000,0.0000,0.0000,0.0417,0.0001,200,1.0389
0.0072,0.0000,0.0000,0.0000,0.0071,0.0000,200,1.0736
0.0169,0.0000,0.0000,0.0000,0.0168,0.0001,200,1.0646
0.0059,0.0000,0.0000,0.0000,0.0058,0.0001,200,1.0761
0.0567,0.0000,0.0000,0.0000,0.0566,0.0000,200,1.0254
0.0203,0.0000,0.0000,0.0000,0.0202,0.0001,200,1.0619
0.0023,0.0000,0.0000,0.0000,0.0022,0.0001,200,1.0807
0.0214,0.0000,0.0000,0.0000,0.0213,0.0001,200,1.0620
0.0217,0.0000,0.0000,0.0000,0.0215,0.0001,200,1.0618
0.0020,0.0000,0.0000,0.0000,0.0020,0.0000,200,1.0820
0.0298,0.0000,0.0000,0.0000,0.0296,0.0002,200,1.0546
0.0016,0.0000,0.0000,0.0000,0.0015,0.0000,200,1.0829
0.0033,0.0000,0.0000,0.0000,0.0031,0.0000,200,1.0819
0.0078,0.0000,0.0000,0.0000,0.0076,0.0002,200,1.0779
0.0050,0.0000,0.0000,0.0000,0.0050,0.0000,200,1.0808
0.0067,0.0000,0.0000,0.0001,0.0065,0.0001,200,1.0794
0.0308,0.0000,0.0000,0.0000,0.0305,0.0001,200,1.0561
0.0200,0.0000,0.0000,0.0000,0.0200,0.0000,200,1.0671
0.0155,0.0000,0.0000,0.0000,0.0154,0.0000,200,1.0719
0.0039,0.0000,0.0000,0.0000,0.0038,0.0000,200,1.0845
0.0084,0.0000,0.0000,0.0000,0.0081,0.0003,200,1.0801
0.0144,0.0000,0.0000,0.0000,0.0144,0.0000,200,1.0743
0.0139,0.0000,0.0000,0.0000,0.0137,0.0002,200,1.0749
0.0171,0.0000,0.0000,0.0000,0.0167,0.0004,200,1.0719
0.0378,0.0000,0.0000,0.0000,0.0376,0.0002,200,1.0514
0.0359,0.0000,0.0000,0.0000,0.0357,0.0001,200,1.0537
0.0048,0.0000,0.0000,0.0000,0.0047,0.0001,200,1.0852
0.0182,0.0000,0.0000,0.0002,0.0180,0.0000,200,1.0719
0.0748,0.0000,0.0000,0.0000,0.0747,0.0001,200,1.0155
0.0034,0.0000,0.0000,0.0000,0.0033,0.0000,200,1.0874
0.0056,0.0000,0.0000,0.0000,0.0055,0.0001,200,1.0857
0.0186,0.0000,0.0000,0.0000,0.0185,0.0000,200,1.0728
0.0302,0.0000,0.0000,0.0000,0.0300,0.0001,200,1.0618
0.0081,0.0000,0.0000,0.0000,0.0080,0.0001,200,1.0841
0.0396,0.0000,0.0000,0.0000,0.0396,0.0000,200,1.0526
0.0244,0.0000,0.0000,0.0000,0.0243,0.0000,200,1.0683
0.0112,0.0000,0.0000,0.0000,0.0111,0.0001,200,1.0815
0.0032,0.0000,0.0000,0.0000,0.0032,0.0000,200,1.0901
0.0397,0.0000,0.0000,0.0000,0.0397,0.0000,200,1.0542
0.0021,0.0000,0.0000,0.0000,0.0021,0.0000,200,1.0922
0.0018,0.0000,0.0000,0.0000,0.0017,0.0000,200,1.0926
0.0602,0.0000,0.0000,0.0000,0.0602,0.0000,200,1.0343
0.1002,0.0000,0.0000,0.0000,0.1002,0.0000,200,0.9949
0.0093,0.0000,0.0000,0.0000,0.0092,0.0001,200,1.0861
0.0253,0.0000,0.0000,0.0000,0.0252,0.0000,200,1.0703
0.0227,0.0000,0.0000,0.0000,0.0226,0.0000,200,1.0730
0.0078,0.0000,0.0000,0.0000,0.0077,0.0000,200,1.0887
0.0133,0.0000,0.0000,0.0000,0.0132,0.0001,200,1.0834
0.0736,0.0000,0.0000,0.0000,0.0735,0.0000,200,1.0236
0.0027,0.0000,0.0000,0.0000,0.0026,0.0001,200,1.0946
0.0055,0.0000,0.0000,0.0000,0.0054,0.0001,200,1.0922
0.0315,0.0000,0.0000,0.0000,0.0312,0.0000,200,1.0666
0.0197,0.0000,0.0000,0.0000,0.0196,0.0001,200,1.0786
0.0199,0.0000,0.0000,0.0001,0.0197,0.0000,200,1.0786
0.0038,0.0000,0.0000,0.0000,0.0036,0.0001,200,1.0951
0.0505,0.0000,0.0000,0.0000,0.0502,0.0000,200,1.0486
0.0013,0.0000,0.0000,0.0000,0.0012,0.0000,200,1.0983
0.0295,0.0000,0.0000,0.0000,0.0294,0.0000,200,1.0704
0.0384,0.0000,0.0000,0.0000,0.0383,0.0000,200,1.0618
0.0042,0.0000,0.0000,0.0000,0.0041,0.0001,200,1.0965
0.0054,0.0000,0.0000,0.0000,0.0052,0.0000,200,1.0956
0.0100,0.0000,0.0000,0.0000,0.0099,0.0000,200,1.0914
0.0063,0.0000,0.0000,0.0000,0.0061,0.0002,200,1.0958
0.0015,0.0000,0.0000,0.0000,0.0014,0.0000,200,1.1007
0.0107,0.0000,0.0000,0.0000,0.0106,0.0001,200,1.0920
0.0054,0.0000,0.0000,0.0000,0.0053,0.0000,200,1.0977
0.0173,0.0000,0.0000,0.0001,0.0171,0.0000,200,1.0858
0.0040,0.0000,0.0000,0.0000,0.0036,0.0003,200,1.0999
0.0050,0.0000,0.0000,0.0000,0.0049,0.0000,200,1.0989
0.0467,0.0000,0.0000,0.0000,0.0465,0.0002,200,1.0578
0.0102,0.0000,0.0000,0.0000,0.0101,0.0000,200,1.0944
0.0148,0.0000,0.0000,0.0000,0.0145,0.0000,200,1.0904
0.0112,0.0000,0.0000,0.0000,0.0111,0.0001,200,1.0944
0.0197,0.0000,0.0000,0.0000,0.0194,0.0002,200,1.0869
0.0024,0.0000,0.0000,0.0000,0.0018,0.0006,200,1.1045
0.0084,0.0000,0.0000,0.0000,0.0053,0.0029,200,1.1001
0.0612,0.0000,0.0000,0.0000,0.0612,0.0000,200,1.0474
0.0196,0.0000,0.0000,0.0000,0.0176,0.0020,200,1.0892
0.0202,0.0000,0.0000,0.0000,0.0201,0.0000,200,1.0888
0.0165,0.0000,0.0000,0.0000,0.0165,0.0000,200,1.0927
0.0332,0.0000,0.0000,0.0001,0.0327,0.0004,200,1.0760
0.0185,0.0000,0.0000,0.0000,0.0181,0.0002,200,1.0908
0.0127,0.0000,0.0000,0.0000,0.0126,0.0000,200,1.0967
0.0204,0.0000,0.0000,0.0000,0.0203,0.0001,200,1.0890
0.0042,0.0000,0.0000,0.0000,0.0042,0.0000,200,1.1051
0.0216,0.0000,0.0000,0.0000,0.0215,0.0000,200,1.0884
0.0218,0.0000,0.0000,0.0000,0.0203,0.0014,200,1.0901
0.0358,0.0000,0.0000,0.0000,0.0358,0.0000,200,1.0766
0.0152,0.0000,0.0000,0.0000,0.0151,0.0000,200,1.0973
0.0747,0.0000,0.0000,0.0000,0.0746,0.0000,200,1.0378
0.0352,0.0000,0.0000,0.0000,0.0352,0.0000,200,1.0773
0.0135,0.0000,0.0000,0.0000,0.0135,0.0000,200,1.0991
0.0034,0.0000,0.0000,0.0000,0.0032,0.0000,200,1.1092
0.0241,0.0000,0.0000,0.0000,0.0238,0.0000,200,1.0885
0.0116,0.0000,0.0000,0.0000,0.0115,0.0001,200,1.1010
0.0096,0.0000,0.0000,0.0000,0.0095,0.0000,200,1.1032
0.0354,0.0000,0.0000,0.0000,0.0353,0.0000,200,1.0775
0.0262,0.0000,0.0000,0.0000,0.0262,0.0000,200,1.0871
0.0050,0.0000,0.0000,0.0000,0.0046,0.0000,200,1.1088
0.0113,0.0000,0.0000,0.0000,0.0112,0.0000,200,1.1031
0.0190,0.0000,0.0000,0.0001,0.0184,0.0000,200,1.0954
0.0379,0.0000,0.0000,0.0000,0.0375,0.0004,200,1.0766
0.0025,0.0000,0.0000,0.0000,0.0025,0.0000,200,1.1126
0.0062,0.0000,0.0000,0.0000,0.0061,0.0001,200,1.1094
0.0223,0.0000,0.0000,0.0000,0.0221,0.0002,200,1.0939
0.0250,0.0000,0.0000,0.0000,0.0249,0.0000,200,1.0913
0.0010,0.0000,0.0000,0.0000,0.0008,0.0001,200,1.1156
0.0577,0.0000,0.0000,0.0001,0.0574,0.0001,200,1.0594
0.0042,0.0000,0.0000,0.0000,0.0041,0.0000,200,1.1129
0.0203,0.0000,0.0000,0.0000,0.0203,0.0000,200,1.0971
0.0091,0.0000,0.0000,0.0000,0.0089,0.0001,200,1.1089
0.0163,0.0000,0.0000,0.0000,0.0160,0.0002,200,1.1021
0.0092,0.0000,0.0000,0.0000,0.0092,0.0000,200,1.1092
0.0135,0.0000,0.0000,0.0019,0.0102,0.0000,200,1.1056
0.0147,0.0000,0.0000,0.0000,0.0146,0.0000,200,1.1045
0.0033,0.0000,0.0000,0.0000,0.0028,0.0002,200,1.1166
0.0020,0.0000,0.0000,0.0000,0.0020,0.0000,200,1.1184
0.0166,0.0000,0.0000,0.0000,0.0164,0.0002,200,1.1039
0.0086,0.0000,0.0000,0.0000,0.0085,0.0001,200,1.1125
0.0054,0.0000,0.0000,0.0000,0.0053,0.0000,200,1.1162
0.0561,0.0000,0.0000,0.0000,0.0561,0.0000,200,1.0659
0.0028,0.0000,0.0000,0.0000,0.0023,0.0000,200,1.1193
0.0046,0.0000,0.0000,0.0001,0.0044,0.0000,200,1.1175
0.0393,0.0000,0.0000,0.0000,0.0390,0.0003,200,1.0835
0.0136,0.0000,0.0000,0.0000,0.0136,0.0000,200,1.1093
0.0106,0.0000,0.0000,0.0000,0.0106,0.0000,200,1.1127
0.0208,0.0000,0.0000,0.0000,0.0206,0.0002,200,1.1027
0.0246,0.0000,0.0000,0.0000,0.0244,0.0002,200,1.0996
0.0119,0.0000,0.0000,0.0000,0.0118,0.0000,200,1.1125
0.0130,0.0000,0.0000,0.0000,0.0130,0.0000,200,1.1118
0.0031,0.0000,0.0000,0.0000,0.0030,0.0000,200,1.1220
0.0013,0.0000,0.0000,0.0000,0.0012,0.0000,200,1.1243
0.0417,0.0000,0.0000,0.0000,0.0416,0.0000,200,1.0844
0.0033,0.0000,0.0000,0.0000,0.0032,0.0000,200,1.1228
0.0060,0.0000,0.0000,0.0000,0.0059,0.0000,200,1.1205
0.0109,0.0000,0.0000,0.0000,0.0107,0.0001,200,1.1163
0.0061,0.0000,0.0000,0.0000,0.0060,0.0000,200,1.1211
0.0055,0.0000,0.0000,0.0002,0.0053,0.0000,200,1.1220
0.0292,0.0000,0.0000,0.0000,0.0291,0.0000,200,1.0985
0.0142,0.0000,0.0000,0.0004,0.0134,0.0001,200,1.1138
0.0704,0.0000,0.0000,0.0000,0.0702,0.0001,200,1.0582
0.0029,0.0000,0.0000,0.0000,0.0029,0.0000,200,1.1261
0.0164,0.0000,0.0000,0.0000,0.0161,0.0003,200,1.1126
0.0110,0.0000,0.0000,0.0000,0.0110,0.0000,200,1.1184
0.0211,0.0000,0.0000,0.0000,0.0207,0.0001,200,1.1086
0.0068,0.0000,0.0000,0.0000,0.0067,0.0001,200,1.1235
0.0099,0.0000,0.0000,0.0001,0.0098,0.0000,200,1.1205
0.0213,0.0000,0.0000,0.0000,0.0213,0.0000,200,1.1093
0.0019,0.0000,0.0000,0.0000,0.0017,0.0000,200,1.1290
0.0180,0.0000,0.0000,0.0000,0.0179,0.0000,200,1.1133
0.0118,0.0000,0.0000,0.0001,0.0117,0.0000,200,1.1198
0.0386,0.0000,0.0000,0.0000,0.0385,0.0000,200,1.0933
0.0066,0.0000,0.0000,0.0000,0.0066,0.0000,200,1.1257
0.0260,0.0000,0.0000,0.0000,0.0259,0.0000,200,1.1066
0.0028,0.0000,0.0000,0.0000,0.0024,0.0003,200,1.1303
0.0264,0.0000,0.0000,0.0024,0.0239,0.0000,200,1.1070
0.0016,0.0000,0.0000,0.0000,0.0015,0.0000,200,1.1319
0.0078,0.0000,0.0000,0.0000,0.0073,0.0004,200,1.1265
0.0200,0.0000,0.0000,0.0000,0.0200,0.0000,200,1.1144
0.0524,0.0000,0.0000,0.0000,0.0523,0.0000,200,1.0822
0.0060,0.0000,0.0000,0.0000,0.0059,0.0000,200,1.1290
0.0027,0.0000,0.0000,0.0000,0.0025,0.0002,200,1.1325
0.0258,0.0000,0.0000,0.0000,0.0257,0.0000,200,1.1100
0.0077,0.0000,0.0000,0.0001,0.0075,0.0002,200,1.1286
0.0097,0.0000,0.0000,0.0000,0.0095,0.0002,200,1.1271
0.0148,0.0000,0.0000,0.0000,0.0148,0.0000,200,1.1220
0.0028,0.0000,0.0000,0.0000,0.0026,0.0002,200,1.1343
0.0290,0.0000,0.0000,0.0000,0.0289,0.0000,200,1.1085
0.0130,0.0000,0.0000,0.0000,0.0129,0.0000,200,1.1249
0.0260,0.0000,0.0000,0.0000,0.0258,0.0001,200,1.1125
0.0261,0.0000,0.0000,0.0000,0.0260,0.0001,200,1.1126
0.0246,0.0000,0.0000,0.0000,0.0246,0.0000,200,1.1145
0.0144,0.0000,0.0000,0.0000,0.0143,0.0001,200,1.1252
0.0066,0.0000,0.0000,0.0000,0.0065,0.0001,200,1.1335
0.0058,0.0000,0.0000,0.0000,0.0057,0.0001,200,1.1344
0.0711,0.0000,0.0000,0.0000,0.0710,0.0001,200,1.0695
0.0260,0.0000,0.0000,0.0000,0.0259,0.0000,200,1.1151
0.0100,0.0000,0.0000,0.0000,0.0096,0.0003,200,1.1316
0.0146,0.0000,0.0000,0.0000,0.0144,0.0002,200,1.1272
0.0073,0.0000,0.0000,0.0000,0.0068,0.0001,200,1.1346
0.0255,0.0000,0.0000,0.0000,0.0254,0.0001,200,1.1170
0.0169,0.0000,0.0000,0.0000,0.0167,0.0002,200,1.1261
0.0188,0.0000,0.0000,0.0002,0.0186,0.0000,200,1.1242
0.0131,0.0000,0.0000,0.0000,0.0130,0.0000,200,1.1305
0.0035,0.0000,0.0000,0.0000,0.0034,0.0001,200,1.1401
0.0209,0.0000,0.0000,0.0000,0.0208,0.0001,200,1.1234
0.0354,0.0000,0.0000,0.0000,0.0351,0.0000,200,1.1094
0.0010,0.0000,0.0000,0.0000,0.0009,0.0000,200,1.1443
0.0148,0.0000,0.0000,0.0000,0.0146,0.0001,200,1.1309
0.0044,0.0000,0.0000,0.0001,0.0042,0.0000,200,1.1416
0.0080,0.0000,0.0000,0.0000,0.0078,0.0002,200,1.1384
0.0138,0.0000,0.0000,0.0000,0.0135,0.0000,200,1.1331
0.0345,0.0000,0.0000,0.0000,0.0345,0.0000,200,1.1126
0.0050,0.0000,0.0000,0.0000,0.0049,0.0000,200,1.1426
0.0019,0.0000,0.0000,0.0000,0.0018,0.0001,200,1.1460
0.0111,0.0000,0.0000,0.0000,0.0110,0.0000,200,1.1371
0.0128,0.0000,0.0000,0.0000,0.0127,0.0000,200,1.1358
0.0470,0.0000,0.0000,0.0000,0.0469,0.0000,200,1.1021
0.0199,0.0000,0.0000,0.0000,0.0198,0.0000,200,1.1295
0.0171,0.0000,0.0000,0.0000,0.0170,0.0001,200,1.1323
0.0328,0.0000,0.0000,0.0000,0.0327,0.0000,200,1.1171
0.0204,0.0000,0.0000,0.0000,0.0202,0.0001,200,1.1297
0.0466,0.0000,0.0000,0.0000,0.0465,0.0000,200,1.1039
0.0202,0.0000,0.0000,0.0000,0.0181,0.0021,200,1.1333
0.0056,0.0000,0.0000,0.0000,0.0055,0.0000,200,1.1480
0.0230,0.0000,0.0000,0.0000,0.0227,0.0000,200,1.1306
0.0347,0.0000,0.0000,0.0000,0.0346,0.0000,200,1.1190
0.0412,0.0000,0.0000,0.0000,0.0411,0.0001,200,1.1126
0.0136,0.0000,0.0000,0.0000,0.0132,0.0000,200,1.1402
0.0102,0.0000,0.0000,0.0000,0.0101,0.0000,200,1.1437
0.0094,0.0000,0.0000,0.0000,0.0093,0.0000,200,1.1453
0.0160,0.0000,0.0000,0.0000,0.0159,0.0000,200,1.1391
0.0064,0.0000,0.0000,0.0004,0.0060,0.0000,200,1.1491
0.0161,0.0000,0.0000,0.0001,0.0160,0.0000,200,1.1406
0.0192,0.0000,0.0000,0.0000,0.0191,0.0000,200,1.1375
0.0352,0.0000,0.0000,0.0004,0.0347,0.0000,200,1.1216
0.0224,0.0000,0.0000,0.0000,0.0220,0.0001,200,1.1352
0.0209,0.0000,0.0000,0.0000,0.0207,0.0001,200,1.1368
0.0043,0.0000,0.0000,0.0000,0.0042,0.0000,200,1.1536
0.0115,0.0000,0.0000,0.0000,0.0115,0.0000,200,1.1465
0.0079,0.0000,0.0000,0.0000,0.0078,0.0001,200,1.1505
0.0132,0.0000,0.0000,0.0000,0.0131,0.0000,200,1.1457
0.0164,0.0000,0.0000,0.0000,0.0163,0.0001,200,1.1430
0.0026,0.0000,0.0000,0.0000,0.0025,0.0000,200,1.1568
0.0182,0.0000,0.0000,0.0001,0.0180,0.0001,200,1.1418
0.0329,0.0000,0.0000,0.0000,0.0328,0.0000,200,1.1276
0.0074,0.0000,0.0000,0.0000,0.0071,0.0002,200,1.1537
0.0056,0.0000,0.0000,0.0000,0.0055,0.0000,200,1.1555
0.0334,0.0000,0.0000,0.0001,0.0333,0.0000,200,1.1277
0.0031,0.0000,0.0000,0.0000,0.0031,0.0000,200,1.1580
0.0014,0.0000,0.0000,0.0000,0.0012,0.0002,200,1.1605
0.0191,0.0000,0.0000,0.0000,0.0190,0.0001,200,1.1431
0.0244,0.0000,0.0000,0.0000,0.0243,0.0000,200,1.1379
0.0218,0.0000,0.0000,0.0000,0.0215,0.0002,200,1.1411
0.0210,0.0000,0.0000,0.0000,0.0209,0.0000,200,1.1419
0.0086,0.0000,0.0000,0.0002,0.0084,0.0000,200,1.1546
0.0323,0.0000,0.0000,0.0000,0.0322,0.0001,200,1.1313
0.0028,0.0000,0.0000,0.0000,0.0027,0.0000,200,1.1612
0.0065,0.0000,0.0000,0.0000,0.0065,0.0000,200,1.1579
0.0106,0.0000,0.0000,0.0000,0.0106,0.0000,200,1.1538
0.0099,0.0000,0.0000,0.0000,0.0098,0.0001,200,1.1551
0.0158,0.0000,0.0000,0.0000,0.0157,0.0000,200,1.1494
0.0376,0.0000,0.0000,0.0000,0.0375,0.0000,200,1.1280
0.0304,0.0000,0.0000,0.0000,0.0303,0.0000,200,1.1363
0.0040,0.0000,0.0000,0.0000,0.0039,0.0000,200,1.1628
0.0300,0.0000,0.0000,0.0000,0.0298,0.0000,200,1.1369
0.0093,0.0000,0.0000,0.0000,0.0092,0.0000,200,1.1576
0.0032,0.0000,0.0000,0.0000,0.0031,0.0001,200,1.1645
0.0291,0.0000,0.0000,0.0000,0.0288,0.0003,200,1.1387
0.0287,0.0000,0.0000,0.0000,0.0284,0.0000,200,1.1396
0.0018,0.0000,0.0000,0.0000,0.0017,0.0001,200,1.1668
0.0156,0.0000,0.0000,0.0000,0.0155,0.0000,200,1.1538
0.0128,0.0000,0.0000,0.0000,0.0128,0.0000,200,1.1567
0.0160,0.0000,0.0000,0.0000,0.0158,0.0000,200,1.1536
0.0683,0.0000,0.0000,0.0001,0.0682,0.0000,200,1.1013
0.0252,0.0000,0.0000,0.0000,0.0251,0.0000,200,1.1448
0.0560,0.0000,0.0000,0.0000,0.0559,0.0000,200,1.1145
0.0478,0.0000,0.0000,0.0000,0.0477,0.0000,200,1.1229
0.0174,0.0000,0.0000,0.0000,0.0173,0.0001,200,1.1535
0.0070,0.0000,0.0000,0.0000,0.0070,0.0000,200,1.1640
0.0064,0.0000,0.0000,0.0000,0.0063,0.0000,200,1.1650
0.0029,0.0000,0.0000,0.0000,0.0028,0.0000,200,1.1687
0.0367,0.0000,0.0000,0.0000,0.0366,0.0000,200,1.1350
0.0825,0.0000,0.0000,0.0000,0.0824,0.0000,200,1.0895
0.0251,0.0000,0.0000,0.0000,0.0250,0.0001,200,1.1475
0.0127,0.0000,0.0000,0.0000,0.0123,0.0003,200,1.1600
0.0122,0.0000,0.0000,0.0000,0.0121,0.0000,200,1.1611
0.0019,0.0000,0.0000,0.0000,0.0018,0.0000,200,1.1716
0.0057,0.0000,0.0000,0.0000,0.0055,0.0001,200,1.1679
0.0198,0.0000,0.0000,0.0000,0.0198,0.0000,200,1.1538
0.0071,0.0000,0.0000,0.0000,0.0071,0.0000,200,1.1667
0.0049,0.0000,0.0000,0.0000,0.0048,0.0000,200,1.1694
0.0154,0.0000,0.0000,0.0000,0.0151,0.0002,200,1.1594
0.0249,0.0000,0.0000,0.0004,0.0245,0.0000,200,1.1501
0.0071,0.0000,0.0000,0.0000,0.0070,0.0000,200,1.1683
0.0272,0.0000,0.0000,0.0000,0.0271,0.0000,200,1.1482
0.0102,0.0000,0.0000,0.0000,0.0100,0.0001,200,1.1656
0.0035,0.0000,0.0000,0.0000,0.0032,0.0000,200,1.1727
0.0033,0.0000,0.0000,0.0000,0.0031,0.0000,200,1.1733
0.0270,0.0000,0.0000,0.0000,0.0270,0.0000,200,1.1499
0.0162,0.0000,0.0000,0.0000,0.0161,0.0000,200,1.1612
0.0023,0.0000,0.0000,0.0000,0.0023,0.0000,200,1.1754
0.0084,0.0000,0.0000,0.0000,0.0084,0.0000,200,1.1695
0.0015,0.0000,0.0000,0.0000,0.0013,0.0000,200,1.1769
0.0168,0.0000,0.0000,0.0000,0.0166,0.0001,200,1.1619
0.0125,0.0000,0.0000,0.0000,0.0124,0.0001,200,1.1668
0.0037,0.0000,0.0000,0.0000,0.0036,0.0000,200,1.1758
0.0057,0.0000,0.0000,0.0000,0.0055,0.0001,200,1.1739
0.0191,0.0000,0.0000,0.0000,0.0189,0.0003,200,1.1611
0.0086,0.0000,0.0000,0.0001,0.0085,0.0000,200,1.1716
0.0056,0.0000,0.0000,0.0000,0.0055,0.0000,200,1.1750
0.0316,0.0000,0.0000,0.0000,0.0316,0.0000,200,1.1494
0.0328,0.0000,0.0000,0.0000,0.0327,0.0001,200,1.1486
0.0182,0.0000,0.0000,0.0000,0.0180,0.0001,200,1.1636
0.0126,0.0000,0.0000,0.0000,0.0119,0.0000,200,1.1696
0.0395,0.0000,0.0000,0.0000,0.0388,0.0006,200,1.1436
0.0070,0.0000,0.0000,0.0000,0.0069,0.0000,200,1.1766
0.0137,0.0000,0.0000,0.0000,0.0136,0.0000,200,1.1700
0.0064,0.0000,0.0000,0.0000,0.0063,0.0000,200,1.1778
0.0151,0.0000,0.0000,0.0000,0.0149,0.0001,200,1.1696
0.0144,0.0000,0.0000,0.0000,0.0143,0.0000,200,1.1705
0.0675,0.0000,0.0000,0.0000,0.0674,0.0001,200,1.1180
0.0076,0.0000,0.0000,0.0000,0.0075,0.0001,200,1.1784
0.0394,0.0000,0.0000,0.0000,0.0393,0.0000,200,1.1471
0.0053,0.0000,0.0000,0.0000,0.0052,0.0001,200,1.1814
0.0278,0.0000,0.0000,0.0000,0.0276,0.0000,200,1.1594
0.0069,0.0000,0.0000,0.0000,0.0068,0.0001,200,1.1803
0.0166,0.0000,0.0000,0.0000,0.0165,0.0000,200,1.1710
0.0229,0.0000,0.0000,0.0000,0.0228,0.0001,200,1.1652
0.0048,0.0000,0.0000,0.0001,0.0045,0.0001,200,1.1836
0.0142,0.0000,0.0000,0.0000,0.0141,0.0001,200,1.1748
0.0044,0.0000,0.0000,0.0000,0.0043,0.0000,200,1.1849
0.0228,0.0000,0.0000,0.0000,0.0227,0.0000,200,1.1668
0.0180,0.0000,0.0000,0.0000,0.0179,0.0001,200,1.1720
0.0166,0.0000,0.0000,0.0000,0.0165,0.0000,200,1.1736
0.0012,0.0000,0.0000,0.0000,0.0010,0.0002,200,1.1893
0.0144,0.0000,0.0000,0.0000,0.0143,0.0000,200,1.1762
0.0322,0.0000,0.0000,0.0000,0.0321,0.0000,200,1.1589
0.0187,0.0000,0.0000,0.0000,0.0182,0.0000,200,1.1727
0.0124,0.0000,0.0000,0.0000,0.0124,0.0000,200,1.1796
0.0024,0.0000,0.0000,0.0000,0.0023,0.0000,200,1.1906
0.0217,0.0000,0.0000,0.0000,0.0216,0.0000,200,1.1713
0.0049,0.0000,0.0000,0.0000,0.0049,0.0000,200,1.1881
0.0059,0.0000,0.0000,0.0000,0.0057,0.0000,200,1.1872
0.0027,0.0000,0.0000,0.0000,0.0022,0.0004,200,1.1914
0.0026,0.0000,0.0000,0.0000,0.0025,0.0001,200,1.1931
0.0036,0.0000,0.0000,0.0000,0.0035,0.0001,200,1.1920
0.0167,0.0000,0.0000,0.0000,0.0165,0.0000,200,1.1795
0.0394,0.0000,0.0000,0.0000,0.0378,0.0015,200,1.1577
0.0990,0.0000,0.0000,0.0000,0.0990,0.0000,200,1.0981
0.0162,0.0000,0.0000,0.0000,0.0161,0.0001,200,1.1811
0.0342,0.0000,0.0000,0.0000,0.0341,0.0001,200,1.1632
0.0306,0.0000,0.0000,0.0001,0.0304,0.0001,200,1.1677
0.0274,0.0000,0.0000,0.0002,0.0272,0.0000,200,1.1710
0.0139,0.0000,0.0000,0.0001,0.0137,0.0000,200,1.1846
0.0127,0.0000,0.0000,0.0000,0.0126,0.0000,200,1.1865
0.0129,0.0000,0.0000,0.0000,0.0128,0.0001,200,1.1867
0.0144,0.0000,0.0000,0.0001,0.0142,0.0000,200,1.1855
0.0381,0.0000,0.0000,0.0000,0.0380,0.0000,200,1.1622
0.0173,0.0000,0.0000,0.0000,0.0172,0.0001,200,1.1836
0.0078,0.0000,0.0000,0.0000,0.0076,0.0000,200,1.1930
0.0270,0.0000,0.0000,0.0000,0.0269,0.0000,200,1.1743
0.0231,0.0000,0.0000,0.0000,0.0231,0.0000,200,1.1787
0.0285,0.0000,0.0000,0.0000,0.0284,0.0001,200,1.1736
0.0021,0.0000,0.0000,0.0000,0.0020,0.0001,200,1.2002
0.0095,0.0000,0.0000,0.0000,0.0094,0.0000,200,1.1930
0.0072,0.0000,0.0000,0.0000,0.0071,0.0001,200,1.1956
0.0142,0.0000,0.0000,0.0000,0.0141,0.0000,200,1.1890
0.0132,0.0000,0.0000,0.0000,0.0131,0.0000,200,1.1900
0.0068,0.0000,0.0000,0.0000,0.0065,0.0002,200,1.1971
0.0031,0.0000,0.0000,0.0000,0.0030,0.0000,200,1.2009
0.0018,0.0000,0.0000,0.0001,0.0017,0.0000,200,1.2025
0.0229,0.0000,0.0000,0.0000,0.0227,0.0001,200,1.1818
0.0036,0.0000,0.0000,0.0000,0.0035,0.0000,200,1.2013
0.0046,0.0000,0.0000,0.0000,0.0045,0.0000,200,1.2008
0.0081,0.0000,0.0000,0.0000,0.0079,0.0002,200,1.1974
0.0437,0.0000,0.0000,0.0000,0.0436,0.0000,200,1.1622
0.0231,0.0000,0.0000,0.0000,0.0229,0.0001,200,1.1831
0.0190,0.0000,0.0000,0.0000,0.0189,0.0000,200,1.1875
0.0071,0.0000,0.0000,0.0000,0.0070,0.0000,200,1.1996
0.0299,0.0000,0.0000,0.0000,0.0298,0.0001,200,1.1773
0.0056,0.0000,0.0000,0.0000,0.0055,0.0001,200,1.2021
0.0017,0.0000,0.0000,0.0000,0.0014,0.0003,200,1.2066
0.0143,0.0000,0.0000,0.0001,0.0136,0.0000,200,1.1941
0.0056,0.0000,0.0000,0.0000,0.0056,0.0000,200,1.2031
0.0022,0.0000,0.0000,0.0000,0.0021,0.0000,200,1.2067
0.0465,0.0000,0.0000,0.0000,0.0463,0.0001,200,1.1628
0.0127,0.0000,0.0000,0.0000,0.0126,0.0000,200,1.1971
0.0136,0.0000,0.0000,0.0000,0.0136,0.0000,200,1.1962
0.0055,0.0000,0.0000,0.0000,0.0054,0.0001,200,1.2048
0.0065,0.0000,0.0000,0.0000,0.0064,0.0001,200,1.2039
0.0303,0.0000,0.0000,0.0000,0.0303,0.0000,200,1.1806
0.0129,0.0000,0.0000,0.0000,0.0127,0.0000,200,1.1984
0.0056,0.0000,0.0000,0.0000,0.0055,0.0000,200,1.2061
0.0017,0.0000,0.0000,0.0000,0.0016,0.0000,200,1.2103
0.0022,0.0000,0.0000,0.0000,0.0021,0.0001,200,1.2105
0.0014,0.0000,0.0000,0.0000,0.0014,0.0000,200,1.2113
0.0076,0.0000,0.0000,0.0000,0.0075,0.0001,200,1.2055
0.0105,0.0000,0.0000,0.0000,0.0104,0.0001,200,1.2032
0.0357,0.0000,0.0000,0.0000,0.0355,0.0002,200,1.1780
0.0151,0.0000,0.0000,0.0000,0.0150,0.0000,200,1.1991
0.0087,0.0000,0.0000,0.0000,0.0087,0.0000,200,1.2059
0.0030,0.0000,0.0000,0.0000,0.0029,0.0001,200,1.2120
0.0019,0.0000,0.0000,0.0000,0.0019,0.0000,200,1.2137
0.0364,0.0000,0.0000,0.0000,0.0363,0.0000,200,1.1793
0.0274,0.0000,0.0000,0.0000,0.0272,0.0000,200,1.1884
0.0579,0.0000,0.0000,0.0001,0.0577,0.0001,200,1.1584
0.0360,0.0000,0.0000,0.0000,0.0360,0.0000,200,1.1803
0.0211,0.0000,0.0000,0.0000,0.0208,0.0002,200,1.1956
0.0237,0.0000,0.0000,0.0000,0.0236,0.0000,200,1.1931
0.0087,0.0000,0.0000,0.0000,0.0086,0.0000,200,1.2084
0.0105,0.0000,0.0000,0.0000,0.0103,0.0000,200,1.2072
0.0074,0.0000,0.0000,0.0000,0.0072,0.0002,200,1.2110
0.0088,0.0000,0.0000,0.0000,0.0088,0.0000,200,1.2098
0.0134,0.0000,0.0000,0.0000,0.0132,0.0002,200,1.2054
0.0044,0.0000,0.0000,0.0000,0.0041,0.0001,200,1.2151
0.0358,0.0000,0.0000,0.0000,0.0357,0.0001,200,1.1841
0.0037,0.0000,0.0000,0.0000,0.0036,0.0001,200,1.2167
0.0070,0.0000,0.0000,0.0000,0.0069,0.0001,200,1.2137
0.0083,0.0000,0.0000,0.0000,0.0082,0.0000,200,1.2127
0.0142,0.0000,0.0000,0.0000,0.0141,0.0000,200,1.2076
0.0324,0.0000,0.0000,0.0000,0.0321,0.0000,200,1.1896
0.0056,0.0000,0.0000,0.0000,0.0054,0.0002,200,1.2171
0.0023,0.0000,0.0000,0.0000,0.0021,0.0000,200,1.2205
0.0077,0.0000,0.0000,0.0000,0.0076,0.0000,200,1.2157
0.0073,0.0000,0.0000,0.0001,0.0069,0.0002,200,1.2163
0.0364,0.0000,0.0000,0.0000,0.0362,0.0000,200,1.1872
0.0770,0.0000,0.0000,0.0000,0.0768,0.0001,200,1.1469
0.0154,0.0000,0.0000,0.0000,0.0153,0.0000,200,1.2093
0.0061,0.0000,0.0000,0.0001,0.0060,0.0000,200,1.2186
0.0030,0.0000,0.0000,0.0000,0.0028,0.0000,200,1.2220
0.0207,0.0000,0.0000,0.0000,0.0206,0.0000,200,1.2046
0.0160,0.0000,0.0000,0.0000,0.0159,0.0000,200,1.2099
0.0106,0.0000,0.0000,0.0000,0.0105,0.0001,200,1.2156
0.0069,0.0000,0.0000,0.0000,0.0068,0.0000,200,1.2199
0.0369,0.0000,0.0000,0.0002,0.0366,0.0000,200,1.1902
0.0303,0.0000,0.0000,0.0000,0.0302,0.0000,200,1.1973
0.0017,0.0000,0.0000,0.0001,0.0015,0.0001,200,1.2262
0.0101,0.0000,0.0000,0.0000,0.0098,0.0000,200,1.2183
0.0260,0.0000,0.0000,0.0001,0.0258,0.0001,200,1.2029
0.0145,0.0000,0.0000,0.0000,0.0145,0.0000,200,1.2147
0.0083,0.0000,0.0000,0.0000,0.0082,0.0000,200,1.2210
0.0036,0.0000,0.0000,0.0000,0.0035,0.0000,200,1.2259
0.0049,0.0000,0.0000,0.0000,0.0048,0.0000,200,1.2250
0.0210,0.0000,0.0000,0.0000,0.0210,0.0000,200,1.2089
0.0048,0.0000,0.0000,0.0000,0.0047,0.0001,200,1.2254
0.0078,0.0000,0.0000,0.0001,0.0076,0.0000,200,1.2228
0.0041,0.0000,0.0000,0.0000,0.0041,0.0000,200,1.2268
0.0404,0.0000,0.0000,0.0000,0.0403,0.0001,200,1.1911
0.0230,0.0000,0.0000,0.0000,0.0228,0.0002,200,1.2088
0.0095,0.0000,0.0000,0.0000,0.0093,0.0002,200,1.2227
0.0199,0.0000,0.0000,0.0000,0.0198,0.0000,200,1.2127
0.0291,0.0000,0.0000,0.0000,0.0290,0.0000,200,1.2039
0.0035,0.0000,0.0000,0.0000,0.0034,0.0000,200,1.2299
0.0352,0.0000,0.0000,0.0001,0.0350,0.0001,200,1.1984
0.0122,0.0000,0.0000,0.0000,0.0122,0.0000,200,1.2219
0.0638,0.0000,0.0000,0.0000,0.0638,0.0000,200,1.1707
0.0054,0.0000,0.0000,0.0001,0.0053,0.0000,200,1.2295
0.0448,0.0000,0.0000,0.0000,0.0447,0.0001,200,1.1905
0.0180,0.0000,0.0000,0.0000,0.0178,0.0002,200,1.2177
0.0088,0.0000,0.0000,0.0000,0.0087,0.0000,200,1.2270
0.0125,0.0000,0.0000,0.0000,0.0125,0.0000,200,1.2236
0.0127,0.0000,0.0000,0.0000,0.0124,0.0002,200,1.2239
0.0078,0.0000,0.0000,0.0000,0.0078,0.0000,200,1.2289
0.0140,0.0000,0.0000,0.0000,0.0140,0.0000,200,1.2236
0.0031,0.0000,0.0000,0.0000,0.0030,0.0000,200,1.2345
0.0219,0.0000,0.0000,0.0001,0.0217,0.0000,200,1.2163
0.0083,0.0000,0.0000,0.0001,0.0082,0.0001,200,1.2302
0.0140,0.0000,0.0000,0.0000,0.0139,0.0001,200,1.2247
0.0093,0.0000,0.0000,0.0000,0.0093,0.0000,200,1.2299
0.0075,0.0000,0.0000,0.0001,0.0072,0.0002,200,1.2322
0.0037,0.0000,0.0000,0.0002,0.0033,0.0001,200,1.2366
0.0018,0.0000,0.0000,0.0000,0.0016,0.0001,200,1.2387
0.0426,0.0000,0.0000,0.0000,0.0425,0.0000,200,1.1985
0.0066,0.0000,0.0000,0.0001,0.0061,0.0002,200,1.2349
0.0070,0.0000,0.0000,0.0000,0.0063,0.0003,200,1.2357
0.0052,0.0000,0.0000,0.0000,0.0051,0.0000,200,1.2376
0.0133,0.0000,0.0000,0.0000,0.0132,0.0000,200,1.2310
0.0278,0.0000,0.0000,0.0000,0.0277,0.0000,200,1.2168
0.0079,0.0000,0.0000,0.0000,0.0078,0.0000,200,1.2367
0.0590,0.0000,0.0000,0.0000,0.0588,0.0002,200,1.1860
0.0317,0.0000,0.0000,0.0000,0.0315,0.0001,200,1.2143
0.0461,0.0000,0.0000,0.0000,0.0461,0.0000,200,1.1998
0.0639,0.0000,0.0000,0.0000,0.0638,0.0000,200,1.1822
0.0177,0.0000,0.0000,0.0000,0.0176,0.0000,200,1.2292
0.0059,0.0000,0.0000,0.0000,0.0059,0.0001,200,1.2415
0.0722,0.0000,0.0000,0.0000,0.0720,0.0001,200,1.1754
0.0144,0.0000,0.0000,0.0000,0.0143,0.0000,200,1.2337
0.0293,0.0000,0.0000,0.0000,0.0291,0.0002,200,1.2195
0.0173,0.0000,0.0000,0.0000,0.0169,0.0001,200,1.2317
0.0110,0.0000,0.0000,0.0000,0.0109,0.0001,200,1.2382
0.0170,0.0000,0.0000,0.0000,0.0169,0.0000,200,1.2334
0.0198,0.0000,0.0000,0.0000,0.0198,0.0000,200,1.2306
0.0225,0.0000,0.0000,0.0000,0.0224,0.0000,200,1.2280
0.0236,0.0000,0.0000,0.0001,0.0234,0.0002,200,1.2276
0.0068,0.0000,0.0000,0.0000,0.0068,0.0000,200,1.2446
0.0161,0.0000,0.0000,0.0000,0.0160,0.0000,200,1.2353
0.0310,0.0000,0.0000,0.0000,0.0304,0.0000,200,1.2207
0.0015,0.0000,0.0000,0.0000,0.0014,0.0000,200,1.2504
0.0240,0.0000,0.0000,0.0000,0.0239,0.0000,200,1.2284
0.0173,0.0000,0.0000,0.0000,0.0172,0.0000,200,1.2358
0.0241,0.0000,0.0000,0.0000,0.0240,0.0000,200,1.2293
0.0354,0.0000,0.0000,0.0005,0.0347,0.0001,200,1.2188
0.0013,0.0000,0.0000,0.0000,0.0012,0.0000,200,1.2531
0.0528,0.0000,0.0000,0.0000,0.0527,0.0000,200,1.2018
0.0980,0.0000,0.0000,0.0000,0.0973,0.0007,200,1.1567
0.0394,0.0000,0.0000,0.0000,0.0394,0.0000,200,1.2158
0.0226,0.0000,0.0000,0.0000,0.0225,0.0000,200,1.2330
0.0826,0.0000,0.0000,0.0003,0.0821,0.0000,200,1.1735
0.0139,0.0000,0.0000,0.0000,0.0130,0.0001,200,1.2429
0.0114,0.0000,0.0000,0.0000,0.0113,0.0000,200,1.2459
0.0933,0.0000,0.0000,0.0000,0.0931,0.0001,200,1.1644
0.0091,0.0000,0.0000,0.0000,0.0090,0.0001,200,1.2490
0.0175,0.0000,0.0000,0.0000,0.0175,0.0000,200,1.2411
0.0090,0.0000,0.0000,0.0000,0.0088,0.0001,200,1.2504
0.0022,0.0000,0.0000,0.0000,0.0020,0.0001,200,1.2573
0.0015,0.0000,0.0000,0.0000,0.0010,0.0000,200,1.2581
0.0203,0.0000,0.0000,0.0000,0.0202,0.0001,200,1.2397
0.0289,0.0000,0.0000,0.0000,0.0288,0.0000,200,1.2315
0.0130,0.0000,0.0000,0.0001,0.0127,0.0001,200,1.2476
0.0479,0.0000,0.0000,0.0000,0.0477,0.0001,200,1.2131
0.0055,0.0000,0.0000,0.0000,0.0053,0.0002,200,1.2560
0.0082,0.0000,0.0000,0.0000,0.0081,0.0001,200,1.2534
0.0073,0.0000,0.0000,0.0000,0.0072,0.0000,200,1.2546
0.0036,0.0000,0.0000,0.0000,0.0035,0.0001,200,1.2586
0.0033,0.0000,0.0000,0.0000,0.0032,0.0001,200,1.2594
0.0064,0.0000,0.0000,0.0000,0.0063,0.0001,200,1.2568
0.0231,0.0000,0.0000,0.0000,0.0230,0.0000,200,1.2403
0.0177,0.0000,0.0000,0.0000,0.0177,0.0001,200,1.2461
0.0558,0.0000,0.0000,0.0000,0.0558,0.0000,200,1.2083
0.0284,0.0000,0.0000,0.0000,0.0283,0.0000,200,1.2361
0.0174,0.0000,0.0000,0.0000,0.0173,0.0001,200,1.2475
0.0037,0.0000,0.0000,0.0001,0.0035,0.0000,200,1.2615
0.0213,0.0000,0.0000,0.0000,0.0211,0.0001,200,1.2442
0.0254,0.0000,0.0000,0.0000,0.0252,0.0002,200,1.2405
0.0283,0.0000,0.0000,0.0000,0.0281,0.0000,200,1.2376
0.0123,0.0000,0.0000,0.0001,0.0121,0.0000,200,1.2542
0.0145,0.0000,0.0000,0.0000,0.0144,0.0000,200,1.2525
0.0157,0.0000,0.0000,0.0000,0.0156,0.0000,200,1.2514
0.0652,0.0000,0.0000,0.0000,0.0649,0.0001,200,1.2023
0.0066,0.0000,0.0000,0.0000,0.0060,0.0005,200,1.2619
0.0180,0.0000,0.0000,0.0000,0.0180,0.0000,200,1.2504
0.0089,0.0000,0.0000,0.0000,0.0086,0.0002,200,1.2596
0.0142,0.0000,0.0000,0.0000,0.0142,0.0001,200,1.2544
0.0042,0.0000,0.0000,0.0000,0.0042,0.0000,200,1.2645
0.0040,0.0000,0.0000,0.0000,0.0039,0.0001,200,1.2652
0.0183,0.0000,0.0000,0.0000,0.0180,0.0001,200,1.2512
0.0143,0.0000,0.0000,0.0000,0.0142,0.0000,200,1.2556
0.0077,0.0000,0.0000,0.0000,0.0076,0.0001,200,1.2627
0.0189,0.0000,0.0000,0.0000,0.0188,0.0000,200,1.2517
0.0025,0.0000,0.0000,0.0000,0.0024,0.0000,200,1.2687
0.0109,0.0000,0.0000,0.0000,0.0109,0.0000,200,1.2606
0.0015,0.0000,0.0000,0.0003,0.0012,0.0000,200,1.2706
0.0242,0.0000,0.0000,0.0000,0.0242,0.0000,200,1.2481
0.0064,0.0000,0.0000,0.0000,0.0063,0.0000,200,1.2659
0.0120,0.0000,0.0000,0.0000,0.0119,0.0000,200,1.2610
0.0216,0.0000,0.0000,0.0000,0.0215,0.0000,200,1.2514
0.0130,0.0000,0.0000,0.0000,0.0129,0.0000,200,1.2604
0.0066,0.0000,0.0000,0.0000,0.0065,0.0000,200,1.2671
0.0010,0.0000,0.0000,0.0000,0.0009,0.0000,200,1.2730
0.0071,0.0000,0.0000,0.0000,0.0070,0.0001,200,1.2675
0.0064,0.0000,0.0000,0.0000,0.0063,0.0001,200,1.2685
0.0064,0.0000,0.0000,0.0000,0.0063,0.0001,200,1.2686
0.0100,0.0000,0.0000,0.0000,0.0099,0.0000,200,1.2655
0.0374,0.0000,0.0000,0.0000,0.0373,0.0001,200,1.2385
0.0077,0.0000,0.0000,0.0000,0.0075,0.0001,200,1.2686
0.0281,0.0000,0.0000,0.0000,0.0280,0.0000,200,1.2487
0.0130,0.0000,0.0000,0.0000,0.0130,0.0000,200,1.2638
0.0088,0.0000,0.0000,0.0000,0.0087,0.0000,200,1.2685
0.0436,0.0000,0.0000,0.0000,0.0434,0.0001,200,1.2341
0.0390,0.0000,0.0000,0.0000,0.0388,0.0001,200,1.2392
0.0018,0.0000,0.0000,0.0000,0.0017,0.0001,200,1.2768
0.0140,0.0000,0.0000,0.0000,0.0140,0.0000,200,1.2648
0.0157,0.0000,0.0000,0.0001,0.0156,0.0000,200,1.2632
0.0272,0.0000,0.0000,0.0000,0.0271,0.0000,200,1.2519
0.0096,0.0000,0.0000,0.0000,0.0095,0.0000,200,1.2699
0.0160,0.0000,0.0000,0.0000,0.0159,0.0000,200,1.2641
0.0132,0.0000,0.0000,0.0000,0.0131,0.0001,200,1.2669
0.0337,0.0000,0.0000,0.0000,0.0336,0.0001,200,1.2469
0.0103,0.0000,0.0000,0.0002,0.0101,0.0000,200,1.2704
0.0049,0.0000,0.0000,0.0000,0.0048,0.0000,200,1.2763
0.0047,0.0000,0.0000,0.0000,0.0046,0.0000,200,1.2769
0.0186,0.0000,0.0000,0.0000,0.0186,0.0000,200,1.2633
0.0374,0.0000,0.0000,0.0000,0.0373,0.0000,200,1.2449
0.0589,0.0000,0.0000,0.0000,0.0589,0.0000,200,1.2234
0.0101,0.0000,0.0000,0.0001,0.0097,0.0004,200,1.2730
0.0716,0.0000,0.0000,0.0000,0.0715,0.0000,200,1.2117
0.0079,0.0000,0.0000,0.0000,0.0078,0.0001,200,1.2755
0.0146,0.0000,0.0000,0.0000,0.0145,0.0000,200,1.2692
0.0035,0.0000,0.0000,0.0000,0.0035,0.0001,200,1.2807
0.0056,0.0000,0.0000,0.0000,0.0056,0.0000,200,1.2791
0.0303,0.0000,0.0000,0.0000,0.0302,0.0000,200,1.2547
0.0055,0.0000,0.0000,0.0000,0.0054,0.0001,200,1.2801
0.0121,0.0000,0.0000,0.0001,0.0118,0.0000,200,1.2740
0.0822,0.0000,0.0000,0.0000,0.0820,0.0002,200,1.2043
0.0082,0.0000,0.0000,0.0000,0.0080,0.0001,200,1.2789
0.0053,0.0000,0.0000,0.0000,0.0052,0.0000,200,1.2820
0.0136,0.0000,0.0000,0.0000,0.0135,0.0000,200,1.2738
0.0093,0.0000,0.0000,0.0000,0.0091,0.0002,200,1.2789
0.0277,0.0000,0.0000,0.0000,0.0274,0.0000,200,1.2616
0.0444,0.0000,0.0000,0.0000,0.0444,0.0000,200,1.2460
0.0165,0.0000,0.0000,0.0001,0.0164,0.0000,200,1.2748
0.0035,0.0000,0.0000,0.0000,0.0034,0.0000,200,1.2882
0.0104,0.0000,0.0000,0.0000,0.0104,0.0000,200,1.2815
0.0175,0.0000,0.0000,0.0001,0.0171,0.0000,200,1.2746
0.0331,0.0000,0.0000,0.0000,0.0329,0.0002,200,1.2595
0.0090,0.0000,0.0000,0.0000,0.0089,0.0000,200,1.2838
0.0237,0.0000,0.0000,0.0000,0.0236,0.0000,200,1.2696
0.0336,0.0000,0.0000,0.0000,0.0333,0.0000,200,1.2600
0.0072,0.0000,0.0000,0.0000,0.0067,0.0005,200,1.2873
0.0090,0.0000,0.0000,0.0000,0.0089,0.0000,200,1.2856
0.0453,0.0000,0.0000,0.0000,0.0452,0.0000,200,1.2493
0.0084,0.0000,0.0000,0.0000,0.0083,0.0000,200,1.2861
0.0083,0.0000,0.0000,0.0000,0.0080,0.0002,200,1.2870
0.0120,0.0000,0.0000,0.0000,0.0119,0.0000,200,1.2833
0.0013,0.0000,0.0000,0.0000,0.0012,0.0000,200,1.2945
0.0520,0.0000,0.0000,0.0000,0.0517,0.0003,200,1.2445
0.0033,0.0000,0.0000,0.0000,0.0033,0.0000,200,1.2935
0.0643,0.0000,0.0000,0.0000,0.0643,0.0000,200,1.2326
0.0047,0.0000,0.0000,0.0000,0.0045,0.0000,200,1.2926
0.0149,0.0000,0.0000,0.0000,0.0147,0.0001,200,1.2833
0.0318,0.0000,0.0000,0.0000,0.0317,0.0000,200,1.2665
0.0019,0.0000,0.0000,0.0000,0.0018,0.0000,200,1.2968
0.0072,0.0000,0.0000,0.0000,0.0071,0.0000,200,1.2916
0.0050,0.0000,0.0000,0.0000,0.0049,0.0000,200,1.2945
0.0281,0.0000,0.0000,0.0001,0.0279,0.0000,200,1.2715
0.0280,0.0000,0.0000,0.0000,0.0279,0.0001,200,1.2722
0.0231,0.0000,0.0000,0.0000,0.0228,0.0000,200,1.2777
0.0457,0.0000,0.0000,0.0000,0.0456,0.0001,200,1.2552
0.0051,0.0000,0.0000,0.0000,0.0048,0.0002,200,1.2966
0.0088,0.0000,0.0000,0.0000,0.0087,0.0000,200,1.2928
0.0107,0.0000,0.0000,0.0000,0.0106,0.0001,200,1.2914
0.0027,0.0000,0.0000,0.0000,0.0026,0.0000,200,1.2996
0.0198,0.0000,0.0000,0.0000,0.0197,0.0000,200,1.2831
0.0786,0.0000,0.0000,0.0000,0.0786,0.0000,200,1.2247
0.0014,0.0000,0.0000,0.0000,0.0013,0.0000,200,1.3021
0.0093,0.0000,0.0000,0.0000,0.0092,0.0000,200,1.2945
0.0286,0.0000,0.0000,0.0000,0.0286,0.0000,200,1.2759
0.0148,0.0000,0.0000,0.0000,0.0146,0.0002,200,1.2904
0.0070,0.0000,0.0000,0.0000,0.0069,0.0000,200,1.2983
0.0273,0.0000,0.0000,0.0000,0.0271,0.0001,200,1.2782
0.0273,0.0000,0.0000,0.0001,0.0272,0.0000,200,1.2786
0.0105,0.0000,0.0000,0.0000,0.0104,0.0000,200,1.2958
0.0446,0.0000,0.0000,0.0002,0.0442,0.0002,200,1.2622
0.0299,0.0000,0.0000,0.0001,0.0296,0.0001,200,1.2772
0.0339,0.0000,0.0000,0.0000,0.0338,0.0001,200,1.2734
0.0092,0.0000,0.0000,0.0000,0.0090,0.0002,200,1.2982
0.0161,0.0000,0.0000,0.0000,0.0160,0.0000,200,1.2920
0.0239,0.0000,0.0000,0.0000,0.0239,0.0000,200,1.2842
0.0511,0.0000,0.0000,0.0000,0.0508,0.0002,200,1.2577
0.0057,0.0000,0.0000,0.0000,0.0056,0.0000,200,1.3035
0.0249,0.0000,0.0000,0.0000,0.0246,0.0002,200,1.2847
0.0037,0.0000,0.0000,0.0000,0.0036,0.0000,200,1.3059
0.0030,0.0000,0.0000,0.0001,0.0027,0.0000,200,1.3074
0.0076,0.0000,0.0000,0.0000,0.0075,0.0000,200,1.3029
0.0388,0.0000,0.0000,0.0000,0.0386,0.0001,200,1.2723
0.0263,0.0000,0.0000,0.0000,0.0262,0.0000,200,1.2850
0.0019,0.0000,0.0000,0.0001,0.0016,0.0000,200,1.3096
0.0101,0.0000,0.0000,0.0000,0.0101,0.0000,200,1.3016
0.0104,0.0000,0.0000,0.0000,0.0103,0.0000,200,1.3016
0.0059,0.0000,0.0000,0.0000,0.0059,0.0000,200,1.3063
0.0117,0.0000,0.0000,0.0000,0.0116,0.0000,200,1.3008
0.0074,0.0000,0.0000,0.0000,0.0073,0.0000,200,1.3053
0.0142,0.0000,0.0000,0.0000,0.0139,0.0001,200,1.2988
0.0387,0.0000,0.0000,0.0000,0.0383,0.0003,200,1.2750
0.0096,0.0000,0.0000,0.0000,0.0095,0.0000,200,1.3045
0.0322,0.0000,0.0000,0.0000,0.0320,0.0002,200,1.2823
0.0074,0.0000,0.0000,0.0000,0.0073,0.0000,200,1.3071
0.0253,0.0000,0.0000,0.0000,0.0243,0.0000,200,1.2893
0.0438,0.0000,0.0000,0.0000,0.0438,0.0000,200,1.2713
0.0074,0.0000,0.0000,0.0000,0.0073,0.0001,200,1.3082
0.0041,0.0000,0.0000,0.0000,0.0039,0.0001,200,1.3118
0.0185,0.0000,0.0000,0.0001,0.0183,0.0000,200,1.2973
0.0196,0.0000,0.0000,0.0000,0.0195,0.0001,200,1.2969
0.0039,0.0000,0.0000,0.0000,0.0038,0.0000,200,1.3130
0.0305,0.0000,0.0000,0.0000,0.0305,0.0000,200,1.2865
0.0048,0.0000,0.0000,0.0000,0.0048,0.0000,200,1.3127
0.0036,0.0000,0.0000,0.0003,0.0030,0.0004,200,1.3145
0.0035,0.0000,0.0000,0.0000,0.0035,0.0000,200,1.3147
0.0309,0.0000,0.0000,0.0018,0.0290,0.0000,200,1.2874
0.0164,0.0000,0.0000,0.0000,0.0161,0.0002,200,1.3023
0.0255,0.0000,0.0000,0.0000,0.0255,0.0000,200,1.2933
0.0077,0.0000,0.0000,0.0000,0.0076,0.0000,200,1.3115
0.0398,0.0000,0.0000,0.0000,0.0398,0.0000,200,1.2795
0.0251,0.0000,0.0000,0.0000,0.0250,0.0000,200,1.2945
0.0077,0.0000,0.0000,0.0000,0.0076,0.0001,200,1.3124
0.0166,0.0000,0.0000,0.0000,0.0164,0.0001,200,1.3038
0.0397,0.0000,0.0000,0.0000,0.0396,0.0001,200,1.2811
0.0019,0.0000,0.0000,0.0001,0.0018,0.0000,200,1.3192
0.0048,0.0000,0.0000,0.0000,0.0044,0.0004,200,1.3169
0.0096,0.0000,0.0000,0.0000,0.0095,0.0000,200,1.3122
0.0012,0.0000,0.0000,0.0000,0.0011,0.0001,200,1.3211
0.0070,0.0000,0.0000,0.0000,0.0070,0.0000,200,1.3158
0.0079,0.0000,0.0000,0.0000,0.0072,0.0005,200,1.3156
0.0314,0.0000,0.0000,0.0000,0.0313,0.0000,200,1.2921
0.0031,0.0000,0.0000,0.0000,0.0030,0.0001,200,1.3208
0.0078,0.0000,0.0000,0.0000,0.0076,0.0001,200,1.3165
0.0526,0.0000,0.0000,0.0000,0.0525,0.0001,200,1.2723
0.0100,0.0000,0.0000,0.0000,0.0099,0.0000,200,1.3151
0.0203,0.0000,0.0000,0.0000,0.0202,0.0000,200,1.3053
0.0833,0.0000,0.0000,0.0000,0.0831,0.0001,200,1.2427
0.0154,0.0000,0.0000,0.0001,0.0152,0.0001,200,1.3111
0.0176,0.0000,0.0000,0.0000,0.0175,0.0000,200,1.3091
0.0077,0.0000,0.0000,0.0000,0.0077,0.0000,200,1.3193
0.0053,0.0000,0.0000,0.0000,0.0052,0.0000,200,1.3218
0.0071,0.0000,0.0000,0.0000,0.0070,0.0000,200,1.3201
0.0137,0.0000,0.0000,0.0000,0.0136,0.0001,200,1.3137
0.0038,0.0000,0.0000,0.0000,0.0035,0.0002,200,1.3243
0.0168,0.0000,0.0000,0.0000,0.0168,0.0000,200,1.3113
0.0278,0.0000,0.0000,0.0000,0.0277,0.0001,200,1.3009
0.0027,0.0000,0.0000,0.0000,0.0024,0.0001,200,1.3264
0.0118,0.0000,0.0000,0.0000,0.0117,0.0000,200,1.3175
0.0016,0.0000,0.0000,0.0000,0.0015,0.0000,200,1.3281
0.0230,0.0000,0.0000,0.0000,0.0229,0.0000,200,1.3073
0.0127,0.0000,0.0000,0.0000,0.0125,0.0001,200,1.3182
0.0035,0.0000,0.0000,0.0000,0.0033,0.0001,200,1.3274
0.0040,0.0000,0.0000,0.0000,0.0039,0.0000,200,1.3271
0.0109,0.0000,0.0000,0.0000,0.0108,0.0000,200,1.3204
0.0365,0.0000,0.0000,0.0001,0.0363,0.0000,200,1.2954
0.0128,0.0000,0.0000,0.0000,0.0125,0.0002,200,1.3196
0.0137,0.0000,0.0000,0.0000,0.0135,0.0000,200,1.3187
0.0135,0.0000,0.0000,0.0000,0.0135,0.0000,200,1.3189
0.0670,0.0000,0.0000,0.0000,0.0669,0.0000,200,1.2659
0.0042,0.0000,0.0000,0.0000,0.0039,0.0000,200,1.3291
0.0345,0.0000,0.0000,0.0000,0.0344,0.0000,200,1.2995
0.0073,0.0000,0.0000,0.0002,0.0070,0.0001,200,1.3270
0.0283,0.0000,0.0000,0.0003,0.0279,0.0001,200,1.3068
0.0546,0.0000,0.0000,0.0000,0.0545,0.0000,200,1.2807
0.0367,0.0000,0.0000,0.0000,0.0364,0.0001,200,1.2988
0.0019,0.0000,0.0000,0.0000,0.0018,0.0000,200,1.3340
0.0134,0.0000,0.0000,0.0000,0.0133,0.0000,200,1.3229
0.0142,0.0000,0.0000,0.0000,0.0141,0.0000,200,1.3224
0.0547,0.0000,0.0000,0.0000,0.0547,0.0000,200,1.2823
0.0027,0.0000,0.0000,0.0001,0.0020,0.0005,200,1.3351
0.0261,0.0000,0.0000,0.0000,0.0260,0.0000,200,1.3120
0.0147,0.0000,0.0000,0.0000,0.0146,0.0001,200,1.3234
0.0100,0.0000,0.0000,0.0000,0.0099,0.0001,200,1.3281
0.0115,0.0000,0.0000,0.0000,0.0114,0.0001,200,1.3271
0.0210,0.0000,0.0000,0.0000,0.0209,0.0000,200,1.3182
0.0037,0.0000,0.0000,0.0000,0.0036,0.0000,200,1.3359
0.0167,0.0000,0.0000,0.0000,0.0166,0.0001,200,1.3235
0.0311,0.0000,0.0000,0.0000,0.0311,0.0001,200,1.3104
0.0167,0.0000,0.0000,0.0000,0.0160,0.0007,200,1.3260
0.0187,0.0000,0.0000,0.0000,0.0187,0.0000,200,1.3240
0.0108,0.0000,0.0000,0.0000,0.0107,0.0000,200,1.3324
0.0185,0.0000,0.0000,0.0000,0.0185,0.0000,200,1.3255
0.0271,0.0000,0.0000,0.0000,0.0270,0.0000,200,1.3170
0.0124,0.0000,0.0000,0.0002,0.0120,0.0001,200,1.3318
0.0302,0.0000,0.0000,0.0000,0.0301,0.0000,200,1.3142
0.0306,0.0000,0.0000,0.0000,0.0304,0.0000,200,1.3145
0.0074,0.0000,0.0000,0.0001,0.0072,0.0000,200,1.3381
0.0655,0.0000,0.0000,0.0001,0.0654,0.0000,200,1.2802
0.0020,0.0000,0.0000,0.0000,0.0020,0.0000,200,1.3441
0.0114,0.0000,0.0000,0.0000,0.0112,0.0002,200,1.3355
0.0093,0.0000,0.0000,0.0000,0.0092,0.0000,200,1.3381
0.0191,0.0000,0.0000,0.0000,0.0190,0.0001,200,1.3287
0.0103,0.0000,0.0000,0.0000,0.0102,0.0000,200,1.3379
0.0326,0.0000,0.0000,0.0000,0.0326,0.0000,200,1.3159
0.0237,0.0000,0.0000,0.0000,0.0235,0.0000,200,1.3251
0.0101,0.0000,0.0000,0.0000,0.0101,0.0000,200,1.3392
0.0025,0.0000,0.0000,0.0002,0.0022,0.0000,200,1.3468
0.0205,0.0000,0.0000,0.0000,0.0204,0.0001,200,1.3293
0.0193,0.0000,0.0000,0.0001,0.0191,0.0001,200,1.3308
0.0401,0.0000,0.0000,0.0000,0.0401,0.0001,200,1.3105
0.0027,0.0000,0.0000,0.0000,0.0026,0.0000,200,1.3485
0.0188,0.0000,0.0000,0.0000,0.0187,0.0000,200,1.3324
0.0166,0.0000,0.0000,0.0000,0.0165,0.0001,200,1.3352
0.0466,0.0000,0.0000,0.0000,0.0465,0.0001,200,1.3055
0.0091,0.0000,0.0000,0.0000,0.0090,0.0000,200,1.3444
0.0202,0.0000,0.0000,0.0000,0.0201,0.0000,200,1.3333
0.0169,0.0000,0.0000,0.0000,0.0168,0.0000,200,1.3366
0.0062,0.0000,0.0000,0.0000,0.0061,0.0000,200,1.3474
0.0043,0.0000,0.0000,0.0000,0.0042,0.0000,200,1.3493
0.0096,0.0000,0.0000,0.0000,0.0095,0.0001,200,1.3442
0.0062,0.0000,0.0000,0.0000,0.0061,0.0001,200,1.3482
0.0239,0.0000,0.0000,0.0000,0.0237,0.0002,200,1.3309
0.0165,0.0000,0.0000,0.0000,0.0164,0.0000,200,1.3386
0.0101,0.0000,0.0000,0.0000,0.0100,0.0000,200,1.3455
0.0560,0.0000,0.0000,0.0000,0.0559,0.0000,200,1.3002
0.0017,0.0000,0.0000,0.0000,0.0016,0.0000,200,1.3548
0.0534,0.0000,0.0000,0.0000,0.0533,0.0001,200,1.3034
0.0268,0.0000,0.0000,0.0001,0.0264,0.0003,200,1.3303
0.0155,0.0000,0.0000,0.0001,0.0154,0.0000,200,1.3415
0.0494,0.0000,0.0000,0.0000,0.0493,0.0001,200,1.3080
0.0482,0.0000,0.0000,0.0000,0.0481,0.0000,200,1.3096
0.0122,0.0000,0.0000,0.0000,0.0121,0.0001,200,1.3461
0.0206,0.0000,0.0000,0.0000,0.0205,0.0000,200,1.3382
0.0074,0.0000,0.0000,0.0000,0.0073,0.0000,200,1.3519
0.0019,0.0000,0.0000,0.0000,0.0018,0.0000,200,1.3578
0.0255,0.0000,0.0000,0.0002,0.0253,0.0000,200,1.3343
0.0244,0.0000,0.0000,0.0000,0.0240,0.0003,200,1.3362
0.0013,0.0000,0.0000,0.0000,0.0012,0.0000,200,1.3593
0.0286,0.0000,0.0000,0.0000,0.0285,0.0001,200,1.3323
0.0523,0.0000,0.0000,0.0000,0.0523,0.0000,200,1.3088
0.0081,0.0000,0.0000,0.0000,0.0079,0.0001,200,1.3535
0.0012,0.0000,0.0000,0.0000,0.0011,0.0000,200,1.3606
0.0024,0.0000,0.0000,0.0000,0.0024,0.0000,200,1.3598
0.0091,0.0000,0.0000,0.0000,0.0090,0.0001,200,1.3535
0.0140,0.0000,0.0000,0.0000,0.0139,0.0000,200,1.3488
0.0152,0.0000,0.0000,0.0000,0.0151,0.0000,200,1.3478
0.0065,0.0000,0.0000,0.0000,0.0065,0.0000,200,1.3570
0.0215,0.0000,0.0000,0.0001,0.0212,0.0001,200,1.3427
0.0206,0.0000,0.0000,0.0000,0.0206,0.0000,200,1.3441
0.0073,0.0000,0.0000,0.0000,0.0072,0.0000,200,1.3574
0.0086,0.0000,0.0000,0.0000,0.0086,0.0000,200,1.3565
0.0042,0.0000,0.0000,0.0000,0.0041,0.0001,200,1.3616
0.0108,0.0000,0.0000,0.0001,0.0106,0.0001,200,1.3556
0.0176,0.0000,0.0000,0.0000,0.0175,0.0000,200,1.3493
0.0243,0.0000,0.0000,0.0000,0.0241,0.0002,200,1.3427
0.0143,0.0000,0.0000,0.0000,0.0142,0.0000,200,1.3535
0.0178,0.0000,0.0000,0.0000,0.0176,0.0001,200,1.3501
0.0027,0.0000,0.0000,0.0001,0.0025,0.0001,200,1.3658
0.0290,0.0000,0.0000,0.0000,0.0289,0.0000,200,1.3396
0.0077,0.0000,0.0000,0.0000,0.0076,0.0000,200,1.3611
0.0235,0.0000,0.0000,0.0000,0.0234,0.0001,200,1.3461
0.0184,0.0000,0.0000,0.0000,0.0184,0.0000,200,1.3512
0.0036,0.0000,0.0000,0.0000,0.0035,0.0001,200,1.3664
0.0133,0.0000,0.0000,0.0000,0.0132,0.0000,200,1.3570
0.0110,0.0000,0.0000,0.0000,0.0108,0.0001,200,1.3597
0.0108,0.0000,0.0000,0.0000,0.0107,0.0000,200,1.3606
0.0416,0.0000,0.0000,0.0000,0.0413,0.0002,200,1.3297
0.0020,0.0000,0.0000,0.0001,0.0018,0.0001,200,1.3696
0.0190,0.0000,0.0000,0.0000,0.0182,0.0007,200,1.3538
0.0184,0.0000,0.0000,0.0000,0.0183,0.0000,200,1.3544
0.0404,0.0000,0.0000,0.0000,0.0402,0.0002,200,1.3329
0.0032,0.0000,0.0000,0.0000,0.0032,0.0000,200,1.3700
0.0046,0.0000,0.0000,0.0001,0.0043,0.0003,200,1.3696
0.0079,0.0000,0.0000,0.0000,0.0074,0.0002,200,1.3670
0.0566,0.0000,0.0000,0.0000,0.0566,0.0000,200,1.3183
0.0248,0.0000,0.0000,0.0000,0.0247,0.0001,200,1.3506
0.0029,0.0000,0.0000,0.0000,0.0028,0.0001,200,1.3728
0.0250,0.0000,0.0000,0.0000,0.0248,0.0002,200,1.3512
0.0362,0.0000,0.0000,0.0000,0.0360,0.0001,200,1.3402
0.0399,0.0000,0.0000,0.0000,0.0399,0.0000,200,1.3370
0.0008,0.0000,0.0000,0.0001,0.0007,0.0000,200,1.3763
0.0208,0.0000,0.0000,0.0000,0.0206,0.0000,200,1.3567
0.0141,0.0000,0.0000,0.0001,0.0139,0.0002,200,1.3642
0.0030,0.0000,0.0000,0.0000,0.0029,0.0000,200,1.3754
0.0536,0.0000,0.0000,0.0000,0.0534,0.0001,200,1.3249
0.0181,0.0000,0.0000,0.0000,0.0180,0.0000,200,1.3610
0.0034,0.0000,0.0000,0.0000,0.0033,0.0001,200,1.3761
0.0086,0.0000,0.0000,0.0000,0.0085,0.0000,200,1.3713
0.0124,0.0000,0.0000,0.0001,0.0122,0.0001,200,1.3678
0.0023,0.0000,0.0000,0.0000,0.0020,0.0001,200,1.3785
0.0062,0.0000,0.0000,0.0000,0.0061,0.0000,200,1.3772
0.0881,0.0000,0.0000,0.0000,0.0880,0.0001,200,1.2953
0.0257,0.0000,0.0000,0.0000,0.0255,0.0001,200,1.3583
0.0158,0.0000,0.0000,0.0001,0.0155,0.0000,200,1.3686
0.0115,0.0000,0.0000,0.0000,0.0114,0.0000,200,1.3733
0.0020,0.0000,0.0000,0.0000,0.0018,0.0000,200,1.3834
0.0190,0.0000,0.0000,0.0000,0.0189,0.0001,200,1.3669
0.0015,0.0000,0.0000,0.0000,0.0014,0.0001,200,1.3844
0.0091,0.0000,0.0000,0.0000,0.0090,0.0000,200,1.3770
0.0415,0.0000,0.0000,0.0001,0.0412,0.0000,200,1.3451
0.0335,0.0000,0.0000,0.0000,0.0333,0.0001,200,1.3536
0.0247,0.0000,0.0000,0.0000,0.0246,0.0000,200,1.3629
0.0130,0.0000,0.0000,0.0000,0.0129,0.0000,200,1.3749
0.0450,0.0000,0.0000,0.0000,0.0444,0.0005,200,1.3432
0.0154,0.0000,0.0000,0.0000,0.0153,0.0000,200,1.3728
0.0204,0.0000,0.0000,0.0000,0.0202,0.0001,200,1.3685
0.0373,0.0000,0.0000,0.0001,0.0370,0.0001,200,1.3521
0.0265,0.0000,0.0000,0.0000,0.0264,0.0000,200,1.3630
0.0100,0.0000,0.0000,0.0000,0.0099,0.0000,200,1.3801
0.0633,0.0000,0.0000,0.0000,0.0632,0.0001,200,1.3272
0.0600,0.0000,0.0000,0.0000,0.0599,0.0000,200,1.3311
0.0162,0.0000,0.0000,0.0001,0.0160,0.0001,200,1.3749
0.0055,0.0000,0.0000,0.0000,0.0054,0.0001,200,1.3859
0.0332,0.0000,0.0000,0.0000,0.0330,0.0002,200,1.3588
0.0275,0.0000,0.0000,0.0000,0.0273,0.0001,200,1.3647
0.0207,0.0000,0.0000,0.0000,0.0206,0.0000,200,1.3716
0.0055,0.0000,0.0000,0.0000,0.0052,0.0003,200,1.3876
0.0021,0.0000,0.0000,0.0000,0.0020,0.0000,200,1.3911
0.0320,0.0000,0.0000,0.0000,0.0319,0.0000,200,1.3618
0.0008,0.0000,0.0000,0.0000,0.0007,0.0001,200,1.3932
0.0386,0.0000,0.0000,0.0000,0.0385,0.0000,200,1.3561
0.0042,0.0000,0.0000,0.0000,0.0041,0.0000,200,1.3905
0.0119,0.0000,0.0000,0.0000,0.0117,0.0001,200,1.3835
0.0321,0.0000,0.0000,0.0000,0.0320,0.0001,200,1.3636
0.0178,0.0000,0.0000,0.0000,0.0177,0.0001,200,1.3784
0.0340,0.0000,0.0000,0.0000,0.0337,0.0000,200,1.3626
0.0190,0.0000,0.0000,0.0000,0.0189,0.0000,200,1.3783
0.0476,0.0000,0.0000,0.0000,0.0475,0.0000,200,1.3498
0.0110,0.0000,0.0000,0.0000,0.0110,0.0000,200,1.3865
0.0029,0.0000,0.0000,0.0000,0.0027,0.0000,200,1.3953
0.0086,0.0000,0.0000,0.0000,0.0085,0.0000,200,1.3901
0.0028,0.0000,0.0000,0.0000,0.0027,0.0001,200,1.3962
0.0290,0.0000,0.0000,0.0000,0.0289,0.0000,200,1.3704
0.0347,0.0000,0.0000,0.0000,0.0346,0.0000,200,1.3651
0.0113,0.0000,0.0000,0.0000,0.0113,0.0000,200,1.3889
0.0272,0.0000,0.0000,0.0000,0.0269,0.0001,200,1.3733
0.0695,0.0000,0.0000,0.0000,0.0695,0.0000,200,1.3313
0.0223,0.0000,0.0000,0.0003,0.0218,0.0001,200,1.3791
0.0394,0.0000,0.0000,0.0000,0.0393,0.0000,200,1.3622
0.0072,0.0000,0.0000,0.0000,0.0072,0.0000,200,1.3947
0.0228,0.0000,0.0000,0.0000,0.0227,0.0001,200,1.3795
0.0231,0.0000,0.0000,0.0000,0.0229,0.0001,200,1.3799
0.0096,0.0000,0.0000,0.0000,0.0095,0.0000,200,1.3937
0.0044,0.0000,0.0000,0.0002,0.0041,0.0000,200,1.3990
0.0142,0.0000,0.0000,0.0002,0.0139,0.0002,200,1.3893
0.0122,0.0000,0.0000,0.0000,0.0119,0.0003,200,1.3920
0.0194,0.0000,0.0000,0.0000,0.0194,0.0001,200,1.3848
0.0369,0.0000,0.0000,0.0000,0.0369,0.0000,200,1.3679
0.0132,0.0000,0.0000,0.0000,0.0131,0.0000,200,1.3922
0.0032,0.0000,0.0000,0.0000,0.0031,0.0000,200,1.4023
0.0063,0.0000,0.0000,0.0000,0.0061,0.0000,200,1.3994
0.0192,0.0000,0.0000,0.0000,0.0191,0.0001,200,1.3871
0.0010,0.0000,0.0000,0.0000,0.0009,0.0000,200,1.4055
0.0156,0.0000,0.0000,0.0000,0.0155,0.0000,200,1.3914
0.0177,0.0000,0.0000,0.0000,0.0176,0.0000,200,1.3895
0.0105,0.0000,0.0000,0.0000,0.0102,0.0003,200,1.3973
0.0199,0.0000,0.0000,0.0000,0.0198,0.0000,200,1.3879
0.0863,0.0000,0.0000,0.0000,0.0862,0.0000,200,1.3217
0.0144,0.0000,0.0000,0.0001,0.0143,0.0000,200,1.3940
0.0439,0.0000,0.0000,0.0000,0.0438,0.0000,200,1.3647
0.0124,0.0000,0.0000,0.0000,0.0122,0.0001,200,1.3966
0.0387,0.0000,0.0000,0.0000,0.0386,0.0000,200,1.3707
0.0043,0.0000,0.0000,0.0000,0.0042,0.0001,200,1.4054
0.0095,0.0000,0.0000,0.0000,0.0095,0.0000,200,1.4005
0.0098,0.0000,0.0000,0.0000,0.0097,0.0000,200,1.4008
0.0094,0.0000,0.0000,0.0000,0.0093,0.0000,200,1.4014
0.0271,0.0000,0.0000,0.0000,0.0271,0.0001,200,1.3840
0.0052,0.0000,0.0000,0.0000,0.0049,0.0002,200,1.4063
0.0050,0.0000,0.0000,0.0000,0.0023,0.0027,200,1.4097
0.0391,0.0000,0.0000,0.0000,0.0388,0.0000,200,1.3757
0.0070,0.0000,0.0000,0.0001,0.0068,0.0000,200,1.4078
0.0146,0.0000,0.0000,0.0000,0.0146,0.0000,200,1.4002
0.0084,0.0000,0.0000,0.0000,0.0083,0.0000,200,1.4065
0.0069,0.0000,0.0000,0.0000,0.0068,0.0000,200,1.4080
0.0119,0.0000,0.0000,0.0000,0.0119,0.0000,200,1.4030
0.0193,0.0000,0.0000,0.0000,0.0192,0.0000,200,1.3957
0.0202,0.0000,0.0000,0.0000,0.0202,0.0000,200,1.3948
0.0066,0.0000,0.0000,0.0000,0.0066,0.0000,200,1.4084
0.0056,0.0000,0.0000,0.0000,0.0055,0.0001,200,1.4094
0.0168,0.0000,0.0000,0.0000,0.0168,0.0000,200,1.3982
0.0066,0.0000,0.0000,0.0000,0.0065,0.0001,200,1.4086
0.0137,0.0000,0.0000,0.0000,0.0136,0.0000,200,1.4020
0.0129,0.0000,0.0000,0.0000,0.0127,0.0002,200,1.4034
0.0020,0.0000,0.0000,0.0000,0.0019,0.0000,200,1.4149
0.0126,0.0000,0.0000,0.0000,0.0126,0.0000,200,1.4042
0.0398,0.0000,0.0000,0.0000,0.0397,0.0000,200,1.3775
0.0030,0.0000,0.0000,0.0000,0.0029,0.0000,200,1.4148
0.0068,0.0000,0.0000,0.0000,0.0067,0.0000,200,1.4115
0.0326,0.0000,0.0000,0.0000,0.0325,0.0000,200,1.3859
0.0041,0.0000,0.0000,0.0000,0.0040,0.0002,200,1.4150
0.0125,0.0000,0.0000,0.0000,0.0120,0.0004,200,1.4072
0.0186,0.0000,0.0000,0.0000,0.0181,0.0004,200,1.4016
0.0124,0.0000,0.0000,0.0000,0.0123,0.0000,200,1.4078
0.0204,0.0000,0.0000,0.0001,0.0202,0.0001,200,1.3998
0.0057,0.0000,0.0000,0.0000,0.0056,0.0000,200,1.4150
0.0220,0.0000,0.0000,0.0000,0.0219,0.0000,200,1.3987
0.0406,0.0000,0.0000,0.0000,0.0380,0.0002,200,1.3807
0.0158,0.0000,0.0000,0.0001,0.0157,0.0000,200,1.4057
0.0369,0.0000,0.0000,0.0000,0.0368,0.0001,200,1.3853
0.0055,0.0000,0.0000,0.0000,0.0053,0.0001,200,1.4169
0.0186,0.0000,0.0000,0.0000,0.0185,0.0001,200,1.4042
0.0061,0.0000,0.0000,0.0000,0.0060,0.0000,200,1.4174
0.0033,0.0000,0.0000,0.0000,0.0025,0.0004,200,1.4202
0.0355,0.0000,0.0000,0.0000,0.0350,0.0002,200,1.3881
0.0089,0.0000,0.0000,0.0000,0.0088,0.0001,200,1.4149
0.0021,0.0000,0.0000,0.0004,0.0017,0.0000,200,1.4223
0.0141,0.0000,0.0000,0.0000,0.0139,0.0001,200,1.4106
0.0219,0.0000,0.0000,0.0000,0.0218,0.0001,200,1.4033
0.0104,0.0000,0.0000,0.0000,0.0104,0.0000,200,1.4149
0.0109,0.0000,0.0000,0.0000,0.0109,0.0000,200,1.4150
0.0520,0.0000,0.0000,0.0000,0.0519,0.0000,200,1.3743
0.0176,0.0000,0.0000,0.0000,0.0174,0.0002,200,1.4090
0.0021,0.0000,0.0000,0.0000,0.0021,0.0000,200,1.4244
0.0068,0.0000,0.0000,0.0004,0.0063,0.0000,200,1.4202
0.0302,0.0000,0.0000,0.0000,0.0301,0.0001,200,1.3974
0.0015,0.0000,0.0000,0.0000,0.0014,0.0000,200,1.4263
0.0044,0.0000,0.0000,0.0000,0.0042,0.0001,200,1.4236
0.0030,0.0000,0.0000,0.0000,0.0029,0.0000,200,1.4253
0.0098,0.0000,0.0000,0.0000,0.0096,0.0001,200,1.4191
0.0024,0.0000,0.0000,0.0001,0.0023,0.0000,200,1.4266
0.0247,0.0000,0.0000,0.0000,0.0246,0.0001,200,1.4048
0.0065,0.0000,0.0000,0.0003,0.0061,0.0000,200,1.4235
0.0392,0.0000,0.0000,0.0000,0.0391,0.0000,200,1.3910
0.0042,0.0000,0.0000,0.0001,0.0040,0.0000,200,1.4266
0.0018,0.0000,0.0000,0.0000,0.0016,0.0002,200,1.4295
0.0433,0.0000,0.0000,0.0000,0.0432,0.0000,200,1.3882
0.0154,0.0000,0.0000,0.0000,0.0154,0.0000,200,1.4163
0.0015,0.0000,0.0000,0.0000,0.0014,0.0000,200,1.4308
0.0152,0.0000,0.0000,0.0000,0.0148,0.0004,200,1.4178
0.0123,0.0000,0.0000,0.0000,0.0122,0.0000,200,1.4207
0.0053,0.0000,0.0000,0.0000,0.0051,0.0001,200,1.4280
0.0302,0.0000,0.0000,0.0000,0.0301,0.0001,200,1.4035
0.0144,0.0000,0.0000,0.0000,0.0143,0.0000,200,1.4197
0.0194,0.0000,0.0000,0.0000,0.0194,0.0000,200,1.4152
0.0162,0.0000,0.0000,0.0000,0.0161,0.0000,200,1.4216
0.0229,0.0000,0.0000,0.0000,0.0228,0.0000,200,1.4149
0.0458,0.0000,0.0000,0.0000,0.0458,0.0000,200,1.3923
0.0276,0.0000,0.0000,0.0000,0.0275,0.0000,200,1.4107
0.0455,0.0000,0.0000,0.0000,0.0455,0.0000,200,1.3931
0.0240,0.0000,0.0000,0.0000,0.0239,0.0000,200,1.4150
0.0049,0.0000,0.0000,0.0001,0.0047,0.0000,200,1.4341
0.0177,0.0000,0.0000,0.0000,0.0176,0.0000,200,1.4213
0.0225,0.0000,0.0000,0.0000,0.0224,0.0001,200,1.4169
0.0153,0.0000,0.0000,0.0000,0.0152,0.0000,200,1.4247
0.0091,0.0000,0.0000,0.0000,0.0090,0.0001,200,1.4313
0.0133,0.0000,0.0000,0.0000,0.0132,0.0000,200,1.4278
0.0268,0.0000,0.0000,0.0000,0.0266,0.0002,200,1.4148
0.0236,0.0000,0.0000,0.0000,0.0235,0.0000,200,1.4182
0.0326,0.0000,0.0000,0.0000,0.0324,0.0001,200,1.4101
0.0048,0.0000,0.0000,0.0000,0.0047,0.0000,200,1.4384
0.0138,0.0000,0.0000,0.0000,0.0137,0.0000,200,1.4300
0.0048,0.0000,0.0000,0.0000,0.0047,0.0000,200,1.4390
0.0095,0.0000,0.0000,0.0000,0.0094,0.0000,200,1.4346
0.0051,0.0000,0.0000,0.0000,0.0051,0.0000,200,1.4390
0.0067,0.0000,0.0000,0.0000,0.0066,0.0000,200,1.4378
0.0379,0.0000,0.0000,0.0000,0.0378,0.0000,200,1.4070
0.0343,0.0000,0.0000,0.0000,0.0342,0.0000,200,1.4111
0.0310,0.0000,0.0000,0.0000,0.0308,0.0002,200,1.4147
0.0222,0.0000,0.0000,0.0000,0.0222,0.0000,200,1.4239
0.0089,0.0000,0.0000,0.0000,0.0088,0.0001,200,1.4378
0.0241,0.0000,0.0000,0.0000,0.0240,0.0001,200,1.4228
0.0059,0.0000,0.0000,0.0000,0.0058,0.0001,200,1.4411
0.0030,0.0000,0.0000,0.0002,0.0028,0.0000,200,1.4445
0.0048,0.0000,0.0000,0.0000,0.0048,0.0000,200,1.4432
0.0101,0.0000,0.0000,0.0000,0.0100,0.0000,200,1.4381
0.0067,0.0000,0.0000,0.0000,0.0065,0.0001,200,1.4418
0.0286,0.0000,0.0000,0.0000,0.0286,0.0000,200,1.4207
0.0225,0.0000,0.0000,0.0000,0.0224,0.0000,200,1.4269
0.0104,0.0000,0.0000,0.0000,0.0103,0.0000,200,1.4394
0.0094,0.0000,0.0000,0.0001,0.0093,0.0000,200,1.4405
0.0525,0.0000,0.0000,0.0000,0.0525,0.0000,200,1.3976
0.0956,0.0000,0.0000,0.0000,0.0956,0.0000,200,1.3551
0.0036,0.0000,0.0000,0.0000,0.0034,0.0001,200,1.4475
0.0034,0.0000,0.0000,0.0000,0.0032,0.0000,200,1.4485
0.0333,0.0000,0.0000,0.0000,0.0332,0.0001,200,1.4186
0.0052,0.0000,0.0000,0.0001,0.0045,0.0005,200,1.4467
0.0192,0.0000,0.0000,0.0000,0.0191,0.0001,200,1.4330
0.0054,0.0000,0.0000,0.0000,0.0053,0.0000,200,1.4469
0.0045,0.0000,0.0000,0.0000,0.0043,0.0000,200,1.4480
0.0112,0.0000,0.0000,0.0000,0.0111,0.0000,200,1.4416
0.0274,0.0000,0.0000,0.0001,0.0273,0.0001,200,1.4259
0.0014,0.0000,0.0000,0.0000,0.0013,0.0000,200,1.4522
0.0045,0.0000,0.0000,0.0000,0.0044,0.0001,200,1.4494
0.0828,0.0000,0.0000,0.0000,0.0827,0.0001,200,1.3713
0.0858,0.0000,0.0000,0.0000,0.0857,0.0000,200,1.3688
0.0212,0.0000,0.0000,0.0000,0.0212,0.0000,200,1.4337
0.0055,0.0000,0.0000,0.0000,0.0053,0.0002,200,1.4499
0.0694,0.0000,0.0000,0.0000,0.0693,0.0000,200,1.3861
0.0020,0.0000,0.0000,0.0000,0.0019,0.0000,200,1.4541
0.0013,0.0000,0.0000,0.0000,0.0011,0.0002,200,1.4554
0.0238,0.0000,0.0000,0.0000,0.0237,0.0000,200,1.4330
0.0024,0.0000,0.0000,0.0000,0.0023,0.0001,200,1.4546
0.0080,0.0000,0.0000,0.0000,0.0079,0.0000,200,1.4498
0.0042,0.0000,0.0000,0.0001,0.0041,0.0000,200,1.4536
0.0024,0.0000,0.0000,0.0001,0.0022,0.0001,200,1.4555
0.0147,0.0000,0.0000,0.0000,0.0146,0.0001,200,1.4437
0.0070,0.0000,0.0000,0.0000,0.0067,0.0001,200,1.4519
0.1054,0.0000,0.0000,0.0000,0.1054,0.0000,200,1.3536
0.0282,0.0000,0.0000,0.0000,0.0278,0.0000,200,1.4314
0.0008,0.0000,0.0000,0.0000,0.0008,0.0000,200,1.4590
0.0163,0.0000,0.0000,0.0000,0.0162,0.0000,200,1.4441
0.0404,0.0000,0.0000,0.0000,0.0404,0.0000,200,1.4202
0.0017,0.0000,0.0000,0.0000,0.0016,0.0001,200,1.4596
0.0037,0.0000,0.0000,0.0000,0.0036,0.0001,200,1.4578
0.0304,0.0000,0.0000,0.0004,0.0299,0.0000,200,1.4318
0.0375,0.0000,0.0000,0.0000,0.0372,0.0003,200,1.4252
0.0405,0.0000,0.0000,0.0000,0.0404,0.0000,200,1.4223
0.0303,0.0000,0.0000,0.0000,0.0298,0.0005,200,1.4334
0.0144,0.0000,0.0000,0.0000,0.0143,0.0000,200,1.4494
0.0212,0.0000,0.0000,0.0000,0.0212,0.0000,200,1.4426
0.0037,0.0000,0.0000,0.0000,0.0037,0.0000,200,1.4604
0.0109,0.0000,0.0000,0.0000,0.0108,0.0000,200,1.4539
0.0082,0.0000,0.0000,0.0000,0.0082,0.0000,200,1.4568
0.0204,0.0000,0.0000,0.0000,0.0200,0.0004,200,1.4450
0.0017,0.0000,0.0000,0.0000,0.0017,0.0000,200,1.4637
0.0124,0.0000,0.0000,0.0000,0.0123,0.0000,200,1.4533
0.0054,0.0000,0.0000,0.0001,0.0053,0.0000,200,1.4606
0.0024,0.0000,0.0000,0.0000,0.0020,0.0002,200,1.4641
0.0020,0.0000,0.0000,0.0000,0.0019,0.0000,200,1.4650
0.0057,0.0000,0.0000,0.0000,0.0056,0.0000,200,1.4613
0.0385,0.0000,0.0000,0.0000,0.0384,0.0000,200,1.4289
0.0107,0.0000,0.0000,0.0000,0.0105,0.0002,200,1.4570
0.0085,0.0000,0.0000,0.0000,0.0083,0.0001,200,1.4598
0.0302,0.0000,0.0000,0.0001,0.0300,0.0000,200,1.4386
0.0409,0.0000,0.0000,0.0000,0.0409,0.0000,200,1.4283
0.0177,0.0000,0.0000,0.0000,0.0176,0.0000,200,1.4519
0.0264,0.0000,0.0000,0.0000,0.0263,0.0001,200,1.4437
0.0034,0.0000,0.0000,0.0001,0.0032,0.0001,200,1.4670
0.0054,0.0000,0.0000,0.0000,0.0053,0.0000,200,1.4654
0.0189,0.0000,0.0000,0.0000,0.0188,0.0000,200,1.4524
0.0197,0.0000,0.0000,0.0000,0.0196,0.0000,200,1.4519
0.0063,0.0000,0.0000,0.0000,0.0062,0.0000,200,1.4657
0.0086,0.0000,0.0000,0.0000,0.0085,0.0000,200,1.4638
0.0037,0.0000,0.0000,0.0000,0.0036,0.0000,200,1.4692
0.0105,0.0000,0.0000,0.0000,0.0104,0.0000,200,1.4627
0.0034,0.0000,0.0000,0.0000,0.0033,0.0001,200,1.4701
0.0172,0.0000,0.0000,0.0003,0.0168,0.0001,200,1.4567
0.0116,0.0000,0.0000,0.0000,0.0115,0.0001,200,1.4628
0.0095,0.0000,0.0000,0.0000,0.0094,0.0000,200,1.4654
0.0104,0.0000,0.0000,0.0000,0.0103,0.0001,200,1.4647
0.0314,0.0000,0.0000,0.0000,0.0312,0.0002,200,1.4441
0.0235,0.0000,0.0000,0.0000,0.0234,0.0001,200,1.4528
0.0204,0.0000,0.0000,0.0000,0.0204,0.0000,200,1.4561
0.0152,0.0000,0.0000,0.0000,0.0151,0.0001,200,1.4622
0.0250,0.0000,0.0000,0.0000,0.0248,0.0002,200,1.4525
0.0202,0.0000,0.0000,0.0000,0.0201,0.0000,200,1.4589
0.0469,0.0000,0.0000,0.0000,0.0464,0.0005,200,1.4322
0.0516,0.0000,0.0000,0.0000,0.0516,0.0000,200,1.4276
0.0408,0.0000,0.0000,0.0000,0.0406,0.0002,200,1.4390
0.0641,0.0000,0.0000,0.0000,0.0640,0.0000,200,1.4157
0.0011,0.0000,0.0000,0.0000,0.0010,0.0000,200,1.4792
0.0145,0.0000,0.0000,0.0000,0.0144,0.0000,200,1.4661
0.0063,0.0000,0.0000,0.0000,0.0062,0.0000,200,1.4749
0.0084,0.0000,0.0000,0.0000,0.0083,0.0000,200,1.4732
0.0097,0.0000,0.0000,0.0000,0.0096,0.0001,200,1.4720
0.0051,0.0000,0.0000,0.0000,0.0048,0.0001,200,1.4775
0.0211,0.0000,0.0000,0.0000,0.0210,0.0000,200,1.4615
0.0374,0.0000,0.0000,0.0000,0.0370,0.0004,200,1.4461
0.0112,0.0000,0.0000,0.0000,0.0111,0.0000,200,1.4724
0.0437,0.0000,0.0000,0.0000,0.0436,0.0001,200,1.4400
0.0104,0.0000,0.0000,0.0000,0.0104,0.0000,200,1.4736
0.0390,0.0000,0.0000,0.0000,0.0389,0.0000,200,1.4454
0.0175,0.0000,0.0000,0.0000,0.0174,0.0001,200,1.4674
0.0015,0.0000,0.0000,0.0000,0.0014,0.0000,200,1.4837
0.0184,0.0000,0.0000,0.0003,0.0181,0.0000,200,1.4670
0.0013,0.0000,0.0000,0.0000,0.0012,0.0001,200,1.4844
0.0118,0.0000,0.0000,0.0000,0.0118,0.0000,200,1.4743
0.0576,0.0000,0.0000,0.0000,0.0574,0.0002,200,1.4290
0.0357,0.0000,0.0000,0.0000,0.0356,0.0000,200,1.4511
0.0012,0.0000,0.0000,0.0000,0.0012,0.0000,200,1.4862
0.0030,0.0000,0.0000,0.0002,0.0026,0.0000,200,1.4849
0.0645,0.0000,0.0000,0.0000,0.0645,0.0000,200,1.4234
0.0179,0.0000,0.0000,0.0000,0.0178,0.0000,200,1.4704
0.0384,0.0000,0.0000,0.0000,0.0383,0.0001,200,1.4501
0.0194,0.0000,0.0000,0.0000,0.0193,0.0001,200,1.4696
0.0182,0.0000,0.0000,0.0000,0.0182,0.0000,200,1.4708
0.0121,0.0000,0.0000,0.0000,0.0120,0.0000,200,1.4774
0.0746,0.0000,0.0000,0.0000,0.0745,0.0001,200,1.4150
0.0393,0.0000,0.0000,0.0000,0.0392,0.0001,200,1.4507
0.0077,0.0000,0.0000,0.0000,0.0076,0.0000,200,1.4826
0.0054,0.0000,0.0000,0.0000,0.0053,0.0001,200,1.4852
0.0052,0.0000,0.0000,0.0000,0.0050,0.0002,200,1.4857
0.0087,0.0000,0.0000,0.0000,0.0087,0.0000,200,1.4826
0.0013,0.0000,0.0000,0.0000,0.0012,0.0000,200,1.4901
0.0077,0.0000,0.0000,0.0000,0.0075,0.0002,200,1.4840
0.0025,0.0000,0.0000,0.0000,0.0024,0.0000,200,1.4896
0.0206,0.0000,0.0000,0.0000,0.0205,0.0000,200,1.4716
0.0130,0.0000,0.0000,0.0000,0.0128,0.0000,200,1.4798
0.0121,0.0000,0.0000,0.0000,0.0120,0.0000,200,1.4812
0.0033,0.0000,0.0000,0.0001,0.0031,0.0000,200,1.4904
0.0032,0.0000,0.0000,0.0001,0.0031,0.0001,200,1.4909
0.0032,0.0000,0.0000,0.0000,0.0030,0.0001,200,1.4914
0.0281,0.0000,0.0000,0.0001,0.0279,0.0001,200,1.4665
0.0060,0.0000,0.0000,0.0000,0.0059,0.0001,200,1.4890
0.0020,0.0000,0.0000,0.0000,0.0019,0.0000,200,1.4934
0.0409,0.0000,0.0000,0.0000,0.0409,0.0000,200,1.4549
0.0275,0.0000,0.0000,0.0000,0.0273,0.0001,200,1.4688
0.0014,0.0000,0.0000,0.0000,0.0014,0.0000,200,1.4950
0.0009,0.0000,0.0000,0.0000,0.0009,0.0000,200,1.4959
0.0336,0.0000,0.0000,0.0000,0.0333,0.0002,200,1.4639
0.0170,0.0000,0.0000,0.0000,0.0169,0.0000,200,1.4806
0.0236,0.0000,0.0000,0.0000,0.0236,0.0000,200,1.4739
0.0166,0.0000,0.0000,0.0000,0.0165,0.0000,200,1.4816
0.0060,0.0000,0.0000,0.0000,0.0060,0.0000,200,1.4921
0.0254,0.0000,0.0000,0.0000,0.0252,0.0000,200,1.4730
0.0048,0.0000,0.0000,0.0000,0.0046,0.0002,200,1.4942
0.0226,0.0000,0.0000,0.0000,0.0225,0.0000,200,1.4765
0.0046,0.0000,0.0000,0.0000,0.0045,0.0001,200,1.4947
0.0023,0.0000,0.0000,0.0000,0.0022,0.0000,200,1.4976
0.0315,0.0000,0.0000,0.0000,0.0313,0.0002,200,1.4683
0.0211,0.0000,0.0000,0.0000,0.0210,0.0001,200,1.4792
0.0212,0.0000,0.0000,0.0000,0.0211,0.0000,200,1.4798
0.0083,0.0000,0.0000,0.0001,0.0081,0.0000,200,1.4927
0.0097,0.0000,0.0000,0.0000,0.0096,0.0000,200,1.4914
0.0213,0.0000,0.0000,0.0000,0.0211,0.0001,200,1.4803
0.0101,0.0000,0.0000,0.0000,0.0100,0.0000,200,1.4917
0.0047,0.0000,0.0000,0.0000,0.0046,0.0000,200,1.4974
0.0146,0.0000,0.0000,0.0000,0.0145,0.0000,200,1.4878
0.0160,0.0000,0.0000,0.0000,0.0158,0.0001,200,1.4867
0.0024,0.0000,0.0000,0.0000,0.0023,0.0000,200,1.5004
0.0148,0.0000,0.0000,0.0000,0.0147,0.0000,200,1.4885
0.0579,0.0000,0.0000,0.0000,0.0578,0.0000,200,1.4461
0.0051,0.0000,0.0000,0.0000,0.0048,0.0001,200,1.4991
0.0561,0.0000,0.0000,0.0000,0.0561,0.0000,200,1.4481
0.0231,0.0000,0.0000,0.0000,0.0230,0.0000,200,1.4817
0.0163,0.0000,0.0000,0.0000,0.0162,0.0000,200,1.4890
0.0061,0.0000,0.0000,0.0000,0.0058,0.0000,200,1.4993
0.0192,0.0000,0.0000,0.0000,0.0192,0.0001,200,1.4868
0.0034,0.0000,0.0000,0.0000,0.0029,0.0000,200,1.5028
0.0184,0.0000,0.0000,0.0000,0.0183,0.0001,200,1.4882
0.0277,0.0000,0.0000,0.0000,0.0275,0.0000,200,1.4791
0.0012,0.0000,0.0000,0.0000,0.0011,0.0001,200,1.5062
0.0101,0.0000,0.0000,0.0000,0.0100,0.0001,200,1.4976
0.0319,0.0000,0.0000,0.0000,0.0318,0.0001,200,1.4763
0.0249,0.0000,0.0000,0.0000,0.0248,0.0001,200,1.4835
0.0089,0.0000,0.0000,0.0000,0.0088,0.0000,200,1.4999
0.0237,0.0000,0.0000,0.0000,0.0236,0.0001,200,1.4854
0.0115,0.0000,0.0000,0.0000,0.0114,0.0001,200,1.4983
0.0348,0.0000,0.0000,0.0000,0.0347,0.0001,200,1.4756
0.0093,0.0000,0.0000,0.0000,0.0091,0.0001,200,1.5015
0.0360,0.0000,0.0000,0.0000,0.0359,0.0000,200,1.4752
0.0074,0.0000,0.0000,0.0000,0.0068,0.0000,200,1.5043
0.0166,0.0000,0.0000,0.0000,0.0165,0.0000,200,1.4953
0.0161,0.0000,0.0000,0.0000,0.0160,0.0000,200,1.4962
0.0254,0.0000,0.0000,0.0000,0.0252,0.0001,200,1.4874
0.0157,0.0000,0.0000,0.0000,0.0156,0.0000,200,1.4982
0.0101,0.0000,0.0000,0.0000,0.0099,0.0001,200,1.5042
0.0468,0.0000,0.0000,0.0000,0.0466,0.0001,200,1.4677
0.0239,0.0000,0.0000,0.0000,0.0238,0.0000,200,1.4906
0.0180,0.0000,0.0000,0.0000,0.0180,0.0000,200,1.4968
0.0064,0.0000,0.0000,0.0003,0.0059,0.0001,200,1.5088
0.0115,0.0000,0.0000,0.0000,0.0115,0.0000,200,1.5039
0.0277,0.0000,0.0000,0.0000,0.0275,0.0001,200,1.4880
0.0692,0.0000,0.0000,0.0000,0.0690,0.0001,200,1.4470
0.0159,0.0000,0.0000,0.0000,0.0158,0.0000,200,1.5010
0.0104,0.0000,0.0000,0.0000,0.0103,0.0000,200,1.5068
0.0255,0.0000,0.0000,0.0000,0.0253,0.0002,200,1.4922
0.0067,0.0000,0.0000,0.0000,0.0064,0.0000,200,1.5116
0.0202,0.0000,0.0000,0.0000,0.0201,0.0000,200,1.4982
0.0119,0.0000,0.0000,0.0000,0.0118,0.0000,200,1.5067
0.0246,0.0000,0.0000,0.0000,0.0245,0.0001,200,1.4945
0.0184,0.0000,0.0000,0.0000,0.0183,0.0000,200,1.5010
0.0051,0.0000,0.0000,0.0000,0.0050,0.0001,200,1.5149
0.0073,0.0000,0.0000,0.0000,0.0073,0.0000,200,1.5128
0.0242,0.0000,0.0000,0.0000,0.0241,0.0001,200,1.4965
0.0214,0.0000,0.0000,0.0001,0.0212,0.0000,200,1.4998
0.0379,0.0000,0.0000,0.0000,0.0378,0.0000,200,1.4835
0.0092,0.0000,0.0000,0.0000,0.0091,0.0000,200,1.5123
0.0634,0.0000,0.0000,0.0000,0.0632,0.0002,200,1.4585
0.0232,0.0000,0.0000,0.0000,0.0230,0.0000,200,1.4990
0.0112,0.0000,0.0000,0.0000,0.0111,0.0000,200,1.5112
0.0043,0.0000,0.0000,0.0000,0.0042,0.0001,200,1.5183
0.0026,0.0000,0.0000,0.0000,0.0024,0.0002,200,1.5207
0.0657,0.0000,0.0000,0.0000,0.0654,0.0002,200,1.4579
0.0346,0.0000,0.0000,0.0000,0.0345,0.0000,200,1.4894
0.0530,0.0000,0.0000,0.0000,0.0530,0.0000,200,1.4712
0.0025,0.0000,0.0000,0.0000,0.0023,0.0002,200,1.5222
0.0104,0.0000,0.0000,0.0000,0.0102,0.0000,200,1.5143
0.0950,0.0000,0.0000,0.0000,0.0948,0.0001,200,1.4303
0.0089,0.0000,0.0000,0.0000,0.0087,0.0002,200,1.5169
0.0237,0.0000,0.0000,0.0003,0.0233,0.0000,200,1.5021
0.0684,0.0000,0.0000,0.0000,0.0683,0.0000,200,1.4578
0.0129,0.0000,0.0000,0.0000,0.0129,0.0000,200,1.5138
0.0011,0.0000,0.0000,0.0000,0.0010,0.0001,200,1.5261
0.0015,0.0000,0.0000,0.0000,0.0013,0.0002,200,1.5258
0.0202,0.0000,0.0000,0.0001,0.0200,0.0000,200,1.5074
0.0197,0.0000,0.0000,0.0000,0.0196,0.0001,200,1.5084
0.0142,0.0000,0.0000,0.0000,0.0140,0.0002,200,1.5145
0.0224,0.0000,0.0000,0.0000,0.0224,0.0000,200,1.5077
0.0202,0.0000,0.0000,0.0001,0.0201,0.0000,200,1.5108
0.0210,0.0000,0.0000,0.0002,0.0208,0.0000,200,1.5104
0.0084,0.0000,0.0000,0.0000,0.0082,0.0000,200,1.5233
0.0075,0.0000,0.0000,0.0000,0.0075,0.0000,200,1.5247
0.0278,0.0000,0.0000,0.0000,0.0277,0.0001,200,1.5048
0.0232,0.0000,0.0000,0.0000,0.0231,0.0000,200,1.5099
0.0172,0.0000,0.0000,0.0001,0.0170,0.0001,200,1.5162
0.0151,0.0000,0.0000,0.0000,0.0149,0.0002,200,1.5183
0.0220,0.0000,0.0000,0.0000,0.0214,0.0000,200,1.5119
0.0096,0.0000,0.0000,0.0000,0.0091,0.0003,200,1.5253
0.0016,0.0000,0.0000,0.0000,0.0016,0.0000,200,1.5335
0.0420,0.0000,0.0000,0.0000,0.0417,0.0002,200,1.4937
0.0031,0.0000,0.0000,0.0000,0.0030,0.0000,200,1.5330
0.0282,0.0000,0.0000,0.0000,0.0281,0.0000,200,1.5082
0.0174,0.0000,0.0000,0.0000,0.0173,0.0001,200,1.5192
0.0093,0.0000,0.0000,0.0002,0.0090,0.0000,200,1.5276
0.0069,0.0000,0.0000,0.0000,0.0066,0.0002,200,1.5301
0.0278,0.0000,0.0000,0.0000,0.0277,0.0000,200,1.5093
0.0222,0.0000,0.0000,0.0000,0.0220,0.0002,200,1.5151
0.0172,0.0000,0.0000,0.0000,0.0170,0.0002,200,1.5202
0.0060,0.0000,0.0000,0.0000,0.0059,0.0000,200,1.5314
0.0106,0.0000,0.0000,0.0001,0.0105,0.0000,200,1.5272
0.0369,0.0000,0.0000,0.0000,0.0368,0.0000,200,1.5010
0.0360,0.0000,0.0000,0.0000,0.0359,0.0000,200,1.5024
0.0067,0.0000,0.0000,0.0000,0.0066,0.0000,200,1.5327
0.0196,0.0000,0.0000,0.0000,0.0195,0.0001,200,1.5200
0.0021,0.0000,0.0000,0.0000,0.0017,0.0003,200,1.5384
0.0026,0.0000,0.0000,0.0000,0.0025,0.0000,200,1.5379
0.0049,0.0000,0.0000,0.0000,0.0048,0.0001,200,1.5361
0.0010,0.0000,0.0000,0.0000,0.0009,0.0000,200,1.5405
0.0066,0.0000,0.0000,0.0000,0.0065,0.0001,200,1.5351
0.0182,0.0000,0.0000,0.0000,0.0180,0.0002,200,1.5237
0.0207,0.0000,0.0000,0.0000,0.0206,0.0001,200,1.5219
0.0188,0.0000,0.0000,0.0000,0.0187,0.0000,200,1.5240
0.0017,0.0000,0.0000,0.0000,0.0015,0.0001,200,1.5417
0.0066,0.0000,0.0000,0.0000,0.0065,0.0001,200,1.5374
0.0093,0.0000,0.0000,0.0000,0.0092,0.0001,200,1.5349
0.0103,0.0000,0.0000,0.0000,0.0102,0.0000,200,1.5339
0.0301,0.0000,0.0000,0.0000,0.0300,0.0000,200,1.5145
0.0078,0.0000,0.0000,0.0000,0.0078,0.0000,200,1.5370
0.0256,0.0000,0.0000,0.0000,0.0255,0.0000,200,1.5194
0.0194,0.0000,0.0000,0.0000,0.0193,0.0000,200,1.5258
0.0027,0.0000,0.0000,0.0000,0.0026,0.0000,200,1.5428
0.0214,0.0000,0.0000,0.0000,0.0214,0.0000,200,1.5247
0.0104,0.0000,0.0000,0.0000,0.0103,0.0000,200,1.5366
0.0019,0.0000,0.0000,0.0000,0.0018,0.0000,200,1.5452
0.0304,0.0000,0.0000,0.0000,0.0303,0.0001,200,1.5172
0.0265,0.0000,0.0000,0.0000,0.0263,0.0001,200,1.5214
0.0293,0.0000,0.0000,0.0000,0.0291,0.0002,200,1.5186
0.0117,0.0000,0.0000,0.0000,0.0112,0.0003,200,1.5370
0.0038,0.0000,0.0000,0.0000,0.0038,0.0000,200,1.5450
0.0115,0.0000,0.0000,0.0000,0.0114,0.0000,200,1.5374
0.0280,0.0000,0.0000,0.0000,0.0279,0.0001,200,1.5215
0.0179,0.0000,0.0000,0.0000,0.0178,0.0000,200,1.5317
0.0094,0.0000,0.0000,0.0000,0.0093,0.0000,200,1.5405
0.0065,0.0000,0.0000,0.0000,0.0062,0.0002,200,1.5440
0.0490,0.0000,0.0000,0.0000,0.0490,0.0000,200,1.5019
0.0245,0.0000,0.0000,0.0000,0.0244,0.0000,200,1.5268
0.0363,0.0000,0.0000,0.0000,0.0362,0.0000,200,1.5154
0.0195,0.0000,0.0000,0.0000,0.0195,0.0000,200,1.5322
0.0148,0.0000,0.0000,0.0000,0.0147,0.0000,200,1.5374
0.0171,0.0000,0.0000,0.0000,0.0167,0.0003,200,1.5357
0.0495,0.0000,0.0000,0.0000,0.0494,0.0000,200,1.5033
0.0141,0.0000,0.0000,0.0000,0.0140,0.0001,200,1.5393
0.0170,0.0000,0.0000,0.0000,0.0169,0.0000,200,1.5365
0.0111,0.0000,0.0000,0.0000,0.0110,0.0001,200,1.5426
0.0099,0.0000,0.0000,0.0000,0.0098,0.0000,200,1.5442
0.0039,0.0000,0.0000,0.0000,0.0037,0.0002,200,1.5509
0.0033,0.0000,0.0000,0.0000,0.0032,0.0001,200,1.5517
0.0041,0.0000,0.0000,0.0000,0.0040,0.0000,200,1.5513
0.0071,0.0000,0.0000,0.0000,0.0070,0.0001,200,1.5488
0.0101,0.0000,0.0000,0.0000,0.0100,0.0001,200,1.5461
0.0091,0.0000,0.0000,0.0000,0.0088,0.0003,200,1.5476
0.0122,0.0000,0.0000,0.0000,0.0121,0.0000,200,1.5446
0.0157,0.0000,0.0000,0.0000,0.0155,0.0000,200,1.5414
0.0418,0.0000,0.0000,0.0000,0.0417,0.0001,200,1.5157
0.0027,0.0000,0.0000,0.0001,0.0026,0.0000,200,1.5551
0.0014,0.0000,0.0000,0.0000,0.0014,0.0000,200,1.5568
0.0026,0.0000,0.0000,0.0000,0.0025,0.0001,200,1.5562
0.0278,0.0000,0.0000,0.0000,0.0278,0.0000,200,1.5310
0.0125,0.0000,0.0000,0.0001,0.0124,0.0000,200,1.5470
0.0544,0.0000,0.0000,0.0000,0.0544,0.0000,200,1.5054
0.0071,0.0000,0.0000,0.0000,0.0069,0.0002,200,1.5534
0.0032,0.0000,0.0000,0.0000,0.0032,0.0000,200,1.5575
0.0123,0.0000,0.0000,0.0001,0.0120,0.0001,200,1.5488
0.0091,0.0000,0.0000,0.0000,0.0090,0.0001,200,1.5522
0.0439,0.0000,0.0000,0.0001,0.0436,0.0002,200,1.5178
0.0409,0.0000,0.0000,0.0000,0.0408,0.0000,200,1.5212
0.0256,0.0000,0.0000,0.0000,0.0255,0.0000,200,1.5369
0.0223,0.0000,0.0000,0.0000,0.0219,0.0004,200,1.5410
0.0116,0.0000,0.0000,0.0000,0.0116,0.0000,200,1.5517
0.0088,0.0000,0.0000,0.0000,0.0087,0.0001,200,1.5548
0.0143,0.0000,0.0000,0.0000,0.0142,0.0001,200,1.5499
0.0114,0.0000,0.0000,0.0000,0.0111,0.0003,200,1.5528
0.0102,0.0000,0.0000,0.0000,0.0097,0.0005,200,1.5541
0.0084,0.0000,0.0000,0.0000,0.0083,0.0000,200,1.5559
0.0205,0.0000,0.0000,0.0000,0.0204,0.0001,200,1.5442
0.0624,0.0000,0.0000,0.0000,0.0623,0.0001,200,1.5027
0.0125,0.0000,0.0000,0.0000,0.0124,0.0000,200,1.5527
0.0049,0.0000,0.0000,0.0000,0.0049,0.0000,200,1.5610
0.0053,0.0000,0.0000,0.0000,0.0052,0.0000,200,1.5608
0.0011,0.0000,0.0000,0.0000,0.0011,0.0000,200,1.5651
0.0031,0.0000,0.0000,0.0000,0.0030,0.0000,200,1.5633
0.0077,0.0000,0.0000,0.0000,0.0073,0.0003,200,1.5595
0.0084,0.0000,0.0000,0.0001,0.0081,0.0001,200,1.5588
0.0449,0.0000,0.0000,0.0000,0.0448,0.0000,200,1.5227
0.0399,0.0000,0.0000,0.0000,0.0395,0.0004,200,1.5281
0.0227,0.0000,0.0000,0.0000,0.0226,0.0000,200,1.5479
0.0054,0.0000,0.0000,0.0000,0.0049,0.0004,200,1.5653
0.0047,0.0000,0.0000,0.0000,0.0047,0.0000,200,1.5660
0.0140,0.0000,0.0000,0.0000,0.0139,0.0000,200,1.5568
0.0066,0.0000,0.0000,0.0000,0.0065,0.0001,200,1.5642
0.0424,0.0000,0.0000,0.0000,0.0422,0.0001,200,1.5287
0.0164,0.0000,0.0000,0.0000,0.0163,0.0000,200,1.5553
0.0142,0.0000,0.0000,0.0000,0.0141,0.0000,200,1.5578
0.0016,0.0000,0.0000,0.0000,0.0015,0.0000,200,1.5707
0.0156,0.0000,0.0000,0.0000,0.0155,0.0001,200,1.5571
0.0335,0.0000,0.0000,0.0000,0.0332,0.0000,200,1.5396
0.0058,0.0000,0.0000,0.0000,0.0049,0.0000,200,1.5680
0.0498,0.0000,0.0000,0.0000,0.0494,0.0003,200,1.5243
0.0288,0.0000,0.0000,0.0000,0.0285,0.0002,200,1.5455
0.0113,0.0000,0.0000,0.0000,0.0112,0.0000,200,1.5633
0.0108,0.0000,0.0000,0.0000,0.0108,0.0000,200,1.5643
0.0282,0.0000,0.0000,0.0000,0.0278,0.0003,200,1.5471
0.0697,0.0000,0.0000,0.0000,0.0695,0.0000,200,1.5060
0.0099,0.0000,0.0000,0.0000,0.0097,0.0001,200,1.5662
0.0091,0.0000,0.0000,0.0000,0.0090,0.0000,200,1.5672
0.0122,0.0000,0.0000,0.0000,0.0121,0.0000,200,1.5642
0.0349,0.0000,0.0000,0.0000,0.0348,0.0000,200,1.5419
0.0111,0.0000,0.0000,0.0000,0.0110,0.0000,200,1.5660
0.0068,0.0000,0.0000,0.0000,0.0067,0.0001,200,1.5707
0.0154,0.0000,0.0000,0.0000,0.0153,0.0000,200,1.5625
0.0107,0.0000,0.0000,0.0000,0.0102,0.0001,200,1.5675
0.0031,0.0000,0.0000,0.0000,0.0031,0.0000,200,1.5752
0.0021,0.0000,0.0000,0.0000,0.0020,0.0001,200,1.5768
0.0338,0.0000,0.0000,0.0000,0.0337,0.0000,200,1.5455
0.0263,0.0000,0.0000,0.0000,0.0261,0.0000,200,1.5535
0.0018,0.0000,0.0000,0.0001,0.0017,0.0000,200,1.5783
0.0217,0.0000,0.0000,0.0000,0.0216,0.0001,200,1.5588
0.0105,0.0000,0.0000,0.0000,0.0104,0.0001,200,1.5706
0.0059,0.0000,0.0000,0.0000,0.0059,0.0000,200,1.5753
0.0055,0.0000,0.0000,0.0001,0.0053,0.0000,200,1.5760
0.0093,0.0000,0.0000,0.0000,0.0092,0.0000,200,1.5728
0.0446,0.0000,0.0000,0.0000,0.0445,0.0000,200,1.5379
0.0161,0.0000,0.0000,0.0000,0.0161,0.0000,200,1.5664
0.0112,0.0000,0.0000,0.0000,0.0112,0.0000,200,1.5717
0.0227,0.0000,0.0000,0.0000,0.0226,0.0000,200,1.5605
0.0298,0.0000,0.0000,0.0000,0.0297,0.0000,200,1.5537
0.0565,0.0000,0.0000,0.0000,0.0565,0.0000,200,1.5273
0.0409,0.0000,0.0000,0.0001,0.0407,0.0000,200,1.5434
0.0201,0.0000,0.0000,0.0000,0.0199,0.0000,200,1.5647
0.0362,0.0000,0.0000,0.0000,0.0361,0.0001,200,1.5488
0.0039,0.0000,0.0000,0.0000,0.0039,0.0001,200,1.5812
0.0093,0.0000,0.0000,0.0000,0.0093,0.0001,200,1.5764
0.0118,0.0000,0.0000,0.0000,0.0116,0.0001,200,1.5743
0.0073,0.0000,0.0000,0.0000,0.0072,0.0001,200,1.5792
0.0146,0.0000,0.0000,0.0004,0.0141,0.0000,200,1.5723
0.0391,0.0000,0.0000,0.0000,0.0390,0.0000,200,1.5479
0.0240,0.0000,0.0000,0.0002,0.0236,0.0001,200,1.5635
0.0069,0.0000,0.0000,0.0000,0.0069,0.0000,200,1.5811
0.0043,0.0000,0.0000,0.0001,0.0042,0.0000,200,1.5838
0.0089,0.0000,0.0000,0.0000,0.0085,0.0003,200,1.5798
0.0039,0.0000,0.0000,0.0001,0.0038,0.0001,200,1.5850
0.0022,0.0000,0.0000,0.0000,0.0021,0.0000,200,1.5869
0.0088,0.0000,0.0000,0.0000,0.0087,0.0000,200,1.5806
0.0671,0.0000,0.0000,0.0000,0.0670,0.0000,200,1.5223
0.0112,0.0000,0.0000,0.0000,0.0111,0.0000,200,1.5789
0.0102,0.0000,0.0000,0.0000,0.0101,0.0000,200,1.5801
0.0053,0.0000,0.0000,0.0000,0.0052,0.0000,200,1.5852
0.0293,0.0000,0.0000,0.0001,0.0291,0.0001,200,1.5616
0.0205,0.0000,0.0000,0.0000,0.0205,0.0000,200,1.5706
0.0031,0.0000,0.0000,0.0000,0.0025,0.0005,200,1.5890
0.0074,0.0000,0.0000,0.0000,0.0073,0.0001,200,1.5848
0.0065,0.0000,0.0000,0.0001,0.0063,0.0000,200,1.5861
0.0100,0.0000,0.0000,0.0000,0.0099,0.0000,200,1.5830
0.0020,0.0000,0.0000,0.0000,0.0019,0.0000,200,1.5912
0.0071,0.0000,0.0000,0.0000,0.0070,0.0000,200,1.5865
0.0082,0.0000,0.0000,0.0000,0.0081,0.0000,200,1.5858
0.0063,0.0000,0.0000,0.0000,0.0062,0.0000,200,1.5881
0.0186,0.0000,0.0000,0.0000,0.0184,0.0002,200,1.5763
0.0306,0.0000,0.0000,0.0000,0.0305,0.0000,200,1.5643
0.0285,0.0000,0.0000,0.0000,0.0283,0.0002,200,1.5672
0.0176,0.0000,0.0000,0.0000,0.0175,0.0001,200,1.5783
0.0072,0.0000,0.0000,0.0000,0.0070,0.0002,200,1.5894
0.0385,0.0000,0.0000,0.0000,0.0384,0.0000,200,1.5582
0.0157,0.0000,0.0000,0.0000,0.0156,0.0001,200,1.5815
0.0093,0.0000,0.0000,0.0000,0.0093,0.0000,200,1.5881
0.0152,0.0000,0.0000,0.0000,0.0150,0.0000,200,1.5824
0.0223,0.0000,0.0000,0.0001,0.0221,0.0000,200,1.5757
0.0092,0.0000,0.0000,0.0000,0.0090,0.0003,200,1.5894
0.0027,0.0000,0.0000,0.0000,0.0027,0.0000,200,1.5959
0.0066,0.0000,0.0000,0.0000,0.0065,0.0001,200,1.5931
0.0173,0.0000,0.0000,0.0000,0.0172,0.0001,200,1.5832
0.0264,0.0000,0.0000,0.0000,0.0263,0.0000,200,1.5746
0.0054,0.0000,0.0000,0.0000,0.0048,0.0005,200,1.5957
0.0125,0.0000,0.0000,0.0000,0.0124,0.0000,200,1.5886
0.0067,0.0000,0.0000,0.0000,0.0067,0.0000,200,1.5944
0.0091,0.0000,0.0000,0.0000,0.0090,0.0001,200,1.5926
0.0518,0.0000,0.0000,0.0000,0.0516,0.0002,200,1.5506
0.0091,0.0000,0.0000,0.0000,0.0089,0.0000,200,1.5933
0.0081,0.0000,0.0000,0.0000,0.0080,0.0000,200,1.5949
0.0121,0.0000,0.0000,0.0000,0.0121,0.0000,200,1.5909
0.0112,0.0000,0.0000,0.0000,0.0111,0.0000,200,1.5921
0.0031,0.0000,0.0000,0.0000,0.0030,0.0000,200,1.6010
0.0012,0.0000,0.0000,0.0000,0.0012,0.0000,200,1.6030
0.0036,0.0000,0.0000,0.0000,0.0035,0.0000,200,1.6011
0.0429,0.0000,0.0000,0.0000,0.0428,0.0000,200,1.5621
0.0134,0.0000,0.0000,0.0000,0.0133,0.0001,200,1.5922
0.0088,0.0000,0.0000,0.0000,0.0087,0.0000,200,1.5972
0.0053,0.0000,0.0000,0.0000,0.0051,0.0001,200,1.6011
0.0325,0.0000,0.0000,0.0003,0.0321,0.0001,200,1.5740
0.0231,0.0000,0.0000,0.0000,0.0228,0.0003,200,1.5843
0.0174,0.0000,0.0000,0.0000,0.0173,0.0000,200,1.5900
0.0013,0.0000,0.0000,0.0000,0.0012,0.0001,200,1.6065
0.0051,0.0000,0.0000,0.0000,0.0050,0.0000,200,1.6030
0.0044,0.0000,0.0000,0.0000,0.0042,0.0002,200,1.6043
0.0309,0.0000,0.0000,0.0000,0.0303,0.0000,200,1.5779
0.0193,0.0000,0.0000,0.0000,0.0192,0.0000,200,1.5905
0.0112,0.0000,0.0000,0.0000,0.0111,0.0000,200,1.5986
0.0131,0.0000,0.0000,0.0000,0.0131,0.0000,200,1.5967
0.0196,0.0000,0.0000,0.0000,0.0194,0.0002,200,1.5903
0.0068,0.0000,0.0000,0.0000,0.0067,0.0000,200,1.6033
0.0492,0.0000,0.0000,0.0000,0.0491,0.0000,200,1.5613
0.0010,0.0000,0.0000,0.0000,0.0009,0.0000,200,1.6098
0.0031,0.0000,0.0000,0.0000,0.0030,0.0000,200,1.6082
0.0782,0.0000,0.0000,0.0000,0.0780,0.0002,200,1.5334
0.0415,0.0000,0.0000,0.0000,0.0414,0.0000,200,1.5708
0.0252,0.0000,0.0000,0.0000,0.0250,0.0001,200,1.5875
0.0164,0.0000,0.0000,0.0000,0.0162,0.0000,200,1.5966
0.0137,0.0000,0.0000,0.0000,0.0137,0.0000,200,1.5997
0.0314,0.0000,0.0000,0.0000,0.0314,0.0000,200,1.5825
0.0093,0.0000,0.0000,0.0000,0.0091,0.0002,200,1.6047
0.0313,0.0000,0.0000,0.0000,0.0311,0.0002,200,1.5834
0.0074,0.0000,0.0000,0.0000,0.0073,0.0001,200,1.6078
0.0130,0.0000,0.0000,0.0000,0.0130,0.0000,200,1.6024
0.0032,0.0000,0.0000,0.0000,0.0032,0.0000,200,1.6127
0.0444,0.0000,0.0000,0.0000,0.0443,0.0000,200,1.5720
0.0391,0.0000,0.0000,0.0001,0.0390,0.0000,200,1.5775
0.0063,0.0000,0.0000,0.0000,0.0063,0.0000,200,1.6109
0.0442,0.0000,0.0000,0.0000,0.0442,0.0000,200,1.5738
0.0096,0.0000,0.0000,0.0000,0.0093,0.0002,200,1.6087
0.0019,0.0000,0.0000,0.0000,0.0018,0.0000,200,1.6164
0.0033,0.0000,0.0000,0.0000,0.0032,0.0001,200,1.6155
0.0131,0.0000,0.0000,0.0000,0.0130,0.0000,200,1.6060
0.0094,0.0000,0.0000,0.0000,0.0093,0.0000,200,1.6101
0.0053,0.0000,0.0000,0.0001,0.0050,0.0002,200,1.6148
0.0196,0.0000,0.0000,0.0004,0.0191,0.0000,200,1.6005
0.0185,0.0000,0.0000,0.0000,0.0183,0.0002,200,1.6024
0.0389,0.0000,0.0000,0.0000,0.0388,0.0001,200,1.5821
0.0171,0.0000,0.0000,0.0000,0.0170,0.0000,200,1.6041
0.0163,0.0000,0.0000,0.0000,0.0162,0.0001,200,1.6050
0.0121,0.0000,0.0000,0.0000,0.0119,0.0001,200,1.6098
0.0048,0.0000,0.0000,0.0000,0.0048,0.0000,200,1.6172
0.0040,0.0000,0.0000,0.0000,0.0040,0.0000,200,1.6183
0.0032,0.0000,0.0000,0.0000,0.0031,0.0000,200,1.6195
0.0162,0.0000,0.0000,0.0000,0.0160,0.0002,200,1.6074
0.0219,0.0000,0.0000,0.0000,0.0218,0.0001,200,1.6017
0.0022,0.0000,0.0000,0.0000,0.0021,0.0000,200,1.6219
0.0146,0.0000,0.0000,0.0000,0.0145,0.0000,200,1.6098
0.0313,0.0000,0.0000,0.0000,0.0312,0.0001,200,1.5936
0.0094,0.0000,0.0000,0.0000,0.0093,0.0000,200,1.6159
0.0018,0.0000,0.0000,0.0001,0.0016,0.0000,200,1.6236
0.0146,0.0000,0.0000,0.0000,0.0144,0.0001,200,1.6116
0.0534,0.0000,0.0000,0.0000,0.0534,0.0000,200,1.5731
0.0073,0.0000,0.0000,0.0000,0.0071,0.0002,200,1.6201
0.0323,0.0000,0.0000,0.0000,0.0305,0.0017,200,1.5974
0.0167,0.0000,0.0000,0.0000,0.0167,0.0000,200,1.6140
0.0238,0.0000,0.0000,0.0000,0.0238,0.0000,200,1.6074
0.0097,0.0000,0.0000,0.0000,0.0095,0.0002,200,1.6220
0.0221,0.0000,0.0000,0.0000,0.0221,0.0000,200,1.6099
0.0460,0.0000,0.0000,0.0000,0.0458,0.0002,200,1.5870
0.0621,0.0000,0.0000,0.0000,0.0619,0.0002,200,1.5711
0.0082,0.0000,0.0000,0.0000,0.0079,0.0000,200,1.6253
0.0098,0.0000,0.0000,0.0000,0.0097,0.0001,200,1.6244
0.0366,0.0000,0.0000,0.0000,0.0360,0.0000,200,1.5980
0.0138,0.0000,0.0000,0.0001,0.0134,0.0002,200,1.6210
0.0217,0.0000,0.0000,0.0000,0.0215,0.0003,200,1.6130
0.0044,0.0000,0.0000,0.0000,0.0043,0.0000,200,1.6312
0.0251,0.0000,0.0000,0.0000,0.0250,0.0000,200,1.6105
0.0012,0.0000,0.0000,0.0000,0.0012,0.0001,200,1.6347
0.0024,0.0000,0.0000,0.0000,0.0022,0.0000,200,1.6342
0.0218,0.0000,0.0000,0.0000,0.0216,0.0000,200,1.6153
0.0387,0.0000,0.0000,0.0000,0.0385,0.0001,200,1.5986
0.0106,0.0000,0.0000,0.0000,0.0104,0.0001,200,1.6274
0.0611,0.0000,0.0000,0.0000,0.0611,0.0000,200,1.5770
0.0174,0.0000,0.0000,0.0000,0.0172,0.0002,200,1.6212
0.0017,0.0000,0.0000,0.0000,0.0016,0.0001,200,1.6373
0.0380,0.0000,0.0000,0.0000,0.0379,0.0000,200,1.6011
0.0142,0.0000,0.0000,0.0000,0.0141,0.0000,200,1.6253
0.0209,0.0000,0.0000,0.0000,0.0208,0.0000,200,1.6190
0.0453,0.0000,0.0000,0.0000,0.0451,0.0001,200,1.5950
0.0269,0.0000,0.0000,0.0000,0.0268,0.0000,200,1.6135
0.0079,0.0000,0.0000,0.0000,0.0079,0.0000,200,1.6331
0.0234,0.0000,0.0000,0.0000,0.0233,0.0001,200,1.6183
0.0188,0.0000,0.0000,0.0000,0.0188,0.0000,200,1.6236
0.0175,0.0000,0.0000,0.0000,0.0174,0.0000,200,1.6249
0.0197,0.0000,0.0000,0.0000,0.0196,0.0000,200,1.6227
0.0074,0.0000,0.0000,0.0000,0.0073,0.0000,200,1.6356
0.0016,0.0000,0.0000,0.0000,0.0015,0.0001,200,1.6417
0.0093,0.0000,0.0000,0.0000,0.0092,0.0001,200,1.6346
0.0046,0.0000,0.0000,0.0000,0.0043,0.0001,200,1.6394
0.0245,0.0000,0.0000,0.0000,0.0245,0.0000,200,1.6201
0.0397,0.0000,0.0000,0.0000,0.0397,0.0000,200,1.6056
0.0266,0.0000,0.0000,0.0000,0.0263,0.0002,200,1.6188
0.0215,0.0000,0.0000,0.0000,0.0215,0.0000,200,1.6241
0.0961,0.0000,0.0000,0.0000,0.0960,0.0000,200,1.5495
0.0237,0.0000,0.0000,0.0000,0.0235,0.0001,200,1.6224
0.0148,0.0000,0.0000,0.0000,0.0147,0.0001,200,1.6317
0.0091,0.0000,0.0000,0.0000,0.0087,0.0004,200,1.6380
0.0090,0.0000,0.0000,0.0000,0.0089,0.0000,200,1.6382
0.0312,0.0000,0.0000,0.0000,0.0311,0.0000,200,1.6166
0.0590,0.0000,0.0000,0.0000,0.0589,0.0001,200,1.5891
0.0039,0.0000,0.0000,0.0000,0.0037,0.0002,200,1.6446
0.0012,0.0000,0.0000,0.0000,0.0012,0.0000,200,1.6478
0.0036,0.0000,0.0000,0.0001,0.0035,0.0000,200,1.6456
0.0173,0.0000,0.0000,0.0000,0.0171,0.0002,200,1.6320
0.0239,0.0000,0.0000,0.0000,0.0237,0.0001,200,1.6265
0.0392,0.0000,0.0000,0.0000,0.0391,0.0000,200,1.6113
0.0105,0.0000,0.0000,0.0001,0.0102,0.0003,200,1.6402
0.0023,0.0000,0.0000,0.0000,0.0021,0.0001,200,1.6485
0.0030,0.0000,0.0000,0.0000,0.0030,0.0000,200,1.6482
0.0022,0.0000,0.0000,0.0000,0.0021,0.0000,200,1.6494
0.0095,0.0000,0.0000,0.0000,0.0094,0.0001,200,1.6424
0.0167,0.0000,0.0000,0.0000,0.0166,0.0001,200,1.6356
0.0087,0.0000,0.0000,0.0000,0.0084,0.0002,200,1.6439
0.0132,0.0000,0.0000,0.0000,0.0131,0.0001,200,1.6399
0.0321,0.0000,0.0000,0.0000,0.0320,0.0001,200,1.6213
0.0599,0.0000,0.0000,0.0000,0.0594,0.0000,200,1.5940
0.0024,0.0000,0.0000,0.0000,0.0023,0.0001,200,1.6519
0.0043,0.0000,0.0000,0.0000,0.0043,0.0000,200,1.6504
0.0289,0.0000,0.0000,0.0001,0.0287,0.0002,200,1.6261
0.0040,0.0000,0.0000,0.0000,0.0039,0.0001,200,1.6512
0.0135,0.0000,0.0000,0.0000,0.0134,0.0000,200,1.6424
0.0587,0.0000,0.0000,0.0000,0.0586,0.0001,200,1.5976
0.0029,0.0000,0.0000,0.0000,0.0028,0.0000,200,1.6534
0.0031,0.0000,0.0000,0.0000,0.0030,0.0000,200,1.6539
0.0209,0.0000,0.0000,0.0000,0.0206,0.0002,200,1.6366
0.0103,0.0000,0.0000,0.0000,0.0102,0.0000,200,1.6472
0.0073,0.0000,0.0000,0.0000,0.0071,0.0001,200,1.6509
0.0247,0.0000,0.0000,0.0000,0.0246,0.0000,200,1.6335
0.0162,0.0000,0.0000,0.0000,0.0160,0.0001,200,1.6424
0.0407,0.0000,0.0000,0.0000,0.0405,0.0001,200,1.6180
0.0221,0.0000,0.0000,0.0001,0.0219,0.0000,200,1.6371
0.0102,0.0000,0.0000,0.0000,0.0101,0.0000,200,1.6491
0.0535,0.0000,0.0000,0.0000,0.0533,0.0001,200,1.6064
0.0094,0.0000,0.0000,0.0000,0.0093,0.0000,200,1.6507
0.0019,0.0000,0.0000,0.0001,0.0017,0.0001,200,1.6587
0.0081,0.0000,0.0000,0.0000,0.0080,0.0000,200,1.6526
0.0110,0.0000,0.0000,0.0000,0.0109,0.0001,200,1.6504
0.0165,0.0000,0.0000,0.0000,0.0163,0.0001,200,1.6454
0.0038,0.0000,0.0000,0.0000,0.0037,0.0000,200,1.6585
0.0241,0.0000,0.0000,0.0001,0.0239,0.0001,200,1.6386
0.0075,0.0000,0.0000,0.0000,0.0073,0.0002,200,1.6559
0.0247,0.0000,0.0000,0.0000,0.0246,0.0000,200,1.6391
0.0092,0.0000,0.0000,0.0000,0.0091,0.0000,200,1.6548
0.0186,0.0000,0.0000,0.0000,0.0185,0.0000,200,1.6453
0.0188,0.0000,0.0000,0.0002,0.0185,0.0000,200,1.6456
0.0340,0.0000,0.0000,0.0000,0.0339,0.0000,200,1.6308
0.0302,0.0000,0.0000,0.0000,0.0301,0.0000,200,1.6348
0.0359,0.0000,0.0000,0.0000,0.0357,0.0000,200,1.6297
0.0145,0.0000,0.0000,0.0001,0.0143,0.0000,200,1.6516
0.0073,0.0000,0.0000,0.0000,0.0072,0.0000,200,1.6592
0.0107,0.0000,0.0000,0.0000,0.0104,0.0002,200,1.6563
0.0031,0.0000,0.0000,0.0000,0.0030,0.0000,200,1.6640
0.0204,0.0000,0.0000,0.0000,0.0203,0.0000,200,1.6472
0.0219,0.0000,0.0000,0.0000,0.0218,0.0001,200,1.6460
0.0161,0.0000,0.0000,0.0000,0.0157,0.0004,200,1.6527
0.0114,0.0000,0.0000,0.0000,0.0114,0.0000,200,1.6574
0.0139,0.0000,0.0000,0.0000,0.0138,0.0000,200,1.6563
0.0346,0.0000,0.0000,0.0000,0.0345,0.0000,200,1.6360
0.0107,0.0000,0.0000,0.0000,0.0106,0.0000,200,1.6599
0.0032,0.0000,0.0000,0.0000,0.0031,0.0001,200,1.6680
0.0310,0.0000,0.0000,0.0000,0.0309,0.0001,200,1.6404
0.0053,0.0000,0.0000,0.0001,0.0052,0.0000,200,1.6670
0.0142,0.0000,0.0000,0.0000,0.0141,0.0000,200,1.6582
0.0095,0.0000,0.0000,0.0000,0.0094,0.0000,200,1.6640
0.0028,0.0000,0.0000,0.0000,0.0028,0.0000,200,1.6706
0.0086,0.0000,0.0000,0.0001,0.0084,0.0000,200,1.6649
0.0122,0.0000,0.0000,0.0002,0.0119,0.0001,200,1.6615
0.0049,0.0000,0.0000,0.0000,0.0049,0.0000,200,1.6688
0.0020,0.0000,0.0000,0.0001,0.0019,0.0000,200,1.6738
0.0156,0.0000,0.0000,0.0000,0.0155,0.0000,200,1.6602
0.0548,0.0000,0.0000,0.0000,0.0548,0.0000,200,1.6209
0.1705,0.0000,0.0000,0.0000,0.1705,0.0000,200,1.5053
0.0207,0.0000,0.0000,0.0000,0.0206,0.0001,200,1.6553
0.0071,0.0000,0.0000,0.0000,0.0070,0.0001,200,1.6689
0.0373,0.0000,0.0000,0.0001,0.0371,0.0000,200,1.6390
0.0047,0.0000,0.0000,0.0000,0.0042,0.0003,200,1.6724
0.0115,0.0000,0.0000,0.0000,0.0114,0.0000,200,1.6656
0.0131,0.0000,0.0000,0.0000,0.0129,0.0001,200,1.6648
0.0011,0.0000,0.0000,0.0000,0.0010,0.0000,200,1.6771
0.0207,0.0000,0.0000,0.0000,0.0206,0.0001,200,1.6581
0.0215,0.0000,0.0000,0.0000,0.0214,0.0000,200,1.6574
0.0059,0.0000,0.0000,0.0000,0.0058,0.0001,200,1.6735
0.0364,0.0000,0.0000,0.0000,0.0363,0.0000,200,1.6433
0.0066,0.0000,0.0000,0.0000,0.0065,0.0000,200,1.6734
0.0167,0.0000,0.0000,0.0000,0.0165,0.0000,200,1.6638
0.0012,0.0000,0.0000,0.0000,0.0012,0.0000,200,1.6795
0.0106,0.0000,0.0000,0.0000,0.0105,0.0000,200,1.6706
0.0062,0.0000,0.0000,0.0000,0.0060,0.0001,200,1.6758
0.0733,0.0000,0.0000,0.0000,0.0732,0.0000,200,1.6088
0.0213,0.0000,0.0000,0.0000,0.0212,0.0000,200,1.6607
0.0364,0.0000,0.0000,0.0000,0.0363,0.0001,200,1.6465
0.0053,0.0000,0.0000,0.0000,0.0052,0.0000,200,1.6779
0.0242,0.0000,0.0000,0.0000,0.0240,0.0002,200,1.6593
0.0078,0.0000,0.0000,0.0000,0.0077,0.0000,200,1.6758
0.0216,0.0000,0.0000,0.0000,0.0215,0.0001,200,1.6623
0.0710,0.0000,0.0000,0.0002,0.0707,0.0000,200,1.6140
0.0061,0.0000,0.0000,0.0000,0.0060,0.0000,200,1.6789
0.0030,0.0000,0.0000,0.0001,0.0027,0.0002,200,1.6821
0.0088,0.0000,0.0000,0.0000,0.0088,0.0000,200,1.6763
0.0116,0.0000,0.0000,0.0000,0.0113,0.0002,200,1.6737
0.0186,0.0000,0.0000,0.0000,0.0181,0.0004,200,1.6671
0.0122,0.0000,0.0000,0.0000,0.0099,0.0022,200,1.6759
0.0165,0.0000,0.0000,0.0000,0.0158,0.0006,200,1.6723
0.0767,0.0000,0.0000,0.0000,0.0761,0.0005,200,1.6122
0.0267,0.0000,0.0000,0.0000,0.0265,0.0000,200,1.6628
0.0083,0.0000,0.0000,0.0000,0.0078,0.0005,200,1.6812
0.0231,0.0000,0.0000,0.0000,0.0226,0.0005,200,1.6665
0.0138,0.0000,0.0000,0.0000,0.0132,0.0006,200,1.6758
0.0195,0.0000,0.0000,0.0000,0.0188,0.0007,200,1.6702
0.0097,0.0000,0.0000,0.0000,0.0090,0.0007,200,1.6800
0.0222,0.0000,0.0000,0.0000,0.0215,0.0007,200,1.6675
0.0187,0.0000,0.0000,0.0000,0.0178,0.0008,200,1.6712
0.0351,0.0000,0.0000,0.0001,0.0350,0.0000,200,1.6551
0.0491,0.0000,0.0000,0.0000,0.0480,0.0011,200,1.6411
0.0574,0.0000,0.0000,0.0000,0.0573,0.0001,200,1.6331
0.0471,0.0000,0.0000,0.0000,0.0469,0.0000,200,1.6440
0.0017,0.0000,0.0000,0.0000,0.0016,0.0000,200,1.6895
0.0130,0.0000,0.0000,0.0000,0.0129,0.0001,200,1.6782
0.0067,0.0000,0.0000,0.0000,0.0066,0.0000,200,1.6850
0.0024,0.0000,0.0000,0.0000,0.0023,0.0000,200,1.6896
0.0497,0.0000,0.0000,0.0000,0.0496,0.0001,200,1.6430
0.0174,0.0000,0.0000,0.0000,0.0173,0.0001,200,1.6758
0.0112,0.0000,0.0000,0.0000,0.0111,0.0000,200,1.6820
0.0085,0.0000,0.0000,0.0044,0.0040,0.0001,200,1.6851
0.0446,0.0000,0.0000,0.0000,0.0445,0.0001,200,1.6492
0.0136,0.0000,0.0000,0.0000,0.0136,0.0001,200,1.6807
0.0042,0.0000,0.0000,0.0000,0.0040,0.0002,200,1.6905
0.0121,0.0000,0.0000,0.0001,0.0118,0.0000,200,1.6831
0.0386,0.0000,0.0000,0.0000,0.0382,0.0003,200,1.6570
0.0425,0.0000,0.0000,0.0000,0.0424,0.0001,200,1.6532
0.0160,0.0000,0.0000,0.0000,0.0155,0.0004,200,1.6804
0.0038,0.0000,0.0000,0.0000,0.0037,0.0000,200,1.6927
0.0038,0.0000,0.0000,0.0000,0.0035,0.0002,200,1.6932
0.0069,0.0000,0.0000,0.0000,0.0068,0.0000,200,1.6902
0.0080,0.0000,0.0000,0.0000,0.0078,0.0000,200,1.6895
0.0069,0.0000,0.0000,0.0000,0.0069,0.0000,200,1.6912
0.0089,0.0000,0.0000,0.0000,0.0088,0.0000,200,1.6897
0.0131,0.0000,0.0000,0.0004,0.0127,0.0000,200,1.6854
0.0230,0.0000,0.0000,0.0000,0.0229,0.0000,200,1.6760
0.0104,0.0000,0.0000,0.0002,0.0102,0.0000,200,1.6888
0.0081,0.0000,0.0000,0.0000,0.0075,0.0000,200,1.6911
0.0224,0.0000,0.0000,0.0000,0.0221,0.0002,200,1.6771
0.0177,0.0000,0.0000,0.0000,0.0176,0.0001,200,1.6820
0.0059,0.0000,0.0000,0.0000,0.0058,0.0000,200,1.6938
0.0014,0.0000,0.0000,0.0000,0.0013,0.0000,200,1.6986
0.0018,0.0000,0.0000,0.0000,0.0017,0.0001,200,1.6986
0.0048,0.0000,0.0000,0.0000,0.0043,0.0004,200,1.6964
0.0177,0.0000,0.0000,0.0000,0.0176,0.0000,200,1.6835
0.0164,0.0000,0.0000,0.0000,0.0163,0.0001,200,1.6850
0.0019,0.0000,0.0000,0.0000,0.0017,0.0002,200,1.7000
0.0477,0.0000,0.0000,0.0000,0.0477,0.0000,200,1.6544
0.0082,0.0000,0.0000,0.0000,0.0080,0.0001,200,1.6944
0.0041,0.0000,0.0000,0.0000,0.0040,0.0000,200,1.6990
0.0032,0.0000,0.0000,0.0000,0.0029,0.0000,200,1.7004
0.0072,0.0000,0.0000,0.0000,0.0067,0.0005,200,1.6970
0.0051,0.0000,0.0000,0.0000,0.0050,0.0000,200,1.6992
0.0051,0.0000,0.0000,0.0000,0.0050,0.0000,200,1.6995
0.0255,0.0000,0.0000,0.0000,0.0254,0.0000,200,1.6797
0.0230,0.0000,0.0000,0.0000,0.0227,0.0003,200,1.6829
0.0016,0.0000,0.0000,0.0000,0.0016,0.0000,200,1.7043
0.0034,0.0000,0.0000,0.0000,0.0033,0.0001,200,1.7030
0.0119,0.0000,0.0000,0.0000,0.0114,0.0004,200,1.6952
0.0160,0.0000,0.0000,0.0000,0.0159,0.0001,200,1.6911
0.0361,0.0000,0.0000,0.0000,0.0361,0.0000,200,1.6714
0.0164,0.0000,0.0000,0.0000,0.0163,0.0001,200,1.6916
0.0195,0.0000,0.0000,0.0000,0.0194,0.0001,200,1.6889
0.0251,0.0000,0.0000,0.0000,0.0250,0.0001,200,1.6835
0.0194,0.0000,0.0000,0.0000,0.0194,0.0001,200,1.6898
0.0478,0.0000,0.0000,0.0000,0.0474,0.0001,200,1.6618
0.0314,0.0000,0.0000,0.0001,0.0312,0.0002,200,1.6788
0.0053,0.0000,0.0000,0.0000,0.0052,0.0000,200,1.7052
0.0211,0.0000,0.0000,0.0000,0.0210,0.0000,200,1.6895
0.0030,0.0000,0.0000,0.0000,0.0029,0.0000,200,1.7080
0.0175,0.0000,0.0000,0.0000,0.0174,0.0000,200,1.6936
0.0119,0.0000,0.0000,0.0000,0.0117,0.0001,200,1.6997
0.0164,0.0000,0.0000,0.0000,0.0163,0.0001,200,1.6957
0.0037,0.0000,0.0000,0.0000,0.0037,0.0000,200,1.7087
0.0161,0.0000,0.0000,0.0000,0.0160,0.0000,200,1.6964
0.0272,0.0000,0.0000,0.0001,0.0271,0.0000,200,1.6857
0.0477,0.0000,0.0000,0.0000,0.0476,0.0000,200,1.6661
0.0050,0.0000,0.0000,0.0000,0.0050,0.0000,200,1.7097
0.0123,0.0000,0.0000,0.0000,0.0122,0.0000,200,1.7026
0.0155,0.0000,0.0000,0.0000,0.0155,0.0000,200,1.6997
0.0125,0.0000,0.0000,0.0000,0.0124,0.0000,200,1.7043
0.0212,0.0000,0.0000,0.0000,0.0211,0.0000,200,1.6956
0.0176,0.0000,0.0000,0.0000,0.0176,0.0000,200,1.6992
0.0237,0.0000,0.0000,0.0001,0.0235,0.0000,200,1.6932
0.0059,0.0000,0.0000,0.0000,0.0058,0.0000,200,1.7111
0.0076,0.0000,0.0000,0.0000,0.0076,0.0000,200,1.7102
0.0053,0.0000,0.0000,0.0000,0.0053,0.0000,200,1.7129
0.0123,0.0000,0.0000,0.0000,0.0122,0.0001,200,1.7064
0.0221,0.0000,0.0000,0.0000,0.0220,0.0000,200,1.6971
0.0025,0.0000,0.0000,0.0001,0.0023,0.0001,200,1.7168
0.0164,0.0000,0.0000,0.0000,0.0163,0.0001,200,1.7036
0.0054,0.0000,0.0000,0.0000,0.0053,0.0000,200,1.7148
0.0606,0.0000,0.0000,0.0000,0.0605,0.0000,200,1.6606
0.0195,0.0000,0.0000,0.0000,0.0194,0.0000,200,1.7021
0.0174,0.0000,0.0000,0.0001,0.0173,0.0000,200,1.7046
0.0046,0.0000,0.0000,0.0000,0.0046,0.0000,200,1.7179
0.0057,0.0000,0.0000,0.0000,0.0057,0.0000,200,1.7169
0.0596,0.0000,0.0000,0.0000,0.0595,0.0001,200,1.6634
0.0046,0.0000,0.0000,0.0000,0.0045,0.0000,200,1.7187
0.0294,0.0000,0.0000,0.0000,0.0292,0.0002,200,1.6948
0.0404,0.0000,0.0000,0.0000,0.0402,0.0002,200,1.6839
0.0080,0.0000,0.0000,0.0000,0.0077,0.0000,200,1.7168
0.0180,0.0000,0.0000,0.0000,0.0179,0.0001,200,1.7071
0.0136,0.0000,0.0000,0.0000,0.0136,0.0000,200,1.7116
0.0031,0.0000,0.0000,0.0000,0.0030,0.0001,200,1.7226
0.0617,0.0000,0.0000,0.0000,0.0616,0.0000,200,1.6644
0.0283,0.0000,0.0000,0.0000,0.0282,0.0000,200,1.6981
0.0028,0.0000,0.0000,0.0002,0.0024,0.0001,200,1.7243
0.0059,0.0000,0.0000,0.0000,0.0059,0.0000,200,1.7212
0.0075,0.0000,0.0000,0.0000,0.0073,0.0001,200,1.7202
0.0206,0.0000,0.0000,0.0000,0.0205,0.0000,200,1.7076
0.0160,0.0000,0.0000,0.0000,0.0159,0.0002,200,1.7124
0.0043,0.0000,0.0000,0.0000,0.0043,0.0000,200,1.7242
0.0149,0.0000,0.0000,0.0000,0.0146,0.0003,200,1.7147
0.0012,0.0000,0.0000,0.0000,0.0011,0.0000,200,1.7285
0.0019,0.0000,0.0000,0.0000,0.0018,0.0001,200,1.7285
0.0117,0.0000,0.0000,0.0000,0.0116,0.0001,200,1.7192
0.0094,0.0000,0.0000,0.0000,0.0093,0.0001,200,1.7216
0.0207,0.0000,0.0000,0.0000,0.0207,0.0000,200,1.7105
0.0193,0.0000,0.0000,0.0000,0.0192,0.0001,200,1.7121
0.0181,0.0000,0.0000,0.0000,0.0180,0.0001,200,1.7138
0.0347,0.0000,0.0000,0.0000,0.0346,0.0000,200,1.6975
0.0314,0.0000,0.0000,0.0000,0.0314,0.0000,200,1.7012
0.0105,0.0000,0.0000,0.0000,0.0102,0.0003,200,1.7225
0.0250,0.0000,0.0000,0.0000,0.0249,0.0001,200,1.7084
0.0328,0.0000,0.0000,0.0000,0.0328,0.0000,200,1.7012
0.0083,0.0000,0.0000,0.0001,0.0081,0.0001,200,1.7261
0.0023,0.0000,0.0000,0.0000,0.0021,0.0000,200,1.7322
0.0496,0.0000,0.0000,0.0002,0.0463,0.0003,200,1.6851
0.0154,0.0000,0.0000,0.0000,0.0153,0.0000,200,1.7200
0.0454,0.0000,0.0000,0.0000,0.0453,0.0000,200,1.6902
0.0015,0.0000,0.0000,0.0000,0.0013,0.0001,200,1.7344
0.0191,0.0000,0.0000,0.0000,0.0186,0.0004,200,1.7168
0.0090,0.0000,0.0000,0.0000,0.0088,0.0002,200,1.7271
0.0171,0.0000,0.0000,0.0000,0.0170,0.0001,200,1.7193
0.0024,0.0000,0.0000,0.0000,0.0022,0.0001,200,1.7347
0.0314,0.0000,0.0000,0.0000,0.0313,0.0000,200,1.7059
0.0065,0.0000,0.0000,0.0000,0.0064,0.0000,200,1.7313
0.0648,0.0000,0.0000,0.0000,0.0647,0.0001,200,1.6734
0.0067,0.0000,0.0000,0.0000,0.0066,0.0000,200,1.7319
0.0170,0.0000,0.0000,0.0000,0.0169,0.0000,200,1.7220
0.0282,0.0000,0.0000,0.0000,0.0281,0.0000,200,1.7111
0.0119,0.0000,0.0000,0.0000,0.0118,0.0000,200,1.7277
0.0170,0.0000,0.0000,0.0000,0.0169,0.0000,200,1.7230
0.0069,0.0000,0.0000,0.0002,0.0044,0.0023,200,1.7359
0.0157,0.0000,0.0000,0.0000,0.0155,0.0000,200,1.7272
0.0259,0.0000,0.0000,0.0000,0.0258,0.0000,200,1.7170
0.0032,0.0000,0.0000,0.0001,0.0030,0.0000,200,1.7396
0.0120,0.0000,0.0000,0.0002,0.0117,0.0000,200,1.7309
0.0532,0.0000,0.0000,0.0000,0.0532,0.0000,200,1.6897
0.0173,0.0000,0.0000,0.0000,0.0172,0.0000,200,1.7257
0.0121,0.0000,0.0000,0.0000,0.0120,0.0000,200,1.7309
0.0411,0.0000,0.0000,0.0000,0.0411,0.0000,200,1.7018
0.0031,0.0000,0.0000,0.0000,0.0030,0.0001,200,1.7400
0.0060,0.0000,0.0000,0.0000,0.0059,0.0001,200,1.7378
0.0125,0.0000,0.0000,0.0000,0.0124,0.0001,200,1.7314
0.0088,0.0000,0.0000,0.0000,0.0088,0.0001,200,1.7354
0.0091,0.0000,0.0000,0.0001,0.0089,0.0001,200,1.7356
0.0070,0.0000,0.0000,0.0000,0.0069,0.0001,200,1.7382
0.0028,0.0000,0.0000,0.0000,0.0027,0.0001,200,1.7429
0.0027,0.0000,0.0000,0.0000,0.0027,0.0000,200,1.7429
0.0195,0.0000,0.0000,0.0000,0.0194,0.0001,200,1.7264
0.0099,0.0000,0.0000,0.0000,0.0098,0.0000,200,1.7364
0.0376,0.0000,0.0000,0.0000,0.0375,0.0001,200,1.7093
0.0240,0.0000,0.0000,0.0000,0.0238,0.0000,200,1.7233
0.0132,0.0000,0.0000,0.0001,0.0128,0.0001,200,1.7344
0.0018,0.0000,0.0000,0.0000,0.0017,0.0000,200,1.7463
0.0127,0.0000,0.0000,0.0002,0.0125,0.0000,200,1.7359
0.0241,0.0000,0.0000,0.0000,0.0239,0.0001,200,1.7248
0.0242,0.0000,0.0000,0.0000,0.0239,0.0002,200,1.7251
0.0064,0.0000,0.0000,0.0000,0.0063,0.0000,200,1.7429
0.0202,0.0000,0.0000,0.0000,0.0200,0.0001,200,1.7297
0.0113,0.0000,0.0000,0.0000,0.0112,0.0000,200,1.7386
0.0074,0.0000,0.0000,0.0000,0.0071,0.0001,200,1.7431
0.0014,0.0000,0.0000,0.0000,0.0014,0.0001,200,1.7493
0.0085,0.0000,0.0000,0.0000,0.0084,0.0001,200,1.7428
0.0089,0.0000,0.0000,0.0000,0.0088,0.0000,200,1.7429
0.0051,0.0000,0.0000,0.0000,0.0050,0.0000,200,1.7469
0.0228,0.0000,0.0000,0.0000,0.0227,0.0000,200,1.7297
0.0158,0.0000,0.0000,0.0000,0.0155,0.0002,200,1.7373
0.0142,0.0000,0.0000,0.0000,0.0140,0.0002,200,1.7393
0.0614,0.0000,0.0000,0.0000,0.0614,0.0000,200,1.6920
0.0214,0.0000,0.0000,0.0000,0.0213,0.0001,200,1.7326
0.0361,0.0000,0.0000,0.0000,0.0360,0.0000,200,1.7182
0.0393,0.0000,0.0000,0.0000,0.0392,0.0000,200,1.7153
0.0092,0.0000,0.0000,0.0000,0.0091,0.0001,200,1.7457
0.0182,0.0000,0.0000,0.0000,0.0179,0.0003,200,1.7371
0.0250,0.0000,0.0000,0.0000,0.0249,0.0000,200,1.7304
0.0132,0.0000,0.0000,0.0000,0.0131,0.0001,200,1.7428
0.0090,0.0000,0.0000,0.0000,0.0087,0.0002,200,1.7473
0.0045,0.0000,0.0000,0.0000,0.0044,0.0000,200,1.7520
0.0015,0.0000,0.0000,0.0000,0.0013,0.0001,200,1.7554
0.0066,0.0000,0.0000,0.0001,0.0064,0.0001,200,1.7507
0.0146,0.0000,0.0000,0.0000,0.0146,0.0000,200,1.7430
0.0511,0.0000,0.0000,0.0000,0.0510,0.0001,200,1.7071
0.0025,0.0000,0.0000,0.0000,0.0022,0.0001,200,1.7563
0.0055,0.0000,0.0000,0.0000,0.0054,0.0000,200,1.7535
0.0112,0.0000,0.0000,0.0000,0.0111,0.0001,200,1.7481
0.0716,0.0000,0.0000,0.0002,0.0713,0.0001,200,1.6881
0.0158,0.0000,0.0000,0.0000,0.0158,0.0000,200,1.7443
0.0351,0.0000,0.0000,0.0000,0.0346,0.0000,200,1.7252
0.0016,0.0000,0.0000,0.0000,0.0016,0.0001,200,1.7592
0.0043,0.0000,0.0000,0.0000,0.0042,0.0001,200,1.7569
0.0286,0.0000,0.0000,0.0000,0.0281,0.0005,200,1.7335
0.0015,0.0000,0.0000,0.0000,0.0014,0.0000,200,1.7609
0.0083,0.0000,0.0000,0.0002,0.0081,0.0001,200,1.7541
0.0023,0.0000,0.0000,0.0001,0.0021,0.0000,200,1.7602
0.0017,0.0000,0.0000,0.0000,0.0015,0.0001,200,1.7612
0.0084,0.0000,0.0000,0.0000,0.0082,0.0000,200,1.7549
0.0530,0.0000,0.0000,0.0000,0.0529,0.0001,200,1.7106
0.0089,0.0000,0.0000,0.0000,0.0086,0.0002,200,1.7553
0.0211,0.0000,0.0000,0.0000,0.0210,0.0000,200,1.7437
0.0754,0.0000,0.0000,0.0000,0.0753,0.0000,200,1.6898
0.0216,0.0000,0.0000,0.0000,0.0215,0.0000,200,1.7439
0.0150,0.0000,0.0000,0.0000,0.0149,0.0001,200,1.7509
0.0061,0.0000,0.0000,0.0000,0.0059,0.0000,200,1.7603
0.0169,0.0000,0.0000,0.0000,0.0167,0.0002,200,1.7499
0.0049,0.0000,0.0000,0.0000,0.0048,0.0001,200,1.7624
0.0198,0.0000,0.0000,0.0001,0.0196,0.0000,200,1.7476
0.0053,0.0000,0.0000,0.0000,0.0052,0.0000,200,1.7624
0.0055,0.0000,0.0000,0.0000,0.0054,0.0000,200,1.7624
0.0032,0.0000,0.0000,0.0000,0.0031,0.0000,200,1.7651
0.0560,0.0000,0.0000,0.0000,0.0559,0.0000,200,1.7125
0.0146,0.0000,0.0000,0.0001,0.0144,0.0001,200,1.7543
0.0016,0.0000,0.0000,0.0000,0.0015,0.0000,200,1.7679
0.0114,0.0000,0.0000,0.0000,0.0113,0.0000,200,1.7582
0.0213,0.0000,0.0000,0.0000,0.0212,0.0001,200,1.7488
0.0255,0.0000,0.0000,0.0000,0.0253,0.0001,200,1.7447
0.0015,0.0000,0.0000,0.0006,0.0008,0.0000,200,1.7689
0.0089,0.0000,0.0000,0.0000,0.0087,0.0002,200,1.7621
0.0282,0.0000,0.0000,0.0000,0.0281,0.0000,200,1.7428
0.0150,0.0000,0.0000,0.0000,0.0149,0.0001,200,1.7565
0.0231,0.0000,0.0000,0.0000,0.0230,0.0001,200,1.7486
0.0203,0.0000,0.0000,0.0000,0.0201,0.0000,200,1.7518
0.0137,0.0000,0.0000,0.0000,0.0136,0.0001,200,1.7590
0.0196,0.0000,0.0000,0.0000,0.0195,0.0000,200,1.7531
0.0028,0.0000,0.0000,0.0000,0.0027,0.0001,200,1.7701
0.0023,0.0000,0.0000,0.0000,0.0023,0.0000,200,1.7710
0.0238,0.0000,0.0000,0.0000,0.0238,0.0000,200,1.7499
0.0021,0.0000,0.0000,0.0000,0.0020,0.0000,200,1.7721
0.0209,0.0000,0.0000,0.0000,0.0208,0.0001,200,1.7535
0.0234,0.0000,0.0000,0.0004,0.0230,0.0000,200,1.7513
0.0086,0.0000,0.0000,0.0000,0.0078,0.0008,200,1.7674
0.0028,0.0000,0.0000,0.0000,0.0027,0.0000,200,1.7733
0.0400,0.0000,0.0000,0.0000,0.0399,0.0000,200,1.7361
0.0024,0.0000,0.0000,0.0000,0.0023,0.0000,200,1.7738
0.0128,0.0000,0.0000,0.0000,0.0126,0.0001,200,1.7636
0.0430,0.0000,0.0000,0.0000,0.0429,0.0001,200,1.7341
0.0044,0.0000,0.0000,0.0000,0.0043,0.0000,200,1.7730
0.0203,0.0000,0.0000,0.0000,0.0202,0.0000,200,1.7576
0.0195,0.0000,0.0000,0.0000,0.0194,0.0000,200,1.7590
0.0138,0.0000,0.0000,0.0000,0.0135,0.0003,200,1.7648
0.0084,0.0000,0.0000,0.0000,0.0083,0.0000,200,1.7710
0.0031,0.0000,0.0000,0.0003,0.0027,0.0001,200,1.7761
0.0132,0.0000,0.0000,0.0000,0.0131,0.0000,200,1.7664
0.0177,0.0000,0.0000,0.0000,0.0170,0.0005,200,1.7629
0.0147,0.0000,0.0000,0.0000,0.0146,0.0000,200,1.7659
0.0050,0.0000,0.0000,0.0000,0.0049,0.0001,200,1.7761
0.0108,0.0000,0.0000,0.0000,0.0107,0.0000,200,1.7704
0.0757,0.0000,0.0000,0.0000,0.0756,0.0001,200,1.7059
0.0025,0.0000,0.0000,0.0000,0.0024,0.0001,200,1.7795
0.0060,0.0000,0.0000,0.0000,0.0057,0.0001,200,1.7761
0.0082,0.0000,0.0000,0.0000,0.0076,0.0001,200,1.7742
0.0048,0.0000,0.0000,0.0000,0.0047,0.0000,200,1.7779
0.0046,0.0000,0.0000,0.0000,0.0045,0.0000,200,1.7785
0.0140,0.0000,0.0000,0.0000,0.0139,0.0000,200,1.7696
0.0117,0.0000,0.0000,0.0000,0.0116,0.0000,200,1.7727
0.0073,0.0000,0.0000,0.0000,0.0072,0.0001,200,1.7774
0.0157,0.0000,0.0000,0.0000,0.0154,0.0002,200,1.7695
0.0168,0.0000,0.0000,0.0000,0.0167,0.0000,200,1.7685
0.0271,0.0000,0.0000,0.0000,0.0269,0.0001,200,1.7597
0.0343,0.0000,0.0000,0.0000,0.0333,0.0010,200,1.7525
0.0202,0.0000,0.0000,0.0000,0.0200,0.0001,200,1.7677
0.0080,0.0000,0.0000,0.0000,0.0079,0.0000,200,1.7806
0.0041,0.0000,0.0000,0.0000,0.0040,0.0000,200,1.7852
0.0195,0.0000,0.0000,0.0001,0.0193,0.0001,200,1.7702
0.0139,0.0000,0.0000,0.0000,0.0139,0.0000,200,1.7760
0.0108,0.0000,0.0000,0.0000,0.0107,0.0000,200,1.7796
0.0239,0.0000,0.0000,0.0000,0.0238,0.0001,200,1.7668
0.0105,0.0000,0.0000,0.0000,0.0105,0.0000,200,1.7806
0.0074,0.0000,0.0000,0.0000,0.0073,0.0000,200,1.7844
0.0357,0.0000,0.0000,0.0000,0.0354,0.0000,200,1.7560
0.0072,0.0000,0.0000,0.0000,0.0071,0.0000,200,1.7847
0.0026,0.0000,0.0000,0.0000,0.0024,0.0001,200,1.7898
0.0158,0.0000,0.0000,0.0000,0.0157,0.0000,200,1.7771
0.0214,0.0000,0.0000,0.0002,0.0211,0.0001,200,1.7717
0.0047,0.0000,0.0000,0.0000,0.0046,0.0001,200,1.7886
0.0443,0.0000,0.0000,0.0000,0.0442,0.0001,200,1.7493
0.0010,0.0000,0.0000,0.0000,0.0009,0.0000,200,1.7931
0.0311,0.0000,0.0000,0.0000,0.0311,0.0000,200,1.7633
0.0200,0.0000,0.0000,0.0000,0.0200,0.0000,200,1.7748
0.0140,0.0000,0.0000,0.0000,0.0140,0.0000,200,1.7811
0.0130,0.0000,0.0000,0.0000,0.0129,0.0000,200,1.7827
0.0199,0.0000,0.0000,0.0000,0.0197,0.0000,200,1.7764
0.0063,0.0000,0.0000,0.0000,0.0063,0.0000,200,1.7900
0.0048,0.0000,0.0000,0.0000,0.0047,0.0000,200,1.7916
0.0150,0.0000,0.0000,0.0000,0.0149,0.0000,200,1.7821
0.0019,0.0000,0.0000,0.0000,0.0018,0.0000,200,1.7951
0.0012,0.0000,0.0000,0.0000,0.0011,0.0001,200,1.7964
0.0550,0.0000,0.0000,0.0000,0.0549,0.0001,200,1.7429
0.0058,0.0000,0.0000,0.0000,0.0058,0.0000,200,1.7923
0.0204,0.0000,0.0000,0.0000,0.0201,0.0002,200,1.7784
0.0087,0.0000,0.0000,0.0000,0.0085,0.0002,200,1.7907
0.0066,0.0000,0.0000,0.0000,0.0064,0.0000,200,1.7929
0.0161,0.0000,0.0000,0.0000,0.0159,0.0002,200,1.7836
0.0316,0.0000,0.0000,0.0000,0.0315,0.0000,200,1.7684
0.0672,0.0000,0.0000,0.0000,0.0672,0.0000,200,1.7330
0.0156,0.0000,0.0000,0.0000,0.0155,0.0000,200,1.7853
0.0074,0.0000,0.0000,0.0000,0.0071,0.0001,200,1.7936
0.0097,0.0000,0.0000,0.0000,0.0096,0.0000,200,1.7917
0.0067,0.0000,0.0000,0.0000,0.0066,0.0000,200,1.7948
0.0025,0.0000,0.0000,0.0001,0.0020,0.0002,200,1.7997
0.0044,0.0000,0.0000,0.0000,0.0041,0.0000,200,1.7978
0.0151,0.0000,0.0000,0.0000,0.0139,0.0002,200,1.7879
0.0027,0.0000,0.0000,0.0000,0.0025,0.0000,200,1.8003
0.0067,0.0000,0.0000,0.0000,0.0067,0.0000,200,1.7963
0.0108,0.0000,0.0000,0.0000,0.0107,0.0000,200,1.7933
0.0209,0.0000,0.0000,0.0000,0.0209,0.0000,200,1.7831
0.0071,0.0000,0.0000,0.0000,0.0065,0.0006,200,1.7970
0.0406,0.0000,0.0000,0.0000,0.0405,0.0001,200,1.7642
0.0381,0.0000,0.0000,0.0000,0.0379,0.0001,200,1.7673
0.0016,0.0000,0.0000,0.0000,0.0015,0.0001,200,1.8041
0.0041,0.0000,0.0000,0.0000,0.0040,0.0001,200,1.8022
0.0021,0.0000,0.0000,0.0000,0.0020,0.0000,200,1.8049
0.0081,0.0000,0.0000,0.0000,0.0080,0.0001,200,1.7994
0.0104,0.0000,0.0000,0.0000,0.0102,0.0001,200,1.7976
0.0140,0.0000,0.0000,0.0000,0.0139,0.0001,200,1.7944
0.0026,0.0000,0.0000,0.0000,0.0025,0.0001,200,1.8063
0.0170,0.0000,0.0000,0.0000,0.0169,0.0000,200,1.7941
0.0058,0.0000,0.0000,0.0001,0.0056,0.0000,200,1.8053
0.0097,0.0000,0.0000,0.0000,0.0096,0.0000,200,1.8014
0.0081,0.0000,0.0000,0.0000,0.0081,0.0000,200,1.8030
0.0538,0.0000,0.0000,0.0000,0.0538,0.0000,200,1.7573
0.0032,0.0000,0.0000,0.0000,0.0032,0.0000,200,1.8080
0.0080,0.0000,0.0000,0.0000,0.0079,0.0001,200,1.8040
0.0131,0.0000,0.0000,0.0000,0.0130,0.0001,200,1.7994
0.0021,0.0000,0.0000,0.0000,0.0020,0.0001,200,1.8111
0.0027,0.0000,0.0000,0.0000,0.0026,0.0000,200,1.8111
0.0019,0.0000,0.0000,0.0000,0.0018,0.0001,200,1.8121
0.0022,0.0000,0.0000,0.0000,0.0020,0.0002,200,1.8125
0.0039,0.0000,0.0000,0.0000,0.0038,0.0000,200,1.8111
0.0165,0.0000,0.0000,0.0000,0.0164,0.0000,200,1.7988
0.0333,0.0000,0.0000,0.0000,0.0332,0.0000,200,1.7821
0.0088,0.0000,0.0000,0.0000,0.0087,0.0000,200,1.8069
0.0128,0.0000,0.0000,0.0000,0.0128,0.0000,200,1.8030
0.0139,0.0000,0.0000,0.0000,0.0137,0.0001,200,1.8022
0.0026,0.0000,0.0000,0.0000,0.0025,0.0001,200,1.8138
0.0156,0.0000,0.0000,0.0000,0.0155,0.0000,200,1.8015
0.0030,0.0000,0.0000,0.0000,0.0029,0.0001,200,1.8140
0.0017,0.0000,0.0000,0.0000,0.0016,0.0000,200,1.8157
0.0090,0.0000,0.0000,0.0000,0.0089,0.0000,200,1.8090
0.0281,0.0000,0.0000,0.0000,0.0280,0.0000,200,1.7903
0.0378,0.0000,0.0000,0.0000,0.0377,0.0000,200,1.7811
0.0462,0.0000,0.0000,0.0000,0.0461,0.0001,200,1.7727
0.0047,0.0000,0.0000,0.0000,0.0046,0.0000,200,1.8148
0.0049,0.0000,0.0000,0.0001,0.0048,0.0000,200,1.8150
0.0127,0.0000,0.0000,0.0000,0.0125,0.0002,200,1.8076
0.0032,0.0000,0.0000,0.0000,0.0031,0.0000,200,1.8174
0.0397,0.0000,0.0000,0.0000,0.0393,0.0003,200,1.7815
0.0235,0.0000,0.0000,0.0000,0.0234,0.0001,200,1.7982
0.0059,0.0000,0.0000,0.0001,0.0058,0.0000,200,1.8161
0.0057,0.0000,0.0000,0.0000,0.0056,0.0000,200,1.8171
0.0320,0.0000,0.0000,0.0001,0.0316,0.0003,200,1.7918
0.0287,0.0000,0.0000,0.0000,0.0286,0.0000,200,1.7957
0.0071,0.0000,0.0000,0.0000,0.0070,0.0000,200,1.8180
0.0280,0.0000,0.0000,0.0000,0.0279,0.0000,200,1.7970
0.0143,0.0000,0.0000,0.0000,0.0142,0.0000,200,1.8111
0.0021,0.0000,0.0000,0.0002,0.0018,0.0001,200,1.8239
0.0045,0.0000,0.0000,0.0000,0.0022,0.0000,200,1.8217
0.0156,0.0000,0.0000,0.0000,0.0155,0.0001,200,1.8112
0.0087,0.0000,0.0000,0.0001,0.0086,0.0000,200,1.8186
0.0023,0.0000,0.0000,0.0000,0.0023,0.0000,200,1.8250
0.0090,0.0000,0.0000,0.0000,0.0089,0.0000,200,1.8189
0.0015,0.0000,0.0000,0.0000,0.0014,0.0001,200,1.8268
0.0257,0.0000,0.0000,0.0000,0.0255,0.0002,200,1.8030
0.0132,0.0000,0.0000,0.0000,0.0131,0.0000,200,1.8158
0.0130,0.0000,0.0000,0.0001,0.0128,0.0000,200,1.8164
0.0089,0.0000,0.0000,0.0003,0.0084,0.0001,200,1.8213
0.0218,0.0000,0.0000,0.0000,0.0218,0.0000,200,1.8084
0.0147,0.0000,0.0000,0.0000,0.0146,0.0001,200,1.8154
0.0102,0.0000,0.0000,0.0010,0.0092,0.0000,200,1.8206
0.0019,0.0000,0.0000,0.0000,0.0017,0.0001,200,1.8294
0.0042,0.0000,0.0000,0.0000,0.0041,0.0001,200,1.8273
0.0017,0.0000,0.0000,0.0000,0.0015,0.0001,200,1.8302
0.0212,0.0000,0.0000,0.0000,0.0211,0.0002,200,1.8112
0.0043,0.0000,0.0000,0.0000,0.0042,0.0001,200,1.8283
0.0019,0.0000,0.0000,0.0000,0.0017,0.0002,200,1.8313
0.0202,0.0000,0.0000,0.0000,0.0201,0.0001,200,1.8132
0.0037,0.0000,0.0000,0.0000,0.0035,0.0002,200,1.8302
0.0082,0.0000,0.0000,0.0000,0.0081,0.0000,200,1.8260
0.0427,0.0000,0.0000,0.0001,0.0426,0.0000,200,1.7917
0.0093,0.0000,0.0000,0.0000,0.0092,0.0000,200,1.8254
0.0027,0.0000,0.0000,0.0000,0.0026,0.0000,200,1.8324
0.0163,0.0000,0.0000,0.0000,0.0162,0.0000,200,1.8194
0.0011,0.0000,0.0000,0.0000,0.0010,0.0000,200,1.8347
0.0012,0.0000,0.0000,0.0000,0.0011,0.0000,200,1.8351
0.0021,0.0000,0.0000,0.0000,0.0020,0.0001,200,1.8345
0.0198,0.0000,0.0000,0.0003,0.0193,0.0001,200,1.8171
0.0014,0.0000,0.0000,0.0000,0.0013,0.0000,200,1.8358
0.0044,0.0000,0.0000,0.0000,0.0042,0.0001,200,1.8334
0.0418,0.0000,0.0000,0.0000,0.0418,0.0000,200,1.7963
0.0162,0.0000,0.0000,0.0000,0.0162,0.0000,200,1.8219
0.0046,0.0000,0.0000,0.0000,0.0043,0.0003,200,1.8341
0.0062,0.0000,0.0000,0.0000,0.0060,0.0000,200,1.8326
0.0116,0.0000,0.0000,0.0000,0.0116,0.0000,200,1.8274
0.0196,0.0000,0.0000,0.0000,0.0195,0.0000,200,1.8199
0.0078,0.0000,0.0000,0.0000,0.0078,0.0000,200,1.8319
0.0029,0.0000,0.0000,0.0000,0.0029,0.0000,200,1.8372
0.0075,0.0000,0.0000,0.0001,0.0072,0.0002,200,1.8331
0.0368,0.0000,0.0000,0.0000,0.0365,0.0000,200,1.8041
0.0074,0.0000,0.0000,0.0000,0.0073,0.0000,200,1.8338
0.0051,0.0000,0.0000,0.0000,0.0051,0.0001,200,1.8363
0.0408,0.0000,0.0000,0.0000,0.0407,0.0001,200,1.8009
0.0107,0.0000,0.0000,0.0001,0.0106,0.0000,200,1.8316
0.0046,0.0000,0.0000,0.0000,0.0045,0.0000,200,1.8382
0.0201,0.0000,0.0000,0.0000,0.0200,0.0000,200,1.8228
0.0051,0.0000,0.0000,0.0000,0.0050,0.0000,200,1.8381
0.0072,0.0000,0.0000,0.0002,0.0069,0.0001,200,1.8365
0.0139,0.0000,0.0000,0.0000,0.0137,0.0000,200,1.8302
0.0434,0.0000,0.0000,0.0000,0.0432,0.0001,200,1.8010
0.0158,0.0000,0.0000,0.0000,0.0158,0.0000,200,1.8287
0.0061,0.0000,0.0000,0.0000,0.0060,0.0000,200,1.8388
0.0075,0.0000,0.0000,0.0000,0.0073,0.0000,200,1.8377
0.0096,0.0000,0.0000,0.0000,0.0093,0.0000,200,1.8357
0.0061,0.0000,0.0000,0.0000,0.0060,0.0000,200,1.8394
0.0018,0.0000,0.0000,0.0002,0.0016,0.0000,200,1.8441
0.0013,0.0000,0.0000,0.0000,0.0011,0.0000,200,1.8452
0.0048,0.0000,0.0000,0.0001,0.0046,0.0000,200,1.8416
0.0024,0.0000,0.0000,0.0000,0.0023,0.0000,200,1.8445
0.0052,0.0000,0.0000,0.0000,0.0051,0.0000,200,1.8422
0.0732,0.0000,0.0000,0.0000,0.0729,0.0002,200,1.7744
0.0027,0.0000,0.0000,0.0000,0.0025,0.0002,200,1.8453
0.0028,0.0000,0.0000,0.0000,0.0025,0.0002,200,1.8455
0.0280,0.0000,0.0000,0.0003,0.0277,0.0000,200,1.8203
0.0036,0.0000,0.0000,0.0000,0.0035,0.0000,200,1.8449
0.0061,0.0000,0.0000,0.0000,0.0052,0.0004,200,1.8427
0.0129,0.0000,0.0000,0.0000,0.0126,0.0002,200,1.8368
0.0021,0.0000,0.0000,0.0004,0.0014,0.0003,200,1.8481
0.0194,0.0000,0.0000,0.0000,0.0193,0.0000,200,1.8308
0.0024,0.0000,0.0000,0.0000,0.0023,0.0001,200,1.8483
0.0359,0.0000,0.0000,0.0000,0.0356,0.0002,200,1.8153
0.0122,0.0000,0.0000,0.0000,0.0122,0.0000,200,1.8390
0.0014,0.0000,0.0000,0.0000,0.0013,0.0001,200,1.8502
0.0022,0.0000,0.0000,0.0000,0.0022,0.0000,200,1.8497
0.0041,0.0000,0.0000,0.0000,0.0040,0.0001,200,1.8483
0.0064,0.0000,0.0000,0.0000,0.0062,0.0002,200,1.8465
0.0030,0.0000,0.0000,0.0000,0.0028,0.0002,200,1.8503
0.0119,0.0000,0.0000,0.0001,0.0118,0.0000,200,1.8415
0.0075,0.0000,0.0000,0.0000,0.0074,0.0000,200,1.8465
0.0112,0.0000,0.0000,0.0000,0.0109,0.0003,200,1.8432
0.0015,0.0000,0.0000,0.0001,0.0013,0.0001,200,1.8533
0.0036,0.0000,0.0000,0.0000,0.0035,0.0000,200,1.8512
0.0169,0.0000,0.0000,0.0000,0.0168,0.0000,200,1.8387
0.0313,0.0000,0.0000,0.0000,0.0313,0.0000,200,1.8244
0.0014,0.0000,0.0000,0.0000,0.0013,0.0001,200,1.8548
0.0105,0.0000,0.0000,0.0000,0.0104,0.0000,200,1.8459
0.0307,0.0000,0.0000,0.0000,0.0306,0.0001,200,1.8262
0.0083,0.0000,0.0000,0.0003,0.0079,0.0001,200,1.8488
0.0058,0.0000,0.0000,0.0000,0.0056,0.0002,200,1.8519
0.0022,0.0000,0.0000,0.0000,0.0021,0.0000,200,1.8556
0.0142,0.0000,0.0000,0.0000,0.0140,0.0003,200,1.8445
0.0075,0.0000,0.0000,0.0000,0.0074,0.0000,200,1.8513
0.0078,0.0000,0.0000,0.0001,0.0074,0.0002,200,1.8516
0.0033,0.0000,0.0000,0.0000,0.0033,0.0000,200,1.8563
0.0023,0.0000,0.0000,0.0000,0.0021,0.0001,200,1.8577
0.0200,0.0000,0.0000,0.0000,0.0200,0.0000,200,1.8402
0.0018,0.0000,0.0000,0.0000,0.0016,0.0001,200,1.8587
0.0029,0.0000,0.0000,0.0000,0.0028,0.0000,200,1.8579
0.0173,0.0000,0.0000,0.0000,0.0172,0.0001,200,1.8438
0.0027,0.0000,0.0000,0.0000,0.0025,0.0002,200,1.8588
0.0072,0.0000,0.0000,0.0000,0.0071,0.0001,200,1.8544
0.0019,0.0000,0.0000,0.0001,0.0018,0.0000,200,1.8601
0.0090,0.0000,0.0000,0.0000,0.0089,0.0000,200,1.8533
0.0070,0.0000,0.0000,0.0000,0.0069,0.0001,200,1.8557
0.0124,0.0000,0.0000,0.0000,0.0122,0.0002,200,1.8508
0.0031,0.0000,0.0000,0.0000,0.0030,0.0000,200,1.8602
0.0242,0.0000,0.0000,0.0000,0.0242,0.0000,200,1.8397
0.0032,0.0000,0.0000,0.0000,0.0030,0.0002,200,1.8607
0.0037,0.0000,0.0000,0.0000,0.0036,0.0000,200,1.8605
0.0095,0.0000,0.0000,0.0000,0.0094,0.0000,200,1.8548
0.0163,0.0000,0.0000,0.0000,0.0160,0.0000,200,1.8485
0.0012,0.0000,0.0000,0.0000,0.0012,0.0000,200,1.8639
0.0044,0.0000,0.0000,0.0000,0.0043,0.0001,200,1.8611
0.0093,0.0000,0.0000,0.0000,0.0090,0.0003,200,1.8569
0.0009,0.0000,0.0000,0.0000,0.0008,0.0000,200,1.8654
0.0041,0.0000,0.0000,0.0000,0.0040,0.0001,200,1.8623
0.0022,0.0000,0.0000,0.0001,0.0021,0.0000,200,1.8648
0.0267,0.0000,0.0000,0.0000,0.0266,0.0001,200,1.8408
0.0061,0.0000,0.0000,0.0000,0.0060,0.0001,200,1.8615
0.0431,0.0000,0.0000,0.0000,0.0428,0.0002,200,1.8250
0.0213,0.0000,0.0000,0.0000,0.0212,0.0001,200,1.8469
0.0052,0.0000,0.0000,0.0000,0.0052,0.0000,200,1.8632
0.0016,0.0000,0.0000,0.0000,0.0014,0.0001,200,1.8675
0.0221,0.0000,0.0000,0.0000,0.0221,0.0000,200,1.8474
0.0169,0.0000,0.0000,0.0000,0.0169,0.0000,200,1.8529
0.0039,0.0000,0.0000,0.0000,0.0035,0.0000,200,1.8663
0.0112,0.0000,0.0000,0.0000,0.0110,0.0001,200,1.8594
0.0079,0.0000,0.0000,0.0000,0.0077,0.0001,200,1.8639
0.0013,0.0000,0.0000,0.0000,0.0012,0.0001,200,1.8706
0.0077,0.0000,0.0000,0.0000,0.0076,0.0000,200,1.8642
0.0099,0.0000,0.0000,0.0000,0.0099,0.0000,200,1.8619
0.0076,0.0000,0.0000,0.0000,0.0075,0.0000,200,1.8643
0.0057,0.0000,0.0000,0.0000,0.0056,0.0000,200,1.8662
0.0040,0.0000,0.0000,0.0000,0.0038,0.0000,200,1.8685
0.0032,0.0000,0.0000,0.0000,0.0032,0.0000,200,1.8696
0.0104,0.0000,0.0000,0.0000,0.0102,0.0001,200,1.8628
0.0054,0.0000,0.0000,0.0000,0.0053,0.0001,200,1.8681
0.0076,0.0000,0.0000,0.0000,0.0071,0.0003,200,1.8664
0.0038,0.0000,0.0000,0.0000,0.0037,0.0000,200,1.8702
0.0015,0.0000,0.0000,0.0000,0.0015,0.0000,200,1.8728
0.0097,0.0000,0.0000,0.0000,0.0094,0.0002,200,1.8651
0.0274,0.0000,0.0000,0.0000,0.0274,0.0000,200,1.8476
0.0037,0.0000,0.0000,0.0000,0.0034,0.0001,200,1.8719
0.0039,0.0000,0.0000,0.0000,0.0039,0.0000,200,1.8719
0.0023,0.0000,0.0000,0.0000,0.0022,0.0000,200,1.8740
0.0076,0.0000,0.0000,0.0000,0.0075,0.0000,200,1.8691
0.0044,0.0000,0.0000,0.0000,0.0043,0.0000,200,1.8725
0.0055,0.0000,0.0000,0.0000,0.0054,0.0001,200,1.8718
0.0010,0.0000,0.0000,0.0000,0.0009,0.0001,200,1.8769
0.0026,0.0000,0.0000,0.0000,0.0025,0.0001,200,1.8756
0.0037,0.0000,0.0000,0.0001,0.0035,0.0001,200,1.8750
0.0020,0.0000,0.0000,0.0000,0.0019,0.0000,200,1.8773
0.0161,0.0000,0.0000,0.0000,0.0161,0.0000,200,1.8633
0.0035,0.0000,0.0000,0.0000,0.0035,0.0000,200,1.8763
0.0262,0.0000,0.0000,0.0000,0.0261,0.0001,200,1.8539
0.0108,0.0000,0.0000,0.0000,0.0107,0.0000,200,1.8698
0.0076,0.0000,0.0000,0.0000,0.0074,0.0001,200,1.8731
0.0030,0.0000,0.0000,0.0000,0.0028,0.0001,200,1.8779
0.0016,0.0000,0.0000,0.0001,0.0015,0.0000,200,1.8798
0.0099,0.0000,0.0000,0.0000,0.0097,0.0002,200,1.8719
0.0105,0.0000,0.0000,0.0000,0.0103,0.0000,200,1.8719
0.0020,0.0000,0.0000,0.0000,0.0020,0.0000,200,1.8809
0.0081,0.0000,0.0000,0.0000,0.0081,0.0000,200,1.8748
0.0053,0.0000,0.0000,0.0000,0.0052,0.0000,200,1.8782
0.0016,0.0000,0.0000,0.0001,0.0014,0.0000,200,1.8818
0.0044,0.0000,0.0000,0.0000,0.0044,0.0001,200,1.8794
0.0169,0.0000,0.0000,0.0000,0.0168,0.0000,200,1.8676
0.0087,0.0000,0.0000,0.0000,0.0086,0.0001,200,1.8759
0.0176,0.0000,0.0000,0.0000,0.0176,0.0000,200,1.8671
0.0044,0.0000,0.0000,0.0000,0.0043,0.0001,200,1.8807
0.0023,0.0000,0.0000,0.0000,0.0022,0.0001,200,1.8835
0.0043,0.0000,0.0000,0.0000,0.0037,0.0005,200,1.8824
0.0022,0.0000,0.0000,0.0000,0.0020,0.0000,200,1.8845
0.0020,0.0000,0.0000,0.0000,0.0020,0.0000,200,1.8847
0.0022,0.0000,0.0000,0.0000,0.0022,0.0000,200,1.8845
0.0034,0.0000,0.0000,0.0001,0.0030,0.0000,200,1.8839
0.0079,0.0000,0.0000,0.0000,0.0077,0.0001,200,1.8801
0.0093,0.0000,0.0000,0.0000,0.0092,0.0000,200,1.8787
0.0013,0.0000,0.0000,0.0001,0.0011,0.0000,200,1.8867
0.0072,0.0000,0.0000,0.0000,0.0071,0.0000,200,1.8814
0.0084,0.0000,0.0000,0.0000,0.0083,0.0000,200,1.8806
0.0061,0.0000,0.0000,0.0000,0.0058,0.0003,200,1.8829
0.0045,0.0000,0.0000,0.0000,0.0042,0.0001,200,1.8851
0.0043,0.0000,0.0000,0.0001,0.0042,0.0000,200,1.8857
0.0039,0.0000,0.0000,0.0001,0.0037,0.0000,200,1.8867
0.0034,0.0000,0.0000,0.0001,0.0032,0.0001,200,1.8873
0.0023,0.0000,0.0000,0.0000,0.0019,0.0003,200,1.8891
0.0034,0.0000,0.0000,0.0000,0.0030,0.0004,200,1.8880
0.0032,0.0000,0.0000,0.0000,0.0030,0.0001,200,1.8890
0.0038,0.0000,0.0000,0.0000,0.0038,0.0000,200,1.8886
0.0092,0.0000,0.0000,0.0000,0.0083,0.0010,200,1.8835
0.0048,0.0000,0.0000,0.0000,0.0046,0.0002,200,1.8880
0.0023,0.0000,0.0000,0.0000,0.0023,0.0000,200,1.8907
0.0018,0.0000,0.0000,0.0003,0.0015,0.0000,200,1.8914
0.0036,0.0000,0.0000,0.0000,0.0035,0.0001,200,1.8900
0.0175,0.0000,0.0000,0.0000,0.0174,0.0001,200,1.8767
0.0015,0.0000,0.0000,0.0000,0.0014,0.0001,200,1.8927
0.0009,0.0000,0.0000,0.0000,0.0008,0.0000,200,1.8936
0.0017,0.0000,0.0000,0.0000,0.0017,0.0000,200,1.8930
0.0030,0.0000,0.0000,0.0001,0.0028,0.0001,200,1.8922
0.0024,0.0000,0.0000,0.0000,0.0023,0.0000,200,1.8933
0.0091,0.0000,0.0000,0.0000,0.0091,0.0000,200,1.8867
0.0036,0.0000,0.0000,0.0000,0.0035,0.0000,200,1.8942
0.0063,0.0000,0.0000,0.0002,0.0061,0.0000,200,1.8914
0.0071,0.0000,0.0000,0.0011,0.0058,0.0000,200,1.8907
0.0104,0.0000,0.0000,0.0000,0.0102,0.0001,200,1.8880
0.0036,0.0000,0.0000,0.0000,0.0036,0.0000,200,1.8957
0.0099,0.0000,0.0000,0.0000,0.0097,0.0002,200,1.8896
0.0055,0.0000,0.0000,0.0000,0.0053,0.0000,200,1.8945
0.0042,0.0000,0.0000,0.0000,0.0036,0.0005,200,1.8958
0.0056,0.0000,0.0000,0.0001,0.0054,0.0001,200,1.8947
0.0031,0.0000,0.0000,0.0000,0.0030,0.0000,200,1.8978
0.0037,0.0000,0.0000,0.0000,0.0037,0.0000,200,1.8978
0.0030,0.0000,0.0000,0.0000,0.0029,0.0000,200,1.8993
0.0097,0.0000,0.0000,0.0001,0.0095,0.0000,200,1.8928
0.0042,0.0000,0.0000,0.0000,0.0040,0.0000,200,1.8983
0.0014,0.0000,0.0000,0.0000,0.0013,0.0001,200,1.9015
0.0024,0.0000,0.0000,0.0000,0.0023,0.0000,200,1.9008
0.0011,0.0000,0.0000,0.0000,0.0011,0.0000,200,1.9023
0.0014,0.0000,0.0000,0.0000,0.0014,0.0000,200,1.9025
0.0116,0.0000,0.0000,0.0001,0.0111,0.0002,200,1.8924
0.0045,0.0000,0.0000,0.0003,0.0041,0.0000,200,1.9000
0.0050,0.0000,0.0000,0.0000,0.0047,0.0001,200,1.9000
0.0049,0.0000,0.0000,0.0000,0.0048,0.0000,200,1.9003
0.0024,0.0000,0.0000,0.0000,0.0023,0.0000,200,1.9032
0.0025,0.0000,0.0000,0.0000,0.0024,0.0000,200,1.9034
0.0017,0.0000,0.0000,0.0000,0.0014,0.0003,200,1.9044
0.0041,0.0000,0.0000,0.0000,0.0040,0.0000,200,1.9025
0.0027,0.0000,0.0000,0.0000,0.0025,0.0001,200,1.9040
0.0018,0.0000,0.0000,0.0000,0.0018,0.0000,200,1.9052
0.0016,0.0000,0.0000,0.0000,0.0014,0.0001,200,1.9059
0.0013,0.0000,0.0000,0.0000,0.0012,0.0000,200,1.9066
0.0014,0.0000,0.0000,0.0000,0.0013,0.0000,200,1.9070
0.0146,0.0000,0.0000,0.0005,0.0140,0.0001,200,1.8942
0.0031,0.0000,0.0000,0.0002,0.0029,0.0000,200,1.9061
0.0018,0.0000,0.0000,0.0000,0.0016,0.0001,200,1.9079
0.0016,0.0000,0.0000,0.0000,0.0015,0.0000,200,1.9084
0.0055,0.0000,0.0000,0.0000,0.0054,0.0000,200,1.9049
0.0033,0.0000,0.0000,0.0000,0.0031,0.0000,200,1.9076
0.0018,0.0000,0.0000,0.0000,0.0017,0.0000,200,1.9092
0.0013,0.0000,0.0000,0.0000,0.0012,0.0001,200,1.9100
0.0008,0.0000,0.0000,0.0001,0.0005,0.0002,200,1.9110
0.0005,0.0000,0.0000,0.0000,0.0004,0.0000,200,1.9118
0.0006,0.0000,0.0000,0.0001,0.0005,0.0001,200,1.9123
0.0006,0.0000,0.0000,0.0000,0.0005,0.0000,200,1.9129
0.0006,0.0000,0.0000,0.0000,0.0005,0.0001,200,1.9135
0.0007,0.0000,0.0000,0.0000,0.0006,0.0001,200,1.9141
0.0005,0.0000,0.0000,0.0000,0.0005,0.0000,200,1.9148
0.0006,0.0000,0.0000,0.0000,0.0005,0.0001,200,1.9153
0.0006,0.0000,0.0000,0.0000,0.0005,0.0000,200,1.9159
0.0007,0.0000,0.0000,0.0000,0.0006,0.0000,200,1.9166
0.0006,0.0000,0.0000,0.0000,0.0005,0.0000,200,1.9172
0.0005,0.0000,0.0000,0.0000,0.0004,0.0000,200,1.9178
