response-time,DNS+dialup,DNS,Request-write,Response-delay,Response-read,status-code,offset
0.0054,0.0015,0.0000,0.0014,0.0021,0.0001,200,0.0005
0.0060,0.0007,0.0000,0.0023,0.0030,0.0000,200,0.0017
0.0075,0.0018,0.0000,0.0018,0.0037,0.0000,200,0.0004
0.0097,0.0010,0.0000,0.0015,0.0067,0.0000,200,0.0009
0.0109,0.0012,0.0000,0.0028,0.0060,0.0000,200,0.0004
0.0100,0.0010,0.0000,0.0027,0.0063,0.0000,200,0.0014
0.0084,0.0023,0.0000,0.0004,0.0055,0.0000,200,0.0032
0.0107,0.0000,0.0000,0.0000,0.0023,0.0000,200,0.0037
0.0124,0.0000,0.0000,0.0000,0.0025,0.0000,200,0.0022
0.0074,0.0005,0.0000,0.0044,0.0026,0.0000,200,0.0074
0.0111,0.0022,0.0000,0.0044,0.0045,0.0000,200,0.0039
0.0129,0.0000,0.0000,0.0000,0.0055,0.0000,200,0.0022
0.0108,0.0015,0.0000,0.0033,0.0061,0.0000,200,0.0044
0.0088,0.0001,0.0000,0.0044,0.0043,0.0000,200,0.0075
0.0054,0.0026,0.0000,0.0009,0.0018,0.0000,200,0.0111
0.0110,0.0003,0.0000,0.0043,0.0063,0.0000,200,0.0074
0.0071,0.0015,0.0000,0.0013,0.0042,0.0001,200,0.0116
0.0025,0.0000,0.0000,0.0000,0.0024,0.0000,200,0.0163
0.0086,0.0014,0.0000,0.0011,0.0060,0.0000,200,0.0117
0.0140,0.0047,0.0000,0.0015,0.0077,0.0000,200,0.0065
0.0056,0.0000,0.0000,0.0000,0.0055,0.0000,200,0.0150
0.0055,0.0000,0.0000,0.0000,0.0054,0.0000,200,0.0152
0.0155,0.0061,0.0000,0.0010,0.0083,0.0000,200,0.0057
0.0158,0.0054,0.0000,0.0010,0.0094,0.0001,200,0.0064
0.0161,0.0010,0.0000,0.0044,0.0107,0.0000,200,0.0070
0.0136,0.0011,0.0000,0.0009,0.0115,0.0000,200,0.0120
0.0219,0.0000,0.0000,0.0000,0.0135,0.0000,200,0.0038
0.0144,0.0024,0.0000,0.0009,0.0111,0.0000,200,0.0113
0.0186,0.0009,0.0000,0.0043,0.0134,0.0000,200,0.0072
0.0052,0.0000,0.0000,0.0000,0.0051,0.0000,200,0.0207
0.0047,0.0000,0.0000,0.0000,0.0046,0.0000,200,0.0212
0.0053,0.0000,0.0000,0.0000,0.0053,0.0000,200,0.0206
0.0094,0.0000,0.0000,0.0000,0.0094,0.0000,200,0.0166
0.0201,0.0059,0.0000,0.0010,0.0132,0.0000,200,0.0060
0.0184,0.0041,0.0000,0.0025,0.0117,0.0000,200,0.0077
0.0160,0.0005,0.0000,0.0007,0.0147,0.0000,200,0.0106
0.0088,0.0000,0.0000,0.0000,0.0088,0.0000,200,0.0204
0.0267,0.0126,0.0000,0.0000,0.0141,0.0000,200,0.0027
0.0150,0.0000,0.0000,0.0001,0.0148,0.0000,200,0.0148
0.0237,0.0052,0.0000,0.0008,0.0178,0.0000,200,0.0061
0.0097,0.0000,0.0000,0.0000,0.0097,0.0000,200,0.0203
0.0233,0.0013,0.0000,0.0043,0.0176,0.0000,200,0.0068
0.0115,0.0000,0.0000,0.0000,0.0114,0.0000,200,0.0188
0.0239,0.0037,0.0000,0.0021,0.0181,0.0000,200,0.0067
0.0076,0.0000,0.0000,0.0000,0.0075,0.0000,200,0.0231
0.0086,0.0000,0.0000,0.0000,0.0086,0.0000,200,0.0222
0.0124,0.0000,0.0000,0.0000,0.0123,0.0001,200,0.0185
0.0049,0.0000,0.0000,0.0000,0.0049,0.0000,200,0.0261
0.0159,0.0000,0.0000,0.0000,0.0159,0.0000,200,0.0151
0.0194,0.0015,0.0000,0.0012,0.0168,0.0000,200,0.0116
0.0272,0.0000,0.0000,0.0001,0.0158,0.0000,200,0.0039
0.0168,0.0000,0.0000,0.0000,0.0156,0.0003,200,0.0145
0.0257,0.0037,0.0000,0.0026,0.0194,0.0000,200,0.0079
0.0279,0.0058,0.0000,0.0010,0.0211,0.0000,200,0.0060
0.0041,0.0000,0.0000,0.0000,0.0040,0.0000,200,0.0300
0.0276,0.0045,0.0000,0.0016,0.0214,0.0000,200,0.0066
0.0290,0.0006,0.0000,0.0043,0.0240,0.0000,200,0.0073
0.0106,0.0000,0.0000,0.0000,0.0106,0.0000,200,0.0259
0.0271,0.0015,0.0000,0.0007,0.0248,0.0000,200,0.0096
0.0311,0.0060,0.0000,0.0010,0.0241,0.0000,200,0.0059
0.0253,0.0012,0.0000,0.0010,0.0230,0.0000,200,0.0118
0.0078,0.0000,0.0000,0.0000,0.0077,0.0000,200,0.0295
0.0065,0.0000,0.0000,0.0000,0.0065,0.0000,200,0.0308
0.0307,0.0012,0.0000,0.0043,0.0252,0.0000,200,0.0069
0.0122,0.0000,0.0000,0.0000,0.0122,0.0000,200,0.0255
0.0067,0.0000,0.0000,0.0000,0.0066,0.0000,200,0.0311
0.0129,0.0000,0.0000,0.0000,0.0128,0.0000,200,0.0260
0.0113,0.0000,0.0000,0.0000,0.0112,0.0000,200,0.0301
0.0157,0.0000,0.0000,0.0000,0.0157,0.0000,200,0.0258
0.0081,0.0000,0.0000,0.0000,0.0080,0.0000,200,0.0337
0.0120,0.0000,0.0000,0.0000,0.0120,0.0000,200,0.0298
0.0165,0.0000,0.0000,0.0000,0.0164,0.0000,200,0.0257
0.0165,0.0000,0.0000,0.0000,0.0164,0.0000,200,0.0257
0.0381,0.0077,0.0000,0.0010,0.0293,0.0000,200,0.0042
0.0313,0.0024,0.0000,0.0008,0.0281,0.0000,200,0.0113
0.0049,0.0000,0.0000,0.0000,0.0049,0.0000,200,0.0378
0.0169,0.0000,0.0000,0.0000,0.0168,0.0000,200,0.0259
0.0390,0.0019,0.0000,0.0049,0.0319,0.0000,200,0.0039
0.0065,0.0000,0.0000,0.0000,0.0065,0.0000,200,0.0366
0.0312,0.0000,0.0000,0.0000,0.0279,0.0000,200,0.0121
0.0376,0.0061,0.0000,0.0010,0.0305,0.0000,200,0.0058
0.0054,0.0000,0.0000,0.0000,0.0054,0.0000,200,0.0389
0.0080,0.0000,0.0000,0.0000,0.0079,0.0000,200,0.0371
0.0338,0.0022,0.0000,0.0008,0.0307,0.0001,200,0.0115
0.0117,0.0000,0.0000,0.0000,0.0117,0.0000,200,0.0341
0.0404,0.0038,0.0000,0.0021,0.0344,0.0000,200,0.0066
0.0109,0.0000,0.0000,0.0000,0.0108,0.0000,200,0.0371
0.0328,0.0000,0.0000,0.0000,0.0328,0.0000,200,0.0151
0.0176,0.0000,0.0000,0.0000,0.0175,0.0000,200,0.0310
0.0306,0.0000,0.0000,0.0000,0.0304,0.0001,200,0.0187
0.0239,0.0000,0.0000,0.0000,0.0239,0.0000,200,0.0260
0.0204,0.0000,0.0000,0.0000,0.0196,0.0008,200,0.0306
0.0200,0.0000,0.0000,0.0000,0.0199,0.0000,200,0.0310
0.0252,0.0000,0.0000,0.0000,0.0251,0.0001,200,0.0265
0.0146,0.0000,0.0000,0.0000,0.0143,0.0003,200,0.0377
0.0221,0.0000,0.0000,0.0000,0.0217,0.0004,200,0.0308
0.0162,0.0000,0.0000,0.0000,0.0162,0.0000,200,0.0367
0.0443,0.0021,0.0000,0.0007,0.0414,0.0000,200,0.0091
0.0231,0.0000,0.0000,0.0000,0.0227,0.0002,200,0.0312
0.0439,0.0028,0.0000,0.0009,0.0401,0.0000,200,0.0110
0.0139,0.0000,0.0000,0.0000,0.0138,0.0000,200,0.0422
0.0303,0.0000,0.0000,0.0000,0.0303,0.0000,200,0.0258
0.0165,0.0000,0.0000,0.0000,0.0164,0.0000,200,0.0414
0.0152,0.0000,0.0000,0.0000,0.0151,0.0000,200,0.0427
0.0206,0.0000,0.0000,0.0000,0.0205,0.0001,200,0.0373
0.0213,0.0000,0.0000,0.0000,0.0212,0.0000,200,0.0372
0.0212,0.0000,0.0000,0.0000,0.0211,0.0001,200,0.0378
0.0293,0.0000,0.0000,0.0001,0.0292,0.0000,200,0.0303
0.0171,0.0000,0.0000,0.0000,0.0170,0.0000,200,0.0426
0.0148,0.0000,0.0000,0.0002,0.0137,0.0000,200,0.0453
0.0118,0.0000,0.0000,0.0000,0.0117,0.0000,200,0.0485
0.0570,0.0000,0.0000,0.0000,0.0481,0.0000,200,0.0037
0.0191,0.0000,0.0000,0.0000,0.0190,0.0000,200,0.0419
0.0497,0.0017,0.0000,0.0013,0.0467,0.0000,200,0.0115
0.0101,0.0000,0.0000,0.0000,0.0101,0.0000,200,0.0518
0.0100,0.0000,0.0000,0.0000,0.0099,0.0001,200,0.0523
0.0099,0.0000,0.0000,0.0000,0.0098,0.0000,200,0.0529
0.0049,0.0000,0.0000,0.0000,0.0048,0.0001,200,0.0585
0.0220,0.0000,0.0000,0.0000,0.0219,0.0000,200,0.0417
0.0208,0.0000,0.0000,0.0000,0.0207,0.0001,200,0.0433
0.0284,0.0000,0.0000,0.0000,0.0282,0.0002,200,0.0363
0.0232,0.0000,0.0000,0.0000,0.0227,0.0004,200,0.0421
0.0092,0.0000,0.0000,0.0007,0.0085,0.0000,200,0.0561
0.0169,0.0000,0.0000,0.0000,0.0168,0.0000,200,0.0492
0.0236,0.0000,0.0000,0.0001,0.0227,0.0001,200,0.0435
0.0137,0.0000,0.0000,0.0000,0.0135,0.0000,200,0.0534
0.0385,0.0000,0.0000,0.0000,0.0385,0.0000,200,0.0298
0.0083,0.0000,0.0000,0.0000,0.0082,0.0000,200,0.0600
0.0209,0.0000,0.0000,0.0000,0.0208,0.0001,200,0.0479
0.0080,0.0000,0.0000,0.0001,0.0079,0.0000,200,0.0610
0.0108,0.0000,0.0000,0.0000,0.0108,0.0000,200,0.0595
0.0124,0.0000,0.0000,0.0000,0.0124,0.0000,200,0.0579
0.0297,0.0000,0.0000,0.0000,0.0296,0.0000,200,0.0416
0.0684,0.0000,0.0000,0.0000,0.0590,0.0000,200,0.0029
0.0116,0.0000,0.0000,0.0000,0.0115,0.0000,200,0.0604
0.0573,0.0002,0.0000,0.0001,0.0569,0.0002,200,0.0146
0.0037,0.0000,0.0000,0.0000,0.0036,0.0000,200,0.0690
0.0314,0.0000,0.0000,0.0000,0.0313,0.0000,200,0.0423
0.0107,0.0000,0.0000,0.0000,0.0106,0.0000,200,0.0637
0.0141,0.0000,0.0000,0.0000,0.0139,0.0002,200,0.0612
0.0106,0.0000,0.0000,0.0000,0.0103,0.0002,200,0.0653
0.0434,0.0000,0.0000,0.0000,0.0433,0.0001,200,0.0339
0.0195,0.0000,0.0000,0.0000,0.0194,0.0000,200,0.0579
0.0316,0.0000,0.0000,0.0000,0.0316,0.0000,200,0.0458
0.0346,0.0000,0.0000,0.0000,0.0346,0.0000,200,0.0429
0.0113,0.0000,0.0000,0.0000,0.0112,0.0000,200,0.0671
0.0168,0.0000,0.0000,0.0000,0.0167,0.0001,200,0.0619
0.0363,0.0000,0.0000,0.0000,0.0362,0.0000,200,0.0428
0.0301,0.0000,0.0000,0.0000,0.0301,0.0000,200,0.0500
0.0343,0.0000,0.0000,0.0000,0.0329,0.0013,200,0.0479
0.0086,0.0000,0.0000,0.0000,0.0085,0.0000,200,0.0737
0.0208,0.0000,0.0000,0.0000,0.0207,0.0000,200,0.0635
0.0550,0.0000,0.0000,0.0000,0.0549,0.0000,200,0.0293
0.0282,0.0000,0.0000,0.0000,0.0282,0.0000,200,0.0561
0.0183,0.0000,0.0000,0.0000,0.0182,0.0000,200,0.0661
0.0125,0.0000,0.0000,0.0000,0.0125,0.0000,200,0.0719
0.0504,0.0000,0.0000,0.0000,0.0504,0.0000,200,0.0340
0.0238,0.0000,0.0000,0.0000,0.0237,0.0000,200,0.0608
0.0248,0.0000,0.0000,0.0001,0.0246,0.0000,200,0.0598
0.0134,0.0000,0.0000,0.0000,0.0133,0.0000,200,0.0713
0.0194,0.0000,0.0000,0.0000,0.0185,0.0000,200,0.0653
0.0224,0.0000,0.0000,0.0000,0.0224,0.0000,200,0.0623
0.0809,0.0000,0.0000,0.0000,0.0704,0.0000,200,0.0039
0.0401,0.0000,0.0000,0.0001,0.0399,0.0001,200,0.0451
0.0149,0.0000,0.0000,0.0000,0.0148,0.0000,200,0.0703
0.0264,0.0000,0.0000,0.0000,0.0263,0.0001,200,0.0591
0.0555,0.0000,0.0000,0.0000,0.0554,0.0000,200,0.0311
0.0116,0.0000,0.0000,0.0000,0.0115,0.0000,200,0.0759
0.0368,0.0000,0.0000,0.0000,0.0368,0.0000,200,0.0510
0.0441,0.0000,0.0000,0.0000,0.0439,0.0001,200,0.0443
0.0206,0.0000,0.0000,0.0000,0.0205,0.0001,200,0.0684
0.0205,0.0000,0.0000,0.0000,0.0204,0.0000,200,0.0688
0.0269,0.0000,0.0000,0.0000,0.0268,0.0000,200,0.0628
0.0256,0.0000,0.0000,0.0001,0.0254,0.0001,200,0.0647
0.0224,0.0000,0.0000,0.0000,0.0223,0.0000,200,0.0683
0.0402,0.0000,0.0000,0.0000,0.0401,0.0000,200,0.0510
0.0372,0.0000,0.0000,0.0000,0.0372,0.0000,200,0.0544
0.0123,0.0000,0.0000,0.0000,0.0121,0.0001,200,0.0801
0.0207,0.0000,0.0000,0.0000,0.0206,0.0000,200,0.0719
0.0091,0.0000,0.0000,0.0000,0.0090,0.0001,200,0.0843
0.0147,0.0000,0.0000,0.0001,0.0144,0.0000,200,0.0790
0.0052,0.0000,0.0000,0.0000,0.0048,0.0000,200,0.0893
0.0163,0.0000,0.0000,0.0003,0.0158,0.0001,200,0.0787
0.0284,0.0000,0.0000,0.0000,0.0283,0.0000,200,0.0670
0.0040,0.0000,0.0000,0.0000,0.0039,0.0000,200,0.0924
0.0111,0.0000,0.0000,0.0000,0.0111,0.0000,200,0.0852
0.0242,0.0000,0.0000,0.0001,0.0236,0.0005,200,0.0727
0.0160,0.0000,0.0000,0.0000,0.0157,0.0002,200,0.0823
0.0078,0.0000,0.0000,0.0000,0.0077,0.0001,200,0.0912
0.0229,0.0000,0.0000,0.0000,0.0229,0.0000,200,0.0775
0.0456,0.0000,0.0000,0.0000,0.0454,0.0001,200,0.0549
0.0089,0.0000,0.0000,0.0000,0.0088,0.0000,200,0.0916
0.0184,0.0000,0.0000,0.0000,0.0183,0.0000,200,0.0823
0.0700,0.0000,0.0000,0.0000,0.0699,0.0000,200,0.0307
0.0159,0.0000,0.0000,0.0000,0.0157,0.0001,200,0.0855
0.0303,0.0000,0.0000,0.0000,0.0302,0.0001,200,0.0713
0.0178,0.0000,0.0000,0.0000,0.0177,0.0000,200,0.0842
0.0177,0.0000,0.0000,0.0000,0.0176,0.0000,200,0.0847
0.0178,0.0000,0.0000,0.0000,0.0177,0.0000,200,0.0852
0.0603,0.0000,0.0000,0.0000,0.0602,0.0001,200,0.0431
0.0193,0.0000,0.0000,0.0000,0.0192,0.0000,200,0.0846
0.0200,0.0000,0.0000,0.0000,0.0199,0.0001,200,0.0845
0.0575,0.0000,0.0000,0.0000,0.0572,0.0003,200,0.0470
0.0097,0.0000,0.0000,0.0000,0.0096,0.0000,200,0.0954
0.0303,0.0000,0.0000,0.0000,0.0302,0.0001,200,0.0753
0.0133,0.0000,0.0000,0.0000,0.0127,0.0006,200,0.0937
0.0129,0.0000,0.0000,0.0000,0.0129,0.0000,200,0.0945
0.0199,0.0000,0.0000,0.0000,0.0199,0.0000,200,0.0875
0.0234,0.0000,0.0000,0.0000,0.0231,0.0003,200,0.0844
0.0236,0.0000,0.0000,0.0000,0.0235,0.0001,200,0.0847
0.0446,0.0000,0.0000,0.0000,0.0444,0.0001,200,0.0641
0.0204,0.0000,0.0000,0.0000,0.0202,0.0001,200,0.0890
0.0520,0.0000,0.0000,0.0003,0.0517,0.0000,200,0.0579
0.0099,0.0000,0.0000,0.0000,0.0098,0.0001,200,0.1007
0.0337,0.0000,0.0000,0.0000,0.0336,0.0000,200,0.0773
0.0163,0.0000,0.0000,0.0000,0.0162,0.0000,200,0.0949
0.0268,0.0000,0.0000,0.0000,0.0268,0.0000,200,0.0847
0.0277,0.0000,0.0000,0.0000,0.0277,0.0000,200,0.0844
0.0075,0.0000,0.0000,0.0000,0.0074,0.0000,200,0.1051
0.0254,0.0000,0.0000,0.0000,0.0253,0.0000,200,0.0879
0.0098,0.0000,0.0000,0.0000,0.0098,0.0000,200,0.1039
0.0032,0.0000,0.0000,0.0000,0.0031,0.0001,200,0.1115
0.0206,0.0000,0.0000,0.0000,0.0203,0.0000,200,0.0968
0.0277,0.0000,0.0000,0.0000,0.0277,0.0000,200,0.0897
0.0330,0.0000,0.0000,0.0000,0.0330,0.0000,200,0.0844
0.0101,0.0000,0.0000,0.0000,0.0100,0.0000,200,0.1074
0.0119,0.0000,0.0000,0.0001,0.0118,0.0000,200,0.1057
0.0066,0.0000,0.0000,0.0000,0.0064,0.0002,200,0.1109
0.0269,0.0000,0.0000,0.0000,0.0268,0.0001,200,0.0907
0.0344,0.0000,0.0000,0.0000,0.0343,0.0000,200,0.0844
0.0104,0.0000,0.0000,0.0000,0.0103,0.0000,200,0.1084
0.0465,0.0000,0.0000,0.0000,0.0462,0.0002,200,0.0745
0.0196,0.0000,0.0000,0.0000,0.0195,0.0000,200,0.1014
0.0074,0.0000,0.0000,0.0001,0.0072,0.0000,200,0.1137
0.0063,0.0000,0.0000,0.0000,0.0063,0.0000,200,0.1148
0.0109,0.0000,0.0000,0.0000,0.0108,0.0000,200,0.1107
0.0104,0.0000,0.0000,0.0000,0.0103,0.0000,200,0.1113
0.0032,0.0000,0.0000,0.0002,0.0029,0.0000,200,0.1187
0.0242,0.0000,0.0000,0.0006,0.0233,0.0001,200,0.0982
0.0051,0.0000,0.0000,0.0002,0.0049,0.0000,200,0.1175
0.0364,0.0000,0.0000,0.0000,0.0363,0.0000,200,0.0865
0.0057,0.0000,0.0000,0.0000,0.0056,0.0000,200,0.1175
0.0705,0.0000,0.0000,0.0000,0.0705,0.0000,200,0.0530
0.0247,0.0000,0.0000,0.0001,0.0246,0.0000,200,0.0990
0.0339,0.0000,0.0000,0.0000,0.0338,0.0001,200,0.0903
0.0122,0.0000,0.0000,0.0000,0.0122,0.0000,200,0.1126
0.0205,0.0000,0.0000,0.0000,0.0205,0.0000,200,0.1046
0.0187,0.0000,0.0000,0.0000,0.0186,0.0000,200,0.1070
0.0025,0.0000,0.0000,0.0000,0.0024,0.0000,200,0.1232
0.0140,0.0000,0.0000,0.0000,0.0140,0.0000,200,0.1121
0.0087,0.0000,0.0000,0.0000,0.0086,0.0000,200,0.1176
0.0382,0.0000,0.0000,0.0000,0.0381,0.0001,200,0.0884
0.0055,0.0000,0.0000,0.0001,0.0053,0.0001,200,0.1216
0.0498,0.0000,0.0000,0.0000,0.0493,0.0000,200,0.0776
0.0576,0.0000,0.0000,0.0000,0.0575,0.0000,200,0.0703
0.0253,0.0000,0.0000,0.0000,0.0253,0.0000,200,0.1030
0.0113,0.0000,0.0000,0.0000,0.0112,0.0001,200,0.1174
0.0220,0.0000,0.0000,0.0000,0.0217,0.0000,200,0.1075
0.0091,0.0000,0.0000,0.0000,0.0090,0.0001,200,0.1209
0.0375,0.0000,0.0000,0.0000,0.0375,0.0000,200,0.0937
0.0279,0.0000,0.0000,0.0000,0.0278,0.0000,200,0.1034
0.0066,0.0000,0.0000,0.0000,0.0066,0.0000,200,0.1249
0.0086,0.0000,0.0000,0.0000,0.0085,0.0001,200,0.1230
0.0539,0.0000,0.0000,0.0000,0.0538,0.0001,200,0.0783
0.0318,0.0000,0.0000,0.0000,0.0316,0.0001,200,0.1005
0.0118,0.0000,0.0000,0.0000,0.0117,0.0001,200,0.1210
0.0146,0.0000,0.0000,0.0000,0.0144,0.0001,200,0.1187
0.0375,0.0000,0.0000,0.0000,0.0374,0.0001,200,0.0964
0.0123,0.0000,0.0000,0.0000,0.0122,0.0000,200,0.1219
0.0169,0.0000,0.0000,0.0000,0.0169,0.0000,200,0.1174
0.0176,0.0000,0.0000,0.0000,0.0175,0.0000,200,0.1174
0.0579,0.0000,0.0000,0.0000,0.0578,0.0000,200,0.0774
0.0132,0.0000,0.0000,0.0000,0.0130,0.0002,200,0.1226
0.0041,0.0000,0.0000,0.0000,0.0040,0.0000,200,0.1322
0.0323,0.0000,0.0000,0.0000,0.0322,0.0000,200,0.1045
0.0104,0.0000,0.0000,0.0001,0.0102,0.0001,200,0.1271
0.0144,0.0000,0.0000,0.0000,0.0143,0.0001,200,0.1235
0.0375,0.0000,0.0000,0.0000,0.0374,0.0000,200,0.1007
0.0381,0.0000,0.0000,0.0002,0.0378,0.0001,200,0.1005
0.0077,0.0000,0.0000,0.0000,0.0077,0.0000,200,0.1313
0.0134,0.0000,0.0000,0.0000,0.0132,0.0001,200,0.1263
0.0552,0.0000,0.0000,0.0000,0.0551,0.0000,200,0.0847
0.0061,0.0000,0.0000,0.0000,0.0061,0.0000,200,0.1343
0.0186,0.0000,0.0000,0.0000,0.0186,0.0000,200,0.1225
0.0329,0.0000,0.0000,0.0000,0.0328,0.0001,200,0.1086
0.0399,0.0000,0.0000,0.0000,0.0399,0.0000,200,0.1016
0.0291,0.0000,0.0000,0.0000,0.0289,0.0001,200,0.1132
0.0463,0.0000,0.0000,0.0001,0.0457,0.0000,200,0.0964
0.0119,0.0000,0.0000,0.0000,0.0117,0.0002,200,0.1313
0.0174,0.0000,0.0000,0.0000,0.0173,0.0000,200,0.1261
0.0365,0.0000,0.0000,0.0000,0.0363,0.0000,200,0.1078
0.0168,0.0000,0.0000,0.0000,0.0167,0.0000,200,0.1279
0.0185,0.0000,0.0000,0.0000,0.0184,0.0000,200,0.1266
0.0097,0.0000,0.0000,0.0000,0.0096,0.0000,200,0.1358
0.0223,0.0000,0.0000,0.0000,0.0221,0.0001,200,0.1237
0.0538,0.0000,0.0000,0.0000,0.0538,0.0000,200,0.0926
0.0292,0.0000,0.0000,0.0000,0.0290,0.0001,200,0.1175
0.0262,0.0000,0.0000,0.0005,0.0255,0.0002,200,0.1211
0.0159,0.0000,0.0000,0.0000,0.0159,0.0000,200,0.1315
0.0205,0.0000,0.0000,0.0000,0.0205,0.0000,200,0.1288
0.0042,0.0000,0.0000,0.0000,0.0042,0.0000,200,0.1451
0.0282,0.0000,0.0000,0.0007,0.0275,0.0000,200,0.1211
0.0026,0.0000,0.0000,0.0000,0.0025,0.0000,200,0.1468
0.0220,0.0000,0.0000,0.0000,0.0220,0.0000,200,0.1274
0.0210,0.0000,0.0000,0.0000,0.0210,0.0000,200,0.1284
0.0403,0.0000,0.0000,0.0000,0.0403,0.0000,200,0.1099
0.0184,0.0000,0.0000,0.0001,0.0182,0.0000,200,0.1322
0.0253,0.0000,0.0000,0.0000,0.0253,0.0001,200,0.1257
0.0299,0.0000,0.0000,0.0000,0.0298,0.0000,200,0.1216
0.0164,0.0000,0.0000,0.0000,0.0163,0.0000,200,0.1353
0.0122,0.0000,0.0000,0.0000,0.0121,0.0000,200,0.1399
0.0232,0.0000,0.0000,0.0000,0.0224,0.0007,200,0.1301
0.0150,0.0000,0.0000,0.0000,0.0150,0.0000,200,0.1386
0.0154,0.0000,0.0000,0.0000,0.0153,0.0000,200,0.1381
0.0161,0.0000,0.0000,0.0000,0.0159,0.0001,200,0.1379
0.0053,0.0000,0.0000,0.0000,0.0051,0.0002,200,0.1494
0.0457,0.0000,0.0000,0.0000,0.0457,0.0000,200,0.1093
0.0300,0.0000,0.0000,0.0000,0.0299,0.0000,200,0.1257
0.0147,0.0000,0.0000,0.0000,0.0147,0.0000,200,0.1415
0.0134,0.0000,0.0000,0.0000,0.0134,0.0000,200,0.1433
0.0049,0.0000,0.0000,0.0000,0.0048,0.0001,200,0.1522
0.0149,0.0000,0.0000,0.0000,0.0149,0.0000,200,0.1424
0.0151,0.0000,0.0000,0.0000,0.0150,0.0001,200,0.1427
0.0214,0.0000,0.0000,0.0000,0.0214,0.0000,200,0.1368
0.0118,0.0000,0.0000,0.0000,0.0116,0.0001,200,0.1472
0.0246,0.0000,0.0000,0.0000,0.0245,0.0000,200,0.1350
0.0015,0.0000,0.0000,0.0000,0.0014,0.0001,200,0.1590
0.0605,0.0000,0.0000,0.0000,0.0603,0.0001,200,0.1004
0.0123,0.0000,0.0000,0.0000,0.0122,0.0000,200,0.1493
0.0042,0.0000,0.0000,0.0001,0.0040,0.0000,200,0.1582
0.0155,0.0000,0.0000,0.0000,0.0154,0.0000,200,0.1475
0.0192,0.0000,0.0000,0.0000,0.0191,0.0000,200,0.1443
0.0387,0.0000,0.0000,0.0000,0.0386,0.0000,200,0.1251
0.0077,0.0000,0.0000,0.0000,0.0076,0.0000,200,0.1567
0.0184,0.0000,0.0000,0.0000,0.0183,0.0000,200,0.1465
0.0339,0.0000,0.0000,0.0000,0.0338,0.0000,200,0.1315
0.0258,0.0000,0.0000,0.0000,0.0258,0.0000,200,0.1397
0.0164,0.0000,0.0000,0.0000,0.0163,0.0000,200,0.1494
0.0183,0.0000,0.0000,0.0000,0.0182,0.0000,200,0.1493
0.0655,0.0000,0.0000,0.0000,0.0655,0.0000,200,0.1020
0.0348,0.0000,0.0000,0.0000,0.0347,0.0000,200,0.1328
0.0337,0.0000,0.0000,0.0000,0.0337,0.0000,200,0.1339
0.0130,0.0000,0.0000,0.0000,0.0129,0.0000,200,0.1547
0.0244,0.0000,0.0000,0.0001,0.0241,0.0002,200,0.1435
0.0355,0.0000,0.0000,0.0000,0.0353,0.0000,200,0.1333
0.0298,0.0000,0.0000,0.0000,0.0295,0.0000,200,0.1390
0.0137,0.0000,0.0000,0.0000,0.0137,0.0000,200,0.1551
0.0117,0.0000,0.0000,0.0000,0.0117,0.0000,200,0.1571
0.0287,0.0000,0.0000,0.0000,0.0286,0.0001,200,0.1411
0.0168,0.0000,0.0000,0.0000,0.0167,0.0000,200,0.1536
0.0203,0.0000,0.0000,0.0000,0.0201,0.0000,200,0.1506
0.0298,0.0000,0.0000,0.0001,0.0296,0.0001,200,0.1416
0.0353,0.0000,0.0000,0.0000,0.0352,0.0000,200,0.1363
0.0063,0.0000,0.0000,0.0000,0.0062,0.0000,200,0.1658
0.0114,0.0000,0.0000,0.0000,0.0113,0.0000,200,0.1616
0.0279,0.0000,0.0000,0.0000,0.0278,0.0000,200,0.1455
0.0210,0.0000,0.0000,0.0000,0.0204,0.0005,200,0.1536
0.0244,0.0000,0.0000,0.0000,0.0243,0.0000,200,0.1502
0.0342,0.0000,0.0000,0.0000,0.0341,0.0000,200,0.1405
0.0234,0.0000,0.0000,0.0000,0.0232,0.0002,200,0.1517
0.0459,0.0000,0.0000,0.0003,0.0456,0.0000,200,0.1294
0.0112,0.0000,0.0000,0.0000,0.0112,0.0000,200,0.1644
0.0151,0.0000,0.0000,0.0002,0.0148,0.0001,200,0.1609
0.0138,0.0000,0.0000,0.0000,0.0137,0.0000,200,0.1625
0.0117,0.0000,0.0000,0.0000,0.0117,0.0000,200,0.1649
0.0139,0.0000,0.0000,0.0000,0.0138,0.0000,200,0.1629
0.0259,0.0000,0.0000,0.0000,0.0258,0.0000,200,0.1515
0.0141,0.0000,0.0000,0.0000,0.0140,0.0000,200,0.1635
0.0270,0.0000,0.0000,0.0000,0.0269,0.0001,200,0.1510
0.0296,0.0000,0.0000,0.0000,0.0295,0.0000,200,0.1493
0.0028,0.0000,0.0000,0.0000,0.0026,0.0001,200,0.1763
0.0098,0.0000,0.0000,0.0000,0.0097,0.0000,200,0.1699
0.0248,0.0000,0.0000,0.0001,0.0247,0.0000,200,0.1557
0.0210,0.0000,0.0000,0.0000,0.0207,0.0002,200,0.1596
0.0168,0.0000,0.0000,0.0000,0.0168,0.0000,200,0.1638
0.0140,0.0000,0.0000,0.0000,0.0139,0.0000,200,0.1676
0.0793,0.0000,0.0000,0.0000,0.0792,0.0000,200,0.1024
0.0113,0.0000,0.0000,0.0000,0.0112,0.0000,200,0.1704
0.0095,0.0000,0.0000,0.0000,0.0094,0.0000,200,0.1730
0.0172,0.0000,0.0000,0.0000,0.0171,0.0000,200,0.1655
0.0082,0.0000,0.0000,0.0000,0.0081,0.0001,200,0.1753
0.0463,0.0000,0.0000,0.0000,0.0462,0.0001,200,0.1375
0.0167,0.0000,0.0000,0.0000,0.0164,0.0002,200,0.1676
0.0136,0.0000,0.0000,0.0000,0.0136,0.0000,200,0.1713
0.0395,0.0000,0.0000,0.0000,0.0393,0.0002,200,0.1460
0.0613,0.0000,0.0000,0.0000,0.0613,0.0000,200,0.1242
0.0139,0.0000,0.0000,0.0000,0.0136,0.0002,200,0.1721
0.0178,0.0000,0.0000,0.0000,0.0178,0.0000,200,0.1688
0.0050,0.0000,0.0000,0.0000,0.0050,0.0000,200,0.1817
0.0194,0.0000,0.0000,0.0000,0.0193,0.0000,200,0.1676
0.0193,0.0000,0.0000,0.0000,0.0190,0.0003,200,0.1676
0.0137,0.0000,0.0000,0.0000,0.0136,0.0001,200,0.1735
0.0211,0.0000,0.0000,0.0000,0.0209,0.0000,200,0.1676
0.0199,0.0000,0.0000,0.0000,0.0196,0.0003,200,0.1688
0.0088,0.0000,0.0000,0.0000,0.0087,0.0001,200,0.1806
0.0358,0.0000,0.0000,0.0000,0.0356,0.0002,200,0.1540
0.0136,0.0000,0.0000,0.0000,0.0134,0.0000,200,0.1766
0.0413,0.0000,0.0000,0.0000,0.0412,0.0001,200,0.1494
0.0192,0.0000,0.0000,0.0000,0.0191,0.0000,200,0.1717
0.0576,0.0000,0.0000,0.0000,0.0575,0.0000,200,0.1342
0.0150,0.0000,0.0000,0.0000,0.0149,0.0000,200,0.1773
0.0371,0.0000,0.0000,0.0000,0.0366,0.0004,200,0.1563
0.0048,0.0000,0.0000,0.0000,0.0047,0.0001,200,0.1886
0.0077,0.0000,0.0000,0.0000,0.0076,0.0000,200,0.1870
0.0240,0.0000,0.0000,0.0000,0.0237,0.0002,200,0.1709
0.0515,0.0000,0.0000,0.0000,0.0514,0.0000,200,0.1447
0.0060,0.0000,0.0000,0.0000,0.0060,0.0000,200,0.1902
0.0197,0.0000,0.0000,0.0000,0.0197,0.0000,200,0.1768
0.0281,0.0000,0.0000,0.0004,0.0276,0.0000,200,0.1688
0.0184,0.0000,0.0000,0.0000,0.0184,0.0000,200,0.1790
0.0118,0.0000,0.0000,0.0001,0.0112,0.0001,200,0.1860
0.0203,0.0000,0.0000,0.0000,0.0200,0.0000,200,0.1776
0.0225,0.0000,0.0000,0.0000,0.0224,0.0000,200,0.1756
0.0079,0.0000,0.0000,0.0000,0.0077,0.0001,200,0.1909
0.0070,0.0000,0.0000,0.0000,0.0068,0.0001,200,0.1924
0.0251,0.0000,0.0000,0.0000,0.0250,0.0000,200,0.1746
0.0350,0.0000,0.0000,0.0000,0.0348,0.0001,200,0.1655
0.0137,0.0000,0.0000,0.0002,0.0135,0.0000,200,0.1872
0.0252,0.0000,0.0000,0.0000,0.0252,0.0000,200,0.1760
0.0175,0.0000,0.0000,0.0000,0.0174,0.0000,200,0.1843
0.0034,0.0000,0.0000,0.0000,0.0033,0.0000,200,0.1994
0.0169,0.0000,0.0000,0.0000,0.0168,0.0000,200,0.1867
0.0061,0.0000,0.0000,0.0000,0.0060,0.0000,200,0.1975
0.0110,0.0000,0.0000,0.0000,0.0105,0.0004,200,0.1934
0.0158,0.0000,0.0000,0.0000,0.0157,0.0001,200,0.1887
0.0445,0.0000,0.0000,0.0000,0.0444,0.0000,200,0.1605
0.0237,0.0000,0.0000,0.0000,0.0236,0.0000,200,0.1817
0.0314,0.0000,0.0000,0.0001,0.0311,0.0000,200,0.1746
0.0493,0.0000,0.0000,0.0000,0.0492,0.0000,200,0.1573
0.0247,0.0000,0.0000,0.0000,0.0246,0.0001,200,0.1825
0.0179,0.0000,0.0000,0.0000,0.0178,0.0000,200,0.1897
0.0228,0.0000,0.0000,0.0000,0.0227,0.0001,200,0.1855
0.0222,0.0000,0.0000,0.0000,0.0220,0.0002,200,0.1866
0.0297,0.0000,0.0000,0.0000,0.0297,0.0000,200,0.1797
0.0270,0.0000,0.0000,0.0000,0.0269,0.0000,200,0.1827
0.0531,0.0000,0.0000,0.0002,0.0519,0.0007,200,0.1578
0.0265,0.0000,0.0000,0.0000,0.0264,0.0000,200,0.1850
0.0055,0.0000,0.0000,0.0000,0.0055,0.0000,200,0.2060
0.0153,0.0000,0.0000,0.0000,0.0150,0.0000,200,0.1962
0.0315,0.0000,0.0000,0.0000,0.0314,0.0000,200,0.1805
0.0379,0.0000,0.0000,0.0000,0.0377,0.0002,200,0.1746
0.0314,0.0000,0.0000,0.0000,0.0313,0.0000,200,0.1816
0.0277,0.0000,0.0000,0.0000,0.0276,0.0000,200,0.1856
0.0204,0.0000,0.0000,0.0000,0.0202,0.0001,200,0.1933
0.0105,0.0000,0.0000,0.0000,0.0105,0.0000,200,0.2035
0.0100,0.0000,0.0000,0.0000,0.0098,0.0002,200,0.2044
0.0412,0.0000,0.0000,0.0000,0.0411,0.0000,200,0.1751
0.0159,0.0000,0.0000,0.0000,0.0159,0.0000,200,0.2005
0.0035,0.0000,0.0000,0.0000,0.0034,0.0001,200,0.2130
0.0229,0.0000,0.0000,0.0000,0.0228,0.0000,200,0.1962
0.0076,0.0000,0.0000,0.0000,0.0075,0.0000,200,0.2115
0.0210,0.0000,0.0000,0.0000,0.0208,0.0000,200,0.1982
0.0503,0.0000,0.0000,0.0000,0.0503,0.0000,200,0.1688
0.0246,0.0000,0.0000,0.0000,0.0246,0.0000,200,0.1946
0.0227,0.0000,0.0000,0.0000,0.0226,0.0000,200,0.1966
0.0408,0.0000,0.0000,0.0000,0.0408,0.0000,200,0.1791
0.0415,0.0000,0.0000,0.0000,0.0414,0.0000,200,0.1789
0.0072,0.0000,0.0000,0.0001,0.0069,0.0001,200,0.2137
0.0343,0.0000,0.0000,0.0004,0.0339,0.0000,200,0.1870
0.0380,0.0000,0.0000,0.0000,0.0378,0.0001,200,0.1838
0.0417,0.0000,0.0000,0.0000,0.0416,0.0000,200,0.1806
0.0219,0.0000,0.0000,0.0000,0.0217,0.0001,200,0.2009
0.0315,0.0000,0.0000,0.0000,0.0314,0.0000,200,0.1918
0.0259,0.0000,0.0000,0.0000,0.0259,0.0000,200,0.1979
0.0168,0.0000,0.0000,0.0000,0.0168,0.0000,200,0.2076
0.0089,0.0000,0.0000,0.0000,0.0088,0.0001,200,0.2163
0.0156,0.0000,0.0000,0.0000,0.0155,0.0000,200,0.2097
0.0112,0.0000,0.0000,0.0000,0.0111,0.0000,200,0.2141
0.0724,0.0000,0.0000,0.0000,0.0722,0.0002,200,0.1533
0.0311,0.0000,0.0000,0.0000,0.0311,0.0000,200,0.1949
0.0589,0.0000,0.0000,0.0000,0.0588,0.0000,200,0.1679
0.0439,0.0000,0.0000,0.0000,0.0437,0.0000,200,0.1835
0.0211,0.0000,0.0000,0.0000,0.0208,0.0003,200,0.2072
0.0235,0.0000,0.0000,0.0000,0.0233,0.0001,200,0.2050
0.0171,0.0000,0.0000,0.0000,0.0171,0.0000,200,0.2115
0.0396,0.0000,0.0000,0.0001,0.0394,0.0001,200,0.1894
0.0250,0.0000,0.0000,0.0000,0.0249,0.0000,200,0.2045
0.0164,0.0000,0.0000,0.0000,0.0163,0.0000,200,0.2144
0.0118,0.0000,0.0000,0.0000,0.0117,0.0001,200,0.2193
0.0220,0.0000,0.0000,0.0000,0.0219,0.0000,200,0.2094
0.0301,0.0000,0.0000,0.0000,0.0301,0.0000,200,0.2018
0.0289,0.0000,0.0000,0.0000,0.0288,0.0000,200,0.2036
0.0421,0.0000,0.0000,0.0001,0.0419,0.0000,200,0.1907
0.0244,0.0000,0.0000,0.0000,0.0244,0.0000,200,0.2089
0.0100,0.0000,0.0000,0.0000,0.0098,0.0001,200,0.2238
0.0224,0.0000,0.0000,0.0000,0.0223,0.0000,200,0.2126
0.0381,0.0000,0.0000,0.0000,0.0380,0.0000,200,0.1969
0.0375,0.0000,0.0000,0.0000,0.0374,0.0001,200,0.1978
0.0333,0.0000,0.0000,0.0000,0.0332,0.0001,200,0.2027
0.0112,0.0000,0.0000,0.0000,0.0111,0.0000,200,0.2252
0.0055,0.0000,0.0000,0.0001,0.0053,0.0001,200,0.2311
0.0175,0.0000,0.0000,0.0001,0.0174,0.0000,200,0.2192
0.0063,0.0000,0.0000,0.0000,0.0062,0.0001,200,0.2308
0.0323,0.0000,0.0000,0.0000,0.0320,0.0000,200,0.2054
0.0118,0.0000,0.0000,0.0000,0.0118,0.0000,200,0.2260
0.0046,0.0000,0.0000,0.0000,0.0045,0.0000,200,0.2338
0.0171,0.0000,0.0000,0.0000,0.0170,0.0001,200,0.2217
0.0108,0.0000,0.0000,0.0000,0.0107,0.0001,200,0.2283
0.0208,0.0000,0.0000,0.0000,0.0207,0.0001,200,0.2191
0.0079,0.0000,0.0000,0.0000,0.0078,0.0000,200,0.2327
0.0293,0.0000,0.0000,0.0000,0.0292,0.0000,200,0.2120
0.0284,0.0000,0.0000,0.0000,0.0279,0.0000,200,0.2133
0.0151,0.0000,0.0000,0.0000,0.0150,0.0000,200,0.2274
0.0166,0.0000,0.0000,0.0000,0.0165,0.0000,200,0.2268
0.0121,0.0000,0.0000,0.0000,0.0121,0.0000,200,0.2319
0.0335,0.0000,0.0000,0.0000,0.0334,0.0000,200,0.2109
0.0098,0.0000,0.0000,0.0000,0.0097,0.0001,200,0.2350
0.0286,0.0000,0.0000,0.0000,0.0285,0.0000,200,0.2165
0.0101,0.0000,0.0000,0.0000,0.0099,0.0001,200,0.2364
0.0401,0.0000,0.0000,0.0000,0.0399,0.0002,200,0.2066
0.0269,0.0000,0.0000,0.0000,0.0265,0.0003,200,0.2204
0.0249,0.0000,0.0000,0.0000,0.0241,0.0008,200,0.2228
0.0128,0.0000,0.0000,0.0000,0.0124,0.0004,200,0.2353
0.0093,0.0000,0.0000,0.0000,0.0092,0.0000,200,0.2391
0.0117,0.0000,0.0000,0.0000,0.0110,0.0006,200,0.2366
0.0245,0.0000,0.0000,0.0000,0.0238,0.0001,200,0.2257
0.0292,0.0000,0.0000,0.0000,0.0291,0.0000,200,0.2213
0.0255,0.0000,0.0000,0.0000,0.0255,0.0000,200,0.2252
0.0349,0.0000,0.0000,0.0000,0.0349,0.0000,200,0.2164
0.0099,0.0000,0.0000,0.0000,0.0099,0.0000,200,0.2417
0.0087,0.0000,0.0000,0.0000,0.0087,0.0000,200,0.2433
0.0021,0.0000,0.0000,0.0000,0.0020,0.0000,200,0.2505
0.0049,0.0000,0.0000,0.0000,0.0043,0.0001,200,0.2485
0.0201,0.0000,0.0000,0.0000,0.0201,0.0000,200,0.2335
0.0422,0.0000,0.0000,0.0000,0.0422,0.0000,200,0.2116
0.0128,0.0000,0.0000,0.0000,0.0127,0.0000,200,0.2425
0.0080,0.0000,0.0000,0.0006,0.0074,0.0000,200,0.2473
0.0116,0.0000,0.0000,0.0000,0.0116,0.0000,200,0.2443
0.0177,0.0000,0.0000,0.0000,0.0174,0.0002,200,0.2388
0.0314,0.0000,0.0000,0.0000,0.0313,0.0000,200,0.2253
0.0382,0.0000,0.0000,0.0001,0.0380,0.0001,200,0.2191
0.0296,0.0000,0.0000,0.0000,0.0294,0.0000,200,0.2286
0.0269,0.0000,0.0000,0.0000,0.0268,0.0000,200,0.2314
0.0215,0.0000,0.0000,0.0000,0.0214,0.0000,200,0.2368
0.0112,0.0000,0.0000,0.0000,0.0097,0.0000,200,0.2477
0.0271,0.0000,0.0000,0.0000,0.0270,0.0001,200,0.2324
0.0082,0.0000,0.0000,0.0000,0.0081,0.0000,200,0.2521
0.0384,0.0000,0.0000,0.0002,0.0382,0.0000,200,0.2223
0.0260,0.0000,0.0000,0.0000,0.0259,0.0001,200,0.2350
0.0331,0.0000,0.0000,0.0000,0.0330,0.0000,200,0.2285
0.0214,0.0000,0.0000,0.0000,0.0213,0.0001,200,0.2406
0.0100,0.0000,0.0000,0.0000,0.0099,0.0000,200,0.2526
0.0114,0.0000,0.0000,0.0000,0.0113,0.0000,200,0.2516
0.0132,0.0000,0.0000,0.0000,0.0130,0.0000,200,0.2502
0.0197,0.0000,0.0000,0.0000,0.0196,0.0001,200,0.2440
0.0265,0.0000,0.0000,0.0000,0.0264,0.0001,200,0.2378
0.0115,0.0000,0.0000,0.0001,0.0113,0.0000,200,0.2536
0.0638,0.0000,0.0000,0.0000,0.0638,0.0000,200,0.2013
0.0282,0.0000,0.0000,0.0000,0.0281,0.0000,200,0.2376
0.0263,0.0000,0.0000,0.0001,0.0260,0.0002,200,0.2400
0.0377,0.0000,0.0000,0.0000,0.0374,0.0000,200,0.2290
0.0123,0.0000,0.0000,0.0000,0.0120,0.0002,200,0.2553
0.0197,0.0000,0.0000,0.0000,0.0196,0.0001,200,0.2484
0.0117,0.0000,0.0000,0.0000,0.0117,0.0000,200,0.2567
0.0396,0.0000,0.0000,0.0000,0.0394,0.0000,200,0.2295
0.0217,0.0000,0.0000,0.0000,0.0214,0.0001,200,0.2481
0.0235,0.0000,0.0000,0.0001,0.0232,0.0001,200,0.2468
0.0515,0.0000,0.0000,0.0000,0.0514,0.0001,200,0.2191
0.0136,0.0000,0.0000,0.0000,0.0136,0.0000,200,0.2573
0.0180,0.0000,0.0000,0.0001,0.0177,0.0001,200,0.2534
0.0117,0.0000,0.0000,0.0000,0.0115,0.0001,200,0.2607
0.0144,0.0000,0.0000,0.0000,0.0144,0.0000,200,0.2583
0.0735,0.0000,0.0000,0.0000,0.0733,0.0000,200,0.1998
0.0117,0.0000,0.0000,0.0000,0.0116,0.0000,200,0.2626
0.0230,0.0000,0.0000,0.0000,0.0230,0.0000,200,0.2513
0.0114,0.0000,0.0000,0.0000,0.0113,0.0000,200,0.2634
0.0119,0.0000,0.0000,0.0001,0.0117,0.0000,200,0.2630
0.0103,0.0000,0.0000,0.0000,0.0102,0.0000,200,0.2651
0.0572,0.0000,0.0000,0.0000,0.0571,0.0000,200,0.2190
0.0093,0.0000,0.0000,0.0000,0.0092,0.0000,200,0.2676
0.0067,0.0000,0.0000,0.0000,0.0066,0.0000,200,0.2706
0.0315,0.0000,0.0000,0.0000,0.0313,0.0001,200,0.2465
0.0168,0.0000,0.0000,0.0000,0.0168,0.0000,200,0.2616
0.0595,0.0000,0.0000,0.0000,0.0594,0.0000,200,0.2199
0.0136,0.0000,0.0000,0.0000,0.0135,0.0000,200,0.2658
0.0156,0.0000,0.0000,0.0000,0.0155,0.0000,200,0.2638
0.0186,0.0000,0.0000,0.0000,0.0186,0.0000,200,0.2610
0.0040,0.0000,0.0000,0.0000,0.0039,0.0000,200,0.2763
0.0037,0.0000,0.0000,0.0000,0.0036,0.0001,200,0.2774
0.0046,0.0000,0.0000,0.0000,0.0046,0.0000,200,0.2769
0.0080,0.0000,0.0000,0.0000,0.0079,0.0001,200,0.2743
0.0222,0.0000,0.0000,0.0000,0.0222,0.0000,200,0.2603
0.0596,0.0000,0.0000,0.0000,0.0595,0.0001,200,0.2233
0.0139,0.0000,0.0000,0.0000,0.0136,0.0002,200,0.2698
0.0150,0.0000,0.0000,0.0000,0.0149,0.0000,200,0.2691
0.0177,0.0000,0.0000,0.0000,0.0176,0.0000,200,0.2667
0.0340,0.0000,0.0000,0.0000,0.0338,0.0000,200,0.2508
0.0054,0.0000,0.0000,0.0000,0.0054,0.0000,200,0.2803
0.0492,0.0000,0.0000,0.0000,0.0491,0.0000,200,0.2371
0.0285,0.0000,0.0000,0.0000,0.0284,0.0000,200,0.2583
0.0663,0.0000,0.0000,0.0000,0.0662,0.0000,200,0.2209
0.0289,0.0000,0.0000,0.0000,0.0288,0.0000,200,0.2589
0.0133,0.0000,0.0000,0.0000,0.0133,0.0000,200,0.2748
0.0045,0.0000,0.0000,0.0003,0.0042,0.0000,200,0.2841
0.0308,0.0000,0.0000,0.0000,0.0307,0.0000,200,0.2583
0.0101,0.0000,0.0000,0.0000,0.0101,0.0000,200,0.2794
0.0102,0.0000,0.0000,0.0000,0.0102,0.0000,200,0.2797
0.0285,0.0000,0.0000,0.0005,0.0279,0.0000,200,0.2620
0.0181,0.0000,0.0000,0.0000,0.0179,0.0001,200,0.2727
0.0459,0.0000,0.0000,0.0015,0.0431,0.0000,200,0.2451
0.0161,0.0000,0.0000,0.0000,0.0158,0.0001,200,0.2754
0.0278,0.0000,0.0000,0.0000,0.0276,0.0001,200,0.2643
0.0387,0.0000,0.0000,0.0000,0.0386,0.0000,200,0.2538
0.0196,0.0000,0.0000,0.0000,0.0195,0.0000,200,0.2733
0.0691,0.0000,0.0000,0.0000,0.0690,0.0000,200,0.2245
0.0129,0.0000,0.0000,0.0000,0.0127,0.0001,200,0.2811
0.0159,0.0000,0.0000,0.0000,0.0159,0.0000,200,0.2784
0.0968,0.0000,0.0000,0.0000,0.0963,0.0000,200,0.1988
0.0254,0.0000,0.0000,0.0000,0.0248,0.0006,200,0.2702
0.0169,0.0000,0.0000,0.0000,0.0168,0.0000,200,0.2794
0.0151,0.0000,0.0000,0.0000,0.0150,0.0000,200,0.2815
0.0262,0.0000,0.0000,0.0000,0.0262,0.0001,200,0.2709
0.0149,0.0000,0.0000,0.0000,0.0148,0.0000,200,0.2825
0.0316,0.0000,0.0000,0.0000,0.0315,0.0001,200,0.2663
0.0257,0.0000,0.0000,0.0000,0.0257,0.0000,200,0.2724
0.0053,0.0000,0.0000,0.0000,0.0052,0.0000,200,0.2935
0.0117,0.0000,0.0000,0.0000,0.0116,0.0001,200,0.2878
0.0614,0.0000,0.0000,0.0000,0.0614,0.0000,200,0.2384
0.0108,0.0000,0.0000,0.0000,0.0106,0.0001,200,0.2895
0.0143,0.0000,0.0000,0.0000,0.0142,0.0000,200,0.2863
0.0650,0.0000,0.0000,0.0000,0.0648,0.0001,200,0.2360
0.0456,0.0000,0.0000,0.0000,0.0454,0.0001,200,0.2560
0.0016,0.0000,0.0000,0.0000,0.0016,0.0000,200,0.3009
0.0173,0.0000,0.0000,0.0000,0.0172,0.0001,200,0.2857
0.0116,0.0000,0.0000,0.0001,0.0115,0.0000,200,0.2921
0.0022,0.0000,0.0000,0.0000,0.0021,0.0000,200,0.3016
0.0060,0.0000,0.0000,0.0000,0.0059,0.0000,200,0.2981
0.0295,0.0000,0.0000,0.0000,0.0294,0.0000,200,0.2749
0.0200,0.0000,0.0000,0.0000,0.0199,0.0001,200,0.2848
0.0368,0.0000,0.0000,0.0000,0.0367,0.0000,200,0.2684
0.0147,0.0000,0.0000,0.0000,0.0145,0.0001,200,0.2909
0.0491,0.0000,0.0000,0.0000,0.0490,0.0000,200,0.2565
0.0072,0.0000,0.0000,0.0000,0.0071,0.0000,200,0.2988
0.0168,0.0000,0.0000,0.0000,0.0167,0.0001,200,0.2899
0.0114,0.0000,0.0000,0.0000,0.0114,0.0000,200,0.2956
0.0157,0.0000,0.0000,0.0000,0.0156,0.0000,200,0.2925
0.0288,0.0000,0.0000,0.0000,0.0283,0.0004,200,0.2794
0.0077,0.0000,0.0000,0.0000,0.0071,0.0005,200,0.3005
0.0346,0.0000,0.0000,0.0000,0.0345,0.0000,200,0.2743
0.0251,0.0000,0.0000,0.0000,0.0250,0.0000,200,0.2844
0.0051,0.0000,0.0000,0.0000,0.0051,0.0000,200,0.3049
0.0267,0.0000,0.0000,0.0000,0.0267,0.0000,200,0.2837
0.0114,0.0000,0.0000,0.0000,0.0113,0.0001,200,0.2995
0.0432,0.0000,0.0000,0.0000,0.0431,0.0001,200,0.2682
0.0159,0.0000,0.0000,0.0000,0.0144,0.0015,200,0.2974
0.0243,0.0000,0.0000,0.0000,0.0242,0.0000,200,0.2890
0.0189,0.0000,0.0000,0.0000,0.0189,0.0000,200,0.2944
0.0266,0.0000,0.0000,0.0000,0.0265,0.0000,200,0.2867
0.0538,0.0000,0.0000,0.0000,0.0538,0.0000,200,0.2596
0.0424,0.0000,0.0000,0.0000,0.0422,0.0002,200,0.2714
0.0165,0.0000,0.0000,0.0000,0.0164,0.0000,200,0.2979
0.0144,0.0000,0.0000,0.0000,0.0143,0.0000,200,0.3003
0.0071,0.0000,0.0000,0.0000,0.0070,0.0000,200,0.3082
0.0101,0.0000,0.0000,0.0000,0.0099,0.0001,200,0.3056
0.0112,0.0000,0.0000,0.0002,0.0108,0.0001,200,0.3052
0.0753,0.0000,0.0000,0.0000,0.0752,0.0001,200,0.2413
0.1089,0.0000,0.0000,0.0000,0.1088,0.0001,200,0.2083
0.0045,0.0000,0.0000,0.0000,0.0045,0.0000,200,0.3133
0.0362,0.0000,0.0000,0.0000,0.0360,0.0000,200,0.2823
0.0119,0.0000,0.0000,0.0000,0.0118,0.0000,200,0.3071
0.0134,0.0000,0.0000,0.0000,0.0133,0.0000,200,0.3060
0.0161,0.0000,0.0000,0.0000,0.0160,0.0001,200,0.3041
0.0184,0.0000,0.0000,0.0000,0.0183,0.0000,200,0.3026
0.0114,0.0000,0.0000,0.0000,0.0113,0.0001,200,0.3100
0.0029,0.0000,0.0000,0.0000,0.0027,0.0002,200,0.3194
0.0157,0.0000,0.0000,0.0000,0.0156,0.0000,200,0.3067
0.0361,0.0000,0.0000,0.0000,0.0360,0.0000,200,0.2872
0.0129,0.0000,0.0000,0.0000,0.0128,0.0000,200,0.3105
0.0456,0.0000,0.0000,0.0000,0.0456,0.0001,200,0.2779
0.0311,0.0000,0.0000,0.0000,0.0310,0.0000,200,0.2929
0.0112,0.0000,0.0000,0.0000,0.0111,0.0000,200,0.3134
0.0103,0.0000,0.0000,0.0000,0.0103,0.0000,200,0.3144
0.0096,0.0000,0.0000,0.0000,0.0095,0.0000,200,0.3157
0.0126,0.0000,0.0000,0.0000,0.0124,0.0002,200,0.3133
0.0305,0.0000,0.0000,0.0000,0.0303,0.0002,200,0.2957
0.0131,0.0000,0.0000,0.0000,0.0130,0.0000,200,0.3133
0.0110,0.0000,0.0000,0.0000,0.0109,0.0000,200,0.3163
0.0721,0.0000,0.0000,0.0000,0.0719,0.0001,200,0.2553
0.0374,0.0000,0.0000,0.0000,0.0372,0.0002,200,0.2905
0.0402,0.0000,0.0000,0.0000,0.0399,0.0003,200,0.2882
0.0061,0.0000,0.0000,0.0000,0.0061,0.0000,200,0.3224
0.0466,0.0000,0.0000,0.0000,0.0462,0.0004,200,0.2829
0.0847,0.0000,0.0000,0.0000,0.0847,0.0000,200,0.2448
0.0218,0.0000,0.0000,0.0000,0.0216,0.0001,200,0.3083
0.0160,0.0000,0.0000,0.0000,0.0159,0.0000,200,0.3147
0.0256,0.0000,0.0000,0.0000,0.0256,0.0000,200,0.3056
0.0276,0.0000,0.0000,0.0000,0.0274,0.0001,200,0.3044
0.0351,0.0000,0.0000,0.0000,0.0349,0.0000,200,0.2972
0.0413,0.0000,0.0000,0.0000,0.0412,0.0001,200,0.2915
0.0295,0.0000,0.0000,0.0000,0.0295,0.0000,200,0.3038
0.0044,0.0000,0.0000,0.0000,0.0043,0.0001,200,0.3295
0.0042,0.0000,0.0000,0.0001,0.0040,0.0001,200,0.3301
0.0100,0.0000,0.0000,0.0000,0.0097,0.0002,200,0.3253
0.0356,0.0000,0.0000,0.0000,0.0355,0.0000,200,0.2998
0.0420,0.0000,0.0000,0.0000,0.0419,0.0000,200,0.2939
0.0141,0.0000,0.0000,0.0000,0.0139,0.0002,200,0.3224
0.0132,0.0000,0.0000,0.0000,0.0130,0.0000,200,0.3236
0.0406,0.0000,0.0000,0.0000,0.0405,0.0000,200,0.2966
0.0167,0.0000,0.0000,0.0001,0.0162,0.0001,200,0.3210
0.0193,0.0000,0.0000,0.0001,0.0191,0.0000,200,0.3189
0.0248,0.0000,0.0000,0.0000,0.0247,0.0000,200,0.3138
0.0303,0.0000,0.0000,0.0000,0.0302,0.0001,200,0.3089
0.0093,0.0000,0.0000,0.0000,0.0092,0.0001,200,0.3306
0.0309,0.0000,0.0000,0.0000,0.0309,0.0000,200,0.3095
0.0096,0.0000,0.0000,0.0000,0.0095,0.0000,200,0.3312
0.0763,0.0000,0.0000,0.0000,0.0762,0.0000,200,0.2651
0.0248,0.0000,0.0000,0.0000,0.0247,0.0001,200,0.3172
0.0518,0.0000,0.0000,0.0000,0.0515,0.0001,200,0.2908
0.0545,0.0000,0.0000,0.0000,0.0545,0.0000,200,0.2886
0.0204,0.0000,0.0000,0.0000,0.0204,0.0000,200,0.3233
0.0083,0.0000,0.0000,0.0000,0.0082,0.0000,200,0.3360
0.0169,0.0000,0.0000,0.0000,0.0161,0.0000,200,0.3278
0.0157,0.0000,0.0000,0.0000,0.0157,0.0000,200,0.3295
0.0279,0.0000,0.0000,0.0000,0.0278,0.0000,200,0.3178
0.0331,0.0000,0.0000,0.0000,0.0330,0.0000,200,0.3133
0.0143,0.0000,0.0000,0.0000,0.0142,0.0000,200,0.3327
0.0238,0.0000,0.0000,0.0000,0.0237,0.0000,200,0.3240
0.0222,0.0000,0.0000,0.0001,0.0220,0.0001,200,0.3260
0.0104,0.0000,0.0000,0.0000,0.0104,0.0000,200,0.3386
0.0223,0.0000,0.0000,0.0000,0.0221,0.0001,200,0.3273
0.0100,0.0000,0.0000,0.0000,0.0098,0.0000,200,0.3400
0.0476,0.0000,0.0000,0.0000,0.0472,0.0001,200,0.3032
0.0295,0.0000,0.0000,0.0000,0.0294,0.0000,200,0.3214
0.0472,0.0000,0.0000,0.0000,0.0472,0.0000,200,0.3037
0.0106,0.0000,0.0000,0.0000,0.0105,0.0001,200,0.3408
0.0403,0.0000,0.0000,0.0000,0.0402,0.0000,200,0.3114
0.0144,0.0000,0.0000,0.0000,0.0143,0.0001,200,0.3377
0.0563,0.0000,0.0000,0.0000,0.0562,0.0000,200,0.2963
0.0266,0.0000,0.0000,0.0000,0.0266,0.0000,200,0.3264
0.0370,0.0000,0.0000,0.0000,0.0369,0.0001,200,0.3166
0.0090,0.0000,0.0000,0.0000,0.0089,0.0000,200,0.3447
0.0337,0.0000,0.0000,0.0000,0.0336,0.0000,200,0.3202
0.0282,0.0000,0.0000,0.0000,0.0277,0.0003,200,0.3262
0.0180,0.0000,0.0000,0.0001,0.0178,0.0000,200,0.3365
0.0277,0.0000,0.0000,0.0000,0.0276,0.0000,200,0.3273
0.0162,0.0000,0.0000,0.0000,0.0161,0.0000,200,0.3393
0.0108,0.0000,0.0000,0.0000,0.0108,0.0000,200,0.3452
0.0455,0.0000,0.0000,0.0000,0.0454,0.0000,200,0.3109
0.0063,0.0000,0.0000,0.0000,0.0062,0.0000,200,0.3509
0.0398,0.0000,0.0000,0.0001,0.0396,0.0000,200,0.3185
0.0048,0.0000,0.0000,0.0000,0.0047,0.0000,200,0.3536
0.0109,0.0000,0.0000,0.0000,0.0107,0.0000,200,0.3482
0.0241,0.0000,0.0000,0.0000,0.0240,0.0000,200,0.3354
0.0247,0.0000,0.0000,0.0000,0.0246,0.0000,200,0.3353
0.0176,0.0000,0.0000,0.0000,0.0175,0.0000,200,0.3431
0.0365,0.0000,0.0000,0.0000,0.0364,0.0000,200,0.3247
0.0205,0.0000,0.0000,0.0000,0.0204,0.0000,200,0.3414
0.0340,0.0000,0.0000,0.0000,0.0338,0.0001,200,0.3284
0.0206,0.0000,0.0000,0.0001,0.0204,0.0000,200,0.3420
0.0104,0.0000,0.0000,0.0000,0.0104,0.0000,200,0.3530
0.0299,0.0000,0.0000,0.0000,0.0298,0.0000,200,0.3339
0.0091,0.0000,0.0000,0.0000,0.0091,0.0000,200,0.3555
0.0053,0.0000,0.0000,0.0000,0.0052,0.0000,200,0.3600
0.0039,0.0000,0.0000,0.0000,0.0039,0.0000,200,0.3618
0.0118,0.0000,0.0000,0.0000,0.0117,0.0000,200,0.3544
0.0130,0.0000,0.0000,0.0000,0.0129,0.0000,200,0.3538
0.0183,0.0000,0.0000,0.0000,0.0181,0.0000,200,0.3500
0.0187,0.0000,0.0000,0.0000,0.0187,0.0000,200,0.3496
0.0227,0.0000,0.0000,0.0000,0.0226,0.0000,200,0.3457
0.0050,0.0000,0.0000,0.0000,0.0049,0.0000,200,0.3634
0.0167,0.0000,0.0000,0.0000,0.0167,0.0000,200,0.3517
0.0608,0.0000,0.0000,0.0000,0.0607,0.0001,200,0.3082
0.0205,0.0000,0.0000,0.0000,0.0204,0.0000,200,0.3491
0.0165,0.0000,0.0000,0.0000,0.0165,0.0000,200,0.3539
0.0371,0.0000,0.0000,0.0000,0.0370,0.0001,200,0.3343
0.0277,0.0000,0.0000,0.0000,0.0275,0.0002,200,0.3438
0.0315,0.0000,0.0000,0.0000,0.0314,0.0000,200,0.3404
0.0197,0.0000,0.0000,0.0000,0.0196,0.0000,200,0.3525
0.0045,0.0000,0.0000,0.0000,0.0044,0.0001,200,0.3683
0.0498,0.0000,0.0000,0.0000,0.0497,0.0001,200,0.3233
0.0162,0.0000,0.0000,0.0000,0.0162,0.0000,200,0.3573
0.0079,0.0000,0.0000,0.0000,0.0079,0.0000,200,0.3658
0.0240,0.0000,0.0000,0.0000,0.0239,0.0000,200,0.3509
0.0432,0.0000,0.0000,0.0000,0.0429,0.0002,200,0.3319
0.0432,0.0000,0.0000,0.0000,0.0430,0.0000,200,0.3323
0.0025,0.0000,0.0000,0.0000,0.0024,0.0000,200,0.3735
0.0141,0.0000,0.0000,0.0000,0.0140,0.0000,200,0.3623
0.0079,0.0000,0.0000,0.0000,0.0078,0.0001,200,0.3690
0.0348,0.0000,0.0000,0.0000,0.0347,0.0000,200,0.3426
0.0336,0.0000,0.0000,0.0001,0.0334,0.0000,200,0.3443
0.0402,0.0000,0.0000,0.0000,0.0401,0.0000,200,0.3382
0.0031,0.0000,0.0000,0.0000,0.0030,0.0000,200,0.3755
0.0244,0.0000,0.0000,0.0000,0.0243,0.0000,200,0.3545
0.0333,0.0000,0.0000,0.0000,0.0332,0.0000,200,0.3464
0.0208,0.0000,0.0000,0.0000,0.0208,0.0000,200,0.3595
0.0246,0.0000,0.0000,0.0000,0.0245,0.0000,200,0.3561
0.0160,0.0000,0.0000,0.0000,0.0160,0.0000,200,0.3646
0.0103,0.0000,0.0000,0.0000,0.0102,0.0001,200,0.3704
0.0342,0.0000,0.0000,0.0000,0.0339,0.0003,200,0.3477
0.0352,0.0000,0.0000,0.0000,0.0351,0.0001,200,0.3470
0.0157,0.0000,0.0000,0.0000,0.0156,0.0001,200,0.3668
0.0582,0.0000,0.0000,0.0000,0.0580,0.0001,200,0.3247
0.0546,0.0000,0.0000,0.0000,0.0546,0.0000,200,0.3286
0.0686,0.0000,0.0000,0.0000,0.0681,0.0005,200,0.3153
0.0021,0.0000,0.0000,0.0000,0.0019,0.0001,200,0.3819
0.0130,0.0000,0.0000,0.0000,0.0128,0.0001,200,0.3719
0.0064,0.0000,0.0000,0.0000,0.0063,0.0000,200,0.3788
0.0335,0.0000,0.0000,0.0001,0.0333,0.0000,200,0.3521
0.0208,0.0000,0.0000,0.0000,0.0207,0.0000,200,0.3653
0.0497,0.0000,0.0000,0.0000,0.0495,0.0000,200,0.3371
0.0049,0.0000,0.0000,0.0000,0.0048,0.0001,200,0.3823
0.0262,0.0000,0.0000,0.0000,0.0261,0.0001,200,0.3612
0.0194,0.0000,0.0000,0.0000,0.0193,0.0001,200,0.3684
0.0197,0.0000,0.0000,0.0000,0.0197,0.0000,200,0.3684
0.0150,0.0000,0.0000,0.0000,0.0148,0.0001,200,0.3737
0.0140,0.0000,0.0000,0.0000,0.0139,0.0000,200,0.3751
0.0271,0.0000,0.0000,0.0000,0.0270,0.0000,200,0.3626
0.0262,0.0000,0.0000,0.0000,0.0259,0.0002,200,0.3637
0.0070,0.0000,0.0000,0.0001,0.0068,0.0000,200,0.3833
0.0159,0.0000,0.0000,0.0000,0.0158,0.0000,200,0.3749
0.0084,0.0000,0.0000,0.0000,0.0083,0.0000,200,0.3839
0.0196,0.0000,0.0000,0.0000,0.0196,0.0000,200,0.3728
0.0591,0.0000,0.0000,0.0000,0.0590,0.0000,200,0.3334
0.0334,0.0000,0.0000,0.0000,0.0334,0.0000,200,0.3590
0.0230,0.0000,0.0000,0.0000,0.0229,0.0000,200,0.3696
0.0266,0.0000,0.0000,0.0000,0.0265,0.0000,200,0.3662
0.0259,0.0000,0.0000,0.0000,0.0257,0.0002,200,0.3684
0.0067,0.0000,0.0000,0.0000,0.0067,0.0000,200,0.3881
0.0349,0.0000,0.0000,0.0000,0.0348,0.0001,200,0.3608
0.0236,0.0000,0.0000,0.0000,0.0236,0.0000,200,0.3722
0.0246,0.0000,0.0000,0.0000,0.0246,0.0000,200,0.3713
0.0379,0.0000,0.0000,0.0000,0.0378,0.0000,200,0.3583
0.0452,0.0000,0.0000,0.0000,0.0451,0.0001,200,0.3514
0.0185,0.0000,0.0000,0.0000,0.0183,0.0001,200,0.3786
0.0031,0.0000,0.0000,0.0000,0.0030,0.0000,200,0.3943
0.0171,0.0000,0.0000,0.0000,0.0169,0.0001,200,0.3809
0.0061,0.0000,0.0000,0.0000,0.0061,0.0000,200,0.3924
0.0194,0.0000,0.0000,0.0000,0.0193,0.0001,200,0.3797
0.0264,0.0000,0.0000,0.0000,0.0260,0.0000,200,0.3731
0.0633,0.0000,0.0000,0.0000,0.0631,0.0001,200,0.3368
0.0231,0.0000,0.0000,0.0000,0.0229,0.0002,200,0.3773
0.0137,0.0000,0.0000,0.0000,0.0137,0.0000,200,0.3869
0.0248,0.0000,0.0000,0.0000,0.0247,0.0000,200,0.3764
0.0191,0.0000,0.0000,0.0000,0.0190,0.0001,200,0.3825
0.0149,0.0000,0.0000,0.0000,0.0147,0.0001,200,0.3872
0.0067,0.0000,0.0000,0.0001,0.0066,0.0000,200,0.3962
0.0271,0.0000,0.0000,0.0000,0.0270,0.0000,200,0.3769
0.0531,0.0000,0.0000,0.0000,0.0531,0.0000,200,0.3508
0.0328,0.0000,0.0000,0.0000,0.0327,0.0000,200,0.3715
0.0185,0.0000,0.0000,0.0000,0.0184,0.0000,200,0.3861
0.0164,0.0000,0.0000,0.0000,0.0158,0.0000,200,0.3887
0.0254,0.0000,0.0000,0.0000,0.0253,0.0000,200,0.3807
0.0306,0.0000,0.0000,0.0000,0.0305,0.0000,200,0.3760
0.0143,0.0000,0.0000,0.0000,0.0143,0.0000,200,0.3924
0.0164,0.0000,0.0000,0.0000,0.0163,0.0001,200,0.3908
0.0392,0.0000,0.0000,0.0000,0.0392,0.0000,200,0.3684
0.0156,0.0000,0.0000,0.0000,0.0150,0.0000,200,0.3928
0.0536,0.0000,0.0000,0.0000,0.0535,0.0000,200,0.3550
0.0044,0.0000,0.0000,0.0005,0.0038,0.0000,200,0.4046
0.0310,0.0000,0.0000,0.0000,0.0309,0.0000,200,0.3785
0.0129,0.0000,0.0000,0.0000,0.0128,0.0000,200,0.3971
0.0226,0.0000,0.0000,0.0000,0.0225,0.0000,200,0.3878
0.0253,0.0000,0.0000,0.0000,0.0253,0.0000,200,0.3856
0.0262,0.0000,0.0000,0.0000,0.0261,0.0000,200,0.3853
0.0232,0.0000,0.0000,0.0000,0.0231,0.0000,200,0.3891
0.0221,0.0000,0.0000,0.0000,0.0221,0.0000,200,0.3902
0.0167,0.0000,0.0000,0.0000,0.0167,0.0000,200,0.3960
0.0026,0.0000,0.0000,0.0001,0.0025,0.0000,200,0.4105
0.0552,0.0000,0.0000,0.0000,0.0552,0.0000,200,0.3584
0.0067,0.0000,0.0000,0.0000,0.0066,0.0000,200,0.4072
0.0220,0.0000,0.0000,0.0000,0.0220,0.0000,200,0.3925
0.0276,0.0000,0.0000,0.0000,0.0272,0.0000,200,0.3875
0.0091,0.0000,0.0000,0.0000,0.0090,0.0000,200,0.4065
0.0039,0.0000,0.0000,0.0000,0.0038,0.0000,200,0.4124
0.0386,0.0000,0.0000,0.0000,0.0386,0.0000,200,0.3778
0.0364,0.0000,0.0000,0.0000,0.0363,0.0001,200,0.3807
0.0039,0.0000,0.0000,0.0000,0.0039,0.0001,200,0.4136
0.0179,0.0000,0.0000,0.0000,0.0178,0.0000,200,0.4001
0.0289,0.0000,0.0000,0.0000,0.0288,0.0001,200,0.3897
0.0148,0.0000,0.0000,0.0000,0.0148,0.0000,200,0.4040
0.0104,0.0000,0.0000,0.0000,0.0104,0.0000,200,0.4089
0.0354,0.0000,0.0000,0.0000,0.0353,0.0000,200,0.3849
0.0188,0.0000,0.0000,0.0000,0.0187,0.0000,200,0.4016
0.0153,0.0000,0.0000,0.0000,0.0151,0.0000,200,0.4051
0.0306,0.0000,0.0000,0.0000,0.0302,0.0000,200,0.3899
0.0404,0.0000,0.0000,0.0005,0.0399,0.0000,200,0.3803
0.0258,0.0000,0.0000,0.0000,0.0257,0.0000,200,0.3958
0.0304,0.0000,0.0000,0.0000,0.0303,0.0000,200,0.3923
0.0141,0.0000,0.0000,0.0000,0.0140,0.0001,200,0.4086
0.0253,0.0000,0.0000,0.0000,0.0252,0.0000,200,0.3981
0.0243,0.0000,0.0000,0.0000,0.0241,0.0001,200,0.3995
0.0188,0.0000,0.0000,0.0000,0.0187,0.0001,200,0.4060
0.0283,0.0000,0.0000,0.0000,0.0280,0.0002,200,0.3966
0.0151,0.0000,0.0000,0.0000,0.0150,0.0000,200,0.4100
0.0032,0.0000,0.0000,0.0000,0.0032,0.0000,200,0.4227
0.0278,0.0000,0.0000,0.0000,0.0277,0.0000,200,0.3991
0.0154,0.0000,0.0000,0.0000,0.0154,0.0000,200,0.4115
0.0168,0.0000,0.0000,0.0000,0.0161,0.0007,200,0.4109
0.0154,0.0000,0.0000,0.0000,0.0154,0.0000,200,0.4123
0.0292,0.0000,0.0000,0.0000,0.0292,0.0000,200,0.3985
0.0354,0.0000,0.0000,0.0001,0.0336,0.0016,200,0.3949
0.0043,0.0000,0.0000,0.0000,0.0042,0.0000,200,0.4260
0.0227,0.0000,0.0000,0.0000,0.0226,0.0000,200,0.4077
0.0346,0.0000,0.0000,0.0000,0.0345,0.0000,200,0.3957
0.0124,0.0000,0.0000,0.0000,0.0123,0.0000,200,0.4181
0.0330,0.0000,0.0000,0.0000,0.0330,0.0000,200,0.3974
0.0058,0.0000,0.0000,0.0000,0.0057,0.0000,200,0.4248
0.0304,0.0000,0.0000,0.0000,0.0303,0.0000,200,0.4006
0.0111,0.0000,0.0000,0.0000,0.0110,0.0000,200,0.4207
0.0121,0.0000,0.0000,0.0000,0.0120,0.0001,200,0.4204
0.0030,0.0000,0.0000,0.0000,0.0030,0.0000,200,0.4304
0.0032,0.0000,0.0000,0.0000,0.0031,0.0000,200,0.4303
0.0249,0.0000,0.0000,0.0001,0.0248,0.0000,200,0.4095
0.0422,0.0000,0.0000,0.0000,0.0422,0.0000,200,0.3925
0.0513,0.0000,0.0000,0.0000,0.0512,0.0001,200,0.3840
0.0143,0.0000,0.0000,0.0000,0.0143,0.0000,200,0.4217
0.0131,0.0000,0.0000,0.0000,0.0131,0.0000,200,0.4238
0.0045,0.0000,0.0000,0.0000,0.0044,0.0000,200,0.4325
0.0174,0.0000,0.0000,0.0000,0.0173,0.0000,200,0.4203
0.0216,0.0000,0.0000,0.0000,0.0215,0.0000,200,0.4165
0.0259,0.0000,0.0000,0.0000,0.0258,0.0000,200,0.4127
0.0161,0.0000,0.0000,0.0000,0.0161,0.0000,200,0.4226
0.0223,0.0000,0.0000,0.0000,0.0222,0.0001,200,0.4170
0.0079,0.0000,0.0000,0.0001,0.0078,0.0000,200,0.4318
0.0336,0.0000,0.0000,0.0000,0.0336,0.0000,200,0.4067
0.0129,0.0000,0.0000,0.0000,0.0128,0.0000,200,0.4277
0.0272,0.0000,0.0000,0.0000,0.0271,0.0000,200,0.4139
0.0047,0.0000,0.0000,0.0000,0.0047,0.0000,200,0.4370
0.0858,0.0000,0.0000,0.0000,0.0857,0.0001,200,0.3564
0.0271,0.0000,0.0000,0.0000,0.0271,0.0000,200,0.4156
0.0019,0.0000,0.0000,0.0000,0.0017,0.0001,200,0.4411
0.0132,0.0000,0.0000,0.0000,0.0131,0.0000,200,0.4304
0.0410,0.0000,0.0000,0.0000,0.0409,0.0001,200,0.4029
0.0613,0.0000,0.0000,0.0000,0.0612,0.0000,200,0.3830
0.0087,0.0000,0.0000,0.0000,0.0084,0.0002,200,0.4360
0.0144,0.0000,0.0000,0.0000,0.0144,0.0000,200,0.4310
0.0260,0.0000,0.0000,0.0000,0.0258,0.0002,200,0.4194
0.0255,0.0000,0.0000,0.0000,0.0254,0.0000,200,0.4204
0.0228,0.0000,0.0000,0.0000,0.0227,0.0001,200,0.4234
0.0316,0.0000,0.0000,0.0000,0.0315,0.0001,200,0.4151
0.0455,0.0000,0.0000,0.0000,0.0454,0.0000,200,0.4016
0.0470,0.0000,0.0000,0.0000,0.0469,0.0001,200,0.4004
0.0457,0.0000,0.0000,0.0000,0.0454,0.0000,200,0.4021
0.0443,0.0000,0.0000,0.0000,0.0442,0.0000,200,0.4043
0.0314,0.0000,0.0000,0.0001,0.0312,0.0000,200,0.4175
0.0039,0.0000,0.0000,0.0000,0.0038,0.0001,200,0.4454
0.0296,0.0000,0.0000,0.0001,0.0293,0.0002,200,0.4205
0.0202,0.0000,0.0000,0.0000,0.0202,0.0000,200,0.4303
0.0132,0.0000,0.0000,0.0000,0.0131,0.0000,200,0.4381
0.0216,0.0000,0.0000,0.0000,0.0216,0.0000,200,0.4306
0.0227,0.0000,0.0000,0.0000,0.0227,0.0000,200,0.4302
0.0163,0.0000,0.0000,0.0000,0.0161,0.0000,200,0.4369
0.0050,0.0000,0.0000,0.0000,0.0049,0.0000,200,0.4485
0.0273,0.0000,0.0000,0.0000,0.0272,0.0001,200,0.4269
0.0190,0.0000,0.0000,0.0000,0.0189,0.0000,200,0.4354
0.0102,0.0000,0.0000,0.0000,0.0102,0.0000,200,0.4447
0.0147,0.0000,0.0000,0.0000,0.0146,0.0000,200,0.4403
0.0288,0.0000,0.0000,0.0000,0.0287,0.0000,200,0.4269
0.0528,0.0000,0.0000,0.0000,0.0527,0.0000,200,0.4040
0.0167,0.0000,0.0000,0.0000,0.0166,0.0000,200,0.4406
0.0230,0.0000,0.0000,0.0000,0.0230,0.0000,200,0.4344
0.0059,0.0000,0.0000,0.0000,0.0056,0.0000,200,0.4523
0.0084,0.0000,0.0000,0.0000,0.0083,0.0000,200,0.4501
0.0197,0.0000,0.0000,0.0000,0.0196,0.0000,200,0.4393
0.0219,0.0000,0.0000,0.0000,0.0219,0.0000,200,0.4377
0.0126,0.0000,0.0000,0.0000,0.0125,0.0001,200,0.4474
0.0146,0.0000,0.0000,0.0000,0.0142,0.0003,200,0.4459
0.0217,0.0000,0.0000,0.0000,0.0216,0.0001,200,0.4397
0.0339,0.0000,0.0000,0.0000,0.0338,0.0000,200,0.4278
0.0366,0.0000,0.0000,0.0000,0.0364,0.0000,200,0.4251
0.0076,0.0000,0.0000,0.0000,0.0075,0.0000,200,0.4549
0.0384,0.0000,0.0000,0.0001,0.0381,0.0000,200,0.4249
0.0360,0.0000,0.0000,0.0000,0.0359,0.0000,200,0.4278
0.0561,0.0000,0.0000,0.0000,0.0560,0.0000,200,0.4084
0.0030,0.0000,0.0000,0.0000,0.0029,0.0000,200,0.4617
0.0233,0.0000,0.0000,0.0000,0.0232,0.0000,200,0.4417
0.0266,0.0000,0.0000,0.0000,0.0265,0.0001,200,0.4388
0.0355,0.0000,0.0000,0.0000,0.0354,0.0001,200,0.4302
0.0210,0.0000,0.0000,0.0000,0.0209,0.0001,200,0.4454
0.0319,0.0000,0.0000,0.0000,0.0319,0.0000,200,0.4348
0.0203,0.0000,0.0000,0.0000,0.0202,0.0001,200,0.4466
0.0240,0.0000,0.0000,0.0000,0.0239,0.0000,200,0.4436
0.0562,0.0000,0.0000,0.0000,0.0561,0.0000,200,0.4130
0.0164,0.0000,0.0000,0.0000,0.0163,0.0000,200,0.4529
0.0358,0.0000,0.0000,0.0000,0.0358,0.0000,200,0.4335
0.0090,0.0000,0.0000,0.0000,0.0089,0.0000,200,0.4604
0.0163,0.0000,0.0000,0.0000,0.0162,0.0001,200,0.4532
0.0212,0.0000,0.0000,0.0000,0.0211,0.0000,200,0.4489
0.0194,0.0000,0.0000,0.0000,0.0193,0.0001,200,0.4512
0.0122,0.0000,0.0000,0.0000,0.0121,0.0000,200,0.4590
0.0071,0.0000,0.0000,0.0000,0.0070,0.0000,200,0.4646
0.0249,0.0000,0.0000,0.0000,0.0249,0.0000,200,0.4470
0.0288,0.0000,0.0000,0.0000,0.0287,0.0000,200,0.4440
0.0138,0.0000,0.0000,0.0000,0.0136,0.0001,200,0.4596
0.0548,0.0000,0.0000,0.0002,0.0546,0.0000,200,0.4188
0.0159,0.0000,0.0000,0.0000,0.0158,0.0001,200,0.4585
0.0164,0.0000,0.0000,0.0000,0.0163,0.0000,200,0.4581
0.0208,0.0000,0.0000,0.0001,0.0206,0.0001,200,0.4543
0.0088,0.0000,0.0000,0.0000,0.0088,0.0000,200,0.4667
0.0330,0.0000,0.0000,0.0000,0.0329,0.0000,200,0.4430
0.0325,0.0000,0.0000,0.0000,0.0324,0.0000,200,0.4443
0.0068,0.0000,0.0000,0.0000,0.0063,0.0005,200,0.4701
0.0609,0.0000,0.0000,0.0000,0.0608,0.0000,200,0.4163
0.0442,0.0000,0.0000,0.0000,0.0442,0.0000,200,0.4335
0.0357,0.0000,0.0000,0.0000,0.0355,0.0001,200,0.4428
0.0175,0.0000,0.0000,0.0000,0.0174,0.0000,200,0.4617
0.0135,0.0000,0.0000,0.0000,0.0135,0.0000,200,0.4658
0.0103,0.0000,0.0000,0.0000,0.0103,0.0000,200,0.4693
0.0094,0.0000,0.0000,0.0000,0.0093,0.0000,200,0.4706
0.0234,0.0000,0.0000,0.0000,0.0234,0.0000,200,0.4573
0.0078,0.0000,0.0000,0.0000,0.0075,0.0001,200,0.4734
0.0148,0.0000,0.0000,0.0000,0.0147,0.0001,200,0.4670
0.0045,0.0000,0.0000,0.0000,0.0044,0.0000,200,0.4777
0.0043,0.0000,0.0000,0.0001,0.0041,0.0000,200,0.4801
0.0352,0.0000,0.0000,0.0000,0.0351,0.0000,200,0.4493
0.0053,0.0000,0.0000,0.0000,0.0053,0.0000,200,0.4792
0.0060,0.0000,0.0000,0.0000,0.0059,0.0001,200,0.4785
0.0223,0.0000,0.0000,0.0000,0.0222,0.0001,200,0.4625
0.0211,0.0000,0.0000,0.0000,0.0208,0.0003,200,0.4638
0.0159,0.0000,0.0000,0.0000,0.0158,0.0000,200,0.4693
0.0349,0.0000,0.0000,0.0000,0.0348,0.0001,200,0.4506
0.0184,0.0000,0.0000,0.0000,0.0183,0.0001,200,0.4676
0.0054,0.0000,0.0000,0.0000,0.0053,0.0000,200,0.4812
0.0125,0.0000,0.0000,0.0000,0.0124,0.0000,200,0.4745
0.0333,0.0000,0.0000,0.0000,0.0332,0.0000,200,0.4541
0.0125,0.0000,0.0000,0.0000,0.0123,0.0001,200,0.4755
0.0128,0.0000,0.0000,0.0000,0.0122,0.0005,200,0.4760
0.0254,0.0000,0.0000,0.0000,0.0254,0.0000,200,0.4634
0.0249,0.0000,0.0000,0.0000,0.0248,0.0000,200,0.4644
0.0080,0.0000,0.0000,0.0000,0.0079,0.0000,200,0.4818
0.0217,0.0000,0.0000,0.0000,0.0217,0.0001,200,0.4695
0.0193,0.0000,0.0000,0.0000,0.0192,0.0000,200,0.4720
0.0356,0.0000,0.0000,0.0000,0.0356,0.0000,200,0.4557
0.0110,0.0000,0.0000,0.0000,0.0110,0.0000,200,0.4807
0.0153,0.0000,0.0000,0.0000,0.0152,0.0001,200,0.4769
0.0182,0.0000,0.0000,0.0000,0.0181,0.0000,200,0.4744
0.0234,0.0000,0.0000,0.0000,0.0232,0.0000,200,0.4695
0.0219,0.0000,0.0000,0.0000,0.0218,0.0000,200,0.4717
0.0753,0.0000,0.0000,0.0000,0.0752,0.0000,200,0.4186
0.0469,0.0000,0.0000,0.0000,0.0469,0.0000,200,0.4478
0.0376,0.0000,0.0000,0.0000,0.0376,0.0000,200,0.4575
0.0096,0.0000,0.0000,0.0000,0.0094,0.0000,200,0.4860
0.0164,0.0000,0.0000,0.0000,0.0163,0.0001,200,0.4797
0.0503,0.0000,0.0000,0.0000,0.0501,0.0002,200,0.4462
0.0547,0.0000,0.0000,0.0000,0.0546,0.0000,200,0.4423
0.0125,0.0000,0.0000,0.0000,0.0124,0.0000,200,0.4851
0.0595,0.0000,0.0000,0.0000,0.0594,0.0000,200,0.4386
0.0056,0.0000,0.0000,0.0000,0.0045,0.0003,200,0.4930
0.0090,0.0000,0.0000,0.0000,0.0089,0.0000,200,0.4898
0.0200,0.0000,0.0000,0.0000,0.0199,0.0000,200,0.4793
0.0154,0.0000,0.0000,0.0000,0.0153,0.0001,200,0.4846
0.0253,0.0000,0.0000,0.0000,0.0251,0.0000,200,0.4752
0.0464,0.0000,0.0000,0.0000,0.0462,0.0000,200,0.4550
0.0161,0.0000,0.0000,0.0000,0.0159,0.0001,200,0.4855
0.0110,0.0000,0.0000,0.0000,0.0109,0.0000,200,0.4913
0.0456,0.0000,0.0000,0.0001,0.0454,0.0001,200,0.4567
0.0489,0.0000,0.0000,0.0000,0.0487,0.0002,200,0.4535
0.0183,0.0000,0.0000,0.0000,0.0181,0.0001,200,0.4848
0.0266,0.0000,0.0000,0.0000,0.0264,0.0002,200,0.4769
0.0364,0.0000,0.0000,0.0000,0.0348,0.0016,200,0.4694
0.0409,0.0000,0.0000,0.0000,0.0408,0.0000,200,0.4650
0.0395,0.0000,0.0000,0.0000,0.0394,0.0000,200,0.4664
0.0288,0.0000,0.0000,0.0000,0.0287,0.0000,200,0.4771
0.0104,0.0000,0.0000,0.0000,0.0104,0.0000,200,0.4955
0.0060,0.0000,0.0000,0.0001,0.0059,0.0000,200,0.5000
0.0219,0.0000,0.0000,0.0000,0.0219,0.0000,200,0.4845
0.0146,0.0000,0.0000,0.0000,0.0144,0.0002,200,0.4926
0.0139,0.0000,0.0000,0.0000,0.0138,0.0000,200,0.4936
0.0190,0.0000,0.0000,0.0000,0.0189,0.0000,200,0.4888
0.0940,0.0000,0.0000,0.0000,0.0938,0.0001,200,0.4145
0.0069,0.0000,0.0000,0.0000,0.0068,0.0001,200,0.5023
0.0370,0.0000,0.0000,0.0000,0.0369,0.0000,200,0.4727
0.0043,0.0000,0.0000,0.0000,0.0043,0.0000,200,0.5060
0.0237,0.0000,0.0000,0.0000,0.0235,0.0000,200,0.4870
0.0234,0.0000,0.0000,0.0000,0.0233,0.0000,200,0.4880
0.0166,0.0000,0.0000,0.0000,0.0164,0.0000,200,0.4951
0.0520,0.0000,0.0000,0.0000,0.0519,0.0000,200,0.4601
0.0050,0.0000,0.0000,0.0000,0.0049,0.0000,200,0.5075
0.0283,0.0000,0.0000,0.0000,0.0283,0.0000,200,0.4845
0.0173,0.0000,0.0000,0.0000,0.0172,0.0000,200,0.4961
0.0158,0.0000,0.0000,0.0001,0.0156,0.0001,200,0.4981
0.0023,0.0000,0.0000,0.0000,0.0021,0.0001,200,0.5124
0.0159,0.0000,0.0000,0.0000,0.0158,0.0001,200,0.4993
0.0313,0.0000,0.0000,0.0000,0.0313,0.0000,200,0.4844
0.0191,0.0000,0.0000,0.0000,0.0190,0.0001,200,0.4970
0.0431,0.0000,0.0000,0.0000,0.0430,0.0000,200,0.4736
0.0266,0.0000,0.0000,0.0000,0.0250,0.0016,200,0.4922
0.0203,0.0000,0.0000,0.0000,0.0203,0.0000,200,0.4988
0.0167,0.0000,0.0000,0.0000,0.0166,0.0000,200,0.5024
0.0369,0.0000,0.0000,0.0000,0.0368,0.0000,200,0.4822
0.0080,0.0000,0.0000,0.0000,0.0079,0.0000,200,0.5114
0.0581,0.0000,0.0000,0.0000,0.0580,0.0000,200,0.4614
0.0032,0.0000,0.0000,0.0000,0.0031,0.0000,200,0.5167
0.0148,0.0000,0.0000,0.0000,0.0147,0.0000,200,0.5060
0.0152,0.0000,0.0000,0.0000,0.0152,0.0000,200,0.5059
0.0565,0.0000,0.0000,0.0000,0.0563,0.0000,200,0.4654
0.0102,0.0000,0.0000,0.0000,0.0100,0.0001,200,0.5121
0.0018,0.0000,0.0000,0.0000,0.0017,0.0000,200,0.5211
0.0359,0.0000,0.0000,0.0000,0.0357,0.0001,200,0.4874
0.0173,0.0000,0.0000,0.0000,0.0172,0.0000,200,0.5065
0.0124,0.0000,0.0000,0.0000,0.0124,0.0000,200,0.5117
0.0404,0.0000,0.0000,0.0000,0.0402,0.0001,200,0.4848
0.0171,0.0000,0.0000,0.0000,0.0170,0.0001,200,0.5085
0.0551,0.0000,0.0000,0.0000,0.0550,0.0000,200,0.4712
0.0079,0.0000,0.0000,0.0000,0.0073,0.0005,200,0.5194
0.0215,0.0000,0.0000,0.0000,0.0214,0.0000,200,0.5058
0.0302,0.0000,0.0000,0.0000,0.0301,0.0000,200,0.4977
0.0078,0.0000,0.0000,0.0000,0.0077,0.0000,200,0.5208
0.0260,0.0000,0.0000,0.0000,0.0260,0.0000,200,0.5031
0.0106,0.0000,0.0000,0.0000,0.0103,0.0000,200,0.5191
0.0084,0.0000,0.0000,0.0000,0.0084,0.0000,200,0.5223
0.0371,0.0000,0.0000,0.0000,0.0370,0.0000,200,0.4939
0.0213,0.0000,0.0000,0.0000,0.0212,0.0000,200,0.5097
0.0258,0.0000,0.0000,0.0000,0.0256,0.0002,200,0.5058
0.0299,0.0000,0.0000,0.0000,0.0298,0.0001,200,0.5023
0.0266,0.0000,0.0000,0.0000,0.0265,0.0000,200,0.5059
0.0043,0.0000,0.0000,0.0000,0.0042,0.0000,200,0.5285
0.0329,0.0000,0.0000,0.0000,0.0329,0.0000,200,0.5004
0.0377,0.0000,0.0000,0.0000,0.0376,0.0000,200,0.4965
0.0151,0.0000,0.0000,0.0000,0.0150,0.0001,200,0.5199
0.0433,0.0000,0.0000,0.0000,0.0432,0.0000,200,0.4917
0.0056,0.0000,0.0000,0.0000,0.0055,0.0001,200,0.5310
0.0115,0.0000,0.0000,0.0000,0.0115,0.0000,200,0.5256
0.0156,0.0000,0.0000,0.0000,0.0155,0.0000,200,0.5219
0.0188,0.0000,0.0000,0.0000,0.0187,0.0000,200,0.5191
0.0153,0.0000,0.0000,0.0000,0.0153,0.0000,200,0.5229
0.0378,0.0000,0.0000,0.0000,0.0377,0.0001,200,0.5014
0.0257,0.0000,0.0000,0.0000,0.0256,0.0001,200,0.5147
0.0494,0.0000,0.0000,0.0000,0.0493,0.0000,200,0.4912
0.0075,0.0000,0.0000,0.0000,0.0073,0.0001,200,0.5343
0.0406,0.0000,0.0000,0.0000,0.0405,0.0001,200,0.5016
0.0152,0.0000,0.0000,0.0000,0.0151,0.0001,200,0.5278
0.0114,0.0000,0.0000,0.0000,0.0113,0.0001,200,0.5322
0.0199,0.0000,0.0000,0.0000,0.0198,0.0000,200,0.5241
0.0552,0.0000,0.0000,0.0000,0.0552,0.0000,200,0.4893
0.0345,0.0000,0.0000,0.0000,0.0342,0.0002,200,0.5107
0.0365,0.0000,0.0000,0.0000,0.0364,0.0000,200,0.5092
0.0474,0.0000,0.0000,0.0000,0.0473,0.0000,200,0.4986
0.0517,0.0000,0.0000,0.0000,0.0516,0.0001,200,0.4947
0.0310,0.0000,0.0000,0.0000,0.0309,0.0001,200,0.5157
0.0284,0.0000,0.0000,0.0000,0.0283,0.0000,200,0.5188
0.0096,0.0000,0.0000,0.0002,0.0089,0.0000,200,0.5383
0.0112,0.0000,0.0000,0.0000,0.0111,0.0000,200,0.5375
0.0050,0.0000,0.0000,0.0000,0.0049,0.0000,200,0.5440
0.0169,0.0000,0.0000,0.0000,0.0168,0.0000,200,0.5326
0.0635,0.0000,0.0000,0.0000,0.0634,0.0000,200,0.4866
0.0469,0.0000,0.0000,0.0000,0.0469,0.0001,200,0.5035
0.0035,0.0000,0.0000,0.0000,0.0034,0.0000,200,0.5472
0.0406,0.0000,0.0000,0.0000,0.0406,0.0000,200,0.5103
0.0224,0.0000,0.0000,0.0000,0.0223,0.0000,200,0.5291
0.0064,0.0000,0.0000,0.0000,0.0063,0.0001,200,0.5457
0.0075,0.0000,0.0000,0.0000,0.0073,0.0001,200,0.5452
0.0225,0.0000,0.0000,0.0000,0.0223,0.0001,200,0.5307
0.0406,0.0000,0.0000,0.0000,0.0405,0.0000,200,0.5129
0.0657,0.0000,0.0000,0.0000,0.0655,0.0001,200,0.4888
0.0196,0.0000,0.0000,0.0000,0.0196,0.0000,200,0.5350
0.0240,0.0000,0.0000,0.0000,0.0238,0.0001,200,0.5310
0.0136,0.0000,0.0000,0.0000,0.0135,0.0000,200,0.5417
0.0486,0.0000,0.0000,0.0000,0.0485,0.0000,200,0.5072
0.0411,0.0000,0.0000,0.0000,0.0410,0.0000,200,0.5152
0.0303,0.0000,0.0000,0.0000,0.0302,0.0000,200,0.5263
0.0298,0.0000,0.0000,0.0000,0.0294,0.0000,200,0.5273
0.0089,0.0000,0.0000,0.0000,0.0089,0.0000,200,0.5487
0.0077,0.0000,0.0000,0.0001,0.0074,0.0002,200,0.5504
0.0154,0.0000,0.0000,0.0000,0.0153,0.0000,200,0.5430
0.0291,0.0000,0.0000,0.0009,0.0281,0.0000,200,0.5297
0.0456,0.0000,0.0000,0.0000,0.0456,0.0000,200,0.5134
0.0103,0.0000,0.0000,0.0000,0.0102,0.0000,200,0.5495
0.0441,0.0000,0.0000,0.0000,0.0440,0.0000,200,0.5161
0.0104,0.0000,0.0000,0.0000,0.0104,0.0000,200,0.5500
0.0335,0.0000,0.0000,0.0000,0.0334,0.0000,200,0.5272
0.0423,0.0000,0.0000,0.0000,0.0421,0.0001,200,0.5191
0.0040,0.0000,0.0000,0.0000,0.0040,0.0000,200,0.5577
0.0388,0.0000,0.0000,0.0000,0.0387,0.0000,200,0.5233
0.0310,0.0000,0.0000,0.0000,0.0308,0.0001,200,0.5316
0.0117,0.0000,0.0000,0.0001,0.0115,0.0000,200,0.5515
0.0153,0.0000,0.0000,0.0000,0.0153,0.0000,200,0.5490
0.0315,0.0000,0.0000,0.0000,0.0315,0.0000,200,0.5328
0.0253,0.0000,0.0000,0.0000,0.0252,0.0000,200,0.5392
0.0120,0.0000,0.0000,0.0000,0.0120,0.0000,200,0.5532
0.0282,0.0000,0.0000,0.0000,0.0279,0.0002,200,0.5371
0.0133,0.0000,0.0000,0.0001,0.0131,0.0000,200,0.5521
0.0073,0.0000,0.0000,0.0000,0.0071,0.0000,200,0.5581
0.0260,0.0000,0.0000,0.0000,0.0256,0.0003,200,0.5404
0.0330,0.0000,0.0000,0.0000,0.0329,0.0000,200,0.5334
0.0530,0.0000,0.0000,0.0000,0.0529,0.0001,200,0.5139
0.0212,0.0000,0.0000,0.0000,0.0211,0.0000,200,0.5460
0.0233,0.0000,0.0000,0.0000,0.0232,0.0002,200,0.5446
0.0155,0.0000,0.0000,0.0000,0.0154,0.0001,200,0.5527
0.0320,0.0000,0.0000,0.0000,0.0319,0.0000,200,0.5366
0.0782,0.0000,0.0000,0.0000,0.0781,0.0000,200,0.4912
0.0322,0.0000,0.0000,0.0000,0.0322,0.0000,200,0.5379
0.0053,0.0000,0.0000,0.0000,0.0052,0.0000,200,0.5652
0.0167,0.0000,0.0000,0.0000,0.0165,0.0001,200,0.5545
0.0149,0.0000,0.0000,0.0000,0.0148,0.0000,200,0.5566
0.0132,0.0000,0.0000,0.0000,0.0132,0.0000,200,0.5588
0.0264,0.0000,0.0000,0.0002,0.0260,0.0000,200,0.5467
0.0495,0.0000,0.0000,0.0000,0.0493,0.0002,200,0.5237
0.0124,0.0000,0.0000,0.0000,0.0122,0.0000,200,0.5617
0.0158,0.0000,0.0000,0.0000,0.0156,0.0001,200,0.5590
0.0197,0.0000,0.0000,0.0000,0.0196,0.0000,200,0.5558
0.0079,0.0000,0.0000,0.0000,0.0079,0.0000,200,0.5682
0.0125,0.0000,0.0000,0.0000,0.0125,0.0000,200,0.5643
0.0090,0.0000,0.0000,0.0000,0.0088,0.0000,200,0.5679
0.0365,0.0000,0.0000,0.0001,0.0361,0.0001,200,0.5406
0.0696,0.0000,0.0000,0.0000,0.0695,0.0000,200,0.5078
0.0175,0.0000,0.0000,0.0000,0.0174,0.0000,200,0.5602
0.0121,0.0000,0.0000,0.0000,0.0120,0.0000,200,0.5663
0.0224,0.0000,0.0000,0.0000,0.0221,0.0000,200,0.5563
0.0356,0.0000,0.0000,0.0000,0.0355,0.0001,200,0.5436
0.0083,0.0000,0.0000,0.0000,0.0082,0.0000,200,0.5714
0.0254,0.0000,0.0000,0.0001,0.0249,0.0001,200,0.5546
0.0056,0.0000,0.0000,0.0001,0.0055,0.0001,200,0.5748
0.0067,0.0000,0.0000,0.0000,0.0066,0.0000,200,0.5741
0.0150,0.0000,0.0000,0.0000,0.0148,0.0000,200,0.5664
0.0166,0.0000,0.0000,0.0000,0.0165,0.0000,200,0.5653
0.0130,0.0000,0.0000,0.0000,0.0129,0.0000,200,0.5694
0.0098,0.0000,0.0000,0.0000,0.0097,0.0000,200,0.5731
0.0205,0.0000,0.0000,0.0000,0.0199,0.0006,200,0.5632
0.0487,0.0000,0.0000,0.0000,0.0487,0.0000,200,0.5350
0.0271,0.0000,0.0000,0.0000,0.0270,0.0000,200,0.5571
0.0077,0.0000,0.0000,0.0002,0.0075,0.0000,200,0.5771
0.0031,0.0000,0.0000,0.0000,0.0030,0.0001,200,0.5824
0.0097,0.0000,0.0000,0.0000,0.0091,0.0000,200,0.5761
0.0313,0.0000,0.0000,0.0000,0.0312,0.0000,200,0.5550
0.0196,0.0000,0.0000,0.0000,0.0194,0.0001,200,0.5672
0.0224,0.0000,0.0000,0.0000,0.0224,0.0000,200,0.5644
0.0059,0.0000,0.0000,0.0002,0.0055,0.0000,200,0.5819
0.0329,0.0000,0.0000,0.0000,0.0328,0.0000,200,0.5554
0.0221,0.0000,0.0000,0.0000,0.0216,0.0003,200,0.5669
0.0099,0.0000,0.0000,0.0000,0.0097,0.0001,200,0.5793
0.0433,0.0000,0.0000,0.0000,0.0431,0.0002,200,0.5464
0.0365,0.0000,0.0000,0.0000,0.0364,0.0001,200,0.5535
0.0054,0.0000,0.0000,0.0000,0.0053,0.0000,200,0.5849
0.0655,0.0000,0.0000,0.0000,0.0653,0.0000,200,0.5251
0.0113,0.0000,0.0000,0.0000,0.0112,0.0000,200,0.5798
0.0438,0.0000,0.0000,0.0000,0.0438,0.0000,200,0.5478
0.0266,0.0000,0.0000,0.0000,0.0265,0.0000,200,0.5654
0.0151,0.0000,0.0000,0.0000,0.0150,0.0000,200,0.5774
0.0229,0.0000,0.0000,0.0000,0.0227,0.0002,200,0.5701
0.0295,0.0000,0.0000,0.0000,0.0293,0.0002,200,0.5643
0.0749,0.0000,0.0000,0.0000,0.0748,0.0000,200,0.5195
0.0191,0.0000,0.0000,0.0000,0.0190,0.0000,200,0.5754
0.0297,0.0000,0.0000,0.0000,0.0296,0.0000,200,0.5655
0.0079,0.0000,0.0000,0.0000,0.0078,0.0001,200,0.5878
0.0057,0.0000,0.0000,0.0000,0.0056,0.0000,200,0.5903
0.0260,0.0000,0.0000,0.0000,0.0260,0.0001,200,0.5705
0.0201,0.0000,0.0000,0.0000,0.0200,0.0000,200,0.5769
0.0114,0.0000,0.0000,0.0000,0.0113,0.0000,200,0.5863
0.0092,0.0000,0.0000,0.0005,0.0086,0.0001,200,0.5891
0.0209,0.0000,0.0000,0.0000,0.0207,0.0000,200,0.5778
0.0389,0.0000,0.0000,0.0000,0.0388,0.0001,200,0.5605
0.0155,0.0000,0.0000,0.0000,0.0154,0.0001,200,0.5842
0.0235,0.0000,0.0000,0.0000,0.0234,0.0001,200,0.5769
0.0209,0.0000,0.0000,0.0000,0.0208,0.0000,200,0.5800
0.0064,0.0000,0.0000,0.0000,0.0062,0.0000,200,0.5951
0.0310,0.0000,0.0000,0.0000,0.0309,0.0001,200,0.5712
0.0339,0.0000,0.0000,0.0000,0.0337,0.0001,200,0.5686
0.0122,0.0000,0.0000,0.0000,0.0122,0.0000,200,0.5907
0.0144,0.0000,0.0000,0.0000,0.0143,0.0001,200,0.5890
0.0051,0.0000,0.0000,0.0000,0.0050,0.0000,200,0.5986
0.0323,0.0000,0.0000,0.0000,0.0323,0.0000,200,0.5720
0.0537,0.0000,0.0000,0.0000,0.0536,0.0000,200,0.5509
0.0272,0.0000,0.0000,0.0000,0.0271,0.0000,200,0.5784
0.0254,0.0000,0.0000,0.0000,0.0253,0.0000,200,0.5804
0.0141,0.0000,0.0000,0.0000,0.0140,0.0000,200,0.5925
0.0176,0.0000,0.0000,0.0000,0.0175,0.0001,200,0.5900
0.0169,0.0000,0.0000,0.0000,0.0169,0.0000,200,0.5920
0.0262,0.0000,0.0000,0.0000,0.0261,0.0000,200,0.5828
0.0160,0.0000,0.0000,0.0000,0.0159,0.0000,200,0.5931
0.0253,0.0000,0.0000,0.0000,0.0253,0.0000,200,0.5837
0.0243,0.0000,0.0000,0.0000,0.0242,0.0000,200,0.5856
0.0366,0.0000,0.0000,0.0000,0.0365,0.0000,200,0.5733
0.0053,0.0000,0.0000,0.0000,0.0052,0.0000,200,0.6046
0.0239,0.0000,0.0000,0.0000,0.0238,0.0000,200,0.5868
0.0134,0.0000,0.0000,0.0000,0.0133,0.0000,200,0.5983
0.0696,0.0000,0.0000,0.0000,0.0695,0.0000,200,0.5422
0.0091,0.0000,0.0000,0.0000,0.0089,0.0002,200,0.6034
0.0143,0.0000,0.0000,0.0000,0.0143,0.0000,200,0.6009
0.0182,0.0000,0.0000,0.0000,0.0182,0.0000,200,0.5970
0.0125,0.0000,0.0000,0.0000,0.0124,0.0000,200,0.6029
0.0271,0.0000,0.0000,0.0000,0.0271,0.0000,200,0.5882
0.0252,0.0000,0.0000,0.0000,0.0251,0.0000,200,0.5902
0.0647,0.0000,0.0000,0.0000,0.0647,0.0000,200,0.5507
0.0118,0.0000,0.0000,0.0000,0.0117,0.0000,200,0.6037
0.0140,0.0000,0.0000,0.0000,0.0139,0.0000,200,0.6015
0.0211,0.0000,0.0000,0.0000,0.0210,0.0000,200,0.5945
0.0218,0.0000,0.0000,0.0000,0.0217,0.0000,200,0.5938
0.0073,0.0000,0.0000,0.0000,0.0072,0.0001,200,0.6090
0.0248,0.0000,0.0000,0.0000,0.0248,0.0000,200,0.5917
0.0174,0.0000,0.0000,0.0000,0.0172,0.0001,200,0.5998
0.0230,0.0000,0.0000,0.0000,0.0230,0.0000,200,0.5944
0.0558,0.0000,0.0000,0.0000,0.0557,0.0000,200,0.5621
0.0093,0.0000,0.0000,0.0000,0.0093,0.0000,200,0.6090
0.0089,0.0000,0.0000,0.0005,0.0082,0.0001,200,0.6099
0.0230,0.0000,0.0000,0.0000,0.0229,0.0001,200,0.5966
0.0224,0.0000,0.0000,0.0000,0.0223,0.0000,200,0.5977
0.0579,0.0000,0.0000,0.0000,0.0578,0.0000,200,0.5626
0.0625,0.0000,0.0000,0.0000,0.0623,0.0001,200,0.5584
0.0405,0.0000,0.0000,0.0000,0.0403,0.0001,200,0.5808
0.0157,0.0000,0.0000,0.0000,0.0156,0.0001,200,0.6058
0.0102,0.0000,0.0000,0.0000,0.0101,0.0000,200,0.6117
0.0169,0.0000,0.0000,0.0000,0.0168,0.0000,200,0.6056
0.0056,0.0000,0.0000,0.0000,0.0055,0.0000,200,0.6171
0.0191,0.0000,0.0000,0.0001,0.0188,0.0001,200,0.6043
0.0084,0.0000,0.0000,0.0000,0.0084,0.0000,200,0.6156
0.0633,0.0000,0.0000,0.0001,0.0632,0.0000,200,0.5614
0.0441,0.0000,0.0000,0.0000,0.0441,0.0000,200,0.5813
0.0392,0.0000,0.0000,0.0000,0.0390,0.0000,200,0.5869
0.0067,0.0000,0.0000,0.0000,0.0065,0.0000,200,0.6209
0.0251,0.0000,0.0000,0.0000,0.0251,0.0000,200,0.6025
0.0177,0.0000,0.0000,0.0000,0.0177,0.0000,200,0.6099
0.0121,0.0000,0.0000,0.0000,0.0120,0.0000,200,0.6156
0.0085,0.0000,0.0000,0.0000,0.0084,0.0000,200,0.6196
0.0283,0.0000,0.0000,0.0000,0.0282,0.0000,200,0.6004
0.0047,0.0000,0.0000,0.0000,0.0047,0.0000,200,0.6247
0.0148,0.0000,0.0000,0.0000,0.0148,0.0000,200,0.6155
0.0190,0.0000,0.0000,0.0000,0.0190,0.0000,200,0.6118
0.0146,0.0000,0.0000,0.0001,0.0144,0.0001,200,0.6165
0.0716,0.0000,0.0000,0.0000,0.0715,0.0000,200,0.5598
0.0081,0.0000,0.0000,0.0000,0.0078,0.0001,200,0.6235
0.0026,0.0000,0.0000,0.0000,0.0024,0.0001,200,0.6294
0.0140,0.0000,0.0000,0.0000,0.0139,0.0000,200,0.6188
0.0179,0.0000,0.0000,0.0000,0.0177,0.0001,200,0.6152
0.0424,0.0000,0.0000,0.0000,0.0423,0.0000,200,0.5911
0.0378,0.0000,0.0000,0.0000,0.0377,0.0000,200,0.5957
0.0107,0.0000,0.0000,0.0000,0.0106,0.0000,200,0.6227
0.0064,0.0000,0.0000,0.0000,0.0063,0.0001,200,0.6276
0.0277,0.0000,0.0000,0.0000,0.0276,0.0000,200,0.6066
0.0487,0.0000,0.0000,0.0000,0.0486,0.0001,200,0.5859
0.0272,0.0000,0.0000,0.0000,0.0272,0.0000,200,0.6076
0.0262,0.0000,0.0000,0.0000,0.0261,0.0001,200,0.6091
0.0201,0.0000,0.0000,0.0000,0.0200,0.0000,200,0.6153
0.0162,0.0000,0.0000,0.0000,0.0160,0.0000,200,0.6201
0.0187,0.0000,0.0000,0.0000,0.0187,0.0000,200,0.6179
0.0246,0.0000,0.0000,0.0000,0.0245,0.0000,200,0.6125
0.0158,0.0000,0.0000,0.0000,0.0157,0.0000,200,0.6216
0.0772,0.0000,0.0000,0.0000,0.0771,0.0001,200,0.5608
0.0282,0.0000,0.0000,0.0000,0.0282,0.0000,200,0.6099
0.0168,0.0000,0.0000,0.0000,0.0167,0.0001,200,0.6219
0.0186,0.0000,0.0000,0.0000,0.0185,0.0000,200,0.6205
0.0558,0.0000,0.0000,0.0000,0.0557,0.0001,200,0.5837
0.0610,0.0000,0.0000,0.0000,0.0609,0.0000,200,0.5787
0.0122,0.0000,0.0000,0.0000,0.0122,0.0000,200,0.6280
0.0253,0.0000,0.0000,0.0000,0.0253,0.0000,200,0.6154
0.0267,0.0000,0.0000,0.0000,0.0266,0.0000,200,0.6152
0.0245,0.0000,0.0000,0.0000,0.0244,0.0000,200,0.6174
0.0236,0.0000,0.0000,0.0000,0.0236,0.0000,200,0.6184
0.0199,0.0000,0.0000,0.0000,0.0197,0.0001,200,0.6225
0.0043,0.0000,0.0000,0.0000,0.0042,0.0000,200,0.6387
0.0124,0.0000,0.0000,0.0004,0.0119,0.0000,200,0.6311
0.0079,0.0000,0.0000,0.0000,0.0078,0.0001,200,0.6363
0.0117,0.0000,0.0000,0.0000,0.0116,0.0001,200,0.6331
0.0297,0.0000,0.0000,0.0000,0.0297,0.0000,200,0.6154
0.0301,0.0000,0.0000,0.0000,0.0300,0.0000,200,0.6153
0.0171,0.0000,0.0000,0.0000,0.0170,0.0000,200,0.6287
0.0132,0.0000,0.0000,0.0000,0.0131,0.0000,200,0.6335
0.0317,0.0000,0.0000,0.0000,0.0317,0.0000,200,0.6155
0.0222,0.0000,0.0000,0.0000,0.0222,0.0000,200,0.6255
0.0101,0.0000,0.0000,0.0000,0.0100,0.0000,200,0.6380
0.0182,0.0000,0.0000,0.0000,0.0177,0.0000,200,0.6303
0.0164,0.0000,0.0000,0.0001,0.0162,0.0000,200,0.6327
0.0054,0.0000,0.0000,0.0000,0.0054,0.0000,200,0.6442
0.0170,0.0000,0.0000,0.0000,0.0169,0.0000,200,0.6335
0.0164,0.0000,0.0000,0.0000,0.0163,0.0000,200,0.6345
0.0411,0.0000,0.0000,0.0000,0.0410,0.0000,200,0.6107
0.0282,0.0000,0.0000,0.0000,0.0262,0.0019,200,0.6261
0.0229,0.0000,0.0000,0.0000,0.0227,0.0000,200,0.6316
0.0231,0.0000,0.0000,0.0000,0.0231,0.0000,200,0.6313
0.0035,0.0000,0.0000,0.0000,0.0035,0.0000,200,0.6509
0.0237,0.0000,0.0000,0.0000,0.0237,0.0000,200,0.6308
0.0148,0.0000,0.0000,0.0000,0.0148,0.0000,200,0.6397
0.0127,0.0000,0.0000,0.0002,0.0124,0.0000,200,0.6419
0.0055,0.0000,0.0000,0.0000,0.0054,0.0000,200,0.6491
0.0127,0.0000,0.0000,0.0000,0.0126,0.0000,200,0.6420
0.0178,0.0000,0.0000,0.0001,0.0176,0.0000,200,0.6375
0.0157,0.0000,0.0000,0.0000,0.0156,0.0001,200,0.6403
0.0289,0.0000,0.0000,0.0000,0.0289,0.0000,200,0.6276
0.0199,0.0000,0.0000,0.0000,0.0199,0.0000,200,0.6371
0.0090,0.0000,0.0000,0.0000,0.0089,0.0000,200,0.6485
0.0225,0.0000,0.0000,0.0000,0.0224,0.0000,200,0.6355
0.0565,0.0000,0.0000,0.0000,0.0564,0.0000,200,0.6022
0.0113,0.0000,0.0000,0.0000,0.0111,0.0002,200,0.6477
0.0167,0.0000,0.0000,0.0000,0.0167,0.0000,200,0.6424
0.0218,0.0000,0.0000,0.0000,0.0215,0.0001,200,0.6381
0.0131,0.0000,0.0000,0.0000,0.0130,0.0000,200,0.6472
0.0161,0.0000,0.0000,0.0001,0.0160,0.0000,200,0.6448
0.0224,0.0000,0.0000,0.0000,0.0223,0.0000,200,0.6391
0.0286,0.0000,0.0000,0.0000,0.0285,0.0000,200,0.6335
0.0415,0.0000,0.0000,0.0000,0.0415,0.0000,200,0.6213
0.0539,0.0000,0.0000,0.0000,0.0538,0.0000,200,0.6089
0.0090,0.0000,0.0000,0.0000,0.0089,0.0001,200,0.6545
0.0159,0.0000,0.0000,0.0000,0.0158,0.0001,200,0.6481
0.0188,0.0000,0.0000,0.0000,0.0187,0.0000,200,0.6454
0.0083,0.0000,0.0000,0.0000,0.0076,0.0007,200,0.6560
0.0413,0.0000,0.0000,0.0000,0.0412,0.0000,200,0.6240
0.0287,0.0000,0.0000,0.0000,0.0286,0.0001,200,0.6367
0.0226,0.0000,0.0000,0.0000,0.0225,0.0000,200,0.6430
0.0082,0.0000,0.0000,0.0000,0.0080,0.0001,200,0.6580
0.0230,0.0000,0.0000,0.0000,0.0229,0.0001,200,0.6435
0.0394,0.0000,0.0000,0.0000,0.0392,0.0000,200,0.6276
0.0039,0.0000,0.0000,0.0000,0.0036,0.0002,200,0.6635
0.0130,0.0000,0.0000,0.0000,0.0130,0.0000,200,0.6545
0.0126,0.0000,0.0000,0.0000,0.0126,0.0000,200,0.6553
0.0141,0.0000,0.0000,0.0000,0.0140,0.0000,200,0.6546
0.0271,0.0000,0.0000,0.0000,0.0270,0.0000,200,0.6420
0.0107,0.0000,0.0000,0.0000,0.0106,0.0000,200,0.6587
0.0087,0.0000,0.0000,0.0000,0.0087,0.0000,200,0.6615
0.0132,0.0000,0.0000,0.0000,0.0131,0.0001,200,0.6575
0.0140,0.0000,0.0000,0.0000,0.0138,0.0001,200,0.6570
0.0317,0.0000,0.0000,0.0000,0.0316,0.0000,200,0.6395
0.0171,0.0000,0.0000,0.0000,0.0169,0.0001,200,0.6545
0.0376,0.0000,0.0000,0.0000,0.0373,0.0002,200,0.6342
0.0113,0.0000,0.0000,0.0000,0.0111,0.0000,200,0.6609
0.0074,0.0000,0.0000,0.0000,0.0073,0.0001,200,0.6652
0.0225,0.0000,0.0000,0.0000,0.0224,0.0000,200,0.6504
0.0268,0.0000,0.0000,0.0000,0.0267,0.0001,200,0.6466
0.0082,0.0000,0.0000,0.0000,0.0081,0.0000,200,0.6654
0.0289,0.0000,0.0000,0.0000,0.0289,0.0000,200,0.6451
0.0201,0.0000,0.0000,0.0000,0.0200,0.0000,200,0.6546
0.0401,0.0000,0.0000,0.0000,0.0400,0.0000,200,0.6352
0.0087,0.0000,0.0000,0.0000,0.0086,0.0000,200,0.6670
0.0803,0.0000,0.0000,0.0000,0.0802,0.0000,200,0.5959
0.0500,0.0000,0.0000,0.0001,0.0499,0.0001,200,0.6276
0.0371,0.0000,0.0000,0.0000,0.0370,0.0000,200,0.6407
0.0146,0.0000,0.0000,0.0000,0.0145,0.0000,200,0.6656
0.0096,0.0000,0.0000,0.0000,0.0095,0.0000,200,0.6707
0.0162,0.0000,0.0000,0.0000,0.0162,0.0000,200,0.6641
0.0464,0.0000,0.0000,0.0000,0.0461,0.0003,200,0.6341
0.0457,0.0000,0.0000,0.0000,0.0456,0.0000,200,0.6349
0.0126,0.0000,0.0000,0.0000,0.0126,0.0000,200,0.6679
0.0264,0.0000,0.0000,0.0000,0.0262,0.0000,200,0.6542
0.0094,0.0000,0.0000,0.0000,0.0093,0.0000,200,0.6715
0.0265,0.0000,0.0000,0.0000,0.0264,0.0000,200,0.6546
0.0252,0.0000,0.0000,0.0000,0.0251,0.0000,200,0.6566
0.0022,0.0000,0.0000,0.0000,0.0018,0.0004,200,0.6802
0.0205,0.0000,0.0000,0.0000,0.0204,0.0001,200,0.6620
0.0241,0.0000,0.0000,0.0001,0.0239,0.0001,200,0.6590
0.0033,0.0000,0.0000,0.0000,0.0032,0.0001,200,0.6805
0.0131,0.0000,0.0000,0.0000,0.0130,0.0000,200,0.6712
0.0067,0.0000,0.0000,0.0000,0.0066,0.0001,200,0.6778
0.0114,0.0000,0.0000,0.0000,0.0113,0.0000,200,0.6734
0.0101,0.0000,0.0000,0.0000,0.0100,0.0000,200,0.6753
0.0232,0.0000,0.0000,0.0000,0.0231,0.0000,200,0.6628
0.0369,0.0000,0.0000,0.0000,0.0368,0.0000,200,0.6496
0.0324,0.0000,0.0000,0.0000,0.0323,0.0000,200,0.6545
0.0125,0.0000,0.0000,0.0000,0.0124,0.0000,200,0.6747
0.0141,0.0000,0.0000,0.0000,0.0140,0.0000,200,0.6736
0.0065,0.0000,0.0000,0.0000,0.0064,0.0001,200,0.6817
0.0080,0.0000,0.0000,0.0000,0.0079,0.0000,200,0.6806
0.0055,0.0000,0.0000,0.0000,0.0054,0.0000,200,0.6838
0.0735,0.0000,0.0000,0.0000,0.0734,0.0000,200,0.6163
0.0581,0.0000,0.0000,0.0000,0.0581,0.0000,200,0.6320
0.0308,0.0000,0.0000,0.0000,0.0307,0.0001,200,0.6599
0.0391,0.0000,0.0000,0.0000,0.0390,0.0000,200,0.6518
0.0186,0.0000,0.0000,0.0000,0.0185,0.0000,200,0.6729
0.0197,0.0000,0.0000,0.0000,0.0197,0.0000,200,0.6722
0.0332,0.0000,0.0000,0.0000,0.0331,0.0000,200,0.6591
0.0155,0.0000,0.0000,0.0000,0.0153,0.0000,200,0.6777
0.0111,0.0000,0.0000,0.0000,0.0111,0.0000,200,0.6825
0.0073,0.0000,0.0000,0.0000,0.0073,0.0000,200,0.6865
0.0317,0.0000,0.0000,0.0000,0.0315,0.0001,200,0.6628
0.0104,0.0000,0.0000,0.0000,0.0103,0.0000,200,0.6845
0.0276,0.0000,0.0000,0.0000,0.0276,0.0000,200,0.6675
0.0035,0.0000,0.0000,0.0000,0.0034,0.0001,200,0.6924
0.0277,0.0000,0.0000,0.0000,0.0276,0.0000,200,0.6687
0.0162,0.0000,0.0000,0.0000,0.0161,0.0000,200,0.6805
0.0124,0.0000,0.0000,0.0000,0.0123,0.0000,200,0.6848
0.0282,0.0000,0.0000,0.0000,0.0276,0.0000,200,0.6695
0.0171,0.0000,0.0000,0.0000,0.0171,0.0000,200,0.6811
0.0226,0.0000,0.0000,0.0000,0.0221,0.0000,200,0.6762
0.0275,0.0000,0.0000,0.0000,0.0275,0.0000,200,0.6718
0.0033,0.0000,0.0000,0.0000,0.0032,0.0000,200,0.6968
0.0091,0.0000,0.0000,0.0000,0.0090,0.0001,200,0.6915
0.0140,0.0000,0.0000,0.0000,0.0140,0.0000,200,0.6869
0.0284,0.0000,0.0000,0.0000,0.0283,0.0000,200,0.6726
0.0049,0.0000,0.0000,0.0000,0.0048,0.0000,200,0.6964
0.0415,0.0000,0.0000,0.0000,0.0415,0.0000,200,0.6603
0.0053,0.0000,0.0000,0.0000,0.0047,0.0000,200,0.6971
0.0087,0.0000,0.0000,0.0000,0.0086,0.0000,200,0.6939
0.0220,0.0000,0.0000,0.0000,0.0220,0.0000,200,0.6809
0.0042,0.0000,0.0000,0.0000,0.0041,0.0000,200,0.6993
0.0500,0.0000,0.0000,0.0000,0.0500,0.0000,200,0.6546
0.1053,0.0000,0.0000,0.0000,0.1052,0.0000,200,0.5994
0.0106,0.0000,0.0000,0.0000,0.0102,0.0000,200,0.6945
0.0120,0.0000,0.0000,0.0000,0.0119,0.0001,200,0.6937
0.0400,0.0000,0.0000,0.0000,0.0399,0.0001,200,0.6662
0.0116,0.0000,0.0000,0.0000,0.0116,0.0000,200,0.6949
0.0395,0.0000,0.0000,0.0000,0.0393,0.0001,200,0.6674
0.0057,0.0000,0.0000,0.0000,0.0056,0.0001,200,0.7019
0.0224,0.0000,0.0000,0.0000,0.0224,0.0001,200,0.6854
0.0221,0.0000,0.0000,0.0000,0.0220,0.0000,200,0.6860
0.0282,0.0000,0.0000,0.0000,0.0282,0.0000,200,0.6805
0.0400,0.0000,0.0000,0.0000,0.0399,0.0000,200,0.6691
0.0144,0.0000,0.0000,0.0000,0.0143,0.0001,200,0.6952
0.0343,0.0000,0.0000,0.0000,0.0342,0.0000,200,0.6757
0.0186,0.0000,0.0000,0.0000,0.0185,0.0000,200,0.6919
0.0047,0.0000,0.0000,0.0000,0.0047,0.0000,200,0.7062
0.0245,0.0000,0.0000,0.0000,0.0244,0.0000,200,0.6871
0.0380,0.0000,0.0000,0.0000,0.0379,0.0001,200,0.6741
0.0222,0.0000,0.0000,0.0000,0.0221,0.0001,200,0.6901
0.0103,0.0000,0.0000,0.0000,0.0102,0.0000,200,0.7026
0.0227,0.0000,0.0000,0.0000,0.0226,0.0000,200,0.6907
0.0070,0.0000,0.0000,0.0000,0.0069,0.0001,200,0.7070
0.0341,0.0000,0.0000,0.0000,0.0341,0.0000,200,0.6803
0.0325,0.0000,0.0000,0.0000,0.0324,0.0000,200,0.6825
0.0124,0.0000,0.0000,0.0000,0.0123,0.0001,200,0.7029
0.0260,0.0000,0.0000,0.0000,0.0259,0.0000,200,0.6897
0.0169,0.0000,0.0000,0.0000,0.0161,0.0007,200,0.7001
0.0188,0.0000,0.0000,0.0000,0.0187,0.0000,200,0.6982
0.0042,0.0000,0.0000,0.0000,0.0041,0.0000,200,0.7129
0.0345,0.0000,0.0000,0.0000,0.0344,0.0000,200,0.6831
0.0171,0.0000,0.0000,0.0002,0.0166,0.0001,200,0.7010
0.0175,0.0000,0.0000,0.0000,0.0174,0.0001,200,0.7013
0.0089,0.0000,0.0000,0.0000,0.0088,0.0000,200,0.7100
0.0057,0.0000,0.0000,0.0000,0.0056,0.0000,200,0.7134
0.0167,0.0000,0.0000,0.0000,0.0166,0.0000,200,0.7029
0.0326,0.0000,0.0000,0.0000,0.0326,0.0000,200,0.6877
0.0113,0.0000,0.0000,0.0000,0.0113,0.0000,200,0.7096
0.0112,0.0000,0.0000,0.0000,0.0111,0.0001,200,0.7105
0.0133,0.0000,0.0000,0.0000,0.0132,0.0000,200,0.7087
0.0101,0.0000,0.0000,0.0000,0.0100,0.0000,200,0.7123
0.0169,0.0000,0.0000,0.0000,0.0167,0.0001,200,0.7065
0.0525,0.0000,0.0000,0.0000,0.0524,0.0000,200,0.6710
0.0250,0.0000,0.0000,0.0000,0.0249,0.0000,200,0.6988
0.0048,0.0000,0.0000,0.0000,0.0047,0.0000,200,0.7196
0.0078,0.0000,0.0000,0.0000,0.0076,0.0001,200,0.7169
0.0358,0.0000,0.0000,0.0000,0.0358,0.0000,200,0.6892
0.0253,0.0000,0.0000,0.0000,0.0252,0.0001,200,0.7006
0.0353,0.0000,0.0000,0.0000,0.0353,0.0000,200,0.6909
0.0808,0.0000,0.0000,0.0000,0.0807,0.0000,200,0.6458
0.0127,0.0000,0.0000,0.0000,0.0125,0.0001,200,0.7145
0.0433,0.0000,0.0000,0.0000,0.0432,0.0000,200,0.6843
0.0126,0.0000,0.0000,0.0000,0.0125,0.0000,200,0.7154
0.0104,0.0000,0.0000,0.0000,0.0104,0.0000,200,0.7181
0.0018,0.0000,0.0000,0.0001,0.0017,0.0000,200,0.7271
0.0060,0.0000,0.0000,0.0000,0.0059,0.0000,200,0.7234
0.0182,0.0000,0.0000,0.0000,0.0181,0.0000,200,0.7116
0.0258,0.0000,0.0000,0.0000,0.0258,0.0000,200,0.7047
0.0424,0.0000,0.0000,0.0000,0.0421,0.0002,200,0.6886
0.0509,0.0000,0.0000,0.0000,0.0508,0.0000,200,0.6802
0.0672,0.0000,0.0000,0.0000,0.0671,0.0000,200,0.6642
0.0341,0.0000,0.0000,0.0000,0.0340,0.0000,200,0.6977
0.0162,0.0000,0.0000,0.0000,0.0161,0.0000,200,0.7157
0.0205,0.0000,0.0000,0.0001,0.0203,0.0001,200,0.7121
0.0022,0.0000,0.0000,0.0000,0.0021,0.0001,200,0.7310
0.0268,0.0000,0.0000,0.0000,0.0266,0.0001,200,0.7075
0.0684,0.0000,0.0000,0.0000,0.0684,0.0000,200,0.6665
0.0036,0.0000,0.0000,0.0000,0.0035,0.0000,200,0.7317
0.0059,0.0000,0.0000,0.0000,0.0058,0.0000,200,0.7298
0.0184,0.0000,0.0000,0.0000,0.0183,0.0000,200,0.7176
0.0314,0.0000,0.0000,0.0000,0.0312,0.0000,200,0.7051
0.0166,0.0000,0.0000,0.0000,0.0165,0.0000,200,0.7203
0.0156,0.0000,0.0000,0.0000,0.0155,0.0000,200,0.7217
0.0102,0.0000,0.0000,0.0000,0.0102,0.0000,200,0.7275
0.0173,0.0000,0.0000,0.0000,0.0172,0.0001,200,0.7209
0.0081,0.0000,0.0000,0.0000,0.0080,0.0000,200,0.7305
0.0508,0.0000,0.0000,0.0000,0.0508,0.0000,200,0.6882
0.0082,0.0000,0.0000,0.0000,0.0081,0.0001,200,0.7315
0.0345,0.0000,0.0000,0.0000,0.0344,0.0000,200,0.7056
0.0086,0.0000,0.0000,0.0001,0.0084,0.0001,200,0.7320
0.0158,0.0000,0.0000,0.0000,0.0156,0.0002,200,0.7247
0.0480,0.0000,0.0000,0.0000,0.0479,0.0000,200,0.6931
0.0309,0.0000,0.0000,0.0000,0.0309,0.0000,200,0.7110
0.0177,0.0000,0.0000,0.0000,0.0176,0.0000,200,0.7243
0.0205,0.0000,0.0000,0.0000,0.0205,0.0000,200,0.7220
0.0154,0.0000,0.0000,0.0000,0.0153,0.0001,200,0.7280
0.0797,0.0000,0.0000,0.0001,0.0796,0.0000,200,0.6643
0.0304,0.0000,0.0000,0.0000,0.0303,0.0000,200,0.7140
0.0070,0.0000,0.0000,0.0000,0.0069,0.0000,200,0.7378
0.0365,0.0000,0.0000,0.0000,0.0363,0.0001,200,0.7091
0.0023,0.0000,0.0000,0.0000,0.0023,0.0000,200,0.7434
0.0196,0.0000,0.0000,0.0000,0.0196,0.0000,200,0.7266
0.0140,0.0000,0.0000,0.0000,0.0140,0.0000,200,0.7327
0.0248,0.0000,0.0000,0.0000,0.0247,0.0001,200,0.7224
0.0238,0.0000,0.0000,0.0000,0.0237,0.0000,200,0.7238
0.0332,0.0000,0.0000,0.0000,0.0331,0.0001,200,0.7149
0.0154,0.0000,0.0000,0.0000,0.0152,0.0000,200,0.7333
0.0141,0.0000,0.0000,0.0000,0.0140,0.0000,200,0.7349
0.0413,0.0000,0.0000,0.0000,0.0412,0.0000,200,0.7081
0.0095,0.0000,0.0000,0.0000,0.0095,0.0000,200,0.7406
0.0336,0.0000,0.0000,0.0000,0.0336,0.0000,200,0.7170
0.0476,0.0000,0.0000,0.0000,0.0475,0.0000,200,0.7035
0.0330,0.0000,0.0000,0.0002,0.0324,0.0002,200,0.7188
0.0178,0.0000,0.0000,0.0000,0.0177,0.0000,200,0.7343
0.0822,0.0000,0.0000,0.0000,0.0821,0.0000,200,0.6702
0.0570,0.0000,0.0000,0.0000,0.0570,0.0000,200,0.6958
0.0245,0.0000,0.0000,0.0000,0.0244,0.0001,200,0.7289
0.0145,0.0000,0.0000,0.0000,0.0135,0.0001,200,0.7397
0.0124,0.0000,0.0000,0.0000,0.0123,0.0000,200,0.7421
0.0361,0.0000,0.0000,0.0000,0.0360,0.0000,200,0.7188
0.0091,0.0000,0.0000,0.0000,0.0090,0.0000,200,0.7462
0.0204,0.0000,0.0000,0.0000,0.0203,0.0000,200,0.7369
0.0200,0.0000,0.0000,0.0000,0.0200,0.0000,200,0.7373
0.0208,0.0000,0.0000,0.0001,0.0206,0.0000,200,0.7365
0.0323,0.0000,0.0000,0.0000,0.0323,0.0000,200,0.7251
0.0314,0.0000,0.0000,0.0000,0.0311,0.0002,200,0.7262
0.0103,0.0000,0.0000,0.0000,0.0102,0.0000,200,0.7476
0.0101,0.0000,0.0000,0.0000,0.0098,0.0002,200,0.7482
0.0202,0.0000,0.0000,0.0000,0.0202,0.0000,200,0.7386
0.0168,0.0000,0.0000,0.0000,0.0168,0.0000,200,0.7426
0.0056,0.0000,0.0000,0.0000,0.0056,0.0000,200,0.7542
0.0070,0.0000,0.0000,0.0000,0.0069,0.0000,200,0.7534
0.0297,0.0000,0.0000,0.0000,0.0296,0.0000,200,0.7312
0.0110,0.0000,0.0000,0.0000,0.0108,0.0001,200,0.7506
0.0539,0.0000,0.0000,0.0001,0.0538,0.0000,200,0.7078
0.0268,0.0000,0.0000,0.0000,0.0267,0.0000,200,0.7353
0.0107,0.0000,0.0000,0.0000,0.0106,0.0000,200,0.7518
0.0231,0.0000,0.0000,0.0000,0.0230,0.0000,200,0.7405
0.0143,0.0000,0.0000,0.0000,0.0142,0.0000,200,0.7494
0.0183,0.0000,0.0000,0.0000,0.0182,0.0001,200,0.7456
0.0196,0.0000,0.0000,0.0000,0.0195,0.0000,200,0.7444
0.0157,0.0000,0.0000,0.0000,0.0156,0.0000,200,0.7490
0.0366,0.0000,0.0000,0.0000,0.0365,0.0000,200,0.7285
0.0607,0.0000,0.0000,0.0000,0.0606,0.0000,200,0.7047
0.0151,0.0000,0.0000,0.0000,0.0150,0.0000,200,0.7506
0.0368,0.0000,0.0000,0.0000,0.0363,0.0001,200,0.7293
0.0311,0.0000,0.0000,0.0000,0.0309,0.0002,200,0.7357
0.0280,0.0000,0.0000,0.0000,0.0279,0.0000,200,0.7391
0.0103,0.0000,0.0000,0.0000,0.0103,0.0000,200,0.7573
0.0158,0.0000,0.0000,0.0001,0.0155,0.0000,200,0.7521
0.0271,0.0000,0.0000,0.0000,0.0270,0.0001,200,0.7412
0.0431,0.0000,0.0000,0.0000,0.0429,0.0001,200,0.7258
0.0235,0.0000,0.0000,0.0000,0.0235,0.0000,200,0.7458
0.0091,0.0000,0.0000,0.0000,0.0090,0.0001,200,0.7609
0.0181,0.0000,0.0000,0.0000,0.0180,0.0000,200,0.7524
0.0268,0.0000,0.0000,0.0000,0.0268,0.0000,200,0.7440
0.0544,0.0000,0.0000,0.0000,0.0544,0.0000,200,0.7170
0.0254,0.0000,0.0000,0.0000,0.0253,0.0001,200,0.7467
0.0718,0.0000,0.0000,0.0000,0.0716,0.0001,200,0.7009
0.0106,0.0000,0.0000,0.0001,0.0104,0.0001,200,0.7624
0.0028,0.0000,0.0000,0.0000,0.0026,0.0001,200,0.7709
0.0189,0.0000,0.0000,0.0000,0.0188,0.0000,200,0.7550
0.0029,0.0000,0.0000,0.0000,0.0028,0.0000,200,0.7715
0.0131,0.0000,0.0000,0.0000,0.0130,0.0000,200,0.7616
0.0354,0.0000,0.0000,0.0002,0.0351,0.0001,200,0.7401
0.0289,0.0000,0.0000,0.0000,0.0288,0.0000,200,0.7472
0.0118,0.0000,0.0000,0.0000,0.0117,0.0000,200,0.7647
0.0579,0.0000,0.0000,0.0000,0.0578,0.0000,200,0.7192
0.0128,0.0000,0.0000,0.0000,0.0127,0.0000,200,0.7651
0.0197,0.0000,0.0000,0.0000,0.0192,0.0000,200,0.7582
0.0426,0.0000,0.0000,0.0000,0.0425,0.0000,200,0.7360
0.0152,0.0000,0.0000,0.0000,0.0151,0.0001,200,0.7637
0.0175,0.0000,0.0000,0.0000,0.0174,0.0001,200,0.7617
0.0220,0.0000,0.0000,0.0000,0.0219,0.0000,200,0.7576
0.0232,0.0000,0.0000,0.0000,0.0232,0.0000,200,0.7573
0.0573,0.0000,0.0000,0.0000,0.0572,0.0000,200,0.7235
0.0367,0.0000,0.0000,0.0000,0.0366,0.0000,200,0.7448
0.0097,0.0000,0.0000,0.0000,0.0096,0.0000,200,0.7721
0.0313,0.0000,0.0000,0.0000,0.0312,0.0000,200,0.7512
0.0176,0.0000,0.0000,0.0000,0.0175,0.0001,200,0.7654
0.0152,0.0000,0.0000,0.0000,0.0151,0.0000,200,0.7683
0.0290,0.0000,0.0000,0.0000,0.0289,0.0000,200,0.7545
0.0047,0.0000,0.0000,0.0000,0.0046,0.0001,200,0.7796
0.0108,0.0000,0.0000,0.0000,0.0108,0.0000,200,0.7739
0.0065,0.0000,0.0000,0.0000,0.0064,0.0000,200,0.7789
0.0225,0.0000,0.0000,0.0001,0.0220,0.0004,200,0.7639
0.0139,0.0000,0.0000,0.0000,0.0138,0.0000,200,0.7726
0.0176,0.0000,0.0000,0.0000,0.0175,0.0000,200,0.7693
0.0489,0.0000,0.0000,0.0000,0.0489,0.0000,200,0.7383
0.0207,0.0000,0.0000,0.0000,0.0206,0.0001,200,0.7671
0.0286,0.0000,0.0000,0.0000,0.0285,0.0000,200,0.7598
0.0285,0.0000,0.0000,0.0000,0.0284,0.0000,200,0.7604
0.0257,0.0000,0.0000,0.0001,0.0255,0.0001,200,0.7640
0.0195,0.0000,0.0000,0.0000,0.0193,0.0001,200,0.7705
0.0375,0.0000,0.0000,0.0000,0.0375,0.0001,200,0.7529
0.0075,0.0000,0.0000,0.0000,0.0074,0.0000,200,0.7830
0.0234,0.0000,0.0000,0.0000,0.0233,0.0000,200,0.7676
0.0339,0.0000,0.0000,0.0000,0.0338,0.0000,200,0.7574
0.0181,0.0000,0.0000,0.0000,0.0180,0.0001,200,0.7736
0.0343,0.0000,0.0000,0.0000,0.0340,0.0000,200,0.7579
0.0267,0.0000,0.0000,0.0000,0.0266,0.0000,200,0.7661
0.0267,0.0000,0.0000,0.0000,0.0265,0.0001,200,0.7668
0.0385,0.0000,0.0000,0.0000,0.0384,0.0000,200,0.7553
0.0047,0.0000,0.0000,0.0000,0.0037,0.0009,200,0.7904
0.0294,0.0000,0.0000,0.0000,0.0293,0.0000,200,0.7658
0.0134,0.0000,0.0000,0.0000,0.0134,0.0000,200,0.7818
0.0088,0.0000,0.0000,0.0000,0.0086,0.0001,200,0.7869
0.0213,0.0000,0.0000,0.0000,0.0212,0.0000,200,0.7748
0.0119,0.0000,0.0000,0.0000,0.0118,0.0000,200,0.7847
0.0134,0.0000,0.0000,0.0000,0.0133,0.0001,200,0.7834
0.0214,0.0000,0.0000,0.0000,0.0214,0.0000,200,0.7755
0.0272,0.0000,0.0000,0.0000,0.0271,0.0001,200,0.7700
0.0197,0.0000,0.0000,0.0000,0.0195,0.0002,200,0.7779
0.0496,0.0000,0.0000,0.0000,0.0495,0.0000,200,0.7486
0.0109,0.0000,0.0000,0.0000,0.0108,0.0000,200,0.7878
0.0118,0.0000,0.0000,0.0000,0.0117,0.0001,200,0.7872
0.0073,0.0000,0.0000,0.0000,0.0072,0.0000,200,0.7922
0.0411,0.0000,0.0000,0.0000,0.0411,0.0000,200,0.7589
0.0232,0.0000,0.0000,0.0000,0.0232,0.0000,200,0.7771
0.0041,0.0000,0.0000,0.0000,0.0039,0.0000,200,0.7966
0.0205,0.0000,0.0000,0.0000,0.0204,0.0001,200,0.7808
0.0334,0.0000,0.0000,0.0000,0.0330,0.0004,200,0.7679
0.0275,0.0000,0.0000,0.0000,0.0273,0.0001,200,0.7743
0.0095,0.0000,0.0000,0.0000,0.0095,0.0000,200,0.7928
0.0266,0.0000,0.0000,0.0001,0.0264,0.0001,200,0.7765
0.0052,0.0000,0.0000,0.0000,0.0051,0.0001,200,0.7982
0.0625,0.0000,0.0000,0.0000,0.0624,0.0000,200,0.7419
0.0180,0.0000,0.0000,0.0000,0.0179,0.0000,200,0.7865
0.0070,0.0000,0.0000,0.0000,0.0069,0.0000,200,0.7978
0.0020,0.0000,0.0000,0.0000,0.0020,0.0001,200,0.8035
0.0146,0.0000,0.0000,0.0000,0.0144,0.0001,200,0.7913
0.0299,0.0000,0.0000,0.0000,0.0299,0.0000,200,0.7761
0.0053,0.0000,0.0000,0.0000,0.0052,0.0000,200,0.8013
0.0104,0.0000,0.0000,0.0000,0.0103,0.0001,200,0.7969
0.0141,0.0000,0.0000,0.0000,0.0140,0.0001,200,0.7934
0.0505,0.0000,0.0000,0.0000,0.0504,0.0000,200,0.7573
0.0202,0.0000,0.0000,0.0000,0.0200,0.0003,200,0.7884
0.0196,0.0000,0.0000,0.0000,0.0194,0.0002,200,0.7897
0.0302,0.0000,0.0000,0.0000,0.0301,0.0000,200,0.7792
0.0288,0.0000,0.0000,0.0000,0.0288,0.0000,200,0.7805
0.0050,0.0000,0.0000,0.0000,0.0049,0.0001,200,0.8049
0.0192,0.0000,0.0000,0.0000,0.0189,0.0000,200,0.7910
0.0169,0.0000,0.0000,0.0000,0.0169,0.0000,200,0.7938
0.0298,0.0000,0.0000,0.0000,0.0297,0.0000,200,0.7815
0.0211,0.0000,0.0000,0.0001,0.0209,0.0000,200,0.7906
0.0205,0.0000,0.0000,0.0000,0.0204,0.0000,200,0.7918
0.0539,0.0000,0.0000,0.0000,0.0531,0.0007,200,0.7594
0.0067,0.0000,0.0000,0.0000,0.0067,0.0000,200,0.8066
0.0121,0.0000,0.0000,0.0000,0.0120,0.0000,200,0.8013
0.0078,0.0000,0.0000,0.0000,0.0077,0.0000,200,0.8061
0.0451,0.0000,0.0000,0.0000,0.0451,0.0000,200,0.7689
0.0194,0.0000,0.0000,0.0000,0.0193,0.0000,200,0.7951
0.0040,0.0000,0.0000,0.0000,0.0039,0.0000,200,0.8133
0.0211,0.0000,0.0000,0.0001,0.0210,0.0000,200,0.7961
0.0274,0.0000,0.0000,0.0003,0.0271,0.0000,200,0.7899
0.0130,0.0000,0.0000,0.0000,0.0128,0.0001,200,0.8044
0.0349,0.0000,0.0000,0.0000,0.0349,0.0000,200,0.7825
0.0538,0.0000,0.0000,0.0000,0.0538,0.0000,200,0.7636
0.0177,0.0000,0.0000,0.0000,0.0170,0.0007,200,0.8003
0.0196,0.0000,0.0000,0.0000,0.0191,0.0005,200,0.7987
0.0097,0.0000,0.0000,0.0000,0.0096,0.0000,200,0.8107
0.0129,0.0000,0.0000,0.0000,0.0126,0.0000,200,0.8076
0.0187,0.0000,0.0000,0.0000,0.0187,0.0000,200,0.8018
0.0243,0.0000,0.0000,0.0000,0.0235,0.0009,200,0.7969
0.0041,0.0000,0.0000,0.0000,0.0041,0.0000,200,0.8173
0.0221,0.0000,0.0000,0.0000,0.0219,0.0002,200,0.7995
0.0440,0.0000,0.0000,0.0000,0.0439,0.0001,200,0.7779
0.0126,0.0000,0.0000,0.0000,0.0125,0.0001,200,0.8099
0.0171,0.0000,0.0000,0.0000,0.0168,0.0002,200,0.8060
0.0242,0.0000,0.0000,0.0000,0.0241,0.0000,200,0.7990
0.0213,0.0000,0.0000,0.0000,0.0212,0.0000,200,0.8023
0.0292,0.0000,0.0000,0.0000,0.0291,0.0000,200,0.7951
0.0076,0.0000,0.0000,0.0000,0.0047,0.0001,200,0.8174
0.0303,0.0000,0.0000,0.0000,0.0302,0.0000,200,0.7952
0.0391,0.0000,0.0000,0.0000,0.0390,0.0000,200,0.7865
0.0122,0.0000,0.0000,0.0000,0.0121,0.0001,200,0.8141
0.0188,0.0000,0.0000,0.0001,0.0187,0.0000,200,0.8078
0.0484,0.0000,0.0000,0.0000,0.0483,0.0000,200,0.7786
0.0055,0.0000,0.0000,0.0000,0.0054,0.0000,200,0.8225
0.0392,0.0000,0.0000,0.0000,0.0384,0.0006,200,0.7889
0.0194,0.0000,0.0000,0.0000,0.0194,0.0000,200,0.8094
0.0295,0.0000,0.0000,0.0000,0.0293,0.0001,200,0.8000
0.0204,0.0000,0.0000,0.0000,0.0202,0.0000,200,0.8093
0.0572,0.0000,0.0000,0.0000,0.0571,0.0001,200,0.7730
0.0122,0.0000,0.0000,0.0001,0.0121,0.0000,200,0.8183
0.0056,0.0000,0.0000,0.0000,0.0055,0.0000,200,0.8256
0.0044,0.0000,0.0000,0.0000,0.0043,0.0001,200,0.8270
0.0199,0.0000,0.0000,0.0000,0.0198,0.0000,200,0.8122
0.0081,0.0000,0.0000,0.0000,0.0081,0.0000,200,0.8243
0.0043,0.0000,0.0000,0.0000,0.0043,0.0001,200,0.8288
0.0482,0.0000,0.0000,0.0000,0.0481,0.0000,200,0.7854
0.0195,0.0000,0.0000,0.0000,0.0195,0.0000,200,0.8145
0.0116,0.0000,0.0000,0.0000,0.0115,0.0001,200,0.8230
0.0053,0.0000,0.0000,0.0000,0.0053,0.0000,200,0.8297
0.0220,0.0000,0.0000,0.0000,0.0219,0.0000,200,0.8133
0.0152,0.0000,0.0000,0.0000,0.0151,0.0001,200,0.8204
0.0519,0.0000,0.0000,0.0000,0.0517,0.0001,200,0.7843
0.0355,0.0000,0.0000,0.0001,0.0354,0.0000,200,0.8007
0.0118,0.0000,0.0000,0.0000,0.0117,0.0001,200,0.8250
0.0254,0.0000,0.0000,0.0000,0.0253,0.0000,200,0.8117
0.0163,0.0000,0.0000,0.0000,0.0162,0.0000,200,0.8214
0.0169,0.0000,0.0000,0.0000,0.0169,0.0000,200,0.8214
0.0074,0.0000,0.0000,0.0000,0.0072,0.0000,200,0.8314
0.0131,0.0000,0.0000,0.0000,0.0129,0.0000,200,0.8262
0.0087,0.0000,0.0000,0.0000,0.0086,0.0000,200,0.8311
0.0182,0.0000,0.0000,0.0000,0.0181,0.0000,200,0.8217
0.0171,0.0000,0.0000,0.0000,0.0170,0.0000,200,0.8232
0.0572,0.0000,0.0000,0.0002,0.0570,0.0000,200,0.7835
0.0278,0.0000,0.0000,0.0000,0.0277,0.0000,200,0.8134
0.0325,0.0000,0.0000,0.0001,0.0323,0.0000,200,0.8093
0.0250,0.0000,0.0000,0.0000,0.0249,0.0001,200,0.8173
0.0455,0.0000,0.0000,0.0000,0.0455,0.0000,200,0.7972
0.0224,0.0000,0.0000,0.0000,0.0223,0.0000,200,0.8219
0.0081,0.0000,0.0000,0.0000,0.0081,0.0000,200,0.8362
0.0067,0.0000,0.0000,0.0000,0.0066,0.0000,200,0.8377
0.0270,0.0000,0.0000,0.0000,0.0269,0.0000,200,0.8174
0.0310,0.0000,0.0000,0.0000,0.0309,0.0000,200,0.8138
0.0350,0.0000,0.0000,0.0000,0.0350,0.0000,200,0.8102
0.0830,0.0000,0.0000,0.0001,0.0829,0.0000,200,0.7625
0.0107,0.0000,0.0000,0.0000,0.0106,0.0001,200,0.8353
0.0072,0.0000,0.0000,0.0000,0.0072,0.0000,200,0.8393
0.0062,0.0000,0.0000,0.0000,0.0062,0.0000,200,0.8407
0.0391,0.0000,0.0000,0.0000,0.0388,0.0000,200,0.8087
0.0037,0.0000,0.0000,0.0000,0.0036,0.0001,200,0.8448
0.0253,0.0000,0.0000,0.0000,0.0253,0.0000,200,0.8236
0.0460,0.0000,0.0000,0.0000,0.0459,0.0001,200,0.8031
0.0452,0.0000,0.0000,0.0000,0.0451,0.0000,200,0.8045
0.0060,0.0000,0.0000,0.0000,0.0059,0.0001,200,0.8443
0.0139,0.0000,0.0000,0.0000,0.0139,0.0000,200,0.8368
0.0114,0.0000,0.0000,0.0000,0.0113,0.0000,200,0.8399
0.0263,0.0000,0.0000,0.0000,0.0262,0.0000,200,0.8256
0.0185,0.0000,0.0000,0.0000,0.0183,0.0001,200,0.8341
0.0350,0.0000,0.0000,0.0001,0.0348,0.0000,200,0.8180
0.0369,0.0000,0.0000,0.0001,0.0362,0.0001,200,0.8174
0.0181,0.0000,0.0000,0.0000,0.0180,0.0000,200,0.8362
0.0339,0.0000,0.0000,0.0000,0.0338,0.0000,200,0.8205
0.0147,0.0000,0.0000,0.0000,0.0146,0.0001,200,0.8398
0.0590,0.0000,0.0000,0.0000,0.0589,0.0001,200,0.7957
0.0087,0.0000,0.0000,0.0000,0.0085,0.0001,200,0.8465
0.0068,0.0000,0.0000,0.0000,0.0067,0.0000,200,0.8491
0.0077,0.0000,0.0000,0.0000,0.0076,0.0000,200,0.8486
0.0050,0.0000,0.0000,0.0000,0.0049,0.0000,200,0.8519
0.0399,0.0000,0.0000,0.0000,0.0399,0.0000,200,0.8174
0.0071,0.0000,0.0000,0.0000,0.0070,0.0000,200,0.8508
0.0044,0.0000,0.0000,0.0000,0.0043,0.0000,200,0.8544
0.0038,0.0000,0.0000,0.0000,0.0037,0.0000,200,0.8552
0.0052,0.0000,0.0000,0.0000,0.0051,0.0000,200,0.8543
0.0054,0.0000,0.0000,0.0000,0.0053,0.0000,200,0.8547
0.0164,0.0000,0.0000,0.0000,0.0163,0.0000,200,0.8443
0.0163,0.0000,0.0000,0.0000,0.0161,0.0000,200,0.8460
0.0417,0.0000,0.0000,0.0007,0.0410,0.0000,200,0.8205
0.0291,0.0000,0.0000,0.0000,0.0291,0.0000,200,0.8332
0.0568,0.0000,0.0000,0.0001,0.0566,0.0001,200,0.8055
0.0078,0.0000,0.0000,0.0000,0.0078,0.0000,200,0.8545
0.0051,0.0000,0.0000,0.0000,0.0050,0.0000,200,0.8573
0.0335,0.0000,0.0000,0.0000,0.0332,0.0001,200,0.8295
0.0205,0.0000,0.0000,0.0000,0.0204,0.0000,200,0.8428
0.0060,0.0000,0.0000,0.0000,0.0059,0.0001,200,0.8579
0.0376,0.0000,0.0000,0.0000,0.0375,0.0000,200,0.8266
0.0303,0.0000,0.0000,0.0000,0.0300,0.0002,200,0.8346
0.0293,0.0000,0.0000,0.0000,0.0292,0.0000,200,0.8356
0.0318,0.0000,0.0000,0.0000,0.0317,0.0000,200,0.8335
0.0583,0.0000,0.0000,0.0000,0.0582,0.0000,200,0.8073
0.0548,0.0000,0.0000,0.0000,0.0547,0.0000,200,0.8113
0.0044,0.0000,0.0000,0.0000,0.0042,0.0002,200,0.8623
0.0346,0.0000,0.0000,0.0000,0.0344,0.0000,200,0.8324
0.0053,0.0000,0.0000,0.0000,0.0050,0.0002,200,0.8623
0.0292,0.0000,0.0000,0.0000,0.0291,0.0000,200,0.8388
0.0299,0.0000,0.0000,0.0000,0.0298,0.0001,200,0.8383
0.0157,0.0000,0.0000,0.0000,0.0156,0.0001,200,0.8530
0.0149,0.0000,0.0000,0.0000,0.0149,0.0000,200,0.8543
0.0396,0.0000,0.0000,0.0000,0.0395,0.0000,200,0.8302
0.0260,0.0000,0.0000,0.0000,0.0259,0.0000,200,0.8443
0.0389,0.0000,0.0000,0.0000,0.0388,0.0000,200,0.8321
0.0220,0.0000,0.0000,0.0000,0.0219,0.0000,200,0.8490
0.0091,0.0000,0.0000,0.0000,0.0090,0.0000,200,0.8624
0.0071,0.0000,0.0000,0.0000,0.0071,0.0000,200,0.8649
0.0304,0.0000,0.0000,0.0001,0.0302,0.0000,200,0.8423
0.0130,0.0000,0.0000,0.0000,0.0129,0.0000,200,0.8601
0.0094,0.0000,0.0000,0.0000,0.0093,0.0000,200,0.8642
0.0269,0.0000,0.0000,0.0000,0.0269,0.0000,200,0.8470
0.0056,0.0000,0.0000,0.0001,0.0053,0.0000,200,0.8687
0.0190,0.0000,0.0000,0.0000,0.0189,0.0000,200,0.8559
0.0299,0.0000,0.0000,0.0000,0.0299,0.0000,200,0.8455
0.0480,0.0000,0.0000,0.0000,0.0479,0.0001,200,0.8280
0.0395,0.0000,0.0000,0.0000,0.0394,0.0001,200,0.8371
0.0088,0.0000,0.0000,0.0000,0.0085,0.0002,200,0.8683
0.0422,0.0000,0.0000,0.0000,0.0422,0.0000,200,0.8350
0.0104,0.0000,0.0000,0.0000,0.0102,0.0002,200,0.8676
0.0107,0.0000,0.0000,0.0000,0.0106,0.0000,200,0.8680
0.0090,0.0000,0.0000,0.0000,0.0089,0.0001,200,0.8703
0.0143,0.0000,0.0000,0.0000,0.0142,0.0001,200,0.8653
0.0493,0.0000,0.0000,0.0000,0.0492,0.0000,200,0.8305
0.0176,0.0000,0.0000,0.0000,0.0175,0.0000,200,0.8632
0.0192,0.0000,0.0000,0.0000,0.0191,0.0000,200,0.8623
0.0318,0.0000,0.0000,0.0000,0.0313,0.0000,200,0.8504
0.0314,0.0000,0.0000,0.0000,0.0314,0.0000,200,0.8513
0.0243,0.0000,0.0000,0.0000,0.0242,0.0000,200,0.8587
0.0210,0.0000,0.0000,0.0000,0.0208,0.0000,200,0.8624
0.0312,0.0000,0.0000,0.0001,0.0311,0.0001,200,0.8526
0.0180,0.0000,0.0000,0.0000,0.0177,0.0000,200,0.8661
0.0075,0.0000,0.0000,0.0002,0.0072,0.0000,200,0.8772
0.0121,0.0000,0.0000,0.0000,0.0118,0.0001,200,0.8731
0.0210,0.0000,0.0000,0.0000,0.0209,0.0001,200,0.8649
0.0301,0.0000,0.0000,0.0000,0.0301,0.0000,200,0.8562
0.0452,0.0000,0.0000,0.0000,0.0452,0.0000,200,0.8418
0.0474,0.0000,0.0000,0.0000,0.0473,0.0000,200,0.8403
0.0290,0.0000,0.0000,0.0000,0.0289,0.0000,200,0.8590
0.0256,0.0000,0.0000,0.0000,0.0255,0.0001,200,0.8629
0.0246,0.0000,0.0000,0.0002,0.0244,0.0000,200,0.8639
0.0294,0.0000,0.0000,0.0000,0.0293,0.0001,200,0.8595
0.0322,0.0000,0.0000,0.0000,0.0321,0.0001,200,0.8568
0.0197,0.0000,0.0000,0.0000,0.0196,0.0001,200,0.8698
0.0300,0.0000,0.0000,0.0000,0.0299,0.0000,200,0.8607
0.0044,0.0000,0.0000,0.0000,0.0044,0.0000,200,0.8870
0.0635,0.0000,0.0000,0.0000,0.0632,0.0002,200,0.8281
0.0479,0.0000,0.0000,0.0002,0.0477,0.0000,200,0.8443
0.0431,0.0000,0.0000,0.0000,0.0430,0.0000,200,0.8497
0.0519,0.0000,0.0000,0.0000,0.0518,0.0001,200,0.8413
0.0164,0.0000,0.0000,0.0001,0.0162,0.0000,200,0.8770
0.0111,0.0000,0.0000,0.0000,0.0110,0.0000,200,0.8827
0.0226,0.0000,0.0000,0.0000,0.0226,0.0000,200,0.8715
0.0280,0.0000,0.0000,0.0000,0.0280,0.0000,200,0.8666
0.0129,0.0000,0.0000,0.0000,0.0128,0.0000,200,0.8821
0.0210,0.0000,0.0000,0.0000,0.0210,0.0000,200,0.8743
0.0236,0.0000,0.0000,0.0000,0.0235,0.0000,200,0.8721
0.0509,0.0000,0.0000,0.0000,0.0508,0.0000,200,0.8453
0.0167,0.0000,0.0000,0.0000,0.0166,0.0000,200,0.8798
0.0160,0.0000,0.0000,0.0000,0.0160,0.0000,200,0.8808
0.0096,0.0000,0.0000,0.0000,0.0095,0.0000,200,0.8877
0.0213,0.0000,0.0000,0.0000,0.0213,0.0000,200,0.8766
0.0091,0.0000,0.0000,0.0000,0.0090,0.0001,200,0.8895
0.0211,0.0000,0.0000,0.0000,0.0210,0.0000,200,0.8796
0.0117,0.0000,0.0000,0.0000,0.0117,0.0000,200,0.8890
0.0054,0.0000,0.0000,0.0000,0.0037,0.0016,200,0.8953
0.0298,0.0000,0.0000,0.0000,0.0298,0.0000,200,0.8710
0.0352,0.0000,0.0000,0.0000,0.0351,0.0000,200,0.8657
0.0385,0.0000,0.0000,0.0000,0.0384,0.0000,200,0.8624
0.0303,0.0000,0.0000,0.0000,0.0302,0.0000,200,0.8710
0.0240,0.0000,0.0000,0.0000,0.0238,0.0001,200,0.8780
0.0237,0.0000,0.0000,0.0000,0.0236,0.0000,200,0.8787
0.0274,0.0000,0.0000,0.0000,0.0273,0.0000,200,0.8754
0.0091,0.0000,0.0000,0.0000,0.0090,0.0001,200,0.8941
0.0180,0.0000,0.0000,0.0000,0.0178,0.0001,200,0.8864
0.0283,0.0000,0.0000,0.0000,0.0283,0.0000,200,0.8760
0.0079,0.0000,0.0000,0.0000,0.0078,0.0001,200,0.8965
0.0239,0.0000,0.0000,0.0000,0.0238,0.0001,200,0.8815
0.0029,0.0000,0.0000,0.0000,0.0029,0.0000,200,0.9028
0.0366,0.0000,0.0000,0.0000,0.0365,0.0001,200,0.8698
0.0343,0.0000,0.0000,0.0000,0.0342,0.0002,200,0.8727
0.0137,0.0000,0.0000,0.0000,0.0136,0.0000,200,0.8935
0.0102,0.0000,0.0000,0.0000,0.0101,0.0000,200,0.8973
0.0173,0.0000,0.0000,0.0000,0.0171,0.0001,200,0.8907
0.0222,0.0000,0.0000,0.0000,0.0222,0.0000,200,0.8859
0.0236,0.0000,0.0000,0.0001,0.0235,0.0000,200,0.8851
0.0425,0.0000,0.0000,0.0000,0.0424,0.0000,200,0.8670
0.0306,0.0000,0.0000,0.0000,0.0306,0.0000,200,0.8794
0.0120,0.0000,0.0000,0.0000,0.0119,0.0000,200,0.8986
0.0183,0.0000,0.0000,0.0000,0.0183,0.0000,200,0.8928
0.0052,0.0000,0.0000,0.0000,0.0051,0.0001,200,0.9064
0.0106,0.0000,0.0000,0.0000,0.0105,0.0000,200,0.9013
0.0387,0.0000,0.0000,0.0000,0.0386,0.0000,200,0.8736
0.0182,0.0000,0.0000,0.0000,0.0176,0.0006,200,0.8950
0.0164,0.0000,0.0000,0.0000,0.0164,0.0000,200,0.8968
0.0305,0.0000,0.0000,0.0000,0.0304,0.0001,200,0.8830
0.0099,0.0000,0.0000,0.0000,0.0098,0.0001,200,0.9044
0.0310,0.0000,0.0000,0.0000,0.0306,0.0000,200,0.8838
0.0240,0.0000,0.0000,0.0000,0.0239,0.0001,200,0.8915
0.0278,0.0000,0.0000,0.0000,0.0274,0.0001,200,0.8885
0.0229,0.0000,0.0000,0.0000,0.0229,0.0000,200,0.8938
0.0131,0.0000,0.0000,0.0000,0.0130,0.0001,200,0.9043
0.0342,0.0000,0.0000,0.0000,0.0341,0.0001,200,0.8834
0.0074,0.0000,0.0000,0.0000,0.0073,0.0001,200,0.9106
0.0708,0.0000,0.0000,0.0000,0.0707,0.0000,200,0.8478
0.0104,0.0000,0.0000,0.0000,0.0103,0.0001,200,0.9087
0.0354,0.0000,0.0000,0.0000,0.0351,0.0002,200,0.8841
0.0318,0.0000,0.0000,0.0001,0.0314,0.0001,200,0.8880
0.0084,0.0000,0.0000,0.0000,0.0084,0.0000,200,0.9119
0.0203,0.0000,0.0000,0.0000,0.0202,0.0001,200,0.9007
0.0208,0.0000,0.0000,0.0000,0.0208,0.0000,200,0.9008
0.0304,0.0000,0.0000,0.0000,0.0302,0.0000,200,0.8915
0.0293,0.0000,0.0000,0.0000,0.0292,0.0001,200,0.8932
0.0151,0.0000,0.0000,0.0000,0.0150,0.0001,200,0.9079
0.0071,0.0000,0.0000,0.0000,0.0071,0.0000,200,0.9167
0.0171,0.0000,0.0000,0.0000,0.0168,0.0001,200,0.9071
0.0056,0.0000,0.0000,0.0001,0.0054,0.0000,200,0.9191
0.0089,0.0000,0.0000,0.0000,0.0088,0.0000,200,0.9163
0.0082,0.0000,0.0000,0.0001,0.0080,0.0000,200,0.9174
0.0083,0.0000,0.0000,0.0001,0.0081,0.0000,200,0.9180
0.0128,0.0000,0.0000,0.0000,0.0118,0.0010,200,0.9148
0.0195,0.0000,0.0000,0.0000,0.0195,0.0000,200,0.9081
0.0134,0.0000,0.0000,0.0000,0.0133,0.0000,200,0.9143
0.0529,0.0000,0.0000,0.0000,0.0528,0.0000,200,0.8748
0.0299,0.0000,0.0000,0.0000,0.0298,0.0000,200,0.8980
0.0153,0.0000,0.0000,0.0000,0.0152,0.0000,200,0.9132
0.0284,0.0000,0.0000,0.0000,0.0283,0.0000,200,0.9009
0.0238,0.0000,0.0000,0.0000,0.0238,0.0000,200,0.9057
0.0147,0.0000,0.0000,0.0000,0.0145,0.0002,200,0.9155
0.0579,0.0000,0.0000,0.0000,0.0578,0.0000,200,0.8739
0.0434,0.0000,0.0000,0.0000,0.0430,0.0001,200,0.8885
0.0214,0.0000,0.0000,0.0000,0.0212,0.0002,200,0.9111
0.0303,0.0000,0.0000,0.0000,0.0302,0.0000,200,0.9024
0.0480,0.0000,0.0000,0.0001,0.0479,0.0000,200,0.8852
0.0098,0.0000,0.0000,0.0000,0.0090,0.0007,200,0.9247
0.0079,0.0000,0.0000,0.0000,0.0076,0.0000,200,0.9276
0.0474,0.0000,0.0000,0.0000,0.0473,0.0000,200,0.8889
0.0313,0.0000,0.0000,0.0000,0.0313,0.0000,200,0.9100
0.0405,0.0000,0.0000,0.0000,0.0405,0.0000,200,0.9009
0.0081,0.0000,0.0000,0.0000,0.0081,0.0000,200,0.9332
0.0113,0.0000,0.0000,0.0000,0.0112,0.0000,200,0.9300
0.0183,0.0000,0.0000,0.0001,0.0182,0.0000,200,0.9231
0.0220,0.0000,0.0000,0.0000,0.0219,0.0000,200,0.9195
0.0137,0.0000,0.0000,0.0000,0.0136,0.0000,200,0.9278
0.0361,0.0000,0.0000,0.0000,0.0360,0.0000,200,0.9054
0.0300,0.0000,0.0000,0.0001,0.0299,0.0000,200,0.9115
0.0230,0.0000,0.0000,0.0000,0.0229,0.0000,200,0.9186
0.0280,0.0000,0.0000,0.0000,0.0280,0.0000,200,0.9136
0.0114,0.0000,0.0000,0.0001,0.0113,0.0000,200,0.9302
0.0384,0.0000,0.0000,0.0000,0.0384,0.0000,200,0.9032
0.0342,0.0000,0.0000,0.0000,0.0340,0.0000,200,0.9075
0.0170,0.0000,0.0000,0.0000,0.0168,0.0002,200,0.9247
0.0476,0.0000,0.0000,0.0000,0.0475,0.0000,200,0.8947
0.0306,0.0000,0.0000,0.0000,0.0305,0.0000,200,0.9123
0.0364,0.0000,0.0000,0.0000,0.0363,0.0000,200,0.9070
0.0343,0.0000,0.0000,0.0000,0.0342,0.0000,200,0.9095
0.0233,0.0000,0.0000,0.0000,0.0232,0.0000,200,0.9210
0.0225,0.0000,0.0000,0.0000,0.0224,0.0001,200,0.9225
0.0195,0.0000,0.0000,0.0000,0.0194,0.0000,200,0.9262
0.0043,0.0000,0.0000,0.0000,0.0043,0.0000,200,0.9416
0.0246,0.0000,0.0000,0.0000,0.0239,0.0003,200,0.9219
0.0458,0.0000,0.0000,0.0000,0.0457,0.0000,200,0.9008
0.0340,0.0000,0.0000,0.0000,0.0340,0.0000,200,0.9133
0.0162,0.0000,0.0000,0.0000,0.0160,0.0001,200,0.9318
0.0279,0.0000,0.0000,0.0000,0.0279,0.0000,200,0.9203
0.0070,0.0000,0.0000,0.0000,0.0070,0.0000,200,0.9415
0.0073,0.0000,0.0000,0.0000,0.0072,0.0000,200,0.9414
0.0077,0.0000,0.0000,0.0000,0.0076,0.0001,200,0.9415
0.0296,0.0000,0.0000,0.0000,0.0295,0.0001,200,0.9198
0.0573,0.0000,0.0000,0.0001,0.0572,0.0000,200,0.8923
0.0221,0.0000,0.0000,0.0002,0.0219,0.0000,200,0.9279
0.0249,0.0000,0.0000,0.0000,0.0248,0.0000,200,0.9256
0.0546,0.0000,0.0000,0.0000,0.0545,0.0000,200,0.8961
0.0097,0.0000,0.0000,0.0000,0.0095,0.0001,200,0.9414
0.0297,0.0000,0.0000,0.0000,0.0297,0.0000,200,0.9216
0.0058,0.0000,0.0000,0.0000,0.0054,0.0003,200,0.9457
0.0562,0.0000,0.0000,0.0001,0.0560,0.0001,200,0.8957
0.0108,0.0000,0.0000,0.0000,0.0108,0.0000,200,0.9416
0.0073,0.0000,0.0000,0.0000,0.0072,0.0000,200,0.9451
0.0185,0.0000,0.0000,0.0000,0.0181,0.0003,200,0.9345
0.0245,0.0000,0.0000,0.0000,0.0244,0.0000,200,0.9285
0.0206,0.0000,0.0000,0.0000,0.0205,0.0001,200,0.9327
0.0514,0.0000,0.0000,0.0000,0.0513,0.0000,200,0.9019
0.0119,0.0000,0.0000,0.0000,0.0118,0.0001,200,0.9416
0.0360,0.0000,0.0000,0.0000,0.0360,0.0000,200,0.9177
0.0103,0.0000,0.0000,0.0000,0.0102,0.0000,200,0.9438
0.0142,0.0000,0.0000,0.0000,0.0128,0.0013,200,0.9415
0.0550,0.0000,0.0000,0.0000,0.0538,0.0011,200,0.9008
0.0311,0.0000,0.0000,0.0000,0.0307,0.0003,200,0.9251
0.0332,0.0000,0.0000,0.0000,0.0322,0.0010,200,0.9239
0.0301,0.0000,0.0000,0.0000,0.0301,0.0000,200,0.9278
0.0066,0.0000,0.0000,0.0000,0.0059,0.0007,200,0.9511
0.0261,0.0000,0.0000,0.0000,0.0254,0.0006,200,0.9319
0.0219,0.0000,0.0000,0.0000,0.0213,0.0006,200,0.9362
0.0090,0.0000,0.0000,0.0000,0.0078,0.0012,200,0.9496
0.0543,0.0000,0.0000,0.0000,0.0538,0.0005,200,0.9043
0.0087,0.0000,0.0000,0.0000,0.0074,0.0013,200,0.9500
0.0165,0.0000,0.0000,0.0000,0.0165,0.0000,200,0.9423
0.0312,0.0000,0.0000,0.0000,0.0297,0.0014,200,0.9277
0.0173,0.0000,0.0000,0.0000,0.0173,0.0000,200,0.9416
0.0265,0.0000,0.0000,0.0000,0.0264,0.0000,200,0.9325
0.0097,0.0000,0.0000,0.0000,0.0097,0.0000,200,0.9495
0.0122,0.0000,0.0000,0.0000,0.0114,0.0007,200,0.9480
0.0066,0.0000,0.0000,0.0000,0.0065,0.0000,200,0.9537
0.0144,0.0000,0.0000,0.0004,0.0139,0.0000,200,0.9459
0.0193,0.0000,0.0000,0.0000,0.0193,0.0000,200,0.9415
0.0137,0.0000,0.0000,0.0000,0.0136,0.0000,200,0.9486
0.0333,0.0000,0.0000,0.0000,0.0331,0.0002,200,0.9293
0.0102,0.0000,0.0000,0.0000,0.0102,0.0000,200,0.9524
0.0113,0.0000,0.0000,0.0001,0.0108,0.0002,200,0.9515
0.0214,0.0000,0.0000,0.0000,0.0214,0.0000,200,0.9414
0.0113,0.0000,0.0000,0.0000,0.0112,0.0001,200,0.9519
0.0074,0.0000,0.0000,0.0005,0.0069,0.0000,200,0.9562
0.0198,0.0000,0.0000,0.0000,0.0197,0.0000,200,0.9443
0.0062,0.0000,0.0000,0.0000,0.0059,0.0000,200,0.9584
0.0299,0.0000,0.0000,0.0001,0.0298,0.0000,200,0.9355
0.0152,0.0000,0.0000,0.0000,0.0151,0.0000,200,0.9505
0.0244,0.0000,0.0000,0.0000,0.0243,0.0000,200,0.9416
0.0232,0.0000,0.0000,0.0000,0.0230,0.0000,200,0.9435
0.0086,0.0000,0.0000,0.0000,0.0085,0.0001,200,0.9586
0.0097,0.0000,0.0000,0.0006,0.0090,0.0000,200,0.9579
0.0081,0.0000,0.0000,0.0000,0.0080,0.0000,200,0.9603
0.0178,0.0000,0.0000,0.0000,0.0178,0.0000,200,0.9507
0.0062,0.0000,0.0000,0.0000,0.0061,0.0001,200,0.9632
0.0174,0.0000,0.0000,0.0000,0.0173,0.0001,200,0.9524
0.0018,0.0000,0.0000,0.0000,0.0017,0.0001,200,0.9684
0.0172,0.0000,0.0000,0.0000,0.0172,0.0000,200,0.9533
0.0122,0.0000,0.0000,0.0000,0.0122,0.0000,200,0.9588
0.0127,0.0000,0.0000,0.0001,0.0125,0.0001,200,0.9589
0.0131,0.0000,0.0000,0.0000,0.0130,0.0000,200,0.9588
0.0190,0.0000,0.0000,0.0000,0.0190,0.0000,200,0.9530
0.0049,0.0000,0.0000,0.0000,0.0048,0.0000,200,0.9679
0.0085,0.0000,0.0000,0.0000,0.0084,0.0000,200,0.9646
0.0133,0.0000,0.0000,0.0000,0.0132,0.0000,200,0.9603
0.0259,0.0000,0.0000,0.0000,0.0258,0.0000,200,0.9483
0.0118,0.0000,0.0000,0.0000,0.0116,0.0000,200,0.9628
0.0096,0.0000,0.0000,0.0000,0.0094,0.0001,200,0.9657
0.0186,0.0000,0.0000,0.0002,0.0182,0.0001,200,0.9571
0.0052,0.0000,0.0000,0.0000,0.0051,0.0000,200,0.9710
0.0301,0.0000,0.0000,0.0000,0.0300,0.0000,200,0.9465
0.0036,0.0000,0.0000,0.0004,0.0030,0.0001,200,0.9731
0.0215,0.0000,0.0000,0.0011,0.0183,0.0001,200,0.9558
0.0304,0.0000,0.0000,0.0000,0.0303,0.0001,200,0.9473
0.0154,0.0000,0.0000,0.0000,0.0153,0.0001,200,0.9628
0.0110,0.0000,0.0000,0.0000,0.0109,0.0000,200,0.9685
0.0282,0.0000,0.0000,0.0000,0.0282,0.0000,200,0.9513
0.0259,0.0000,0.0000,0.0003,0.0240,0.0000,200,0.9541
0.0270,0.0000,0.0000,0.0000,0.0270,0.0000,200,0.9533
0.0382,0.0000,0.0000,0.0000,0.0381,0.0001,200,0.9428
0.0087,0.0000,0.0000,0.0000,0.0086,0.0000,200,0.9728
0.0064,0.0000,0.0000,0.0000,0.0063,0.0000,200,0.9763
0.0175,0.0000,0.0000,0.0000,0.0174,0.0000,200,0.9654
0.0416,0.0000,0.0000,0.0000,0.0416,0.0000,200,0.9415
0.0245,0.0000,0.0000,0.0000,0.0245,0.0000,200,0.9592
0.0205,0.0000,0.0000,0.0000,0.0204,0.0001,200,0.9637
0.0089,0.0000,0.0000,0.0000,0.0088,0.0000,200,0.9756
0.0133,0.0000,0.0000,0.0002,0.0130,0.0001,200,0.9716
0.0323,0.0000,0.0000,0.0000,0.0322,0.0000,200,0.9530
0.0156,0.0000,0.0000,0.0000,0.0155,0.0000,200,0.9702
0.0378,0.0000,0.0000,0.0000,0.0376,0.0002,200,0.9485
0.0242,0.0000,0.0000,0.0000,0.0241,0.0001,200,0.9626
0.0182,0.0000,0.0000,0.0000,0.0181,0.0001,200,0.9694
0.0345,0.0000,0.0000,0.0000,0.0342,0.0001,200,0.9535
0.0330,0.0000,0.0000,0.0003,0.0326,0.0000,200,0.9557
0.0284,0.0000,0.0000,0.0000,0.0283,0.0000,200,0.9609
0.0192,0.0000,0.0000,0.0000,0.0192,0.0000,200,0.9705
0.0317,0.0000,0.0000,0.0001,0.0315,0.0000,200,0.9586
0.0091,0.0000,0.0000,0.0000,0.0090,0.0001,200,0.9815
0.0330,0.0000,0.0000,0.0001,0.0326,0.0000,200,0.9580
0.0243,0.0000,0.0000,0.0000,0.0242,0.0001,200,0.9676
0.0127,0.0000,0.0000,0.0000,0.0127,0.0000,200,0.9795
0.0130,0.0000,0.0000,0.0000,0.0129,0.0001,200,0.9796
0.0209,0.0000,0.0000,0.0000,0.0207,0.0001,200,0.9719
0.0265,0.0000,0.0000,0.0000,0.0265,0.0000,200,0.9666
0.0334,0.0000,0.0000,0.0000,0.0333,0.0000,200,0.9602
0.0279,0.0000,0.0000,0.0000,0.0279,0.0000,200,0.9660
0.0105,0.0000,0.0000,0.0002,0.0102,0.0001,200,0.9842
0.0172,0.0000,0.0000,0.0000,0.0171,0.0000,200,0.9777
0.0190,0.0000,0.0000,0.0000,0.0189,0.0000,200,0.9766
0.0062,0.0000,0.0000,0.0000,0.0061,0.0000,200,0.9898
0.0120,0.0000,0.0000,0.0001,0.0117,0.0000,200,0.9845
0.0554,0.0000,0.0000,0.0000,0.0553,0.0000,200,0.9414
0.0144,0.0000,0.0000,0.0000,0.0141,0.0000,200,0.9829
0.0562,0.0000,0.0000,0.0000,0.0561,0.0000,200,0.9415
0.0088,0.0000,0.0000,0.0000,0.0087,0.0000,200,0.9892
0.0109,0.0000,0.0000,0.0000,0.0108,0.0000,200,0.9876
0.0070,0.0000,0.0000,0.0000,0.0068,0.0001,200,0.9923
0.0262,0.0000,0.0000,0.0001,0.0261,0.0000,200,0.9736
0.0074,0.0000,0.0000,0.0000,0.0074,0.0000,200,0.9926
0.0045,0.0000,0.0000,0.0001,0.0044,0.0000,200,0.9967
0.0110,0.0000,0.0000,0.0000,0.0110,0.0000,200,0.9903
0.0521,0.0000,0.0000,0.0000,0.0520,0.0000,200,0.9491
0.0074,0.0000,0.0000,0.0000,0.0069,0.0005,200,0.9949
0.0173,0.0000,0.0000,0.0001,0.0171,0.0000,200,0.9850
0.0230,0.0000,0.0000,0.0000,0.0230,0.0000,200,0.9800
0.0200,0.0000,0.0000,0.0000,0.0199,0.0000,200,0.9837
0.0450,0.0000,0.0000,0.0000,0.0450,0.0000,200,0.9587
0.0105,0.0000,0.0000,0.0000,0.0105,0.0000,200,0.9936
0.0295,0.0000,0.0000,0.0000,0.0295,0.0000,200,0.9752
0.0145,0.0000,0.0000,0.0000,0.0144,0.0000,200,0.9907
0.0179,0.0000,0.0000,0.0000,0.0178,0.0000,200,0.9880
0.0029,0.0000,0.0000,0.0000,0.0028,0.0000,200,1.0038
0.0328,0.0000,0.0000,0.0000,0.0327,0.0000,200,0.9741
0.0493,0.0000,0.0000,0.0000,0.0492,0.0000,200,0.9581
0.0191,0.0000,0.0000,0.0000,0.0190,0.0001,200,0.9886
0.0381,0.0000,0.0000,0.0000,0.0381,0.0000,200,0.9698
0.0109,0.0000,0.0000,0.0001,0.0108,0.0000,200,0.9973
0.0029,0.0000,0.0000,0.0000,0.0028,0.0000,200,1.0058
0.0627,0.0000,0.0000,0.0002,0.0624,0.0000,200,0.9465
0.0246,0.0000,0.0000,0.0000,0.0245,0.0000,200,0.9853
0.0144,0.0000,0.0000,0.0000,0.0143,0.0000,200,0.9960
0.0060,0.0000,0.0000,0.0000,0.0059,0.0000,200,1.0048
0.0100,0.0000,0.0000,0.0000,0.0099,0.0000,200,1.0013
0.0286,0.0000,0.0000,0.0000,0.0285,0.0000,200,0.9831
0.0496,0.0000,0.0000,0.0000,0.0496,0.0000,200,0.9626
0.0100,0.0000,0.0000,0.0000,0.0099,0.0001,200,1.0030
0.0065,0.0000,0.0000,0.0000,0.0063,0.0001,200,1.0069
0.0159,0.0000,0.0000,0.0000,0.0158,0.0000,200,0.9977
0.0548,0.0000,0.0000,0.0000,0.0546,0.0000,200,0.9591
0.0195,0.0000,0.0000,0.0000,0.0194,0.0000,200,0.9947
0.0121,0.0000,0.0000,0.0000,0.0120,0.0001,200,1.0023
0.0511,0.0000,0.0000,0.0000,0.0511,0.0000,200,0.9641
0.0233,0.0000,0.0000,0.0000,0.0233,0.0000,200,0.9919
0.0015,0.0000,0.0000,0.0000,0.0014,0.0001,200,1.0138
0.0077,0.0000,0.0000,0.0000,0.0075,0.0001,200,1.0082
0.0396,0.0000,0.0000,0.0000,0.0393,0.0002,200,0.9768
0.0047,0.0000,0.0000,0.0000,0.0046,0.0000,200,1.0117
0.0399,0.0000,0.0000,0.0000,0.0398,0.0000,200,0.9772
0.0182,0.0000,0.0000,0.0000,0.0181,0.0001,200,0.9998
0.0174,0.0000,0.0000,0.0000,0.0173,0.0000,200,1.0013
0.0363,0.0000,0.0000,0.0000,0.0363,0.0000,200,0.9827
0.0448,0.0000,0.0000,0.0000,0.0447,0.0000,200,0.9746
0.0273,0.0000,0.0000,0.0000,0.0271,0.0001,200,0.9928
0.0204,0.0000,0.0000,0.0000,0.0202,0.0002,200,1.0000
0.0193,0.0000,0.0000,0.0000,0.0192,0.0000,200,1.0013
0.0402,0.0000,0.0000,0.0000,0.0401,0.0001,200,0.9810
0.0593,0.0000,0.0000,0.0000,0.0593,0.0000,200,0.9623
0.0359,0.0000,0.0000,0.0000,0.0352,0.0001,200,0.9863
0.0097,0.0000,0.0000,0.0001,0.0094,0.0000,200,1.0131
0.0371,0.0000,0.0000,0.0000,0.0371,0.0000,200,0.9858
0.0044,0.0000,0.0000,0.0000,0.0043,0.0000,200,1.0190
0.0519,0.0000,0.0000,0.0000,0.0517,0.0001,200,0.9721
0.0220,0.0000,0.0000,0.0001,0.0218,0.0001,200,1.0023
0.0161,0.0000,0.0000,0.0000,0.0160,0.0000,200,1.0088
0.0141,0.0000,0.0000,0.0000,0.0139,0.0001,200,1.0113
0.0155,0.0000,0.0000,0.0000,0.0154,0.0000,200,1.0103
0.0165,0.0000,0.0000,0.0000,0.0164,0.0000,200,1.0099
0.0090,0.0000,0.0000,0.0000,0.0089,0.0001,200,1.0179
0.0282,0.0000,0.0000,0.0000,0.0281,0.0000,200,0.9993
0.0118,0.0000,0.0000,0.0001,0.0117,0.0000,200,1.0163
0.0038,0.0000,0.0000,0.0000,0.0037,0.0000,200,1.0249
0.0099,0.0000,0.0000,0.0000,0.0097,0.0002,200,1.0194
0.0059,0.0000,0.0000,0.0000,0.0058,0.0000,200,1.0243
0.0251,0.0000,0.0000,0.0001,0.0250,0.0000,200,1.0051
0.0318,0.0000,0.0000,0.0000,0.0318,0.0000,200,0.9984
0.0401,0.0000,0.0000,0.0000,0.0400,0.0001,200,0.9910
0.0036,0.0000,0.0000,0.0000,0.0035,0.0000,200,1.0281
0.0230,0.0000,0.0000,0.0000,0.0228,0.0001,200,1.0092
0.0110,0.0000,0.0000,0.0000,0.0110,0.0000,200,1.0216
0.0257,0.0000,0.0000,0.0000,0.0257,0.0000,200,1.0080
0.0115,0.0000,0.0000,0.0000,0.0114,0.0000,200,1.0227
0.0313,0.0000,0.0000,0.0000,0.0313,0.0000,200,1.0037
0.0100,0.0000,0.0000,0.0000,0.0099,0.0001,200,1.0254
0.0318,0.0000,0.0000,0.0003,0.0314,0.0000,200,1.0041
0.0076,0.0000,0.0000,0.0000,0.0075,0.0001,200,1.0286
0.0195,0.0000,0.0000,0.0000,0.0194,0.0001,200,1.0171
0.0163,0.0000,0.0000,0.0000,0.0162,0.0001,200,1.0206
0.0294,0.0000,0.0000,0.0000,0.0294,0.0000,200,1.0077
0.0156,0.0000,0.0000,0.0000,0.0155,0.0000,200,1.0222
0.0248,0.0000,0.0000,0.0000,0.0248,0.0000,200,1.0134
0.0082,0.0000,0.0000,0.0000,0.0082,0.0000,200,1.0303
0.0203,0.0000,0.0000,0.0000,0.0203,0.0000,200,1.0187
0.0137,0.0000,0.0000,0.0000,0.0135,0.0001,200,1.0258
0.0169,0.0000,0.0000,0.0000,0.0167,0.0001,200,1.0230
0.0093,0.0000,0.0000,0.0001,0.0091,0.0001,200,1.0311
0.0083,0.0000,0.0000,0.0000,0.0082,0.0000,200,1.0327
0.0264,0.0000,0.0000,0.0001,0.0253,0.0010,200,1.0159
0.0624,0.0000,0.0000,0.0000,0.0624,0.0000,200,0.9803
0.0194,0.0000,0.0000,0.0000,0.0194,0.0000,200,1.0234
0.0216,0.0000,0.0000,0.0000,0.0216,0.0000,200,1.0212
0.0363,0.0000,0.0000,0.0000,0.0361,0.0002,200,1.0067
0.0453,0.0000,0.0000,0.0000,0.0451,0.0000,200,0.9980
0.0282,0.0000,0.0000,0.0000,0.0280,0.0001,200,1.0153
0.0657,0.0000,0.0000,0.0000,0.0656,0.0001,200,0.9782
0.0509,0.0000,0.0000,0.0000,0.0508,0.0000,200,0.9932
0.0293,0.0000,0.0000,0.0000,0.0292,0.0000,200,1.0152
0.0307,0.0000,0.0000,0.0000,0.0307,0.0000,200,1.0144
0.0319,0.0000,0.0000,0.0000,0.0319,0.0000,200,1.0136
0.0317,0.0000,0.0000,0.0000,0.0316,0.0000,200,1.0142
0.0144,0.0000,0.0000,0.0000,0.0144,0.0001,200,1.0317
0.0104,0.0000,0.0000,0.0000,0.0103,0.0000,200,1.0362
0.0043,0.0000,0.0000,0.0000,0.0041,0.0000,200,1.0435
0.0615,0.0000,0.0000,0.0000,0.0614,0.0000,200,0.9868
0.0097,0.0000,0.0000,0.0000,0.0095,0.0002,200,1.0390
0.0372,0.0000,0.0000,0.0000,0.0371,0.0001,200,1.0122
0.0534,0.0000,0.0000,0.0000,0.0534,0.0000,200,0.9965
0.0121,0.0000,0.0000,0.0000,0.0120,0.0001,200,1.0385
0.0116,0.0000,0.0000,0.0000,0.0113,0.0002,200,1.0395
0.0212,0.0000,0.0000,0.0000,0.0211,0.0000,200,1.0303
0.0140,0.0000,0.0000,0.0000,0.0139,0.0000,200,1.0378
0.0164,0.0000,0.0000,0.0000,0.0163,0.0000,200,1.0359
0.0060,0.0000,0.0000,0.0000,0.0059,0.0000,200,1.0466
0.0131,0.0000,0.0000,0.0000,0.0129,0.0000,200,1.0403
0.0583,0.0000,0.0000,0.0000,0.0583,0.0000,200,0.9955
0.0191,0.0000,0.0000,0.0000,0.0190,0.0001,200,1.0350
0.0176,0.0000,0.0000,0.0000,0.0174,0.0001,200,1.0372
0.0098,0.0000,0.0000,0.0000,0.0097,0.0000,200,1.0451
0.0353,0.0000,0.0000,0.0000,0.0352,0.0000,200,1.0201
0.0258,0.0000,0.0000,0.0000,0.0256,0.0000,200,1.0303
0.0304,0.0000,0.0000,0.0000,0.0303,0.0001,200,1.0264
0.0131,0.0000,0.0000,0.0000,0.0131,0.0000,200,1.0439
0.0503,0.0000,0.0000,0.0000,0.0502,0.0000,200,1.0074
0.0340,0.0000,0.0000,0.0000,0.0339,0.0000,200,1.0240
0.0320,0.0000,0.0000,0.0000,0.0319,0.0000,200,1.0270
0.0080,0.0000,0.0000,0.0000,0.0079,0.0000,200,1.0514
0.0167,0.0000,0.0000,0.0000,0.0166,0.0000,200,1.0433
0.0261,0.0000,0.0000,0.0001,0.0260,0.0000,200,1.0342
0.0470,0.0000,0.0000,0.0001,0.0468,0.0000,200,1.0152
0.0047,0.0000,0.0000,0.0000,0.0046,0.0000,200,1.0576
0.0459,0.0000,0.0000,0.0000,0.0459,0.0000,200,1.0164
0.0270,0.0000,0.0000,0.0000,0.0269,0.0000,200,1.0354
0.0179,0.0000,0.0000,0.0000,0.0177,0.0001,200,1.0445
0.0059,0.0000,0.0000,0.0000,0.0056,0.0003,200,1.0568
0.0204,0.0000,0.0000,0.0000,0.0199,0.0001,200,1.0428
0.0227,0.0000,0.0000,0.0000,0.0226,0.0000,200,1.0409
0.0434,0.0000,0.0000,0.0000,0.0433,0.0001,200,1.0205
0.0119,0.0000,0.0000,0.0002,0.0116,0.0000,200,1.0527
0.0069,0.0000,0.0000,0.0000,0.0069,0.0000,200,1.0580
0.0333,0.0000,0.0000,0.0000,0.0332,0.0000,200,1.0322
0.0065,0.0000,0.0000,0.0000,0.0065,0.0000,200,1.0594
0.0281,0.0000,0.0000,0.0000,0.0279,0.0000,200,1.0382
0.0151,0.0000,0.0000,0.0000,0.0151,0.0000,200,1.0518
0.0043,0.0000,0.0000,0.0000,0.0042,0.0000,200,1.0632
0.0200,0.0000,0.0000,0.0000,0.0200,0.0000,200,1.0478
0.0032,0.0000,0.0000,0.0000,0.0031,0.0000,200,1.0655
0.0398,0.0000,0.0000,0.0001,0.0397,0.0000,200,1.0293
0.0236,0.0000,0.0000,0.0000,0.0235,0.0000,200,1.0462
0.0079,0.0000,0.0000,0.0000,0.0078,0.0001,200,1.0623
0.0117,0.0000,0.0000,0.0000,0.0116,0.0000,200,1.0589
0.0439,0.0000,0.0000,0.0000,0.0438,0.0001,200,1.0274
0.0777,0.0000,0.0000,0.0001,0.0776,0.0000,200,0.9940
0.0262,0.0000,0.0000,0.0000,0.0260,0.0001,200,1.0459
0.0161,0.0000,0.0000,0.0000,0.0160,0.0000,200,1.0561
0.0067,0.0000,0.0000,0.0000,0.0066,0.0001,200,1.0660
0.0254,0.0000,0.0000,0.0000,0.0252,0.0001,200,1.0483
0.0227,0.0000,0.0000,0.0000,0.0226,0.0000,200,1.0511
0.0195,0.0000,0.0000,0.0000,0.0194,0.0001,200,1.0547
0.0122,0.0000,0.0000,0.0000,0.0120,0.0002,200,1.0625
0.0037,0.0000,0.0000,0.0000,0.0033,0.0003,200,1.0713
0.0072,0.0000,0.0000,0.0000,0.0071,0.0000,200,1.0679
0.0121,0.0000,0.0000,0.0000,0.0120,0.0001,200,1.0636
0.0161,0.0000,0.0000,0.0000,0.0160,0.0001,200,1.0600
0.0340,0.0000,0.0000,0.0000,0.0338,0.0001,200,1.0428
0.0321,0.0000,0.0000,0.0000,0.0314,0.0000,200,1.0455
0.0057,0.0000,0.0000,0.0000,0.0054,0.0000,200,1.0721
0.0249,0.0000,0.0000,0.0001,0.0247,0.0001,200,1.0535
0.0291,0.0000,0.0000,0.0000,0.0290,0.0000,200,1.0495
0.0145,0.0000,0.0000,0.0000,0.0144,0.0000,200,1.0645
0.0356,0.0000,0.0000,0.0000,0.0353,0.0001,200,1.0441
0.0432,0.0000,0.0000,0.0000,0.0431,0.0000,200,1.0369
0.0181,0.0000,0.0000,0.0000,0.0181,0.0000,200,1.0624
0.0270,0.0000,0.0000,0.0001,0.0268,0.0000,200,1.0542
0.0177,0.0000,0.0000,0.0000,0.0176,0.0000,200,1.0639
0.0270,0.0000,0.0000,0.0000,0.0269,0.0000,200,1.0549
0.0133,0.0000,0.0000,0.0000,0.0133,0.0000,200,1.0691
0.0289,0.0000,0.0000,0.0000,0.0288,0.0001,200,1.0539
0.0115,0.0000,0.0000,0.0000,0.0113,0.0001,200,1.0717
0.0347,0.0000,0.0000,0.0001,0.0346,0.0000,200,1.0487
0.0410,0.0000,0.0000,0.0000,0.0409,0.0000,200,1.0428
0.0080,0.0000,0.0000,0.0000,0.0079,0.0000,200,1.0761
0.0479,0.0000,0.0000,0.0000,0.0478,0.0000,200,1.0367
0.0100,0.0000,0.0000,0.0000,0.0099,0.0000,200,1.0750
0.0190,0.0000,0.0000,0.0000,0.0189,0.0000,200,1.0663
0.0079,0.0000,0.0000,0.0000,0.0078,0.0000,200,1.0779
0.0465,0.0000,0.0000,0.0000,0.0463,0.0001,200,1.0398
0.0343,0.0000,0.0000,0.0000,0.0343,0.0000,200,1.0523
0.0447,0.0000,0.0000,0.0000,0.0446,0.0000,200,1.0423
0.0138,0.0000,0.0000,0.0000,0.0137,0.0001,200,1.0737
0.0191,0.0000,0.0000,0.0000,0.0191,0.0000,200,1.0686
0.0188,0.0000,0.0000,0.0000,0.0187,0.0000,200,1.0698
0.0163,0.0000,0.0000,0.0000,0.0162,0.0000,200,1.0727
0.0114,0.0000,0.0000,0.0000,0.0113,0.0000,200,1.0784
0.0796,0.0000,0.0000,0.0000,0.0794,0.0002,200,1.0108
0.0072,0.0000,0.0000,0.0001,0.0071,0.0000,200,1.0841
0.0171,0.0000,0.0000,0.0001,0.0165,0.0005,200,1.0742
0.0168,0.0000,0.0000,0.0001,0.0167,0.0001,200,1.0750
0.0110,0.0000,0.0000,0.0000,0.0109,0.0000,200,1.0815
0.0592,0.0000,0.0000,0.0000,0.0591,0.0000,200,1.0337
0.0268,0.0000,0.0000,0.0000,0.0267,0.0000,200,1.0669
0.0204,0.0000,0.0000,0.0000,0.0202,0.0001,200,1.0738
0.0240,0.0000,0.0000,0.0000,0.0239,0.0001,200,1.0706
0.0523,0.0000,0.0000,0.0000,0.0522,0.0000,200,1.0430
0.0211,0.0000,0.0000,0.0000,0.0210,0.0000,200,1.0747
0.0348,0.0000,0.0000,0.0000,0.0347,0.0001,200,1.0623
0.0080,0.0000,0.0000,0.0000,0.0079,0.0001,200,1.0898
0.0111,0.0000,0.0000,0.0000,0.0111,0.0000,200,1.0866
0.0482,0.0000,0.0000,0.0000,0.0482,0.0000,200,1.0499
0.0158,0.0000,0.0000,0.0000,0.0157,0.0000,200,1.0824
0.0035,0.0000,0.0000,0.0000,0.0034,0.0001,200,1.0952
0.0199,0.0000,0.0000,0.0000,0.0198,0.0001,200,1.0796
0.0222,0.0000,0.0000,0.0000,0.0221,0.0000,200,1.0776
0.0142,0.0000,0.0000,0.0000,0.0139,0.0002,200,1.0863
0.0037,0.0000,0.0000,0.0001,0.0033,0.0001,200,1.0971
0.0259,0.0000,0.0000,0.0000,0.0257,0.0001,200,1.0757
0.0106,0.0000,0.0000,0.0000,0.0105,0.0000,200,1.0914
0.0171,0.0000,0.0000,0.0000,0.0170,0.0001,200,1.0850
0.0305,0.0000,0.0000,0.0001,0.0302,0.0001,200,1.0722
0.0056,0.0000,0.0000,0.0000,0.0053,0.0001,200,1.0977
0.0208,0.0000,0.0000,0.0000,0.0208,0.0000,200,1.0828
0.0250,0.0000,0.0000,0.0000,0.0249,0.0001,200,1.0790
0.0394,0.0000,0.0000,0.0000,0.0394,0.0000,200,1.0650
0.0422,0.0000,0.0000,0.0000,0.0421,0.0000,200,1.0627
0.0167,0.0000,0.0000,0.0000,0.0165,0.0001,200,1.0890
0.0060,0.0000,0.0000,0.0000,0.0059,0.0001,200,1.1005
0.0023,0.0000,0.0000,0.0000,0.0022,0.0001,200,1.1049
0.0095,0.0000,0.0000,0.0000,0.0093,0.0000,200,1.0982
0.0465,0.0000,0.0000,0.0000,0.0461,0.0004,200,1.0622
0.0213,0.0000,0.0000,0.0000,0.0211,0.0001,200,1.0875
0.0389,0.0000,0.0000,0.0001,0.0388,0.0001,200,1.0702
0.0238,0.0000,0.0000,0.0000,0.0237,0.0000,200,1.0857
0.0091,0.0000,0.0000,0.0000,0.0090,0.0000,200,1.1009
0.0218,0.0000,0.0000,0.0000,0.0218,0.0000,200,1.0886
0.0193,0.0000,0.0000,0.0000,0.0192,0.0000,200,1.0914
0.0207,0.0000,0.0000,0.0000,0.0206,0.0000,200,1.0903
0.0546,0.0000,0.0000,0.0000,0.0546,0.0000,200,1.0571
0.0018,0.0000,0.0000,0.0000,0.0017,0.0001,200,1.1107
0.0199,0.0000,0.0000,0.0000,0.0198,0.0000,200,1.0932
0.0534,0.0000,0.0000,0.0000,0.0533,0.0001,200,1.0603
0.0115,0.0000,0.0000,0.0000,0.0114,0.0001,200,1.1026
0.0190,0.0000,0.0000,0.0001,0.0183,0.0000,200,1.0958
0.0597,0.0000,0.0000,0.0000,0.0597,0.0000,200,1.0554
0.0050,0.0000,0.0000,0.0000,0.0049,0.0000,200,1.1104
0.0147,0.0000,0.0000,0.0000,0.0146,0.0000,200,1.1017
0.0345,0.0000,0.0000,0.0000,0.0344,0.0000,200,1.0819
0.0190,0.0000,0.0000,0.0003,0.0185,0.0000,200,1.0981
0.0326,0.0000,0.0000,0.0000,0.0324,0.0001,200,1.0853
0.0063,0.0000,0.0000,0.0000,0.0063,0.0000,200,1.1117
0.0197,0.0000,0.0000,0.0000,0.0192,0.0000,200,1.0988
0.0194,0.0000,0.0000,0.0000,0.0193,0.0000,200,1.0996
0.0127,0.0000,0.0000,0.0000,0.0124,0.0002,200,1.1072
0.0181,0.0000,0.0000,0.0000,0.0179,0.0001,200,1.1021
0.0360,0.0000,0.0000,0.0000,0.0358,0.0002,200,1.0845
0.0193,0.0000,0.0000,0.0000,0.0192,0.0000,200,1.1019
0.0290,0.0000,0.0000,0.0000,0.0284,0.0006,200,1.0925
0.0062,0.0000,0.0000,0.0000,0.0062,0.0000,200,1.1154
0.0411,0.0000,0.0000,0.0000,0.0410,0.0000,200,1.0813
0.0310,0.0000,0.0000,0.0000,0.0309,0.0000,200,1.0919
0.0398,0.0000,0.0000,0.0000,0.0397,0.0001,200,1.0839
0.0566,0.0000,0.0000,0.0000,0.0565,0.0000,200,1.0675
0.0445,0.0000,0.0000,0.0000,0.0445,0.0000,200,1.0800
0.0176,0.0000,0.0000,0.0000,0.0175,0.0000,200,1.1077
0.0166,0.0000,0.0000,0.0000,0.0161,0.0005,200,1.1088
0.0085,0.0000,0.0000,0.0000,0.0083,0.0000,200,1.1171
0.0426,0.0000,0.0000,0.0000,0.0426,0.0000,200,1.0834
0.0328,0.0000,0.0000,0.0000,0.0327,0.0001,200,1.0938
0.0080,0.0000,0.0000,0.0000,0.0079,0.0001,200,1.1190
0.0472,0.0000,0.0000,0.0000,0.0472,0.0000,200,1.0805
0.0184,0.0000,0.0000,0.0002,0.0182,0.0000,200,1.1100
0.0147,0.0000,0.0000,0.0000,0.0146,0.0000,200,1.1141
0.0077,0.0000,0.0000,0.0001,0.0074,0.0001,200,1.1216
0.0031,0.0000,0.0000,0.0000,0.0029,0.0001,200,1.1266
0.0086,0.0000,0.0000,0.0000,0.0086,0.0000,200,1.1216
0.0144,0.0000,0.0000,0.0000,0.0143,0.0001,200,1.1163
0.0181,0.0000,0.0000,0.0000,0.0180,0.0000,200,1.1131
0.0094,0.0000,0.0000,0.0000,0.0094,0.0000,200,1.1224
0.0281,0.0000,0.0000,0.0000,0.0280,0.0001,200,1.1044
0.0126,0.0000,0.0000,0.0000,0.0125,0.0000,200,1.1199
0.0384,0.0000,0.0000,0.0000,0.0380,0.0003,200,1.0947
0.0293,0.0000,0.0000,0.0000,0.0291,0.0001,200,1.1040
0.0189,0.0000,0.0000,0.0000,0.0188,0.0000,200,1.1147
0.0048,0.0000,0.0000,0.0000,0.0047,0.0000,200,1.1294
0.0210,0.0000,0.0000,0.0000,0.0209,0.0001,200,1.1137
0.0351,0.0000,0.0000,0.0000,0.0351,0.0000,200,1.0999
0.0521,0.0000,0.0000,0.0000,0.0520,0.0000,200,1.0832
0.0232,0.0000,0.0000,0.0000,0.0230,0.0000,200,1.1125
0.0383,0.0000,0.0000,0.0000,0.0379,0.0000,200,1.0978
0.0079,0.0000,0.0000,0.0000,0.0079,0.0000,200,1.1288
0.0059,0.0000,0.0000,0.0000,0.0058,0.0000,200,1.1312
0.0320,0.0000,0.0000,0.0000,0.0319,0.0000,200,1.1057
0.0128,0.0000,0.0000,0.0000,0.0127,0.0001,200,1.1254
0.0290,0.0000,0.0000,0.0000,0.0290,0.0000,200,1.1095
0.0510,0.0000,0.0000,0.0000,0.0509,0.0000,200,1.0878
0.0358,0.0000,0.0000,0.0000,0.0357,0.0001,200,1.1033
0.0144,0.0000,0.0000,0.0000,0.0143,0.0000,200,1.1253
0.0458,0.0000,0.0000,0.0000,0.0458,0.0000,200,1.0942
0.0202,0.0000,0.0000,0.0000,0.0199,0.0000,200,1.1202
0.0057,0.0000,0.0000,0.0000,0.0056,0.0000,200,1.1350
0.0325,0.0000,0.0000,0.0000,0.0322,0.0002,200,1.1091
0.0383,0.0000,0.0000,0.0000,0.0382,0.0000,200,1.1037
0.0085,0.0000,0.0000,0.0000,0.0084,0.0001,200,1.1341
0.0054,0.0000,0.0000,0.0000,0.0053,0.0000,200,1.1377
0.0231,0.0000,0.0000,0.0000,0.0230,0.0000,200,1.1205
0.0329,0.0000,0.0000,0.0000,0.0328,0.0001,200,1.1111
0.0213,0.0000,0.0000,0.0000,0.0213,0.0000,200,1.1229
0.0190,0.0000,0.0000,0.0000,0.0189,0.0001,200,1.1256
0.0239,0.0000,0.0000,0.0000,0.0238,0.0000,200,1.1212
0.0587,0.0000,0.0000,0.0000,0.0586,0.0001,200,1.0870
0.0137,0.0000,0.0000,0.0000,0.0136,0.0000,200,1.1326
0.0170,0.0000,0.0000,0.0000,0.0169,0.0000,200,1.1297
0.0141,0.0000,0.0000,0.0000,0.0140,0.0000,200,1.1331
0.0193,0.0000,0.0000,0.0000,0.0192,0.0000,200,1.1284
0.0174,0.0000,0.0000,0.0000,0.0173,0.0001,200,1.1308
0.0098,0.0000,0.0000,0.0001,0.0095,0.0001,200,1.1391
0.0343,0.0000,0.0000,0.0000,0.0342,0.0001,200,1.1151
0.0237,0.0000,0.0000,0.0000,0.0237,0.0000,200,1.1261
0.0136,0.0000,0.0000,0.0000,0.0135,0.0000,200,1.1367
0.0126,0.0000,0.0000,0.0000,0.0125,0.0001,200,1.1382
0.0064,0.0000,0.0000,0.0000,0.0063,0.0001,200,1.1446
0.0449,0.0000,0.0000,0.0000,0.0448,0.0001,200,1.1065
0.0112,0.0000,0.0000,0.0000,0.0111,0.0000,200,1.1408
0.0094,0.0000,0.0000,0.0000,0.0094,0.0000,200,1.1431
0.0172,0.0000,0.0000,0.0000,0.0171,0.0001,200,1.1357
0.0359,0.0000,0.0000,0.0000,0.0358,0.0000,200,1.1179
0.0073,0.0000,0.0000,0.0000,0.0072,0.0000,200,1.1472
0.0268,0.0000,0.0000,0.0000,0.0266,0.0000,200,1.1278
0.0768,0.0000,0.0000,0.0000,0.0765,0.0002,200,1.0785
0.0194,0.0000,0.0000,0.0000,0.0194,0.0000,200,1.1361
0.0471,0.0000,0.0000,0.0000,0.0469,0.0002,200,1.1088
0.0378,0.0000,0.0000,0.0000,0.0377,0.0001,200,1.1185
0.0178,0.0000,0.0000,0.0000,0.0177,0.0000,200,1.1388
0.0173,0.0000,0.0000,0.0000,0.0172,0.0000,200,1.1401
0.0209,0.0000,0.0000,0.0000,0.0209,0.0000,200,1.1371
0.0034,0.0000,0.0000,0.0001,0.0029,0.0000,200,1.1553
0.0208,0.0000,0.0000,0.0000,0.0207,0.0000,200,1.1385
0.0070,0.0000,0.0000,0.0000,0.0069,0.0001,200,1.1529
0.0255,0.0000,0.0000,0.0000,0.0254,0.0000,200,1.1347
0.0165,0.0000,0.0000,0.0000,0.0165,0.0000,200,1.1442
0.1105,0.0000,0.0000,0.0001,0.1103,0.0000,200,1.0507
0.0119,0.0000,0.0000,0.0000,0.0118,0.0000,200,1.1498
0.0299,0.0000,0.0000,0.0000,0.0298,0.0000,200,1.1325
0.0068,0.0000,0.0000,0.0000,0.0068,0.0000,200,1.1559
0.0113,0.0000,0.0000,0.0000,0.0110,0.0002,200,1.1521
0.0207,0.0000,0.0000,0.0000,0.0206,0.0000,200,1.1427
0.0150,0.0000,0.0000,0.0000,0.0149,0.0000,200,1.1489
0.0329,0.0000,0.0000,0.0000,0.0328,0.0001,200,1.1318
0.0351,0.0000,0.0000,0.0000,0.0351,0.0001,200,1.1303
0.0240,0.0000,0.0000,0.0000,0.0240,0.0000,200,1.1416
0.0098,0.0000,0.0000,0.0001,0.0096,0.0000,200,1.1563
0.0421,0.0000,0.0000,0.0000,0.0421,0.0000,200,1.1246
0.0435,0.0000,0.0000,0.0001,0.0434,0.0000,200,1.1236
0.0069,0.0000,0.0000,0.0000,0.0051,0.0017,200,1.1623
0.0924,0.0000,0.0000,0.0000,0.0924,0.0000,200,1.0769
0.0127,0.0000,0.0000,0.0000,0.0126,0.0000,200,1.1566
0.0137,0.0000,0.0000,0.0000,0.0137,0.0000,200,1.1555
0.0357,0.0000,0.0000,0.0000,0.0356,0.0001,200,1.1336
0.0424,0.0000,0.0000,0.0000,0.0423,0.0000,200,1.1270
0.0453,0.0000,0.0000,0.0000,0.0452,0.0000,200,1.1241
0.0254,0.0000,0.0000,0.0000,0.0254,0.0000,200,1.1440
0.0279,0.0000,0.0000,0.0000,0.0278,0.0000,200,1.1420
0.0191,0.0000,0.0000,0.0000,0.0190,0.0000,200,1.1514
0.0048,0.0000,0.0000,0.0000,0.0047,0.0000,200,1.1661
0.0213,0.0000,0.0000,0.0000,0.0212,0.0000,200,1.1503
0.0026,0.0000,0.0000,0.0000,0.0025,0.0000,200,1.1694
0.0232,0.0000,0.0000,0.0001,0.0231,0.0000,200,1.1494
0.0567,0.0000,0.0000,0.0000,0.0566,0.0000,200,1.1164
0.0129,0.0000,0.0000,0.0000,0.0129,0.0000,200,1.1608
0.0264,0.0000,0.0000,0.0000,0.0263,0.0000,200,1.1477
0.0093,0.0000,0.0000,0.0000,0.0092,0.0000,200,1.1657
0.0353,0.0000,0.0000,0.0000,0.0352,0.0000,200,1.1397
0.0353,0.0000,0.0000,0.0000,0.0352,0.0000,200,1.1404
0.0250,0.0000,0.0000,0.0008,0.0240,0.0000,200,1.1510
0.0061,0.0000,0.0000,0.0000,0.0060,0.0000,200,1.1705
0.0154,0.0000,0.0000,0.0000,0.0153,0.0001,200,1.1617
0.0160,0.0000,0.0000,0.0000,0.0159,0.0000,200,1.1633
0.0220,0.0000,0.0000,0.0000,0.0219,0.0000,200,1.1573
0.0200,0.0000,0.0000,0.0000,0.0199,0.0000,200,1.1593
0.0084,0.0000,0.0000,0.0000,0.0084,0.0000,200,1.1709
0.0460,0.0000,0.0000,0.0001,0.0459,0.0000,200,1.1333
0.0034,0.0000,0.0000,0.0000,0.0034,0.0000,200,1.1760
0.0358,0.0000,0.0000,0.0000,0.0357,0.0000,200,1.1436
0.0183,0.0000,0.0000,0.0000,0.0183,0.0000,200,1.1611
0.0045,0.0000,0.0000,0.0000,0.0045,0.0000,200,1.1749
0.0274,0.0000,0.0000,0.0000,0.0273,0.0001,200,1.1525
0.0450,0.0000,0.0000,0.0000,0.0449,0.0000,200,1.1352
0.0117,0.0000,0.0000,0.0000,0.0117,0.0000,200,1.1693
0.0125,0.0000,0.0000,0.0000,0.0124,0.0000,200,1.1692
0.0274,0.0000,0.0000,0.0000,0.0273,0.0000,200,1.1546
0.0228,0.0000,0.0000,0.0000,0.0226,0.0000,200,1.1599
0.0365,0.0000,0.0000,0.0000,0.0364,0.0000,200,1.1467
0.0041,0.0000,0.0000,0.0000,0.0040,0.0000,200,1.1795
0.0042,0.0000,0.0000,0.0000,0.0038,0.0000,200,1.1800
0.0340,0.0000,0.0000,0.0000,0.0339,0.0000,200,1.1508
0.0400,0.0000,0.0000,0.0000,0.0399,0.0000,200,1.1451
0.0405,0.0000,0.0000,0.0000,0.0398,0.0006,200,1.1457
0.0072,0.0000,0.0000,0.0000,0.0071,0.0000,200,1.1794
0.0171,0.0000,0.0000,0.0000,0.0171,0.0000,200,1.1694
0.0039,0.0000,0.0000,0.0000,0.0038,0.0000,200,1.1827
0.0223,0.0000,0.0000,0.0000,0.0222,0.0000,200,1.1647
0.0236,0.0000,0.0000,0.0000,0.0235,0.0000,200,1.1639
0.0224,0.0000,0.0000,0.0000,0.0223,0.0000,200,1.1654
0.0192,0.0000,0.0000,0.0000,0.0191,0.0000,200,1.1693
0.0071,0.0000,0.0000,0.0000,0.0071,0.0000,200,1.1820
0.0149,0.0000,0.0000,0.0000,0.0148,0.0000,200,1.1749
0.0209,0.0000,0.0000,0.0000,0.0206,0.0002,200,1.1699
0.0038,0.0000,0.0000,0.0000,0.0037,0.0000,200,1.1875
0.0114,0.0000,0.0000,0.0000,0.0113,0.0000,200,1.1803
0.0342,0.0000,0.0000,0.0000,0.0341,0.0001,200,1.1580
0.0169,0.0000,0.0000,0.0000,0.0169,0.0000,200,1.1757
0.0201,0.0000,0.0000,0.0000,0.0194,0.0007,200,1.1737
0.0091,0.0000,0.0000,0.0000,0.0091,0.0000,200,1.1848
0.0148,0.0000,0.0000,0.0000,0.0147,0.0000,200,1.1793
0.0250,0.0000,0.0000,0.0000,0.0250,0.0000,200,1.1693
0.0086,0.0000,0.0000,0.0000,0.0085,0.0000,200,1.1862
0.0121,0.0000,0.0000,0.0000,0.0120,0.0000,200,1.1832
0.0775,0.0000,0.0000,0.0000,0.0773,0.0001,200,1.1180
0.0294,0.0000,0.0000,0.0000,0.0293,0.0000,200,1.1667
0.0379,0.0000,0.0000,0.0000,0.0379,0.0000,200,1.1587
0.0044,0.0000,0.0000,0.0000,0.0043,0.0001,200,1.1926
0.0182,0.0000,0.0000,0.0000,0.0181,0.0000,200,1.1794
0.0216,0.0000,0.0000,0.0000,0.0215,0.0000,200,1.1765
0.0066,0.0000,0.0000,0.0000,0.0065,0.0000,200,1.1922
0.0120,0.0000,0.0000,0.0001,0.0119,0.0000,200,1.1870
0.0394,0.0000,0.0000,0.0000,0.0393,0.0001,200,1.1602
0.0453,0.0000,0.0000,0.0000,0.0452,0.0000,200,1.1545
0.0021,0.0000,0.0000,0.0000,0.0020,0.0001,200,1.1981
0.0089,0.0000,0.0000,0.0000,0.0088,0.0000,200,1.1916
0.0161,0.0000,0.0000,0.0000,0.0161,0.0000,200,1.1851
0.0293,0.0000,0.0000,0.0000,0.0293,0.0000,200,1.1719
0.0103,0.0000,0.0000,0.0000,0.0102,0.0000,200,1.1912
0.0391,0.0000,0.0000,0.0000,0.0390,0.0001,200,1.1627
0.0227,0.0000,0.0000,0.0000,0.0226,0.0000,200,1.1794
0.0230,0.0000,0.0000,0.0000,0.0230,0.0000,200,1.1795
0.0567,0.0000,0.0000,0.0000,0.0566,0.0000,200,1.1463
0.0072,0.0000,0.0000,0.0000,0.0071,0.0000,200,1.1961
0.0244,0.0000,0.0000,0.0000,0.0243,0.0000,200,1.1794
0.0103,0.0000,0.0000,0.0000,0.0102,0.0001,200,1.1948
0.0117,0.0000,0.0000,0.0000,0.0116,0.0000,200,1.1938
0.0242,0.0000,0.0000,0.0000,0.0241,0.0000,200,1.1817
0.0529,0.0000,0.0000,0.0000,0.0528,0.0000,200,1.1538
0.0280,0.0000,0.0000,0.0000,0.0278,0.0001,200,1.1793
0.0060,0.0000,0.0000,0.0000,0.0058,0.0001,200,1.2019
0.0114,0.0000,0.0000,0.0000,0.0114,0.0000,200,1.1966
0.0208,0.0000,0.0000,0.0000,0.0208,0.0001,200,1.1878
0.0155,0.0000,0.0000,0.0000,0.0153,0.0001,200,1.1939
0.0357,0.0000,0.0000,0.0000,0.0356,0.0000,200,1.1741
0.0216,0.0000,0.0000,0.0000,0.0215,0.0000,200,1.1885
0.0109,0.0000,0.0000,0.0000,0.0108,0.0000,200,1.1996
0.0156,0.0000,0.0000,0.0000,0.0156,0.0000,200,1.1953
0.0084,0.0000,0.0000,0.0000,0.0083,0.0000,200,1.2030
0.0145,0.0000,0.0000,0.0000,0.0144,0.0000,200,1.1976
0.0045,0.0000,0.0000,0.0000,0.0044,0.0001,200,1.2079
0.0096,0.0000,0.0000,0.0000,0.0095,0.0000,200,1.2033
0.0420,0.0000,0.0000,0.0001,0.0418,0.0001,200,1.1715
0.0123,0.0000,0.0000,0.0000,0.0122,0.0000,200,1.2013
0.0470,0.0000,0.0000,0.0000,0.0469,0.0000,200,1.1671
0.0140,0.0000,0.0000,0.0000,0.0139,0.0000,200,1.2012
0.0167,0.0000,0.0000,0.0000,0.0166,0.0000,200,1.1988
0.0157,0.0000,0.0000,0.0000,0.0154,0.0000,200,1.2002
0.0128,0.0000,0.0000,0.0000,0.0127,0.0001,200,1.2038
0.0330,0.0000,0.0000,0.0000,0.0329,0.0001,200,1.1841
0.0367,0.0000,0.0000,0.0000,0.0366,0.0001,200,1.1810
0.0131,0.0000,0.0000,0.0000,0.0130,0.0000,200,1.2051
0.0280,0.0000,0.0000,0.0001,0.0278,0.0000,200,1.1908
0.0497,0.0000,0.0000,0.0002,0.0495,0.0001,200,1.1694
0.0192,0.0000,0.0000,0.0000,0.0192,0.0000,200,1.2021
0.0487,0.0000,0.0000,0.0000,0.0486,0.0000,200,1.1726
0.0146,0.0000,0.0000,0.0000,0.0145,0.0000,200,1.2067
0.0323,0.0000,0.0000,0.0001,0.0321,0.0000,200,1.1891
0.0217,0.0000,0.0000,0.0000,0.0216,0.0001,200,1.1998
0.0317,0.0000,0.0000,0.0000,0.0317,0.0000,200,1.1898
0.0114,0.0000,0.0000,0.0000,0.0114,0.0000,200,1.2101
0.0132,0.0000,0.0000,0.0000,0.0131,0.0000,200,1.2087
0.0494,0.0000,0.0000,0.0000,0.0493,0.0000,200,1.1731
0.0368,0.0000,0.0000,0.0000,0.0367,0.0000,200,1.1865
0.0277,0.0000,0.0000,0.0000,0.0277,0.0000,200,1.1956
0.0139,0.0000,0.0000,0.0000,0.0138,0.0000,200,1.2094
0.0213,0.0000,0.0000,0.0000,0.0212,0.0000,200,1.2025
0.0180,0.0000,0.0000,0.0000,0.0180,0.0000,200,1.2059
0.0137,0.0000,0.0000,0.0000,0.0137,0.0000,200,1.2109
0.0386,0.0000,0.0000,0.0000,0.0385,0.0001,200,1.1866
0.0623,0.0000,0.0000,0.0000,0.0623,0.0000,200,1.1633
0.0182,0.0000,0.0000,0.0000,0.0181,0.0000,200,1.2081
0.0251,0.0000,0.0000,0.0000,0.0250,0.0000,200,1.2016
0.0787,0.0000,0.0000,0.0000,0.0786,0.0000,200,1.1482
0.0137,0.0000,0.0000,0.0000,0.0136,0.0000,200,1.2136
0.0155,0.0000,0.0000,0.0000,0.0154,0.0000,200,1.2124
0.0447,0.0000,0.0000,0.0000,0.0447,0.0000,200,1.1836
0.0160,0.0000,0.0000,0.0000,0.0160,0.0000,200,1.2129
0.0134,0.0000,0.0000,0.0000,0.0133,0.0000,200,1.2159
0.0327,0.0000,0.0000,0.0000,0.0326,0.0000,200,1.1971
0.0196,0.0000,0.0000,0.0000,0.0181,0.0015,200,1.2121
0.0103,0.0000,0.0000,0.0000,0.0103,0.0000,200,1.2215
0.0376,0.0000,0.0000,0.0000,0.0375,0.0000,200,1.1943
0.0214,0.0000,0.0000,0.0000,0.0213,0.0000,200,1.2105
0.0526,0.0000,0.0000,0.0000,0.0526,0.0000,200,1.1793
0.0208,0.0000,0.0000,0.0000,0.0207,0.0001,200,1.2114
0.0136,0.0000,0.0000,0.0000,0.0135,0.0000,200,1.2191
0.0118,0.0000,0.0000,0.0000,0.0115,0.0002,200,1.2214
0.0124,0.0000,0.0000,0.0000,0.0123,0.0000,200,1.2216
0.0277,0.0000,0.0000,0.0001,0.0275,0.0000,200,1.2073
0.0205,0.0000,0.0000,0.0000,0.0204,0.0000,200,1.2153
0.0426,0.0000,0.0000,0.0000,0.0425,0.0000,200,1.1941
0.0502,0.0000,0.0000,0.0000,0.0501,0.0001,200,1.1865
0.0118,0.0000,0.0000,0.0000,0.0117,0.0000,200,1.2257
0.0049,0.0000,0.0000,0.0000,0.0048,0.0000,200,1.2327
0.0238,0.0000,0.0000,0.0001,0.0236,0.0001,200,1.2141
0.0249,0.0000,0.0000,0.0000,0.0248,0.0000,200,1.2136
0.0111,0.0000,0.0000,0.0000,0.0110,0.0000,200,1.2279
0.0220,0.0000,0.0000,0.0000,0.0220,0.0000,200,1.2171
0.0127,0.0000,0.0000,0.0000,0.0126,0.0001,200,1.2266
0.0104,0.0000,0.0000,0.0000,0.0103,0.0000,200,1.2298
0.0165,0.0000,0.0000,0.0001,0.0163,0.0001,200,1.2238
0.0143,0.0000,0.0000,0.0000,0.0143,0.0000,200,1.2263
0.0143,0.0000,0.0000,0.0000,0.0142,0.0001,200,1.2269
0.0202,0.0000,0.0000,0.0000,0.0202,0.0000,200,1.2213
0.0170,0.0000,0.0000,0.0000,0.0170,0.0000,200,1.2252
0.0156,0.0000,0.0000,0.0000,0.0155,0.0000,200,1.2273
0.0118,0.0000,0.0000,0.0000,0.0117,0.0000,200,1.2317
0.0254,0.0000,0.0000,0.0000,0.0254,0.0000,200,1.2187
0.0441,0.0000,0.0000,0.0000,0.0441,0.0000,200,1.2005
0.0118,0.0000,0.0000,0.0000,0.0114,0.0000,200,1.2332
0.0169,0.0000,0.0000,0.0000,0.0168,0.0001,200,1.2289
0.0692,0.0000,0.0000,0.0000,0.0690,0.0001,200,1.1771
0.0152,0.0000,0.0000,0.0000,0.0151,0.0000,200,1.2319
0.0243,0.0000,0.0000,0.0000,0.0242,0.0000,200,1.2233
0.0113,0.0000,0.0000,0.0000,0.0112,0.0000,200,1.2367
0.0267,0.0000,0.0000,0.0000,0.0267,0.0000,200,1.2219
0.0115,0.0000,0.0000,0.0000,0.0115,0.0000,200,1.2375
0.0061,0.0000,0.0000,0.0000,0.0060,0.0000,200,1.2435
0.0108,0.0000,0.0000,0.0001,0.0106,0.0000,200,1.2393
0.0819,0.0000,0.0000,0.0000,0.0818,0.0001,200,1.1693
0.0022,0.0000,0.0000,0.0000,0.0022,0.0000,200,1.2490
0.0304,0.0000,0.0000,0.0000,0.0303,0.0001,200,1.2213
0.0153,0.0000,0.0000,0.0000,0.0153,0.0000,200,1.2366
0.0124,0.0000,0.0000,0.0001,0.0122,0.0000,200,1.2402
0.0291,0.0000,0.0000,0.0000,0.0290,0.0000,200,1.2239
0.0218,0.0000,0.0000,0.0000,0.0218,0.0000,200,1.2319
0.0309,0.0000,0.0000,0.0000,0.0306,0.0002,200,1.2233
0.0325,0.0000,0.0000,0.0000,0.0325,0.0000,200,1.2225
0.0236,0.0000,0.0000,0.0000,0.0235,0.0000,200,1.2319
0.0210,0.0000,0.0000,0.0009,0.0198,0.0000,200,1.2350
0.0352,0.0000,0.0000,0.0000,0.0351,0.0000,200,1.2213
0.0073,0.0000,0.0000,0.0000,0.0072,0.0000,200,1.2496
0.0172,0.0000,0.0000,0.0000,0.0171,0.0000,200,1.2402
0.0012,0.0000,0.0000,0.0000,0.0011,0.0000,200,1.2565
0.0135,0.0000,0.0000,0.0000,0.0134,0.0000,200,1.2447
0.0350,0.0000,0.0000,0.0000,0.0347,0.0002,200,1.2233
0.0131,0.0000,0.0000,0.0000,0.0130,0.0001,200,1.2458
0.0132,0.0000,0.0000,0.0000,0.0131,0.0001,200,1.2463
0.0126,0.0000,0.0000,0.0000,0.0126,0.0000,200,1.2470
0.0417,0.0000,0.0000,0.0000,0.0416,0.0000,200,1.2182
0.0158,0.0000,0.0000,0.0000,0.0157,0.0000,200,1.2442
0.0187,0.0000,0.0000,0.0000,0.0187,0.0000,200,1.2415
0.0230,0.0000,0.0000,0.0001,0.0228,0.0001,200,1.2375
0.0458,0.0000,0.0000,0.0000,0.0457,0.0000,200,1.2155
0.0291,0.0000,0.0000,0.0000,0.0290,0.0000,200,1.2322
0.0238,0.0000,0.0000,0.0000,0.0237,0.0000,200,1.2380
0.0143,0.0000,0.0000,0.0000,0.0142,0.0001,200,1.2480
0.0345,0.0000,0.0000,0.0000,0.0344,0.0000,200,1.2283
0.0475,0.0000,0.0000,0.0000,0.0468,0.0007,200,1.2165
0.0284,0.0000,0.0000,0.0002,0.0280,0.0001,200,1.2357
0.0029,0.0000,0.0000,0.0000,0.0028,0.0000,200,1.2618
0.0248,0.0000,0.0000,0.0000,0.0247,0.0000,200,1.2406
0.0479,0.0000,0.0000,0.0000,0.0478,0.0000,200,1.2177
0.0157,0.0000,0.0000,0.0000,0.0157,0.0000,200,1.2501
0.0070,0.0000,0.0000,0.0000,0.0069,0.0001,200,1.2595
0.0242,0.0000,0.0000,0.0000,0.0241,0.0000,200,1.2429
0.0018,0.0000,0.0000,0.0000,0.0016,0.0001,200,1.2659
0.0464,0.0000,0.0000,0.0000,0.0463,0.0000,200,1.2215
0.0436,0.0000,0.0000,0.0000,0.0436,0.0000,200,1.2247
0.0633,0.0000,0.0000,0.0000,0.0632,0.0000,200,1.2055
0.0704,0.0000,0.0000,0.0000,0.0702,0.0001,200,1.1991
0.0167,0.0000,0.0000,0.0000,0.0166,0.0001,200,1.2530
0.0125,0.0000,0.0000,0.0000,0.0125,0.0000,200,1.2575
0.0197,0.0000,0.0000,0.0000,0.0196,0.0000,200,1.2512
0.0119,0.0000,0.0000,0.0000,0.0116,0.0001,200,1.2597
0.0135,0.0000,0.0000,0.0001,0.0134,0.0000,200,1.2583
0.0082,0.0000,0.0000,0.0002,0.0079,0.0000,200,1.2641
0.0027,0.0000,0.0000,0.0000,0.0026,0.0000,200,1.2700
0.0048,0.0000,0.0000,0.0001,0.0047,0.0000,200,1.2683
0.0112,0.0000,0.0000,0.0000,0.0111,0.0001,200,1.2623
0.0404,0.0000,0.0000,0.0000,0.0395,0.0005,200,1.2339
0.0026,0.0000,0.0000,0.0000,0.0025,0.0001,200,1.2718
0.0232,0.0000,0.0000,0.0000,0.0230,0.0000,200,1.2517
0.0105,0.0000,0.0000,0.0000,0.0104,0.0000,200,1.2648
0.0199,0.0000,0.0000,0.0000,0.0198,0.0000,200,1.2560
0.0223,0.0000,0.0000,0.0000,0.0221,0.0000,200,1.2542
0.0346,0.0000,0.0000,0.0000,0.0344,0.0001,200,1.2422
0.0320,0.0000,0.0000,0.0000,0.0320,0.0000,200,1.2450
0.0391,0.0000,0.0000,0.0001,0.0389,0.0000,200,1.2385
0.0390,0.0000,0.0000,0.0001,0.0389,0.0000,200,1.2390
0.0372,0.0000,0.0000,0.0000,0.0368,0.0001,200,1.2412
0.0088,0.0000,0.0000,0.0000,0.0088,0.0000,200,1.2698
0.0276,0.0000,0.0000,0.0000,0.0275,0.0000,200,1.2512
0.0214,0.0000,0.0000,0.0001,0.0212,0.0000,200,1.2581
0.0112,0.0000,0.0000,0.0000,0.0111,0.0000,200,1.2688
0.0141,0.0000,0.0000,0.0001,0.0140,0.0000,200,1.2665
0.0244,0.0000,0.0000,0.0000,0.0244,0.0000,200,1.2569
0.0424,0.0000,0.0000,0.0000,0.0423,0.0000,200,1.2391
0.0180,0.0000,0.0000,0.0000,0.0179,0.0000,200,1.2640
0.0056,0.0000,0.0000,0.0001,0.0055,0.0000,200,1.2768
0.0133,0.0000,0.0000,0.0000,0.0131,0.0001,200,1.2695
0.0304,0.0000,0.0000,0.0000,0.0303,0.0001,200,1.2526
0.0299,0.0000,0.0000,0.0000,0.0298,0.0000,200,1.2537
0.0266,0.0000,0.0000,0.0000,0.0266,0.0000,200,1.2577
0.0048,0.0000,0.0000,0.0000,0.0047,0.0000,200,1.2806
0.0380,0.0000,0.0000,0.0000,0.0380,0.0000,200,1.2476
0.0065,0.0000,0.0000,0.0000,0.0064,0.0001,200,1.2795
0.0378,0.0000,0.0000,0.0000,0.0376,0.0001,200,1.2486
0.0278,0.0000,0.0000,0.0001,0.0276,0.0000,200,1.2590
0.0050,0.0000,0.0000,0.0000,0.0049,0.0000,200,1.2820
0.0159,0.0000,0.0000,0.0000,0.0158,0.0000,200,1.2715
0.0132,0.0000,0.0000,0.0000,0.0131,0.0001,200,1.2744
0.0204,0.0000,0.0000,0.0000,0.0202,0.0002,200,1.2677
0.0106,0.0000,0.0000,0.0000,0.0104,0.0002,200,1.2780
0.0018,0.0000,0.0000,0.0000,0.0017,0.0000,200,1.2870
0.0371,0.0000,0.0000,0.0000,0.0370,0.0000,200,1.2520
0.0268,0.0000,0.0000,0.0000,0.0267,0.0000,200,1.2627
0.0221,0.0000,0.0000,0.0000,0.0220,0.0001,200,1.2679
0.0585,0.0000,0.0000,0.0000,0.0584,0.0000,200,1.2319
0.0146,0.0000,0.0000,0.0000,0.0145,0.0000,200,1.2765
0.0144,0.0000,0.0000,0.0000,0.0142,0.0002,200,1.2771
0.0102,0.0000,0.0000,0.0000,0.0101,0.0000,200,1.2813
0.0055,0.0000,0.0000,0.0000,0.0055,0.0000,200,1.2868
0.0169,0.0000,0.0000,0.0000,0.0167,0.0000,200,1.2754
0.0175,0.0000,0.0000,0.0000,0.0174,0.0000,200,1.2749
0.0636,0.0000,0.0000,0.0000,0.0635,0.0000,200,1.2293
0.0336,0.0000,0.0000,0.0001,0.0333,0.0002,200,1.2600
0.0198,0.0000,0.0000,0.0000,0.0197,0.0001,200,1.2743
0.0217,0.0000,0.0000,0.0000,0.0217,0.0000,200,1.2727
0.0093,0.0000,0.0000,0.0000,0.0092,0.0000,200,1.2860
0.0022,0.0000,0.0000,0.0000,0.0021,0.0001,200,1.2936
0.0361,0.0000,0.0000,0.0000,0.0360,0.0000,200,1.2603
0.0356,0.0000,0.0000,0.0000,0.0355,0.0000,200,1.2613
0.0250,0.0000,0.0000,0.0000,0.0250,0.0000,200,1.2722
0.0099,0.0000,0.0000,0.0000,0.0098,0.0000,200,1.2877
0.0393,0.0000,0.0000,0.0000,0.0393,0.0000,200,1.2599
0.0896,0.0000,0.0000,0.0000,0.0895,0.0000,200,1.2098
0.0103,0.0000,0.0000,0.0000,0.0103,0.0000,200,1.2890
0.0178,0.0000,0.0000,0.0000,0.0178,0.0000,200,1.2816
0.0235,0.0000,0.0000,0.0000,0.0235,0.0000,200,1.2759
0.0038,0.0000,0.0000,0.0000,0.0037,0.0001,200,1.2964
0.0035,0.0000,0.0000,0.0000,0.0034,0.0000,200,1.2973
0.0298,0.0000,0.0000,0.0000,0.0297,0.0000,200,1.2710
0.0189,0.0000,0.0000,0.0000,0.0189,0.0000,200,1.2827
0.0161,0.0000,0.0000,0.0001,0.0154,0.0005,200,1.2856
0.0368,0.0000,0.0000,0.0000,0.0368,0.0000,200,1.2654
0.0032,0.0000,0.0000,0.0000,0.0032,0.0000,200,1.2994
0.0242,0.0000,0.0000,0.0000,0.0242,0.0000,200,1.2788
0.0161,0.0000,0.0000,0.0000,0.0160,0.0000,200,1.2874
0.0158,0.0000,0.0000,0.0000,0.0157,0.0000,200,1.2881
0.0122,0.0000,0.0000,0.0000,0.0121,0.0000,200,1.2923
0.0189,0.0000,0.0000,0.0000,0.0188,0.0000,200,1.2863
0.0270,0.0000,0.0000,0.0000,0.0269,0.0000,200,1.2786
0.0024,0.0000,0.0000,0.0000,0.0023,0.0000,200,1.3039
0.0331,0.0000,0.0000,0.0000,0.0330,0.0000,200,1.2735
0.0273,0.0000,0.0000,0.0000,0.0272,0.0001,200,1.2800
0.0155,0.0000,0.0000,0.0000,0.0154,0.0000,200,1.2924
0.0169,0.0000,0.0000,0.0000,0.0169,0.0001,200,1.2915
0.0160,0.0000,0.0000,0.0000,0.0158,0.0000,200,1.2929
0.0168,0.0000,0.0000,0.0000,0.0167,0.0000,200,1.2923
0.0126,0.0000,0.0000,0.0000,0.0125,0.0000,200,1.2969
0.0444,0.0000,0.0000,0.0000,0.0443,0.0000,200,1.2656
0.0113,0.0000,0.0000,0.0000,0.0112,0.0000,200,1.2993
0.0135,0.0000,0.0000,0.0000,0.0134,0.0000,200,1.2975
0.0163,0.0000,0.0000,0.0000,0.0162,0.0000,200,1.2953
0.0106,0.0000,0.0000,0.0000,0.0106,0.0000,200,1.3017
0.0346,0.0000,0.0000,0.0000,0.0344,0.0000,200,1.2784
0.0139,0.0000,0.0000,0.0000,0.0139,0.0000,200,1.2994
0.0030,0.0000,0.0000,0.0000,0.0029,0.0000,200,1.3106
0.0531,0.0000,0.0000,0.0000,0.0531,0.0000,200,1.2606
0.0112,0.0000,0.0000,0.0000,0.0112,0.0000,200,1.3026
0.0147,0.0000,0.0000,0.0000,0.0145,0.0001,200,1.2994
0.0475,0.0000,0.0000,0.0000,0.0474,0.0000,200,1.2671
0.0070,0.0000,0.0000,0.0000,0.0070,0.0000,200,1.3080
0.0239,0.0000,0.0000,0.0000,0.0238,0.0000,200,1.2915
0.0606,0.0000,0.0000,0.0000,0.0605,0.0000,200,1.2550
0.0160,0.0000,0.0000,0.0000,0.0159,0.0000,200,1.3002
0.0046,0.0000,0.0000,0.0000,0.0032,0.0014,200,1.3137
0.0298,0.0000,0.0000,0.0001,0.0296,0.0000,200,1.2886
0.0089,0.0000,0.0000,0.0000,0.0089,0.0000,200,1.3094
0.0283,0.0000,0.0000,0.0000,0.0283,0.0000,200,1.2900
0.0350,0.0000,0.0000,0.0000,0.0347,0.0002,200,1.2837
0.0124,0.0000,0.0000,0.0000,0.0123,0.0000,200,1.3062
0.0574,0.0000,0.0000,0.0000,0.0571,0.0003,200,1.2613
0.0029,0.0000,0.0000,0.0000,0.0029,0.0000,200,1.3162
0.0091,0.0000,0.0000,0.0000,0.0090,0.0000,200,1.3110
0.0349,0.0000,0.0000,0.0001,0.0347,0.0000,200,1.2854
0.0268,0.0000,0.0000,0.0000,0.0264,0.0003,200,1.2941
0.0060,0.0000,0.0000,0.0000,0.0059,0.0000,200,1.3151
0.0217,0.0000,0.0000,0.0000,0.0216,0.0000,200,1.2994
0.0311,0.0000,0.0000,0.0000,0.0310,0.0000,200,1.2904
0.0664,0.0000,0.0000,0.0000,0.0664,0.0000,200,1.2555
0.0493,0.0000,0.0000,0.0000,0.0490,0.0001,200,1.2731
0.0042,0.0000,0.0000,0.0003,0.0038,0.0000,200,1.3186
0.0164,0.0000,0.0000,0.0000,0.0163,0.0000,200,1.3072
0.0185,0.0000,0.0000,0.0000,0.0184,0.0000,200,1.3056
0.0231,0.0000,0.0000,0.0000,0.0230,0.0000,200,1.3017
0.0479,0.0000,0.0000,0.0000,0.0478,0.0000,200,1.2775
0.0222,0.0000,0.0000,0.0000,0.0221,0.0000,200,1.3035
0.0172,0.0000,0.0000,0.0000,0.0171,0.0001,200,1.3091
0.0132,0.0000,0.0000,0.0000,0.0131,0.0000,200,1.3136
0.0228,0.0000,0.0000,0.0000,0.0227,0.0000,200,1.3045
0.0063,0.0000,0.0000,0.0000,0.0062,0.0000,200,1.3215
0.0389,0.0000,0.0000,0.0000,0.0389,0.0000,200,1.2895
0.0165,0.0000,0.0000,0.0000,0.0165,0.0000,200,1.3123
0.0403,0.0000,0.0000,0.0000,0.0402,0.0000,200,1.2888
0.0211,0.0000,0.0000,0.0000,0.0210,0.0000,200,1.3085
0.0342,0.0000,0.0000,0.0000,0.0341,0.0001,200,1.2958
0.0172,0.0000,0.0000,0.0000,0.0171,0.0001,200,1.3134
0.0301,0.0000,0.0000,0.0000,0.0300,0.0001,200,1.3008
0.0224,0.0000,0.0000,0.0000,0.0222,0.0000,200,1.3088
0.0170,0.0000,0.0000,0.0000,0.0169,0.0000,200,1.3146
0.0478,0.0000,0.0000,0.0000,0.0477,0.0000,200,1.2844
0.0495,0.0000,0.0000,0.0000,0.0495,0.0000,200,1.2830
0.0145,0.0000,0.0000,0.0000,0.0145,0.0000,200,1.3184
0.0233,0.0000,0.0000,0.0000,0.0232,0.0000,200,1.3100
0.0078,0.0000,0.0000,0.0000,0.0077,0.0001,200,1.3257
0.0120,0.0000,0.0000,0.0000,0.0119,0.0001,200,1.3225
0.0233,0.0000,0.0000,0.0000,0.0232,0.0000,200,1.3116
0.0222,0.0000,0.0000,0.0001,0.0220,0.0001,200,1.3130
0.0417,0.0000,0.0000,0.0000,0.0411,0.0006,200,1.2944
0.0035,0.0000,0.0000,0.0000,0.0035,0.0000,200,1.3325
0.0182,0.0000,0.0000,0.0000,0.0181,0.0001,200,1.3183
0.0186,0.0000,0.0000,0.0000,0.0185,0.0000,200,1.3186
0.0124,0.0000,0.0000,0.0000,0.0123,0.0001,200,1.3254
0.0114,0.0000,0.0000,0.0000,0.0113,0.0000,200,1.3268
0.0200,0.0000,0.0000,0.0002,0.0198,0.0000,200,1.3187
0.0210,0.0000,0.0000,0.0000,0.0209,0.0000,200,1.3183
0.0161,0.0000,0.0000,0.0000,0.0159,0.0001,200,1.3236
0.0380,0.0000,0.0000,0.0000,0.0379,0.0000,200,1.3022
0.0117,0.0000,0.0000,0.0000,0.0116,0.0000,200,1.3288
0.0379,0.0000,0.0000,0.0000,0.0378,0.0000,200,1.3031
0.0094,0.0000,0.0000,0.0000,0.0093,0.0000,200,1.3321
0.0190,0.0000,0.0000,0.0000,0.0190,0.0000,200,1.3228
0.0136,0.0000,0.0000,0.0000,0.0132,0.0001,200,1.3291
0.0365,0.0000,0.0000,0.0000,0.0364,0.0001,200,1.3067
0.0154,0.0000,0.0000,0.0000,0.0152,0.0002,200,1.3285
0.0140,0.0000,0.0000,0.0000,0.0140,0.0000,200,1.3301
0.0184,0.0000,0.0000,0.0000,0.0183,0.0000,200,1.3263
0.0038,0.0000,0.0000,0.0000,0.0037,0.0000,200,1.3415
0.0133,0.0000,0.0000,0.0000,0.0132,0.0001,200,1.3329
0.0455,0.0000,0.0000,0.0000,0.0448,0.0006,200,1.3008
0.0418,0.0000,0.0000,0.0000,0.0417,0.0001,200,1.3053
0.0255,0.0000,0.0000,0.0000,0.0255,0.0000,200,1.3219
0.0572,0.0000,0.0000,0.0000,0.0571,0.0000,200,1.2910
0.0280,0.0000,0.0000,0.0000,0.0279,0.0001,200,1.3209
0.0217,0.0000,0.0000,0.0000,0.0217,0.0000,200,1.3279
0.0141,0.0000,0.0000,0.0000,0.0141,0.0001,200,1.3361
0.0194,0.0000,0.0000,0.0000,0.0193,0.0000,200,1.3312
0.0118,0.0000,0.0000,0.0000,0.0117,0.0000,200,1.3393
0.0137,0.0000,0.0000,0.0000,0.0135,0.0001,200,1.3378
0.0121,0.0000,0.0000,0.0000,0.0120,0.0001,200,1.3397
0.0332,0.0000,0.0000,0.0000,0.0332,0.0000,200,1.3192
0.0129,0.0000,0.0000,0.0000,0.0129,0.0000,200,1.3402
0.0400,0.0000,0.0000,0.0000,0.0398,0.0001,200,1.3138
0.0100,0.0000,0.0000,0.0000,0.0100,0.0000,200,1.3441
0.0129,0.0000,0.0000,0.0000,0.0128,0.0001,200,1.3418
0.0218,0.0000,0.0000,0.0001,0.0215,0.0001,200,1.3334
0.0213,0.0000,0.0000,0.0000,0.0212,0.0000,200,1.3345
0.0226,0.0000,0.0000,0.0000,0.0224,0.0001,200,1.3336
0.0216,0.0000,0.0000,0.0000,0.0214,0.0002,200,1.3353
0.0085,0.0000,0.0000,0.0000,0.0084,0.0000,200,1.3489
0.0199,0.0000,0.0000,0.0000,0.0198,0.0000,200,1.3381
0.0427,0.0000,0.0000,0.0000,0.0426,0.0000,200,1.3154
0.0421,0.0000,0.0000,0.0000,0.0400,0.0020,200,1.3183
0.0393,0.0000,0.0000,0.0000,0.0392,0.0000,200,1.3211
0.0053,0.0000,0.0000,0.0000,0.0051,0.0000,200,1.3551
0.0217,0.0000,0.0000,0.0000,0.0216,0.0000,200,1.3387
0.0256,0.0000,0.0000,0.0000,0.0256,0.0000,200,1.3349
0.0244,0.0000,0.0000,0.0000,0.0244,0.0000,200,1.3361
0.0395,0.0000,0.0000,0.0000,0.0394,0.0000,200,1.3210
0.0103,0.0000,0.0000,0.0000,0.0102,0.0000,200,1.3502
0.0244,0.0000,0.0000,0.0000,0.0243,0.0001,200,1.3365
0.0409,0.0000,0.0000,0.0000,0.0408,0.0000,200,1.3203
0.0019,0.0000,0.0000,0.0000,0.0017,0.0000,200,1.3605
0.0317,0.0000,0.0000,0.0001,0.0315,0.0000,200,1.3309
0.0323,0.0000,0.0000,0.0000,0.0322,0.0000,200,1.3306
0.0100,0.0000,0.0000,0.0000,0.0099,0.0000,200,1.3531
0.0227,0.0000,0.0000,0.0000,0.0226,0.0000,200,1.3410
0.0346,0.0000,0.0000,0.0000,0.0345,0.0001,200,1.3296
0.0171,0.0000,0.0000,0.0000,0.0171,0.0000,200,1.3475
0.0496,0.0000,0.0000,0.0000,0.0496,0.0000,200,1.3156
0.0456,0.0000,0.0000,0.0000,0.0456,0.0000,200,1.3201
0.0166,0.0000,0.0000,0.0000,0.0165,0.0001,200,1.3497
0.0350,0.0000,0.0000,0.0000,0.0349,0.0001,200,1.3316
0.0200,0.0000,0.0000,0.0000,0.0199,0.0000,200,1.3471
0.0851,0.0000,0.0000,0.0000,0.0850,0.0000,200,1.2824
0.0409,0.0000,0.0000,0.0000,0.0408,0.0000,200,1.3273
0.0174,0.0000,0.0000,0.0000,0.0174,0.0000,200,1.3511
0.0242,0.0000,0.0000,0.0000,0.0241,0.0000,200,1.3452
0.0235,0.0000,0.0000,0.0000,0.0234,0.0000,200,1.3462
0.0462,0.0000,0.0000,0.0000,0.0461,0.0000,200,1.3241
0.0193,0.0000,0.0000,0.0000,0.0192,0.0000,200,1.3515
0.0107,0.0000,0.0000,0.0000,0.0106,0.0000,200,1.3604
0.0091,0.0000,0.0000,0.0000,0.0090,0.0000,200,1.3624
0.0235,0.0000,0.0000,0.0000,0.0234,0.0001,200,1.3482
0.0118,0.0000,0.0000,0.0000,0.0118,0.0000,200,1.3606
0.0061,0.0000,0.0000,0.0000,0.0059,0.0000,200,1.3675
0.0344,0.0000,0.0000,0.0000,0.0323,0.0020,200,1.3405
0.0115,0.0000,0.0000,0.0000,0.0113,0.0000,200,1.3636
0.0304,0.0000,0.0000,0.0000,0.0303,0.0001,200,1.3447
0.0317,0.0000,0.0000,0.0000,0.0316,0.0000,200,1.3439
0.0136,0.0000,0.0000,0.0000,0.0133,0.0002,200,1.3626
0.0165,0.0000,0.0000,0.0000,0.0164,0.0000,200,1.3605
0.0344,0.0000,0.0000,0.0000,0.0343,0.0000,200,1.3432
0.0130,0.0000,0.0000,0.0000,0.0130,0.0000,200,1.3653
0.0179,0.0000,0.0000,0.0000,0.0178,0.0000,200,1.3604
0.0360,0.0000,0.0000,0.0000,0.0359,0.0001,200,1.3428
0.0184,0.0000,0.0000,0.0000,0.0184,0.0000,200,1.3610
0.0197,0.0000,0.0000,0.0000,0.0194,0.0000,200,1.3603
0.0023,0.0000,0.0000,0.0000,0.0022,0.0000,200,1.3783
0.0272,0.0000,0.0000,0.0000,0.0271,0.0000,200,1.3538
0.0106,0.0000,0.0000,0.0000,0.0106,0.0000,200,1.3708
0.0316,0.0000,0.0000,0.0000,0.0312,0.0003,200,1.3507
0.0087,0.0000,0.0000,0.0000,0.0079,0.0000,200,1.3735
0.0460,0.0000,0.0000,0.0000,0.0460,0.0001,200,1.3372
0.0694,0.0000,0.0000,0.0000,0.0694,0.0000,200,1.3141
0.0266,0.0000,0.0000,0.0000,0.0266,0.0000,200,1.3574
0.0128,0.0000,0.0000,0.0000,0.0126,0.0001,200,1.3718
0.0245,0.0000,0.0000,0.0000,0.0244,0.0000,200,1.3606
0.0242,0.0000,0.0000,0.0000,0.0241,0.0000,200,1.3612
0.0211,0.0000,0.0000,0.0000,0.0211,0.0000,200,1.3646
0.0281,0.0000,0.0000,0.0000,0.0280,0.0000,200,1.3580
0.0240,0.0000,0.0000,0.0000,0.0240,0.0000,200,1.3642
0.0180,0.0000,0.0000,0.0000,0.0180,0.0000,200,1.3703
0.0279,0.0000,0.0000,0.0000,0.0279,0.0000,200,1.3604
0.0365,0.0000,0.0000,0.0000,0.0365,0.0000,200,1.3518
0.0421,0.0000,0.0000,0.0000,0.0421,0.0000,200,1.3462
0.0326,0.0000,0.0000,0.0000,0.0325,0.0000,200,1.3558
0.0101,0.0000,0.0000,0.0000,0.0100,0.0000,200,1.3788
0.0178,0.0000,0.0000,0.0000,0.0177,0.0000,200,1.3715
0.0267,0.0000,0.0000,0.0000,0.0267,0.0000,200,1.3631
0.0342,0.0000,0.0000,0.0000,0.0341,0.0001,200,1.3562
0.0111,0.0000,0.0000,0.0000,0.0111,0.0000,200,1.3794
0.0075,0.0000,0.0000,0.0000,0.0074,0.0000,200,1.3833
0.0156,0.0000,0.0000,0.0000,0.0155,0.0001,200,1.3762
0.0086,0.0000,0.0000,0.0000,0.0085,0.0001,200,1.3835
0.0103,0.0000,0.0000,0.0000,0.0102,0.0000,200,1.3822
0.0266,0.0000,0.0000,0.0000,0.0266,0.0000,200,1.3663
0.0125,0.0000,0.0000,0.0000,0.0124,0.0001,200,1.3806
0.0211,0.0000,0.0000,0.0002,0.0203,0.0000,200,1.3724
0.0192,0.0000,0.0000,0.0000,0.0191,0.0000,200,1.3749
0.0102,0.0000,0.0000,0.0000,0.0101,0.0000,200,1.3846
0.0433,0.0000,0.0000,0.0000,0.0433,0.0000,200,1.3524
0.0079,0.0000,0.0000,0.0000,0.0078,0.0001,200,1.3884
0.0109,0.0000,0.0000,0.0000,0.0108,0.0000,200,1.3858
0.0272,0.0000,0.0000,0.0000,0.0261,0.0010,200,1.3711
0.0143,0.0000,0.0000,0.0000,0.0142,0.0000,200,1.3840
0.0403,0.0000,0.0000,0.0000,0.0402,0.0000,200,1.3580
0.0313,0.0000,0.0000,0.0001,0.0311,0.0000,200,1.3671
0.0238,0.0000,0.0000,0.0001,0.0237,0.0000,200,1.3751
0.0082,0.0000,0.0000,0.0000,0.0080,0.0000,200,1.3908
0.0222,0.0000,0.0000,0.0000,0.0222,0.0000,200,1.3772
0.0370,0.0000,0.0000,0.0001,0.0367,0.0000,200,1.3630
0.0120,0.0000,0.0000,0.0000,0.0119,0.0001,200,1.3883
0.0342,0.0000,0.0000,0.0000,0.0342,0.0000,200,1.3667
0.0215,0.0000,0.0000,0.0000,0.0215,0.0000,200,1.3800
0.0085,0.0000,0.0000,0.0000,0.0084,0.0000,200,1.3935
0.0142,0.0000,0.0000,0.0000,0.0141,0.0000,200,1.3884
0.0075,0.0000,0.0000,0.0001,0.0074,0.0000,200,1.3963
0.0263,0.0000,0.0000,0.0000,0.0262,0.0000,200,1.3776
0.0345,0.0000,0.0000,0.0000,0.0345,0.0000,200,1.3694
0.0185,0.0000,0.0000,0.0000,0.0185,0.0000,200,1.3854
0.0290,0.0000,0.0000,0.0000,0.0279,0.0011,200,1.3751
0.0236,0.0000,0.0000,0.0000,0.0235,0.0001,200,1.3810
0.0158,0.0000,0.0000,0.0000,0.0158,0.0000,200,1.3893
0.0174,0.0000,0.0000,0.0000,0.0172,0.0001,200,1.3882
0.0137,0.0000,0.0000,0.0001,0.0136,0.0000,200,1.3921
0.0173,0.0000,0.0000,0.0000,0.0172,0.0000,200,1.3889
0.0107,0.0000,0.0000,0.0000,0.0105,0.0001,200,1.3958
0.0079,0.0000,0.0000,0.0000,0.0078,0.0000,200,1.3989
0.0389,0.0000,0.0000,0.0000,0.0388,0.0000,200,1.3685
0.0195,0.0000,0.0000,0.0000,0.0194,0.0000,200,1.3883
0.0134,0.0000,0.0000,0.0000,0.0133,0.0000,200,1.3949
0.0155,0.0000,0.0000,0.0000,0.0155,0.0000,200,1.3929
0.0407,0.0000,0.0000,0.0000,0.0406,0.0000,200,1.3697
0.0255,0.0000,0.0000,0.0000,0.0254,0.0000,200,1.3850
0.0139,0.0000,0.0000,0.0000,0.0138,0.0000,200,1.3967
0.0564,0.0000,0.0000,0.0000,0.0563,0.0000,200,1.3541
0.0086,0.0000,0.0000,0.0000,0.0086,0.0000,200,1.4020
0.0124,0.0000,0.0000,0.0000,0.0123,0.0000,200,1.3983
0.0247,0.0000,0.0000,0.0000,0.0246,0.0000,200,1.3861
0.0193,0.0000,0.0000,0.0000,0.0191,0.0000,200,1.3918
0.0215,0.0000,0.0000,0.0001,0.0213,0.0000,200,1.3904
0.0557,0.0000,0.0000,0.0000,0.0557,0.0000,200,1.3569
0.0084,0.0000,0.0000,0.0000,0.0083,0.0000,200,1.4047
0.0032,0.0000,0.0000,0.0000,0.0027,0.0001,200,1.4106
0.0144,0.0000,0.0000,0.0000,0.0143,0.0000,200,1.3995
0.0130,0.0000,0.0000,0.0000,0.0130,0.0000,200,1.4015
0.0328,0.0000,0.0000,0.0000,0.0328,0.0000,200,1.3823
0.0106,0.0000,0.0000,0.0000,0.0105,0.0001,200,1.4051
0.0347,0.0000,0.0000,0.0000,0.0346,0.0000,200,1.3815
0.0124,0.0000,0.0000,0.0000,0.0124,0.0000,200,1.4041
0.0095,0.0000,0.0000,0.0000,0.0094,0.0001,200,1.4074
0.0627,0.0000,0.0000,0.0000,0.0626,0.0000,200,1.3547
0.0172,0.0000,0.0000,0.0000,0.0171,0.0001,200,1.4010
0.0937,0.0000,0.0000,0.0000,0.0936,0.0001,200,1.3248
0.0263,0.0000,0.0000,0.0000,0.0262,0.0000,200,1.3925
0.0089,0.0000,0.0000,0.0000,0.0086,0.0002,200,1.4106
0.0217,0.0000,0.0000,0.0000,0.0212,0.0006,200,1.3984
0.0164,0.0000,0.0000,0.0000,0.0164,0.0000,200,1.4038
0.0167,0.0000,0.0000,0.0000,0.0166,0.0000,200,1.4039
0.0307,0.0000,0.0000,0.0002,0.0303,0.0001,200,1.3905
0.0163,0.0000,0.0000,0.0000,0.0162,0.0000,200,1.4056
0.0187,0.0000,0.0000,0.0000,0.0186,0.0001,200,1.4039
0.0245,0.0000,0.0000,0.0001,0.0242,0.0000,200,1.3983
0.0575,0.0000,0.0000,0.0000,0.0575,0.0000,200,1.3657
0.0234,0.0000,0.0000,0.0000,0.0234,0.0000,200,1.4003
0.0201,0.0000,0.0000,0.0000,0.0200,0.0000,200,1.4062
0.0238,0.0000,0.0000,0.0000,0.0237,0.0000,200,1.4026
0.0264,0.0000,0.0000,0.0002,0.0262,0.0000,200,1.3999
0.0186,0.0000,0.0000,0.0001,0.0179,0.0000,200,1.4078
0.0038,0.0000,0.0000,0.0000,0.0037,0.0000,200,1.4226
0.0134,0.0000,0.0000,0.0000,0.0133,0.0001,200,1.4130
0.0161,0.0000,0.0000,0.0000,0.0161,0.0000,200,1.4104
0.0155,0.0000,0.0000,0.0000,0.0153,0.0000,200,1.4110
0.0283,0.0000,0.0000,0.0001,0.0281,0.0000,200,1.3983
0.0587,0.0000,0.0000,0.0001,0.0586,0.0000,200,1.3681
0.0233,0.0000,0.0000,0.0000,0.0232,0.0000,200,1.4038
0.0078,0.0000,0.0000,0.0000,0.0077,0.0000,200,1.4202
0.0410,0.0000,0.0000,0.0000,0.0409,0.0000,200,1.3883
0.0099,0.0000,0.0000,0.0000,0.0098,0.0000,200,1.4194
0.0109,0.0000,0.0000,0.0000,0.0108,0.0000,200,1.4185
0.0121,0.0000,0.0000,0.0000,0.0120,0.0001,200,1.4174
0.0153,0.0000,0.0000,0.0000,0.0153,0.0000,200,1.4146
0.0172,0.0000,0.0000,0.0000,0.0172,0.0000,200,1.4126
0.0141,0.0000,0.0000,0.0000,0.0139,0.0000,200,1.4162
0.0103,0.0000,0.0000,0.0000,0.0102,0.0000,200,1.4203
0.0554,0.0000,0.0000,0.0000,0.0553,0.0001,200,1.3756
0.0196,0.0000,0.0000,0.0000,0.0196,0.0000,200,1.4120
0.0330,0.0000,0.0000,0.0000,0.0329,0.0000,200,1.3990
0.0112,0.0000,0.0000,0.0000,0.0111,0.0000,200,1.4219
0.0067,0.0000,0.0000,0.0000,0.0067,0.0000,200,1.4264
0.0435,0.0000,0.0000,0.0000,0.0433,0.0002,200,1.3898
0.0173,0.0000,0.0000,0.0000,0.0172,0.0000,200,1.4166
0.0063,0.0000,0.0000,0.0000,0.0063,0.0000,200,1.4280
0.0242,0.0000,0.0000,0.0000,0.0239,0.0000,200,1.4107
0.0125,0.0000,0.0000,0.0000,0.0124,0.0000,200,1.4229
0.0200,0.0000,0.0000,0.0000,0.0199,0.0000,200,1.4157
0.0154,0.0000,0.0000,0.0000,0.0153,0.0000,200,1.4206
0.0581,0.0000,0.0000,0.0000,0.0580,0.0000,200,1.3783
0.0266,0.0000,0.0000,0.0002,0.0263,0.0000,200,1.4105
0.0034,0.0000,0.0000,0.0000,0.0034,0.0001,200,1.4344
0.0205,0.0000,0.0000,0.0000,0.0203,0.0001,200,1.4181
0.0310,0.0000,0.0000,0.0000,0.0309,0.0001,200,1.4082
0.0133,0.0000,0.0000,0.0000,0.0132,0.0000,200,1.4263
0.0471,0.0000,0.0000,0.0000,0.0470,0.0000,200,1.3931
0.0140,0.0000,0.0000,0.0000,0.0140,0.0000,200,1.4265
0.0038,0.0000,0.0000,0.0000,0.0037,0.0000,200,1.4371
0.0058,0.0000,0.0000,0.0000,0.0057,0.0001,200,1.4357
0.0119,0.0000,0.0000,0.0000,0.0118,0.0000,200,1.4302
0.0319,0.0000,0.0000,0.0001,0.0314,0.0000,200,1.4108
0.0020,0.0000,0.0000,0.0000,0.0020,0.0000,200,1.4409
0.0125,0.0000,0.0000,0.0000,0.0124,0.0000,200,1.4310
0.0372,0.0000,0.0000,0.0000,0.0372,0.0000,200,1.4068
0.0094,0.0000,0.0000,0.0000,0.0093,0.0001,200,1.4350
0.0309,0.0000,0.0000,0.0000,0.0307,0.0002,200,1.4139
0.0390,0.0000,0.0000,0.0000,0.0389,0.0001,200,1.4058
0.0162,0.0000,0.0000,0.0000,0.0161,0.0000,200,1.4293
0.0194,0.0000,0.0000,0.0000,0.0193,0.0001,200,1.4265
0.0137,0.0000,0.0000,0.0000,0.0136,0.0000,200,1.4331
0.0256,0.0000,0.0000,0.0000,0.0255,0.0000,200,1.4212
0.0204,0.0000,0.0000,0.0000,0.0203,0.0000,200,1.4265
0.0045,0.0000,0.0000,0.0000,0.0041,0.0003,200,1.4427
0.0284,0.0000,0.0000,0.0000,0.0283,0.0000,200,1.4188
0.0213,0.0000,0.0000,0.0000,0.0212,0.0000,200,1.4263
0.0142,0.0000,0.0000,0.0000,0.0141,0.0001,200,1.4338
0.0119,0.0000,0.0000,0.0000,0.0118,0.0001,200,1.4364
0.0191,0.0000,0.0000,0.0000,0.0190,0.0000,200,1.4299
0.0233,0.0000,0.0000,0.0000,0.0230,0.0001,200,1.4263
0.0199,0.0000,0.0000,0.0000,0.0198,0.0000,200,1.4299
0.0366,0.0000,0.0000,0.0000,0.0364,0.0001,200,1.4138
0.0148,0.0000,0.0000,0.0000,0.0147,0.0000,200,1.4360
0.0220,0.0000,0.0000,0.0001,0.0218,0.0000,200,1.4295
0.0438,0.0000,0.0000,0.0000,0.0437,0.0000,200,1.4085
0.0295,0.0000,0.0000,0.0000,0.0294,0.0000,200,1.4232
0.0063,0.0000,0.0000,0.0000,0.0062,0.0000,200,1.4467
0.0220,0.0000,0.0000,0.0000,0.0219,0.0000,200,1.4316
0.0230,0.0000,0.0000,0.0000,0.0229,0.0000,200,1.4305
0.0274,0.0000,0.0000,0.0000,0.0273,0.0000,200,1.4264
0.0086,0.0000,0.0000,0.0000,0.0085,0.0000,200,1.4455
0.0098,0.0000,0.0000,0.0000,0.0097,0.0000,200,1.4448
0.0280,0.0000,0.0000,0.0000,0.0279,0.0001,200,1.4271
0.0261,0.0000,0.0000,0.0000,0.0260,0.0000,200,1.4294
0.0114,0.0000,0.0000,0.0000,0.0113,0.0000,200,1.4444
0.0071,0.0000,0.0000,0.0000,0.0063,0.0008,200,1.4498
0.0065,0.0000,0.0000,0.0000,0.0064,0.0000,200,1.4504
0.0332,0.0000,0.0000,0.0000,0.0331,0.0000,200,1.4238
0.0074,0.0000,0.0000,0.0000,0.0074,0.0000,200,1.4496
0.0425,0.0000,0.0000,0.0000,0.0423,0.0001,200,1.4151
0.0250,0.0000,0.0000,0.0000,0.0249,0.0000,200,1.4333
0.0483,0.0000,0.0000,0.0000,0.0482,0.0001,200,1.4105
0.0526,0.0000,0.0000,0.0001,0.0524,0.0001,200,1.4065
0.0428,0.0000,0.0000,0.0000,0.0422,0.0001,200,1.4169
0.0185,0.0000,0.0000,0.0000,0.0184,0.0000,200,1.4415
0.0219,0.0000,0.0000,0.0000,0.0219,0.0000,200,1.4386
0.0094,0.0000,0.0000,0.0000,0.0094,0.0000,200,1.4515
0.0147,0.0000,0.0000,0.0004,0.0142,0.0001,200,1.4468
0.0066,0.0000,0.0000,0.0000,0.0066,0.0000,200,1.4555
0.0222,0.0000,0.0000,0.0001,0.0221,0.0000,200,1.4406
0.0202,0.0000,0.0000,0.0000,0.0198,0.0005,200,1.4435
0.0113,0.0000,0.0000,0.0000,0.0111,0.0002,200,1.4527
0.0239,0.0000,0.0000,0.0000,0.0239,0.0000,200,1.4402
0.0034,0.0000,0.0000,0.0000,0.0017,0.0017,200,1.4628
0.0087,0.0000,0.0000,0.0000,0.0086,0.0000,200,1.4575
0.0127,0.0000,0.0000,0.0000,0.0127,0.0000,200,1.4536
0.0093,0.0000,0.0000,0.0000,0.0093,0.0000,200,1.4569
0.0180,0.0000,0.0000,0.0000,0.0180,0.0000,200,1.4483
0.0073,0.0000,0.0000,0.0000,0.0072,0.0000,200,1.4591
0.0187,0.0000,0.0000,0.0001,0.0186,0.0000,200,1.4480
0.0402,0.0000,0.0000,0.0000,0.0402,0.0000,200,1.4269
0.0144,0.0000,0.0000,0.0000,0.0143,0.0001,200,1.4531
0.0188,0.0000,0.0000,0.0000,0.0187,0.0001,200,1.4490
0.0130,0.0000,0.0000,0.0000,0.0129,0.0001,200,1.4551
0.0083,0.0000,0.0000,0.0000,0.0081,0.0001,200,1.4606
0.0222,0.0000,0.0000,0.0001,0.0220,0.0000,200,1.4471
0.0128,0.0000,0.0000,0.0000,0.0127,0.0000,200,1.4569
0.0115,0.0000,0.0000,0.0000,0.0113,0.0002,200,1.4588
0.0044,0.0000,0.0000,0.0000,0.0043,0.0001,200,1.4663
0.0388,0.0000,0.0000,0.0000,0.0387,0.0000,200,1.4321
0.0048,0.0000,0.0000,0.0000,0.0047,0.0000,200,1.4664
0.0288,0.0000,0.0000,0.0000,0.0286,0.0001,200,1.4430
0.0151,0.0000,0.0000,0.0003,0.0148,0.0000,200,1.4570
0.0111,0.0000,0.0000,0.0000,0.0111,0.0000,200,1.4615
0.0290,0.0000,0.0000,0.0000,0.0289,0.0000,200,1.4440
0.0114,0.0000,0.0000,0.0000,0.0114,0.0000,200,1.4621
0.0171,0.0000,0.0000,0.0000,0.0170,0.0000,200,1.4570
0.0392,0.0000,0.0000,0.0000,0.0391,0.0000,200,1.4354
0.0042,0.0000,0.0000,0.0000,0.0042,0.0000,200,1.4707
0.0070,0.0000,0.0000,0.0000,0.0068,0.0001,200,1.4689
0.0087,0.0000,0.0000,0.0001,0.0084,0.0000,200,1.4675
0.0436,0.0000,0.0000,0.0003,0.0432,0.0001,200,1.4331
0.0172,0.0000,0.0000,0.0000,0.0170,0.0001,200,1.4600
0.0114,0.0000,0.0000,0.0000,0.0114,0.0000,200,1.4663
0.0385,0.0000,0.0000,0.0000,0.0385,0.0000,200,1.4396
0.0147,0.0000,0.0000,0.0000,0.0146,0.0000,200,1.4640
0.0849,0.0000,0.0000,0.0000,0.0847,0.0000,200,1.3941
0.0098,0.0000,0.0000,0.0000,0.0098,0.0000,200,1.4697
0.0091,0.0000,0.0000,0.0000,0.0090,0.0001,200,1.4711
0.0030,0.0000,0.0000,0.0000,0.0029,0.0000,200,1.4777
0.0078,0.0000,0.0000,0.0000,0.0078,0.0000,200,1.4735
0.0276,0.0000,0.0000,0.0000,0.0275,0.0001,200,1.4541
0.0082,0.0000,0.0000,0.0000,0.0081,0.0000,200,1.4740
0.0185,0.0000,0.0000,0.0000,0.0184,0.0001,200,1.4641
0.0356,0.0000,0.0000,0.0000,0.0354,0.0002,200,1.4477
0.0118,0.0000,0.0000,0.0000,0.0118,0.0000,200,1.4721
0.0049,0.0000,0.0000,0.0000,0.0048,0.0000,200,1.4796
0.0303,0.0000,0.0000,0.0000,0.0302,0.0000,200,1.4546
0.0461,0.0000,0.0000,0.0000,0.0459,0.0001,200,1.4393
0.0401,0.0000,0.0000,0.0000,0.0399,0.0002,200,1.4459
0.0169,0.0000,0.0000,0.0000,0.0168,0.0000,200,1.4693
0.0207,0.0000,0.0000,0.0000,0.0206,0.0000,200,1.4662
0.0331,0.0000,0.0000,0.0000,0.0324,0.0005,200,1.4538
0.0168,0.0000,0.0000,0.0000,0.0168,0.0000,200,1.4703
0.0458,0.0000,0.0000,0.0000,0.0457,0.0001,200,1.4421
0.0432,0.0000,0.0000,0.0001,0.0430,0.0000,200,1.4448
0.0115,0.0000,0.0000,0.0000,0.0111,0.0000,200,1.4767
0.0139,0.0000,0.0000,0.0000,0.0138,0.0001,200,1.4746
0.0034,0.0000,0.0000,0.0000,0.0033,0.0000,200,1.4860
0.0114,0.0000,0.0000,0.0000,0.0114,0.0000,200,1.4781
0.0222,0.0000,0.0000,0.0001,0.0220,0.0001,200,1.4678
0.0239,0.0000,0.0000,0.0000,0.0238,0.0001,200,1.4667
0.0404,0.0000,0.0000,0.0000,0.0403,0.0000,200,1.4508
0.0112,0.0000,0.0000,0.0000,0.0111,0.0000,200,1.4802
0.0113,0.0000,0.0000,0.0000,0.0113,0.0000,200,1.4807
0.0109,0.0000,0.0000,0.0000,0.0108,0.0000,200,1.4817
0.0171,0.0000,0.0000,0.0000,0.0170,0.0000,200,1.4759
0.0671,0.0000,0.0000,0.0000,0.0670,0.0000,200,1.4265
0.0343,0.0000,0.0000,0.0000,0.0342,0.0001,200,1.4597
0.0214,0.0000,0.0000,0.0000,0.0213,0.0000,200,1.4730
0.0480,0.0000,0.0000,0.0002,0.0477,0.0000,200,1.4469
0.0115,0.0000,0.0000,0.0000,0.0114,0.0000,200,1.4839
0.0035,0.0000,0.0000,0.0000,0.0034,0.0000,200,1.4925
0.0066,0.0000,0.0000,0.0000,0.0065,0.0000,200,1.4907
0.0266,0.0000,0.0000,0.0000,0.0264,0.0002,200,1.4708
0.0148,0.0000,0.0000,0.0000,0.0146,0.0001,200,1.4827
0.0682,0.0000,0.0000,0.0000,0.0680,0.0002,200,1.4293
0.0158,0.0000,0.0000,0.0000,0.0157,0.0000,200,1.4822
0.0200,0.0000,0.0000,0.0000,0.0200,0.0000,200,1.4786
0.0123,0.0000,0.0000,0.0000,0.0123,0.0000,200,1.4879
0.0109,0.0000,0.0000,0.0000,0.0108,0.0000,200,1.4894
0.0340,0.0000,0.0000,0.0000,0.0340,0.0000,200,1.4663
0.0213,0.0000,0.0000,0.0001,0.0211,0.0000,200,1.4791
0.0063,0.0000,0.0000,0.0000,0.0063,0.0000,200,1.4940
0.0152,0.0000,0.0000,0.0001,0.0150,0.0002,200,1.4854
0.0112,0.0000,0.0000,0.0000,0.0111,0.0000,200,1.4895
0.0295,0.0000,0.0000,0.0000,0.0293,0.0001,200,1.4718
0.0155,0.0000,0.0000,0.0000,0.0154,0.0000,200,1.4862
0.0208,0.0000,0.0000,0.0000,0.0207,0.0000,200,1.4814
0.0101,0.0000,0.0000,0.0000,0.0100,0.0000,200,1.4930
0.0061,0.0000,0.0000,0.0000,0.0060,0.0001,200,1.4975
0.0169,0.0000,0.0000,0.0000,0.0169,0.0000,200,1.4869
0.0143,0.0000,0.0000,0.0000,0.0143,0.0000,200,1.4900
0.0087,0.0000,0.0000,0.0000,0.0086,0.0001,200,1.4960
0.0128,0.0000,0.0000,0.0000,0.0128,0.0000,200,1.4921
0.0184,0.0000,0.0000,0.0000,0.0183,0.0000,200,1.4871
0.0682,0.0000,0.0000,0.0000,0.0682,0.0000,200,1.4378
0.0091,0.0000,0.0000,0.0000,0.0090,0.0000,200,1.4975
0.0186,0.0000,0.0000,0.0000,0.0185,0.0000,200,1.4885
0.0363,0.0000,0.0000,0.0000,0.0363,0.0000,200,1.4730
0.0435,0.0000,0.0000,0.0000,0.0434,0.0001,200,1.4664
0.0251,0.0000,0.0000,0.0000,0.0250,0.0000,200,1.4849
0.0222,0.0000,0.0000,0.0000,0.0221,0.0000,200,1.4883
0.0263,0.0000,0.0000,0.0000,0.0262,0.0000,200,1.4845
0.0113,0.0000,0.0000,0.0000,0.0112,0.0001,200,1.5004
0.0084,0.0000,0.0000,0.0000,0.0083,0.0000,200,1.5036
0.0120,0.0000,0.0000,0.0000,0.0117,0.0000,200,1.5007
0.0068,0.0000,0.0000,0.0000,0.0067,0.0000,200,1.5066
0.0527,0.0000,0.0000,0.0000,0.0527,0.0000,200,1.4609
0.0044,0.0000,0.0000,0.0000,0.0044,0.0000,200,1.5099
0.0677,0.0000,0.0000,0.0000,0.0676,0.0000,200,1.4472
0.0151,0.0000,0.0000,0.0000,0.0151,0.0000,200,1.5003
0.0121,0.0000,0.0000,0.0000,0.0120,0.0001,200,1.5038
0.0284,0.0000,0.0000,0.0000,0.0284,0.0000,200,1.4879
0.0254,0.0000,0.0000,0.0000,0.0254,0.0000,200,1.4914
0.0422,0.0000,0.0000,0.0000,0.0421,0.0001,200,1.4750
0.0197,0.0000,0.0000,0.0000,0.0196,0.0001,200,1.4980
0.0232,0.0000,0.0000,0.0000,0.0230,0.0002,200,1.4949
0.0657,0.0000,0.0000,0.0000,0.0657,0.0000,200,1.4536
0.0218,0.0000,0.0000,0.0000,0.0218,0.0000,200,1.4975
0.0431,0.0000,0.0000,0.0000,0.0430,0.0000,200,1.4761
0.0057,0.0000,0.0000,0.0000,0.0057,0.0000,200,1.5136
0.0054,0.0000,0.0000,0.0000,0.0053,0.0000,200,1.5143
0.0130,0.0000,0.0000,0.0000,0.0126,0.0000,200,1.5071
0.0215,0.0000,0.0000,0.0000,0.0214,0.0001,200,1.5007
0.0176,0.0000,0.0000,0.0002,0.0173,0.0001,200,1.5047
0.0556,0.0000,0.0000,0.0000,0.0555,0.0000,200,1.4671
0.0647,0.0000,0.0000,0.0000,0.0647,0.0000,200,1.4583
0.0247,0.0000,0.0000,0.0000,0.0246,0.0000,200,1.4986
0.0234,0.0000,0.0000,0.0000,0.0233,0.0000,200,1.5003
0.0114,0.0000,0.0000,0.0000,0.0112,0.0002,200,1.5127
0.0270,0.0000,0.0000,0.0000,0.0269,0.0000,200,1.4973
0.0186,0.0000,0.0000,0.0000,0.0186,0.0000,200,1.5060
0.0130,0.0000,0.0000,0.0000,0.0130,0.0000,200,1.5120
0.0344,0.0000,0.0000,0.0000,0.0343,0.0000,200,1.4911
0.0091,0.0000,0.0000,0.0000,0.0091,0.0000,200,1.5168
0.0043,0.0000,0.0000,0.0000,0.0042,0.0000,200,1.5237
0.0113,0.0000,0.0000,0.0000,0.0110,0.0001,200,1.5172
0.0733,0.0000,0.0000,0.0000,0.0732,0.0001,200,1.4558
0.0264,0.0000,0.0000,0.0000,0.0264,0.0000,200,1.5030
0.0024,0.0000,0.0000,0.0000,0.0023,0.0000,200,1.5280
0.0150,0.0000,0.0000,0.0000,0.0149,0.0000,200,1.5154
0.0092,0.0000,0.0000,0.0006,0.0082,0.0003,200,1.5223
0.0139,0.0000,0.0000,0.0000,0.0138,0.0000,200,1.5177
0.0018,0.0000,0.0000,0.0000,0.0016,0.0001,200,1.5304
0.0081,0.0000,0.0000,0.0000,0.0077,0.0001,200,1.5247
0.0809,0.0000,0.0000,0.0000,0.0807,0.0001,200,1.4523
0.0318,0.0000,0.0000,0.0000,0.0317,0.0000,200,1.5017
0.0703,0.0000,0.0000,0.0000,0.0703,0.0000,200,1.4638
0.0342,0.0000,0.0000,0.0000,0.0341,0.0000,200,1.5004
0.0147,0.0000,0.0000,0.0000,0.0146,0.0000,200,1.5201
0.0352,0.0000,0.0000,0.0000,0.0350,0.0001,200,1.5003
0.0107,0.0000,0.0000,0.0000,0.0106,0.0001,200,1.5250
0.0124,0.0000,0.0000,0.0000,0.0123,0.0000,200,1.5241
0.0231,0.0000,0.0000,0.0000,0.0230,0.0000,200,1.5134
0.0221,0.0000,0.0000,0.0000,0.0220,0.0001,200,1.5149
0.0268,0.0000,0.0000,0.0000,0.0268,0.0000,200,1.5105
0.0508,0.0000,0.0000,0.0000,0.0507,0.0000,200,1.4870
0.0284,0.0000,0.0000,0.0000,0.0283,0.0000,200,1.5099
0.0365,0.0000,0.0000,0.0001,0.0363,0.0000,200,1.5021
0.0441,0.0000,0.0000,0.0000,0.0440,0.0000,200,1.4954
0.0289,0.0000,0.0000,0.0000,0.0288,0.0000,200,1.5108
0.0210,0.0000,0.0000,0.0000,0.0209,0.0000,200,1.5193
0.0293,0.0000,0.0000,0.0000,0.0292,0.0000,200,1.5116
0.0056,0.0000,0.0000,0.0007,0.0048,0.0000,200,1.5357
0.0225,0.0000,0.0000,0.0000,0.0224,0.0000,200,1.5193
0.0260,0.0000,0.0000,0.0000,0.0259,0.0000,200,1.5163
0.0269,0.0000,0.0000,0.0000,0.0268,0.0000,200,1.5159
0.0391,0.0000,0.0000,0.0000,0.0390,0.0001,200,1.5043
0.0057,0.0000,0.0000,0.0000,0.0057,0.0000,200,1.5383
0.0612,0.0000,0.0000,0.0000,0.0610,0.0001,200,1.4833
0.0355,0.0000,0.0000,0.0000,0.0354,0.0000,200,1.5093
0.0199,0.0000,0.0000,0.0000,0.0198,0.0000,200,1.5256
0.0412,0.0000,0.0000,0.0001,0.0409,0.0002,200,1.5049
0.0784,0.0000,0.0000,0.0000,0.0783,0.0000,200,1.4682
0.0132,0.0000,0.0000,0.0000,0.0131,0.0000,200,1.5334
0.0244,0.0000,0.0000,0.0000,0.0243,0.0000,200,1.5228
0.0157,0.0000,0.0000,0.0000,0.0156,0.0000,200,1.5323
0.0468,0.0000,0.0000,0.0000,0.0466,0.0001,200,1.5013
0.0292,0.0000,0.0000,0.0000,0.0292,0.0000,200,1.5194
0.0259,0.0000,0.0000,0.0000,0.0258,0.0001,200,1.5233
0.0558,0.0000,0.0000,0.0000,0.0557,0.0000,200,1.4936
0.0045,0.0000,0.0000,0.0000,0.0044,0.0001,200,1.5455
0.0117,0.0000,0.0000,0.0000,0.0116,0.0000,200,1.5386
0.0741,0.0000,0.0000,0.0000,0.0739,0.0000,200,1.4771
0.0057,0.0000,0.0000,0.0001,0.0056,0.0000,200,1.5461
0.0193,0.0000,0.0000,0.0000,0.0191,0.0000,200,1.5331
0.0133,0.0000,0.0000,0.0000,0.0133,0.0000,200,1.5395
0.0155,0.0000,0.0000,0.0001,0.0153,0.0000,200,1.5378
0.0234,0.0000,0.0000,0.0000,0.0233,0.0001,200,1.5304
0.0225,0.0000,0.0000,0.0000,0.0224,0.0000,200,1.5315
0.0048,0.0000,0.0000,0.0000,0.0046,0.0001,200,1.5503
0.0161,0.0000,0.0000,0.0000,0.0160,0.0001,200,1.5397
0.0248,0.0000,0.0000,0.0000,0.0247,0.0001,200,1.5316
0.0210,0.0000,0.0000,0.0001,0.0208,0.0001,200,1.5355
0.0624,0.0000,0.0000,0.0000,0.0623,0.0001,200,1.4944
0.0161,0.0000,0.0000,0.0000,0.0161,0.0000,200,1.5413
0.0300,0.0000,0.0000,0.0000,0.0300,0.0000,200,1.5285
0.0105,0.0000,0.0000,0.0002,0.0100,0.0003,200,1.5481
0.0124,0.0000,0.0000,0.0001,0.0123,0.0000,200,1.5466
0.0231,0.0000,0.0000,0.0000,0.0230,0.0000,200,1.5365
0.0406,0.0000,0.0000,0.0000,0.0404,0.0001,200,1.5193
0.0258,0.0000,0.0000,0.0000,0.0257,0.0000,200,1.5348
0.0075,0.0000,0.0000,0.0000,0.0074,0.0000,200,1.5538
0.0089,0.0000,0.0000,0.0000,0.0089,0.0000,200,1.5524
0.0377,0.0000,0.0000,0.0000,0.0376,0.0000,200,1.5243
0.0194,0.0000,0.0000,0.0000,0.0194,0.0000,200,1.5429
0.0437,0.0000,0.0000,0.0001,0.0429,0.0007,200,1.5197
0.0292,0.0000,0.0000,0.0000,0.0291,0.0000,200,1.5346
0.0026,0.0000,0.0000,0.0001,0.0024,0.0000,200,1.5614
0.0154,0.0000,0.0000,0.0000,0.0153,0.0001,200,1.5494
0.0599,0.0000,0.0000,0.0000,0.0598,0.0000,200,1.5055
0.0025,0.0000,0.0000,0.0000,0.0024,0.0001,200,1.5634
0.0243,0.0000,0.0000,0.0000,0.0241,0.0001,200,1.5424
0.0156,0.0000,0.0000,0.0000,0.0155,0.0001,200,1.5513
0.0380,0.0000,0.0000,0.0000,0.0379,0.0001,200,1.5295
0.0497,0.0000,0.0000,0.0000,0.0496,0.0001,200,1.5181
0.0115,0.0000,0.0000,0.0000,0.0114,0.0000,200,1.5568
0.0327,0.0000,0.0000,0.0000,0.0326,0.0000,200,1.5365
0.0354,0.0000,0.0000,0.0000,0.0353,0.0000,200,1.5341
0.0233,0.0000,0.0000,0.0001,0.0231,0.0000,200,1.5466
0.0053,0.0000,0.0000,0.0000,0.0052,0.0001,200,1.5654
0.0146,0.0000,0.0000,0.0001,0.0144,0.0001,200,1.5565
0.0247,0.0000,0.0000,0.0000,0.0246,0.0000,200,1.5486
0.0034,0.0000,0.0000,0.0000,0.0033,0.0000,200,1.5699
0.0159,0.0000,0.0000,0.0001,0.0154,0.0000,200,1.5574
0.0175,0.0000,0.0000,0.0000,0.0174,0.0000,200,1.5558
0.0442,0.0000,0.0000,0.0000,0.0442,0.0000,200,1.5291
0.0406,0.0000,0.0000,0.0000,0.0405,0.0000,200,1.5328
0.0262,0.0000,0.0000,0.0000,0.0262,0.0000,200,1.5471
0.0183,0.0000,0.0000,0.0000,0.0183,0.0000,200,1.5550
0.0294,0.0000,0.0000,0.0000,0.0293,0.0000,200,1.5445
0.0326,0.0000,0.0000,0.0001,0.0325,0.0000,200,1.5418
0.0042,0.0000,0.0000,0.0000,0.0041,0.0000,200,1.5707
0.0084,0.0000,0.0000,0.0000,0.0083,0.0000,200,1.5669
0.0083,0.0000,0.0000,0.0000,0.0082,0.0000,200,1.5675
0.0336,0.0000,0.0000,0.0000,0.0326,0.0009,200,1.5435
0.0271,0.0000,0.0000,0.0000,0.0271,0.0000,200,1.5500
0.0398,0.0000,0.0000,0.0000,0.0398,0.0000,200,1.5373
0.0167,0.0000,0.0000,0.0000,0.0166,0.0000,200,1.5605
0.0044,0.0000,0.0000,0.0000,0.0043,0.0000,200,1.5733
0.0033,0.0000,0.0000,0.0000,0.0032,0.0000,200,1.5753
0.0271,0.0000,0.0000,0.0000,0.0270,0.0001,200,1.5518
0.0171,0.0000,0.0000,0.0000,0.0170,0.0000,200,1.5623
0.0181,0.0000,0.0000,0.0000,0.0180,0.0000,200,1.5619
0.0141,0.0000,0.0000,0.0000,0.0140,0.0001,200,1.5666
0.0582,0.0000,0.0000,0.0000,0.0579,0.0002,200,1.5230
0.0081,0.0000,0.0000,0.0000,0.0081,0.0000,200,1.5733
0.0257,0.0000,0.0000,0.0000,0.0255,0.0001,200,1.5565
0.0087,0.0000,0.0000,0.0000,0.0086,0.0000,200,1.5739
0.0071,0.0000,0.0000,0.0000,0.0071,0.0000,200,1.5758
0.0099,0.0000,0.0000,0.0000,0.0098,0.0000,200,1.5734
0.0039,0.0000,0.0000,0.0000,0.0037,0.0002,200,1.5800
0.0258,0.0000,0.0000,0.0002,0.0255,0.0000,200,1.5587
0.0422,0.0000,0.0000,0.0000,0.0422,0.0000,200,1.5441
0.0268,0.0000,0.0000,0.0000,0.0267,0.0000,200,1.5595
0.0278,0.0000,0.0000,0.0001,0.0276,0.0000,200,1.5585
0.0324,0.0000,0.0000,0.0000,0.0324,0.0000,200,1.5540
0.0456,0.0000,0.0000,0.0000,0.0455,0.0001,200,1.5409
0.0272,0.0000,0.0000,0.0000,0.0270,0.0000,200,1.5599
0.0614,0.0000,0.0000,0.0000,0.0612,0.0001,200,1.5259
0.0145,0.0000,0.0000,0.0000,0.0143,0.0000,200,1.5733
0.0189,0.0000,0.0000,0.0000,0.0188,0.0000,200,1.5695
0.0030,0.0000,0.0000,0.0000,0.0029,0.0000,200,1.5863
0.0262,0.0000,0.0000,0.0000,0.0261,0.0000,200,1.5637
0.0313,0.0000,0.0000,0.0000,0.0310,0.0000,200,1.5590
0.0163,0.0000,0.0000,0.0000,0.0163,0.0000,200,1.5744
0.0081,0.0000,0.0000,0.0000,0.0080,0.0000,200,1.5833
0.0150,0.0000,0.0000,0.0000,0.0149,0.0000,200,1.5771
0.0398,0.0000,0.0000,0.0000,0.0392,0.0001,200,1.5528
0.0197,0.0000,0.0000,0.0000,0.0197,0.0000,200,1.5733
0.0163,0.0000,0.0000,0.0001,0.0160,0.0001,200,1.5774
0.0248,0.0000,0.0000,0.0000,0.0246,0.0001,200,1.5691
0.0260,0.0000,0.0000,0.0000,0.0259,0.0000,200,1.5683
0.0725,0.0000,0.0000,0.0000,0.0723,0.0001,200,1.5222
0.0216,0.0000,0.0000,0.0000,0.0215,0.0001,200,1.5734
0.0308,0.0000,0.0000,0.0000,0.0307,0.0000,200,1.5648
0.0470,0.0000,0.0000,0.0000,0.0468,0.0001,200,1.5492
0.0190,0.0000,0.0000,0.0001,0.0188,0.0001,200,1.5777
0.0184,0.0000,0.0000,0.0000,0.0183,0.0001,200,1.5786
0.0052,0.0000,0.0000,0.0000,0.0050,0.0001,200,1.5920
0.0136,0.0000,0.0000,0.0000,0.0135,0.0000,200,1.5840
0.0608,0.0000,0.0000,0.0000,0.0607,0.0000,200,1.5370
0.0195,0.0000,0.0000,0.0000,0.0194,0.0000,200,1.5789
0.0162,0.0000,0.0000,0.0000,0.0161,0.0001,200,1.5825
0.0162,0.0000,0.0000,0.0000,0.0161,0.0001,200,1.5829
0.0147,0.0000,0.0000,0.0000,0.0145,0.0000,200,1.5865
0.0610,0.0000,0.0000,0.0000,0.0610,0.0000,200,1.5403
0.0149,0.0000,0.0000,0.0000,0.0148,0.0000,200,1.5864
0.0201,0.0000,0.0000,0.0000,0.0199,0.0000,200,1.5813
0.0036,0.0000,0.0000,0.0000,0.0035,0.0001,200,1.5978
0.0207,0.0000,0.0000,0.0000,0.0206,0.0000,200,1.5807
0.0535,0.0000,0.0000,0.0000,0.0533,0.0000,200,1.5480
0.0382,0.0000,0.0000,0.0000,0.0381,0.0000,200,1.5640
0.0072,0.0000,0.0000,0.0000,0.0072,0.0000,200,1.5956
0.0351,0.0000,0.0000,0.0000,0.0350,0.0000,200,1.5678
0.0121,0.0000,0.0000,0.0000,0.0120,0.0000,200,1.5913
0.0508,0.0000,0.0000,0.0000,0.0507,0.0000,200,1.5533
0.0031,0.0000,0.0000,0.0000,0.0031,0.0000,200,1.6015
0.0605,0.0000,0.0000,0.0000,0.0603,0.0001,200,1.5448
0.0322,0.0000,0.0000,0.0000,0.0321,0.0000,200,1.5733
0.0214,0.0000,0.0000,0.0000,0.0213,0.0001,200,1.5844
0.0163,0.0000,0.0000,0.0000,0.0162,0.0001,200,1.5899
0.0453,0.0000,0.0000,0.0000,0.0452,0.0000,200,1.5613
0.0187,0.0000,0.0000,0.0000,0.0186,0.0001,200,1.5884
0.0214,0.0000,0.0000,0.0000,0.0213,0.0001,200,1.5863
0.0371,0.0000,0.0000,0.0021,0.0350,0.0001,200,1.5711
0.0097,0.0000,0.0000,0.0000,0.0096,0.0000,200,1.5991
0.0284,0.0000,0.0000,0.0000,0.0283,0.0001,200,1.5814
0.0170,0.0000,0.0000,0.0000,0.0169,0.0000,200,1.5936
0.0447,0.0000,0.0000,0.0000,0.0446,0.0000,200,1.5660
0.0097,0.0000,0.0000,0.0000,0.0094,0.0000,200,1.6013
0.0169,0.0000,0.0000,0.0000,0.0169,0.0000,200,1.5943
0.0254,0.0000,0.0000,0.0000,0.0253,0.0000,200,1.5863
0.0148,0.0000,0.0000,0.0000,0.0147,0.0000,200,1.5972
0.0356,0.0000,0.0000,0.0000,0.0356,0.0000,200,1.5771
0.0118,0.0000,0.0000,0.0000,0.0118,0.0001,200,1.6014
0.0054,0.0000,0.0000,0.0000,0.0052,0.0001,200,1.6082
0.0266,0.0000,0.0000,0.0000,0.0265,0.0000,200,1.5873
0.0025,0.0000,0.0000,0.0000,0.0024,0.0000,200,1.6117
0.0352,0.0000,0.0000,0.0000,0.0351,0.0000,200,1.5794
0.0077,0.0000,0.0000,0.0000,0.0074,0.0001,200,1.6077
0.0207,0.0000,0.0000,0.0000,0.0206,0.0001,200,1.5949
0.0146,0.0000,0.0000,0.0000,0.0145,0.0000,200,1.6013
0.0053,0.0000,0.0000,0.0000,0.0052,0.0000,200,1.6113
0.0116,0.0000,0.0000,0.0000,0.0113,0.0002,200,1.6055
0.0204,0.0000,0.0000,0.0000,0.0201,0.0001,200,1.5969
0.0166,0.0000,0.0000,0.0000,0.0165,0.0001,200,1.6014
0.0276,0.0000,0.0000,0.0001,0.0274,0.0001,200,1.5907
0.0121,0.0000,0.0000,0.0000,0.0120,0.0001,200,1.6066
0.0056,0.0000,0.0000,0.0000,0.0055,0.0000,200,1.6138
0.0306,0.0000,0.0000,0.0000,0.0305,0.0001,200,1.5893
0.0384,0.0000,0.0000,0.0001,0.0382,0.0001,200,1.5821
0.0263,0.0000,0.0000,0.0000,0.0262,0.0001,200,1.5946
0.0129,0.0000,0.0000,0.0000,0.0128,0.0000,200,1.6088
0.0176,0.0000,0.0000,0.0000,0.0167,0.0000,200,1.6046
0.0240,0.0000,0.0000,0.0000,0.0239,0.0000,200,1.5988
0.0034,0.0000,0.0000,0.0000,0.0032,0.0001,200,1.6199
0.0336,0.0000,0.0000,0.0000,0.0335,0.0000,200,1.5903
0.0495,0.0000,0.0000,0.0000,0.0494,0.0000,200,1.5749
0.0318,0.0000,0.0000,0.0000,0.0317,0.0001,200,1.5930
0.0082,0.0000,0.0000,0.0000,0.0082,0.0000,200,1.6170
0.0317,0.0000,0.0000,0.0000,0.0317,0.0000,200,1.5940
0.0278,0.0000,0.0000,0.0000,0.0278,0.0000,200,1.5984
0.0133,0.0000,0.0000,0.0000,0.0132,0.0000,200,1.6132
0.0247,0.0000,0.0000,0.0000,0.0240,0.0000,200,1.6021
0.0348,0.0000,0.0000,0.0000,0.0348,0.0000,200,1.5926
0.0265,0.0000,0.0000,0.0000,0.0264,0.0000,200,1.6013
0.0512,0.0000,0.0000,0.0000,0.0511,0.0001,200,1.5772
0.0092,0.0000,0.0000,0.0000,0.0092,0.0000,200,1.6194
0.0278,0.0000,0.0000,0.0000,0.0277,0.0000,200,1.6013
0.0278,0.0000,0.0000,0.0000,0.0277,0.0000,200,1.6029
0.0147,0.0000,0.0000,0.0000,0.0146,0.0000,200,1.6159
0.0437,0.0000,0.0000,0.0000,0.0436,0.0000,200,1.5870
0.0201,0.0000,0.0000,0.0000,0.0199,0.0001,200,1.6107
0.0086,0.0000,0.0000,0.0000,0.0085,0.0000,200,1.6222
0.0167,0.0000,0.0000,0.0000,0.0166,0.0000,200,1.6141
0.0351,0.0000,0.0000,0.0000,0.0351,0.0000,200,1.5962
0.0219,0.0000,0.0000,0.0000,0.0218,0.0001,200,1.6098
0.0280,0.0000,0.0000,0.0000,0.0279,0.0001,200,1.6040
0.0168,0.0000,0.0000,0.0000,0.0166,0.0002,200,1.6157
0.0057,0.0000,0.0000,0.0000,0.0056,0.0001,200,1.6274
0.0229,0.0000,0.0000,0.0000,0.0228,0.0001,200,1.6106
0.0165,0.0000,0.0000,0.0001,0.0161,0.0000,200,1.6173
0.0037,0.0000,0.0000,0.0000,0.0037,0.0000,200,1.6307
0.0170,0.0000,0.0000,0.0000,0.0168,0.0000,200,1.6180
0.0044,0.0000,0.0000,0.0000,0.0041,0.0000,200,1.6306
0.0190,0.0000,0.0000,0.0000,0.0189,0.0000,200,1.6166
0.0384,0.0000,0.0000,0.0000,0.0383,0.0000,200,1.5976
0.0397,0.0000,0.0000,0.0000,0.0396,0.0000,200,1.5966
0.0052,0.0000,0.0000,0.0000,0.0051,0.0000,200,1.6321
0.0340,0.0000,0.0000,0.0000,0.0340,0.0000,200,1.6034
0.0163,0.0000,0.0000,0.0000,0.0153,0.0009,200,1.6228
0.0237,0.0000,0.0000,0.0000,0.0237,0.0000,200,1.6154
0.0208,0.0000,0.0000,0.0000,0.0208,0.0000,200,1.6184
0.0321,0.0000,0.0000,0.0000,0.0320,0.0000,200,1.6071
0.0257,0.0000,0.0000,0.0000,0.0256,0.0000,200,1.6146
0.0350,0.0000,0.0000,0.0000,0.0347,0.0000,200,1.6053
0.0381,0.0000,0.0000,0.0000,0.0380,0.0000,200,1.6029
0.0109,0.0000,0.0000,0.0000,0.0108,0.0001,200,1.6306
0.0222,0.0000,0.0000,0.0000,0.0220,0.0001,200,1.6205
0.0181,0.0000,0.0000,0.0000,0.0180,0.0000,200,1.6259
0.0156,0.0000,0.0000,0.0000,0.0155,0.0000,200,1.6284
0.0320,0.0000,0.0000,0.0000,0.0319,0.0000,200,1.6121
0.0385,0.0000,0.0000,0.0000,0.0383,0.0000,200,1.6062
0.0214,0.0000,0.0000,0.0000,0.0211,0.0002,200,1.6239
0.0117,0.0000,0.0000,0.0000,0.0116,0.0001,200,1.6338
0.0070,0.0000,0.0000,0.0000,0.0069,0.0001,200,1.6392
0.0106,0.0000,0.0000,0.0000,0.0105,0.0000,200,1.6359
0.0591,0.0000,0.0000,0.0000,0.0590,0.0001,200,1.5877
0.0215,0.0000,0.0000,0.0000,0.0213,0.0001,200,1.6262
0.0111,0.0000,0.0000,0.0000,0.0109,0.0001,200,1.6374
0.0097,0.0000,0.0000,0.0000,0.0096,0.0001,200,1.6391
0.0761,0.0000,0.0000,0.0000,0.0760,0.0000,200,1.5734
0.0167,0.0000,0.0000,0.0000,0.0166,0.0000,200,1.6332
0.0159,0.0000,0.0000,0.0000,0.0157,0.0002,200,1.6345
0.0221,0.0000,0.0000,0.0000,0.0220,0.0000,200,1.6291
0.0248,0.0000,0.0000,0.0000,0.0247,0.0001,200,1.6269
0.0052,0.0000,0.0000,0.0000,0.0051,0.0000,200,1.6468
0.0169,0.0000,0.0000,0.0000,0.0168,0.0001,200,1.6356
0.0075,0.0000,0.0000,0.0000,0.0073,0.0002,200,1.6453
0.0096,0.0000,0.0000,0.0000,0.0092,0.0003,200,1.6440
0.0174,0.0000,0.0000,0.0000,0.0165,0.0008,200,1.6364
0.0232,0.0000,0.0000,0.0000,0.0231,0.0000,200,1.6308
0.0041,0.0000,0.0000,0.0000,0.0038,0.0000,200,1.6504
0.0022,0.0000,0.0000,0.0000,0.0021,0.0000,200,1.6525
0.0204,0.0000,0.0000,0.0000,0.0203,0.0000,200,1.6350
0.0103,0.0000,0.0000,0.0000,0.0103,0.0000,200,1.6456
0.0316,0.0000,0.0000,0.0000,0.0315,0.0000,200,1.6257
0.0463,0.0000,0.0000,0.0002,0.0460,0.0000,200,1.6110
0.0182,0.0000,0.0000,0.0000,0.0181,0.0000,200,1.6391
0.0054,0.0000,0.0000,0.0002,0.0051,0.0000,200,1.6520
0.0186,0.0000,0.0000,0.0000,0.0185,0.0001,200,1.6392
0.0168,0.0000,0.0000,0.0000,0.0166,0.0000,200,1.6416
0.0033,0.0000,0.0000,0.0000,0.0033,0.0000,200,1.6554
0.0066,0.0000,0.0000,0.0008,0.0057,0.0000,200,1.6528
0.0543,0.0000,0.0000,0.0000,0.0542,0.0000,200,1.6059
0.0360,0.0000,0.0000,0.0000,0.0356,0.0003,200,1.6248
0.0236,0.0000,0.0000,0.0000,0.0234,0.0002,200,1.6374
0.0120,0.0000,0.0000,0.0000,0.0115,0.0000,200,1.6498
0.0432,0.0000,0.0000,0.0000,0.0431,0.0000,200,1.6189
0.0041,0.0000,0.0000,0.0000,0.0040,0.0000,200,1.6584
0.0155,0.0000,0.0000,0.0000,0.0154,0.0001,200,1.6477
0.0065,0.0000,0.0000,0.0000,0.0064,0.0000,200,1.6574
0.0072,0.0000,0.0000,0.0000,0.0071,0.0000,200,1.6573
0.0340,0.0000,0.0000,0.0000,0.0338,0.0002,200,1.6308
0.0161,0.0000,0.0000,0.0000,0.0159,0.0001,200,1.6495
0.0216,0.0000,0.0000,0.0000,0.0215,0.0001,200,1.6441
0.0536,0.0000,0.0000,0.0000,0.0535,0.0000,200,1.6127
0.0391,0.0000,0.0000,0.0000,0.0390,0.0001,200,1.6278
0.0248,0.0000,0.0000,0.0000,0.0247,0.0001,200,1.6427
0.0371,0.0000,0.0000,0.0000,0.0370,0.0000,200,1.6307
0.0356,0.0000,0.0000,0.0000,0.0355,0.0000,200,1.6325
0.0201,0.0000,0.0000,0.0000,0.0201,0.0000,200,1.6485
0.0075,0.0000,0.0000,0.0000,0.0074,0.0001,200,1.6618
0.0232,0.0000,0.0000,0.0000,0.0231,0.0001,200,1.6465
0.0109,0.0000,0.0000,0.0000,0.0107,0.0002,200,1.6595
0.0305,0.0000,0.0000,0.0000,0.0304,0.0001,200,1.6403
0.0426,0.0000,0.0000,0.0000,0.0425,0.0001,200,1.6286
0.0186,0.0000,0.0000,0.0000,0.0186,0.0000,200,1.6537
0.0145,0.0000,0.0000,0.0000,0.0140,0.0005,200,1.6578
0.0166,0.0000,0.0000,0.0000,0.0166,0.0000,200,1.6559
0.0123,0.0000,0.0000,0.0000,0.0121,0.0001,200,1.6608
0.0281,0.0000,0.0000,0.0000,0.0279,0.0000,200,1.6462
0.0425,0.0000,0.0000,0.0001,0.0424,0.0000,200,1.6318
0.0147,0.0000,0.0000,0.0001,0.0145,0.0000,200,1.6601
0.0077,0.0000,0.0000,0.0000,0.0077,0.0000,200,1.6675
0.0354,0.0000,0.0000,0.0000,0.0353,0.0001,200,1.6403
0.0190,0.0000,0.0000,0.0000,0.0187,0.0003,200,1.6573
0.0115,0.0000,0.0000,0.0000,0.0114,0.0000,200,1.6649
0.0081,0.0000,0.0000,0.0000,0.0080,0.0001,200,1.6686
0.0330,0.0000,0.0000,0.0000,0.0329,0.0000,200,1.6440
0.0081,0.0000,0.0000,0.0001,0.0079,0.0000,200,1.6697
0.0238,0.0000,0.0000,0.0000,0.0236,0.0001,200,1.6544
0.0124,0.0000,0.0000,0.0000,0.0123,0.0000,200,1.6663
0.0528,0.0000,0.0000,0.0000,0.0527,0.0000,200,1.6266
0.0665,0.0000,0.0000,0.0000,0.0664,0.0000,200,1.6136
0.0292,0.0000,0.0000,0.0002,0.0289,0.0001,200,1.6513
0.0028,0.0000,0.0000,0.0000,0.0026,0.0000,200,1.6782
0.0187,0.0000,0.0000,0.0000,0.0187,0.0000,200,1.6625
0.0283,0.0000,0.0000,0.0000,0.0283,0.0000,200,1.6536
0.0175,0.0000,0.0000,0.0000,0.0173,0.0001,200,1.6656
0.0185,0.0000,0.0000,0.0000,0.0179,0.0005,200,1.6645
0.0114,0.0000,0.0000,0.0000,0.0113,0.0000,200,1.6725
0.0393,0.0000,0.0000,0.0000,0.0392,0.0000,200,1.6447
0.0129,0.0000,0.0000,0.0000,0.0119,0.0009,200,1.6723
0.0066,0.0000,0.0000,0.0000,0.0065,0.0000,200,1.6787
0.0082,0.0000,0.0000,0.0000,0.0081,0.0000,200,1.6770
0.0184,0.0000,0.0000,0.0000,0.0183,0.0000,200,1.6669
0.0201,0.0000,0.0000,0.0002,0.0198,0.0000,200,1.6657
0.0130,0.0000,0.0000,0.0000,0.0130,0.0000,200,1.6731
0.0664,0.0000,0.0000,0.0000,0.0663,0.0000,200,1.6209
0.0301,0.0000,0.0000,0.0000,0.0300,0.0000,200,1.6573
0.0236,0.0000,0.0000,0.0000,0.0235,0.0000,200,1.6639
0.0156,0.0000,0.0000,0.0000,0.0155,0.0000,200,1.6723
0.0179,0.0000,0.0000,0.0000,0.0177,0.0002,200,1.6704
0.0076,0.0000,0.0000,0.0000,0.0075,0.0000,200,1.6812
0.0180,0.0000,0.0000,0.0000,0.0179,0.0000,200,1.6713
0.0099,0.0000,0.0000,0.0000,0.0098,0.0000,200,1.6801
0.0096,0.0000,0.0000,0.0000,0.0095,0.0001,200,1.6810
0.0226,0.0000,0.0000,0.0000,0.0225,0.0000,200,1.6681
0.0364,0.0000,0.0000,0.0000,0.0363,0.0000,200,1.6548
0.0330,0.0000,0.0000,0.0000,0.0329,0.0001,200,1.6587
0.0153,0.0000,0.0000,0.0000,0.0153,0.0000,200,1.6767
0.0182,0.0000,0.0000,0.0002,0.0180,0.0000,200,1.6743
0.0309,0.0000,0.0000,0.0000,0.0309,0.0000,200,1.6621
0.0242,0.0000,0.0000,0.0000,0.0241,0.0000,200,1.6693
0.0065,0.0000,0.0000,0.0000,0.0065,0.0000,200,1.6873
0.0142,0.0000,0.0000,0.0000,0.0138,0.0000,200,1.6805
0.0707,0.0000,0.0000,0.0000,0.0706,0.0001,200,1.6243
0.0117,0.0000,0.0000,0.0000,0.0117,0.0000,200,1.6839
0.0443,0.0000,0.0000,0.0000,0.0442,0.0001,200,1.6517
0.0188,0.0000,0.0000,0.0000,0.0187,0.0000,200,1.6778
0.0736,0.0000,0.0000,0.0000,0.0735,0.0000,200,1.6234
0.0134,0.0000,0.0000,0.0000,0.0133,0.0001,200,1.6840
0.0367,0.0000,0.0000,0.0000,0.0366,0.0000,200,1.6610
0.0107,0.0000,0.0000,0.0000,0.0107,0.0000,200,1.6874
0.0643,0.0000,0.0000,0.0000,0.0641,0.0001,200,1.6350
0.0140,0.0000,0.0000,0.0000,0.0135,0.0005,200,1.6853
0.0239,0.0000,0.0000,0.0000,0.0238,0.0000,200,1.6757
0.0150,0.0000,0.0000,0.0000,0.0149,0.0000,200,1.6853
0.0258,0.0000,0.0000,0.0000,0.0256,0.0001,200,1.6748
0.0072,0.0000,0.0000,0.0000,0.0072,0.0000,200,1.6939
0.0265,0.0000,0.0000,0.0000,0.0264,0.0000,200,1.6753
0.0048,0.0000,0.0000,0.0000,0.0047,0.0001,200,1.6977
0.0289,0.0000,0.0000,0.0000,0.0288,0.0000,200,1.6743
0.0112,0.0000,0.0000,0.0000,0.0111,0.0000,200,1.6921
0.0102,0.0000,0.0000,0.0000,0.0102,0.0000,200,1.6935
0.0192,0.0000,0.0000,0.0000,0.0192,0.0000,200,1.6852
0.0561,0.0000,0.0000,0.0000,0.0560,0.0001,200,1.6488
0.0421,0.0000,0.0000,0.0000,0.0420,0.0000,200,1.6632
0.0176,0.0000,0.0000,0.0002,0.0173,0.0001,200,1.6880
0.0843,0.0000,0.0000,0.0000,0.0841,0.0002,200,1.6217
0.0018,0.0000,0.0000,0.0000,0.0017,0.0000,200,1.7045
0.0052,0.0000,0.0000,0.0000,0.0051,0.0000,200,1.7011
0.0156,0.0000,0.0000,0.0001,0.0153,0.0000,200,1.6907
0.0155,0.0000,0.0000,0.0000,0.0152,0.0002,200,1.6917
0.0220,0.0000,0.0000,0.0000,0.0219,0.0001,200,1.6853
0.0107,0.0000,0.0000,0.0000,0.0106,0.0000,200,1.6970
0.0197,0.0000,0.0000,0.0000,0.0196,0.0000,200,1.6883
0.0033,0.0000,0.0000,0.0000,0.0022,0.0000,200,1.7053
0.0235,0.0000,0.0000,0.0000,0.0234,0.0001,200,1.6857
0.0058,0.0000,0.0000,0.0001,0.0056,0.0000,200,1.7038
0.0307,0.0000,0.0000,0.0000,0.0306,0.0000,200,1.6794
0.0127,0.0000,0.0000,0.0000,0.0126,0.0000,200,1.6981
0.0350,0.0000,0.0000,0.0000,0.0348,0.0001,200,1.6763
0.0800,0.0000,0.0000,0.0000,0.0800,0.0000,200,1.6314
0.0709,0.0000,0.0000,0.0000,0.0708,0.0000,200,1.6410
0.0165,0.0000,0.0000,0.0000,0.0164,0.0000,200,1.6961
0.0191,0.0000,0.0000,0.0000,0.0190,0.0000,200,1.6935
0.0269,0.0000,0.0000,0.0000,0.0267,0.0001,200,1.6861
0.0047,0.0000,0.0000,0.0000,0.0046,0.0000,200,1.7085
0.0145,0.0000,0.0000,0.0000,0.0145,0.0000,200,1.6993
0.0270,0.0000,0.0000,0.0000,0.0269,0.0000,200,1.6874
0.0469,0.0000,0.0000,0.0000,0.0468,0.0000,200,1.6678
0.0176,0.0000,0.0000,0.0001,0.0174,0.0000,200,1.6975
0.0093,0.0000,0.0000,0.0000,0.0092,0.0000,200,1.7063
0.0057,0.0000,0.0000,0.0000,0.0055,0.0001,200,1.7101
0.0214,0.0000,0.0000,0.0000,0.0212,0.0002,200,1.6947
0.0042,0.0000,0.0000,0.0000,0.0041,0.0000,200,1.7125
0.0629,0.0000,0.0000,0.0000,0.0629,0.0000,200,1.6540
0.0270,0.0000,0.0000,0.0001,0.0269,0.0000,200,1.6906
0.0185,0.0000,0.0000,0.0000,0.0185,0.0000,200,1.6993
0.0047,0.0000,0.0000,0.0000,0.0046,0.0000,200,1.7138
0.0373,0.0000,0.0000,0.0000,0.0373,0.0000,200,1.6819
0.0246,0.0000,0.0000,0.0000,0.0244,0.0001,200,1.6951
0.0073,0.0000,0.0000,0.0000,0.0072,0.0000,200,1.7126
0.0124,0.0000,0.0000,0.0000,0.0123,0.0001,200,1.7081
0.0312,0.0000,0.0000,0.0000,0.0310,0.0001,200,1.6900
0.0102,0.0000,0.0000,0.0000,0.0101,0.0000,200,1.7113
0.0031,0.0000,0.0000,0.0000,0.0030,0.0000,200,1.7193
0.0138,0.0000,0.0000,0.0000,0.0137,0.0000,200,1.7092
0.0091,0.0000,0.0000,0.0000,0.0090,0.0000,200,1.7147
0.0248,0.0000,0.0000,0.0000,0.0248,0.0000,200,1.6996
0.0337,0.0000,0.0000,0.0000,0.0336,0.0000,200,1.6912
0.0038,0.0000,0.0000,0.0000,0.0038,0.0000,200,1.7215
0.0072,0.0000,0.0000,0.0000,0.0071,0.0000,200,1.7185
0.0107,0.0000,0.0000,0.0000,0.0106,0.0000,200,1.7155
0.0193,0.0000,0.0000,0.0000,0.0192,0.0001,200,1.7073
0.0220,0.0000,0.0000,0.0000,0.0206,0.0001,200,1.7049
0.0210,0.0000,0.0000,0.0000,0.0209,0.0000,200,1.7063
0.0388,0.0000,0.0000,0.0000,0.0388,0.0000,200,1.6888
0.0521,0.0000,0.0000,0.0000,0.0520,0.0000,200,1.6763
0.0323,0.0000,0.0000,0.0000,0.0322,0.0000,200,1.6966
0.0237,0.0000,0.0000,0.0000,0.0229,0.0000,200,1.7056
0.0120,0.0000,0.0000,0.0000,0.0119,0.0000,200,1.7178
0.0146,0.0000,0.0000,0.0000,0.0145,0.0000,200,1.7157
0.0193,0.0000,0.0000,0.0000,0.0192,0.0000,200,1.7114
0.0061,0.0000,0.0000,0.0000,0.0061,0.0000,200,1.7249
0.0091,0.0000,0.0000,0.0000,0.0090,0.0000,200,1.7224
0.0287,0.0000,0.0000,0.0000,0.0286,0.0000,200,1.7031
0.0111,0.0000,0.0000,0.0000,0.0110,0.0000,200,1.7211
0.0320,0.0000,0.0000,0.0000,0.0320,0.0000,200,1.7006
0.0442,0.0000,0.0000,0.0000,0.0440,0.0000,200,1.6892
0.0325,0.0000,0.0000,0.0000,0.0325,0.0000,200,1.7017
0.0025,0.0000,0.0000,0.0000,0.0025,0.0000,200,1.7318
0.0181,0.0000,0.0000,0.0000,0.0180,0.0000,200,1.7167
0.0645,0.0000,0.0000,0.0000,0.0644,0.0001,200,1.6708
0.0197,0.0000,0.0000,0.0000,0.0195,0.0001,200,1.7161
0.0235,0.0000,0.0000,0.0000,0.0234,0.0001,200,1.7130
0.0219,0.0000,0.0000,0.0000,0.0218,0.0000,200,1.7151
0.0032,0.0000,0.0000,0.0000,0.0030,0.0001,200,1.7343
0.0549,0.0000,0.0000,0.0000,0.0548,0.0000,200,1.6830
0.0075,0.0000,0.0000,0.0000,0.0075,0.0000,200,1.7310
0.0247,0.0000,0.0000,0.0000,0.0246,0.0001,200,1.7144
0.0135,0.0000,0.0000,0.0000,0.0134,0.0000,200,1.7257
0.0280,0.0000,0.0000,0.0000,0.0279,0.0001,200,1.7119
0.0332,0.0000,0.0000,0.0000,0.0331,0.0000,200,1.7072
0.0484,0.0000,0.0000,0.0000,0.0483,0.0000,200,1.6925
0.0306,0.0000,0.0000,0.0000,0.0304,0.0001,200,1.7108
0.1083,0.0000,0.0000,0.0000,0.1082,0.0001,200,1.6336
0.0076,0.0000,0.0000,0.0000,0.0075,0.0000,200,1.7348
0.0260,0.0000,0.0000,0.0000,0.0259,0.0000,200,1.7169
0.0131,0.0000,0.0000,0.0000,0.0131,0.0000,200,1.7303
0.0608,0.0000,0.0000,0.0000,0.0607,0.0000,200,1.6830
0.0070,0.0000,0.0000,0.0000,0.0068,0.0002,200,1.7374
0.0387,0.0000,0.0000,0.0000,0.0382,0.0000,200,1.7059
0.0098,0.0000,0.0000,0.0000,0.0097,0.0000,200,1.7354
0.0229,0.0000,0.0000,0.0000,0.0227,0.0000,200,1.7231
0.0216,0.0000,0.0000,0.0000,0.0215,0.0000,200,1.7244
0.0205,0.0000,0.0000,0.0000,0.0202,0.0002,200,1.7262
0.0450,0.0000,0.0000,0.0000,0.0449,0.0001,200,1.7025
0.0201,0.0000,0.0000,0.0000,0.0200,0.0000,200,1.7277
0.0188,0.0000,0.0000,0.0000,0.0187,0.0000,200,1.7293
0.0083,0.0000,0.0000,0.0000,0.0082,0.0000,200,1.7399
0.0067,0.0000,0.0000,0.0000,0.0067,0.0000,200,1.7419
0.0487,0.0000,0.0000,0.0000,0.0486,0.0001,200,1.7002
0.0053,0.0000,0.0000,0.0000,0.0052,0.0000,200,1.7438
0.0420,0.0000,0.0000,0.0000,0.0420,0.0000,200,1.7077
0.0406,0.0000,0.0000,0.0004,0.0401,0.0000,200,1.7096
0.0209,0.0000,0.0000,0.0000,0.0208,0.0000,200,1.7298
0.0337,0.0000,0.0000,0.0000,0.0336,0.0001,200,1.7176
0.0104,0.0000,0.0000,0.0000,0.0103,0.0000,200,1.7414
0.0316,0.0000,0.0000,0.0000,0.0315,0.0001,200,1.7205
0.0240,0.0000,0.0000,0.0000,0.0239,0.0000,200,1.7289
0.0152,0.0000,0.0000,0.0000,0.0151,0.0000,200,1.7379
0.0173,0.0000,0.0000,0.0000,0.0172,0.0000,200,1.7365
0.0158,0.0000,0.0000,0.0000,0.0157,0.0000,200,1.7385
0.0184,0.0000,0.0000,0.0000,0.0184,0.0000,200,1.7370
0.0126,0.0000,0.0000,0.0000,0.0126,0.0000,200,1.7429
0.0357,0.0000,0.0000,0.0000,0.0356,0.0001,200,1.7198
0.0236,0.0000,0.0000,0.0000,0.0235,0.0001,200,1.7322
0.0073,0.0000,0.0000,0.0000,0.0072,0.0000,200,1.7492
0.0335,0.0000,0.0000,0.0000,0.0333,0.0001,200,1.7238
0.0072,0.0000,0.0000,0.0000,0.0072,0.0000,200,1.7502
0.0131,0.0000,0.0000,0.0000,0.0130,0.0000,200,1.7446
0.0043,0.0000,0.0000,0.0000,0.0043,0.0000,200,1.7538
0.0229,0.0000,0.0000,0.0000,0.0228,0.0001,200,1.7358
0.0129,0.0000,0.0000,0.0000,0.0128,0.0001,200,1.7460
0.0325,0.0000,0.0000,0.0000,0.0324,0.0000,200,1.7273
0.0145,0.0000,0.0000,0.0000,0.0144,0.0000,200,1.7468
0.0135,0.0000,0.0000,0.0000,0.0134,0.0000,200,1.7477
0.0657,0.0000,0.0000,0.0000,0.0657,0.0000,200,1.6956
0.0308,0.0000,0.0000,0.0000,0.0304,0.0003,200,1.7307
0.0364,0.0000,0.0000,0.0000,0.0363,0.0000,200,1.7254
0.0136,0.0000,0.0000,0.0000,0.0135,0.0000,200,1.7487
0.0238,0.0000,0.0000,0.0000,0.0235,0.0002,200,1.7390
0.0143,0.0000,0.0000,0.0000,0.0142,0.0001,200,1.7490
0.0139,0.0000,0.0000,0.0000,0.0138,0.0000,200,1.7497
0.0069,0.0000,0.0000,0.0000,0.0068,0.0001,200,1.7572
0.0103,0.0000,0.0000,0.0000,0.0102,0.0000,200,1.7543
0.0065,0.0000,0.0000,0.0002,0.0062,0.0000,200,1.7587
0.0330,0.0000,0.0000,0.0000,0.0330,0.0000,200,1.7326
0.0073,0.0000,0.0000,0.0001,0.0069,0.0003,200,1.7590
0.0195,0.0000,0.0000,0.0000,0.0194,0.0000,200,1.7475
0.0197,0.0000,0.0000,0.0000,0.0196,0.0000,200,1.7480
0.0108,0.0000,0.0000,0.0000,0.0107,0.0000,200,1.7577
0.0626,0.0000,0.0000,0.0000,0.0625,0.0000,200,1.7063
0.0119,0.0000,0.0000,0.0000,0.0118,0.0000,200,1.7574
0.0085,0.0000,0.0000,0.0000,0.0084,0.0000,200,1.7612
0.0242,0.0000,0.0000,0.0000,0.0241,0.0001,200,1.7460
0.0056,0.0000,0.0000,0.0000,0.0055,0.0000,200,1.7651
0.0231,0.0000,0.0000,0.0002,0.0227,0.0000,200,1.7481
0.0161,0.0000,0.0000,0.0000,0.0161,0.0000,200,1.7556
0.0278,0.0000,0.0000,0.0000,0.0277,0.0000,200,1.7445
0.0079,0.0000,0.0000,0.0000,0.0078,0.0000,200,1.7647
0.0329,0.0000,0.0000,0.0000,0.0326,0.0002,200,1.7404
0.0469,0.0000,0.0000,0.0003,0.0465,0.0000,200,1.7269
0.0128,0.0000,0.0000,0.0000,0.0128,0.0000,200,1.7615
0.0615,0.0000,0.0000,0.0000,0.0614,0.0000,200,1.7132
0.0219,0.0000,0.0000,0.0000,0.0218,0.0000,200,1.7531
0.0127,0.0000,0.0000,0.0000,0.0126,0.0000,200,1.7629
0.0727,0.0000,0.0000,0.0000,0.0726,0.0001,200,1.7032
0.0205,0.0000,0.0000,0.0001,0.0202,0.0002,200,1.7558
0.0044,0.0000,0.0000,0.0000,0.0044,0.0000,200,1.7725
0.0350,0.0000,0.0000,0.0000,0.0349,0.0000,200,1.7424
0.0087,0.0000,0.0000,0.0000,0.0078,0.0009,200,1.7702
0.0524,0.0000,0.0000,0.0000,0.0522,0.0001,200,1.7266
0.0285,0.0000,0.0000,0.0000,0.0282,0.0003,200,1.7506
0.0104,0.0000,0.0000,0.0000,0.0103,0.0000,200,1.7689
0.0186,0.0000,0.0000,0.0001,0.0185,0.0000,200,1.7614
0.0607,0.0000,0.0000,0.0001,0.0606,0.0000,200,1.7196
0.0113,0.0000,0.0000,0.0000,0.0112,0.0000,200,1.7693
0.0405,0.0000,0.0000,0.0000,0.0404,0.0000,200,1.7409
0.0218,0.0000,0.0000,0.0000,0.0217,0.0000,200,1.7598
0.0164,0.0000,0.0000,0.0000,0.0163,0.0001,200,1.7663
0.0193,0.0000,0.0000,0.0000,0.0192,0.0001,200,1.7636
0.0552,0.0000,0.0000,0.0000,0.0549,0.0003,200,1.7284
0.0195,0.0000,0.0000,0.0000,0.0194,0.0000,200,1.7642
0.0289,0.0000,0.0000,0.0000,0.0289,0.0000,200,1.7554
0.0238,0.0000,0.0000,0.0000,0.0233,0.0004,200,1.7612
0.0217,0.0000,0.0000,0.0000,0.0217,0.0000,200,1.7633
0.0090,0.0000,0.0000,0.0000,0.0090,0.0000,200,1.7763
0.0124,0.0000,0.0000,0.0000,0.0123,0.0001,200,1.7733
0.0071,0.0000,0.0000,0.0002,0.0068,0.0001,200,1.7790
0.0117,0.0000,0.0000,0.0000,0.0116,0.0000,200,1.7750
0.0315,0.0000,0.0000,0.0001,0.0314,0.0000,200,1.7556
0.0116,0.0000,0.0000,0.0000,0.0115,0.0000,200,1.7759
0.0357,0.0000,0.0000,0.0000,0.0355,0.0002,200,1.7522
0.0548,0.0000,0.0000,0.0000,0.0547,0.0000,200,1.7335
0.0266,0.0000,0.0000,0.0000,0.0262,0.0000,200,1.7618
0.0035,0.0000,0.0000,0.0000,0.0033,0.0001,200,1.7854
0.0376,0.0000,0.0000,0.0000,0.0375,0.0001,200,1.7518
0.0221,0.0000,0.0000,0.0000,0.0220,0.0000,200,1.7677
0.0187,0.0000,0.0000,0.0000,0.0187,0.0000,200,1.7717
0.0079,0.0000,0.0000,0.0000,0.0079,0.0000,200,1.7829
0.0125,0.0000,0.0000,0.0002,0.0123,0.0000,200,1.7791
0.0578,0.0000,0.0000,0.0000,0.0577,0.0001,200,1.7343
0.0127,0.0000,0.0000,0.0001,0.0125,0.0000,200,1.7801
0.0179,0.0000,0.0000,0.0000,0.0178,0.0000,200,1.7755
0.0031,0.0000,0.0000,0.0000,0.0031,0.0000,200,1.7908
0.0154,0.0000,0.0000,0.0000,0.0152,0.0000,200,1.7790
0.0290,0.0000,0.0000,0.0000,0.0289,0.0001,200,1.7657
0.0255,0.0000,0.0000,0.0000,0.0255,0.0000,200,1.7697
0.0234,0.0000,0.0000,0.0000,0.0233,0.0001,200,1.7723
0.0226,0.0000,0.0000,0.0000,0.0225,0.0000,200,1.7738
0.0573,0.0000,0.0000,0.0000,0.0571,0.0001,200,1.7392
0.0107,0.0000,0.0000,0.0000,0.0106,0.0000,200,1.7861
0.0459,0.0000,0.0000,0.0000,0.0458,0.0000,200,1.7514
0.0085,0.0000,0.0000,0.0000,0.0083,0.0002,200,1.7898
0.0048,0.0000,0.0000,0.0001,0.0042,0.0006,200,1.7934
0.0105,0.0000,0.0000,0.0000,0.0104,0.0000,200,1.7884
0.0559,0.0000,0.0000,0.0000,0.0558,0.0000,200,1.7434
0.0547,0.0000,0.0000,0.0001,0.0546,0.0000,200,1.7451
0.0319,0.0000,0.0000,0.0000,0.0317,0.0001,200,1.7685
0.0131,0.0000,0.0000,0.0000,0.0130,0.0000,200,1.7875
0.0267,0.0000,0.0000,0.0000,0.0267,0.0000,200,1.7743
0.0127,0.0000,0.0000,0.0000,0.0126,0.0000,200,1.7888
0.0706,0.0000,0.0000,0.0000,0.0706,0.0000,200,1.7315
0.0328,0.0000,0.0000,0.0000,0.0327,0.0000,200,1.7707
0.0272,0.0000,0.0000,0.0000,0.0271,0.0001,200,1.7770
0.0092,0.0000,0.0000,0.0000,0.0091,0.0000,200,1.7957
0.0472,0.0000,0.0000,0.0000,0.0471,0.0001,200,1.7581
0.0115,0.0000,0.0000,0.0000,0.0114,0.0000,200,1.7943
0.0535,0.0000,0.0000,0.0000,0.0534,0.0000,200,1.7528
0.0151,0.0000,0.0000,0.0001,0.0150,0.0000,200,1.7917
0.0069,0.0000,0.0000,0.0000,0.0068,0.0000,200,1.8004
0.0113,0.0000,0.0000,0.0000,0.0111,0.0000,200,1.7965
0.0109,0.0000,0.0000,0.0000,0.0108,0.0000,200,1.7973
0.0243,0.0000,0.0000,0.0000,0.0243,0.0000,200,1.7844
0.0316,0.0000,0.0000,0.0000,0.0316,0.0000,200,1.7774
0.0280,0.0000,0.0000,0.0000,0.0279,0.0000,200,1.7816
0.0172,0.0000,0.0000,0.0000,0.0172,0.0000,200,1.7927
0.0269,0.0000,0.0000,0.0000,0.0268,0.0000,200,1.7836
0.0283,0.0000,0.0000,0.0000,0.0282,0.0001,200,1.7827
0.0160,0.0000,0.0000,0.0000,0.0159,0.0001,200,1.7953
0.0096,0.0000,0.0000,0.0000,0.0091,0.0000,200,1.8021
0.0315,0.0000,0.0000,0.0000,0.0314,0.0000,200,1.7806
0.0379,0.0000,0.0000,0.0000,0.0378,0.0001,200,1.7747
0.0061,0.0000,0.0000,0.0000,0.0061,0.0000,200,1.8072
0.0261,0.0000,0.0000,0.0000,0.0261,0.0000,200,1.7879
0.0253,0.0000,0.0000,0.0000,0.0252,0.0000,200,1.7894
0.0045,0.0000,0.0000,0.0000,0.0044,0.0000,200,1.8109
0.0035,0.0000,0.0000,0.0001,0.0034,0.0000,200,1.8122
0.0172,0.0000,0.0000,0.0000,0.0172,0.0000,200,1.7989
0.0032,0.0000,0.0000,0.0000,0.0032,0.0000,200,1.8134
0.0082,0.0000,0.0000,0.0000,0.0081,0.0000,200,1.8090
0.0323,0.0000,0.0000,0.0000,0.0322,0.0000,200,1.7857
0.0347,0.0000,0.0000,0.0000,0.0347,0.0000,200,1.7836
0.0337,0.0000,0.0000,0.0000,0.0337,0.0000,200,1.7850
0.0271,0.0000,0.0000,0.0000,0.0270,0.0001,200,1.7922
0.0143,0.0000,0.0000,0.0000,0.0142,0.0000,200,1.8053
0.0260,0.0000,0.0000,0.0000,0.0260,0.0000,200,1.7940
0.0491,0.0000,0.0000,0.0000,0.0491,0.0000,200,1.7713
0.0096,0.0000,0.0000,0.0000,0.0096,0.0000,200,1.8113
0.0210,0.0000,0.0000,0.0000,0.0210,0.0000,200,1.8006
0.0420,0.0000,0.0000,0.0000,0.0419,0.0000,200,1.7803
0.0231,0.0000,0.0000,0.0000,0.0230,0.0001,200,1.7998
0.0154,0.0000,0.0000,0.0000,0.0148,0.0005,200,1.8087
0.0680,0.0000,0.0000,0.0000,0.0678,0.0001,200,1.7564
0.0251,0.0000,0.0000,0.0000,0.0245,0.0000,200,1.7993
0.0214,0.0000,0.0000,0.0000,0.0214,0.0000,200,1.8035
0.0273,0.0000,0.0000,0.0000,0.0272,0.0000,200,1.7983
0.0119,0.0000,0.0000,0.0000,0.0118,0.0001,200,1.8140
0.0063,0.0000,0.0000,0.0000,0.0063,0.0000,200,1.8200
0.0189,0.0000,0.0000,0.0002,0.0186,0.0000,200,1.8081
0.0235,0.0000,0.0000,0.0000,0.0234,0.0000,200,1.8042
0.0398,0.0000,0.0000,0.0000,0.0398,0.0000,200,1.7882
0.0224,0.0000,0.0000,0.0000,0.0223,0.0000,200,1.8063
0.0146,0.0000,0.0000,0.0000,0.0145,0.0000,200,1.8147
0.0504,0.0000,0.0000,0.0000,0.0503,0.0000,200,1.7793
0.0021,0.0000,0.0000,0.0000,0.0019,0.0001,200,1.8281
0.0434,0.0000,0.0000,0.0000,0.0433,0.0001,200,1.7870
0.0115,0.0000,0.0000,0.0000,0.0115,0.0000,200,1.8193
0.0301,0.0000,0.0000,0.0000,0.0300,0.0000,200,1.8015
0.0245,0.0000,0.0000,0.0000,0.0243,0.0001,200,1.8078
0.0030,0.0000,0.0000,0.0000,0.0029,0.0001,200,1.8296
0.0484,0.0000,0.0000,0.0000,0.0479,0.0004,200,1.7850
0.0173,0.0000,0.0000,0.0000,0.0172,0.0000,200,1.8161
0.0096,0.0000,0.0000,0.0000,0.0095,0.0000,200,1.8244
0.0361,0.0000,0.0000,0.0000,0.0361,0.0000,200,1.7983
0.0084,0.0000,0.0000,0.0000,0.0083,0.0000,200,1.8263
0.0151,0.0000,0.0000,0.0000,0.0150,0.0000,200,1.8209
0.0044,0.0000,0.0000,0.0000,0.0043,0.0000,200,1.8317
0.0303,0.0000,0.0000,0.0000,0.0303,0.0000,200,1.8058
0.0175,0.0000,0.0000,0.0000,0.0174,0.0000,200,1.8188
0.0165,0.0000,0.0000,0.0000,0.0165,0.0000,200,1.8204
0.0131,0.0000,0.0000,0.0000,0.0130,0.0000,200,1.8244
0.0709,0.0000,0.0000,0.0000,0.0708,0.0000,200,1.7670
0.0266,0.0000,0.0000,0.0000,0.0266,0.0000,200,1.8127
0.0144,0.0000,0.0000,0.0000,0.0144,0.0000,200,1.8249
0.0772,0.0000,0.0000,0.0000,0.0771,0.0000,200,1.7623
0.0528,0.0000,0.0000,0.0000,0.0528,0.0000,200,1.7867
0.0452,0.0000,0.0000,0.0001,0.0449,0.0002,200,1.7946
0.0039,0.0000,0.0000,0.0001,0.0038,0.0000,200,1.8361
0.0308,0.0000,0.0000,0.0000,0.0308,0.0000,200,1.8096
0.0115,0.0000,0.0000,0.0000,0.0113,0.0002,200,1.8293
0.0442,0.0000,0.0000,0.0000,0.0441,0.0001,200,1.7968
0.0056,0.0000,0.0000,0.0000,0.0055,0.0000,200,1.8361
0.0267,0.0000,0.0000,0.0000,0.0266,0.0001,200,1.8157
0.0231,0.0000,0.0000,0.0000,0.0229,0.0001,200,1.8196
0.0331,0.0000,0.0000,0.0000,0.0330,0.0000,200,1.8100
0.0196,0.0000,0.0000,0.0000,0.0195,0.0000,200,1.8241
0.0211,0.0000,0.0000,0.0000,0.0210,0.0000,200,1.8230
0.0292,0.0000,0.0000,0.0000,0.0291,0.0000,200,1.8154
0.0335,0.0000,0.0000,0.0000,0.0334,0.0000,200,1.8118
0.0063,0.0000,0.0000,0.0000,0.0062,0.0000,200,1.8394
0.0298,0.0000,0.0000,0.0000,0.0297,0.0000,200,1.8166
0.0123,0.0000,0.0000,0.0000,0.0122,0.0000,200,1.8347
0.0130,0.0000,0.0000,0.0000,0.0129,0.0000,200,1.8344
0.0259,0.0000,0.0000,0.0000,0.0258,0.0001,200,1.8223
0.0091,0.0000,0.0000,0.0000,0.0089,0.0002,200,1.8395
0.0168,0.0000,0.0000,0.0000,0.0167,0.0000,200,1.8322
0.0209,0.0000,0.0000,0.0000,0.0208,0.0000,200,1.8287
0.0096,0.0000,0.0000,0.0000,0.0079,0.0017,200,1.8424
0.0151,0.0000,0.0000,0.0000,0.0151,0.0000,200,1.8369
0.0064,0.0000,0.0000,0.0000,0.0063,0.0000,200,1.8457
0.0349,0.0000,0.0000,0.0000,0.0348,0.0000,200,1.8173
0.0181,0.0000,0.0000,0.0000,0.0181,0.0000,200,1.8340
0.0085,0.0000,0.0000,0.0000,0.0084,0.0000,200,1.8437
0.0214,0.0000,0.0000,0.0000,0.0213,0.0000,200,1.8309
0.0036,0.0000,0.0000,0.0001,0.0033,0.0001,200,1.8490
0.0315,0.0000,0.0000,0.0000,0.0314,0.0000,200,1.8217
0.0261,0.0000,0.0000,0.0000,0.0260,0.0000,200,1.8277
0.0067,0.0000,0.0000,0.0000,0.0066,0.0001,200,1.8474
0.0497,0.0000,0.0000,0.0000,0.0497,0.0000,200,1.8049
0.0120,0.0000,0.0000,0.0000,0.0119,0.0000,200,1.8431
0.0074,0.0000,0.0000,0.0000,0.0073,0.0000,200,1.8482
0.0116,0.0000,0.0000,0.0000,0.0115,0.0001,200,1.8446
0.0305,0.0000,0.0000,0.0000,0.0295,0.0010,200,1.8270
0.0165,0.0000,0.0000,0.0000,0.0165,0.0000,200,1.8410
0.0673,0.0000,0.0000,0.0000,0.0672,0.0000,200,1.7904
0.0281,0.0000,0.0000,0.0000,0.0280,0.0000,200,1.8302
0.0147,0.0000,0.0000,0.0000,0.0147,0.0000,200,1.8440
0.0290,0.0000,0.0000,0.0000,0.0289,0.0000,200,1.8305
0.0146,0.0000,0.0000,0.0000,0.0145,0.0000,200,1.8452
0.0591,0.0000,0.0000,0.0000,0.0590,0.0000,200,1.8011
0.0422,0.0000,0.0000,0.0000,0.0421,0.0001,200,1.8184
0.0644,0.0000,0.0000,0.0000,0.0644,0.0000,200,1.7963
0.0510,0.0000,0.0000,0.0000,0.0509,0.0000,200,1.8105
0.0808,0.0000,0.0000,0.0000,0.0807,0.0000,200,1.7813
0.0158,0.0000,0.0000,0.0000,0.0158,0.0000,200,1.8470
0.0237,0.0000,0.0000,0.0000,0.0235,0.0001,200,1.8400
0.0308,0.0000,0.0000,0.0000,0.0307,0.0001,200,1.8334
0.0388,0.0000,0.0000,0.0000,0.0387,0.0001,200,1.8259
0.0582,0.0000,0.0000,0.0000,0.0580,0.0001,200,1.8068
0.0400,0.0000,0.0000,0.0000,0.0399,0.0000,200,1.8255
0.0283,0.0000,0.0000,0.0000,0.0282,0.0000,200,1.8375
0.0304,0.0000,0.0000,0.0000,0.0303,0.0000,200,1.8360
0.0150,0.0000,0.0000,0.0000,0.0149,0.0001,200,1.8521
0.0140,0.0000,0.0000,0.0000,0.0139,0.0002,200,1.8546
0.0279,0.0000,0.0000,0.0000,0.0277,0.0002,200,1.8408
0.0507,0.0000,0.0000,0.0000,0.0505,0.0002,200,1.8180
0.0090,0.0000,0.0000,0.0000,0.0086,0.0003,200,1.8598
0.0060,0.0000,0.0000,0.0000,0.0056,0.0003,200,1.8628
0.0118,0.0000,0.0000,0.0000,0.0118,0.0000,200,1.8577
0.0095,0.0000,0.0000,0.0000,0.0093,0.0002,200,1.8608
0.0104,0.0000,0.0000,0.0000,0.0103,0.0000,200,1.8601
0.0133,0.0000,0.0000,0.0000,0.0133,0.0000,200,1.8575
0.0194,0.0000,0.0000,0.0000,0.0194,0.0000,200,1.8522
0.0161,0.0000,0.0000,0.0000,0.0157,0.0003,200,1.8557
0.0131,0.0000,0.0000,0.0000,0.0130,0.0001,200,1.8594
0.0329,0.0000,0.0000,0.0000,0.0328,0.0000,200,1.8399
0.0206,0.0000,0.0000,0.0000,0.0205,0.0001,200,1.8526
0.0344,0.0000,0.0000,0.0000,0.0343,0.0000,200,1.8393
0.0195,0.0000,0.0000,0.0000,0.0194,0.0000,200,1.8546
0.0037,0.0000,0.0000,0.0000,0.0037,0.0000,200,1.8709
0.0375,0.0000,0.0000,0.0000,0.0374,0.0000,200,1.8379
0.0086,0.0000,0.0000,0.0000,0.0072,0.0000,200,1.8671
0.0223,0.0000,0.0000,0.0000,0.0222,0.0000,200,1.8538
0.0032,0.0000,0.0000,0.0000,0.0031,0.0001,200,1.8733
0.0180,0.0000,0.0000,0.0000,0.0180,0.0000,200,1.8588
0.0410,0.0000,0.0000,0.0000,0.0407,0.0000,200,1.8363
0.0225,0.0000,0.0000,0.0000,0.0225,0.0001,200,1.8551
0.0125,0.0000,0.0000,0.0000,0.0124,0.0000,200,1.8655
0.0395,0.0000,0.0000,0.0000,0.0395,0.0000,200,1.8393
0.0154,0.0000,0.0000,0.0000,0.0153,0.0001,200,1.8642
0.0474,0.0000,0.0000,0.0000,0.0473,0.0000,200,1.8327
0.0059,0.0000,0.0000,0.0000,0.0057,0.0001,200,1.8746
0.0151,0.0000,0.0000,0.0000,0.0150,0.0000,200,1.8658
0.0151,0.0000,0.0000,0.0000,0.0150,0.0000,200,1.8664
0.0300,0.0000,0.0000,0.0000,0.0298,0.0002,200,1.8520
0.0174,0.0000,0.0000,0.0000,0.0173,0.0000,200,1.8647
0.0304,0.0000,0.0000,0.0000,0.0303,0.0000,200,1.8521
0.0209,0.0000,0.0000,0.0000,0.0208,0.0000,200,1.8621
0.0131,0.0000,0.0000,0.0000,0.0131,0.0000,200,1.8702
0.0281,0.0000,0.0000,0.0000,0.0280,0.0000,200,1.8563
0.0322,0.0000,0.0000,0.0000,0.0321,0.0000,200,1.8522
0.0420,0.0000,0.0000,0.0000,0.0420,0.0000,200,1.8427
0.0280,0.0000,0.0000,0.0000,0.0279,0.0000,200,1.8576
0.0211,0.0000,0.0000,0.0000,0.0210,0.0000,200,1.8650
0.0090,0.0000,0.0000,0.0000,0.0088,0.0001,200,1.8776
0.0103,0.0000,0.0000,0.0000,0.0102,0.0000,200,1.8768
0.0269,0.0000,0.0000,0.0000,0.0268,0.0000,200,1.8606
0.0104,0.0000,0.0000,0.0000,0.0104,0.0000,200,1.8773
0.0172,0.0000,0.0000,0.0000,0.0164,0.0006,200,1.8716
0.0394,0.0000,0.0000,0.0000,0.0392,0.0002,200,1.8496
0.0372,0.0000,0.0000,0.0000,0.0372,0.0000,200,1.8521
0.0212,0.0000,0.0000,0.0000,0.0211,0.0000,200,1.8687
0.0099,0.0000,0.0000,0.0000,0.0098,0.0000,200,1.8805
0.0156,0.0000,0.0000,0.0000,0.0155,0.0000,200,1.8754
0.0071,0.0000,0.0000,0.0000,0.0071,0.0000,200,1.8844
0.0232,0.0000,0.0000,0.0000,0.0231,0.0000,200,1.8688
0.0591,0.0000,0.0000,0.0000,0.0591,0.0000,200,1.8334
0.0099,0.0000,0.0000,0.0000,0.0099,0.0000,200,1.8830
0.0256,0.0000,0.0000,0.0001,0.0254,0.0000,200,1.8687
0.0206,0.0000,0.0000,0.0000,0.0206,0.0000,200,1.8737
0.0226,0.0000,0.0000,0.0000,0.0225,0.0000,200,1.8717
0.0218,0.0000,0.0000,0.0000,0.0217,0.0000,200,1.8726
0.0263,0.0000,0.0000,0.0000,0.0262,0.0000,200,1.8686
0.0078,0.0000,0.0000,0.0000,0.0078,0.0000,200,1.8874
0.0141,0.0000,0.0000,0.0000,0.0140,0.0001,200,1.8821
0.0204,0.0000,0.0000,0.0000,0.0202,0.0001,200,1.8761
0.0108,0.0000,0.0000,0.0000,0.0108,0.0000,200,1.8861
0.0234,0.0000,0.0000,0.0000,0.0234,0.0000,200,1.8741
0.0561,0.0000,0.0000,0.0000,0.0560,0.0001,200,1.8416
0.0168,0.0000,0.0000,0.0000,0.0166,0.0001,200,1.8815
0.0258,0.0000,0.0000,0.0000,0.0257,0.0000,200,1.8727
0.0505,0.0000,0.0000,0.0000,0.0504,0.0000,200,1.8486
0.0595,0.0000,0.0000,0.0000,0.0595,0.0000,200,1.8404
0.0095,0.0000,0.0000,0.0000,0.0094,0.0001,200,1.8910
0.0548,0.0000,0.0000,0.0000,0.0547,0.0000,200,1.8464
0.0310,0.0000,0.0000,0.0000,0.0309,0.0001,200,1.8705
0.0140,0.0000,0.0000,0.0000,0.0140,0.0000,200,1.8878
0.0179,0.0000,0.0000,0.0000,0.0179,0.0000,200,1.8844
0.0066,0.0000,0.0000,0.0000,0.0064,0.0000,200,1.8961
0.0454,0.0000,0.0000,0.0000,0.0448,0.0006,200,1.8583
0.0343,0.0000,0.0000,0.0000,0.0342,0.0000,200,1.8695
0.0285,0.0000,0.0000,0.0000,0.0284,0.0001,200,1.8758
0.0433,0.0000,0.0000,0.0000,0.0432,0.0000,200,1.8615
0.0253,0.0000,0.0000,0.0000,0.0252,0.0000,200,1.8801
0.0116,0.0000,0.0000,0.0000,0.0115,0.0001,200,1.8944
0.0218,0.0000,0.0000,0.0000,0.0217,0.0000,200,1.8847
0.0063,0.0000,0.0000,0.0000,0.0062,0.0000,200,1.9006
0.0072,0.0000,0.0000,0.0000,0.0071,0.0000,200,1.8999
0.0095,0.0000,0.0000,0.0002,0.0091,0.0002,200,1.8983
0.0076,0.0000,0.0000,0.0000,0.0075,0.0000,200,1.9027
0.0050,0.0000,0.0000,0.0000,0.0049,0.0000,200,1.9054
0.0238,0.0000,0.0000,0.0000,0.0237,0.0000,200,1.8866
0.0129,0.0000,0.0000,0.0000,0.0128,0.0000,200,1.8975
0.0583,0.0000,0.0000,0.0000,0.0582,0.0000,200,1.8521
0.0315,0.0000,0.0000,0.0000,0.0315,0.0000,200,1.8789
0.0573,0.0000,0.0000,0.0000,0.0572,0.0000,200,1.8531
0.0324,0.0000,0.0000,0.0000,0.0324,0.0000,200,1.8780
0.0468,0.0000,0.0000,0.0000,0.0467,0.0000,200,1.8637
0.0176,0.0000,0.0000,0.0000,0.0175,0.0000,200,1.8930
0.0147,0.0000,0.0000,0.0000,0.0146,0.0000,200,1.8965
0.0173,0.0000,0.0000,0.0000,0.0172,0.0001,200,1.8943
0.0221,0.0000,0.0000,0.0000,0.0220,0.0001,200,1.8899
0.0302,0.0000,0.0000,0.0002,0.0300,0.0000,200,1.8821
0.0205,0.0000,0.0000,0.0000,0.0205,0.0000,200,1.8925
0.0066,0.0000,0.0000,0.0000,0.0065,0.0000,200,1.9068
0.0304,0.0000,0.0000,0.0000,0.0304,0.0000,200,1.8834
0.0068,0.0000,0.0000,0.0001,0.0066,0.0000,200,1.9071
0.0079,0.0000,0.0000,0.0000,0.0079,0.0000,200,1.9065
0.0342,0.0000,0.0000,0.0000,0.0340,0.0000,200,1.8809
0.0035,0.0000,0.0000,0.0000,0.0034,0.0000,200,1.9120
0.0209,0.0000,0.0000,0.0000,0.0208,0.0001,200,1.8949
0.0117,0.0000,0.0000,0.0000,0.0116,0.0000,200,1.9048
0.0065,0.0000,0.0000,0.0000,0.0064,0.0000,200,1.9104
0.0259,0.0000,0.0000,0.0000,0.0257,0.0000,200,1.8915
0.0077,0.0000,0.0000,0.0000,0.0077,0.0000,200,1.9103
0.0316,0.0000,0.0000,0.0000,0.0314,0.0001,200,1.8871
0.0130,0.0000,0.0000,0.0000,0.0130,0.0000,200,1.9060
0.0157,0.0000,0.0000,0.0000,0.0157,0.0000,200,1.9038
0.0214,0.0000,0.0000,0.0000,0.0213,0.0000,200,1.8986
0.0101,0.0000,0.0000,0.0000,0.0100,0.0000,200,1.9103
0.0287,0.0000,0.0000,0.0000,0.0287,0.0000,200,1.8920
0.0269,0.0000,0.0000,0.0000,0.0268,0.0001,200,1.8943
0.0081,0.0000,0.0000,0.0005,0.0076,0.0000,200,1.9140
0.0200,0.0000,0.0000,0.0000,0.0199,0.0000,200,1.9023
0.0464,0.0000,0.0000,0.0000,0.0463,0.0000,200,1.8765
0.0221,0.0000,0.0000,0.0000,0.0220,0.0001,200,1.9011
0.0078,0.0000,0.0000,0.0000,0.0077,0.0001,200,1.9159
0.0420,0.0000,0.0000,0.0000,0.0419,0.0000,200,1.8824
0.0066,0.0000,0.0000,0.0000,0.0065,0.0000,200,1.9190
0.0353,0.0000,0.0000,0.0000,0.0353,0.0000,200,1.8904
0.0093,0.0000,0.0000,0.0000,0.0092,0.0000,200,1.9165
0.0071,0.0000,0.0000,0.0000,0.0066,0.0005,200,1.9187
0.0374,0.0000,0.0000,0.0000,0.0374,0.0000,200,1.8888
0.0274,0.0000,0.0000,0.0000,0.0273,0.0000,200,1.8991
0.0139,0.0000,0.0000,0.0000,0.0138,0.0001,200,1.9134
0.0387,0.0000,0.0000,0.0000,0.0387,0.0000,200,1.8890
0.0036,0.0000,0.0000,0.0000,0.0036,0.0000,200,1.9244
0.0265,0.0000,0.0000,0.0000,0.0264,0.0000,200,1.9018
0.0247,0.0000,0.0000,0.0000,0.0247,0.0000,200,1.9038
0.0186,0.0000,0.0000,0.0000,0.0185,0.0000,200,1.9104
0.0214,0.0000,0.0000,0.0000,0.0189,0.0001,200,1.9079
0.0187,0.0000,0.0000,0.0000,0.0186,0.0000,200,1.9111
0.0164,0.0000,0.0000,0.0000,0.0163,0.0000,200,1.9138
0.0451,0.0000,0.0000,0.0000,0.0451,0.0000,200,1.8855
0.0346,0.0000,0.0000,0.0000,0.0345,0.0000,200,1.8969
0.0217,0.0000,0.0000,0.0000,0.0216,0.0000,200,1.9104
0.0372,0.0000,0.0000,0.0000,0.0371,0.0000,200,1.8953
0.0043,0.0000,0.0000,0.0000,0.0043,0.0000,200,1.9285
0.0057,0.0000,0.0000,0.0000,0.0055,0.0002,200,1.9273
0.0075,0.0000,0.0000,0.0000,0.0074,0.0001,200,1.9257
0.0215,0.0000,0.0000,0.0000,0.0214,0.0001,200,1.9131
0.0202,0.0000,0.0000,0.0000,0.0201,0.0000,200,1.9144
0.0191,0.0000,0.0000,0.0000,0.0190,0.0000,200,1.9155
0.0242,0.0000,0.0000,0.0000,0.0242,0.0000,200,1.9104
0.0175,0.0000,0.0000,0.0000,0.0175,0.0000,200,1.9174
0.0129,0.0000,0.0000,0.0000,0.0129,0.0000,200,1.9223
0.0562,0.0000,0.0000,0.0000,0.0560,0.0001,200,1.8797
0.0679,0.0000,0.0000,0.0000,0.0678,0.0000,200,1.8688
0.0268,0.0000,0.0000,0.0000,0.0267,0.0001,200,1.9104
0.0115,0.0000,0.0000,0.0000,0.0113,0.0001,200,1.9262
0.0123,0.0000,0.0000,0.0000,0.0122,0.0000,200,1.9258
0.0175,0.0000,0.0000,0.0000,0.0174,0.0001,200,1.9212
0.0107,0.0000,0.0000,0.0000,0.0106,0.0000,200,1.9283
0.0052,0.0000,0.0000,0.0000,0.0051,0.0001,200,1.9345
0.0082,0.0000,0.0000,0.0000,0.0081,0.0001,200,1.9321
0.0085,0.0000,0.0000,0.0000,0.0084,0.0000,200,1.9325
0.0066,0.0000,0.0000,0.0000,0.0065,0.0000,200,1.9347
0.0284,0.0000,0.0000,0.0000,0.0281,0.0003,200,1.9150
0.0420,0.0000,0.0000,0.0000,0.0419,0.0000,200,1.9015
0.0203,0.0000,0.0000,0.0000,0.0202,0.0000,200,1.9232
0.0089,0.0000,0.0000,0.0000,0.0089,0.0000,200,1.9346
0.0179,0.0000,0.0000,0.0000,0.0179,0.0000,200,1.9256
0.0089,0.0000,0.0000,0.0000,0.0088,0.0001,200,1.9347
0.0333,0.0000,0.0000,0.0000,0.0332,0.0000,200,1.9104
0.0059,0.0000,0.0000,0.0000,0.0057,0.0001,200,1.9380
0.0035,0.0000,0.0000,0.0000,0.0035,0.0000,200,1.9410
0.0153,0.0000,0.0000,0.0000,0.0152,0.0001,200,1.9298
0.0252,0.0000,0.0000,0.0000,0.0251,0.0001,200,1.9204
0.0356,0.0000,0.0000,0.0000,0.0355,0.0000,200,1.9104
0.0569,0.0000,0.0000,0.0000,0.0568,0.0000,200,1.8894
0.0275,0.0000,0.0000,0.0000,0.0274,0.0000,200,1.9195
0.0076,0.0000,0.0000,0.0000,0.0075,0.0000,200,1.9397
0.0501,0.0000,0.0000,0.0000,0.0499,0.0001,200,1.8978
0.0052,0.0000,0.0000,0.0000,0.0051,0.0000,200,1.9434
0.0054,0.0000,0.0000,0.0000,0.0053,0.0001,200,1.9436
0.0058,0.0000,0.0000,0.0000,0.0057,0.0000,200,1.9436
0.0144,0.0000,0.0000,0.0000,0.0144,0.0000,200,1.9353
0.0224,0.0000,0.0000,0.0000,0.0223,0.0000,200,1.9277
0.0178,0.0000,0.0000,0.0000,0.0177,0.0000,200,1.9330
0.0347,0.0000,0.0000,0.0000,0.0346,0.0001,200,1.9168
0.0105,0.0000,0.0000,0.0000,0.0105,0.0000,200,1.9412
0.0048,0.0000,0.0000,0.0000,0.0046,0.0001,200,1.9478
0.0587,0.0000,0.0000,0.0000,0.0585,0.0001,200,1.8943
0.0418,0.0000,0.0000,0.0000,0.0418,0.0000,200,1.9117
0.0305,0.0000,0.0000,0.0000,0.0304,0.0000,200,1.9236
0.0501,0.0000,0.0000,0.0000,0.0501,0.0001,200,1.9044
0.0373,0.0000,0.0000,0.0000,0.0372,0.0000,200,1.9180
0.0275,0.0000,0.0000,0.0000,0.0275,0.0000,200,1.9280
0.0126,0.0000,0.0000,0.0000,0.0123,0.0003,200,1.9435
0.0255,0.0000,0.0000,0.0000,0.0254,0.0000,200,1.9315
0.0182,0.0000,0.0000,0.0000,0.0181,0.0000,200,1.9390
0.0314,0.0000,0.0000,0.0000,0.0313,0.0000,200,1.9266
0.0359,0.0000,0.0000,0.0000,0.0359,0.0000,200,1.9220
0.0086,0.0000,0.0000,0.0000,0.0085,0.0000,200,1.9498
0.0297,0.0000,0.0000,0.0000,0.0296,0.0001,200,1.9290
0.0334,0.0000,0.0000,0.0000,0.0333,0.0000,200,1.9257
0.0470,0.0000,0.0000,0.0000,0.0468,0.0002,200,1.9123
0.0082,0.0000,0.0000,0.0000,0.0081,0.0001,200,1.9515
0.0238,0.0000,0.0000,0.0000,0.0238,0.0000,200,1.9367
0.0234,0.0000,0.0000,0.0000,0.0233,0.0000,200,1.9377
0.0096,0.0000,0.0000,0.0000,0.0090,0.0000,200,1.9518
0.0513,0.0000,0.0000,0.0000,0.0512,0.0000,200,1.9105
0.0087,0.0000,0.0000,0.0000,0.0086,0.0000,200,1.9535
0.0427,0.0000,0.0000,0.0000,0.0426,0.0001,200,1.9200
0.0230,0.0000,0.0000,0.0000,0.0229,0.0000,200,1.9403
0.0431,0.0000,0.0000,0.0000,0.0430,0.0000,200,1.9207
0.0123,0.0000,0.0000,0.0000,0.0122,0.0000,200,1.9530
0.0190,0.0000,0.0000,0.0000,0.0189,0.0000,200,1.9463
0.0214,0.0000,0.0000,0.0000,0.0213,0.0000,200,1.9439
0.0049,0.0000,0.0000,0.0000,0.0048,0.0000,200,1.9605
0.0359,0.0000,0.0000,0.0000,0.0358,0.0000,200,1.9303
0.0052,0.0000,0.0000,0.0000,0.0051,0.0000,200,1.9611
0.0363,0.0000,0.0000,0.0000,0.0362,0.0000,200,1.9307
0.0189,0.0000,0.0000,0.0000,0.0189,0.0000,200,1.9486
0.0098,0.0000,0.0000,0.0000,0.0087,0.0011,200,1.9593
0.0361,0.0000,0.0000,0.0000,0.0359,0.0000,200,1.9332
0.0031,0.0000,0.0000,0.0000,0.0029,0.0000,200,1.9662
0.0258,0.0000,0.0000,0.0000,0.0257,0.0001,200,1.9435
0.0307,0.0000,0.0000,0.0000,0.0303,0.0001,200,1.9387
0.0339,0.0000,0.0000,0.0001,0.0337,0.0001,200,1.9359
0.0048,0.0000,0.0000,0.0000,0.0047,0.0001,200,1.9653
0.0214,0.0000,0.0000,0.0000,0.0213,0.0000,200,1.9494
0.0164,0.0000,0.0000,0.0000,0.0162,0.0001,200,1.9545
0.0082,0.0000,0.0000,0.0000,0.0080,0.0001,200,1.9633
0.0276,0.0000,0.0000,0.0000,0.0275,0.0000,200,1.9445
0.0251,0.0000,0.0000,0.0000,0.0249,0.0001,200,1.9474
0.0292,0.0000,0.0000,0.0000,0.0292,0.0000,200,1.9436
0.0179,0.0000,0.0000,0.0001,0.0177,0.0001,200,1.9553
0.0122,0.0000,0.0000,0.0000,0.0121,0.0001,200,1.9614
0.0241,0.0000,0.0000,0.0000,0.0239,0.0001,200,1.9501
0.0052,0.0000,0.0000,0.0000,0.0050,0.0001,200,1.9693
0.0180,0.0000,0.0000,0.0000,0.0178,0.0001,200,1.9569
0.0101,0.0000,0.0000,0.0000,0.0101,0.0000,200,1.9653
0.0467,0.0000,0.0000,0.0000,0.0466,0.0000,200,1.9293
0.0224,0.0000,0.0000,0.0000,0.0223,0.0000,200,1.9541
0.0149,0.0000,0.0000,0.0000,0.0149,0.0000,200,1.9622
0.0043,0.0000,0.0000,0.0000,0.0042,0.0001,200,1.9736
0.0258,0.0000,0.0000,0.0000,0.0257,0.0000,200,1.9526
0.0205,0.0000,0.0000,0.0000,0.0204,0.0001,200,1.9587
0.0145,0.0000,0.0000,0.0000,0.0144,0.0001,200,1.9653
0.0052,0.0000,0.0000,0.0000,0.0051,0.0001,200,1.9749
0.0433,0.0000,0.0000,0.0000,0.0433,0.0000,200,1.9372
0.0353,0.0000,0.0000,0.0000,0.0352,0.0000,200,1.9456
0.0240,0.0000,0.0000,0.0000,0.0239,0.0001,200,1.9572
0.0588,0.0000,0.0000,0.0000,0.0586,0.0000,200,1.9229
0.0018,0.0000,0.0000,0.0000,0.0017,0.0000,200,1.9805
0.0074,0.0000,0.0000,0.0000,0.0073,0.0001,200,1.9754
0.0032,0.0000,0.0000,0.0000,0.0031,0.0001,200,1.9801
0.0385,0.0000,0.0000,0.0000,0.0384,0.0000,200,1.9451
0.0261,0.0000,0.0000,0.0000,0.0260,0.0000,200,1.9583
0.0338,0.0000,0.0000,0.0000,0.0337,0.0000,200,1.9509
0.0288,0.0000,0.0000,0.0001,0.0286,0.0000,200,1.9561
0.0269,0.0000,0.0000,0.0000,0.0269,0.0000,200,1.9579
0.0178,0.0000,0.0000,0.0000,0.0178,0.0000,200,1.9676
0.0090,0.0000,0.0000,0.0000,0.0090,0.0000,200,1.9765
0.0159,0.0000,0.0000,0.0000,0.0158,0.0000,200,1.9701
0.0211,0.0000,0.0000,0.0000,0.0210,0.0000,200,1.9653
0.0177,0.0000,0.0000,0.0000,0.0176,0.0001,200,1.9691
0.0293,0.0000,0.0000,0.0000,0.0292,0.0000,200,1.9579
0.0076,0.0000,0.0000,0.0000,0.0076,0.0000,200,1.9798
0.0021,0.0000,0.0000,0.0000,0.0020,0.0001,200,1.9860
0.0067,0.0000,0.0000,0.0000,0.0061,0.0005,200,1.9824
0.0106,0.0000,0.0000,0.0000,0.0106,0.0000,200,1.9784
0.0135,0.0000,0.0000,0.0000,0.0134,0.0000,200,1.9760
0.0261,0.0000,0.0000,0.0000,0.0261,0.0000,200,1.9638
0.0031,0.0000,0.0000,0.0000,0.0030,0.0000,200,1.9874
0.0439,0.0000,0.0000,0.0000,0.0438,0.0001,200,1.9470
0.0212,0.0000,0.0000,0.0000,0.0210,0.0001,200,1.9708
0.0230,0.0000,0.0000,0.0000,0.0230,0.0000,200,1.9693
0.0095,0.0000,0.0000,0.0000,0.0094,0.0000,200,1.9836
0.0343,0.0000,0.0000,0.0000,0.0342,0.0000,200,1.9591
0.0039,0.0000,0.0000,0.0000,0.0039,0.0000,200,1.9899
0.0056,0.0000,0.0000,0.0000,0.0054,0.0001,200,1.9890
0.0459,0.0000,0.0000,0.0000,0.0457,0.0001,200,1.9491
0.0049,0.0000,0.0000,0.0000,0.0048,0.0001,200,1.9905
0.0401,0.0000,0.0000,0.0000,0.0400,0.0000,200,1.9556
0.0170,0.0000,0.0000,0.0000,0.0170,0.0000,200,1.9792
0.0236,0.0000,0.0000,0.0000,0.0235,0.0000,200,1.9732
0.0121,0.0000,0.0000,0.0000,0.0118,0.0003,200,1.9854
0.0112,0.0000,0.0000,0.0000,0.0111,0.0001,200,1.9864
0.0318,0.0000,0.0000,0.0000,0.0317,0.0000,200,1.9662
0.0204,0.0000,0.0000,0.0000,0.0203,0.0001,200,1.9779
0.0391,0.0000,0.0000,0.0000,0.0390,0.0000,200,1.9598
0.0558,0.0000,0.0000,0.0000,0.0557,0.0000,200,1.9435
0.0070,0.0000,0.0000,0.0000,0.0069,0.0000,200,1.9931
0.0655,0.0000,0.0000,0.0000,0.0654,0.0000,200,1.9349
0.0283,0.0000,0.0000,0.0000,0.0281,0.0001,200,1.9728
0.0244,0.0000,0.0000,0.0000,0.0244,0.0000,200,1.9771
0.0353,0.0000,0.0000,0.0000,0.0352,0.0000,200,1.9670
0.0083,0.0000,0.0000,0.0000,0.0082,0.0000,200,1.9946
0.0338,0.0000,0.0000,0.0000,0.0336,0.0000,200,1.9693
0.0707,0.0000,0.0000,0.0000,0.0706,0.0000,200,1.9328
0.0233,0.0000,0.0000,0.0000,0.0231,0.0002,200,1.9809
0.0227,0.0000,0.0000,0.0000,0.0227,0.0000,200,1.9817
0.0156,0.0000,0.0000,0.0000,0.0156,0.0000,200,1.9890
0.0183,0.0000,0.0000,0.0000,0.0183,0.0001,200,1.9869
0.0361,0.0000,0.0000,0.0000,0.0359,0.0001,200,1.9695
0.0055,0.0000,0.0000,0.0000,0.0055,0.0000,200,2.0004
0.0107,0.0000,0.0000,0.0000,0.0107,0.0000,200,1.9957
0.0116,0.0000,0.0000,0.0000,0.0112,0.0003,200,1.9954
0.0350,0.0000,0.0000,0.0000,0.0349,0.0000,200,1.9721
0.0370,0.0000,0.0000,0.0000,0.0369,0.0000,200,1.9709
0.0236,0.0000,0.0000,0.0000,0.0235,0.0000,200,1.9847
0.0057,0.0000,0.0000,0.0000,0.0056,0.0000,200,2.0031
0.0259,0.0000,0.0000,0.0000,0.0258,0.0001,200,1.9833
0.0253,0.0000,0.0000,0.0000,0.0253,0.0000,200,1.9844
0.0182,0.0000,0.0000,0.0000,0.0181,0.0000,200,1.9919
0.0117,0.0000,0.0000,0.0000,0.0116,0.0001,200,1.9989
0.0651,0.0000,0.0000,0.0000,0.0650,0.0001,200,1.9460
0.0165,0.0000,0.0000,0.0000,0.0163,0.0001,200,1.9951
0.0199,0.0000,0.0000,0.0000,0.0197,0.0001,200,1.9923
0.0194,0.0000,0.0000,0.0000,0.0190,0.0000,200,1.9935
0.0098,0.0000,0.0000,0.0000,0.0098,0.0000,200,2.0035
0.0125,0.0000,0.0000,0.0000,0.0125,0.0000,200,2.0016
0.0040,0.0000,0.0000,0.0000,0.0038,0.0001,200,2.0102
0.0086,0.0000,0.0000,0.0000,0.0085,0.0000,200,2.0059
0.0435,0.0000,0.0000,0.0000,0.0434,0.0001,200,1.9714
0.0409,0.0000,0.0000,0.0000,0.0409,0.0000,200,1.9744
0.0189,0.0000,0.0000,0.0000,0.0189,0.0000,200,1.9968
0.0167,0.0000,0.0000,0.0000,0.0166,0.0001,200,1.9993
0.0165,0.0000,0.0000,0.0000,0.0165,0.0000,200,2.0001
0.0261,0.0000,0.0000,0.0000,0.0261,0.0000,200,1.9909
0.0119,0.0000,0.0000,0.0000,0.0117,0.0001,200,2.0052
0.0079,0.0000,0.0000,0.0000,0.0078,0.0001,200,2.0097
0.0198,0.0000,0.0000,0.0000,0.0198,0.0000,200,1.9983
0.0128,0.0000,0.0000,0.0000,0.0128,0.0000,200,2.0056
0.0309,0.0000,0.0000,0.0001,0.0308,0.0000,200,1.9881
0.0056,0.0000,0.0000,0.0000,0.0055,0.0001,200,2.0141
0.0079,0.0000,0.0000,0.0000,0.0078,0.0000,200,2.0122
0.0510,0.0000,0.0000,0.0000,0.0508,0.0001,200,1.9698
0.0316,0.0000,0.0000,0.0000,0.0315,0.0000,200,1.9895
0.0233,0.0000,0.0000,0.0000,0.0232,0.0000,200,1.9981
0.0107,0.0000,0.0000,0.0000,0.0106,0.0001,200,2.0111
0.0491,0.0000,0.0000,0.0000,0.0481,0.0010,200,1.9742
0.0385,0.0000,0.0000,0.0000,0.0385,0.0000,200,1.9849
0.0296,0.0000,0.0000,0.0000,0.0295,0.0000,200,1.9939
0.0156,0.0000,0.0000,0.0000,0.0156,0.0000,200,2.0079
0.0032,0.0000,0.0000,0.0000,0.0030,0.0001,200,2.0210
0.0376,0.0000,0.0000,0.0000,0.0375,0.0000,200,1.9872
0.0165,0.0000,0.0000,0.0000,0.0165,0.0000,200,2.0088
0.0211,0.0000,0.0000,0.0000,0.0210,0.0000,200,2.0046
0.0097,0.0000,0.0000,0.0000,0.0096,0.0000,200,2.0172
0.0654,0.0000,0.0000,0.0000,0.0653,0.0000,200,1.9618
0.0156,0.0000,0.0000,0.0000,0.0153,0.0004,200,2.0116
0.0110,0.0000,0.0000,0.0000,0.0109,0.0000,200,2.0167
0.0559,0.0000,0.0000,0.0000,0.0559,0.0000,200,1.9724
0.0316,0.0000,0.0000,0.0000,0.0315,0.0000,200,1.9975
0.0329,0.0000,0.0000,0.0000,0.0328,0.0000,200,1.9964
0.0447,0.0000,0.0000,0.0000,0.0446,0.0000,200,1.9849
0.0219,0.0000,0.0000,0.0000,0.0219,0.0000,200,2.0083
0.0494,0.0000,0.0000,0.0000,0.0493,0.0000,200,1.9812
0.0219,0.0000,0.0000,0.0000,0.0219,0.0000,200,2.0093
0.0147,0.0000,0.0000,0.0000,0.0147,0.0000,200,2.0170
0.0494,0.0000,0.0000,0.0000,0.0494,0.0000,200,1.9828
0.0180,0.0000,0.0000,0.0000,0.0179,0.0000,200,2.0145
0.0354,0.0000,0.0000,0.0001,0.0350,0.0000,200,1.9977
0.0279,0.0000,0.0000,0.0000,0.0278,0.0000,200,2.0064
0.0193,0.0000,0.0000,0.0000,0.0193,0.0000,200,2.0150
0.0168,0.0000,0.0000,0.0000,0.0167,0.0000,200,2.0176
0.0187,0.0000,0.0000,0.0000,0.0186,0.0000,200,2.0160
0.0330,0.0000,0.0000,0.0000,0.0329,0.0001,200,2.0023
0.0160,0.0000,0.0000,0.0000,0.0159,0.0000,200,2.0197
0.0154,0.0000,0.0000,0.0000,0.0153,0.0000,200,2.0207
0.0095,0.0000,0.0000,0.0000,0.0094,0.0000,200,2.0272
0.0219,0.0000,0.0000,0.0000,0.0218,0.0000,200,2.0154
0.0122,0.0000,0.0000,0.0000,0.0121,0.0001,200,2.0254
0.0190,0.0000,0.0000,0.0001,0.0188,0.0000,200,2.0190
0.0201,0.0000,0.0000,0.0000,0.0201,0.0000,200,2.0185
0.0192,0.0000,0.0000,0.0000,0.0191,0.0000,200,2.0201
0.0104,0.0000,0.0000,0.0000,0.0102,0.0002,200,2.0294
0.0081,0.0000,0.0000,0.0000,0.0081,0.0000,200,2.0318
0.0172,0.0000,0.0000,0.0000,0.0170,0.0001,200,2.0233
0.0195,0.0000,0.0000,0.0000,0.0194,0.0000,200,2.0214
0.0109,0.0000,0.0000,0.0000,0.0106,0.0002,200,2.0306
0.0372,0.0000,0.0000,0.0000,0.0372,0.0000,200,2.0044
0.0183,0.0000,0.0000,0.0001,0.0182,0.0000,200,2.0235
0.0178,0.0000,0.0000,0.0000,0.0177,0.0000,200,2.0242
0.0381,0.0000,0.0000,0.0000,0.0379,0.0001,200,2.0047
0.0128,0.0000,0.0000,0.0000,0.0127,0.0000,200,2.0302
0.0159,0.0000,0.0000,0.0000,0.0159,0.0000,200,2.0277
0.0061,0.0000,0.0000,0.0000,0.0060,0.0001,200,2.0380
0.0096,0.0000,0.0000,0.0000,0.0096,0.0000,200,2.0347
0.0081,0.0000,0.0000,0.0000,0.0081,0.0000,200,2.0367
0.0111,0.0000,0.0000,0.0000,0.0110,0.0001,200,2.0343
0.0190,0.0000,0.0000,0.0000,0.0189,0.0000,200,2.0269
0.0186,0.0000,0.0000,0.0000,0.0185,0.0000,200,2.0284
0.0401,0.0000,0.0000,0.0000,0.0400,0.0001,200,2.0070
0.0059,0.0000,0.0000,0.0001,0.0057,0.0000,200,2.0418
0.0080,0.0000,0.0000,0.0000,0.0078,0.0001,200,2.0399
0.0250,0.0000,0.0000,0.0000,0.0250,0.0000,200,2.0235
0.0200,0.0000,0.0000,0.0000,0.0197,0.0002,200,2.0291
0.0309,0.0000,0.0000,0.0000,0.0309,0.0000,200,2.0181
0.0467,0.0000,0.0000,0.0000,0.0466,0.0001,200,2.0029
0.0175,0.0000,0.0000,0.0000,0.0174,0.0000,200,2.0331
0.0277,0.0000,0.0000,0.0000,0.0277,0.0000,200,2.0234
0.0389,0.0000,0.0000,0.0000,0.0389,0.0000,200,2.0133
0.0394,0.0000,0.0000,0.0000,0.0393,0.0000,200,2.0129
0.0051,0.0000,0.0000,0.0000,0.0050,0.0001,200,2.0471
0.0232,0.0000,0.0000,0.0000,0.0227,0.0001,200,2.0296
0.0212,0.0000,0.0000,0.0000,0.0211,0.0001,200,2.0322
0.0107,0.0000,0.0000,0.0000,0.0106,0.0000,200,2.0430
0.0197,0.0000,0.0000,0.0000,0.0196,0.0000,200,2.0343
0.0287,0.0000,0.0000,0.0000,0.0286,0.0000,200,2.0257
0.0202,0.0000,0.0000,0.0000,0.0201,0.0000,200,2.0344
0.0335,0.0000,0.0000,0.0001,0.0332,0.0002,200,2.0218
0.0065,0.0000,0.0000,0.0000,0.0063,0.0002,200,2.0497
0.0210,0.0000,0.0000,0.0000,0.0209,0.0000,200,2.0353
0.0209,0.0000,0.0000,0.0000,0.0207,0.0001,200,2.0361
0.0153,0.0000,0.0000,0.0000,0.0151,0.0001,200,2.0420
0.0067,0.0000,0.0000,0.0000,0.0065,0.0001,200,2.0511
0.0208,0.0000,0.0000,0.0000,0.0206,0.0002,200,2.0373
0.0053,0.0000,0.0000,0.0000,0.0052,0.0001,200,2.0534
0.0114,0.0000,0.0000,0.0000,0.0112,0.0002,200,2.0479
0.0181,0.0000,0.0000,0.0000,0.0181,0.0000,200,2.0417
0.0028,0.0000,0.0000,0.0000,0.0027,0.0000,200,2.0570
0.0177,0.0000,0.0000,0.0000,0.0176,0.0000,200,2.0427
0.0227,0.0000,0.0000,0.0000,0.0226,0.0000,200,2.0380
0.0154,0.0000,0.0000,0.0000,0.0153,0.0001,200,2.0459
0.0176,0.0000,0.0000,0.0000,0.0173,0.0001,200,2.0443
0.0183,0.0000,0.0000,0.0000,0.0182,0.0000,200,2.0441
0.0174,0.0000,0.0000,0.0000,0.0173,0.0001,200,2.0454
0.0307,0.0000,0.0000,0.0000,0.0307,0.0000,200,2.0325
0.0225,0.0000,0.0000,0.0000,0.0224,0.0000,200,2.0415
0.0022,0.0000,0.0000,0.0000,0.0020,0.0001,200,2.0624
0.0204,0.0000,0.0000,0.0000,0.0204,0.0000,200,2.0448
0.0517,0.0000,0.0000,0.0000,0.0516,0.0000,200,2.0141
0.0261,0.0000,0.0000,0.0000,0.0261,0.0000,200,2.0405
0.0419,0.0000,0.0000,0.0000,0.0419,0.0000,200,2.0248
0.0287,0.0000,0.0000,0.0000,0.0286,0.0000,200,2.0386
0.0100,0.0000,0.0000,0.0000,0.0099,0.0000,200,2.0578
0.0079,0.0000,0.0000,0.0000,0.0077,0.0002,200,2.0604
0.0681,0.0000,0.0000,0.0000,0.0677,0.0004,200,2.0011
0.0207,0.0000,0.0000,0.0000,0.0206,0.0000,200,2.0485
0.0104,0.0000,0.0000,0.0000,0.0101,0.0002,200,2.0593
0.0210,0.0000,0.0000,0.0006,0.0203,0.0001,200,2.0491
0.0184,0.0000,0.0000,0.0000,0.0183,0.0000,200,2.0523
0.0400,0.0000,0.0000,0.0000,0.0398,0.0001,200,2.0312
0.0144,0.0000,0.0000,0.0000,0.0143,0.0001,200,2.0573
0.0157,0.0000,0.0000,0.0000,0.0156,0.0000,200,2.0563
0.0180,0.0000,0.0000,0.0000,0.0179,0.0000,200,2.0546
0.0088,0.0000,0.0000,0.0000,0.0084,0.0002,200,2.0645
0.0025,0.0000,0.0000,0.0000,0.0024,0.0000,200,2.0717
0.0226,0.0000,0.0000,0.0000,0.0225,0.0000,200,2.0523
0.0228,0.0000,0.0000,0.0000,0.0227,0.0000,200,2.0528
0.0093,0.0000,0.0000,0.0000,0.0092,0.0000,200,2.0667
0.0288,0.0000,0.0000,0.0000,0.0287,0.0000,200,2.0477
0.0144,0.0000,0.0000,0.0000,0.0144,0.0000,200,2.0623
0.1144,0.0000,0.0000,0.0000,0.1143,0.0000,200,1.9627
0.0193,0.0000,0.0000,0.0000,0.0192,0.0001,200,2.0581
0.0306,0.0000,0.0000,0.0001,0.0304,0.0000,200,2.0470
0.0514,0.0000,0.0000,0.0000,0.0512,0.0001,200,2.0272
0.0249,0.0000,0.0000,0.0000,0.0248,0.0001,200,2.0537
0.0355,0.0000,0.0000,0.0000,0.0354,0.0000,200,2.0436
0.0138,0.0000,0.0000,0.0000,0.0138,0.0000,200,2.0658
0.0239,0.0000,0.0000,0.0000,0.0237,0.0001,200,2.0562
0.0263,0.0000,0.0000,0.0000,0.0262,0.0001,200,2.0544
0.0043,0.0000,0.0000,0.0000,0.0043,0.0000,200,2.0768
0.0419,0.0000,0.0000,0.0000,0.0418,0.0000,200,2.0398
0.0301,0.0000,0.0000,0.0000,0.0300,0.0000,200,2.0523
0.0137,0.0000,0.0000,0.0000,0.0136,0.0000,200,2.0691
0.0163,0.0000,0.0000,0.0000,0.0162,0.0000,200,2.0673
0.0297,0.0000,0.0000,0.0000,0.0296,0.0001,200,2.0540
0.0231,0.0000,0.0000,0.0000,0.0230,0.0000,200,2.0613
0.0092,0.0000,0.0000,0.0000,0.0091,0.0000,200,2.0755
0.0138,0.0000,0.0000,0.0000,0.0137,0.0001,200,2.0712
0.0104,0.0000,0.0000,0.0000,0.0103,0.0000,200,2.0748
0.0217,0.0000,0.0000,0.0000,0.0216,0.0001,200,2.0639
0.0276,0.0000,0.0000,0.0000,0.0276,0.0000,200,2.0587
0.0376,0.0000,0.0000,0.0000,0.0375,0.0000,200,2.0491
0.0270,0.0000,0.0000,0.0000,0.0269,0.0000,200,2.0599
0.0096,0.0000,0.0000,0.0000,0.0075,0.0020,200,2.0797
0.0036,0.0000,0.0000,0.0000,0.0035,0.0000,200,2.0857
0.0173,0.0000,0.0000,0.0000,0.0172,0.0000,200,2.0720
0.0030,0.0000,0.0000,0.0000,0.0030,0.0000,200,2.0864
0.0107,0.0000,0.0000,0.0000,0.0107,0.0000,200,2.0786
0.0228,0.0000,0.0000,0.0000,0.0228,0.0000,200,2.0666
0.0287,0.0000,0.0000,0.0000,0.0287,0.0000,200,2.0607
0.0121,0.0000,0.0000,0.0000,0.0120,0.0000,200,2.0774
0.0538,0.0000,0.0000,0.0001,0.0537,0.0000,200,2.0357
0.0084,0.0000,0.0000,0.0000,0.0082,0.0000,200,2.0811
0.0399,0.0000,0.0000,0.0000,0.0398,0.0000,200,2.0505
0.0238,0.0000,0.0000,0.0000,0.0235,0.0003,200,2.0678
0.0066,0.0000,0.0000,0.0000,0.0064,0.0000,200,2.0852
0.0235,0.0000,0.0000,0.0000,0.0231,0.0004,200,2.0691
0.0226,0.0000,0.0000,0.0000,0.0225,0.0000,200,2.0700
0.0338,0.0000,0.0000,0.0000,0.0337,0.0000,200,2.0598
0.0117,0.0000,0.0000,0.0000,0.0117,0.0000,200,2.0828
0.0052,0.0000,0.0000,0.0000,0.0051,0.0001,200,2.0894
0.0104,0.0000,0.0000,0.0000,0.0103,0.0001,200,2.0847
0.0185,0.0000,0.0000,0.0000,0.0185,0.0000,200,2.0770
0.0893,0.0000,0.0000,0.0000,0.0892,0.0000,200,2.0070
0.0099,0.0000,0.0000,0.0000,0.0098,0.0000,200,2.0867
0.0563,0.0000,0.0000,0.0000,0.0562,0.0000,200,2.0409
0.0080,0.0000,0.0000,0.0000,0.0080,0.0000,200,2.0895
0.0282,0.0000,0.0000,0.0000,0.0281,0.0000,200,2.0697
0.0300,0.0000,0.0000,0.0000,0.0299,0.0000,200,2.0683
0.0151,0.0000,0.0000,0.0000,0.0150,0.0000,200,2.0838
0.0366,0.0000,0.0000,0.0000,0.0365,0.0000,200,2.0628
0.0210,0.0000,0.0000,0.0000,0.0210,0.0000,200,2.0791
0.0283,0.0000,0.0000,0.0000,0.0283,0.0000,200,2.0726
0.0116,0.0000,0.0000,0.0000,0.0116,0.0000,200,2.0894
0.0463,0.0000,0.0000,0.0000,0.0462,0.0000,200,2.0553
0.0131,0.0000,0.0000,0.0000,0.0131,0.0000,200,2.0892
0.0068,0.0000,0.0000,0.0000,0.0067,0.0000,200,2.0962
0.0249,0.0000,0.0000,0.0000,0.0248,0.0000,200,2.0786
0.0065,0.0000,0.0000,0.0000,0.0065,0.0000,200,2.0976
0.0280,0.0000,0.0000,0.0000,0.0279,0.0000,200,2.0765
0.0063,0.0000,0.0000,0.0000,0.0062,0.0001,200,2.0988
0.0283,0.0000,0.0000,0.0000,0.0278,0.0004,200,2.0776
0.0244,0.0000,0.0000,0.0001,0.0243,0.0000,200,2.0818
0.0131,0.0000,0.0000,0.0001,0.0125,0.0001,200,2.0936
0.0102,0.0000,0.0000,0.0000,0.0101,0.0000,200,2.0972
0.0182,0.0000,0.0000,0.0000,0.0181,0.0001,200,2.0895
0.0247,0.0000,0.0000,0.0000,0.0247,0.0000,200,2.0836
0.0247,0.0000,0.0000,0.0000,0.0247,0.0001,200,2.0843
0.0095,0.0000,0.0000,0.0000,0.0095,0.0000,200,2.1009
0.0080,0.0000,0.0000,0.0000,0.0079,0.0000,200,2.1030
0.0072,0.0000,0.0000,0.0000,0.0071,0.0001,200,2.1045
0.0309,0.0000,0.0000,0.0000,0.0309,0.0000,200,2.0823
0.0500,0.0000,0.0000,0.0000,0.0500,0.0000,200,2.0632
0.0373,0.0000,0.0000,0.0000,0.0372,0.0000,200,2.0760
0.0168,0.0000,0.0000,0.0000,0.0167,0.0000,200,2.0965
0.0056,0.0000,0.0000,0.0000,0.0055,0.0001,200,2.1078
0.0154,0.0000,0.0000,0.0000,0.0153,0.0000,200,2.0983
0.0187,0.0000,0.0000,0.0000,0.0186,0.0001,200,2.0955
0.0200,0.0000,0.0000,0.0000,0.0199,0.0000,200,2.0945
0.0125,0.0000,0.0000,0.0000,0.0124,0.0000,200,2.1024
0.0258,0.0000,0.0000,0.0000,0.0258,0.0000,200,2.0894
0.0265,0.0000,0.0000,0.0000,0.0264,0.0000,200,2.0894
0.0152,0.0000,0.0000,0.0000,0.0152,0.0000,200,2.1011
0.0254,0.0000,0.0000,0.0000,0.0253,0.0001,200,2.0916
0.0157,0.0000,0.0000,0.0000,0.0156,0.0000,200,2.1016
0.0378,0.0000,0.0000,0.0000,0.0378,0.0000,200,2.0801
0.0443,0.0000,0.0000,0.0001,0.0442,0.0000,200,2.0741
0.0297,0.0000,0.0000,0.0000,0.0297,0.0000,200,2.0893
0.0111,0.0000,0.0000,0.0000,0.0110,0.0000,200,2.1083
0.0141,0.0000,0.0000,0.0000,0.0140,0.0000,200,2.1061
0.0223,0.0000,0.0000,0.0000,0.0222,0.0001,200,2.0979
0.0088,0.0000,0.0000,0.0000,0.0088,0.0000,200,2.1117
0.0259,0.0000,0.0000,0.0000,0.0258,0.0001,200,2.0951
0.0040,0.0000,0.0000,0.0000,0.0040,0.0000,200,2.1173
0.0182,0.0000,0.0000,0.0000,0.0180,0.0001,200,2.1035
0.0354,0.0000,0.0000,0.0000,0.0353,0.0001,200,2.0869
0.0122,0.0000,0.0000,0.0001,0.0120,0.0000,200,2.1104
0.0122,0.0000,0.0000,0.0000,0.0120,0.0002,200,2.1110
0.0099,0.0000,0.0000,0.0000,0.0099,0.0000,200,2.1137
0.0106,0.0000,0.0000,0.0000,0.0105,0.0000,200,2.1133
0.0357,0.0000,0.0000,0.0000,0.0356,0.0000,200,2.0893
0.0406,0.0000,0.0000,0.0000,0.0405,0.0000,200,2.0850
0.0185,0.0000,0.0000,0.0000,0.0183,0.0001,200,2.1074
0.0130,0.0000,0.0000,0.0000,0.0129,0.0000,200,2.1133
0.0040,0.0000,0.0000,0.0000,0.0039,0.0001,200,2.1226
0.0036,0.0000,0.0000,0.0000,0.0034,0.0001,200,2.1233
0.0140,0.0000,0.0000,0.0000,0.0139,0.0000,200,2.1134
0.0069,0.0000,0.0000,0.0000,0.0068,0.0000,200,2.1213
0.0155,0.0000,0.0000,0.0000,0.0154,0.0001,200,2.1133
0.0296,0.0000,0.0000,0.0000,0.0289,0.0006,200,2.1001
0.0114,0.0000,0.0000,0.0000,0.0114,0.0000,200,2.1185
0.0498,0.0000,0.0000,0.0000,0.0497,0.0000,200,2.0807
0.0135,0.0000,0.0000,0.0000,0.0134,0.0000,200,2.1170
0.0382,0.0000,0.0000,0.0000,0.0382,0.0000,200,2.0927
0.0076,0.0000,0.0000,0.0000,0.0075,0.0000,200,2.1236
0.0401,0.0000,0.0000,0.0000,0.0400,0.0001,200,2.0918
0.0193,0.0000,0.0000,0.0000,0.0192,0.0000,200,2.1133
0.0129,0.0000,0.0000,0.0000,0.0129,0.0000,200,2.1202
0.0095,0.0000,0.0000,0.0000,0.0094,0.0000,200,2.1239
0.0195,0.0000,0.0000,0.0000,0.0194,0.0001,200,2.1145
0.0191,0.0000,0.0000,0.0000,0.0190,0.0000,200,2.1153
0.0453,0.0000,0.0000,0.0002,0.0449,0.0002,200,2.0895
0.0212,0.0000,0.0000,0.0000,0.0211,0.0000,200,2.1142
0.0152,0.0000,0.0000,0.0000,0.0151,0.0000,200,2.1202
0.0091,0.0000,0.0000,0.0000,0.0091,0.0000,200,2.1263
0.0073,0.0000,0.0000,0.0000,0.0072,0.0001,200,2.1283
0.0105,0.0000,0.0000,0.0000,0.0104,0.0001,200,2.1256
0.0106,0.0000,0.0000,0.0000,0.0105,0.0000,200,2.1259
0.0103,0.0000,0.0000,0.0002,0.0101,0.0000,200,2.1267
0.0035,0.0000,0.0000,0.0002,0.0032,0.0000,200,2.1344
0.0173,0.0000,0.0000,0.0000,0.0172,0.0000,200,2.1210
0.0058,0.0000,0.0000,0.0000,0.0056,0.0000,200,2.1332
0.0334,0.0000,0.0000,0.0001,0.0331,0.0000,200,2.1060
0.0234,0.0000,0.0000,0.0000,0.0234,0.0000,200,2.1163
0.0030,0.0000,0.0000,0.0000,0.0030,0.0000,200,2.1370
0.0201,0.0000,0.0000,0.0000,0.0199,0.0001,200,2.1206
0.0119,0.0000,0.0000,0.0000,0.0118,0.0001,200,2.1288
0.0163,0.0000,0.0000,0.0000,0.0162,0.0000,200,2.1250
0.0325,0.0000,0.0000,0.0009,0.0310,0.0001,200,2.1091
0.0092,0.0000,0.0000,0.0000,0.0091,0.0001,200,2.1326
0.0231,0.0000,0.0000,0.0000,0.0229,0.0001,200,2.1190
0.0373,0.0000,0.0000,0.0000,0.0372,0.0001,200,2.1051
0.0119,0.0000,0.0000,0.0000,0.0118,0.0001,200,2.1309
0.0092,0.0000,0.0000,0.0000,0.0081,0.0002,200,2.1340
0.0118,0.0000,0.0000,0.0000,0.0116,0.0001,200,2.1319
0.0265,0.0000,0.0000,0.0000,0.0265,0.0000,200,2.1179
0.0038,0.0000,0.0000,0.0000,0.0037,0.0000,200,2.1413
0.0103,0.0000,0.0000,0.0000,0.0102,0.0000,200,2.1348
0.0551,0.0000,0.0000,0.0000,0.0550,0.0000,200,2.0904
0.0106,0.0000,0.0000,0.0000,0.0105,0.0000,200,2.1354
0.0151,0.0000,0.0000,0.0000,0.0151,0.0000,200,2.1313
0.0254,0.0000,0.0000,0.0000,0.0251,0.0002,200,2.1216
0.0529,0.0000,0.0000,0.0000,0.0528,0.0000,200,2.0946
0.0258,0.0000,0.0000,0.0000,0.0258,0.0000,200,2.1222
0.0101,0.0000,0.0000,0.0000,0.0101,0.0000,200,2.1383
0.0330,0.0000,0.0000,0.0000,0.0329,0.0001,200,2.1159
0.0136,0.0000,0.0000,0.0000,0.0136,0.0000,200,2.1354
0.0068,0.0000,0.0000,0.0000,0.0067,0.0000,200,2.1432
0.0202,0.0000,0.0000,0.0000,0.0201,0.0001,200,2.1304
0.0519,0.0000,0.0000,0.0000,0.0517,0.0000,200,2.0994
0.0046,0.0000,0.0000,0.0000,0.0044,0.0001,200,2.1470
0.0219,0.0000,0.0000,0.0000,0.0218,0.0001,200,2.1305
0.0229,0.0000,0.0000,0.0001,0.0227,0.0001,200,2.1299
0.0017,0.0000,0.0000,0.0000,0.0017,0.0000,200,2.1513
0.0506,0.0000,0.0000,0.0001,0.0505,0.0000,200,2.1041
0.0031,0.0000,0.0000,0.0000,0.0031,0.0000,200,2.1516
0.0280,0.0000,0.0000,0.0000,0.0279,0.0000,200,2.1269
0.0193,0.0000,0.0000,0.0000,0.0181,0.0012,200,2.1356
0.0625,0.0000,0.0000,0.0000,0.0624,0.0000,200,2.0926
0.0220,0.0000,0.0000,0.0001,0.0218,0.0000,200,2.1334
0.0141,0.0000,0.0000,0.0000,0.0140,0.0001,200,2.1418
0.0162,0.0000,0.0000,0.0000,0.0162,0.0000,200,2.1398
0.0173,0.0000,0.0000,0.0000,0.0173,0.0000,200,2.1393
0.0382,0.0000,0.0000,0.0000,0.0381,0.0001,200,2.1194
0.0056,0.0000,0.0000,0.0000,0.0055,0.0000,200,2.1524
0.0169,0.0000,0.0000,0.0000,0.0168,0.0000,200,2.1421
0.0142,0.0000,0.0000,0.0000,0.0142,0.0000,200,2.1451
0.0191,0.0000,0.0000,0.0000,0.0190,0.0000,200,2.1407
0.0328,0.0000,0.0000,0.0000,0.0325,0.0001,200,2.1274
0.0199,0.0000,0.0000,0.0000,0.0198,0.0001,200,2.1406
0.0110,0.0000,0.0000,0.0000,0.0109,0.0000,200,2.1501
0.0169,0.0000,0.0000,0.0000,0.0168,0.0000,200,2.1464
0.0144,0.0000,0.0000,0.0000,0.0143,0.0000,200,2.1489
0.0066,0.0000,0.0000,0.0000,0.0066,0.0000,200,2.1567
0.0080,0.0000,0.0000,0.0000,0.0079,0.0000,200,2.1554
0.0280,0.0000,0.0000,0.0000,0.0279,0.0000,200,2.1354
0.0086,0.0000,0.0000,0.0000,0.0085,0.0000,200,2.1549
0.0046,0.0000,0.0000,0.0000,0.0046,0.0000,200,2.1593
0.0911,0.0000,0.0000,0.0000,0.0910,0.0000,200,2.0733
0.0190,0.0000,0.0000,0.0000,0.0189,0.0001,200,2.1460
0.0069,0.0000,0.0000,0.0000,0.0069,0.0000,200,2.1590
0.0282,0.0000,0.0000,0.0000,0.0280,0.0002,200,2.1379
0.0217,0.0000,0.0000,0.0000,0.0213,0.0003,200,2.1445
0.0188,0.0000,0.0000,0.0000,0.0187,0.0000,200,2.1481
0.0284,0.0000,0.0000,0.0000,0.0284,0.0000,200,2.1389
0.0129,0.0000,0.0000,0.0000,0.0126,0.0001,200,2.1551
0.0107,0.0000,0.0000,0.0000,0.0107,0.0000,200,2.1576
0.0261,0.0000,0.0000,0.0000,0.0259,0.0000,200,2.1428
0.0094,0.0000,0.0000,0.0000,0.0088,0.0006,200,2.1598
0.0057,0.0000,0.0000,0.0000,0.0056,0.0000,200,2.1639
0.0227,0.0000,0.0000,0.0000,0.0227,0.0001,200,2.1475
0.0104,0.0000,0.0000,0.0000,0.0103,0.0000,200,2.1602
0.0105,0.0000,0.0000,0.0000,0.0104,0.0000,200,2.1606
0.0227,0.0000,0.0000,0.0001,0.0226,0.0000,200,2.1491
0.0217,0.0000,0.0000,0.0001,0.0214,0.0000,200,2.1506
0.0084,0.0000,0.0000,0.0000,0.0083,0.0000,200,2.1644
0.0027,0.0000,0.0000,0.0000,0.0027,0.0000,200,2.1706
0.0105,0.0000,0.0000,0.0000,0.0104,0.0001,200,2.1633
0.0195,0.0000,0.0000,0.0000,0.0193,0.0002,200,2.1548
0.0112,0.0000,0.0000,0.0000,0.0112,0.0000,200,2.1634
0.0055,0.0000,0.0000,0.0000,0.0054,0.0000,200,2.1696
0.0302,0.0000,0.0000,0.0000,0.0302,0.0000,200,2.1455
0.0701,0.0000,0.0000,0.0000,0.0700,0.0000,200,2.1067
0.0221,0.0000,0.0000,0.0000,0.0214,0.0006,200,2.1548
0.0140,0.0000,0.0000,0.0000,0.0139,0.0000,200,2.1633
0.0487,0.0000,0.0000,0.0000,0.0486,0.0000,200,2.1297
0.0360,0.0000,0.0000,0.0000,0.0359,0.0000,200,2.1425
0.1082,0.0000,0.0000,0.0000,0.1081,0.0001,200,2.0706
0.0115,0.0000,0.0000,0.0000,0.0114,0.0000,200,2.1680
0.0089,0.0000,0.0000,0.0000,0.0088,0.0001,200,2.1711
0.0036,0.0000,0.0000,0.0000,0.0035,0.0000,200,2.1768
0.0356,0.0000,0.0000,0.0000,0.0355,0.0000,200,2.1451
0.0233,0.0000,0.0000,0.0000,0.0232,0.0001,200,2.1579
0.0156,0.0000,0.0000,0.0000,0.0155,0.0000,200,2.1659
0.0137,0.0000,0.0000,0.0000,0.0136,0.0001,200,2.1684
0.0263,0.0000,0.0000,0.0000,0.0259,0.0000,200,2.1560
0.0425,0.0000,0.0000,0.0001,0.0423,0.0001,200,2.1400
0.0166,0.0000,0.0000,0.0000,0.0164,0.0001,200,2.1668
0.0310,0.0000,0.0000,0.0000,0.0309,0.0000,200,2.1530
0.0298,0.0000,0.0000,0.0000,0.0297,0.0001,200,2.1549
0.0081,0.0000,0.0000,0.0000,0.0080,0.0000,200,2.1768
0.0029,0.0000,0.0000,0.0000,0.0026,0.0000,200,2.1825
0.0225,0.0000,0.0000,0.0000,0.0224,0.0001,200,2.1633
0.0252,0.0000,0.0000,0.0000,0.0251,0.0000,200,2.1611
0.0123,0.0000,0.0000,0.0000,0.0123,0.0000,200,2.1742
0.0431,0.0000,0.0000,0.0000,0.0430,0.0000,200,2.1437
0.0141,0.0000,0.0000,0.0000,0.0140,0.0001,200,2.1733
0.0355,0.0000,0.0000,0.0000,0.0350,0.0004,200,2.1530
0.0090,0.0000,0.0000,0.0000,0.0089,0.0000,200,2.1795
0.0255,0.0000,0.0000,0.0000,0.0255,0.0000,200,2.1635
0.0534,0.0000,0.0000,0.0000,0.0533,0.0000,200,2.1364
0.0541,0.0000,0.0000,0.0000,0.0539,0.0000,200,2.1361
0.0348,0.0000,0.0000,0.0000,0.0347,0.0001,200,2.1559
0.0027,0.0000,0.0000,0.0000,0.0026,0.0000,200,2.1884
0.0166,0.0000,0.0000,0.0000,0.0165,0.0000,200,2.1751
0.0228,0.0000,0.0000,0.0000,0.0224,0.0001,200,2.1692
0.0142,0.0000,0.0000,0.0000,0.0141,0.0000,200,2.1784
0.0125,0.0000,0.0000,0.0000,0.0124,0.0000,200,2.1804
0.0094,0.0000,0.0000,0.0001,0.0093,0.0001,200,2.1839
0.0078,0.0000,0.0000,0.0000,0.0050,0.0027,200,2.1885
0.0117,0.0000,0.0000,0.0000,0.0116,0.0000,200,2.1847
0.0109,0.0000,0.0000,0.0000,0.0109,0.0000,200,2.1854
0.0226,0.0000,0.0000,0.0001,0.0223,0.0000,200,2.1738
0.0275,0.0000,0.0000,0.0000,0.0274,0.0000,200,2.1689
0.0074,0.0000,0.0000,0.0000,0.0074,0.0000,200,2.1890
0.0192,0.0000,0.0000,0.0000,0.0191,0.0000,200,2.1773
0.0036,0.0000,0.0000,0.0000,0.0036,0.0000,200,2.1929
0.0242,0.0000,0.0000,0.0000,0.0242,0.0000,200,2.1723
0.0103,0.0000,0.0000,0.0000,0.0101,0.0001,200,2.1863
0.0045,0.0000,0.0000,0.0000,0.0044,0.0000,200,2.1921
0.0164,0.0000,0.0000,0.0000,0.0161,0.0003,200,2.1806
0.0310,0.0000,0.0000,0.0000,0.0309,0.0000,200,2.1662
0.0187,0.0000,0.0000,0.0000,0.0186,0.0000,200,2.1789
0.0277,0.0000,0.0000,0.0000,0.0276,0.0000,200,2.1702
0.0126,0.0000,0.0000,0.0000,0.0124,0.0002,200,2.1858
0.0082,0.0000,0.0000,0.0000,0.0082,0.0000,200,2.1907
0.0369,0.0000,0.0000,0.0000,0.0368,0.0000,200,2.1634
0.0257,0.0000,0.0000,0.0000,0.0256,0.0000,200,2.1746
0.0031,0.0000,0.0000,0.0000,0.0031,0.0000,200,2.1972
0.0092,0.0000,0.0000,0.0000,0.0091,0.0000,200,2.1911
0.0137,0.0000,0.0000,0.0000,0.0136,0.0001,200,2.1866
0.0088,0.0000,0.0000,0.0000,0.0088,0.0000,200,2.1916
0.0160,0.0000,0.0000,0.0000,0.0160,0.0000,200,2.1849
0.0049,0.0000,0.0000,0.0000,0.0048,0.0000,200,2.1965
0.0288,0.0000,0.0000,0.0000,0.0288,0.0000,200,2.1728
0.0058,0.0000,0.0000,0.0000,0.0058,0.0000,200,2.1964
0.0155,0.0000,0.0000,0.0000,0.0154,0.0000,200,2.1868
0.0208,0.0000,0.0000,0.0000,0.0207,0.0000,200,2.1820
0.0072,0.0000,0.0000,0.0000,0.0071,0.0000,200,2.1963
0.0632,0.0000,0.0000,0.0000,0.0632,0.0000,200,2.1416
0.0214,0.0000,0.0000,0.0004,0.0209,0.0000,200,2.1834
0.0236,0.0000,0.0000,0.0000,0.0235,0.0000,200,2.1812
0.0084,0.0000,0.0000,0.0000,0.0083,0.0000,200,2.1965
0.0090,0.0000,0.0000,0.0000,0.0090,0.0000,200,2.1965
0.0082,0.0000,0.0000,0.0000,0.0081,0.0001,200,2.1976
0.0242,0.0000,0.0000,0.0000,0.0240,0.0001,200,2.1822
0.0103,0.0000,0.0000,0.0000,0.0102,0.0000,200,2.1963
0.0135,0.0000,0.0000,0.0000,0.0135,0.0000,200,2.1933
0.0069,0.0000,0.0000,0.0000,0.0069,0.0000,200,2.2005
0.0076,0.0000,0.0000,0.0000,0.0075,0.0000,200,2.2003
0.0060,0.0000,0.0000,0.0000,0.0060,0.0000,200,2.2023
0.0072,0.0000,0.0000,0.0000,0.0071,0.0000,200,2.2013
0.0167,0.0000,0.0000,0.0000,0.0166,0.0000,200,2.1926
0.0034,0.0000,0.0000,0.0000,0.0033,0.0000,200,2.2067
0.0102,0.0000,0.0000,0.0000,0.0101,0.0000,200,2.2003
0.0047,0.0000,0.0000,0.0000,0.0046,0.0001,200,2.2064
0.0215,0.0000,0.0000,0.0000,0.0215,0.0000,200,2.1898
0.0150,0.0000,0.0000,0.0000,0.0150,0.0000,200,2.1970
0.0077,0.0000,0.0000,0.0000,0.0076,0.0000,200,2.2048
0.0329,0.0000,0.0000,0.0000,0.0328,0.0000,200,2.1800
0.0092,0.0000,0.0000,0.0000,0.0092,0.0000,200,2.2049
0.0490,0.0000,0.0000,0.0000,0.0490,0.0000,200,2.1651
0.0123,0.0000,0.0000,0.0000,0.0123,0.0000,200,2.2023
0.0186,0.0000,0.0000,0.0000,0.0186,0.0001,200,2.1964
0.0037,0.0000,0.0000,0.0000,0.0036,0.0000,200,2.2121
0.0032,0.0000,0.0000,0.0000,0.0031,0.0000,200,2.2130
0.0141,0.0000,0.0000,0.0000,0.0141,0.0000,200,2.2028
0.0016,0.0000,0.0000,0.0000,0.0016,0.0000,200,2.2157
0.0464,0.0000,0.0000,0.0000,0.0463,0.0000,200,2.1718
0.0138,0.0000,0.0000,0.0000,0.0138,0.0000,200,2.2048
0.0144,0.0000,0.0000,0.0002,0.0141,0.0001,200,2.2048
0.0232,0.0000,0.0000,0.0000,0.0232,0.0001,200,2.1964
0.0196,0.0000,0.0000,0.0000,0.0195,0.0000,200,2.2003
0.0099,0.0000,0.0000,0.0000,0.0098,0.0000,200,2.2105
0.0109,0.0000,0.0000,0.0000,0.0107,0.0002,200,2.2101
0.0069,0.0000,0.0000,0.0000,0.0069,0.0000,200,2.2141
0.0236,0.0000,0.0000,0.0000,0.0235,0.0000,200,2.1979
0.0149,0.0000,0.0000,0.0000,0.0148,0.0001,200,2.2069
0.0146,0.0000,0.0000,0.0000,0.0146,0.0000,200,2.2079
0.0268,0.0000,0.0000,0.0000,0.0267,0.0000,200,2.1963
0.0061,0.0000,0.0000,0.0000,0.0060,0.0000,200,2.2174
0.0081,0.0000,0.0000,0.0000,0.0079,0.0001,200,2.2161
0.0132,0.0000,0.0000,0.0000,0.0131,0.0000,200,2.2111
0.0165,0.0000,0.0000,0.0000,0.0164,0.0001,200,2.2085
0.0194,0.0000,0.0000,0.0000,0.0192,0.0000,200,2.2058
0.0219,0.0000,0.0000,0.0000,0.0218,0.0000,200,2.2035
0.0057,0.0000,0.0000,0.0000,0.0056,0.0000,200,2.2199
0.0093,0.0000,0.0000,0.0000,0.0093,0.0000,200,2.2169
0.0085,0.0000,0.0000,0.0000,0.0084,0.0000,200,2.2181
0.0028,0.0000,0.0000,0.0000,0.0027,0.0000,200,2.2242
0.0289,0.0000,0.0000,0.0000,0.0288,0.0000,200,2.1984
0.0200,0.0000,0.0000,0.0000,0.0198,0.0002,200,2.2083
0.0288,0.0000,0.0000,0.0000,0.0287,0.0000,200,2.2003
0.0025,0.0000,0.0000,0.0001,0.0024,0.0000,200,2.2270
0.0626,0.0000,0.0000,0.0000,0.0625,0.0001,200,2.1674
0.0159,0.0000,0.0000,0.0000,0.0158,0.0001,200,2.2146
0.0171,0.0000,0.0000,0.0000,0.0168,0.0003,200,2.2141
0.0411,0.0000,0.0000,0.0000,0.0410,0.0001,200,2.1902
0.0298,0.0000,0.0000,0.0000,0.0298,0.0000,200,2.2017
0.0068,0.0000,0.0000,0.0000,0.0067,0.0000,200,2.2252
0.0137,0.0000,0.0000,0.0000,0.0136,0.0000,200,2.2186
0.0092,0.0000,0.0000,0.0000,0.0091,0.0000,200,2.2234
0.0029,0.0000,0.0000,0.0000,0.0019,0.0008,200,2.2312
0.0377,0.0000,0.0000,0.0000,0.0376,0.0000,200,2.1964
0.0119,0.0000,0.0000,0.0000,0.0117,0.0001,200,2.2225
0.0275,0.0000,0.0000,0.0000,0.0274,0.0000,200,2.2074
0.0062,0.0000,0.0000,0.0000,0.0062,0.0000,200,2.2291
0.0147,0.0000,0.0000,0.0000,0.0146,0.0000,200,2.2210
0.0136,0.0000,0.0000,0.0000,0.0136,0.0000,200,2.2231
0.0058,0.0000,0.0000,0.0000,0.0057,0.0001,200,2.2313
0.0415,0.0000,0.0000,0.0000,0.0415,0.0000,200,2.1963
0.0269,0.0000,0.0000,0.0000,0.0268,0.0001,200,2.2114
0.0381,0.0000,0.0000,0.0000,0.0376,0.0001,200,2.2010
0.0244,0.0000,0.0000,0.0000,0.0242,0.0002,200,2.2151
0.0126,0.0000,0.0000,0.0000,0.0125,0.0001,200,2.2273
0.0101,0.0000,0.0000,0.0000,0.0098,0.0002,200,2.2305
0.0058,0.0000,0.0000,0.0000,0.0057,0.0000,200,2.2349
0.0056,0.0000,0.0000,0.0000,0.0056,0.0000,200,2.2357
0.0198,0.0000,0.0000,0.0000,0.0198,0.0000,200,2.2218
0.0178,0.0000,0.0000,0.0000,0.0177,0.0000,200,2.2243
0.0308,0.0000,0.0000,0.0000,0.0300,0.0008,200,2.2125
0.0183,0.0000,0.0000,0.0000,0.0182,0.0000,200,2.2250
0.0093,0.0000,0.0000,0.0000,0.0092,0.0000,200,2.2341
0.0033,0.0000,0.0000,0.0000,0.0032,0.0001,200,2.2407
0.0148,0.0000,0.0000,0.0000,0.0147,0.0000,200,2.2295
0.0148,0.0000,0.0000,0.0000,0.0147,0.0001,200,2.2299
0.0249,0.0000,0.0000,0.0000,0.0248,0.0001,200,2.2204
0.0137,0.0000,0.0000,0.0000,0.0137,0.0000,200,2.2320
0.0081,0.0000,0.0000,0.0000,0.0079,0.0000,200,2.2383
0.0089,0.0000,0.0000,0.0000,0.0088,0.0000,200,2.2378
0.0494,0.0000,0.0000,0.0000,0.0493,0.0000,200,2.1989
0.0140,0.0000,0.0000,0.0000,0.0139,0.0000,200,2.2344
0.0113,0.0000,0.0000,0.0001,0.0111,0.0000,200,2.2371
0.0084,0.0000,0.0000,0.0000,0.0083,0.0000,200,2.2400
0.0073,0.0000,0.0000,0.0000,0.0072,0.0001,200,2.2416
0.0622,0.0000,0.0000,0.0000,0.0621,0.0001,200,2.1875
0.0290,0.0000,0.0000,0.0000,0.0290,0.0000,200,2.2210
0.0164,0.0000,0.0000,0.0000,0.0163,0.0000,200,2.2341
0.0198,0.0000,0.0000,0.0000,0.0196,0.0001,200,2.2315
0.0030,0.0000,0.0000,0.0000,0.0030,0.0000,200,2.2483
0.0251,0.0000,0.0000,0.0000,0.0251,0.0000,200,2.2266
0.0130,0.0000,0.0000,0.0002,0.0127,0.0000,200,2.2390
0.0203,0.0000,0.0000,0.0000,0.0202,0.0000,200,2.2323
0.0016,0.0000,0.0000,0.0000,0.0015,0.0000,200,2.2513
0.0273,0.0000,0.0000,0.0000,0.0272,0.0000,200,2.2262
0.0214,0.0000,0.0000,0.0000,0.0213,0.0001,200,2.2326
0.0064,0.0000,0.0000,0.0000,0.0063,0.0000,200,2.2483
0.0048,0.0000,0.0000,0.0000,0.0047,0.0000,200,2.2505
0.0024,0.0000,0.0000,0.0000,0.0022,0.0001,200,2.2535
0.0114,0.0000,0.0000,0.0000,0.0113,0.0001,200,2.2447
0.0132,0.0000,0.0000,0.0002,0.0129,0.0000,200,2.2434
0.0218,0.0000,0.0000,0.0000,0.0217,0.0000,200,2.2353
0.0119,0.0000,0.0000,0.0000,0.0119,0.0000,200,2.2458
0.0040,0.0000,0.0000,0.0000,0.0037,0.0000,200,2.2541
0.0154,0.0000,0.0000,0.0000,0.0153,0.0000,200,2.2433
0.0070,0.0000,0.0000,0.0000,0.0069,0.0001,200,2.2520
0.0340,0.0000,0.0000,0.0000,0.0339,0.0001,200,2.2256
0.0106,0.0000,0.0000,0.0000,0.0106,0.0000,200,2.2497
0.0201,0.0000,0.0000,0.0000,0.0200,0.0000,200,2.2413
0.0156,0.0000,0.0000,0.0000,0.0155,0.0000,200,2.2464
0.0065,0.0000,0.0000,0.0001,0.0064,0.0000,200,2.2561
0.0102,0.0000,0.0000,0.0000,0.0101,0.0001,200,2.2528
0.0151,0.0000,0.0000,0.0000,0.0149,0.0002,200,2.2484
0.0210,0.0000,0.0000,0.0000,0.0209,0.0001,200,2.2434
0.0118,0.0000,0.0000,0.0000,0.0114,0.0003,200,2.2529
0.0033,0.0000,0.0000,0.0000,0.0029,0.0004,200,2.2614
0.0372,0.0000,0.0000,0.0000,0.0371,0.0001,200,2.2284
0.0179,0.0000,0.0000,0.0000,0.0176,0.0003,200,2.2484
0.0243,0.0000,0.0000,0.0000,0.0243,0.0000,200,2.2421
0.0113,0.0000,0.0000,0.0000,0.0112,0.0001,200,2.2554
0.0091,0.0000,0.0000,0.0000,0.0083,0.0008,200,2.2590
0.0110,0.0000,0.0000,0.0000,0.0109,0.0000,200,2.2571
0.0123,0.0000,0.0000,0.0000,0.0122,0.0000,200,2.2559
0.0087,0.0000,0.0000,0.0000,0.0086,0.0000,200,2.2596
0.0236,0.0000,0.0000,0.0000,0.0236,0.0000,200,2.2453
0.0109,0.0000,0.0000,0.0000,0.0107,0.0002,200,2.2586
0.0074,0.0000,0.0000,0.0000,0.0074,0.0000,200,2.2626
0.0156,0.0000,0.0000,0.0000,0.0155,0.0000,200,2.2547
0.0311,0.0000,0.0000,0.0000,0.0310,0.0000,200,2.2395
0.0067,0.0000,0.0000,0.0001,0.0065,0.0001,200,2.2645
0.0227,0.0000,0.0000,0.0000,0.0224,0.0003,200,2.2489
0.0141,0.0000,0.0000,0.0000,0.0140,0.0000,200,2.2577
0.0027,0.0000,0.0000,0.0000,0.0026,0.0000,200,2.2696
0.0125,0.0000,0.0000,0.0000,0.0123,0.0001,200,2.2604
0.0034,0.0000,0.0000,0.0000,0.0034,0.0000,200,2.2706
0.0085,0.0000,0.0000,0.0000,0.0085,0.0000,200,2.2656
0.0278,0.0000,0.0000,0.0000,0.0277,0.0000,200,2.2467
0.0085,0.0000,0.0000,0.0000,0.0084,0.0000,200,2.2663
0.0117,0.0000,0.0000,0.0002,0.0110,0.0001,200,2.2635
0.0075,0.0000,0.0000,0.0000,0.0073,0.0001,200,2.2681
0.0242,0.0000,0.0000,0.0000,0.0240,0.0001,200,2.2517
0.0115,0.0000,0.0000,0.0001,0.0112,0.0001,200,2.2647
0.0041,0.0000,0.0000,0.0000,0.0040,0.0000,200,2.2723
0.0376,0.0000,0.0000,0.0000,0.0376,0.0000,200,2.2407
0.0118,0.0000,0.0000,0.0000,0.0118,0.0000,200,2.2664
0.0082,0.0000,0.0000,0.0000,0.0080,0.0000,200,2.2701
0.0530,0.0000,0.0000,0.0000,0.0529,0.0000,200,2.2254
0.0073,0.0000,0.0000,0.0000,0.0070,0.0000,200,2.2711
0.0270,0.0000,0.0000,0.0000,0.0269,0.0000,200,2.2514
0.0103,0.0000,0.0000,0.0000,0.0101,0.0000,200,2.2681
0.0101,0.0000,0.0000,0.0000,0.0101,0.0000,200,2.2683
0.0024,0.0000,0.0000,0.0000,0.0023,0.0000,200,2.2764
0.0106,0.0000,0.0000,0.0000,0.0105,0.0000,200,2.2689
0.0052,0.0000,0.0000,0.0000,0.0051,0.0000,200,2.2748
0.0178,0.0000,0.0000,0.0000,0.0178,0.0000,200,2.2630
0.0028,0.0000,0.0000,0.0000,0.0027,0.0000,200,2.2784
0.0037,0.0000,0.0000,0.0000,0.0035,0.0002,200,2.2783
0.0086,0.0000,0.0000,0.0000,0.0085,0.0000,200,2.2741
0.0045,0.0000,0.0000,0.0000,0.0038,0.0007,200,2.2784
0.0046,0.0000,0.0000,0.0000,0.0045,0.0000,200,2.2784
0.0107,0.0000,0.0000,0.0000,0.0107,0.0000,200,2.2729
0.0121,0.0000,0.0000,0.0000,0.0121,0.0000,200,2.2718
0.0103,0.0000,0.0000,0.0000,0.0102,0.0000,200,2.2740
0.0028,0.0000,0.0000,0.0000,0.0028,0.0000,200,2.2820
0.0034,0.0000,0.0000,0.0000,0.0025,0.0009,200,2.2827
0.0075,0.0000,0.0000,0.0000,0.0074,0.0000,200,2.2788
0.0161,0.0000,0.0000,0.0000,0.0160,0.0000,200,2.2703
0.0119,0.0000,0.0000,0.0000,0.0118,0.0001,200,2.2745
0.0154,0.0000,0.0000,0.0000,0.0154,0.0000,200,2.2718
0.0096,0.0000,0.0000,0.0000,0.0095,0.0001,200,2.2783
0.0095,0.0000,0.0000,0.0000,0.0095,0.0000,200,2.2784
0.0020,0.0000,0.0000,0.0000,0.0020,0.0000,200,2.2864
0.0042,0.0000,0.0000,0.0000,0.0042,0.0000,200,2.2843
0.0103,0.0000,0.0000,0.0000,0.0102,0.0000,200,2.2800
0.0108,0.0000,0.0000,0.0000,0.0108,0.0000,200,2.2795
0.0282,0.0000,0.0000,0.0000,0.0282,0.0000,200,2.2620
0.0149,0.0000,0.0000,0.0000,0.0147,0.0002,200,2.2756
0.0076,0.0000,0.0000,0.0000,0.0075,0.0000,200,2.2830
0.0039,0.0000,0.0000,0.0000,0.0038,0.0001,200,2.2872
0.0053,0.0000,0.0000,0.0000,0.0052,0.0001,200,2.2864
0.0173,0.0000,0.0000,0.0000,0.0172,0.0000,200,2.2752
0.0028,0.0000,0.0000,0.0000,0.0027,0.0000,200,2.2903
0.0101,0.0000,0.0000,0.0000,0.0099,0.0001,200,2.2836
0.0030,0.0000,0.0000,0.0001,0.0028,0.0000,200,2.2911
0.0161,0.0000,0.0000,0.0000,0.0161,0.0000,200,2.2784
0.0032,0.0000,0.0000,0.0000,0.0032,0.0000,200,2.2917
0.0113,0.0000,0.0000,0.0000,0.0112,0.0001,200,2.2839
0.0075,0.0000,0.0000,0.0000,0.0074,0.0000,200,2.2879
0.0095,0.0000,0.0000,0.0000,0.0094,0.0000,200,2.2862
0.0037,0.0000,0.0000,0.0000,0.0036,0.0001,200,2.2925
0.0153,0.0000,0.0000,0.0000,0.0152,0.0000,200,2.2812
0.0122,0.0000,0.0000,0.0000,0.0121,0.0001,200,2.2849
0.0088,0.0000,0.0000,0.0000,0.0087,0.0001,200,2.2886
0.0329,0.0000,0.0000,0.0001,0.0327,0.0000,200,2.2646
0.0218,0.0000,0.0000,0.0017,0.0197,0.0000,200,2.2762
0.0032,0.0000,0.0000,0.0001,0.0030,0.0000,200,2.2954
0.0113,0.0000,0.0000,0.0000,0.0112,0.0001,200,2.2879
0.0236,0.0000,0.0000,0.0000,0.0235,0.0001,200,2.2760
0.0062,0.0000,0.0000,0.0000,0.0061,0.0001,200,2.2937
0.0057,0.0000,0.0000,0.0000,0.0056,0.0001,200,2.2946
0.0102,0.0000,0.0000,0.0000,0.0101,0.0000,200,2.2903
0.0204,0.0000,0.0000,0.0000,0.0203,0.0000,200,2.2809
0.0017,0.0000,0.0000,0.0000,0.0016,0.0001,200,2.2998
0.0087,0.0000,0.0000,0.0000,0.0086,0.0001,200,2.2931
0.0238,0.0000,0.0000,0.0000,0.0237,0.0000,200,2.2783
0.0031,0.0000,0.0000,0.0000,0.0030,0.0000,200,2.2992
0.0198,0.0000,0.0000,0.0000,0.0196,0.0001,200,2.2828
0.0094,0.0000,0.0000,0.0000,0.0093,0.0001,200,2.2941
0.0136,0.0000,0.0000,0.0000,0.0135,0.0000,200,2.2905
0.0049,0.0000,0.0000,0.0000,0.0048,0.0000,200,2.2996
0.0035,0.0000,0.0000,0.0000,0.0034,0.0000,200,2.3015
0.0027,0.0000,0.0000,0.0000,0.0027,0.0000,200,2.3035
0.0087,0.0000,0.0000,0.0000,0.0087,0.0000,200,2.2976
0.0045,0.0000,0.0000,0.0000,0.0044,0.0000,200,2.3018
0.0058,0.0000,0.0000,0.0000,0.0058,0.0000,200,2.3005
0.0084,0.0000,0.0000,0.0000,0.0082,0.0001,200,2.2980
0.0082,0.0000,0.0000,0.0000,0.0082,0.0000,200,2.2986
0.0052,0.0000,0.0000,0.0000,0.0052,0.0000,200,2.3021
0.0123,0.0000,0.0000,0.0000,0.0123,0.0000,200,2.2952
0.0113,0.0000,0.0000,0.0000,0.0112,0.0000,200,2.2965
0.0129,0.0000,0.0000,0.0002,0.0127,0.0000,200,2.2957
0.0188,0.0000,0.0000,0.0000,0.0187,0.0000,200,2.2903
0.0122,0.0000,0.0000,0.0000,0.0122,0.0000,200,2.2974
0.0076,0.0000,0.0000,0.0000,0.0074,0.0002,200,2.3027
0.0083,0.0000,0.0000,0.0000,0.0083,0.0000,200,2.3023
0.0209,0.0000,0.0000,0.0000,0.0209,0.0000,200,2.2905
0.0052,0.0000,0.0000,0.0000,0.0051,0.0000,200,2.3063
0.0027,0.0000,0.0000,0.0000,0.0026,0.0000,200,2.3091
0.0069,0.0000,0.0000,0.0000,0.0069,0.0000,200,2.3050
0.0015,0.0000,0.0000,0.0000,0.0014,0.0000,200,2.3106
0.0064,0.0000,0.0000,0.0000,0.0063,0.0000,200,2.3063
0.0066,0.0000,0.0000,0.0000,0.0066,0.0000,200,2.3063
0.0055,0.0000,0.0000,0.0000,0.0055,0.0000,200,2.3078
0.0077,0.0000,0.0000,0.0001,0.0075,0.0001,200,2.3064
0.0033,0.0000,0.0000,0.0000,0.0033,0.0000,200,2.3119
0.0038,0.0000,0.0000,0.0000,0.0037,0.0000,200,2.3114
0.0084,0.0000,0.0000,0.0000,0.0083,0.0000,200,2.3073
0.0057,0.0000,0.0000,0.0000,0.0056,0.0000,200,2.3103
0.0081,0.0000,0.0000,0.0000,0.0080,0.0000,200,2.3086
0.0102,0.0000,0.0000,0.0000,0.0102,0.0000,200,2.3068
0.0022,0.0000,0.0000,0.0000,0.0021,0.0000,200,2.3152
0.0055,0.0000,0.0000,0.0000,0.0054,0.0000,200,2.3127
0.0066,0.0000,0.0000,0.0000,0.0065,0.0000,200,2.3121
0.0015,0.0000,0.0000,0.0000,0.0014,0.0001,200,2.3175
0.0027,0.0000,0.0000,0.0000,0.0026,0.0001,200,2.3167
0.0080,0.0000,0.0000,0.0000,0.0079,0.0001,200,2.3118
0.0021,0.0000,0.0000,0.0002,0.0018,0.0000,200,2.3181
0.0036,0.0000,0.0000,0.0000,0.0034,0.0000,200,2.3170
0.0078,0.0000,0.0000,0.0000,0.0077,0.0001,200,2.3134
0.0063,0.0000,0.0000,0.0000,0.0062,0.0000,200,2.3152
0.0064,0.0000,0.0000,0.0000,0.0063,0.0000,200,2.3160
0.0035,0.0000,0.0000,0.0000,0.0035,0.0000,200,2.3190
0.0069,0.0000,0.0000,0.0000,0.0068,0.0000,200,2.3158
0.0035,0.0000,0.0000,0.0000,0.0034,0.0000,200,2.3198
0.0048,0.0000,0.0000,0.0000,0.0048,0.0000,200,2.3187
0.0126,0.0000,0.0000,0.0000,0.0125,0.0000,200,2.3115
0.0021,0.0000,0.0000,0.0000,0.0020,0.0000,200,2.3224
0.0112,0.0000,0.0000,0.0000,0.0111,0.0000,200,2.3141
0.0041,0.0000,0.0000,0.0000,0.0040,0.0000,200,2.3233
0.0079,0.0000,0.0000,0.0000,0.0078,0.0000,200,2.3194
0.0047,0.0000,0.0000,0.0000,0.0046,0.0000,200,2.3227
0.0040,0.0000,0.0000,0.0000,0.0038,0.0001,200,2.3236
0.0060,0.0000,0.0000,0.0000,0.0058,0.0001,200,2.3216
0.0023,0.0000,0.0000,0.0000,0.0023,0.0000,200,2.3252
0.0075,0.0000,0.0000,0.0000,0.0072,0.0003,200,2.3202
0.0053,0.0000,0.0000,0.0000,0.0049,0.0004,200,2.3225
0.0067,0.0000,0.0000,0.0000,0.0062,0.0005,200,2.3212
0.0074,0.0000,0.0000,0.0000,0.0074,0.0000,200,2.3206
0.0014,0.0000,0.0000,0.0000,0.0013,0.0000,200,2.3274
0.0015,0.0000,0.0000,0.0000,0.0014,0.0000,200,2.3277
0.0018,0.0000,0.0000,0.0000,0.0015,0.0000,200,2.3278
0.0027,0.0000,0.0000,0.0000,0.0026,0.0000,200,2.3276
0.0028,0.0000,0.0000,0.0000,0.0028,0.0000,200,2.3281
0.0068,0.0000,0.0000,0.0000,0.0067,0.0001,200,2.3246
0.0037,0.0000,0.0000,0.0000,0.0034,0.0001,200,2.3279
0.0042,0.0000,0.0000,0.0000,0.0041,0.0000,200,2.3275
0.0050,0.0000,0.0000,0.0000,0.0047,0.0003,200,2.3273
0.0022,0.0000,0.0000,0.0000,0.0021,0.0001,200,2.3303
0.0017,0.0000,0.0000,0.0000,0.0016,0.0001,200,2.3309
0.0014,0.0000,0.0000,0.0000,0.0013,0.0000,200,2.3316
0.0047,0.0000,0.0000,0.0000,0.0045,0.0001,200,2.3288
0.0017,0.0000,0.0000,0.0000,0.0016,0.0001,200,2.3323
0.0016,0.0000,0.0000,0.0000,0.0015,0.0000,200,2.3326
0.0006,0.0000,0.0000,0.0000,0.0005,0.0000,200,2.3341
0.0009,0.0000,0.0000,0.0000,0.0008,0.0001,200,2.3342
