response-time,DNS+dialup,DNS,Request-write,Response-delay,Response-read,status-code,offset
0.0033,0.0011,0.0000,0.0002,0.0018,0.0001,200,0.0053
0.0074,0.0026,0.0000,0.0026,0.0021,0.0000,200,0.0016
0.0042,0.0005,0.0000,0.0007,0.0030,0.0000,200,0.0050
0.0092,0.0020,0.0000,0.0037,0.0033,0.0001,200,0.0025
0.0063,0.0006,0.0000,0.0003,0.0053,0.0001,200,0.0056
0.0103,0.0027,0.0000,0.0038,0.0038,0.0000,200,0.0019
0.0068,0.0008,0.0000,0.0002,0.0057,0.0000,200,0.0055
0.0088,0.0024,0.0000,0.0006,0.0057,0.0000,200,0.0037
0.0098,0.0031,0.0000,0.0006,0.0060,0.0001,200,0.0029
0.0106,0.0017,0.0000,0.0038,0.0051,0.0000,200,0.0027
0.0119,0.0028,0.0000,0.0021,0.0070,0.0000,200,0.0018
0.0114,0.0021,0.0000,0.0037,0.0055,0.0000,200,0.0025
0.0113,0.0017,0.0000,0.0038,0.0058,0.0000,200,0.0026
0.0118,0.0026,0.0000,0.0006,0.0081,0.0000,200,0.0029
0.0089,0.0016,0.0000,0.0023,0.0047,0.0003,200,0.0080
0.0144,0.0022,0.0000,0.0049,0.0072,0.0000,200,0.0024
0.0152,0.0031,0.0000,0.0081,0.0039,0.0000,200,0.0020
0.0092,0.0012,0.0000,0.0022,0.0053,0.0005,200,0.0083
0.0168,0.0041,0.0000,0.0087,0.0034,0.0003,200,0.0011
0.0158,0.0028,0.0000,0.0044,0.0084,0.0001,200,0.0022
0.0063,0.0000,0.0000,0.0015,0.0047,0.0001,200,0.0124
0.0140,0.0000,0.0000,0.0000,0.0099,0.0001,200,0.0052
0.0179,0.0011,0.0000,0.0021,0.0139,0.0008,200,0.0027
0.0190,0.0000,0.0000,0.0001,0.0077,0.0000,200,0.0027
0.0118,0.0000,0.0000,0.0000,0.0117,0.0000,200,0.0098
0.0198,0.0031,0.0000,0.0075,0.0091,0.0001,200,0.0020
0.0169,0.0009,0.0000,0.0006,0.0154,0.0000,200,0.0049
0.0205,0.0028,0.0000,0.0048,0.0127,0.0002,200,0.0022
0.0054,0.0000,0.0000,0.0000,0.0053,0.0000,200,0.0179
0.0065,0.0000,0.0000,0.0005,0.0060,0.0000,200,0.0169
0.0198,0.0000,0.0000,0.0000,0.0151,0.0000,200,0.0042
0.0023,0.0000,0.0000,0.0000,0.0011,0.0000,200,0.0217
0.0237,0.0029,0.0000,0.0027,0.0177,0.0002,200,0.0011
0.0144,0.0000,0.0000,0.0000,0.0110,0.0005,200,0.0104
0.0078,0.0000,0.0000,0.0000,0.0076,0.0001,200,0.0180
0.0087,0.0000,0.0000,0.0000,0.0081,0.0002,200,0.0175
0.0195,0.0000,0.0000,0.0000,0.0170,0.0000,200,0.0069
0.0179,0.0005,0.0000,0.0006,0.0167,0.0000,200,0.0089
0.0131,0.0000,0.0000,0.0000,0.0130,0.0000,200,0.0139
0.0141,0.0000,0.0000,0.0001,0.0140,0.0000,200,0.0137
0.0136,0.0000,0.0000,0.0000,0.0134,0.0002,200,0.0147
0.0016,0.0000,0.0000,0.0000,0.0014,0.0000,200,0.0268
0.0040,0.0000,0.0000,0.0000,0.0040,0.0000,200,0.0248
0.0065,0.0000,0.0000,0.0000,0.0064,0.0000,200,0.0228
0.0035,0.0000,0.0000,0.0000,0.0034,0.0001,200,0.0264
0.0035,0.0000,0.0000,0.0000,0.0035,0.0000,200,0.0264
0.0084,0.0000,0.0000,0.0000,0.0083,0.0000,200,0.0217
0.0183,0.0000,0.0000,0.0000,0.0181,0.0002,200,0.0123
0.0297,0.0039,0.0000,0.0089,0.0168,0.0001,200,0.0012
0.0094,0.0000,0.0000,0.0000,0.0093,0.0000,200,0.0219
0.0027,0.0000,0.0000,0.0000,0.0026,0.0001,200,0.0288
0.0294,0.0035,0.0000,0.0003,0.0254,0.0002,200,0.0027
0.0105,0.0000,0.0000,0.0000,0.0101,0.0001,200,0.0218
0.0211,0.0000,0.0000,0.0000,0.0210,0.0000,200,0.0123
0.0321,0.0037,0.0000,0.0088,0.0193,0.0001,200,0.0012
0.0309,0.0016,0.0000,0.0037,0.0255,0.0001,200,0.0026
0.0249,0.0002,0.0000,0.0004,0.0243,0.0000,200,0.0091
0.0218,0.0000,0.0000,0.0000,0.0211,0.0001,200,0.0127
0.0187,0.0000,0.0000,0.0000,0.0186,0.0000,200,0.0168
0.0127,0.0000,0.0000,0.0000,0.0126,0.0000,200,0.0233
0.0337,0.0023,0.0000,0.0049,0.0263,0.0002,200,0.0024
0.0182,0.0000,0.0000,0.0000,0.0178,0.0003,200,0.0186
0.0285,0.0004,0.0000,0.0005,0.0275,0.0000,200,0.0090
0.0277,0.0000,0.0000,0.0000,0.0243,0.0000,200,0.0099
0.0172,0.0000,0.0000,0.0001,0.0158,0.0000,200,0.0206
0.0017,0.0000,0.0000,0.0000,0.0017,0.0000,200,0.0368
0.0247,0.0000,0.0000,0.0000,0.0246,0.0000,200,0.0139
0.0015,0.0000,0.0000,0.0000,0.0014,0.0000,200,0.0374
0.0087,0.0000,0.0000,0.0001,0.0084,0.0002,200,0.0306
0.0279,0.0000,0.0000,0.0000,0.0278,0.0001,200,0.0122
0.0030,0.0000,0.0000,0.0000,0.0028,0.0002,200,0.0377
0.0059,0.0000,0.0000,0.0000,0.0058,0.0000,200,0.0355
0.0113,0.0000,0.0000,0.0001,0.0112,0.0000,200,0.0300
0.0328,0.0009,0.0000,0.0020,0.0300,0.0000,200,0.0086
0.0101,0.0000,0.0000,0.0002,0.0099,0.0000,200,0.0316
0.0096,0.0000,0.0000,0.0000,0.0095,0.0000,200,0.0336
0.0241,0.0000,0.0000,0.0000,0.0240,0.0000,200,0.0191
0.0076,0.0000,0.0000,0.0004,0.0071,0.0000,200,0.0362
0.0411,0.0016,0.0000,0.0037,0.0358,0.0000,200,0.0027
0.0406,0.0024,0.0000,0.0006,0.0376,0.0000,200,0.0034
0.0269,0.0000,0.0000,0.0014,0.0248,0.0006,200,0.0172
0.0129,0.0000,0.0000,0.0000,0.0128,0.0001,200,0.0313
0.0054,0.0000,0.0000,0.0000,0.0053,0.0001,200,0.0393
0.0032,0.0000,0.0000,0.0000,0.0031,0.0000,200,0.0417
0.0072,0.0000,0.0000,0.0000,0.0071,0.0001,200,0.0386
0.0018,0.0000,0.0000,0.0000,0.0015,0.0002,200,0.0442
0.0148,0.0000,0.0000,0.0000,0.0146,0.0001,200,0.0323
0.0424,0.0004,0.0000,0.0003,0.0416,0.0000,200,0.0058
0.0154,0.0000,0.0000,0.0000,0.0150,0.0000,200,0.0340
0.0204,0.0000,0.0000,0.0000,0.0203,0.0001,200,0.0299
0.0422,0.0001,0.0000,0.0000,0.0420,0.0000,200,0.0092
0.0068,0.0000,0.0000,0.0000,0.0067,0.0001,200,0.0448
0.0072,0.0000,0.0000,0.0000,0.0072,0.0000,200,0.0448
0.0090,0.0000,0.0000,0.0000,0.0089,0.0001,200,0.0437
0.0105,0.0000,0.0000,0.0000,0.0103,0.0001,200,0.0433
0.0205,0.0000,0.0000,0.0000,0.0204,0.0000,200,0.0333
0.0304,0.0000,0.0000,0.0001,0.0300,0.0001,200,0.0240
0.0120,0.0000,0.0000,0.0000,0.0118,0.0001,200,0.0432
0.0157,0.0000,0.0000,0.0000,0.0156,0.0000,200,0.0407
0.0105,0.0000,0.0000,0.0000,0.0103,0.0000,200,0.0458
0.0204,0.0000,0.0000,0.0000,0.0204,0.0000,200,0.0359
0.0450,0.0005,0.0000,0.0001,0.0442,0.0000,200,0.0114
0.0492,0.0010,0.0000,0.0022,0.0459,0.0000,200,0.0085
0.0097,0.0000,0.0000,0.0000,0.0096,0.0000,200,0.0495
0.0271,0.0000,0.0000,0.0000,0.0268,0.0000,200,0.0321
0.0360,0.0000,0.0000,0.0001,0.0354,0.0000,200,0.0234
0.0067,0.0000,0.0000,0.0000,0.0065,0.0000,200,0.0527
0.0217,0.0000,0.0000,0.0000,0.0217,0.0000,200,0.0377
0.0325,0.0000,0.0000,0.0000,0.0324,0.0001,200,0.0270
0.0518,0.0014,0.0000,0.0023,0.0480,0.0001,200,0.0082
0.0214,0.0000,0.0000,0.0000,0.0214,0.0000,200,0.0390
0.0073,0.0000,0.0000,0.0000,0.0064,0.0004,200,0.0538
0.0049,0.0000,0.0000,0.0001,0.0047,0.0001,200,0.0563
0.0176,0.0000,0.0000,0.0000,0.0174,0.0001,200,0.0440
0.0216,0.0000,0.0000,0.0000,0.0214,0.0002,200,0.0401
0.0504,0.0003,0.0000,0.0002,0.0499,0.0000,200,0.0117
0.0380,0.0000,0.0000,0.0003,0.0373,0.0000,200,0.0249
0.0589,0.0013,0.0000,0.0006,0.0566,0.0002,200,0.0044
0.0019,0.0000,0.0000,0.0000,0.0017,0.0001,200,0.0618
0.0179,0.0000,0.0000,0.0000,0.0177,0.0001,200,0.0460
0.0228,0.0000,0.0000,0.0000,0.0227,0.0000,200,0.0414
0.0109,0.0000,0.0000,0.0004,0.0104,0.0001,200,0.0538
0.0052,0.0000,0.0000,0.0000,0.0051,0.0001,200,0.0599
0.0412,0.0000,0.0000,0.0006,0.0406,0.0000,200,0.0240
0.0365,0.0000,0.0000,0.0000,0.0361,0.0004,200,0.0299
0.0380,0.0000,0.0000,0.0000,0.0379,0.0001,200,0.0284
0.0108,0.0000,0.0000,0.0000,0.0107,0.0000,200,0.0563
0.0260,0.0000,0.0000,0.0000,0.0259,0.0001,200,0.0414
0.0029,0.0000,0.0000,0.0000,0.0022,0.0006,200,0.0647
0.0047,0.0000,0.0000,0.0000,0.0047,0.0000,200,0.0629
0.0400,0.0000,0.0000,0.0000,0.0398,0.0000,200,0.0283
0.0046,0.0000,0.0000,0.0000,0.0045,0.0001,200,0.0639
0.0177,0.0000,0.0000,0.0001,0.0174,0.0002,200,0.0516
0.0569,0.0000,0.0000,0.0001,0.0568,0.0000,200,0.0125
0.0213,0.0000,0.0000,0.0001,0.0210,0.0001,200,0.0482
0.0358,0.0000,0.0000,0.0000,0.0355,0.0000,200,0.0345
0.0062,0.0000,0.0000,0.0000,0.0061,0.0000,200,0.0642
0.0053,0.0000,0.0000,0.0000,0.0051,0.0000,200,0.0652
0.0146,0.0000,0.0000,0.0000,0.0141,0.0004,200,0.0563
0.0046,0.0000,0.0000,0.0000,0.0045,0.0000,200,0.0664
0.0629,0.0004,0.0000,0.0005,0.0620,0.0000,200,0.0089
0.0204,0.0000,0.0000,0.0006,0.0198,0.0000,200,0.0520
0.0705,0.0026,0.0000,0.0047,0.0631,0.0000,200,0.0023
0.0069,0.0000,0.0000,0.0001,0.0067,0.0001,200,0.0664
0.0189,0.0000,0.0000,0.0000,0.0188,0.0001,200,0.0544
0.0444,0.0000,0.0000,0.0000,0.0443,0.0000,200,0.0292
0.0136,0.0000,0.0000,0.0000,0.0135,0.0001,200,0.0604
0.0170,0.0000,0.0000,0.0000,0.0170,0.0000,200,0.0576
0.0135,0.0000,0.0000,0.0001,0.0133,0.0000,200,0.0612
0.0016,0.0000,0.0000,0.0000,0.0013,0.0001,200,0.0733
0.0073,0.0000,0.0000,0.0000,0.0072,0.0000,200,0.0676
0.0159,0.0000,0.0000,0.0000,0.0159,0.0000,200,0.0593
0.0484,0.0000,0.0000,0.0000,0.0478,0.0005,200,0.0278
0.0168,0.0000,0.0000,0.0000,0.0167,0.0000,200,0.0595
0.0059,0.0000,0.0000,0.0000,0.0053,0.0000,200,0.0703
0.0174,0.0000,0.0000,0.0000,0.0173,0.0000,200,0.0595
0.0208,0.0000,0.0000,0.0000,0.0207,0.0001,200,0.0563
0.0160,0.0000,0.0000,0.0000,0.0159,0.0000,200,0.0616
0.0371,0.0000,0.0000,0.0000,0.0368,0.0002,200,0.0414
0.0282,0.0000,0.0000,0.0001,0.0280,0.0000,200,0.0503
0.0657,0.0000,0.0000,0.0000,0.0656,0.0000,200,0.0134
0.0038,0.0000,0.0000,0.0000,0.0037,0.0000,200,0.0753
0.0050,0.0000,0.0000,0.0000,0.0049,0.0000,200,0.0747
0.0080,0.0000,0.0000,0.0000,0.0079,0.0001,200,0.0718
0.0072,0.0000,0.0000,0.0000,0.0069,0.0002,200,0.0736
0.0081,0.0000,0.0000,0.0001,0.0079,0.0001,200,0.0733
0.0113,0.0000,0.0000,0.0000,0.0112,0.0000,200,0.0705
0.0071,0.0000,0.0000,0.0000,0.0070,0.0000,200,0.0747
0.0023,0.0000,0.0000,0.0000,0.0021,0.0001,200,0.0798
0.0514,0.0000,0.0000,0.0000,0.0514,0.0000,200,0.0309
0.0441,0.0000,0.0000,0.0000,0.0435,0.0006,200,0.0386
0.0015,0.0000,0.0000,0.0000,0.0015,0.0000,200,0.0815
0.0040,0.0000,0.0000,0.0000,0.0039,0.0000,200,0.0796
0.0071,0.0000,0.0000,0.0000,0.0071,0.0000,200,0.0776
0.0377,0.0000,0.0000,0.0000,0.0372,0.0004,200,0.0471
0.0086,0.0000,0.0000,0.0000,0.0085,0.0000,200,0.0763
0.0739,0.0000,0.0000,0.0016,0.0721,0.0000,200,0.0119
0.0096,0.0000,0.0000,0.0000,0.0095,0.0000,200,0.0763
0.0096,0.0000,0.0000,0.0000,0.0093,0.0002,200,0.0771
0.0187,0.0000,0.0000,0.0000,0.0186,0.0000,200,0.0683
0.0278,0.0000,0.0000,0.0000,0.0277,0.0000,200,0.0594
0.0154,0.0000,0.0000,0.0000,0.0153,0.0000,200,0.0728
0.0275,0.0000,0.0000,0.0000,0.0274,0.0000,200,0.0611
0.0050,0.0000,0.0000,0.0000,0.0049,0.0000,200,0.0836
0.0211,0.0000,0.0000,0.0000,0.0210,0.0000,200,0.0676
0.0223,0.0000,0.0000,0.0000,0.0221,0.0001,200,0.0672
0.0209,0.0000,0.0000,0.0000,0.0204,0.0000,200,0.0695
0.0020,0.0000,0.0000,0.0000,0.0017,0.0001,200,0.0887
0.0022,0.0000,0.0000,0.0000,0.0021,0.0001,200,0.0886
0.0214,0.0000,0.0000,0.0000,0.0213,0.0000,200,0.0694
0.0292,0.0000,0.0000,0.0000,0.0291,0.0000,200,0.0621
0.0136,0.0000,0.0000,0.0000,0.0136,0.0000,200,0.0785
0.0678,0.0000,0.0000,0.0000,0.0678,0.0000,200,0.0258
0.0089,0.0000,0.0000,0.0000,0.0088,0.0001,200,0.0848
0.0463,0.0000,0.0000,0.0000,0.0462,0.0000,200,0.0514
0.0187,0.0000,0.0000,0.0000,0.0186,0.0000,200,0.0790
0.0274,0.0000,0.0000,0.0001,0.0273,0.0000,200,0.0703
0.0194,0.0000,0.0000,0.0000,0.0191,0.0002,200,0.0785
0.0153,0.0000,0.0000,0.0007,0.0145,0.0000,200,0.0826
0.0074,0.0000,0.0000,0.0000,0.0073,0.0000,200,0.0907
0.0098,0.0000,0.0000,0.0000,0.0091,0.0007,200,0.0886
0.0544,0.0000,0.0000,0.0000,0.0543,0.0000,200,0.0440
0.0246,0.0000,0.0000,0.0000,0.0240,0.0005,200,0.0740
0.0281,0.0000,0.0000,0.0000,0.0279,0.0001,200,0.0710
0.0285,0.0000,0.0000,0.0000,0.0283,0.0000,200,0.0709
0.0179,0.0000,0.0000,0.0000,0.0178,0.0000,200,0.0817
0.0133,0.0000,0.0000,0.0000,0.0129,0.0002,200,0.0870
0.0322,0.0000,0.0000,0.0000,0.0319,0.0002,200,0.0685
0.0422,0.0000,0.0000,0.0000,0.0419,0.0002,200,0.0592
0.0233,0.0000,0.0000,0.0001,0.0227,0.0004,200,0.0791
0.0042,0.0000,0.0000,0.0002,0.0040,0.0000,200,0.0982
0.0355,0.0000,0.0000,0.0000,0.0355,0.0000,200,0.0674
0.0036,0.0000,0.0000,0.0000,0.0036,0.0000,200,0.1003
0.0126,0.0000,0.0000,0.0001,0.0125,0.0000,200,0.0914
0.0045,0.0000,0.0000,0.0000,0.0045,0.0000,200,0.0996
0.0147,0.0000,0.0000,0.0000,0.0144,0.0000,200,0.0895
0.0059,0.0000,0.0000,0.0000,0.0056,0.0003,200,0.0984
0.0304,0.0000,0.0000,0.0000,0.0303,0.0000,200,0.0749
0.0208,0.0000,0.0000,0.0000,0.0207,0.0001,200,0.0847
0.0076,0.0000,0.0000,0.0002,0.0073,0.0000,200,0.0985
0.0013,0.0000,0.0000,0.0000,0.0013,0.0000,200,0.1055
0.0055,0.0000,0.0000,0.0001,0.0053,0.0001,200,0.1014
0.0096,0.0000,0.0000,0.0000,0.0096,0.0000,200,0.0979
0.0440,0.0000,0.0000,0.0000,0.0439,0.0000,200,0.0636
0.0223,0.0000,0.0000,0.0000,0.0221,0.0002,200,0.0858
0.0092,0.0000,0.0000,0.0005,0.0085,0.0002,200,0.0991
0.0107,0.0000,0.0000,0.0000,0.0106,0.0000,200,0.0979
0.0239,0.0000,0.0000,0.0001,0.0237,0.0000,200,0.0848
0.0034,0.0000,0.0000,0.0000,0.0033,0.0000,200,0.1068
0.0059,0.0000,0.0000,0.0002,0.0055,0.0000,200,0.1043
0.0198,0.0000,0.0000,0.0000,0.0197,0.0000,200,0.0904
0.0769,0.0000,0.0000,0.0000,0.0768,0.0001,200,0.0334
0.0347,0.0000,0.0000,0.0001,0.0345,0.0000,200,0.0762
0.0246,0.0000,0.0000,0.0000,0.0240,0.0001,200,0.0867
0.0681,0.0000,0.0000,0.0000,0.0680,0.0001,200,0.0438
0.0568,0.0000,0.0000,0.0000,0.0567,0.0000,200,0.0552
0.0302,0.0000,0.0000,0.0000,0.0295,0.0007,200,0.0824
0.0155,0.0000,0.0000,0.0000,0.0145,0.0007,200,0.0977
0.0383,0.0000,0.0000,0.0000,0.0383,0.0000,200,0.0749
0.0367,0.0000,0.0000,0.0000,0.0366,0.0000,200,0.0769
0.0268,0.0000,0.0000,0.0000,0.0267,0.0001,200,0.0872
0.0068,0.0000,0.0000,0.0000,0.0066,0.0001,200,0.1076
0.0043,0.0000,0.0000,0.0000,0.0042,0.0000,200,0.1103
0.0343,0.0000,0.0000,0.0001,0.0332,0.0008,200,0.0822
0.0229,0.0000,0.0000,0.0000,0.0227,0.0000,200,0.0936
0.0514,0.0000,0.0000,0.0000,0.0510,0.0000,200,0.0651
0.0181,0.0000,0.0000,0.0000,0.0181,0.0000,200,0.0984
0.0168,0.0000,0.0000,0.0000,0.0167,0.0000,200,0.1007
0.0243,0.0000,0.0000,0.0000,0.0236,0.0006,200,0.0936
0.0128,0.0000,0.0000,0.0000,0.0127,0.0000,200,0.1053
0.0083,0.0000,0.0000,0.0000,0.0080,0.0003,200,0.1102
0.0111,0.0000,0.0000,0.0000,0.0110,0.0000,200,0.1081
0.0560,0.0000,0.0000,0.0000,0.0559,0.0000,200,0.0633
0.0391,0.0000,0.0000,0.0000,0.0389,0.0001,200,0.0807
0.0175,0.0000,0.0000,0.0000,0.0175,0.0000,200,0.1024
0.0022,0.0000,0.0000,0.0000,0.0021,0.0000,200,0.1186
0.0010,0.0000,0.0000,0.0000,0.0009,0.0000,200,0.1199
0.0352,0.0000,0.0000,0.0001,0.0350,0.0000,200,0.0859
0.0128,0.0000,0.0000,0.0000,0.0125,0.0001,200,0.1083
0.0150,0.0000,0.0000,0.0000,0.0149,0.0000,200,0.1069
0.0534,0.0000,0.0000,0.0000,0.0534,0.0000,200,0.0694
0.0104,0.0000,0.0000,0.0000,0.0099,0.0005,200,0.1126
0.0095,0.0000,0.0000,0.0004,0.0090,0.0001,200,0.1140
0.0054,0.0000,0.0000,0.0000,0.0053,0.0000,200,0.1181
0.0134,0.0000,0.0000,0.0001,0.0132,0.0001,200,0.1102
0.0144,0.0000,0.0000,0.0000,0.0141,0.0003,200,0.1102
0.0209,0.0000,0.0000,0.0000,0.0208,0.0000,200,0.1040
0.0061,0.0000,0.0000,0.0000,0.0060,0.0000,200,0.1192
0.0079,0.0000,0.0000,0.0000,0.0077,0.0001,200,0.1179
0.0351,0.0000,0.0000,0.0000,0.0351,0.0000,200,0.0907
0.0122,0.0000,0.0000,0.0000,0.0121,0.0000,200,0.1144
0.0027,0.0000,0.0000,0.0000,0.0026,0.0000,200,0.1243
0.0060,0.0000,0.0000,0.0000,0.0058,0.0000,200,0.1210
0.0026,0.0000,0.0000,0.0000,0.0025,0.0000,200,0.1247
0.0147,0.0000,0.0000,0.0000,0.0145,0.0001,200,0.1133
0.0691,0.0000,0.0000,0.0000,0.0689,0.0001,200,0.0592
0.0268,0.0000,0.0000,0.0001,0.0264,0.0003,200,0.1024
0.0073,0.0000,0.0000,0.0000,0.0073,0.0000,200,0.1219
0.0018,0.0000,0.0000,0.0001,0.0017,0.0000,200,0.1279
0.0308,0.0000,0.0000,0.0000,0.0306,0.0003,200,0.0994
0.0327,0.0000,0.0000,0.0000,0.0326,0.0001,200,0.0977
0.0017,0.0000,0.0000,0.0000,0.0017,0.0000,200,0.1292
0.0022,0.0000,0.0000,0.0000,0.0021,0.0001,200,0.1292
0.0119,0.0000,0.0000,0.0001,0.0115,0.0002,200,0.1198
0.0065,0.0000,0.0000,0.0000,0.0063,0.0002,200,0.1259
0.0054,0.0000,0.0000,0.0000,0.0051,0.0003,200,0.1270
0.0209,0.0000,0.0000,0.0000,0.0209,0.0000,200,0.1120
0.0120,0.0000,0.0000,0.0000,0.0119,0.0000,200,0.1212
0.0060,0.0000,0.0000,0.0000,0.0052,0.0008,200,0.1273
0.0225,0.0000,0.0000,0.0000,0.0224,0.0001,200,0.1113
0.0187,0.0000,0.0000,0.0000,0.0186,0.0000,200,0.1166
0.0471,0.0000,0.0000,0.0000,0.0470,0.0000,200,0.0882
0.0234,0.0000,0.0000,0.0000,0.0228,0.0000,200,0.1120
0.0326,0.0000,0.0000,0.0000,0.0325,0.0001,200,0.1030
0.0128,0.0000,0.0000,0.0001,0.0126,0.0001,200,0.1230
0.0043,0.0000,0.0000,0.0000,0.0042,0.0001,200,0.1331
0.0182,0.0000,0.0000,0.0000,0.0181,0.0001,200,0.1192
0.0054,0.0000,0.0000,0.0000,0.0052,0.0001,200,0.1324
0.0326,0.0000,0.0000,0.0000,0.0325,0.0000,200,0.1061
0.0152,0.0000,0.0000,0.0000,0.0152,0.0000,200,0.1235
0.0327,0.0000,0.0000,0.0000,0.0321,0.0006,200,0.1075
0.0110,0.0000,0.0000,0.0000,0.0109,0.0000,200,0.1297
0.0157,0.0000,0.0000,0.0001,0.0156,0.0000,200,0.1258
0.0253,0.0000,0.0000,0.0000,0.0252,0.0001,200,0.1165
0.0036,0.0000,0.0000,0.0000,0.0035,0.0000,200,0.1387
0.0041,0.0000,0.0000,0.0000,0.0040,0.0000,200,0.1387
0.0617,0.0000,0.0000,0.0000,0.0616,0.0001,200,0.0817
0.0237,0.0000,0.0000,0.0000,0.0231,0.0006,200,0.1207
0.0467,0.0000,0.0000,0.0000,0.0463,0.0000,200,0.0978
0.0545,0.0000,0.0000,0.0000,0.0544,0.0001,200,0.0908
0.0102,0.0000,0.0000,0.0000,0.0102,0.0000,200,0.1352
0.0175,0.0000,0.0000,0.0000,0.0174,0.0001,200,0.1283
0.0303,0.0000,0.0000,0.0000,0.0299,0.0003,200,0.1165
0.0644,0.0000,0.0000,0.0002,0.0642,0.0000,200,0.0830
0.0117,0.0000,0.0000,0.0000,0.0116,0.0000,200,0.1358
0.0313,0.0000,0.0000,0.0000,0.0310,0.0003,200,0.1165
0.0563,0.0000,0.0000,0.0000,0.0557,0.0001,200,0.0921
0.0072,0.0000,0.0000,0.0000,0.0071,0.0001,200,0.1415
0.0140,0.0000,0.0000,0.0000,0.0138,0.0001,200,0.1352
0.0089,0.0000,0.0000,0.0000,0.0089,0.0000,200,0.1407
0.0039,0.0000,0.0000,0.0000,0.0034,0.0005,200,0.1468
0.0050,0.0000,0.0000,0.0000,0.0049,0.0000,200,0.1457
0.0193,0.0000,0.0000,0.0000,0.0193,0.0000,200,0.1314
0.0379,0.0000,0.0000,0.0000,0.0379,0.0000,200,0.1136
0.0162,0.0000,0.0000,0.0000,0.0157,0.0004,200,0.1356
0.0190,0.0000,0.0000,0.0000,0.0189,0.0000,200,0.1329
0.0416,0.0000,0.0000,0.0000,0.0416,0.0001,200,0.1109
0.0157,0.0000,0.0000,0.0000,0.0157,0.0000,200,0.1374
0.0044,0.0000,0.0000,0.0000,0.0043,0.0001,200,0.1492
0.0330,0.0000,0.0000,0.0000,0.0329,0.0000,200,0.1209
0.0396,0.0000,0.0000,0.0000,0.0395,0.0000,200,0.1146
0.0121,0.0000,0.0000,0.0000,0.0120,0.0001,200,0.1428
0.0050,0.0000,0.0000,0.0000,0.0049,0.0001,200,0.1507
0.0251,0.0000,0.0000,0.0000,0.0248,0.0002,200,0.1309
0.0086,0.0000,0.0000,0.0000,0.0085,0.0000,200,0.1475
0.0053,0.0000,0.0000,0.0000,0.0052,0.0000,200,0.1519
0.0157,0.0000,0.0000,0.0000,0.0156,0.0000,200,0.1418
0.0347,0.0000,0.0000,0.0001,0.0345,0.0000,200,0.1228
0.0406,0.0000,0.0000,0.0000,0.0405,0.0001,200,0.1175
0.0050,0.0000,0.0000,0.0000,0.0044,0.0005,200,0.1531
0.0026,0.0000,0.0000,0.0000,0.0025,0.0001,200,0.1560
0.0112,0.0000,0.0000,0.0000,0.0111,0.0001,200,0.1479
0.0345,0.0000,0.0000,0.0000,0.0344,0.0001,200,0.1249
0.0040,0.0000,0.0000,0.0000,0.0039,0.0001,200,0.1560
0.0470,0.0000,0.0000,0.0000,0.0468,0.0001,200,0.1133
0.0280,0.0000,0.0000,0.0000,0.0278,0.0002,200,0.1333
0.0293,0.0000,0.0000,0.0000,0.0291,0.0000,200,0.1323
0.0043,0.0000,0.0000,0.0000,0.0042,0.0000,200,0.1575
0.0389,0.0000,0.0000,0.0000,0.0386,0.0003,200,0.1235
0.0122,0.0000,0.0000,0.0000,0.0121,0.0001,200,0.1507
0.0058,0.0000,0.0000,0.0000,0.0058,0.0000,200,0.1575
0.0909,0.0000,0.0000,0.0000,0.0909,0.0000,200,0.0724
0.0265,0.0000,0.0000,0.0000,0.0263,0.0002,200,0.1378
0.0029,0.0000,0.0000,0.0001,0.0023,0.0005,200,0.1629
0.0185,0.0000,0.0000,0.0000,0.0184,0.0000,200,0.1474
0.0046,0.0000,0.0000,0.0000,0.0045,0.0000,200,0.1613
0.0073,0.0000,0.0000,0.0000,0.0072,0.0000,200,0.1587
0.0069,0.0000,0.0000,0.0000,0.0068,0.0000,200,0.1591
0.0145,0.0000,0.0000,0.0000,0.0145,0.0000,200,0.1515
0.0018,0.0000,0.0000,0.0000,0.0017,0.0000,200,0.1643
0.0293,0.0000,0.0000,0.0000,0.0291,0.0001,200,0.1374
0.0265,0.0000,0.0000,0.0000,0.0264,0.0000,200,0.1402
0.0042,0.0000,0.0000,0.0000,0.0041,0.0001,200,0.1633
0.0096,0.0000,0.0000,0.0000,0.0095,0.0001,200,0.1581
0.0377,0.0000,0.0000,0.0001,0.0376,0.0000,200,0.1302
0.0016,0.0000,0.0000,0.0000,0.0015,0.0001,200,0.1667
0.0164,0.0000,0.0000,0.0000,0.0163,0.0000,200,0.1525
0.0140,0.0000,0.0000,0.0000,0.0139,0.0000,200,0.1557
0.0044,0.0000,0.0000,0.0000,0.0041,0.0002,200,0.1659
0.0085,0.0000,0.0000,0.0000,0.0082,0.0002,200,0.1618
0.0088,0.0000,0.0000,0.0000,0.0084,0.0003,200,0.1616
0.0047,0.0000,0.0000,0.0000,0.0046,0.0001,200,0.1660
0.0626,0.0000,0.0000,0.0000,0.0624,0.0001,200,0.1087
0.0219,0.0000,0.0000,0.0000,0.0218,0.0001,200,0.1496
0.0115,0.0000,0.0000,0.0001,0.0114,0.0000,200,0.1600
0.0210,0.0000,0.0000,0.0000,0.0209,0.0000,200,0.1507
0.0129,0.0000,0.0000,0.0001,0.0128,0.0000,200,0.1594
0.0297,0.0000,0.0000,0.0003,0.0293,0.0001,200,0.1435
0.0290,0.0000,0.0000,0.0000,0.0286,0.0003,200,0.1445
0.0061,0.0000,0.0000,0.0000,0.0061,0.0000,200,0.1677
0.0435,0.0000,0.0000,0.0000,0.0434,0.0000,200,0.1304
0.0167,0.0000,0.0000,0.0000,0.0166,0.0000,200,0.1572
0.0120,0.0000,0.0000,0.0000,0.0120,0.0000,200,0.1624
0.0088,0.0000,0.0000,0.0000,0.0087,0.0000,200,0.1660
0.0099,0.0000,0.0000,0.0000,0.0093,0.0005,200,0.1659
0.0069,0.0000,0.0000,0.0000,0.0069,0.0000,200,0.1689
0.0271,0.0000,0.0000,0.0000,0.0271,0.0000,200,0.1487
0.0027,0.0000,0.0000,0.0000,0.0026,0.0000,200,0.1732
0.0084,0.0000,0.0000,0.0000,0.0083,0.0000,200,0.1676
0.0409,0.0000,0.0000,0.0000,0.0408,0.0001,200,0.1354
0.0024,0.0000,0.0000,0.0002,0.0019,0.0002,200,0.1745
0.0230,0.0000,0.0000,0.0000,0.0229,0.0001,200,0.1539
0.0117,0.0000,0.0000,0.0000,0.0116,0.0000,200,0.1661
0.0261,0.0000,0.0000,0.0000,0.0260,0.0000,200,0.1518
0.0127,0.0000,0.0000,0.0000,0.0126,0.0000,200,0.1658
0.0702,0.0000,0.0000,0.0000,0.0700,0.0002,200,0.1086
0.0036,0.0000,0.0000,0.0000,0.0035,0.0000,200,0.1759
0.0033,0.0000,0.0000,0.0000,0.0031,0.0002,200,0.1769
0.0125,0.0000,0.0000,0.0000,0.0124,0.0000,200,0.1680
0.0066,0.0000,0.0000,0.0000,0.0066,0.0000,200,0.1739
0.0172,0.0000,0.0000,0.0001,0.0171,0.0000,200,0.1633
0.0270,0.0000,0.0000,0.0000,0.0270,0.0000,200,0.1536
0.0080,0.0000,0.0000,0.0004,0.0073,0.0003,200,0.1734
0.0099,0.0000,0.0000,0.0000,0.0099,0.0000,200,0.1717
0.0066,0.0000,0.0000,0.0000,0.0063,0.0003,200,0.1757
0.0110,0.0000,0.0000,0.0000,0.0110,0.0000,200,0.1713
0.0785,0.0000,0.0000,0.0000,0.0784,0.0001,200,0.1042
0.0050,0.0000,0.0000,0.0000,0.0050,0.0000,200,0.1779
0.0150,0.0000,0.0000,0.0000,0.0149,0.0000,200,0.1683
0.0035,0.0000,0.0000,0.0001,0.0034,0.0000,200,0.1802
0.0060,0.0000,0.0000,0.0000,0.0059,0.0000,200,0.1785
0.0022,0.0000,0.0000,0.0000,0.0019,0.0003,200,0.1823
0.0598,0.0000,0.0000,0.0000,0.0594,0.0004,200,0.1253
0.0025,0.0000,0.0000,0.0000,0.0023,0.0000,200,0.1827
0.0039,0.0000,0.0000,0.0000,0.0038,0.0001,200,0.1816
0.0022,0.0000,0.0000,0.0000,0.0021,0.0001,200,0.1833
0.0102,0.0000,0.0000,0.0001,0.0100,0.0001,200,0.1759
0.0106,0.0000,0.0000,0.0000,0.0105,0.0000,200,0.1759
0.0426,0.0000,0.0000,0.0000,0.0424,0.0002,200,0.1445
0.0448,0.0000,0.0000,0.0000,0.0448,0.0000,200,0.1423
0.0271,0.0000,0.0000,0.0000,0.0270,0.0001,200,0.1603
0.0024,0.0000,0.0000,0.0000,0.0023,0.0000,200,0.1852
0.0426,0.0000,0.0000,0.0000,0.0425,0.0001,200,0.1455
0.0621,0.0000,0.0000,0.0000,0.0620,0.0000,200,0.1270
0.0088,0.0000,0.0000,0.0000,0.0087,0.0000,200,0.1805
0.0048,0.0000,0.0000,0.0000,0.0048,0.0000,200,0.1851
0.0203,0.0000,0.0000,0.0000,0.0202,0.0000,200,0.1697
0.0033,0.0000,0.0000,0.0001,0.0027,0.0001,200,0.1873
0.0204,0.0000,0.0000,0.0000,0.0203,0.0001,200,0.1707
0.0253,0.0000,0.0000,0.0000,0.0252,0.0000,200,0.1660
0.0073,0.0000,0.0000,0.0000,0.0072,0.0000,200,0.1845
0.0182,0.0000,0.0000,0.0000,0.0181,0.0001,200,0.1739
0.0070,0.0000,0.0000,0.0000,0.0069,0.0000,200,0.1855
0.0173,0.0000,0.0000,0.0000,0.0171,0.0001,200,0.1759
0.0019,0.0000,0.0000,0.0000,0.0017,0.0002,200,0.1921
0.0631,0.0000,0.0000,0.0000,0.0624,0.0001,200,0.1317
0.0091,0.0000,0.0000,0.0000,0.0090,0.0000,200,0.1861
0.0616,0.0000,0.0000,0.0000,0.0615,0.0001,200,0.1338
0.0181,0.0000,0.0000,0.0000,0.0179,0.0002,200,0.1778
0.0259,0.0000,0.0000,0.0000,0.0258,0.0000,200,0.1703
0.0221,0.0000,0.0000,0.0003,0.0217,0.0001,200,0.1747
0.0487,0.0000,0.0000,0.0000,0.0486,0.0001,200,0.1485
0.0161,0.0000,0.0000,0.0000,0.0160,0.0000,200,0.1814
0.0261,0.0000,0.0000,0.0000,0.0260,0.0000,200,0.1716
0.0175,0.0000,0.0000,0.0000,0.0175,0.0000,200,0.1806
0.0270,0.0000,0.0000,0.0000,0.0267,0.0001,200,0.1716
0.0077,0.0000,0.0000,0.0000,0.0076,0.0000,200,0.1917
0.0104,0.0000,0.0000,0.0002,0.0099,0.0004,200,0.1891
0.0121,0.0000,0.0000,0.0000,0.0120,0.0000,200,0.1875
0.0021,0.0000,0.0000,0.0000,0.0018,0.0002,200,0.1981
0.0239,0.0000,0.0000,0.0000,0.0236,0.0002,200,0.1769
0.0060,0.0000,0.0000,0.0002,0.0057,0.0000,200,0.1955
0.0567,0.0000,0.0000,0.0000,0.0564,0.0002,200,0.1453
0.0048,0.0000,0.0000,0.0000,0.0046,0.0002,200,0.1975
0.0117,0.0000,0.0000,0.0000,0.0116,0.0000,200,0.1913
0.0019,0.0000,0.0000,0.0000,0.0018,0.0001,200,0.2015
0.0017,0.0000,0.0000,0.0001,0.0015,0.0000,200,0.2024
0.0082,0.0000,0.0000,0.0001,0.0078,0.0003,200,0.1958
0.0503,0.0000,0.0000,0.0000,0.0503,0.0000,200,0.1542
0.0502,0.0000,0.0000,0.0005,0.0496,0.0001,200,0.1549
0.0081,0.0000,0.0000,0.0000,0.0080,0.0001,200,0.1972
0.0105,0.0000,0.0000,0.0000,0.0103,0.0001,200,0.1952
0.0321,0.0000,0.0000,0.0000,0.0321,0.0000,200,0.1739
0.0200,0.0000,0.0000,0.0000,0.0200,0.0000,200,0.1871
0.0166,0.0000,0.0000,0.0001,0.0165,0.0000,200,0.1906
0.0277,0.0000,0.0000,0.0000,0.0276,0.0000,200,0.1795
0.0028,0.0000,0.0000,0.0000,0.0027,0.0000,200,0.2045
0.0123,0.0000,0.0000,0.0000,0.0121,0.0002,200,0.1962
0.0118,0.0000,0.0000,0.0000,0.0118,0.0000,200,0.1968
0.0064,0.0000,0.0000,0.0000,0.0063,0.0000,200,0.2030
0.0196,0.0000,0.0000,0.0000,0.0194,0.0001,200,0.1900
0.0832,0.0000,0.0000,0.0000,0.0831,0.0000,200,0.1266
0.0062,0.0000,0.0000,0.0001,0.0060,0.0000,200,0.2040
0.0401,0.0000,0.0000,0.0000,0.0401,0.0000,200,0.1703
0.0246,0.0000,0.0000,0.0000,0.0243,0.0002,200,0.1864
0.0276,0.0000,0.0000,0.0000,0.0275,0.0001,200,0.1837
0.0285,0.0000,0.0000,0.0000,0.0284,0.0000,200,0.1829
0.0194,0.0000,0.0000,0.0000,0.0192,0.0002,200,0.1925
0.0283,0.0000,0.0000,0.0000,0.0283,0.0000,200,0.1845
0.0043,0.0000,0.0000,0.0000,0.0042,0.0000,200,0.2085
0.0238,0.0000,0.0000,0.0000,0.0237,0.0000,200,0.1893
0.0374,0.0000,0.0000,0.0000,0.0373,0.0000,200,0.1763
0.0070,0.0000,0.0000,0.0000,0.0069,0.0000,200,0.2072
0.0046,0.0000,0.0000,0.0000,0.0045,0.0000,200,0.2098
0.0251,0.0000,0.0000,0.0000,0.0250,0.0000,200,0.1900
0.0162,0.0000,0.0000,0.0000,0.0160,0.0002,200,0.1994
0.0335,0.0000,0.0000,0.0000,0.0334,0.0000,200,0.1824
0.0107,0.0000,0.0000,0.0000,0.0107,0.0000,200,0.2051
0.0065,0.0000,0.0000,0.0000,0.0063,0.0002,200,0.2094
0.0282,0.0000,0.0000,0.0000,0.0281,0.0000,200,0.1881
0.0444,0.0000,0.0000,0.0000,0.0444,0.0000,200,0.1723
0.0102,0.0000,0.0000,0.0001,0.0099,0.0002,200,0.2073
0.0076,0.0000,0.0000,0.0000,0.0075,0.0000,200,0.2103
0.1140,0.0000,0.0000,0.0000,0.1139,0.0001,200,0.1041
0.0377,0.0000,0.0000,0.0000,0.0370,0.0007,200,0.1806
0.0106,0.0000,0.0000,0.0000,0.0105,0.0000,200,0.2086
0.0088,0.0000,0.0000,0.0001,0.0086,0.0000,200,0.2110
0.0185,0.0000,0.0000,0.0000,0.0184,0.0000,200,0.2020
0.1169,0.0000,0.0000,0.0000,0.1168,0.0000,200,0.1040
0.0282,0.0000,0.0000,0.0000,0.0280,0.0001,200,0.1932
0.0234,0.0000,0.0000,0.0000,0.0233,0.0001,200,0.2002
0.0119,0.0000,0.0000,0.0000,0.0118,0.0001,200,0.2128
0.0581,0.0000,0.0000,0.0000,0.0580,0.0000,200,0.1667
0.0342,0.0000,0.0000,0.0000,0.0341,0.0000,200,0.1911
0.0276,0.0000,0.0000,0.0000,0.0275,0.0001,200,0.1996
0.0087,0.0000,0.0000,0.0000,0.0087,0.0000,200,0.2198
0.0230,0.0000,0.0000,0.0000,0.0229,0.0000,200,0.2057
0.0588,0.0000,0.0000,0.0000,0.0586,0.0001,200,0.1703
0.0128,0.0000,0.0000,0.0000,0.0127,0.0001,200,0.2163
0.0220,0.0000,0.0000,0.0000,0.0220,0.0000,200,0.2072
0.0184,0.0000,0.0000,0.0000,0.0183,0.0000,200,0.2114
0.0116,0.0000,0.0000,0.0000,0.0115,0.0001,200,0.2183
0.0319,0.0000,0.0000,0.0000,0.0318,0.0001,200,0.1986
0.0330,0.0000,0.0000,0.0000,0.0329,0.0001,200,0.1976
0.0098,0.0000,0.0000,0.0000,0.0091,0.0002,200,0.2215
0.0219,0.0000,0.0000,0.0000,0.0217,0.0001,200,0.2096
0.0147,0.0000,0.0000,0.0001,0.0144,0.0002,200,0.2175
0.0466,0.0000,0.0000,0.0004,0.0460,0.0002,200,0.1856
0.0166,0.0000,0.0000,0.0000,0.0165,0.0000,200,0.2160
0.0043,0.0000,0.0000,0.0000,0.0042,0.0000,200,0.2286
0.0752,0.0000,0.0000,0.0000,0.0751,0.0000,200,0.1581
0.0015,0.0000,0.0000,0.0001,0.0013,0.0000,200,0.2322
0.0223,0.0000,0.0000,0.0000,0.0222,0.0000,200,0.2119
0.0233,0.0000,0.0000,0.0000,0.0231,0.0001,200,0.2114
0.0169,0.0000,0.0000,0.0000,0.0168,0.0000,200,0.2179
0.0029,0.0000,0.0000,0.0000,0.0028,0.0001,200,0.2322
0.0021,0.0000,0.0000,0.0001,0.0019,0.0001,200,0.2337
0.0168,0.0000,0.0000,0.0000,0.0166,0.0002,200,0.2192
0.0426,0.0000,0.0000,0.0002,0.0423,0.0000,200,0.1941
0.0226,0.0000,0.0000,0.0000,0.0225,0.0000,200,0.2144
0.0075,0.0000,0.0000,0.0000,0.0072,0.0003,200,0.2305
0.0248,0.0000,0.0000,0.0000,0.0246,0.0002,200,0.2137
0.0332,0.0000,0.0000,0.0001,0.0330,0.0000,200,0.2054
0.0258,0.0000,0.0000,0.0000,0.0257,0.0000,200,0.2128
0.0096,0.0000,0.0000,0.0000,0.0094,0.0001,200,0.2291
0.0087,0.0000,0.0000,0.0000,0.0086,0.0000,200,0.2306
0.0450,0.0000,0.0000,0.0000,0.0450,0.0000,200,0.1948
0.0042,0.0000,0.0000,0.0001,0.0038,0.0002,200,0.2358
0.0020,0.0000,0.0000,0.0000,0.0015,0.0005,200,0.2385
0.0366,0.0000,0.0000,0.0000,0.0365,0.0000,200,0.2040
0.0140,0.0000,0.0000,0.0000,0.0139,0.0001,200,0.2272
0.0253,0.0000,0.0000,0.0000,0.0251,0.0001,200,0.2167
0.0024,0.0000,0.0000,0.0000,0.0023,0.0000,200,0.2398
0.0175,0.0000,0.0000,0.0000,0.0175,0.0000,200,0.2248
0.0021,0.0000,0.0000,0.0000,0.0019,0.0001,200,0.2406
0.0108,0.0000,0.0000,0.0000,0.0108,0.0000,200,0.2325
0.0275,0.0000,0.0000,0.0000,0.0271,0.0004,200,0.2158
0.0065,0.0000,0.0000,0.0000,0.0063,0.0001,200,0.2370
0.0086,0.0000,0.0000,0.0001,0.0083,0.0002,200,0.2351
0.0093,0.0000,0.0000,0.0000,0.0092,0.0001,200,0.2347
0.0286,0.0000,0.0000,0.0000,0.0286,0.0000,200,0.2158
0.0023,0.0000,0.0000,0.0000,0.0022,0.0000,200,0.2423
0.0045,0.0000,0.0000,0.0000,0.0044,0.0001,200,0.2406
0.0036,0.0000,0.0000,0.0002,0.0033,0.0000,200,0.2420
0.0111,0.0000,0.0000,0.0000,0.0109,0.0000,200,0.2347
0.0259,0.0000,0.0000,0.0000,0.0258,0.0000,200,0.2204
0.0308,0.0000,0.0000,0.0000,0.0307,0.0000,200,0.2156
0.0329,0.0000,0.0000,0.0000,0.0328,0.0000,200,0.2141
0.0148,0.0000,0.0000,0.0000,0.0145,0.0000,200,0.2328
0.0067,0.0000,0.0000,0.0000,0.0066,0.0001,200,0.2412
0.0050,0.0000,0.0000,0.0000,0.0049,0.0000,200,0.2434
0.0276,0.0000,0.0000,0.0000,0.0275,0.0000,200,0.2208
0.0048,0.0000,0.0000,0.0000,0.0046,0.0002,200,0.2445
0.0392,0.0000,0.0000,0.0000,0.0391,0.0000,200,0.2104
0.0691,0.0000,0.0000,0.0000,0.0691,0.0000,200,0.1805
0.0164,0.0000,0.0000,0.0000,0.0162,0.0001,200,0.2342
0.0510,0.0000,0.0000,0.0000,0.0510,0.0000,200,0.1996
0.0123,0.0000,0.0000,0.0003,0.0119,0.0000,200,0.2386
0.0506,0.0000,0.0000,0.0000,0.0504,0.0001,200,0.2009
0.0120,0.0000,0.0000,0.0000,0.0120,0.0000,200,0.2400
0.0065,0.0000,0.0000,0.0000,0.0064,0.0000,200,0.2456
0.0273,0.0000,0.0000,0.0000,0.0272,0.0001,200,0.2253
0.0474,0.0000,0.0000,0.0000,0.0473,0.0000,200,0.2060
0.0247,0.0000,0.0000,0.0000,0.0247,0.0000,200,0.2287
0.0038,0.0000,0.0000,0.0001,0.0036,0.0001,200,0.2496
0.0751,0.0000,0.0000,0.0000,0.0750,0.0001,200,0.1788
0.0101,0.0000,0.0000,0.0000,0.0100,0.0000,200,0.2446
0.0061,0.0000,0.0000,0.0000,0.0056,0.0004,200,0.2493
0.0128,0.0000,0.0000,0.0000,0.0123,0.0004,200,0.2426
0.0054,0.0000,0.0000,0.0000,0.0053,0.0000,200,0.2506
0.0031,0.0000,0.0000,0.0000,0.0030,0.0000,200,0.2534
0.0090,0.0000,0.0000,0.0000,0.0089,0.0000,200,0.2480
0.0498,0.0000,0.0000,0.0000,0.0497,0.0000,200,0.2072
0.0044,0.0000,0.0000,0.0000,0.0043,0.0000,200,0.2527
0.0209,0.0000,0.0000,0.0000,0.0208,0.0000,200,0.2366
0.0022,0.0000,0.0000,0.0000,0.0019,0.0000,200,0.2554
0.0041,0.0000,0.0000,0.0000,0.0040,0.0000,200,0.2539
0.0546,0.0000,0.0000,0.0000,0.0545,0.0000,200,0.2035
0.0090,0.0000,0.0000,0.0000,0.0089,0.0001,200,0.2496
0.0151,0.0000,0.0000,0.0002,0.0147,0.0002,200,0.2440
0.0440,0.0000,0.0000,0.0000,0.0440,0.0000,200,0.2150
0.0024,0.0000,0.0000,0.0000,0.0020,0.0002,200,0.2571
0.0126,0.0000,0.0000,0.0000,0.0126,0.0000,200,0.2477
0.0172,0.0000,0.0000,0.0000,0.0172,0.0000,200,0.2437
0.0024,0.0000,0.0000,0.0000,0.0023,0.0000,200,0.2585
0.0076,0.0000,0.0000,0.0000,0.0075,0.0000,200,0.2534
0.0040,0.0000,0.0000,0.0000,0.0040,0.0000,200,0.2575
0.0134,0.0000,0.0000,0.0000,0.0132,0.0002,200,0.2483
0.0441,0.0000,0.0000,0.0000,0.0441,0.0000,200,0.2181
0.0110,0.0000,0.0000,0.0000,0.0109,0.0000,200,0.2515
0.0058,0.0000,0.0000,0.0000,0.0057,0.0001,200,0.2570
0.0210,0.0000,0.0000,0.0000,0.0210,0.0000,200,0.2422
0.0396,0.0000,0.0000,0.0000,0.0396,0.0000,200,0.2237
0.0027,0.0000,0.0000,0.0000,0.0026,0.0000,200,0.2610
0.0123,0.0000,0.0000,0.0000,0.0119,0.0003,200,0.2520
0.0041,0.0000,0.0000,0.0000,0.0041,0.0000,200,0.2603
0.0085,0.0000,0.0000,0.0000,0.0084,0.0000,200,0.2560
0.0131,0.0000,0.0000,0.0001,0.0127,0.0003,200,0.2520
0.0360,0.0000,0.0000,0.0000,0.0359,0.0000,200,0.2292
0.0524,0.0000,0.0000,0.0000,0.0523,0.0000,200,0.2131
0.0277,0.0000,0.0000,0.0000,0.0276,0.0001,200,0.2385
0.0016,0.0000,0.0000,0.0000,0.0015,0.0000,200,0.2655
0.0102,0.0000,0.0000,0.0000,0.0101,0.0000,200,0.2570
0.0312,0.0000,0.0000,0.0000,0.0310,0.0000,200,0.2361
0.0221,0.0000,0.0000,0.0000,0.0216,0.0004,200,0.2452
0.0382,0.0000,0.0000,0.0000,0.0382,0.0000,200,0.2291
0.0043,0.0000,0.0000,0.0000,0.0042,0.0000,200,0.2636
0.0091,0.0000,0.0000,0.0000,0.0088,0.0003,200,0.2595
0.0253,0.0000,0.0000,0.0000,0.0253,0.0000,200,0.2434
0.0044,0.0000,0.0000,0.0000,0.0042,0.0002,200,0.2644
0.0059,0.0000,0.0000,0.0000,0.0058,0.0001,200,0.2633
0.0236,0.0000,0.0000,0.0004,0.0231,0.0000,200,0.2458
0.0091,0.0000,0.0000,0.0000,0.0090,0.0001,200,0.2609
0.0315,0.0000,0.0000,0.0000,0.0314,0.0000,200,0.2387
0.0222,0.0000,0.0000,0.0002,0.0220,0.0000,200,0.2484
0.0376,0.0000,0.0000,0.0000,0.0374,0.0001,200,0.2334
0.0332,0.0000,0.0000,0.0000,0.0330,0.0000,200,0.2380
0.0043,0.0000,0.0000,0.0000,0.0042,0.0000,200,0.2672
0.0077,0.0000,0.0000,0.0000,0.0075,0.0001,200,0.2644
0.0049,0.0000,0.0000,0.0000,0.0048,0.0001,200,0.2673
0.0264,0.0000,0.0000,0.0000,0.0262,0.0000,200,0.2463
0.0423,0.0000,0.0000,0.0000,0.0421,0.0002,200,0.2313
0.0157,0.0000,0.0000,0.0000,0.0156,0.0000,200,0.2580
0.0191,0.0000,0.0000,0.0000,0.0190,0.0000,200,0.2546
0.0278,0.0000,0.0000,0.0001,0.0276,0.0000,200,0.2464
0.0056,0.0000,0.0000,0.0001,0.0054,0.0001,200,0.2692
0.0117,0.0000,0.0000,0.0000,0.0117,0.0000,200,0.2633
0.0220,0.0000,0.0000,0.0000,0.0219,0.0000,200,0.2534
0.0134,0.0000,0.0000,0.0000,0.0131,0.0002,200,0.2627
0.0199,0.0000,0.0000,0.0001,0.0197,0.0001,200,0.2565
0.0073,0.0000,0.0000,0.0000,0.0071,0.0001,200,0.2695
0.0060,0.0000,0.0000,0.0000,0.0059,0.0001,200,0.2712
0.0268,0.0000,0.0000,0.0000,0.0267,0.0000,200,0.2505
0.0068,0.0000,0.0000,0.0000,0.0065,0.0000,200,0.2710
0.0167,0.0000,0.0000,0.0000,0.0166,0.0001,200,0.2615
0.0059,0.0000,0.0000,0.0000,0.0058,0.0001,200,0.2728
0.0197,0.0000,0.0000,0.0000,0.0195,0.0001,200,0.2590
0.0051,0.0000,0.0000,0.0000,0.0050,0.0000,200,0.2742
0.0095,0.0000,0.0000,0.0000,0.0093,0.0002,200,0.2700
0.0052,0.0000,0.0000,0.0000,0.0050,0.0001,200,0.2748
0.0118,0.0000,0.0000,0.0003,0.0113,0.0000,200,0.2691
0.0165,0.0000,0.0000,0.0000,0.0164,0.0000,200,0.2643
0.0087,0.0000,0.0000,0.0001,0.0086,0.0000,200,0.2721
0.0202,0.0000,0.0000,0.0000,0.0201,0.0001,200,0.2610
0.0381,0.0000,0.0000,0.0001,0.0380,0.0000,200,0.2434
0.0054,0.0000,0.0000,0.0001,0.0052,0.0000,200,0.2764
0.0526,0.0000,0.0000,0.0000,0.0523,0.0003,200,0.2299
0.0048,0.0000,0.0000,0.0000,0.0048,0.0000,200,0.2778
0.0057,0.0000,0.0000,0.0000,0.0056,0.0001,200,0.2772
0.0024,0.0000,0.0000,0.0000,0.0023,0.0001,200,0.2808
0.0257,0.0000,0.0000,0.0000,0.0257,0.0000,200,0.2576
0.0102,0.0000,0.0000,0.0000,0.0100,0.0002,200,0.2736
0.0171,0.0000,0.0000,0.0000,0.0169,0.0002,200,0.2672
0.0066,0.0000,0.0000,0.0000,0.0064,0.0001,200,0.2783
0.0020,0.0000,0.0000,0.0002,0.0017,0.0001,200,0.2833
0.0095,0.0000,0.0000,0.0000,0.0093,0.0001,200,0.2761
0.0179,0.0000,0.0000,0.0001,0.0177,0.0001,200,0.2679
0.0046,0.0000,0.0000,0.0000,0.0045,0.0000,200,0.2818
0.0072,0.0000,0.0000,0.0000,0.0072,0.0000,200,0.2796
0.0359,0.0000,0.0000,0.0000,0.0359,0.0000,200,0.2509
0.0071,0.0000,0.0000,0.0006,0.0063,0.0001,200,0.2801
0.0189,0.0000,0.0000,0.0001,0.0188,0.0000,200,0.2687
0.0578,0.0000,0.0000,0.0000,0.0574,0.0003,200,0.2298
0.0066,0.0000,0.0000,0.0000,0.0065,0.0000,200,0.2815
0.0024,0.0000,0.0000,0.0000,0.0023,0.0000,200,0.2864
0.0030,0.0000,0.0000,0.0000,0.0027,0.0002,200,0.2858
0.0142,0.0000,0.0000,0.0004,0.0138,0.0000,200,0.2750
0.0049,0.0000,0.0000,0.0000,0.0048,0.0000,200,0.2848
0.0319,0.0000,0.0000,0.0000,0.0318,0.0000,200,0.2581
0.0119,0.0000,0.0000,0.0000,0.0117,0.0001,200,0.2788
0.0662,0.0000,0.0000,0.0001,0.0660,0.0000,200,0.2247
0.0094,0.0000,0.0000,0.0000,0.0094,0.0000,200,0.2826
0.0296,0.0000,0.0000,0.0000,0.0296,0.0000,200,0.2625
0.0207,0.0000,0.0000,0.0001,0.0204,0.0000,200,0.2715
0.0215,0.0000,0.0000,0.0000,0.0215,0.0000,200,0.2707
0.0103,0.0000,0.0000,0.0000,0.0101,0.0001,200,0.2825
0.0377,0.0000,0.0000,0.0000,0.0374,0.0001,200,0.2554
0.0210,0.0000,0.0000,0.0000,0.0209,0.0001,200,0.2722
0.0104,0.0000,0.0000,0.0001,0.0100,0.0000,200,0.2834
0.0103,0.0000,0.0000,0.0000,0.0102,0.0000,200,0.2839
0.0056,0.0000,0.0000,0.0000,0.0055,0.0001,200,0.2892
0.0073,0.0000,0.0000,0.0000,0.0072,0.0000,200,0.2876
0.0124,0.0000,0.0000,0.0000,0.0123,0.0000,200,0.2829
0.0075,0.0000,0.0000,0.0000,0.0074,0.0001,200,0.2881
0.0153,0.0000,0.0000,0.0000,0.0152,0.0001,200,0.2808
0.0572,0.0000,0.0000,0.0000,0.0571,0.0001,200,0.2393
0.0045,0.0000,0.0000,0.0000,0.0044,0.0001,200,0.2921
0.0319,0.0000,0.0000,0.0000,0.0319,0.0000,200,0.2652
0.0211,0.0000,0.0000,0.0000,0.0210,0.0000,200,0.2767
0.0091,0.0000,0.0000,0.0000,0.0090,0.0000,200,0.2888
0.0048,0.0000,0.0000,0.0000,0.0047,0.0001,200,0.2937
0.0254,0.0000,0.0000,0.0000,0.0252,0.0002,200,0.2737
0.0093,0.0000,0.0000,0.0000,0.0092,0.0001,200,0.2900
0.0259,0.0000,0.0000,0.0000,0.0257,0.0001,200,0.2736
0.0023,0.0000,0.0000,0.0000,0.0020,0.0002,200,0.2979
0.0054,0.0000,0.0000,0.0000,0.0050,0.0000,200,0.2949
0.0083,0.0000,0.0000,0.0000,0.0082,0.0001,200,0.2922
0.0073,0.0000,0.0000,0.0000,0.0072,0.0000,200,0.2933
0.0143,0.0000,0.0000,0.0000,0.0141,0.0001,200,0.2868
0.0051,0.0000,0.0000,0.0000,0.0048,0.0003,200,0.2965
0.0151,0.0000,0.0000,0.0000,0.0150,0.0001,200,0.2869
0.0136,0.0000,0.0000,0.0000,0.0131,0.0001,200,0.2888
0.0035,0.0000,0.0000,0.0000,0.0034,0.0000,200,0.2992
0.0010,0.0000,0.0000,0.0000,0.0009,0.0000,200,0.3019
0.0034,0.0000,0.0000,0.0000,0.0033,0.0001,200,0.3001
0.0182,0.0000,0.0000,0.0000,0.0180,0.0000,200,0.2856
0.0073,0.0000,0.0000,0.0000,0.0071,0.0002,200,0.2971
0.0264,0.0000,0.0000,0.0000,0.0263,0.0001,200,0.2787
0.0389,0.0000,0.0000,0.0000,0.0386,0.0002,200,0.2661
0.0126,0.0000,0.0000,0.0000,0.0125,0.0000,200,0.2931
0.0138,0.0000,0.0000,0.0000,0.0136,0.0001,200,0.2927
0.0038,0.0000,0.0000,0.0000,0.0037,0.0000,200,0.3029
0.0017,0.0000,0.0000,0.0001,0.0016,0.0001,200,0.3050
0.0403,0.0000,0.0000,0.0000,0.0399,0.0003,200,0.2672
0.0069,0.0000,0.0000,0.0000,0.0069,0.0000,200,0.3006
0.0032,0.0000,0.0000,0.0004,0.0026,0.0000,200,0.3045
0.0409,0.0000,0.0000,0.0001,0.0407,0.0000,200,0.2673
0.0286,0.0000,0.0000,0.0000,0.0285,0.0001,200,0.2809
0.0051,0.0000,0.0000,0.0000,0.0050,0.0001,200,0.3050
0.0101,0.0000,0.0000,0.0000,0.0100,0.0001,200,0.3005
0.0108,0.0000,0.0000,0.0000,0.0107,0.0000,200,0.3002
0.0094,0.0000,0.0000,0.0000,0.0093,0.0000,200,0.3017
0.0196,0.0000,0.0000,0.0000,0.0195,0.0001,200,0.2922
0.0031,0.0000,0.0000,0.0000,0.0027,0.0004,200,0.3095
0.0061,0.0000,0.0000,0.0000,0.0060,0.0000,200,0.3067
0.0079,0.0000,0.0000,0.0000,0.0078,0.0001,200,0.3057
0.0059,0.0000,0.0000,0.0000,0.0058,0.0001,200,0.3082
0.0388,0.0000,0.0000,0.0000,0.0387,0.0000,200,0.2754
0.0676,0.0000,0.0000,0.0002,0.0673,0.0000,200,0.2470
0.0118,0.0000,0.0000,0.0000,0.0117,0.0000,200,0.3035
0.0134,0.0000,0.0000,0.0000,0.0131,0.0002,200,0.3027
0.0059,0.0000,0.0000,0.0000,0.0058,0.0000,200,0.3102
0.0549,0.0000,0.0000,0.0000,0.0544,0.0001,200,0.2617
0.0291,0.0000,0.0000,0.0000,0.0291,0.0000,200,0.2876
0.0553,0.0000,0.0000,0.0000,0.0552,0.0000,200,0.2623
0.0256,0.0000,0.0000,0.0000,0.0254,0.0000,200,0.2920
0.0141,0.0000,0.0000,0.0000,0.0137,0.0004,200,0.3038
0.0055,0.0000,0.0000,0.0000,0.0054,0.0000,200,0.3128
0.0075,0.0000,0.0000,0.0000,0.0074,0.0001,200,0.3110
0.0280,0.0000,0.0000,0.0000,0.0279,0.0000,200,0.2906
0.0050,0.0000,0.0000,0.0000,0.0049,0.0000,200,0.3142
0.1324,0.0000,0.0000,0.0000,0.1323,0.0000,200,0.1871
0.0252,0.0000,0.0000,0.0000,0.0247,0.0002,200,0.2949
0.0028,0.0000,0.0000,0.0000,0.0026,0.0001,200,0.3179
0.0040,0.0000,0.0000,0.0000,0.0039,0.0000,200,0.3167
0.0358,0.0000,0.0000,0.0000,0.0356,0.0000,200,0.2852
0.0192,0.0000,0.0000,0.0000,0.0190,0.0002,200,0.3024
0.0206,0.0000,0.0000,0.0000,0.0205,0.0001,200,0.3010
0.0521,0.0000,0.0000,0.0000,0.0520,0.0001,200,0.2702
0.0314,0.0000,0.0000,0.0000,0.0314,0.0000,200,0.2909
0.0092,0.0000,0.0000,0.0000,0.0091,0.0001,200,0.3136
0.0290,0.0000,0.0000,0.0000,0.0289,0.0000,200,0.2941
0.0245,0.0000,0.0000,0.0001,0.0243,0.0000,200,0.2992
0.0088,0.0000,0.0000,0.0000,0.0087,0.0000,200,0.3153
0.0020,0.0000,0.0000,0.0000,0.0019,0.0000,200,0.3223
0.0060,0.0000,0.0000,0.0001,0.0058,0.0001,200,0.3186
0.0127,0.0000,0.0000,0.0000,0.0127,0.0000,200,0.3126
0.0047,0.0000,0.0000,0.0000,0.0046,0.0001,200,0.3207
0.0046,0.0000,0.0000,0.0000,0.0045,0.0000,200,0.3208
0.0362,0.0000,0.0000,0.0000,0.0360,0.0000,200,0.2897
0.0308,0.0000,0.0000,0.0000,0.0307,0.0000,200,0.2956
0.0026,0.0000,0.0000,0.0000,0.0024,0.0000,200,0.3241
0.0585,0.0000,0.0000,0.0001,0.0581,0.0002,200,0.2686
0.0092,0.0000,0.0000,0.0000,0.0091,0.0001,200,0.3183
0.0510,0.0000,0.0000,0.0000,0.0510,0.0000,200,0.2773
0.0471,0.0000,0.0000,0.0000,0.0471,0.0000,200,0.2812
0.0073,0.0000,0.0000,0.0000,0.0072,0.0000,200,0.3216
0.0225,0.0000,0.0000,0.0000,0.0224,0.0000,200,0.3067
0.0104,0.0000,0.0000,0.0000,0.0103,0.0000,200,0.3195
0.0085,0.0000,0.0000,0.0000,0.0084,0.0000,200,0.3217
0.0191,0.0000,0.0000,0.0000,0.0189,0.0000,200,0.3110
0.0063,0.0000,0.0000,0.0000,0.0058,0.0004,200,0.3243
0.0045,0.0000,0.0000,0.0000,0.0045,0.0000,200,0.3264
0.0064,0.0000,0.0000,0.0000,0.0063,0.0000,200,0.3246
0.0520,0.0000,0.0000,0.0000,0.0519,0.0000,200,0.2793
0.0328,0.0000,0.0000,0.0001,0.0326,0.0000,200,0.2985
0.0058,0.0000,0.0000,0.0004,0.0051,0.0002,200,0.3259
0.0086,0.0000,0.0000,0.0000,0.0084,0.0001,200,0.3231
0.0138,0.0000,0.0000,0.0000,0.0136,0.0001,200,0.3185
0.0158,0.0000,0.0000,0.0001,0.0157,0.0000,200,0.3166
0.0248,0.0000,0.0000,0.0000,0.0244,0.0002,200,0.3076
0.0485,0.0000,0.0000,0.0000,0.0482,0.0002,200,0.2844
0.0024,0.0000,0.0000,0.0001,0.0021,0.0001,200,0.3306
0.0742,0.0000,0.0000,0.0001,0.0741,0.0000,200,0.2590
0.0082,0.0000,0.0000,0.0000,0.0082,0.0000,200,0.3254
0.0087,0.0000,0.0000,0.0000,0.0086,0.0001,200,0.3254
0.0205,0.0000,0.0000,0.0000,0.0203,0.0002,200,0.3140
0.0040,0.0000,0.0000,0.0000,0.0040,0.0000,200,0.3310
0.0102,0.0000,0.0000,0.0000,0.0101,0.0000,200,0.3254
0.0035,0.0000,0.0000,0.0000,0.0034,0.0000,200,0.3328
0.0290,0.0000,0.0000,0.0000,0.0287,0.0003,200,0.3074
0.0134,0.0000,0.0000,0.0000,0.0132,0.0002,200,0.3237
0.0300,0.0000,0.0000,0.0002,0.0288,0.0009,200,0.3075
0.0074,0.0000,0.0000,0.0000,0.0072,0.0001,200,0.3312
0.0102,0.0000,0.0000,0.0000,0.0101,0.0000,200,0.3292
0.0083,0.0000,0.0000,0.0000,0.0082,0.0000,200,0.3313
0.0135,0.0000,0.0000,0.0000,0.0133,0.0001,200,0.3267
0.0228,0.0000,0.0000,0.0000,0.0226,0.0001,200,0.3176
0.0118,0.0000,0.0000,0.0000,0.0117,0.0001,200,0.3289
0.0017,0.0000,0.0000,0.0000,0.0016,0.0000,200,0.3395
0.0456,0.0000,0.0000,0.0000,0.0455,0.0001,200,0.2961
0.0218,0.0000,0.0000,0.0000,0.0215,0.0000,200,0.3201
0.0769,0.0000,0.0000,0.0000,0.0768,0.0001,200,0.2652
0.0203,0.0000,0.0000,0.0000,0.0202,0.0001,200,0.3223
0.0160,0.0000,0.0000,0.0000,0.0159,0.0001,200,0.3271
0.0105,0.0000,0.0000,0.0002,0.0102,0.0001,200,0.3329
0.0121,0.0000,0.0000,0.0000,0.0121,0.0000,200,0.3317
0.0378,0.0000,0.0000,0.0000,0.0377,0.0001,200,0.3065
0.0068,0.0000,0.0000,0.0003,0.0064,0.0001,200,0.3375
0.0168,0.0000,0.0000,0.0000,0.0166,0.0001,200,0.3283
0.0028,0.0000,0.0000,0.0000,0.0026,0.0001,200,0.3426
0.0350,0.0000,0.0000,0.0000,0.0349,0.0000,200,0.3107
0.0302,0.0000,0.0000,0.0000,0.0300,0.0001,200,0.3161
0.0069,0.0000,0.0000,0.0000,0.0067,0.0000,200,0.3395
0.0035,0.0000,0.0000,0.0000,0.0034,0.0001,200,0.3439
0.0118,0.0000,0.0000,0.0006,0.0107,0.0005,200,0.3356
0.0174,0.0000,0.0000,0.0000,0.0173,0.0000,200,0.3301
0.0141,0.0000,0.0000,0.0000,0.0141,0.0000,200,0.3336
0.0023,0.0000,0.0000,0.0000,0.0022,0.0000,200,0.3457
0.0152,0.0000,0.0000,0.0000,0.0151,0.0001,200,0.3333
0.0150,0.0000,0.0000,0.0000,0.0149,0.0001,200,0.3341
0.0168,0.0000,0.0000,0.0000,0.0167,0.0000,200,0.3324
0.0130,0.0000,0.0000,0.0005,0.0111,0.0000,200,0.3365
0.0115,0.0000,0.0000,0.0000,0.0114,0.0001,200,0.3387
0.0018,0.0000,0.0000,0.0000,0.0017,0.0000,200,0.3485
0.0040,0.0000,0.0000,0.0000,0.0040,0.0000,200,0.3464
0.0632,0.0000,0.0000,0.0001,0.0631,0.0000,200,0.2872
0.0165,0.0000,0.0000,0.0000,0.0163,0.0001,200,0.3345
0.0078,0.0000,0.0000,0.0000,0.0077,0.0000,200,0.3435
0.0397,0.0000,0.0000,0.0000,0.0396,0.0001,200,0.3118
0.0069,0.0000,0.0000,0.0001,0.0067,0.0001,200,0.3451
0.0245,0.0000,0.0000,0.0000,0.0245,0.0000,200,0.3275
0.0020,0.0000,0.0000,0.0000,0.0020,0.0000,200,0.3504
0.0157,0.0000,0.0000,0.0004,0.0152,0.0000,200,0.3371
0.0580,0.0000,0.0000,0.0000,0.0580,0.0000,200,0.2953
0.0212,0.0000,0.0000,0.0000,0.0211,0.0000,200,0.3323
0.0391,0.0000,0.0000,0.0000,0.0389,0.0001,200,0.3146
0.0367,0.0000,0.0000,0.0000,0.0366,0.0001,200,0.3176
0.0131,0.0000,0.0000,0.0000,0.0131,0.0000,200,0.3412
0.0385,0.0000,0.0000,0.0000,0.0384,0.0000,200,0.3161
0.0225,0.0000,0.0000,0.0000,0.0222,0.0001,200,0.3324
0.0574,0.0000,0.0000,0.0000,0.0572,0.0001,200,0.2978
0.0014,0.0000,0.0000,0.0000,0.0013,0.0001,200,0.3544
0.0597,0.0000,0.0000,0.0000,0.0596,0.0001,200,0.2967
0.0102,0.0000,0.0000,0.0000,0.0101,0.0000,200,0.3463
0.0053,0.0000,0.0000,0.0001,0.0051,0.0000,200,0.3515
0.0272,0.0000,0.0000,0.0000,0.0271,0.0000,200,0.3301
0.0135,0.0000,0.0000,0.0000,0.0133,0.0001,200,0.3443
0.0229,0.0000,0.0000,0.0000,0.0228,0.0000,200,0.3350
0.0089,0.0000,0.0000,0.0000,0.0088,0.0001,200,0.3494
0.0115,0.0000,0.0000,0.0000,0.0114,0.0000,200,0.3475
0.0281,0.0000,0.0000,0.0000,0.0278,0.0002,200,0.3309
0.0030,0.0000,0.0000,0.0000,0.0029,0.0000,200,0.3563
0.0288,0.0000,0.0000,0.0000,0.0282,0.0005,200,0.3317
0.0056,0.0000,0.0000,0.0000,0.0055,0.0000,200,0.3549
0.0079,0.0000,0.0000,0.0000,0.0077,0.0000,200,0.3533
0.0105,0.0000,0.0000,0.0000,0.0103,0.0001,200,0.3510
0.0101,0.0000,0.0000,0.0000,0.0100,0.0000,200,0.3520
0.0327,0.0000,0.0000,0.0000,0.0324,0.0002,200,0.3299
0.0158,0.0000,0.0000,0.0000,0.0156,0.0002,200,0.3475
0.0163,0.0000,0.0000,0.0001,0.0153,0.0001,200,0.3473
0.0072,0.0000,0.0000,0.0003,0.0068,0.0000,200,0.3565
0.0116,0.0000,0.0000,0.0000,0.0115,0.0001,200,0.3525
0.0098,0.0000,0.0000,0.0000,0.0093,0.0001,200,0.3546
0.0168,0.0000,0.0000,0.0001,0.0165,0.0000,200,0.3479
0.0369,0.0000,0.0000,0.0000,0.0367,0.0001,200,0.3283
0.0043,0.0000,0.0000,0.0000,0.0042,0.0001,200,0.3614
0.0466,0.0000,0.0000,0.0000,0.0466,0.0000,200,0.3192
0.0174,0.0000,0.0000,0.0000,0.0172,0.0001,200,0.3491
0.0104,0.0000,0.0000,0.0001,0.0102,0.0000,200,0.3568
0.0218,0.0000,0.0000,0.0000,0.0217,0.0000,200,0.3454
0.0168,0.0000,0.0000,0.0000,0.0167,0.0000,200,0.3504
0.0021,0.0000,0.0000,0.0000,0.0021,0.0000,200,0.3658
0.0092,0.0000,0.0000,0.0000,0.0092,0.0000,200,0.3590
0.0048,0.0000,0.0000,0.0000,0.0047,0.0000,200,0.3641
0.0023,0.0000,0.0000,0.0000,0.0022,0.0001,200,0.3672
0.0062,0.0000,0.0000,0.0000,0.0061,0.0000,200,0.3633
0.0054,0.0000,0.0000,0.0000,0.0053,0.0000,200,0.3647
0.0090,0.0000,0.0000,0.0000,0.0089,0.0001,200,0.3612
0.0103,0.0000,0.0000,0.0000,0.0102,0.0001,200,0.3605
0.0041,0.0000,0.0000,0.0000,0.0040,0.0001,200,0.3672
0.0487,0.0000,0.0000,0.0000,0.0486,0.0000,200,0.3228
0.0319,0.0000,0.0000,0.0000,0.0317,0.0001,200,0.3404
0.0514,0.0000,0.0000,0.0000,0.0508,0.0002,200,0.3210
0.0329,0.0000,0.0000,0.0000,0.0329,0.0000,200,0.3402
0.0313,0.0000,0.0000,0.0000,0.0308,0.0005,200,0.3419
0.0318,0.0000,0.0000,0.0001,0.0315,0.0002,200,0.3421
0.0204,0.0000,0.0000,0.0000,0.0204,0.0000,200,0.3537
0.0167,0.0000,0.0000,0.0000,0.0166,0.0001,200,0.3580
0.0169,0.0000,0.0000,0.0000,0.0168,0.0001,200,0.3584
0.0242,0.0000,0.0000,0.0000,0.0241,0.0000,200,0.3513
0.0228,0.0000,0.0000,0.0000,0.0227,0.0000,200,0.3528
0.0769,0.0000,0.0000,0.0000,0.0766,0.0002,200,0.2995
0.0118,0.0000,0.0000,0.0000,0.0117,0.0001,200,0.3652
0.0040,0.0000,0.0000,0.0000,0.0037,0.0002,200,0.3740
0.0057,0.0000,0.0000,0.0000,0.0056,0.0000,200,0.3723
0.0101,0.0000,0.0000,0.0000,0.0100,0.0000,200,0.3680
0.0080,0.0000,0.0000,0.0000,0.0079,0.0000,200,0.3701
0.0099,0.0000,0.0000,0.0000,0.0098,0.0000,200,0.3683
0.0050,0.0000,0.0000,0.0000,0.0046,0.0003,200,0.3732
0.0099,0.0000,0.0000,0.0000,0.0098,0.0001,200,0.3689
0.0047,0.0000,0.0000,0.0000,0.0044,0.0003,200,0.3741
0.0153,0.0000,0.0000,0.0000,0.0152,0.0001,200,0.3636
0.0243,0.0000,0.0000,0.0000,0.0242,0.0000,200,0.3552
0.0278,0.0000,0.0000,0.0000,0.0276,0.0001,200,0.3520
0.0137,0.0000,0.0000,0.0000,0.0136,0.0000,200,0.3672
0.0307,0.0000,0.0000,0.0000,0.0306,0.0000,200,0.3503
0.0267,0.0000,0.0000,0.0000,0.0266,0.0000,200,0.3543
0.0042,0.0000,0.0000,0.0001,0.0040,0.0001,200,0.3770
0.0156,0.0000,0.0000,0.0012,0.0143,0.0000,200,0.3664
0.0233,0.0000,0.0000,0.0000,0.0232,0.0000,200,0.3590
0.0251,0.0000,0.0000,0.0000,0.0249,0.0000,200,0.3573
0.0413,0.0000,0.0000,0.0001,0.0412,0.0000,200,0.3417
0.0137,0.0000,0.0000,0.0000,0.0136,0.0001,200,0.3695
0.0047,0.0000,0.0000,0.0002,0.0045,0.0000,200,0.3788
0.0059,0.0000,0.0000,0.0000,0.0057,0.0001,200,0.3782
0.0151,0.0000,0.0000,0.0000,0.0150,0.0001,200,0.3695
0.0024,0.0000,0.0000,0.0000,0.0023,0.0000,200,0.3823
0.0040,0.0000,0.0000,0.0004,0.0036,0.0001,200,0.3813
0.0142,0.0000,0.0000,0.0000,0.0141,0.0000,200,0.3713
0.0052,0.0000,0.0000,0.0000,0.0050,0.0001,200,0.3809
0.0269,0.0000,0.0000,0.0000,0.0268,0.0000,200,0.3593
0.0089,0.0000,0.0000,0.0000,0.0088,0.0000,200,0.3781
0.0439,0.0000,0.0000,0.0000,0.0438,0.0000,200,0.3431
0.0237,0.0000,0.0000,0.0000,0.0234,0.0002,200,0.3637
0.0159,0.0000,0.0000,0.0000,0.0159,0.0000,200,0.3715
0.0099,0.0000,0.0000,0.0000,0.0099,0.0000,200,0.3781
0.0326,0.0000,0.0000,0.0000,0.0326,0.0000,200,0.3558
0.0026,0.0000,0.0000,0.0000,0.0025,0.0000,200,0.3862
0.0112,0.0000,0.0000,0.0000,0.0112,0.0000,200,0.3782
0.0054,0.0000,0.0000,0.0000,0.0052,0.0000,200,0.3841
0.0087,0.0000,0.0000,0.0000,0.0086,0.0001,200,0.3809
0.0115,0.0000,0.0000,0.0000,0.0114,0.0000,200,0.3790
0.0126,0.0000,0.0000,0.0000,0.0124,0.0002,200,0.3779
0.0013,0.0000,0.0000,0.0000,0.0011,0.0001,200,0.3895
0.0168,0.0000,0.0000,0.0001,0.0166,0.0000,200,0.3746
0.0030,0.0000,0.0000,0.0000,0.0027,0.0002,200,0.3884
0.0474,0.0000,0.0000,0.0000,0.0474,0.0000,200,0.3444
0.0430,0.0000,0.0000,0.0000,0.0429,0.0001,200,0.3491
0.0201,0.0000,0.0000,0.0000,0.0199,0.0001,200,0.3725
0.0157,0.0000,0.0000,0.0000,0.0157,0.0000,200,0.3780
0.0084,0.0000,0.0000,0.0000,0.0083,0.0001,200,0.3853
0.0035,0.0000,0.0000,0.0000,0.0033,0.0002,200,0.3908
0.0024,0.0000,0.0000,0.0000,0.0024,0.0000,200,0.3918
0.1633,0.0000,0.0000,0.0000,0.1630,0.0000,200,0.2315
0.0108,0.0000,0.0000,0.0000,0.0107,0.0001,200,0.3847
0.0550,0.0000,0.0000,0.0000,0.0546,0.0003,200,0.3407
0.0043,0.0000,0.0000,0.0000,0.0042,0.0000,200,0.3914
0.0134,0.0000,0.0000,0.0000,0.0133,0.0000,200,0.3830
0.0489,0.0000,0.0000,0.0000,0.0488,0.0001,200,0.3478
0.0238,0.0000,0.0000,0.0000,0.0237,0.0000,200,0.3731
0.0089,0.0000,0.0000,0.0000,0.0089,0.0000,200,0.3888
0.0337,0.0000,0.0000,0.0001,0.0335,0.0000,200,0.3658
0.0246,0.0000,0.0000,0.0000,0.0245,0.0000,200,0.3756
0.0429,0.0000,0.0000,0.0000,0.0428,0.0000,200,0.3578
0.0140,0.0000,0.0000,0.0002,0.0138,0.0000,200,0.3874
0.0322,0.0000,0.0000,0.0002,0.0318,0.0001,200,0.3702
0.0168,0.0000,0.0000,0.0000,0.0165,0.0000,200,0.3861
0.0197,0.0000,0.0000,0.0000,0.0196,0.0000,200,0.3832
0.0237,0.0000,0.0000,0.0000,0.0237,0.0000,200,0.3795
0.0103,0.0000,0.0000,0.0000,0.0102,0.0001,200,0.3937
0.0441,0.0000,0.0000,0.0000,0.0439,0.0002,200,0.3605
0.0099,0.0000,0.0000,0.0000,0.0098,0.0001,200,0.3948
0.0185,0.0000,0.0000,0.0000,0.0185,0.0000,200,0.3874
0.0310,0.0000,0.0000,0.0000,0.0309,0.0000,200,0.3755
0.0103,0.0000,0.0000,0.0001,0.0101,0.0001,200,0.3967
0.0055,0.0000,0.0000,0.0000,0.0054,0.0001,200,0.4024
0.0210,0.0000,0.0000,0.0000,0.0208,0.0001,200,0.3869
0.0024,0.0000,0.0000,0.0000,0.0022,0.0001,200,0.4059
0.0170,0.0000,0.0000,0.0001,0.0169,0.0000,200,0.3914
0.0232,0.0000,0.0000,0.0000,0.0231,0.0001,200,0.3855
0.0280,0.0000,0.0000,0.0000,0.0279,0.0000,200,0.3810
0.0561,0.0000,0.0000,0.0000,0.0560,0.0001,200,0.3535
0.0392,0.0000,0.0000,0.0001,0.0390,0.0000,200,0.3708
0.0062,0.0000,0.0000,0.0000,0.0061,0.0001,200,0.4040
0.0346,0.0000,0.0000,0.0000,0.0345,0.0000,200,0.3764
0.0312,0.0000,0.0000,0.0000,0.0311,0.0001,200,0.3798
0.0023,0.0000,0.0000,0.0001,0.0021,0.0000,200,0.4090
0.0033,0.0000,0.0000,0.0000,0.0032,0.0001,200,0.4084
0.0106,0.0000,0.0000,0.0000,0.0105,0.0001,200,0.4014
0.0221,0.0000,0.0000,0.0000,0.0217,0.0001,200,0.3904
0.0627,0.0000,0.0000,0.0000,0.0627,0.0000,200,0.3502
0.0178,0.0000,0.0000,0.0000,0.0177,0.0000,200,0.3956
0.0197,0.0000,0.0000,0.0000,0.0197,0.0000,200,0.3937
0.0033,0.0000,0.0000,0.0000,0.0032,0.0000,200,0.4103
0.0219,0.0000,0.0000,0.0000,0.0218,0.0000,200,0.3921
0.0026,0.0000,0.0000,0.0000,0.0025,0.0001,200,0.4117
0.0186,0.0000,0.0000,0.0000,0.0185,0.0000,200,0.3964
0.0025,0.0000,0.0000,0.0000,0.0024,0.0000,200,0.4125
0.0054,0.0000,0.0000,0.0000,0.0053,0.0001,200,0.4100
0.0265,0.0000,0.0000,0.0000,0.0264,0.0000,200,0.3894
0.0014,0.0000,0.0000,0.0000,0.0013,0.0000,200,0.4149
0.0348,0.0000,0.0000,0.0000,0.0346,0.0001,200,0.3820
0.0026,0.0000,0.0000,0.0000,0.0023,0.0000,200,0.4144
0.0146,0.0000,0.0000,0.0000,0.0145,0.0001,200,0.4029
0.0274,0.0000,0.0000,0.0000,0.0274,0.0000,200,0.3906
0.0065,0.0000,0.0000,0.0000,0.0064,0.0000,200,0.4120
0.0233,0.0000,0.0000,0.0000,0.0232,0.0001,200,0.3957
0.0310,0.0000,0.0000,0.0000,0.0310,0.0000,200,0.3880
0.0012,0.0000,0.0000,0.0000,0.0012,0.0000,200,0.4182
0.0301,0.0000,0.0000,0.0001,0.0299,0.0000,200,0.3896
0.0149,0.0000,0.0000,0.0000,0.0136,0.0012,200,0.4070
0.0144,0.0000,0.0000,0.0000,0.0129,0.0015,200,0.4079
0.0113,0.0000,0.0000,0.0000,0.0100,0.0013,200,0.4110
0.0146,0.0000,0.0000,0.0000,0.0128,0.0018,200,0.4079
0.0219,0.0000,0.0000,0.0001,0.0218,0.0000,200,0.4007
0.0092,0.0000,0.0000,0.0000,0.0091,0.0000,200,0.4135
0.0302,0.0000,0.0000,0.0000,0.0301,0.0000,200,0.3925
0.0610,0.0000,0.0000,0.0000,0.0610,0.0001,200,0.3623
0.0011,0.0000,0.0000,0.0000,0.0010,0.0001,200,0.4227
0.0081,0.0000,0.0000,0.0000,0.0080,0.0001,200,0.4163
0.0163,0.0000,0.0000,0.0000,0.0162,0.0000,200,0.4083
0.0204,0.0000,0.0000,0.0000,0.0203,0.0000,200,0.4047
0.0893,0.0000,0.0000,0.0002,0.0890,0.0001,200,0.3363
0.0229,0.0000,0.0000,0.0000,0.0228,0.0001,200,0.4032
0.0421,0.0000,0.0000,0.0000,0.0420,0.0000,200,0.3846
0.0049,0.0000,0.0000,0.0001,0.0045,0.0003,200,0.4225
0.0099,0.0000,0.0000,0.0000,0.0098,0.0000,200,0.4175
0.0312,0.0000,0.0000,0.0000,0.0311,0.0001,200,0.3969
0.0105,0.0000,0.0000,0.0000,0.0099,0.0005,200,0.4185
0.0226,0.0000,0.0000,0.0000,0.0226,0.0000,200,0.4065
0.0072,0.0000,0.0000,0.0000,0.0071,0.0000,200,0.4223
0.0103,0.0000,0.0000,0.0000,0.0102,0.0000,200,0.4197
0.0065,0.0000,0.0000,0.0000,0.0064,0.0000,200,0.4238
0.0327,0.0000,0.0000,0.0000,0.0324,0.0002,200,0.3977
0.0148,0.0000,0.0000,0.0000,0.0147,0.0001,200,0.4159
0.0480,0.0000,0.0000,0.0000,0.0479,0.0000,200,0.3834
0.0021,0.0000,0.0000,0.0000,0.0020,0.0000,200,0.4295
0.0277,0.0000,0.0000,0.0000,0.0273,0.0003,200,0.4046
0.0129,0.0000,0.0000,0.0001,0.0127,0.0000,200,0.4194
0.0161,0.0000,0.0000,0.0000,0.0160,0.0000,200,0.4168
0.0018,0.0000,0.0000,0.0000,0.0018,0.0000,200,0.4315
0.0250,0.0000,0.0000,0.0000,0.0249,0.0000,200,0.4088
0.0346,0.0000,0.0000,0.0000,0.0345,0.0002,200,0.3994
0.0115,0.0000,0.0000,0.0000,0.0111,0.0004,200,0.4233
0.0081,0.0000,0.0000,0.0000,0.0081,0.0000,200,0.4267
0.0729,0.0000,0.0000,0.0005,0.0723,0.0001,200,0.3626
0.0713,0.0000,0.0000,0.0002,0.0706,0.0004,200,0.3644
0.0107,0.0000,0.0000,0.0001,0.0105,0.0001,200,0.4257
0.0142,0.0000,0.0000,0.0000,0.0137,0.0005,200,0.4223
0.0019,0.0000,0.0000,0.0000,0.0018,0.0001,200,0.4348
0.0043,0.0000,0.0000,0.0000,0.0042,0.0001,200,0.4329
0.0150,0.0000,0.0000,0.0000,0.0150,0.0000,200,0.4227
0.0351,0.0000,0.0000,0.0000,0.0350,0.0000,200,0.4029
0.0234,0.0000,0.0000,0.0000,0.0233,0.0001,200,0.4149
0.0218,0.0000,0.0000,0.0000,0.0217,0.0000,200,0.4170
0.0118,0.0000,0.0000,0.0001,0.0116,0.0001,200,0.4274
0.0092,0.0000,0.0000,0.0000,0.0092,0.0000,200,0.4304
0.0116,0.0000,0.0000,0.0000,0.0115,0.0000,200,0.4290
0.0083,0.0000,0.0000,0.0000,0.0083,0.0000,200,0.4323
0.0268,0.0000,0.0000,0.0000,0.0267,0.0000,200,0.4140
0.0084,0.0000,0.0000,0.0000,0.0083,0.0000,200,0.4323
0.0298,0.0000,0.0000,0.0000,0.0298,0.0000,200,0.4110
0.0223,0.0000,0.0000,0.0000,0.0222,0.0000,200,0.4190
0.0046,0.0000,0.0000,0.0000,0.0045,0.0000,200,0.4372
0.0176,0.0000,0.0000,0.0000,0.0176,0.0001,200,0.4245
0.0109,0.0000,0.0000,0.0000,0.0108,0.0000,200,0.4314
0.0128,0.0000,0.0000,0.0000,0.0127,0.0000,200,0.4300
0.0077,0.0000,0.0000,0.0001,0.0075,0.0001,200,0.4357
0.0483,0.0000,0.0000,0.0000,0.0482,0.0000,200,0.3957
0.0326,0.0000,0.0000,0.0000,0.0326,0.0000,200,0.4113
0.0021,0.0000,0.0000,0.0000,0.0020,0.0001,200,0.4428
0.0175,0.0000,0.0000,0.0003,0.0171,0.0000,200,0.4275
0.0048,0.0000,0.0000,0.0000,0.0047,0.0001,200,0.4407
0.0052,0.0000,0.0000,0.0000,0.0051,0.0000,200,0.4407
0.0308,0.0000,0.0000,0.0003,0.0305,0.0000,200,0.4154
0.0121,0.0000,0.0000,0.0000,0.0120,0.0000,200,0.4341
0.0028,0.0000,0.0000,0.0000,0.0027,0.0000,200,0.4436
0.0059,0.0000,0.0000,0.0000,0.0058,0.0000,200,0.4413
0.0029,0.0000,0.0000,0.0000,0.0028,0.0000,200,0.4450
0.0048,0.0000,0.0000,0.0000,0.0047,0.0001,200,0.4439
0.0035,0.0000,0.0000,0.0000,0.0035,0.0000,200,0.4455
0.0018,0.0000,0.0000,0.0000,0.0018,0.0000,200,0.4472
0.0069,0.0000,0.0000,0.0000,0.0069,0.0000,200,0.4422
0.0085,0.0000,0.0000,0.0000,0.0085,0.0000,200,0.4406
0.0018,0.0000,0.0000,0.0000,0.0017,0.0000,200,0.4479
0.0075,0.0000,0.0000,0.0001,0.0074,0.0000,200,0.4423
0.0122,0.0000,0.0000,0.0000,0.0120,0.0002,200,0.4384
0.0203,0.0000,0.0000,0.0000,0.0201,0.0001,200,0.4303
0.0505,0.0000,0.0000,0.0000,0.0505,0.0000,200,0.4001
0.0148,0.0000,0.0000,0.0000,0.0147,0.0001,200,0.4364
0.0137,0.0000,0.0000,0.0000,0.0136,0.0001,200,0.4380
0.0084,0.0000,0.0000,0.0000,0.0083,0.0001,200,0.4439
0.0392,0.0000,0.0000,0.0000,0.0392,0.0000,200,0.4134
0.0039,0.0000,0.0000,0.0000,0.0038,0.0000,200,0.4490
0.0305,0.0000,0.0000,0.0000,0.0304,0.0000,200,0.4227
0.0232,0.0000,0.0000,0.0000,0.0230,0.0000,200,0.4307
0.0023,0.0000,0.0000,0.0000,0.0022,0.0000,200,0.4529
0.0022,0.0000,0.0000,0.0000,0.0021,0.0001,200,0.4531
0.0136,0.0000,0.0000,0.0000,0.0135,0.0000,200,0.4417
0.0092,0.0000,0.0000,0.0000,0.0090,0.0000,200,0.4462
0.0047,0.0000,0.0000,0.0001,0.0044,0.0000,200,0.4507
0.0095,0.0000,0.0000,0.0000,0.0094,0.0001,200,0.4464
0.0285,0.0000,0.0000,0.0000,0.0280,0.0004,200,0.4281
0.0440,0.0000,0.0000,0.0000,0.0439,0.0000,200,0.4134
0.0289,0.0000,0.0000,0.0000,0.0285,0.0003,200,0.4291
0.0643,0.0000,0.0000,0.0000,0.0642,0.0001,200,0.3943
0.0643,0.0000,0.0000,0.0000,0.0640,0.0003,200,0.3943
0.0038,0.0000,0.0000,0.0001,0.0037,0.0000,200,0.4559
0.0074,0.0000,0.0000,0.0000,0.0074,0.0000,200,0.4524
0.0342,0.0000,0.0000,0.0000,0.0340,0.0000,200,0.4261
0.0221,0.0000,0.0000,0.0000,0.0219,0.0002,200,0.4388
0.0359,0.0000,0.0000,0.0000,0.0358,0.0000,200,0.4250
0.0371,0.0000,0.0000,0.0000,0.0371,0.0000,200,0.4245
0.0129,0.0000,0.0000,0.0000,0.0128,0.0000,200,0.4490
0.0216,0.0000,0.0000,0.0000,0.0216,0.0000,200,0.4408
0.0286,0.0000,0.0000,0.0000,0.0285,0.0001,200,0.4341
0.0136,0.0000,0.0000,0.0000,0.0135,0.0000,200,0.4497
0.0131,0.0000,0.0000,0.0000,0.0130,0.0000,200,0.4506
0.0178,0.0000,0.0000,0.0000,0.0176,0.0001,200,0.4462
0.0893,0.0000,0.0000,0.0000,0.0888,0.0001,200,0.3752
0.0062,0.0000,0.0000,0.0000,0.0059,0.0000,200,0.4586
0.0278,0.0000,0.0000,0.0000,0.0275,0.0002,200,0.4377
0.0165,0.0000,0.0000,0.0000,0.0164,0.0000,200,0.4491
0.0171,0.0000,0.0000,0.0002,0.0167,0.0000,200,0.4487
0.0292,0.0000,0.0000,0.0000,0.0290,0.0002,200,0.4368
0.0110,0.0000,0.0000,0.0000,0.0109,0.0000,200,0.4553
0.0278,0.0000,0.0000,0.0001,0.0277,0.0000,200,0.4391
0.0055,0.0000,0.0000,0.0000,0.0054,0.0001,200,0.4620
0.0150,0.0000,0.0000,0.0000,0.0149,0.0000,200,0.4526
0.0084,0.0000,0.0000,0.0000,0.0082,0.0002,200,0.4598
0.0026,0.0000,0.0000,0.0001,0.0023,0.0000,200,0.4660
0.0239,0.0000,0.0000,0.0000,0.0238,0.0000,200,0.4448
0.0151,0.0000,0.0000,0.0000,0.0150,0.0001,200,0.4539
0.0146,0.0000,0.0000,0.0000,0.0145,0.0000,200,0.4554
0.0042,0.0000,0.0000,0.0000,0.0041,0.0001,200,0.4659
0.0347,0.0000,0.0000,0.0000,0.0346,0.0000,200,0.4355
0.0072,0.0000,0.0000,0.0000,0.0071,0.0001,200,0.4633
0.0139,0.0000,0.0000,0.0000,0.0137,0.0000,200,0.4566
0.0159,0.0000,0.0000,0.0000,0.0158,0.0000,200,0.4553
0.0017,0.0000,0.0000,0.0000,0.0016,0.0001,200,0.4700
0.0203,0.0000,0.0000,0.0000,0.0202,0.0000,200,0.4517
0.0507,0.0000,0.0000,0.0001,0.0505,0.0001,200,0.4219
0.0057,0.0000,0.0000,0.0000,0.0056,0.0001,200,0.4674
0.0370,0.0000,0.0000,0.0000,0.0369,0.0001,200,0.4365
0.0112,0.0000,0.0000,0.0000,0.0111,0.0000,200,0.4625
0.0230,0.0000,0.0000,0.0000,0.0229,0.0000,200,0.4511
0.0014,0.0000,0.0000,0.0001,0.0012,0.0000,200,0.4737
0.0095,0.0000,0.0000,0.0005,0.0089,0.0001,200,0.4656
0.0053,0.0000,0.0000,0.0000,0.0052,0.0000,200,0.4702
0.0093,0.0000,0.0000,0.0000,0.0092,0.0000,200,0.4663
0.0022,0.0000,0.0000,0.0000,0.0021,0.0001,200,0.4741
0.0369,0.0000,0.0000,0.0000,0.0368,0.0000,200,0.4397
0.0580,0.0000,0.0000,0.0000,0.0579,0.0000,200,0.4190
0.0088,0.0000,0.0000,0.0000,0.0087,0.0000,200,0.4686
0.0023,0.0000,0.0000,0.0000,0.0020,0.0002,200,0.4751
0.0289,0.0000,0.0000,0.0001,0.0275,0.0002,200,0.4492
0.0232,0.0000,0.0000,0.0000,0.0230,0.0001,200,0.4554
0.0235,0.0000,0.0000,0.0000,0.0234,0.0000,200,0.4552
0.0020,0.0000,0.0000,0.0000,0.0018,0.0001,200,0.4774
0.0698,0.0000,0.0000,0.0000,0.0696,0.0002,200,0.4096
0.0341,0.0000,0.0000,0.0000,0.0340,0.0000,200,0.4459
0.0219,0.0000,0.0000,0.0000,0.0215,0.0000,200,0.4586
0.0103,0.0000,0.0000,0.0000,0.0102,0.0000,200,0.4705
0.0990,0.0000,0.0000,0.0000,0.0987,0.0001,200,0.3824
0.0021,0.0000,0.0000,0.0000,0.0020,0.0000,200,0.4794
0.0068,0.0000,0.0000,0.0002,0.0065,0.0001,200,0.4756
0.0216,0.0000,0.0000,0.0000,0.0215,0.0000,200,0.4610
0.0245,0.0000,0.0000,0.0000,0.0243,0.0000,200,0.4580
0.0140,0.0000,0.0000,0.0000,0.0139,0.0000,200,0.4690
0.0082,0.0000,0.0000,0.0000,0.0078,0.0003,200,0.4755
0.0162,0.0000,0.0000,0.0000,0.0161,0.0001,200,0.4677
0.0011,0.0000,0.0000,0.0000,0.0011,0.0000,200,0.4830
0.0083,0.0000,0.0000,0.0000,0.0082,0.0000,200,0.4764
0.0206,0.0000,0.0000,0.0000,0.0204,0.0001,200,0.4645
0.0284,0.0000,0.0000,0.0000,0.0281,0.0002,200,0.4574
0.0020,0.0000,0.0000,0.0000,0.0016,0.0000,200,0.4838
0.0140,0.0000,0.0000,0.0000,0.0139,0.0000,200,0.4726
0.0135,0.0000,0.0000,0.0000,0.0135,0.0000,200,0.4731
0.0030,0.0000,0.0000,0.0000,0.0029,0.0000,200,0.4837
0.0232,0.0000,0.0000,0.0000,0.0232,0.0001,200,0.4637
0.0120,0.0000,0.0000,0.0000,0.0119,0.0000,200,0.4751
0.0032,0.0000,0.0000,0.0000,0.0031,0.0001,200,0.4846
0.0282,0.0000,0.0000,0.0000,0.0276,0.0000,200,0.4598
0.0027,0.0000,0.0000,0.0001,0.0025,0.0001,200,0.4858
0.0279,0.0000,0.0000,0.0001,0.0277,0.0000,200,0.4609
0.0191,0.0000,0.0000,0.0000,0.0190,0.0001,200,0.4705
0.0116,0.0000,0.0000,0.0001,0.0115,0.0000,200,0.4781
0.1044,0.0000,0.0000,0.0001,0.1034,0.0009,200,0.3870
0.0111,0.0000,0.0000,0.0000,0.0110,0.0001,200,0.4805
0.0052,0.0000,0.0000,0.0000,0.0051,0.0001,200,0.4866
0.0159,0.0000,0.0000,0.0000,0.0158,0.0000,200,0.4766
0.0068,0.0000,0.0000,0.0000,0.0067,0.0001,200,0.4871
0.0154,0.0000,0.0000,0.0000,0.0153,0.0000,200,0.4786
0.0232,0.0000,0.0000,0.0000,0.0231,0.0001,200,0.4712
0.0297,0.0000,0.0000,0.0000,0.0296,0.0001,200,0.4648
0.0306,0.0000,0.0000,0.0000,0.0305,0.0000,200,0.4640
0.0103,0.0000,0.0000,0.0000,0.0102,0.0001,200,0.4866
0.0272,0.0000,0.0000,0.0001,0.0271,0.0000,200,0.4701
0.0846,0.0000,0.0000,0.0000,0.0845,0.0000,200,0.4129
0.0264,0.0000,0.0000,0.0000,0.0258,0.0005,200,0.4717
0.0308,0.0000,0.0000,0.0000,0.0307,0.0000,200,0.4682
0.0051,0.0000,0.0000,0.0000,0.0049,0.0002,200,0.4940
0.0170,0.0000,0.0000,0.0000,0.0168,0.0000,200,0.4826
0.0183,0.0000,0.0000,0.0000,0.0182,0.0000,200,0.4814
0.0386,0.0000,0.0000,0.0000,0.0386,0.0000,200,0.4616
0.0025,0.0000,0.0000,0.0000,0.0023,0.0001,200,0.4981
0.0095,0.0000,0.0000,0.0000,0.0093,0.0002,200,0.4916
0.0037,0.0000,0.0000,0.0000,0.0036,0.0001,200,0.4976
0.0150,0.0000,0.0000,0.0000,0.0147,0.0003,200,0.4869
0.0123,0.0000,0.0000,0.0000,0.0122,0.0000,200,0.4897
0.0076,0.0000,0.0000,0.0000,0.0075,0.0000,200,0.4945
0.0423,0.0000,0.0000,0.0000,0.0422,0.0000,200,0.4603
0.0206,0.0000,0.0000,0.0000,0.0205,0.0000,200,0.4824
0.0700,0.0000,0.0000,0.0000,0.0699,0.0000,200,0.4333
0.0250,0.0000,0.0000,0.0000,0.0249,0.0001,200,0.4786
0.0125,0.0000,0.0000,0.0000,0.0124,0.0000,200,0.4914
0.1262,0.0000,0.0000,0.0000,0.1256,0.0005,200,0.3788
0.0131,0.0000,0.0000,0.0000,0.0130,0.0000,200,0.4919
0.0173,0.0000,0.0000,0.0000,0.0172,0.0001,200,0.4878
0.0019,0.0000,0.0000,0.0000,0.0018,0.0000,200,0.5036
0.0059,0.0000,0.0000,0.0000,0.0059,0.0000,200,0.4996
0.0219,0.0000,0.0000,0.0000,0.0218,0.0001,200,0.4842
0.0205,0.0000,0.0000,0.0000,0.0202,0.0002,200,0.4858
0.0266,0.0000,0.0000,0.0000,0.0266,0.0000,200,0.4800
0.0085,0.0000,0.0000,0.0000,0.0083,0.0001,200,0.4990
0.0423,0.0000,0.0000,0.0000,0.0422,0.0000,200,0.4655
0.0458,0.0000,0.0000,0.0000,0.0455,0.0002,200,0.4627
0.0238,0.0000,0.0000,0.0000,0.0236,0.0002,200,0.4851
0.0369,0.0000,0.0000,0.0000,0.0368,0.0000,200,0.4720
0.0036,0.0000,0.0000,0.0000,0.0035,0.0001,200,0.5060
0.0442,0.0000,0.0000,0.0000,0.0442,0.0000,200,0.4670
0.0093,0.0000,0.0000,0.0000,0.0093,0.0000,200,0.5019
0.0188,0.0000,0.0000,0.0000,0.0187,0.0000,200,0.4925
0.0074,0.0000,0.0000,0.0000,0.0073,0.0000,200,0.5040
0.0111,0.0000,0.0000,0.0000,0.0110,0.0000,200,0.5002
0.0087,0.0000,0.0000,0.0000,0.0086,0.0000,200,0.5026
0.0069,0.0000,0.0000,0.0000,0.0067,0.0000,200,0.5050
0.0063,0.0000,0.0000,0.0000,0.0062,0.0000,200,0.5063
0.0123,0.0000,0.0000,0.0000,0.0122,0.0000,200,0.5011
0.0340,0.0000,0.0000,0.0001,0.0339,0.0000,200,0.4794
0.0328,0.0000,0.0000,0.0000,0.0328,0.0000,200,0.4808
0.0364,0.0000,0.0000,0.0000,0.0359,0.0004,200,0.4774
0.0170,0.0000,0.0000,0.0000,0.0170,0.0000,200,0.4973
0.0063,0.0000,0.0000,0.0000,0.0059,0.0001,200,0.5090
0.0071,0.0000,0.0000,0.0000,0.0068,0.0001,200,0.5089
0.0214,0.0000,0.0000,0.0000,0.0214,0.0000,200,0.4946
0.0053,0.0000,0.0000,0.0000,0.0052,0.0001,200,0.5112
0.0057,0.0000,0.0000,0.0000,0.0054,0.0003,200,0.5113
0.0125,0.0000,0.0000,0.0001,0.0123,0.0000,200,0.5049
0.0174,0.0000,0.0000,0.0000,0.0171,0.0003,200,0.5005
0.0017,0.0000,0.0000,0.0000,0.0016,0.0000,200,0.5165
0.0111,0.0000,0.0000,0.0000,0.0109,0.0000,200,0.5075
0.0076,0.0000,0.0000,0.0000,0.0076,0.0000,200,0.5113
0.0084,0.0000,0.0000,0.0000,0.0084,0.0000,200,0.5112
0.0146,0.0000,0.0000,0.0000,0.0146,0.0000,200,0.5051
0.0186,0.0000,0.0000,0.0000,0.0185,0.0000,200,0.5020
0.0238,0.0000,0.0000,0.0000,0.0237,0.0001,200,0.4969
0.0330,0.0000,0.0000,0.0000,0.0329,0.0000,200,0.4880
0.0349,0.0000,0.0000,0.0000,0.0347,0.0002,200,0.4867
0.0038,0.0000,0.0000,0.0002,0.0033,0.0003,200,0.5179
0.0107,0.0000,0.0000,0.0000,0.0105,0.0001,200,0.5113
0.0016,0.0000,0.0000,0.0000,0.0015,0.0000,200,0.5210
0.0223,0.0000,0.0000,0.0000,0.0201,0.0022,200,0.5030
0.0117,0.0000,0.0000,0.0000,0.0116,0.0000,200,0.5136
0.0175,0.0000,0.0000,0.0000,0.0175,0.0000,200,0.5078
0.0121,0.0000,0.0000,0.0004,0.0117,0.0000,200,0.5134
0.0085,0.0000,0.0000,0.0000,0.0084,0.0000,200,0.5170
0.0370,0.0000,0.0000,0.0000,0.0369,0.0000,200,0.4885
0.0265,0.0000,0.0000,0.0000,0.0265,0.0000,200,0.4990
0.0108,0.0000,0.0000,0.0000,0.0107,0.0001,200,0.5153
0.0127,0.0000,0.0000,0.0002,0.0125,0.0001,200,0.5138
0.0370,0.0000,0.0000,0.0000,0.0369,0.0000,200,0.4896
0.0771,0.0000,0.0000,0.0000,0.0770,0.0001,200,0.4498
0.0445,0.0000,0.0000,0.0000,0.0444,0.0000,200,0.4825
0.0207,0.0000,0.0000,0.0000,0.0206,0.0000,200,0.5067
0.0102,0.0000,0.0000,0.0000,0.0102,0.0000,200,0.5175
0.0156,0.0000,0.0000,0.0000,0.0155,0.0001,200,0.5126
0.0064,0.0000,0.0000,0.0000,0.0062,0.0000,200,0.5218
0.0036,0.0000,0.0000,0.0000,0.0034,0.0002,200,0.5254
0.0102,0.0000,0.0000,0.0000,0.0101,0.0000,200,0.5190
0.0208,0.0000,0.0000,0.0000,0.0207,0.0000,200,0.5085
0.0890,0.0000,0.0000,0.0000,0.0889,0.0001,200,0.4406
0.0034,0.0000,0.0000,0.0000,0.0033,0.0001,200,0.5270
0.0800,0.0000,0.0000,0.0000,0.0799,0.0000,200,0.4506
0.0018,0.0000,0.0000,0.0000,0.0017,0.0000,200,0.5290
0.0279,0.0000,0.0000,0.0001,0.0277,0.0001,200,0.5034
0.0099,0.0000,0.0000,0.0000,0.0099,0.0000,200,0.5220
0.0014,0.0000,0.0000,0.0000,0.0013,0.0000,200,0.5306
0.0304,0.0000,0.0000,0.0000,0.0303,0.0000,200,0.5021
0.0064,0.0000,0.0000,0.0000,0.0063,0.0000,200,0.5266
0.0105,0.0000,0.0000,0.0000,0.0102,0.0000,200,0.5226
0.0321,0.0000,0.0000,0.0000,0.0320,0.0001,200,0.5013
0.0121,0.0000,0.0000,0.0000,0.0120,0.0001,200,0.5216
0.0024,0.0000,0.0000,0.0000,0.0023,0.0001,200,0.5320
0.0205,0.0000,0.0000,0.0000,0.0204,0.0000,200,0.5143
0.0462,0.0000,0.0000,0.0000,0.0461,0.0000,200,0.4887
0.0021,0.0000,0.0000,0.0001,0.0019,0.0000,200,0.5334
0.0103,0.0000,0.0000,0.0000,0.0102,0.0000,200,0.5253
0.0044,0.0000,0.0000,0.0000,0.0042,0.0001,200,0.5313
0.0165,0.0000,0.0000,0.0000,0.0163,0.0000,200,0.5198
0.0063,0.0000,0.0000,0.0000,0.0061,0.0001,200,0.5304
0.0428,0.0000,0.0000,0.0000,0.0427,0.0000,200,0.4939
0.0318,0.0000,0.0000,0.0000,0.0317,0.0001,200,0.5055
0.0278,0.0000,0.0000,0.0000,0.0277,0.0001,200,0.5097
0.0105,0.0000,0.0000,0.0000,0.0103,0.0002,200,0.5277
0.0017,0.0000,0.0000,0.0000,0.0015,0.0001,200,0.5367
0.0195,0.0000,0.0000,0.0000,0.0194,0.0000,200,0.5197
0.0020,0.0000,0.0000,0.0000,0.0019,0.0001,200,0.5375
0.0069,0.0000,0.0000,0.0000,0.0068,0.0000,200,0.5330
0.0148,0.0000,0.0000,0.0000,0.0147,0.0001,200,0.5255
0.0247,0.0000,0.0000,0.0000,0.0246,0.0000,200,0.5160
0.0116,0.0000,0.0000,0.0001,0.0114,0.0001,200,0.5293
0.0356,0.0000,0.0000,0.0000,0.0355,0.0000,200,0.5055
0.0208,0.0000,0.0000,0.0000,0.0204,0.0003,200,0.5207
0.0016,0.0000,0.0000,0.0000,0.0015,0.0000,200,0.5403
0.0734,0.0000,0.0000,0.0000,0.0733,0.0000,200,0.4687
0.0142,0.0000,0.0000,0.0000,0.0141,0.0001,200,0.5282
0.0012,0.0000,0.0000,0.0000,0.0011,0.0000,200,0.5415
0.0160,0.0000,0.0000,0.0000,0.0159,0.0000,200,0.5273
0.0321,0.0000,0.0000,0.0000,0.0320,0.0001,200,0.5112
0.0040,0.0000,0.0000,0.0000,0.0038,0.0001,200,0.5399
0.0021,0.0000,0.0000,0.0000,0.0020,0.0000,200,0.5419
0.0633,0.0000,0.0000,0.0000,0.0632,0.0000,200,0.4815
0.0679,0.0000,0.0000,0.0000,0.0678,0.0000,200,0.4770
0.0187,0.0000,0.0000,0.0000,0.0185,0.0002,200,0.5269
0.0029,0.0000,0.0000,0.0000,0.0025,0.0003,200,0.5433
0.0198,0.0000,0.0000,0.0000,0.0196,0.0001,200,0.5265
0.0023,0.0000,0.0000,0.0000,0.0021,0.0001,200,0.5440
0.0177,0.0000,0.0000,0.0001,0.0174,0.0001,200,0.5292
0.0154,0.0000,0.0000,0.0000,0.0152,0.0001,200,0.5319
0.0122,0.0000,0.0000,0.0001,0.0121,0.0001,200,0.5355
0.0297,0.0000,0.0000,0.0000,0.0296,0.0000,200,0.5182
0.0140,0.0000,0.0000,0.0000,0.0137,0.0003,200,0.5344
0.0011,0.0000,0.0000,0.0000,0.0010,0.0001,200,0.5473
0.0354,0.0000,0.0000,0.0000,0.0353,0.0001,200,0.5134
0.0107,0.0000,0.0000,0.0000,0.0106,0.0000,200,0.5384
0.0239,0.0000,0.0000,0.0000,0.0238,0.0000,200,0.5255
0.0105,0.0000,0.0000,0.0000,0.0104,0.0000,200,0.5391
0.0382,0.0000,0.0000,0.0000,0.0381,0.0001,200,0.5119
0.0222,0.0000,0.0000,0.0000,0.0221,0.0001,200,0.5282
0.0161,0.0000,0.0000,0.0000,0.0159,0.0000,200,0.5348
0.0037,0.0000,0.0000,0.0002,0.0029,0.0006,200,0.5479
0.0264,0.0000,0.0000,0.0000,0.0260,0.0004,200,0.5253
0.0223,0.0000,0.0000,0.0000,0.0222,0.0000,200,0.5296
0.0030,0.0000,0.0000,0.0000,0.0029,0.0001,200,0.5496
0.0343,0.0000,0.0000,0.0000,0.0342,0.0000,200,0.5186
0.0042,0.0000,0.0000,0.0000,0.0041,0.0000,200,0.5490
0.0111,0.0000,0.0000,0.0000,0.0110,0.0001,200,0.5426
0.0018,0.0000,0.0000,0.0000,0.0018,0.0000,200,0.5528
0.0099,0.0000,0.0000,0.0000,0.0096,0.0002,200,0.5449
0.0293,0.0000,0.0000,0.0000,0.0293,0.0000,200,0.5254
0.0071,0.0000,0.0000,0.0000,0.0069,0.0000,200,0.5477
0.0186,0.0000,0.0000,0.0000,0.0185,0.0000,200,0.5368
0.0134,0.0000,0.0000,0.0000,0.0133,0.0000,200,0.5424
0.0073,0.0000,0.0000,0.0000,0.0072,0.0000,200,0.5489
0.0407,0.0000,0.0000,0.0000,0.0406,0.0000,200,0.5160
0.0107,0.0000,0.0000,0.0000,0.0107,0.0000,200,0.5463
0.0156,0.0000,0.0000,0.0000,0.0154,0.0001,200,0.5420
0.0093,0.0000,0.0000,0.0000,0.0092,0.0000,200,0.5484
0.0135,0.0000,0.0000,0.0000,0.0134,0.0001,200,0.5447
0.0067,0.0000,0.0000,0.0000,0.0067,0.0000,200,0.5519
0.0250,0.0000,0.0000,0.0000,0.0249,0.0000,200,0.5337
0.0033,0.0000,0.0000,0.0000,0.0033,0.0000,200,0.5558
0.0049,0.0000,0.0000,0.0000,0.0048,0.0001,200,0.5547
0.0023,0.0000,0.0000,0.0000,0.0022,0.0000,200,0.5577
0.0102,0.0000,0.0000,0.0000,0.0101,0.0000,200,0.5504
0.1261,0.0000,0.0000,0.0000,0.1260,0.0001,200,0.4349
0.0360,0.0000,0.0000,0.0005,0.0355,0.0001,200,0.5256
0.0030,0.0000,0.0000,0.0000,0.0029,0.0000,200,0.5587
0.0124,0.0000,0.0000,0.0000,0.0124,0.0000,200,0.5494
0.0264,0.0000,0.0000,0.0000,0.0263,0.0000,200,0.5357
0.0226,0.0000,0.0000,0.0000,0.0225,0.0000,200,0.5395
0.0220,0.0000,0.0000,0.0000,0.0219,0.0000,200,0.5409
0.0085,0.0000,0.0000,0.0000,0.0084,0.0001,200,0.5548
0.0376,0.0000,0.0000,0.0000,0.0375,0.0000,200,0.5261
0.0017,0.0000,0.0000,0.0001,0.0014,0.0003,200,0.5629
0.0294,0.0000,0.0000,0.0000,0.0293,0.0000,200,0.5356
0.0083,0.0000,0.0000,0.0000,0.0082,0.0000,200,0.5570
0.0448,0.0000,0.0000,0.0000,0.0447,0.0000,200,0.5206
0.0131,0.0000,0.0000,0.0000,0.0130,0.0000,200,0.5525
0.0105,0.0000,0.0000,0.0000,0.0104,0.0001,200,0.5562
0.0037,0.0000,0.0000,0.0000,0.0035,0.0001,200,0.5633
0.0052,0.0000,0.0000,0.0000,0.0051,0.0000,200,0.5621
0.0328,0.0000,0.0000,0.0000,0.0327,0.0000,200,0.5349
0.0070,0.0000,0.0000,0.0000,0.0069,0.0000,200,0.5610
0.0036,0.0000,0.0000,0.0000,0.0031,0.0001,200,0.5646
0.0137,0.0000,0.0000,0.0000,0.0134,0.0002,200,0.5554
0.0156,0.0000,0.0000,0.0000,0.0155,0.0001,200,0.5537
0.0126,0.0000,0.0000,0.0000,0.0125,0.0000,200,0.5577
0.0186,0.0000,0.0000,0.0000,0.0185,0.0000,200,0.5516
0.0758,0.0000,0.0000,0.0000,0.0755,0.0001,200,0.4945
0.0088,0.0000,0.0000,0.0000,0.0086,0.0001,200,0.5616
0.0339,0.0000,0.0000,0.0000,0.0338,0.0000,200,0.5373
0.0068,0.0000,0.0000,0.0000,0.0067,0.0001,200,0.5650
0.0212,0.0000,0.0000,0.0000,0.0211,0.0000,200,0.5509
0.0991,0.0000,0.0000,0.0000,0.0990,0.0000,200,0.4735
0.0025,0.0000,0.0000,0.0000,0.0023,0.0000,200,0.5702
0.0078,0.0000,0.0000,0.0000,0.0077,0.0001,200,0.5654
0.0132,0.0000,0.0000,0.0003,0.0129,0.0000,200,0.5600
0.0058,0.0000,0.0000,0.0000,0.0057,0.0000,200,0.5680
0.0066,0.0000,0.0000,0.0000,0.0065,0.0000,200,0.5690
0.0277,0.0000,0.0000,0.0000,0.0276,0.0001,200,0.5484
0.0060,0.0000,0.0000,0.0000,0.0054,0.0006,200,0.5704
0.0308,0.0000,0.0000,0.0000,0.0307,0.0000,200,0.5462
0.0067,0.0000,0.0000,0.0000,0.0067,0.0000,200,0.5703
0.0159,0.0000,0.0000,0.0000,0.0156,0.0000,200,0.5616
0.0377,0.0000,0.0000,0.0000,0.0375,0.0001,200,0.5407
0.0798,0.0000,0.0000,0.0001,0.0794,0.0003,200,0.4997
0.0090,0.0000,0.0000,0.0000,0.0090,0.0001,200,0.5712
0.0081,0.0000,0.0000,0.0000,0.0081,0.0000,200,0.5722
0.0346,0.0000,0.0000,0.0000,0.0345,0.0001,200,0.5463
0.0074,0.0000,0.0000,0.0000,0.0069,0.0000,200,0.5738
0.0317,0.0000,0.0000,0.0000,0.0316,0.0001,200,0.5500
0.0413,0.0000,0.0000,0.0000,0.0411,0.0001,200,0.5411
0.0260,0.0000,0.0000,0.0000,0.0259,0.0001,200,0.5567
0.0215,0.0000,0.0000,0.0000,0.0214,0.0001,200,0.5619
0.0109,0.0000,0.0000,0.0000,0.0109,0.0000,200,0.5726
0.0244,0.0000,0.0000,0.0004,0.0237,0.0001,200,0.5596
0.0190,0.0000,0.0000,0.0000,0.0190,0.0000,200,0.5653
0.0299,0.0000,0.0000,0.0000,0.0298,0.0001,200,0.5547
0.0082,0.0000,0.0000,0.0000,0.0080,0.0001,200,0.5769
0.0419,0.0000,0.0000,0.0000,0.0416,0.0001,200,0.5438
0.0053,0.0000,0.0000,0.0000,0.0051,0.0002,200,0.5812
0.0043,0.0000,0.0000,0.0000,0.0043,0.0000,200,0.5825
0.0111,0.0000,0.0000,0.0000,0.0105,0.0001,200,0.5764
0.0146,0.0000,0.0000,0.0000,0.0145,0.0001,200,0.5732
0.0087,0.0000,0.0000,0.0000,0.0084,0.0000,200,0.5795
0.0528,0.0000,0.0000,0.0000,0.0527,0.0001,200,0.5363
0.0034,0.0000,0.0000,0.0000,0.0033,0.0001,200,0.5857
0.0026,0.0000,0.0000,0.0001,0.0023,0.0001,200,0.5865
0.0085,0.0000,0.0000,0.0000,0.0084,0.0000,200,0.5809
0.0066,0.0000,0.0000,0.0000,0.0066,0.0000,200,0.5834
0.0176,0.0000,0.0000,0.0000,0.0175,0.0000,200,0.5727
0.0028,0.0000,0.0000,0.0000,0.0027,0.0001,200,0.5878
0.0139,0.0000,0.0000,0.0000,0.0137,0.0001,200,0.5770
0.0237,0.0000,0.0000,0.0000,0.0237,0.0000,200,0.5677
0.0161,0.0000,0.0000,0.0000,0.0156,0.0005,200,0.5761
0.0205,0.0000,0.0000,0.0000,0.0203,0.0001,200,0.5718
0.0032,0.0000,0.0000,0.0000,0.0028,0.0003,200,0.5900
0.0262,0.0000,0.0000,0.0000,0.0261,0.0000,200,0.5670
0.0088,0.0000,0.0000,0.0000,0.0088,0.0000,200,0.5846
0.0246,0.0000,0.0000,0.0000,0.0246,0.0000,200,0.5693
0.0401,0.0000,0.0000,0.0000,0.0400,0.0000,200,0.5548
0.0058,0.0000,0.0000,0.0000,0.0058,0.0000,200,0.5891
0.0043,0.0000,0.0000,0.0001,0.0043,0.0000,200,0.5906
0.0359,0.0000,0.0000,0.0000,0.0358,0.0000,200,0.5592
0.0521,0.0000,0.0000,0.0000,0.0520,0.0000,200,0.5433
0.0355,0.0000,0.0000,0.0000,0.0352,0.0002,200,0.5606
0.0062,0.0000,0.0000,0.0000,0.0061,0.0000,200,0.5903
0.0644,0.0000,0.0000,0.0000,0.0643,0.0001,200,0.5325
0.0063,0.0000,0.0000,0.0000,0.0062,0.0000,200,0.5909
0.0340,0.0000,0.0000,0.0000,0.0339,0.0000,200,0.5637
0.0034,0.0000,0.0000,0.0000,0.0031,0.0003,200,0.5949
0.0054,0.0000,0.0000,0.0000,0.0051,0.0003,200,0.5934
0.0042,0.0000,0.0000,0.0000,0.0041,0.0000,200,0.5950
0.0040,0.0000,0.0000,0.0000,0.0039,0.0000,200,0.5954
0.0193,0.0000,0.0000,0.0000,0.0192,0.0001,200,0.5803
0.0111,0.0000,0.0000,0.0000,0.0110,0.0000,200,0.5891
0.0074,0.0000,0.0000,0.0000,0.0073,0.0001,200,0.5932
0.0345,0.0000,0.0000,0.0000,0.0343,0.0001,200,0.5667
0.0267,0.0000,0.0000,0.0000,0.0266,0.0001,200,0.5756
0.0052,0.0000,0.0000,0.0000,0.0052,0.0000,200,0.5972
0.0161,0.0000,0.0000,0.0000,0.0158,0.0002,200,0.5868
0.0298,0.0000,0.0000,0.0000,0.0297,0.0001,200,0.5732
0.0333,0.0000,0.0000,0.0000,0.0332,0.0000,200,0.5702
0.0209,0.0000,0.0000,0.0000,0.0208,0.0000,200,0.5827
0.0069,0.0000,0.0000,0.0000,0.0067,0.0000,200,0.5970
0.0202,0.0000,0.0000,0.0000,0.0201,0.0001,200,0.5843
0.0129,0.0000,0.0000,0.0000,0.0125,0.0003,200,0.5922
0.0235,0.0000,0.0000,0.0000,0.0233,0.0001,200,0.5817
0.0159,0.0000,0.0000,0.0000,0.0158,0.0000,200,0.5894
0.0012,0.0000,0.0000,0.0001,0.0011,0.0000,200,0.6045
0.0228,0.0000,0.0000,0.0000,0.0227,0.0000,200,0.5835
0.0140,0.0000,0.0000,0.0000,0.0137,0.0003,200,0.5922
0.0193,0.0000,0.0000,0.0000,0.0192,0.0000,200,0.5875
0.0018,0.0000,0.0000,0.0000,0.0017,0.0000,200,0.6057
0.0299,0.0000,0.0000,0.0000,0.0297,0.0001,200,0.5775
0.0037,0.0000,0.0000,0.0000,0.0036,0.0000,200,0.6039
0.0545,0.0000,0.0000,0.0000,0.0544,0.0001,200,0.5533
0.0298,0.0000,0.0000,0.0000,0.0297,0.0000,200,0.5784
0.0062,0.0000,0.0000,0.0000,0.0056,0.0005,200,0.6030
0.0041,0.0000,0.0000,0.0000,0.0040,0.0000,200,0.6051
0.0439,0.0000,0.0000,0.0001,0.0437,0.0000,200,0.5656
0.0020,0.0000,0.0000,0.0000,0.0015,0.0004,200,0.6076
0.0796,0.0000,0.0000,0.0000,0.0795,0.0001,200,0.5308
0.0591,0.0000,0.0000,0.0000,0.0590,0.0000,200,0.5518
0.0164,0.0000,0.0000,0.0000,0.0164,0.0000,200,0.5950
0.0529,0.0000,0.0000,0.0001,0.0527,0.0000,200,0.5586
0.0015,0.0000,0.0000,0.0000,0.0013,0.0001,200,0.6106
0.0101,0.0000,0.0000,0.0000,0.0100,0.0001,200,0.6023
0.0022,0.0000,0.0000,0.0000,0.0021,0.0001,200,0.6109
0.0020,0.0000,0.0000,0.0000,0.0018,0.0001,200,0.6115
0.0112,0.0000,0.0000,0.0000,0.0111,0.0001,200,0.6024
0.0253,0.0000,0.0000,0.0000,0.0252,0.0001,200,0.5891
0.0678,0.0000,0.0000,0.0001,0.0673,0.0000,200,0.5468
0.0089,0.0000,0.0000,0.0000,0.0088,0.0000,200,0.6063
0.0157,0.0000,0.0000,0.0000,0.0156,0.0000,200,0.6002
0.0786,0.0000,0.0000,0.0000,0.0782,0.0004,200,0.5382
0.0024,0.0000,0.0000,0.0000,0.0023,0.0000,200,0.6144
0.0057,0.0000,0.0000,0.0000,0.0056,0.0001,200,0.6114
0.0050,0.0000,0.0000,0.0001,0.0048,0.0000,200,0.6124
0.0179,0.0000,0.0000,0.0000,0.0178,0.0000,200,0.5996
0.0022,0.0000,0.0000,0.0000,0.0021,0.0000,200,0.6158
0.0379,0.0000,0.0000,0.0000,0.0378,0.0000,200,0.5802
0.0112,0.0000,0.0000,0.0000,0.0112,0.0000,200,0.6075
0.0610,0.0000,0.0000,0.0000,0.0609,0.0001,200,0.5583
0.0246,0.0000,0.0000,0.0000,0.0245,0.0001,200,0.5948
0.0268,0.0000,0.0000,0.0000,0.0267,0.0000,200,0.5932
0.0239,0.0000,0.0000,0.0000,0.0238,0.0000,200,0.5965
0.0212,0.0000,0.0000,0.0001,0.0210,0.0000,200,0.5994
0.0175,0.0000,0.0000,0.0000,0.0175,0.0000,200,0.6035
0.0165,0.0000,0.0000,0.0000,0.0164,0.0000,200,0.6053
0.0075,0.0000,0.0000,0.0001,0.0074,0.0000,200,0.6146
0.0091,0.0000,0.0000,0.0000,0.0090,0.0000,200,0.6135
0.0221,0.0000,0.0000,0.0000,0.0220,0.0000,200,0.6012
0.0387,0.0000,0.0000,0.0000,0.0386,0.0000,200,0.5851
0.0053,0.0000,0.0000,0.0000,0.0053,0.0000,200,0.6187
0.0253,0.0000,0.0000,0.0000,0.0252,0.0001,200,0.5991
0.0082,0.0000,0.0000,0.0000,0.0080,0.0000,200,0.6168
0.0202,0.0000,0.0000,0.0000,0.0201,0.0001,200,0.6052
0.0272,0.0000,0.0000,0.0000,0.0270,0.0002,200,0.5989
0.0034,0.0000,0.0000,0.0000,0.0033,0.0001,200,0.6233
0.0101,0.0000,0.0000,0.0000,0.0099,0.0001,200,0.6172
0.0181,0.0000,0.0000,0.0001,0.0175,0.0000,200,0.6092
0.0363,0.0000,0.0000,0.0000,0.0362,0.0001,200,0.5914
0.0089,0.0000,0.0000,0.0000,0.0088,0.0000,200,0.6194
0.0279,0.0000,0.0000,0.0000,0.0278,0.0001,200,0.6007
0.0623,0.0000,0.0000,0.0000,0.0622,0.0000,200,0.5673
0.0457,0.0000,0.0000,0.0001,0.0456,0.0000,200,0.5840
0.0230,0.0000,0.0000,0.0000,0.0229,0.0000,200,0.6068
0.0224,0.0000,0.0000,0.0000,0.0223,0.0001,200,0.6077
0.0131,0.0000,0.0000,0.0000,0.0130,0.0000,200,0.6174
0.0055,0.0000,0.0000,0.0001,0.0054,0.0001,200,0.6254
0.0110,0.0000,0.0000,0.0000,0.0107,0.0002,200,0.6203
0.0043,0.0000,0.0000,0.0000,0.0041,0.0000,200,0.6272
0.0143,0.0000,0.0000,0.0000,0.0142,0.0000,200,0.6181
0.0119,0.0000,0.0000,0.0001,0.0114,0.0004,200,0.6210
0.0111,0.0000,0.0000,0.0000,0.0109,0.0002,200,0.6222
0.0069,0.0000,0.0000,0.0001,0.0064,0.0001,200,0.6267
0.0064,0.0000,0.0000,0.0001,0.0062,0.0001,200,0.6277
0.0048,0.0000,0.0000,0.0000,0.0047,0.0000,200,0.6296
0.0151,0.0000,0.0000,0.0000,0.0151,0.0000,200,0.6200
0.0067,0.0000,0.0000,0.0000,0.0066,0.0001,200,0.6286
0.0135,0.0000,0.0000,0.0000,0.0131,0.0000,200,0.6218
0.0388,0.0000,0.0000,0.0000,0.0387,0.0000,200,0.5983
0.0090,0.0000,0.0000,0.0000,0.0089,0.0000,200,0.6283
0.0207,0.0000,0.0000,0.0000,0.0206,0.0001,200,0.6168
0.0920,0.0000,0.0000,0.0000,0.0919,0.0000,200,0.5456
0.0301,0.0000,0.0000,0.0000,0.0301,0.0000,200,0.6075
0.0295,0.0000,0.0000,0.0000,0.0293,0.0001,200,0.6082
0.0226,0.0000,0.0000,0.0000,0.0225,0.0000,200,0.6152
0.0025,0.0000,0.0000,0.0000,0.0024,0.0000,200,0.6353
0.0035,0.0000,0.0000,0.0000,0.0034,0.0001,200,0.6344
0.0428,0.0000,0.0000,0.0001,0.0419,0.0007,200,0.5961
0.0075,0.0000,0.0000,0.0000,0.0074,0.0001,200,0.6315
0.0142,0.0000,0.0000,0.0000,0.0140,0.0002,200,0.6250
0.0135,0.0000,0.0000,0.0000,0.0131,0.0000,200,0.6261
0.0268,0.0000,0.0000,0.0000,0.0267,0.0000,200,0.6136
0.0522,0.0000,0.0000,0.0000,0.0520,0.0001,200,0.5883
0.0102,0.0000,0.0000,0.0000,0.0101,0.0000,200,0.6304
0.0330,0.0000,0.0000,0.0000,0.0325,0.0000,200,0.6092
0.0045,0.0000,0.0000,0.0000,0.0044,0.0000,200,0.6377
0.0018,0.0000,0.0000,0.0000,0.0017,0.0000,200,0.6404
0.0033,0.0000,0.0000,0.0000,0.0032,0.0000,200,0.6390
0.0741,0.0000,0.0000,0.0000,0.0740,0.0001,200,0.5682
0.0330,0.0000,0.0000,0.0000,0.0328,0.0002,200,0.6095
0.0053,0.0000,0.0000,0.0000,0.0052,0.0000,200,0.6377
0.0196,0.0000,0.0000,0.0000,0.0195,0.0000,200,0.6240
0.0201,0.0000,0.0000,0.0000,0.0201,0.0000,200,0.6239
0.0270,0.0000,0.0000,0.0000,0.0269,0.0000,200,0.6175
0.0044,0.0000,0.0000,0.0000,0.0043,0.0000,200,0.6405
0.0100,0.0000,0.0000,0.0000,0.0099,0.0001,200,0.6353
0.0081,0.0000,0.0000,0.0000,0.0080,0.0000,200,0.6375
0.0425,0.0000,0.0000,0.0000,0.0424,0.0001,200,0.6036
0.0093,0.0000,0.0000,0.0001,0.0091,0.0001,200,0.6371
0.0490,0.0000,0.0000,0.0000,0.0489,0.0001,200,0.5976
0.0089,0.0000,0.0000,0.0002,0.0087,0.0000,200,0.6380
0.0377,0.0000,0.0000,0.0000,0.0377,0.0000,200,0.6095
0.0044,0.0000,0.0000,0.0000,0.0042,0.0000,200,0.6436
0.0058,0.0000,0.0000,0.0000,0.0056,0.0002,200,0.6423
0.0062,0.0000,0.0000,0.0000,0.0056,0.0004,200,0.6422
0.0258,0.0000,0.0000,0.0000,0.0257,0.0000,200,0.6226
0.0186,0.0000,0.0000,0.0000,0.0185,0.0001,200,0.6301
0.0121,0.0000,0.0000,0.0000,0.0118,0.0003,200,0.6373
0.0166,0.0000,0.0000,0.0000,0.0165,0.0000,200,0.6333
0.0076,0.0000,0.0000,0.0000,0.0076,0.0000,200,0.6423
0.0055,0.0000,0.0000,0.0000,0.0052,0.0000,200,0.6445
0.0037,0.0000,0.0000,0.0000,0.0036,0.0001,200,0.6469
0.0047,0.0000,0.0000,0.0000,0.0045,0.0001,200,0.6464
0.0204,0.0000,0.0000,0.0001,0.0203,0.0000,200,0.6310
0.0166,0.0000,0.0000,0.0000,0.0165,0.0001,200,0.6351
0.0315,0.0000,0.0000,0.0000,0.0314,0.0001,200,0.6206
0.0227,0.0000,0.0000,0.0000,0.0227,0.0001,200,0.6297
0.0074,0.0000,0.0000,0.0000,0.0073,0.0000,200,0.6453
0.0136,0.0000,0.0000,0.0000,0.0135,0.0001,200,0.6397
0.0078,0.0000,0.0000,0.0000,0.0075,0.0002,200,0.6461
0.0028,0.0000,0.0000,0.0000,0.0027,0.0001,200,0.6511
0.0110,0.0000,0.0000,0.0000,0.0109,0.0000,200,0.6430
0.0221,0.0000,0.0000,0.0000,0.0219,0.0000,200,0.6323
0.0145,0.0000,0.0000,0.0000,0.0128,0.0001,200,0.6406
0.0110,0.0000,0.0000,0.0000,0.0109,0.0000,200,0.6448
0.0122,0.0000,0.0000,0.0000,0.0121,0.0001,200,0.6440
0.0180,0.0000,0.0000,0.0000,0.0175,0.0004,200,0.6392
0.0118,0.0000,0.0000,0.0000,0.0117,0.0001,200,0.6456
0.0167,0.0000,0.0000,0.0000,0.0166,0.0000,200,0.6422
0.0560,0.0000,0.0000,0.0000,0.0555,0.0000,200,0.6029
0.0650,0.0000,0.0000,0.0000,0.0649,0.0000,200,0.5940
0.0279,0.0000,0.0000,0.0003,0.0276,0.0000,200,0.6313
0.0093,0.0000,0.0000,0.0000,0.0088,0.0000,200,0.6506
0.0536,0.0000,0.0000,0.0000,0.0533,0.0003,200,0.6063
0.0419,0.0000,0.0000,0.0000,0.0418,0.0000,200,0.6181
0.0133,0.0000,0.0000,0.0000,0.0132,0.0000,200,0.6480
0.0056,0.0000,0.0000,0.0001,0.0053,0.0001,200,0.6562
0.0245,0.0000,0.0000,0.0000,0.0244,0.0000,200,0.6376
0.0249,0.0000,0.0000,0.0000,0.0248,0.0001,200,0.6378
0.0129,0.0000,0.0000,0.0000,0.0128,0.0000,200,0.6500
0.0147,0.0000,0.0000,0.0000,0.0146,0.0000,200,0.6487
0.0160,0.0000,0.0000,0.0000,0.0157,0.0003,200,0.6481
0.0088,0.0000,0.0000,0.0000,0.0087,0.0000,200,0.6558
0.0373,0.0000,0.0000,0.0000,0.0372,0.0000,200,0.6273
0.0057,0.0000,0.0000,0.0000,0.0056,0.0000,200,0.6589
0.0108,0.0000,0.0000,0.0000,0.0105,0.0003,200,0.6539
0.0019,0.0000,0.0000,0.0000,0.0019,0.0000,200,0.6628
0.0171,0.0000,0.0000,0.0000,0.0171,0.0000,200,0.6484
0.0087,0.0000,0.0000,0.0000,0.0085,0.0000,200,0.6575
0.0070,0.0000,0.0000,0.0000,0.0069,0.0000,200,0.6599
0.0080,0.0000,0.0000,0.0000,0.0080,0.0000,200,0.6589
0.0160,0.0000,0.0000,0.0000,0.0159,0.0000,200,0.6513
0.1346,0.0000,0.0000,0.0000,0.1345,0.0001,200,0.5330
0.0341,0.0000,0.0000,0.0000,0.0340,0.0000,200,0.6340
0.0072,0.0000,0.0000,0.0000,0.0070,0.0001,200,0.6614
0.0148,0.0000,0.0000,0.0000,0.0147,0.0000,200,0.6538
0.0065,0.0000,0.0000,0.0000,0.0061,0.0003,200,0.6634
0.0030,0.0000,0.0000,0.0001,0.0028,0.0000,200,0.6669
0.0172,0.0000,0.0000,0.0000,0.0171,0.0001,200,0.6527
0.0033,0.0000,0.0000,0.0000,0.0028,0.0005,200,0.6677
0.0226,0.0000,0.0000,0.0000,0.0226,0.0000,200,0.6484
0.0178,0.0000,0.0000,0.0000,0.0177,0.0000,200,0.6540
0.0318,0.0000,0.0000,0.0000,0.0317,0.0000,200,0.6422
0.0030,0.0000,0.0000,0.0003,0.0027,0.0000,200,0.6710
0.0113,0.0000,0.0000,0.0000,0.0112,0.0000,200,0.6627
0.0041,0.0000,0.0000,0.0000,0.0040,0.0000,200,0.6700
0.0093,0.0000,0.0000,0.0001,0.0091,0.0000,200,0.6655
0.0065,0.0000,0.0000,0.0001,0.0063,0.0000,200,0.6687
0.0108,0.0000,0.0000,0.0000,0.0108,0.0000,200,0.6645
0.0569,0.0000,0.0000,0.0000,0.0568,0.0000,200,0.6193
0.0187,0.0000,0.0000,0.0000,0.0185,0.0001,200,0.6589
0.0130,0.0000,0.0000,0.0001,0.0129,0.0000,200,0.6646
0.0024,0.0000,0.0000,0.0000,0.0022,0.0002,200,0.6754
0.0455,0.0000,0.0000,0.0000,0.0453,0.0001,200,0.6330
0.0224,0.0000,0.0000,0.0000,0.0222,0.0000,200,0.6572
0.0044,0.0000,0.0000,0.0000,0.0043,0.0000,200,0.6751
0.0325,0.0000,0.0000,0.0000,0.0324,0.0000,200,0.6473
0.0281,0.0000,0.0000,0.0000,0.0278,0.0001,200,0.6518
0.0155,0.0000,0.0000,0.0000,0.0154,0.0001,200,0.6648
0.0164,0.0000,0.0000,0.0002,0.0161,0.0000,200,0.6645
0.0681,0.0000,0.0000,0.0000,0.0676,0.0000,200,0.6131
0.0055,0.0000,0.0000,0.0000,0.0054,0.0000,200,0.6762
0.0026,0.0000,0.0000,0.0000,0.0020,0.0005,200,0.6798
0.0049,0.0000,0.0000,0.0000,0.0047,0.0000,200,0.6776
0.0085,0.0000,0.0000,0.0000,0.0084,0.0000,200,0.6740
0.0275,0.0000,0.0000,0.0001,0.0274,0.0000,200,0.6551
0.0088,0.0000,0.0000,0.0001,0.0087,0.0000,200,0.6740
0.0214,0.0000,0.0000,0.0000,0.0213,0.0001,200,0.6620
0.0317,0.0000,0.0000,0.0000,0.0316,0.0000,200,0.6521
0.1219,0.0000,0.0000,0.0000,0.1218,0.0000,200,0.5620
0.0457,0.0000,0.0000,0.0000,0.0455,0.0001,200,0.6389
0.0017,0.0000,0.0000,0.0001,0.0016,0.0000,200,0.6835
0.0152,0.0000,0.0000,0.0000,0.0148,0.0003,200,0.6699
0.0047,0.0000,0.0000,0.0000,0.0045,0.0000,200,0.6809
0.0110,0.0000,0.0000,0.0000,0.0109,0.0000,200,0.6748
0.0329,0.0000,0.0000,0.0000,0.0327,0.0001,200,0.6533
0.0126,0.0000,0.0000,0.0001,0.0124,0.0000,200,0.6740
0.0192,0.0000,0.0000,0.0000,0.0191,0.0000,200,0.6674
0.0231,0.0000,0.0000,0.0000,0.0228,0.0003,200,0.6641
0.0282,0.0000,0.0000,0.0004,0.0277,0.0000,200,0.6592
0.0019,0.0000,0.0000,0.0000,0.0015,0.0004,200,0.6862
0.0586,0.0000,0.0000,0.0000,0.0586,0.0000,200,0.6297
0.0026,0.0000,0.0000,0.0000,0.0025,0.0000,200,0.6866
0.0223,0.0000,0.0000,0.0000,0.0223,0.0000,200,0.6669
0.0041,0.0000,0.0000,0.0000,0.0041,0.0000,200,0.6851
0.0194,0.0000,0.0000,0.0000,0.0189,0.0005,200,0.6699
0.0060,0.0000,0.0000,0.0000,0.0059,0.0000,200,0.6838
0.0081,0.0000,0.0000,0.0000,0.0080,0.0001,200,0.6826
0.0051,0.0000,0.0000,0.0000,0.0049,0.0000,200,0.6856
0.0130,0.0000,0.0000,0.0002,0.0128,0.0000,200,0.6777
0.0408,0.0000,0.0000,0.0000,0.0408,0.0000,200,0.6500
0.0533,0.0000,0.0000,0.0000,0.0533,0.0000,200,0.6376
0.0096,0.0000,0.0000,0.0000,0.0095,0.0000,200,0.6817
0.0237,0.0000,0.0000,0.0001,0.0234,0.0002,200,0.6682
0.0121,0.0000,0.0000,0.0000,0.0121,0.0000,200,0.6802
0.0381,0.0000,0.0000,0.0000,0.0380,0.0001,200,0.6544
0.0214,0.0000,0.0000,0.0000,0.0213,0.0001,200,0.6718
0.0125,0.0000,0.0000,0.0000,0.0122,0.0002,200,0.6812
0.0068,0.0000,0.0000,0.0000,0.0067,0.0001,200,0.6874
0.0826,0.0000,0.0000,0.0000,0.0825,0.0000,200,0.6121
0.0115,0.0000,0.0000,0.0000,0.0112,0.0003,200,0.6839
0.0131,0.0000,0.0000,0.0000,0.0131,0.0000,200,0.6824
0.0163,0.0000,0.0000,0.0000,0.0162,0.0000,200,0.6796
0.0308,0.0000,0.0000,0.0000,0.0304,0.0004,200,0.6661
0.0173,0.0000,0.0000,0.0000,0.0173,0.0000,200,0.6796
0.0105,0.0000,0.0000,0.0000,0.0104,0.0000,200,0.6866
0.0505,0.0000,0.0000,0.0000,0.0505,0.0000,200,0.6467
0.0490,0.0000,0.0000,0.0000,0.0489,0.0000,200,0.6499
0.0047,0.0000,0.0000,0.0000,0.0045,0.0000,200,0.6942
0.0117,0.0000,0.0000,0.0000,0.0116,0.0000,200,0.6872
0.0087,0.0000,0.0000,0.0000,0.0086,0.0000,200,0.6908
0.0759,0.0000,0.0000,0.0000,0.0753,0.0005,200,0.6244
0.0100,0.0000,0.0000,0.0000,0.0095,0.0004,200,0.6907
0.0225,0.0000,0.0000,0.0000,0.0221,0.0003,200,0.6785
0.0111,0.0000,0.0000,0.0000,0.0109,0.0001,200,0.6919
0.0138,0.0000,0.0000,0.0000,0.0134,0.0003,200,0.6893
0.0106,0.0000,0.0000,0.0000,0.0106,0.0000,200,0.6926
0.0326,0.0000,0.0000,0.0000,0.0326,0.0000,200,0.6711
0.0136,0.0000,0.0000,0.0000,0.0135,0.0000,200,0.6907
0.0138,0.0000,0.0000,0.0000,0.0136,0.0001,200,0.6909
0.0064,0.0000,0.0000,0.0000,0.0059,0.0002,200,0.6990
0.0099,0.0000,0.0000,0.0000,0.0098,0.0000,200,0.6955
0.0567,0.0000,0.0000,0.0000,0.0565,0.0002,200,0.6494
0.0032,0.0000,0.0000,0.0000,0.0030,0.0001,200,0.7032
0.0190,0.0000,0.0000,0.0001,0.0188,0.0001,200,0.6882
0.0150,0.0000,0.0000,0.0000,0.0149,0.0000,200,0.6924
0.0389,0.0000,0.0000,0.0000,0.0387,0.0001,200,0.6685
0.0169,0.0000,0.0000,0.0000,0.0167,0.0001,200,0.6912
0.0093,0.0000,0.0000,0.0000,0.0088,0.0005,200,0.6995
0.0120,0.0000,0.0000,0.0000,0.0117,0.0001,200,0.6969
0.0189,0.0000,0.0000,0.0000,0.0185,0.0003,200,0.6906
0.0137,0.0000,0.0000,0.0000,0.0136,0.0000,200,0.6958
0.0022,0.0000,0.0000,0.0000,0.0019,0.0000,200,0.7073
0.0115,0.0000,0.0000,0.0000,0.0113,0.0002,200,0.6988
0.0042,0.0000,0.0000,0.0000,0.0040,0.0001,200,0.7064
0.0281,0.0000,0.0000,0.0000,0.0278,0.0000,200,0.6826
0.0030,0.0000,0.0000,0.0000,0.0030,0.0000,200,0.7081
0.0217,0.0000,0.0000,0.0000,0.0216,0.0001,200,0.6898
0.0066,0.0000,0.0000,0.0000,0.0063,0.0000,200,0.7054
0.0038,0.0000,0.0000,0.0000,0.0035,0.0001,200,0.7088
0.0390,0.0000,0.0000,0.0000,0.0386,0.0004,200,0.6741
0.0306,0.0000,0.0000,0.0000,0.0306,0.0000,200,0.6825
0.0163,0.0000,0.0000,0.0000,0.0161,0.0000,200,0.6972
0.0094,0.0000,0.0000,0.0001,0.0090,0.0000,200,0.7043
0.0132,0.0000,0.0000,0.0002,0.0129,0.0001,200,0.7009
0.0254,0.0000,0.0000,0.0000,0.0253,0.0000,200,0.6892
0.0019,0.0000,0.0000,0.0000,0.0019,0.0000,200,0.7135
0.0537,0.0000,0.0000,0.0000,0.0535,0.0000,200,0.6619
0.0061,0.0000,0.0000,0.0000,0.0059,0.0003,200,0.7095
0.0510,0.0000,0.0000,0.0000,0.0509,0.0000,200,0.6647
0.0062,0.0000,0.0000,0.0000,0.0061,0.0001,200,0.7095
0.0230,0.0000,0.0000,0.0001,0.0229,0.0000,200,0.6932
0.0022,0.0000,0.0000,0.0000,0.0021,0.0000,200,0.7146
0.0052,0.0000,0.0000,0.0000,0.0048,0.0003,200,0.7115
0.0402,0.0000,0.0000,0.0002,0.0393,0.0007,200,0.6776
0.0842,0.0000,0.0000,0.0000,0.0842,0.0000,200,0.6336
0.0076,0.0000,0.0000,0.0000,0.0075,0.0000,200,0.7103
0.0073,0.0000,0.0000,0.0000,0.0072,0.0000,200,0.7107
0.0333,0.0000,0.0000,0.0000,0.0332,0.0000,200,0.6851
0.0012,0.0000,0.0000,0.0000,0.0011,0.0001,200,0.7178
0.0226,0.0000,0.0000,0.0000,0.0222,0.0001,200,0.6969
0.0068,0.0000,0.0000,0.0000,0.0067,0.0000,200,0.7132
0.0062,0.0000,0.0000,0.0000,0.0061,0.0000,200,0.7141
0.0145,0.0000,0.0000,0.0000,0.0144,0.0000,200,0.7061
0.0241,0.0000,0.0000,0.0001,0.0235,0.0001,200,0.6971
0.0185,0.0000,0.0000,0.0000,0.0184,0.0000,200,0.7030
0.0230,0.0000,0.0000,0.0000,0.0229,0.0000,200,0.6988
0.0698,0.0000,0.0000,0.0000,0.0697,0.0001,200,0.6525
0.0218,0.0000,0.0000,0.0000,0.0217,0.0000,200,0.7007
0.0200,0.0000,0.0000,0.0000,0.0198,0.0002,200,0.7032
0.0057,0.0000,0.0000,0.0000,0.0056,0.0000,200,0.7179
0.0021,0.0000,0.0000,0.0000,0.0020,0.0000,200,0.7215
0.0642,0.0000,0.0000,0.0000,0.0640,0.0001,200,0.6599
0.0039,0.0000,0.0000,0.0000,0.0038,0.0000,200,0.7206
0.0162,0.0000,0.0000,0.0000,0.0158,0.0003,200,0.7089
0.0071,0.0000,0.0000,0.0000,0.0065,0.0001,200,0.7180
0.0833,0.0000,0.0000,0.0000,0.0831,0.0002,200,0.6425
0.0046,0.0000,0.0000,0.0000,0.0042,0.0004,200,0.7219
0.0374,0.0000,0.0000,0.0000,0.0373,0.0000,200,0.6892
0.0373,0.0000,0.0000,0.0000,0.0371,0.0002,200,0.6893
0.0150,0.0000,0.0000,0.0001,0.0146,0.0002,200,0.7120
0.0169,0.0000,0.0000,0.0000,0.0167,0.0000,200,0.7106
0.0225,0.0000,0.0000,0.0000,0.0224,0.0001,200,0.7053
0.0086,0.0000,0.0000,0.0000,0.0085,0.0001,200,0.7194
0.0011,0.0000,0.0000,0.0000,0.0010,0.0001,200,0.7275
0.0078,0.0000,0.0000,0.0000,0.0074,0.0001,200,0.7212
0.0447,0.0000,0.0000,0.0000,0.0446,0.0001,200,0.6845
0.0136,0.0000,0.0000,0.0000,0.0135,0.0000,200,0.7157
0.0700,0.0000,0.0000,0.0000,0.0698,0.0001,200,0.6599
0.0138,0.0000,0.0000,0.0000,0.0137,0.0001,200,0.7163
0.0099,0.0000,0.0000,0.0000,0.0099,0.0000,200,0.7203
0.0105,0.0000,0.0000,0.0000,0.0101,0.0000,200,0.7199
0.0043,0.0000,0.0000,0.0000,0.0042,0.0000,200,0.7265
0.0158,0.0000,0.0000,0.0000,0.0157,0.0000,200,0.7156
0.0138,0.0000,0.0000,0.0000,0.0137,0.0001,200,0.7185
0.0249,0.0000,0.0000,0.0000,0.0248,0.0001,200,0.7074
0.0029,0.0000,0.0000,0.0000,0.0025,0.0003,200,0.7299
0.0173,0.0000,0.0000,0.0000,0.0172,0.0001,200,0.7157
0.0241,0.0000,0.0000,0.0000,0.0240,0.0000,200,0.7095
0.0335,0.0000,0.0000,0.0000,0.0327,0.0000,200,0.7003
0.0104,0.0000,0.0000,0.0000,0.0101,0.0003,200,0.7241
0.0009,0.0000,0.0000,0.0000,0.0008,0.0000,200,0.7338
0.0173,0.0000,0.0000,0.0000,0.0172,0.0000,200,0.7178
0.0189,0.0000,0.0000,0.0001,0.0187,0.0001,200,0.7167
0.0048,0.0000,0.0000,0.0000,0.0048,0.0000,200,0.7308
0.0128,0.0000,0.0000,0.0000,0.0127,0.0000,200,0.7232
0.0479,0.0000,0.0000,0.0000,0.0477,0.0002,200,0.6883
0.0079,0.0000,0.0000,0.0000,0.0078,0.0000,200,0.7285
0.0105,0.0000,0.0000,0.0000,0.0102,0.0002,200,0.7265
0.0245,0.0000,0.0000,0.0000,0.0244,0.0001,200,0.7126
0.0089,0.0000,0.0000,0.0007,0.0082,0.0000,200,0.7292
0.0082,0.0000,0.0000,0.0000,0.0080,0.0000,200,0.7301
0.0102,0.0000,0.0000,0.0000,0.0102,0.0000,200,0.7281
0.0054,0.0000,0.0000,0.0000,0.0053,0.0000,200,0.7330
0.0126,0.0000,0.0000,0.0000,0.0125,0.0000,200,0.7259
0.0061,0.0000,0.0000,0.0000,0.0061,0.0000,200,0.7328
0.0069,0.0000,0.0000,0.0000,0.0068,0.0001,200,0.7322
0.0023,0.0000,0.0000,0.0000,0.0022,0.0000,200,0.7389
0.0614,0.0000,0.0000,0.0000,0.0613,0.0000,200,0.6798
0.0029,0.0000,0.0000,0.0000,0.0028,0.0001,200,0.7383
0.0041,0.0000,0.0000,0.0000,0.0040,0.0000,200,0.7371
0.0053,0.0000,0.0000,0.0000,0.0053,0.0000,200,0.7360
0.0067,0.0000,0.0000,0.0000,0.0067,0.0000,200,0.7346
0.0051,0.0000,0.0000,0.0000,0.0050,0.0000,200,0.7362
0.0163,0.0000,0.0000,0.0000,0.0159,0.0000,200,0.7251
0.0262,0.0000,0.0000,0.0000,0.0261,0.0000,200,0.7157
0.0179,0.0000,0.0000,0.0000,0.0178,0.0001,200,0.7244
0.0081,0.0000,0.0000,0.0000,0.0080,0.0000,200,0.7346
0.0185,0.0000,0.0000,0.0002,0.0179,0.0002,200,0.7250
0.0131,0.0000,0.0000,0.0000,0.0130,0.0000,200,0.7304
0.0087,0.0000,0.0000,0.0000,0.0086,0.0000,200,0.7351
0.0132,0.0000,0.0000,0.0000,0.0129,0.0001,200,0.7314
0.0258,0.0000,0.0000,0.0000,0.0255,0.0003,200,0.7190
0.0149,0.0000,0.0000,0.0000,0.0145,0.0003,200,0.7302
0.0232,0.0000,0.0000,0.0001,0.0229,0.0001,200,0.7223
0.0600,0.0000,0.0000,0.0000,0.0599,0.0000,200,0.6858
0.0227,0.0000,0.0000,0.0000,0.0227,0.0000,200,0.7236
0.0053,0.0000,0.0000,0.0000,0.0052,0.0000,200,0.7413
0.0205,0.0000,0.0000,0.0000,0.0204,0.0001,200,0.7266
0.0026,0.0000,0.0000,0.0000,0.0024,0.0001,200,0.7448
0.0139,0.0000,0.0000,0.0000,0.0138,0.0000,200,0.7335
0.0064,0.0000,0.0000,0.0000,0.0063,0.0000,200,0.7413
0.0023,0.0000,0.0000,0.0000,0.0021,0.0001,200,0.7458
0.0040,0.0000,0.0000,0.0001,0.0037,0.0001,200,0.7446
0.0019,0.0000,0.0000,0.0004,0.0014,0.0000,200,0.7471
0.0203,0.0000,0.0000,0.0000,0.0201,0.0001,200,0.7289
0.0023,0.0000,0.0000,0.0000,0.0022,0.0000,200,0.7474
0.0140,0.0000,0.0000,0.0000,0.0139,0.0001,200,0.7357
0.0133,0.0000,0.0000,0.0000,0.0132,0.0000,200,0.7369
0.0369,0.0000,0.0000,0.0000,0.0368,0.0001,200,0.7137
0.0097,0.0000,0.0000,0.0000,0.0096,0.0000,200,0.7412
0.0039,0.0000,0.0000,0.0000,0.0038,0.0000,200,0.7474
0.0294,0.0000,0.0000,0.0000,0.0293,0.0001,200,0.7225
0.0095,0.0000,0.0000,0.0000,0.0094,0.0000,200,0.7427
0.0108,0.0000,0.0000,0.0000,0.0107,0.0001,200,0.7419
0.0110,0.0000,0.0000,0.0000,0.0109,0.0001,200,0.7424
0.0152,0.0000,0.0000,0.0000,0.0151,0.0000,200,0.7383
0.0126,0.0000,0.0000,0.0000,0.0125,0.0000,200,0.7413
0.0152,0.0000,0.0000,0.0000,0.0151,0.0001,200,0.7391
0.0190,0.0000,0.0000,0.0010,0.0179,0.0000,200,0.7356
0.0188,0.0000,0.0000,0.0000,0.0185,0.0003,200,0.7364
0.0319,0.0000,0.0000,0.0000,0.0318,0.0001,200,0.7235
0.0289,0.0000,0.0000,0.0000,0.0286,0.0002,200,0.7270
0.0177,0.0000,0.0000,0.0000,0.0174,0.0003,200,0.7384
0.0128,0.0000,0.0000,0.0000,0.0127,0.0000,200,0.7435
0.0088,0.0000,0.0000,0.0000,0.0087,0.0001,200,0.7481
0.0138,0.0000,0.0000,0.0000,0.0137,0.0001,200,0.7435
0.0123,0.0000,0.0000,0.0002,0.0121,0.0000,200,0.7451
0.0029,0.0000,0.0000,0.0000,0.0026,0.0001,200,0.7552
0.0420,0.0000,0.0000,0.0000,0.0419,0.0001,200,0.7167
0.0118,0.0000,0.0000,0.0000,0.0116,0.0000,200,0.7486
0.0492,0.0000,0.0000,0.0000,0.0492,0.0000,200,0.7112
0.0077,0.0000,0.0000,0.0000,0.0076,0.0001,200,0.7535
0.0055,0.0000,0.0000,0.0001,0.0054,0.0000,200,0.7558
0.0067,0.0000,0.0000,0.0000,0.0066,0.0001,200,0.7546
0.0050,0.0000,0.0000,0.0000,0.0049,0.0000,200,0.7574
0.0036,0.0000,0.0000,0.0000,0.0035,0.0000,200,0.7587
0.0251,0.0000,0.0000,0.0000,0.0250,0.0000,200,0.7382
0.0315,0.0000,0.0000,0.0000,0.0313,0.0001,200,0.7323
0.0124,0.0000,0.0000,0.0000,0.0118,0.0006,200,0.7527
0.0084,0.0000,0.0000,0.0000,0.0083,0.0000,200,0.7570
0.0030,0.0000,0.0000,0.0000,0.0028,0.0000,200,0.7624
0.0023,0.0000,0.0000,0.0000,0.0022,0.0000,200,0.7637
0.0200,0.0000,0.0000,0.0000,0.0199,0.0001,200,0.7463
0.0229,0.0000,0.0000,0.0000,0.0228,0.0001,200,0.7438
0.0175,0.0000,0.0000,0.0000,0.0173,0.0001,200,0.7497
0.0095,0.0000,0.0000,0.0000,0.0094,0.0001,200,0.7581
0.0169,0.0000,0.0000,0.0000,0.0169,0.0000,200,0.7513
0.0029,0.0000,0.0000,0.0000,0.0028,0.0000,200,0.7654
0.0639,0.0000,0.0000,0.0000,0.0638,0.0001,200,0.7047
0.0075,0.0000,0.0000,0.0000,0.0074,0.0000,200,0.7612
0.0276,0.0000,0.0000,0.0002,0.0273,0.0001,200,0.7414
0.0078,0.0000,0.0000,0.0000,0.0077,0.0000,200,0.7613
0.0622,0.0000,0.0000,0.0000,0.0621,0.0000,200,0.7072
0.0282,0.0000,0.0000,0.0000,0.0282,0.0000,200,0.7412
0.0244,0.0000,0.0000,0.0000,0.0242,0.0002,200,0.7454
0.0129,0.0000,0.0000,0.0000,0.0125,0.0001,200,0.7574
0.0881,0.0000,0.0000,0.0000,0.0880,0.0001,200,0.6829
0.0028,0.0000,0.0000,0.0000,0.0027,0.0000,200,0.7686
0.0163,0.0000,0.0000,0.0001,0.0161,0.0001,200,0.7554
0.0241,0.0000,0.0000,0.0000,0.0240,0.0000,200,0.7476
0.0089,0.0000,0.0000,0.0000,0.0087,0.0002,200,0.7633
0.0342,0.0000,0.0000,0.0000,0.0341,0.0000,200,0.7384
0.0195,0.0000,0.0000,0.0000,0.0194,0.0000,200,0.7533
0.0014,0.0000,0.0000,0.0000,0.0013,0.0000,200,0.7717
0.0777,0.0000,0.0000,0.0000,0.0776,0.0000,200,0.6955
0.0082,0.0000,0.0000,0.0000,0.0081,0.0001,200,0.7654
0.0065,0.0000,0.0000,0.0000,0.0064,0.0001,200,0.7676
0.0054,0.0000,0.0000,0.0000,0.0049,0.0004,200,0.7694
0.0045,0.0000,0.0000,0.0000,0.0044,0.0000,200,0.7703
0.0066,0.0000,0.0000,0.0000,0.0066,0.0000,200,0.7687
0.0030,0.0000,0.0000,0.0000,0.0029,0.0000,200,0.7726
0.0269,0.0000,0.0000,0.0000,0.0264,0.0002,200,0.7490
0.0111,0.0000,0.0000,0.0000,0.0110,0.0000,200,0.7652
0.0301,0.0000,0.0000,0.0000,0.0300,0.0000,200,0.7466
0.0045,0.0000,0.0000,0.0000,0.0044,0.0000,200,0.7728
0.0270,0.0000,0.0000,0.0000,0.0269,0.0000,200,0.7510
0.0279,0.0000,0.0000,0.0000,0.0276,0.0002,200,0.7507
0.0182,0.0000,0.0000,0.0000,0.0181,0.0000,200,0.7604
0.0096,0.0000,0.0000,0.0000,0.0092,0.0003,200,0.7698
0.0123,0.0000,0.0000,0.0000,0.0122,0.0000,200,0.7672
0.0078,0.0000,0.0000,0.0000,0.0077,0.0001,200,0.7722
0.0122,0.0000,0.0000,0.0000,0.0121,0.0000,200,0.7682
0.0069,0.0000,0.0000,0.0000,0.0068,0.0000,200,0.7741
0.0291,0.0000,0.0000,0.0000,0.0290,0.0000,200,0.7521
0.0018,0.0000,0.0000,0.0001,0.0016,0.0000,200,0.7800
0.0071,0.0000,0.0000,0.0000,0.0069,0.0001,200,0.7747
0.0038,0.0000,0.0000,0.0000,0.0037,0.0000,200,0.7785
0.0060,0.0000,0.0000,0.0000,0.0058,0.0000,200,0.7773
0.0029,0.0000,0.0000,0.0000,0.0028,0.0000,200,0.7804
0.0171,0.0000,0.0000,0.0000,0.0170,0.0000,200,0.7667
0.0276,0.0000,0.0000,0.0000,0.0272,0.0004,200,0.7562
0.0145,0.0000,0.0000,0.0004,0.0139,0.0002,200,0.7694
0.0033,0.0000,0.0000,0.0000,0.0032,0.0000,200,0.7812
0.0189,0.0000,0.0000,0.0000,0.0188,0.0001,200,0.7660
0.0443,0.0000,0.0000,0.0000,0.0442,0.0001,200,0.7412
0.0025,0.0000,0.0000,0.0000,0.0024,0.0000,200,0.7833
0.0040,0.0000,0.0000,0.0000,0.0039,0.0000,200,0.7824
0.0020,0.0000,0.0000,0.0000,0.0016,0.0004,200,0.7849
0.0266,0.0000,0.0000,0.0000,0.0265,0.0001,200,0.7604
0.0741,0.0000,0.0000,0.0000,0.0740,0.0000,200,0.7131
0.0942,0.0000,0.0000,0.0000,0.0941,0.0001,200,0.6937
0.0049,0.0000,0.0000,0.0000,0.0047,0.0002,200,0.7833
0.0121,0.0000,0.0000,0.0000,0.0121,0.0000,200,0.7767
0.0478,0.0000,0.0000,0.0000,0.0477,0.0001,200,0.7414
0.0204,0.0000,0.0000,0.0000,0.0202,0.0001,200,0.7690
0.0052,0.0000,0.0000,0.0002,0.0049,0.0000,200,0.7856
0.0026,0.0000,0.0000,0.0000,0.0026,0.0000,200,0.7882
0.0161,0.0000,0.0000,0.0000,0.0159,0.0001,200,0.7748
0.0129,0.0000,0.0000,0.0000,0.0128,0.0000,200,0.7780
0.0182,0.0000,0.0000,0.0000,0.0180,0.0002,200,0.7731
0.0877,0.0000,0.0000,0.0000,0.0876,0.0000,200,0.7037
0.0296,0.0000,0.0000,0.0000,0.0294,0.0001,200,0.7623
0.0210,0.0000,0.0000,0.0000,0.0208,0.0000,200,0.7709
0.0016,0.0000,0.0000,0.0000,0.0015,0.0001,200,0.7908
0.0141,0.0000,0.0000,0.0000,0.0140,0.0000,200,0.7786
0.0023,0.0000,0.0000,0.0000,0.0023,0.0000,200,0.7908
0.0125,0.0000,0.0000,0.0000,0.0125,0.0000,200,0.7809
0.0046,0.0000,0.0000,0.0000,0.0037,0.0000,200,0.7894
0.0231,0.0000,0.0000,0.0000,0.0231,0.0000,200,0.7714
0.0194,0.0000,0.0000,0.0000,0.0194,0.0000,200,0.7753
0.0028,0.0000,0.0000,0.0000,0.0027,0.0000,200,0.7926
0.0091,0.0000,0.0000,0.0000,0.0091,0.0000,200,0.7864
0.0104,0.0000,0.0000,0.0000,0.0102,0.0001,200,0.7858
0.0232,0.0000,0.0000,0.0000,0.0231,0.0001,200,0.7731
0.0021,0.0000,0.0000,0.0000,0.0020,0.0000,200,0.7948
0.0475,0.0000,0.0000,0.0000,0.0473,0.0001,200,0.7502
0.0159,0.0000,0.0000,0.0001,0.0158,0.0000,200,0.7818
0.0241,0.0000,0.0000,0.0000,0.0240,0.0000,200,0.7736
0.0054,0.0000,0.0000,0.0000,0.0052,0.0002,200,0.7932
0.0325,0.0000,0.0000,0.0000,0.0324,0.0000,200,0.7663
0.0298,0.0000,0.0000,0.0000,0.0293,0.0005,200,0.7691
0.0453,0.0000,0.0000,0.0000,0.0452,0.0001,200,0.7543
0.0508,0.0000,0.0000,0.0000,0.0508,0.0001,200,0.7492
0.0250,0.0000,0.0000,0.0000,0.0249,0.0000,200,0.7756
0.0041,0.0000,0.0000,0.0000,0.0041,0.0000,200,0.7969
0.0039,0.0000,0.0000,0.0000,0.0038,0.0000,200,0.7977
0.0030,0.0000,0.0000,0.0000,0.0029,0.0001,200,0.7988
0.0181,0.0000,0.0000,0.0002,0.0178,0.0001,200,0.7838
0.0075,0.0000,0.0000,0.0000,0.0074,0.0001,200,0.7945
0.0112,0.0000,0.0000,0.0000,0.0112,0.0000,200,0.7914
0.0138,0.0000,0.0000,0.0000,0.0138,0.0000,200,0.7892
0.0162,0.0000,0.0000,0.0000,0.0158,0.0000,200,0.7870
0.0129,0.0000,0.0000,0.0000,0.0129,0.0000,200,0.7907
0.0200,0.0000,0.0000,0.0000,0.0199,0.0000,200,0.7838
0.0772,0.0000,0.0000,0.0000,0.0764,0.0008,200,0.7279
0.0899,0.0000,0.0000,0.0000,0.0898,0.0000,200,0.7155
0.0185,0.0000,0.0000,0.0001,0.0181,0.0002,200,0.7870
0.0078,0.0000,0.0000,0.0000,0.0078,0.0000,200,0.7977
0.0177,0.0000,0.0000,0.0002,0.0173,0.0001,200,0.7879
0.0104,0.0000,0.0000,0.0000,0.0102,0.0000,200,0.7954
0.0052,0.0000,0.0000,0.0000,0.0051,0.0001,200,0.8010
0.0382,0.0000,0.0000,0.0000,0.0381,0.0000,200,0.7682
0.0508,0.0000,0.0000,0.0000,0.0507,0.0001,200,0.7563
0.0108,0.0000,0.0000,0.0002,0.0106,0.0000,200,0.7964
0.0172,0.0000,0.0000,0.0000,0.0166,0.0006,200,0.7908
0.0364,0.0000,0.0000,0.0000,0.0362,0.0000,200,0.7717
0.0011,0.0000,0.0000,0.0000,0.0010,0.0001,200,0.8072
0.0473,0.0000,0.0000,0.0000,0.0472,0.0001,200,0.7614
0.0039,0.0000,0.0000,0.0000,0.0038,0.0000,200,0.8055
0.0171,0.0000,0.0000,0.0000,0.0170,0.0000,200,0.7924
0.0556,0.0000,0.0000,0.0000,0.0556,0.0000,200,0.7539
0.0600,0.0000,0.0000,0.0000,0.0599,0.0000,200,0.7497
0.0016,0.0000,0.0000,0.0000,0.0015,0.0000,200,0.8087
0.0810,0.0000,0.0000,0.0000,0.0806,0.0000,200,0.7292
0.0106,0.0000,0.0000,0.0000,0.0103,0.0001,200,0.8001
0.0011,0.0000,0.0000,0.0000,0.0009,0.0000,200,0.8097
0.0076,0.0000,0.0000,0.0000,0.0075,0.0001,200,0.8038
0.0022,0.0000,0.0000,0.0000,0.0021,0.0000,200,0.8095
0.0134,0.0000,0.0000,0.0001,0.0132,0.0000,200,0.7989
0.0069,0.0000,0.0000,0.0000,0.0066,0.0002,200,0.8058
0.0068,0.0000,0.0000,0.0000,0.0067,0.0000,200,0.8064
0.0118,0.0000,0.0000,0.0000,0.0117,0.0001,200,0.8019
0.0019,0.0000,0.0000,0.0000,0.0017,0.0001,200,0.8123
0.0165,0.0000,0.0000,0.0000,0.0164,0.0000,200,0.7977
0.0150,0.0000,0.0000,0.0000,0.0149,0.0000,200,0.8006
0.0027,0.0000,0.0000,0.0001,0.0020,0.0006,200,0.8137
0.0033,0.0000,0.0000,0.0000,0.0017,0.0016,200,0.8132
0.0113,0.0000,0.0000,0.0000,0.0106,0.0006,200,0.8056
0.0030,0.0000,0.0000,0.0000,0.0023,0.0001,200,0.8142
0.0147,0.0000,0.0000,0.0001,0.0142,0.0004,200,0.8032
0.0672,0.0000,0.0000,0.0000,0.0665,0.0004,200,0.7519
0.0169,0.0000,0.0000,0.0000,0.0168,0.0000,200,0.8026
0.0280,0.0000,0.0000,0.0000,0.0278,0.0001,200,0.7919
0.0406,0.0000,0.0000,0.0000,0.0405,0.0000,200,0.7794
0.0076,0.0000,0.0000,0.0000,0.0075,0.0000,200,0.8127
0.1261,0.0000,0.0000,0.0000,0.1261,0.0000,200,0.6947
0.0151,0.0000,0.0000,0.0001,0.0150,0.0000,200,0.8062
0.0111,0.0000,0.0000,0.0000,0.0109,0.0001,200,0.8108
0.0306,0.0000,0.0000,0.0000,0.0305,0.0001,200,0.7914
0.0353,0.0000,0.0000,0.0000,0.0352,0.0000,200,0.7872
0.0275,0.0000,0.0000,0.0002,0.0272,0.0000,200,0.7955
0.0056,0.0000,0.0000,0.0001,0.0054,0.0000,200,0.8179
0.0403,0.0000,0.0000,0.0000,0.0399,0.0003,200,0.7839
0.0028,0.0000,0.0000,0.0000,0.0028,0.0000,200,0.8214
0.0045,0.0000,0.0000,0.0000,0.0041,0.0001,200,0.8200
0.0153,0.0000,0.0000,0.0000,0.0149,0.0001,200,0.8095
0.0082,0.0000,0.0000,0.0003,0.0078,0.0000,200,0.8169
0.0199,0.0000,0.0000,0.0000,0.0198,0.0001,200,0.8054
0.0259,0.0000,0.0000,0.0000,0.0259,0.0000,200,0.7995
0.0324,0.0000,0.0000,0.0000,0.0322,0.0001,200,0.7935
0.0149,0.0000,0.0000,0.0002,0.0147,0.0001,200,0.8114
0.0195,0.0000,0.0000,0.0001,0.0194,0.0000,200,0.8072
0.0079,0.0000,0.0000,0.0000,0.0074,0.0004,200,0.8195
0.0049,0.0000,0.0000,0.0000,0.0047,0.0002,200,0.8225
0.0029,0.0000,0.0000,0.0000,0.0029,0.0000,200,0.8248
0.0248,0.0000,0.0000,0.0000,0.0248,0.0000,200,0.8036
0.0121,0.0000,0.0000,0.0002,0.0111,0.0004,200,0.8172
0.0176,0.0000,0.0000,0.0000,0.0175,0.0000,200,0.8118
0.0309,0.0000,0.0000,0.0000,0.0300,0.0009,200,0.7986
0.0215,0.0000,0.0000,0.0000,0.0214,0.0001,200,0.8083
0.0140,0.0000,0.0000,0.0000,0.0139,0.0001,200,0.8165
0.0204,0.0000,0.0000,0.0000,0.0203,0.0000,200,0.8107
0.0058,0.0000,0.0000,0.0000,0.0057,0.0000,200,0.8254
0.0468,0.0000,0.0000,0.0000,0.0467,0.0000,200,0.7845
0.0216,0.0000,0.0000,0.0000,0.0215,0.0001,200,0.8102
0.0113,0.0000,0.0000,0.0001,0.0111,0.0000,200,0.8208
0.0077,0.0000,0.0000,0.0002,0.0074,0.0000,200,0.8245
0.0135,0.0000,0.0000,0.0000,0.0134,0.0000,200,0.8191
0.0310,0.0000,0.0000,0.0000,0.0309,0.0001,200,0.8021
0.0446,0.0000,0.0000,0.0000,0.0443,0.0003,200,0.7889
0.0112,0.0000,0.0000,0.0001,0.0109,0.0000,200,0.8230
0.0077,0.0000,0.0000,0.0000,0.0068,0.0008,200,0.8267
0.0554,0.0000,0.0000,0.0000,0.0550,0.0003,200,0.7794
0.0299,0.0000,0.0000,0.0000,0.0298,0.0000,200,0.8050
0.0592,0.0000,0.0000,0.0000,0.0591,0.0000,200,0.7762
0.0343,0.0000,0.0000,0.0001,0.0341,0.0000,200,0.8018
0.0206,0.0000,0.0000,0.0000,0.0206,0.0000,200,0.8155
0.0284,0.0000,0.0000,0.0000,0.0282,0.0002,200,0.8080
0.0074,0.0000,0.0000,0.0000,0.0069,0.0003,200,0.8295
0.0172,0.0000,0.0000,0.0003,0.0166,0.0001,200,0.8199
0.0325,0.0000,0.0000,0.0000,0.0324,0.0001,200,0.8055
0.0033,0.0000,0.0000,0.0000,0.0032,0.0000,200,0.8349
0.0041,0.0000,0.0000,0.0000,0.0040,0.0000,200,0.8342
0.0367,0.0000,0.0000,0.0000,0.0366,0.0000,200,0.8016
0.0039,0.0000,0.0000,0.0000,0.0038,0.0001,200,0.8349
0.0046,0.0000,0.0000,0.0000,0.0041,0.0000,200,0.8344
0.0091,0.0000,0.0000,0.0000,0.0089,0.0001,200,0.8306
0.0023,0.0000,0.0000,0.0000,0.0022,0.0000,200,0.8383
0.0172,0.0000,0.0000,0.0000,0.0170,0.0001,200,0.8236
0.0127,0.0000,0.0000,0.0000,0.0125,0.0002,200,0.8285
0.0660,0.0000,0.0000,0.0000,0.0658,0.0001,200,0.7760
0.0024,0.0000,0.0000,0.0000,0.0024,0.0000,200,0.8396
0.0343,0.0000,0.0000,0.0000,0.0342,0.0000,200,0.8080
0.0106,0.0000,0.0000,0.0002,0.0103,0.0000,200,0.8321
0.0177,0.0000,0.0000,0.0000,0.0176,0.0000,200,0.8258
0.0074,0.0000,0.0000,0.0000,0.0074,0.0000,200,0.8360
0.0030,0.0000,0.0000,0.0000,0.0027,0.0002,200,0.8407
0.0218,0.0000,0.0000,0.0000,0.0218,0.0000,200,0.8220
0.0520,0.0000,0.0000,0.0000,0.0520,0.0000,200,0.7920
0.0026,0.0000,0.0000,0.0000,0.0024,0.0001,200,0.8424
0.0046,0.0000,0.0000,0.0000,0.0045,0.0000,200,0.8405
0.0083,0.0000,0.0000,0.0000,0.0082,0.0000,200,0.8371
0.0069,0.0000,0.0000,0.0000,0.0069,0.0000,200,0.8388
0.0050,0.0000,0.0000,0.0000,0.0048,0.0000,200,0.8412
0.0060,0.0000,0.0000,0.0000,0.0059,0.0000,200,0.8420
0.0106,0.0000,0.0000,0.0000,0.0105,0.0000,200,0.8390
0.0143,0.0000,0.0000,0.0000,0.0138,0.0004,200,0.8354
0.0236,0.0000,0.0000,0.0001,0.0235,0.0000,200,0.8263
0.0051,0.0000,0.0000,0.0001,0.0049,0.0000,200,0.8449
0.0064,0.0000,0.0000,0.0000,0.0063,0.0001,200,0.8440
0.0048,0.0000,0.0000,0.0000,0.0047,0.0000,200,0.8457
0.0255,0.0000,0.0000,0.0000,0.0253,0.0002,200,0.8252
0.0574,0.0000,0.0000,0.0000,0.0573,0.0000,200,0.7940
0.0354,0.0000,0.0000,0.0000,0.0353,0.0001,200,0.8164
0.0560,0.0000,0.0000,0.0000,0.0559,0.0000,200,0.7962
0.0023,0.0000,0.0000,0.0000,0.0021,0.0002,200,0.8505
0.0117,0.0000,0.0000,0.0000,0.0116,0.0001,200,0.8420
0.0219,0.0000,0.0000,0.0002,0.0216,0.0001,200,0.8318
0.0339,0.0000,0.0000,0.0000,0.0338,0.0000,200,0.8204
0.0276,0.0000,0.0000,0.0000,0.0275,0.0000,200,0.8274
0.0314,0.0000,0.0000,0.0000,0.0313,0.0001,200,0.8242
0.0195,0.0000,0.0000,0.0000,0.0188,0.0000,200,0.8362
0.0237,0.0000,0.0000,0.0000,0.0236,0.0000,200,0.8326
0.0045,0.0000,0.0000,0.0000,0.0045,0.0000,200,0.8519
0.0087,0.0000,0.0000,0.0000,0.0087,0.0000,200,0.8480
0.0299,0.0000,0.0000,0.0004,0.0294,0.0001,200,0.8275
0.0265,0.0000,0.0000,0.0003,0.0260,0.0000,200,0.8313
0.0488,0.0000,0.0000,0.0000,0.0487,0.0001,200,0.8093
0.0150,0.0000,0.0000,0.0001,0.0149,0.0000,200,0.8437
0.0153,0.0000,0.0000,0.0000,0.0150,0.0002,200,0.8435
0.0036,0.0000,0.0000,0.0001,0.0034,0.0001,200,0.8556
0.0352,0.0000,0.0000,0.0000,0.0351,0.0001,200,0.8242
0.0164,0.0000,0.0000,0.0000,0.0162,0.0001,200,0.8438
0.0085,0.0000,0.0000,0.0000,0.0084,0.0000,200,0.8522
0.0464,0.0000,0.0000,0.0007,0.0457,0.0000,200,0.8142
0.0315,0.0000,0.0000,0.0000,0.0314,0.0001,200,0.8294
0.0019,0.0000,0.0000,0.0000,0.0018,0.0001,200,0.8595
0.0104,0.0000,0.0000,0.0000,0.0103,0.0000,200,0.8514
0.0192,0.0000,0.0000,0.0000,0.0191,0.0000,200,0.8427
0.0034,0.0000,0.0000,0.0000,0.0031,0.0002,200,0.8588
0.0031,0.0000,0.0000,0.0000,0.0030,0.0000,200,0.8592
0.0085,0.0000,0.0000,0.0000,0.0085,0.0000,200,0.8542
0.0184,0.0000,0.0000,0.0000,0.0179,0.0005,200,0.8451
0.0275,0.0000,0.0000,0.0000,0.0271,0.0003,200,0.8365
0.0304,0.0000,0.0000,0.0000,0.0304,0.0000,200,0.8335
0.0031,0.0000,0.0000,0.0000,0.0029,0.0003,200,0.8609
0.0112,0.0000,0.0000,0.0000,0.0109,0.0003,200,0.8529
0.0336,0.0000,0.0000,0.0000,0.0335,0.0001,200,0.8312
0.0068,0.0000,0.0000,0.0000,0.0067,0.0000,200,0.8582
0.0284,0.0000,0.0000,0.0000,0.0283,0.0001,200,0.8369
0.0086,0.0000,0.0000,0.0000,0.0082,0.0004,200,0.8568
0.0406,0.0000,0.0000,0.0000,0.0405,0.0000,200,0.8250
0.0443,0.0000,0.0000,0.0000,0.0442,0.0001,200,0.8218
0.0011,0.0000,0.0000,0.0000,0.0010,0.0000,200,0.8656
0.0287,0.0000,0.0000,0.0000,0.0285,0.0001,200,0.8382
0.0058,0.0000,0.0000,0.0000,0.0058,0.0000,200,0.8619
0.0058,0.0000,0.0000,0.0000,0.0057,0.0001,200,0.8619
0.0044,0.0000,0.0000,0.0000,0.0043,0.0001,200,0.8635
0.0185,0.0000,0.0000,0.0000,0.0184,0.0000,200,0.8499
0.0075,0.0000,0.0000,0.0001,0.0073,0.0000,200,0.8614
0.0398,0.0000,0.0000,0.0000,0.0397,0.0001,200,0.8293
0.0133,0.0000,0.0000,0.0000,0.0133,0.0000,200,0.8563
0.0062,0.0000,0.0000,0.0000,0.0061,0.0001,200,0.8640
0.0673,0.0000,0.0000,0.0000,0.0671,0.0000,200,0.8030
0.0169,0.0000,0.0000,0.0000,0.0165,0.0003,200,0.8538
0.0199,0.0000,0.0000,0.0000,0.0197,0.0000,200,0.8508
0.0080,0.0000,0.0000,0.0000,0.0078,0.0000,200,0.8639
0.0032,0.0000,0.0000,0.0000,0.0024,0.0008,200,0.8688
0.0267,0.0000,0.0000,0.0000,0.0264,0.0003,200,0.8454
0.0102,0.0000,0.0000,0.0000,0.0101,0.0000,200,0.8623
0.0430,0.0000,0.0000,0.0000,0.0429,0.0000,200,0.8298
0.0154,0.0000,0.0000,0.0000,0.0153,0.0000,200,0.8578
0.0080,0.0000,0.0000,0.0000,0.0080,0.0001,200,0.8656
0.0034,0.0000,0.0000,0.0000,0.0030,0.0004,200,0.8706
0.0168,0.0000,0.0000,0.0000,0.0166,0.0002,200,0.8573
0.0287,0.0000,0.0000,0.0000,0.0286,0.0001,200,0.8462
0.0032,0.0000,0.0000,0.0000,0.0029,0.0003,200,0.8720
0.0078,0.0000,0.0000,0.0000,0.0077,0.0000,200,0.8677
0.0157,0.0000,0.0000,0.0000,0.0156,0.0000,200,0.8601
0.0379,0.0000,0.0000,0.0000,0.0376,0.0002,200,0.8383
0.0213,0.0000,0.0000,0.0000,0.0213,0.0000,200,0.8550
0.0011,0.0000,0.0000,0.0000,0.0010,0.0001,200,0.8758
0.0125,0.0000,0.0000,0.0000,0.0121,0.0000,200,0.8648
0.0270,0.0000,0.0000,0.0000,0.0268,0.0000,200,0.8504
0.0044,0.0000,0.0000,0.0000,0.0042,0.0002,200,0.8736
0.0130,0.0000,0.0000,0.0000,0.0129,0.0000,200,0.8654
0.0098,0.0000,0.0000,0.0000,0.0097,0.0000,200,0.8692
0.0020,0.0000,0.0000,0.0000,0.0019,0.0000,200,0.8773
0.0159,0.0000,0.0000,0.0001,0.0157,0.0001,200,0.8639
0.0071,0.0000,0.0000,0.0000,0.0071,0.0000,200,0.8732
0.0197,0.0000,0.0000,0.0000,0.0193,0.0004,200,0.8606
0.0029,0.0000,0.0000,0.0000,0.0027,0.0001,200,0.8780
0.0062,0.0000,0.0000,0.0000,0.0061,0.0000,200,0.8752
0.0254,0.0000,0.0000,0.0000,0.0253,0.0001,200,0.8564
0.0117,0.0000,0.0000,0.0000,0.0117,0.0000,200,0.8703
0.0141,0.0000,0.0000,0.0000,0.0140,0.0000,200,0.8684
0.0150,0.0000,0.0000,0.0000,0.0149,0.0000,200,0.8680
0.0042,0.0000,0.0000,0.0000,0.0041,0.0001,200,0.8793
0.0139,0.0000,0.0000,0.0000,0.0136,0.0000,200,0.8697
0.0133,0.0000,0.0000,0.0000,0.0131,0.0001,200,0.8706
0.0098,0.0000,0.0000,0.0000,0.0097,0.0000,200,0.8741
0.0304,0.0000,0.0000,0.0000,0.0303,0.0000,200,0.8537
0.0074,0.0000,0.0000,0.0000,0.0073,0.0000,200,0.8774
0.0574,0.0000,0.0000,0.0000,0.0572,0.0001,200,0.8277
0.0419,0.0000,0.0000,0.0000,0.0419,0.0001,200,0.8435
0.0357,0.0000,0.0000,0.0000,0.0357,0.0001,200,0.8500
0.0053,0.0000,0.0000,0.0000,0.0052,0.0001,200,0.8809
0.0096,0.0000,0.0000,0.0000,0.0094,0.0001,200,0.8769
0.0546,0.0000,0.0000,0.0000,0.0546,0.0000,200,0.8321
0.0050,0.0000,0.0000,0.0000,0.0047,0.0004,200,0.8825
0.0072,0.0000,0.0000,0.0000,0.0072,0.0000,200,0.8803
0.0123,0.0000,0.0000,0.0000,0.0123,0.0000,200,0.8755
0.0043,0.0000,0.0000,0.0000,0.0043,0.0000,200,0.8839
0.1070,0.0000,0.0000,0.0000,0.1068,0.0002,200,0.7818
0.0173,0.0000,0.0000,0.0000,0.0172,0.0001,200,0.8721
0.0228,0.0000,0.0000,0.0000,0.0227,0.0000,200,0.8666
0.0019,0.0000,0.0000,0.0000,0.0019,0.0000,200,0.8879
0.0037,0.0000,0.0000,0.0000,0.0035,0.0001,200,0.8865
0.0164,0.0000,0.0000,0.0000,0.0162,0.0000,200,0.8741
0.0281,0.0000,0.0000,0.0000,0.0280,0.0000,200,0.8627
0.0414,0.0000,0.0000,0.0000,0.0413,0.0000,200,0.8496
0.0533,0.0000,0.0000,0.0000,0.0531,0.0000,200,0.8380
0.0100,0.0000,0.0000,0.0000,0.0097,0.0003,200,0.8814
0.0588,0.0000,0.0000,0.0000,0.0586,0.0000,200,0.8330
0.0125,0.0000,0.0000,0.0000,0.0125,0.0000,200,0.8803
0.0323,0.0000,0.0000,0.0000,0.0315,0.0006,200,0.8606
0.0268,0.0000,0.0000,0.0000,0.0267,0.0000,200,0.8661
0.0308,0.0000,0.0000,0.0000,0.0307,0.0000,200,0.8622
0.0344,0.0000,0.0000,0.0000,0.0343,0.0000,200,0.8588
0.0117,0.0000,0.0000,0.0000,0.0116,0.0000,200,0.8818
0.0039,0.0000,0.0000,0.0000,0.0038,0.0000,200,0.8904
0.0243,0.0000,0.0000,0.0000,0.0241,0.0002,200,0.8703
0.0112,0.0000,0.0000,0.0000,0.0108,0.0004,200,0.8835
0.0109,0.0000,0.0000,0.0000,0.0108,0.0001,200,0.8842
0.0025,0.0000,0.0000,0.0000,0.0024,0.0000,200,0.8929
0.0020,0.0000,0.0000,0.0000,0.0018,0.0001,200,0.8935
0.0073,0.0000,0.0000,0.0001,0.0071,0.0000,200,0.8883
0.0213,0.0000,0.0000,0.0000,0.0212,0.0001,200,0.8749
0.0062,0.0000,0.0000,0.0000,0.0061,0.0000,200,0.8902
0.0126,0.0000,0.0000,0.0000,0.0125,0.0000,200,0.8840
0.0027,0.0000,0.0000,0.0000,0.0027,0.0000,200,0.8947
0.0334,0.0000,0.0000,0.0000,0.0332,0.0000,200,0.8641
0.0145,0.0000,0.0000,0.0000,0.0144,0.0000,200,0.8830
0.0118,0.0000,0.0000,0.0000,0.0117,0.0000,200,0.8862
0.0074,0.0000,0.0000,0.0000,0.0073,0.0000,200,0.8910
0.0137,0.0000,0.0000,0.0000,0.0136,0.0001,200,0.8851
0.0229,0.0000,0.0000,0.0000,0.0228,0.0001,200,0.8763
0.0015,0.0000,0.0000,0.0000,0.0015,0.0000,200,0.8980
0.0081,0.0000,0.0000,0.0000,0.0076,0.0005,200,0.8918
0.0105,0.0000,0.0000,0.0000,0.0105,0.0000,200,0.8894
0.0061,0.0000,0.0000,0.0000,0.0058,0.0002,200,0.8946
0.0337,0.0000,0.0000,0.0000,0.0336,0.0000,200,0.8671
0.0137,0.0000,0.0000,0.0000,0.0132,0.0005,200,0.8876
0.0084,0.0000,0.0000,0.0000,0.0082,0.0000,200,0.8929
0.0074,0.0000,0.0000,0.0000,0.0074,0.0000,200,0.8943
0.0106,0.0000,0.0000,0.0001,0.0104,0.0001,200,0.8914
0.0164,0.0000,0.0000,0.0000,0.0162,0.0001,200,0.8858
0.0920,0.0000,0.0000,0.0000,0.0919,0.0000,200,0.8102
0.0264,0.0000,0.0000,0.0000,0.0263,0.0000,200,0.8763
0.0014,0.0000,0.0000,0.0000,0.0012,0.0001,200,0.9018
0.0475,0.0000,0.0000,0.0000,0.0474,0.0000,200,0.8557
0.0068,0.0000,0.0000,0.0000,0.0061,0.0006,200,0.8974
0.0150,0.0000,0.0000,0.0000,0.0149,0.0001,200,0.8894
0.0080,0.0000,0.0000,0.0000,0.0077,0.0002,200,0.8966
0.0020,0.0000,0.0000,0.0000,0.0019,0.0000,200,0.9031
0.0073,0.0000,0.0000,0.0000,0.0072,0.0001,200,0.8984
0.0037,0.0000,0.0000,0.0000,0.0034,0.0001,200,0.9022
0.0412,0.0000,0.0000,0.0000,0.0411,0.0000,200,0.8650
0.0168,0.0000,0.0000,0.0000,0.0167,0.0000,200,0.8898
0.0042,0.0000,0.0000,0.0000,0.0040,0.0002,200,0.9027
0.0345,0.0000,0.0000,0.0000,0.0344,0.0001,200,0.8729
0.0258,0.0000,0.0000,0.0000,0.0257,0.0001,200,0.8820
0.0236,0.0000,0.0000,0.0000,0.0235,0.0001,200,0.8848
0.0300,0.0000,0.0000,0.0000,0.0300,0.0000,200,0.8784
0.0302,0.0000,0.0000,0.0000,0.0301,0.0001,200,0.8790
0.0135,0.0000,0.0000,0.0000,0.0134,0.0001,200,0.8956
0.0036,0.0000,0.0000,0.0000,0.0032,0.0003,200,0.9062
0.0105,0.0000,0.0000,0.0000,0.0103,0.0000,200,0.8993
0.0018,0.0000,0.0000,0.0001,0.0016,0.0000,200,0.9085
0.0019,0.0000,0.0000,0.0000,0.0018,0.0000,200,0.9091
0.0091,0.0000,0.0000,0.0001,0.0090,0.0000,200,0.9019
0.0160,0.0000,0.0000,0.0000,0.0159,0.0000,200,0.8951
0.0070,0.0000,0.0000,0.0000,0.0068,0.0001,200,0.9046
0.0810,0.0000,0.0000,0.0001,0.0805,0.0003,200,0.8310
0.0624,0.0000,0.0000,0.0000,0.0623,0.0001,200,0.8497
0.0041,0.0000,0.0000,0.0000,0.0039,0.0001,200,0.9084
0.0017,0.0000,0.0000,0.0000,0.0015,0.0001,200,0.9110
0.0065,0.0000,0.0000,0.0000,0.0062,0.0002,200,0.9069
0.0227,0.0000,0.0000,0.0000,0.0225,0.0001,200,0.8909
0.0204,0.0000,0.0000,0.0000,0.0202,0.0000,200,0.8932
0.0341,0.0000,0.0000,0.0001,0.0338,0.0000,200,0.8799
0.0050,0.0000,0.0000,0.0000,0.0049,0.0000,200,0.9098
0.0034,0.0000,0.0000,0.0000,0.0033,0.0001,200,0.9115
0.0098,0.0000,0.0000,0.0000,0.0097,0.0001,200,0.9057
0.0435,0.0000,0.0000,0.0000,0.0435,0.0000,200,0.8720
0.0308,0.0000,0.0000,0.0000,0.0307,0.0000,200,0.8854
0.0275,0.0000,0.0000,0.0000,0.0274,0.0000,200,0.8887
0.0028,0.0000,0.0000,0.0000,0.0024,0.0003,200,0.9136
0.0015,0.0000,0.0000,0.0000,0.0012,0.0000,200,0.9150
0.0298,0.0000,0.0000,0.0000,0.0297,0.0000,200,0.8868
0.0149,0.0000,0.0000,0.0000,0.0147,0.0001,200,0.9021
0.0496,0.0000,0.0000,0.0000,0.0496,0.0000,200,0.8677
0.0019,0.0000,0.0000,0.0000,0.0018,0.0000,200,0.9155
0.0264,0.0000,0.0000,0.0002,0.0260,0.0000,200,0.8914
0.0208,0.0000,0.0000,0.0000,0.0208,0.0000,200,0.8975
0.0022,0.0000,0.0000,0.0000,0.0019,0.0000,200,0.9164
0.0119,0.0000,0.0000,0.0000,0.0117,0.0001,200,0.9074
0.0474,0.0000,0.0000,0.0000,0.0472,0.0000,200,0.8725
0.0078,0.0000,0.0000,0.0000,0.0077,0.0001,200,0.9121
0.0323,0.0000,0.0000,0.0000,0.0323,0.0000,200,0.8876
0.0068,0.0000,0.0000,0.0000,0.0067,0.0000,200,0.9135
0.0195,0.0000,0.0000,0.0000,0.0194,0.0001,200,0.9013
0.0201,0.0000,0.0000,0.0001,0.0199,0.0001,200,0.9013
0.0053,0.0000,0.0000,0.0000,0.0051,0.0001,200,0.9164
0.0192,0.0000,0.0000,0.0000,0.0190,0.0002,200,0.9032
0.0226,0.0000,0.0000,0.0000,0.0226,0.0000,200,0.8999
0.0039,0.0000,0.0000,0.0000,0.0039,0.0000,200,0.9186
0.0264,0.0000,0.0000,0.0000,0.0260,0.0002,200,0.8964
0.0032,0.0000,0.0000,0.0000,0.0032,0.0000,200,0.9199
0.0059,0.0000,0.0000,0.0000,0.0058,0.0001,200,0.9178
0.0310,0.0000,0.0000,0.0000,0.0309,0.0000,200,0.8929
0.0030,0.0000,0.0000,0.0001,0.0028,0.0001,200,0.9214
0.0021,0.0000,0.0000,0.0000,0.0020,0.0000,200,0.9228
0.0115,0.0000,0.0000,0.0001,0.0112,0.0002,200,0.9136
0.0203,0.0000,0.0000,0.0000,0.0202,0.0000,200,0.9051
0.0059,0.0000,0.0000,0.0000,0.0058,0.0001,200,0.9199
0.0218,0.0000,0.0000,0.0000,0.0215,0.0000,200,0.9044
0.0139,0.0000,0.0000,0.0000,0.0138,0.0001,200,0.9127
0.0129,0.0000,0.0000,0.0000,0.0128,0.0000,200,0.9139
0.0039,0.0000,0.0000,0.0000,0.0035,0.0003,200,0.9244
0.0160,0.0000,0.0000,0.0000,0.0153,0.0007,200,0.9125
0.0451,0.0000,0.0000,0.0000,0.0446,0.0005,200,0.8835
0.0300,0.0000,0.0000,0.0002,0.0298,0.0000,200,0.8999
0.0041,0.0000,0.0000,0.0000,0.0039,0.0002,200,0.9258
0.0118,0.0000,0.0000,0.0000,0.0110,0.0008,200,0.9183
0.0238,0.0000,0.0000,0.0000,0.0237,0.0000,200,0.9066
0.0297,0.0000,0.0000,0.0000,0.0296,0.0000,200,0.9007
0.0058,0.0000,0.0000,0.0000,0.0057,0.0000,200,0.9249
0.0079,0.0000,0.0000,0.0000,0.0078,0.0000,200,0.9231
0.0172,0.0000,0.0000,0.0000,0.0170,0.0000,200,0.9148
0.0352,0.0000,0.0000,0.0000,0.0351,0.0000,200,0.8974
0.0043,0.0000,0.0000,0.0002,0.0039,0.0001,200,0.9286
0.0137,0.0000,0.0000,0.0000,0.0137,0.0000,200,0.9199
0.0148,0.0000,0.0000,0.0000,0.0148,0.0000,200,0.9193
0.0091,0.0000,0.0000,0.0001,0.0089,0.0000,200,0.9254
0.0110,0.0000,0.0000,0.0000,0.0109,0.0000,200,0.9240
0.0023,0.0000,0.0000,0.0000,0.0022,0.0001,200,0.9329
0.0184,0.0000,0.0000,0.0000,0.0183,0.0001,200,0.9174
0.0140,0.0000,0.0000,0.0000,0.0138,0.0002,200,0.9225
0.0208,0.0000,0.0000,0.0000,0.0207,0.0001,200,0.9162
0.0024,0.0000,0.0000,0.0000,0.0023,0.0000,200,0.9350
0.0078,0.0000,0.0000,0.0000,0.0077,0.0000,200,0.9303
0.0100,0.0000,0.0000,0.0003,0.0095,0.0001,200,0.9283
0.0285,0.0000,0.0000,0.0000,0.0284,0.0001,200,0.9111
0.0134,0.0000,0.0000,0.0000,0.0134,0.0000,200,0.9262
0.0298,0.0000,0.0000,0.0000,0.0298,0.0000,200,0.9098
0.0104,0.0000,0.0000,0.0003,0.0100,0.0000,200,0.9300
0.0100,0.0000,0.0000,0.0000,0.0099,0.0001,200,0.9307
0.0302,0.0000,0.0000,0.0002,0.0299,0.0001,200,0.9110
0.0371,0.0000,0.0000,0.0001,0.0369,0.0001,200,0.9043
0.0243,0.0000,0.0000,0.0000,0.0242,0.0000,200,0.9174
0.0326,0.0000,0.0000,0.0000,0.0325,0.0000,200,0.9091
0.0252,0.0000,0.0000,0.0000,0.0250,0.0001,200,0.9170
0.0090,0.0000,0.0000,0.0001,0.0088,0.0000,200,0.9337
0.0034,0.0000,0.0000,0.0000,0.0033,0.0001,200,0.9396
0.0357,0.0000,0.0000,0.0000,0.0356,0.0000,200,0.9078
0.0026,0.0000,0.0000,0.0000,0.0024,0.0001,200,0.9417
0.0194,0.0000,0.0000,0.0000,0.0192,0.0001,200,0.9251
0.0063,0.0000,0.0000,0.0000,0.0062,0.0000,200,0.9383
0.0347,0.0000,0.0000,0.0000,0.0345,0.0001,200,0.9102
0.0169,0.0000,0.0000,0.0002,0.0166,0.0001,200,0.9285
0.0044,0.0000,0.0000,0.0000,0.0043,0.0000,200,0.9412
0.0013,0.0000,0.0000,0.0000,0.0011,0.0002,200,0.9449
0.0112,0.0000,0.0000,0.0000,0.0111,0.0001,200,0.9352
0.0057,0.0000,0.0000,0.0000,0.0057,0.0000,200,0.9407
0.0071,0.0000,0.0000,0.0002,0.0068,0.0001,200,0.9396
0.0027,0.0000,0.0000,0.0000,0.0025,0.0001,200,0.9445
0.0208,0.0000,0.0000,0.0000,0.0196,0.0000,200,0.9267
0.0416,0.0000,0.0000,0.0000,0.0415,0.0000,200,0.9059
0.0098,0.0000,0.0000,0.0000,0.0098,0.0000,200,0.9382
0.0154,0.0000,0.0000,0.0000,0.0154,0.0000,200,0.9326
0.0066,0.0000,0.0000,0.0000,0.0065,0.0000,200,0.9417
0.0167,0.0000,0.0000,0.0000,0.0167,0.0000,200,0.9320
0.0186,0.0000,0.0000,0.0000,0.0184,0.0001,200,0.9304
0.0227,0.0000,0.0000,0.0001,0.0216,0.0000,200,0.9268
0.0277,0.0000,0.0000,0.0000,0.0273,0.0001,200,0.9224
0.0077,0.0000,0.0000,0.0000,0.0077,0.0000,200,0.9427
0.0205,0.0000,0.0000,0.0003,0.0202,0.0000,200,0.9300
0.0205,0.0000,0.0000,0.0002,0.0201,0.0000,200,0.9301
0.0058,0.0000,0.0000,0.0002,0.0055,0.0000,200,0.9454
0.0029,0.0000,0.0000,0.0000,0.0029,0.0000,200,0.9487
0.0028,0.0000,0.0000,0.0001,0.0026,0.0000,200,0.9490
0.0047,0.0000,0.0000,0.0004,0.0042,0.0001,200,0.9475
0.0016,0.0000,0.0000,0.0000,0.0015,0.0001,200,0.9512
0.0025,0.0000,0.0000,0.0000,0.0025,0.0000,200,0.9506
0.0333,0.0000,0.0000,0.0000,0.0332,0.0000,200,0.9204
0.0095,0.0000,0.0000,0.0001,0.0094,0.0000,200,0.9445
0.0326,0.0000,0.0000,0.0000,0.0323,0.0003,200,0.9216
0.0323,0.0000,0.0000,0.0000,0.0322,0.0000,200,0.9225
0.0590,0.0000,0.0000,0.0000,0.0590,0.0000,200,0.8963
0.0094,0.0000,0.0000,0.0000,0.0093,0.0000,200,0.9464
0.0042,0.0000,0.0000,0.0000,0.0041,0.0000,200,0.9522
0.0049,0.0000,0.0000,0.0000,0.0047,0.0002,200,0.9516
0.0064,0.0000,0.0000,0.0000,0.0064,0.0000,200,0.9504
0.0101,0.0000,0.0000,0.0001,0.0099,0.0000,200,0.9475
0.0031,0.0000,0.0000,0.0000,0.0030,0.0001,200,0.9549
0.0085,0.0000,0.0000,0.0000,0.0081,0.0003,200,0.9496
0.0426,0.0000,0.0000,0.0000,0.0424,0.0001,200,0.9155
0.0100,0.0000,0.0000,0.0000,0.0100,0.0000,200,0.9483
0.0177,0.0000,0.0000,0.0002,0.0174,0.0001,200,0.9414
0.0227,0.0000,0.0000,0.0000,0.0225,0.0001,200,0.9365
0.0019,0.0000,0.0000,0.0000,0.0017,0.0000,200,0.9580
0.0292,0.0000,0.0000,0.0000,0.0291,0.0000,200,0.9310
0.0142,0.0000,0.0000,0.0001,0.0141,0.0000,200,0.9464
0.0265,0.0000,0.0000,0.0000,0.0264,0.0000,200,0.9341
0.0155,0.0000,0.0000,0.0001,0.0153,0.0001,200,0.9456
0.0179,0.0000,0.0000,0.0000,0.0178,0.0001,200,0.9435
0.0055,0.0000,0.0000,0.0000,0.0053,0.0002,200,0.9564
0.0077,0.0000,0.0000,0.0001,0.0075,0.0000,200,0.9543
0.0280,0.0000,0.0000,0.0000,0.0279,0.0000,200,0.9346
0.0037,0.0000,0.0000,0.0000,0.0036,0.0000,200,0.9592
0.0513,0.0000,0.0000,0.0001,0.0511,0.0001,200,0.9121
0.0162,0.0000,0.0000,0.0000,0.0162,0.0000,200,0.9472
0.0096,0.0000,0.0000,0.0000,0.0095,0.0000,200,0.9554
0.0253,0.0000,0.0000,0.0000,0.0252,0.0000,200,0.9396
0.0182,0.0000,0.0000,0.0001,0.0181,0.0000,200,0.9468
0.0696,0.0000,0.0000,0.0000,0.0695,0.0000,200,0.8954
0.0051,0.0000,0.0000,0.0000,0.0049,0.0000,200,0.9600
0.0294,0.0000,0.0000,0.0000,0.0293,0.0000,200,0.9358
0.0027,0.0000,0.0000,0.0000,0.0025,0.0001,200,0.9630
0.0134,0.0000,0.0000,0.0000,0.0132,0.0002,200,0.9527
0.0014,0.0000,0.0000,0.0000,0.0013,0.0000,200,0.9650
0.0131,0.0000,0.0000,0.0003,0.0127,0.0000,200,0.9536
0.0022,0.0000,0.0000,0.0001,0.0020,0.0000,200,0.9650
0.0070,0.0000,0.0000,0.0000,0.0069,0.0000,200,0.9606
0.0138,0.0000,0.0000,0.0000,0.0135,0.0002,200,0.9540
0.0078,0.0000,0.0000,0.0001,0.0075,0.0002,200,0.9606
0.0053,0.0000,0.0000,0.0000,0.0038,0.0000,200,0.9635
0.0042,0.0000,0.0000,0.0000,0.0041,0.0000,200,0.9651
0.0049,0.0000,0.0000,0.0000,0.0048,0.0000,200,0.9650
0.0037,0.0000,0.0000,0.0000,0.0036,0.0000,200,0.9664
0.0081,0.0000,0.0000,0.0000,0.0080,0.0000,200,0.9625
0.0096,0.0000,0.0000,0.0000,0.0083,0.0013,200,0.9611
0.0141,0.0000,0.0000,0.0000,0.0139,0.0002,200,0.9565
0.0095,0.0000,0.0000,0.0000,0.0094,0.0001,200,0.9614
0.0030,0.0000,0.0000,0.0000,0.0029,0.0000,200,0.9684
0.0061,0.0000,0.0000,0.0000,0.0060,0.0000,200,0.9657
0.0240,0.0000,0.0000,0.0004,0.0236,0.0000,200,0.9480
0.0223,0.0000,0.0000,0.0000,0.0221,0.0001,200,0.9501
0.0563,0.0000,0.0000,0.0000,0.0562,0.0000,200,0.9165
0.0359,0.0000,0.0000,0.0000,0.0358,0.0001,200,0.9373
0.0061,0.0000,0.0000,0.0001,0.0060,0.0000,200,0.9673
0.0208,0.0000,0.0000,0.0000,0.0207,0.0000,200,0.9531
0.0067,0.0000,0.0000,0.0000,0.0064,0.0001,200,0.9676
0.0305,0.0000,0.0000,0.0000,0.0304,0.0001,200,0.9443
0.0174,0.0000,0.0000,0.0000,0.0173,0.0000,200,0.9580
0.0596,0.0000,0.0000,0.0000,0.0593,0.0003,200,0.9162
0.0176,0.0000,0.0000,0.0000,0.0175,0.0001,200,0.9583
0.0129,0.0000,0.0000,0.0000,0.0113,0.0001,200,0.9635
0.0051,0.0000,0.0000,0.0000,0.0050,0.0001,200,0.9718
0.0292,0.0000,0.0000,0.0000,0.0288,0.0001,200,0.9480
0.0044,0.0000,0.0000,0.0000,0.0043,0.0000,200,0.9733
0.0076,0.0000,0.0000,0.0000,0.0074,0.0002,200,0.9707
0.0107,0.0000,0.0000,0.0000,0.0106,0.0000,200,0.9677
0.0414,0.0000,0.0000,0.0001,0.0413,0.0000,200,0.9370
0.0219,0.0000,0.0000,0.0001,0.0218,0.0000,200,0.9568
0.0022,0.0000,0.0000,0.0000,0.0020,0.0000,200,0.9772
0.0082,0.0000,0.0000,0.0000,0.0081,0.0001,200,0.9714
0.0078,0.0000,0.0000,0.0000,0.0075,0.0001,200,0.9720
0.0183,0.0000,0.0000,0.0000,0.0182,0.0001,200,0.9619
0.0801,0.0000,0.0000,0.0000,0.0800,0.0000,200,0.9007
0.0035,0.0000,0.0000,0.0000,0.0031,0.0003,200,0.9776
0.0256,0.0000,0.0000,0.0000,0.0255,0.0001,200,0.9558
0.0195,0.0000,0.0000,0.0000,0.0193,0.0000,200,0.9619
0.0023,0.0000,0.0000,0.0001,0.0022,0.0001,200,0.9796
0.0178,0.0000,0.0000,0.0000,0.0175,0.0003,200,0.9649
0.0020,0.0000,0.0000,0.0000,0.0019,0.0000,200,0.9808
0.0846,0.0000,0.0000,0.0000,0.0844,0.0002,200,0.8988
0.0433,0.0000,0.0000,0.0000,0.0433,0.0000,200,0.9404
0.0419,0.0000,0.0000,0.0000,0.0418,0.0000,200,0.9422
0.0142,0.0000,0.0000,0.0000,0.0141,0.0001,200,0.9701
0.0917,0.0000,0.0000,0.0000,0.0916,0.0001,200,0.8930
0.0896,0.0000,0.0000,0.0000,0.0895,0.0000,200,0.8954
0.0134,0.0000,0.0000,0.0000,0.0133,0.0000,200,0.9724
0.0190,0.0000,0.0000,0.0000,0.0185,0.0005,200,0.9667
0.0103,0.0000,0.0000,0.0000,0.0102,0.0000,200,0.9759
0.0178,0.0000,0.0000,0.0000,0.0177,0.0000,200,0.9688
0.0178,0.0000,0.0000,0.0000,0.0176,0.0002,200,0.9693
0.0118,0.0000,0.0000,0.0001,0.0117,0.0000,200,0.9754
0.0360,0.0000,0.0000,0.0000,0.0358,0.0002,200,0.9518
0.0051,0.0000,0.0000,0.0000,0.0050,0.0000,200,0.9827
0.0018,0.0000,0.0000,0.0000,0.0016,0.0001,200,0.9866
0.0096,0.0000,0.0000,0.0000,0.0096,0.0000,200,0.9794
0.0105,0.0000,0.0000,0.0000,0.0104,0.0000,200,0.9784
0.0080,0.0000,0.0000,0.0000,0.0079,0.0001,200,0.9814
0.0154,0.0000,0.0000,0.0000,0.0153,0.0000,200,0.9748
0.0023,0.0000,0.0000,0.0000,0.0018,0.0004,200,0.9878
0.0203,0.0000,0.0000,0.0000,0.0202,0.0000,200,0.9699
0.0165,0.0000,0.0000,0.0000,0.0163,0.0000,200,0.9743
0.0074,0.0000,0.0000,0.0000,0.0073,0.0000,200,0.9837
0.0129,0.0000,0.0000,0.0000,0.0128,0.0001,200,0.9788
0.0212,0.0000,0.0000,0.0000,0.0212,0.0000,200,0.9706
0.0213,0.0000,0.0000,0.0000,0.0212,0.0001,200,0.9708
0.0092,0.0000,0.0000,0.0000,0.0091,0.0000,200,0.9834
0.0131,0.0000,0.0000,0.0000,0.0127,0.0000,200,0.9798
0.0026,0.0000,0.0000,0.0000,0.0026,0.0000,200,0.9908
0.0023,0.0000,0.0000,0.0000,0.0019,0.0004,200,0.9921
0.0144,0.0000,0.0000,0.0000,0.0143,0.0000,200,0.9801
0.0217,0.0000,0.0000,0.0000,0.0215,0.0002,200,0.9729
0.0350,0.0000,0.0000,0.0000,0.0348,0.0002,200,0.9602
0.0027,0.0000,0.0000,0.0000,0.0026,0.0000,200,0.9926
0.0749,0.0000,0.0000,0.0000,0.0747,0.0001,200,0.9208
0.0460,0.0000,0.0000,0.0000,0.0456,0.0004,200,0.9505
0.0116,0.0000,0.0000,0.0000,0.0116,0.0000,200,0.9850
0.0022,0.0000,0.0000,0.0000,0.0021,0.0000,200,0.9945
0.0197,0.0000,0.0000,0.0000,0.0196,0.0000,200,0.9772
0.0159,0.0000,0.0000,0.0000,0.0158,0.0001,200,0.9814
0.0194,0.0000,0.0000,0.0000,0.0192,0.0002,200,0.9784
0.0041,0.0000,0.0000,0.0001,0.0038,0.0001,200,0.9944
0.0278,0.0000,0.0000,0.0000,0.0275,0.0002,200,0.9710
0.0077,0.0000,0.0000,0.0000,0.0075,0.0000,200,0.9911
0.0418,0.0000,0.0000,0.0000,0.0416,0.0000,200,0.9576
0.0156,0.0000,0.0000,0.0000,0.0154,0.0001,200,0.9841
0.0351,0.0000,0.0000,0.0000,0.0350,0.0000,200,0.9649
0.0132,0.0000,0.0000,0.0000,0.0131,0.0000,200,0.9872
0.0040,0.0000,0.0000,0.0000,0.0039,0.0000,200,0.9966
0.0045,0.0000,0.0000,0.0000,0.0042,0.0002,200,0.9969
0.0136,0.0000,0.0000,0.0000,0.0136,0.0000,200,0.9878
0.0783,0.0000,0.0000,0.0000,0.0782,0.0001,200,0.9236
0.0121,0.0000,0.0000,0.0000,0.0120,0.0000,200,0.9902
0.0208,0.0000,0.0000,0.0000,0.0207,0.0001,200,0.9819
0.1039,0.0000,0.0000,0.0000,0.1033,0.0004,200,0.8995
0.0038,0.0000,0.0000,0.0000,0.0038,0.0000,200,0.9997
0.0182,0.0000,0.0000,0.0000,0.0181,0.0001,200,0.9858
0.0013,0.0000,0.0000,0.0000,0.0012,0.0001,200,1.0027
0.0064,0.0000,0.0000,0.0000,0.0057,0.0006,200,0.9979
0.0314,0.0000,0.0000,0.0000,0.0312,0.0000,200,0.9734
0.0193,0.0000,0.0000,0.0001,0.0192,0.0001,200,0.9858
0.0227,0.0000,0.0000,0.0000,0.0226,0.0000,200,0.9828
0.0141,0.0000,0.0000,0.0000,0.0140,0.0000,200,0.9916
0.0215,0.0000,0.0000,0.0000,0.0214,0.0001,200,0.9847
0.0170,0.0000,0.0000,0.0000,0.0170,0.0000,200,0.9895
0.0228,0.0000,0.0000,0.0000,0.0227,0.0000,200,0.9843
0.0610,0.0000,0.0000,0.0000,0.0610,0.0000,200,0.9462
0.0336,0.0000,0.0000,0.0000,0.0335,0.0001,200,0.9739
0.0112,0.0000,0.0000,0.0000,0.0112,0.0000,200,0.9973
0.0166,0.0000,0.0000,0.0000,0.0166,0.0000,200,0.9919
0.0030,0.0000,0.0000,0.0000,0.0029,0.0002,200,1.0057
0.0304,0.0000,0.0000,0.0001,0.0303,0.0000,200,0.9784
0.0075,0.0000,0.0000,0.0004,0.0071,0.0000,200,1.0015
0.0145,0.0000,0.0000,0.0000,0.0145,0.0000,200,0.9946
0.0031,0.0000,0.0000,0.0001,0.0028,0.0000,200,1.0065
0.0198,0.0000,0.0000,0.0000,0.0197,0.0000,200,0.9902
0.0084,0.0000,0.0000,0.0000,0.0083,0.0000,200,1.0023
0.0184,0.0000,0.0000,0.0000,0.0183,0.0000,200,0.9929
0.0179,0.0000,0.0000,0.0001,0.0178,0.0000,200,0.9934
0.0157,0.0000,0.0000,0.0000,0.0156,0.0000,200,0.9957
0.0051,0.0000,0.0000,0.0001,0.0049,0.0000,200,1.0062
0.0168,0.0000,0.0000,0.0000,0.0167,0.0001,200,0.9952
0.0233,0.0000,0.0000,0.0000,0.0231,0.0001,200,0.9890
0.0537,0.0000,0.0000,0.0000,0.0536,0.0000,200,0.9591
0.0018,0.0000,0.0000,0.0000,0.0017,0.0001,200,1.0114
0.0029,0.0000,0.0000,0.0000,0.0028,0.0000,200,1.0106
0.0017,0.0000,0.0000,0.0000,0.0016,0.0001,200,1.0120
0.0134,0.0000,0.0000,0.0000,0.0133,0.0000,200,1.0006
0.0157,0.0000,0.0000,0.0000,0.0156,0.0001,200,0.9987
0.0021,0.0000,0.0000,0.0000,0.0020,0.0000,200,1.0127
0.0292,0.0000,0.0000,0.0000,0.0291,0.0001,200,0.9861
0.0112,0.0000,0.0000,0.0001,0.0111,0.0000,200,1.0042
0.0168,0.0000,0.0000,0.0002,0.0164,0.0000,200,1.0000
0.0035,0.0000,0.0000,0.0000,0.0034,0.0000,200,1.0137
0.0131,0.0000,0.0000,0.0000,0.0126,0.0002,200,1.0040
0.0075,0.0000,0.0000,0.0000,0.0074,0.0000,200,1.0100
0.0426,0.0000,0.0000,0.0000,0.0426,0.0000,200,0.9758
0.0119,0.0000,0.0000,0.0002,0.0116,0.0000,200,1.0072
0.0209,0.0000,0.0000,0.0000,0.0206,0.0000,200,0.9985
0.0051,0.0000,0.0000,0.0000,0.0050,0.0001,200,1.0153
0.0244,0.0000,0.0000,0.0000,0.0243,0.0000,200,0.9965
0.0161,0.0000,0.0000,0.0000,0.0161,0.0000,200,1.0047
0.0318,0.0000,0.0000,0.0000,0.0306,0.0011,200,0.9902
0.0129,0.0000,0.0000,0.0000,0.0128,0.0000,200,1.0092
0.0038,0.0000,0.0000,0.0000,0.0037,0.0001,200,1.0185
0.0414,0.0000,0.0000,0.0000,0.0410,0.0003,200,0.9811
0.0260,0.0000,0.0000,0.0000,0.0259,0.0000,200,0.9967
0.0806,0.0000,0.0000,0.0002,0.0803,0.0002,200,0.9430
0.0068,0.0000,0.0000,0.0000,0.0067,0.0001,200,1.0172
0.0036,0.0000,0.0000,0.0004,0.0032,0.0000,200,1.0204
0.0068,0.0000,0.0000,0.0000,0.0067,0.0000,200,1.0175
0.0025,0.0000,0.0000,0.0000,0.0024,0.0000,200,1.0221
0.0157,0.0000,0.0000,0.0000,0.0156,0.0000,200,1.0096
0.0032,0.0000,0.0000,0.0000,0.0031,0.0000,200,1.0223
0.0254,0.0000,0.0000,0.0000,0.0252,0.0001,200,1.0003
0.0221,0.0000,0.0000,0.0000,0.0219,0.0001,200,1.0040
0.0228,0.0000,0.0000,0.0001,0.0226,0.0000,200,1.0034
0.0023,0.0000,0.0000,0.0000,0.0022,0.0001,200,1.0240
0.0200,0.0000,0.0000,0.0000,0.0199,0.0000,200,1.0071
0.0161,0.0000,0.0000,0.0000,0.0160,0.0000,200,1.0113
0.0144,0.0000,0.0000,0.0000,0.0143,0.0000,200,1.0132
0.0197,0.0000,0.0000,0.0000,0.0195,0.0002,200,1.0085
0.0135,0.0000,0.0000,0.0000,0.0134,0.0000,200,1.0148
0.0117,0.0000,0.0000,0.0000,0.0116,0.0001,200,1.0172
0.0034,0.0000,0.0000,0.0000,0.0033,0.0001,200,1.0257
0.0182,0.0000,0.0000,0.0000,0.0182,0.0000,200,1.0113
0.0154,0.0000,0.0000,0.0000,0.0153,0.0001,200,1.0145
0.0066,0.0000,0.0000,0.0000,0.0063,0.0003,200,1.0240
0.0066,0.0000,0.0000,0.0000,0.0065,0.0001,200,1.0243
0.0041,0.0000,0.0000,0.0000,0.0039,0.0001,200,1.0272
0.0092,0.0000,0.0000,0.0001,0.0089,0.0001,200,1.0225
0.0270,0.0000,0.0000,0.0000,0.0268,0.0002,200,1.0051
0.0236,0.0000,0.0000,0.0000,0.0233,0.0002,200,1.0087
0.0298,0.0000,0.0000,0.0000,0.0298,0.0000,200,1.0036
0.0125,0.0000,0.0000,0.0000,0.0125,0.0000,200,1.0209
0.0570,0.0000,0.0000,0.0001,0.0569,0.0000,200,0.9764
0.0092,0.0000,0.0000,0.0000,0.0086,0.0006,200,1.0255
0.0180,0.0000,0.0000,0.0000,0.0179,0.0000,200,1.0168
0.0037,0.0000,0.0000,0.0004,0.0012,0.0020,200,1.0321
0.0470,0.0000,0.0000,0.0000,0.0469,0.0000,200,0.9890
0.0159,0.0000,0.0000,0.0000,0.0158,0.0000,200,1.0209
0.0045,0.0000,0.0000,0.0000,0.0044,0.0001,200,1.0323
0.0220,0.0000,0.0000,0.0000,0.0219,0.0000,200,1.0155
0.0323,0.0000,0.0000,0.0000,0.0322,0.0000,200,1.0055
0.0499,0.0000,0.0000,0.0000,0.0498,0.0000,200,0.9884
0.0247,0.0000,0.0000,0.0000,0.0246,0.0001,200,1.0140
0.0095,0.0000,0.0000,0.0000,0.0094,0.0000,200,1.0299
0.0168,0.0000,0.0000,0.0000,0.0163,0.0005,200,1.0227
0.0041,0.0000,0.0000,0.0000,0.0040,0.0000,200,1.0358
0.0086,0.0000,0.0000,0.0000,0.0085,0.0000,200,1.0317
0.0033,0.0000,0.0000,0.0000,0.0032,0.0001,200,1.0375
0.0117,0.0000,0.0000,0.0000,0.0116,0.0000,200,1.0291
0.0427,0.0000,0.0000,0.0000,0.0426,0.0000,200,0.9988
0.0030,0.0000,0.0000,0.0000,0.0029,0.0001,200,1.0387
0.0335,0.0000,0.0000,0.0000,0.0334,0.0000,200,1.0088
0.0030,0.0000,0.0000,0.0000,0.0027,0.0002,200,1.0399
0.0167,0.0000,0.0000,0.0000,0.0166,0.0000,200,1.0262
0.0414,0.0000,0.0000,0.0000,0.0413,0.0000,200,1.0019
0.0445,0.0000,0.0000,0.0000,0.0443,0.0002,200,0.9993
0.0190,0.0000,0.0000,0.0000,0.0188,0.0002,200,1.0253
0.0013,0.0000,0.0000,0.0000,0.0012,0.0001,200,1.0434
0.0059,0.0000,0.0000,0.0000,0.0059,0.0000,200,1.0395
0.0235,0.0000,0.0000,0.0000,0.0234,0.0000,200,1.0219
0.0441,0.0000,0.0000,0.0000,0.0441,0.0000,200,1.0013
0.0182,0.0000,0.0000,0.0000,0.0182,0.0000,200,1.0276
0.0510,0.0000,0.0000,0.0000,0.0507,0.0001,200,0.9953
0.0185,0.0000,0.0000,0.0000,0.0184,0.0001,200,1.0282
0.0278,0.0000,0.0000,0.0000,0.0278,0.0000,200,1.0191
0.0057,0.0000,0.0000,0.0000,0.0056,0.0001,200,1.0417
0.0171,0.0000,0.0000,0.0000,0.0170,0.0001,200,1.0306
0.0221,0.0000,0.0000,0.0000,0.0219,0.0001,200,1.0260
0.0171,0.0000,0.0000,0.0000,0.0171,0.0000,200,1.0313
0.0120,0.0000,0.0000,0.0000,0.0117,0.0002,200,1.0368
0.0077,0.0000,0.0000,0.0001,0.0076,0.0000,200,1.0415
0.0029,0.0000,0.0000,0.0000,0.0028,0.0001,200,1.0469
0.0133,0.0000,0.0000,0.0000,0.0132,0.0001,200,1.0368
0.0379,0.0000,0.0000,0.0000,0.0378,0.0000,200,1.0123
0.0098,0.0000,0.0000,0.0000,0.0097,0.0001,200,1.0408
0.0053,0.0000,0.0000,0.0000,0.0052,0.0000,200,1.0455
0.0084,0.0000,0.0000,0.0000,0.0082,0.0001,200,1.0429
0.0252,0.0000,0.0000,0.0000,0.0251,0.0001,200,1.0263
0.0028,0.0000,0.0000,0.0000,0.0026,0.0001,200,1.0493
0.0163,0.0000,0.0000,0.0001,0.0161,0.0000,200,1.0359
0.0067,0.0000,0.0000,0.0000,0.0066,0.0000,200,1.0458
0.0451,0.0000,0.0000,0.0001,0.0447,0.0001,200,1.0076
0.0656,0.0000,0.0000,0.0000,0.0656,0.0000,200,0.9871
0.0075,0.0000,0.0000,0.0000,0.0074,0.0000,200,1.0455
0.0087,0.0000,0.0000,0.0000,0.0084,0.0000,200,1.0447
0.0136,0.0000,0.0000,0.0000,0.0135,0.0001,200,1.0403
0.0232,0.0000,0.0000,0.0000,0.0231,0.0001,200,1.0309
0.0101,0.0000,0.0000,0.0001,0.0100,0.0000,200,1.0443
0.0024,0.0000,0.0000,0.0001,0.0018,0.0000,200,1.0521
0.0046,0.0000,0.0000,0.0000,0.0044,0.0002,200,1.0502
0.0010,0.0000,0.0000,0.0000,0.0009,0.0001,200,1.0541
0.0206,0.0000,0.0000,0.0004,0.0200,0.0001,200,1.0348
0.0032,0.0000,0.0000,0.0000,0.0024,0.0004,200,1.0530
0.0034,0.0000,0.0000,0.0000,0.0033,0.0000,200,1.0528
0.0033,0.0000,0.0000,0.0000,0.0032,0.0001,200,1.0534
0.0083,0.0000,0.0000,0.0000,0.0082,0.0000,200,1.0488
0.0067,0.0000,0.0000,0.0000,0.0066,0.0000,200,1.0508
0.0146,0.0000,0.0000,0.0000,0.0145,0.0000,200,1.0429
0.0342,0.0000,0.0000,0.0001,0.0340,0.0000,200,1.0236
0.0204,0.0000,0.0000,0.0000,0.0203,0.0000,200,1.0378
0.0016,0.0000,0.0000,0.0000,0.0012,0.0001,200,1.0570
0.0291,0.0000,0.0000,0.0000,0.0290,0.0001,200,1.0296
0.0246,0.0000,0.0000,0.0000,0.0244,0.0000,200,1.0348
0.0483,0.0000,0.0000,0.0000,0.0481,0.0001,200,1.0113
0.0144,0.0000,0.0000,0.0000,0.0143,0.0000,200,1.0455
0.0222,0.0000,0.0000,0.0000,0.0221,0.0001,200,1.0383
0.0086,0.0000,0.0000,0.0000,0.0083,0.0001,200,1.0523
0.0052,0.0000,0.0000,0.0000,0.0051,0.0000,200,1.0561
0.0154,0.0000,0.0000,0.0000,0.0153,0.0000,200,1.0464
0.0332,0.0000,0.0000,0.0000,0.0331,0.0001,200,1.0289
0.0032,0.0000,0.0000,0.0000,0.0031,0.0000,200,1.0593
0.0084,0.0000,0.0000,0.0000,0.0083,0.0000,200,1.0548
0.0351,0.0000,0.0000,0.0000,0.0351,0.0000,200,1.0283
0.0066,0.0000,0.0000,0.0000,0.0066,0.0000,200,1.0575
0.0233,0.0000,0.0000,0.0000,0.0230,0.0002,200,1.0408
0.0221,0.0000,0.0000,0.0000,0.0220,0.0000,200,1.0423
0.0062,0.0000,0.0000,0.0000,0.0060,0.0002,200,1.0587
0.0256,0.0000,0.0000,0.0000,0.0254,0.0000,200,1.0394
0.0519,0.0000,0.0000,0.0000,0.0517,0.0000,200,1.0135
0.0158,0.0000,0.0000,0.0000,0.0157,0.0001,200,1.0498
0.0148,0.0000,0.0000,0.0000,0.0148,0.0000,200,1.0513
0.0190,0.0000,0.0000,0.0000,0.0189,0.0001,200,1.0477
0.0117,0.0000,0.0000,0.0000,0.0117,0.0001,200,1.0551
0.0068,0.0000,0.0000,0.0000,0.0065,0.0002,200,1.0609
0.0110,0.0000,0.0000,0.0000,0.0108,0.0002,200,1.0575
0.0218,0.0000,0.0000,0.0000,0.0217,0.0000,200,1.0467
0.0492,0.0000,0.0000,0.0000,0.0490,0.0001,200,1.0194
0.0040,0.0000,0.0000,0.0000,0.0037,0.0002,200,1.0649
0.0361,0.0000,0.0000,0.0000,0.0357,0.0001,200,1.0334
0.0610,0.0000,0.0000,0.0000,0.0609,0.0000,200,1.0090
0.0099,0.0000,0.0000,0.0000,0.0098,0.0001,200,1.0605
0.0121,0.0000,0.0000,0.0000,0.0120,0.0000,200,1.0587
0.0202,0.0000,0.0000,0.0000,0.0201,0.0000,200,1.0506
0.0141,0.0000,0.0000,0.0000,0.0136,0.0004,200,1.0577
0.0193,0.0000,0.0000,0.0000,0.0191,0.0001,200,1.0527
0.0035,0.0000,0.0000,0.0000,0.0034,0.0001,200,1.0700
0.0490,0.0000,0.0000,0.0000,0.0489,0.0000,200,1.0246
0.1155,0.0000,0.0000,0.0000,0.1154,0.0000,200,0.9581
0.0212,0.0000,0.0000,0.0000,0.0212,0.0000,200,1.0525
0.0104,0.0000,0.0000,0.0000,0.0103,0.0000,200,1.0634
0.0245,0.0000,0.0000,0.0002,0.0229,0.0012,200,1.0501
0.0030,0.0000,0.0000,0.0001,0.0028,0.0001,200,1.0720
0.0127,0.0000,0.0000,0.0000,0.0127,0.0000,200,1.0625
0.0019,0.0000,0.0000,0.0000,0.0018,0.0001,200,1.0738
0.0012,0.0000,0.0000,0.0000,0.0010,0.0002,200,1.0750
0.0054,0.0000,0.0000,0.0000,0.0054,0.0000,200,1.0708
0.0034,0.0000,0.0000,0.0000,0.0031,0.0003,200,1.0736
0.0023,0.0000,0.0000,0.0000,0.0022,0.0000,200,1.0752
0.0230,0.0000,0.0000,0.0001,0.0224,0.0006,200,1.0553
0.0310,0.0000,0.0000,0.0000,0.0309,0.0000,200,1.0475
0.0118,0.0000,0.0000,0.0000,0.0117,0.0000,200,1.0667
0.0133,0.0000,0.0000,0.0000,0.0130,0.0002,200,1.0657
0.0105,0.0000,0.0000,0.0000,0.0104,0.0000,200,1.0689
0.0041,0.0000,0.0000,0.0005,0.0035,0.0000,200,1.0757
0.0470,0.0000,0.0000,0.0000,0.0468,0.0002,200,1.0334
0.0164,0.0000,0.0000,0.0000,0.0164,0.0000,200,1.0641
0.0532,0.0000,0.0000,0.0000,0.0531,0.0000,200,1.0274
0.0226,0.0000,0.0000,0.0000,0.0225,0.0000,200,1.0582
0.0375,0.0000,0.0000,0.0000,0.0373,0.0001,200,1.0439
0.0110,0.0000,0.0000,0.0000,0.0106,0.0003,200,1.0708
0.0339,0.0000,0.0000,0.0000,0.0337,0.0002,200,1.0484
0.0010,0.0000,0.0000,0.0000,0.0008,0.0000,200,1.0814
0.0289,0.0000,0.0000,0.0000,0.0289,0.0000,200,1.0539
0.0052,0.0000,0.0000,0.0002,0.0048,0.0000,200,1.0785
0.0119,0.0000,0.0000,0.0000,0.0118,0.0000,200,1.0718
0.0037,0.0000,0.0000,0.0000,0.0036,0.0001,200,1.0806
0.0039,0.0000,0.0000,0.0000,0.0038,0.0001,200,1.0808
0.0014,0.0000,0.0000,0.0000,0.0011,0.0003,200,1.0842
0.0180,0.0000,0.0000,0.0000,0.0177,0.0003,200,1.0677
0.0034,0.0000,0.0000,0.0000,0.0028,0.0007,200,1.0824
0.0062,0.0000,0.0000,0.0000,0.0058,0.0002,200,1.0798
0.0229,0.0000,0.0000,0.0000,0.0228,0.0000,200,1.0632
0.0322,0.0000,0.0000,0.0000,0.0321,0.0000,200,1.0544
0.0225,0.0000,0.0000,0.0000,0.0220,0.0004,200,1.0641
0.0126,0.0000,0.0000,0.0000,0.0125,0.0001,200,1.0746
0.0104,0.0000,0.0000,0.0000,0.0103,0.0000,200,1.0770
0.1217,0.0000,0.0000,0.0000,0.1215,0.0001,200,0.9662
0.0797,0.0000,0.0000,0.0000,0.0796,0.0001,200,1.0085
0.0192,0.0000,0.0000,0.0000,0.0189,0.0001,200,1.0695
0.0020,0.0000,0.0000,0.0000,0.0019,0.0000,200,1.0873
0.0038,0.0000,0.0000,0.0000,0.0038,0.0000,200,1.0856
0.0414,0.0000,0.0000,0.0000,0.0413,0.0000,200,1.0481
0.0305,0.0000,0.0000,0.0000,0.0304,0.0000,200,1.0596
0.0049,0.0000,0.0000,0.0000,0.0048,0.0000,200,1.0856
0.0033,0.0000,0.0000,0.0000,0.0031,0.0002,200,1.0878
0.0079,0.0000,0.0000,0.0000,0.0078,0.0000,200,1.0837
0.0401,0.0000,0.0000,0.0000,0.0400,0.0001,200,1.0515
0.0109,0.0000,0.0000,0.0000,0.0108,0.0001,200,1.0817
0.0223,0.0000,0.0000,0.0000,0.0222,0.0000,200,1.0704
0.0062,0.0000,0.0000,0.0000,0.0058,0.0002,200,1.0866
0.0149,0.0000,0.0000,0.0000,0.0147,0.0001,200,1.0784
0.0105,0.0000,0.0000,0.0000,0.0104,0.0001,200,1.0828
0.0268,0.0000,0.0000,0.0003,0.0264,0.0000,200,1.0668
0.0036,0.0000,0.0000,0.0000,0.0035,0.0001,200,1.0905
0.0259,0.0000,0.0000,0.0000,0.0257,0.0002,200,1.0685
0.0292,0.0000,0.0000,0.0000,0.0292,0.0000,200,1.0654
0.0162,0.0000,0.0000,0.0000,0.0160,0.0001,200,1.0790
0.0388,0.0000,0.0000,0.0000,0.0388,0.0000,200,1.0567
0.0095,0.0000,0.0000,0.0000,0.0093,0.0000,200,1.0860
0.0080,0.0000,0.0000,0.0000,0.0078,0.0001,200,1.0882
0.0032,0.0000,0.0000,0.0000,0.0030,0.0001,200,1.0937
0.0637,0.0000,0.0000,0.0001,0.0635,0.0001,200,1.0334
0.0428,0.0000,0.0000,0.0000,0.0428,0.0000,200,1.0545
0.0025,0.0000,0.0000,0.0000,0.0024,0.0000,200,1.0955
0.0177,0.0000,0.0000,0.0001,0.0175,0.0000,200,1.0805
0.0334,0.0000,0.0000,0.0000,0.0333,0.0000,200,1.0650
0.0164,0.0000,0.0000,0.0000,0.0162,0.0000,200,1.0824
0.0127,0.0000,0.0000,0.0000,0.0121,0.0006,200,1.0866
0.0060,0.0000,0.0000,0.0002,0.0057,0.0000,200,1.0933
0.0034,0.0000,0.0000,0.0000,0.0033,0.0000,200,1.0962
0.0141,0.0000,0.0000,0.0000,0.0140,0.0001,200,1.0860
0.0244,0.0000,0.0000,0.0003,0.0239,0.0000,200,1.0763
0.0369,0.0000,0.0000,0.0000,0.0367,0.0001,200,1.0644
0.0030,0.0000,0.0000,0.0000,0.0029,0.0000,200,1.0984
0.0183,0.0000,0.0000,0.0000,0.0182,0.0000,200,1.0837
0.0360,0.0000,0.0000,0.0000,0.0357,0.0002,200,1.0661
0.0046,0.0000,0.0000,0.0000,0.0045,0.0000,200,1.0981
0.0129,0.0000,0.0000,0.0000,0.0128,0.0001,200,1.0900
0.0055,0.0000,0.0000,0.0000,0.0054,0.0001,200,1.0980
0.0105,0.0000,0.0000,0.0001,0.0102,0.0000,200,1.0933
0.0444,0.0000,0.0000,0.0000,0.0444,0.0000,200,1.0598
0.0042,0.0000,0.0000,0.0005,0.0036,0.0000,200,1.1014
0.0043,0.0000,0.0000,0.0000,0.0037,0.0005,200,1.1020
0.0073,0.0000,0.0000,0.0000,0.0072,0.0000,200,1.0996
0.0160,0.0000,0.0000,0.0000,0.0159,0.0000,200,1.0916
0.0226,0.0000,0.0000,0.0000,0.0224,0.0002,200,1.0858
0.0348,0.0000,0.0000,0.0000,0.0347,0.0000,200,1.0737
0.0064,0.0000,0.0000,0.0000,0.0063,0.0000,200,1.1029
0.0104,0.0000,0.0000,0.0000,0.0104,0.0000,200,1.0993
0.0024,0.0000,0.0000,0.0000,0.0022,0.0001,200,1.1085
0.0154,0.0000,0.0000,0.0000,0.0153,0.0000,200,1.0955
0.0331,0.0000,0.0000,0.0000,0.0330,0.0000,200,1.0784
0.0277,0.0000,0.0000,0.0003,0.0271,0.0001,200,1.0847
0.0182,0.0000,0.0000,0.0000,0.0181,0.0000,200,1.0944
0.0513,0.0000,0.0000,0.0000,0.0513,0.0000,200,1.0613
0.0100,0.0000,0.0000,0.0000,0.0099,0.0000,200,1.1027
0.0217,0.0000,0.0000,0.0000,0.0215,0.0001,200,1.0915
0.0330,0.0000,0.0000,0.0000,0.0329,0.0001,200,1.0806
0.0518,0.0000,0.0000,0.0000,0.0517,0.0000,200,1.0621
0.0106,0.0000,0.0000,0.0000,0.0106,0.0001,200,1.1038
0.0465,0.0000,0.0000,0.0000,0.0465,0.0000,200,1.0685
0.0150,0.0000,0.0000,0.0000,0.0149,0.0001,200,1.1001
0.0143,0.0000,0.0000,0.0000,0.0141,0.0001,200,1.1012
0.0170,0.0000,0.0000,0.0000,0.0169,0.0000,200,1.0988
0.0028,0.0000,0.0000,0.0000,0.0025,0.0002,200,1.1136
0.0251,0.0000,0.0000,0.0000,0.0250,0.0000,200,1.0915
0.0047,0.0000,0.0000,0.0000,0.0046,0.0000,200,1.1127
0.0138,0.0000,0.0000,0.0000,0.0135,0.0000,200,1.1035
0.0400,0.0000,0.0000,0.0000,0.0399,0.0000,200,1.0775
0.0181,0.0000,0.0000,0.0000,0.0181,0.0000,200,1.0993
0.0109,0.0000,0.0000,0.0000,0.0107,0.0001,200,1.1069
0.0028,0.0000,0.0000,0.0000,0.0028,0.0000,200,1.1151
0.0500,0.0000,0.0000,0.0000,0.0500,0.0000,200,1.0686
0.0182,0.0000,0.0000,0.0000,0.0180,0.0001,200,1.1007
0.0098,0.0000,0.0000,0.0000,0.0096,0.0002,200,1.1093
0.0043,0.0000,0.0000,0.0000,0.0042,0.0000,200,1.1151
0.0100,0.0000,0.0000,0.0000,0.0099,0.0002,200,1.1097
0.0278,0.0000,0.0000,0.0000,0.0277,0.0000,200,1.0926
0.0253,0.0000,0.0000,0.0000,0.0252,0.0001,200,1.0951
0.0062,0.0000,0.0000,0.0000,0.0061,0.0000,200,1.1144
0.0100,0.0000,0.0000,0.0001,0.0097,0.0000,200,1.1109
0.0246,0.0000,0.0000,0.0003,0.0242,0.0000,200,1.0971
0.0028,0.0000,0.0000,0.0000,0.0027,0.0001,200,1.1194
0.0151,0.0000,0.0000,0.0000,0.0149,0.0001,200,1.1075
0.0043,0.0000,0.0000,0.0000,0.0040,0.0000,200,1.1192
0.0291,0.0000,0.0000,0.0000,0.0290,0.0000,200,1.0946
0.0100,0.0000,0.0000,0.0000,0.0099,0.0000,200,1.1139
0.0107,0.0000,0.0000,0.0000,0.0107,0.0000,200,1.1131
0.0076,0.0000,0.0000,0.0000,0.0072,0.0004,200,1.1173
0.0014,0.0000,0.0000,0.0000,0.0014,0.0000,200,1.1237
0.0356,0.0000,0.0000,0.0000,0.0356,0.0000,200,1.0895
0.0492,0.0000,0.0000,0.0000,0.0490,0.0002,200,1.0762
0.0290,0.0000,0.0000,0.0000,0.0289,0.0000,200,1.0969
0.0176,0.0000,0.0000,0.0000,0.0175,0.0001,200,1.1085
0.0211,0.0000,0.0000,0.0000,0.0209,0.0002,200,1.1056
0.0032,0.0000,0.0000,0.0000,0.0028,0.0004,200,1.1239
0.0094,0.0000,0.0000,0.0000,0.0088,0.0001,200,1.1178
0.0038,0.0000,0.0000,0.0000,0.0037,0.0001,200,1.1239
0.0027,0.0000,0.0000,0.0000,0.0027,0.0000,200,1.1251
0.0109,0.0000,0.0000,0.0000,0.0109,0.0000,200,1.1174
0.0038,0.0000,0.0000,0.0000,0.0037,0.0000,200,1.1251
0.0117,0.0000,0.0000,0.0000,0.0114,0.0003,200,1.1179
0.0030,0.0000,0.0000,0.0000,0.0028,0.0001,200,1.1267
0.0043,0.0000,0.0000,0.0001,0.0041,0.0001,200,1.1258
0.0408,0.0000,0.0000,0.0000,0.0407,0.0001,200,1.0893
0.0333,0.0000,0.0000,0.0002,0.0326,0.0001,200,1.0974
0.0516,0.0000,0.0000,0.0000,0.0516,0.0000,200,1.0794
0.0442,0.0000,0.0000,0.0001,0.0440,0.0000,200,1.0872
0.0025,0.0000,0.0000,0.0000,0.0022,0.0003,200,1.1296
0.0168,0.0000,0.0000,0.0003,0.0165,0.0000,200,1.1155
0.0205,0.0000,0.0000,0.0000,0.0203,0.0002,200,1.1124
0.0441,0.0000,0.0000,0.0000,0.0440,0.0000,200,1.0888
0.0124,0.0000,0.0000,0.0000,0.0123,0.0000,200,1.1209
0.0294,0.0000,0.0000,0.0000,0.0293,0.0001,200,1.1043
0.0414,0.0000,0.0000,0.0000,0.0411,0.0002,200,1.0927
0.0417,0.0000,0.0000,0.0000,0.0416,0.0001,200,1.0928
0.0101,0.0000,0.0000,0.0000,0.0100,0.0001,200,1.1249
0.0176,0.0000,0.0000,0.0000,0.0176,0.0000,200,1.1174
0.0043,0.0000,0.0000,0.0000,0.0042,0.0000,200,1.1314
0.0187,0.0000,0.0000,0.0000,0.0186,0.0001,200,1.1173
0.0016,0.0000,0.0000,0.0000,0.0015,0.0000,200,1.1345
0.0067,0.0000,0.0000,0.0001,0.0066,0.0000,200,1.1306
0.0107,0.0000,0.0000,0.0000,0.0106,0.0000,200,1.1271
0.0061,0.0000,0.0000,0.0001,0.0059,0.0000,200,1.1323
0.0056,0.0000,0.0000,0.0000,0.0055,0.0000,200,1.1329
0.0278,0.0000,0.0000,0.0000,0.0276,0.0002,200,1.1115
0.0834,0.0000,0.0000,0.0000,0.0833,0.0000,200,1.0562
0.0243,0.0000,0.0000,0.0000,0.0243,0.0000,200,1.1157
0.0342,0.0000,0.0000,0.0000,0.0341,0.0001,200,1.1063
0.0126,0.0000,0.0000,0.0000,0.0125,0.0000,200,1.1283
0.0114,0.0000,0.0000,0.0004,0.0110,0.0000,200,1.1301
0.0095,0.0000,0.0000,0.0000,0.0094,0.0000,200,1.1321
0.0120,0.0000,0.0000,0.0000,0.0119,0.0001,200,1.1296
0.0196,0.0000,0.0000,0.0001,0.0195,0.0001,200,1.1226
0.0049,0.0000,0.0000,0.0001,0.0048,0.0000,200,1.1374
0.0230,0.0000,0.0000,0.0000,0.0229,0.0000,200,1.1198
0.0016,0.0000,0.0000,0.0000,0.0012,0.0002,200,1.1416
0.0036,0.0000,0.0000,0.0000,0.0035,0.0000,200,1.1401
0.0166,0.0000,0.0000,0.0000,0.0165,0.0000,200,1.1272
0.0103,0.0000,0.0000,0.0000,0.0103,0.0000,200,1.1340
0.0084,0.0000,0.0000,0.0001,0.0082,0.0000,200,1.1361
0.0028,0.0000,0.0000,0.0001,0.0027,0.0001,200,1.1423
0.0029,0.0000,0.0000,0.0000,0.0027,0.0001,200,1.1428
0.0169,0.0000,0.0000,0.0000,0.0168,0.0000,200,1.1289
0.0275,0.0000,0.0000,0.0000,0.0274,0.0000,200,1.1186
0.0087,0.0000,0.0000,0.0000,0.0082,0.0005,200,1.1378
0.0082,0.0000,0.0000,0.0000,0.0081,0.0000,200,1.1384
0.0036,0.0000,0.0000,0.0000,0.0034,0.0001,200,1.1438
0.0259,0.0000,0.0000,0.0000,0.0258,0.0001,200,1.1216
0.0457,0.0000,0.0000,0.0000,0.0456,0.0000,200,1.1021
0.0134,0.0000,0.0000,0.0003,0.0129,0.0000,200,1.1350
0.0090,0.0000,0.0000,0.0002,0.0086,0.0000,200,1.1394
0.0052,0.0000,0.0000,0.0000,0.0051,0.0000,200,1.1436
0.0012,0.0000,0.0000,0.0000,0.0011,0.0000,200,1.1476
0.0761,0.0000,0.0000,0.0010,0.0750,0.0001,200,1.0736
0.0292,0.0000,0.0000,0.0001,0.0288,0.0002,200,1.1206
0.0031,0.0000,0.0000,0.0000,0.0015,0.0016,200,1.1484
0.0107,0.0000,0.0000,0.0000,0.0106,0.0000,200,1.1409
0.0076,0.0000,0.0000,0.0000,0.0069,0.0005,200,1.1445
0.0319,0.0000,0.0000,0.0000,0.0312,0.0007,200,1.1204
0.0396,0.0000,0.0000,0.0000,0.0389,0.0006,200,1.1127
0.0195,0.0000,0.0000,0.0000,0.0194,0.0000,200,1.1333
0.0633,0.0000,0.0000,0.0000,0.0633,0.0000,200,1.0895
0.0097,0.0000,0.0000,0.0000,0.0096,0.0000,200,1.1432
0.0309,0.0000,0.0000,0.0000,0.0294,0.0014,200,1.1221
0.0253,0.0000,0.0000,0.0000,0.0238,0.0015,200,1.1278
0.0137,0.0000,0.0000,0.0001,0.0134,0.0002,200,1.1395
0.0188,0.0000,0.0000,0.0000,0.0186,0.0001,200,1.1350
0.0433,0.0000,0.0000,0.0003,0.0429,0.0001,200,1.1109
0.0294,0.0000,0.0000,0.0000,0.0292,0.0002,200,1.1254
0.0025,0.0000,0.0000,0.0005,0.0020,0.0000,200,1.1524
0.0039,0.0000,0.0000,0.0000,0.0026,0.0000,200,1.1516
0.0024,0.0000,0.0000,0.0000,0.0022,0.0002,200,1.1538
0.0042,0.0000,0.0000,0.0000,0.0037,0.0000,200,1.1524
0.0440,0.0000,0.0000,0.0000,0.0439,0.0000,200,1.1127
0.0090,0.0000,0.0000,0.0000,0.0089,0.0000,200,1.1477
0.0113,0.0000,0.0000,0.0000,0.0112,0.0000,200,1.1457
0.0098,0.0000,0.0000,0.0000,0.0098,0.0000,200,1.1484
0.0041,0.0000,0.0000,0.0000,0.0040,0.0000,200,1.1541
0.0062,0.0000,0.0000,0.0000,0.0060,0.0002,200,1.1521
0.0284,0.0000,0.0000,0.0000,0.0284,0.0000,200,1.1302
0.0168,0.0000,0.0000,0.0000,0.0167,0.0000,200,1.1424
0.0210,0.0000,0.0000,0.0000,0.0210,0.0000,200,1.1384
0.0013,0.0000,0.0000,0.0000,0.0013,0.0000,200,1.1582
0.0339,0.0000,0.0000,0.0000,0.0338,0.0000,200,1.1261
0.0132,0.0000,0.0000,0.0001,0.0131,0.0000,200,1.1474
0.0109,0.0000,0.0000,0.0006,0.0102,0.0000,200,1.1497
0.0082,0.0000,0.0000,0.0000,0.0081,0.0000,200,1.1528
0.0203,0.0000,0.0000,0.0000,0.0197,0.0004,200,1.1416
0.0262,0.0000,0.0000,0.0000,0.0261,0.0000,200,1.1357
0.0434,0.0000,0.0000,0.0000,0.0432,0.0001,200,1.1189
0.0056,0.0000,0.0000,0.0000,0.0055,0.0000,200,1.1567
0.0042,0.0000,0.0000,0.0000,0.0041,0.0000,200,1.1584
0.0688,0.0000,0.0000,0.0001,0.0687,0.0000,200,1.0941
0.0399,0.0000,0.0000,0.0000,0.0398,0.0000,200,1.1234
0.0307,0.0000,0.0000,0.0000,0.0307,0.0000,200,1.1329
0.0146,0.0000,0.0000,0.0025,0.0119,0.0002,200,1.1498
0.0184,0.0000,0.0000,0.0000,0.0184,0.0000,200,1.1461
0.0027,0.0000,0.0000,0.0000,0.0026,0.0000,200,1.1619
0.0163,0.0000,0.0000,0.0004,0.0137,0.0001,200,1.1488
0.0093,0.0000,0.0000,0.0000,0.0091,0.0001,200,1.1563
0.0351,0.0000,0.0000,0.0000,0.0351,0.0000,200,1.1310
0.0137,0.0000,0.0000,0.0000,0.0136,0.0001,200,1.1529
0.0039,0.0000,0.0000,0.0000,0.0039,0.0000,200,1.1630
0.0052,0.0000,0.0000,0.0000,0.0050,0.0002,200,1.1622
0.0126,0.0000,0.0000,0.0000,0.0126,0.0000,200,1.1548
0.0472,0.0000,0.0000,0.0000,0.0471,0.0000,200,1.1204
0.0224,0.0000,0.0000,0.0000,0.0222,0.0002,200,1.1457
0.0953,0.0000,0.0000,0.0000,0.0951,0.0001,200,1.0735
0.0093,0.0000,0.0000,0.0000,0.0092,0.0000,200,1.1594
0.0037,0.0000,0.0000,0.0002,0.0035,0.0000,200,1.1651
0.0245,0.0000,0.0000,0.0000,0.0243,0.0001,200,1.1451
0.0130,0.0000,0.0000,0.0000,0.0126,0.0002,200,1.1570
0.0095,0.0000,0.0000,0.0000,0.0094,0.0000,200,1.1606
0.0110,0.0000,0.0000,0.0000,0.0109,0.0000,200,1.1591
0.0141,0.0000,0.0000,0.0000,0.0139,0.0001,200,1.1567
0.0030,0.0000,0.0000,0.0000,0.0028,0.0000,200,1.1681
0.0012,0.0000,0.0000,0.0000,0.0011,0.0000,200,1.1700
0.0188,0.0000,0.0000,0.0000,0.0184,0.0004,200,1.1533
0.0046,0.0000,0.0000,0.0000,0.0046,0.0000,200,1.1676
0.0079,0.0000,0.0000,0.0000,0.0078,0.0000,200,1.1644
0.0027,0.0000,0.0000,0.0000,0.0026,0.0000,200,1.1696
0.0145,0.0000,0.0000,0.0000,0.0143,0.0002,200,1.1586
0.0064,0.0000,0.0000,0.0000,0.0063,0.0000,200,1.1669
0.0247,0.0000,0.0000,0.0000,0.0240,0.0000,200,1.1488
0.0209,0.0000,0.0000,0.0000,0.0208,0.0000,200,1.1531
0.0041,0.0000,0.0000,0.0000,0.0040,0.0000,200,1.1701
0.0228,0.0000,0.0000,0.0000,0.0228,0.0000,200,1.1515
0.0025,0.0000,0.0000,0.0000,0.0024,0.0000,200,1.1721
0.0025,0.0000,0.0000,0.0000,0.0024,0.0000,200,1.1723
0.0477,0.0000,0.0000,0.0001,0.0475,0.0001,200,1.1277
0.0164,0.0000,0.0000,0.0000,0.0162,0.0001,200,1.1595
0.0102,0.0000,0.0000,0.0000,0.0101,0.0001,200,1.1661
0.0031,0.0000,0.0000,0.0000,0.0031,0.0000,200,1.1732
0.0021,0.0000,0.0000,0.0000,0.0019,0.0002,200,1.1748
0.0017,0.0000,0.0000,0.0000,0.0016,0.0000,200,1.1753
0.0068,0.0000,0.0000,0.0000,0.0067,0.0000,200,1.1708
0.1161,0.0000,0.0000,0.0000,0.1160,0.0001,200,1.0618
0.0155,0.0000,0.0000,0.0000,0.0154,0.0001,200,1.1626
0.0112,0.0000,0.0000,0.0000,0.0111,0.0001,200,1.1674
0.0081,0.0000,0.0000,0.0000,0.0080,0.0001,200,1.1712
0.0243,0.0000,0.0000,0.0001,0.0238,0.0005,200,1.1556
0.0112,0.0000,0.0000,0.0000,0.0111,0.0000,200,1.1687
0.0145,0.0000,0.0000,0.0000,0.0143,0.0003,200,1.1656
0.0400,0.0000,0.0000,0.0000,0.0400,0.0000,200,1.1405
0.0640,0.0000,0.0000,0.0000,0.0639,0.0000,200,1.1166
0.0282,0.0000,0.0000,0.0000,0.0281,0.0001,200,1.1528
0.0072,0.0000,0.0000,0.0000,0.0071,0.0001,200,1.1743
0.0176,0.0000,0.0000,0.0000,0.0175,0.0000,200,1.1646
0.0204,0.0000,0.0000,0.0001,0.0203,0.0000,200,1.1618
0.0216,0.0000,0.0000,0.0004,0.0211,0.0001,200,1.1610
0.0045,0.0000,0.0000,0.0000,0.0042,0.0002,200,1.1786
0.0105,0.0000,0.0000,0.0000,0.0104,0.0001,200,1.1731
0.0063,0.0000,0.0000,0.0000,0.0062,0.0000,200,1.1776
0.0205,0.0000,0.0000,0.0000,0.0204,0.0001,200,1.1636
0.0082,0.0000,0.0000,0.0000,0.0082,0.0000,200,1.1764
0.0150,0.0000,0.0000,0.0000,0.0149,0.0000,200,1.1700
0.0080,0.0000,0.0000,0.0000,0.0079,0.0000,200,1.1770
0.0087,0.0000,0.0000,0.0010,0.0076,0.0000,200,1.1769
0.0395,0.0000,0.0000,0.0000,0.0394,0.0000,200,1.1466
0.0106,0.0000,0.0000,0.0000,0.0101,0.0005,200,1.1763
0.0405,0.0000,0.0000,0.0000,0.0404,0.0000,200,1.1465
0.0064,0.0000,0.0000,0.0000,0.0062,0.0000,200,1.1807
0.0202,0.0000,0.0000,0.0000,0.0200,0.0001,200,1.1674
0.0029,0.0000,0.0000,0.0000,0.0029,0.0000,200,1.1850
0.0025,0.0000,0.0000,0.0000,0.0023,0.0001,200,1.1856
0.0022,0.0000,0.0000,0.0001,0.0019,0.0001,200,1.1870
0.0379,0.0000,0.0000,0.0000,0.0378,0.0001,200,1.1530
0.0266,0.0000,0.0000,0.0000,0.0264,0.0001,200,1.1645
0.0073,0.0000,0.0000,0.0001,0.0071,0.0000,200,1.1841
0.0116,0.0000,0.0000,0.0000,0.0115,0.0001,200,1.1805
0.0167,0.0000,0.0000,0.0000,0.0166,0.0001,200,1.1759
0.0094,0.0000,0.0000,0.0000,0.0093,0.0000,200,1.1850
0.0285,0.0000,0.0000,0.0000,0.0284,0.0000,200,1.1666
0.0116,0.0000,0.0000,0.0001,0.0115,0.0000,200,1.1836
0.0139,0.0000,0.0000,0.0000,0.0135,0.0004,200,1.1816
0.0146,0.0000,0.0000,0.0000,0.0145,0.0001,200,1.1810
0.0239,0.0000,0.0000,0.0000,0.0239,0.0000,200,1.1723
0.0061,0.0000,0.0000,0.0000,0.0060,0.0001,200,1.1909
0.0259,0.0000,0.0000,0.0000,0.0259,0.0000,200,1.1711
0.0557,0.0000,0.0000,0.0002,0.0554,0.0001,200,1.1416
0.0431,0.0000,0.0000,0.0003,0.0428,0.0000,200,1.1549
0.0023,0.0000,0.0000,0.0000,0.0023,0.0000,200,1.1957
0.0024,0.0000,0.0000,0.0000,0.0023,0.0001,200,1.1962
0.0155,0.0000,0.0000,0.0000,0.0153,0.0000,200,1.1832
0.0170,0.0000,0.0000,0.0000,0.0170,0.0000,200,1.1822
0.0312,0.0000,0.0000,0.0000,0.0307,0.0003,200,1.1688
0.0313,0.0000,0.0000,0.0000,0.0312,0.0000,200,1.1688
0.0087,0.0000,0.0000,0.0000,0.0086,0.0000,200,1.1914
0.0028,0.0000,0.0000,0.0000,0.0027,0.0000,200,1.1980
0.0378,0.0000,0.0000,0.0000,0.0376,0.0001,200,1.1633
0.0144,0.0000,0.0000,0.0000,0.0142,0.0000,200,1.1871
0.0162,0.0000,0.0000,0.0000,0.0161,0.0000,200,1.1860
0.0023,0.0000,0.0000,0.0000,0.0022,0.0001,200,1.1999
0.0187,0.0000,0.0000,0.0000,0.0186,0.0000,200,1.1839
0.0079,0.0000,0.0000,0.0000,0.0078,0.0001,200,1.1951
0.0035,0.0000,0.0000,0.0000,0.0032,0.0001,200,1.2000
0.0475,0.0000,0.0000,0.0001,0.0472,0.0000,200,1.1567
0.0598,0.0000,0.0000,0.0000,0.0596,0.0001,200,1.1443
0.0101,0.0000,0.0000,0.0000,0.0100,0.0001,200,1.1944
0.0027,0.0000,0.0000,0.0000,0.0025,0.0001,200,1.2022
0.0470,0.0000,0.0000,0.0000,0.0469,0.0000,200,1.1582
0.0026,0.0000,0.0000,0.0000,0.0025,0.0001,200,1.2030
0.0334,0.0000,0.0000,0.0000,0.0333,0.0001,200,1.1723
0.0191,0.0000,0.0000,0.0000,0.0190,0.0000,200,1.1871
0.0285,0.0000,0.0000,0.0000,0.0284,0.0000,200,1.1781
0.0043,0.0000,0.0000,0.0000,0.0042,0.0001,200,1.2025
0.0338,0.0000,0.0000,0.0000,0.0337,0.0001,200,1.1735
0.0253,0.0000,0.0000,0.0000,0.0252,0.0001,200,1.1823
0.0189,0.0000,0.0000,0.0001,0.0177,0.0000,200,1.1892
0.0282,0.0000,0.0000,0.0000,0.0282,0.0000,200,1.1801
0.0210,0.0000,0.0000,0.0000,0.0208,0.0002,200,1.1879
0.0468,0.0000,0.0000,0.0000,0.0467,0.0000,200,1.1622
0.0031,0.0000,0.0000,0.0000,0.0029,0.0002,200,1.2066
0.0298,0.0000,0.0000,0.0003,0.0295,0.0000,200,1.1799
0.0091,0.0000,0.0000,0.0002,0.0089,0.0000,200,1.2008
0.0362,0.0000,0.0000,0.0000,0.0360,0.0001,200,1.1742
0.0012,0.0000,0.0000,0.0000,0.0011,0.0000,200,1.2097
0.0040,0.0000,0.0000,0.0000,0.0039,0.0001,200,1.2074
0.0024,0.0000,0.0000,0.0000,0.0024,0.0000,200,1.2090
0.0015,0.0000,0.0000,0.0000,0.0014,0.0000,200,1.2105
0.0203,0.0000,0.0000,0.0001,0.0200,0.0001,200,1.1921
0.0012,0.0000,0.0000,0.0000,0.0011,0.0000,200,1.2114
0.0792,0.0000,0.0000,0.0000,0.0790,0.0001,200,1.1337
0.0145,0.0000,0.0000,0.0000,0.0145,0.0000,200,1.1987
0.0185,0.0000,0.0000,0.0001,0.0183,0.0000,200,1.1952
0.0145,0.0000,0.0000,0.0001,0.0144,0.0000,200,1.1992
0.0101,0.0000,0.0000,0.0000,0.0101,0.0000,200,1.2042
0.0548,0.0000,0.0000,0.0000,0.0545,0.0003,200,1.1600
0.0016,0.0000,0.0000,0.0000,0.0015,0.0000,200,1.2132
0.0044,0.0000,0.0000,0.0000,0.0041,0.0002,200,1.2109
0.0992,0.0000,0.0000,0.0000,0.0991,0.0000,200,1.1164
0.0033,0.0000,0.0000,0.0000,0.0031,0.0001,200,1.2129
0.0175,0.0000,0.0000,0.0000,0.0174,0.0000,200,1.1986
0.0130,0.0000,0.0000,0.0000,0.0129,0.0000,200,1.2035
0.0200,0.0000,0.0000,0.0002,0.0198,0.0000,200,1.1970
0.0026,0.0000,0.0000,0.0000,0.0026,0.0000,200,1.2148
0.0297,0.0000,0.0000,0.0000,0.0295,0.0001,200,1.1881
0.0031,0.0000,0.0000,0.0000,0.0030,0.0000,200,1.2152
0.0024,0.0000,0.0000,0.0000,0.0023,0.0000,200,1.2162
0.0051,0.0000,0.0000,0.0000,0.0050,0.0000,200,1.2137
0.0025,0.0000,0.0000,0.0001,0.0023,0.0001,200,1.2165
0.0180,0.0000,0.0000,0.0000,0.0179,0.0001,200,1.2015
0.0140,0.0000,0.0000,0.0000,0.0139,0.0001,200,1.2057
0.0250,0.0000,0.0000,0.0000,0.0249,0.0000,200,1.1955
0.0035,0.0000,0.0000,0.0000,0.0033,0.0001,200,1.2170
0.0012,0.0000,0.0000,0.0000,0.0012,0.0000,200,1.2197
0.0242,0.0000,0.0000,0.0000,0.0240,0.0000,200,1.1973
0.0480,0.0000,0.0000,0.0000,0.0477,0.0002,200,1.1740
0.0061,0.0000,0.0000,0.0000,0.0060,0.0000,200,1.2162
0.0131,0.0000,0.0000,0.0000,0.0128,0.0003,200,1.2097
0.0025,0.0000,0.0000,0.0000,0.0020,0.0000,200,1.2205
0.0191,0.0000,0.0000,0.0000,0.0190,0.0001,200,1.2045
0.0228,0.0000,0.0000,0.0000,0.0227,0.0000,200,1.2011
0.0421,0.0000,0.0000,0.0000,0.0418,0.0002,200,1.1826
0.0339,0.0000,0.0000,0.0000,0.0337,0.0000,200,1.1911
0.0201,0.0000,0.0000,0.0000,0.0201,0.0000,200,1.2052
0.0205,0.0000,0.0000,0.0001,0.0203,0.0001,200,1.2056
0.0239,0.0000,0.0000,0.0000,0.0238,0.0000,200,1.2022
0.0011,0.0000,0.0000,0.0000,0.0010,0.0001,200,1.2250
0.0202,0.0000,0.0000,0.0000,0.0201,0.0000,200,1.2062
0.0022,0.0000,0.0000,0.0000,0.0021,0.0000,200,1.2247
0.0091,0.0000,0.0000,0.0000,0.0090,0.0000,200,1.2183
0.0191,0.0000,0.0000,0.0000,0.0191,0.0000,200,1.2084
0.0096,0.0000,0.0000,0.0000,0.0095,0.0002,200,1.2185
0.0204,0.0000,0.0000,0.0000,0.0202,0.0001,200,1.2080
0.0065,0.0000,0.0000,0.0000,0.0064,0.0001,200,1.2222
0.0166,0.0000,0.0000,0.0000,0.0166,0.0000,200,1.2124
0.0205,0.0000,0.0000,0.0000,0.0204,0.0000,200,1.2090
0.0016,0.0000,0.0000,0.0000,0.0014,0.0000,200,1.2284
0.0115,0.0000,0.0000,0.0000,0.0114,0.0000,200,1.2188
0.0328,0.0000,0.0000,0.0000,0.0327,0.0000,200,1.1980
0.0236,0.0000,0.0000,0.0000,0.0235,0.0000,200,1.2076
0.0122,0.0000,0.0000,0.0000,0.0120,0.0001,200,1.2195
0.0059,0.0000,0.0000,0.0000,0.0058,0.0000,200,1.2260
0.0112,0.0000,0.0000,0.0000,0.0111,0.0000,200,1.2209
0.0062,0.0000,0.0000,0.0000,0.0061,0.0001,200,1.2262
0.0048,0.0000,0.0000,0.0001,0.0046,0.0000,200,1.2282
0.0072,0.0000,0.0000,0.0000,0.0069,0.0002,200,1.2264
0.0107,0.0000,0.0000,0.0000,0.0104,0.0001,200,1.2230
0.0297,0.0000,0.0000,0.0000,0.0293,0.0000,200,1.2041
0.0542,0.0000,0.0000,0.0000,0.0541,0.0000,200,1.1800
0.0016,0.0000,0.0000,0.0000,0.0015,0.0000,200,1.2329
0.0474,0.0000,0.0000,0.0000,0.0472,0.0000,200,1.1876
0.0254,0.0000,0.0000,0.0000,0.0253,0.0000,200,1.2099
0.0138,0.0000,0.0000,0.0000,0.0137,0.0000,200,1.2220
0.0585,0.0000,0.0000,0.0000,0.0581,0.0004,200,1.1779
0.0572,0.0000,0.0000,0.0000,0.0571,0.0001,200,1.1793
0.0161,0.0000,0.0000,0.0000,0.0161,0.0000,200,1.2214
0.0056,0.0000,0.0000,0.0000,0.0049,0.0001,200,1.2320
0.0067,0.0000,0.0000,0.0000,0.0067,0.0000,200,1.2308
0.0239,0.0000,0.0000,0.0000,0.0238,0.0000,200,1.2143
0.0208,0.0000,0.0000,0.0000,0.0206,0.0001,200,1.2175
0.0783,0.0000,0.0000,0.0000,0.0782,0.0000,200,1.1606
0.0057,0.0000,0.0000,0.0001,0.0055,0.0001,200,1.2335
0.0158,0.0000,0.0000,0.0000,0.0156,0.0000,200,1.2236
0.0112,0.0000,0.0000,0.0000,0.0109,0.0000,200,1.2288
0.0016,0.0000,0.0000,0.0000,0.0015,0.0001,200,1.2388
0.0016,0.0000,0.0000,0.0000,0.0014,0.0001,200,1.2392
0.0206,0.0000,0.0000,0.0000,0.0200,0.0000,200,1.2205
0.0266,0.0000,0.0000,0.0000,0.0265,0.0000,200,1.2148
0.0123,0.0000,0.0000,0.0000,0.0123,0.0000,200,1.2295
0.0011,0.0000,0.0000,0.0000,0.0010,0.0000,200,1.2410
0.0304,0.0000,0.0000,0.0000,0.0304,0.0000,200,1.2120
0.0018,0.0000,0.0000,0.0000,0.0017,0.0000,200,1.2408
0.0090,0.0000,0.0000,0.0000,0.0090,0.0000,200,1.2349
0.0022,0.0000,0.0000,0.0000,0.0021,0.0000,200,1.2418
0.0059,0.0000,0.0000,0.0000,0.0058,0.0001,200,1.2382
0.0203,0.0000,0.0000,0.0000,0.0200,0.0001,200,1.2238
0.0101,0.0000,0.0000,0.0000,0.0100,0.0001,200,1.2345
0.0029,0.0000,0.0000,0.0000,0.0028,0.0001,200,1.2422
0.0341,0.0000,0.0000,0.0000,0.0340,0.0001,200,1.2114
0.0184,0.0000,0.0000,0.0000,0.0182,0.0001,200,1.2275
0.0206,0.0000,0.0000,0.0000,0.0205,0.0000,200,1.2253
0.0020,0.0000,0.0000,0.0000,0.0019,0.0001,200,1.2447
0.0210,0.0000,0.0000,0.0001,0.0207,0.0002,200,1.2261
0.0121,0.0000,0.0000,0.0000,0.0121,0.0000,200,1.2353
0.1118,0.0000,0.0000,0.0000,0.1117,0.0001,200,1.1361
0.0329,0.0000,0.0000,0.0000,0.0328,0.0001,200,1.2155
0.0417,0.0000,0.0000,0.0000,0.0417,0.0000,200,1.2069
0.0216,0.0000,0.0000,0.0000,0.0215,0.0001,200,1.2274
0.0129,0.0000,0.0000,0.0000,0.0128,0.0000,200,1.2365
0.0019,0.0000,0.0000,0.0000,0.0017,0.0001,200,1.2479
0.0453,0.0000,0.0000,0.0000,0.0451,0.0001,200,1.2049
0.0501,0.0000,0.0000,0.0000,0.0499,0.0000,200,1.2001
0.0371,0.0000,0.0000,0.0002,0.0367,0.0001,200,1.2137
0.0108,0.0000,0.0000,0.0000,0.0106,0.0002,200,1.2405
0.0285,0.0000,0.0000,0.0000,0.0283,0.0000,200,1.2228
0.0143,0.0000,0.0000,0.0000,0.0140,0.0002,200,1.2376
0.0251,0.0000,0.0000,0.0000,0.0250,0.0001,200,1.2269
0.0024,0.0000,0.0000,0.0000,0.0021,0.0003,200,1.2501
0.0335,0.0000,0.0000,0.0002,0.0332,0.0000,200,1.2190
0.0684,0.0000,0.0000,0.0000,0.0681,0.0003,200,1.1846
0.0229,0.0000,0.0000,0.0000,0.0229,0.0001,200,1.2302
0.0213,0.0000,0.0000,0.0000,0.0212,0.0000,200,1.2321
0.0080,0.0000,0.0000,0.0000,0.0079,0.0000,200,1.2459
0.0117,0.0000,0.0000,0.0000,0.0116,0.0000,200,1.2424
0.0051,0.0000,0.0000,0.0000,0.0050,0.0001,200,1.2495
0.0109,0.0000,0.0000,0.0000,0.0107,0.0001,200,1.2440
0.0195,0.0000,0.0000,0.0000,0.0194,0.0000,200,1.2358
0.0019,0.0000,0.0000,0.0000,0.0019,0.0000,200,1.2534
0.0176,0.0000,0.0000,0.0000,0.0173,0.0002,200,1.2383
0.0170,0.0000,0.0000,0.0000,0.0167,0.0003,200,1.2394
0.0596,0.0000,0.0000,0.0000,0.0593,0.0000,200,1.1970
0.0078,0.0000,0.0000,0.0000,0.0073,0.0004,200,1.2497
0.0019,0.0000,0.0000,0.0003,0.0016,0.0000,200,1.2559
0.0253,0.0000,0.0000,0.0000,0.0252,0.0000,200,1.2324
0.0108,0.0000,0.0000,0.0000,0.0106,0.0002,200,1.2471
0.0243,0.0000,0.0000,0.0000,0.0243,0.0000,200,1.2339
0.0032,0.0000,0.0000,0.0000,0.0031,0.0000,200,1.2554
0.0130,0.0000,0.0000,0.0000,0.0129,0.0000,200,1.2459
0.0140,0.0000,0.0000,0.0000,0.0135,0.0000,200,1.2455
0.0200,0.0000,0.0000,0.0000,0.0199,0.0000,200,1.2400
0.0017,0.0000,0.0000,0.0000,0.0017,0.0000,200,1.2582
0.0050,0.0000,0.0000,0.0000,0.0030,0.0019,200,1.2575
0.0038,0.0000,0.0000,0.0000,0.0038,0.0000,200,1.2595
0.0346,0.0000,0.0000,0.0000,0.0344,0.0002,200,1.2290
0.0123,0.0000,0.0000,0.0000,0.0123,0.0000,200,1.2513
0.0712,0.0000,0.0000,0.0000,0.0711,0.0000,200,1.1926
0.0119,0.0000,0.0000,0.0000,0.0113,0.0007,200,1.2525
0.0096,0.0000,0.0000,0.0000,0.0095,0.0000,200,1.2548
0.0079,0.0000,0.0000,0.0000,0.0072,0.0006,200,1.2566
0.0467,0.0000,0.0000,0.0002,0.0457,0.0008,200,1.2178
0.0069,0.0000,0.0000,0.0000,0.0061,0.0008,200,1.2577
0.0196,0.0000,0.0000,0.0000,0.0187,0.0009,200,1.2451
0.0059,0.0000,0.0000,0.0000,0.0049,0.0009,200,1.2589
0.0118,0.0000,0.0000,0.0002,0.0105,0.0009,200,1.2530
0.0146,0.0000,0.0000,0.0000,0.0135,0.0010,200,1.2502
0.0071,0.0000,0.0000,0.0002,0.0060,0.0009,200,1.2577
0.0165,0.0000,0.0000,0.0000,0.0163,0.0001,200,1.2486
0.0166,0.0000,0.0000,0.0000,0.0165,0.0001,200,1.2490
0.0010,0.0000,0.0000,0.0000,0.0009,0.0000,200,1.2648
0.0289,0.0000,0.0000,0.0000,0.0288,0.0000,200,1.2375
0.0103,0.0000,0.0000,0.0000,0.0102,0.0001,200,1.2564
0.0159,0.0000,0.0000,0.0000,0.0158,0.0000,200,1.2513
0.0026,0.0000,0.0000,0.0000,0.0025,0.0001,200,1.2649
0.0032,0.0000,0.0000,0.0000,0.0031,0.0000,200,1.2647
0.0017,0.0000,0.0000,0.0000,0.0016,0.0001,200,1.2667
0.0153,0.0000,0.0000,0.0000,0.0153,0.0000,200,1.2532
0.0350,0.0000,0.0000,0.0000,0.0344,0.0001,200,1.2341
0.0267,0.0000,0.0000,0.0000,0.0266,0.0000,200,1.2426
0.0172,0.0000,0.0000,0.0000,0.0171,0.0000,200,1.2525
0.0262,0.0000,0.0000,0.0000,0.0262,0.0000,200,1.2440
0.0342,0.0000,0.0000,0.0000,0.0342,0.0000,200,1.2365
0.0270,0.0000,0.0000,0.0001,0.0268,0.0001,200,1.2442
0.0025,0.0000,0.0000,0.0000,0.0023,0.0001,200,1.2692
0.0972,0.0000,0.0000,0.0000,0.0970,0.0001,200,1.1746
0.0029,0.0000,0.0000,0.0000,0.0026,0.0000,200,1.2693
0.0049,0.0000,0.0000,0.0000,0.0049,0.0000,200,1.2679
0.0212,0.0000,0.0000,0.0000,0.0211,0.0001,200,1.2520
0.0072,0.0000,0.0000,0.0000,0.0071,0.0001,200,1.2664
0.0234,0.0000,0.0000,0.0000,0.0233,0.0000,200,1.2508
0.0091,0.0000,0.0000,0.0000,0.0090,0.0000,200,1.2656
0.0073,0.0000,0.0000,0.0000,0.0068,0.0004,200,1.2684
0.0459,0.0000,0.0000,0.0000,0.0458,0.0000,200,1.2300
0.0637,0.0000,0.0000,0.0000,0.0636,0.0000,200,1.2126
0.0125,0.0000,0.0000,0.0000,0.0124,0.0001,200,1.2645
0.0441,0.0000,0.0000,0.0001,0.0440,0.0000,200,1.2337
0.0242,0.0000,0.0000,0.0000,0.0242,0.0000,200,1.2539
0.0475,0.0000,0.0000,0.0000,0.0474,0.0000,200,1.2312
0.0030,0.0000,0.0000,0.0000,0.0029,0.0000,200,1.2763
0.0159,0.0000,0.0000,0.0009,0.0149,0.0000,200,1.2638
0.0122,0.0000,0.0000,0.0000,0.0122,0.0000,200,1.2685
0.0492,0.0000,0.0000,0.0000,0.0490,0.0000,200,1.2317
0.0103,0.0000,0.0000,0.0000,0.0099,0.0004,200,1.2707
0.0056,0.0000,0.0000,0.0000,0.0055,0.0000,200,1.2759
0.0144,0.0000,0.0000,0.0000,0.0143,0.0000,200,1.2675
0.0048,0.0000,0.0000,0.0000,0.0047,0.0000,200,1.2778
0.0046,0.0000,0.0000,0.0000,0.0045,0.0000,200,1.2781
0.0362,0.0000,0.0000,0.0000,0.0361,0.0001,200,1.2466
0.0295,0.0000,0.0000,0.0000,0.0295,0.0000,200,1.2541
0.0067,0.0000,0.0000,0.0000,0.0065,0.0001,200,1.2769
0.0109,0.0000,0.0000,0.0000,0.0108,0.0000,200,1.2728
0.0207,0.0000,0.0000,0.0000,0.0205,0.0001,200,1.2633
0.0051,0.0000,0.0000,0.0000,0.0050,0.0000,200,1.2793
0.0200,0.0000,0.0000,0.0000,0.0199,0.0001,200,1.2647
0.0062,0.0000,0.0000,0.0003,0.0057,0.0000,200,1.2787
0.0148,0.0000,0.0000,0.0001,0.0146,0.0000,200,1.2712
0.0023,0.0000,0.0000,0.0000,0.0022,0.0000,200,1.2837
0.0130,0.0000,0.0000,0.0000,0.0130,0.0001,200,1.2732
0.0047,0.0000,0.0000,0.0000,0.0046,0.0001,200,1.2815
0.0154,0.0000,0.0000,0.0000,0.0152,0.0000,200,1.2718
0.0028,0.0000,0.0000,0.0000,0.0027,0.0001,200,1.2844
0.0227,0.0000,0.0000,0.0000,0.0224,0.0002,200,1.2645
0.0401,0.0000,0.0000,0.0000,0.0400,0.0000,200,1.2475
0.0058,0.0000,0.0000,0.0000,0.0057,0.0001,200,1.2819
0.0335,0.0000,0.0000,0.0001,0.0332,0.0002,200,1.2546
0.0025,0.0000,0.0000,0.0000,0.0023,0.0002,200,1.2860
0.0021,0.0000,0.0000,0.0000,0.0019,0.0003,200,1.2872
0.0085,0.0000,0.0000,0.0000,0.0084,0.0000,200,1.2809
0.0196,0.0000,0.0000,0.0000,0.0195,0.0000,200,1.2702
0.0299,0.0000,0.0000,0.0000,0.0288,0.0000,200,1.2600
0.0266,0.0000,0.0000,0.0000,0.0265,0.0000,200,1.2636
0.0030,0.0000,0.0000,0.0000,0.0028,0.0002,200,1.2877
0.0026,0.0000,0.0000,0.0001,0.0024,0.0000,200,1.2881
0.0239,0.0000,0.0000,0.0000,0.0238,0.0000,200,1.2672
0.0215,0.0000,0.0000,0.0000,0.0214,0.0001,200,1.2698
0.0032,0.0000,0.0000,0.0000,0.0030,0.0001,200,1.2885
0.0294,0.0000,0.0000,0.0000,0.0293,0.0001,200,1.2625
0.0546,0.0000,0.0000,0.0000,0.0545,0.0001,200,1.2375
0.0278,0.0000,0.0000,0.0000,0.0277,0.0000,200,1.2646
0.0487,0.0000,0.0000,0.0001,0.0486,0.0000,200,1.2442
0.0209,0.0000,0.0000,0.0000,0.0208,0.0000,200,1.2723
0.0023,0.0000,0.0000,0.0000,0.0023,0.0000,200,1.2912
0.0031,0.0000,0.0000,0.0000,0.0030,0.0000,200,1.2907
0.0118,0.0000,0.0000,0.0000,0.0118,0.0000,200,1.2827
0.0055,0.0000,0.0000,0.0003,0.0051,0.0000,200,1.2894
0.0017,0.0000,0.0000,0.0000,0.0017,0.0000,200,1.2931
0.0236,0.0000,0.0000,0.0000,0.0235,0.0000,200,1.2716
0.0377,0.0000,0.0000,0.0000,0.0374,0.0000,200,1.2580
0.0051,0.0000,0.0000,0.0000,0.0050,0.0000,200,1.2910
0.0067,0.0000,0.0000,0.0000,0.0066,0.0001,200,1.2898
0.0098,0.0000,0.0000,0.0003,0.0095,0.0000,200,1.2871
0.0038,0.0000,0.0000,0.0000,0.0037,0.0001,200,1.2938
0.0393,0.0000,0.0000,0.0000,0.0391,0.0001,200,1.2585
0.0118,0.0000,0.0000,0.0000,0.0118,0.0000,200,1.2860
0.0077,0.0000,0.0000,0.0000,0.0077,0.0000,200,1.2907
0.0117,0.0000,0.0000,0.0000,0.0116,0.0000,200,1.2872
0.0015,0.0000,0.0000,0.0000,0.0014,0.0001,200,1.2976
0.0238,0.0000,0.0000,0.0000,0.0238,0.0000,200,1.2757
0.0482,0.0000,0.0000,0.0000,0.0481,0.0001,200,1.2519
0.0084,0.0000,0.0000,0.0001,0.0083,0.0001,200,1.2922
0.0354,0.0000,0.0000,0.0000,0.0353,0.0000,200,1.2658
0.0274,0.0000,0.0000,0.0000,0.0274,0.0000,200,1.2742
0.0179,0.0000,0.0000,0.0000,0.0178,0.0000,200,1.2840
0.0050,0.0000,0.0000,0.0000,0.0049,0.0000,200,1.2970
0.0219,0.0000,0.0000,0.0000,0.0217,0.0001,200,1.2808
0.0047,0.0000,0.0000,0.0000,0.0046,0.0000,200,1.2984
0.0112,0.0000,0.0000,0.0000,0.0111,0.0001,200,1.2923
0.0166,0.0000,0.0000,0.0000,0.0164,0.0002,200,1.2876
0.0235,0.0000,0.0000,0.0000,0.0234,0.0000,200,1.2810
0.0093,0.0000,0.0000,0.0000,0.0092,0.0000,200,1.2956
0.0100,0.0000,0.0000,0.0000,0.0098,0.0000,200,1.2953
0.0232,0.0000,0.0000,0.0000,0.0232,0.0000,200,1.2826
0.0116,0.0000,0.0000,0.0000,0.0115,0.0000,200,1.2945
0.0165,0.0000,0.0000,0.0000,0.0165,0.0000,200,1.2898
0.0128,0.0000,0.0000,0.0000,0.0127,0.0000,200,1.2935
0.0331,0.0000,0.0000,0.0000,0.0329,0.0001,200,1.2736
0.0052,0.0000,0.0000,0.0000,0.0051,0.0000,200,1.3020
0.0160,0.0000,0.0000,0.0000,0.0158,0.0002,200,1.2917
0.0280,0.0000,0.0000,0.0000,0.0280,0.0000,200,1.2797
0.0247,0.0000,0.0000,0.0000,0.0245,0.0001,200,1.2836
0.0009,0.0000,0.0000,0.0000,0.0009,0.0000,200,1.3077
0.0143,0.0000,0.0000,0.0000,0.0141,0.0001,200,1.2948
0.0024,0.0000,0.0000,0.0000,0.0023,0.0001,200,1.3072
0.0241,0.0000,0.0000,0.0000,0.0236,0.0004,200,1.2862
0.0042,0.0000,0.0000,0.0000,0.0042,0.0000,200,1.3063
0.0086,0.0000,0.0000,0.0000,0.0085,0.0000,200,1.3027
0.0263,0.0000,0.0000,0.0001,0.0261,0.0000,200,1.2850
0.0628,0.0000,0.0000,0.0000,0.0627,0.0000,200,1.2485
0.0055,0.0000,0.0000,0.0000,0.0053,0.0002,200,1.3063
0.0477,0.0000,0.0000,0.0000,0.0476,0.0000,200,1.2645
0.0082,0.0000,0.0000,0.0000,0.0081,0.0001,200,1.3042
0.0110,0.0000,0.0000,0.0000,0.0107,0.0001,200,1.3016
0.0119,0.0000,0.0000,0.0000,0.0118,0.0000,200,1.3012
0.0718,0.0000,0.0000,0.0000,0.0717,0.0000,200,1.2414
0.0300,0.0000,0.0000,0.0000,0.0298,0.0001,200,1.2837
0.0093,0.0000,0.0000,0.0000,0.0092,0.0000,200,1.3045
0.0094,0.0000,0.0000,0.0001,0.0093,0.0000,200,1.3049
0.0022,0.0000,0.0000,0.0000,0.0022,0.0000,200,1.3124
0.0248,0.0000,0.0000,0.0000,0.0247,0.0001,200,1.2902
0.0091,0.0000,0.0000,0.0000,0.0090,0.0000,200,1.3061
0.0208,0.0000,0.0000,0.0000,0.0207,0.0000,200,1.2949
0.0060,0.0000,0.0000,0.0000,0.0060,0.0000,200,1.3103
0.0111,0.0000,0.0000,0.0000,0.0110,0.0000,200,1.3058
0.0526,0.0000,0.0000,0.0000,0.0525,0.0001,200,1.2648
0.0577,0.0000,0.0000,0.0011,0.0566,0.0000,200,1.2600
0.0063,0.0000,0.0000,0.0000,0.0062,0.0001,200,1.3119
0.0533,0.0000,0.0000,0.0000,0.0533,0.0000,200,1.2651
0.0190,0.0000,0.0000,0.0000,0.0185,0.0004,200,1.3001
0.0546,0.0000,0.0000,0.0000,0.0545,0.0001,200,1.2646
0.0331,0.0000,0.0000,0.0000,0.0330,0.0001,200,1.2862
0.0050,0.0000,0.0000,0.0000,0.0049,0.0000,200,1.3146
0.0015,0.0000,0.0000,0.0000,0.0014,0.0001,200,1.3182
0.0184,0.0000,0.0000,0.0000,0.0182,0.0001,200,1.3019
0.0081,0.0000,0.0000,0.0000,0.0081,0.0000,200,1.3123
0.0082,0.0000,0.0000,0.0000,0.0081,0.0000,200,1.3127
0.0048,0.0000,0.0000,0.0000,0.0047,0.0000,200,1.3163
0.0045,0.0000,0.0000,0.0000,0.0043,0.0000,200,1.3174
0.0110,0.0000,0.0000,0.0000,0.0107,0.0002,200,1.3113
0.0395,0.0000,0.0000,0.0000,0.0395,0.0000,200,1.2828
0.0120,0.0000,0.0000,0.0000,0.0119,0.0001,200,1.3106
0.0252,0.0000,0.0000,0.0000,0.0251,0.0000,200,1.2978
0.0170,0.0000,0.0000,0.0000,0.0168,0.0002,200,1.3067
0.0008,0.0000,0.0000,0.0000,0.0008,0.0001,200,1.3230
0.0129,0.0000,0.0000,0.0000,0.0127,0.0001,200,1.3113
0.0236,0.0000,0.0000,0.0000,0.0235,0.0000,200,1.3006
0.0270,0.0000,0.0000,0.0000,0.0269,0.0000,200,1.2978
0.0359,0.0000,0.0000,0.0000,0.0358,0.0001,200,1.2893
0.0143,0.0000,0.0000,0.0000,0.0142,0.0000,200,1.3113
0.0066,0.0000,0.0000,0.0000,0.0065,0.0000,200,1.3192
0.0080,0.0000,0.0000,0.0000,0.0076,0.0003,200,1.3184
0.0275,0.0000,0.0000,0.0000,0.0271,0.0003,200,1.2996
0.0136,0.0000,0.0000,0.0000,0.0133,0.0002,200,1.3136
0.0184,0.0000,0.0000,0.0000,0.0184,0.0000,200,1.3091
0.0314,0.0000,0.0000,0.0000,0.0314,0.0000,200,1.2961
0.0062,0.0000,0.0000,0.0000,0.0061,0.0000,200,1.3223
0.0062,0.0000,0.0000,0.0000,0.0059,0.0000,200,1.3223
0.0089,0.0000,0.0000,0.0000,0.0088,0.0001,200,1.3198
0.0014,0.0000,0.0000,0.0000,0.0013,0.0000,200,1.3276
0.0084,0.0000,0.0000,0.0000,0.0083,0.0000,200,1.3208
0.0062,0.0000,0.0000,0.0000,0.0061,0.0000,200,1.3238
0.0094,0.0000,0.0000,0.0000,0.0085,0.0004,200,1.3211
0.0158,0.0000,0.0000,0.0000,0.0158,0.0001,200,1.3152
0.0053,0.0000,0.0000,0.0000,0.0051,0.0001,200,1.3259
0.0064,0.0000,0.0000,0.0000,0.0063,0.0000,200,1.3248
0.0680,0.0000,0.0000,0.0000,0.0679,0.0000,200,1.2636
0.0152,0.0000,0.0000,0.0000,0.0152,0.0000,200,1.3169
0.0286,0.0000,0.0000,0.0002,0.0284,0.0000,200,1.3035
0.0196,0.0000,0.0000,0.0000,0.0195,0.0000,200,1.3132
0.0025,0.0000,0.0000,0.0000,0.0024,0.0000,200,1.3305
0.0144,0.0000,0.0000,0.0000,0.0143,0.0000,200,1.3193
0.0097,0.0000,0.0000,0.0000,0.0095,0.0002,200,1.3241
0.0121,0.0000,0.0000,0.0000,0.0120,0.0000,200,1.3218
0.0427,0.0000,0.0000,0.0000,0.0424,0.0002,200,1.2920
0.0197,0.0000,0.0000,0.0000,0.0196,0.0000,200,1.3157
0.0061,0.0000,0.0000,0.0000,0.0060,0.0000,200,1.3293
0.0066,0.0000,0.0000,0.0002,0.0061,0.0000,200,1.3287
0.0105,0.0000,0.0000,0.0000,0.0104,0.0000,200,1.3255
0.0189,0.0000,0.0000,0.0000,0.0187,0.0002,200,1.3176
0.0056,0.0000,0.0000,0.0000,0.0054,0.0002,200,1.3311
0.0287,0.0000,0.0000,0.0000,0.0286,0.0000,200,1.3083
0.0072,0.0000,0.0000,0.0000,0.0072,0.0000,200,1.3300
0.0104,0.0000,0.0000,0.0000,0.0102,0.0001,200,1.3271
0.0347,0.0000,0.0000,0.0000,0.0346,0.0000,200,1.3032
0.0044,0.0000,0.0000,0.0000,0.0044,0.0001,200,1.3338
0.0185,0.0000,0.0000,0.0000,0.0183,0.0000,200,1.3203
0.0064,0.0000,0.0000,0.0000,0.0063,0.0001,200,1.3328
0.0067,0.0000,0.0000,0.0000,0.0065,0.0001,200,1.3330
0.0135,0.0000,0.0000,0.0001,0.0133,0.0001,200,1.3266
0.0163,0.0000,0.0000,0.0001,0.0161,0.0000,200,1.3242
0.0094,0.0000,0.0000,0.0000,0.0093,0.0001,200,1.3316
0.0283,0.0000,0.0000,0.0000,0.0282,0.0000,200,1.3131
0.0341,0.0000,0.0000,0.0000,0.0341,0.0000,200,1.3077
0.0075,0.0000,0.0000,0.0000,0.0072,0.0001,200,1.3353
0.0046,0.0000,0.0000,0.0000,0.0045,0.0000,200,1.3383
0.0291,0.0000,0.0000,0.0000,0.0286,0.0004,200,1.3143
0.0161,0.0000,0.0000,0.0000,0.0159,0.0001,200,1.3275
0.0256,0.0000,0.0000,0.0000,0.0251,0.0005,200,1.3191
0.0353,0.0000,0.0000,0.0000,0.0350,0.0000,200,1.3095
0.0163,0.0000,0.0000,0.0000,0.0163,0.0000,200,1.3285
0.0013,0.0000,0.0000,0.0000,0.0012,0.0000,200,1.3436
0.0088,0.0000,0.0000,0.0000,0.0084,0.0001,200,1.3367
0.0326,0.0000,0.0000,0.0000,0.0323,0.0002,200,1.3138
0.0048,0.0000,0.0000,0.0000,0.0047,0.0000,200,1.3419
0.0503,0.0000,0.0000,0.0000,0.0502,0.0000,200,1.2966
0.0202,0.0000,0.0000,0.0000,0.0201,0.0001,200,1.3272
0.0069,0.0000,0.0000,0.0004,0.0064,0.0001,200,1.3410
0.0031,0.0000,0.0000,0.0000,0.0030,0.0000,200,1.3455
0.0938,0.0000,0.0000,0.0000,0.0938,0.0000,200,1.2553
0.0171,0.0000,0.0000,0.0000,0.0170,0.0000,200,1.3321
0.0088,0.0000,0.0000,0.0000,0.0087,0.0000,200,1.3405
0.0204,0.0000,0.0000,0.0000,0.0203,0.0000,200,1.3290
0.0751,0.0000,0.0000,0.0000,0.0749,0.0001,200,1.2747
0.0040,0.0000,0.0000,0.0000,0.0038,0.0002,200,1.3464
0.0152,0.0000,0.0000,0.0000,0.0146,0.0002,200,1.3353
0.0199,0.0000,0.0000,0.0000,0.0198,0.0000,200,1.3311
0.0463,0.0000,0.0000,0.0000,0.0461,0.0001,200,1.3052
0.0264,0.0000,0.0000,0.0000,0.0263,0.0001,200,1.3253
0.0295,0.0000,0.0000,0.0000,0.0294,0.0000,200,1.3226
0.0017,0.0000,0.0000,0.0000,0.0015,0.0000,200,1.3510
0.0056,0.0000,0.0000,0.0000,0.0055,0.0001,200,1.3474
0.0068,0.0000,0.0000,0.0000,0.0067,0.0000,200,1.3466
0.0106,0.0000,0.0000,0.0000,0.0106,0.0000,200,1.3429
0.0455,0.0000,0.0000,0.0000,0.0453,0.0001,200,1.3086
0.0097,0.0000,0.0000,0.0000,0.0096,0.0000,200,1.3448
0.0055,0.0000,0.0000,0.0000,0.0055,0.0000,200,1.3493
0.0271,0.0000,0.0000,0.0000,0.0270,0.0000,200,1.3311
0.0261,0.0000,0.0000,0.0000,0.0260,0.0000,200,1.3322
0.0169,0.0000,0.0000,0.0000,0.0165,0.0001,200,1.3414
0.0150,0.0000,0.0000,0.0000,0.0149,0.0000,200,1.3434
0.0206,0.0000,0.0000,0.0002,0.0203,0.0002,200,1.3379
0.0087,0.0000,0.0000,0.0000,0.0086,0.0000,200,1.3505
0.0275,0.0000,0.0000,0.0000,0.0274,0.0000,200,1.3340
0.0030,0.0000,0.0000,0.0000,0.0029,0.0000,200,1.3592
0.0181,0.0000,0.0000,0.0000,0.0172,0.0001,200,1.3449
0.0120,0.0000,0.0000,0.0000,0.0118,0.0001,200,1.3515
0.0147,0.0000,0.0000,0.0000,0.0147,0.0000,200,1.3493
0.0143,0.0000,0.0000,0.0000,0.0143,0.0000,200,1.3498
0.0065,0.0000,0.0000,0.0000,0.0064,0.0000,200,1.3583
0.0295,0.0000,0.0000,0.0000,0.0294,0.0001,200,1.3360
0.0127,0.0000,0.0000,0.0003,0.0122,0.0000,200,1.3531
0.0117,0.0000,0.0000,0.0000,0.0116,0.0000,200,1.3545
0.0815,0.0000,0.0000,0.0000,0.0814,0.0000,200,1.2848
0.0378,0.0000,0.0000,0.0000,0.0377,0.0000,200,1.3286
0.0044,0.0000,0.0000,0.0000,0.0043,0.0000,200,1.3621
0.0462,0.0000,0.0000,0.0000,0.0461,0.0000,200,1.3204
0.0238,0.0000,0.0000,0.0000,0.0237,0.0000,200,1.3429
0.0026,0.0000,0.0000,0.0000,0.0025,0.0000,200,1.3642
0.0323,0.0000,0.0000,0.0000,0.0319,0.0000,200,1.3353
0.0686,0.0000,0.0000,0.0000,0.0685,0.0000,200,1.2991
0.0047,0.0000,0.0000,0.0000,0.0043,0.0003,200,1.3630
0.0699,0.0000,0.0000,0.0000,0.0698,0.0000,200,1.2988
0.0239,0.0000,0.0000,0.0001,0.0237,0.0000,200,1.3448
0.0153,0.0000,0.0000,0.0000,0.0153,0.0000,200,1.3535
0.0033,0.0000,0.0000,0.0000,0.0031,0.0000,200,1.3656
0.0320,0.0000,0.0000,0.0000,0.0318,0.0001,200,1.3370
0.0223,0.0000,0.0000,0.0000,0.0223,0.0000,200,1.3468
0.0354,0.0000,0.0000,0.0000,0.0354,0.0000,200,1.3337
0.0032,0.0000,0.0000,0.0000,0.0031,0.0001,200,1.3668
0.0550,0.0000,0.0000,0.0000,0.0549,0.0000,200,1.3150
0.0169,0.0000,0.0000,0.0000,0.0167,0.0001,200,1.3534
0.0123,0.0000,0.0000,0.0000,0.0123,0.0000,200,1.3582
0.0020,0.0000,0.0000,0.0000,0.0020,0.0000,200,1.3688
0.0343,0.0000,0.0000,0.0000,0.0342,0.0000,200,1.3372
0.0133,0.0000,0.0000,0.0000,0.0133,0.0000,200,1.3585
0.0325,0.0000,0.0000,0.0000,0.0324,0.0001,200,1.3397
0.0233,0.0000,0.0000,0.0000,0.0232,0.0000,200,1.3492
0.0341,0.0000,0.0000,0.0000,0.0340,0.0001,200,1.3388
0.0338,0.0000,0.0000,0.0000,0.0337,0.0000,200,1.3392
0.0383,0.0000,0.0000,0.0000,0.0380,0.0001,200,1.3366
0.0073,0.0000,0.0000,0.0000,0.0072,0.0000,200,1.3677
0.0048,0.0000,0.0000,0.0000,0.0046,0.0002,200,1.3705
0.0077,0.0000,0.0000,0.0000,0.0077,0.0000,200,1.3676
0.0828,0.0000,0.0000,0.0000,0.0826,0.0002,200,1.2929
0.0358,0.0000,0.0000,0.0000,0.0358,0.0000,200,1.3401
0.0099,0.0000,0.0000,0.0000,0.0098,0.0000,200,1.3677
0.0018,0.0000,0.0000,0.0002,0.0012,0.0000,200,1.3759
0.0274,0.0000,0.0000,0.0000,0.0262,0.0011,200,1.3504
0.0112,0.0000,0.0000,0.0000,0.0111,0.0000,200,1.3666
0.0079,0.0000,0.0000,0.0000,0.0068,0.0009,200,1.3700
0.0195,0.0000,0.0000,0.0000,0.0193,0.0000,200,1.3584
0.0067,0.0000,0.0000,0.0000,0.0066,0.0000,200,1.3715
0.0204,0.0000,0.0000,0.0000,0.0202,0.0001,200,1.3582
0.0059,0.0000,0.0000,0.0000,0.0057,0.0000,200,1.3729
0.0174,0.0000,0.0000,0.0000,0.0173,0.0001,200,1.3615
0.0275,0.0000,0.0000,0.0000,0.0274,0.0000,200,1.3516
0.0103,0.0000,0.0000,0.0000,0.0101,0.0000,200,1.3691
0.0248,0.0000,0.0000,0.0000,0.0247,0.0001,200,1.3549
0.0079,0.0000,0.0000,0.0000,0.0076,0.0000,200,1.3722
0.0140,0.0000,0.0000,0.0000,0.0137,0.0003,200,1.3667
0.0171,0.0000,0.0000,0.0001,0.0169,0.0000,200,1.3636
0.0053,0.0000,0.0000,0.0000,0.0053,0.0000,200,1.3754
0.0167,0.0000,0.0000,0.0000,0.0166,0.0000,200,1.3648
0.0039,0.0000,0.0000,0.0000,0.0035,0.0004,200,1.3778
0.0129,0.0000,0.0000,0.0000,0.0129,0.0000,200,1.3688
0.0046,0.0000,0.0000,0.0000,0.0045,0.0001,200,1.3777
0.0050,0.0000,0.0000,0.0000,0.0048,0.0001,200,1.3779
0.0310,0.0000,0.0000,0.0000,0.0307,0.0000,200,1.3521
0.0170,0.0000,0.0000,0.0000,0.0167,0.0001,200,1.3666
0.0053,0.0000,0.0000,0.0000,0.0052,0.0001,200,1.3786
0.0394,0.0000,0.0000,0.0000,0.0393,0.0000,200,1.3447
0.0042,0.0000,0.0000,0.0000,0.0040,0.0000,200,1.3806
0.0363,0.0000,0.0000,0.0000,0.0362,0.0001,200,1.3486
0.0147,0.0000,0.0000,0.0000,0.0146,0.0000,200,1.3709
0.0315,0.0000,0.0000,0.0000,0.0313,0.0000,200,1.3542
0.0387,0.0000,0.0000,0.0000,0.0385,0.0000,200,1.3479
0.0148,0.0000,0.0000,0.0000,0.0148,0.0000,200,1.3718
0.0045,0.0000,0.0000,0.0000,0.0044,0.0001,200,1.3823
0.0019,0.0000,0.0000,0.0000,0.0017,0.0002,200,1.3856
0.0084,0.0000,0.0000,0.0000,0.0084,0.0000,200,1.3791
0.0215,0.0000,0.0000,0.0000,0.0215,0.0000,200,1.3662
0.0508,0.0000,0.0000,0.0000,0.0507,0.0000,200,1.3375
0.0076,0.0000,0.0000,0.0000,0.0076,0.0000,200,1.3807
0.0135,0.0000,0.0000,0.0000,0.0135,0.0000,200,1.3748
0.0021,0.0000,0.0000,0.0000,0.0021,0.0000,200,1.3866
0.0115,0.0000,0.0000,0.0000,0.0113,0.0002,200,1.3777
0.0260,0.0000,0.0000,0.0001,0.0258,0.0000,200,1.3640
0.0026,0.0000,0.0000,0.0001,0.0023,0.0001,200,1.3875
0.0149,0.0000,0.0000,0.0000,0.0149,0.0000,200,1.3754
0.0035,0.0000,0.0000,0.0000,0.0032,0.0003,200,1.3868
0.0065,0.0000,0.0000,0.0000,0.0063,0.0000,200,1.3841
0.0187,0.0000,0.0000,0.0000,0.0186,0.0001,200,1.3725
0.0074,0.0000,0.0000,0.0000,0.0072,0.0000,200,1.3839
0.0099,0.0000,0.0000,0.0000,0.0098,0.0000,200,1.3817
0.0033,0.0000,0.0000,0.0001,0.0030,0.0001,200,1.3888
0.0174,0.0000,0.0000,0.0000,0.0174,0.0000,200,1.3750
0.0437,0.0000,0.0000,0.0000,0.0437,0.0000,200,1.3491
0.0146,0.0000,0.0000,0.0000,0.0145,0.0000,200,1.3788
0.0035,0.0000,0.0000,0.0000,0.0035,0.0000,200,1.3903
0.0017,0.0000,0.0000,0.0000,0.0015,0.0001,200,1.3929
0.0603,0.0000,0.0000,0.0000,0.0603,0.0000,200,1.3346
0.0145,0.0000,0.0000,0.0000,0.0144,0.0000,200,1.3807
0.0042,0.0000,0.0000,0.0000,0.0041,0.0000,200,1.3912
0.0273,0.0000,0.0000,0.0000,0.0272,0.0000,200,1.3687
0.0763,0.0000,0.0000,0.0000,0.0762,0.0001,200,1.3196
0.0012,0.0000,0.0000,0.0000,0.0011,0.0001,200,1.3950
0.0186,0.0000,0.0000,0.0000,0.0186,0.0000,200,1.3778
0.0268,0.0000,0.0000,0.0000,0.0265,0.0003,200,1.3703
0.0194,0.0000,0.0000,0.0000,0.0193,0.0000,200,1.3782
0.0088,0.0000,0.0000,0.0000,0.0087,0.0000,200,1.3892
0.0098,0.0000,0.0000,0.0000,0.0097,0.0000,200,1.3884
0.0204,0.0000,0.0000,0.0000,0.0204,0.0000,200,1.3780
0.0016,0.0000,0.0000,0.0001,0.0014,0.0000,200,1.3971
0.0027,0.0000,0.0000,0.0000,0.0026,0.0000,200,1.3962
0.0308,0.0000,0.0000,0.0000,0.0307,0.0000,200,1.3687
0.0046,0.0000,0.0000,0.0000,0.0045,0.0000,200,1.3952
0.0024,0.0000,0.0000,0.0000,0.0022,0.0001,200,1.3976
0.0477,0.0000,0.0000,0.0000,0.0476,0.0000,200,1.3528
0.0048,0.0000,0.0000,0.0000,0.0044,0.0000,200,1.3960
0.0089,0.0000,0.0000,0.0000,0.0088,0.0000,200,1.3924
0.0217,0.0000,0.0000,0.0000,0.0217,0.0000,200,1.3796
0.0058,0.0000,0.0000,0.0003,0.0053,0.0001,200,1.3960
0.0326,0.0000,0.0000,0.0000,0.0324,0.0001,200,1.3692
0.0207,0.0000,0.0000,0.0000,0.0205,0.0000,200,1.3817
0.0168,0.0000,0.0000,0.0000,0.0165,0.0000,200,1.3857
0.0047,0.0000,0.0000,0.0000,0.0038,0.0002,200,1.3981
0.0030,0.0000,0.0000,0.0000,0.0029,0.0000,200,1.4000
0.0199,0.0000,0.0000,0.0000,0.0199,0.0000,200,1.3831
0.0370,0.0000,0.0000,0.0000,0.0369,0.0000,200,1.3663
0.0053,0.0000,0.0000,0.0000,0.0052,0.0001,200,1.3985
0.0105,0.0000,0.0000,0.0000,0.0104,0.0000,200,1.3933
0.0065,0.0000,0.0000,0.0000,0.0063,0.0001,200,1.3980
0.0235,0.0000,0.0000,0.0001,0.0233,0.0000,200,1.3815
0.0256,0.0000,0.0000,0.0000,0.0255,0.0000,200,1.3794
0.0353,0.0000,0.0000,0.0000,0.0350,0.0001,200,1.3700
0.0139,0.0000,0.0000,0.0000,0.0136,0.0001,200,1.3916
0.0399,0.0000,0.0000,0.0000,0.0398,0.0000,200,1.3658
0.0070,0.0000,0.0000,0.0000,0.0069,0.0000,200,1.3995
0.0337,0.0000,0.0000,0.0001,0.0332,0.0000,200,1.3730
0.0043,0.0000,0.0000,0.0000,0.0042,0.0000,200,1.4024
0.0405,0.0000,0.0000,0.0000,0.0405,0.0000,200,1.3664
0.0041,0.0000,0.0000,0.0000,0.0040,0.0000,200,1.4030
0.0049,0.0000,0.0000,0.0000,0.0048,0.0000,200,1.4025
0.0278,0.0000,0.0000,0.0000,0.0277,0.0000,200,1.3801
0.0118,0.0000,0.0000,0.0004,0.0114,0.0000,200,1.3964
0.0134,0.0000,0.0000,0.0004,0.0129,0.0000,200,1.3953
0.0240,0.0000,0.0000,0.0000,0.0239,0.0001,200,1.3849
0.0224,0.0000,0.0000,0.0001,0.0222,0.0001,200,1.3867
0.0026,0.0000,0.0000,0.0000,0.0025,0.0001,200,1.4071
0.0033,0.0000,0.0000,0.0000,0.0031,0.0001,200,1.4069
0.0314,0.0000,0.0000,0.0000,0.0313,0.0000,200,1.3789
0.0016,0.0000,0.0000,0.0000,0.0016,0.0000,200,1.4091
0.0022,0.0000,0.0000,0.0000,0.0021,0.0001,200,1.4089
0.0065,0.0000,0.0000,0.0000,0.0064,0.0000,200,1.4050
0.0044,0.0000,0.0000,0.0000,0.0044,0.0000,200,1.4074
0.0113,0.0000,0.0000,0.0000,0.0112,0.0001,200,1.4008
0.0042,0.0000,0.0000,0.0000,0.0041,0.0000,200,1.4082
0.0436,0.0000,0.0000,0.0000,0.0433,0.0000,200,1.3690
0.0372,0.0000,0.0000,0.0000,0.0365,0.0002,200,1.3757
0.0104,0.0000,0.0000,0.0000,0.0102,0.0001,200,1.4029
0.0097,0.0000,0.0000,0.0000,0.0097,0.0000,200,1.4038
0.0040,0.0000,0.0000,0.0000,0.0039,0.0000,200,1.4097
0.0061,0.0000,0.0000,0.0002,0.0058,0.0000,200,1.4079
0.0105,0.0000,0.0000,0.0000,0.0103,0.0001,200,1.4038
0.0028,0.0000,0.0000,0.0000,0.0024,0.0000,200,1.4121
0.0085,0.0000,0.0000,0.0000,0.0084,0.0001,200,1.4066
0.0278,0.0000,0.0000,0.0000,0.0277,0.0000,200,1.3875
0.0276,0.0000,0.0000,0.0000,0.0273,0.0002,200,1.3883
0.0048,0.0000,0.0000,0.0000,0.0045,0.0002,200,1.4115
0.0038,0.0000,0.0000,0.0000,0.0035,0.0001,200,1.4125
0.0179,0.0000,0.0000,0.0000,0.0179,0.0000,200,1.3989
0.0029,0.0000,0.0000,0.0000,0.0027,0.0000,200,1.4144
0.0255,0.0000,0.0000,0.0000,0.0255,0.0000,200,1.3921
0.0025,0.0000,0.0000,0.0000,0.0023,0.0001,200,1.4152
0.0025,0.0000,0.0000,0.0000,0.0024,0.0001,200,1.4153
0.0059,0.0000,0.0000,0.0000,0.0058,0.0000,200,1.4125
0.0100,0.0000,0.0000,0.0000,0.0099,0.0001,200,1.4087
0.0157,0.0000,0.0000,0.0000,0.0156,0.0000,200,1.4030
0.0954,0.0000,0.0000,0.0000,0.0954,0.0000,200,1.3238
0.0289,0.0000,0.0000,0.0001,0.0287,0.0000,200,1.3906
0.0369,0.0000,0.0000,0.0000,0.0366,0.0000,200,1.3829
0.0290,0.0000,0.0000,0.0001,0.0286,0.0001,200,1.3913
0.0018,0.0000,0.0000,0.0000,0.0017,0.0000,200,1.4188
0.0108,0.0000,0.0000,0.0000,0.0107,0.0001,200,1.4101
0.0164,0.0000,0.0000,0.0000,0.0163,0.0001,200,1.4049
0.0105,0.0000,0.0000,0.0000,0.0104,0.0000,200,1.4111
0.0223,0.0000,0.0000,0.0000,0.0222,0.0001,200,1.3998
0.0169,0.0000,0.0000,0.0000,0.0168,0.0000,200,1.4054
0.0017,0.0000,0.0000,0.0000,0.0016,0.0000,200,1.4210
0.0125,0.0000,0.0000,0.0000,0.0124,0.0000,200,1.4107
0.0229,0.0000,0.0000,0.0000,0.0227,0.0001,200,1.4013
0.0113,0.0000,0.0000,0.0000,0.0112,0.0000,200,1.4129
0.0055,0.0000,0.0000,0.0000,0.0054,0.0000,200,1.4188
0.0299,0.0000,0.0000,0.0000,0.0297,0.0002,200,1.3945
0.0068,0.0000,0.0000,0.0000,0.0068,0.0001,200,1.4176
0.0055,0.0000,0.0000,0.0000,0.0053,0.0002,200,1.4195
0.0239,0.0000,0.0000,0.0000,0.0238,0.0000,200,1.4014
0.0017,0.0000,0.0000,0.0000,0.0017,0.0000,200,1.4242
0.0202,0.0000,0.0000,0.0000,0.0202,0.0000,200,1.4057
0.0032,0.0000,0.0000,0.0000,0.0031,0.0000,200,1.4227
0.0198,0.0000,0.0000,0.0000,0.0197,0.0001,200,1.4067
0.0136,0.0000,0.0000,0.0000,0.0135,0.0000,200,1.4133
0.0049,0.0000,0.0000,0.0000,0.0046,0.0001,200,1.4221
0.0069,0.0000,0.0000,0.0000,0.0067,0.0001,200,1.4203
0.0119,0.0000,0.0000,0.0000,0.0118,0.0000,200,1.4159
0.0246,0.0000,0.0000,0.0000,0.0245,0.0000,200,1.4033
0.0023,0.0000,0.0000,0.0000,0.0022,0.0000,200,1.4259
0.0053,0.0000,0.0000,0.0000,0.0052,0.0001,200,1.4232
0.0047,0.0000,0.0000,0.0000,0.0045,0.0002,200,1.4241
0.0101,0.0000,0.0000,0.0000,0.0100,0.0001,200,1.4192
0.0120,0.0000,0.0000,0.0000,0.0119,0.0001,200,1.4176
0.0025,0.0000,0.0000,0.0002,0.0022,0.0000,200,1.4273
0.0088,0.0000,0.0000,0.0000,0.0086,0.0001,200,1.4216
0.0053,0.0000,0.0000,0.0000,0.0052,0.0000,200,1.4252
0.0086,0.0000,0.0000,0.0000,0.0085,0.0000,200,1.4223
0.0374,0.0000,0.0000,0.0000,0.0373,0.0000,200,1.3939
0.0248,0.0000,0.0000,0.0000,0.0247,0.0000,200,1.4065
0.0180,0.0000,0.0000,0.0000,0.0180,0.0000,200,1.4137
0.0305,0.0000,0.0000,0.0000,0.0304,0.0000,200,1.4018
0.0450,0.0000,0.0000,0.0000,0.0446,0.0004,200,1.3877
0.0149,0.0000,0.0000,0.0000,0.0148,0.0001,200,1.4179
0.0027,0.0000,0.0000,0.0000,0.0026,0.0000,200,1.4305
0.0488,0.0000,0.0000,0.0000,0.0487,0.0000,200,1.3848
0.0042,0.0000,0.0000,0.0000,0.0041,0.0001,200,1.4298
0.0328,0.0000,0.0000,0.0000,0.0326,0.0001,200,1.4018
0.0099,0.0000,0.0000,0.0000,0.0098,0.0000,200,1.4250
0.0026,0.0000,0.0000,0.0000,0.0026,0.0000,200,1.4323
0.0013,0.0000,0.0000,0.0001,0.0012,0.0000,200,1.4340
0.0057,0.0000,0.0000,0.0001,0.0053,0.0003,200,1.4297
0.0456,0.0000,0.0000,0.0000,0.0455,0.0001,200,1.3903
0.0059,0.0000,0.0000,0.0001,0.0057,0.0001,200,1.4304
0.0264,0.0000,0.0000,0.0000,0.0263,0.0000,200,1.4103
0.0053,0.0000,0.0000,0.0000,0.0052,0.0000,200,1.4317
0.0051,0.0000,0.0000,0.0000,0.0047,0.0004,200,1.4328
0.0222,0.0000,0.0000,0.0000,0.0221,0.0001,200,1.4163
0.0145,0.0000,0.0000,0.0000,0.0142,0.0003,200,1.4245
0.0112,0.0000,0.0000,0.0000,0.0111,0.0000,200,1.4278
0.0226,0.0000,0.0000,0.0000,0.0225,0.0000,200,1.4172
0.0278,0.0000,0.0000,0.0000,0.0273,0.0004,200,1.4120
0.0037,0.0000,0.0000,0.0000,0.0037,0.0000,200,1.4368
0.0119,0.0000,0.0000,0.0000,0.0118,0.0001,200,1.4293
0.0537,0.0000,0.0000,0.0000,0.0536,0.0001,200,1.3884
0.0156,0.0000,0.0000,0.0000,0.0155,0.0001,200,1.4270
0.0172,0.0000,0.0000,0.0000,0.0172,0.0000,200,1.4259
0.0316,0.0000,0.0000,0.0000,0.0315,0.0000,200,1.4136
0.0630,0.0000,0.0000,0.0000,0.0630,0.0000,200,1.3836
0.0480,0.0000,0.0000,0.0000,0.0479,0.0000,200,1.3987
0.0127,0.0000,0.0000,0.0000,0.0126,0.0000,200,1.4349
0.0342,0.0000,0.0000,0.0000,0.0341,0.0000,200,1.4148
0.0594,0.0000,0.0000,0.0000,0.0593,0.0000,200,1.3900
0.0317,0.0000,0.0000,0.0000,0.0316,0.0000,200,1.4183
0.0040,0.0000,0.0000,0.0000,0.0039,0.0001,200,1.4468
0.0267,0.0000,0.0000,0.0001,0.0266,0.0000,200,1.4243
0.0032,0.0000,0.0000,0.0000,0.0030,0.0002,200,1.4490
0.0013,0.0000,0.0000,0.0000,0.0012,0.0000,200,1.4510
0.0370,0.0000,0.0000,0.0002,0.0367,0.0000,200,1.4162
0.0251,0.0000,0.0000,0.0000,0.0250,0.0000,200,1.4282
0.0200,0.0000,0.0000,0.0003,0.0197,0.0000,200,1.4332
0.0296,0.0000,0.0000,0.0001,0.0294,0.0000,200,1.4246
0.0129,0.0000,0.0000,0.0002,0.0127,0.0000,200,1.4413
0.0213,0.0000,0.0000,0.0000,0.0210,0.0002,200,1.4336
0.0190,0.0000,0.0000,0.0000,0.0188,0.0000,200,1.4360
0.0154,0.0000,0.0000,0.0001,0.0153,0.0000,200,1.4398
0.0513,0.0000,0.0000,0.0000,0.0511,0.0002,200,1.4045
0.0166,0.0000,0.0000,0.0000,0.0165,0.0000,200,1.4398
0.0088,0.0000,0.0000,0.0000,0.0087,0.0001,200,1.4476
0.0065,0.0000,0.0000,0.0000,0.0063,0.0001,200,1.4508
0.0195,0.0000,0.0000,0.0000,0.0194,0.0000,200,1.4379
0.0113,0.0000,0.0000,0.0000,0.0112,0.0001,200,1.4466
0.0049,0.0000,0.0000,0.0000,0.0046,0.0002,200,1.4533
0.0132,0.0000,0.0000,0.0000,0.0131,0.0000,200,1.4452
0.0040,0.0000,0.0000,0.0000,0.0040,0.0000,200,1.4549
0.0541,0.0000,0.0000,0.0002,0.0537,0.0001,200,1.4055
0.0054,0.0000,0.0000,0.0000,0.0053,0.0000,200,1.4542
0.0038,0.0000,0.0000,0.0000,0.0036,0.0002,200,1.4565
0.0279,0.0000,0.0000,0.0000,0.0277,0.0002,200,1.4328
0.0218,0.0000,0.0000,0.0000,0.0215,0.0002,200,1.4390
0.0192,0.0000,0.0000,0.0000,0.0191,0.0000,200,1.4421
0.0264,0.0000,0.0000,0.0000,0.0263,0.0000,200,1.4353
0.0064,0.0000,0.0000,0.0000,0.0063,0.0001,200,1.4558
0.0082,0.0000,0.0000,0.0000,0.0081,0.0000,200,1.4542
0.0225,0.0000,0.0000,0.0000,0.0225,0.0000,200,1.4405
0.0265,0.0000,0.0000,0.0000,0.0264,0.0000,200,1.4370
0.0633,0.0000,0.0000,0.0000,0.0629,0.0000,200,1.4004
0.0066,0.0000,0.0000,0.0000,0.0065,0.0000,200,1.4574
0.0139,0.0000,0.0000,0.0000,0.0139,0.0000,200,1.4500
0.0093,0.0000,0.0000,0.0000,0.0091,0.0002,200,1.4549
0.0122,0.0000,0.0000,0.0000,0.0121,0.0000,200,1.4522
0.0103,0.0000,0.0000,0.0000,0.0103,0.0000,200,1.4552
0.0400,0.0000,0.0000,0.0000,0.0398,0.0001,200,1.4259
0.0371,0.0000,0.0000,0.0000,0.0369,0.0001,200,1.4289
0.0025,0.0000,0.0000,0.0000,0.0020,0.0005,200,1.4640
0.0171,0.0000,0.0000,0.0000,0.0169,0.0002,200,1.4494
0.0073,0.0000,0.0000,0.0000,0.0072,0.0000,200,1.4596
0.0238,0.0000,0.0000,0.0000,0.0237,0.0000,200,1.4431
0.0030,0.0000,0.0000,0.0000,0.0030,0.0000,200,1.4642
0.0041,0.0000,0.0000,0.0000,0.0040,0.0000,200,1.4635
0.0080,0.0000,0.0000,0.0003,0.0076,0.0001,200,1.4603
0.0074,0.0000,0.0000,0.0000,0.0073,0.0000,200,1.4613
0.0406,0.0000,0.0000,0.0002,0.0402,0.0002,200,1.4285
0.0496,0.0000,0.0000,0.0000,0.0494,0.0002,200,1.4198
0.0434,0.0000,0.0000,0.0000,0.0433,0.0000,200,1.4265
0.0065,0.0000,0.0000,0.0000,0.0064,0.0000,200,1.4637
0.0807,0.0000,0.0000,0.0003,0.0803,0.0000,200,1.3901
0.0370,0.0000,0.0000,0.0000,0.0364,0.0006,200,1.4349
0.0581,0.0000,0.0000,0.0000,0.0577,0.0003,200,1.4140
0.0165,0.0000,0.0000,0.0000,0.0153,0.0010,200,1.4564
0.0366,0.0000,0.0000,0.0000,0.0353,0.0012,200,1.4363
0.0094,0.0000,0.0000,0.0000,0.0093,0.0000,200,1.4640
0.0061,0.0000,0.0000,0.0000,0.0059,0.0002,200,1.4676
0.0079,0.0000,0.0000,0.0000,0.0074,0.0001,200,1.4660
0.0084,0.0000,0.0000,0.0000,0.0079,0.0000,200,1.4659
0.0081,0.0000,0.0000,0.0000,0.0080,0.0001,200,1.4665
0.0550,0.0000,0.0000,0.0000,0.0549,0.0001,200,1.4205
0.0022,0.0000,0.0000,0.0000,0.0019,0.0002,200,1.4734
0.0494,0.0000,0.0000,0.0000,0.0492,0.0002,200,1.4268
0.0383,0.0000,0.0000,0.0000,0.0381,0.0001,200,1.4385
0.0240,0.0000,0.0000,0.0000,0.0237,0.0001,200,1.4533
0.0049,0.0000,0.0000,0.0000,0.0048,0.0000,200,1.4728
0.0199,0.0000,0.0000,0.0000,0.0198,0.0001,200,1.4584
0.0016,0.0000,0.0000,0.0000,0.0015,0.0000,200,1.4768
0.0475,0.0000,0.0000,0.0000,0.0473,0.0001,200,1.4314
0.0028,0.0000,0.0000,0.0000,0.0026,0.0000,200,1.4763
0.0102,0.0000,0.0000,0.0000,0.0101,0.0000,200,1.4692
0.0044,0.0000,0.0000,0.0000,0.0043,0.0001,200,1.4755
0.0196,0.0000,0.0000,0.0000,0.0195,0.0000,200,1.4607
0.0225,0.0000,0.0000,0.0000,0.0224,0.0001,200,1.4582
0.0120,0.0000,0.0000,0.0000,0.0119,0.0000,200,1.4693
0.0467,0.0000,0.0000,0.0000,0.0463,0.0003,200,1.4354
0.0101,0.0000,0.0000,0.0000,0.0100,0.0001,200,1.4721
0.0229,0.0000,0.0000,0.0000,0.0228,0.0000,200,1.4596
0.0025,0.0000,0.0000,0.0000,0.0024,0.0000,200,1.4807
0.0152,0.0000,0.0000,0.0000,0.0150,0.0001,200,1.4686
0.0169,0.0000,0.0000,0.0000,0.0168,0.0000,200,1.4669
0.0020,0.0000,0.0000,0.0000,0.0020,0.0000,200,1.4825
0.0677,0.0000,0.0000,0.0000,0.0677,0.0000,200,1.4169
0.0058,0.0000,0.0000,0.0000,0.0057,0.0000,200,1.4794
0.0240,0.0000,0.0000,0.0000,0.0239,0.0000,200,1.4622
0.0329,0.0000,0.0000,0.0001,0.0327,0.0000,200,1.4533
0.0141,0.0000,0.0000,0.0000,0.0140,0.0000,200,1.4739
0.0092,0.0000,0.0000,0.0000,0.0091,0.0000,200,1.4790
0.0153,0.0000,0.0000,0.0000,0.0152,0.0000,200,1.4729
0.0321,0.0000,0.0000,0.0000,0.0320,0.0000,200,1.4573
0.0045,0.0000,0.0000,0.0002,0.0031,0.0007,200,1.4851
0.0307,0.0000,0.0000,0.0000,0.0306,0.0000,200,1.4590
0.0516,0.0000,0.0000,0.0001,0.0515,0.0001,200,1.4390
0.0595,0.0000,0.0000,0.0000,0.0595,0.0000,200,1.4313
0.0052,0.0000,0.0000,0.0002,0.0050,0.0000,200,1.4861
0.0136,0.0000,0.0000,0.0000,0.0134,0.0000,200,1.4783
0.0217,0.0000,0.0000,0.0000,0.0215,0.0001,200,1.4708
0.0309,0.0000,0.0000,0.0000,0.0308,0.0000,200,1.4617
0.0069,0.0000,0.0000,0.0001,0.0065,0.0000,200,1.4861
0.0134,0.0000,0.0000,0.0000,0.0129,0.0000,200,1.4799
0.0254,0.0000,0.0000,0.0000,0.0254,0.0000,200,1.4683
0.0226,0.0000,0.0000,0.0000,0.0214,0.0001,200,1.4718
0.0338,0.0000,0.0000,0.0000,0.0337,0.0001,200,1.4607
0.0021,0.0000,0.0000,0.0000,0.0020,0.0001,200,1.4925
0.0070,0.0000,0.0000,0.0000,0.0068,0.0001,200,1.4882
0.0017,0.0000,0.0000,0.0000,0.0016,0.0001,200,1.4937
0.0013,0.0000,0.0000,0.0000,0.0012,0.0000,200,1.4946
0.0139,0.0000,0.0000,0.0000,0.0138,0.0000,200,1.4822
0.0311,0.0000,0.0000,0.0000,0.0310,0.0001,200,1.4655
0.0011,0.0000,0.0000,0.0000,0.0010,0.0001,200,1.4960
0.0219,0.0000,0.0000,0.0000,0.0217,0.0001,200,1.4755
0.0070,0.0000,0.0000,0.0000,0.0069,0.0000,200,1.4908
0.0773,0.0000,0.0000,0.0000,0.0772,0.0000,200,1.4213
0.0202,0.0000,0.0000,0.0000,0.0202,0.0000,200,1.4783
0.0044,0.0000,0.0000,0.0000,0.0044,0.0000,200,1.4945
0.0047,0.0000,0.0000,0.0000,0.0046,0.0000,200,1.4946
0.0718,0.0000,0.0000,0.0000,0.0718,0.0001,200,1.4278
0.0011,0.0000,0.0000,0.0000,0.0010,0.0001,200,1.4986
0.0335,0.0000,0.0000,0.0000,0.0334,0.0000,200,1.4665
0.0173,0.0000,0.0000,0.0000,0.0173,0.0000,200,1.4832
0.0036,0.0000,0.0000,0.0000,0.0035,0.0001,200,1.4971
0.0114,0.0000,0.0000,0.0000,0.0113,0.0001,200,1.4897
0.0196,0.0000,0.0000,0.0000,0.0195,0.0001,200,1.4821
0.0673,0.0000,0.0000,0.0000,0.0672,0.0000,200,1.4346
0.0720,0.0000,0.0000,0.0003,0.0712,0.0003,200,1.4308
0.0132,0.0000,0.0000,0.0001,0.0130,0.0000,200,1.4896
0.0186,0.0000,0.0000,0.0000,0.0186,0.0000,200,1.4846
0.0111,0.0000,0.0000,0.0000,0.0110,0.0000,200,1.4925
0.0199,0.0000,0.0000,0.0000,0.0198,0.0000,200,1.4838
0.0054,0.0000,0.0000,0.0000,0.0054,0.0000,200,1.4986
0.0415,0.0000,0.0000,0.0001,0.0413,0.0001,200,1.4630
0.0051,0.0000,0.0000,0.0000,0.0050,0.0001,200,1.4997
0.0033,0.0000,0.0000,0.0000,0.0032,0.0001,200,1.5019
0.0409,0.0000,0.0000,0.0000,0.0408,0.0000,200,1.4645
0.0048,0.0000,0.0000,0.0000,0.0047,0.0000,200,1.5008
0.0083,0.0000,0.0000,0.0001,0.0080,0.0001,200,1.4978
0.0050,0.0000,0.0000,0.0000,0.0050,0.0000,200,1.5011
0.0070,0.0000,0.0000,0.0000,0.0070,0.0000,200,1.4993
0.0013,0.0000,0.0000,0.0000,0.0012,0.0000,200,1.5054
0.0189,0.0000,0.0000,0.0000,0.0188,0.0001,200,1.4882
0.0377,0.0000,0.0000,0.0000,0.0373,0.0004,200,1.4702
0.0556,0.0000,0.0000,0.0000,0.0555,0.0000,200,1.4524
0.0045,0.0000,0.0000,0.0000,0.0044,0.0001,200,1.5036
0.0153,0.0000,0.0000,0.0000,0.0152,0.0000,200,1.4933
0.0198,0.0000,0.0000,0.0000,0.0197,0.0001,200,1.4894
0.0178,0.0000,0.0000,0.0000,0.0178,0.0000,200,1.4914
0.0135,0.0000,0.0000,0.0000,0.0133,0.0001,200,1.4974
0.0082,0.0000,0.0000,0.0000,0.0081,0.0000,200,1.5028
0.0530,0.0000,0.0000,0.0000,0.0530,0.0000,200,1.4580
0.0232,0.0000,0.0000,0.0000,0.0231,0.0000,200,1.4879
0.0193,0.0000,0.0000,0.0002,0.0190,0.0000,200,1.4918
0.0084,0.0000,0.0000,0.0000,0.0083,0.0000,200,1.5028
0.0378,0.0000,0.0000,0.0000,0.0377,0.0001,200,1.4738
0.0492,0.0000,0.0000,0.0000,0.0492,0.0000,200,1.4624
0.0064,0.0000,0.0000,0.0002,0.0057,0.0000,200,1.5056
0.0174,0.0000,0.0000,0.0001,0.0172,0.0001,200,1.4952
0.0057,0.0000,0.0000,0.0000,0.0051,0.0006,200,1.5079
0.0026,0.0000,0.0000,0.0000,0.0026,0.0000,200,1.5111
0.0132,0.0000,0.0000,0.0000,0.0131,0.0000,200,1.5006
0.0054,0.0000,0.0000,0.0000,0.0052,0.0000,200,1.5086
0.0028,0.0000,0.0000,0.0000,0.0027,0.0000,200,1.5116
0.0066,0.0000,0.0000,0.0000,0.0065,0.0000,200,1.5080
0.0013,0.0000,0.0000,0.0000,0.0012,0.0000,200,1.5138
0.0380,0.0000,0.0000,0.0000,0.0379,0.0000,200,1.4777
0.0024,0.0000,0.0000,0.0000,0.0023,0.0000,200,1.5138
0.0265,0.0000,0.0000,0.0001,0.0264,0.0000,200,1.4906
0.0135,0.0000,0.0000,0.0000,0.0134,0.0000,200,1.5037
0.0091,0.0000,0.0000,0.0000,0.0090,0.0001,200,1.5082
0.0141,0.0000,0.0000,0.0000,0.0140,0.0000,200,1.5032
0.0036,0.0000,0.0000,0.0000,0.0035,0.0000,200,1.5140
0.0070,0.0000,0.0000,0.0000,0.0070,0.0000,200,1.5111
0.0122,0.0000,0.0000,0.0000,0.0121,0.0000,200,1.5067
0.0081,0.0000,0.0000,0.0000,0.0080,0.0000,200,1.5109
0.0130,0.0000,0.0000,0.0000,0.0128,0.0001,200,1.5061
0.0138,0.0000,0.0000,0.0000,0.0134,0.0000,200,1.5061
0.0365,0.0000,0.0000,0.0000,0.0364,0.0000,200,1.4838
0.0014,0.0000,0.0000,0.0000,0.0012,0.0001,200,1.5190
0.0049,0.0000,0.0000,0.0001,0.0046,0.0000,200,1.5161
0.0101,0.0000,0.0000,0.0000,0.0100,0.0000,200,1.5112
0.0292,0.0000,0.0000,0.0002,0.0285,0.0004,200,1.4930
0.0066,0.0000,0.0000,0.0000,0.0065,0.0000,200,1.5157
0.0033,0.0000,0.0000,0.0001,0.0030,0.0001,200,1.5192
0.0242,0.0000,0.0000,0.0000,0.0241,0.0000,200,1.5000
0.0132,0.0000,0.0000,0.0000,0.0131,0.0000,200,1.5110
0.0060,0.0000,0.0000,0.0000,0.0058,0.0000,200,1.5182
0.0396,0.0000,0.0000,0.0000,0.0396,0.0000,200,1.4846
0.0070,0.0000,0.0000,0.0000,0.0069,0.0000,200,1.5173
0.0032,0.0000,0.0000,0.0001,0.0029,0.0000,200,1.5210
0.0133,0.0000,0.0000,0.0000,0.0132,0.0000,200,1.5110
0.0505,0.0000,0.0000,0.0000,0.0505,0.0000,200,1.4743
0.0266,0.0000,0.0000,0.0000,0.0262,0.0004,200,1.4989
0.0033,0.0000,0.0000,0.0000,0.0033,0.0000,200,1.5222
0.0591,0.0000,0.0000,0.0000,0.0589,0.0001,200,1.4669
0.0094,0.0000,0.0000,0.0000,0.0093,0.0000,200,1.5172
0.0593,0.0000,0.0000,0.0000,0.0590,0.0003,200,1.4672
0.0303,0.0000,0.0000,0.0000,0.0302,0.0000,200,1.4967
0.0130,0.0000,0.0000,0.0000,0.0129,0.0000,200,1.5145
0.0038,0.0000,0.0000,0.0000,0.0038,0.0000,200,1.5242
0.0041,0.0000,0.0000,0.0000,0.0040,0.0001,200,1.5243
0.0217,0.0000,0.0000,0.0000,0.0215,0.0002,200,1.5071
0.0173,0.0000,0.0000,0.0000,0.0172,0.0000,200,1.5116
0.0168,0.0000,0.0000,0.0000,0.0167,0.0000,200,1.5126
0.0127,0.0000,0.0000,0.0000,0.0126,0.0000,200,1.5172
0.0078,0.0000,0.0000,0.0000,0.0060,0.0001,200,1.5225
0.0289,0.0000,0.0000,0.0000,0.0288,0.0000,200,1.5018
0.0562,0.0000,0.0000,0.0000,0.0559,0.0000,200,1.4746
0.0261,0.0000,0.0000,0.0000,0.0258,0.0002,200,1.5052
0.0092,0.0000,0.0000,0.0000,0.0091,0.0000,200,1.5223
0.0055,0.0000,0.0000,0.0001,0.0054,0.0001,200,1.5265
0.0122,0.0000,0.0000,0.0000,0.0121,0.0000,200,1.5204
0.0234,0.0000,0.0000,0.0000,0.0233,0.0000,200,1.5092
0.0906,0.0000,0.0000,0.0000,0.0904,0.0001,200,1.4426
0.0130,0.0000,0.0000,0.0000,0.0129,0.0000,200,1.5203
0.0095,0.0000,0.0000,0.0002,0.0092,0.0000,200,1.5243
0.0030,0.0000,0.0000,0.0000,0.0030,0.0000,200,1.5308
0.0570,0.0000,0.0000,0.0001,0.0569,0.0000,200,1.4773
0.0071,0.0000,0.0000,0.0000,0.0069,0.0002,200,1.5274
0.0312,0.0000,0.0000,0.0000,0.0310,0.0002,200,1.5040
0.0055,0.0000,0.0000,0.0000,0.0054,0.0000,200,1.5298
0.0119,0.0000,0.0000,0.0000,0.0118,0.0001,200,1.5242
0.0223,0.0000,0.0000,0.0000,0.0221,0.0001,200,1.5150
0.0099,0.0000,0.0000,0.0000,0.0098,0.0000,200,1.5280
0.0567,0.0000,0.0000,0.0003,0.0563,0.0001,200,1.4813
0.0195,0.0000,0.0000,0.0000,0.0194,0.0000,200,1.5189
0.0126,0.0000,0.0000,0.0000,0.0124,0.0001,200,1.5265
0.0139,0.0000,0.0000,0.0000,0.0139,0.0000,200,1.5256
0.0202,0.0000,0.0000,0.0000,0.0201,0.0001,200,1.5199
0.0063,0.0000,0.0000,0.0000,0.0061,0.0002,200,1.5353
0.0296,0.0000,0.0000,0.0001,0.0295,0.0000,200,1.5120
0.0084,0.0000,0.0000,0.0000,0.0084,0.0000,200,1.5333
0.0092,0.0000,0.0000,0.0000,0.0091,0.0000,200,1.5326
0.0095,0.0000,0.0000,0.0002,0.0090,0.0003,200,1.5332
0.0282,0.0000,0.0000,0.0000,0.0281,0.0000,200,1.5146
0.0068,0.0000,0.0000,0.0002,0.0066,0.0000,200,1.5361
0.0632,0.0000,0.0000,0.0000,0.0630,0.0002,200,1.4803
0.0742,0.0000,0.0000,0.0000,0.0741,0.0000,200,1.4699
0.0120,0.0000,0.0000,0.0001,0.0115,0.0003,200,1.5321
0.0493,0.0000,0.0000,0.0000,0.0492,0.0001,200,1.4954
0.0108,0.0000,0.0000,0.0000,0.0104,0.0003,200,1.5343
0.0667,0.0000,0.0000,0.0000,0.0664,0.0001,200,1.4789
0.0103,0.0000,0.0000,0.0000,0.0102,0.0000,200,1.5353
0.0019,0.0000,0.0000,0.0000,0.0019,0.0000,200,1.5441
0.0021,0.0000,0.0000,0.0000,0.0020,0.0000,200,1.5441
0.0073,0.0000,0.0000,0.0000,0.0072,0.0000,200,1.5395
0.0095,0.0000,0.0000,0.0000,0.0094,0.0000,200,1.5379
0.0191,0.0000,0.0000,0.0000,0.0189,0.0001,200,1.5283
0.0103,0.0000,0.0000,0.0000,0.0098,0.0004,200,1.5379
0.0191,0.0000,0.0000,0.0000,0.0191,0.0000,200,1.5294
0.0058,0.0000,0.0000,0.0000,0.0057,0.0000,200,1.5427
0.0443,0.0000,0.0000,0.0002,0.0440,0.0001,200,1.5045
0.0497,0.0000,0.0000,0.0000,0.0496,0.0001,200,1.4997
0.0113,0.0000,0.0000,0.0000,0.0113,0.0000,200,1.5384
0.0048,0.0000,0.0000,0.0004,0.0043,0.0000,200,1.5455
0.0197,0.0000,0.0000,0.0000,0.0194,0.0002,200,1.5308
0.0022,0.0000,0.0000,0.0000,0.0022,0.0000,200,1.5482
0.0123,0.0000,0.0000,0.0000,0.0122,0.0000,200,1.5391
0.0064,0.0000,0.0000,0.0000,0.0059,0.0002,200,1.5455
0.0384,0.0000,0.0000,0.0000,0.0382,0.0001,200,1.5136
0.0041,0.0000,0.0000,0.0003,0.0037,0.0001,200,1.5485
0.0060,0.0000,0.0000,0.0000,0.0059,0.0000,200,1.5468
0.0293,0.0000,0.0000,0.0000,0.0292,0.0001,200,1.5242
0.0093,0.0000,0.0000,0.0001,0.0091,0.0001,200,1.5447
0.0025,0.0000,0.0000,0.0000,0.0023,0.0001,200,1.5520
0.0075,0.0000,0.0000,0.0000,0.0074,0.0000,200,1.5474
0.0035,0.0000,0.0000,0.0000,0.0033,0.0001,200,1.5519
0.0143,0.0000,0.0000,0.0000,0.0143,0.0000,200,1.5417
0.0017,0.0000,0.0000,0.0000,0.0016,0.0000,200,1.5545
0.0279,0.0000,0.0000,0.0000,0.0278,0.0001,200,1.5289
0.0034,0.0000,0.0000,0.0000,0.0031,0.0002,200,1.5540
0.0084,0.0000,0.0000,0.0000,0.0076,0.0004,200,1.5503
0.0352,0.0000,0.0000,0.0000,0.0351,0.0001,200,1.5243
0.0065,0.0000,0.0000,0.0000,0.0063,0.0002,200,1.5534
0.0146,0.0000,0.0000,0.0000,0.0145,0.0001,200,1.5460
0.0269,0.0000,0.0000,0.0000,0.0268,0.0000,200,1.5346
0.0201,0.0000,0.0000,0.0000,0.0201,0.0000,200,1.5416
0.0063,0.0000,0.0000,0.0000,0.0062,0.0001,200,1.5560
0.0314,0.0000,0.0000,0.0000,0.0313,0.0000,200,1.5313
0.0537,0.0000,0.0000,0.0000,0.0536,0.0000,200,1.5092
0.0376,0.0000,0.0000,0.0000,0.0376,0.0000,200,1.5255
0.0210,0.0000,0.0000,0.0000,0.0209,0.0000,200,1.5427
0.0315,0.0000,0.0000,0.0000,0.0314,0.0000,200,1.5326
0.0218,0.0000,0.0000,0.0000,0.0217,0.0001,200,1.5429
0.0147,0.0000,0.0000,0.0000,0.0146,0.0000,200,1.5505
0.0159,0.0000,0.0000,0.0000,0.0156,0.0002,200,1.5494
0.0257,0.0000,0.0000,0.0002,0.0254,0.0000,200,1.5401
0.0614,0.0000,0.0000,0.0000,0.0613,0.0000,200,1.5048
0.0104,0.0000,0.0000,0.0000,0.0102,0.0001,200,1.5563
0.0033,0.0000,0.0000,0.0000,0.0032,0.0001,200,1.5637
0.0338,0.0000,0.0000,0.0000,0.0338,0.0000,200,1.5337
0.0269,0.0000,0.0000,0.0001,0.0268,0.0000,200,1.5417
0.0439,0.0000,0.0000,0.0000,0.0438,0.0000,200,1.5248
0.0237,0.0000,0.0000,0.0001,0.0229,0.0007,200,1.5450
0.0255,0.0000,0.0000,0.0005,0.0247,0.0002,200,1.5435
0.0279,0.0000,0.0000,0.0000,0.0278,0.0000,200,1.5417
0.0174,0.0000,0.0000,0.0000,0.0173,0.0000,200,1.5526
0.0243,0.0000,0.0000,0.0000,0.0241,0.0001,200,1.5462
0.0182,0.0000,0.0000,0.0000,0.0180,0.0002,200,1.5528
0.0055,0.0000,0.0000,0.0000,0.0054,0.0001,200,1.5658
0.0028,0.0000,0.0000,0.0000,0.0028,0.0000,200,1.5687
0.0014,0.0000,0.0000,0.0000,0.0013,0.0000,200,1.5705
0.0435,0.0000,0.0000,0.0000,0.0434,0.0000,200,1.5288
0.0056,0.0000,0.0000,0.0001,0.0055,0.0000,200,1.5670
0.0220,0.0000,0.0000,0.0000,0.0220,0.0000,200,1.5514
0.0074,0.0000,0.0000,0.0000,0.0069,0.0004,200,1.5662
0.0087,0.0000,0.0000,0.0001,0.0084,0.0001,200,1.5652
0.0031,0.0000,0.0000,0.0001,0.0029,0.0001,200,1.5713
0.0130,0.0000,0.0000,0.0000,0.0129,0.0000,200,1.5617
0.0445,0.0000,0.0000,0.0000,0.0442,0.0000,200,1.5303
0.0017,0.0000,0.0000,0.0000,0.0016,0.0001,200,1.5735
0.0036,0.0000,0.0000,0.0000,0.0035,0.0000,200,1.5723
0.0697,0.0000,0.0000,0.0000,0.0695,0.0000,200,1.5063
0.0085,0.0000,0.0000,0.0000,0.0084,0.0000,200,1.5676
0.0055,0.0000,0.0000,0.0000,0.0053,0.0002,200,1.5709
0.0042,0.0000,0.0000,0.0000,0.0041,0.0000,200,1.5727
0.0036,0.0000,0.0000,0.0000,0.0034,0.0002,200,1.5736
0.0599,0.0000,0.0000,0.0000,0.0597,0.0002,200,1.5173
0.0201,0.0000,0.0000,0.0000,0.0200,0.0000,200,1.5574
0.0297,0.0000,0.0000,0.0000,0.0296,0.0000,200,1.5488
0.0092,0.0000,0.0000,0.0000,0.0091,0.0000,200,1.5696
0.0100,0.0000,0.0000,0.0000,0.0099,0.0000,200,1.5690
0.0556,0.0000,0.0000,0.0000,0.0551,0.0004,200,1.5242
0.0324,0.0000,0.0000,0.0000,0.0323,0.0000,200,1.5474
0.0428,0.0000,0.0000,0.0000,0.0426,0.0002,200,1.5373
0.0176,0.0000,0.0000,0.0000,0.0174,0.0000,200,1.5629
0.0182,0.0000,0.0000,0.0000,0.0177,0.0004,200,1.5631
0.0097,0.0000,0.0000,0.0000,0.0096,0.0000,200,1.5718
0.0034,0.0000,0.0000,0.0000,0.0030,0.0004,200,1.5785
0.0179,0.0000,0.0000,0.0000,0.0177,0.0001,200,1.5640
0.0085,0.0000,0.0000,0.0002,0.0082,0.0000,200,1.5745
0.0514,0.0000,0.0000,0.0000,0.0513,0.0000,200,1.5315
0.0144,0.0000,0.0000,0.0001,0.0142,0.0000,200,1.5687
0.0030,0.0000,0.0000,0.0000,0.0029,0.0000,200,1.5804
0.0080,0.0000,0.0000,0.0000,0.0079,0.0000,200,1.5760
0.0099,0.0000,0.0000,0.0000,0.0098,0.0000,200,1.5747
0.0031,0.0000,0.0000,0.0000,0.0030,0.0001,200,1.5816
0.0108,0.0000,0.0000,0.0000,0.0108,0.0000,200,1.5738
0.0586,0.0000,0.0000,0.0000,0.0586,0.0000,200,1.5270
0.0040,0.0000,0.0000,0.0000,0.0039,0.0000,200,1.5820
0.0268,0.0000,0.0000,0.0000,0.0267,0.0001,200,1.5594
0.0069,0.0000,0.0000,0.0002,0.0064,0.0000,200,1.5798
0.0365,0.0000,0.0000,0.0000,0.0364,0.0000,200,1.5505
0.0126,0.0000,0.0000,0.0000,0.0125,0.0001,200,1.5748
0.0180,0.0000,0.0000,0.0003,0.0176,0.0001,200,1.5700
0.0708,0.0000,0.0000,0.0000,0.0707,0.0000,200,1.5176
0.0341,0.0000,0.0000,0.0000,0.0340,0.0000,200,1.5549
0.0268,0.0000,0.0000,0.0000,0.0268,0.0000,200,1.5627
0.0030,0.0000,0.0000,0.0000,0.0030,0.0000,200,1.5869
0.0200,0.0000,0.0000,0.0000,0.0199,0.0000,200,1.5715
0.0039,0.0000,0.0000,0.0001,0.0036,0.0001,200,1.5880
0.0034,0.0000,0.0000,0.0000,0.0033,0.0000,200,1.5889
0.0445,0.0000,0.0000,0.0000,0.0444,0.0000,200,1.5485
0.0078,0.0000,0.0000,0.0000,0.0077,0.0000,200,1.5856
0.0442,0.0000,0.0000,0.0000,0.0441,0.0001,200,1.5497
0.0121,0.0000,0.0000,0.0001,0.0120,0.0000,200,1.5819
0.0292,0.0000,0.0000,0.0000,0.0292,0.0000,200,1.5651
0.0181,0.0000,0.0000,0.0000,0.0180,0.0000,200,1.5775
0.0197,0.0000,0.0000,0.0000,0.0196,0.0000,200,1.5768
0.0065,0.0000,0.0000,0.0000,0.0063,0.0000,200,1.5900
0.0120,0.0000,0.0000,0.0001,0.0119,0.0000,200,1.5847
0.0026,0.0000,0.0000,0.0000,0.0025,0.0000,200,1.5940
0.0635,0.0000,0.0000,0.0000,0.0634,0.0001,200,1.5338
0.0327,0.0000,0.0000,0.0000,0.0327,0.0000,200,1.5653
0.0008,0.0000,0.0000,0.0000,0.0007,0.0000,200,1.5980
0.0225,0.0000,0.0000,0.0000,0.0224,0.0001,200,1.5764
0.0380,0.0000,0.0000,0.0000,0.0379,0.0000,200,1.5614
0.0149,0.0000,0.0000,0.0000,0.0147,0.0001,200,1.5846
0.0032,0.0000,0.0000,0.0001,0.0031,0.0000,200,1.5966
0.0174,0.0000,0.0000,0.0000,0.0173,0.0000,200,1.5829
0.0209,0.0000,0.0000,0.0001,0.0206,0.0002,200,1.5798
0.0178,0.0000,0.0000,0.0000,0.0178,0.0000,200,1.5829
0.0140,0.0000,0.0000,0.0001,0.0137,0.0001,200,1.5873
0.0262,0.0000,0.0000,0.0000,0.0262,0.0000,200,1.5752
0.0097,0.0000,0.0000,0.0000,0.0097,0.0000,200,1.5919
0.0189,0.0000,0.0000,0.0000,0.0186,0.0003,200,1.5834
0.0179,0.0000,0.0000,0.0001,0.0178,0.0000,200,1.5847
0.0241,0.0000,0.0000,0.0000,0.0239,0.0001,200,1.5790
0.0263,0.0000,0.0000,0.0000,0.0262,0.0000,200,1.5772
0.0414,0.0000,0.0000,0.0000,0.0413,0.0001,200,1.5623
0.0071,0.0000,0.0000,0.0000,0.0070,0.0001,200,1.5966
0.1080,0.0000,0.0000,0.0000,0.1080,0.0000,200,1.4959
0.0034,0.0000,0.0000,0.0002,0.0031,0.0001,200,1.6017
0.0022,0.0000,0.0000,0.0000,0.0022,0.0000,200,1.6031
0.0024,0.0000,0.0000,0.0001,0.0022,0.0002,200,1.6035
0.0104,0.0000,0.0000,0.0000,0.0099,0.0004,200,1.5965
0.0134,0.0000,0.0000,0.0001,0.0128,0.0002,200,1.5939
0.0244,0.0000,0.0000,0.0000,0.0243,0.0000,200,1.5840
0.0419,0.0000,0.0000,0.0000,0.0418,0.0000,200,1.5666
0.0097,0.0000,0.0000,0.0000,0.0082,0.0015,200,1.5988
0.0044,0.0000,0.0000,0.0000,0.0043,0.0001,200,1.6050
0.0028,0.0000,0.0000,0.0000,0.0027,0.0000,200,1.6069
0.0108,0.0000,0.0000,0.0000,0.0107,0.0001,200,1.5995
0.0191,0.0000,0.0000,0.0001,0.0190,0.0000,200,1.5915
0.0524,0.0000,0.0000,0.0000,0.0522,0.0001,200,1.5587
0.0560,0.0000,0.0000,0.0000,0.0559,0.0001,200,1.5554
0.0251,0.0000,0.0000,0.0002,0.0249,0.0000,200,1.5863
0.0513,0.0000,0.0000,0.0000,0.0512,0.0000,200,1.5606
0.0013,0.0000,0.0000,0.0000,0.0013,0.0001,200,1.6114
0.0368,0.0000,0.0000,0.0000,0.0366,0.0000,200,1.5761
0.0034,0.0000,0.0000,0.0000,0.0033,0.0000,200,1.6095
0.0049,0.0000,0.0000,0.0000,0.0047,0.0001,200,1.6085
0.0115,0.0000,0.0000,0.0000,0.0114,0.0001,200,1.6023
0.0209,0.0000,0.0000,0.0000,0.0208,0.0001,200,1.5934
0.0064,0.0000,0.0000,0.0001,0.0062,0.0000,200,1.6085
0.0022,0.0000,0.0000,0.0000,0.0021,0.0001,200,1.6128
0.0162,0.0000,0.0000,0.0000,0.0161,0.0001,200,1.5994
0.0947,0.0000,0.0000,0.0000,0.0945,0.0002,200,1.5212
0.0038,0.0000,0.0000,0.0000,0.0035,0.0002,200,1.6128
0.0068,0.0000,0.0000,0.0000,0.0063,0.0004,200,1.6103
0.0145,0.0000,0.0000,0.0000,0.0145,0.0000,200,1.6026
0.0372,0.0000,0.0000,0.0000,0.0371,0.0000,200,1.5801
0.0487,0.0000,0.0000,0.0000,0.0486,0.0000,200,1.5687
0.0073,0.0000,0.0000,0.0000,0.0073,0.0000,200,1.6106
0.0218,0.0000,0.0000,0.0000,0.0218,0.0000,200,1.5965
0.0053,0.0000,0.0000,0.0000,0.0053,0.0000,200,1.6134
0.0620,0.0000,0.0000,0.0000,0.0620,0.0000,200,1.5568
0.0047,0.0000,0.0000,0.0000,0.0046,0.0000,200,1.6148
0.0185,0.0000,0.0000,0.0000,0.0182,0.0002,200,1.6014
0.0200,0.0000,0.0000,0.0000,0.0199,0.0000,200,1.6003
0.0249,0.0000,0.0000,0.0000,0.0248,0.0001,200,1.5956
0.0196,0.0000,0.0000,0.0000,0.0194,0.0001,200,1.6014
0.0952,0.0000,0.0000,0.0000,0.0950,0.0001,200,1.5259
0.0207,0.0000,0.0000,0.0001,0.0205,0.0000,200,1.6008
0.0050,0.0000,0.0000,0.0000,0.0050,0.0000,200,1.6167
0.0212,0.0000,0.0000,0.0000,0.0211,0.0000,200,1.6007
0.0236,0.0000,0.0000,0.0000,0.0234,0.0001,200,1.5990
0.0189,0.0000,0.0000,0.0003,0.0186,0.0000,200,1.6037
0.0257,0.0000,0.0000,0.0000,0.0257,0.0000,200,1.5973
0.0458,0.0000,0.0000,0.0000,0.0458,0.0000,200,1.5772
0.0047,0.0000,0.0000,0.0000,0.0046,0.0000,200,1.6188
0.0309,0.0000,0.0000,0.0000,0.0309,0.0000,200,1.5930
0.0432,0.0000,0.0000,0.0000,0.0429,0.0001,200,1.5813
0.0151,0.0000,0.0000,0.0000,0.0149,0.0001,200,1.6097
0.0038,0.0000,0.0000,0.0003,0.0032,0.0002,200,1.6217
0.0082,0.0000,0.0000,0.0000,0.0081,0.0000,200,1.6173
0.0105,0.0000,0.0000,0.0001,0.0102,0.0001,200,1.6156
0.0152,0.0000,0.0000,0.0000,0.0150,0.0001,200,1.6112
0.0233,0.0000,0.0000,0.0000,0.0232,0.0000,200,1.6037
0.0067,0.0000,0.0000,0.0000,0.0065,0.0000,200,1.6210
0.0072,0.0000,0.0000,0.0000,0.0071,0.0000,200,1.6206
0.0077,0.0000,0.0000,0.0000,0.0069,0.0007,200,1.6203
0.0103,0.0000,0.0000,0.0000,0.0102,0.0000,200,1.6184
0.0344,0.0000,0.0000,0.0001,0.0339,0.0004,200,1.5943
0.0219,0.0000,0.0000,0.0002,0.0215,0.0002,200,1.6073
0.0437,0.0000,0.0000,0.0000,0.0436,0.0000,200,1.5860
0.0074,0.0000,0.0000,0.0000,0.0073,0.0000,200,1.6226
0.0176,0.0000,0.0000,0.0000,0.0175,0.0001,200,1.6128
0.0109,0.0000,0.0000,0.0000,0.0108,0.0000,200,1.6195
0.0020,0.0000,0.0000,0.0000,0.0020,0.0000,200,1.6287
0.0084,0.0000,0.0000,0.0000,0.0082,0.0002,200,1.6230
0.0050,0.0000,0.0000,0.0000,0.0050,0.0000,200,1.6270
0.0185,0.0000,0.0000,0.0000,0.0182,0.0001,200,1.6143
0.0027,0.0000,0.0000,0.0000,0.0027,0.0000,200,1.6314
0.0038,0.0000,0.0000,0.0000,0.0037,0.0000,200,1.6304
0.0105,0.0000,0.0000,0.0000,0.0103,0.0002,200,1.6239
0.0072,0.0000,0.0000,0.0000,0.0071,0.0001,200,1.6280
0.0051,0.0000,0.0000,0.0000,0.0050,0.0001,200,1.6307
0.0477,0.0000,0.0000,0.0000,0.0476,0.0000,200,1.5885
0.0026,0.0000,0.0000,0.0000,0.0024,0.0001,200,1.6342
0.0256,0.0000,0.0000,0.0000,0.0255,0.0001,200,1.6114
0.0215,0.0000,0.0000,0.0000,0.0214,0.0000,200,1.6159
0.0087,0.0000,0.0000,0.0000,0.0085,0.0001,200,1.6292
0.0087,0.0000,0.0000,0.0000,0.0082,0.0003,200,1.6296
0.0213,0.0000,0.0000,0.0000,0.0210,0.0003,200,1.6173
0.0128,0.0000,0.0000,0.0001,0.0126,0.0001,200,1.6261
0.0213,0.0000,0.0000,0.0000,0.0212,0.0001,200,1.6180
0.0018,0.0000,0.0000,0.0000,0.0017,0.0000,200,1.6383
0.0036,0.0000,0.0000,0.0000,0.0035,0.0000,200,1.6367
0.0061,0.0000,0.0000,0.0000,0.0059,0.0001,200,1.6345
0.0320,0.0000,0.0000,0.0000,0.0319,0.0000,200,1.6086
0.0189,0.0000,0.0000,0.0000,0.0188,0.0001,200,1.6219
0.0028,0.0000,0.0000,0.0000,0.0026,0.0002,200,1.6387
0.0160,0.0000,0.0000,0.0000,0.0159,0.0001,200,1.6255
0.0036,0.0000,0.0000,0.0000,0.0036,0.0000,200,1.6379
0.0078,0.0000,0.0000,0.0000,0.0076,0.0002,200,1.6342
0.0148,0.0000,0.0000,0.0000,0.0147,0.0000,200,1.6277
0.0377,0.0000,0.0000,0.0000,0.0377,0.0000,200,1.6054
0.0108,0.0000,0.0000,0.0001,0.0106,0.0000,200,1.6327
0.0216,0.0000,0.0000,0.0000,0.0213,0.0002,200,1.6226
0.0097,0.0000,0.0000,0.0000,0.0097,0.0000,200,1.6352
0.0238,0.0000,0.0000,0.0000,0.0237,0.0000,200,1.6211
0.0041,0.0000,0.0000,0.0000,0.0040,0.0000,200,1.6408
0.0040,0.0000,0.0000,0.0000,0.0039,0.0000,200,1.6415
0.0180,0.0000,0.0000,0.0002,0.0177,0.0000,200,1.6278
0.0070,0.0000,0.0000,0.0000,0.0070,0.0000,200,1.6388
0.0165,0.0000,0.0000,0.0000,0.0164,0.0001,200,1.6300
0.0240,0.0000,0.0000,0.0000,0.0238,0.0001,200,1.6230
0.0474,0.0000,0.0000,0.0000,0.0474,0.0000,200,1.5998
0.0113,0.0000,0.0000,0.0000,0.0112,0.0001,200,1.6362
0.0158,0.0000,0.0000,0.0000,0.0157,0.0000,200,1.6320
0.0292,0.0000,0.0000,0.0000,0.0291,0.0000,200,1.6188
0.0035,0.0000,0.0000,0.0000,0.0034,0.0000,200,1.6449
0.0038,0.0000,0.0000,0.0000,0.0037,0.0000,200,1.6449
0.0277,0.0000,0.0000,0.0000,0.0277,0.0000,200,1.6214
0.0025,0.0000,0.0000,0.0000,0.0023,0.0000,200,1.6470
0.0362,0.0000,0.0000,0.0000,0.0358,0.0000,200,1.6138
0.0581,0.0000,0.0000,0.0000,0.0580,0.0000,200,1.5923
0.0066,0.0000,0.0000,0.0000,0.0065,0.0001,200,1.6442
0.0911,0.0000,0.0000,0.0000,0.0909,0.0002,200,1.5600
0.0252,0.0000,0.0000,0.0000,0.0251,0.0000,200,1.6264
0.0056,0.0000,0.0000,0.0000,0.0055,0.0001,200,1.6465
0.0131,0.0000,0.0000,0.0000,0.0130,0.0000,200,1.6393
0.0171,0.0000,0.0000,0.0000,0.0169,0.0001,200,1.6358
0.0052,0.0000,0.0000,0.0000,0.0052,0.0000,200,1.6479
0.0363,0.0000,0.0000,0.0000,0.0362,0.0000,200,1.6171
0.0031,0.0000,0.0000,0.0000,0.0030,0.0000,200,1.6504
0.0060,0.0000,0.0000,0.0000,0.0060,0.0000,200,1.6479
0.0373,0.0000,0.0000,0.0000,0.0369,0.0002,200,1.6171
0.0681,0.0000,0.0000,0.0000,0.0678,0.0003,200,1.5866
0.0016,0.0000,0.0000,0.0000,0.0015,0.0001,200,1.6534
0.0145,0.0000,0.0000,0.0000,0.0144,0.0001,200,1.6415
0.0022,0.0000,0.0000,0.0000,0.0017,0.0004,200,1.6539
0.0030,0.0000,0.0000,0.0000,0.0029,0.0000,200,1.6531
0.0265,0.0000,0.0000,0.0000,0.0264,0.0000,200,1.6304
0.0196,0.0000,0.0000,0.0000,0.0195,0.0000,200,1.6374
0.0378,0.0000,0.0000,0.0000,0.0377,0.0001,200,1.6198
0.0104,0.0000,0.0000,0.0004,0.0099,0.0001,200,1.6475
0.0338,0.0000,0.0000,0.0000,0.0338,0.0000,200,1.6245
0.0530,0.0000,0.0000,0.0000,0.0520,0.0000,200,1.6059
0.0083,0.0000,0.0000,0.0000,0.0082,0.0000,200,1.6511
0.0067,0.0000,0.0000,0.0000,0.0064,0.0000,200,1.6529
0.0193,0.0000,0.0000,0.0000,0.0192,0.0001,200,1.6403
0.0770,0.0000,0.0000,0.0000,0.0768,0.0000,200,1.5830
0.0043,0.0000,0.0000,0.0000,0.0040,0.0000,200,1.6561
0.0351,0.0000,0.0000,0.0000,0.0350,0.0000,200,1.6255
0.0039,0.0000,0.0000,0.0000,0.0036,0.0002,200,1.6576
0.0144,0.0000,0.0000,0.0002,0.0141,0.0002,200,1.6472
0.0087,0.0000,0.0000,0.0000,0.0087,0.0000,200,1.6534
0.0139,0.0000,0.0000,0.0000,0.0138,0.0000,200,1.6487
0.0078,0.0000,0.0000,0.0000,0.0078,0.0000,200,1.6551
0.0020,0.0000,0.0000,0.0000,0.0018,0.0001,200,1.6615
0.0236,0.0000,0.0000,0.0000,0.0236,0.0000,200,1.6401
0.0055,0.0000,0.0000,0.0000,0.0054,0.0000,200,1.6589
0.0186,0.0000,0.0000,0.0000,0.0186,0.0000,200,1.6458
0.0606,0.0000,0.0000,0.0000,0.0606,0.0000,200,1.6040
0.0075,0.0000,0.0000,0.0000,0.0074,0.0000,200,1.6579
0.0088,0.0000,0.0000,0.0000,0.0086,0.0001,200,1.6569
0.0022,0.0000,0.0000,0.0000,0.0020,0.0001,200,1.6638
0.0106,0.0000,0.0000,0.0000,0.0104,0.0001,200,1.6561
0.0077,0.0000,0.0000,0.0000,0.0073,0.0001,200,1.6596
0.0029,0.0000,0.0000,0.0001,0.0027,0.0000,200,1.6644
0.0388,0.0000,0.0000,0.0001,0.0386,0.0000,200,1.6287
0.0191,0.0000,0.0000,0.0000,0.0189,0.0002,200,1.6491
0.0232,0.0000,0.0000,0.0003,0.0227,0.0001,200,1.6454
0.0100,0.0000,0.0000,0.0000,0.0096,0.0004,200,1.6593
0.0090,0.0000,0.0000,0.0000,0.0090,0.0000,200,1.6604
0.0138,0.0000,0.0000,0.0000,0.0135,0.0000,200,1.6561
0.0333,0.0000,0.0000,0.0000,0.0331,0.0001,200,1.6372
0.0159,0.0000,0.0000,0.0000,0.0158,0.0000,200,1.6548
0.0045,0.0000,0.0000,0.0000,0.0044,0.0001,200,1.6667
0.0054,0.0000,0.0000,0.0000,0.0054,0.0000,200,1.6660
0.0960,0.0000,0.0000,0.0000,0.0959,0.0000,200,1.5759
0.0486,0.0000,0.0000,0.0000,0.0485,0.0000,200,1.6235
0.0032,0.0000,0.0000,0.0000,0.0031,0.0000,200,1.6694
0.0293,0.0000,0.0000,0.0000,0.0291,0.0000,200,1.6435
0.0040,0.0000,0.0000,0.0000,0.0039,0.0001,200,1.6694
0.0055,0.0000,0.0000,0.0001,0.0053,0.0001,200,1.6682
0.0054,0.0000,0.0000,0.0000,0.0053,0.0001,200,1.6687
0.0068,0.0000,0.0000,0.0000,0.0067,0.0000,200,1.6675
0.0501,0.0000,0.0000,0.0000,0.0498,0.0002,200,1.6248
0.0123,0.0000,0.0000,0.0000,0.0122,0.0000,200,1.6626
0.0079,0.0000,0.0000,0.0000,0.0078,0.0001,200,1.6673
0.0233,0.0000,0.0000,0.0000,0.0232,0.0000,200,1.6524
0.0191,0.0000,0.0000,0.0000,0.0189,0.0001,200,1.6570
0.0220,0.0000,0.0000,0.0000,0.0217,0.0003,200,1.6544
0.0365,0.0000,0.0000,0.0001,0.0363,0.0001,200,1.6406
0.0264,0.0000,0.0000,0.0000,0.0263,0.0000,200,1.6515
0.0133,0.0000,0.0000,0.0000,0.0132,0.0000,200,1.6646
0.0884,0.0000,0.0000,0.0001,0.0883,0.0000,200,1.5895
0.0197,0.0000,0.0000,0.0000,0.0195,0.0001,200,1.6583
0.0081,0.0000,0.0000,0.0000,0.0080,0.0000,200,1.6706
0.0306,0.0000,0.0000,0.0000,0.0306,0.0000,200,1.6484
0.0149,0.0000,0.0000,0.0000,0.0148,0.0001,200,1.6644
0.0020,0.0000,0.0000,0.0000,0.0020,0.0000,200,1.6779
0.0067,0.0000,0.0000,0.0000,0.0066,0.0000,200,1.6737
0.0080,0.0000,0.0000,0.0000,0.0076,0.0001,200,1.6726
0.0388,0.0000,0.0000,0.0000,0.0386,0.0000,200,1.6420
0.0071,0.0000,0.0000,0.0000,0.0070,0.0001,200,1.6740
0.0055,0.0000,0.0000,0.0000,0.0054,0.0000,200,1.6761
0.0088,0.0000,0.0000,0.0000,0.0087,0.0000,200,1.6728
0.0163,0.0000,0.0000,0.0000,0.0163,0.0001,200,1.6657
0.0364,0.0000,0.0000,0.0000,0.0364,0.0000,200,1.6459
0.0320,0.0000,0.0000,0.0000,0.0318,0.0001,200,1.6508
0.0042,0.0000,0.0000,0.0000,0.0040,0.0001,200,1.6790
0.0068,0.0000,0.0000,0.0000,0.0067,0.0000,200,1.6765
0.0059,0.0000,0.0000,0.0000,0.0058,0.0001,200,1.6779
0.0237,0.0000,0.0000,0.0002,0.0234,0.0001,200,1.6605
0.0440,0.0000,0.0000,0.0000,0.0439,0.0001,200,1.6405
0.0197,0.0000,0.0000,0.0000,0.0196,0.0000,200,1.6653
0.0137,0.0000,0.0000,0.0000,0.0135,0.0000,200,1.6721
0.0362,0.0000,0.0000,0.0000,0.0362,0.0000,200,1.6496
0.0047,0.0000,0.0000,0.0000,0.0046,0.0000,200,1.6816
0.1079,0.0000,0.0000,0.0001,0.1077,0.0001,200,1.5788
0.0029,0.0000,0.0000,0.0001,0.0027,0.0000,200,1.6842
0.0236,0.0000,0.0000,0.0000,0.0235,0.0001,200,1.6635
0.0144,0.0000,0.0000,0.0001,0.0142,0.0001,200,1.6734
0.0103,0.0000,0.0000,0.0000,0.0101,0.0001,200,1.6780
0.0186,0.0000,0.0000,0.0000,0.0185,0.0000,200,1.6699
0.0290,0.0000,0.0000,0.0000,0.0290,0.0000,200,1.6600
0.0072,0.0000,0.0000,0.0000,0.0071,0.0000,200,1.6823
0.0043,0.0000,0.0000,0.0000,0.0042,0.0000,200,1.6858
0.0131,0.0000,0.0000,0.0000,0.0127,0.0000,200,1.6771
0.0475,0.0000,0.0000,0.0000,0.0475,0.0000,200,1.6431
0.0206,0.0000,0.0000,0.0000,0.0206,0.0001,200,1.6705
0.0045,0.0000,0.0000,0.0004,0.0039,0.0001,200,1.6867
0.0050,0.0000,0.0000,0.0001,0.0049,0.0000,200,1.6872
0.0140,0.0000,0.0000,0.0000,0.0139,0.0000,200,1.6788
0.0095,0.0000,0.0000,0.0000,0.0094,0.0000,200,1.6833
0.0809,0.0000,0.0000,0.0000,0.0808,0.0000,200,1.6119
0.0043,0.0000,0.0000,0.0000,0.0042,0.0000,200,1.6885
0.0121,0.0000,0.0000,0.0000,0.0120,0.0000,200,1.6808
0.0068,0.0000,0.0000,0.0000,0.0068,0.0000,200,1.6863
0.0105,0.0000,0.0000,0.0001,0.0103,0.0000,200,1.6832
0.0013,0.0000,0.0000,0.0000,0.0012,0.0001,200,1.6928
0.0125,0.0000,0.0000,0.0002,0.0121,0.0000,200,1.6820
0.0104,0.0000,0.0000,0.0000,0.0102,0.0001,200,1.6845
0.0142,0.0000,0.0000,0.0000,0.0142,0.0000,200,1.6808
0.0214,0.0000,0.0000,0.0000,0.0213,0.0000,200,1.6742
0.0200,0.0000,0.0000,0.0000,0.0198,0.0002,200,1.6757
0.0102,0.0000,0.0000,0.0000,0.0101,0.0000,200,1.6858
0.0463,0.0000,0.0000,0.0000,0.0462,0.0000,200,1.6500
0.0369,0.0000,0.0000,0.0000,0.0365,0.0000,200,1.6597
0.0546,0.0000,0.0000,0.0000,0.0546,0.0000,200,1.6425
0.0034,0.0000,0.0000,0.0000,0.0033,0.0000,200,1.6941
0.0025,0.0000,0.0000,0.0000,0.0019,0.0002,200,1.6950
0.0164,0.0000,0.0000,0.0000,0.0163,0.0000,200,1.6816
0.0359,0.0000,0.0000,0.0000,0.0358,0.0000,200,1.6622
0.0027,0.0000,0.0000,0.0000,0.0024,0.0003,200,1.6965
0.0182,0.0000,0.0000,0.0000,0.0182,0.0000,200,1.6812
0.0021,0.0000,0.0000,0.0000,0.0018,0.0002,200,1.6980
0.0073,0.0000,0.0000,0.0000,0.0072,0.0000,200,1.6928
0.0293,0.0000,0.0000,0.0000,0.0292,0.0001,200,1.6714
0.0086,0.0000,0.0000,0.0000,0.0084,0.0002,200,1.6928
0.0088,0.0000,0.0000,0.0000,0.0087,0.0001,200,1.6928
0.0045,0.0000,0.0000,0.0001,0.0043,0.0000,200,1.6975
0.0272,0.0000,0.0000,0.0000,0.0271,0.0000,200,1.6752
0.0232,0.0000,0.0000,0.0001,0.0230,0.0000,200,1.6793
0.0048,0.0000,0.0000,0.0000,0.0046,0.0002,200,1.6983
0.0287,0.0000,0.0000,0.0000,0.0286,0.0000,200,1.6749
0.0035,0.0000,0.0000,0.0000,0.0035,0.0000,200,1.7001
0.0288,0.0000,0.0000,0.0000,0.0287,0.0001,200,1.6749
0.0144,0.0000,0.0000,0.0000,0.0143,0.0001,200,1.6902
0.0054,0.0000,0.0000,0.0000,0.0053,0.0000,200,1.6994
0.0039,0.0000,0.0000,0.0000,0.0039,0.0000,200,1.7014
0.0167,0.0000,0.0000,0.0000,0.0167,0.0000,200,1.6890
0.0044,0.0000,0.0000,0.0000,0.0043,0.0000,200,1.7016
0.0119,0.0000,0.0000,0.0000,0.0119,0.0000,200,1.6945
0.0094,0.0000,0.0000,0.0001,0.0093,0.0001,200,1.6975
0.0024,0.0000,0.0000,0.0000,0.0023,0.0001,200,1.7048
0.0659,0.0000,0.0000,0.0000,0.0658,0.0000,200,1.6415
0.0041,0.0000,0.0000,0.0001,0.0036,0.0000,200,1.7037
0.0014,0.0000,0.0000,0.0000,0.0014,0.0000,200,1.7069
0.0279,0.0000,0.0000,0.0000,0.0278,0.0000,200,1.6805
0.0062,0.0000,0.0000,0.0000,0.0062,0.0000,200,1.7025
0.0161,0.0000,0.0000,0.0000,0.0161,0.0000,200,1.6931
0.0210,0.0000,0.0000,0.0000,0.0206,0.0003,200,1.6883
0.0136,0.0000,0.0000,0.0000,0.0135,0.0000,200,1.6963
0.0383,0.0000,0.0000,0.0001,0.0380,0.0001,200,1.6719
0.0486,0.0000,0.0000,0.0000,0.0486,0.0000,200,1.6617
0.0114,0.0000,0.0000,0.0000,0.0113,0.0001,200,1.6992
0.0241,0.0000,0.0000,0.0000,0.0240,0.0001,200,1.6871
0.0058,0.0000,0.0000,0.0000,0.0056,0.0001,200,1.7060
0.0015,0.0000,0.0000,0.0000,0.0014,0.0000,200,1.7103
0.0492,0.0000,0.0000,0.0000,0.0491,0.0001,200,1.6629
0.0204,0.0000,0.0000,0.0000,0.0199,0.0004,200,1.6922
0.0190,0.0000,0.0000,0.0000,0.0188,0.0000,200,1.6937
0.0161,0.0000,0.0000,0.0000,0.0161,0.0000,200,1.6971
0.0071,0.0000,0.0000,0.0000,0.0070,0.0000,200,1.7064
0.0134,0.0000,0.0000,0.0000,0.0134,0.0000,200,1.7001
0.0088,0.0000,0.0000,0.0000,0.0088,0.0001,200,1.7053
0.0124,0.0000,0.0000,0.0000,0.0123,0.0000,200,1.7020
0.0053,0.0000,0.0000,0.0000,0.0051,0.0001,200,1.7099
0.0033,0.0000,0.0000,0.0000,0.0032,0.0000,200,1.7121
0.0040,0.0000,0.0000,0.0000,0.0038,0.0001,200,1.7118
0.0075,0.0000,0.0000,0.0001,0.0072,0.0001,200,1.7088
0.0274,0.0000,0.0000,0.0004,0.0268,0.0000,200,1.6895
0.0337,0.0000,0.0000,0.0000,0.0334,0.0002,200,1.6838
0.0169,0.0000,0.0000,0.0000,0.0168,0.0000,200,1.7007
0.0048,0.0000,0.0000,0.0000,0.0046,0.0002,200,1.7135
0.0020,0.0000,0.0000,0.0000,0.0018,0.0001,200,1.7168
0.0389,0.0000,0.0000,0.0000,0.0386,0.0003,200,1.6800
0.0265,0.0000,0.0000,0.0000,0.0264,0.0000,200,1.6927
0.0151,0.0000,0.0000,0.0000,0.0150,0.0001,200,1.7046
0.0244,0.0000,0.0000,0.0000,0.0243,0.0001,200,1.6957
0.0087,0.0000,0.0000,0.0000,0.0085,0.0000,200,1.7118
0.0026,0.0000,0.0000,0.0000,0.0023,0.0000,200,1.7183
0.0120,0.0000,0.0000,0.0000,0.0117,0.0001,200,1.7093
0.0137,0.0000,0.0000,0.0000,0.0137,0.0000,200,1.7078
0.0013,0.0000,0.0000,0.0004,0.0009,0.0000,200,1.7205
0.0122,0.0000,0.0000,0.0000,0.0121,0.0001,200,1.7142
0.0076,0.0000,0.0000,0.0000,0.0075,0.0000,200,1.7188
0.0172,0.0000,0.0000,0.0000,0.0170,0.0002,200,1.7093
0.0159,0.0000,0.0000,0.0000,0.0158,0.0000,200,1.7106
0.0052,0.0000,0.0000,0.0001,0.0048,0.0003,200,1.7213
0.0244,0.0000,0.0000,0.0000,0.0241,0.0003,200,1.7024
0.0127,0.0000,0.0000,0.0000,0.0114,0.0013,200,1.7151
0.0234,0.0000,0.0000,0.0000,0.0229,0.0004,200,1.7036
0.0196,0.0000,0.0000,0.0000,0.0182,0.0014,200,1.7084
0.0222,0.0000,0.0000,0.0000,0.0221,0.0000,200,1.7072
0.0121,0.0000,0.0000,0.0000,0.0120,0.0000,200,1.7175
0.0110,0.0000,0.0000,0.0000,0.0110,0.0000,200,1.7189
0.0405,0.0000,0.0000,0.0000,0.0404,0.0000,200,1.6900
0.0366,0.0000,0.0000,0.0000,0.0364,0.0002,200,1.6949
0.0365,0.0000,0.0000,0.0000,0.0361,0.0003,200,1.6956
0.0070,0.0000,0.0000,0.0000,0.0069,0.0000,200,1.7264
0.0490,0.0000,0.0000,0.0001,0.0486,0.0000,200,1.6850
0.0139,0.0000,0.0000,0.0000,0.0138,0.0000,200,1.7201
0.0192,0.0000,0.0000,0.0000,0.0191,0.0001,200,1.7154
0.0016,0.0000,0.0000,0.0000,0.0015,0.0000,200,1.7333
0.0395,0.0000,0.0000,0.0000,0.0394,0.0001,200,1.6960
0.0014,0.0000,0.0000,0.0000,0.0011,0.0003,200,1.7349
0.0486,0.0000,0.0000,0.0000,0.0483,0.0003,200,1.6878
0.0292,0.0000,0.0000,0.0000,0.0290,0.0001,200,1.7074
0.0287,0.0000,0.0000,0.0000,0.0287,0.0000,200,1.7083
0.0182,0.0000,0.0000,0.0000,0.0181,0.0001,200,1.7193
0.0469,0.0000,0.0000,0.0000,0.0467,0.0002,200,1.6911
0.0477,0.0000,0.0000,0.0000,0.0476,0.0000,200,1.6907
0.0558,0.0000,0.0000,0.0000,0.0557,0.0001,200,1.6828
0.0107,0.0000,0.0000,0.0000,0.0107,0.0000,200,1.7280
0.0071,0.0000,0.0000,0.0000,0.0070,0.0000,200,1.7321
0.0100,0.0000,0.0000,0.0000,0.0099,0.0001,200,1.7296
0.0182,0.0000,0.0000,0.0002,0.0175,0.0001,200,1.7218
0.0366,0.0000,0.0000,0.0000,0.0365,0.0000,200,1.7035
0.0021,0.0000,0.0000,0.0000,0.0020,0.0001,200,1.7384
0.0042,0.0000,0.0000,0.0000,0.0041,0.0001,200,1.7370
0.0137,0.0000,0.0000,0.0000,0.0136,0.0001,200,1.7279
0.0018,0.0000,0.0000,0.0000,0.0018,0.0000,200,1.7401
0.0287,0.0000,0.0000,0.0000,0.0287,0.0000,200,1.7133
0.0037,0.0000,0.0000,0.0000,0.0036,0.0000,200,1.7386
0.0069,0.0000,0.0000,0.0000,0.0068,0.0001,200,1.7363
0.0078,0.0000,0.0000,0.0000,0.0075,0.0001,200,1.7355
0.0034,0.0000,0.0000,0.0000,0.0033,0.0001,200,1.7405
0.0384,0.0000,0.0000,0.0001,0.0381,0.0001,200,1.7058
0.0183,0.0000,0.0000,0.0000,0.0183,0.0000,200,1.7265
0.0091,0.0000,0.0000,0.0000,0.0090,0.0001,200,1.7364
0.0193,0.0000,0.0000,0.0015,0.0178,0.0000,200,1.7265
0.0255,0.0000,0.0000,0.0000,0.0254,0.0001,200,1.7209
0.0072,0.0000,0.0000,0.0000,0.0071,0.0001,200,1.7396
0.0018,0.0000,0.0000,0.0000,0.0016,0.0000,200,1.7455
0.0371,0.0000,0.0000,0.0001,0.0370,0.0001,200,1.7103
0.0355,0.0000,0.0000,0.0000,0.0354,0.0001,200,1.7127
0.0097,0.0000,0.0000,0.0000,0.0096,0.0000,200,1.7392
0.0189,0.0000,0.0000,0.0000,0.0188,0.0000,200,1.7306
0.0156,0.0000,0.0000,0.0000,0.0154,0.0002,200,1.7340
0.0075,0.0000,0.0000,0.0001,0.0073,0.0000,200,1.7423
0.0392,0.0000,0.0000,0.0000,0.0388,0.0004,200,1.7112
0.0380,0.0000,0.0000,0.0000,0.0378,0.0001,200,1.7126
0.0247,0.0000,0.0000,0.0000,0.0246,0.0000,200,1.7265
0.0170,0.0000,0.0000,0.0000,0.0169,0.0000,200,1.7346
0.0042,0.0000,0.0000,0.0000,0.0042,0.0000,200,1.7477
0.0744,0.0000,0.0000,0.0000,0.0743,0.0000,200,1.6779
0.0373,0.0000,0.0000,0.0000,0.0372,0.0000,200,1.7158
0.0064,0.0000,0.0000,0.0001,0.0061,0.0002,200,1.7469
0.0118,0.0000,0.0000,0.0000,0.0117,0.0000,200,1.7416
0.0057,0.0000,0.0000,0.0000,0.0056,0.0000,200,1.7482
0.0171,0.0000,0.0000,0.0000,0.0171,0.0000,200,1.7374
0.0281,0.0000,0.0000,0.0011,0.0269,0.0001,200,1.7269
0.0051,0.0000,0.0000,0.0000,0.0050,0.0001,200,1.7505
0.0140,0.0000,0.0000,0.0000,0.0140,0.0000,200,1.7419
0.0532,0.0000,0.0000,0.0000,0.0531,0.0001,200,1.7032
0.0180,0.0000,0.0000,0.0000,0.0179,0.0000,200,1.7387
0.0260,0.0000,0.0000,0.0000,0.0258,0.0002,200,1.7315
0.0212,0.0000,0.0000,0.0000,0.0211,0.0001,200,1.7366
0.0062,0.0000,0.0000,0.0000,0.0060,0.0001,200,1.7523
0.0423,0.0000,0.0000,0.0000,0.0422,0.0001,200,1.7162
0.0044,0.0000,0.0000,0.0000,0.0044,0.0000,200,1.7546
0.0083,0.0000,0.0000,0.0000,0.0079,0.0003,200,1.7512
0.0032,0.0000,0.0000,0.0000,0.0027,0.0001,200,1.7564
0.0232,0.0000,0.0000,0.0001,0.0230,0.0000,200,1.7380
0.0057,0.0000,0.0000,0.0000,0.0056,0.0000,200,1.7556
0.0047,0.0000,0.0000,0.0000,0.0044,0.0003,200,1.7567
0.0703,0.0000,0.0000,0.0000,0.0702,0.0000,200,1.6912
0.0400,0.0000,0.0000,0.0001,0.0396,0.0001,200,1.7215
0.0120,0.0000,0.0000,0.0000,0.0118,0.0001,200,1.7498
0.0064,0.0000,0.0000,0.0000,0.0063,0.0000,200,1.7559
0.0427,0.0000,0.0000,0.0001,0.0426,0.0000,200,1.7197
0.0092,0.0000,0.0000,0.0000,0.0092,0.0000,200,1.7533
0.0139,0.0000,0.0000,0.0000,0.0136,0.0003,200,1.7495
0.0100,0.0000,0.0000,0.0000,0.0099,0.0000,200,1.7535
0.0221,0.0000,0.0000,0.0000,0.0217,0.0004,200,1.7420
0.0114,0.0000,0.0000,0.0001,0.0112,0.0000,200,1.7531
0.0035,0.0000,0.0000,0.0000,0.0034,0.0001,200,1.7612
0.0030,0.0000,0.0000,0.0000,0.0029,0.0000,200,1.7618
0.0220,0.0000,0.0000,0.0000,0.0219,0.0000,200,1.7439
0.0037,0.0000,0.0000,0.0000,0.0035,0.0001,200,1.7625
0.0042,0.0000,0.0000,0.0000,0.0042,0.0000,200,1.7624
0.0049,0.0000,0.0000,0.0000,0.0048,0.0000,200,1.7617
0.0085,0.0000,0.0000,0.0000,0.0080,0.0000,200,1.7590
0.0186,0.0000,0.0000,0.0000,0.0185,0.0000,200,1.7489
0.0170,0.0000,0.0000,0.0000,0.0169,0.0000,200,1.7506
0.0211,0.0000,0.0000,0.0000,0.0207,0.0004,200,1.7473
0.0392,0.0000,0.0000,0.0000,0.0391,0.0000,200,1.7293
0.0554,0.0000,0.0000,0.0000,0.0553,0.0000,200,1.7135
0.0076,0.0000,0.0000,0.0000,0.0075,0.0000,200,1.7614
0.0018,0.0000,0.0000,0.0000,0.0016,0.0001,200,1.7684
0.0110,0.0000,0.0000,0.0000,0.0110,0.0000,200,1.7595
0.0048,0.0000,0.0000,0.0000,0.0047,0.0000,200,1.7661
0.0078,0.0000,0.0000,0.0000,0.0077,0.0000,200,1.7634
0.0174,0.0000,0.0000,0.0000,0.0171,0.0003,200,1.7550
0.0042,0.0000,0.0000,0.0001,0.0040,0.0000,200,1.7685
0.0022,0.0000,0.0000,0.0000,0.0020,0.0002,200,1.7712
0.0279,0.0000,0.0000,0.0000,0.0274,0.0001,200,1.7459
0.0290,0.0000,0.0000,0.0000,0.0289,0.0000,200,1.7448
0.0093,0.0000,0.0000,0.0000,0.0088,0.0005,200,1.7658
0.0166,0.0000,0.0000,0.0004,0.0161,0.0000,200,1.7586
0.0351,0.0000,0.0000,0.0000,0.0350,0.0000,200,1.7401
0.0459,0.0000,0.0000,0.0000,0.0458,0.0001,200,1.7299
0.0020,0.0000,0.0000,0.0000,0.0020,0.0000,200,1.7738
0.0154,0.0000,0.0000,0.0000,0.0153,0.0000,200,1.7615
0.0100,0.0000,0.0000,0.0000,0.0099,0.0001,200,1.7675
0.0311,0.0000,0.0000,0.0000,0.0306,0.0005,200,1.7464
0.0282,0.0000,0.0000,0.0000,0.0259,0.0023,200,1.7520
0.0044,0.0000,0.0000,0.0000,0.0043,0.0000,200,1.7758
0.1130,0.0000,0.0000,0.0000,0.1130,0.0000,200,1.6673
0.0094,0.0000,0.0000,0.0000,0.0093,0.0000,200,1.7709
0.0115,0.0000,0.0000,0.0000,0.0113,0.0001,200,1.7689
0.0045,0.0000,0.0000,0.0000,0.0045,0.0000,200,1.7758
0.0035,0.0000,0.0000,0.0000,0.0035,0.0000,200,1.7769
0.0629,0.0000,0.0000,0.0000,0.0629,0.0000,200,1.7175
0.0053,0.0000,0.0000,0.0000,0.0052,0.0000,200,1.7752
0.0158,0.0000,0.0000,0.0000,0.0157,0.0000,200,1.7647
0.0372,0.0000,0.0000,0.0000,0.0372,0.0000,200,1.7433
0.0171,0.0000,0.0000,0.0000,0.0169,0.0001,200,1.7635
0.0187,0.0000,0.0000,0.0001,0.0185,0.0001,200,1.7625
0.0376,0.0000,0.0000,0.0000,0.0374,0.0001,200,1.7442
0.0390,0.0000,0.0000,0.0000,0.0389,0.0000,200,1.7432
0.0023,0.0000,0.0000,0.0000,0.0022,0.0000,200,1.7803
0.0026,0.0000,0.0000,0.0000,0.0025,0.0000,200,1.7804
0.0166,0.0000,0.0000,0.0000,0.0165,0.0001,200,1.7666
0.0261,0.0000,0.0000,0.0000,0.0260,0.0000,200,1.7578
0.0039,0.0000,0.0000,0.0000,0.0036,0.0002,200,1.7804
0.0013,0.0000,0.0000,0.0000,0.0013,0.0000,200,1.7830
0.0274,0.0000,0.0000,0.0001,0.0263,0.0011,200,1.7585
0.0125,0.0000,0.0000,0.0000,0.0124,0.0000,200,1.7734
0.0159,0.0000,0.0000,0.0000,0.0156,0.0000,200,1.7701
0.0215,0.0000,0.0000,0.0000,0.0214,0.0000,200,1.7645
0.0086,0.0000,0.0000,0.0000,0.0085,0.0000,200,1.7775
0.0598,0.0000,0.0000,0.0000,0.0595,0.0003,200,1.7264
0.0034,0.0000,0.0000,0.0000,0.0033,0.0000,200,1.7839
0.0362,0.0000,0.0000,0.0000,0.0360,0.0001,200,1.7516
0.0205,0.0000,0.0000,0.0000,0.0202,0.0002,200,1.7675
0.0022,0.0000,0.0000,0.0000,0.0015,0.0001,200,1.7862
0.0044,0.0000,0.0000,0.0000,0.0043,0.0000,200,1.7843
0.0355,0.0000,0.0000,0.0000,0.0354,0.0000,200,1.7539
0.0082,0.0000,0.0000,0.0000,0.0081,0.0000,200,1.7812
0.0223,0.0000,0.0000,0.0001,0.0222,0.0000,200,1.7676
0.0098,0.0000,0.0000,0.0000,0.0098,0.0000,200,1.7805
0.0052,0.0000,0.0000,0.0000,0.0049,0.0002,200,1.7859
0.0164,0.0000,0.0000,0.0000,0.0156,0.0001,200,1.7752
0.0181,0.0000,0.0000,0.0000,0.0178,0.0003,200,1.7738
0.0117,0.0000,0.0000,0.0000,0.0116,0.0000,200,1.7805
0.0310,0.0000,0.0000,0.0000,0.0309,0.0000,200,1.7612
0.0257,0.0000,0.0000,0.0000,0.0256,0.0000,200,1.7666
0.0593,0.0000,0.0000,0.0000,0.0593,0.0000,200,1.7340
0.0289,0.0000,0.0000,0.0000,0.0288,0.0000,200,1.7648
0.0035,0.0000,0.0000,0.0000,0.0033,0.0002,200,1.7904
0.0241,0.0000,0.0000,0.0000,0.0240,0.0001,200,1.7706
0.0054,0.0000,0.0000,0.0000,0.0053,0.0000,200,1.7894
0.0054,0.0000,0.0000,0.0000,0.0053,0.0000,200,1.7894
0.0122,0.0000,0.0000,0.0000,0.0121,0.0000,200,1.7826
0.0012,0.0000,0.0000,0.0000,0.0011,0.0000,200,1.7936
0.0032,0.0000,0.0000,0.0001,0.0027,0.0000,200,1.7923
0.0270,0.0000,0.0000,0.0000,0.0267,0.0000,200,1.7689
0.0134,0.0000,0.0000,0.0000,0.0133,0.0000,200,1.7831
0.0023,0.0000,0.0000,0.0000,0.0018,0.0001,200,1.7948
0.0252,0.0000,0.0000,0.0002,0.0248,0.0000,200,1.7724
0.0101,0.0000,0.0000,0.0000,0.0100,0.0001,200,1.7880
0.0206,0.0000,0.0000,0.0000,0.0205,0.0001,200,1.7775
0.0392,0.0000,0.0000,0.0000,0.0391,0.0001,200,1.7595
0.0062,0.0000,0.0000,0.0000,0.0061,0.0001,200,1.7933
0.0048,0.0000,0.0000,0.0000,0.0047,0.0000,200,1.7948
0.0017,0.0000,0.0000,0.0000,0.0014,0.0003,200,1.7981
0.0194,0.0000,0.0000,0.0000,0.0194,0.0000,200,1.7804
0.0066,0.0000,0.0000,0.0000,0.0065,0.0000,200,1.7939
0.0189,0.0000,0.0000,0.0000,0.0186,0.0003,200,1.7818
0.0193,0.0000,0.0000,0.0000,0.0192,0.0000,200,1.7822
0.0017,0.0000,0.0000,0.0000,0.0016,0.0001,200,1.7998
0.0177,0.0000,0.0000,0.0000,0.0176,0.0000,200,1.7843
0.0111,0.0000,0.0000,0.0003,0.0107,0.0000,200,1.7911
0.0079,0.0000,0.0000,0.0000,0.0078,0.0000,200,1.7948
0.0065,0.0000,0.0000,0.0000,0.0063,0.0001,200,1.7965
0.0120,0.0000,0.0000,0.0000,0.0119,0.0001,200,1.7919
0.0094,0.0000,0.0000,0.0000,0.0094,0.0000,200,1.7947
0.0250,0.0000,0.0000,0.0000,0.0249,0.0000,200,1.7802
0.0036,0.0000,0.0000,0.0000,0.0034,0.0000,200,1.8020
0.0201,0.0000,0.0000,0.0006,0.0194,0.0001,200,1.7862
0.0265,0.0000,0.0000,0.0000,0.0264,0.0000,200,1.7802
0.0171,0.0000,0.0000,0.0000,0.0170,0.0000,200,1.7899
0.0202,0.0000,0.0000,0.0000,0.0201,0.0000,200,1.7873
0.0272,0.0000,0.0000,0.0000,0.0271,0.0000,200,1.7805
0.0033,0.0000,0.0000,0.0000,0.0031,0.0002,200,1.8052
0.0118,0.0000,0.0000,0.0000,0.0117,0.0000,200,1.7971
0.0343,0.0000,0.0000,0.0000,0.0342,0.0000,200,1.7751
0.0114,0.0000,0.0000,0.0000,0.0113,0.0000,200,1.7981
0.0021,0.0000,0.0000,0.0000,0.0020,0.0000,200,1.8077
0.0087,0.0000,0.0000,0.0000,0.0087,0.0000,200,1.8021
0.0150,0.0000,0.0000,0.0000,0.0148,0.0000,200,1.7959
0.0306,0.0000,0.0000,0.0000,0.0306,0.0000,200,1.7803
0.0026,0.0000,0.0000,0.0000,0.0025,0.0000,200,1.8089
0.0053,0.0000,0.0000,0.0000,0.0052,0.0001,200,1.8067
0.0322,0.0000,0.0000,0.0000,0.0322,0.0000,200,1.7803
0.0268,0.0000,0.0000,0.0000,0.0267,0.0000,200,1.7859
0.0091,0.0000,0.0000,0.0000,0.0090,0.0001,200,1.8039
0.0329,0.0000,0.0000,0.0000,0.0329,0.0000,200,1.7805
0.0183,0.0000,0.0000,0.0001,0.0181,0.0000,200,1.7955
0.0260,0.0000,0.0000,0.0003,0.0256,0.0000,200,1.7884
0.0015,0.0000,0.0000,0.0000,0.0014,0.0000,200,1.8134
0.0040,0.0000,0.0000,0.0000,0.0039,0.0000,200,1.8109
0.0136,0.0000,0.0000,0.0000,0.0134,0.0002,200,1.8015
0.0305,0.0000,0.0000,0.0001,0.0303,0.0000,200,1.7860
0.0016,0.0000,0.0000,0.0000,0.0016,0.0000,200,1.8149
0.0024,0.0000,0.0000,0.0000,0.0022,0.0002,200,1.8149
0.0088,0.0000,0.0000,0.0000,0.0087,0.0000,200,1.8095
0.0178,0.0000,0.0000,0.0001,0.0173,0.0000,200,1.8005
0.0064,0.0000,0.0000,0.0000,0.0063,0.0001,200,1.8126
0.0064,0.0000,0.0000,0.0001,0.0058,0.0001,200,1.8130
0.0130,0.0000,0.0000,0.0000,0.0128,0.0002,200,1.8070
0.0082,0.0000,0.0000,0.0000,0.0081,0.0000,200,1.8125
0.0115,0.0000,0.0000,0.0001,0.0114,0.0000,200,1.8094
0.0159,0.0000,0.0000,0.0000,0.0158,0.0001,200,1.8056
0.0735,0.0000,0.0000,0.0000,0.0734,0.0000,200,1.7494
0.0259,0.0000,0.0000,0.0003,0.0254,0.0001,200,1.7975
0.0219,0.0000,0.0000,0.0000,0.0218,0.0001,200,1.8015
0.0039,0.0000,0.0000,0.0000,0.0038,0.0000,200,1.8207
0.0330,0.0000,0.0000,0.0004,0.0325,0.0000,200,1.7915
0.0248,0.0000,0.0000,0.0000,0.0248,0.0000,200,1.7999
0.0032,0.0000,0.0000,0.0000,0.0030,0.0001,200,1.8215
0.0176,0.0000,0.0000,0.0000,0.0175,0.0000,200,1.8075
0.0613,0.0000,0.0000,0.0000,0.0613,0.0000,200,1.7641
0.0075,0.0000,0.0000,0.0000,0.0073,0.0000,200,1.8183
0.0036,0.0000,0.0000,0.0000,0.0035,0.0000,200,1.8229
0.0126,0.0000,0.0000,0.0000,0.0123,0.0000,200,1.8143
0.0017,0.0000,0.0000,0.0000,0.0016,0.0001,200,1.8258
0.0217,0.0000,0.0000,0.0000,0.0216,0.0001,200,1.8063
0.0252,0.0000,0.0000,0.0000,0.0252,0.0000,200,1.8030
0.0021,0.0000,0.0000,0.0000,0.0021,0.0001,200,1.8265
0.0297,0.0000,0.0000,0.0000,0.0297,0.0001,200,1.7995
0.0021,0.0000,0.0000,0.0000,0.0020,0.0000,200,1.8275
0.0134,0.0000,0.0000,0.0000,0.0133,0.0000,200,1.8166
0.0167,0.0000,0.0000,0.0000,0.0166,0.0001,200,1.8138
0.0026,0.0000,0.0000,0.0000,0.0022,0.0001,200,1.8280
0.0224,0.0000,0.0000,0.0000,0.0223,0.0000,200,1.8085
0.0065,0.0000,0.0000,0.0000,0.0057,0.0002,200,1.8250
0.0459,0.0000,0.0000,0.0000,0.0458,0.0000,200,1.7860
0.0073,0.0000,0.0000,0.0000,0.0072,0.0000,200,1.8246
0.0027,0.0000,0.0000,0.0000,0.0027,0.0000,200,1.8299
0.0080,0.0000,0.0000,0.0000,0.0079,0.0000,200,1.8247
0.0009,0.0000,0.0000,0.0000,0.0009,0.0000,200,1.8327
0.0172,0.0000,0.0000,0.0000,0.0167,0.0004,200,1.8165
0.0228,0.0000,0.0000,0.0000,0.0223,0.0004,200,1.8115
0.0236,0.0000,0.0000,0.0000,0.0235,0.0000,200,1.8109
0.0136,0.0000,0.0000,0.0000,0.0136,0.0000,200,1.8210
0.0032,0.0000,0.0000,0.0000,0.0032,0.0001,200,1.8316
0.0160,0.0000,0.0000,0.0000,0.0159,0.0000,200,1.8193
0.0107,0.0000,0.0000,0.0000,0.0107,0.0000,200,1.8246
0.0369,0.0000,0.0000,0.0000,0.0360,0.0006,200,1.7996
0.0324,0.0000,0.0000,0.0000,0.0323,0.0000,200,1.8041
0.0246,0.0000,0.0000,0.0000,0.0244,0.0001,200,1.8120
0.0044,0.0000,0.0000,0.0000,0.0043,0.0001,200,1.8327
0.0649,0.0000,0.0000,0.0000,0.0648,0.0001,200,1.7727
0.0082,0.0000,0.0000,0.0000,0.0080,0.0002,200,1.8296
0.0464,0.0000,0.0000,0.0000,0.0463,0.0000,200,1.7922
0.0044,0.0000,0.0000,0.0000,0.0044,0.0000,200,1.8345
0.0157,0.0000,0.0000,0.0001,0.0154,0.0000,200,1.8235
0.0026,0.0000,0.0000,0.0000,0.0025,0.0001,200,1.8371
0.0480,0.0000,0.0000,0.0000,0.0479,0.0001,200,1.7922
0.0088,0.0000,0.0000,0.0000,0.0087,0.0000,200,1.8319
0.0126,0.0000,0.0000,0.0000,0.0125,0.0001,200,1.8282
0.0228,0.0000,0.0000,0.0000,0.0227,0.0001,200,1.8183
0.0051,0.0000,0.0000,0.0000,0.0050,0.0000,200,1.8365
0.0130,0.0000,0.0000,0.0000,0.0129,0.0001,200,1.8293
0.0104,0.0000,0.0000,0.0000,0.0103,0.0001,200,1.8319
0.0076,0.0000,0.0000,0.0000,0.0075,0.0001,200,1.8353
0.0010,0.0000,0.0000,0.0000,0.0010,0.0001,200,1.8423
0.0026,0.0000,0.0000,0.0000,0.0025,0.0001,200,1.8411
0.0035,0.0000,0.0000,0.0000,0.0033,0.0001,200,1.8406
0.0107,0.0000,0.0000,0.0000,0.0102,0.0005,200,1.8346
0.1041,0.0000,0.0000,0.0002,0.1038,0.0000,200,1.7412
0.0346,0.0000,0.0000,0.0001,0.0344,0.0000,200,1.8109
0.0038,0.0000,0.0000,0.0000,0.0038,0.0000,200,1.8416
0.0038,0.0000,0.0000,0.0000,0.0037,0.0000,200,1.8423
0.0020,0.0000,0.0000,0.0002,0.0017,0.0001,200,1.8442
0.0066,0.0000,0.0000,0.0000,0.0065,0.0001,200,1.8402
0.0162,0.0000,0.0000,0.0000,0.0161,0.0000,200,1.8309
0.0276,0.0000,0.0000,0.0000,0.0273,0.0000,200,1.8200
0.0196,0.0000,0.0000,0.0000,0.0193,0.0003,200,1.8286
0.0096,0.0000,0.0000,0.0000,0.0095,0.0000,200,1.8390
0.0313,0.0000,0.0000,0.0000,0.0313,0.0001,200,1.8173
0.0141,0.0000,0.0000,0.0000,0.0139,0.0000,200,1.8348
0.0045,0.0000,0.0000,0.0000,0.0042,0.0003,200,1.8454
0.0109,0.0000,0.0000,0.0000,0.0107,0.0002,200,1.8391
0.0259,0.0000,0.0000,0.0000,0.0259,0.0001,200,1.8247
0.0056,0.0000,0.0000,0.0000,0.0055,0.0000,200,1.8454
0.0044,0.0000,0.0000,0.0000,0.0043,0.0001,200,1.8470
0.0264,0.0000,0.0000,0.0000,0.0263,0.0000,200,1.8255
0.0038,0.0000,0.0000,0.0000,0.0037,0.0001,200,1.8485
0.0139,0.0000,0.0000,0.0000,0.0138,0.0000,200,1.8386
0.0223,0.0000,0.0000,0.0000,0.0222,0.0001,200,1.8306
0.0128,0.0000,0.0000,0.0000,0.0127,0.0001,200,1.8408
0.0194,0.0000,0.0000,0.0000,0.0192,0.0000,200,1.8344
0.0020,0.0000,0.0000,0.0000,0.0019,0.0000,200,1.8524
0.0048,0.0000,0.0000,0.0000,0.0047,0.0000,200,1.8501
0.0099,0.0000,0.0000,0.0000,0.0098,0.0000,200,1.8453
0.0011,0.0000,0.0000,0.0000,0.0011,0.0000,200,1.8544
0.0092,0.0000,0.0000,0.0000,0.0091,0.0000,200,1.8468
0.0062,0.0000,0.0000,0.0000,0.0062,0.0000,200,1.8514
0.0243,0.0000,0.0000,0.0000,0.0242,0.0000,200,1.8336
0.0031,0.0000,0.0000,0.0000,0.0014,0.0017,200,1.8549
0.0431,0.0000,0.0000,0.0001,0.0428,0.0000,200,1.8152
0.0048,0.0000,0.0000,0.0000,0.0046,0.0001,200,1.8538
0.0253,0.0000,0.0000,0.0000,0.0251,0.0002,200,1.8336
0.0060,0.0000,0.0000,0.0000,0.0054,0.0006,200,1.8537
0.0227,0.0000,0.0000,0.0004,0.0220,0.0003,200,1.8378
0.0058,0.0000,0.0000,0.0003,0.0039,0.0015,200,1.8552
0.0156,0.0000,0.0000,0.0003,0.0140,0.0009,200,1.8454
0.0091,0.0000,0.0000,0.0000,0.0089,0.0002,200,1.8519
0.0034,0.0000,0.0000,0.0001,0.0030,0.0002,200,1.8583
0.0041,0.0000,0.0000,0.0000,0.0038,0.0000,200,1.8579
0.0435,0.0000,0.0000,0.0000,0.0434,0.0000,200,1.8190
0.0041,0.0000,0.0000,0.0000,0.0040,0.0000,200,1.8589
0.0029,0.0000,0.0000,0.0000,0.0024,0.0004,200,1.8610
0.0274,0.0000,0.0000,0.0000,0.0273,0.0000,200,1.8365
0.0138,0.0000,0.0000,0.0000,0.0137,0.0000,200,1.8507
0.0089,0.0000,0.0000,0.0001,0.0086,0.0001,200,1.8560
0.0074,0.0000,0.0000,0.0000,0.0072,0.0000,200,1.8580
0.0218,0.0000,0.0000,0.0000,0.0216,0.0000,200,1.8438
0.0233,0.0000,0.0000,0.0000,0.0232,0.0000,200,1.8429
0.0087,0.0000,0.0000,0.0001,0.0085,0.0001,200,1.8577
0.0021,0.0000,0.0000,0.0000,0.0020,0.0001,200,1.8649
0.0162,0.0000,0.0000,0.0001,0.0161,0.0000,200,1.8510
0.0179,0.0000,0.0000,0.0000,0.0178,0.0001,200,1.8499
0.0123,0.0000,0.0000,0.0000,0.0122,0.0000,200,1.8556
0.0330,0.0000,0.0000,0.0000,0.0328,0.0000,200,1.8353
0.0043,0.0000,0.0000,0.0000,0.0042,0.0000,200,1.8645
0.0053,0.0000,0.0000,0.0000,0.0052,0.0000,200,1.8639
0.0015,0.0000,0.0000,0.0000,0.0014,0.0001,200,1.8679
0.0060,0.0000,0.0000,0.0000,0.0059,0.0001,200,1.8639
0.0333,0.0000,0.0000,0.0000,0.0331,0.0000,200,1.8366
0.0221,0.0000,0.0000,0.0000,0.0220,0.0001,200,1.8482
0.0182,0.0000,0.0000,0.0001,0.0180,0.0001,200,1.8524
0.0090,0.0000,0.0000,0.0000,0.0090,0.0000,200,1.8620
0.0253,0.0000,0.0000,0.0000,0.0252,0.0000,200,1.8462
0.0046,0.0000,0.0000,0.0000,0.0045,0.0000,200,1.8672
0.0063,0.0000,0.0000,0.0000,0.0061,0.0002,200,1.8655
0.0031,0.0000,0.0000,0.0000,0.0030,0.0001,200,1.8694
0.0119,0.0000,0.0000,0.0000,0.0118,0.0000,200,1.8610
0.0122,0.0000,0.0000,0.0001,0.0120,0.0000,200,1.8609
0.0108,0.0000,0.0000,0.0000,0.0107,0.0001,200,1.8630
0.0024,0.0000,0.0000,0.0001,0.0023,0.0000,200,1.8719
0.0153,0.0000,0.0000,0.0003,0.0143,0.0002,200,1.8596
0.0086,0.0000,0.0000,0.0000,0.0083,0.0000,200,1.8664
0.0022,0.0000,0.0000,0.0000,0.0021,0.0001,200,1.8731
0.0058,0.0000,0.0000,0.0000,0.0057,0.0000,200,1.8706
0.0303,0.0000,0.0000,0.0000,0.0302,0.0000,200,1.8461
0.0095,0.0000,0.0000,0.0000,0.0093,0.0002,200,1.8670
0.0028,0.0000,0.0000,0.0000,0.0027,0.0000,200,1.8738
0.0060,0.0000,0.0000,0.0000,0.0059,0.0001,200,1.8710
0.0050,0.0000,0.0000,0.0000,0.0049,0.0000,200,1.8725
0.0077,0.0000,0.0000,0.0000,0.0077,0.0000,200,1.8699
0.0250,0.0000,0.0000,0.0001,0.0249,0.0000,200,1.8529
0.0105,0.0000,0.0000,0.0000,0.0103,0.0001,200,1.8679
0.0024,0.0000,0.0000,0.0000,0.0022,0.0001,200,1.8764
0.0103,0.0000,0.0000,0.0000,0.0103,0.0001,200,1.8688
0.0178,0.0000,0.0000,0.0000,0.0177,0.0001,200,1.8617
0.0026,0.0000,0.0000,0.0000,0.0025,0.0001,200,1.8775
0.0029,0.0000,0.0000,0.0000,0.0029,0.0000,200,1.8776
0.0092,0.0000,0.0000,0.0000,0.0091,0.0001,200,1.8718
0.0030,0.0000,0.0000,0.0000,0.0029,0.0001,200,1.8780
0.0062,0.0000,0.0000,0.0000,0.0061,0.0000,200,1.8753
0.0014,0.0000,0.0000,0.0000,0.0013,0.0000,200,1.8805
0.0130,0.0000,0.0000,0.0000,0.0129,0.0000,200,1.8692
0.0109,0.0000,0.0000,0.0000,0.0108,0.0001,200,1.8715
0.0086,0.0000,0.0000,0.0000,0.0083,0.0002,200,1.8743
0.0061,0.0000,0.0000,0.0000,0.0057,0.0003,200,1.8770
0.0015,0.0000,0.0000,0.0000,0.0011,0.0003,200,1.8821
0.0027,0.0000,0.0000,0.0000,0.0026,0.0000,200,1.8810
0.0142,0.0000,0.0000,0.0001,0.0139,0.0001,200,1.8703
0.0021,0.0000,0.0000,0.0003,0.0017,0.0000,200,1.8828
0.0090,0.0000,0.0000,0.0000,0.0089,0.0000,200,1.8765
0.0015,0.0000,0.0000,0.0000,0.0014,0.0000,200,1.8845
0.0030,0.0000,0.0000,0.0001,0.0027,0.0002,200,1.8837
0.0084,0.0000,0.0000,0.0000,0.0083,0.0001,200,1.8788
0.0085,0.0000,0.0000,0.0000,0.0085,0.0000,200,1.8791
0.0033,0.0000,0.0000,0.0000,0.0031,0.0001,200,1.8849
0.0132,0.0000,0.0000,0.0000,0.0132,0.0000,200,1.8750
0.0078,0.0000,0.0000,0.0000,0.0077,0.0000,200,1.8810
0.0078,0.0000,0.0000,0.0000,0.0077,0.0001,200,1.8815
0.0074,0.0000,0.0000,0.0000,0.0073,0.0001,200,1.8824
0.0280,0.0000,0.0000,0.0000,0.0279,0.0000,200,1.8626
0.0035,0.0000,0.0000,0.0000,0.0033,0.0001,200,1.8872
0.0027,0.0000,0.0000,0.0000,0.0025,0.0002,200,1.8882
0.0020,0.0000,0.0000,0.0000,0.0017,0.0001,200,1.8893
0.0424,0.0000,0.0000,0.0001,0.0423,0.0000,200,1.8489
0.0038,0.0000,0.0000,0.0000,0.0037,0.0001,200,1.8882
0.0039,0.0000,0.0000,0.0000,0.0038,0.0000,200,1.8888
0.0064,0.0000,0.0000,0.0000,0.0063,0.0001,200,1.8867
0.0059,0.0000,0.0000,0.0000,0.0058,0.0000,200,1.8877
0.0102,0.0000,0.0000,0.0000,0.0101,0.0000,200,1.8836
0.0143,0.0000,0.0000,0.0000,0.0142,0.0000,200,1.8801
0.0048,0.0000,0.0000,0.0000,0.0047,0.0000,200,1.8899
0.0217,0.0000,0.0000,0.0000,0.0216,0.0000,200,1.8730
0.0254,0.0000,0.0000,0.0000,0.0254,0.0000,200,1.8700
0.0041,0.0000,0.0000,0.0000,0.0038,0.0003,200,1.8913
0.0047,0.0000,0.0000,0.0000,0.0046,0.0000,200,1.8913
0.0027,0.0000,0.0000,0.0000,0.0026,0.0000,200,1.8936
0.0113,0.0000,0.0000,0.0000,0.0110,0.0001,200,1.8855
0.0026,0.0000,0.0000,0.0000,0.0023,0.0000,200,1.8947
0.0144,0.0000,0.0000,0.0000,0.0143,0.0000,200,1.8831
0.0037,0.0000,0.0000,0.0000,0.0036,0.0001,200,1.8944
0.0027,0.0000,0.0000,0.0000,0.0026,0.0000,200,1.8963
0.0062,0.0000,0.0000,0.0000,0.0061,0.0000,200,1.8931
0.0034,0.0000,0.0000,0.0000,0.0033,0.0000,200,1.8960
0.0047,0.0000,0.0000,0.0000,0.0047,0.0000,200,1.8946
0.0212,0.0000,0.0000,0.0000,0.0212,0.0000,200,1.8784
0.0099,0.0000,0.0000,0.0000,0.0097,0.0002,200,1.8905
0.0038,0.0000,0.0000,0.0000,0.0036,0.0000,200,1.8968
0.0039,0.0000,0.0000,0.0000,0.0038,0.0001,200,1.8972
0.0080,0.0000,0.0000,0.0000,0.0078,0.0002,200,1.8938
0.0093,0.0000,0.0000,0.0000,0.0092,0.0000,200,1.8926
0.0050,0.0000,0.0000,0.0000,0.0049,0.0001,200,1.8975
0.0592,0.0000,0.0000,0.0000,0.0590,0.0002,200,1.8433
0.0109,0.0000,0.0000,0.0000,0.0108,0.0000,200,1.8920
0.0036,0.0000,0.0000,0.0000,0.0035,0.0000,200,1.8993
0.0029,0.0000,0.0000,0.0000,0.0028,0.0000,200,1.9005
0.0018,0.0000,0.0000,0.0000,0.0014,0.0003,200,1.9025
0.0054,0.0000,0.0000,0.0000,0.0053,0.0000,200,1.8989
0.0018,0.0000,0.0000,0.0000,0.0017,0.0000,200,1.9025
0.0372,0.0000,0.0000,0.0000,0.0366,0.0005,200,1.8683
0.0022,0.0000,0.0000,0.0000,0.0020,0.0001,200,1.9035
0.0054,0.0000,0.0000,0.0000,0.0052,0.0000,200,1.9004
0.0034,0.0000,0.0000,0.0000,0.0033,0.0000,200,1.9029
0.0025,0.0000,0.0000,0.0000,0.0023,0.0002,200,1.9043
0.0013,0.0000,0.0000,0.0000,0.0013,0.0000,200,1.9056
0.0086,0.0000,0.0000,0.0000,0.0084,0.0002,200,1.8993
0.0029,0.0000,0.0000,0.0001,0.0027,0.0000,200,1.9058
0.0121,0.0000,0.0000,0.0000,0.0120,0.0000,200,1.8981
0.0312,0.0000,0.0000,0.0000,0.0311,0.0000,200,1.8795
0.0041,0.0000,0.0000,0.0002,0.0038,0.0000,200,1.9068
0.0501,0.0000,0.0000,0.0000,0.0498,0.0002,200,1.8609
0.0120,0.0000,0.0000,0.0000,0.0119,0.0000,200,1.8993
0.0536,0.0000,0.0000,0.0022,0.0513,0.0001,200,1.8586
0.0043,0.0000,0.0000,0.0000,0.0042,0.0001,200,1.9087
0.0100,0.0000,0.0000,0.0000,0.0100,0.0000,200,1.9029
0.0180,0.0000,0.0000,0.0001,0.0177,0.0000,200,1.8954
0.0096,0.0000,0.0000,0.0000,0.0096,0.0000,200,1.9043
0.0082,0.0000,0.0000,0.0000,0.0081,0.0000,200,1.9064
0.0404,0.0000,0.0000,0.0000,0.0403,0.0001,200,1.8749
0.0250,0.0000,0.0000,0.0000,0.0249,0.0000,200,1.8907
0.0080,0.0000,0.0000,0.0000,0.0077,0.0001,200,1.9079
0.0170,0.0000,0.0000,0.0000,0.0170,0.0000,200,1.8996
0.0022,0.0000,0.0000,0.0000,0.0021,0.0000,200,1.9154
0.0058,0.0000,0.0000,0.0000,0.0058,0.0000,200,1.9122
0.0174,0.0000,0.0000,0.0000,0.0168,0.0000,200,1.9013
0.0149,0.0000,0.0000,0.0000,0.0147,0.0002,200,1.9043
0.0179,0.0000,0.0000,0.0000,0.0178,0.0000,200,1.9018
0.0145,0.0000,0.0000,0.0000,0.0143,0.0001,200,1.9055
0.0251,0.0000,0.0000,0.0000,0.0250,0.0000,200,1.8954
0.0079,0.0000,0.0000,0.0000,0.0078,0.0001,200,1.9133
0.0103,0.0000,0.0000,0.0000,0.0103,0.0000,200,1.9110
0.0026,0.0000,0.0000,0.0000,0.0025,0.0001,200,1.9192
0.0067,0.0000,0.0000,0.0000,0.0066,0.0000,200,1.9159
0.0045,0.0000,0.0000,0.0000,0.0044,0.0000,200,1.9180
0.0014,0.0000,0.0000,0.0000,0.0013,0.0000,200,1.9213
0.0124,0.0000,0.0000,0.0000,0.0122,0.0001,200,1.9109
0.0101,0.0000,0.0000,0.0000,0.0099,0.0001,200,1.9139
0.0013,0.0000,0.0000,0.0000,0.0012,0.0002,200,1.9227
0.0135,0.0000,0.0000,0.0000,0.0129,0.0006,200,1.9113
0.0142,0.0000,0.0000,0.0000,0.0141,0.0000,200,1.9107
0.0044,0.0000,0.0000,0.0000,0.0044,0.0000,200,1.9205
0.0023,0.0000,0.0000,0.0000,0.0021,0.0001,200,1.9233
0.0044,0.0000,0.0000,0.0000,0.0043,0.0001,200,1.9213
0.0063,0.0000,0.0000,0.0000,0.0062,0.0000,200,1.9199
0.0018,0.0000,0.0000,0.0000,0.0017,0.0000,200,1.9248
0.0114,0.0000,0.0000,0.0000,0.0114,0.0000,200,1.9157
0.0096,0.0000,0.0000,0.0000,0.0095,0.0000,200,1.9175
0.0062,0.0000,0.0000,0.0000,0.0058,0.0004,200,1.9218
0.0097,0.0000,0.0000,0.0000,0.0096,0.0000,200,1.9186
0.0154,0.0000,0.0000,0.0000,0.0154,0.0000,200,1.9129
0.0160,0.0000,0.0000,0.0000,0.0158,0.0001,200,1.9130
0.0124,0.0000,0.0000,0.0000,0.0123,0.0001,200,1.9167
0.0057,0.0000,0.0000,0.0000,0.0056,0.0000,200,1.9240
0.0015,0.0000,0.0000,0.0000,0.0014,0.0000,200,1.9290
0.0038,0.0000,0.0000,0.0000,0.0037,0.0001,200,1.9271
0.0012,0.0000,0.0000,0.0000,0.0011,0.0001,200,1.9297
0.0243,0.0000,0.0000,0.0000,0.0241,0.0002,200,1.9070
0.0038,0.0000,0.0000,0.0000,0.0037,0.0001,200,1.9280
0.0069,0.0000,0.0000,0.0000,0.0068,0.0000,200,1.9257
0.0076,0.0000,0.0000,0.0000,0.0075,0.0000,200,1.9250
0.0081,0.0000,0.0000,0.0000,0.0080,0.0000,200,1.9248
0.0023,0.0000,0.0000,0.0000,0.0023,0.0000,200,1.9309
0.0074,0.0000,0.0000,0.0000,0.0073,0.0001,200,1.9263
0.0058,0.0000,0.0000,0.0000,0.0057,0.0000,200,1.9284
0.0040,0.0000,0.0000,0.0000,0.0039,0.0000,200,1.9304
0.0032,0.0000,0.0000,0.0002,0.0028,0.0001,200,1.9318
0.0249,0.0000,0.0000,0.0000,0.0248,0.0000,200,1.9102
0.0019,0.0000,0.0000,0.0000,0.0018,0.0000,200,1.9337
0.0047,0.0000,0.0000,0.0001,0.0045,0.0001,200,1.9313
0.0024,0.0000,0.0000,0.0000,0.0022,0.0001,200,1.9342
0.0129,0.0000,0.0000,0.0000,0.0127,0.0001,200,1.9241
0.0147,0.0000,0.0000,0.0000,0.0146,0.0000,200,1.9225
0.0024,0.0000,0.0000,0.0000,0.0023,0.0000,200,1.9356
0.0035,0.0000,0.0000,0.0000,0.0034,0.0000,200,1.9344
0.0052,0.0000,0.0000,0.0000,0.0050,0.0002,200,1.9333
0.0167,0.0000,0.0000,0.0001,0.0164,0.0000,200,1.9226
0.0024,0.0000,0.0000,0.0000,0.0023,0.0000,200,1.9373
0.0070,0.0000,0.0000,0.0000,0.0069,0.0000,200,1.9329
0.0019,0.0000,0.0000,0.0000,0.0019,0.0000,200,1.9380
0.0019,0.0000,0.0000,0.0000,0.0019,0.0000,200,1.9386
0.0047,0.0000,0.0000,0.0001,0.0041,0.0002,200,1.9365
0.0109,0.0000,0.0000,0.0000,0.0106,0.0002,200,1.9309
0.0274,0.0000,0.0000,0.0000,0.0273,0.0001,200,1.9145
0.0025,0.0000,0.0000,0.0000,0.0024,0.0000,200,1.9399
0.0158,0.0000,0.0000,0.0000,0.0157,0.0001,200,1.9271
0.0074,0.0000,0.0000,0.0001,0.0073,0.0000,200,1.9359
0.0083,0.0000,0.0000,0.0000,0.0083,0.0000,200,1.9350
0.0038,0.0000,0.0000,0.0000,0.0037,0.0001,200,1.9396
0.0085,0.0000,0.0000,0.0000,0.0085,0.0000,200,1.9350
0.0149,0.0000,0.0000,0.0000,0.0148,0.0001,200,1.9291
0.0072,0.0000,0.0000,0.0000,0.0072,0.0000,200,1.9370
0.0049,0.0000,0.0000,0.0000,0.0047,0.0001,200,1.9399
0.0045,0.0000,0.0000,0.0000,0.0044,0.0001,200,1.9405
0.0037,0.0000,0.0000,0.0001,0.0035,0.0000,200,1.9418
0.0082,0.0000,0.0000,0.0000,0.0081,0.0000,200,1.9380
0.0033,0.0000,0.0000,0.0000,0.0027,0.0000,200,1.9429
0.0026,0.0000,0.0000,0.0000,0.0025,0.0000,200,1.9440
0.0022,0.0000,0.0000,0.0000,0.0020,0.0000,200,1.9448
0.0052,0.0000,0.0000,0.0000,0.0051,0.0000,200,1.9421
0.0041,0.0000,0.0000,0.0000,0.0039,0.0002,200,1.9435
0.0045,0.0000,0.0000,0.0000,0.0045,0.0000,200,1.9433
0.0030,0.0000,0.0000,0.0000,0.0029,0.0000,200,1.9454
0.0223,0.0000,0.0000,0.0000,0.0222,0.0001,200,1.9266
0.0014,0.0000,0.0000,0.0001,0.0012,0.0000,200,1.9479
0.0172,0.0000,0.0000,0.0000,0.0171,0.0000,200,1.9325
0.0020,0.0000,0.0000,0.0000,0.0018,0.0001,200,1.9484
0.0071,0.0000,0.0000,0.0000,0.0070,0.0001,200,1.9435
0.0044,0.0000,0.0000,0.0000,0.0043,0.0000,200,1.9466
0.0014,0.0000,0.0000,0.0001,0.0012,0.0000,200,1.9504
0.0029,0.0000,0.0000,0.0000,0.0025,0.0003,200,1.9489
0.0045,0.0000,0.0000,0.0000,0.0045,0.0000,200,1.9473
0.0065,0.0000,0.0000,0.0000,0.0062,0.0002,200,1.9462
0.0094,0.0000,0.0000,0.0000,0.0093,0.0000,200,1.9433
0.0035,0.0000,0.0000,0.0000,0.0033,0.0002,200,1.9497
0.0084,0.0000,0.0000,0.0000,0.0083,0.0001,200,1.9451
0.0127,0.0000,0.0000,0.0000,0.0126,0.0000,200,1.9412
0.0024,0.0000,0.0000,0.0000,0.0022,0.0000,200,1.9517
0.0028,0.0000,0.0000,0.0000,0.0027,0.0001,200,1.9518
0.0028,0.0000,0.0000,0.0000,0.0027,0.0000,200,1.9518
0.0008,0.0000,0.0000,0.0000,0.0007,0.0000,200,1.9541
0.0022,0.0000,0.0000,0.0000,0.0022,0.0000,200,1.9532
0.0082,0.0000,0.0000,0.0001,0.0080,0.0001,200,1.9477
0.0070,0.0000,0.0000,0.0000,0.0069,0.0000,200,1.9493
0.0039,0.0000,0.0000,0.0000,0.0039,0.0000,200,1.9527
0.0022,0.0000,0.0000,0.0000,0.0021,0.0001,200,1.9549
0.0025,0.0000,0.0000,0.0001,0.0023,0.0000,200,1.9546
0.0048,0.0000,0.0000,0.0000,0.0047,0.0001,200,1.9527
0.0014,0.0000,0.0000,0.0000,0.0013,0.0000,200,1.9563
0.0025,0.0000,0.0000,0.0000,0.0024,0.0000,200,1.9554
0.0028,0.0000,0.0000,0.0000,0.0026,0.0001,200,1.9559
0.0024,0.0000,0.0000,0.0000,0.0024,0.0000,200,1.9566
0.0018,0.0000,0.0000,0.0000,0.0017,0.0000,200,1.9575
0.0023,0.0000,0.0000,0.0000,0.0022,0.0000,200,1.9572
0.0060,0.0000,0.0000,0.0000,0.0058,0.0002,200,1.9538
0.0019,0.0000,0.0000,0.0000,0.0011,0.0008,200,1.9594
0.0042,0.0000,0.0000,0.0000,0.0042,0.0000,200,1.9572
0.0024,0.0000,0.0000,0.0000,0.0023,0.0000,200,1.9590
0.0027,0.0000,0.0000,0.0001,0.0026,0.0000,200,1.9587
0.0022,0.0000,0.0000,0.0001,0.0021,0.0000,200,1.9593
0.0017,0.0000,0.0000,0.0000,0.0016,0.0000,200,1.9599
0.0043,0.0000,0.0000,0.0000,0.0042,0.0001,200,1.9577
0.0011,0.0000,0.0000,0.0000,0.0009,0.0002,200,1.9616
0.0016,0.0000,0.0000,0.0000,0.0014,0.0000,200,1.9614
0.0022,0.0000,0.0000,0.0000,0.0021,0.0002,200,1.9615
0.0024,0.0000,0.0000,0.0000,0.0023,0.0001,200,1.9614
0.0027,0.0000,0.0000,0.0000,0.0027,0.0000,200,1.9615
0.0027,0.0000,0.0000,0.0000,0.0026,0.0001,200,1.9615
0.0018,0.0000,0.0000,0.0000,0.0014,0.0002,200,1.9627
0.0030,0.0000,0.0000,0.0000,0.0029,0.0000,200,1.9619
0.0013,0.0000,0.0000,0.0000,0.0012,0.0000,200,1.9642
0.0023,0.0000,0.0000,0.0000,0.0021,0.0002,200,1.9638
0.0020,0.0000,0.0000,0.0000,0.0018,0.0001,200,1.9645
0.0018,0.0000,0.0000,0.0000,0.0017,0.0000,200,1.9650
0.0014,0.0000,0.0000,0.0000,0.0013,0.0000,200,1.9655
0.0013,0.0000,0.0000,0.0000,0.0012,0.0000,200,1.9661
0.0011,0.0000,0.0000,0.0002,0.0008,0.0000,200,1.9665
0.0013,0.0000,0.0000,0.0000,0.0012,0.0001,200,1.9667
0.0010,0.0000,0.0000,0.0000,0.0009,0.0002,200,1.9676
0.0019,0.0000,0.0000,0.0000,0.0018,0.0000,200,1.9669
0.0008,0.0000,0.0000,0.0000,0.0005,0.0001,200,1.9687
0.0006,0.0000,0.0000,0.0000,0.0005,0.0001,200,1.9695
