response-time,DNS+dialup,DNS,Request-write,Response-delay,Response-read,status-code,offset
0.0029,0.0004,0.0000,0.0002,0.0020,0.0001,200,0.0007
0.0028,0.0004,0.0000,0.0003,0.0020,0.0000,200,0.0012
0.0043,0.0005,0.0000,0.0001,0.0036,0.0000,200,0.0007
0.0084,0.0015,0.0000,0.0005,0.0022,0.0042,200,0.0027
0.0065,0.0036,0.0000,0.0001,0.0023,0.0005,200,0.0050
0.0097,0.0006,0.0000,0.0007,0.0082,0.0001,200,0.0028
0.0121,0.0000,0.0000,0.0000,0.0087,0.0001,200,0.0012
0.0115,0.0003,0.0000,0.0000,0.0049,0.0063,200,0.0023
0.0124,0.0003,0.0000,0.0002,0.0053,0.0066,200,0.0018
0.0095,0.0018,0.0000,0.0000,0.0062,0.0000,200,0.0054
0.0126,0.0002,0.0000,0.0007,0.0064,0.0053,200,0.0025
0.0132,0.0001,0.0000,0.0002,0.0053,0.0076,200,0.0019
0.0139,0.0003,0.0000,0.0003,0.0080,0.0052,200,0.0013
0.0131,0.0002,0.0000,0.0001,0.0074,0.0053,200,0.0022
0.0139,0.0003,0.0000,0.0002,0.0085,0.0050,200,0.0013
0.0086,0.0005,0.0000,0.0001,0.0029,0.0050,200,0.0068
0.0113,0.0025,0.0000,0.0009,0.0022,0.0054,200,0.0041
0.0129,0.0011,0.0000,0.0008,0.0060,0.0051,200,0.0025
0.0106,0.0028,0.0000,0.0000,0.0027,0.0051,200,0.0048
0.0108,0.0029,0.0000,0.0001,0.0027,0.0051,200,0.0047
0.0115,0.0009,0.0000,0.0031,0.0025,0.0051,200,0.0040
0.0119,0.0000,0.0000,0.0007,0.0029,0.0052,200,0.0036
0.0105,0.0015,0.0000,0.0011,0.0025,0.0051,200,0.0051
0.0113,0.0004,0.0000,0.0031,0.0052,0.0025,200,0.0043
0.0107,0.0018,0.0000,0.0009,0.0049,0.0030,200,0.0050
0.0141,0.0006,0.0000,0.0002,0.0107,0.0025,200,0.0015
0.0150,0.0000,0.0000,0.0000,0.0115,0.0001,200,0.0010
0.0025,0.0000,0.0000,0.0000,0.0024,0.0000,200,0.0154
0.0025,0.0000,0.0000,0.0000,0.0024,0.0001,200,0.0154
0.0108,0.0000,0.0000,0.0000,0.0044,0.0001,200,0.0071
0.0139,0.0008,0.0000,0.0032,0.0099,0.0000,200,0.0040
0.0025,0.0000,0.0000,0.0000,0.0022,0.0002,200,0.0155
0.0110,0.0000,0.0000,0.0000,0.0055,0.0001,200,0.0071
0.0143,0.0000,0.0000,0.0008,0.0059,0.0001,200,0.0038
0.0111,0.0000,0.0000,0.0003,0.0054,0.0000,200,0.0071
0.0026,0.0000,0.0000,0.0000,0.0023,0.0003,200,0.0157
0.0117,0.0000,0.0000,0.0000,0.0049,0.0003,200,0.0074
0.0035,0.0000,0.0000,0.0000,0.0035,0.0000,200,0.0156
0.0079,0.0000,0.0000,0.0008,0.0060,0.0002,200,0.0115
0.0121,0.0000,0.0000,0.0000,0.0056,0.0000,200,0.0073
0.0048,0.0000,0.0000,0.0000,0.0046,0.0001,200,0.0152
0.0047,0.0000,0.0000,0.0000,0.0045,0.0001,200,0.0153
0.0061,0.0000,0.0000,0.0002,0.0055,0.0001,200,0.0142
0.0137,0.0056,0.0000,0.0001,0.0078,0.0002,200,0.0071
0.0054,0.0000,0.0000,0.0000,0.0054,0.0000,200,0.0156
0.0082,0.0002,0.0000,0.0000,0.0080,0.0000,200,0.0133
0.0012,0.0000,0.0000,0.0000,0.0011,0.0000,200,0.0203
0.0042,0.0000,0.0000,0.0000,0.0040,0.0001,200,0.0179
0.0150,0.0000,0.0000,0.0000,0.0084,0.0002,200,0.0073
0.0048,0.0000,0.0000,0.0001,0.0044,0.0003,200,0.0182
0.0051,0.0000,0.0000,0.0000,0.0050,0.0000,200,0.0179
0.0162,0.0000,0.0000,0.0000,0.0100,0.0000,200,0.0072
0.0123,0.0000,0.0000,0.0000,0.0109,0.0000,200,0.0111
0.0056,0.0000,0.0000,0.0000,0.0055,0.0000,200,0.0180
0.0169,0.0000,0.0000,0.0000,0.0105,0.0000,200,0.0073
0.0083,0.0000,0.0000,0.0015,0.0067,0.0000,200,0.0191
0.0201,0.0000,0.0000,0.0000,0.0138,0.0000,200,0.0072
0.0210,0.0009,0.0000,0.0001,0.0199,0.0000,200,0.0064
0.0084,0.0000,0.0000,0.0000,0.0083,0.0000,200,0.0191
0.0127,0.0000,0.0000,0.0001,0.0123,0.0000,200,0.0149
0.0206,0.0000,0.0000,0.0000,0.0157,0.0000,200,0.0070
0.0256,0.0004,0.0000,0.0001,0.0250,0.0000,200,0.0021
0.0096,0.0000,0.0000,0.0000,0.0095,0.0000,200,0.0181
0.0124,0.0000,0.0000,0.0000,0.0124,0.0000,200,0.0152
0.0047,0.0000,0.0000,0.0011,0.0036,0.0000,200,0.0230
0.0062,0.0000,0.0000,0.0000,0.0062,0.0000,200,0.0215
0.0127,0.0000,0.0000,0.0000,0.0126,0.0000,200,0.0151
0.0263,0.0000,0.0000,0.0000,0.0197,0.0000,200,0.0015
0.0045,0.0000,0.0000,0.0001,0.0044,0.0000,200,0.0234
0.0071,0.0000,0.0000,0.0000,0.0067,0.0000,200,0.0208
0.0217,0.0000,0.0000,0.0000,0.0133,0.0001,200,0.0072
0.0085,0.0000,0.0000,0.0000,0.0085,0.0000,200,0.0210
0.0282,0.0002,0.0000,0.0002,0.0271,0.0007,200,0.0014
0.0023,0.0000,0.0000,0.0000,0.0022,0.0000,200,0.0277
0.0035,0.0000,0.0000,0.0000,0.0024,0.0010,200,0.0278
0.0119,0.0000,0.0000,0.0000,0.0119,0.0000,200,0.0194
0.0188,0.0001,0.0000,0.0001,0.0184,0.0001,200,0.0125
0.0024,0.0000,0.0000,0.0000,0.0024,0.0000,200,0.0289
0.0159,0.0000,0.0000,0.0000,0.0158,0.0000,200,0.0155
0.0042,0.0000,0.0000,0.0000,0.0041,0.0000,200,0.0276
0.0048,0.0000,0.0000,0.0000,0.0046,0.0001,200,0.0278
0.0052,0.0000,0.0000,0.0000,0.0051,0.0001,200,0.0279
0.0054,0.0000,0.0000,0.0000,0.0054,0.0000,200,0.0279
0.0177,0.0000,0.0000,0.0000,0.0176,0.0000,200,0.0157
0.0059,0.0000,0.0000,0.0000,0.0058,0.0000,200,0.0277
0.0020,0.0000,0.0000,0.0000,0.0019,0.0001,200,0.0319
0.0189,0.0000,0.0000,0.0005,0.0182,0.0000,200,0.0151
0.0164,0.0000,0.0000,0.0001,0.0163,0.0000,200,0.0179
0.0069,0.0000,0.0000,0.0000,0.0068,0.0000,200,0.0277
0.0075,0.0000,0.0000,0.0000,0.0073,0.0001,200,0.0276
0.0083,0.0000,0.0000,0.0000,0.0082,0.0000,200,0.0274
0.0344,0.0064,0.0000,0.0000,0.0220,0.0001,200,0.0015
0.0027,0.0000,0.0000,0.0000,0.0027,0.0000,200,0.0336
0.0053,0.0000,0.0000,0.0000,0.0052,0.0000,200,0.0314
0.0170,0.0000,0.0000,0.0000,0.0169,0.0000,200,0.0200
0.0083,0.0000,0.0000,0.0000,0.0082,0.0000,200,0.0300
0.0160,0.0000,0.0000,0.0000,0.0159,0.0000,200,0.0224
0.0108,0.0000,0.0000,0.0000,0.0108,0.0000,200,0.0275
0.0036,0.0000,0.0000,0.0000,0.0033,0.0002,200,0.0350
0.0162,0.0000,0.0000,0.0011,0.0149,0.0001,200,0.0230
0.0243,0.0000,0.0000,0.0000,0.0242,0.0001,200,0.0154
0.0042,0.0000,0.0000,0.0001,0.0039,0.0002,200,0.0356
0.0167,0.0000,0.0000,0.0000,0.0163,0.0002,200,0.0235
0.0187,0.0000,0.0000,0.0000,0.0186,0.0001,200,0.0215
0.0223,0.0000,0.0000,0.0000,0.0222,0.0000,200,0.0183
0.0008,0.0000,0.0000,0.0000,0.0007,0.0001,200,0.0402
0.0079,0.0000,0.0000,0.0000,0.0078,0.0001,200,0.0333
0.0257,0.0000,0.0000,0.0002,0.0253,0.0002,200,0.0160
0.0347,0.0000,0.0000,0.0003,0.0290,0.0000,200,0.0070
0.0410,0.0016,0.0000,0.0031,0.0344,0.0001,200,0.0015
0.0157,0.0000,0.0000,0.0000,0.0156,0.0001,200,0.0275
0.0039,0.0000,0.0000,0.0001,0.0037,0.0001,200,0.0397
0.0054,0.0000,0.0000,0.0000,0.0053,0.0001,200,0.0383
0.0023,0.0000,0.0000,0.0000,0.0022,0.0001,200,0.0418
0.0035,0.0000,0.0000,0.0000,0.0034,0.0001,200,0.0412
0.0054,0.0000,0.0000,0.0000,0.0053,0.0000,200,0.0411
0.0153,0.0000,0.0000,0.0000,0.0152,0.0000,200,0.0313
0.0063,0.0000,0.0000,0.0000,0.0062,0.0000,200,0.0406
0.0278,0.0000,0.0000,0.0001,0.0273,0.0000,200,0.0194
0.0172,0.0000,0.0000,0.0000,0.0169,0.0003,200,0.0313
0.0144,0.0000,0.0000,0.0000,0.0143,0.0000,200,0.0346
0.0106,0.0000,0.0000,0.0000,0.0103,0.0002,200,0.0383
0.0425,0.0064,0.0000,0.0001,0.0357,0.0002,200,0.0074
0.0066,0.0000,0.0000,0.0000,0.0066,0.0000,200,0.0432
0.0138,0.0000,0.0000,0.0000,0.0137,0.0000,200,0.0363
0.0095,0.0000,0.0000,0.0000,0.0093,0.0000,200,0.0417
0.0473,0.0006,0.0000,0.0030,0.0436,0.0000,200,0.0042
0.0047,0.0000,0.0000,0.0002,0.0044,0.0000,200,0.0472
0.0154,0.0000,0.0000,0.0000,0.0153,0.0000,200,0.0366
0.0367,0.0000,0.0000,0.0000,0.0367,0.0000,200,0.0153
0.0027,0.0000,0.0000,0.0000,0.0026,0.0001,200,0.0499
0.0045,0.0000,0.0000,0.0001,0.0040,0.0004,200,0.0486
0.0065,0.0000,0.0000,0.0000,0.0063,0.0002,200,0.0466
0.0143,0.0000,0.0000,0.0000,0.0142,0.0000,200,0.0392
0.0099,0.0000,0.0000,0.0001,0.0098,0.0000,200,0.0437
0.0263,0.0000,0.0000,0.0000,0.0262,0.0000,200,0.0275
0.0152,0.0000,0.0000,0.0000,0.0151,0.0000,200,0.0386
0.0077,0.0000,0.0000,0.0000,0.0076,0.0000,200,0.0464
0.0031,0.0000,0.0000,0.0000,0.0030,0.0000,200,0.0515
0.0540,0.0006,0.0000,0.0003,0.0528,0.0001,200,0.0009
0.0239,0.0000,0.0000,0.0000,0.0238,0.0001,200,0.0313
0.0157,0.0000,0.0000,0.0000,0.0149,0.0001,200,0.0399
0.0189,0.0000,0.0000,0.0000,0.0188,0.0001,200,0.0369
0.0122,0.0000,0.0000,0.0000,0.0119,0.0002,200,0.0441
0.0011,0.0000,0.0000,0.0000,0.0010,0.0000,200,0.0552
0.0223,0.0000,0.0000,0.0000,0.0222,0.0001,200,0.0343
0.0237,0.0000,0.0000,0.0000,0.0237,0.0000,200,0.0330
0.0210,0.0000,0.0000,0.0000,0.0210,0.0000,200,0.0359
0.0543,0.0014,0.0000,0.0005,0.0524,0.0000,200,0.0027
0.0248,0.0000,0.0000,0.0000,0.0248,0.0000,200,0.0326
0.0014,0.0000,0.0000,0.0000,0.0013,0.0001,200,0.0563
0.0268,0.0000,0.0000,0.0000,0.0267,0.0000,200,0.0313
0.0118,0.0000,0.0000,0.0000,0.0116,0.0001,200,0.0469
0.0049,0.0000,0.0000,0.0001,0.0048,0.0000,200,0.0537
0.0033,0.0000,0.0000,0.0000,0.0031,0.0001,200,0.0558
0.0053,0.0000,0.0000,0.0000,0.0052,0.0000,200,0.0541
0.0093,0.0000,0.0000,0.0001,0.0092,0.0000,200,0.0501
0.0027,0.0000,0.0000,0.0000,0.0025,0.0002,200,0.0570
0.0356,0.0000,0.0000,0.0000,0.0356,0.0000,200,0.0242
0.0092,0.0000,0.0000,0.0001,0.0089,0.0000,200,0.0513
0.0384,0.0000,0.0000,0.0000,0.0383,0.0000,200,0.0221
0.0017,0.0000,0.0000,0.0000,0.0016,0.0000,200,0.0591
0.0080,0.0000,0.0000,0.0000,0.0078,0.0002,200,0.0531
0.0074,0.0000,0.0000,0.0000,0.0073,0.0000,200,0.0538
0.0083,0.0000,0.0000,0.0000,0.0082,0.0001,200,0.0535
0.0026,0.0000,0.0000,0.0000,0.0024,0.0000,200,0.0594
0.0017,0.0000,0.0000,0.0000,0.0015,0.0001,200,0.0605
0.0443,0.0000,0.0000,0.0000,0.0443,0.0000,200,0.0181
0.0013,0.0000,0.0000,0.0000,0.0012,0.0000,200,0.0612
0.0066,0.0000,0.0000,0.0000,0.0065,0.0000,200,0.0563
0.0038,0.0000,0.0000,0.0000,0.0036,0.0000,200,0.0594
0.0014,0.0000,0.0000,0.0001,0.0010,0.0001,200,0.0621
0.0044,0.0000,0.0000,0.0000,0.0040,0.0003,200,0.0597
0.0022,0.0000,0.0000,0.0000,0.0019,0.0000,200,0.0620
0.0079,0.0000,0.0000,0.0000,0.0079,0.0000,200,0.0569
0.0318,0.0000,0.0000,0.0000,0.0316,0.0002,200,0.0333
0.0158,0.0000,0.0000,0.0000,0.0144,0.0014,200,0.0499
0.0059,0.0000,0.0000,0.0000,0.0052,0.0003,200,0.0598
0.0144,0.0000,0.0000,0.0001,0.0137,0.0006,200,0.0518
0.0175,0.0000,0.0000,0.0000,0.0171,0.0003,200,0.0489
0.0023,0.0000,0.0000,0.0000,0.0018,0.0004,200,0.0642
0.0283,0.0000,0.0000,0.0000,0.0281,0.0002,200,0.0383
0.0391,0.0000,0.0000,0.0000,0.0381,0.0010,200,0.0276
0.0023,0.0000,0.0000,0.0000,0.0022,0.0000,200,0.0649
0.0054,0.0000,0.0000,0.0000,0.0053,0.0000,200,0.0632
0.0068,0.0000,0.0000,0.0001,0.0047,0.0019,200,0.0618
0.0151,0.0000,0.0000,0.0001,0.0150,0.0000,200,0.0537
0.0241,0.0000,0.0000,0.0000,0.0228,0.0013,200,0.0447
0.0054,0.0000,0.0000,0.0000,0.0054,0.0000,200,0.0635
0.0554,0.0000,0.0000,0.0005,0.0530,0.0000,200,0.0138
0.0046,0.0000,0.0000,0.0001,0.0044,0.0001,200,0.0652
0.0038,0.0000,0.0000,0.0000,0.0013,0.0001,200,0.0664
0.0043,0.0000,0.0000,0.0024,0.0017,0.0001,200,0.0663
0.0082,0.0000,0.0000,0.0000,0.0081,0.0000,200,0.0625
0.0194,0.0000,0.0000,0.0002,0.0191,0.0000,200,0.0521
0.0149,0.0000,0.0000,0.0000,0.0148,0.0000,200,0.0567
0.0095,0.0000,0.0000,0.0000,0.0094,0.0001,200,0.0625
0.0425,0.0000,0.0000,0.0000,0.0424,0.0000,200,0.0296
0.0566,0.0000,0.0000,0.0000,0.0565,0.0000,200,0.0155
0.0036,0.0000,0.0000,0.0000,0.0035,0.0001,200,0.0688
0.0527,0.0000,0.0000,0.0000,0.0526,0.0000,200,0.0200
0.0154,0.0000,0.0000,0.0000,0.0153,0.0000,200,0.0577
0.0103,0.0000,0.0000,0.0000,0.0102,0.0000,200,0.0629
0.0557,0.0000,0.0000,0.0000,0.0553,0.0001,200,0.0178
0.0182,0.0000,0.0000,0.0000,0.0181,0.0001,200,0.0556
0.0174,0.0000,0.0000,0.0000,0.0173,0.0000,200,0.0568
0.0447,0.0000,0.0000,0.0000,0.0447,0.0000,200,0.0296
0.0073,0.0000,0.0000,0.0000,0.0072,0.0000,200,0.0672
0.0081,0.0000,0.0000,0.0008,0.0073,0.0000,200,0.0666
0.0086,0.0000,0.0000,0.0005,0.0080,0.0000,200,0.0664
0.0114,0.0000,0.0000,0.0000,0.0107,0.0001,200,0.0641
0.0186,0.0000,0.0000,0.0000,0.0184,0.0001,200,0.0574
0.0271,0.0000,0.0000,0.0000,0.0271,0.0000,200,0.0489
0.0031,0.0000,0.0000,0.0000,0.0031,0.0000,200,0.0731
0.0031,0.0000,0.0000,0.0000,0.0030,0.0001,200,0.0732
0.0426,0.0000,0.0000,0.0000,0.0425,0.0000,200,0.0339
0.0063,0.0000,0.0000,0.0000,0.0062,0.0000,200,0.0705
0.0114,0.0000,0.0000,0.0010,0.0103,0.0000,200,0.0657
0.0015,0.0000,0.0000,0.0000,0.0014,0.0000,200,0.0762
0.0503,0.0000,0.0000,0.0000,0.0503,0.0000,200,0.0274
0.0047,0.0000,0.0000,0.0000,0.0046,0.0001,200,0.0738
0.0096,0.0000,0.0000,0.0000,0.0095,0.0000,200,0.0690
0.0202,0.0000,0.0000,0.0000,0.0200,0.0002,200,0.0587
0.0029,0.0000,0.0000,0.0000,0.0029,0.0000,200,0.0760
0.0049,0.0000,0.0000,0.0000,0.0046,0.0003,200,0.0745
0.0079,0.0000,0.0000,0.0000,0.0077,0.0002,200,0.0715
0.0216,0.0000,0.0000,0.0002,0.0213,0.0001,200,0.0582
0.0023,0.0000,0.0000,0.0000,0.0022,0.0000,200,0.0776
0.0565,0.0000,0.0000,0.0000,0.0565,0.0000,200,0.0234
0.0257,0.0000,0.0000,0.0001,0.0249,0.0005,200,0.0549
0.0037,0.0000,0.0000,0.0000,0.0036,0.0000,200,0.0771
0.0406,0.0000,0.0000,0.0000,0.0406,0.0000,200,0.0402
0.0106,0.0000,0.0000,0.0000,0.0105,0.0000,200,0.0702
0.0012,0.0000,0.0000,0.0000,0.0012,0.0000,200,0.0799
0.0128,0.0000,0.0000,0.0000,0.0127,0.0000,200,0.0686
0.0071,0.0000,0.0000,0.0000,0.0070,0.0001,200,0.0748
0.0021,0.0000,0.0000,0.0000,0.0020,0.0000,200,0.0799
0.0013,0.0000,0.0000,0.0000,0.0012,0.0000,200,0.0807
0.0055,0.0000,0.0000,0.0000,0.0054,0.0000,200,0.0768
0.0039,0.0000,0.0000,0.0001,0.0034,0.0004,200,0.0786
0.0133,0.0000,0.0000,0.0000,0.0132,0.0000,200,0.0693
0.0221,0.0000,0.0000,0.0000,0.0220,0.0000,200,0.0607
0.0077,0.0000,0.0000,0.0000,0.0074,0.0002,200,0.0755
0.0072,0.0000,0.0000,0.0000,0.0071,0.0001,200,0.0761
0.0092,0.0000,0.0000,0.0000,0.0088,0.0002,200,0.0741
0.0496,0.0000,0.0000,0.0000,0.0495,0.0001,200,0.0340
0.0050,0.0000,0.0000,0.0001,0.0047,0.0000,200,0.0789
0.0121,0.0000,0.0000,0.0000,0.0118,0.0003,200,0.0723
0.0156,0.0000,0.0000,0.0000,0.0154,0.0001,200,0.0689
0.0017,0.0000,0.0000,0.0000,0.0011,0.0004,200,0.0828
0.0410,0.0000,0.0000,0.0000,0.0408,0.0000,200,0.0436
0.0099,0.0000,0.0000,0.0000,0.0096,0.0002,200,0.0750
0.0428,0.0000,0.0000,0.0000,0.0427,0.0001,200,0.0425
0.0021,0.0000,0.0000,0.0000,0.0018,0.0002,200,0.0831
0.0043,0.0000,0.0000,0.0000,0.0041,0.0000,200,0.0811
0.0331,0.0000,0.0000,0.0000,0.0330,0.0001,200,0.0526
0.0051,0.0000,0.0000,0.0000,0.0050,0.0000,200,0.0808
0.0128,0.0000,0.0000,0.0001,0.0125,0.0002,200,0.0735
0.0279,0.0000,0.0000,0.0000,0.0276,0.0003,200,0.0587
0.0034,0.0000,0.0000,0.0000,0.0033,0.0000,200,0.0834
0.0047,0.0000,0.0000,0.0000,0.0046,0.0001,200,0.0820
0.0164,0.0000,0.0000,0.0000,0.0163,0.0001,200,0.0707
0.0013,0.0000,0.0000,0.0000,0.0011,0.0000,200,0.0859
0.0020,0.0000,0.0000,0.0000,0.0019,0.0000,200,0.0857
0.0191,0.0000,0.0000,0.0000,0.0190,0.0001,200,0.0686
0.0046,0.0000,0.0000,0.0000,0.0045,0.0000,200,0.0833
0.0227,0.0000,0.0000,0.0001,0.0210,0.0003,200,0.0657
0.0353,0.0000,0.0000,0.0000,0.0352,0.0000,200,0.0531
0.0100,0.0000,0.0000,0.0000,0.0099,0.0001,200,0.0789
0.0163,0.0000,0.0000,0.0000,0.0161,0.0002,200,0.0726
0.0036,0.0000,0.0000,0.0000,0.0035,0.0000,200,0.0854
0.0097,0.0000,0.0000,0.0000,0.0091,0.0006,200,0.0794
0.0847,0.0002,0.0000,0.0031,0.0814,0.0000,200,0.0045
0.0081,0.0000,0.0000,0.0001,0.0074,0.0003,200,0.0818
0.0032,0.0000,0.0000,0.0000,0.0029,0.0002,200,0.0867
0.0114,0.0000,0.0000,0.0000,0.0110,0.0003,200,0.0786
0.0288,0.0000,0.0000,0.0000,0.0287,0.0000,200,0.0613
0.0077,0.0000,0.0000,0.0002,0.0071,0.0004,200,0.0826
0.0383,0.0000,0.0000,0.0000,0.0383,0.0000,200,0.0520
0.0065,0.0000,0.0000,0.0000,0.0064,0.0001,200,0.0844
0.0216,0.0000,0.0000,0.0000,0.0213,0.0003,200,0.0697
0.0106,0.0000,0.0000,0.0000,0.0106,0.0000,200,0.0807
0.0042,0.0000,0.0000,0.0000,0.0040,0.0001,200,0.0877
0.0047,0.0000,0.0000,0.0000,0.0042,0.0003,200,0.0872
0.0053,0.0000,0.0000,0.0000,0.0051,0.0001,200,0.0867
0.0201,0.0000,0.0000,0.0000,0.0199,0.0002,200,0.0721
0.0024,0.0000,0.0000,0.0000,0.0024,0.0000,200,0.0903
0.0213,0.0000,0.0000,0.0000,0.0213,0.0000,200,0.0715
0.0211,0.0000,0.0000,0.0000,0.0210,0.0000,200,0.0719
0.0084,0.0000,0.0000,0.0000,0.0084,0.0000,200,0.0849
0.0081,0.0000,0.0000,0.0000,0.0078,0.0000,200,0.0852
0.0172,0.0000,0.0000,0.0000,0.0171,0.0001,200,0.0763
0.0116,0.0000,0.0000,0.0000,0.0114,0.0000,200,0.0823
0.0009,0.0000,0.0000,0.0000,0.0008,0.0001,200,0.0933
0.0009,0.0000,0.0000,0.0000,0.0008,0.0000,200,0.0935
0.0054,0.0000,0.0000,0.0002,0.0052,0.0000,200,0.0892
0.0077,0.0000,0.0000,0.0001,0.0073,0.0000,200,0.0872
0.0208,0.0000,0.0000,0.0000,0.0207,0.0001,200,0.0743
0.0045,0.0000,0.0000,0.0002,0.0041,0.0001,200,0.0909
0.0136,0.0000,0.0000,0.0000,0.0135,0.0000,200,0.0820
0.0078,0.0000,0.0000,0.0000,0.0075,0.0000,200,0.0879
0.0193,0.0000,0.0000,0.0000,0.0193,0.0000,200,0.0765
0.0185,0.0000,0.0000,0.0002,0.0182,0.0001,200,0.0777
0.0104,0.0000,0.0000,0.0000,0.0103,0.0000,200,0.0863
0.0069,0.0000,0.0000,0.0000,0.0068,0.0000,200,0.0900
0.0011,0.0000,0.0000,0.0000,0.0010,0.0000,200,0.0959
0.0025,0.0000,0.0000,0.0000,0.0024,0.0000,200,0.0954
0.0080,0.0000,0.0000,0.0000,0.0079,0.0000,200,0.0899
0.0060,0.0000,0.0000,0.0000,0.0059,0.0000,200,0.0920
0.0052,0.0000,0.0000,0.0000,0.0048,0.0004,200,0.0930
0.0033,0.0000,0.0000,0.0000,0.0033,0.0000,200,0.0949
0.0067,0.0000,0.0000,0.0000,0.0063,0.0001,200,0.0920
0.0073,0.0000,0.0000,0.0000,0.0073,0.0000,200,0.0914
0.0176,0.0000,0.0000,0.0000,0.0175,0.0000,200,0.0814
0.0450,0.0000,0.0000,0.0000,0.0449,0.0001,200,0.0545
0.0041,0.0000,0.0000,0.0000,0.0041,0.0000,200,0.0956
0.0133,0.0000,0.0000,0.0000,0.0131,0.0001,200,0.0866
0.0206,0.0000,0.0000,0.0000,0.0205,0.0000,200,0.0794
0.0024,0.0000,0.0000,0.0000,0.0023,0.0000,200,0.0979
0.0021,0.0000,0.0000,0.0001,0.0020,0.0000,200,0.0986
0.0012,0.0000,0.0000,0.0000,0.0011,0.0000,200,0.0997
0.0166,0.0000,0.0000,0.0000,0.0165,0.0001,200,0.0845
0.0410,0.0000,0.0000,0.0000,0.0408,0.0001,200,0.0605
0.0019,0.0000,0.0000,0.0000,0.0017,0.0001,200,0.1002
0.0022,0.0000,0.0000,0.0001,0.0020,0.0000,200,0.1000
0.0024,0.0000,0.0000,0.0000,0.0023,0.0001,200,0.1001
0.0082,0.0000,0.0000,0.0000,0.0081,0.0000,200,0.0945
0.0189,0.0000,0.0000,0.0000,0.0188,0.0000,200,0.0839
0.0140,0.0000,0.0000,0.0000,0.0138,0.0001,200,0.0892
0.0109,0.0000,0.0000,0.0000,0.0108,0.0000,200,0.0928
0.0148,0.0000,0.0000,0.0001,0.0145,0.0000,200,0.0889
0.0009,0.0000,0.0000,0.0000,0.0007,0.0001,200,0.1032
0.0121,0.0000,0.0000,0.0000,0.0116,0.0005,200,0.0928
0.0203,0.0000,0.0000,0.0000,0.0201,0.0002,200,0.0845
0.0161,0.0000,0.0000,0.0000,0.0160,0.0000,200,0.0890
0.0064,0.0000,0.0000,0.0001,0.0062,0.0000,200,0.0990
0.0086,0.0000,0.0000,0.0000,0.0084,0.0002,200,0.0970
0.0205,0.0000,0.0000,0.0000,0.0202,0.0002,200,0.0853
0.0018,0.0000,0.0000,0.0000,0.0017,0.0000,200,0.1041
0.0109,0.0000,0.0000,0.0000,0.0108,0.0000,200,0.0951
0.0392,0.0000,0.0000,0.0000,0.0375,0.0001,200,0.0670
0.0057,0.0000,0.0000,0.0000,0.0056,0.0000,200,0.1014
0.0066,0.0000,0.0000,0.0000,0.0065,0.0001,200,0.1009
0.0355,0.0000,0.0000,0.0000,0.0355,0.0000,200,0.0721
0.0028,0.0000,0.0000,0.0002,0.0023,0.0002,200,0.1053
0.0070,0.0000,0.0000,0.0000,0.0069,0.0000,200,0.1011
0.0050,0.0000,0.0000,0.0000,0.0049,0.0001,200,0.1036
0.0171,0.0000,0.0000,0.0000,0.0169,0.0000,200,0.0918
0.0029,0.0000,0.0000,0.0000,0.0026,0.0001,200,0.1062
0.0046,0.0000,0.0000,0.0000,0.0042,0.0002,200,0.1056
0.0157,0.0000,0.0000,0.0000,0.0156,0.0001,200,0.0945
0.0045,0.0000,0.0000,0.0000,0.0045,0.0000,200,0.1058
0.0066,0.0000,0.0000,0.0000,0.0065,0.0001,200,0.1038
0.0141,0.0000,0.0000,0.0000,0.0139,0.0001,200,0.0969
0.0134,0.0000,0.0000,0.0000,0.0132,0.0001,200,0.0980
0.0203,0.0000,0.0000,0.0000,0.0202,0.0000,200,0.0914
0.0017,0.0000,0.0000,0.0000,0.0016,0.0000,200,0.1103
0.0227,0.0000,0.0000,0.0000,0.0225,0.0002,200,0.0900
0.0053,0.0000,0.0000,0.0000,0.0050,0.0003,200,0.1076
0.0058,0.0000,0.0000,0.0000,0.0058,0.0000,200,0.1071
0.0044,0.0000,0.0000,0.0000,0.0042,0.0001,200,0.1092
0.0113,0.0000,0.0000,0.0000,0.0113,0.0000,200,0.1026
0.0085,0.0000,0.0000,0.0000,0.0084,0.0001,200,0.1059
0.0100,0.0000,0.0000,0.0000,0.0097,0.0000,200,0.1049
0.0028,0.0000,0.0000,0.0000,0.0025,0.0002,200,0.1127
0.0284,0.0000,0.0000,0.0000,0.0282,0.0002,200,0.0877
0.0137,0.0000,0.0000,0.0000,0.0136,0.0000,200,0.1024
0.0189,0.0000,0.0000,0.0000,0.0185,0.0003,200,0.0980
0.0094,0.0000,0.0000,0.0000,0.0093,0.0001,200,0.1076
0.0235,0.0000,0.0000,0.0000,0.0234,0.0000,200,0.0939
0.0187,0.0000,0.0000,0.0000,0.0186,0.0000,200,0.0987
0.0129,0.0000,0.0000,0.0002,0.0124,0.0002,200,0.1050
0.0371,0.0000,0.0000,0.0000,0.0371,0.0000,200,0.0808
0.0242,0.0000,0.0000,0.0000,0.0242,0.0000,200,0.0942
0.0227,0.0000,0.0000,0.0000,0.0225,0.0001,200,0.0961
0.0167,0.0000,0.0000,0.0000,0.0167,0.0000,200,0.1021
0.0397,0.0000,0.0000,0.0003,0.0393,0.0001,200,0.0797
0.0274,0.0000,0.0000,0.0000,0.0273,0.0001,200,0.0922
0.0193,0.0000,0.0000,0.0000,0.0191,0.0000,200,0.1008
0.0314,0.0000,0.0000,0.0000,0.0313,0.0000,200,0.0890
0.0038,0.0000,0.0000,0.0000,0.0037,0.0000,200,0.1168
0.0193,0.0000,0.0000,0.0000,0.0192,0.0000,200,0.1021
0.0373,0.0000,0.0000,0.0000,0.0371,0.0001,200,0.0844
0.0109,0.0000,0.0000,0.0000,0.0108,0.0000,200,0.1110
0.0124,0.0000,0.0000,0.0000,0.0122,0.0001,200,0.1103
0.0061,0.0000,0.0000,0.0000,0.0060,0.0000,200,0.1174
0.0028,0.0000,0.0000,0.0000,0.0025,0.0001,200,0.1206
0.0276,0.0000,0.0000,0.0000,0.0273,0.0002,200,0.0967
0.0160,0.0000,0.0000,0.0000,0.0159,0.0000,200,0.1087
0.0347,0.0000,0.0000,0.0000,0.0347,0.0000,200,0.0900
0.0040,0.0000,0.0000,0.0000,0.0037,0.0003,200,0.1214
0.0114,0.0000,0.0000,0.0003,0.0111,0.0000,200,0.1140
0.0325,0.0000,0.0000,0.0003,0.0321,0.0000,200,0.0933
0.0183,0.0000,0.0000,0.0000,0.0179,0.0003,200,0.1081
0.0428,0.0000,0.0000,0.0002,0.0426,0.0000,200,0.0836
0.0033,0.0000,0.0000,0.0000,0.0028,0.0004,200,0.1234
0.0072,0.0000,0.0000,0.0000,0.0070,0.0001,200,0.1196
0.0088,0.0000,0.0000,0.0000,0.0085,0.0003,200,0.1184
0.0099,0.0000,0.0000,0.0000,0.0098,0.0000,200,0.1173
0.0141,0.0000,0.0000,0.0000,0.0140,0.0001,200,0.1136
0.0148,0.0000,0.0000,0.0000,0.0147,0.0000,200,0.1129
0.0027,0.0000,0.0000,0.0000,0.0025,0.0000,200,0.1254
0.0161,0.0000,0.0000,0.0000,0.0160,0.0000,200,0.1121
0.0010,0.0000,0.0000,0.0000,0.0009,0.0000,200,0.1277
0.0111,0.0000,0.0000,0.0000,0.0108,0.0001,200,0.1179
0.0033,0.0000,0.0000,0.0000,0.0032,0.0000,200,0.1258
0.0309,0.0000,0.0000,0.0000,0.0309,0.0000,200,0.0982
0.0031,0.0000,0.0000,0.0000,0.0030,0.0000,200,0.1263
0.0194,0.0000,0.0000,0.0000,0.0193,0.0000,200,0.1102
0.0144,0.0000,0.0000,0.0001,0.0142,0.0000,200,0.1155
0.0009,0.0000,0.0000,0.0000,0.0009,0.0000,200,0.1294
0.0313,0.0000,0.0000,0.0000,0.0312,0.0001,200,0.0995
0.0034,0.0000,0.0000,0.0003,0.0030,0.0001,200,0.1277
0.0049,0.0000,0.0000,0.0000,0.0048,0.0001,200,0.1267
0.0118,0.0000,0.0000,0.0000,0.0116,0.0002,200,0.1204
0.0049,0.0000,0.0000,0.0003,0.0046,0.0000,200,0.1273
0.0267,0.0000,0.0000,0.0000,0.0265,0.0002,200,0.1059
0.0502,0.0000,0.0000,0.0000,0.0501,0.0000,200,0.0825
0.0042,0.0000,0.0000,0.0000,0.0041,0.0002,200,0.1291
0.0155,0.0000,0.0000,0.0000,0.0153,0.0000,200,0.1179
0.0194,0.0000,0.0000,0.0001,0.0192,0.0000,200,0.1144
0.0147,0.0000,0.0000,0.0000,0.0146,0.0000,200,0.1195
0.0200,0.0000,0.0000,0.0000,0.0199,0.0000,200,0.1149
0.0025,0.0000,0.0000,0.0000,0.0024,0.0000,200,0.1327
0.0044,0.0000,0.0000,0.0001,0.0035,0.0006,200,0.1308
0.0267,0.0000,0.0000,0.0000,0.0266,0.0000,200,0.1089
0.0073,0.0000,0.0000,0.0000,0.0073,0.0000,200,0.1287
0.0065,0.0000,0.0000,0.0000,0.0065,0.0000,200,0.1299
0.0034,0.0000,0.0000,0.0000,0.0033,0.0000,200,0.1334
0.0082,0.0000,0.0000,0.0000,0.0081,0.0001,200,0.1290
0.0111,0.0000,0.0000,0.0000,0.0110,0.0000,200,0.1264
0.0068,0.0000,0.0000,0.0000,0.0066,0.0000,200,0.1311
0.0116,0.0000,0.0000,0.0000,0.0115,0.0001,200,0.1268
0.0154,0.0000,0.0000,0.0000,0.0153,0.0000,200,0.1234
0.0137,0.0000,0.0000,0.0002,0.0133,0.0001,200,0.1254
0.0036,0.0000,0.0000,0.0000,0.0035,0.0001,200,0.1357
0.0172,0.0000,0.0000,0.0000,0.0169,0.0003,200,0.1227
0.0152,0.0000,0.0000,0.0000,0.0151,0.0001,200,0.1248
0.0072,0.0000,0.0000,0.0000,0.0069,0.0003,200,0.1335
0.0524,0.0000,0.0000,0.0000,0.0523,0.0000,200,0.0883
0.0047,0.0000,0.0000,0.0000,0.0046,0.0001,200,0.1364
0.0007,0.0000,0.0000,0.0000,0.0006,0.0000,200,0.1406
0.0231,0.0000,0.0000,0.0000,0.0228,0.0002,200,0.1188
0.0202,0.0000,0.0000,0.0000,0.0201,0.0000,200,0.1219
0.0297,0.0000,0.0000,0.0000,0.0295,0.0002,200,0.1129
0.0227,0.0000,0.0000,0.0000,0.0220,0.0001,200,0.1200
0.0154,0.0000,0.0000,0.0002,0.0151,0.0001,200,0.1281
0.0020,0.0000,0.0000,0.0002,0.0017,0.0001,200,0.1419
0.0283,0.0000,0.0000,0.0000,0.0281,0.0002,200,0.1161
0.0275,0.0000,0.0000,0.0000,0.0275,0.0000,200,0.1170
0.0546,0.0000,0.0000,0.0001,0.0543,0.0001,200,0.0903
0.0110,0.0000,0.0000,0.0000,0.0109,0.0000,200,0.1343
0.0044,0.0000,0.0000,0.0001,0.0042,0.0000,200,0.1413
0.0341,0.0000,0.0000,0.0000,0.0341,0.0000,200,0.1117
0.0023,0.0000,0.0000,0.0000,0.0021,0.0001,200,0.1439
0.0060,0.0000,0.0000,0.0000,0.0060,0.0001,200,0.1407
0.0159,0.0000,0.0000,0.0000,0.0158,0.0000,200,0.1316
0.0017,0.0000,0.0000,0.0000,0.0017,0.0000,200,0.1458
0.0429,0.0000,0.0000,0.0001,0.0427,0.0000,200,0.1049
0.0209,0.0000,0.0000,0.0000,0.0208,0.0000,200,0.1273
0.0237,0.0000,0.0000,0.0000,0.0236,0.0001,200,0.1247
0.0041,0.0000,0.0000,0.0000,0.0040,0.0001,200,0.1445
0.0011,0.0000,0.0000,0.0000,0.0010,0.0000,200,0.1478
0.0027,0.0000,0.0000,0.0000,0.0025,0.0001,200,0.1467
0.0035,0.0000,0.0000,0.0000,0.0034,0.0000,200,0.1463
0.0202,0.0000,0.0000,0.0000,0.0198,0.0003,200,0.1296
0.0112,0.0000,0.0000,0.0000,0.0112,0.0000,200,0.1388
0.0166,0.0000,0.0000,0.0000,0.0165,0.0001,200,0.1338
0.0097,0.0000,0.0000,0.0000,0.0096,0.0000,200,0.1411
0.0059,0.0000,0.0000,0.0000,0.0057,0.0002,200,0.1449
0.0028,0.0000,0.0000,0.0001,0.0026,0.0001,200,0.1484
0.0193,0.0000,0.0000,0.0000,0.0191,0.0001,200,0.1322
0.0189,0.0000,0.0000,0.0001,0.0187,0.0000,200,0.1327
0.0121,0.0000,0.0000,0.0000,0.0120,0.0001,200,0.1399
0.0128,0.0000,0.0000,0.0000,0.0127,0.0001,200,0.1393
0.0041,0.0000,0.0000,0.0000,0.0040,0.0001,200,0.1482
0.0176,0.0000,0.0000,0.0002,0.0174,0.0000,200,0.1348
0.0029,0.0000,0.0000,0.0000,0.0028,0.0000,200,0.1498
0.0345,0.0000,0.0000,0.0001,0.0343,0.0002,200,0.1188
0.0048,0.0000,0.0000,0.0001,0.0045,0.0000,200,0.1486
0.0093,0.0000,0.0000,0.0000,0.0092,0.0000,200,0.1445
0.0148,0.0000,0.0000,0.0000,0.0147,0.0001,200,0.1392
0.0301,0.0000,0.0000,0.0000,0.0300,0.0001,200,0.1243
0.0443,0.0000,0.0000,0.0000,0.0442,0.0000,200,0.1102
0.0031,0.0000,0.0000,0.0001,0.0028,0.0002,200,0.1514
0.0243,0.0000,0.0000,0.0000,0.0242,0.0000,200,0.1304
0.0053,0.0000,0.0000,0.0000,0.0052,0.0000,200,0.1494
0.0596,0.0000,0.0000,0.0000,0.0595,0.0001,200,0.0957
0.0068,0.0000,0.0000,0.0000,0.0062,0.0001,200,0.1489
0.0102,0.0000,0.0000,0.0000,0.0101,0.0000,200,0.1457
0.0181,0.0000,0.0000,0.0000,0.0181,0.0000,200,0.1379
0.0041,0.0000,0.0000,0.0000,0.0039,0.0000,200,0.1525
0.0488,0.0000,0.0000,0.0000,0.0487,0.0001,200,0.1081
0.0459,0.0000,0.0000,0.0000,0.0458,0.0001,200,0.1114
0.0027,0.0000,0.0000,0.0000,0.0026,0.0000,200,0.1557
0.0162,0.0000,0.0000,0.0000,0.0162,0.0000,200,0.1421
0.0174,0.0000,0.0000,0.0001,0.0165,0.0008,200,0.1426
0.0053,0.0000,0.0000,0.0000,0.0052,0.0001,200,0.1546
0.0217,0.0000,0.0000,0.0000,0.0216,0.0001,200,0.1383
0.0085,0.0000,0.0000,0.0000,0.0072,0.0012,200,0.1521
0.0049,0.0000,0.0000,0.0000,0.0048,0.0000,200,0.1560
0.0257,0.0000,0.0000,0.0002,0.0249,0.0003,200,0.1352
0.0031,0.0000,0.0000,0.0000,0.0023,0.0000,200,0.1584
0.0075,0.0000,0.0000,0.0001,0.0073,0.0000,200,0.1545
0.0056,0.0000,0.0000,0.0000,0.0035,0.0020,200,0.1565
0.0169,0.0000,0.0000,0.0000,0.0156,0.0013,200,0.1453
0.0122,0.0000,0.0000,0.0000,0.0105,0.0017,200,0.1500
0.0643,0.0000,0.0000,0.0000,0.0629,0.0014,200,0.0982
0.0094,0.0000,0.0000,0.0003,0.0080,0.0011,200,0.1534
0.0745,0.0000,0.0000,0.0000,0.0744,0.0000,200,0.0883
0.0062,0.0000,0.0000,0.0000,0.0061,0.0000,200,0.1569
0.0110,0.0000,0.0000,0.0000,0.0109,0.0001,200,0.1523
0.0021,0.0000,0.0000,0.0000,0.0019,0.0001,200,0.1622
0.0615,0.0000,0.0000,0.0001,0.0612,0.0000,200,0.1029
0.0138,0.0000,0.0000,0.0000,0.0137,0.0000,200,0.1508
0.0216,0.0000,0.0000,0.0000,0.0215,0.0001,200,0.1435
0.0055,0.0000,0.0000,0.0000,0.0054,0.0000,200,0.1600
0.0052,0.0000,0.0000,0.0000,0.0033,0.0000,200,0.1606
0.0027,0.0000,0.0000,0.0002,0.0025,0.0000,200,0.1631
0.0052,0.0000,0.0000,0.0015,0.0036,0.0000,200,0.1609
0.0111,0.0000,0.0000,0.0000,0.0107,0.0003,200,0.1553
0.0056,0.0000,0.0000,0.0013,0.0042,0.0000,200,0.1609
0.0130,0.0000,0.0000,0.0000,0.0129,0.0000,200,0.1538
0.0384,0.0000,0.0000,0.0002,0.0380,0.0002,200,0.1292
0.0077,0.0000,0.0000,0.0000,0.0072,0.0000,200,0.1600
0.0400,0.0000,0.0000,0.0000,0.0399,0.0000,200,0.1281
0.0127,0.0000,0.0000,0.0000,0.0125,0.0001,200,0.1559
0.0086,0.0000,0.0000,0.0001,0.0084,0.0000,200,0.1601
0.0176,0.0000,0.0000,0.0000,0.0174,0.0002,200,0.1516
0.0019,0.0000,0.0000,0.0000,0.0009,0.0004,200,0.1680
0.0039,0.0000,0.0000,0.0000,0.0037,0.0002,200,0.1661
0.0378,0.0000,0.0000,0.0000,0.0377,0.0000,200,0.1322
0.0547,0.0000,0.0000,0.0000,0.0546,0.0001,200,0.1161
0.0492,0.0000,0.0000,0.0002,0.0488,0.0000,200,0.1218
0.0162,0.0000,0.0000,0.0000,0.0161,0.0001,200,0.1547
0.0049,0.0000,0.0000,0.0000,0.0048,0.0000,200,0.1664
0.0094,0.0000,0.0000,0.0000,0.0093,0.0000,200,0.1622
0.0099,0.0000,0.0000,0.0000,0.0098,0.0001,200,0.1621
0.0176,0.0000,0.0000,0.0000,0.0174,0.0000,200,0.1545
0.0024,0.0000,0.0000,0.0000,0.0023,0.0001,200,0.1700
0.0078,0.0000,0.0000,0.0000,0.0076,0.0001,200,0.1651
0.0381,0.0000,0.0000,0.0002,0.0377,0.0001,200,0.1351
0.0189,0.0000,0.0000,0.0000,0.0189,0.0000,200,0.1543
0.0072,0.0000,0.0000,0.0000,0.0071,0.0001,200,0.1664
0.0080,0.0000,0.0000,0.0000,0.0079,0.0001,200,0.1658
0.0119,0.0000,0.0000,0.0000,0.0118,0.0000,200,0.1625
0.0024,0.0000,0.0000,0.0000,0.0023,0.0000,200,0.1721
0.0091,0.0000,0.0000,0.0000,0.0090,0.0000,200,0.1658
0.0245,0.0000,0.0000,0.0000,0.0244,0.0000,200,0.1504
0.0105,0.0000,0.0000,0.0000,0.0105,0.0000,200,0.1668
0.0140,0.0000,0.0000,0.0000,0.0138,0.0000,200,0.1634
0.0081,0.0000,0.0000,0.0000,0.0080,0.0000,200,0.1692
0.0300,0.0000,0.0000,0.0000,0.0297,0.0000,200,0.1475
0.0404,0.0000,0.0000,0.0000,0.0404,0.0000,200,0.1372
0.0067,0.0000,0.0000,0.0000,0.0063,0.0003,200,0.1709
0.0423,0.0000,0.0000,0.0000,0.0422,0.0000,200,0.1360
0.0283,0.0000,0.0000,0.0000,0.0282,0.0000,200,0.1508
0.0152,0.0000,0.0000,0.0000,0.0151,0.0001,200,0.1646
0.0328,0.0000,0.0000,0.0000,0.0327,0.0001,200,0.1475
0.0071,0.0000,0.0000,0.0000,0.0070,0.0000,200,0.1736
0.0197,0.0000,0.0000,0.0000,0.0186,0.0000,200,0.1615
0.0320,0.0000,0.0000,0.0001,0.0318,0.0001,200,0.1498
0.0103,0.0000,0.0000,0.0000,0.0102,0.0000,200,0.1716
0.0077,0.0000,0.0000,0.0001,0.0074,0.0000,200,0.1749
0.0400,0.0000,0.0000,0.0000,0.0397,0.0002,200,0.1427
0.0306,0.0000,0.0000,0.0001,0.0304,0.0001,200,0.1527
0.0046,0.0000,0.0000,0.0001,0.0040,0.0002,200,0.1791
0.0304,0.0000,0.0000,0.0003,0.0299,0.0003,200,0.1534
0.0131,0.0000,0.0000,0.0000,0.0130,0.0000,200,0.1709
0.0017,0.0000,0.0000,0.0000,0.0016,0.0001,200,0.1827
0.0208,0.0000,0.0000,0.0000,0.0207,0.0000,200,0.1643
0.0134,0.0000,0.0000,0.0000,0.0127,0.0006,200,0.1720
0.0198,0.0000,0.0000,0.0000,0.0198,0.0000,200,0.1656
0.0014,0.0000,0.0000,0.0000,0.0013,0.0000,200,0.1844
0.0028,0.0000,0.0000,0.0000,0.0027,0.0000,200,0.1833
0.0155,0.0000,0.0000,0.0000,0.0154,0.0000,200,0.1708
0.0245,0.0000,0.0000,0.0000,0.0243,0.0002,200,0.1621
0.0031,0.0000,0.0000,0.0000,0.0030,0.0001,200,0.1838
0.0128,0.0000,0.0000,0.0000,0.0127,0.0000,200,0.1744
0.0154,0.0000,0.0000,0.0001,0.0151,0.0001,200,0.1724
0.0193,0.0000,0.0000,0.0000,0.0191,0.0000,200,0.1686
0.0506,0.0000,0.0000,0.0000,0.0505,0.0000,200,0.1375
0.0014,0.0000,0.0000,0.0000,0.0011,0.0000,200,0.1872
0.0032,0.0000,0.0000,0.0000,0.0032,0.0000,200,0.1858
0.0089,0.0000,0.0000,0.0000,0.0088,0.0001,200,0.1804
0.0047,0.0000,0.0000,0.0001,0.0044,0.0001,200,0.1851
0.0119,0.0000,0.0000,0.0000,0.0119,0.0000,200,0.1783
0.0102,0.0000,0.0000,0.0000,0.0096,0.0002,200,0.1807
0.0136,0.0000,0.0000,0.0000,0.0135,0.0000,200,0.1774
0.0077,0.0000,0.0000,0.0000,0.0077,0.0000,200,0.1837
0.0021,0.0000,0.0000,0.0000,0.0018,0.0002,200,0.1898
0.0042,0.0000,0.0000,0.0000,0.0042,0.0000,200,0.1879
0.0193,0.0000,0.0000,0.0000,0.0192,0.0000,200,0.1728
0.0112,0.0000,0.0000,0.0000,0.0111,0.0000,200,0.1812
0.0296,0.0000,0.0000,0.0000,0.0293,0.0003,200,0.1628
0.0288,0.0000,0.0000,0.0000,0.0287,0.0001,200,0.1643
0.0218,0.0000,0.0000,0.0000,0.0215,0.0002,200,0.1714
0.0024,0.0000,0.0000,0.0000,0.0023,0.0000,200,0.1909
0.0017,0.0000,0.0000,0.0002,0.0014,0.0000,200,0.1921
0.0264,0.0000,0.0000,0.0000,0.0261,0.0003,200,0.1676
0.0031,0.0000,0.0000,0.0000,0.0030,0.0000,200,0.1909
0.0028,0.0000,0.0000,0.0000,0.0026,0.0000,200,0.1914
0.0320,0.0000,0.0000,0.0000,0.0317,0.0000,200,0.1627
0.0135,0.0000,0.0000,0.0000,0.0134,0.0000,200,0.1818
0.0387,0.0000,0.0000,0.0000,0.0380,0.0000,200,0.1573
0.0076,0.0000,0.0000,0.0000,0.0075,0.0000,200,0.1885
0.0149,0.0000,0.0000,0.0000,0.0147,0.0001,200,0.1819
0.0078,0.0000,0.0000,0.0000,0.0077,0.0000,200,0.1893
0.0387,0.0000,0.0000,0.0003,0.0380,0.0000,200,0.1584
0.0238,0.0000,0.0000,0.0000,0.0237,0.0000,200,0.1738
0.0155,0.0000,0.0000,0.0000,0.0155,0.0000,200,0.1826
0.0048,0.0000,0.0000,0.0000,0.0045,0.0003,200,0.1938
0.0147,0.0000,0.0000,0.0000,0.0146,0.0001,200,0.1840
0.0139,0.0000,0.0000,0.0000,0.0138,0.0001,200,0.1854
0.0058,0.0000,0.0000,0.0002,0.0054,0.0001,200,0.1940
0.0630,0.0000,0.0000,0.0000,0.0629,0.0000,200,0.1368
0.0325,0.0000,0.0000,0.0000,0.0324,0.0000,200,0.1677
0.0074,0.0000,0.0000,0.0000,0.0073,0.0001,200,0.1933
0.0040,0.0000,0.0000,0.0000,0.0040,0.0000,200,0.1968
0.0143,0.0000,0.0000,0.0000,0.0140,0.0001,200,0.1870
0.0096,0.0000,0.0000,0.0000,0.0095,0.0001,200,0.1921
0.0048,0.0000,0.0000,0.0000,0.0047,0.0000,200,0.1971
0.0071,0.0000,0.0000,0.0000,0.0070,0.0001,200,0.1953
0.0029,0.0000,0.0000,0.0000,0.0027,0.0001,200,0.1998
0.0489,0.0000,0.0000,0.0000,0.0488,0.0001,200,0.1540
0.0148,0.0000,0.0000,0.0000,0.0148,0.0001,200,0.1890
0.0033,0.0000,0.0000,0.0000,0.0030,0.0002,200,0.2007
0.0264,0.0000,0.0000,0.0000,0.0263,0.0000,200,0.1777
0.0195,0.0000,0.0000,0.0000,0.0194,0.0000,200,0.1854
0.0042,0.0000,0.0000,0.0000,0.0037,0.0000,200,0.2008
0.0016,0.0000,0.0000,0.0000,0.0013,0.0001,200,0.2039
0.0543,0.0000,0.0000,0.0001,0.0542,0.0000,200,0.1511
0.0087,0.0000,0.0000,0.0000,0.0086,0.0000,200,0.1971
0.0140,0.0000,0.0000,0.0000,0.0138,0.0001,200,0.1924
0.0041,0.0000,0.0000,0.0000,0.0040,0.0000,200,0.2027
0.0386,0.0000,0.0000,0.0000,0.0385,0.0001,200,0.1686
0.0173,0.0000,0.0000,0.0000,0.0172,0.0001,200,0.1903
0.0210,0.0000,0.0000,0.0000,0.0209,0.0000,200,0.1866
0.0136,0.0000,0.0000,0.0000,0.0135,0.0000,200,0.1943
0.0563,0.0000,0.0000,0.0000,0.0562,0.0001,200,0.1520
0.0287,0.0000,0.0000,0.0000,0.0285,0.0000,200,0.1798
0.0150,0.0000,0.0000,0.0000,0.0149,0.0002,200,0.1939
0.0068,0.0000,0.0000,0.0000,0.0067,0.0000,200,0.2024
0.0022,0.0000,0.0000,0.0000,0.0022,0.0000,200,0.2072
0.0241,0.0000,0.0000,0.0000,0.0238,0.0002,200,0.1861
0.0120,0.0000,0.0000,0.0000,0.0117,0.0002,200,0.1987
0.0176,0.0000,0.0000,0.0000,0.0175,0.0000,200,0.1932
0.0085,0.0000,0.0000,0.0000,0.0081,0.0000,200,0.2029
0.0190,0.0000,0.0000,0.0001,0.0188,0.0000,200,0.1924
0.0344,0.0000,0.0000,0.0000,0.0343,0.0001,200,0.1773
0.0050,0.0000,0.0000,0.0000,0.0049,0.0000,200,0.2068
0.0060,0.0000,0.0000,0.0000,0.0059,0.0000,200,0.2063
0.0087,0.0000,0.0000,0.0000,0.0086,0.0000,200,0.2041
0.0271,0.0000,0.0000,0.0000,0.0269,0.0001,200,0.1864
0.0122,0.0000,0.0000,0.0001,0.0120,0.0000,200,0.2013
0.0061,0.0000,0.0000,0.0000,0.0061,0.0000,200,0.2076
0.0212,0.0000,0.0000,0.0000,0.0209,0.0001,200,0.1932
0.0013,0.0000,0.0000,0.0002,0.0009,0.0001,200,0.2135
0.0190,0.0000,0.0000,0.0000,0.0189,0.0001,200,0.1961
0.0420,0.0000,0.0000,0.0000,0.0415,0.0004,200,0.1733
0.0100,0.0000,0.0000,0.0000,0.0100,0.0000,200,0.2055
0.0022,0.0000,0.0000,0.0000,0.0022,0.0000,200,0.2137
0.0764,0.0000,0.0000,0.0000,0.0763,0.0001,200,0.1400
0.0024,0.0000,0.0000,0.0000,0.0024,0.0000,200,0.2144
0.0125,0.0000,0.0000,0.0000,0.0124,0.0000,200,0.2049
0.0104,0.0000,0.0000,0.0000,0.0102,0.0002,200,0.2075
0.0408,0.0000,0.0000,0.0000,0.0406,0.0002,200,0.1775
0.0265,0.0000,0.0000,0.0000,0.0264,0.0000,200,0.1919
0.0487,0.0000,0.0000,0.0000,0.0486,0.0001,200,0.1699
0.0197,0.0000,0.0000,0.0000,0.0196,0.0000,200,0.1992
0.0142,0.0000,0.0000,0.0000,0.0141,0.0001,200,0.2050
0.0021,0.0000,0.0000,0.0000,0.0020,0.0000,200,0.2174
0.0031,0.0000,0.0000,0.0002,0.0029,0.0000,200,0.2168
0.0455,0.0000,0.0000,0.0000,0.0454,0.0000,200,0.1749
0.0167,0.0000,0.0000,0.0000,0.0166,0.0001,200,0.2040
0.0028,0.0000,0.0000,0.0000,0.0027,0.0000,200,0.2183
0.0515,0.0000,0.0000,0.0000,0.0514,0.0000,200,0.1699
0.0023,0.0000,0.0000,0.0000,0.0022,0.0000,200,0.2195
0.0276,0.0000,0.0000,0.0000,0.0275,0.0001,200,0.1947
0.0498,0.0000,0.0000,0.0000,0.0497,0.0000,200,0.1732
0.0076,0.0000,0.0000,0.0000,0.0075,0.0000,200,0.2155
0.0240,0.0000,0.0000,0.0000,0.0238,0.0001,200,0.1997
0.0114,0.0000,0.0000,0.0000,0.0113,0.0000,200,0.2123
0.0017,0.0000,0.0000,0.0000,0.0017,0.0000,200,0.2223
0.0024,0.0000,0.0000,0.0000,0.0023,0.0001,200,0.2218
0.0036,0.0000,0.0000,0.0000,0.0031,0.0003,200,0.2214
0.0092,0.0000,0.0000,0.0000,0.0092,0.0000,200,0.2159
0.0273,0.0000,0.0000,0.0000,0.0272,0.0001,200,0.1982
0.0109,0.0000,0.0000,0.0000,0.0108,0.0000,200,0.2148
0.0172,0.0000,0.0000,0.0000,0.0171,0.0000,200,0.2085
0.0099,0.0000,0.0000,0.0001,0.0097,0.0001,200,0.2164
0.0185,0.0000,0.0000,0.0000,0.0183,0.0001,200,0.2078
0.0175,0.0000,0.0000,0.0000,0.0175,0.0000,200,0.2092
0.0079,0.0000,0.0000,0.0001,0.0078,0.0000,200,0.2189
0.0039,0.0000,0.0000,0.0000,0.0038,0.0000,200,0.2230
0.0022,0.0000,0.0000,0.0000,0.0021,0.0001,200,0.2252
0.0125,0.0000,0.0000,0.0000,0.0122,0.0002,200,0.2152
0.0023,0.0000,0.0000,0.0000,0.0022,0.0000,200,0.2255
0.0027,0.0000,0.0000,0.0000,0.0027,0.0000,200,0.2257
0.0138,0.0000,0.0000,0.0000,0.0136,0.0001,200,0.2152
0.0273,0.0000,0.0000,0.0000,0.0269,0.0003,200,0.2017
0.0549,0.0000,0.0000,0.0000,0.0549,0.0000,200,0.1744
0.0172,0.0000,0.0000,0.0000,0.0171,0.0000,200,0.2128
0.0105,0.0000,0.0000,0.0000,0.0103,0.0002,200,0.2199
0.0118,0.0000,0.0000,0.0000,0.0116,0.0002,200,0.2192
0.0229,0.0000,0.0000,0.0000,0.0228,0.0000,200,0.2083
0.0139,0.0000,0.0000,0.0000,0.0137,0.0001,200,0.2180
0.0113,0.0000,0.0000,0.0000,0.0112,0.0000,200,0.2207
0.0304,0.0000,0.0000,0.0000,0.0303,0.0000,200,0.2019
0.0059,0.0000,0.0000,0.0000,0.0058,0.0000,200,0.2268
0.0224,0.0000,0.0000,0.0000,0.0223,0.0001,200,0.2108
0.0041,0.0000,0.0000,0.0000,0.0041,0.0000,200,0.2294
0.0352,0.0000,0.0000,0.0000,0.0352,0.0000,200,0.1987
0.0032,0.0000,0.0000,0.0000,0.0030,0.0001,200,0.2311
0.0073,0.0000,0.0000,0.0000,0.0072,0.0000,200,0.2274
0.0375,0.0000,0.0000,0.0000,0.0374,0.0001,200,0.1976
0.0105,0.0000,0.0000,0.0000,0.0103,0.0002,200,0.2250
0.0038,0.0000,0.0000,0.0000,0.0038,0.0000,200,0.2323
0.0159,0.0000,0.0000,0.0000,0.0158,0.0001,200,0.2204
0.0250,0.0000,0.0000,0.0000,0.0249,0.0000,200,0.2114
0.0231,0.0000,0.0000,0.0000,0.0230,0.0000,200,0.2134
0.0032,0.0000,0.0000,0.0000,0.0031,0.0001,200,0.2335
0.0264,0.0000,0.0000,0.0001,0.0261,0.0001,200,0.2107
0.0066,0.0000,0.0000,0.0001,0.0063,0.0000,200,0.2311
0.0062,0.0000,0.0000,0.0000,0.0061,0.0001,200,0.2319
0.0043,0.0000,0.0000,0.0000,0.0042,0.0000,200,0.2340
0.0200,0.0000,0.0000,0.0001,0.0199,0.0000,200,0.2186
0.0156,0.0000,0.0000,0.0000,0.0155,0.0000,200,0.2231
0.0300,0.0000,0.0000,0.0000,0.0299,0.0001,200,0.2090
0.0119,0.0000,0.0000,0.0000,0.0118,0.0000,200,0.2277
0.0212,0.0000,0.0000,0.0000,0.0212,0.0000,200,0.2183
0.0035,0.0000,0.0000,0.0000,0.0034,0.0001,200,0.2362
0.0020,0.0000,0.0000,0.0000,0.0018,0.0001,200,0.2383
0.0354,0.0000,0.0000,0.0000,0.0351,0.0003,200,0.2054
0.0119,0.0000,0.0000,0.0000,0.0118,0.0000,200,0.2290
0.0146,0.0000,0.0000,0.0000,0.0146,0.0000,200,0.2267
0.0305,0.0000,0.0000,0.0000,0.0301,0.0004,200,0.2114
0.0104,0.0000,0.0000,0.0000,0.0103,0.0001,200,0.2319
0.0038,0.0000,0.0000,0.0000,0.0037,0.0000,200,0.2387
0.0031,0.0000,0.0000,0.0000,0.0031,0.0000,200,0.2396
0.0037,0.0000,0.0000,0.0000,0.0031,0.0003,200,0.2396
0.0170,0.0000,0.0000,0.0000,0.0169,0.0000,200,0.2263
0.0196,0.0000,0.0000,0.0000,0.0196,0.0000,200,0.2237
0.0175,0.0000,0.0000,0.0000,0.0173,0.0002,200,0.2263
0.0322,0.0000,0.0000,0.0000,0.0322,0.0000,200,0.2117
0.0053,0.0000,0.0000,0.0000,0.0051,0.0001,200,0.2389
0.0346,0.0000,0.0000,0.0000,0.0345,0.0000,200,0.2101
0.0674,0.0000,0.0000,0.0000,0.0673,0.0000,200,0.1774
0.0062,0.0000,0.0000,0.0000,0.0061,0.0000,200,0.2387
0.0574,0.0000,0.0000,0.0000,0.0573,0.0000,200,0.1878
0.0073,0.0000,0.0000,0.0000,0.0072,0.0000,200,0.2381
0.0179,0.0000,0.0000,0.0000,0.0178,0.0001,200,0.2277
0.0682,0.0000,0.0000,0.0000,0.0681,0.0000,200,0.1777
0.0226,0.0000,0.0000,0.0000,0.0226,0.0000,200,0.2237
0.0119,0.0000,0.0000,0.0000,0.0117,0.0000,200,0.2347
0.0043,0.0000,0.0000,0.0000,0.0042,0.0001,200,0.2427
0.0064,0.0000,0.0000,0.0000,0.0063,0.0000,200,0.2408
0.0132,0.0000,0.0000,0.0002,0.0128,0.0001,200,0.2343
0.0058,0.0000,0.0000,0.0000,0.0057,0.0000,200,0.2419
0.0067,0.0000,0.0000,0.0004,0.0062,0.0000,200,0.2413
0.0602,0.0000,0.0000,0.0000,0.0601,0.0000,200,0.1880
0.0041,0.0000,0.0000,0.0000,0.0038,0.0003,200,0.2447
0.0191,0.0000,0.0000,0.0000,0.0189,0.0001,200,0.2300
0.0037,0.0000,0.0000,0.0000,0.0036,0.0000,200,0.2454
0.0023,0.0000,0.0000,0.0001,0.0021,0.0001,200,0.2472
0.0125,0.0000,0.0000,0.0000,0.0124,0.0000,200,0.2371
0.0137,0.0000,0.0000,0.0000,0.0135,0.0002,200,0.2365
0.0147,0.0000,0.0000,0.0002,0.0145,0.0000,200,0.2355
0.0074,0.0000,0.0000,0.0000,0.0074,0.0000,200,0.2433
0.0134,0.0000,0.0000,0.0000,0.0132,0.0001,200,0.2377
0.0271,0.0000,0.0000,0.0000,0.0270,0.0001,200,0.2242
0.0039,0.0000,0.0000,0.0000,0.0038,0.0000,200,0.2477
0.0065,0.0000,0.0000,0.0000,0.0064,0.0000,200,0.2452
0.0232,0.0000,0.0000,0.0000,0.0231,0.0001,200,0.2290
0.0104,0.0000,0.0000,0.0000,0.0100,0.0003,200,0.2425
0.0048,0.0000,0.0000,0.0000,0.0047,0.0001,200,0.2480
0.0015,0.0000,0.0000,0.0000,0.0014,0.0001,200,0.2516
0.0087,0.0000,0.0000,0.0000,0.0086,0.0000,200,0.2449
0.0090,0.0000,0.0000,0.0000,0.0089,0.0000,200,0.2447
0.0081,0.0000,0.0000,0.0000,0.0080,0.0001,200,0.2459
0.0034,0.0000,0.0000,0.0000,0.0032,0.0000,200,0.2507
0.0105,0.0000,0.0000,0.0000,0.0102,0.0002,200,0.2439
0.0030,0.0000,0.0000,0.0000,0.0029,0.0000,200,0.2516
0.0093,0.0000,0.0000,0.0000,0.0092,0.0001,200,0.2456
0.0023,0.0000,0.0000,0.0000,0.0023,0.0000,200,0.2528
0.0091,0.0000,0.0000,0.0000,0.0089,0.0000,200,0.2464
0.0061,0.0000,0.0000,0.0000,0.0060,0.0000,200,0.2496
0.0257,0.0000,0.0000,0.0001,0.0255,0.0000,200,0.2304
0.0199,0.0000,0.0000,0.0000,0.0199,0.0000,200,0.2367
0.0209,0.0000,0.0000,0.0000,0.0208,0.0000,200,0.2362
0.0361,0.0000,0.0000,0.0000,0.0360,0.0001,200,0.2211
0.0174,0.0000,0.0000,0.0000,0.0173,0.0001,200,0.2402
0.0298,0.0000,0.0000,0.0000,0.0297,0.0000,200,0.2284
0.0050,0.0000,0.0000,0.0000,0.0050,0.0000,200,0.2536
0.0119,0.0000,0.0000,0.0000,0.0117,0.0002,200,0.2470
0.0478,0.0000,0.0000,0.0000,0.0473,0.0004,200,0.2118
0.0086,0.0000,0.0000,0.0000,0.0085,0.0001,200,0.2513
0.0109,0.0000,0.0000,0.0000,0.0105,0.0004,200,0.2495
0.0065,0.0000,0.0000,0.0000,0.0061,0.0003,200,0.2539
0.0056,0.0000,0.0000,0.0000,0.0052,0.0004,200,0.2549
0.0242,0.0000,0.0000,0.0000,0.0238,0.0004,200,0.2364
0.0255,0.0000,0.0000,0.0000,0.0249,0.0006,200,0.2351
0.0036,0.0000,0.0000,0.0000,0.0035,0.0000,200,0.2572
0.0200,0.0000,0.0000,0.0000,0.0200,0.0000,200,0.2409
0.0043,0.0000,0.0000,0.0000,0.0042,0.0000,200,0.2567
0.0058,0.0000,0.0000,0.0000,0.0056,0.0000,200,0.2555
0.0174,0.0000,0.0000,0.0000,0.0173,0.0000,200,0.2442
0.0155,0.0000,0.0000,0.0000,0.0153,0.0002,200,0.2466
0.0384,0.0000,0.0000,0.0000,0.0383,0.0001,200,0.2241
0.0142,0.0000,0.0000,0.0000,0.0141,0.0000,200,0.2482
0.0046,0.0000,0.0000,0.0000,0.0042,0.0000,200,0.2582
0.0145,0.0000,0.0000,0.0001,0.0143,0.0000,200,0.2488
0.0009,0.0000,0.0000,0.0000,0.0008,0.0000,200,0.2628
0.0077,0.0000,0.0000,0.0000,0.0076,0.0000,200,0.2561
0.0143,0.0000,0.0000,0.0000,0.0143,0.0000,200,0.2503
0.0066,0.0000,0.0000,0.0001,0.0064,0.0001,200,0.2586
0.0255,0.0000,0.0000,0.0000,0.0255,0.0000,200,0.2397
0.0167,0.0000,0.0000,0.0002,0.0163,0.0002,200,0.2491
0.0063,0.0000,0.0000,0.0002,0.0061,0.0000,200,0.2596
0.0025,0.0000,0.0000,0.0000,0.0022,0.0003,200,0.2636
0.0159,0.0000,0.0000,0.0000,0.0158,0.0001,200,0.2503
0.0567,0.0000,0.0000,0.0000,0.0566,0.0001,200,0.2095
0.0050,0.0000,0.0000,0.0000,0.0050,0.0000,200,0.2616
0.0608,0.0000,0.0000,0.0000,0.0601,0.0002,200,0.2058
0.0195,0.0000,0.0000,0.0000,0.0193,0.0001,200,0.2475
0.0069,0.0000,0.0000,0.0000,0.0068,0.0001,200,0.2606
0.0246,0.0000,0.0000,0.0000,0.0242,0.0003,200,0.2433
0.0258,0.0000,0.0000,0.0000,0.0257,0.0000,200,0.2423
0.0427,0.0000,0.0000,0.0000,0.0426,0.0000,200,0.2257
0.0035,0.0000,0.0000,0.0000,0.0033,0.0002,200,0.2652
0.0151,0.0000,0.0000,0.0001,0.0149,0.0000,200,0.2542
0.0090,0.0000,0.0000,0.0000,0.0085,0.0005,200,0.2604
0.0696,0.0000,0.0000,0.0000,0.0695,0.0000,200,0.2002
0.0099,0.0000,0.0000,0.0000,0.0097,0.0002,200,0.2606
0.0166,0.0000,0.0000,0.0000,0.0162,0.0003,200,0.2546
0.0113,0.0000,0.0000,0.0000,0.0107,0.0005,200,0.2599
0.0169,0.0000,0.0000,0.0000,0.0167,0.0000,200,0.2544
0.0203,0.0000,0.0000,0.0000,0.0200,0.0000,200,0.2511
0.0037,0.0000,0.0000,0.0000,0.0036,0.0001,200,0.2681
0.0042,0.0000,0.0000,0.0000,0.0040,0.0001,200,0.2679
0.0115,0.0000,0.0000,0.0000,0.0115,0.0000,200,0.2609
0.0018,0.0000,0.0000,0.0000,0.0014,0.0004,200,0.2713
0.0099,0.0000,0.0000,0.0000,0.0099,0.0001,200,0.2633
0.0019,0.0000,0.0000,0.0000,0.0019,0.0000,200,0.2713
0.0013,0.0000,0.0000,0.0000,0.0012,0.0000,200,0.2724
0.0102,0.0000,0.0000,0.0000,0.0102,0.0000,200,0.2638
0.0138,0.0000,0.0000,0.0000,0.0137,0.0000,200,0.2608
0.0029,0.0000,0.0000,0.0000,0.0029,0.0000,200,0.2718
0.0145,0.0000,0.0000,0.0000,0.0144,0.0000,200,0.2604
0.0225,0.0000,0.0000,0.0000,0.0225,0.0000,200,0.2528
0.0071,0.0000,0.0000,0.0000,0.0068,0.0003,200,0.2688
0.0103,0.0000,0.0000,0.0000,0.0102,0.0000,200,0.2667
0.0214,0.0000,0.0000,0.0000,0.0213,0.0000,200,0.2557
0.0073,0.0000,0.0000,0.0000,0.0071,0.0001,200,0.2698
0.0166,0.0000,0.0000,0.0000,0.0166,0.0000,200,0.2605
0.0241,0.0000,0.0000,0.0000,0.0240,0.0000,200,0.2531
0.0078,0.0000,0.0000,0.0000,0.0077,0.0000,200,0.2694
0.0251,0.0000,0.0000,0.0000,0.0249,0.0000,200,0.2521
0.0150,0.0000,0.0000,0.0000,0.0150,0.0000,200,0.2625
0.0029,0.0000,0.0000,0.0000,0.0028,0.0001,200,0.2749
0.0245,0.0000,0.0000,0.0000,0.0243,0.0001,200,0.2537
0.0122,0.0000,0.0000,0.0000,0.0122,0.0000,200,0.2662
0.0019,0.0000,0.0000,0.0000,0.0017,0.0002,200,0.2771
0.0464,0.0000,0.0000,0.0000,0.0463,0.0001,200,0.2327
0.0123,0.0000,0.0000,0.0000,0.0122,0.0000,200,0.2670
0.0836,0.0000,0.0000,0.0000,0.0833,0.0000,200,0.1959
0.0176,0.0000,0.0000,0.0002,0.0173,0.0000,200,0.2621
0.0367,0.0000,0.0000,0.0000,0.0366,0.0001,200,0.2434
0.0196,0.0000,0.0000,0.0000,0.0195,0.0001,200,0.2609
0.0079,0.0000,0.0000,0.0000,0.0078,0.0001,200,0.2732
0.0042,0.0000,0.0000,0.0000,0.0041,0.0000,200,0.2771
0.0077,0.0000,0.0000,0.0000,0.0076,0.0000,200,0.2740
0.0163,0.0000,0.0000,0.0000,0.0162,0.0000,200,0.2659
0.0035,0.0000,0.0000,0.0000,0.0034,0.0000,200,0.2790
0.0052,0.0000,0.0000,0.0000,0.0051,0.0000,200,0.2778
0.0048,0.0000,0.0000,0.0000,0.0047,0.0001,200,0.2782
0.0016,0.0000,0.0000,0.0000,0.0016,0.0000,200,0.2817
0.0567,0.0000,0.0000,0.0000,0.0566,0.0001,200,0.2269
0.0356,0.0000,0.0000,0.0000,0.0349,0.0006,200,0.2492
0.0237,0.0000,0.0000,0.0000,0.0235,0.0002,200,0.2612
0.0020,0.0000,0.0000,0.0000,0.0019,0.0000,200,0.2830
0.0277,0.0000,0.0000,0.0000,0.0276,0.0000,200,0.2576
0.0128,0.0000,0.0000,0.0000,0.0125,0.0002,200,0.2732
0.0025,0.0000,0.0000,0.0000,0.0025,0.0000,200,0.2836
0.0092,0.0000,0.0000,0.0000,0.0088,0.0002,200,0.2772
0.0183,0.0000,0.0000,0.0000,0.0178,0.0005,200,0.2684
0.0194,0.0000,0.0000,0.0000,0.0193,0.0001,200,0.2675
0.0040,0.0000,0.0000,0.0000,0.0039,0.0000,200,0.2834
0.0145,0.0000,0.0000,0.0000,0.0144,0.0000,200,0.2732
0.0136,0.0000,0.0000,0.0000,0.0135,0.0000,200,0.2747
0.0225,0.0000,0.0000,0.0000,0.0224,0.0000,200,0.2659
0.0132,0.0000,0.0000,0.0000,0.0131,0.0001,200,0.2754
0.0142,0.0000,0.0000,0.0000,0.0142,0.0000,200,0.2747
0.0133,0.0000,0.0000,0.0000,0.0132,0.0000,200,0.2759
0.0200,0.0000,0.0000,0.0000,0.0199,0.0001,200,0.2694
0.0008,0.0000,0.0000,0.0000,0.0007,0.0000,200,0.2892
0.0247,0.0000,0.0000,0.0000,0.0243,0.0004,200,0.2653
0.0081,0.0000,0.0000,0.0000,0.0079,0.0002,200,0.2825
0.0195,0.0000,0.0000,0.0000,0.0194,0.0000,200,0.2712
0.0095,0.0000,0.0000,0.0000,0.0094,0.0000,200,0.2813
0.0037,0.0000,0.0000,0.0000,0.0035,0.0001,200,0.2877
0.0262,0.0000,0.0000,0.0002,0.0259,0.0000,200,0.2661
0.0334,0.0000,0.0000,0.0000,0.0332,0.0000,200,0.2590
0.0050,0.0000,0.0000,0.0000,0.0049,0.0000,200,0.2874
0.0268,0.0000,0.0000,0.0000,0.0266,0.0001,200,0.2662
0.0600,0.0000,0.0000,0.0000,0.0596,0.0002,200,0.2332
0.0029,0.0000,0.0000,0.0000,0.0027,0.0001,200,0.2906
0.0146,0.0000,0.0000,0.0000,0.0145,0.0001,200,0.2791
0.0154,0.0000,0.0000,0.0000,0.0153,0.0000,200,0.2785
0.0028,0.0000,0.0000,0.0000,0.0027,0.0000,200,0.2914
0.0173,0.0000,0.0000,0.0000,0.0172,0.0000,200,0.2772
0.0086,0.0000,0.0000,0.0000,0.0085,0.0001,200,0.2864
0.0009,0.0000,0.0000,0.0000,0.0009,0.0000,200,0.2945
0.0089,0.0000,0.0000,0.0000,0.0088,0.0001,200,0.2868
0.0294,0.0000,0.0000,0.0000,0.0293,0.0000,200,0.2667
0.0072,0.0000,0.0000,0.0000,0.0070,0.0000,200,0.2895
0.0037,0.0000,0.0000,0.0000,0.0036,0.0000,200,0.2933
0.0202,0.0000,0.0000,0.0000,0.0201,0.0001,200,0.2773
0.0123,0.0000,0.0000,0.0000,0.0123,0.0000,200,0.2853
0.0025,0.0000,0.0000,0.0000,0.0024,0.0001,200,0.2958
0.0087,0.0000,0.0000,0.0000,0.0086,0.0000,200,0.2900
0.0217,0.0000,0.0000,0.0000,0.0216,0.0000,200,0.2770
0.0557,0.0000,0.0000,0.0000,0.0553,0.0004,200,0.2438
0.0075,0.0000,0.0000,0.0000,0.0072,0.0002,200,0.2923
0.0068,0.0000,0.0000,0.0000,0.0068,0.0000,200,0.2930
0.0210,0.0000,0.0000,0.0000,0.0206,0.0003,200,0.2797
0.0118,0.0000,0.0000,0.0000,0.0117,0.0000,200,0.2889
0.0304,0.0000,0.0000,0.0000,0.0301,0.0002,200,0.2705
0.0240,0.0000,0.0000,0.0000,0.0237,0.0003,200,0.2775
0.0223,0.0000,0.0000,0.0000,0.0222,0.0000,200,0.2793
0.0054,0.0000,0.0000,0.0000,0.0053,0.0000,200,0.2966
0.0047,0.0000,0.0000,0.0000,0.0046,0.0000,200,0.2976
0.0166,0.0000,0.0000,0.0000,0.0163,0.0000,200,0.2862
0.0383,0.0000,0.0000,0.0000,0.0381,0.0002,200,0.2646
0.0016,0.0000,0.0000,0.0000,0.0015,0.0001,200,0.3015
0.0411,0.0000,0.0000,0.0000,0.0410,0.0001,200,0.2624
0.0216,0.0000,0.0000,0.0000,0.0215,0.0000,200,0.2822
0.0023,0.0000,0.0000,0.0000,0.0023,0.0000,200,0.3020
0.0053,0.0000,0.0000,0.0000,0.0052,0.0000,200,0.2995
0.0108,0.0000,0.0000,0.0000,0.0107,0.0000,200,0.2942
0.0017,0.0000,0.0000,0.0000,0.0016,0.0000,200,0.3036
0.0265,0.0000,0.0000,0.0000,0.0261,0.0003,200,0.2795
0.0177,0.0000,0.0000,0.0000,0.0177,0.0000,200,0.2884
0.0515,0.0000,0.0000,0.0000,0.0514,0.0000,200,0.2552
0.0054,0.0000,0.0000,0.0000,0.0053,0.0000,200,0.3015
0.0051,0.0000,0.0000,0.0000,0.0049,0.0002,200,0.3023
0.0267,0.0000,0.0000,0.0000,0.0262,0.0002,200,0.2810
0.0105,0.0000,0.0000,0.0000,0.0102,0.0001,200,0.2975
0.0343,0.0000,0.0000,0.0000,0.0342,0.0000,200,0.2737
0.0096,0.0000,0.0000,0.0000,0.0096,0.0000,200,0.2987
0.0238,0.0000,0.0000,0.0000,0.0238,0.0000,200,0.2847
0.0044,0.0000,0.0000,0.0000,0.0042,0.0000,200,0.3043
0.0088,0.0000,0.0000,0.0000,0.0087,0.0000,200,0.3007
0.0018,0.0000,0.0000,0.0000,0.0016,0.0000,200,0.3077
0.0117,0.0000,0.0000,0.0001,0.0115,0.0001,200,0.2982
0.0164,0.0000,0.0000,0.0000,0.0163,0.0001,200,0.2939
0.0183,0.0000,0.0000,0.0000,0.0182,0.0000,200,0.2923
0.0080,0.0000,0.0000,0.0000,0.0079,0.0000,200,0.3027
0.0024,0.0000,0.0000,0.0000,0.0023,0.0000,200,0.3086
0.0177,0.0000,0.0000,0.0000,0.0176,0.0000,200,0.2935
0.0086,0.0000,0.0000,0.0001,0.0082,0.0003,200,0.3031
0.0256,0.0000,0.0000,0.0000,0.0254,0.0001,200,0.2861
0.0052,0.0000,0.0000,0.0000,0.0051,0.0001,200,0.3069
0.0062,0.0000,0.0000,0.0000,0.0060,0.0000,200,0.3061
0.0279,0.0000,0.0000,0.0000,0.0278,0.0000,200,0.2849
0.0562,0.0000,0.0000,0.0001,0.0559,0.0001,200,0.2571
0.0212,0.0000,0.0000,0.0002,0.0210,0.0000,200,0.2923
0.0031,0.0000,0.0000,0.0000,0.0028,0.0001,200,0.3107
0.0290,0.0000,0.0000,0.0000,0.0289,0.0000,200,0.2850
0.0078,0.0000,0.0000,0.0000,0.0077,0.0001,200,0.3067
0.0033,0.0000,0.0000,0.0000,0.0032,0.0000,200,0.3117
0.0027,0.0000,0.0000,0.0000,0.0026,0.0000,200,0.3123
0.0074,0.0000,0.0000,0.0000,0.0073,0.0001,200,0.3080
0.0079,0.0000,0.0000,0.0000,0.0077,0.0001,200,0.3080
0.0157,0.0000,0.0000,0.0000,0.0155,0.0002,200,0.3007
0.0025,0.0000,0.0000,0.0000,0.0024,0.0001,200,0.3139
0.0265,0.0000,0.0000,0.0000,0.0261,0.0003,200,0.2907
0.0078,0.0000,0.0000,0.0000,0.0073,0.0005,200,0.3099
0.0019,0.0000,0.0000,0.0001,0.0014,0.0000,200,0.3159
0.0059,0.0000,0.0000,0.0000,0.0058,0.0000,200,0.3121
0.0136,0.0000,0.0000,0.0000,0.0133,0.0003,200,0.3048
0.0130,0.0000,0.0000,0.0000,0.0129,0.0000,200,0.3073
0.0151,0.0000,0.0000,0.0000,0.0150,0.0000,200,0.3053
0.0267,0.0000,0.0000,0.0000,0.0265,0.0002,200,0.2937
0.0100,0.0000,0.0000,0.0000,0.0099,0.0000,200,0.3110
0.0328,0.0000,0.0000,0.0000,0.0327,0.0000,200,0.2887
0.0105,0.0000,0.0000,0.0001,0.0101,0.0002,200,0.3112
0.0354,0.0000,0.0000,0.0000,0.0353,0.0000,200,0.2867
0.0075,0.0000,0.0000,0.0000,0.0074,0.0001,200,0.3150
0.0074,0.0000,0.0000,0.0000,0.0073,0.0000,200,0.3154
0.0276,0.0000,0.0000,0.0000,0.0275,0.0000,200,0.2954
0.0465,0.0000,0.0000,0.0000,0.0464,0.0000,200,0.2770
0.0062,0.0000,0.0000,0.0002,0.0059,0.0000,200,0.3178
0.0162,0.0000,0.0000,0.0000,0.0161,0.0001,200,0.3083
0.0026,0.0000,0.0000,0.0000,0.0026,0.0000,200,0.3221
0.0100,0.0000,0.0000,0.0000,0.0099,0.0000,200,0.3164
0.0365,0.0000,0.0000,0.0000,0.0364,0.0000,200,0.2900
0.0267,0.0000,0.0000,0.0000,0.0266,0.0001,200,0.2998
0.0163,0.0000,0.0000,0.0000,0.0159,0.0000,200,0.3103
0.0039,0.0000,0.0000,0.0000,0.0038,0.0000,200,0.3227
0.0128,0.0000,0.0000,0.0000,0.0128,0.0000,200,0.3138
0.0239,0.0000,0.0000,0.0000,0.0238,0.0001,200,0.3029
0.0284,0.0000,0.0000,0.0000,0.0284,0.0001,200,0.2987
0.0266,0.0000,0.0000,0.0000,0.0265,0.0000,200,0.3010
0.0219,0.0000,0.0000,0.0000,0.0217,0.0001,200,0.3060
0.0078,0.0000,0.0000,0.0000,0.0077,0.0000,200,0.3204
0.0189,0.0000,0.0000,0.0000,0.0188,0.0000,200,0.3095
0.0073,0.0000,0.0000,0.0000,0.0072,0.0000,200,0.3214
0.0491,0.0000,0.0000,0.0000,0.0490,0.0000,200,0.2801
0.0118,0.0000,0.0000,0.0000,0.0117,0.0001,200,0.3178
0.0091,0.0000,0.0000,0.0001,0.0089,0.0001,200,0.3205
0.0153,0.0000,0.0000,0.0000,0.0150,0.0002,200,0.3150
0.0027,0.0000,0.0000,0.0000,0.0025,0.0001,200,0.3281
0.0042,0.0000,0.0000,0.0000,0.0042,0.0000,200,0.3266
0.0274,0.0000,0.0000,0.0000,0.0271,0.0000,200,0.3038
0.0188,0.0000,0.0000,0.0000,0.0186,0.0002,200,0.3133
0.0042,0.0000,0.0000,0.0000,0.0041,0.0000,200,0.3284
0.0110,0.0000,0.0000,0.0000,0.0110,0.0000,200,0.3217
0.0211,0.0000,0.0000,0.0000,0.0210,0.0000,200,0.3117
0.0119,0.0000,0.0000,0.0000,0.0118,0.0000,200,0.3209
0.0279,0.0000,0.0000,0.0001,0.0276,0.0000,200,0.3050
0.0378,0.0000,0.0000,0.0000,0.0377,0.0001,200,0.2961
0.0078,0.0000,0.0000,0.0000,0.0077,0.0001,200,0.3264
0.0043,0.0000,0.0000,0.0000,0.0043,0.0000,200,0.3303
0.0351,0.0000,0.0000,0.0000,0.0351,0.0000,200,0.2998
0.0059,0.0000,0.0000,0.0000,0.0057,0.0001,200,0.3296
0.0088,0.0000,0.0000,0.0000,0.0087,0.0000,200,0.3269
0.0019,0.0000,0.0000,0.0000,0.0018,0.0000,200,0.3339
0.0137,0.0000,0.0000,0.0000,0.0137,0.0000,200,0.3225
0.0059,0.0000,0.0000,0.0000,0.0058,0.0000,200,0.3308
0.0090,0.0000,0.0000,0.0000,0.0089,0.0001,200,0.3279
0.0098,0.0000,0.0000,0.0000,0.0097,0.0000,200,0.3276
0.0568,0.0000,0.0000,0.0000,0.0568,0.0000,200,0.2805
0.0192,0.0000,0.0000,0.0000,0.0190,0.0001,200,0.3185
0.0033,0.0000,0.0000,0.0000,0.0032,0.0000,200,0.3346
0.0239,0.0000,0.0000,0.0000,0.0238,0.0000,200,0.3145
0.0155,0.0000,0.0000,0.0000,0.0153,0.0002,200,0.3235
0.0210,0.0000,0.0000,0.0000,0.0210,0.0000,200,0.3181
0.0266,0.0000,0.0000,0.0000,0.0265,0.0000,200,0.3129
0.0489,0.0000,0.0000,0.0000,0.0487,0.0002,200,0.2908
0.0041,0.0000,0.0000,0.0000,0.0040,0.0000,200,0.3358
0.0090,0.0000,0.0000,0.0000,0.0089,0.0001,200,0.3311
0.0060,0.0000,0.0000,0.0000,0.0060,0.0000,200,0.3342
0.0311,0.0000,0.0000,0.0000,0.0310,0.0001,200,0.3095
0.0031,0.0000,0.0000,0.0001,0.0029,0.0000,200,0.3377
0.0042,0.0000,0.0000,0.0000,0.0041,0.0000,200,0.3369
0.0150,0.0000,0.0000,0.0000,0.0149,0.0001,200,0.3266
0.0013,0.0000,0.0000,0.0000,0.0012,0.0000,200,0.3408
0.0136,0.0000,0.0000,0.0000,0.0136,0.0000,200,0.3288
0.0022,0.0000,0.0000,0.0000,0.0021,0.0000,200,0.3406
0.0260,0.0000,0.0000,0.0000,0.0259,0.0001,200,0.3172
0.0044,0.0000,0.0000,0.0000,0.0042,0.0001,200,0.3391
0.0234,0.0000,0.0000,0.0000,0.0232,0.0001,200,0.3203
0.0167,0.0000,0.0000,0.0000,0.0166,0.0000,200,0.3271
0.0079,0.0000,0.0000,0.0000,0.0078,0.0001,200,0.3363
0.0089,0.0000,0.0000,0.0000,0.0088,0.0000,200,0.3356
0.0499,0.0000,0.0000,0.0001,0.0497,0.0000,200,0.2950
0.0123,0.0000,0.0000,0.0000,0.0122,0.0000,200,0.3329
0.0130,0.0000,0.0000,0.0001,0.0128,0.0000,200,0.3325
0.0747,0.0000,0.0000,0.0000,0.0746,0.0000,200,0.2713
0.0023,0.0000,0.0000,0.0000,0.0020,0.0002,200,0.3442
0.0218,0.0000,0.0000,0.0001,0.0216,0.0000,200,0.3248
0.0048,0.0000,0.0000,0.0000,0.0047,0.0000,200,0.3421
0.0227,0.0000,0.0000,0.0000,0.0226,0.0001,200,0.3246
0.0077,0.0000,0.0000,0.0000,0.0075,0.0001,200,0.3401
0.0104,0.0000,0.0000,0.0000,0.0103,0.0000,200,0.3379
0.0099,0.0000,0.0000,0.0000,0.0098,0.0000,200,0.3384
0.0121,0.0000,0.0000,0.0000,0.0120,0.0000,200,0.3367
0.0354,0.0000,0.0000,0.0000,0.0353,0.0000,200,0.3136
0.0099,0.0000,0.0000,0.0000,0.0098,0.0001,200,0.3399
0.0234,0.0000,0.0000,0.0000,0.0233,0.0001,200,0.3265
0.0173,0.0000,0.0000,0.0000,0.0165,0.0002,200,0.3327
0.0089,0.0000,0.0000,0.0000,0.0087,0.0001,200,0.3417
0.0101,0.0000,0.0000,0.0000,0.0100,0.0000,200,0.3410
0.0126,0.0000,0.0000,0.0000,0.0124,0.0000,200,0.3389
0.0191,0.0000,0.0000,0.0000,0.0189,0.0002,200,0.3328
0.0052,0.0000,0.0000,0.0000,0.0050,0.0001,200,0.3468
0.0123,0.0000,0.0000,0.0000,0.0123,0.0000,200,0.3397
0.0177,0.0000,0.0000,0.0000,0.0176,0.0000,200,0.3349
0.0077,0.0000,0.0000,0.0000,0.0076,0.0001,200,0.3456
0.0297,0.0000,0.0000,0.0000,0.0296,0.0000,200,0.3240
0.0571,0.0000,0.0000,0.0000,0.0570,0.0000,200,0.2970
0.0095,0.0000,0.0000,0.0000,0.0094,0.0000,200,0.3451
0.0462,0.0000,0.0000,0.0001,0.0459,0.0000,200,0.3088
0.0021,0.0000,0.0000,0.0000,0.0020,0.0000,200,0.3532
0.0064,0.0000,0.0000,0.0000,0.0063,0.0000,200,0.3500
0.0210,0.0000,0.0000,0.0000,0.0201,0.0009,200,0.3355
0.0314,0.0000,0.0000,0.0000,0.0311,0.0003,200,0.3265
0.0259,0.0000,0.0000,0.0000,0.0258,0.0000,200,0.3320
0.0064,0.0000,0.0000,0.0000,0.0063,0.0000,200,0.3519
0.0021,0.0000,0.0000,0.0003,0.0018,0.0000,200,0.3564
0.0148,0.0000,0.0000,0.0000,0.0145,0.0001,200,0.3438
0.0089,0.0000,0.0000,0.0000,0.0088,0.0000,200,0.3498
0.0285,0.0000,0.0000,0.0000,0.0284,0.0000,200,0.3308
0.0019,0.0000,0.0000,0.0000,0.0018,0.0000,200,0.3579
0.0718,0.0000,0.0000,0.0000,0.0718,0.0000,200,0.2884
0.0120,0.0000,0.0000,0.0000,0.0119,0.0000,200,0.3483
0.0145,0.0000,0.0000,0.0000,0.0142,0.0000,200,0.3465
0.0390,0.0000,0.0000,0.0000,0.0390,0.0000,200,0.3230
0.0198,0.0000,0.0000,0.0000,0.0197,0.0000,200,0.3424
0.0792,0.0000,0.0000,0.0000,0.0791,0.0000,200,0.2830
0.0035,0.0000,0.0000,0.0000,0.0035,0.0000,200,0.3587
0.0331,0.0000,0.0000,0.0000,0.0328,0.0000,200,0.3292
0.0233,0.0000,0.0000,0.0000,0.0232,0.0001,200,0.3394
0.0187,0.0000,0.0000,0.0001,0.0181,0.0004,200,0.3459
0.0062,0.0000,0.0000,0.0000,0.0061,0.0000,200,0.3585
0.0025,0.0000,0.0000,0.0000,0.0025,0.0000,200,0.3622
0.0037,0.0000,0.0000,0.0000,0.0036,0.0000,200,0.3610
0.0203,0.0000,0.0000,0.0000,0.0202,0.0000,200,0.3445
0.0128,0.0000,0.0000,0.0000,0.0127,0.0000,200,0.3520
0.0143,0.0000,0.0000,0.0000,0.0142,0.0000,200,0.3505
0.0275,0.0000,0.0000,0.0000,0.0273,0.0002,200,0.3374
0.0129,0.0000,0.0000,0.0000,0.0128,0.0001,200,0.3520
0.0032,0.0000,0.0000,0.0000,0.0031,0.0000,200,0.3622
0.0222,0.0000,0.0000,0.0000,0.0221,0.0000,200,0.3432
0.0159,0.0000,0.0000,0.0004,0.0155,0.0000,200,0.3499
0.0261,0.0000,0.0000,0.0000,0.0260,0.0001,200,0.3403
0.0230,0.0000,0.0000,0.0001,0.0228,0.0001,200,0.3437
0.0046,0.0000,0.0000,0.0000,0.0046,0.0000,200,0.3622
0.0196,0.0000,0.0000,0.0004,0.0191,0.0001,200,0.3478
0.0192,0.0000,0.0000,0.0000,0.0192,0.0000,200,0.3487
0.0078,0.0000,0.0000,0.0000,0.0077,0.0000,200,0.3602
0.0104,0.0000,0.0000,0.0000,0.0103,0.0000,200,0.3579
0.0252,0.0000,0.0000,0.0001,0.0250,0.0001,200,0.3435
0.0422,0.0000,0.0000,0.0000,0.0422,0.0000,200,0.3266
0.0971,0.0000,0.0000,0.0000,0.0970,0.0000,200,0.2720
0.0245,0.0000,0.0000,0.0000,0.0244,0.0000,200,0.3452
0.0327,0.0000,0.0000,0.0000,0.0326,0.0000,200,0.3374
0.0058,0.0000,0.0000,0.0000,0.0057,0.0000,200,0.3649
0.0199,0.0000,0.0000,0.0000,0.0197,0.0002,200,0.3512
0.0132,0.0000,0.0000,0.0000,0.0130,0.0000,200,0.3583
0.0071,0.0000,0.0000,0.0000,0.0071,0.0000,200,0.3648
0.0034,0.0000,0.0000,0.0000,0.0033,0.0000,200,0.3688
0.0042,0.0000,0.0000,0.0000,0.0041,0.0000,200,0.3680
0.0052,0.0000,0.0000,0.0000,0.0046,0.0000,200,0.3674
0.0568,0.0000,0.0000,0.0000,0.0567,0.0001,200,0.3163
0.0195,0.0000,0.0000,0.0000,0.0193,0.0001,200,0.3541
0.0256,0.0000,0.0000,0.0000,0.0253,0.0003,200,0.3483
0.0022,0.0000,0.0000,0.0000,0.0019,0.0002,200,0.3722
0.0198,0.0000,0.0000,0.0000,0.0197,0.0000,200,0.3549
0.0238,0.0000,0.0000,0.0000,0.0236,0.0002,200,0.3515
0.0105,0.0000,0.0000,0.0000,0.0104,0.0001,200,0.3649
0.0037,0.0000,0.0000,0.0000,0.0036,0.0001,200,0.3719
0.0096,0.0000,0.0000,0.0000,0.0094,0.0000,200,0.3667
0.0118,0.0000,0.0000,0.0000,0.0118,0.0000,200,0.3650
0.0172,0.0000,0.0000,0.0000,0.0172,0.0000,200,0.3598
0.0030,0.0000,0.0000,0.0001,0.0025,0.0001,200,0.3747
0.0135,0.0000,0.0000,0.0000,0.0133,0.0001,200,0.3646
0.0014,0.0000,0.0000,0.0000,0.0013,0.0000,200,0.3768
0.0060,0.0000,0.0000,0.0000,0.0058,0.0002,200,0.3727
0.0144,0.0000,0.0000,0.0000,0.0142,0.0000,200,0.3647
0.0688,0.0000,0.0000,0.0000,0.0687,0.0001,200,0.3106
0.0127,0.0000,0.0000,0.0000,0.0127,0.0000,200,0.3668
0.0306,0.0000,0.0000,0.0000,0.0305,0.0000,200,0.3489
0.0008,0.0000,0.0000,0.0000,0.0007,0.0001,200,0.3790
0.0182,0.0000,0.0000,0.0000,0.0182,0.0000,200,0.3622
0.0100,0.0000,0.0000,0.0000,0.0097,0.0002,200,0.3710
0.0190,0.0000,0.0000,0.0000,0.0189,0.0000,200,0.3620
0.0167,0.0000,0.0000,0.0000,0.0165,0.0001,200,0.3647
0.0160,0.0000,0.0000,0.0000,0.0159,0.0000,200,0.3658
0.0087,0.0000,0.0000,0.0000,0.0083,0.0003,200,0.3739
0.0140,0.0000,0.0000,0.0000,0.0139,0.0000,200,0.3687
0.0109,0.0000,0.0000,0.0000,0.0108,0.0001,200,0.3722
0.0092,0.0000,0.0000,0.0000,0.0090,0.0001,200,0.3744
0.0043,0.0000,0.0000,0.0000,0.0043,0.0000,200,0.3794
0.0045,0.0000,0.0000,0.0000,0.0043,0.0001,200,0.3796
0.0107,0.0000,0.0000,0.0000,0.0105,0.0002,200,0.3736
0.0064,0.0000,0.0000,0.0000,0.0063,0.0001,200,0.3782
0.0152,0.0000,0.0000,0.0000,0.0151,0.0001,200,0.3696
0.0297,0.0000,0.0000,0.0002,0.0292,0.0000,200,0.3553
0.0013,0.0000,0.0000,0.0000,0.0011,0.0002,200,0.3842
0.0095,0.0000,0.0000,0.0000,0.0094,0.0001,200,0.3763
0.0107,0.0000,0.0000,0.0000,0.0107,0.0000,200,0.3753
0.0339,0.0000,0.0000,0.0000,0.0337,0.0001,200,0.3527
0.0008,0.0000,0.0000,0.0000,0.0007,0.0000,200,0.3859
0.0013,0.0000,0.0000,0.0000,0.0009,0.0004,200,0.3861
0.0271,0.0000,0.0000,0.0000,0.0265,0.0005,200,0.3603
0.0027,0.0000,0.0000,0.0000,0.0027,0.0000,200,0.3846
0.0110,0.0000,0.0000,0.0000,0.0106,0.0004,200,0.3770
0.0062,0.0000,0.0000,0.0000,0.0061,0.0000,200,0.3818
0.0206,0.0000,0.0000,0.0001,0.0202,0.0000,200,0.3680
0.0354,0.0000,0.0000,0.0000,0.0353,0.0000,200,0.3536
0.0052,0.0000,0.0000,0.0002,0.0049,0.0001,200,0.3841
0.0087,0.0000,0.0000,0.0000,0.0086,0.0000,200,0.3810
0.0238,0.0000,0.0000,0.0000,0.0236,0.0002,200,0.3664
0.0098,0.0000,0.0000,0.0000,0.0098,0.0000,200,0.3805
0.0119,0.0000,0.0000,0.0000,0.0118,0.0000,200,0.3787
0.0030,0.0000,0.0000,0.0000,0.0030,0.0000,200,0.3880
0.0213,0.0000,0.0000,0.0000,0.0212,0.0001,200,0.3701
0.0490,0.0000,0.0000,0.0000,0.0489,0.0001,200,0.3428
0.0021,0.0000,0.0000,0.0000,0.0016,0.0004,200,0.3906
0.0599,0.0000,0.0000,0.0000,0.0597,0.0002,200,0.3328
0.0342,0.0000,0.0000,0.0000,0.0340,0.0001,200,0.3586
0.0286,0.0000,0.0000,0.0000,0.0285,0.0000,200,0.3647
0.0064,0.0000,0.0000,0.0000,0.0063,0.0000,200,0.3873
0.0287,0.0000,0.0000,0.0000,0.0285,0.0001,200,0.3654
0.0118,0.0000,0.0000,0.0000,0.0117,0.0001,200,0.3826
0.0482,0.0000,0.0000,0.0000,0.0478,0.0000,200,0.3464
0.0024,0.0000,0.0000,0.0000,0.0023,0.0000,200,0.3927
0.0105,0.0000,0.0000,0.0001,0.0101,0.0000,200,0.3850
0.0022,0.0000,0.0000,0.0000,0.0021,0.0000,200,0.3938
0.0011,0.0000,0.0000,0.0000,0.0010,0.0000,200,0.3950
0.0167,0.0000,0.0000,0.0000,0.0166,0.0001,200,0.3799
0.0287,0.0000,0.0000,0.0000,0.0286,0.0000,200,0.3683
0.0160,0.0000,0.0000,0.0000,0.0159,0.0000,200,0.3814
0.0117,0.0000,0.0000,0.0000,0.0110,0.0006,200,0.3855
0.0321,0.0000,0.0000,0.0000,0.0320,0.0000,200,0.3654
0.0035,0.0000,0.0000,0.0000,0.0034,0.0000,200,0.3946
0.0438,0.0000,0.0000,0.0001,0.0436,0.0000,200,0.3546
0.0153,0.0000,0.0000,0.0002,0.0150,0.0000,200,0.3835
0.0007,0.0000,0.0000,0.0000,0.0006,0.0000,200,0.3984
0.0279,0.0000,0.0000,0.0000,0.0278,0.0001,200,0.3715
0.0028,0.0000,0.0000,0.0000,0.0024,0.0003,200,0.3974
0.0099,0.0000,0.0000,0.0000,0.0098,0.0000,200,0.3903
0.0165,0.0000,0.0000,0.0000,0.0165,0.0000,200,0.3837
0.0051,0.0000,0.0000,0.0000,0.0050,0.0001,200,0.3955
0.0021,0.0000,0.0000,0.0000,0.0020,0.0000,200,0.3988
0.0048,0.0000,0.0000,0.0000,0.0044,0.0000,200,0.3966
0.0267,0.0000,0.0000,0.0000,0.0266,0.0000,200,0.3754
0.0103,0.0000,0.0000,0.0000,0.0098,0.0004,200,0.3918
0.0100,0.0000,0.0000,0.0000,0.0099,0.0000,200,0.3927
0.0464,0.0000,0.0000,0.0000,0.0463,0.0001,200,0.3566
0.0094,0.0000,0.0000,0.0000,0.0092,0.0001,200,0.3941
0.0409,0.0000,0.0000,0.0000,0.0408,0.0000,200,0.3627
0.0027,0.0000,0.0000,0.0000,0.0026,0.0000,200,0.4014
0.0147,0.0000,0.0000,0.0000,0.0147,0.0001,200,0.3897
0.0319,0.0000,0.0000,0.0000,0.0318,0.0000,200,0.3732
0.0270,0.0000,0.0000,0.0000,0.0267,0.0003,200,0.3781
0.0260,0.0000,0.0000,0.0000,0.0259,0.0000,200,0.3796
0.0053,0.0000,0.0000,0.0000,0.0051,0.0001,200,0.4009
0.0770,0.0000,0.0000,0.0000,0.0766,0.0003,200,0.3296
0.0094,0.0000,0.0000,0.0000,0.0093,0.0001,200,0.3975
0.0137,0.0000,0.0000,0.0000,0.0137,0.0000,200,0.3933
0.0051,0.0000,0.0000,0.0000,0.0050,0.0000,200,0.4021
0.0074,0.0000,0.0000,0.0000,0.0073,0.0000,200,0.4002
0.0207,0.0000,0.0000,0.0000,0.0206,0.0001,200,0.3873
0.0121,0.0000,0.0000,0.0000,0.0120,0.0000,200,0.3962
0.0396,0.0000,0.0000,0.0000,0.0395,0.0000,200,0.3691
0.0054,0.0000,0.0000,0.0000,0.0054,0.0000,200,0.4036
0.0314,0.0000,0.0000,0.0000,0.0313,0.0000,200,0.3777
0.0114,0.0000,0.0000,0.0000,0.0114,0.0000,200,0.3981
0.0253,0.0000,0.0000,0.0000,0.0252,0.0000,200,0.3848
0.0629,0.0000,0.0000,0.0000,0.0626,0.0002,200,0.3473
0.0017,0.0000,0.0000,0.0000,0.0016,0.0000,200,0.4087
0.0015,0.0000,0.0000,0.0000,0.0014,0.0001,200,0.4095
0.0221,0.0000,0.0000,0.0004,0.0216,0.0000,200,0.3893
0.0078,0.0000,0.0000,0.0001,0.0077,0.0000,200,0.4035
0.0239,0.0000,0.0000,0.0000,0.0238,0.0000,200,0.3880
0.0092,0.0000,0.0000,0.0000,0.0090,0.0001,200,0.4030
0.0037,0.0000,0.0000,0.0000,0.0036,0.0000,200,0.4090
0.0240,0.0000,0.0000,0.0000,0.0239,0.0000,200,0.3891
0.0026,0.0000,0.0000,0.0003,0.0023,0.0000,200,0.4110
0.0027,0.0000,0.0000,0.0000,0.0027,0.0000,200,0.4113
0.0028,0.0000,0.0000,0.0000,0.0027,0.0000,200,0.4119
0.0099,0.0000,0.0000,0.0000,0.0098,0.0001,200,0.4051
0.0018,0.0000,0.0000,0.0000,0.0017,0.0000,200,0.4136
0.0196,0.0000,0.0000,0.0000,0.0190,0.0005,200,0.3959
0.0402,0.0000,0.0000,0.0000,0.0401,0.0000,200,0.3757
0.0279,0.0000,0.0000,0.0000,0.0278,0.0000,200,0.3886
0.0148,0.0000,0.0000,0.0001,0.0146,0.0000,200,0.4020
0.0306,0.0000,0.0000,0.0000,0.0305,0.0001,200,0.3866
0.0365,0.0000,0.0000,0.0000,0.0364,0.0000,200,0.3810
0.0174,0.0000,0.0000,0.0000,0.0173,0.0001,200,0.4006
0.0111,0.0000,0.0000,0.0000,0.0110,0.0001,200,0.4071
0.0015,0.0000,0.0000,0.0000,0.0014,0.0000,200,0.4172
0.0097,0.0000,0.0000,0.0000,0.0097,0.0000,200,0.4090
0.0188,0.0000,0.0000,0.0001,0.0186,0.0002,200,0.4002
0.0111,0.0000,0.0000,0.0000,0.0110,0.0000,200,0.4083
0.0130,0.0000,0.0000,0.0000,0.0129,0.0000,200,0.4066
0.0290,0.0000,0.0000,0.0000,0.0289,0.0001,200,0.3910
0.0199,0.0000,0.0000,0.0000,0.0199,0.0000,200,0.4003
0.0055,0.0000,0.0000,0.0000,0.0054,0.0000,200,0.4154
0.0165,0.0000,0.0000,0.0000,0.0164,0.0000,200,0.4045
0.0287,0.0000,0.0000,0.0000,0.0285,0.0002,200,0.3929
0.0028,0.0000,0.0000,0.0000,0.0028,0.0000,200,0.4188
0.0159,0.0000,0.0000,0.0000,0.0158,0.0000,200,0.4061
0.0354,0.0000,0.0000,0.0000,0.0354,0.0000,200,0.3866
0.0017,0.0000,0.0000,0.0000,0.0015,0.0001,200,0.4209
0.0580,0.0000,0.0000,0.0000,0.0579,0.0000,200,0.3648
0.0079,0.0000,0.0000,0.0000,0.0078,0.0000,200,0.4151
0.0108,0.0000,0.0000,0.0000,0.0107,0.0000,200,0.4127
0.0019,0.0000,0.0000,0.0000,0.0018,0.0001,200,0.4221
0.0339,0.0000,0.0000,0.0000,0.0338,0.0000,200,0.3902
0.0058,0.0000,0.0000,0.0000,0.0058,0.0000,200,0.4187
0.0149,0.0000,0.0000,0.0000,0.0146,0.0000,200,0.4102
0.0012,0.0000,0.0000,0.0000,0.0011,0.0000,200,0.4241
0.0209,0.0000,0.0000,0.0000,0.0208,0.0001,200,0.4051
0.0082,0.0000,0.0000,0.0000,0.0081,0.0000,200,0.4183
0.0086,0.0000,0.0000,0.0000,0.0086,0.0000,200,0.4180
0.0211,0.0000,0.0000,0.0000,0.0210,0.0001,200,0.4056
0.0077,0.0000,0.0000,0.0000,0.0077,0.0000,200,0.4194
0.0020,0.0000,0.0000,0.0000,0.0020,0.0000,200,0.4259
0.0073,0.0000,0.0000,0.0000,0.0071,0.0002,200,0.4209
0.0208,0.0000,0.0000,0.0000,0.0207,0.0000,200,0.4076
0.0315,0.0000,0.0000,0.0002,0.0311,0.0001,200,0.3975
0.0029,0.0000,0.0000,0.0000,0.0028,0.0000,200,0.4267
0.0131,0.0000,0.0000,0.0000,0.0130,0.0000,200,0.4165
0.0151,0.0000,0.0000,0.0000,0.0147,0.0003,200,0.4147
0.0158,0.0000,0.0000,0.0000,0.0154,0.0001,200,0.4141
0.0595,0.0000,0.0000,0.0001,0.0592,0.0000,200,0.3707
0.0023,0.0000,0.0000,0.0000,0.0022,0.0000,200,0.4283
0.0282,0.0000,0.0000,0.0000,0.0281,0.0000,200,0.4027
0.0162,0.0000,0.0000,0.0002,0.0159,0.0001,200,0.4155
0.0117,0.0000,0.0000,0.0000,0.0115,0.0000,200,0.4200
0.0068,0.0000,0.0000,0.0000,0.0063,0.0000,200,0.4253
0.0074,0.0000,0.0000,0.0000,0.0073,0.0001,200,0.4251
0.0104,0.0000,0.0000,0.0000,0.0102,0.0000,200,0.4226
0.0067,0.0000,0.0000,0.0000,0.0064,0.0003,200,0.4267
0.0045,0.0000,0.0000,0.0000,0.0041,0.0000,200,0.4290
0.0464,0.0000,0.0000,0.0000,0.0463,0.0001,200,0.3873
0.0173,0.0000,0.0000,0.0000,0.0172,0.0000,200,0.4168
0.0520,0.0000,0.0000,0.0000,0.0519,0.0000,200,0.3827
0.0082,0.0000,0.0000,0.0000,0.0082,0.0000,200,0.4264
0.0160,0.0000,0.0000,0.0001,0.0159,0.0000,200,0.4190
0.0361,0.0000,0.0000,0.0000,0.0360,0.0000,200,0.3994
0.0259,0.0000,0.0000,0.0001,0.0257,0.0001,200,0.4101
0.0204,0.0000,0.0000,0.0000,0.0203,0.0001,200,0.4158
0.0013,0.0000,0.0000,0.0000,0.0011,0.0001,200,0.4355
0.0032,0.0000,0.0000,0.0000,0.0032,0.0000,200,0.4337
0.0200,0.0000,0.0000,0.0000,0.0199,0.0001,200,0.4175
0.0084,0.0000,0.0000,0.0000,0.0082,0.0002,200,0.4296
0.0101,0.0000,0.0000,0.0001,0.0099,0.0002,200,0.4282
0.0065,0.0000,0.0000,0.0000,0.0064,0.0001,200,0.4321
0.0447,0.0000,0.0000,0.0000,0.0446,0.0001,200,0.3944
0.0101,0.0000,0.0000,0.0000,0.0099,0.0001,200,0.4296
0.0119,0.0000,0.0000,0.0000,0.0116,0.0002,200,0.4280
0.0413,0.0000,0.0000,0.0001,0.0410,0.0001,200,0.3991
0.0105,0.0000,0.0000,0.0000,0.0103,0.0001,200,0.4302
0.0091,0.0000,0.0000,0.0000,0.0090,0.0000,200,0.4318
0.0043,0.0000,0.0000,0.0001,0.0041,0.0001,200,0.4370
0.0032,0.0000,0.0000,0.0000,0.0030,0.0000,200,0.4386
0.0122,0.0000,0.0000,0.0000,0.0121,0.0000,200,0.4298
0.0222,0.0000,0.0000,0.0000,0.0221,0.0000,200,0.4202
0.0053,0.0000,0.0000,0.0000,0.0052,0.0000,200,0.4376
0.0103,0.0000,0.0000,0.0000,0.0102,0.0000,200,0.4330
0.0041,0.0000,0.0000,0.0000,0.0040,0.0000,200,0.4397
0.0021,0.0000,0.0000,0.0000,0.0020,0.0000,200,0.4420
0.0174,0.0000,0.0000,0.0000,0.0174,0.0000,200,0.4271
0.0038,0.0000,0.0000,0.0000,0.0036,0.0001,200,0.4412
0.0257,0.0000,0.0000,0.0000,0.0257,0.0000,200,0.4196
0.0216,0.0000,0.0000,0.0000,0.0215,0.0000,200,0.4240
0.0112,0.0000,0.0000,0.0000,0.0109,0.0003,200,0.4350
0.0083,0.0000,0.0000,0.0000,0.0082,0.0001,200,0.4380
0.0395,0.0000,0.0000,0.0000,0.0394,0.0001,200,0.4070
0.0019,0.0000,0.0000,0.0001,0.0018,0.0000,200,0.4446
0.0109,0.0000,0.0000,0.0000,0.0108,0.0000,200,0.4362
0.0345,0.0000,0.0000,0.0000,0.0343,0.0002,200,0.4131
0.0015,0.0000,0.0000,0.0000,0.0013,0.0002,200,0.4466
0.0145,0.0000,0.0000,0.0001,0.0144,0.0000,200,0.4335
0.0241,0.0000,0.0000,0.0001,0.0240,0.0000,200,0.4245
0.0087,0.0000,0.0000,0.0002,0.0085,0.0000,200,0.4403
0.0372,0.0000,0.0000,0.0001,0.0371,0.0000,200,0.4122
0.0284,0.0000,0.0000,0.0000,0.0284,0.0000,200,0.4216
0.0065,0.0000,0.0000,0.0000,0.0064,0.0000,200,0.4441
0.0069,0.0000,0.0000,0.0000,0.0068,0.0000,200,0.4438
0.0195,0.0000,0.0000,0.0000,0.0194,0.0001,200,0.4317
0.0013,0.0000,0.0000,0.0000,0.0012,0.0000,200,0.4500
0.0134,0.0000,0.0000,0.0000,0.0128,0.0003,200,0.4384
0.0025,0.0000,0.0000,0.0000,0.0025,0.0000,200,0.4495
0.0133,0.0000,0.0000,0.0000,0.0132,0.0000,200,0.4391
0.0128,0.0000,0.0000,0.0000,0.0126,0.0001,200,0.4399
0.0102,0.0000,0.0000,0.0000,0.0101,0.0000,200,0.4428
0.0051,0.0000,0.0000,0.0000,0.0050,0.0000,200,0.4481
0.0228,0.0000,0.0000,0.0000,0.0226,0.0001,200,0.4306
0.0027,0.0000,0.0000,0.0000,0.0026,0.0001,200,0.4513
0.0315,0.0000,0.0000,0.0000,0.0315,0.0000,200,0.4228
0.0095,0.0000,0.0000,0.0000,0.0094,0.0000,200,0.4454
0.0017,0.0000,0.0000,0.0000,0.0016,0.0001,200,0.4531
0.0635,0.0000,0.0000,0.0000,0.0633,0.0001,200,0.3914
0.0960,0.0000,0.0000,0.0000,0.0959,0.0000,200,0.3593
0.0586,0.0000,0.0000,0.0000,0.0585,0.0001,200,0.3970
0.0033,0.0000,0.0000,0.0001,0.0031,0.0001,200,0.4526
0.0022,0.0000,0.0000,0.0000,0.0018,0.0000,200,0.4539
0.0075,0.0000,0.0000,0.0001,0.0073,0.0001,200,0.4491
0.0144,0.0000,0.0000,0.0000,0.0143,0.0000,200,0.4424
0.0357,0.0000,0.0000,0.0000,0.0356,0.0000,200,0.4216
0.0045,0.0000,0.0000,0.0000,0.0044,0.0000,200,0.4534
0.0039,0.0000,0.0000,0.0000,0.0038,0.0000,200,0.4543
0.0219,0.0000,0.0000,0.0000,0.0218,0.0000,200,0.4368
0.0080,0.0000,0.0000,0.0000,0.0080,0.0000,200,0.4507
0.0085,0.0000,0.0000,0.0000,0.0084,0.0000,200,0.4506
0.0022,0.0000,0.0000,0.0000,0.0021,0.0000,200,0.4573
0.0369,0.0000,0.0000,0.0000,0.0366,0.0002,200,0.4235
0.0159,0.0000,0.0000,0.0000,0.0157,0.0002,200,0.4450
0.0086,0.0000,0.0000,0.0001,0.0080,0.0005,200,0.4524
0.0312,0.0000,0.0000,0.0000,0.0306,0.0005,200,0.4310
0.0029,0.0000,0.0000,0.0000,0.0021,0.0002,200,0.4595
0.0154,0.0000,0.0000,0.0000,0.0152,0.0002,200,0.4471
0.0088,0.0000,0.0000,0.0000,0.0084,0.0004,200,0.4548
0.0050,0.0000,0.0000,0.0000,0.0046,0.0004,200,0.4587
0.0084,0.0000,0.0000,0.0000,0.0084,0.0000,200,0.4553
0.0231,0.0000,0.0000,0.0000,0.0226,0.0005,200,0.4407
0.0313,0.0000,0.0000,0.0000,0.0307,0.0005,200,0.4325
0.0814,0.0000,0.0000,0.0000,0.0814,0.0001,200,0.3831
0.0420,0.0000,0.0000,0.0000,0.0419,0.0000,200,0.4230
0.0013,0.0000,0.0000,0.0000,0.0013,0.0001,200,0.4637
0.0077,0.0000,0.0000,0.0000,0.0076,0.0001,200,0.4579
0.0226,0.0000,0.0000,0.0000,0.0224,0.0001,200,0.4433
0.0327,0.0000,0.0000,0.0000,0.0326,0.0000,200,0.4334
0.0110,0.0000,0.0000,0.0000,0.0109,0.0000,200,0.4556
0.0156,0.0000,0.0000,0.0000,0.0155,0.0000,200,0.4513
0.0063,0.0000,0.0000,0.0001,0.0061,0.0001,200,0.4610
0.0013,0.0000,0.0000,0.0000,0.0013,0.0000,200,0.4661
0.0070,0.0000,0.0000,0.0022,0.0047,0.0000,200,0.4610
0.0344,0.0000,0.0000,0.0000,0.0342,0.0001,200,0.4341
0.0063,0.0000,0.0000,0.0000,0.0046,0.0000,200,0.4623
0.0649,0.0000,0.0000,0.0000,0.0648,0.0000,200,0.4041
0.0344,0.0000,0.0000,0.0000,0.0343,0.0000,200,0.4347
0.0065,0.0000,0.0000,0.0006,0.0058,0.0000,200,0.4630
0.0040,0.0000,0.0000,0.0000,0.0039,0.0001,200,0.4659
0.0099,0.0000,0.0000,0.0001,0.0096,0.0000,200,0.4603
0.0012,0.0000,0.0000,0.0000,0.0012,0.0000,200,0.4691
0.0222,0.0000,0.0000,0.0000,0.0221,0.0001,200,0.4486
0.0075,0.0000,0.0000,0.0000,0.0075,0.0000,200,0.4637
0.0493,0.0000,0.0000,0.0000,0.0492,0.0000,200,0.4220
0.0069,0.0000,0.0000,0.0000,0.0068,0.0001,200,0.4645
0.0082,0.0000,0.0000,0.0000,0.0081,0.0000,200,0.4637
0.0070,0.0000,0.0000,0.0000,0.0069,0.0000,200,0.4668
0.0258,0.0000,0.0000,0.0000,0.0258,0.0000,200,0.4480
0.0027,0.0000,0.0000,0.0000,0.0026,0.0000,200,0.4713
0.0101,0.0000,0.0000,0.0000,0.0099,0.0000,200,0.4638
0.0040,0.0000,0.0000,0.0000,0.0038,0.0001,200,0.4703
0.0074,0.0000,0.0000,0.0000,0.0073,0.0000,200,0.4673
0.0195,0.0000,0.0000,0.0000,0.0194,0.0000,200,0.4561
0.0458,0.0000,0.0000,0.0000,0.0457,0.0000,200,0.4298
0.0102,0.0000,0.0000,0.0000,0.0101,0.0000,200,0.4655
0.0295,0.0000,0.0000,0.0000,0.0294,0.0000,200,0.4462
0.0022,0.0000,0.0000,0.0000,0.0021,0.0001,200,0.4739
0.0177,0.0000,0.0000,0.0000,0.0176,0.0001,200,0.4587
0.0250,0.0000,0.0000,0.0000,0.0249,0.0001,200,0.4520
0.0056,0.0000,0.0000,0.0000,0.0055,0.0000,200,0.4719
0.0063,0.0000,0.0000,0.0001,0.0062,0.0000,200,0.4715
0.0322,0.0000,0.0000,0.0000,0.0320,0.0001,200,0.4463
0.0017,0.0000,0.0000,0.0000,0.0015,0.0001,200,0.4770
0.0113,0.0000,0.0000,0.0000,0.0112,0.0001,200,0.4680
0.0175,0.0000,0.0000,0.0002,0.0172,0.0000,200,0.4622
0.0061,0.0000,0.0000,0.0000,0.0060,0.0001,200,0.4738
0.0119,0.0000,0.0000,0.0000,0.0117,0.0001,200,0.4686
0.0071,0.0000,0.0000,0.0000,0.0071,0.0000,200,0.4738
0.0102,0.0000,0.0000,0.0000,0.0097,0.0004,200,0.4708
0.0234,0.0000,0.0000,0.0001,0.0232,0.0000,200,0.4582
0.0010,0.0000,0.0000,0.0000,0.0008,0.0001,200,0.4811
0.0478,0.0000,0.0000,0.0000,0.0478,0.0000,200,0.4347
0.0028,0.0000,0.0000,0.0000,0.0027,0.0000,200,0.4797
0.0747,0.0000,0.0000,0.0000,0.0745,0.0000,200,0.4080
0.0032,0.0000,0.0000,0.0001,0.0031,0.0000,200,0.4799
0.0017,0.0000,0.0000,0.0000,0.0016,0.0001,200,0.4820
0.0734,0.0000,0.0000,0.0000,0.0733,0.0001,200,0.4104
0.0148,0.0000,0.0000,0.0000,0.0147,0.0001,200,0.4695
0.0391,0.0000,0.0000,0.0000,0.0390,0.0001,200,0.4456
0.0014,0.0000,0.0000,0.0001,0.0013,0.0000,200,0.4837
0.0177,0.0000,0.0000,0.0000,0.0174,0.0003,200,0.4675
0.0207,0.0000,0.0000,0.0000,0.0205,0.0002,200,0.4650
0.0022,0.0000,0.0000,0.0000,0.0019,0.0002,200,0.4839
0.0147,0.0000,0.0000,0.0000,0.0147,0.0000,200,0.4713
0.0078,0.0000,0.0000,0.0000,0.0078,0.0000,200,0.4785
0.0075,0.0000,0.0000,0.0000,0.0073,0.0001,200,0.4793
0.0463,0.0000,0.0000,0.0000,0.0461,0.0001,200,0.4409
0.0227,0.0000,0.0000,0.0000,0.0225,0.0001,200,0.4650
0.0121,0.0000,0.0000,0.0000,0.0121,0.0000,200,0.4756
0.0048,0.0000,0.0000,0.0000,0.0047,0.0001,200,0.4832
0.0338,0.0000,0.0000,0.0001,0.0333,0.0004,200,0.4549
0.0201,0.0000,0.0000,0.0000,0.0200,0.0000,200,0.4686
0.0425,0.0000,0.0000,0.0000,0.0423,0.0001,200,0.4467
0.0018,0.0000,0.0000,0.0000,0.0017,0.0000,200,0.4877
0.0331,0.0000,0.0000,0.0002,0.0328,0.0000,200,0.4566
0.0163,0.0000,0.0000,0.0000,0.0162,0.0001,200,0.4739
0.0104,0.0000,0.0000,0.0001,0.0100,0.0000,200,0.4805
0.0131,0.0000,0.0000,0.0000,0.0131,0.0000,200,0.4778
0.0028,0.0000,0.0000,0.0000,0.0027,0.0001,200,0.4887
0.0371,0.0000,0.0000,0.0000,0.0370,0.0001,200,0.4548
0.0080,0.0000,0.0000,0.0000,0.0077,0.0002,200,0.4843
0.0813,0.0000,0.0000,0.0000,0.0812,0.0000,200,0.4113
0.0293,0.0000,0.0000,0.0000,0.0292,0.0000,200,0.4636
0.0023,0.0000,0.0000,0.0000,0.0021,0.0002,200,0.4909
0.0247,0.0000,0.0000,0.0000,0.0245,0.0002,200,0.4690
0.0521,0.0000,0.0000,0.0000,0.0519,0.0002,200,0.4418
0.0079,0.0000,0.0000,0.0000,0.0079,0.0000,200,0.4860
0.0085,0.0000,0.0000,0.0002,0.0082,0.0000,200,0.4860
0.0087,0.0000,0.0000,0.0000,0.0085,0.0002,200,0.4863
0.0197,0.0000,0.0000,0.0000,0.0197,0.0001,200,0.4757
0.0180,0.0000,0.0000,0.0000,0.0176,0.0004,200,0.4775
0.0136,0.0000,0.0000,0.0000,0.0136,0.0000,200,0.4825
0.0069,0.0000,0.0000,0.0000,0.0068,0.0001,200,0.4892
0.0207,0.0000,0.0000,0.0000,0.0206,0.0000,200,0.4757
0.0083,0.0000,0.0000,0.0000,0.0082,0.0000,200,0.4887
0.0095,0.0000,0.0000,0.0000,0.0095,0.0000,200,0.4880
0.0119,0.0000,0.0000,0.0000,0.0116,0.0002,200,0.4857
0.0192,0.0000,0.0000,0.0000,0.0192,0.0000,200,0.4787
0.0624,0.0000,0.0000,0.0000,0.0622,0.0000,200,0.4360
0.0052,0.0000,0.0000,0.0000,0.0049,0.0002,200,0.4938
0.0179,0.0000,0.0000,0.0000,0.0178,0.0001,200,0.4815
0.0171,0.0000,0.0000,0.0000,0.0170,0.0000,200,0.4825
0.0063,0.0000,0.0000,0.0000,0.0059,0.0002,200,0.4940
0.0070,0.0000,0.0000,0.0000,0.0070,0.0000,200,0.4932
0.0111,0.0000,0.0000,0.0000,0.0110,0.0000,200,0.4897
0.0057,0.0000,0.0000,0.0000,0.0056,0.0000,200,0.4955
0.0027,0.0000,0.0000,0.0000,0.0026,0.0001,200,0.4990
0.0263,0.0000,0.0000,0.0000,0.0262,0.0000,200,0.4756
0.0507,0.0000,0.0000,0.0001,0.0505,0.0000,200,0.4517
0.0959,0.0000,0.0000,0.0003,0.0955,0.0000,200,0.4069
0.0112,0.0000,0.0000,0.0000,0.0111,0.0000,200,0.4919
0.0113,0.0000,0.0000,0.0000,0.0112,0.0000,200,0.4923
0.0173,0.0000,0.0000,0.0000,0.0173,0.0000,200,0.4872
0.0281,0.0000,0.0000,0.0000,0.0280,0.0000,200,0.4764
0.0034,0.0000,0.0000,0.0000,0.0033,0.0001,200,0.5012
0.0382,0.0000,0.0000,0.0000,0.0379,0.0001,200,0.4666
0.0155,0.0000,0.0000,0.0000,0.0154,0.0001,200,0.4895
0.0093,0.0000,0.0000,0.0000,0.0092,0.0000,200,0.4961
0.0011,0.0000,0.0000,0.0000,0.0010,0.0000,200,0.5045
0.0312,0.0000,0.0000,0.0000,0.0311,0.0000,200,0.4747
0.0084,0.0000,0.0000,0.0003,0.0079,0.0001,200,0.4979
0.0021,0.0000,0.0000,0.0000,0.0019,0.0000,200,0.5046
0.0500,0.0000,0.0000,0.0000,0.0499,0.0000,200,0.4568
0.0042,0.0000,0.0000,0.0000,0.0041,0.0001,200,0.5029
0.0545,0.0000,0.0000,0.0000,0.0544,0.0000,200,0.4531
0.0252,0.0000,0.0000,0.0000,0.0251,0.0001,200,0.4828
0.0024,0.0000,0.0000,0.0000,0.0024,0.0000,200,0.5058
0.0157,0.0000,0.0000,0.0000,0.0156,0.0001,200,0.4929
0.0390,0.0000,0.0000,0.0001,0.0389,0.0001,200,0.4699
0.0222,0.0000,0.0000,0.0000,0.0222,0.0000,200,0.4877
0.0032,0.0000,0.0000,0.0003,0.0028,0.0002,200,0.5068
0.0058,0.0000,0.0000,0.0000,0.0054,0.0003,200,0.5045
0.0053,0.0000,0.0000,0.0000,0.0053,0.0000,200,0.5050
0.0258,0.0000,0.0000,0.0000,0.0257,0.0000,200,0.4852
0.0185,0.0000,0.0000,0.0000,0.0184,0.0000,200,0.4926
0.0177,0.0000,0.0000,0.0001,0.0174,0.0002,200,0.4939
0.0037,0.0000,0.0000,0.0000,0.0036,0.0000,200,0.5080
0.0221,0.0000,0.0000,0.0000,0.0219,0.0001,200,0.4903
0.0382,0.0000,0.0000,0.0000,0.0381,0.0000,200,0.4742
0.0103,0.0000,0.0000,0.0000,0.0103,0.0000,200,0.5024
0.0025,0.0000,0.0000,0.0000,0.0022,0.0002,200,0.5109
0.0287,0.0000,0.0000,0.0000,0.0287,0.0000,200,0.4847
0.0121,0.0000,0.0000,0.0000,0.0119,0.0000,200,0.5019
0.0230,0.0000,0.0000,0.0000,0.0228,0.0001,200,0.4916
0.0143,0.0000,0.0000,0.0000,0.0142,0.0000,200,0.5003
0.0560,0.0000,0.0000,0.0000,0.0560,0.0000,200,0.4591
0.0181,0.0000,0.0000,0.0000,0.0181,0.0000,200,0.4970
0.0025,0.0000,0.0000,0.0000,0.0024,0.0000,200,0.5128
0.0109,0.0000,0.0000,0.0002,0.0106,0.0001,200,0.5048
0.0400,0.0000,0.0000,0.0001,0.0398,0.0000,200,0.4761
0.0082,0.0000,0.0000,0.0000,0.0081,0.0000,200,0.5083
0.0076,0.0000,0.0000,0.0000,0.0075,0.0000,200,0.5089
0.0068,0.0000,0.0000,0.0000,0.0068,0.0000,200,0.5099
0.0056,0.0000,0.0000,0.0000,0.0055,0.0001,200,0.5117
0.0026,0.0000,0.0000,0.0000,0.0024,0.0001,200,0.5151
0.0217,0.0000,0.0000,0.0000,0.0215,0.0001,200,0.4964
0.0081,0.0000,0.0000,0.0000,0.0079,0.0001,200,0.5103
0.0180,0.0000,0.0000,0.0000,0.0179,0.0000,200,0.5008
0.0158,0.0000,0.0000,0.0000,0.0157,0.0000,200,0.5036
0.0048,0.0000,0.0000,0.0000,0.0047,0.0000,200,0.5146
0.0036,0.0000,0.0000,0.0002,0.0034,0.0000,200,0.5161
0.0102,0.0000,0.0000,0.0000,0.0100,0.0001,200,0.5100
0.0080,0.0000,0.0000,0.0000,0.0080,0.0000,200,0.5124
0.0215,0.0000,0.0000,0.0000,0.0214,0.0000,200,0.4996
0.0049,0.0000,0.0000,0.0000,0.0044,0.0003,200,0.5165
0.0068,0.0000,0.0000,0.0000,0.0066,0.0001,200,0.5146
0.0049,0.0000,0.0000,0.0000,0.0048,0.0001,200,0.5168
0.0206,0.0000,0.0000,0.0001,0.0204,0.0000,200,0.5017
0.0050,0.0000,0.0000,0.0000,0.0049,0.0000,200,0.5177
0.0525,0.0000,0.0000,0.0000,0.0525,0.0000,200,0.4703
0.0756,0.0000,0.0000,0.0000,0.0755,0.0001,200,0.4475
0.0050,0.0000,0.0000,0.0000,0.0049,0.0000,200,0.5188
0.0061,0.0000,0.0000,0.0000,0.0061,0.0000,200,0.5180
0.0171,0.0000,0.0000,0.0000,0.0170,0.0000,200,0.5076
0.0150,0.0000,0.0000,0.0000,0.0149,0.0000,200,0.5104
0.0186,0.0000,0.0000,0.0000,0.0186,0.0000,200,0.5067
0.0214,0.0000,0.0000,0.0000,0.0213,0.0001,200,0.5054
0.0137,0.0000,0.0000,0.0000,0.0136,0.0000,200,0.5134
0.0065,0.0000,0.0000,0.0000,0.0063,0.0002,200,0.5214
0.0095,0.0000,0.0000,0.0000,0.0094,0.0000,200,0.5184
0.0030,0.0000,0.0000,0.0000,0.0029,0.0001,200,0.5253
0.0312,0.0000,0.0000,0.0000,0.0311,0.0000,200,0.4975
0.0340,0.0000,0.0000,0.0000,0.0340,0.0000,200,0.4950
0.0099,0.0000,0.0000,0.0000,0.0099,0.0000,200,0.5194
0.0140,0.0000,0.0000,0.0000,0.0139,0.0000,200,0.5157
0.0188,0.0000,0.0000,0.0004,0.0184,0.0000,200,0.5112
0.0079,0.0000,0.0000,0.0003,0.0073,0.0002,200,0.5227
0.0454,0.0000,0.0000,0.0000,0.0453,0.0000,200,0.4852
0.0337,0.0000,0.0000,0.0003,0.0333,0.0001,200,0.4976
0.0009,0.0000,0.0000,0.0000,0.0008,0.0000,200,0.5306
0.0051,0.0000,0.0000,0.0000,0.0048,0.0000,200,0.5268
0.0208,0.0000,0.0000,0.0001,0.0207,0.0000,200,0.5116
0.0043,0.0000,0.0000,0.0000,0.0043,0.0000,200,0.5283
0.0041,0.0000,0.0000,0.0000,0.0040,0.0000,200,0.5291
0.0522,0.0000,0.0000,0.0000,0.0522,0.0000,200,0.4810
0.0176,0.0000,0.0000,0.0000,0.0175,0.0001,200,0.5166
0.0111,0.0000,0.0000,0.0000,0.0109,0.0001,200,0.5232
0.0476,0.0000,0.0000,0.0002,0.0473,0.0000,200,0.4868
0.0015,0.0000,0.0000,0.0000,0.0014,0.0000,200,0.5331
0.0098,0.0000,0.0000,0.0000,0.0097,0.0000,200,0.5253
0.0038,0.0000,0.0000,0.0000,0.0034,0.0003,200,0.5315
0.0119,0.0000,0.0000,0.0000,0.0118,0.0000,200,0.5242
0.0138,0.0000,0.0000,0.0000,0.0134,0.0003,200,0.5223
0.0053,0.0000,0.0000,0.0000,0.0052,0.0000,200,0.5313
0.0808,0.0000,0.0000,0.0000,0.0806,0.0000,200,0.4560
0.0309,0.0000,0.0000,0.0000,0.0308,0.0000,200,0.5063
0.0034,0.0000,0.0000,0.0000,0.0033,0.0001,200,0.5342
0.0100,0.0000,0.0000,0.0000,0.0099,0.0001,200,0.5279
0.0244,0.0000,0.0000,0.0000,0.0243,0.0001,200,0.5139
0.0068,0.0000,0.0000,0.0000,0.0067,0.0000,200,0.5319
0.0029,0.0000,0.0000,0.0000,0.0027,0.0002,200,0.5361
0.0124,0.0000,0.0000,0.0000,0.0123,0.0000,200,0.5271
0.0031,0.0000,0.0000,0.0000,0.0029,0.0002,200,0.5367
0.0165,0.0000,0.0000,0.0000,0.0164,0.0000,200,0.5238
0.0008,0.0000,0.0000,0.0000,0.0007,0.0001,200,0.5399
0.0417,0.0000,0.0000,0.0000,0.0416,0.0001,200,0.4994
0.0028,0.0000,0.0000,0.0000,0.0026,0.0002,200,0.5387
0.0471,0.0000,0.0000,0.0000,0.0470,0.0000,200,0.4945
0.0296,0.0000,0.0000,0.0000,0.0295,0.0001,200,0.5124
0.0078,0.0000,0.0000,0.0000,0.0076,0.0002,200,0.5344
0.0013,0.0000,0.0000,0.0000,0.0012,0.0000,200,0.5411
0.0444,0.0000,0.0000,0.0005,0.0439,0.0001,200,0.4983
0.0048,0.0000,0.0000,0.0000,0.0046,0.0000,200,0.5383
0.0238,0.0000,0.0000,0.0000,0.0237,0.0000,200,0.5197
0.0042,0.0000,0.0000,0.0000,0.0041,0.0000,200,0.5395
0.0407,0.0000,0.0000,0.0000,0.0406,0.0000,200,0.5031
0.0157,0.0000,0.0000,0.0000,0.0156,0.0000,200,0.5287
0.0197,0.0000,0.0000,0.0000,0.0197,0.0000,200,0.5247
0.0030,0.0000,0.0000,0.0000,0.0029,0.0000,200,0.5415
0.0494,0.0000,0.0000,0.0000,0.0493,0.0001,200,0.4955
0.0241,0.0000,0.0000,0.0003,0.0237,0.0000,200,0.5214
0.0067,0.0000,0.0000,0.0000,0.0066,0.0001,200,0.5390
0.0388,0.0000,0.0000,0.0000,0.0387,0.0000,200,0.5071
0.0258,0.0000,0.0000,0.0000,0.0255,0.0003,200,0.5210
0.0253,0.0000,0.0000,0.0000,0.0252,0.0000,200,0.5217
0.0098,0.0000,0.0000,0.0000,0.0097,0.0000,200,0.5372
0.0044,0.0000,0.0000,0.0000,0.0042,0.0002,200,0.5431
0.0324,0.0000,0.0000,0.0000,0.0323,0.0002,200,0.5151
0.0027,0.0000,0.0000,0.0000,0.0024,0.0000,200,0.5449
0.0044,0.0000,0.0000,0.0000,0.0044,0.0000,200,0.5436
0.0085,0.0000,0.0000,0.0000,0.0082,0.0002,200,0.5403
0.0285,0.0000,0.0000,0.0000,0.0284,0.0000,200,0.5204
0.0015,0.0000,0.0000,0.0000,0.0014,0.0000,200,0.5475
0.0189,0.0000,0.0000,0.0000,0.0188,0.0001,200,0.5306
0.0174,0.0000,0.0000,0.0000,0.0173,0.0000,200,0.5324
0.0045,0.0000,0.0000,0.0000,0.0045,0.0001,200,0.5457
0.0155,0.0000,0.0000,0.0000,0.0152,0.0003,200,0.5352
0.0374,0.0000,0.0000,0.0000,0.0373,0.0000,200,0.5134
0.0187,0.0000,0.0000,0.0000,0.0186,0.0000,200,0.5326
0.0324,0.0000,0.0000,0.0000,0.0323,0.0000,200,0.5194
0.0076,0.0000,0.0000,0.0000,0.0075,0.0000,200,0.5445
0.0110,0.0000,0.0000,0.0001,0.0108,0.0000,200,0.5416
0.0302,0.0000,0.0000,0.0000,0.0301,0.0000,200,0.5229
0.0064,0.0000,0.0000,0.0001,0.0062,0.0001,200,0.5470
0.0575,0.0000,0.0000,0.0000,0.0571,0.0001,200,0.4961
0.0054,0.0000,0.0000,0.0000,0.0054,0.0000,200,0.5487
0.0056,0.0000,0.0000,0.0000,0.0055,0.0001,200,0.5490
0.0121,0.0000,0.0000,0.0000,0.0120,0.0000,200,0.5428
0.0276,0.0000,0.0000,0.0000,0.0274,0.0002,200,0.5278
0.0029,0.0000,0.0000,0.0000,0.0029,0.0000,200,0.5526
0.0218,0.0000,0.0000,0.0000,0.0217,0.0001,200,0.5342
0.0045,0.0000,0.0000,0.0000,0.0044,0.0000,200,0.5521
0.0147,0.0000,0.0000,0.0000,0.0146,0.0000,200,0.5420
0.0148,0.0000,0.0000,0.0000,0.0147,0.0000,200,0.5422
0.0197,0.0000,0.0000,0.0000,0.0196,0.0000,200,0.5377
0.0102,0.0000,0.0000,0.0000,0.0101,0.0001,200,0.5475
0.0158,0.0000,0.0000,0.0000,0.0157,0.0000,200,0.5424
0.0125,0.0000,0.0000,0.0000,0.0125,0.0000,200,0.5459
0.0056,0.0000,0.0000,0.0000,0.0054,0.0001,200,0.5531
0.0114,0.0000,0.0000,0.0000,0.0110,0.0004,200,0.5480
0.0151,0.0000,0.0000,0.0000,0.0150,0.0000,200,0.5444
0.0101,0.0000,0.0000,0.0000,0.0099,0.0000,200,0.5497
0.0106,0.0000,0.0000,0.0000,0.0105,0.0000,200,0.5495
0.0087,0.0000,0.0000,0.0000,0.0086,0.0001,200,0.5518
0.0307,0.0000,0.0000,0.0000,0.0306,0.0000,200,0.5300
0.0018,0.0000,0.0000,0.0000,0.0016,0.0001,200,0.5594
0.0106,0.0000,0.0000,0.0000,0.0104,0.0001,200,0.5508
0.0083,0.0000,0.0000,0.0000,0.0081,0.0000,200,0.5535
0.0037,0.0000,0.0000,0.0000,0.0035,0.0000,200,0.5584
0.0245,0.0000,0.0000,0.0000,0.0244,0.0000,200,0.5379
0.0626,0.0000,0.0000,0.0000,0.0625,0.0000,200,0.5002
0.0301,0.0000,0.0000,0.0000,0.0300,0.0001,200,0.5332
0.0462,0.0000,0.0000,0.0000,0.0461,0.0001,200,0.5173
0.0070,0.0000,0.0000,0.0003,0.0065,0.0001,200,0.5570
0.0733,0.0000,0.0000,0.0000,0.0732,0.0000,200,0.4909
0.0503,0.0000,0.0000,0.0000,0.0502,0.0000,200,0.5153
0.0113,0.0000,0.0000,0.0000,0.0112,0.0000,200,0.5542
0.0142,0.0000,0.0000,0.0000,0.0142,0.0000,200,0.5513
0.0036,0.0000,0.0000,0.0001,0.0034,0.0000,200,0.5621
0.0088,0.0000,0.0000,0.0000,0.0086,0.0001,200,0.5581
0.0017,0.0000,0.0000,0.0000,0.0013,0.0004,200,0.5656
0.0167,0.0000,0.0000,0.0000,0.0163,0.0004,200,0.5508
0.0046,0.0000,0.0000,0.0000,0.0014,0.0030,200,0.5641
0.0051,0.0000,0.0000,0.0000,0.0045,0.0006,200,0.5636
0.0090,0.0000,0.0000,0.0000,0.0082,0.0007,200,0.5601
0.0341,0.0000,0.0000,0.0000,0.0328,0.0012,200,0.5346
0.0607,0.0000,0.0000,0.0001,0.0596,0.0009,200,0.5086
0.0038,0.0000,0.0000,0.0011,0.0023,0.0004,200,0.5657
0.0229,0.0000,0.0000,0.0000,0.0220,0.0008,200,0.5469
0.0093,0.0000,0.0000,0.0000,0.0092,0.0000,200,0.5605
0.0092,0.0000,0.0000,0.0000,0.0076,0.0016,200,0.5607
0.0292,0.0000,0.0000,0.0000,0.0280,0.0011,200,0.5407
0.0161,0.0000,0.0000,0.0000,0.0156,0.0005,200,0.5538
0.0139,0.0000,0.0000,0.0000,0.0122,0.0017,200,0.5560
0.0086,0.0000,0.0000,0.0000,0.0085,0.0000,200,0.5614
0.0134,0.0000,0.0000,0.0000,0.0116,0.0017,200,0.5566
0.0211,0.0000,0.0000,0.0000,0.0193,0.0017,200,0.5490
0.0264,0.0000,0.0000,0.0001,0.0254,0.0009,200,0.5437
0.0263,0.0000,0.0000,0.0000,0.0245,0.0018,200,0.5438
0.0078,0.0000,0.0000,0.0000,0.0032,0.0045,200,0.5624
0.0063,0.0000,0.0000,0.0001,0.0061,0.0000,200,0.5640
0.0155,0.0000,0.0000,0.0000,0.0136,0.0019,200,0.5549
0.0133,0.0000,0.0000,0.0001,0.0131,0.0001,200,0.5574
0.0080,0.0000,0.0000,0.0000,0.0079,0.0000,200,0.5628
0.0165,0.0000,0.0000,0.0000,0.0165,0.0000,200,0.5546
0.0013,0.0000,0.0000,0.0000,0.0012,0.0001,200,0.5702
0.0369,0.0000,0.0000,0.0000,0.0366,0.0000,200,0.5351
0.0165,0.0000,0.0000,0.0000,0.0163,0.0001,200,0.5555
0.0023,0.0000,0.0000,0.0000,0.0022,0.0001,200,0.5699
0.0127,0.0000,0.0000,0.0000,0.0126,0.0000,200,0.5598
0.0260,0.0000,0.0000,0.0000,0.0258,0.0001,200,0.5470
0.0035,0.0000,0.0000,0.0000,0.0034,0.0001,200,0.5699
0.0041,0.0000,0.0000,0.0000,0.0035,0.0000,200,0.5694
0.0064,0.0000,0.0000,0.0003,0.0060,0.0000,200,0.5676
0.0267,0.0000,0.0000,0.0000,0.0267,0.0000,200,0.5476
0.0182,0.0000,0.0000,0.0000,0.0181,0.0000,200,0.5566
0.0051,0.0000,0.0000,0.0000,0.0049,0.0001,200,0.5700
0.0054,0.0000,0.0000,0.0000,0.0053,0.0000,200,0.5698
0.0041,0.0000,0.0000,0.0000,0.0040,0.0000,200,0.5715
0.0060,0.0000,0.0000,0.0000,0.0058,0.0001,200,0.5700
0.0186,0.0000,0.0000,0.0000,0.0185,0.0000,200,0.5579
0.0030,0.0000,0.0000,0.0000,0.0029,0.0000,200,0.5736
0.0072,0.0000,0.0000,0.0000,0.0071,0.0001,200,0.5700
0.0480,0.0000,0.0000,0.0000,0.0478,0.0002,200,0.5297
0.0027,0.0000,0.0000,0.0000,0.0026,0.0000,200,0.5751
0.0065,0.0000,0.0000,0.0000,0.0064,0.0000,200,0.5719
0.0090,0.0000,0.0000,0.0000,0.0089,0.0000,200,0.5695
0.0133,0.0000,0.0000,0.0000,0.0132,0.0001,200,0.5655
0.0053,0.0000,0.0000,0.0000,0.0052,0.0001,200,0.5740
0.0098,0.0000,0.0000,0.0000,0.0097,0.0000,200,0.5701
0.0108,0.0000,0.0000,0.0000,0.0107,0.0000,200,0.5691
0.0600,0.0000,0.0000,0.0001,0.0598,0.0001,200,0.5202
0.0048,0.0000,0.0000,0.0000,0.0047,0.0000,200,0.5759
0.0046,0.0000,0.0000,0.0000,0.0045,0.0000,200,0.5766
0.0316,0.0000,0.0000,0.0000,0.0312,0.0003,200,0.5502
0.0152,0.0000,0.0000,0.0002,0.0147,0.0003,200,0.5669
0.0045,0.0000,0.0000,0.0000,0.0044,0.0001,200,0.5778
0.0115,0.0000,0.0000,0.0000,0.0114,0.0001,200,0.5711
0.0472,0.0000,0.0000,0.0000,0.0468,0.0004,200,0.5361
0.0179,0.0000,0.0000,0.0000,0.0177,0.0000,200,0.5655
0.0041,0.0000,0.0000,0.0000,0.0041,0.0000,200,0.5793
0.0029,0.0000,0.0000,0.0000,0.0028,0.0001,200,0.5807
0.0137,0.0000,0.0000,0.0000,0.0136,0.0000,200,0.5701
0.0030,0.0000,0.0000,0.0001,0.0029,0.0000,200,0.5812
0.0148,0.0000,0.0000,0.0000,0.0147,0.0001,200,0.5699
0.0164,0.0000,0.0000,0.0015,0.0147,0.0000,200,0.5687
0.0267,0.0000,0.0000,0.0000,0.0266,0.0001,200,0.5586
0.0018,0.0000,0.0000,0.0000,0.0017,0.0001,200,0.5842
0.0162,0.0000,0.0000,0.0000,0.0161,0.0001,200,0.5702
0.0193,0.0000,0.0000,0.0002,0.0190,0.0000,200,0.5672
0.0161,0.0000,0.0000,0.0000,0.0161,0.0000,200,0.5709
0.0122,0.0000,0.0000,0.0000,0.0121,0.0000,200,0.5752
0.0152,0.0000,0.0000,0.0000,0.0151,0.0000,200,0.5725
0.0440,0.0000,0.0000,0.0000,0.0439,0.0001,200,0.5444
0.0123,0.0000,0.0000,0.0000,0.0122,0.0001,200,0.5764
0.0064,0.0000,0.0000,0.0000,0.0063,0.0001,200,0.5826
0.0091,0.0000,0.0000,0.0000,0.0090,0.0000,200,0.5799
0.0116,0.0000,0.0000,0.0000,0.0115,0.0000,200,0.5778
0.0195,0.0000,0.0000,0.0000,0.0195,0.0000,200,0.5703
0.0128,0.0000,0.0000,0.0000,0.0127,0.0000,200,0.5772
0.0067,0.0000,0.0000,0.0000,0.0066,0.0000,200,0.5838
0.0616,0.0000,0.0000,0.0000,0.0616,0.0000,200,0.5293
0.0116,0.0000,0.0000,0.0000,0.0115,0.0001,200,0.5799
0.0306,0.0000,0.0000,0.0000,0.0305,0.0001,200,0.5612
0.0085,0.0000,0.0000,0.0001,0.0083,0.0000,200,0.5834
0.0469,0.0000,0.0000,0.0002,0.0466,0.0000,200,0.5454
0.0143,0.0000,0.0000,0.0000,0.0142,0.0000,200,0.5784
0.0335,0.0000,0.0000,0.0000,0.0334,0.0001,200,0.5595
0.0212,0.0000,0.0000,0.0000,0.0211,0.0000,200,0.5722
0.0077,0.0000,0.0000,0.0001,0.0075,0.0001,200,0.5860
0.0052,0.0000,0.0000,0.0000,0.0051,0.0001,200,0.5890
0.0161,0.0000,0.0000,0.0001,0.0158,0.0001,200,0.5785
0.0143,0.0000,0.0000,0.0000,0.0140,0.0003,200,0.5802
0.0070,0.0000,0.0000,0.0000,0.0070,0.0000,200,0.5877
0.0221,0.0000,0.0000,0.0001,0.0219,0.0001,200,0.5730
0.0116,0.0000,0.0000,0.0000,0.0115,0.0001,200,0.5836
0.0321,0.0000,0.0000,0.0000,0.0320,0.0001,200,0.5633
0.0204,0.0000,0.0000,0.0000,0.0202,0.0001,200,0.5756
0.0103,0.0000,0.0000,0.0000,0.0100,0.0001,200,0.5864
0.0084,0.0000,0.0000,0.0001,0.0081,0.0000,200,0.5884
0.0050,0.0000,0.0000,0.0000,0.0050,0.0000,200,0.5919
0.0074,0.0000,0.0000,0.0001,0.0073,0.0001,200,0.5898
0.0087,0.0000,0.0000,0.0000,0.0086,0.0001,200,0.5890
0.0236,0.0000,0.0000,0.0000,0.0235,0.0001,200,0.5743
0.0054,0.0000,0.0000,0.0000,0.0053,0.0000,200,0.5927
0.0020,0.0000,0.0000,0.0000,0.0019,0.0000,200,0.5968
0.0083,0.0000,0.0000,0.0000,0.0082,0.0000,200,0.5905
0.0125,0.0000,0.0000,0.0000,0.0125,0.0000,200,0.5866
0.0027,0.0000,0.0000,0.0000,0.0026,0.0001,200,0.5969
0.0293,0.0000,0.0000,0.0000,0.0293,0.0000,200,0.5704
0.0318,0.0000,0.0000,0.0018,0.0298,0.0002,200,0.5687
0.0047,0.0000,0.0000,0.0000,0.0046,0.0000,200,0.5960
0.0103,0.0000,0.0000,0.0000,0.0102,0.0001,200,0.5909
0.0322,0.0000,0.0000,0.0002,0.0310,0.0000,200,0.5693
0.0132,0.0000,0.0000,0.0000,0.0131,0.0000,200,0.5887
0.0017,0.0000,0.0000,0.0000,0.0016,0.0000,200,0.6007
0.0180,0.0000,0.0000,0.0001,0.0178,0.0000,200,0.5847
0.0333,0.0000,0.0000,0.0000,0.0332,0.0001,200,0.5698
0.0084,0.0000,0.0000,0.0000,0.0083,0.0000,200,0.5951
0.0066,0.0000,0.0000,0.0000,0.0066,0.0000,200,0.5972
0.0046,0.0000,0.0000,0.0000,0.0045,0.0001,200,0.5996
0.0009,0.0000,0.0000,0.0000,0.0007,0.0001,200,0.6036
0.0261,0.0000,0.0000,0.0000,0.0260,0.0000,200,0.5788
0.0196,0.0000,0.0000,0.0000,0.0195,0.0001,200,0.5856
0.0137,0.0000,0.0000,0.0000,0.0135,0.0001,200,0.5919
0.0070,0.0000,0.0000,0.0000,0.0069,0.0000,200,0.5988
0.0046,0.0000,0.0000,0.0000,0.0045,0.0000,200,0.6015
0.0331,0.0000,0.0000,0.0001,0.0329,0.0000,200,0.5734
0.0019,0.0000,0.0000,0.0000,0.0018,0.0000,200,0.6049
0.0094,0.0000,0.0000,0.0000,0.0093,0.0000,200,0.5979
0.0184,0.0000,0.0000,0.0000,0.0183,0.0000,200,0.5893
0.0333,0.0000,0.0000,0.0000,0.0331,0.0000,200,0.5748
0.0058,0.0000,0.0000,0.0000,0.0056,0.0001,200,0.6027
0.0034,0.0000,0.0000,0.0000,0.0033,0.0000,200,0.6053
0.0260,0.0000,0.0000,0.0000,0.0257,0.0003,200,0.5835
0.0052,0.0000,0.0000,0.0000,0.0050,0.0000,200,0.6042
0.0085,0.0000,0.0000,0.0004,0.0080,0.0000,200,0.6015
0.0069,0.0000,0.0000,0.0001,0.0058,0.0010,200,0.6045
0.0027,0.0000,0.0000,0.0001,0.0026,0.0000,200,0.6087
0.0214,0.0000,0.0000,0.0000,0.0214,0.0000,200,0.5900
0.0020,0.0000,0.0000,0.0000,0.0020,0.0000,200,0.6095
0.0192,0.0000,0.0000,0.0000,0.0189,0.0000,200,0.5923
0.0170,0.0000,0.0000,0.0000,0.0170,0.0000,200,0.5945
0.0041,0.0000,0.0000,0.0000,0.0040,0.0000,200,0.6077
0.0190,0.0000,0.0000,0.0000,0.0187,0.0002,200,0.5934
0.0153,0.0000,0.0000,0.0000,0.0152,0.0001,200,0.5976
0.0181,0.0000,0.0000,0.0001,0.0180,0.0000,200,0.5953
0.0181,0.0000,0.0000,0.0000,0.0179,0.0002,200,0.5954
0.0316,0.0000,0.0000,0.0000,0.0316,0.0000,200,0.5821
0.0437,0.0000,0.0000,0.0000,0.0434,0.0002,200,0.5707
0.0276,0.0000,0.0000,0.0000,0.0275,0.0000,200,0.5870
0.0047,0.0000,0.0000,0.0000,0.0047,0.0000,200,0.6100
0.0217,0.0000,0.0000,0.0000,0.0217,0.0000,200,0.5937
0.0171,0.0000,0.0000,0.0000,0.0169,0.0002,200,0.5988
0.0043,0.0000,0.0000,0.0000,0.0040,0.0003,200,0.6115
0.0078,0.0000,0.0000,0.0001,0.0076,0.0000,200,0.6085
0.0034,0.0000,0.0000,0.0001,0.0031,0.0000,200,0.6135
0.0031,0.0000,0.0000,0.0000,0.0031,0.0000,200,0.6137
0.0255,0.0000,0.0000,0.0000,0.0253,0.0000,200,0.5915
0.0119,0.0000,0.0000,0.0000,0.0117,0.0001,200,0.6055
0.0042,0.0000,0.0000,0.0000,0.0041,0.0000,200,0.6133
0.0626,0.0000,0.0000,0.0000,0.0625,0.0000,200,0.5555
0.0240,0.0000,0.0000,0.0000,0.0239,0.0000,200,0.5945
0.0315,0.0000,0.0000,0.0000,0.0315,0.0000,200,0.5874
0.0100,0.0000,0.0000,0.0000,0.0100,0.0000,200,0.6094
0.0138,0.0000,0.0000,0.0000,0.0137,0.0000,200,0.6057
0.0086,0.0000,0.0000,0.0000,0.0085,0.0001,200,0.6114
0.0137,0.0000,0.0000,0.0000,0.0136,0.0000,200,0.6065
0.0050,0.0000,0.0000,0.0000,0.0050,0.0000,200,0.6154
0.0018,0.0000,0.0000,0.0000,0.0018,0.0001,200,0.6189
0.0010,0.0000,0.0000,0.0000,0.0009,0.0000,200,0.6202
0.0389,0.0000,0.0000,0.0000,0.0388,0.0000,200,0.5823
0.0053,0.0000,0.0000,0.0000,0.0052,0.0000,200,0.6163
0.0388,0.0000,0.0000,0.0000,0.0388,0.0000,200,0.5833
0.0056,0.0000,0.0000,0.0000,0.0055,0.0001,200,0.6169
0.0042,0.0000,0.0000,0.0000,0.0042,0.0000,200,0.6186
0.1178,0.0000,0.0000,0.0000,0.1177,0.0001,200,0.5056
0.0222,0.0000,0.0000,0.0000,0.0220,0.0000,200,0.6019
0.0206,0.0000,0.0000,0.0000,0.0205,0.0000,200,0.6038
0.0325,0.0000,0.0000,0.0000,0.0323,0.0002,200,0.5929
0.0051,0.0000,0.0000,0.0000,0.0046,0.0001,200,0.6208
0.0260,0.0000,0.0000,0.0000,0.0257,0.0003,200,0.6005
0.0154,0.0000,0.0000,0.0000,0.0153,0.0000,200,0.6116
0.0054,0.0000,0.0000,0.0000,0.0052,0.0000,200,0.6221
0.0209,0.0000,0.0000,0.0000,0.0208,0.0000,200,0.6068
0.0213,0.0000,0.0000,0.0000,0.0212,0.0000,200,0.6073
0.0074,0.0000,0.0000,0.0000,0.0073,0.0000,200,0.6212
0.0110,0.0000,0.0000,0.0000,0.0109,0.0000,200,0.6181
0.0316,0.0000,0.0000,0.0000,0.0315,0.0000,200,0.5981
0.0184,0.0000,0.0000,0.0000,0.0184,0.0001,200,0.6115
0.0093,0.0000,0.0000,0.0000,0.0092,0.0001,200,0.6212
0.0361,0.0000,0.0000,0.0000,0.0360,0.0001,200,0.5947
0.0022,0.0000,0.0000,0.0000,0.0021,0.0001,200,0.6291
0.0253,0.0000,0.0000,0.0000,0.0252,0.0000,200,0.6060
0.0123,0.0000,0.0000,0.0000,0.0122,0.0000,200,0.6195
0.0470,0.0000,0.0000,0.0000,0.0469,0.0001,200,0.5850
0.0147,0.0000,0.0000,0.0000,0.0147,0.0000,200,0.6176
0.0158,0.0000,0.0000,0.0000,0.0156,0.0001,200,0.6171
0.0218,0.0000,0.0000,0.0000,0.0216,0.0001,200,0.6114
0.0342,0.0000,0.0000,0.0000,0.0341,0.0000,200,0.5991
0.0971,0.0000,0.0000,0.0000,0.0970,0.0000,200,0.5366
0.0064,0.0000,0.0000,0.0001,0.0062,0.0001,200,0.6275
0.0073,0.0000,0.0000,0.0000,0.0072,0.0001,200,0.6270
0.0199,0.0000,0.0000,0.0002,0.0196,0.0001,200,0.6148
0.0191,0.0000,0.0000,0.0000,0.0191,0.0000,200,0.6159
0.0118,0.0000,0.0000,0.0000,0.0117,0.0000,200,0.6234
0.0100,0.0000,0.0000,0.0000,0.0099,0.0000,200,0.6254
0.0053,0.0000,0.0000,0.0000,0.0050,0.0002,200,0.6308
0.0051,0.0000,0.0000,0.0000,0.0049,0.0001,200,0.6313
0.0020,0.0000,0.0000,0.0000,0.0019,0.0001,200,0.6347
0.0013,0.0000,0.0000,0.0000,0.0013,0.0000,200,0.6354
0.0126,0.0000,0.0000,0.0000,0.0126,0.0000,200,0.6244
0.0656,0.0000,0.0000,0.0000,0.0656,0.0000,200,0.5720
0.0411,0.0000,0.0000,0.0000,0.0408,0.0003,200,0.5967
0.0232,0.0000,0.0000,0.0001,0.0230,0.0000,200,0.6146
0.0357,0.0000,0.0000,0.0000,0.0356,0.0001,200,0.6024
0.0568,0.0000,0.0000,0.0000,0.0564,0.0001,200,0.5818
0.0174,0.0000,0.0000,0.0000,0.0173,0.0000,200,0.6216
0.0276,0.0000,0.0000,0.0000,0.0274,0.0002,200,0.6118
0.0028,0.0000,0.0000,0.0000,0.0028,0.0000,200,0.6367
0.0078,0.0000,0.0000,0.0000,0.0073,0.0000,200,0.6318
0.0019,0.0000,0.0000,0.0000,0.0018,0.0000,200,0.6381
0.0464,0.0000,0.0000,0.0000,0.0463,0.0000,200,0.5942
0.0165,0.0000,0.0000,0.0000,0.0164,0.0000,200,0.6242
0.0080,0.0000,0.0000,0.0004,0.0076,0.0000,200,0.6333
0.0085,0.0000,0.0000,0.0000,0.0083,0.0000,200,0.6328
0.0134,0.0000,0.0000,0.0000,0.0133,0.0001,200,0.6286
0.0251,0.0000,0.0000,0.0000,0.0250,0.0000,200,0.6169
0.0062,0.0000,0.0000,0.0001,0.0060,0.0001,200,0.6364
0.0116,0.0000,0.0000,0.0000,0.0115,0.0001,200,0.6313
0.0094,0.0000,0.0000,0.0000,0.0093,0.0000,200,0.6339
0.0309,0.0000,0.0000,0.0000,0.0308,0.0001,200,0.6129
0.0046,0.0000,0.0000,0.0000,0.0045,0.0001,200,0.6396
0.0159,0.0000,0.0000,0.0000,0.0158,0.0001,200,0.6286
0.0017,0.0000,0.0000,0.0004,0.0013,0.0001,200,0.6429
0.0175,0.0000,0.0000,0.0000,0.0168,0.0000,200,0.6277
0.0050,0.0000,0.0000,0.0000,0.0049,0.0000,200,0.6406
0.0232,0.0000,0.0000,0.0000,0.0231,0.0000,200,0.6228
0.0018,0.0000,0.0000,0.0000,0.0016,0.0002,200,0.6445
0.0059,0.0000,0.0000,0.0003,0.0056,0.0000,200,0.6406
0.0073,0.0000,0.0000,0.0000,0.0072,0.0001,200,0.6399
0.0120,0.0000,0.0000,0.0000,0.0119,0.0000,200,0.6352
0.0087,0.0000,0.0000,0.0000,0.0086,0.0000,200,0.6390
0.0054,0.0000,0.0000,0.0000,0.0052,0.0001,200,0.6426
0.0107,0.0000,0.0000,0.0000,0.0107,0.0000,200,0.6377
0.0048,0.0000,0.0000,0.0001,0.0046,0.0001,200,0.6442
0.0226,0.0000,0.0000,0.0001,0.0224,0.0000,200,0.6266
0.0238,0.0000,0.0000,0.0000,0.0237,0.0001,200,0.6258
0.0017,0.0000,0.0000,0.0000,0.0016,0.0000,200,0.6479
0.0158,0.0000,0.0000,0.0000,0.0158,0.0000,200,0.6342
0.0206,0.0000,0.0000,0.0000,0.0205,0.0001,200,0.6297
0.0426,0.0000,0.0000,0.0000,0.0425,0.0001,200,0.6081
0.0178,0.0000,0.0000,0.0000,0.0174,0.0000,200,0.6333
0.0081,0.0000,0.0000,0.0000,0.0080,0.0000,200,0.6438
0.0100,0.0000,0.0000,0.0000,0.0098,0.0000,200,0.6420
0.0057,0.0000,0.0000,0.0000,0.0054,0.0000,200,0.6463
0.0109,0.0000,0.0000,0.0000,0.0107,0.0001,200,0.6420
0.0372,0.0000,0.0000,0.0000,0.0367,0.0005,200,0.6159
0.0357,0.0000,0.0000,0.0000,0.0355,0.0000,200,0.6174
0.0119,0.0000,0.0000,0.0000,0.0118,0.0001,200,0.6414
0.0038,0.0000,0.0000,0.0000,0.0036,0.0001,200,0.6501
0.0125,0.0000,0.0000,0.0000,0.0125,0.0000,200,0.6413
0.0150,0.0000,0.0000,0.0000,0.0148,0.0001,200,0.6394
0.0242,0.0000,0.0000,0.0000,0.0240,0.0002,200,0.6305
0.0186,0.0000,0.0000,0.0000,0.0185,0.0000,200,0.6361
0.0088,0.0000,0.0000,0.0000,0.0086,0.0002,200,0.6466
0.0171,0.0000,0.0000,0.0000,0.0169,0.0001,200,0.6386
0.0103,0.0000,0.0000,0.0004,0.0098,0.0000,200,0.6460
0.0168,0.0000,0.0000,0.0000,0.0168,0.0000,200,0.6396
0.0017,0.0000,0.0000,0.0000,0.0016,0.0000,200,0.6548
0.0368,0.0000,0.0000,0.0001,0.0366,0.0000,200,0.6200
0.0053,0.0000,0.0000,0.0000,0.0051,0.0000,200,0.6520
0.0371,0.0000,0.0000,0.0001,0.0369,0.0001,200,0.6204
0.0069,0.0000,0.0000,0.0000,0.0069,0.0000,200,0.6511
0.0080,0.0000,0.0000,0.0000,0.0078,0.0001,200,0.6503
0.0021,0.0000,0.0000,0.0000,0.0020,0.0000,200,0.6567
0.0074,0.0000,0.0000,0.0000,0.0071,0.0002,200,0.6519
0.0217,0.0000,0.0000,0.0002,0.0214,0.0001,200,0.6378
0.0977,0.0000,0.0000,0.0000,0.0977,0.0000,200,0.5618
0.0227,0.0000,0.0000,0.0000,0.0226,0.0000,200,0.6376
0.0127,0.0000,0.0000,0.0000,0.0127,0.0000,200,0.6477
0.0612,0.0000,0.0000,0.0000,0.0610,0.0000,200,0.5997
0.0244,0.0000,0.0000,0.0000,0.0243,0.0001,200,0.6367
0.0065,0.0000,0.0000,0.0000,0.0064,0.0000,200,0.6547
0.0391,0.0000,0.0000,0.0000,0.0390,0.0000,200,0.6225
0.0088,0.0000,0.0000,0.0000,0.0087,0.0001,200,0.6532
0.0087,0.0000,0.0000,0.0000,0.0087,0.0000,200,0.6539
0.0132,0.0000,0.0000,0.0000,0.0131,0.0000,200,0.6497
0.0598,0.0000,0.0000,0.0000,0.0594,0.0004,200,0.6030
0.0160,0.0000,0.0000,0.0000,0.0157,0.0001,200,0.6472
0.0164,0.0000,0.0000,0.0000,0.0163,0.0002,200,0.6473
0.0290,0.0000,0.0000,0.0000,0.0289,0.0000,200,0.6350
0.0320,0.0000,0.0000,0.0002,0.0317,0.0000,200,0.6323
0.0054,0.0000,0.0000,0.0000,0.0053,0.0001,200,0.6595
0.0316,0.0000,0.0000,0.0000,0.0313,0.0002,200,0.6337
0.0220,0.0000,0.0000,0.0001,0.0217,0.0000,200,0.6433
0.0529,0.0000,0.0000,0.0001,0.0514,0.0014,200,0.6144
0.0044,0.0000,0.0000,0.0000,0.0035,0.0009,200,0.6629
0.0353,0.0000,0.0000,0.0000,0.0345,0.0007,200,0.6321
0.0223,0.0000,0.0000,0.0000,0.0214,0.0008,200,0.6451
0.0050,0.0000,0.0000,0.0000,0.0049,0.0000,200,0.6640
0.0159,0.0000,0.0000,0.0000,0.0158,0.0001,200,0.6531
0.0060,0.0000,0.0000,0.0000,0.0056,0.0004,200,0.6637
0.0118,0.0000,0.0000,0.0001,0.0115,0.0002,200,0.6580
0.0252,0.0000,0.0000,0.0000,0.0251,0.0000,200,0.6446
0.0093,0.0000,0.0000,0.0000,0.0092,0.0001,200,0.6609
0.0056,0.0000,0.0000,0.0000,0.0055,0.0000,200,0.6649
0.0011,0.0000,0.0000,0.0000,0.0010,0.0000,200,0.6698
0.0038,0.0000,0.0000,0.0000,0.0037,0.0000,200,0.6673
0.0017,0.0000,0.0000,0.0001,0.0016,0.0000,200,0.6699
0.0262,0.0000,0.0000,0.0000,0.0261,0.0000,200,0.6456
0.0526,0.0000,0.0000,0.0000,0.0525,0.0000,200,0.6194
0.0240,0.0000,0.0000,0.0000,0.0239,0.0000,200,0.6485
0.0199,0.0000,0.0000,0.0000,0.0196,0.0000,200,0.6528
0.0103,0.0000,0.0000,0.0000,0.0102,0.0001,200,0.6629
0.0035,0.0000,0.0000,0.0000,0.0034,0.0000,200,0.6702
0.0221,0.0000,0.0000,0.0000,0.0219,0.0001,200,0.6520
0.0055,0.0000,0.0000,0.0000,0.0053,0.0000,200,0.6689
0.0024,0.0000,0.0000,0.0000,0.0020,0.0003,200,0.6720
0.0376,0.0000,0.0000,0.0000,0.0375,0.0000,200,0.6371
0.0147,0.0000,0.0000,0.0001,0.0145,0.0001,200,0.6604
0.0162,0.0000,0.0000,0.0000,0.0161,0.0000,200,0.6593
0.0171,0.0000,0.0000,0.0000,0.0170,0.0001,200,0.6588
0.0168,0.0000,0.0000,0.0000,0.0166,0.0001,200,0.6595
0.0112,0.0000,0.0000,0.0010,0.0101,0.0000,200,0.6653
0.0029,0.0000,0.0000,0.0000,0.0028,0.0000,200,0.6737
0.0230,0.0000,0.0000,0.0000,0.0228,0.0001,200,0.6538
0.0283,0.0000,0.0000,0.0000,0.0282,0.0000,200,0.6489
0.0063,0.0000,0.0000,0.0000,0.0062,0.0000,200,0.6711
0.0136,0.0000,0.0000,0.0000,0.0135,0.0001,200,0.6643
0.0108,0.0000,0.0000,0.0000,0.0107,0.0000,200,0.6673
0.0068,0.0000,0.0000,0.0000,0.0067,0.0000,200,0.6718
0.0050,0.0000,0.0000,0.0000,0.0049,0.0000,200,0.6740
0.0093,0.0000,0.0000,0.0000,0.0089,0.0004,200,0.6705
0.0268,0.0000,0.0000,0.0000,0.0267,0.0000,200,0.6531
0.0036,0.0000,0.0000,0.0003,0.0030,0.0003,200,0.6765
0.0228,0.0000,0.0000,0.0000,0.0226,0.0001,200,0.6575
0.0247,0.0000,0.0000,0.0000,0.0244,0.0002,200,0.6564
0.0248,0.0000,0.0000,0.0000,0.0246,0.0000,200,0.6563
0.0190,0.0000,0.0000,0.0000,0.0189,0.0001,200,0.6626
0.0198,0.0000,0.0000,0.0000,0.0197,0.0000,200,0.6621
0.0033,0.0000,0.0000,0.0001,0.0032,0.0000,200,0.6790
0.0215,0.0000,0.0000,0.0000,0.0214,0.0000,200,0.6612
0.0245,0.0000,0.0000,0.0000,0.0244,0.0001,200,0.6583
0.0032,0.0000,0.0000,0.0001,0.0029,0.0001,200,0.6801
0.0078,0.0000,0.0000,0.0000,0.0076,0.0001,200,0.6759
0.0013,0.0000,0.0000,0.0000,0.0013,0.0000,200,0.6827
0.0232,0.0000,0.0000,0.0000,0.0231,0.0001,200,0.6612
0.0073,0.0000,0.0000,0.0000,0.0064,0.0008,200,0.6781
0.0145,0.0000,0.0000,0.0000,0.0142,0.0003,200,0.6709
0.0043,0.0000,0.0000,0.0000,0.0042,0.0001,200,0.6811
0.0036,0.0000,0.0000,0.0000,0.0035,0.0000,200,0.6824
0.0131,0.0000,0.0000,0.0000,0.0128,0.0002,200,0.6732
0.0115,0.0000,0.0000,0.0000,0.0115,0.0000,200,0.6751
0.0127,0.0000,0.0000,0.0001,0.0125,0.0000,200,0.6747
0.0054,0.0000,0.0000,0.0000,0.0053,0.0000,200,0.6819
0.0199,0.0000,0.0000,0.0001,0.0196,0.0003,200,0.6674
0.0315,0.0000,0.0000,0.0000,0.0314,0.0000,200,0.6564
0.0154,0.0000,0.0000,0.0000,0.0153,0.0000,200,0.6728
0.0109,0.0000,0.0000,0.0000,0.0108,0.0000,200,0.6779
0.0195,0.0000,0.0000,0.0000,0.0194,0.0001,200,0.6697
0.0341,0.0000,0.0000,0.0000,0.0339,0.0000,200,0.6554
0.0033,0.0000,0.0000,0.0000,0.0032,0.0001,200,0.6866
0.0227,0.0000,0.0000,0.0001,0.0225,0.0000,200,0.6674
0.0783,0.0000,0.0000,0.0002,0.0781,0.0000,200,0.6124
0.0080,0.0000,0.0000,0.0000,0.0079,0.0001,200,0.6828
0.0280,0.0000,0.0000,0.0000,0.0279,0.0001,200,0.6632
0.0168,0.0000,0.0000,0.0000,0.0168,0.0000,200,0.6744
0.0014,0.0000,0.0000,0.0000,0.0013,0.0000,200,0.6908
0.0415,0.0000,0.0000,0.0000,0.0413,0.0001,200,0.6507
0.0384,0.0000,0.0000,0.0000,0.0381,0.0003,200,0.6544
0.0076,0.0000,0.0000,0.0000,0.0075,0.0000,200,0.6854
0.0172,0.0000,0.0000,0.0002,0.0162,0.0007,200,0.6763
0.0333,0.0000,0.0000,0.0000,0.0331,0.0002,200,0.6603
0.0446,0.0000,0.0000,0.0000,0.0442,0.0003,200,0.6497
0.0065,0.0000,0.0000,0.0001,0.0064,0.0000,200,0.6882
0.0014,0.0000,0.0000,0.0000,0.0013,0.0000,200,0.6936
0.0186,0.0000,0.0000,0.0001,0.0182,0.0001,200,0.6766
0.0113,0.0000,0.0000,0.0000,0.0112,0.0000,200,0.6840
0.0120,0.0000,0.0000,0.0001,0.0118,0.0000,200,0.6833
0.0655,0.0000,0.0000,0.0000,0.0654,0.0000,200,0.6299
0.0172,0.0000,0.0000,0.0000,0.0171,0.0000,200,0.6786
0.0310,0.0000,0.0000,0.0001,0.0289,0.0002,200,0.6653
0.0071,0.0000,0.0000,0.0000,0.0070,0.0002,200,0.6895
0.0077,0.0000,0.0000,0.0000,0.0076,0.0001,200,0.6892
0.0248,0.0000,0.0000,0.0000,0.0247,0.0000,200,0.6725
0.0028,0.0000,0.0000,0.0000,0.0027,0.0000,200,0.6953
0.0291,0.0000,0.0000,0.0000,0.0290,0.0000,200,0.6690
0.0108,0.0000,0.0000,0.0000,0.0106,0.0001,200,0.6879
0.0059,0.0000,0.0000,0.0000,0.0057,0.0000,200,0.6928
0.0019,0.0000,0.0000,0.0000,0.0018,0.0001,200,0.6973
0.0251,0.0000,0.0000,0.0000,0.0250,0.0000,200,0.6744
0.0030,0.0000,0.0000,0.0000,0.0029,0.0000,200,0.6969
0.0043,0.0000,0.0000,0.0000,0.0042,0.0001,200,0.6958
0.0516,0.0000,0.0000,0.0000,0.0514,0.0002,200,0.6491
0.0137,0.0000,0.0000,0.0000,0.0136,0.0001,200,0.6873
0.0209,0.0000,0.0000,0.0000,0.0208,0.0001,200,0.6803
0.0443,0.0000,0.0000,0.0000,0.0443,0.0000,200,0.6573
0.0178,0.0000,0.0000,0.0003,0.0175,0.0000,200,0.6844
0.0015,0.0000,0.0000,0.0000,0.0014,0.0000,200,0.7007
0.0415,0.0000,0.0000,0.0000,0.0411,0.0003,200,0.6616
0.0101,0.0000,0.0000,0.0000,0.0101,0.0000,200,0.6930
0.0167,0.0000,0.0000,0.0000,0.0166,0.0001,200,0.6873
0.0178,0.0000,0.0000,0.0000,0.0177,0.0000,200,0.6863
0.0245,0.0000,0.0000,0.0000,0.0244,0.0000,200,0.6798
0.0131,0.0000,0.0000,0.0001,0.0128,0.0002,200,0.6913
0.0274,0.0000,0.0000,0.0000,0.0273,0.0000,200,0.6774
0.0038,0.0000,0.0000,0.0001,0.0036,0.0000,200,0.7016
0.0169,0.0000,0.0000,0.0000,0.0168,0.0000,200,0.6887
0.0041,0.0000,0.0000,0.0000,0.0039,0.0002,200,0.7022
0.0016,0.0000,0.0000,0.0000,0.0011,0.0002,200,0.7048
0.0054,0.0000,0.0000,0.0000,0.0053,0.0001,200,0.7010
0.0116,0.0000,0.0000,0.0000,0.0114,0.0000,200,0.6952
0.0078,0.0000,0.0000,0.0000,0.0077,0.0000,200,0.6992
0.0006,0.0000,0.0000,0.0000,0.0006,0.0000,200,0.7070
0.0303,0.0000,0.0000,0.0000,0.0303,0.0000,200,0.6773
0.0099,0.0000,0.0000,0.0000,0.0098,0.0000,200,0.6981
0.0141,0.0000,0.0000,0.0000,0.0140,0.0001,200,0.6943
0.0030,0.0000,0.0000,0.0001,0.0028,0.0000,200,0.7056
0.0010,0.0000,0.0000,0.0000,0.0009,0.0001,200,0.7080
0.0240,0.0000,0.0000,0.0000,0.0240,0.0000,200,0.6854
0.0068,0.0000,0.0000,0.0000,0.0067,0.0000,200,0.7030
0.0040,0.0000,0.0000,0.0000,0.0036,0.0002,200,0.7064
0.0245,0.0000,0.0000,0.0001,0.0243,0.0000,200,0.6860
0.0039,0.0000,0.0000,0.0001,0.0037,0.0000,200,0.7068
0.0199,0.0000,0.0000,0.0000,0.0198,0.0000,200,0.6913
0.0150,0.0000,0.0000,0.0002,0.0148,0.0000,200,0.6963
0.0022,0.0000,0.0000,0.0000,0.0021,0.0000,200,0.7094
0.0155,0.0000,0.0000,0.0000,0.0154,0.0001,200,0.6966
0.0189,0.0000,0.0000,0.0000,0.0188,0.0000,200,0.6935
0.0208,0.0000,0.0000,0.0000,0.0207,0.0000,200,0.6922
0.0134,0.0000,0.0000,0.0003,0.0130,0.0000,200,0.6999
0.0032,0.0000,0.0000,0.0000,0.0030,0.0000,200,0.7104
0.0025,0.0000,0.0000,0.0000,0.0024,0.0000,200,0.7116
0.0072,0.0000,0.0000,0.0000,0.0071,0.0001,200,0.7076
0.0352,0.0000,0.0000,0.0000,0.0352,0.0000,200,0.6799
0.0206,0.0000,0.0000,0.0000,0.0205,0.0000,200,0.6950
0.0171,0.0000,0.0000,0.0000,0.0171,0.0000,200,0.6987
0.0210,0.0000,0.0000,0.0000,0.0210,0.0001,200,0.6953
0.1053,0.0000,0.0000,0.0000,0.1052,0.0000,200,0.6113
0.0108,0.0000,0.0000,0.0000,0.0107,0.0000,200,0.7064
0.0025,0.0000,0.0000,0.0000,0.0023,0.0001,200,0.7148
0.0163,0.0000,0.0000,0.0000,0.0162,0.0000,200,0.7012
0.0076,0.0000,0.0000,0.0000,0.0075,0.0000,200,0.7104
0.0013,0.0000,0.0000,0.0000,0.0010,0.0002,200,0.7171
0.0142,0.0000,0.0000,0.0000,0.0139,0.0001,200,0.7044
0.0268,0.0000,0.0000,0.0000,0.0267,0.0000,200,0.6922
0.0006,0.0000,0.0000,0.0000,0.0005,0.0001,200,0.7186
0.0036,0.0000,0.0000,0.0000,0.0036,0.0000,200,0.7158
0.0359,0.0000,0.0000,0.0000,0.0358,0.0000,200,0.6840
0.0150,0.0000,0.0000,0.0001,0.0148,0.0000,200,0.7054
0.0041,0.0000,0.0000,0.0001,0.0040,0.0000,200,0.7167
0.0308,0.0000,0.0000,0.0000,0.0307,0.0000,200,0.6901
0.0189,0.0000,0.0000,0.0000,0.0188,0.0000,200,0.7022
0.0080,0.0000,0.0000,0.0000,0.0080,0.0000,200,0.7133
0.0067,0.0000,0.0000,0.0000,0.0067,0.0000,200,0.7151
0.0091,0.0000,0.0000,0.0000,0.0087,0.0004,200,0.7129
0.0112,0.0000,0.0000,0.0000,0.0111,0.0000,200,0.7111
0.0035,0.0000,0.0000,0.0000,0.0034,0.0000,200,0.7191
0.0283,0.0000,0.0000,0.0001,0.0281,0.0001,200,0.6947
0.0243,0.0000,0.0000,0.0000,0.0242,0.0000,200,0.6987
0.0419,0.0000,0.0000,0.0004,0.0414,0.0001,200,0.6816
0.0033,0.0000,0.0000,0.0000,0.0032,0.0000,200,0.7204
0.0202,0.0000,0.0000,0.0000,0.0201,0.0001,200,0.7040
0.0037,0.0000,0.0000,0.0001,0.0035,0.0001,200,0.7208
0.0163,0.0000,0.0000,0.0000,0.0163,0.0000,200,0.7084
0.0251,0.0000,0.0000,0.0000,0.0247,0.0000,200,0.7001
0.0259,0.0000,0.0000,0.0000,0.0258,0.0000,200,0.6995
0.0012,0.0000,0.0000,0.0000,0.0011,0.0000,200,0.7246
0.0169,0.0000,0.0000,0.0000,0.0167,0.0001,200,0.7091
0.0410,0.0000,0.0000,0.0000,0.0409,0.0001,200,0.6854
0.0095,0.0000,0.0000,0.0000,0.0094,0.0000,200,0.7173
0.0157,0.0000,0.0000,0.0000,0.0156,0.0000,200,0.7114
0.0167,0.0000,0.0000,0.0000,0.0165,0.0002,200,0.7108
0.0068,0.0000,0.0000,0.0000,0.0068,0.0000,200,0.7208
0.0066,0.0000,0.0000,0.0000,0.0066,0.0000,200,0.7211
0.0381,0.0000,0.0000,0.0000,0.0379,0.0001,200,0.6899
0.0186,0.0000,0.0000,0.0000,0.0185,0.0001,200,0.7098
0.0729,0.0000,0.0000,0.0000,0.0728,0.0000,200,0.6557
0.0016,0.0000,0.0000,0.0000,0.0015,0.0000,200,0.7275
0.0020,0.0000,0.0000,0.0000,0.0020,0.0000,200,0.7277
0.0038,0.0000,0.0000,0.0001,0.0037,0.0000,200,0.7263
0.0078,0.0000,0.0000,0.0000,0.0076,0.0001,200,0.7226
0.0071,0.0000,0.0000,0.0000,0.0070,0.0000,200,0.7237
0.0011,0.0000,0.0000,0.0000,0.0010,0.0000,200,0.7302
0.0442,0.0000,0.0000,0.0000,0.0441,0.0000,200,0.6873
0.0363,0.0000,0.0000,0.0000,0.0361,0.0001,200,0.6954
0.0181,0.0000,0.0000,0.0000,0.0180,0.0000,200,0.7144
0.0140,0.0000,0.0000,0.0000,0.0139,0.0000,200,0.7185
0.0017,0.0000,0.0000,0.0000,0.0016,0.0000,200,0.7313
0.0304,0.0000,0.0000,0.0000,0.0301,0.0002,200,0.7031
0.0163,0.0000,0.0000,0.0000,0.0162,0.0001,200,0.7176
0.0186,0.0000,0.0000,0.0000,0.0186,0.0000,200,0.7155
0.0113,0.0000,0.0000,0.0000,0.0109,0.0003,200,0.7235
0.0160,0.0000,0.0000,0.0000,0.0159,0.0000,200,0.7189
0.0030,0.0000,0.0000,0.0000,0.0029,0.0001,200,0.7325
0.0177,0.0000,0.0000,0.0000,0.0176,0.0001,200,0.7180
0.0045,0.0000,0.0000,0.0000,0.0043,0.0001,200,0.7317
0.0241,0.0000,0.0000,0.0000,0.0238,0.0001,200,0.7122
0.0596,0.0000,0.0000,0.0000,0.0596,0.0000,200,0.6768
0.0119,0.0000,0.0000,0.0000,0.0118,0.0001,200,0.7247
0.0038,0.0000,0.0000,0.0002,0.0035,0.0000,200,0.7330
0.0295,0.0000,0.0000,0.0000,0.0294,0.0001,200,0.7076
0.0106,0.0000,0.0000,0.0000,0.0105,0.0000,200,0.7268
0.0395,0.0000,0.0000,0.0000,0.0394,0.0001,200,0.6981
0.0035,0.0000,0.0000,0.0000,0.0034,0.0001,200,0.7342
0.0257,0.0000,0.0000,0.0000,0.0256,0.0001,200,0.7124
0.0479,0.0000,0.0000,0.0000,0.0477,0.0001,200,0.6907
0.0082,0.0000,0.0000,0.0000,0.0081,0.0000,200,0.7308
0.0134,0.0000,0.0000,0.0000,0.0133,0.0001,200,0.7259
0.0115,0.0000,0.0000,0.0001,0.0114,0.0000,200,0.7280
0.0026,0.0000,0.0000,0.0000,0.0025,0.0000,200,0.7374
0.0648,0.0000,0.0000,0.0000,0.0647,0.0001,200,0.6755
0.0368,0.0000,0.0000,0.0000,0.0368,0.0000,200,0.7041
0.0089,0.0000,0.0000,0.0000,0.0087,0.0002,200,0.7325
0.0021,0.0000,0.0000,0.0000,0.0020,0.0000,200,0.7393
0.0122,0.0000,0.0000,0.0000,0.0122,0.0000,200,0.7297
0.0291,0.0000,0.0000,0.0000,0.0290,0.0001,200,0.7135
0.0176,0.0000,0.0000,0.0000,0.0174,0.0002,200,0.7254
0.0068,0.0000,0.0000,0.0000,0.0066,0.0001,200,0.7362
0.0347,0.0000,0.0000,0.0000,0.0346,0.0000,200,0.7086
0.0132,0.0000,0.0000,0.0000,0.0131,0.0000,200,0.7305
0.0023,0.0000,0.0000,0.0000,0.0023,0.0000,200,0.7415
0.0016,0.0000,0.0000,0.0000,0.0015,0.0001,200,0.7426
0.0090,0.0000,0.0000,0.0001,0.0088,0.0000,200,0.7355
0.0053,0.0000,0.0000,0.0000,0.0052,0.0000,200,0.7396
0.0232,0.0000,0.0000,0.0001,0.0230,0.0001,200,0.7219
0.0647,0.0000,0.0000,0.0001,0.0644,0.0001,200,0.6811
0.0101,0.0000,0.0000,0.0000,0.0099,0.0001,200,0.7365
0.0105,0.0000,0.0000,0.0000,0.0104,0.0000,200,0.7362
0.0250,0.0000,0.0000,0.0000,0.0245,0.0002,200,0.7220
0.0410,0.0000,0.0000,0.0000,0.0409,0.0001,200,0.7064
0.0041,0.0000,0.0000,0.0000,0.0038,0.0000,200,0.7434
0.0132,0.0000,0.0000,0.0000,0.0131,0.0000,200,0.7349
0.0107,0.0000,0.0000,0.0000,0.0106,0.0001,200,0.7375
0.0097,0.0000,0.0000,0.0000,0.0095,0.0001,200,0.7390
0.0036,0.0000,0.0000,0.0001,0.0033,0.0001,200,0.7458
0.0059,0.0000,0.0000,0.0000,0.0058,0.0001,200,0.7438
0.0133,0.0000,0.0000,0.0001,0.0130,0.0001,200,0.7366
0.0051,0.0000,0.0000,0.0000,0.0048,0.0002,200,0.7451
0.0232,0.0000,0.0000,0.0000,0.0230,0.0001,200,0.7271
0.0310,0.0000,0.0000,0.0000,0.0310,0.0000,200,0.7195
0.0102,0.0000,0.0000,0.0000,0.0100,0.0000,200,0.7403
0.0100,0.0000,0.0000,0.0000,0.0099,0.0001,200,0.7409
0.0199,0.0000,0.0000,0.0000,0.0198,0.0001,200,0.7315
0.0353,0.0000,0.0000,0.0003,0.0349,0.0000,200,0.7163
0.0120,0.0000,0.0000,0.0000,0.0119,0.0000,200,0.7400
0.0175,0.0000,0.0000,0.0000,0.0174,0.0000,200,0.7348
0.0036,0.0000,0.0000,0.0000,0.0035,0.0001,200,0.7494
0.0068,0.0000,0.0000,0.0002,0.0065,0.0001,200,0.7466
0.0123,0.0000,0.0000,0.0000,0.0120,0.0002,200,0.7414
0.0050,0.0000,0.0000,0.0000,0.0049,0.0000,200,0.7487
0.0203,0.0000,0.0000,0.0007,0.0195,0.0000,200,0.7335
0.0039,0.0000,0.0000,0.0000,0.0038,0.0001,200,0.7505
0.0504,0.0000,0.0000,0.0000,0.0503,0.0001,200,0.7043
0.0164,0.0000,0.0000,0.0000,0.0163,0.0000,200,0.7386
0.0260,0.0000,0.0000,0.0000,0.0257,0.0002,200,0.7291
0.0040,0.0000,0.0000,0.0001,0.0038,0.0001,200,0.7514
0.0130,0.0000,0.0000,0.0001,0.0127,0.0002,200,0.7430
0.0118,0.0000,0.0000,0.0000,0.0117,0.0000,200,0.7442
0.0028,0.0000,0.0000,0.0000,0.0027,0.0001,200,0.7537
0.0044,0.0000,0.0000,0.0001,0.0041,0.0001,200,0.7523
0.0100,0.0000,0.0000,0.0000,0.0098,0.0002,200,0.7470
0.0319,0.0000,0.0000,0.0000,0.0315,0.0002,200,0.7257
0.0860,0.0000,0.0000,0.0000,0.0859,0.0000,200,0.6717
0.0041,0.0000,0.0000,0.0000,0.0041,0.0000,200,0.7538
0.0353,0.0000,0.0000,0.0001,0.0351,0.0001,200,0.7230
0.0021,0.0000,0.0000,0.0001,0.0018,0.0001,200,0.7567
0.0348,0.0000,0.0000,0.0000,0.0347,0.0001,200,0.7242
0.0238,0.0000,0.0000,0.0000,0.0237,0.0002,200,0.7358
0.0162,0.0000,0.0000,0.0000,0.0161,0.0000,200,0.7437
0.0125,0.0000,0.0000,0.0000,0.0123,0.0001,200,0.7480
0.0105,0.0000,0.0000,0.0000,0.0104,0.0001,200,0.7503
0.0236,0.0000,0.0000,0.0000,0.0235,0.0000,200,0.7372
0.0073,0.0000,0.0000,0.0001,0.0067,0.0004,200,0.7537
0.0191,0.0000,0.0000,0.0000,0.0190,0.0000,200,0.7420
0.0165,0.0000,0.0000,0.0000,0.0164,0.0001,200,0.7449
0.0045,0.0000,0.0000,0.0000,0.0045,0.0000,200,0.7570
0.0043,0.0000,0.0000,0.0000,0.0041,0.0002,200,0.7579
0.0427,0.0000,0.0000,0.0000,0.0425,0.0002,200,0.7199
0.0199,0.0000,0.0000,0.0000,0.0198,0.0000,200,0.7430
0.0257,0.0000,0.0000,0.0001,0.0256,0.0001,200,0.7378
0.0257,0.0000,0.0000,0.0000,0.0257,0.0000,200,0.7381
0.0145,0.0000,0.0000,0.0001,0.0144,0.0000,200,0.7497
0.0024,0.0000,0.0000,0.0000,0.0023,0.0000,200,0.7622
0.0131,0.0000,0.0000,0.0000,0.0123,0.0008,200,0.7530
0.0102,0.0000,0.0000,0.0001,0.0092,0.0009,200,0.7560
0.0056,0.0000,0.0000,0.0001,0.0035,0.0016,200,0.7614
0.0207,0.0000,0.0000,0.0000,0.0206,0.0001,200,0.7467
0.0144,0.0000,0.0000,0.0000,0.0140,0.0003,200,0.7533
0.0131,0.0000,0.0000,0.0000,0.0130,0.0000,200,0.7548
0.0045,0.0000,0.0000,0.0000,0.0044,0.0000,200,0.7639
0.0113,0.0000,0.0000,0.0001,0.0109,0.0000,200,0.7577
0.0066,0.0000,0.0000,0.0001,0.0064,0.0001,200,0.7629
0.0184,0.0000,0.0000,0.0000,0.0183,0.0000,200,0.7516
0.0205,0.0000,0.0000,0.0000,0.0204,0.0000,200,0.7498
0.0110,0.0000,0.0000,0.0000,0.0109,0.0000,200,0.7596
0.0487,0.0000,0.0000,0.0000,0.0486,0.0001,200,0.7223
0.0167,0.0000,0.0000,0.0000,0.0166,0.0000,200,0.7544
0.0165,0.0000,0.0000,0.0001,0.0163,0.0000,200,0.7551
0.0074,0.0000,0.0000,0.0000,0.0074,0.0000,200,0.7646
0.0472,0.0000,0.0000,0.0000,0.0471,0.0000,200,0.7252
0.0017,0.0000,0.0000,0.0000,0.0016,0.0001,200,0.7711
0.0142,0.0000,0.0000,0.0000,0.0141,0.0000,200,0.7589
0.0020,0.0000,0.0000,0.0000,0.0020,0.0000,200,0.7716
0.0123,0.0000,0.0000,0.0000,0.0123,0.0000,200,0.7616
0.0080,0.0000,0.0000,0.0000,0.0080,0.0000,200,0.7661
0.0178,0.0000,0.0000,0.0000,0.0178,0.0000,200,0.7565
0.0463,0.0000,0.0000,0.0001,0.0461,0.0000,200,0.7284
0.0276,0.0000,0.0000,0.0000,0.0276,0.0001,200,0.7474
0.0173,0.0000,0.0000,0.0000,0.0171,0.0000,200,0.7583
0.0045,0.0000,0.0000,0.0000,0.0045,0.0000,200,0.7711
0.0086,0.0000,0.0000,0.0001,0.0083,0.0000,200,0.7674
0.0066,0.0000,0.0000,0.0001,0.0065,0.0000,200,0.7695
0.0091,0.0000,0.0000,0.0000,0.0090,0.0000,200,0.7678
0.0025,0.0000,0.0000,0.0000,0.0024,0.0001,200,0.7750
0.0075,0.0000,0.0000,0.0000,0.0074,0.0000,200,0.7706
0.0447,0.0000,0.0000,0.0000,0.0445,0.0001,200,0.7339
0.0227,0.0000,0.0000,0.0000,0.0227,0.0000,200,0.7560
0.0032,0.0000,0.0000,0.0000,0.0031,0.0001,200,0.7761
0.0510,0.0000,0.0000,0.0000,0.0509,0.0000,200,0.7286
0.0026,0.0000,0.0000,0.0000,0.0025,0.0000,200,0.7775
0.0013,0.0000,0.0000,0.0000,0.0012,0.0000,200,0.7793
0.0308,0.0000,0.0000,0.0000,0.0306,0.0002,200,0.7502
0.0125,0.0000,0.0000,0.0000,0.0124,0.0000,200,0.7689
0.0271,0.0000,0.0000,0.0000,0.0270,0.0001,200,0.7550
0.0313,0.0000,0.0000,0.0000,0.0312,0.0000,200,0.7509
0.0149,0.0000,0.0000,0.0000,0.0149,0.0000,200,0.7679
0.0226,0.0000,0.0000,0.0000,0.0225,0.0000,200,0.7607
0.0013,0.0000,0.0000,0.0000,0.0012,0.0001,200,0.7828
0.0099,0.0000,0.0000,0.0000,0.0098,0.0000,200,0.7742
0.0096,0.0000,0.0000,0.0000,0.0095,0.0000,200,0.7747
0.0618,0.0000,0.0000,0.0000,0.0617,0.0000,200,0.7230
0.0242,0.0000,0.0000,0.0000,0.0241,0.0000,200,0.7608
0.0265,0.0000,0.0000,0.0000,0.0260,0.0004,200,0.7590
0.0279,0.0000,0.0000,0.0000,0.0275,0.0004,200,0.7579
0.0016,0.0000,0.0000,0.0000,0.0015,0.0000,200,0.7843
0.0134,0.0000,0.0000,0.0000,0.0132,0.0002,200,0.7731
0.0384,0.0000,0.0000,0.0000,0.0382,0.0001,200,0.7482
0.0353,0.0000,0.0000,0.0000,0.0351,0.0002,200,0.7519
0.0088,0.0000,0.0000,0.0000,0.0088,0.0000,200,0.7786
0.0194,0.0000,0.0000,0.0000,0.0193,0.0000,200,0.7684
0.0141,0.0000,0.0000,0.0000,0.0140,0.0000,200,0.7739
0.0044,0.0000,0.0000,0.0000,0.0043,0.0000,200,0.7841
0.0384,0.0000,0.0000,0.0000,0.0384,0.0000,200,0.7505
0.0133,0.0000,0.0000,0.0000,0.0132,0.0000,200,0.7761
0.0104,0.0000,0.0000,0.0000,0.0103,0.0000,200,0.7796
0.0132,0.0000,0.0000,0.0006,0.0125,0.0000,200,0.7768
0.0097,0.0000,0.0000,0.0000,0.0097,0.0000,200,0.7810
0.0074,0.0000,0.0000,0.0000,0.0073,0.0000,200,0.7834
0.0009,0.0000,0.0000,0.0000,0.0007,0.0001,200,0.7900
0.0065,0.0000,0.0000,0.0000,0.0064,0.0001,200,0.7848
0.0703,0.0000,0.0000,0.0000,0.0701,0.0001,200,0.7213
0.0053,0.0000,0.0000,0.0000,0.0052,0.0000,200,0.7866
0.0043,0.0000,0.0000,0.0000,0.0043,0.0000,200,0.7878
0.0200,0.0000,0.0000,0.0000,0.0199,0.0000,200,0.7724
0.0086,0.0000,0.0000,0.0000,0.0084,0.0002,200,0.7841
0.0059,0.0000,0.0000,0.0000,0.0057,0.0000,200,0.7874
0.0152,0.0000,0.0000,0.0000,0.0151,0.0000,200,0.7781
0.0115,0.0000,0.0000,0.0000,0.0113,0.0000,200,0.7822
0.0332,0.0000,0.0000,0.0000,0.0330,0.0001,200,0.7611
0.0014,0.0000,0.0000,0.0000,0.0014,0.0000,200,0.7933
0.0323,0.0000,0.0000,0.0000,0.0321,0.0000,200,0.7627
0.0198,0.0000,0.0000,0.0000,0.0197,0.0001,200,0.7756
0.0049,0.0000,0.0000,0.0000,0.0048,0.0000,200,0.7907
0.0061,0.0000,0.0000,0.0000,0.0060,0.0000,200,0.7900
0.0297,0.0000,0.0000,0.0002,0.0289,0.0000,200,0.7669
0.0089,0.0000,0.0000,0.0000,0.0089,0.0000,200,0.7880
0.0227,0.0000,0.0000,0.0000,0.0226,0.0000,200,0.7743
0.0102,0.0000,0.0000,0.0000,0.0102,0.0000,200,0.7873
0.0048,0.0000,0.0000,0.0000,0.0047,0.0001,200,0.7933
0.0126,0.0000,0.0000,0.0000,0.0125,0.0000,200,0.7859
0.0381,0.0000,0.0000,0.0000,0.0380,0.0000,200,0.7610
0.0022,0.0000,0.0000,0.0000,0.0021,0.0000,200,0.7969
0.0102,0.0000,0.0000,0.0000,0.0101,0.0000,200,0.7889
0.0020,0.0000,0.0000,0.0000,0.0019,0.0001,200,0.7976
0.0092,0.0000,0.0000,0.0000,0.0090,0.0000,200,0.7913
0.0057,0.0000,0.0000,0.0000,0.0050,0.0007,200,0.7950
0.0221,0.0000,0.0000,0.0000,0.0219,0.0002,200,0.7787
0.0164,0.0000,0.0000,0.0000,0.0163,0.0001,200,0.7850
0.0092,0.0000,0.0000,0.0000,0.0091,0.0000,200,0.7924
0.0054,0.0000,0.0000,0.0000,0.0053,0.0000,200,0.7966
0.0140,0.0000,0.0000,0.0001,0.0139,0.0000,200,0.7885
0.0108,0.0000,0.0000,0.0000,0.0108,0.0000,200,0.7918
0.0757,0.0000,0.0000,0.0000,0.0755,0.0001,200,0.7276
0.0045,0.0000,0.0000,0.0000,0.0044,0.0001,200,0.7991
0.0179,0.0000,0.0000,0.0000,0.0178,0.0001,200,0.7858
0.0219,0.0000,0.0000,0.0000,0.0218,0.0000,200,0.7821
0.0084,0.0000,0.0000,0.0000,0.0083,0.0001,200,0.7961
0.0128,0.0000,0.0000,0.0000,0.0127,0.0001,200,0.7921
0.0026,0.0000,0.0000,0.0001,0.0024,0.0001,200,0.8027
0.0458,0.0000,0.0000,0.0000,0.0457,0.0000,200,0.7599
0.0035,0.0000,0.0000,0.0000,0.0033,0.0001,200,0.8025
0.0337,0.0000,0.0000,0.0000,0.0336,0.0000,200,0.7728
0.0022,0.0000,0.0000,0.0000,0.0021,0.0000,200,0.8044
0.0074,0.0000,0.0000,0.0000,0.0073,0.0001,200,0.7996
0.0377,0.0000,0.0000,0.0000,0.0373,0.0003,200,0.7703
0.0090,0.0000,0.0000,0.0000,0.0089,0.0000,200,0.7991
0.0049,0.0000,0.0000,0.0001,0.0047,0.0000,200,0.8033
0.0365,0.0000,0.0000,0.0000,0.0364,0.0001,200,0.7720
0.0084,0.0000,0.0000,0.0000,0.0082,0.0002,200,0.8008
0.0039,0.0000,0.0000,0.0000,0.0037,0.0002,200,0.8056
0.0492,0.0000,0.0000,0.0001,0.0490,0.0000,200,0.7605
0.0177,0.0000,0.0000,0.0000,0.0175,0.0002,200,0.7927
0.0250,0.0000,0.0000,0.0000,0.0245,0.0000,200,0.7855
0.0036,0.0000,0.0000,0.0000,0.0036,0.0000,200,0.8070
0.0017,0.0000,0.0000,0.0000,0.0016,0.0000,200,0.8093
0.0033,0.0000,0.0000,0.0000,0.0031,0.0000,200,0.8081
0.0077,0.0000,0.0000,0.0000,0.0076,0.0000,200,0.8040
0.0036,0.0000,0.0000,0.0000,0.0035,0.0000,200,0.8085
0.0108,0.0000,0.0000,0.0000,0.0107,0.0000,200,0.8016
0.0184,0.0000,0.0000,0.0000,0.0183,0.0001,200,0.7943
0.0123,0.0000,0.0000,0.0000,0.0122,0.0001,200,0.8005
0.0433,0.0000,0.0000,0.0000,0.0433,0.0000,200,0.7700
0.0180,0.0000,0.0000,0.0000,0.0179,0.0001,200,0.7956
0.0230,0.0000,0.0000,0.0000,0.0229,0.0000,200,0.7909
0.0498,0.0000,0.0000,0.0000,0.0497,0.0000,200,0.7642
0.0192,0.0000,0.0000,0.0001,0.0188,0.0001,200,0.7954
0.0333,0.0000,0.0000,0.0000,0.0332,0.0000,200,0.7814
0.0047,0.0000,0.0000,0.0000,0.0046,0.0000,200,0.8105
0.0016,0.0000,0.0000,0.0000,0.0015,0.0000,200,0.8140
0.0124,0.0000,0.0000,0.0001,0.0122,0.0001,200,0.8038
0.0085,0.0000,0.0000,0.0000,0.0084,0.0000,200,0.8081
0.0196,0.0000,0.0000,0.0000,0.0196,0.0000,200,0.7970
0.0188,0.0000,0.0000,0.0000,0.0187,0.0000,200,0.7981
0.0816,0.0000,0.0000,0.0001,0.0812,0.0001,200,0.7368
0.0023,0.0000,0.0000,0.0001,0.0022,0.0000,200,0.8162
0.0064,0.0000,0.0000,0.0000,0.0064,0.0000,200,0.8121
0.0550,0.0000,0.0000,0.0000,0.0549,0.0000,200,0.7636
0.0431,0.0000,0.0000,0.0000,0.0430,0.0000,200,0.7756
0.0054,0.0000,0.0000,0.0000,0.0053,0.0000,200,0.8133
0.0082,0.0000,0.0000,0.0002,0.0079,0.0000,200,0.8105
0.0055,0.0000,0.0000,0.0000,0.0051,0.0003,200,0.8136
0.0529,0.0000,0.0000,0.0000,0.0528,0.0001,200,0.7662
0.0012,0.0000,0.0000,0.0000,0.0010,0.0001,200,0.8184
0.0015,0.0000,0.0000,0.0000,0.0013,0.0001,200,0.8185
0.0729,0.0000,0.0000,0.0000,0.0728,0.0001,200,0.7475
0.0093,0.0000,0.0000,0.0001,0.0090,0.0001,200,0.8114
0.0173,0.0000,0.0000,0.0000,0.0172,0.0000,200,0.8037
0.0263,0.0000,0.0000,0.0000,0.0261,0.0002,200,0.7947
0.0089,0.0000,0.0000,0.0000,0.0086,0.0001,200,0.8128
0.0157,0.0000,0.0000,0.0000,0.0156,0.0000,200,0.8060
0.0112,0.0000,0.0000,0.0000,0.0111,0.0000,200,0.8110
0.0031,0.0000,0.0000,0.0000,0.0030,0.0000,200,0.8191
0.0040,0.0000,0.0000,0.0000,0.0040,0.0000,200,0.8186
0.0081,0.0000,0.0000,0.0000,0.0081,0.0000,200,0.8146
0.0228,0.0000,0.0000,0.0000,0.0227,0.0000,200,0.8007
0.0069,0.0000,0.0000,0.0000,0.0065,0.0003,200,0.8166
0.0319,0.0000,0.0000,0.0001,0.0317,0.0002,200,0.7916
0.0255,0.0000,0.0000,0.0000,0.0255,0.0001,200,0.7985
0.0249,0.0000,0.0000,0.0000,0.0248,0.0000,200,0.7991
0.0033,0.0000,0.0000,0.0000,0.0032,0.0001,200,0.8210
0.0009,0.0000,0.0000,0.0000,0.0008,0.0000,200,0.8235
0.0130,0.0000,0.0000,0.0000,0.0129,0.0000,200,0.8117
0.0120,0.0000,0.0000,0.0000,0.0119,0.0000,200,0.8127
0.0230,0.0000,0.0000,0.0000,0.0228,0.0002,200,0.8020
0.0237,0.0000,0.0000,0.0000,0.0237,0.0000,200,0.8013
0.0702,0.0000,0.0000,0.0000,0.0701,0.0000,200,0.7554
0.0206,0.0000,0.0000,0.0000,0.0204,0.0000,200,0.8052
0.0525,0.0000,0.0000,0.0000,0.0524,0.0001,200,0.7736
0.0371,0.0000,0.0000,0.0000,0.0370,0.0001,200,0.7893
0.0466,0.0000,0.0000,0.0000,0.0464,0.0002,200,0.7801
0.0037,0.0000,0.0000,0.0000,0.0035,0.0001,200,0.8235
0.0033,0.0000,0.0000,0.0000,0.0032,0.0000,200,0.8240
0.0138,0.0000,0.0000,0.0000,0.0138,0.0000,200,0.8139
0.0030,0.0000,0.0000,0.0000,0.0030,0.0000,200,0.8251
0.0190,0.0000,0.0000,0.0000,0.0189,0.0000,200,0.8095
0.0020,0.0000,0.0000,0.0000,0.0020,0.0000,200,0.8268
0.0356,0.0000,0.0000,0.0000,0.0354,0.0001,200,0.7937
0.0047,0.0000,0.0000,0.0000,0.0045,0.0001,200,0.8250
0.0101,0.0000,0.0000,0.0001,0.0098,0.0001,200,0.8200
0.0033,0.0000,0.0000,0.0000,0.0028,0.0001,200,0.8273
0.0073,0.0000,0.0000,0.0000,0.0072,0.0000,200,0.8235
0.0100,0.0000,0.0000,0.0000,0.0099,0.0001,200,0.8210
0.0128,0.0000,0.0000,0.0000,0.0126,0.0002,200,0.8186
0.0267,0.0000,0.0000,0.0000,0.0267,0.0000,200,0.8049
0.0054,0.0000,0.0000,0.0002,0.0051,0.0000,200,0.8265
0.0031,0.0000,0.0000,0.0000,0.0031,0.0000,200,0.8293
0.0029,0.0000,0.0000,0.0000,0.0028,0.0000,200,0.8301
0.0053,0.0000,0.0000,0.0000,0.0050,0.0003,200,0.8277
0.0270,0.0000,0.0000,0.0000,0.0270,0.0000,200,0.8065
0.0117,0.0000,0.0000,0.0000,0.0116,0.0000,200,0.8222
0.0244,0.0000,0.0000,0.0000,0.0244,0.0000,200,0.8097
0.0125,0.0000,0.0000,0.0000,0.0123,0.0002,200,0.8222
0.0105,0.0000,0.0000,0.0000,0.0105,0.0000,200,0.8244
0.0044,0.0000,0.0000,0.0000,0.0043,0.0000,200,0.8308
0.0014,0.0000,0.0000,0.0001,0.0012,0.0000,200,0.8342
0.0280,0.0000,0.0000,0.0000,0.0279,0.0001,200,0.8080
0.0172,0.0000,0.0000,0.0000,0.0170,0.0001,200,0.8191
0.0015,0.0000,0.0000,0.0000,0.0014,0.0000,200,0.8352
0.0307,0.0000,0.0000,0.0000,0.0305,0.0001,200,0.8066
0.0130,0.0000,0.0000,0.0000,0.0129,0.0000,200,0.8246
0.0032,0.0000,0.0000,0.0000,0.0030,0.0001,200,0.8347
0.0022,0.0000,0.0000,0.0000,0.0018,0.0002,200,0.8360
0.0191,0.0000,0.0000,0.0000,0.0190,0.0000,200,0.8196
0.0236,0.0000,0.0000,0.0000,0.0234,0.0001,200,0.8156
0.0590,0.0000,0.0000,0.0000,0.0589,0.0001,200,0.7806
0.0077,0.0000,0.0000,0.0000,0.0071,0.0000,200,0.8324
0.0317,0.0000,0.0000,0.0000,0.0316,0.0000,200,0.8106
0.0126,0.0000,0.0000,0.0000,0.0125,0.0000,200,0.8298
0.0153,0.0000,0.0000,0.0001,0.0151,0.0000,200,0.8271
0.0238,0.0000,0.0000,0.0000,0.0237,0.0000,200,0.8187
0.0095,0.0000,0.0000,0.0000,0.0094,0.0000,200,0.8330
0.0208,0.0000,0.0000,0.0000,0.0208,0.0000,200,0.8217
0.0164,0.0000,0.0000,0.0000,0.0161,0.0000,200,0.8261
0.0279,0.0000,0.0000,0.0000,0.0277,0.0000,200,0.8147
0.0110,0.0000,0.0000,0.0000,0.0109,0.0000,200,0.8316
0.0048,0.0000,0.0000,0.0000,0.0044,0.0004,200,0.8379
0.0244,0.0000,0.0000,0.0000,0.0243,0.0000,200,0.8185
0.0177,0.0000,0.0000,0.0000,0.0176,0.0001,200,0.8256
0.0231,0.0000,0.0000,0.0001,0.0228,0.0000,200,0.8207
0.0065,0.0000,0.0000,0.0000,0.0061,0.0003,200,0.8376
0.0043,0.0000,0.0000,0.0000,0.0042,0.0001,200,0.8402
0.0160,0.0000,0.0000,0.0001,0.0159,0.0000,200,0.8286
0.0225,0.0000,0.0000,0.0000,0.0223,0.0000,200,0.8226
0.0210,0.0000,0.0000,0.0000,0.0209,0.0000,200,0.8244
0.0034,0.0000,0.0000,0.0000,0.0033,0.0001,200,0.8424
0.0337,0.0000,0.0000,0.0000,0.0336,0.0000,200,0.8124
0.0209,0.0000,0.0000,0.0000,0.0208,0.0001,200,0.8258
0.0183,0.0000,0.0000,0.0000,0.0181,0.0000,200,0.8288
0.0087,0.0000,0.0000,0.0000,0.0086,0.0001,200,0.8387
0.0141,0.0000,0.0000,0.0000,0.0141,0.0000,200,0.8335
0.0051,0.0000,0.0000,0.0000,0.0049,0.0000,200,0.8427
0.0013,0.0000,0.0000,0.0000,0.0012,0.0000,200,0.8471
0.0026,0.0000,0.0000,0.0000,0.0025,0.0000,200,0.8459
0.0337,0.0000,0.0000,0.0000,0.0336,0.0000,200,0.8152
0.0070,0.0000,0.0000,0.0000,0.0067,0.0000,200,0.8423
0.0279,0.0000,0.0000,0.0000,0.0278,0.0000,200,0.8217
0.0062,0.0000,0.0000,0.0000,0.0061,0.0000,200,0.8438
0.0080,0.0000,0.0000,0.0000,0.0078,0.0001,200,0.8425
0.0158,0.0000,0.0000,0.0000,0.0157,0.0001,200,0.8349
0.0015,0.0000,0.0000,0.0000,0.0013,0.0001,200,0.8494
0.0023,0.0000,0.0000,0.0000,0.0022,0.0000,200,0.8489
0.0069,0.0000,0.0000,0.0000,0.0068,0.0001,200,0.8446
0.0065,0.0000,0.0000,0.0000,0.0065,0.0000,200,0.8454
0.0098,0.0000,0.0000,0.0000,0.0096,0.0001,200,0.8426
0.0621,0.0000,0.0000,0.0000,0.0619,0.0002,200,0.7907
0.0174,0.0000,0.0000,0.0000,0.0173,0.0001,200,0.8355
0.0102,0.0000,0.0000,0.0000,0.0101,0.0001,200,0.8433
0.0294,0.0000,0.0000,0.0000,0.0294,0.0000,200,0.8240
0.0259,0.0000,0.0000,0.0000,0.0256,0.0003,200,0.8281
0.0230,0.0000,0.0000,0.0001,0.0228,0.0000,200,0.8310
0.0068,0.0000,0.0000,0.0000,0.0065,0.0001,200,0.8478
0.0086,0.0000,0.0000,0.0000,0.0085,0.0000,200,0.8460
0.0382,0.0000,0.0000,0.0000,0.0381,0.0000,200,0.8169
0.0192,0.0000,0.0000,0.0000,0.0191,0.0000,200,0.8363
0.0242,0.0000,0.0000,0.0000,0.0240,0.0001,200,0.8314
0.0016,0.0000,0.0000,0.0000,0.0015,0.0001,200,0.8546
0.0126,0.0000,0.0000,0.0000,0.0125,0.0000,200,0.8441
0.0057,0.0000,0.0000,0.0000,0.0054,0.0000,200,0.8512
0.0235,0.0000,0.0000,0.0000,0.0234,0.0000,200,0.8339
0.0071,0.0000,0.0000,0.0000,0.0070,0.0000,200,0.8507
0.0024,0.0000,0.0000,0.0000,0.0023,0.0000,200,0.8556
0.0070,0.0000,0.0000,0.0000,0.0069,0.0000,200,0.8515
0.0138,0.0000,0.0000,0.0000,0.0137,0.0001,200,0.8451
0.0018,0.0000,0.0000,0.0000,0.0017,0.0000,200,0.8578
0.0393,0.0000,0.0000,0.0001,0.0392,0.0000,200,0.8204
0.0012,0.0000,0.0000,0.0000,0.0011,0.0000,200,0.8584
0.0155,0.0000,0.0000,0.0003,0.0152,0.0000,200,0.8445
0.0131,0.0000,0.0000,0.0000,0.0130,0.0000,200,0.8474
0.0108,0.0000,0.0000,0.0000,0.0107,0.0001,200,0.8500
0.0031,0.0000,0.0000,0.0000,0.0030,0.0001,200,0.8580
0.0108,0.0000,0.0000,0.0006,0.0102,0.0000,200,0.8508
0.0062,0.0000,0.0000,0.0000,0.0059,0.0001,200,0.8562
0.0058,0.0000,0.0000,0.0000,0.0057,0.0000,200,0.8567
0.0201,0.0000,0.0000,0.0000,0.0200,0.0001,200,0.8426
0.0260,0.0000,0.0000,0.0000,0.0259,0.0000,200,0.8367
0.0324,0.0000,0.0000,0.0004,0.0319,0.0000,200,0.8306
0.0068,0.0000,0.0000,0.0000,0.0067,0.0000,200,0.8573
0.0041,0.0000,0.0000,0.0000,0.0041,0.0000,200,0.8600
0.0108,0.0000,0.0000,0.0000,0.0106,0.0002,200,0.8540
0.0059,0.0000,0.0000,0.0000,0.0059,0.0000,200,0.8589
0.0333,0.0000,0.0000,0.0000,0.0332,0.0001,200,0.8319
0.0120,0.0000,0.0000,0.0000,0.0119,0.0000,200,0.8535
0.0065,0.0000,0.0000,0.0000,0.0062,0.0003,200,0.8596
0.0429,0.0000,0.0000,0.0000,0.0427,0.0002,200,0.8247
0.0216,0.0000,0.0000,0.0000,0.0212,0.0003,200,0.8467
0.0067,0.0000,0.0000,0.0000,0.0066,0.0000,200,0.8617
0.0049,0.0000,0.0000,0.0000,0.0048,0.0001,200,0.8641
0.0314,0.0000,0.0000,0.0000,0.0313,0.0000,200,0.8382
0.0039,0.0000,0.0000,0.0000,0.0037,0.0002,200,0.8661
0.0028,0.0000,0.0000,0.0000,0.0027,0.0001,200,0.8676
0.0540,0.0000,0.0000,0.0000,0.0538,0.0002,200,0.8166
0.0023,0.0000,0.0000,0.0000,0.0022,0.0000,200,0.8684
0.0317,0.0000,0.0000,0.0000,0.0316,0.0001,200,0.8396
0.0119,0.0000,0.0000,0.0000,0.0118,0.0000,200,0.8597
0.0214,0.0000,0.0000,0.0000,0.0212,0.0002,200,0.8504
0.0329,0.0000,0.0000,0.0000,0.0328,0.0000,200,0.8392
0.0857,0.0000,0.0000,0.0001,0.0855,0.0000,200,0.7865
0.0302,0.0000,0.0000,0.0000,0.0300,0.0001,200,0.8425
0.0130,0.0000,0.0000,0.0000,0.0129,0.0000,200,0.8597
0.0023,0.0000,0.0000,0.0000,0.0022,0.0000,200,0.8706
0.0110,0.0000,0.0000,0.0000,0.0109,0.0000,200,0.8624
0.0090,0.0000,0.0000,0.0000,0.0090,0.0000,200,0.8648
0.0040,0.0000,0.0000,0.0000,0.0040,0.0000,200,0.8701
0.0118,0.0000,0.0000,0.0001,0.0115,0.0000,200,0.8627
0.0010,0.0000,0.0000,0.0000,0.0009,0.0000,200,0.8739
0.0140,0.0000,0.0000,0.0001,0.0138,0.0001,200,0.8611
0.0108,0.0000,0.0000,0.0000,0.0106,0.0002,200,0.8648
0.0067,0.0000,0.0000,0.0000,0.0067,0.0000,200,0.8691
0.1316,0.0000,0.0000,0.0000,0.1314,0.0001,200,0.7445
0.0047,0.0000,0.0000,0.0000,0.0045,0.0000,200,0.8715
0.0046,0.0000,0.0000,0.0001,0.0043,0.0000,200,0.8722
0.0345,0.0000,0.0000,0.0000,0.0340,0.0005,200,0.8429
0.0053,0.0000,0.0000,0.0000,0.0051,0.0002,200,0.8721
0.0143,0.0000,0.0000,0.0001,0.0139,0.0000,200,0.8631
0.0067,0.0000,0.0000,0.0000,0.0066,0.0001,200,0.8713
0.0055,0.0000,0.0000,0.0000,0.0054,0.0000,200,0.8727
0.0059,0.0000,0.0000,0.0000,0.0059,0.0000,200,0.8729
0.0018,0.0000,0.0000,0.0000,0.0017,0.0000,200,0.8774
0.0312,0.0000,0.0000,0.0000,0.0311,0.0000,200,0.8484
0.0243,0.0000,0.0000,0.0000,0.0239,0.0003,200,0.8555
0.0117,0.0000,0.0000,0.0000,0.0116,0.0000,200,0.8684
0.0176,0.0000,0.0000,0.0000,0.0173,0.0000,200,0.8627
0.0269,0.0000,0.0000,0.0000,0.0268,0.0000,200,0.8535
0.0100,0.0000,0.0000,0.0000,0.0095,0.0004,200,0.8704
0.0268,0.0000,0.0000,0.0000,0.0267,0.0000,200,0.8540
0.0267,0.0000,0.0000,0.0000,0.0266,0.0000,200,0.8546
0.0044,0.0000,0.0000,0.0000,0.0041,0.0002,200,0.8774
0.0069,0.0000,0.0000,0.0000,0.0069,0.0000,200,0.8749
0.0105,0.0000,0.0000,0.0002,0.0101,0.0002,200,0.8719
0.0402,0.0000,0.0000,0.0000,0.0399,0.0003,200,0.8424
0.0069,0.0000,0.0000,0.0000,0.0067,0.0002,200,0.8759
0.0081,0.0000,0.0000,0.0000,0.0080,0.0001,200,0.8751
0.0033,0.0000,0.0000,0.0000,0.0032,0.0001,200,0.8804
0.0415,0.0000,0.0000,0.0000,0.0414,0.0001,200,0.8425
0.0020,0.0000,0.0000,0.0000,0.0018,0.0000,200,0.8824
0.0084,0.0000,0.0000,0.0000,0.0084,0.0000,200,0.8763
0.0091,0.0000,0.0000,0.0000,0.0089,0.0001,200,0.8761
0.0016,0.0000,0.0000,0.0000,0.0014,0.0001,200,0.8837
0.0488,0.0000,0.0000,0.0000,0.0487,0.0000,200,0.8373
0.0676,0.0000,0.0000,0.0000,0.0674,0.0001,200,0.8187
0.0166,0.0000,0.0000,0.0001,0.0161,0.0002,200,0.8706
0.0127,0.0000,0.0000,0.0000,0.0127,0.0000,200,0.8745
0.0073,0.0000,0.0000,0.0000,0.0072,0.0001,200,0.8803
0.0185,0.0000,0.0000,0.0000,0.0184,0.0000,200,0.8696
0.0231,0.0000,0.0000,0.0000,0.0230,0.0000,200,0.8652
0.0096,0.0000,0.0000,0.0000,0.0096,0.0000,200,0.8792
0.0033,0.0000,0.0000,0.0000,0.0032,0.0000,200,0.8860
0.0014,0.0000,0.0000,0.0000,0.0013,0.0000,200,0.8883
0.0570,0.0000,0.0000,0.0000,0.0570,0.0000,200,0.8330
0.0299,0.0000,0.0000,0.0000,0.0294,0.0004,200,0.8609
0.0389,0.0000,0.0000,0.0000,0.0388,0.0000,200,0.8519
0.0096,0.0000,0.0000,0.0000,0.0095,0.0000,200,0.8813
0.0093,0.0000,0.0000,0.0000,0.0092,0.0000,200,0.8818
0.0076,0.0000,0.0000,0.0000,0.0075,0.0000,200,0.8840
0.0368,0.0000,0.0000,0.0000,0.0368,0.0000,200,0.8551
0.0119,0.0000,0.0000,0.0000,0.0118,0.0001,200,0.8803
0.0080,0.0000,0.0000,0.0000,0.0079,0.0000,200,0.8847
0.0013,0.0000,0.0000,0.0000,0.0013,0.0000,200,0.8916
0.0107,0.0000,0.0000,0.0000,0.0106,0.0001,200,0.8828
0.0138,0.0000,0.0000,0.0000,0.0135,0.0000,200,0.8797
0.0041,0.0000,0.0000,0.0000,0.0040,0.0001,200,0.8900
0.0180,0.0000,0.0000,0.0000,0.0179,0.0000,200,0.8767
0.0472,0.0000,0.0000,0.0003,0.0468,0.0000,200,0.8476
0.0426,0.0000,0.0000,0.0000,0.0423,0.0002,200,0.8529
0.0141,0.0000,0.0000,0.0000,0.0140,0.0000,200,0.8818
0.0187,0.0000,0.0000,0.0000,0.0186,0.0001,200,0.8774
0.0055,0.0000,0.0000,0.0002,0.0053,0.0000,200,0.8911
0.0046,0.0000,0.0000,0.0000,0.0042,0.0004,200,0.8920
0.0317,0.0000,0.0000,0.0001,0.0310,0.0001,200,0.8655
0.0132,0.0000,0.0000,0.0000,0.0132,0.0000,200,0.8844
0.0011,0.0000,0.0000,0.0000,0.0010,0.0001,200,0.8966
0.0061,0.0000,0.0000,0.0000,0.0060,0.0001,200,0.8922
0.0012,0.0000,0.0000,0.0002,0.0008,0.0000,200,0.8976
0.0160,0.0000,0.0000,0.0000,0.0160,0.0000,200,0.8832
0.0043,0.0000,0.0000,0.0000,0.0040,0.0002,200,0.8955
0.0243,0.0000,0.0000,0.0000,0.0242,0.0000,200,0.8756
0.0033,0.0000,0.0000,0.0000,0.0032,0.0000,200,0.8966
0.0178,0.0000,0.0000,0.0000,0.0177,0.0001,200,0.8826
0.0233,0.0000,0.0000,0.0001,0.0230,0.0001,200,0.8780
0.0042,0.0000,0.0000,0.0001,0.0040,0.0001,200,0.8972
0.0591,0.0000,0.0000,0.0000,0.0589,0.0002,200,0.8426
0.0232,0.0000,0.0000,0.0000,0.0231,0.0000,200,0.8789
0.0060,0.0000,0.0000,0.0000,0.0058,0.0001,200,0.8962
0.0383,0.0000,0.0000,0.0000,0.0383,0.0001,200,0.8642
0.0533,0.0000,0.0000,0.0000,0.0532,0.0001,200,0.8496
0.0046,0.0000,0.0000,0.0000,0.0045,0.0001,200,0.8988
0.0008,0.0000,0.0000,0.0000,0.0007,0.0000,200,0.9029
0.0234,0.0000,0.0000,0.0000,0.0233,0.0001,200,0.8808
0.0085,0.0000,0.0000,0.0000,0.0084,0.0001,200,0.8959
0.0013,0.0000,0.0000,0.0000,0.0012,0.0000,200,0.9034
0.0050,0.0000,0.0000,0.0000,0.0048,0.0001,200,0.9003
0.0325,0.0000,0.0000,0.0000,0.0323,0.0002,200,0.8741
0.0497,0.0000,0.0000,0.0000,0.0493,0.0000,200,0.8569
0.0137,0.0000,0.0000,0.0000,0.0136,0.0000,200,0.8929
0.0159,0.0000,0.0000,0.0000,0.0156,0.0000,200,0.8909
0.0070,0.0000,0.0000,0.0000,0.0069,0.0000,200,0.8998
0.0334,0.0000,0.0000,0.0000,0.0333,0.0000,200,0.8734
0.0585,0.0000,0.0000,0.0000,0.0584,0.0000,200,0.8484
0.0555,0.0000,0.0000,0.0001,0.0553,0.0000,200,0.8528
0.0064,0.0000,0.0000,0.0001,0.0058,0.0000,200,0.9020
0.0059,0.0000,0.0000,0.0000,0.0058,0.0000,200,0.9025
0.0150,0.0000,0.0000,0.0001,0.0149,0.0000,200,0.8935
0.0150,0.0000,0.0000,0.0001,0.0148,0.0000,200,0.8935
0.0032,0.0000,0.0000,0.0000,0.0032,0.0000,200,0.9053
0.0213,0.0000,0.0000,0.0000,0.0212,0.0000,200,0.8872
0.0088,0.0000,0.0000,0.0000,0.0087,0.0000,200,0.8998
0.0093,0.0000,0.0000,0.0000,0.0093,0.0000,200,0.8993
0.0214,0.0000,0.0000,0.0000,0.0214,0.0000,200,0.8876
0.0146,0.0000,0.0000,0.0000,0.0145,0.0001,200,0.8948
0.0153,0.0000,0.0000,0.0000,0.0150,0.0003,200,0.8947
0.0249,0.0000,0.0000,0.0003,0.0245,0.0000,200,0.8851
0.0197,0.0000,0.0000,0.0000,0.0196,0.0001,200,0.8909
0.0090,0.0000,0.0000,0.0000,0.0086,0.0000,200,0.9017
0.0066,0.0000,0.0000,0.0001,0.0062,0.0000,200,0.9044
0.0031,0.0000,0.0000,0.0000,0.0030,0.0000,200,0.9084
0.0595,0.0000,0.0000,0.0001,0.0593,0.0000,200,0.8524
0.0519,0.0000,0.0000,0.0000,0.0518,0.0000,200,0.8605
0.0116,0.0000,0.0000,0.0000,0.0115,0.0001,200,0.9013
0.0223,0.0000,0.0000,0.0000,0.0223,0.0000,200,0.8907
0.0050,0.0000,0.0000,0.0001,0.0048,0.0000,200,0.9086
0.0161,0.0000,0.0000,0.0000,0.0160,0.0001,200,0.8977
0.0041,0.0000,0.0000,0.0000,0.0041,0.0000,200,0.9100
0.0059,0.0000,0.0000,0.0000,0.0056,0.0002,200,0.9091
0.0525,0.0000,0.0000,0.0000,0.0525,0.0000,200,0.8625
0.0085,0.0000,0.0000,0.0000,0.0083,0.0000,200,0.9066
0.0012,0.0000,0.0000,0.0000,0.0012,0.0000,200,0.9139
0.0431,0.0000,0.0000,0.0000,0.0431,0.0000,200,0.8726
0.0095,0.0000,0.0000,0.0000,0.0094,0.0000,200,0.9066
0.0076,0.0000,0.0000,0.0000,0.0075,0.0000,200,0.9085
0.0062,0.0000,0.0000,0.0000,0.0061,0.0001,200,0.9106
0.0034,0.0000,0.0000,0.0000,0.0033,0.0000,200,0.9136
0.0106,0.0000,0.0000,0.0000,0.0106,0.0000,200,0.9068
0.0038,0.0000,0.0000,0.0000,0.0037,0.0000,200,0.9142
0.0011,0.0000,0.0000,0.0000,0.0010,0.0000,200,0.9169
0.0055,0.0000,0.0000,0.0000,0.0054,0.0001,200,0.9131
0.0121,0.0000,0.0000,0.0000,0.0120,0.0000,200,0.9067
0.0965,0.0000,0.0000,0.0000,0.0964,0.0001,200,0.8228
0.0110,0.0000,0.0000,0.0000,0.0109,0.0000,200,0.9086
0.0119,0.0000,0.0000,0.0000,0.0118,0.0001,200,0.9083
0.0342,0.0000,0.0000,0.0000,0.0341,0.0000,200,0.8863
0.0095,0.0000,0.0000,0.0000,0.0094,0.0000,200,0.9115
0.0357,0.0000,0.0000,0.0000,0.0356,0.0001,200,0.8853
0.0146,0.0000,0.0000,0.0000,0.0145,0.0000,200,0.9068
0.0068,0.0000,0.0000,0.0000,0.0068,0.0000,200,0.9150
0.0324,0.0000,0.0000,0.0000,0.0323,0.0001,200,0.8899
0.0210,0.0000,0.0000,0.0001,0.0208,0.0000,200,0.9021
0.0233,0.0000,0.0000,0.0000,0.0228,0.0005,200,0.8998
0.0168,0.0000,0.0000,0.0000,0.0168,0.0000,200,0.9066
0.0343,0.0000,0.0000,0.0000,0.0340,0.0000,200,0.8893
0.0369,0.0000,0.0000,0.0000,0.0368,0.0001,200,0.8872
0.0135,0.0000,0.0000,0.0000,0.0135,0.0000,200,0.9110
0.0321,0.0000,0.0000,0.0000,0.0320,0.0001,200,0.8927
0.0041,0.0000,0.0000,0.0000,0.0038,0.0003,200,0.9214
0.0069,0.0000,0.0000,0.0000,0.0069,0.0000,200,0.9188
0.0029,0.0000,0.0000,0.0000,0.0028,0.0001,200,0.9231
0.0091,0.0000,0.0000,0.0000,0.0089,0.0002,200,0.9174
0.0378,0.0000,0.0000,0.0000,0.0377,0.0000,200,0.8888
0.0064,0.0000,0.0000,0.0000,0.0064,0.0000,200,0.9210
0.0177,0.0000,0.0000,0.0000,0.0176,0.0001,200,0.9100
0.0484,0.0000,0.0000,0.0000,0.0483,0.0001,200,0.8796
0.0106,0.0000,0.0000,0.0000,0.0106,0.0000,200,0.9180
0.0097,0.0000,0.0000,0.0000,0.0096,0.0001,200,0.9193
0.0149,0.0000,0.0000,0.0000,0.0148,0.0000,200,0.9161
0.0191,0.0000,0.0000,0.0000,0.0190,0.0000,200,0.9120
0.0059,0.0000,0.0000,0.0000,0.0058,0.0000,200,0.9256
0.0011,0.0000,0.0000,0.0000,0.0010,0.0001,200,0.9310
0.0218,0.0000,0.0000,0.0000,0.0217,0.0001,200,0.9107
0.0244,0.0000,0.0000,0.0000,0.0243,0.0001,200,0.9084
0.0019,0.0000,0.0000,0.0000,0.0017,0.0001,200,0.9314
0.0106,0.0000,0.0000,0.0001,0.0104,0.0000,200,0.9231
0.0120,0.0000,0.0000,0.0000,0.0119,0.0000,200,0.9218
0.0302,0.0000,0.0000,0.0000,0.0301,0.0000,200,0.9042
0.0260,0.0000,0.0000,0.0000,0.0259,0.0000,200,0.9085
0.0225,0.0000,0.0000,0.0000,0.0224,0.0001,200,0.9124
0.0224,0.0000,0.0000,0.0000,0.0221,0.0002,200,0.9129
0.0263,0.0000,0.0000,0.0000,0.0262,0.0001,200,0.9094
0.0023,0.0000,0.0000,0.0000,0.0023,0.0001,200,0.9337
0.0211,0.0000,0.0000,0.0000,0.0210,0.0000,200,0.9151
0.0039,0.0000,0.0000,0.0000,0.0038,0.0000,200,0.9328
0.0135,0.0000,0.0000,0.0000,0.0135,0.0000,200,0.9236
0.0153,0.0000,0.0000,0.0001,0.0151,0.0000,200,0.9223
0.0176,0.0000,0.0000,0.0000,0.0175,0.0000,200,0.9202
0.0110,0.0000,0.0000,0.0000,0.0110,0.0000,200,0.9275
0.0109,0.0000,0.0000,0.0000,0.0108,0.0000,200,0.9278
0.0306,0.0000,0.0000,0.0000,0.0306,0.0000,200,0.9085
0.0053,0.0000,0.0000,0.0000,0.0052,0.0000,200,0.9339
0.0237,0.0000,0.0000,0.0000,0.0236,0.0000,200,0.9158
0.0351,0.0000,0.0000,0.0000,0.0351,0.0000,200,0.9047
0.0399,0.0000,0.0000,0.0001,0.0386,0.0011,200,0.9013
0.0022,0.0000,0.0000,0.0000,0.0022,0.0000,200,0.9391
0.0047,0.0000,0.0000,0.0000,0.0047,0.0000,200,0.9367
0.0021,0.0000,0.0000,0.0000,0.0020,0.0000,200,0.9394
0.0330,0.0000,0.0000,0.0000,0.0330,0.0000,200,0.9085
0.0169,0.0000,0.0000,0.0000,0.0169,0.0000,200,0.9246
0.0238,0.0000,0.0000,0.0000,0.0237,0.0000,200,0.9180
0.0259,0.0000,0.0000,0.0001,0.0257,0.0000,200,0.9161
0.0082,0.0000,0.0000,0.0000,0.0082,0.0000,200,0.9345
0.0277,0.0000,0.0000,0.0000,0.0270,0.0003,200,0.9151
0.0017,0.0000,0.0000,0.0000,0.0016,0.0001,200,0.9414
0.0634,0.0000,0.0000,0.0000,0.0634,0.0000,200,0.8800
0.0153,0.0000,0.0000,0.0000,0.0151,0.0002,200,0.9287
0.0240,0.0000,0.0000,0.0000,0.0237,0.0003,200,0.9204
0.0156,0.0000,0.0000,0.0001,0.0155,0.0000,200,0.9290
0.0467,0.0000,0.0000,0.0000,0.0466,0.0001,200,0.8983
0.0247,0.0000,0.0000,0.0000,0.0246,0.0001,200,0.9210
0.0105,0.0000,0.0000,0.0000,0.0104,0.0001,200,0.9358
0.0102,0.0000,0.0000,0.0000,0.0100,0.0001,200,0.9361
0.0029,0.0000,0.0000,0.0000,0.0027,0.0002,200,0.9434
0.0189,0.0000,0.0000,0.0000,0.0188,0.0000,200,0.9280
0.0024,0.0000,0.0000,0.0000,0.0023,0.0000,200,0.9446
0.0166,0.0000,0.0000,0.0000,0.0165,0.0000,200,0.9310
0.0222,0.0000,0.0000,0.0000,0.0221,0.0000,200,0.9257
0.0332,0.0000,0.0000,0.0000,0.0331,0.0000,200,0.9149
0.0314,0.0000,0.0000,0.0000,0.0312,0.0000,200,0.9167
0.0032,0.0000,0.0000,0.0000,0.0032,0.0000,200,0.9450
0.0024,0.0000,0.0000,0.0001,0.0021,0.0001,200,0.9464
0.0045,0.0000,0.0000,0.0000,0.0044,0.0000,200,0.9444
0.0066,0.0000,0.0000,0.0000,0.0065,0.0000,200,0.9428
0.0716,0.0000,0.0000,0.0000,0.0714,0.0000,200,0.8781
0.0029,0.0000,0.0000,0.0000,0.0027,0.0001,200,0.9469
0.0243,0.0000,0.0000,0.0000,0.0243,0.0000,200,0.9260
0.0162,0.0000,0.0000,0.0000,0.0160,0.0001,200,0.9343
0.0031,0.0000,0.0000,0.0000,0.0030,0.0000,200,0.9477
0.0270,0.0000,0.0000,0.0000,0.0269,0.0001,200,0.9241
0.0019,0.0000,0.0000,0.0000,0.0018,0.0000,200,0.9497
0.0012,0.0000,0.0000,0.0000,0.0011,0.0000,200,0.9508
0.0021,0.0000,0.0000,0.0000,0.0019,0.0003,200,0.9505
0.0291,0.0000,0.0000,0.0000,0.0289,0.0001,200,0.9236
0.0050,0.0000,0.0000,0.0003,0.0047,0.0000,200,0.9481
0.0591,0.0000,0.0000,0.0001,0.0585,0.0003,200,0.8941
0.0119,0.0000,0.0000,0.0000,0.0118,0.0001,200,0.9420
0.0472,0.0000,0.0000,0.0000,0.0471,0.0000,200,0.9068
0.0016,0.0000,0.0000,0.0000,0.0013,0.0003,200,0.9531
0.0196,0.0000,0.0000,0.0000,0.0194,0.0001,200,0.9353
0.0517,0.0000,0.0000,0.0000,0.0517,0.0000,200,0.9037
0.0063,0.0000,0.0000,0.0000,0.0062,0.0000,200,0.9494
0.0012,0.0000,0.0000,0.0000,0.0011,0.0000,200,0.9549
0.0232,0.0000,0.0000,0.0000,0.0231,0.0000,200,0.9333
0.0103,0.0000,0.0000,0.0000,0.0103,0.0000,200,0.9462
0.0185,0.0000,0.0000,0.0000,0.0184,0.0001,200,0.9385
0.0094,0.0000,0.0000,0.0000,0.0093,0.0001,200,0.9479
0.0071,0.0000,0.0000,0.0000,0.0070,0.0000,200,0.9503
0.0313,0.0000,0.0000,0.0000,0.0313,0.0000,200,0.9266
0.0028,0.0000,0.0000,0.0000,0.0027,0.0000,200,0.9554
0.0103,0.0000,0.0000,0.0000,0.0103,0.0000,200,0.9483
0.0132,0.0000,0.0000,0.0000,0.0132,0.0000,200,0.9457
0.0130,0.0000,0.0000,0.0000,0.0129,0.0001,200,0.9462
0.0170,0.0000,0.0000,0.0000,0.0169,0.0000,200,0.9428
0.0016,0.0000,0.0000,0.0000,0.0016,0.0000,200,0.9581
0.0241,0.0000,0.0000,0.0000,0.0240,0.0000,200,0.9361
0.0027,0.0000,0.0000,0.0000,0.0025,0.0001,200,0.9579
0.0209,0.0000,0.0000,0.0000,0.0208,0.0000,200,0.9399
0.0081,0.0000,0.0000,0.0000,0.0081,0.0000,200,0.9528
0.0028,0.0000,0.0000,0.0000,0.0027,0.0000,200,0.9586
0.0204,0.0000,0.0000,0.0000,0.0204,0.0000,200,0.9414
0.0251,0.0000,0.0000,0.0000,0.0250,0.0000,200,0.9371
0.0019,0.0000,0.0000,0.0000,0.0018,0.0001,200,0.9606
0.0096,0.0000,0.0000,0.0000,0.0094,0.0001,200,0.9532
0.0253,0.0000,0.0000,0.0000,0.0250,0.0002,200,0.9378
0.0084,0.0000,0.0000,0.0000,0.0083,0.0000,200,0.9547
0.0388,0.0000,0.0000,0.0000,0.0388,0.0000,200,0.9248
0.0012,0.0000,0.0000,0.0000,0.0011,0.0001,200,0.9628
0.0294,0.0000,0.0000,0.0000,0.0292,0.0001,200,0.9349
0.0124,0.0000,0.0000,0.0000,0.0123,0.0001,200,0.9520
0.0087,0.0000,0.0000,0.0000,0.0086,0.0000,200,0.9560
0.0777,0.0000,0.0000,0.0000,0.0777,0.0000,200,0.8881
0.0221,0.0000,0.0000,0.0000,0.0221,0.0000,200,0.9440
0.0251,0.0000,0.0000,0.0000,0.0250,0.0000,200,0.9413
0.0168,0.0000,0.0000,0.0000,0.0166,0.0001,200,0.9498
0.0153,0.0000,0.0000,0.0000,0.0152,0.0000,200,0.9516
0.0032,0.0000,0.0000,0.0000,0.0031,0.0001,200,0.9644
0.0357,0.0000,0.0000,0.0000,0.0357,0.0000,200,0.9324
0.0027,0.0000,0.0000,0.0003,0.0020,0.0005,200,0.9661
0.0369,0.0000,0.0000,0.0000,0.0368,0.0001,200,0.9321
0.0088,0.0000,0.0000,0.0000,0.0087,0.0000,200,0.9603
0.0306,0.0000,0.0000,0.0000,0.0305,0.0000,200,0.9387
0.0077,0.0000,0.0000,0.0000,0.0075,0.0001,200,0.9618
0.0143,0.0000,0.0000,0.0000,0.0141,0.0001,200,0.9557
0.0087,0.0000,0.0000,0.0000,0.0086,0.0000,200,0.9614
0.0084,0.0000,0.0000,0.0000,0.0082,0.0001,200,0.9623
0.0009,0.0000,0.0000,0.0001,0.0008,0.0000,200,0.9699
0.0243,0.0000,0.0000,0.0001,0.0241,0.0000,200,0.9470
0.0142,0.0000,0.0000,0.0000,0.0141,0.0000,200,0.9574
0.0112,0.0000,0.0000,0.0001,0.0111,0.0000,200,0.9607
0.0529,0.0000,0.0000,0.0000,0.0528,0.0000,200,0.9196
0.0062,0.0000,0.0000,0.0001,0.0059,0.0001,200,0.9669
0.0066,0.0000,0.0000,0.0000,0.0065,0.0000,200,0.9666
0.0048,0.0000,0.0000,0.0000,0.0048,0.0000,200,0.9689
0.0105,0.0000,0.0000,0.0000,0.0102,0.0003,200,0.9640
0.0045,0.0000,0.0000,0.0000,0.0044,0.0000,200,0.9701
0.0062,0.0000,0.0000,0.0000,0.0060,0.0002,200,0.9691
0.0041,0.0000,0.0000,0.0000,0.0041,0.0000,200,0.9713
0.0270,0.0000,0.0000,0.0000,0.0269,0.0000,200,0.9487
0.0070,0.0000,0.0000,0.0000,0.0069,0.0001,200,0.9693
0.0173,0.0000,0.0000,0.0001,0.0167,0.0005,200,0.9598
0.0359,0.0000,0.0000,0.0000,0.0359,0.0000,200,0.9415
0.0343,0.0000,0.0000,0.0000,0.0343,0.0000,200,0.9431
0.0050,0.0000,0.0000,0.0000,0.0049,0.0000,200,0.9725
0.0204,0.0000,0.0000,0.0001,0.0203,0.0001,200,0.9574
0.0046,0.0000,0.0000,0.0000,0.0045,0.0001,200,0.9737
0.0603,0.0000,0.0000,0.0000,0.0601,0.0002,200,0.9186
0.0126,0.0000,0.0000,0.0000,0.0124,0.0001,200,0.9663
0.0224,0.0000,0.0000,0.0000,0.0223,0.0001,200,0.9570
0.0231,0.0000,0.0000,0.0000,0.0230,0.0000,200,0.9566
0.0095,0.0000,0.0000,0.0000,0.0093,0.0002,200,0.9709
0.0173,0.0000,0.0000,0.0000,0.0173,0.0000,200,0.9631
0.0320,0.0000,0.0000,0.0000,0.0318,0.0001,200,0.9489
0.0119,0.0000,0.0000,0.0000,0.0118,0.0000,200,0.9691
0.0397,0.0000,0.0000,0.0000,0.0396,0.0000,200,0.9418
0.0143,0.0000,0.0000,0.0000,0.0142,0.0000,200,0.9677
0.0117,0.0000,0.0000,0.0000,0.0116,0.0001,200,0.9706
0.0217,0.0000,0.0000,0.0000,0.0216,0.0000,200,0.9609
0.0048,0.0000,0.0000,0.0000,0.0047,0.0001,200,0.9783
0.0082,0.0000,0.0000,0.0000,0.0080,0.0001,200,0.9754
0.0029,0.0000,0.0000,0.0000,0.0029,0.0000,200,0.9809
0.0127,0.0000,0.0000,0.0000,0.0126,0.0000,200,0.9716
0.0042,0.0000,0.0000,0.0000,0.0041,0.0000,200,0.9804
0.0153,0.0000,0.0000,0.0000,0.0152,0.0000,200,0.9695
0.0371,0.0000,0.0000,0.0001,0.0369,0.0001,200,0.9481
0.0031,0.0000,0.0000,0.0000,0.0031,0.0000,200,0.9826
0.0447,0.0000,0.0000,0.0000,0.0444,0.0003,200,0.9415
0.0068,0.0000,0.0000,0.0000,0.0067,0.0000,200,0.9794
0.0123,0.0000,0.0000,0.0001,0.0120,0.0002,200,0.9745
0.0214,0.0000,0.0000,0.0000,0.0212,0.0001,200,0.9658
0.0152,0.0000,0.0000,0.0000,0.0151,0.0001,200,0.9720
0.0502,0.0000,0.0000,0.0001,0.0497,0.0000,200,0.9376
0.0010,0.0000,0.0000,0.0000,0.0009,0.0000,200,0.9872
0.0132,0.0000,0.0000,0.0000,0.0130,0.0001,200,0.9753
0.0295,0.0000,0.0000,0.0003,0.0291,0.0001,200,0.9592
0.0075,0.0000,0.0000,0.0000,0.0073,0.0000,200,0.9814
0.0031,0.0000,0.0000,0.0000,0.0030,0.0000,200,0.9862
0.0167,0.0000,0.0000,0.0000,0.0166,0.0000,200,0.9732
0.0174,0.0000,0.0000,0.0001,0.0172,0.0001,200,0.9731
0.0366,0.0000,0.0000,0.0000,0.0366,0.0000,200,0.9539
0.0369,0.0000,0.0000,0.0000,0.0367,0.0001,200,0.9539
0.0386,0.0000,0.0000,0.0000,0.0385,0.0000,200,0.9527
0.0054,0.0000,0.0000,0.0000,0.0053,0.0000,200,0.9862
0.0062,0.0000,0.0000,0.0000,0.0061,0.0000,200,0.9857
0.0178,0.0000,0.0000,0.0001,0.0176,0.0001,200,0.9746
0.0331,0.0000,0.0000,0.0000,0.0329,0.0001,200,0.9597
0.0516,0.0000,0.0000,0.0000,0.0516,0.0000,200,0.9415
0.0040,0.0000,0.0000,0.0000,0.0039,0.0000,200,0.9894
0.0671,0.0000,0.0000,0.0000,0.0670,0.0000,200,0.9266
0.0053,0.0000,0.0000,0.0000,0.0050,0.0001,200,0.9888
0.0301,0.0000,0.0000,0.0000,0.0301,0.0000,200,0.9642
0.0062,0.0000,0.0000,0.0000,0.0061,0.0000,200,0.9885
0.0145,0.0000,0.0000,0.0000,0.0145,0.0000,200,0.9804
0.0271,0.0000,0.0000,0.0000,0.0270,0.0001,200,0.9682
0.0200,0.0000,0.0000,0.0000,0.0198,0.0001,200,0.9758
0.0034,0.0000,0.0000,0.0000,0.0033,0.0001,200,0.9928
0.0076,0.0000,0.0000,0.0000,0.0075,0.0001,200,0.9889
0.0037,0.0000,0.0000,0.0000,0.0036,0.0000,200,0.9931
0.0146,0.0000,0.0000,0.0000,0.0145,0.0000,200,0.9824
0.0139,0.0000,0.0000,0.0000,0.0138,0.0000,200,0.9836
0.0012,0.0000,0.0000,0.0001,0.0011,0.0000,200,0.9965
0.0211,0.0000,0.0000,0.0000,0.0209,0.0002,200,0.9774
0.0397,0.0000,0.0000,0.0000,0.0396,0.0000,200,0.9589
0.0014,0.0000,0.0000,0.0000,0.0013,0.0000,200,0.9977
0.0043,0.0000,0.0000,0.0003,0.0039,0.0000,200,0.9953
0.0094,0.0000,0.0000,0.0000,0.0093,0.0001,200,0.9905
0.0035,0.0000,0.0000,0.0000,0.0034,0.0000,200,0.9970
0.0092,0.0000,0.0000,0.0000,0.0091,0.0000,200,0.9916
0.0027,0.0000,0.0000,0.0000,0.0026,0.0001,200,0.9986
0.0092,0.0000,0.0000,0.0000,0.0092,0.0000,200,0.9923
0.0168,0.0000,0.0000,0.0000,0.0167,0.0001,200,0.9852
0.0153,0.0000,0.0000,0.0000,0.0152,0.0000,200,0.9872
0.0390,0.0000,0.0000,0.0000,0.0389,0.0000,200,0.9636
0.0185,0.0000,0.0000,0.0000,0.0184,0.0000,200,0.9843
0.0519,0.0000,0.0000,0.0000,0.0518,0.0000,200,0.9512
0.0070,0.0000,0.0000,0.0000,0.0070,0.0000,200,0.9962
0.0035,0.0000,0.0000,0.0000,0.0034,0.0000,200,1.0005
0.0014,0.0000,0.0000,0.0000,0.0010,0.0001,200,1.0029
0.0272,0.0000,0.0000,0.0000,0.0272,0.0000,200,0.9774
0.0254,0.0000,0.0000,0.0000,0.0253,0.0000,200,0.9797
0.0056,0.0000,0.0000,0.0000,0.0055,0.0001,200,0.9996
0.0145,0.0000,0.0000,0.0001,0.0143,0.0001,200,0.9912
0.0035,0.0000,0.0000,0.0005,0.0029,0.0000,200,1.0026
0.0032,0.0000,0.0000,0.0000,0.0031,0.0000,200,1.0030
0.0221,0.0000,0.0000,0.0000,0.0220,0.0000,200,0.9846
0.0011,0.0000,0.0000,0.0000,0.0008,0.0003,200,1.0062
0.0246,0.0000,0.0000,0.0000,0.0244,0.0001,200,0.9832
0.0094,0.0000,0.0000,0.0000,0.0093,0.0000,200,0.9986
0.0068,0.0000,0.0000,0.0003,0.0064,0.0001,200,1.0016
0.0458,0.0000,0.0000,0.0000,0.0458,0.0000,200,0.9625
0.0440,0.0000,0.0000,0.0000,0.0435,0.0000,200,0.9648
0.0041,0.0000,0.0000,0.0000,0.0041,0.0000,200,1.0051
0.0258,0.0000,0.0000,0.0000,0.0257,0.0001,200,0.9838
0.0107,0.0000,0.0000,0.0000,0.0107,0.0000,200,0.9991
0.0339,0.0000,0.0000,0.0000,0.0338,0.0000,200,0.9763
0.0713,0.0000,0.0000,0.0000,0.0712,0.0000,200,0.9391
0.0176,0.0000,0.0000,0.0000,0.0174,0.0002,200,0.9934
0.0052,0.0000,0.0000,0.0000,0.0051,0.0000,200,1.0057
0.0156,0.0000,0.0000,0.0000,0.0155,0.0001,200,0.9957
0.0142,0.0000,0.0000,0.0001,0.0141,0.0000,200,0.9975
0.0060,0.0000,0.0000,0.0000,0.0059,0.0000,200,1.0061
0.0022,0.0000,0.0000,0.0000,0.0021,0.0000,200,1.0102
0.0177,0.0000,0.0000,0.0001,0.0175,0.0000,200,0.9949
0.0499,0.0000,0.0000,0.0000,0.0498,0.0001,200,0.9631
0.0186,0.0000,0.0000,0.0000,0.0186,0.0000,200,0.9948
0.0240,0.0000,0.0000,0.0000,0.0239,0.0001,200,0.9899
0.0010,0.0000,0.0000,0.0000,0.0009,0.0001,200,1.0134
0.0337,0.0000,0.0000,0.0001,0.0332,0.0004,200,0.9809
0.0026,0.0000,0.0000,0.0000,0.0023,0.0003,200,1.0124
0.0042,0.0000,0.0000,0.0000,0.0041,0.0000,200,1.0110
0.0025,0.0000,0.0000,0.0000,0.0022,0.0001,200,1.0130
0.0114,0.0000,0.0000,0.0000,0.0113,0.0001,200,1.0047
0.0043,0.0000,0.0000,0.0000,0.0042,0.0000,200,1.0121
0.0232,0.0000,0.0000,0.0000,0.0231,0.0000,200,0.9937
0.0016,0.0000,0.0000,0.0000,0.0015,0.0000,200,1.0155
0.0270,0.0000,0.0000,0.0000,0.0270,0.0000,200,0.9906
0.0405,0.0000,0.0000,0.0000,0.0402,0.0003,200,0.9774
0.0106,0.0000,0.0000,0.0000,0.0100,0.0004,200,1.0080
0.0165,0.0000,0.0000,0.0000,0.0165,0.0000,200,1.0021
0.0420,0.0000,0.0000,0.0000,0.0419,0.0000,200,0.9771
0.0103,0.0000,0.0000,0.0000,0.0101,0.0002,200,1.0092
0.0421,0.0000,0.0000,0.0000,0.0420,0.0000,200,0.9778
0.0027,0.0000,0.0000,0.0000,0.0026,0.0002,200,1.0176
0.0088,0.0000,0.0000,0.0000,0.0087,0.0001,200,1.0117
0.0212,0.0000,0.0000,0.0000,0.0211,0.0000,200,0.9999
0.0026,0.0000,0.0000,0.0000,0.0025,0.0000,200,1.0186
0.0335,0.0000,0.0000,0.0000,0.0334,0.0001,200,0.9881
0.0025,0.0000,0.0000,0.0000,0.0024,0.0001,200,1.0195
0.0079,0.0000,0.0000,0.0000,0.0077,0.0001,200,1.0146
0.0153,0.0000,0.0000,0.0000,0.0152,0.0000,200,1.0073
0.0438,0.0000,0.0000,0.0000,0.0438,0.0000,200,0.9789
0.0326,0.0000,0.0000,0.0000,0.0325,0.0001,200,0.9909
0.0125,0.0000,0.0000,0.0000,0.0123,0.0001,200,1.0114
0.0097,0.0000,0.0000,0.0000,0.0095,0.0002,200,1.0144
0.0213,0.0000,0.0000,0.0000,0.0213,0.0000,200,1.0032
0.0164,0.0000,0.0000,0.0003,0.0161,0.0000,200,1.0084
0.0142,0.0000,0.0000,0.0000,0.0141,0.0001,200,1.0110
0.0232,0.0000,0.0000,0.0000,0.0228,0.0003,200,1.0026
0.0067,0.0000,0.0000,0.0000,0.0067,0.0000,200,1.0190
0.0102,0.0000,0.0000,0.0000,0.0098,0.0001,200,1.0161
0.0127,0.0000,0.0000,0.0000,0.0126,0.0001,200,1.0139
0.0178,0.0000,0.0000,0.0000,0.0177,0.0000,200,1.0088
0.0171,0.0000,0.0000,0.0000,0.0170,0.0001,200,1.0099
0.0169,0.0000,0.0000,0.0000,0.0168,0.0000,200,1.0104
0.0022,0.0000,0.0000,0.0000,0.0021,0.0000,200,1.0254
0.0461,0.0000,0.0000,0.0000,0.0460,0.0000,200,0.9820
0.0280,0.0000,0.0000,0.0000,0.0276,0.0003,200,1.0008
0.0064,0.0000,0.0000,0.0000,0.0061,0.0000,200,1.0225
0.0078,0.0000,0.0000,0.0000,0.0077,0.0000,200,1.0211
0.0355,0.0000,0.0000,0.0000,0.0354,0.0000,200,0.9941
0.0053,0.0000,0.0000,0.0000,0.0052,0.0000,200,1.0246
0.0260,0.0000,0.0000,0.0000,0.0258,0.0002,200,1.0039
0.0014,0.0000,0.0000,0.0000,0.0012,0.0000,200,1.0289
0.0128,0.0000,0.0000,0.0001,0.0127,0.0001,200,1.0180
0.0262,0.0000,0.0000,0.0000,0.0257,0.0004,200,1.0052
0.0028,0.0000,0.0000,0.0000,0.0027,0.0000,200,1.0287
0.0072,0.0000,0.0000,0.0000,0.0071,0.0001,200,1.0248
0.0155,0.0000,0.0000,0.0000,0.0152,0.0002,200,1.0168
0.0410,0.0000,0.0000,0.0000,0.0406,0.0004,200,0.9919
0.0108,0.0000,0.0000,0.0000,0.0108,0.0000,200,1.0220
0.0012,0.0000,0.0000,0.0000,0.0011,0.0000,200,1.0323
0.0136,0.0000,0.0000,0.0000,0.0136,0.0000,200,1.0199
0.0008,0.0000,0.0000,0.0001,0.0007,0.0000,200,1.0329
0.0466,0.0000,0.0000,0.0000,0.0465,0.0000,200,0.9877
0.0067,0.0000,0.0000,0.0000,0.0066,0.0000,200,1.0276
0.0221,0.0000,0.0000,0.0000,0.0220,0.0001,200,1.0126
0.0080,0.0000,0.0000,0.0000,0.0078,0.0001,200,1.0273
0.0510,0.0000,0.0000,0.0000,0.0507,0.0002,200,0.9848
0.0025,0.0000,0.0000,0.0000,0.0025,0.0000,200,1.0335
0.0161,0.0000,0.0000,0.0001,0.0159,0.0001,200,1.0203
0.0271,0.0000,0.0000,0.0000,0.0270,0.0001,200,1.0097
0.0021,0.0000,0.0000,0.0002,0.0017,0.0000,200,1.0353
0.0066,0.0000,0.0000,0.0000,0.0062,0.0003,200,1.0308
0.0144,0.0000,0.0000,0.0004,0.0139,0.0000,200,1.0235
0.0820,0.0000,0.0000,0.0000,0.0819,0.0000,200,0.9565
0.0015,0.0000,0.0000,0.0000,0.0013,0.0001,200,1.0374
0.0237,0.0000,0.0000,0.0000,0.0236,0.0001,200,1.0152
0.0123,0.0000,0.0000,0.0000,0.0118,0.0002,200,1.0269
0.0170,0.0000,0.0000,0.0003,0.0166,0.0000,200,1.0225
0.0319,0.0000,0.0000,0.0000,0.0319,0.0000,200,1.0078
0.0023,0.0000,0.0000,0.0000,0.0023,0.0001,200,1.0379
0.0461,0.0000,0.0000,0.0000,0.0461,0.0000,200,0.9944
0.0162,0.0000,0.0000,0.0000,0.0161,0.0000,200,1.0262
0.0050,0.0000,0.0000,0.0000,0.0050,0.0000,200,1.0374
0.0238,0.0000,0.0000,0.0000,0.0237,0.0000,200,1.0186
0.0077,0.0000,0.0000,0.0000,0.0076,0.0000,200,1.0348
0.0091,0.0000,0.0000,0.0001,0.0090,0.0000,200,1.0335
0.0256,0.0000,0.0000,0.0000,0.0255,0.0000,200,1.0171
0.0169,0.0000,0.0000,0.0000,0.0168,0.0000,200,1.0258
0.0164,0.0000,0.0000,0.0003,0.0160,0.0001,200,1.0266
0.0136,0.0000,0.0000,0.0000,0.0135,0.0000,200,1.0299
0.0014,0.0000,0.0000,0.0000,0.0011,0.0000,200,1.0424
0.0044,0.0000,0.0000,0.0000,0.0043,0.0000,200,1.0397
0.0053,0.0000,0.0000,0.0000,0.0052,0.0001,200,1.0393
0.0161,0.0000,0.0000,0.0000,0.0160,0.0001,200,1.0290
0.0152,0.0000,0.0000,0.0002,0.0149,0.0000,200,1.0303
0.0372,0.0000,0.0000,0.0003,0.0368,0.0000,200,1.0084
0.0144,0.0000,0.0000,0.0000,0.0143,0.0000,200,1.0315
0.0239,0.0000,0.0000,0.0000,0.0238,0.0000,200,1.0228
0.0037,0.0000,0.0000,0.0000,0.0037,0.0000,200,1.0430
0.0258,0.0000,0.0000,0.0000,0.0257,0.0000,200,1.0211
0.0142,0.0000,0.0000,0.0001,0.0141,0.0000,200,1.0329
0.0207,0.0000,0.0000,0.0000,0.0206,0.0000,200,1.0266
0.0239,0.0000,0.0000,0.0000,0.0237,0.0001,200,1.0238
0.0140,0.0000,0.0000,0.0000,0.0139,0.0001,200,1.0337
0.0137,0.0000,0.0000,0.0000,0.0137,0.0000,200,1.0343
0.0188,0.0000,0.0000,0.0001,0.0186,0.0000,200,1.0295
0.0175,0.0000,0.0000,0.0000,0.0173,0.0001,200,1.0315
0.0063,0.0000,0.0000,0.0000,0.0063,0.0000,200,1.0426
0.0095,0.0000,0.0000,0.0000,0.0094,0.0000,200,1.0395
0.0032,0.0000,0.0000,0.0000,0.0031,0.0000,200,1.0459
0.0331,0.0000,0.0000,0.0000,0.0329,0.0001,200,1.0164
0.0062,0.0000,0.0000,0.0000,0.0061,0.0001,200,1.0438
0.0012,0.0000,0.0000,0.0000,0.0011,0.0000,200,1.0489
0.0142,0.0000,0.0000,0.0001,0.0138,0.0004,200,1.0367
0.0213,0.0000,0.0000,0.0000,0.0211,0.0001,200,1.0299
0.0086,0.0000,0.0000,0.0000,0.0084,0.0002,200,1.0427
0.0649,0.0000,0.0000,0.0000,0.0647,0.0000,200,0.9868
0.0117,0.0000,0.0000,0.0000,0.0116,0.0001,200,1.0402
0.0096,0.0000,0.0000,0.0000,0.0096,0.0000,200,1.0425
0.0284,0.0000,0.0000,0.0000,0.0283,0.0000,200,1.0241
0.0027,0.0000,0.0000,0.0000,0.0026,0.0001,200,1.0501
0.0212,0.0000,0.0000,0.0000,0.0211,0.0000,200,1.0320
0.0022,0.0000,0.0000,0.0000,0.0021,0.0000,200,1.0513
0.0497,0.0000,0.0000,0.0000,0.0496,0.0000,200,1.0042
0.0043,0.0000,0.0000,0.0001,0.0041,0.0000,200,1.0500
0.0188,0.0000,0.0000,0.0000,0.0187,0.0001,200,1.0357
0.0481,0.0000,0.0000,0.0001,0.0475,0.0001,200,1.0067
0.0585,0.0000,0.0000,0.0000,0.0583,0.0002,200,0.9968
0.0168,0.0000,0.0000,0.0000,0.0166,0.0000,200,1.0389
0.0032,0.0000,0.0000,0.0000,0.0031,0.0000,200,1.0528
0.0130,0.0000,0.0000,0.0000,0.0129,0.0000,200,1.0435
0.0078,0.0000,0.0000,0.0000,0.0077,0.0001,200,1.0491
0.0054,0.0000,0.0000,0.0000,0.0053,0.0000,200,1.0517
0.0038,0.0000,0.0000,0.0000,0.0037,0.0000,200,1.0539
0.0429,0.0000,0.0000,0.0000,0.0425,0.0003,200,1.0150
0.0110,0.0000,0.0000,0.0000,0.0110,0.0000,200,1.0468
0.0364,0.0000,0.0000,0.0000,0.0364,0.0000,200,1.0216
0.0059,0.0000,0.0000,0.0000,0.0058,0.0001,200,1.0526
0.0016,0.0000,0.0000,0.0000,0.0015,0.0000,200,1.0570
0.0165,0.0000,0.0000,0.0000,0.0163,0.0000,200,1.0424
0.0042,0.0000,0.0000,0.0000,0.0039,0.0002,200,1.0553
0.0054,0.0000,0.0000,0.0000,0.0051,0.0002,200,1.0548
0.0137,0.0000,0.0000,0.0000,0.0135,0.0001,200,1.0467
0.0136,0.0000,0.0000,0.0001,0.0133,0.0002,200,1.0471
0.0126,0.0000,0.0000,0.0000,0.0125,0.0000,200,1.0495
0.0033,0.0000,0.0000,0.0000,0.0033,0.0000,200,1.0589
0.0069,0.0000,0.0000,0.0000,0.0069,0.0000,200,1.0557
0.0346,0.0000,0.0000,0.0000,0.0346,0.0000,200,1.0281
0.0051,0.0000,0.0000,0.0001,0.0045,0.0001,200,1.0577
0.0241,0.0000,0.0000,0.0000,0.0239,0.0001,200,1.0389
0.0208,0.0000,0.0000,0.0000,0.0207,0.0000,200,1.0424
0.0040,0.0000,0.0000,0.0001,0.0039,0.0000,200,1.0595
0.0146,0.0000,0.0000,0.0001,0.0145,0.0000,200,1.0490
0.0153,0.0000,0.0000,0.0000,0.0151,0.0001,200,1.0484
0.0116,0.0000,0.0000,0.0000,0.0115,0.0000,200,1.0521
0.0164,0.0000,0.0000,0.0000,0.0162,0.0000,200,1.0473
0.0077,0.0000,0.0000,0.0000,0.0071,0.0006,200,1.0560
0.0039,0.0000,0.0000,0.0000,0.0038,0.0000,200,1.0601
0.0289,0.0000,0.0000,0.0000,0.0285,0.0003,200,1.0360
0.0027,0.0000,0.0000,0.0000,0.0027,0.0000,200,1.0622
0.0025,0.0000,0.0000,0.0000,0.0024,0.0000,200,1.0628
0.0084,0.0000,0.0000,0.0000,0.0083,0.0001,200,1.0581
0.0124,0.0000,0.0000,0.0000,0.0122,0.0002,200,1.0546
0.0223,0.0000,0.0000,0.0000,0.0222,0.0000,200,1.0455
0.0666,0.0000,0.0000,0.0000,0.0665,0.0000,200,1.0012
0.0314,0.0000,0.0000,0.0000,0.0313,0.0000,200,1.0365
0.0295,0.0000,0.0000,0.0000,0.0295,0.0000,200,1.0385
0.0215,0.0000,0.0000,0.0000,0.0215,0.0000,200,1.0468
0.0231,0.0000,0.0000,0.0000,0.0230,0.0001,200,1.0456
0.0284,0.0000,0.0000,0.0002,0.0282,0.0000,200,1.0405
0.0108,0.0000,0.0000,0.0000,0.0107,0.0000,200,1.0586
0.0049,0.0000,0.0000,0.0000,0.0048,0.0000,200,1.0649
0.0065,0.0000,0.0000,0.0000,0.0064,0.0001,200,1.0636
0.0038,0.0000,0.0000,0.0000,0.0037,0.0000,200,1.0670
0.0505,0.0000,0.0000,0.0000,0.0504,0.0001,200,1.0205
0.0037,0.0000,0.0000,0.0000,0.0035,0.0001,200,1.0678
0.0030,0.0000,0.0000,0.0000,0.0029,0.0000,200,1.0687
0.0153,0.0000,0.0000,0.0000,0.0150,0.0002,200,1.0570
0.0282,0.0000,0.0000,0.0000,0.0281,0.0000,200,1.0441
0.0097,0.0000,0.0000,0.0000,0.0096,0.0000,200,1.0630
0.0018,0.0000,0.0000,0.0000,0.0013,0.0004,200,1.0715
0.0012,0.0000,0.0000,0.0001,0.0010,0.0000,200,1.0723
0.0102,0.0000,0.0000,0.0000,0.0101,0.0001,200,1.0638
0.0007,0.0000,0.0000,0.0000,0.0007,0.0000,200,1.0732
0.0235,0.0000,0.0000,0.0000,0.0234,0.0000,200,1.0510
0.0041,0.0000,0.0000,0.0001,0.0038,0.0001,200,1.0708
0.0221,0.0000,0.0000,0.0000,0.0220,0.0001,200,1.0531
0.0044,0.0000,0.0000,0.0000,0.0043,0.0000,200,1.0717
0.0419,0.0000,0.0000,0.0000,0.0418,0.0000,200,1.0343
0.0070,0.0000,0.0000,0.0000,0.0069,0.0000,200,1.0694
0.0346,0.0000,0.0000,0.0000,0.0343,0.0002,200,1.0427
0.0159,0.0000,0.0000,0.0002,0.0157,0.0000,200,1.0622
0.0044,0.0000,0.0000,0.0000,0.0043,0.0000,200,1.0740
0.0112,0.0000,0.0000,0.0000,0.0112,0.0000,200,1.0678
0.0036,0.0000,0.0000,0.0000,0.0035,0.0000,200,1.0761
0.0101,0.0000,0.0000,0.0000,0.0099,0.0001,200,1.0701
0.0150,0.0000,0.0000,0.0000,0.0145,0.0001,200,1.0653
0.0176,0.0000,0.0000,0.0000,0.0175,0.0000,200,1.0632
0.0298,0.0000,0.0000,0.0000,0.0297,0.0000,200,1.0513
0.0335,0.0000,0.0000,0.0000,0.0334,0.0001,200,1.0480
0.0212,0.0000,0.0000,0.0000,0.0211,0.0001,200,1.0607
0.0145,0.0000,0.0000,0.0000,0.0144,0.0000,200,1.0678
0.0078,0.0000,0.0000,0.0000,0.0077,0.0000,200,1.0749
0.0031,0.0000,0.0000,0.0000,0.0030,0.0000,200,1.0797
0.0144,0.0000,0.0000,0.0000,0.0142,0.0000,200,1.0690
0.0125,0.0000,0.0000,0.0000,0.0124,0.0000,200,1.0710
0.0036,0.0000,0.0000,0.0000,0.0035,0.0001,200,1.0802
0.0306,0.0000,0.0000,0.0000,0.0305,0.0001,200,1.0535
0.0279,0.0000,0.0000,0.0000,0.0278,0.0001,200,1.0565
0.0209,0.0000,0.0000,0.0000,0.0209,0.0000,200,1.0636
0.0122,0.0000,0.0000,0.0001,0.0119,0.0000,200,1.0727
0.0313,0.0000,0.0000,0.0000,0.0312,0.0000,200,1.0543
0.0253,0.0000,0.0000,0.0000,0.0253,0.0000,200,1.0603
0.0368,0.0000,0.0000,0.0001,0.0366,0.0001,200,1.0489
0.0387,0.0000,0.0000,0.0000,0.0386,0.0001,200,1.0477
0.0168,0.0000,0.0000,0.0000,0.0168,0.0000,200,1.0698
0.0032,0.0000,0.0000,0.0000,0.0031,0.0001,200,1.0841
0.0238,0.0000,0.0000,0.0000,0.0237,0.0001,200,1.0637
0.0015,0.0000,0.0000,0.0000,0.0013,0.0001,200,1.0866
0.0048,0.0000,0.0000,0.0000,0.0047,0.0000,200,1.0833
0.0306,0.0000,0.0000,0.0000,0.0305,0.0000,200,1.0579
0.0031,0.0000,0.0000,0.0001,0.0030,0.0000,200,1.0856
0.0250,0.0000,0.0000,0.0000,0.0250,0.0000,200,1.0641
0.0111,0.0000,0.0000,0.0000,0.0110,0.0001,200,1.0783
0.0134,0.0000,0.0000,0.0000,0.0133,0.0001,200,1.0764
0.0151,0.0000,0.0000,0.0000,0.0151,0.0000,200,1.0753
0.0148,0.0000,0.0000,0.0000,0.0147,0.0000,200,1.0761
0.0056,0.0000,0.0000,0.0001,0.0054,0.0000,200,1.0857
0.0066,0.0000,0.0000,0.0000,0.0065,0.0001,200,1.0849
0.0033,0.0000,0.0000,0.0000,0.0032,0.0001,200,1.0887
0.0088,0.0000,0.0000,0.0000,0.0086,0.0002,200,1.0838
0.0246,0.0000,0.0000,0.0000,0.0245,0.0000,200,1.0683
0.0038,0.0000,0.0000,0.0000,0.0036,0.0002,200,1.0894
0.0119,0.0000,0.0000,0.0000,0.0117,0.0001,200,1.0815
0.0039,0.0000,0.0000,0.0000,0.0038,0.0001,200,1.0899
0.0291,0.0000,0.0000,0.0000,0.0290,0.0000,200,1.0649
0.0054,0.0000,0.0000,0.0000,0.0053,0.0000,200,1.0891
0.0023,0.0000,0.0000,0.0000,0.0022,0.0000,200,1.0926
0.0048,0.0000,0.0000,0.0000,0.0048,0.0000,200,1.0904
0.0072,0.0000,0.0000,0.0000,0.0072,0.0000,200,1.0881
0.0042,0.0000,0.0000,0.0000,0.0041,0.0000,200,1.0915
0.0327,0.0000,0.0000,0.0000,0.0325,0.0002,200,1.0637
0.0388,0.0000,0.0000,0.0000,0.0387,0.0000,200,1.0579
0.0053,0.0000,0.0000,0.0000,0.0052,0.0000,200,1.0921
0.0337,0.0000,0.0000,0.0000,0.0334,0.0003,200,1.0637
0.0049,0.0000,0.0000,0.0000,0.0048,0.0001,200,1.0929
0.0316,0.0000,0.0000,0.0000,0.0315,0.0001,200,1.0666
0.0129,0.0000,0.0000,0.0000,0.0128,0.0001,200,1.0857
0.0024,0.0000,0.0000,0.0000,0.0023,0.0000,200,1.0964
0.0083,0.0000,0.0000,0.0000,0.0082,0.0001,200,1.0909
0.0111,0.0000,0.0000,0.0000,0.0110,0.0002,200,1.0885
0.0256,0.0000,0.0000,0.0000,0.0254,0.0001,200,1.0745
0.0194,0.0000,0.0000,0.0000,0.0193,0.0000,200,1.0808
0.0750,0.0000,0.0000,0.0000,0.0749,0.0000,200,1.0257
0.0147,0.0000,0.0000,0.0001,0.0145,0.0001,200,1.0864
0.0034,0.0000,0.0000,0.0000,0.0033,0.0000,200,1.0978
0.0019,0.0000,0.0000,0.0000,0.0019,0.0000,200,1.0996
0.0239,0.0000,0.0000,0.0000,0.0238,0.0002,200,1.0780
0.0034,0.0000,0.0000,0.0001,0.0033,0.0000,200,1.0987
0.0402,0.0000,0.0000,0.0000,0.0402,0.0000,200,1.0626
0.0023,0.0000,0.0000,0.0000,0.0019,0.0004,200,1.1007
0.0043,0.0000,0.0000,0.0000,0.0042,0.0000,200,1.0988
0.0237,0.0000,0.0000,0.0000,0.0236,0.0000,200,1.0802
0.0321,0.0000,0.0000,0.0000,0.0319,0.0001,200,1.0723
0.0044,0.0000,0.0000,0.0000,0.0042,0.0002,200,1.1001
0.0020,0.0000,0.0000,0.0000,0.0019,0.0001,200,1.1030
0.0120,0.0000,0.0000,0.0000,0.0119,0.0001,200,1.0933
0.0036,0.0000,0.0000,0.0000,0.0035,0.0000,200,1.1020
0.0049,0.0000,0.0000,0.0000,0.0048,0.0000,200,1.1011
0.0256,0.0000,0.0000,0.0000,0.0256,0.0000,200,1.0811
0.0013,0.0000,0.0000,0.0000,0.0010,0.0003,200,1.1054
0.0594,0.0000,0.0000,0.0000,0.0593,0.0000,200,1.0477
0.0160,0.0000,0.0000,0.0000,0.0159,0.0001,200,1.0913
0.0630,0.0000,0.0000,0.0000,0.0627,0.0000,200,1.0446
0.0065,0.0000,0.0000,0.0000,0.0064,0.0001,200,1.1015
0.0090,0.0000,0.0000,0.0000,0.0089,0.0000,200,1.0992
0.0045,0.0000,0.0000,0.0000,0.0042,0.0001,200,1.1043
0.0574,0.0000,0.0000,0.0000,0.0573,0.0001,200,1.0519
0.0014,0.0000,0.0000,0.0001,0.0013,0.0000,200,1.1080
0.0044,0.0000,0.0000,0.0000,0.0043,0.0001,200,1.1056
0.0313,0.0000,0.0000,0.0000,0.0311,0.0001,200,1.0791
0.0125,0.0000,0.0000,0.0000,0.0124,0.0000,200,1.0982
0.0091,0.0000,0.0000,0.0000,0.0090,0.0001,200,1.1022
0.1328,0.0000,0.0000,0.0000,0.1327,0.0001,200,0.9789
0.0166,0.0000,0.0000,0.0000,0.0165,0.0000,200,1.0953
0.0040,0.0000,0.0000,0.0000,0.0039,0.0001,200,1.1083
0.0188,0.0000,0.0000,0.0000,0.0186,0.0001,200,1.0940
0.0027,0.0000,0.0000,0.0000,0.0026,0.0000,200,1.1103
0.0288,0.0000,0.0000,0.0000,0.0287,0.0000,200,1.0845
0.0047,0.0000,0.0000,0.0001,0.0045,0.0000,200,1.1088
0.0313,0.0000,0.0000,0.0001,0.0311,0.0001,200,1.0828
0.0519,0.0000,0.0000,0.0000,0.0518,0.0000,200,1.0627
0.0377,0.0000,0.0000,0.0000,0.0375,0.0002,200,1.0773
0.0569,0.0000,0.0000,0.0000,0.0567,0.0000,200,1.0584
0.0022,0.0000,0.0000,0.0000,0.0021,0.0001,200,1.1136
0.0087,0.0000,0.0000,0.0000,0.0084,0.0002,200,1.1073
0.0065,0.0000,0.0000,0.0000,0.0064,0.0000,200,1.1100
0.0296,0.0000,0.0000,0.0000,0.0294,0.0000,200,1.0873
0.0724,0.0000,0.0000,0.0000,0.0722,0.0002,200,1.0451
0.0207,0.0000,0.0000,0.0000,0.0206,0.0000,200,1.0974
0.0131,0.0000,0.0000,0.0000,0.0130,0.0000,200,1.1050
0.0244,0.0000,0.0000,0.0000,0.0243,0.0000,200,1.0938
0.0112,0.0000,0.0000,0.0000,0.0112,0.0000,200,1.1071
0.0021,0.0000,0.0000,0.0000,0.0020,0.0001,200,1.1165
0.0022,0.0000,0.0000,0.0000,0.0021,0.0000,200,1.1168
0.0101,0.0000,0.0000,0.0000,0.0097,0.0004,200,1.1096
0.0120,0.0000,0.0000,0.0000,0.0120,0.0000,200,1.1076
0.0066,0.0000,0.0000,0.0000,0.0066,0.0000,200,1.1133
0.0044,0.0000,0.0000,0.0002,0.0041,0.0000,200,1.1160
0.0528,0.0000,0.0000,0.0000,0.0527,0.0000,200,1.0680
0.0198,0.0000,0.0000,0.0000,0.0198,0.0000,200,1.1012
0.0034,0.0000,0.0000,0.0000,0.0033,0.0001,200,1.1180
0.0104,0.0000,0.0000,0.0000,0.0103,0.0000,200,1.1116
0.0076,0.0000,0.0000,0.0000,0.0075,0.0001,200,1.1146
0.0283,0.0000,0.0000,0.0000,0.0282,0.0000,200,1.0945
0.0022,0.0000,0.0000,0.0000,0.0021,0.0000,200,1.1208
0.0011,0.0000,0.0000,0.0000,0.0011,0.0000,200,1.1220
0.0402,0.0000,0.0000,0.0000,0.0401,0.0000,200,1.0834
0.0281,0.0000,0.0000,0.0000,0.0277,0.0004,200,1.0957
0.0290,0.0000,0.0000,0.0000,0.0289,0.0000,200,1.0949
0.0012,0.0000,0.0000,0.0002,0.0008,0.0000,200,1.1229
0.0038,0.0000,0.0000,0.0000,0.0029,0.0004,200,1.1210
0.0058,0.0000,0.0000,0.0001,0.0057,0.0001,200,1.1190
0.0252,0.0000,0.0000,0.0000,0.0251,0.0001,200,1.1001
0.0126,0.0000,0.0000,0.0000,0.0125,0.0001,200,1.1129
0.0019,0.0000,0.0000,0.0000,0.0018,0.0000,200,1.1241
0.0174,0.0000,0.0000,0.0000,0.0173,0.0000,200,1.1093
0.0386,0.0000,0.0000,0.0000,0.0385,0.0000,200,1.0880
0.0210,0.0000,0.0000,0.0000,0.0209,0.0000,200,1.1061
0.0242,0.0000,0.0000,0.0000,0.0240,0.0000,200,1.1029
0.0073,0.0000,0.0000,0.0000,0.0072,0.0001,200,1.1204
0.0452,0.0000,0.0000,0.0000,0.0452,0.0000,200,1.0827
0.0090,0.0000,0.0000,0.0000,0.0087,0.0002,200,1.1196
0.0033,0.0000,0.0000,0.0000,0.0033,0.0000,200,1.1253
0.0019,0.0000,0.0000,0.0000,0.0019,0.0000,200,1.1271
0.0146,0.0000,0.0000,0.0002,0.0143,0.0000,200,1.1150
0.0190,0.0000,0.0000,0.0000,0.0190,0.0000,200,1.1107
0.0271,0.0000,0.0000,0.0000,0.0269,0.0000,200,1.1030
0.0041,0.0000,0.0000,0.0006,0.0032,0.0002,200,1.1267
0.0157,0.0000,0.0000,0.0002,0.0154,0.0000,200,1.1153
0.0439,0.0000,0.0000,0.0000,0.0438,0.0000,200,1.0875
0.0049,0.0000,0.0000,0.0000,0.0049,0.0000,200,1.1280
0.0148,0.0000,0.0000,0.0000,0.0147,0.0000,200,1.1182
0.0053,0.0000,0.0000,0.0000,0.0053,0.0000,200,1.1277
0.0029,0.0000,0.0000,0.0000,0.0029,0.0000,200,1.1301
0.0108,0.0000,0.0000,0.0000,0.0108,0.0000,200,1.1222
0.0150,0.0000,0.0000,0.0000,0.0150,0.0000,200,1.1181
0.0145,0.0000,0.0000,0.0000,0.0145,0.0000,200,1.1186
0.0209,0.0000,0.0000,0.0000,0.0208,0.0000,200,1.1123
0.0190,0.0000,0.0000,0.0000,0.0190,0.0000,200,1.1141
0.0089,0.0000,0.0000,0.0000,0.0080,0.0009,200,1.1248
0.0365,0.0000,0.0000,0.0000,0.0364,0.0000,200,1.0974
0.0101,0.0000,0.0000,0.0000,0.0100,0.0000,200,1.1239
0.0157,0.0000,0.0000,0.0000,0.0156,0.0000,200,1.1183
0.0393,0.0000,0.0000,0.0000,0.0391,0.0001,200,1.0954
0.0018,0.0000,0.0000,0.0000,0.0017,0.0001,200,1.1331
0.0180,0.0000,0.0000,0.0001,0.0176,0.0000,200,1.1174
0.0027,0.0000,0.0000,0.0000,0.0027,0.0000,200,1.1331
0.0519,0.0000,0.0000,0.0000,0.0516,0.0002,200,1.0844
0.0435,0.0000,0.0000,0.0000,0.0433,0.0001,200,1.0933
0.0635,0.0000,0.0000,0.0000,0.0634,0.0000,200,1.0735
0.0047,0.0000,0.0000,0.0000,0.0046,0.0001,200,1.1331
0.0131,0.0000,0.0000,0.0000,0.0126,0.0004,200,1.1248
0.0057,0.0000,0.0000,0.0000,0.0055,0.0001,200,1.1330
0.0159,0.0000,0.0000,0.0000,0.0158,0.0000,200,1.1228
0.0060,0.0000,0.0000,0.0000,0.0059,0.0000,200,1.1330
0.0158,0.0000,0.0000,0.0000,0.0157,0.0000,200,1.1231
0.0154,0.0000,0.0000,0.0000,0.0149,0.0005,200,1.1239
0.0102,0.0000,0.0000,0.0000,0.0101,0.0001,200,1.1296
0.0281,0.0000,0.0000,0.0000,0.0280,0.0000,200,1.1118
0.0106,0.0000,0.0000,0.0000,0.0104,0.0001,200,1.1297
0.0049,0.0000,0.0000,0.0000,0.0047,0.0001,200,1.1359
0.0278,0.0000,0.0000,0.0000,0.0277,0.0000,200,1.1130
0.0086,0.0000,0.0000,0.0000,0.0084,0.0002,200,1.1330
0.0162,0.0000,0.0000,0.0000,0.0161,0.0000,200,1.1255
0.0040,0.0000,0.0000,0.0001,0.0037,0.0000,200,1.1378
0.0154,0.0000,0.0000,0.0000,0.0151,0.0003,200,1.1271
0.0018,0.0000,0.0000,0.0001,0.0015,0.0001,200,1.1408
0.0066,0.0000,0.0000,0.0000,0.0066,0.0000,200,1.1363
0.0198,0.0000,0.0000,0.0000,0.0195,0.0002,200,1.1236
0.0152,0.0000,0.0000,0.0000,0.0151,0.0000,200,1.1286
0.0100,0.0000,0.0000,0.0000,0.0099,0.0000,200,1.1340
0.0077,0.0000,0.0000,0.0000,0.0076,0.0001,200,1.1367
0.0332,0.0000,0.0000,0.0000,0.0332,0.0000,200,1.1112
0.0484,0.0000,0.0000,0.0000,0.0483,0.0001,200,1.0967
0.0039,0.0000,0.0000,0.0000,0.0038,0.0000,200,1.1416
0.0078,0.0000,0.0000,0.0001,0.0076,0.0000,200,1.1379
0.0203,0.0000,0.0000,0.0000,0.0200,0.0002,200,1.1260
0.0051,0.0000,0.0000,0.0002,0.0049,0.0000,200,1.1416
0.0024,0.0000,0.0000,0.0000,0.0024,0.0000,200,1.1445
0.0166,0.0000,0.0000,0.0000,0.0166,0.0000,200,1.1308
0.0048,0.0000,0.0000,0.0000,0.0047,0.0001,200,1.1429
0.0027,0.0000,0.0000,0.0000,0.0026,0.0001,200,1.1455
0.0061,0.0000,0.0000,0.0000,0.0059,0.0000,200,1.1425
0.0014,0.0000,0.0000,0.0000,0.0013,0.0001,200,1.1477
0.0105,0.0000,0.0000,0.0000,0.0104,0.0001,200,1.1389
0.0457,0.0000,0.0000,0.0000,0.0455,0.0000,200,1.1039
0.0114,0.0000,0.0000,0.0000,0.0113,0.0001,200,1.1387
0.0065,0.0000,0.0000,0.0000,0.0064,0.0000,200,1.1438
0.0177,0.0000,0.0000,0.0000,0.0176,0.0000,200,1.1331
0.0017,0.0000,0.0000,0.0000,0.0017,0.0000,200,1.1494
0.0073,0.0000,0.0000,0.0000,0.0072,0.0001,200,1.1444
0.0454,0.0000,0.0000,0.0000,0.0453,0.0000,200,1.1067
0.0126,0.0000,0.0000,0.0000,0.0125,0.0000,200,1.1399
0.0200,0.0000,0.0000,0.0000,0.0199,0.0001,200,1.1329
0.0029,0.0000,0.0000,0.0000,0.0028,0.0001,200,1.1503
0.0491,0.0000,0.0000,0.0001,0.0489,0.0000,200,1.1045
0.0053,0.0000,0.0000,0.0000,0.0051,0.0001,200,1.1486
0.0134,0.0000,0.0000,0.0000,0.0134,0.0000,200,1.1409
0.0076,0.0000,0.0000,0.0000,0.0075,0.0000,200,1.1469
0.0097,0.0000,0.0000,0.0000,0.0096,0.0000,200,1.1451
0.0014,0.0000,0.0000,0.0000,0.0013,0.0001,200,1.1539
0.0074,0.0000,0.0000,0.0000,0.0073,0.0000,200,1.1482
0.0250,0.0000,0.0000,0.0000,0.0246,0.0004,200,1.1314
0.0275,0.0000,0.0000,0.0000,0.0274,0.0000,200,1.1290
0.0017,0.0000,0.0000,0.0000,0.0016,0.0000,200,1.1548
0.0218,0.0000,0.0000,0.0000,0.0217,0.0000,200,1.1349
0.0231,0.0000,0.0000,0.0000,0.0230,0.0001,200,1.1339
0.0139,0.0000,0.0000,0.0000,0.0138,0.0000,200,1.1435
0.0043,0.0000,0.0000,0.0000,0.0042,0.0000,200,1.1536
0.0091,0.0000,0.0000,0.0000,0.0090,0.0000,200,1.1490
0.0060,0.0000,0.0000,0.0000,0.0059,0.0001,200,1.1525
0.0046,0.0000,0.0000,0.0000,0.0045,0.0001,200,1.1543
0.0074,0.0000,0.0000,0.0000,0.0073,0.0001,200,1.1521
0.0044,0.0000,0.0000,0.0000,0.0043,0.0000,200,1.1552
0.0037,0.0000,0.0000,0.0000,0.0036,0.0000,200,1.1565
0.0015,0.0000,0.0000,0.0000,0.0014,0.0001,200,1.1589
0.0142,0.0000,0.0000,0.0000,0.0141,0.0000,200,1.1467
0.0186,0.0000,0.0000,0.0000,0.0186,0.0001,200,1.1426
0.0227,0.0000,0.0000,0.0000,0.0226,0.0001,200,1.1389
0.0309,0.0000,0.0000,0.0000,0.0308,0.0000,200,1.1309
0.0335,0.0000,0.0000,0.0000,0.0334,0.0001,200,1.1286
0.0042,0.0000,0.0000,0.0000,0.0041,0.0001,200,1.1585
0.0471,0.0000,0.0000,0.0000,0.0471,0.0000,200,1.1158
0.0117,0.0000,0.0000,0.0000,0.0115,0.0002,200,1.1517
0.0296,0.0000,0.0000,0.0000,0.0296,0.0000,200,1.1340
0.0817,0.0000,0.0000,0.0000,0.0816,0.0000,200,1.0823
0.0277,0.0000,0.0000,0.0000,0.0274,0.0001,200,1.1370
0.0229,0.0000,0.0000,0.0002,0.0227,0.0000,200,1.1418
0.0123,0.0000,0.0000,0.0000,0.0123,0.0000,200,1.1529
0.0200,0.0000,0.0000,0.0000,0.0198,0.0002,200,1.1457
0.0096,0.0000,0.0000,0.0002,0.0094,0.0000,200,1.1564
0.0053,0.0000,0.0000,0.0000,0.0052,0.0001,200,1.1612
0.0022,0.0000,0.0000,0.0000,0.0022,0.0000,200,1.1648
0.0606,0.0000,0.0000,0.0000,0.0605,0.0001,200,1.1067
0.0070,0.0000,0.0000,0.0000,0.0069,0.0000,200,1.1618
0.0072,0.0000,0.0000,0.0000,0.0071,0.0001,200,1.1618
0.0361,0.0000,0.0000,0.0000,0.0361,0.0000,200,1.1330
0.0147,0.0000,0.0000,0.0000,0.0147,0.0000,200,1.1545
0.0125,0.0000,0.0000,0.0000,0.0123,0.0000,200,1.1570
0.0041,0.0000,0.0000,0.0003,0.0035,0.0002,200,1.1657
0.0013,0.0000,0.0000,0.0001,0.0011,0.0000,200,1.1688
0.0015,0.0000,0.0000,0.0004,0.0011,0.0000,200,1.1695
0.0083,0.0000,0.0000,0.0000,0.0082,0.0000,200,1.1636
0.0090,0.0000,0.0000,0.0000,0.0067,0.0023,200,1.1629
0.0505,0.0000,0.0000,0.0002,0.0482,0.0021,200,1.1214
0.0111,0.0000,0.0000,0.0000,0.0103,0.0007,200,1.1609
0.0155,0.0000,0.0000,0.0000,0.0142,0.0013,200,1.1565
0.0048,0.0000,0.0000,0.0000,0.0027,0.0015,200,1.1673
0.0073,0.0000,0.0000,0.0000,0.0056,0.0017,200,1.1647
0.0318,0.0000,0.0000,0.0000,0.0305,0.0013,200,1.1403
0.0126,0.0000,0.0000,0.0000,0.0107,0.0019,200,1.1595
0.0128,0.0000,0.0000,0.0000,0.0127,0.0001,200,1.1596
0.0165,0.0000,0.0000,0.0000,0.0163,0.0001,200,1.1567
0.0156,0.0000,0.0000,0.0000,0.0155,0.0000,200,1.1578
0.0065,0.0000,0.0000,0.0000,0.0064,0.0000,200,1.1670
0.0239,0.0000,0.0000,0.0000,0.0237,0.0001,200,1.1501
0.0143,0.0000,0.0000,0.0001,0.0141,0.0000,200,1.1602
0.0117,0.0000,0.0000,0.0000,0.0114,0.0002,200,1.1634
0.0066,0.0000,0.0000,0.0000,0.0065,0.0000,200,1.1690
0.0037,0.0000,0.0000,0.0000,0.0036,0.0000,200,1.1719
0.0372,0.0000,0.0000,0.0000,0.0371,0.0000,200,1.1387
0.0413,0.0000,0.0000,0.0001,0.0411,0.0000,200,1.1346
0.0071,0.0000,0.0000,0.0000,0.0070,0.0001,200,1.1692
0.0054,0.0000,0.0000,0.0002,0.0052,0.0000,200,1.1710
0.0023,0.0000,0.0000,0.0000,0.0022,0.0000,200,1.1744
0.0015,0.0000,0.0000,0.0000,0.0014,0.0000,200,1.1756
0.0301,0.0000,0.0000,0.0000,0.0299,0.0000,200,1.1474
0.0058,0.0000,0.0000,0.0000,0.0056,0.0001,200,1.1720
0.0021,0.0000,0.0000,0.0000,0.0020,0.0000,200,1.1759
0.0011,0.0000,0.0000,0.0000,0.0010,0.0000,200,1.1775
0.0435,0.0000,0.0000,0.0000,0.0433,0.0000,200,1.1355
0.0075,0.0000,0.0000,0.0000,0.0074,0.0000,200,1.1720
0.0192,0.0000,0.0000,0.0001,0.0191,0.0001,200,1.1604
0.0052,0.0000,0.0000,0.0000,0.0050,0.0001,200,1.1751
0.0085,0.0000,0.0000,0.0000,0.0084,0.0001,200,1.1720
0.0542,0.0000,0.0000,0.0000,0.0541,0.0001,200,1.1267
0.1073,0.0000,0.0000,0.0000,0.1073,0.0000,200,1.0739
0.0033,0.0000,0.0000,0.0000,0.0032,0.0001,200,1.1785
0.0049,0.0000,0.0000,0.0000,0.0048,0.0000,200,1.1771
0.0065,0.0000,0.0000,0.0000,0.0064,0.0001,200,1.1759
0.0427,0.0000,0.0000,0.0002,0.0424,0.0000,200,1.1399
0.0098,0.0000,0.0000,0.0000,0.0097,0.0000,200,1.1732
0.0111,0.0000,0.0000,0.0001,0.0107,0.0002,200,1.1725
0.0103,0.0000,0.0000,0.0001,0.0102,0.0000,200,1.1734
0.0021,0.0000,0.0000,0.0000,0.0020,0.0000,200,1.1820
0.0086,0.0000,0.0000,0.0000,0.0085,0.0000,200,1.1756
0.0186,0.0000,0.0000,0.0000,0.0185,0.0000,200,1.1660
0.0653,0.0000,0.0000,0.0000,0.0653,0.0001,200,1.1196
0.0045,0.0000,0.0000,0.0000,0.0044,0.0001,200,1.1809
0.0166,0.0000,0.0000,0.0000,0.0164,0.0001,200,1.1691
0.0161,0.0000,0.0000,0.0000,0.0160,0.0001,200,1.1701
0.0085,0.0000,0.0000,0.0000,0.0083,0.0002,200,1.1780
0.0247,0.0000,0.0000,0.0000,0.0245,0.0001,200,1.1622
0.0317,0.0000,0.0000,0.0000,0.0315,0.0002,200,1.1557
0.0069,0.0000,0.0000,0.0000,0.0068,0.0000,200,1.1805
0.0018,0.0000,0.0000,0.0002,0.0014,0.0002,200,1.1862
0.0038,0.0000,0.0000,0.0000,0.0038,0.0000,200,1.1846
0.0167,0.0000,0.0000,0.0000,0.0167,0.0000,200,1.1721
0.0499,0.0000,0.0000,0.0000,0.0498,0.0000,200,1.1393
0.0399,0.0000,0.0000,0.0000,0.0399,0.0000,200,1.1496
0.0319,0.0000,0.0000,0.0000,0.0318,0.0000,200,1.1581
0.0125,0.0000,0.0000,0.0001,0.0123,0.0001,200,1.1778
0.0031,0.0000,0.0000,0.0000,0.0029,0.0000,200,1.1880
0.0448,0.0000,0.0000,0.0000,0.0447,0.0000,200,1.1463
0.0042,0.0000,0.0000,0.0000,0.0041,0.0000,200,1.1869
0.0195,0.0000,0.0000,0.0000,0.0194,0.0000,200,1.1720
0.0222,0.0000,0.0000,0.0000,0.0221,0.0000,200,1.1697
0.0189,0.0000,0.0000,0.0001,0.0187,0.0000,200,1.1734
0.0052,0.0000,0.0000,0.0000,0.0052,0.0000,200,1.1874
0.0014,0.0000,0.0000,0.0000,0.0012,0.0001,200,1.1915
0.0165,0.0000,0.0000,0.0000,0.0164,0.0000,200,1.1768
0.0130,0.0000,0.0000,0.0000,0.0130,0.0000,200,1.1803
0.0428,0.0000,0.0000,0.0000,0.0427,0.0000,200,1.1512
0.0314,0.0000,0.0000,0.0000,0.0313,0.0000,200,1.1627
0.0413,0.0000,0.0000,0.0000,0.0412,0.0001,200,1.1532
0.0020,0.0000,0.0000,0.0000,0.0019,0.0001,200,1.1926
0.0126,0.0000,0.0000,0.0000,0.0125,0.0000,200,1.1824
0.0118,0.0000,0.0000,0.0000,0.0116,0.0002,200,1.1837
0.0115,0.0000,0.0000,0.0000,0.0115,0.0000,200,1.1840
0.0388,0.0000,0.0000,0.0000,0.0386,0.0001,200,1.1574
0.0456,0.0000,0.0000,0.0000,0.0455,0.0000,200,1.1508
0.0050,0.0000,0.0000,0.0000,0.0049,0.0000,200,1.1919
0.0253,0.0000,0.0000,0.0000,0.0250,0.0001,200,1.1720
0.0335,0.0000,0.0000,0.0000,0.0334,0.0000,200,1.1640
0.0778,0.0000,0.0000,0.0000,0.0777,0.0000,200,1.1200
0.1163,0.0000,0.0000,0.0000,0.1162,0.0001,200,1.0819
0.0035,0.0000,0.0000,0.0000,0.0034,0.0001,200,1.1950
0.0117,0.0000,0.0000,0.0000,0.0116,0.0000,200,1.1874
0.0177,0.0000,0.0000,0.0000,0.0172,0.0004,200,1.1814
0.0009,0.0000,0.0000,0.0000,0.0009,0.0000,200,1.1985
0.0167,0.0000,0.0000,0.0000,0.0167,0.0001,200,1.1830
0.0278,0.0000,0.0000,0.0000,0.0278,0.0000,200,1.1721
0.0019,0.0000,0.0000,0.0000,0.0018,0.0001,200,1.1982
0.0180,0.0000,0.0000,0.0000,0.0179,0.0000,200,1.1826
0.0354,0.0000,0.0000,0.0000,0.0353,0.0000,200,1.1653
0.0100,0.0000,0.0000,0.0000,0.0100,0.0000,200,1.1911
0.0038,0.0000,0.0000,0.0000,0.0037,0.0001,200,1.1978
0.0108,0.0000,0.0000,0.0000,0.0107,0.0000,200,1.1911
0.0203,0.0000,0.0000,0.0000,0.0202,0.0000,200,1.1820
0.0021,0.0000,0.0000,0.0000,0.0020,0.0001,200,1.2006
0.0127,0.0000,0.0000,0.0000,0.0126,0.0000,200,1.1903
0.0061,0.0000,0.0000,0.0000,0.0060,0.0001,200,1.1975
0.0154,0.0000,0.0000,0.0000,0.0153,0.0001,200,1.1884
0.0023,0.0000,0.0000,0.0000,0.0022,0.0000,200,1.2018
0.0116,0.0000,0.0000,0.0000,0.0113,0.0003,200,1.1929
0.0154,0.0000,0.0000,0.0000,0.0152,0.0001,200,1.1892
0.0284,0.0000,0.0000,0.0000,0.0282,0.0002,200,1.1764
0.0153,0.0000,0.0000,0.0000,0.0152,0.0000,200,1.1896
0.0020,0.0000,0.0000,0.0000,0.0018,0.0001,200,1.2030
0.0063,0.0000,0.0000,0.0000,0.0063,0.0000,200,1.1991
0.0101,0.0000,0.0000,0.0000,0.0100,0.0001,200,1.1956
0.0046,0.0000,0.0000,0.0000,0.0039,0.0006,200,1.2011
0.0220,0.0000,0.0000,0.0000,0.0219,0.0001,200,1.1842
0.0012,0.0000,0.0000,0.0000,0.0010,0.0001,200,1.2050
0.0020,0.0000,0.0000,0.0000,0.0020,0.0000,200,1.2045
0.0310,0.0000,0.0000,0.0000,0.0309,0.0000,200,1.1764
0.0278,0.0000,0.0000,0.0000,0.0275,0.0003,200,1.1797
0.0114,0.0000,0.0000,0.0000,0.0113,0.0000,200,1.1963
0.0057,0.0000,0.0000,0.0000,0.0054,0.0001,200,1.2027
0.0145,0.0000,0.0000,0.0000,0.0142,0.0003,200,1.1940
0.0254,0.0000,0.0000,0.0000,0.0253,0.0002,200,1.1836
0.0652,0.0000,0.0000,0.0000,0.0651,0.0000,200,1.1440
0.0102,0.0000,0.0000,0.0000,0.0101,0.0000,200,1.1994
0.0054,0.0000,0.0000,0.0000,0.0053,0.0001,200,1.2045
0.0049,0.0000,0.0000,0.0000,0.0046,0.0002,200,1.2056
0.0205,0.0000,0.0000,0.0000,0.0204,0.0000,200,1.1900
0.0111,0.0000,0.0000,0.0000,0.0110,0.0000,200,1.1999
0.0023,0.0000,0.0000,0.0000,0.0023,0.0000,200,1.2092
0.0015,0.0000,0.0000,0.0000,0.0014,0.0000,200,1.2105
0.0076,0.0000,0.0000,0.0000,0.0075,0.0001,200,1.2048
0.0171,0.0000,0.0000,0.0000,0.0170,0.0000,200,1.1955
0.0066,0.0000,0.0000,0.0000,0.0063,0.0003,200,1.2062
0.0123,0.0000,0.0000,0.0000,0.0122,0.0000,200,1.2006
0.0073,0.0000,0.0000,0.0000,0.0072,0.0001,200,1.2062
0.0164,0.0000,0.0000,0.0000,0.0162,0.0001,200,1.1973
0.0201,0.0000,0.0000,0.0000,0.0200,0.0001,200,1.1940
0.0063,0.0000,0.0000,0.0000,0.0061,0.0001,200,1.2084
0.0011,0.0000,0.0000,0.0000,0.0010,0.0001,200,1.2136
0.0031,0.0000,0.0000,0.0001,0.0027,0.0003,200,1.2124
0.0027,0.0000,0.0000,0.0002,0.0023,0.0002,200,1.2129
0.0102,0.0000,0.0000,0.0000,0.0102,0.0000,200,1.2054
0.0076,0.0000,0.0000,0.0000,0.0074,0.0002,200,1.2086
0.0230,0.0000,0.0000,0.0001,0.0228,0.0000,200,1.1933
0.0062,0.0000,0.0000,0.0002,0.0059,0.0000,200,1.2105
0.0225,0.0000,0.0000,0.0000,0.0221,0.0000,200,1.1947
0.0022,0.0000,0.0000,0.0001,0.0019,0.0001,200,1.2154
0.0213,0.0000,0.0000,0.0001,0.0211,0.0000,200,1.1963
0.0188,0.0000,0.0000,0.0001,0.0183,0.0003,200,1.1998
0.0522,0.0000,0.0000,0.0000,0.0519,0.0002,200,1.1666
0.0051,0.0000,0.0000,0.0000,0.0050,0.0000,200,1.2141
0.0332,0.0000,0.0000,0.0001,0.0327,0.0001,200,1.1865
0.0031,0.0000,0.0000,0.0000,0.0030,0.0001,200,1.2171
0.0080,0.0000,0.0000,0.0002,0.0078,0.0000,200,1.2125
0.0285,0.0000,0.0000,0.0000,0.0284,0.0000,200,1.1923
0.0049,0.0000,0.0000,0.0000,0.0047,0.0002,200,1.2163
0.0122,0.0000,0.0000,0.0000,0.0122,0.0000,200,1.2090
0.0082,0.0000,0.0000,0.0000,0.0080,0.0001,200,1.2136
0.0103,0.0000,0.0000,0.0000,0.0102,0.0001,200,1.2120
0.0222,0.0000,0.0000,0.0000,0.0221,0.0000,200,1.2003
0.0896,0.0000,0.0000,0.0000,0.0895,0.0000,200,1.1337
0.0177,0.0000,0.0000,0.0000,0.0176,0.0001,200,1.2057
0.0377,0.0000,0.0000,0.0000,0.0376,0.0000,200,1.1858
0.0162,0.0000,0.0000,0.0000,0.0159,0.0001,200,1.2077
0.0029,0.0000,0.0000,0.0000,0.0027,0.0002,200,1.2213
0.0050,0.0000,0.0000,0.0000,0.0047,0.0000,200,1.2197
0.0454,0.0000,0.0000,0.0000,0.0454,0.0000,200,1.1794
0.0139,0.0000,0.0000,0.0000,0.0137,0.0002,200,1.2115
0.0041,0.0000,0.0000,0.0000,0.0040,0.0001,200,1.2218
0.0105,0.0000,0.0000,0.0000,0.0103,0.0001,200,1.2157
0.0412,0.0000,0.0000,0.0000,0.0410,0.0000,200,1.1855
0.0383,0.0000,0.0000,0.0000,0.0381,0.0001,200,1.1888
0.0086,0.0000,0.0000,0.0000,0.0085,0.0000,200,1.2186
0.0014,0.0000,0.0000,0.0001,0.0013,0.0000,200,1.2259
0.0120,0.0000,0.0000,0.0000,0.0117,0.0001,200,1.2156
0.0227,0.0000,0.0000,0.0000,0.0227,0.0000,200,1.2048
0.0044,0.0000,0.0000,0.0000,0.0044,0.0000,200,1.2233
0.0011,0.0000,0.0000,0.0000,0.0010,0.0000,200,1.2273
0.0112,0.0000,0.0000,0.0000,0.0110,0.0001,200,1.2176
0.0017,0.0000,0.0000,0.0000,0.0016,0.0000,200,1.2276
0.0227,0.0000,0.0000,0.0000,0.0226,0.0000,200,1.2066
0.0257,0.0000,0.0000,0.0000,0.0255,0.0002,200,1.2038
0.0052,0.0000,0.0000,0.0000,0.0051,0.0000,200,1.2261
0.0110,0.0000,0.0000,0.0000,0.0109,0.0001,200,1.2208
0.0099,0.0000,0.0000,0.0001,0.0096,0.0002,200,1.2223
0.0093,0.0000,0.0000,0.0000,0.0092,0.0000,200,1.2233
0.0062,0.0000,0.0000,0.0001,0.0060,0.0000,200,1.2266
0.0204,0.0000,0.0000,0.0000,0.0203,0.0001,200,1.2129
0.0301,0.0000,0.0000,0.0000,0.0300,0.0001,200,1.2036
0.0318,0.0000,0.0000,0.0000,0.0316,0.0001,200,1.2023
0.0178,0.0000,0.0000,0.0000,0.0177,0.0000,200,1.2167
0.0357,0.0000,0.0000,0.0000,0.0355,0.0002,200,1.1991
0.0286,0.0000,0.0000,0.0000,0.0285,0.0000,200,1.2074
0.0087,0.0000,0.0000,0.0000,0.0083,0.0004,200,1.2275
0.0140,0.0000,0.0000,0.0000,0.0138,0.0000,200,1.2225
0.0330,0.0000,0.0000,0.0000,0.0328,0.0001,200,1.2042
0.0080,0.0000,0.0000,0.0002,0.0077,0.0001,200,1.2295
0.0042,0.0000,0.0000,0.0000,0.0041,0.0001,200,1.2337
0.0126,0.0000,0.0000,0.0000,0.0125,0.0000,200,1.2254
0.0371,0.0000,0.0000,0.0002,0.0368,0.0001,200,1.2016
0.0241,0.0000,0.0000,0.0000,0.0240,0.0001,200,1.2147
0.0143,0.0000,0.0000,0.0000,0.0142,0.0001,200,1.2247
0.0201,0.0000,0.0000,0.0000,0.0199,0.0001,200,1.2192
0.0033,0.0000,0.0000,0.0000,0.0032,0.0000,200,1.2360
0.0300,0.0000,0.0000,0.0002,0.0297,0.0000,200,1.2096
0.0548,0.0000,0.0000,0.0000,0.0547,0.0000,200,1.1850
0.0468,0.0000,0.0000,0.0000,0.0467,0.0001,200,1.1933
0.0111,0.0000,0.0000,0.0000,0.0108,0.0002,200,1.2293
0.0132,0.0000,0.0000,0.0000,0.0130,0.0001,200,1.2278
0.0039,0.0000,0.0000,0.0000,0.0038,0.0000,200,1.2371
0.0086,0.0000,0.0000,0.0000,0.0085,0.0000,200,1.2328
0.0038,0.0000,0.0000,0.0000,0.0037,0.0001,200,1.2380
0.0216,0.0000,0.0000,0.0000,0.0213,0.0000,200,1.2206
0.0249,0.0000,0.0000,0.0000,0.0248,0.0000,200,1.2176
0.0066,0.0000,0.0000,0.0000,0.0065,0.0000,200,1.2364
0.0036,0.0000,0.0000,0.0000,0.0035,0.0000,200,1.2398
0.0059,0.0000,0.0000,0.0000,0.0056,0.0002,200,1.2379
0.0112,0.0000,0.0000,0.0000,0.0112,0.0000,200,1.2332
0.0058,0.0000,0.0000,0.0000,0.0053,0.0004,200,1.2387
0.0040,0.0000,0.0000,0.0000,0.0039,0.0000,200,1.2411
0.0244,0.0000,0.0000,0.0000,0.0237,0.0001,200,1.2212
0.0548,0.0000,0.0000,0.0000,0.0548,0.0000,200,1.1911
0.0516,0.0000,0.0000,0.0000,0.0516,0.0000,200,1.1945
0.0178,0.0000,0.0000,0.0005,0.0173,0.0000,200,1.2289
0.0198,0.0000,0.0000,0.0000,0.0197,0.0000,200,1.2271
0.0161,0.0000,0.0000,0.0000,0.0160,0.0000,200,1.2313
0.0066,0.0000,0.0000,0.0000,0.0066,0.0000,200,1.2414
0.0232,0.0000,0.0000,0.0000,0.0230,0.0002,200,1.2249
0.0074,0.0000,0.0000,0.0003,0.0070,0.0001,200,1.2410
0.0217,0.0000,0.0000,0.0000,0.0215,0.0000,200,1.2272
0.0777,0.0000,0.0000,0.0000,0.0776,0.0000,200,1.1719
0.0710,0.0000,0.0000,0.0000,0.0709,0.0000,200,1.1789
0.0022,0.0000,0.0000,0.0000,0.0016,0.0005,200,1.2481
0.0115,0.0000,0.0000,0.0000,0.0112,0.0002,200,1.2389
0.0166,0.0000,0.0000,0.0001,0.0164,0.0000,200,1.2340
0.0045,0.0000,0.0000,0.0002,0.0042,0.0000,200,1.2462
0.0118,0.0000,0.0000,0.0000,0.0117,0.0000,200,1.2396
0.0354,0.0000,0.0000,0.0000,0.0352,0.0001,200,1.2162
0.0055,0.0000,0.0000,0.0000,0.0055,0.0001,200,1.2467
0.0051,0.0000,0.0000,0.0001,0.0049,0.0000,200,1.2474
0.0418,0.0000,0.0000,0.0000,0.0417,0.0000,200,1.2110
0.0251,0.0000,0.0000,0.0000,0.0246,0.0003,200,1.2284
0.0039,0.0000,0.0000,0.0000,0.0038,0.0000,200,1.2496
0.0164,0.0000,0.0000,0.0000,0.0163,0.0001,200,1.2376
0.0139,0.0000,0.0000,0.0000,0.0138,0.0000,200,1.2404
0.0022,0.0000,0.0000,0.0000,0.0021,0.0000,200,1.2522
0.0091,0.0000,0.0000,0.0000,0.0091,0.0000,200,1.2459
0.0019,0.0000,0.0000,0.0000,0.0018,0.0001,200,1.2534
0.0017,0.0000,0.0000,0.0000,0.0016,0.0000,200,1.2539
0.0059,0.0000,0.0000,0.0004,0.0053,0.0000,200,1.2502
0.0042,0.0000,0.0000,0.0000,0.0041,0.0001,200,1.2524
0.0828,0.0000,0.0000,0.0000,0.0827,0.0000,200,1.1740
0.0226,0.0000,0.0000,0.0000,0.0223,0.0003,200,1.2348
0.0262,0.0000,0.0000,0.0000,0.0261,0.0002,200,1.2318
0.0394,0.0000,0.0000,0.0000,0.0393,0.0000,200,1.2187
0.0168,0.0000,0.0000,0.0000,0.0167,0.0001,200,1.2418
0.0297,0.0000,0.0000,0.0000,0.0296,0.0000,200,1.2293
0.0149,0.0000,0.0000,0.0000,0.0147,0.0002,200,1.2445
0.0009,0.0000,0.0000,0.0000,0.0008,0.0000,200,1.2586
0.0254,0.0000,0.0000,0.0000,0.0253,0.0000,200,1.2345
0.0134,0.0000,0.0000,0.0000,0.0133,0.0001,200,1.2469
0.0128,0.0000,0.0000,0.0000,0.0126,0.0001,200,1.2480
0.0154,0.0000,0.0000,0.0000,0.0152,0.0001,200,1.2458
0.0033,0.0000,0.0000,0.0000,0.0032,0.0000,200,1.2581
0.0297,0.0000,0.0000,0.0000,0.0296,0.0001,200,1.2322
0.0116,0.0000,0.0000,0.0000,0.0115,0.0000,200,1.2506
0.0098,0.0000,0.0000,0.0000,0.0097,0.0000,200,1.2528
0.0145,0.0000,0.0000,0.0000,0.0144,0.0000,200,1.2484
0.0050,0.0000,0.0000,0.0000,0.0050,0.0000,200,1.2580
0.0022,0.0000,0.0000,0.0000,0.0021,0.0001,200,1.2613
0.0123,0.0000,0.0000,0.0000,0.0122,0.0001,200,1.2516
0.0088,0.0000,0.0000,0.0000,0.0086,0.0000,200,1.2556
0.0023,0.0000,0.0000,0.0000,0.0022,0.0001,200,1.2626
0.0225,0.0000,0.0000,0.0000,0.0224,0.0000,200,1.2425
0.0200,0.0000,0.0000,0.0000,0.0199,0.0001,200,1.2451
0.0152,0.0000,0.0000,0.0001,0.0147,0.0003,200,1.2507
0.0420,0.0000,0.0000,0.0000,0.0419,0.0000,200,1.2239
0.0242,0.0000,0.0000,0.0000,0.0241,0.0000,200,1.2422
0.0015,0.0000,0.0000,0.0001,0.0013,0.0001,200,1.2651
0.0064,0.0000,0.0000,0.0000,0.0060,0.0000,200,1.2607
0.0280,0.0000,0.0000,0.0002,0.0278,0.0000,200,1.2392
0.0118,0.0000,0.0000,0.0000,0.0115,0.0002,200,1.2561
0.0013,0.0000,0.0000,0.0000,0.0012,0.0000,200,1.2666
0.0044,0.0000,0.0000,0.0000,0.0043,0.0000,200,1.2639
0.0174,0.0000,0.0000,0.0000,0.0172,0.0000,200,1.2514
0.0080,0.0000,0.0000,0.0000,0.0079,0.0000,200,1.2612
0.0305,0.0000,0.0000,0.0000,0.0304,0.0000,200,1.2390
0.0131,0.0000,0.0000,0.0000,0.0131,0.0000,200,1.2567
0.0131,0.0000,0.0000,0.0001,0.0126,0.0003,200,1.2574
0.0056,0.0000,0.0000,0.0000,0.0054,0.0001,200,1.2650
0.0165,0.0000,0.0000,0.0000,0.0163,0.0000,200,1.2543
0.0081,0.0000,0.0000,0.0000,0.0081,0.0000,200,1.2631
0.0112,0.0000,0.0000,0.0000,0.0112,0.0000,200,1.2603
0.0170,0.0000,0.0000,0.0000,0.0169,0.0000,200,1.2550
0.0217,0.0000,0.0000,0.0000,0.0213,0.0001,200,1.2504
0.0106,0.0000,0.0000,0.0000,0.0105,0.0000,200,1.2620
0.0011,0.0000,0.0000,0.0000,0.0009,0.0000,200,1.2720
0.0060,0.0000,0.0000,0.0000,0.0058,0.0000,200,1.2671
0.0238,0.0000,0.0000,0.0000,0.0235,0.0002,200,1.2499
0.0089,0.0000,0.0000,0.0000,0.0089,0.0000,200,1.2659
0.0050,0.0000,0.0000,0.0000,0.0050,0.0000,200,1.2699
0.0676,0.0000,0.0000,0.0000,0.0675,0.0000,200,1.2074
0.0020,0.0000,0.0000,0.0000,0.0016,0.0000,200,1.2731
0.0036,0.0000,0.0000,0.0000,0.0036,0.0000,200,1.2716
0.0201,0.0000,0.0000,0.0000,0.0200,0.0000,200,1.2554
0.0167,0.0000,0.0000,0.0000,0.0166,0.0000,200,1.2599
0.0040,0.0000,0.0000,0.0000,0.0040,0.0000,200,1.2726
0.0373,0.0000,0.0000,0.0000,0.0362,0.0011,200,1.2393
0.0064,0.0000,0.0000,0.0000,0.0059,0.0004,200,1.2712
0.0143,0.0000,0.0000,0.0000,0.0142,0.0000,200,1.2635
0.0050,0.0000,0.0000,0.0000,0.0049,0.0000,200,1.2731
0.0189,0.0000,0.0000,0.0000,0.0188,0.0001,200,1.2595
0.0083,0.0000,0.0000,0.0000,0.0083,0.0000,200,1.2705
0.0392,0.0000,0.0000,0.0000,0.0390,0.0001,200,1.2401
0.0139,0.0000,0.0000,0.0000,0.0136,0.0002,200,1.2659
0.0362,0.0000,0.0000,0.0000,0.0360,0.0002,200,1.2438
0.0831,0.0000,0.0000,0.0000,0.0828,0.0002,200,1.1969
0.0176,0.0000,0.0000,0.0000,0.0175,0.0001,200,1.2630
0.0053,0.0000,0.0000,0.0011,0.0041,0.0000,200,1.2755
0.0243,0.0000,0.0000,0.0000,0.0242,0.0000,200,1.2567
0.0193,0.0000,0.0000,0.0000,0.0191,0.0001,200,1.2622
0.0494,0.0000,0.0000,0.0000,0.0491,0.0003,200,1.2327
0.0588,0.0000,0.0000,0.0000,0.0587,0.0000,200,1.2235
0.0229,0.0000,0.0000,0.0000,0.0228,0.0000,200,1.2594
0.0078,0.0000,0.0000,0.0003,0.0071,0.0000,200,1.2752
0.0069,0.0000,0.0000,0.0000,0.0068,0.0000,200,1.2766
0.0406,0.0000,0.0000,0.0000,0.0405,0.0000,200,1.2434
0.0637,0.0000,0.0000,0.0000,0.0637,0.0000,200,1.2202
0.0743,0.0000,0.0000,0.0000,0.0743,0.0000,200,1.2099
0.0080,0.0000,0.0000,0.0000,0.0079,0.0000,200,1.2766
0.0608,0.0000,0.0000,0.0000,0.0607,0.0000,200,1.2242
0.0014,0.0000,0.0000,0.0000,0.0013,0.0001,200,1.2840
0.0186,0.0000,0.0000,0.0000,0.0184,0.0002,200,1.2673
0.0019,0.0000,0.0000,0.0000,0.0018,0.0000,200,1.2843
0.0112,0.0000,0.0000,0.0000,0.0111,0.0000,200,1.2751
0.0061,0.0000,0.0000,0.0000,0.0060,0.0001,200,1.2806
0.0017,0.0000,0.0000,0.0000,0.0016,0.0000,200,1.2854
0.0184,0.0000,0.0000,0.0001,0.0183,0.0000,200,1.2692
0.0142,0.0000,0.0000,0.0000,0.0140,0.0001,200,1.2737
0.0090,0.0000,0.0000,0.0000,0.0089,0.0000,200,1.2793
0.0108,0.0000,0.0000,0.0000,0.0107,0.0001,200,1.2778
0.0212,0.0000,0.0000,0.0000,0.0211,0.0000,200,1.2679
0.0446,0.0000,0.0000,0.0000,0.0445,0.0000,200,1.2445
0.0147,0.0000,0.0000,0.0000,0.0146,0.0000,200,1.2749
0.0015,0.0000,0.0000,0.0000,0.0014,0.0000,200,1.2886
0.0154,0.0000,0.0000,0.0000,0.0153,0.0000,200,1.2750
0.0124,0.0000,0.0000,0.0001,0.0121,0.0001,200,1.2784
0.0376,0.0000,0.0000,0.0000,0.0376,0.0001,200,1.2535
0.0037,0.0000,0.0000,0.0000,0.0036,0.0001,200,1.2878
0.0375,0.0000,0.0000,0.0000,0.0374,0.0001,200,1.2544
0.0057,0.0000,0.0000,0.0000,0.0057,0.0000,200,1.2863
0.0107,0.0000,0.0000,0.0000,0.0106,0.0000,200,1.2815
0.0118,0.0000,0.0000,0.0000,0.0117,0.0000,200,1.2808
0.0090,0.0000,0.0000,0.0000,0.0090,0.0000,200,1.2839
0.0108,0.0000,0.0000,0.0000,0.0107,0.0001,200,1.2824
0.0061,0.0000,0.0000,0.0000,0.0060,0.0001,200,1.2876
0.0130,0.0000,0.0000,0.0001,0.0126,0.0001,200,1.2809
0.0114,0.0000,0.0000,0.0000,0.0113,0.0000,200,1.2830
0.0077,0.0000,0.0000,0.0000,0.0076,0.0000,200,1.2871
0.0269,0.0000,0.0000,0.0000,0.0269,0.0000,200,1.2683
0.0032,0.0000,0.0000,0.0000,0.0030,0.0002,200,1.2925
0.0056,0.0000,0.0000,0.0000,0.0054,0.0001,200,1.2904
0.0175,0.0000,0.0000,0.0000,0.0174,0.0001,200,1.2789
0.0319,0.0000,0.0000,0.0001,0.0317,0.0001,200,1.2649
0.0123,0.0000,0.0000,0.0000,0.0122,0.0001,200,1.2850
0.0154,0.0000,0.0000,0.0000,0.0153,0.0001,200,1.2821
0.0158,0.0000,0.0000,0.0000,0.0157,0.0000,200,1.2822
0.0295,0.0000,0.0000,0.0000,0.0294,0.0000,200,1.2687
0.0122,0.0000,0.0000,0.0000,0.0121,0.0000,200,1.2862
0.0624,0.0000,0.0000,0.0000,0.0622,0.0001,200,1.2363
0.0043,0.0000,0.0000,0.0000,0.0042,0.0001,200,1.2948
0.0089,0.0000,0.0000,0.0003,0.0085,0.0001,200,1.2907
0.0292,0.0000,0.0000,0.0000,0.0291,0.0000,200,1.2708
0.0224,0.0000,0.0000,0.0001,0.0221,0.0000,200,1.2781
0.0171,0.0000,0.0000,0.0000,0.0169,0.0002,200,1.2835
0.0093,0.0000,0.0000,0.0000,0.0092,0.0000,200,1.2919
0.0167,0.0000,0.0000,0.0000,0.0164,0.0002,200,1.2846
0.0871,0.0000,0.0000,0.0000,0.0869,0.0001,200,1.2146
0.0036,0.0000,0.0000,0.0001,0.0035,0.0000,200,1.2982
0.0379,0.0000,0.0000,0.0000,0.0378,0.0001,200,1.2644
0.0060,0.0000,0.0000,0.0000,0.0059,0.0001,200,1.2964
0.0228,0.0000,0.0000,0.0000,0.0228,0.0000,200,1.2800
0.0232,0.0000,0.0000,0.0000,0.0231,0.0000,200,1.2800
0.0018,0.0000,0.0000,0.0000,0.0018,0.0000,200,1.3018
0.0039,0.0000,0.0000,0.0000,0.0038,0.0000,200,1.3000
0.0555,0.0000,0.0000,0.0000,0.0554,0.0000,200,1.2488
0.0056,0.0000,0.0000,0.0000,0.0055,0.0000,200,1.2991
0.0147,0.0000,0.0000,0.0000,0.0147,0.0000,200,1.2901
0.0068,0.0000,0.0000,0.0000,0.0067,0.0001,200,1.2984
0.0126,0.0000,0.0000,0.0001,0.0124,0.0000,200,1.2930
0.0631,0.0000,0.0000,0.0000,0.0630,0.0001,200,1.2431
0.0316,0.0000,0.0000,0.0000,0.0315,0.0001,200,1.2748
0.0133,0.0000,0.0000,0.0000,0.0132,0.0000,200,1.2932
0.0305,0.0000,0.0000,0.0000,0.0304,0.0001,200,1.2766
0.0414,0.0000,0.0000,0.0000,0.0413,0.0001,200,1.2663
0.0117,0.0000,0.0000,0.0000,0.0116,0.0000,200,1.2960
0.0169,0.0000,0.0000,0.0000,0.0168,0.0001,200,1.2915
0.0311,0.0000,0.0000,0.0000,0.0309,0.0001,200,1.2776
0.0232,0.0000,0.0000,0.0000,0.0231,0.0000,200,1.2859
0.0060,0.0000,0.0000,0.0000,0.0058,0.0002,200,1.3037
0.0123,0.0000,0.0000,0.0000,0.0123,0.0000,200,1.2973
0.0035,0.0000,0.0000,0.0000,0.0032,0.0000,200,1.3061
0.0090,0.0000,0.0000,0.0000,0.0087,0.0002,200,1.3012
0.0131,0.0000,0.0000,0.0000,0.0130,0.0000,200,1.2975
0.0225,0.0000,0.0000,0.0000,0.0220,0.0000,200,1.2883
0.0044,0.0000,0.0000,0.0000,0.0041,0.0002,200,1.3071
0.0172,0.0000,0.0000,0.0000,0.0171,0.0001,200,1.2943
0.0043,0.0000,0.0000,0.0000,0.0042,0.0000,200,1.3077
0.0060,0.0000,0.0000,0.0000,0.0059,0.0000,200,1.3066
0.0036,0.0000,0.0000,0.0000,0.0035,0.0000,200,1.3090
0.0081,0.0000,0.0000,0.0000,0.0081,0.0000,200,1.3047
0.0194,0.0000,0.0000,0.0000,0.0193,0.0001,200,1.2939
0.0097,0.0000,0.0000,0.0000,0.0094,0.0002,200,1.3043
0.0129,0.0000,0.0000,0.0000,0.0129,0.0000,200,1.3013
0.0438,0.0000,0.0000,0.0000,0.0435,0.0003,200,1.2705
0.0469,0.0000,0.0000,0.0000,0.0468,0.0001,200,1.2679
0.0355,0.0000,0.0000,0.0002,0.0352,0.0000,200,1.2798
0.0105,0.0000,0.0000,0.0000,0.0104,0.0000,200,1.3048
0.0436,0.0000,0.0000,0.0000,0.0435,0.0000,200,1.2720
0.0051,0.0000,0.0000,0.0000,0.0050,0.0000,200,1.3108
0.0577,0.0000,0.0000,0.0001,0.0572,0.0003,200,1.2589
0.0245,0.0000,0.0000,0.0000,0.0245,0.0000,200,1.2922
0.0235,0.0000,0.0000,0.0001,0.0233,0.0001,200,1.2937
0.0055,0.0000,0.0000,0.0000,0.0054,0.0000,200,1.3120
0.0028,0.0000,0.0000,0.0001,0.0026,0.0000,200,1.3148
0.0154,0.0000,0.0000,0.0000,0.0153,0.0001,200,1.3023
0.0013,0.0000,0.0000,0.0000,0.0012,0.0000,200,1.3167
0.0292,0.0000,0.0000,0.0000,0.0291,0.0000,200,1.2891
0.0182,0.0000,0.0000,0.0000,0.0181,0.0000,200,1.3005
0.0035,0.0000,0.0000,0.0000,0.0035,0.0000,200,1.3153
0.0167,0.0000,0.0000,0.0000,0.0166,0.0000,200,1.3023
0.0240,0.0000,0.0000,0.0000,0.0238,0.0002,200,1.2958
0.0113,0.0000,0.0000,0.0001,0.0110,0.0001,200,1.3087
0.0098,0.0000,0.0000,0.0000,0.0097,0.0001,200,1.3106
0.0142,0.0000,0.0000,0.0000,0.0140,0.0000,200,1.3064
0.0516,0.0000,0.0000,0.0000,0.0515,0.0000,200,1.2695
0.0100,0.0000,0.0000,0.0000,0.0099,0.0001,200,1.3115
0.0041,0.0000,0.0000,0.0000,0.0040,0.0000,200,1.3180
0.0125,0.0000,0.0000,0.0000,0.0124,0.0000,200,1.3097
0.0042,0.0000,0.0000,0.0000,0.0041,0.0000,200,1.3183
0.0091,0.0000,0.0000,0.0001,0.0088,0.0001,200,1.3142
0.0043,0.0000,0.0000,0.0000,0.0041,0.0000,200,1.3190
0.0319,0.0000,0.0000,0.0000,0.0317,0.0001,200,1.2920
0.0046,0.0000,0.0000,0.0000,0.0042,0.0003,200,1.3197
0.0110,0.0000,0.0000,0.0000,0.0107,0.0002,200,1.3133
0.0150,0.0000,0.0000,0.0000,0.0149,0.0000,200,1.3096
0.0338,0.0000,0.0000,0.0000,0.0337,0.0000,200,1.2911
0.0065,0.0000,0.0000,0.0000,0.0064,0.0001,200,1.3187
0.0275,0.0000,0.0000,0.0000,0.0273,0.0002,200,1.2980
0.0117,0.0000,0.0000,0.0000,0.0115,0.0000,200,1.3140
0.0203,0.0000,0.0000,0.0000,0.0203,0.0000,200,1.3056
0.0065,0.0000,0.0000,0.0000,0.0061,0.0003,200,1.3200
0.0041,0.0000,0.0000,0.0000,0.0040,0.0001,200,1.3225
0.0283,0.0000,0.0000,0.0000,0.0282,0.0000,200,1.2987
0.0069,0.0000,0.0000,0.0000,0.0067,0.0000,200,1.3204
0.0033,0.0000,0.0000,0.0000,0.0031,0.0002,200,1.3246
0.0074,0.0000,0.0000,0.0001,0.0070,0.0002,200,1.3206
0.0113,0.0000,0.0000,0.0000,0.0109,0.0001,200,1.3172
0.0389,0.0000,0.0000,0.0000,0.0388,0.0000,200,1.2896
0.0046,0.0000,0.0000,0.0000,0.0045,0.0000,200,1.3243
0.0179,0.0000,0.0000,0.0000,0.0179,0.0000,200,1.3115
0.0159,0.0000,0.0000,0.0000,0.0154,0.0004,200,1.3143
0.0284,0.0000,0.0000,0.0000,0.0283,0.0000,200,1.3018
0.0268,0.0000,0.0000,0.0002,0.0263,0.0001,200,1.3039
0.0340,0.0000,0.0000,0.0000,0.0339,0.0001,200,1.2968
0.0099,0.0000,0.0000,0.0000,0.0098,0.0000,200,1.3211
0.0149,0.0000,0.0000,0.0000,0.0148,0.0000,200,1.3167
0.0081,0.0000,0.0000,0.0000,0.0078,0.0000,200,1.3240
0.0068,0.0000,0.0000,0.0000,0.0067,0.0001,200,1.3257
0.0298,0.0000,0.0000,0.0000,0.0295,0.0002,200,1.3032
0.0250,0.0000,0.0000,0.0001,0.0248,0.0001,200,1.3084
0.0083,0.0000,0.0000,0.0000,0.0083,0.0000,200,1.3251
0.0097,0.0000,0.0000,0.0001,0.0095,0.0001,200,1.3243
0.0168,0.0000,0.0000,0.0001,0.0166,0.0000,200,1.3177
0.0032,0.0000,0.0000,0.0000,0.0030,0.0000,200,1.3316
0.0073,0.0000,0.0000,0.0000,0.0071,0.0001,200,1.3280
0.0183,0.0000,0.0000,0.0000,0.0181,0.0002,200,1.3176
0.0353,0.0000,0.0000,0.0000,0.0351,0.0002,200,1.3006
0.0239,0.0000,0.0000,0.0000,0.0235,0.0003,200,1.3126
0.0239,0.0000,0.0000,0.0000,0.0238,0.0000,200,1.3129
0.0016,0.0000,0.0000,0.0000,0.0012,0.0003,200,1.3359
0.0027,0.0000,0.0000,0.0000,0.0026,0.0000,200,1.3348
0.0327,0.0000,0.0000,0.0001,0.0326,0.0001,200,1.3052
0.0426,0.0000,0.0000,0.0000,0.0426,0.0000,200,1.2953
0.0137,0.0000,0.0000,0.0001,0.0135,0.0001,200,1.3249
0.0234,0.0000,0.0000,0.0000,0.0233,0.0000,200,1.3153
0.0203,0.0000,0.0000,0.0000,0.0202,0.0000,200,1.3188
0.0070,0.0000,0.0000,0.0000,0.0067,0.0000,200,1.3325
0.0093,0.0000,0.0000,0.0000,0.0091,0.0001,200,1.3307
0.0226,0.0000,0.0000,0.0000,0.0224,0.0000,200,1.3175
0.0027,0.0000,0.0000,0.0000,0.0027,0.0000,200,1.3386
0.0028,0.0000,0.0000,0.0000,0.0027,0.0000,200,1.3386
0.0140,0.0000,0.0000,0.0000,0.0140,0.0000,200,1.3274
0.0311,0.0000,0.0000,0.0000,0.0311,0.0000,200,1.3102
0.0154,0.0000,0.0000,0.0001,0.0152,0.0000,200,1.3264
0.0202,0.0000,0.0000,0.0001,0.0200,0.0000,200,1.3221
0.0083,0.0000,0.0000,0.0000,0.0082,0.0001,200,1.3345
0.0138,0.0000,0.0000,0.0000,0.0137,0.0001,200,1.3294
0.0069,0.0000,0.0000,0.0000,0.0068,0.0000,200,1.3367
0.0063,0.0000,0.0000,0.0000,0.0062,0.0001,200,1.3378
0.0121,0.0000,0.0000,0.0000,0.0120,0.0000,200,1.3321
0.0158,0.0000,0.0000,0.0000,0.0157,0.0000,200,1.3285
0.0216,0.0000,0.0000,0.0000,0.0214,0.0001,200,1.3233
0.0059,0.0000,0.0000,0.0000,0.0058,0.0000,200,1.3391
0.0024,0.0000,0.0000,0.0000,0.0022,0.0001,200,1.3433
0.0029,0.0000,0.0000,0.0000,0.0028,0.0001,200,1.3428
0.0084,0.0000,0.0000,0.0000,0.0083,0.0000,200,1.3374
0.0154,0.0000,0.0000,0.0000,0.0153,0.0000,200,1.3309
0.0010,0.0000,0.0000,0.0000,0.0009,0.0001,200,1.3458
0.0167,0.0000,0.0000,0.0000,0.0162,0.0005,200,1.3302
0.0191,0.0000,0.0000,0.0000,0.0190,0.0001,200,1.3280
0.0143,0.0000,0.0000,0.0002,0.0140,0.0001,200,1.3330
0.0032,0.0000,0.0000,0.0000,0.0029,0.0001,200,1.3443
0.0139,0.0000,0.0000,0.0000,0.0138,0.0001,200,1.3341
0.0329,0.0000,0.0000,0.0001,0.0328,0.0000,200,1.3159
0.0255,0.0000,0.0000,0.0000,0.0254,0.0000,200,1.3233
0.0013,0.0000,0.0000,0.0000,0.0013,0.0001,200,1.3475
0.0280,0.0000,0.0000,0.0001,0.0278,0.0001,200,1.3215
0.0229,0.0000,0.0000,0.0000,0.0228,0.0000,200,1.3269
0.0101,0.0000,0.0000,0.0000,0.0100,0.0000,200,1.3401
0.0170,0.0000,0.0000,0.0000,0.0169,0.0001,200,1.3334
0.0152,0.0000,0.0000,0.0000,0.0151,0.0000,200,1.3353
0.0244,0.0000,0.0000,0.0000,0.0243,0.0000,200,1.3266
0.0052,0.0000,0.0000,0.0000,0.0051,0.0001,200,1.3463
0.0060,0.0000,0.0000,0.0000,0.0057,0.0002,200,1.3458
0.0057,0.0000,0.0000,0.0000,0.0056,0.0001,200,1.3467
0.0107,0.0000,0.0000,0.0000,0.0105,0.0001,200,1.3418
0.0103,0.0000,0.0000,0.0000,0.0103,0.0000,200,1.3423
0.0220,0.0000,0.0000,0.0000,0.0218,0.0001,200,1.3310
0.0119,0.0000,0.0000,0.0000,0.0119,0.0000,200,1.3414
0.0033,0.0000,0.0000,0.0000,0.0032,0.0001,200,1.3505
0.0064,0.0000,0.0000,0.0000,0.0062,0.0001,200,1.3479
0.0133,0.0000,0.0000,0.0000,0.0132,0.0000,200,1.3414
0.0176,0.0000,0.0000,0.0000,0.0174,0.0002,200,1.3374
0.0057,0.0000,0.0000,0.0000,0.0056,0.0000,200,1.3498
0.0460,0.0000,0.0000,0.0000,0.0459,0.0001,200,1.3096
0.0530,0.0000,0.0000,0.0000,0.0529,0.0000,200,1.3029
0.0672,0.0000,0.0000,0.0000,0.0671,0.0001,200,1.2891
0.0131,0.0000,0.0000,0.0000,0.0130,0.0001,200,1.3436
0.0175,0.0000,0.0000,0.0000,0.0171,0.0004,200,1.3400
0.0021,0.0000,0.0000,0.0000,0.0020,0.0000,200,1.3555
0.0243,0.0000,0.0000,0.0000,0.0241,0.0002,200,1.3334
0.0076,0.0000,0.0000,0.0000,0.0075,0.0000,200,1.3504
0.0328,0.0000,0.0000,0.0002,0.0326,0.0000,200,1.3256
0.0011,0.0000,0.0000,0.0000,0.0010,0.0000,200,1.3577
0.0226,0.0000,0.0000,0.0000,0.0225,0.0000,200,1.3365
0.0057,0.0000,0.0000,0.0000,0.0056,0.0000,200,1.3538
0.0217,0.0000,0.0000,0.0000,0.0217,0.0000,200,1.3379
0.0204,0.0000,0.0000,0.0000,0.0203,0.0000,200,1.3395
0.0114,0.0000,0.0000,0.0000,0.0113,0.0000,200,1.3488
0.0062,0.0000,0.0000,0.0000,0.0060,0.0000,200,1.3544
0.0082,0.0000,0.0000,0.0000,0.0080,0.0000,200,1.3526
0.0164,0.0000,0.0000,0.0001,0.0162,0.0000,200,1.3449
0.0122,0.0000,0.0000,0.0000,0.0120,0.0002,200,1.3495
0.0009,0.0000,0.0000,0.0000,0.0009,0.0001,200,1.3609
0.0024,0.0000,0.0000,0.0000,0.0023,0.0000,200,1.3596
0.0057,0.0000,0.0000,0.0000,0.0056,0.0000,200,1.3567
0.0093,0.0000,0.0000,0.0000,0.0092,0.0000,200,1.3533
0.0161,0.0000,0.0000,0.0000,0.0160,0.0000,200,1.3473
0.0178,0.0000,0.0000,0.0000,0.0177,0.0000,200,1.3456
0.0768,0.0000,0.0000,0.0001,0.0766,0.0001,200,1.2866
0.0066,0.0000,0.0000,0.0000,0.0065,0.0000,200,1.3575
0.0083,0.0000,0.0000,0.0000,0.0079,0.0004,200,1.3558
0.0286,0.0000,0.0000,0.0000,0.0282,0.0000,200,1.3359
0.0211,0.0000,0.0000,0.0001,0.0208,0.0002,200,1.3441
0.0103,0.0000,0.0000,0.0001,0.0101,0.0000,200,1.3550
0.0038,0.0000,0.0000,0.0001,0.0036,0.0000,200,1.3618
0.0013,0.0000,0.0000,0.0000,0.0013,0.0000,200,1.3645
0.0037,0.0000,0.0000,0.0000,0.0035,0.0002,200,1.3624
0.0099,0.0000,0.0000,0.0000,0.0098,0.0000,200,1.3563
0.0156,0.0000,0.0000,0.0000,0.0154,0.0001,200,1.3510
0.0200,0.0000,0.0000,0.0000,0.0197,0.0002,200,1.3471
0.0226,0.0000,0.0000,0.0000,0.0225,0.0000,200,1.3450
0.0037,0.0000,0.0000,0.0000,0.0037,0.0000,200,1.3642
0.0016,0.0000,0.0000,0.0000,0.0015,0.0001,200,1.3667
0.0081,0.0000,0.0000,0.0000,0.0080,0.0000,200,1.3602
0.0248,0.0000,0.0000,0.0000,0.0245,0.0000,200,1.3442
0.0277,0.0000,0.0000,0.0000,0.0276,0.0000,200,1.3414
0.0477,0.0000,0.0000,0.0000,0.0476,0.0000,200,1.3220
0.0233,0.0000,0.0000,0.0000,0.0232,0.0001,200,1.3469
0.0710,0.0000,0.0000,0.0000,0.0709,0.0000,200,1.2996
0.0031,0.0000,0.0000,0.0000,0.0030,0.0001,200,1.3679
0.0052,0.0000,0.0000,0.0000,0.0051,0.0000,200,1.3662
0.0231,0.0000,0.0000,0.0000,0.0229,0.0000,200,1.3488
0.0070,0.0000,0.0000,0.0000,0.0069,0.0000,200,1.3653
0.0101,0.0000,0.0000,0.0000,0.0101,0.0000,200,1.3626
0.0576,0.0000,0.0000,0.0000,0.0575,0.0000,200,1.3155
0.0218,0.0000,0.0000,0.0000,0.0217,0.0000,200,1.3515
0.0104,0.0000,0.0000,0.0000,0.0104,0.0000,200,1.3634
0.0012,0.0000,0.0000,0.0000,0.0009,0.0003,200,1.3733
0.0202,0.0000,0.0000,0.0000,0.0200,0.0001,200,1.3546
0.0099,0.0000,0.0000,0.0000,0.0098,0.0000,200,1.3652
0.0122,0.0000,0.0000,0.0000,0.0121,0.0000,200,1.3634
0.0047,0.0000,0.0000,0.0000,0.0045,0.0001,200,1.3710
0.0153,0.0000,0.0000,0.0000,0.0152,0.0000,200,1.3608
0.0046,0.0000,0.0000,0.0000,0.0045,0.0000,200,1.3719
0.0692,0.0000,0.0000,0.0002,0.0688,0.0000,200,1.3077
0.0518,0.0000,0.0000,0.0000,0.0517,0.0000,200,1.3260
0.0483,0.0000,0.0000,0.0000,0.0475,0.0007,200,1.3302
0.0168,0.0000,0.0000,0.0000,0.0165,0.0002,200,1.3617
0.0202,0.0000,0.0000,0.0000,0.0193,0.0008,200,1.3584
0.0241,0.0000,0.0000,0.0000,0.0239,0.0002,200,1.3557
0.0234,0.0000,0.0000,0.0000,0.0232,0.0000,200,1.3576
0.0045,0.0000,0.0000,0.0000,0.0040,0.0004,200,1.3765
0.0115,0.0000,0.0000,0.0000,0.0112,0.0002,200,1.3714
0.0100,0.0000,0.0000,0.0002,0.0097,0.0000,200,1.3745
0.0122,0.0000,0.0000,0.0000,0.0120,0.0000,200,1.3723
0.0094,0.0000,0.0000,0.0001,0.0093,0.0000,200,1.3751
0.0558,0.0000,0.0000,0.0000,0.0555,0.0002,200,1.3289
0.0125,0.0000,0.0000,0.0000,0.0124,0.0001,200,1.3727
0.0096,0.0000,0.0000,0.0000,0.0095,0.0000,200,1.3757
0.0330,0.0000,0.0000,0.0000,0.0329,0.0001,200,1.3530
0.0251,0.0000,0.0000,0.0000,0.0250,0.0001,200,1.3613
0.0380,0.0000,0.0000,0.0000,0.0379,0.0000,200,1.3488
0.0168,0.0000,0.0000,0.0000,0.0167,0.0000,200,1.3702
0.0031,0.0000,0.0000,0.0000,0.0027,0.0004,200,1.3845
0.0594,0.0000,0.0000,0.0000,0.0594,0.0000,200,1.3285
0.0012,0.0000,0.0000,0.0002,0.0009,0.0000,200,1.3867
0.0224,0.0000,0.0000,0.0000,0.0223,0.0000,200,1.3656
0.0137,0.0000,0.0000,0.0000,0.0135,0.0000,200,1.3748
0.0311,0.0000,0.0000,0.0001,0.0307,0.0001,200,1.3581
0.0031,0.0000,0.0000,0.0000,0.0030,0.0000,200,1.3864
0.0376,0.0000,0.0000,0.0002,0.0372,0.0001,200,1.3525
0.0219,0.0000,0.0000,0.0000,0.0217,0.0000,200,1.3682
0.0778,0.0000,0.0000,0.0000,0.0777,0.0000,200,1.3125
0.0317,0.0000,0.0000,0.0001,0.0315,0.0000,200,1.3591
0.0237,0.0000,0.0000,0.0000,0.0237,0.0000,200,1.3675
0.0020,0.0000,0.0000,0.0000,0.0020,0.0001,200,1.3894
0.0040,0.0000,0.0000,0.0001,0.0038,0.0000,200,1.3879
0.0022,0.0000,0.0000,0.0000,0.0021,0.0001,200,1.3901
0.0082,0.0000,0.0000,0.0000,0.0081,0.0001,200,1.3844
0.0148,0.0000,0.0000,0.0000,0.0146,0.0001,200,1.3785
0.0054,0.0000,0.0000,0.0000,0.0052,0.0002,200,1.3885
0.0130,0.0000,0.0000,0.0002,0.0127,0.0000,200,1.3810
0.0320,0.0000,0.0000,0.0000,0.0319,0.0000,200,1.3620
0.0302,0.0000,0.0000,0.0000,0.0300,0.0001,200,1.3642
0.0285,0.0000,0.0000,0.0000,0.0284,0.0000,200,1.3659
0.0008,0.0000,0.0000,0.0000,0.0007,0.0001,200,1.3939
0.0153,0.0000,0.0000,0.0000,0.0152,0.0001,200,1.3798
0.0186,0.0000,0.0000,0.0000,0.0185,0.0001,200,1.3769
0.0068,0.0000,0.0000,0.0001,0.0065,0.0003,200,1.3891
0.0253,0.0000,0.0000,0.0000,0.0253,0.0000,200,1.3706
0.0303,0.0000,0.0000,0.0000,0.0302,0.0000,200,1.3662
0.0066,0.0000,0.0000,0.0000,0.0066,0.0000,200,1.3901
0.0119,0.0000,0.0000,0.0000,0.0118,0.0000,200,1.3853
0.0114,0.0000,0.0000,0.0000,0.0112,0.0001,200,1.3860
0.0342,0.0000,0.0000,0.0001,0.0341,0.0000,200,1.3634
0.0455,0.0000,0.0000,0.0000,0.0453,0.0000,200,1.3525
0.0140,0.0000,0.0000,0.0000,0.0139,0.0001,200,1.3844
0.0390,0.0000,0.0000,0.0000,0.0389,0.0000,200,1.3599
0.0048,0.0000,0.0000,0.0000,0.0047,0.0000,200,1.3944
0.0083,0.0000,0.0000,0.0000,0.0082,0.0000,200,1.3913
0.0211,0.0000,0.0000,0.0000,0.0210,0.0000,200,1.3788
0.0242,0.0000,0.0000,0.0000,0.0240,0.0001,200,1.3761
0.0316,0.0000,0.0000,0.0000,0.0315,0.0000,200,1.3691
0.0069,0.0000,0.0000,0.0000,0.0068,0.0000,200,1.3940
0.0422,0.0000,0.0000,0.0000,0.0421,0.0000,200,1.3588
0.0044,0.0000,0.0000,0.0000,0.0043,0.0000,200,1.3971
0.0323,0.0000,0.0000,0.0000,0.0322,0.0001,200,1.3697
0.0013,0.0000,0.0000,0.0000,0.0013,0.0000,200,1.4007
0.0155,0.0000,0.0000,0.0000,0.0154,0.0000,200,1.3870
0.0336,0.0000,0.0000,0.0000,0.0336,0.0000,200,1.3690
0.0299,0.0000,0.0000,0.0001,0.0296,0.0000,200,1.3731
0.0055,0.0000,0.0000,0.0000,0.0054,0.0001,200,1.3980
0.0006,0.0000,0.0000,0.0000,0.0005,0.0000,200,1.4030
0.0163,0.0000,0.0000,0.0006,0.0157,0.0000,200,1.3876
0.0054,0.0000,0.0000,0.0000,0.0051,0.0002,200,1.3991
0.0099,0.0000,0.0000,0.0000,0.0098,0.0000,200,1.3947
0.0170,0.0000,0.0000,0.0000,0.0168,0.0002,200,1.3879
0.0018,0.0000,0.0000,0.0000,0.0017,0.0001,200,1.4035
0.0032,0.0000,0.0000,0.0000,0.0032,0.0000,200,1.4024
0.0016,0.0000,0.0000,0.0000,0.0015,0.0001,200,1.4046
0.0042,0.0000,0.0000,0.0000,0.0041,0.0001,200,1.4020
0.0093,0.0000,0.0000,0.0000,0.0092,0.0001,200,1.3976
0.0131,0.0000,0.0000,0.0000,0.0130,0.0000,200,1.3940
0.0112,0.0000,0.0000,0.0000,0.0111,0.0001,200,1.3959
0.0069,0.0000,0.0000,0.0000,0.0067,0.0002,200,1.4008
0.0482,0.0000,0.0000,0.0000,0.0482,0.0000,200,1.3596
0.0097,0.0000,0.0000,0.0000,0.0096,0.0001,200,1.3984
0.0255,0.0000,0.0000,0.0010,0.0238,0.0000,200,1.3829
0.0024,0.0000,0.0000,0.0000,0.0021,0.0000,200,1.4062
0.0114,0.0000,0.0000,0.0000,0.0114,0.0000,200,1.3974
0.0095,0.0000,0.0000,0.0000,0.0094,0.0001,200,1.3999
0.0101,0.0000,0.0000,0.0000,0.0100,0.0000,200,1.3996
0.0030,0.0000,0.0000,0.0000,0.0029,0.0001,200,1.4071
0.0022,0.0000,0.0000,0.0001,0.0021,0.0000,200,1.4083
0.0265,0.0000,0.0000,0.0000,0.0262,0.0001,200,1.3847
0.0442,0.0000,0.0000,0.0000,0.0441,0.0000,200,1.3672
0.0074,0.0000,0.0000,0.0000,0.0073,0.0001,200,1.4040
0.0272,0.0000,0.0000,0.0000,0.0271,0.0000,200,1.3852
0.0223,0.0000,0.0000,0.0000,0.0222,0.0000,200,1.3903
0.0200,0.0000,0.0000,0.0000,0.0197,0.0000,200,1.3926
0.0370,0.0000,0.0000,0.0000,0.0370,0.0000,200,1.3756
0.0112,0.0000,0.0000,0.0000,0.0111,0.0000,200,1.4015
0.0015,0.0000,0.0000,0.0000,0.0014,0.0000,200,1.4114
0.0016,0.0000,0.0000,0.0001,0.0015,0.0000,200,1.4114
0.0007,0.0000,0.0000,0.0000,0.0007,0.0000,200,1.4125
0.0352,0.0000,0.0000,0.0003,0.0349,0.0000,200,1.3785
0.0221,0.0000,0.0000,0.0000,0.0220,0.0001,200,1.3919
0.0733,0.0000,0.0000,0.0000,0.0733,0.0000,200,1.3414
0.0633,0.0000,0.0000,0.0000,0.0629,0.0003,200,1.3518
0.0199,0.0000,0.0000,0.0000,0.0198,0.0001,200,1.3955
0.0079,0.0000,0.0000,0.0000,0.0078,0.0000,200,1.4094
0.0077,0.0000,0.0000,0.0000,0.0077,0.0000,200,1.4097
0.0074,0.0000,0.0000,0.0000,0.0073,0.0000,200,1.4101
0.0113,0.0000,0.0000,0.0002,0.0111,0.0000,200,1.4062
0.0106,0.0000,0.0000,0.0000,0.0105,0.0000,200,1.4069
0.0211,0.0000,0.0000,0.0000,0.0210,0.0000,200,1.3964
0.0253,0.0000,0.0000,0.0000,0.0252,0.0000,200,1.3923
0.0260,0.0000,0.0000,0.0000,0.0260,0.0000,200,1.3915
0.0046,0.0000,0.0000,0.0000,0.0045,0.0000,200,1.4130
0.0222,0.0000,0.0000,0.0000,0.0221,0.0001,200,1.3959
0.0047,0.0000,0.0000,0.0000,0.0041,0.0006,200,1.4138
0.0043,0.0000,0.0000,0.0002,0.0040,0.0001,200,1.4147
0.0018,0.0000,0.0000,0.0000,0.0011,0.0002,200,1.4175
0.0244,0.0000,0.0000,0.0000,0.0243,0.0001,200,1.3951
0.0143,0.0000,0.0000,0.0000,0.0142,0.0001,200,1.4057
0.0053,0.0000,0.0000,0.0000,0.0052,0.0000,200,1.4150
0.0153,0.0000,0.0000,0.0000,0.0153,0.0000,200,1.4053
0.0330,0.0000,0.0000,0.0000,0.0324,0.0000,200,1.3880
0.0089,0.0000,0.0000,0.0000,0.0088,0.0000,200,1.4125
0.0287,0.0000,0.0000,0.0000,0.0286,0.0000,200,1.3933
0.0143,0.0000,0.0000,0.0000,0.0138,0.0004,200,1.4078
0.0050,0.0000,0.0000,0.0000,0.0046,0.0001,200,1.4175
0.0282,0.0000,0.0000,0.0000,0.0281,0.0000,200,1.3943
0.0057,0.0000,0.0000,0.0001,0.0053,0.0000,200,1.4174
0.0205,0.0000,0.0000,0.0002,0.0201,0.0002,200,1.4027
0.0191,0.0000,0.0000,0.0000,0.0191,0.0000,200,1.4045
0.0052,0.0000,0.0000,0.0000,0.0051,0.0000,200,1.4184
0.0113,0.0000,0.0000,0.0000,0.0111,0.0001,200,1.4127
0.0435,0.0000,0.0000,0.0000,0.0434,0.0001,200,1.3810
0.0010,0.0000,0.0000,0.0000,0.0009,0.0000,200,1.4236
0.0113,0.0000,0.0000,0.0000,0.0109,0.0001,200,1.4140
0.0129,0.0000,0.0000,0.0000,0.0128,0.0001,200,1.4129
0.0033,0.0000,0.0000,0.0000,0.0032,0.0000,200,1.4225
0.0010,0.0000,0.0000,0.0000,0.0009,0.0000,200,1.4253
0.0076,0.0000,0.0000,0.0001,0.0073,0.0001,200,1.4190
0.0089,0.0000,0.0000,0.0000,0.0087,0.0001,200,1.4182
0.0019,0.0000,0.0000,0.0000,0.0017,0.0001,200,1.4258
0.0595,0.0000,0.0000,0.0003,0.0592,0.0000,200,1.3682
0.0291,0.0000,0.0000,0.0000,0.0291,0.0000,200,1.3988
0.0274,0.0000,0.0000,0.0000,0.0273,0.0000,200,1.4010
0.0206,0.0000,0.0000,0.0000,0.0206,0.0000,200,1.4081
0.0064,0.0000,0.0000,0.0000,0.0064,0.0000,200,1.4225
0.0184,0.0000,0.0000,0.0000,0.0182,0.0002,200,1.4111
0.0518,0.0000,0.0000,0.0000,0.0511,0.0000,200,1.3778
0.0124,0.0000,0.0000,0.0000,0.0119,0.0000,200,1.4175
0.0027,0.0000,0.0000,0.0000,0.0026,0.0000,200,1.4277
0.0134,0.0000,0.0000,0.0000,0.0129,0.0001,200,1.4175
0.0027,0.0000,0.0000,0.0000,0.0026,0.0000,200,1.4284
0.0120,0.0000,0.0000,0.0000,0.0118,0.0000,200,1.4193
0.0145,0.0000,0.0000,0.0002,0.0136,0.0001,200,1.4175
0.0063,0.0000,0.0000,0.0000,0.0062,0.0000,200,1.4258
0.0030,0.0000,0.0000,0.0000,0.0028,0.0001,200,1.4296
0.0083,0.0000,0.0000,0.0001,0.0081,0.0001,200,1.4244
0.0042,0.0000,0.0000,0.0000,0.0041,0.0000,200,1.4289
0.0091,0.0000,0.0000,0.0000,0.0090,0.0001,200,1.4246
0.0214,0.0000,0.0000,0.0000,0.0213,0.0000,200,1.4126
0.0132,0.0000,0.0000,0.0000,0.0130,0.0001,200,1.4213
0.0317,0.0000,0.0000,0.0000,0.0317,0.0000,200,1.4035
0.0332,0.0000,0.0000,0.0000,0.0327,0.0005,200,1.4020
0.0044,0.0000,0.0000,0.0000,0.0039,0.0004,200,1.4309
0.0148,0.0000,0.0000,0.0000,0.0147,0.0000,200,1.4210
0.0186,0.0000,0.0000,0.0000,0.0185,0.0001,200,1.4176
0.0020,0.0000,0.0000,0.0000,0.0019,0.0000,200,1.4345
0.0010,0.0000,0.0000,0.0000,0.0010,0.0000,200,1.4357
0.0629,0.0000,0.0000,0.0000,0.0629,0.0000,200,1.3739
0.0065,0.0000,0.0000,0.0000,0.0064,0.0000,200,1.4304
0.0246,0.0000,0.0000,0.0000,0.0245,0.0001,200,1.4126
0.0117,0.0000,0.0000,0.0000,0.0115,0.0001,200,1.4263
0.0312,0.0000,0.0000,0.0000,0.0311,0.0000,200,1.4072
0.0115,0.0000,0.0000,0.0001,0.0113,0.0000,200,1.4270
0.0478,0.0000,0.0000,0.0000,0.0477,0.0000,200,1.3908
0.0390,0.0000,0.0000,0.0000,0.0388,0.0002,200,1.4003
0.0059,0.0000,0.0000,0.0000,0.0057,0.0001,200,1.4337
0.0103,0.0000,0.0000,0.0000,0.0101,0.0002,200,1.4296
0.0021,0.0000,0.0000,0.0000,0.0017,0.0004,200,1.4386
0.0086,0.0000,0.0000,0.0001,0.0084,0.0000,200,1.4321
0.0144,0.0000,0.0000,0.0003,0.0141,0.0000,200,1.4266
0.0338,0.0000,0.0000,0.0000,0.0336,0.0000,200,1.4077
0.0371,0.0000,0.0000,0.0000,0.0369,0.0001,200,1.4049
0.0068,0.0000,0.0000,0.0000,0.0067,0.0000,200,1.4353
0.0059,0.0000,0.0000,0.0000,0.0058,0.0000,200,1.4368
0.0060,0.0000,0.0000,0.0000,0.0058,0.0001,200,1.4372
0.0239,0.0000,0.0000,0.0000,0.0238,0.0001,200,1.4195
0.0118,0.0000,0.0000,0.0000,0.0118,0.0000,200,1.4319
0.0334,0.0000,0.0000,0.0000,0.0333,0.0000,200,1.4105
0.0358,0.0000,0.0000,0.0000,0.0357,0.0000,200,1.4086
0.0027,0.0000,0.0000,0.0000,0.0026,0.0000,200,1.4421
0.0320,0.0000,0.0000,0.0000,0.0319,0.0001,200,1.4133
0.0033,0.0000,0.0000,0.0000,0.0033,0.0000,200,1.4421
0.0228,0.0000,0.0000,0.0000,0.0227,0.0001,200,1.4232
0.0257,0.0000,0.0000,0.0000,0.0257,0.0000,200,1.4203
0.0138,0.0000,0.0000,0.0000,0.0137,0.0001,200,1.4325
0.0060,0.0000,0.0000,0.0000,0.0059,0.0000,200,1.4406
0.0193,0.0000,0.0000,0.0000,0.0191,0.0001,200,1.4280
0.0298,0.0000,0.0000,0.0001,0.0292,0.0000,200,1.4175
0.0148,0.0000,0.0000,0.0000,0.0147,0.0000,200,1.4328
0.0138,0.0000,0.0000,0.0000,0.0138,0.0000,200,1.4340
0.0017,0.0000,0.0000,0.0000,0.0016,0.0001,200,1.4466
0.0089,0.0000,0.0000,0.0000,0.0088,0.0000,200,1.4399
0.0269,0.0000,0.0000,0.0000,0.0269,0.0000,200,1.4221
0.0138,0.0000,0.0000,0.0000,0.0138,0.0001,200,1.4358
0.0039,0.0000,0.0000,0.0000,0.0038,0.0001,200,1.4460
0.0347,0.0000,0.0000,0.0000,0.0346,0.0000,200,1.4154
0.0297,0.0000,0.0000,0.0000,0.0296,0.0001,200,1.4206
0.0027,0.0000,0.0000,0.0000,0.0026,0.0001,200,1.4478
0.0079,0.0000,0.0000,0.0000,0.0078,0.0001,200,1.4432
0.0126,0.0000,0.0000,0.0000,0.0126,0.0000,200,1.4385
0.0014,0.0000,0.0000,0.0000,0.0013,0.0001,200,1.4500
0.0137,0.0000,0.0000,0.0000,0.0136,0.0000,200,1.4380
0.0069,0.0000,0.0000,0.0000,0.0067,0.0000,200,1.4453
0.0131,0.0000,0.0000,0.0000,0.0129,0.0001,200,1.4393
0.0044,0.0000,0.0000,0.0000,0.0042,0.0002,200,1.4484
0.0166,0.0000,0.0000,0.0000,0.0164,0.0001,200,1.4365
0.0312,0.0000,0.0000,0.0000,0.0312,0.0000,200,1.4220
0.0056,0.0000,0.0000,0.0000,0.0055,0.0000,200,1.4476
0.0127,0.0000,0.0000,0.0000,0.0126,0.0001,200,1.4411
0.0069,0.0000,0.0000,0.0000,0.0068,0.0000,200,1.4472
0.0042,0.0000,0.0000,0.0001,0.0040,0.0001,200,1.4505
0.0027,0.0000,0.0000,0.0000,0.0027,0.0000,200,1.4522
0.0035,0.0000,0.0000,0.0000,0.0034,0.0000,200,1.4515
0.0269,0.0000,0.0000,0.0000,0.0266,0.0002,200,1.4288
0.0086,0.0000,0.0000,0.0000,0.0086,0.0000,200,1.4473
0.0032,0.0000,0.0000,0.0000,0.0029,0.0003,200,1.4533
0.0035,0.0000,0.0000,0.0000,0.0034,0.0001,200,1.4531
0.0103,0.0000,0.0000,0.0000,0.0102,0.0000,200,1.4464
0.0024,0.0000,0.0000,0.0002,0.0021,0.0001,200,1.4547
0.0051,0.0000,0.0000,0.0000,0.0049,0.0000,200,1.4524
0.0024,0.0000,0.0000,0.0000,0.0020,0.0003,200,1.4560
0.0212,0.0000,0.0000,0.0000,0.0211,0.0001,200,1.4371
0.0078,0.0000,0.0000,0.0000,0.0076,0.0002,200,1.4511
0.0417,0.0000,0.0000,0.0000,0.0413,0.0000,200,1.4173
0.0103,0.0000,0.0000,0.0000,0.0098,0.0005,200,1.4487
0.0625,0.0000,0.0000,0.0000,0.0623,0.0002,200,1.3968
0.0062,0.0000,0.0000,0.0001,0.0053,0.0008,200,1.4532
0.0106,0.0000,0.0000,0.0000,0.0105,0.0000,200,1.4491
0.0510,0.0000,0.0000,0.0000,0.0509,0.0000,200,1.4089
0.0061,0.0000,0.0000,0.0000,0.0061,0.0000,200,1.4541
0.0059,0.0000,0.0000,0.0000,0.0058,0.0001,200,1.4549
0.0021,0.0000,0.0000,0.0000,0.0021,0.0000,200,1.4590
0.0312,0.0000,0.0000,0.0000,0.0311,0.0001,200,1.4299
0.0038,0.0000,0.0000,0.0000,0.0037,0.0001,200,1.4575
0.0050,0.0000,0.0000,0.0000,0.0050,0.0000,200,1.4567
0.0387,0.0000,0.0000,0.0000,0.0386,0.0001,200,1.4236
0.0260,0.0000,0.0000,0.0000,0.0256,0.0002,200,1.4368
0.0353,0.0000,0.0000,0.0000,0.0351,0.0002,200,1.4277
0.0322,0.0000,0.0000,0.0000,0.0320,0.0001,200,1.4313
0.0033,0.0000,0.0000,0.0000,0.0032,0.0000,200,1.4603
0.0028,0.0000,0.0000,0.0000,0.0027,0.0001,200,1.4617
0.0121,0.0000,0.0000,0.0000,0.0118,0.0003,200,1.4528
0.0022,0.0000,0.0000,0.0002,0.0019,0.0000,200,1.4628
0.0057,0.0000,0.0000,0.0000,0.0054,0.0003,200,1.4596
0.0105,0.0000,0.0000,0.0000,0.0105,0.0000,200,1.4549
0.0152,0.0000,0.0000,0.0000,0.0142,0.0009,200,1.4503
0.0051,0.0000,0.0000,0.0000,0.0048,0.0002,200,1.4611
0.0071,0.0000,0.0000,0.0000,0.0070,0.0000,200,1.4593
0.0228,0.0000,0.0000,0.0000,0.0227,0.0000,200,1.4438
0.0335,0.0000,0.0000,0.0000,0.0334,0.0000,200,1.4331
0.0100,0.0000,0.0000,0.0000,0.0099,0.0001,200,1.4571
0.0155,0.0000,0.0000,0.0000,0.0154,0.0000,200,1.4538
0.0026,0.0000,0.0000,0.0000,0.0026,0.0000,200,1.4667
0.0326,0.0000,0.0000,0.0000,0.0325,0.0000,200,1.4368
0.0250,0.0000,0.0000,0.0000,0.0249,0.0000,200,1.4444
0.0268,0.0000,0.0000,0.0000,0.0267,0.0000,200,1.4426
0.0060,0.0000,0.0000,0.0000,0.0059,0.0000,200,1.4635
0.0040,0.0000,0.0000,0.0000,0.0038,0.0001,200,1.4655
0.0069,0.0000,0.0000,0.0000,0.0069,0.0000,200,1.4630
0.0053,0.0000,0.0000,0.0000,0.0049,0.0003,200,1.4655
0.0468,0.0000,0.0000,0.0000,0.0468,0.0000,200,1.4240
0.0147,0.0000,0.0000,0.0000,0.0145,0.0001,200,1.4567
0.0025,0.0000,0.0000,0.0000,0.0024,0.0001,200,1.4693
0.0076,0.0000,0.0000,0.0000,0.0075,0.0000,200,1.4645
0.0414,0.0000,0.0000,0.0000,0.0413,0.0000,200,1.4311
0.0150,0.0000,0.0000,0.0000,0.0144,0.0006,200,1.4583
0.0072,0.0000,0.0000,0.0000,0.0071,0.0000,200,1.4662
0.0300,0.0000,0.0000,0.0000,0.0299,0.0000,200,1.4434
0.0074,0.0000,0.0000,0.0001,0.0071,0.0000,200,1.4666
0.0233,0.0000,0.0000,0.0000,0.0232,0.0000,200,1.4512
0.0054,0.0000,0.0000,0.0000,0.0052,0.0001,200,1.4693
0.0289,0.0000,0.0000,0.0000,0.0289,0.0000,200,1.4460
0.0335,0.0000,0.0000,0.0000,0.0334,0.0001,200,1.4415
0.0100,0.0000,0.0000,0.0000,0.0098,0.0001,200,1.4653
0.0376,0.0000,0.0000,0.0002,0.0372,0.0000,200,1.4384
0.0172,0.0000,0.0000,0.0000,0.0171,0.0000,200,1.4590
0.0098,0.0000,0.0000,0.0000,0.0096,0.0000,200,1.4664
0.0033,0.0000,0.0000,0.0000,0.0032,0.0001,200,1.4734
0.0318,0.0000,0.0000,0.0000,0.0313,0.0003,200,1.4454
0.1275,0.0000,0.0000,0.0000,0.1273,0.0001,200,1.3501
0.0169,0.0000,0.0000,0.0000,0.0165,0.0004,200,1.4611
0.0189,0.0000,0.0000,0.0000,0.0184,0.0004,200,1.4594
0.0043,0.0000,0.0000,0.0000,0.0022,0.0021,200,1.4762
0.0033,0.0000,0.0000,0.0003,0.0026,0.0004,200,1.4783
0.0036,0.0000,0.0000,0.0002,0.0029,0.0004,200,1.4780
0.0043,0.0000,0.0000,0.0002,0.0041,0.0001,200,1.4776
0.0377,0.0000,0.0000,0.0000,0.0370,0.0006,200,1.4447
0.0075,0.0000,0.0000,0.0000,0.0069,0.0006,200,1.4750
0.0075,0.0000,0.0000,0.0000,0.0069,0.0006,200,1.4750
0.0062,0.0000,0.0000,0.0002,0.0049,0.0009,200,1.4766
0.0238,0.0000,0.0000,0.0000,0.0228,0.0009,200,1.4591
0.0104,0.0000,0.0000,0.0000,0.0044,0.0060,200,1.4724
0.0069,0.0000,0.0000,0.0000,0.0068,0.0000,200,1.4760
0.0333,0.0000,0.0000,0.0000,0.0324,0.0009,200,1.4496
0.0137,0.0000,0.0000,0.0000,0.0125,0.0011,200,1.4693
0.0116,0.0000,0.0000,0.0000,0.0091,0.0025,200,1.4714
0.0232,0.0000,0.0000,0.0000,0.0187,0.0045,200,1.4599
0.0217,0.0000,0.0000,0.0000,0.0205,0.0012,200,1.4614
0.0274,0.0000,0.0000,0.0001,0.0247,0.0027,200,1.4557
0.0070,0.0000,0.0000,0.0001,0.0056,0.0012,200,1.4762
0.0137,0.0000,0.0000,0.0000,0.0124,0.0012,200,1.4695
0.0439,0.0000,0.0000,0.0000,0.0422,0.0015,200,1.4396
0.0186,0.0000,0.0000,0.0000,0.0183,0.0000,200,1.4649
0.0272,0.0000,0.0000,0.0000,0.0271,0.0000,200,1.4565
0.0024,0.0000,0.0000,0.0001,0.0022,0.0002,200,1.4820
0.0439,0.0000,0.0000,0.0000,0.0437,0.0002,200,1.4407
0.0241,0.0000,0.0000,0.0000,0.0241,0.0000,200,1.4609
0.0107,0.0000,0.0000,0.0000,0.0104,0.0000,200,1.4744
0.0026,0.0000,0.0000,0.0000,0.0025,0.0000,200,1.4829
0.0019,0.0000,0.0000,0.0000,0.0016,0.0002,200,1.4845
0.0037,0.0000,0.0000,0.0000,0.0035,0.0002,200,1.4829
0.0013,0.0000,0.0000,0.0000,0.0012,0.0001,200,1.4855
0.0165,0.0000,0.0000,0.0000,0.0163,0.0001,200,1.4708
0.0138,0.0000,0.0000,0.0000,0.0133,0.0000,200,1.4740
0.0247,0.0000,0.0000,0.0000,0.0244,0.0002,200,1.4635
0.0189,0.0000,0.0000,0.0000,0.0188,0.0000,200,1.4694
0.0191,0.0000,0.0000,0.0000,0.0190,0.0001,200,1.4694
0.0136,0.0000,0.0000,0.0000,0.0135,0.0000,200,1.4753
0.0060,0.0000,0.0000,0.0000,0.0057,0.0003,200,1.4836
0.0031,0.0000,0.0000,0.0000,0.0030,0.0000,200,1.4866
0.0071,0.0000,0.0000,0.0000,0.0070,0.0000,200,1.4831
0.0036,0.0000,0.0000,0.0000,0.0035,0.0000,200,1.4868
0.0062,0.0000,0.0000,0.0000,0.0057,0.0004,200,1.4852
0.0013,0.0000,0.0000,0.0000,0.0012,0.0000,200,1.4902
0.0566,0.0000,0.0000,0.0000,0.0565,0.0001,200,1.4353
0.0187,0.0000,0.0000,0.0001,0.0185,0.0001,200,1.4734
0.0013,0.0000,0.0000,0.0000,0.0011,0.0002,200,1.4914
0.0045,0.0000,0.0000,0.0000,0.0044,0.0000,200,1.4883
0.0124,0.0000,0.0000,0.0025,0.0098,0.0000,200,1.4805
0.0103,0.0000,0.0000,0.0000,0.0102,0.0000,200,1.4831
0.0060,0.0000,0.0000,0.0000,0.0059,0.0001,200,1.4878
0.0111,0.0000,0.0000,0.0000,0.0110,0.0001,200,1.4830
0.0120,0.0000,0.0000,0.0000,0.0119,0.0000,200,1.4825
0.0019,0.0000,0.0000,0.0000,0.0017,0.0002,200,1.4929
0.0017,0.0000,0.0000,0.0000,0.0016,0.0000,200,1.4934
0.0049,0.0000,0.0000,0.0000,0.0048,0.0000,200,1.4904
0.0062,0.0000,0.0000,0.0000,0.0059,0.0002,200,1.4897
0.0070,0.0000,0.0000,0.0000,0.0069,0.0000,200,1.4889
0.0037,0.0000,0.0000,0.0000,0.0036,0.0001,200,1.4927
0.0137,0.0000,0.0000,0.0000,0.0137,0.0000,200,1.4828
0.0029,0.0000,0.0000,0.0000,0.0029,0.0000,200,1.4941
0.0391,0.0000,0.0000,0.0000,0.0390,0.0000,200,1.4583
0.0143,0.0000,0.0000,0.0000,0.0143,0.0000,200,1.4835
0.0146,0.0000,0.0000,0.0000,0.0145,0.0000,200,1.4835
0.0100,0.0000,0.0000,0.0001,0.0098,0.0000,200,1.4886
0.0041,0.0000,0.0000,0.0000,0.0041,0.0000,200,1.4948
0.0343,0.0000,0.0000,0.0000,0.0343,0.0000,200,1.4650
0.0291,0.0000,0.0000,0.0000,0.0290,0.0000,200,1.4708
0.0116,0.0000,0.0000,0.0000,0.0115,0.0000,200,1.4883
0.0072,0.0000,0.0000,0.0000,0.0071,0.0000,200,1.4928
0.0016,0.0000,0.0000,0.0000,0.0015,0.0001,200,1.4989
0.0160,0.0000,0.0000,0.0000,0.0160,0.0000,200,1.4850
0.0044,0.0000,0.0000,0.0000,0.0038,0.0002,200,1.4970
0.0040,0.0000,0.0000,0.0000,0.0040,0.0000,200,1.4979
0.0188,0.0000,0.0000,0.0000,0.0188,0.0000,200,1.4831
0.0011,0.0000,0.0000,0.0000,0.0011,0.0000,200,1.5010
0.0200,0.0000,0.0000,0.0000,0.0199,0.0000,200,1.4825
0.0254,0.0000,0.0000,0.0001,0.0252,0.0000,200,1.4772
0.0330,0.0000,0.0000,0.0000,0.0330,0.0000,200,1.4700
0.0035,0.0000,0.0000,0.0000,0.0034,0.0001,200,1.5000
0.0224,0.0000,0.0000,0.0000,0.0222,0.0001,200,1.4816
0.0035,0.0000,0.0000,0.0000,0.0035,0.0000,200,1.5005
0.0078,0.0000,0.0000,0.0000,0.0078,0.0000,200,1.4964
0.0329,0.0000,0.0000,0.0000,0.0328,0.0001,200,1.4719
0.0233,0.0000,0.0000,0.0000,0.0232,0.0000,200,1.4816
0.0429,0.0000,0.0000,0.0000,0.0428,0.0001,200,1.4623
0.0076,0.0000,0.0000,0.0000,0.0074,0.0002,200,1.4981
0.0618,0.0000,0.0000,0.0000,0.0617,0.0000,200,1.4439
0.0075,0.0000,0.0000,0.0000,0.0074,0.0000,200,1.4985
0.0190,0.0000,0.0000,0.0000,0.0189,0.0001,200,1.4872
0.0036,0.0000,0.0000,0.0000,0.0034,0.0001,200,1.5030
0.0397,0.0000,0.0000,0.0000,0.0395,0.0000,200,1.4672
0.0031,0.0000,0.0000,0.0000,0.0030,0.0001,200,1.5040
0.0556,0.0000,0.0000,0.0000,0.0555,0.0000,200,1.4517
0.0330,0.0000,0.0000,0.0000,0.0329,0.0001,200,1.4747
0.0160,0.0000,0.0000,0.0000,0.0160,0.0000,200,1.4919
0.0163,0.0000,0.0000,0.0000,0.0161,0.0001,200,1.4921
0.0061,0.0000,0.0000,0.0000,0.0060,0.0001,200,1.5026
0.0259,0.0000,0.0000,0.0000,0.0258,0.0000,200,1.4830
0.0268,0.0000,0.0000,0.0000,0.0268,0.0000,200,1.4825
0.0058,0.0000,0.0000,0.0000,0.0057,0.0001,200,1.5040
0.0870,0.0000,0.0000,0.0000,0.0868,0.0000,200,1.4231
0.0062,0.0000,0.0000,0.0000,0.0061,0.0000,200,1.5043
0.0053,0.0000,0.0000,0.0000,0.0053,0.0000,200,1.5057
0.0149,0.0000,0.0000,0.0002,0.0146,0.0000,200,1.4965
0.0068,0.0000,0.0000,0.0001,0.0067,0.0000,200,1.5048
0.0160,0.0000,0.0000,0.0000,0.0159,0.0001,200,1.4958
0.0098,0.0000,0.0000,0.0001,0.0093,0.0002,200,1.5025
0.0296,0.0000,0.0000,0.0000,0.0295,0.0000,200,1.4831
0.0190,0.0000,0.0000,0.0000,0.0189,0.0000,200,1.4938
0.0041,0.0000,0.0000,0.0000,0.0040,0.0001,200,1.5089
0.0042,0.0000,0.0000,0.0000,0.0041,0.0001,200,1.5093
0.0057,0.0000,0.0000,0.0000,0.0055,0.0001,200,1.5079
0.0026,0.0000,0.0000,0.0000,0.0025,0.0000,200,1.5114
0.0108,0.0000,0.0000,0.0000,0.0108,0.0000,200,1.5035
0.0102,0.0000,0.0000,0.0000,0.0101,0.0000,200,1.5049
0.0100,0.0000,0.0000,0.0000,0.0096,0.0004,200,1.5052
0.0462,0.0000,0.0000,0.0000,0.0460,0.0001,200,1.4695
0.0074,0.0000,0.0000,0.0000,0.0073,0.0000,200,1.5084
0.0164,0.0000,0.0000,0.0000,0.0164,0.0000,200,1.4994
0.0143,0.0000,0.0000,0.0000,0.0142,0.0001,200,1.5020
0.0039,0.0000,0.0000,0.0000,0.0037,0.0001,200,1.5127
0.0094,0.0000,0.0000,0.0000,0.0093,0.0000,200,1.5079
0.0067,0.0000,0.0000,0.0000,0.0066,0.0000,200,1.5127
0.0296,0.0000,0.0000,0.0000,0.0296,0.0000,200,1.4898
0.0127,0.0000,0.0000,0.0000,0.0126,0.0000,200,1.5068
0.0039,0.0000,0.0000,0.0000,0.0036,0.0002,200,1.5158
0.0239,0.0000,0.0000,0.0000,0.0238,0.0000,200,1.4959
0.0042,0.0000,0.0000,0.0000,0.0041,0.0000,200,1.5157
0.0080,0.0000,0.0000,0.0000,0.0080,0.0000,200,1.5118
0.0186,0.0000,0.0000,0.0000,0.0185,0.0001,200,1.5014
0.0289,0.0000,0.0000,0.0000,0.0288,0.0001,200,1.4913
0.0152,0.0000,0.0000,0.0000,0.0150,0.0002,200,1.5057
0.0076,0.0000,0.0000,0.0000,0.0075,0.0000,200,1.5136
0.0103,0.0000,0.0000,0.0000,0.0100,0.0002,200,1.5115
0.0047,0.0000,0.0000,0.0000,0.0046,0.0001,200,1.5173
0.0072,0.0000,0.0000,0.0000,0.0068,0.0001,200,1.5150
0.0158,0.0000,0.0000,0.0000,0.0155,0.0000,200,1.5066
0.0141,0.0000,0.0000,0.0000,0.0140,0.0000,200,1.5087
0.0235,0.0000,0.0000,0.0000,0.0235,0.0000,200,1.4999
0.0220,0.0000,0.0000,0.0000,0.0219,0.0000,200,1.5022
0.0093,0.0000,0.0000,0.0000,0.0092,0.0000,200,1.5152
0.0046,0.0000,0.0000,0.0000,0.0043,0.0003,200,1.5202
0.0406,0.0000,0.0000,0.0000,0.0405,0.0000,200,1.4844
0.0060,0.0000,0.0000,0.0000,0.0059,0.0000,200,1.5198
0.0524,0.0000,0.0000,0.0000,0.0523,0.0000,200,1.4735
0.1060,0.0000,0.0000,0.0001,0.1053,0.0006,200,1.4200
0.0021,0.0000,0.0000,0.0000,0.0019,0.0001,200,1.5242
0.0103,0.0000,0.0000,0.0000,0.0102,0.0000,200,1.5163
0.0072,0.0000,0.0000,0.0002,0.0069,0.0000,200,1.5198
0.0167,0.0000,0.0000,0.0001,0.0166,0.0000,200,1.5105
0.0137,0.0000,0.0000,0.0000,0.0136,0.0001,200,1.5140
0.0451,0.0000,0.0000,0.0000,0.0450,0.0000,200,1.4828
0.0072,0.0000,0.0000,0.0000,0.0070,0.0000,200,1.5209
0.0094,0.0000,0.0000,0.0000,0.0093,0.0000,200,1.5194
0.0052,0.0000,0.0000,0.0001,0.0051,0.0001,200,1.5235
0.0163,0.0000,0.0000,0.0000,0.0161,0.0002,200,1.5130
0.0023,0.0000,0.0000,0.0000,0.0023,0.0000,200,1.5271
0.0018,0.0000,0.0000,0.0000,0.0016,0.0000,200,1.5280
0.0193,0.0000,0.0000,0.0000,0.0192,0.0001,200,1.5111
0.0056,0.0000,0.0000,0.0000,0.0055,0.0001,200,1.5250
0.0250,0.0000,0.0000,0.0001,0.0247,0.0000,200,1.5060
0.0091,0.0000,0.0000,0.0000,0.0090,0.0001,200,1.5224
0.0074,0.0000,0.0000,0.0002,0.0070,0.0000,200,1.5245
0.0016,0.0000,0.0000,0.0000,0.0014,0.0001,200,1.5306
0.0378,0.0000,0.0000,0.0000,0.0377,0.0001,200,1.4945
0.0100,0.0000,0.0000,0.0000,0.0100,0.0000,200,1.5228
0.0120,0.0000,0.0000,0.0000,0.0120,0.0000,200,1.5211
0.0213,0.0000,0.0000,0.0000,0.0212,0.0001,200,1.5123
0.0019,0.0000,0.0000,0.0000,0.0017,0.0001,200,1.5323
0.0245,0.0000,0.0000,0.0001,0.0243,0.0000,200,1.5098
0.0083,0.0000,0.0000,0.0000,0.0081,0.0001,200,1.5265
0.0011,0.0000,0.0000,0.0000,0.0007,0.0004,200,1.5342
0.0294,0.0000,0.0000,0.0001,0.0293,0.0000,200,1.5063
0.0101,0.0000,0.0000,0.0000,0.0099,0.0003,200,1.5258
0.0534,0.0000,0.0000,0.0000,0.0532,0.0002,200,1.4831
0.0038,0.0000,0.0000,0.0000,0.0036,0.0001,200,1.5328
0.0149,0.0000,0.0000,0.0000,0.0148,0.0000,200,1.5220
0.0078,0.0000,0.0000,0.0000,0.0077,0.0001,200,1.5295
0.0177,0.0000,0.0000,0.0000,0.0176,0.0000,200,1.5198
0.0015,0.0000,0.0000,0.0002,0.0012,0.0001,200,1.5365
0.0285,0.0000,0.0000,0.0000,0.0284,0.0000,200,1.5101
0.0128,0.0000,0.0000,0.0001,0.0125,0.0002,200,1.5260
0.0195,0.0000,0.0000,0.0000,0.0194,0.0000,200,1.5194
0.0394,0.0000,0.0000,0.0000,0.0392,0.0002,200,1.4999
0.0170,0.0000,0.0000,0.0000,0.0169,0.0000,200,1.5223
0.0037,0.0000,0.0000,0.0000,0.0033,0.0001,200,1.5359
0.0199,0.0000,0.0000,0.0000,0.0199,0.0000,200,1.5200
0.0204,0.0000,0.0000,0.0000,0.0204,0.0000,200,1.5197
0.0039,0.0000,0.0000,0.0001,0.0037,0.0000,200,1.5368
0.0019,0.0000,0.0000,0.0000,0.0018,0.0001,200,1.5388
0.0096,0.0000,0.0000,0.0000,0.0093,0.0003,200,1.5319
0.0046,0.0000,0.0000,0.0000,0.0045,0.0001,200,1.5373
0.0078,0.0000,0.0000,0.0000,0.0077,0.0001,200,1.5343
0.0088,0.0000,0.0000,0.0000,0.0087,0.0000,200,1.5336
0.0050,0.0000,0.0000,0.0001,0.0048,0.0001,200,1.5381
0.0133,0.0000,0.0000,0.0000,0.0131,0.0000,200,1.5304
0.0124,0.0000,0.0000,0.0000,0.0123,0.0001,200,1.5315
0.0053,0.0000,0.0000,0.0000,0.0052,0.0001,200,1.5399
0.0063,0.0000,0.0000,0.0000,0.0062,0.0001,200,1.5392
0.0201,0.0000,0.0000,0.0000,0.0200,0.0000,200,1.5258
0.0108,0.0000,0.0000,0.0002,0.0105,0.0000,200,1.5354
0.0323,0.0000,0.0000,0.0000,0.0319,0.0003,200,1.5143
0.0110,0.0000,0.0000,0.0000,0.0108,0.0000,200,1.5356
0.0077,0.0000,0.0000,0.0000,0.0076,0.0001,200,1.5393
0.0040,0.0000,0.0000,0.0000,0.0037,0.0000,200,1.5431
0.0020,0.0000,0.0000,0.0000,0.0019,0.0001,200,1.5456
0.0183,0.0000,0.0000,0.0000,0.0182,0.0000,200,1.5298
0.0462,0.0000,0.0000,0.0002,0.0460,0.0001,200,1.5019
0.0216,0.0000,0.0000,0.0000,0.0211,0.0000,200,1.5270
0.0270,0.0000,0.0000,0.0000,0.0270,0.0000,200,1.5218
0.0423,0.0000,0.0000,0.0000,0.0422,0.0000,200,1.5072
0.0024,0.0000,0.0000,0.0000,0.0023,0.0000,200,1.5471
0.0018,0.0000,0.0000,0.0000,0.0017,0.0001,200,1.5481
0.0223,0.0000,0.0000,0.0001,0.0221,0.0001,200,1.5281
0.0257,0.0000,0.0000,0.0000,0.0255,0.0001,200,1.5248
0.0021,0.0000,0.0000,0.0000,0.0016,0.0000,200,1.5486
0.0089,0.0000,0.0000,0.0000,0.0088,0.0000,200,1.5421
0.0034,0.0000,0.0000,0.0001,0.0032,0.0001,200,1.5481
0.0043,0.0000,0.0000,0.0003,0.0039,0.0000,200,1.5476
0.0034,0.0000,0.0000,0.0000,0.0034,0.0000,200,1.5488
0.0024,0.0000,0.0000,0.0000,0.0022,0.0002,200,1.5505
0.0122,0.0000,0.0000,0.0000,0.0121,0.0000,200,1.5407
0.0074,0.0000,0.0000,0.0000,0.0073,0.0000,200,1.5459
0.0135,0.0000,0.0000,0.0000,0.0134,0.0000,200,1.5401
0.0173,0.0000,0.0000,0.0000,0.0172,0.0000,200,1.5366
0.0126,0.0000,0.0000,0.0000,0.0125,0.0000,200,1.5419
0.0163,0.0000,0.0000,0.0000,0.0162,0.0000,200,1.5385
0.0265,0.0000,0.0000,0.0000,0.0264,0.0001,200,1.5288
0.0040,0.0000,0.0000,0.0000,0.0038,0.0002,200,1.5515
0.0015,0.0000,0.0000,0.0000,0.0014,0.0000,200,1.5545
0.0065,0.0000,0.0000,0.0003,0.0058,0.0000,200,1.5499
0.0072,0.0000,0.0000,0.0000,0.0071,0.0000,200,1.5495
0.0042,0.0000,0.0000,0.0000,0.0041,0.0000,200,1.5529
0.0161,0.0000,0.0000,0.0000,0.0160,0.0000,200,1.5414
0.0076,0.0000,0.0000,0.0000,0.0074,0.0001,200,1.5504
0.0265,0.0000,0.0000,0.0000,0.0261,0.0002,200,1.5322
0.0211,0.0000,0.0000,0.0000,0.0210,0.0001,200,1.5375
0.0193,0.0000,0.0000,0.0000,0.0190,0.0001,200,1.5397
0.0396,0.0000,0.0000,0.0000,0.0394,0.0000,200,1.5195
0.0189,0.0000,0.0000,0.0000,0.0188,0.0000,200,1.5407
0.0267,0.0000,0.0000,0.0000,0.0266,0.0000,200,1.5332
0.0053,0.0000,0.0000,0.0000,0.0052,0.0001,200,1.5548
0.0632,0.0000,0.0000,0.0000,0.0630,0.0000,200,1.4974
0.0076,0.0000,0.0000,0.0000,0.0075,0.0001,200,1.5533
0.0049,0.0000,0.0000,0.0000,0.0046,0.0003,200,1.5567
0.0121,0.0000,0.0000,0.0000,0.0121,0.0000,200,1.5495
0.0099,0.0000,0.0000,0.0000,0.0097,0.0001,200,1.5523
0.0069,0.0000,0.0000,0.0000,0.0068,0.0000,200,1.5552
0.0334,0.0000,0.0000,0.0000,0.0333,0.0000,200,1.5292
0.0064,0.0000,0.0000,0.0000,0.0063,0.0000,200,1.5565
0.0040,0.0000,0.0000,0.0000,0.0039,0.0000,200,1.5591
0.0040,0.0000,0.0000,0.0000,0.0039,0.0001,200,1.5598
0.0109,0.0000,0.0000,0.0000,0.0106,0.0002,200,1.5529
0.0052,0.0000,0.0000,0.0000,0.0051,0.0000,200,1.5590
0.0064,0.0000,0.0000,0.0000,0.0063,0.0000,200,1.5586
0.0214,0.0000,0.0000,0.0000,0.0213,0.0000,200,1.5436
0.0028,0.0000,0.0000,0.0000,0.0026,0.0001,200,1.5628
0.0523,0.0000,0.0000,0.0000,0.0522,0.0000,200,1.5136
0.0043,0.0000,0.0000,0.0000,0.0042,0.0001,200,1.5621
0.0037,0.0000,0.0000,0.0000,0.0036,0.0000,200,1.5631
0.0061,0.0000,0.0000,0.0000,0.0060,0.0001,200,1.5609
0.0235,0.0000,0.0000,0.0000,0.0233,0.0001,200,1.5439
0.0011,0.0000,0.0000,0.0000,0.0009,0.0002,200,1.5668
0.0064,0.0000,0.0000,0.0000,0.0063,0.0000,200,1.5616
0.0029,0.0000,0.0000,0.0000,0.0028,0.0000,200,1.5656
0.0129,0.0000,0.0000,0.0000,0.0128,0.0001,200,1.5560
0.0185,0.0000,0.0000,0.0000,0.0185,0.0000,200,1.5510
0.0116,0.0000,0.0000,0.0000,0.0115,0.0000,200,1.5580
0.0109,0.0000,0.0000,0.0000,0.0109,0.0000,200,1.5586
0.0146,0.0000,0.0000,0.0000,0.0145,0.0001,200,1.5555
0.0058,0.0000,0.0000,0.0000,0.0056,0.0001,200,1.5659
0.0081,0.0000,0.0000,0.0000,0.0080,0.0000,200,1.5638
0.0022,0.0000,0.0000,0.0000,0.0022,0.0000,200,1.5701
0.0257,0.0000,0.0000,0.0000,0.0256,0.0001,200,1.5470
0.0121,0.0000,0.0000,0.0000,0.0121,0.0000,200,1.5607
0.0053,0.0000,0.0000,0.0000,0.0052,0.0001,200,1.5678
0.0202,0.0000,0.0000,0.0000,0.0199,0.0002,200,1.5539
0.0676,0.0000,0.0000,0.0000,0.0670,0.0005,200,1.5071
0.0121,0.0000,0.0000,0.0000,0.0116,0.0004,200,1.5628
0.0183,0.0000,0.0000,0.0000,0.0182,0.0000,200,1.5571
0.0478,0.0000,0.0000,0.0001,0.0476,0.0000,200,1.5277
0.0025,0.0000,0.0000,0.0007,0.0018,0.0000,200,1.5741
0.0303,0.0000,0.0000,0.0000,0.0299,0.0004,200,1.5466
0.0042,0.0000,0.0000,0.0000,0.0020,0.0022,200,1.5728
0.0106,0.0000,0.0000,0.0000,0.0101,0.0004,200,1.5665
0.0052,0.0000,0.0000,0.0000,0.0047,0.0005,200,1.5719
0.0171,0.0000,0.0000,0.0000,0.0165,0.0006,200,1.5601
0.0158,0.0000,0.0000,0.0000,0.0155,0.0002,200,1.5621
0.0243,0.0000,0.0000,0.0001,0.0241,0.0001,200,1.5536
0.0143,0.0000,0.0000,0.0000,0.0142,0.0000,200,1.5642
0.0017,0.0000,0.0000,0.0000,0.0014,0.0001,200,1.5771
0.0153,0.0000,0.0000,0.0002,0.0151,0.0001,200,1.5638
0.0179,0.0000,0.0000,0.0000,0.0179,0.0000,200,1.5616
0.0126,0.0000,0.0000,0.0000,0.0125,0.0001,200,1.5674
0.0108,0.0000,0.0000,0.0000,0.0106,0.0002,200,1.5696
0.0043,0.0000,0.0000,0.0000,0.0041,0.0001,200,1.5766
0.0020,0.0000,0.0000,0.0000,0.0019,0.0000,200,1.5792
0.0167,0.0000,0.0000,0.0000,0.0166,0.0000,200,1.5650
0.0151,0.0000,0.0000,0.0000,0.0149,0.0000,200,1.5670
0.0046,0.0000,0.0000,0.0000,0.0044,0.0002,200,1.5779
0.0008,0.0000,0.0000,0.0000,0.0007,0.0000,200,1.5817
0.0099,0.0000,0.0000,0.0000,0.0091,0.0000,200,1.5731
0.0066,0.0000,0.0000,0.0001,0.0064,0.0000,200,1.5769
0.0049,0.0000,0.0000,0.0000,0.0048,0.0001,200,1.5788
0.0246,0.0000,0.0000,0.0000,0.0245,0.0001,200,1.5595
0.0377,0.0000,0.0000,0.0000,0.0373,0.0000,200,1.5466
0.0096,0.0000,0.0000,0.0002,0.0093,0.0000,200,1.5754
0.0547,0.0000,0.0000,0.0000,0.0546,0.0001,200,1.5310
0.0054,0.0000,0.0000,0.0001,0.0051,0.0002,200,1.5804
0.0437,0.0000,0.0000,0.0000,0.0435,0.0001,200,1.5424
0.0096,0.0000,0.0000,0.0000,0.0095,0.0000,200,1.5770
0.0101,0.0000,0.0000,0.0000,0.0100,0.0000,200,1.5770
0.0036,0.0000,0.0000,0.0000,0.0035,0.0001,200,1.5837
0.0077,0.0000,0.0000,0.0000,0.0075,0.0001,200,1.5800
0.0058,0.0000,0.0000,0.0000,0.0057,0.0000,200,1.5825
0.0062,0.0000,0.0000,0.0000,0.0058,0.0004,200,1.5822
0.0114,0.0000,0.0000,0.0000,0.0113,0.0000,200,1.5772
0.0198,0.0000,0.0000,0.0000,0.0195,0.0002,200,1.5696
0.0209,0.0000,0.0000,0.0001,0.0206,0.0000,200,1.5685
0.0039,0.0000,0.0000,0.0001,0.0036,0.0000,200,1.5857
0.0324,0.0000,0.0000,0.0000,0.0322,0.0001,200,1.5575
0.0447,0.0000,0.0000,0.0000,0.0447,0.0000,200,1.5453
0.0518,0.0000,0.0000,0.0000,0.0517,0.0001,200,1.5388
0.0064,0.0000,0.0000,0.0000,0.0061,0.0000,200,1.5843
0.0189,0.0000,0.0000,0.0000,0.0188,0.0001,200,1.5724
0.0022,0.0000,0.0000,0.0000,0.0021,0.0000,200,1.5894
0.0124,0.0000,0.0000,0.0000,0.0122,0.0002,200,1.5795
0.0017,0.0000,0.0000,0.0000,0.0016,0.0001,200,1.5907
0.0059,0.0000,0.0000,0.0000,0.0058,0.0000,200,1.5866
0.0200,0.0000,0.0000,0.0000,0.0199,0.0001,200,1.5727
0.0250,0.0000,0.0000,0.0000,0.0250,0.0000,200,1.5680
0.0038,0.0000,0.0000,0.0000,0.0034,0.0000,200,1.5896
0.0103,0.0000,0.0000,0.0000,0.0102,0.0000,200,1.5835
0.0059,0.0000,0.0000,0.0000,0.0058,0.0000,200,1.5884
0.0249,0.0000,0.0000,0.0002,0.0246,0.0000,200,1.5696
0.0198,0.0000,0.0000,0.0013,0.0181,0.0004,200,1.5756
0.0054,0.0000,0.0000,0.0000,0.0053,0.0001,200,1.5900
0.0107,0.0000,0.0000,0.0000,0.0105,0.0001,200,1.5850
0.0067,0.0000,0.0000,0.0000,0.0066,0.0001,200,1.5894
0.0019,0.0000,0.0000,0.0000,0.0018,0.0000,200,1.5945
0.0183,0.0000,0.0000,0.0000,0.0182,0.0000,200,1.5785
0.0041,0.0000,0.0000,0.0000,0.0040,0.0000,200,1.5930
0.0196,0.0000,0.0000,0.0000,0.0195,0.0000,200,1.5779
0.0026,0.0000,0.0000,0.0003,0.0022,0.0001,200,1.5954
0.0520,0.0000,0.0000,0.0000,0.0519,0.0000,200,1.5461
0.0113,0.0000,0.0000,0.0000,0.0112,0.0001,200,1.5873
0.0014,0.0000,0.0000,0.0000,0.0013,0.0000,200,1.5975
0.0077,0.0000,0.0000,0.0000,0.0077,0.0000,200,1.5913
0.0125,0.0000,0.0000,0.0000,0.0124,0.0000,200,1.5871
0.0069,0.0000,0.0000,0.0000,0.0068,0.0000,200,1.5928
0.0126,0.0000,0.0000,0.0000,0.0124,0.0002,200,1.5877
0.0067,0.0000,0.0000,0.0000,0.0066,0.0000,200,1.5938
0.0048,0.0000,0.0000,0.0000,0.0047,0.0001,200,1.5956
0.0261,0.0000,0.0000,0.0000,0.0260,0.0001,200,1.5748
0.0151,0.0000,0.0000,0.0000,0.0150,0.0001,200,1.5862
0.0036,0.0000,0.0000,0.0000,0.0035,0.0000,200,1.5980
0.0031,0.0000,0.0000,0.0000,0.0030,0.0000,200,1.5989
0.0067,0.0000,0.0000,0.0000,0.0067,0.0000,200,1.5986
0.0129,0.0000,0.0000,0.0000,0.0128,0.0000,200,1.5925
0.0197,0.0000,0.0000,0.0002,0.0194,0.0000,200,1.5858
0.0093,0.0000,0.0000,0.0000,0.0093,0.0000,200,1.5961
0.0074,0.0000,0.0000,0.0003,0.0068,0.0002,200,1.5981
0.0159,0.0000,0.0000,0.0000,0.0148,0.0011,200,1.5907
0.0180,0.0000,0.0000,0.0000,0.0179,0.0000,200,1.5887
0.0125,0.0000,0.0000,0.0000,0.0124,0.0000,200,1.5942
0.0148,0.0000,0.0000,0.0000,0.0147,0.0000,200,1.5920
0.0185,0.0000,0.0000,0.0000,0.0185,0.0000,200,1.5883
0.0319,0.0000,0.0000,0.0000,0.0318,0.0000,200,1.5749
0.0134,0.0000,0.0000,0.0000,0.0134,0.0000,200,1.5934
0.0060,0.0000,0.0000,0.0000,0.0059,0.0000,200,1.6009
0.0261,0.0000,0.0000,0.0000,0.0260,0.0000,200,1.5809
0.0258,0.0000,0.0000,0.0000,0.0255,0.0002,200,1.5812
0.0057,0.0000,0.0000,0.0000,0.0056,0.0000,200,1.6013
0.0074,0.0000,0.0000,0.0000,0.0073,0.0000,200,1.5996
0.0099,0.0000,0.0000,0.0000,0.0099,0.0000,200,1.5971
0.0103,0.0000,0.0000,0.0000,0.0102,0.0000,200,1.5968
0.0354,0.0000,0.0000,0.0000,0.0353,0.0000,200,1.5717
0.0155,0.0000,0.0000,0.0000,0.0155,0.0000,200,1.5916
0.0118,0.0000,0.0000,0.0000,0.0117,0.0000,200,1.5953
0.0082,0.0000,0.0000,0.0000,0.0076,0.0000,200,1.5990
0.0243,0.0000,0.0000,0.0000,0.0242,0.0000,200,1.5830
0.0248,0.0000,0.0000,0.0000,0.0248,0.0000,200,1.5825
0.0174,0.0000,0.0000,0.0000,0.0173,0.0000,200,1.5899
0.0071,0.0000,0.0000,0.0001,0.0069,0.0000,200,1.6003
0.0058,0.0000,0.0000,0.0000,0.0057,0.0000,200,1.6016
0.0070,0.0000,0.0000,0.0000,0.0069,0.0000,200,1.6004
0.0233,0.0000,0.0000,0.0001,0.0231,0.0000,200,1.5842
0.0424,0.0000,0.0000,0.0000,0.0424,0.0000,200,1.5650
0.0151,0.0000,0.0000,0.0000,0.0144,0.0007,200,1.5924
0.0055,0.0000,0.0000,0.0000,0.0051,0.0003,200,1.6020
0.0029,0.0000,0.0000,0.0000,0.0029,0.0000,200,1.6055
0.0015,0.0000,0.0000,0.0000,0.0015,0.0000,200,1.6074
0.0039,0.0000,0.0000,0.0000,0.0038,0.0001,200,1.6054
0.0026,0.0000,0.0000,0.0001,0.0024,0.0000,200,1.6068
0.0027,0.0000,0.0000,0.0000,0.0026,0.0001,200,1.6070
0.0033,0.0000,0.0000,0.0000,0.0033,0.0000,200,1.6067
0.0010,0.0000,0.0000,0.0001,0.0009,0.0000,200,1.6093
0.0039,0.0000,0.0000,0.0000,0.0038,0.0001,200,1.6070
0.0038,0.0000,0.0000,0.0000,0.0037,0.0001,200,1.6071
0.0044,0.0000,0.0000,0.0000,0.0039,0.0005,200,1.6071
0.0044,0.0000,0.0000,0.0000,0.0044,0.0000,200,1.6074
0.0066,0.0000,0.0000,0.0000,0.0065,0.0000,200,1.6054
0.0053,0.0000,0.0000,0.0000,0.0052,0.0001,200,1.6067
0.0056,0.0000,0.0000,0.0000,0.0056,0.0000,200,1.6068
0.0064,0.0000,0.0000,0.0000,0.0061,0.0003,200,1.6068
0.0037,0.0000,0.0000,0.0000,0.0036,0.0000,200,1.6103
0.0065,0.0000,0.0000,0.0000,0.0065,0.0000,200,1.6075
0.0069,0.0000,0.0000,0.0000,0.0067,0.0002,200,1.6072
0.0076,0.0000,0.0000,0.0000,0.0075,0.0000,200,1.6069
0.0025,0.0000,0.0000,0.0000,0.0024,0.0001,200,1.6120
0.0073,0.0000,0.0000,0.0000,0.0072,0.0000,200,1.6073
0.0095,0.0000,0.0000,0.0000,0.0093,0.0002,200,1.6055
0.0060,0.0000,0.0000,0.0000,0.0057,0.0003,200,1.6093
0.0009,0.0000,0.0000,0.0000,0.0008,0.0000,200,1.6145
0.0042,0.0000,0.0000,0.0000,0.0042,0.0000,200,1.6115
0.0026,0.0000,0.0000,0.0001,0.0024,0.0000,200,1.6132
0.0053,0.0000,0.0000,0.0000,0.0050,0.0002,200,1.6109
0.0050,0.0000,0.0000,0.0000,0.0048,0.0002,200,1.6118
0.0070,0.0000,0.0000,0.0000,0.0069,0.0000,200,1.6100
0.0029,0.0000,0.0000,0.0002,0.0027,0.0000,200,1.6146
0.0081,0.0000,0.0000,0.0000,0.0080,0.0000,200,1.6096
0.0063,0.0000,0.0000,0.0000,0.0062,0.0001,200,1.6120
0.0116,0.0000,0.0000,0.0000,0.0115,0.0001,200,1.6070
0.0051,0.0000,0.0000,0.0001,0.0050,0.0000,200,1.6140
0.0047,0.0000,0.0000,0.0000,0.0046,0.0001,200,1.6144
0.0040,0.0000,0.0000,0.0000,0.0038,0.0001,200,1.6157
0.0026,0.0000,0.0000,0.0000,0.0025,0.0000,200,1.6175
0.0129,0.0000,0.0000,0.0000,0.0127,0.0002,200,1.6074
0.0025,0.0000,0.0000,0.0000,0.0024,0.0000,200,1.6182
0.0057,0.0000,0.0000,0.0000,0.0056,0.0001,200,1.6154
0.0104,0.0000,0.0000,0.0000,0.0104,0.0000,200,1.6109
0.0057,0.0000,0.0000,0.0000,0.0057,0.0000,200,1.6158
0.0061,0.0000,0.0000,0.0000,0.0058,0.0002,200,1.6162
0.0084,0.0000,0.0000,0.0004,0.0080,0.0000,200,1.6140
0.0041,0.0000,0.0000,0.0000,0.0039,0.0002,200,1.6191
0.0179,0.0000,0.0000,0.0000,0.0177,0.0002,200,1.6056
0.0153,0.0000,0.0000,0.0000,0.0152,0.0000,200,1.6085
0.0153,0.0000,0.0000,0.0000,0.0152,0.0001,200,1.6089
0.0070,0.0000,0.0000,0.0000,0.0069,0.0000,200,1.6177
0.0013,0.0000,0.0000,0.0000,0.0012,0.0001,200,1.6237
0.0086,0.0000,0.0000,0.0001,0.0083,0.0002,200,1.6169
0.0047,0.0000,0.0000,0.0000,0.0044,0.0000,200,1.6210
0.0015,0.0000,0.0000,0.0000,0.0014,0.0000,200,1.6247
0.0050,0.0000,0.0000,0.0000,0.0049,0.0001,200,1.6215
0.0013,0.0000,0.0000,0.0001,0.0010,0.0001,200,1.6255
0.0199,0.0000,0.0000,0.0000,0.0196,0.0002,200,1.6075
0.0073,0.0000,0.0000,0.0000,0.0071,0.0001,200,1.6204
0.0210,0.0000,0.0000,0.0000,0.0210,0.0000,200,1.6069
0.0020,0.0000,0.0000,0.0000,0.0019,0.0000,200,1.6259
0.0087,0.0000,0.0000,0.0000,0.0086,0.0000,200,1.6197
0.0089,0.0000,0.0000,0.0000,0.0088,0.0001,200,1.6201
0.0015,0.0000,0.0000,0.0000,0.0014,0.0000,200,1.6276
0.0102,0.0000,0.0000,0.0000,0.0101,0.0000,200,1.6191
0.0018,0.0000,0.0000,0.0000,0.0017,0.0001,200,1.6279
0.0020,0.0000,0.0000,0.0000,0.0019,0.0001,200,1.6279
0.0232,0.0000,0.0000,0.0000,0.0231,0.0000,200,1.6072
0.0136,0.0000,0.0000,0.0000,0.0135,0.0001,200,1.6170
0.0241,0.0000,0.0000,0.0000,0.0240,0.0001,200,1.6069
0.0240,0.0000,0.0000,0.0000,0.0238,0.0002,200,1.6073
0.0019,0.0000,0.0000,0.0000,0.0018,0.0001,200,1.6297
0.0098,0.0000,0.0000,0.0000,0.0097,0.0001,200,1.6224
0.0058,0.0000,0.0000,0.0000,0.0057,0.0000,200,1.6268
0.0011,0.0000,0.0000,0.0000,0.0010,0.0000,200,1.6322
0.0027,0.0000,0.0000,0.0000,0.0026,0.0000,200,1.6306
0.0045,0.0000,0.0000,0.0001,0.0040,0.0004,200,1.6289
0.0052,0.0000,0.0000,0.0000,0.0051,0.0000,200,1.6284
0.0204,0.0000,0.0000,0.0000,0.0203,0.0001,200,1.6141
0.0112,0.0000,0.0000,0.0000,0.0111,0.0000,200,1.6235
0.0073,0.0000,0.0000,0.0000,0.0072,0.0000,200,1.6273
0.0127,0.0000,0.0000,0.0001,0.0125,0.0000,200,1.6223
0.0091,0.0000,0.0000,0.0000,0.0091,0.0000,200,1.6261
0.0042,0.0000,0.0000,0.0000,0.0041,0.0000,200,1.6313
0.0286,0.0000,0.0000,0.0000,0.0285,0.0000,200,1.6074
0.0029,0.0000,0.0000,0.0000,0.0028,0.0001,200,1.6335
0.0246,0.0000,0.0000,0.0000,0.0246,0.0000,200,1.6124
0.0074,0.0000,0.0000,0.0000,0.0071,0.0001,200,1.6299
0.0031,0.0000,0.0000,0.0000,0.0031,0.0000,200,1.6347
0.0036,0.0000,0.0000,0.0000,0.0035,0.0000,200,1.6346
0.0018,0.0000,0.0000,0.0000,0.0017,0.0000,200,1.6364
0.0049,0.0000,0.0000,0.0000,0.0046,0.0001,200,1.6335
0.0015,0.0000,0.0000,0.0000,0.0015,0.0000,200,1.6374
0.0048,0.0000,0.0000,0.0000,0.0047,0.0002,200,1.6345
0.0041,0.0000,0.0000,0.0000,0.0041,0.0000,200,1.6353
0.0028,0.0000,0.0000,0.0000,0.0027,0.0001,200,1.6371
0.0191,0.0000,0.0000,0.0002,0.0189,0.0001,200,1.6213
0.0074,0.0000,0.0000,0.0000,0.0073,0.0000,200,1.6333
0.0030,0.0000,0.0000,0.0000,0.0029,0.0000,200,1.6378
0.0088,0.0000,0.0000,0.0000,0.0080,0.0004,200,1.6326
0.0100,0.0000,0.0000,0.0000,0.0099,0.0000,200,1.6316
0.0030,0.0000,0.0000,0.0000,0.0029,0.0000,200,1.6389
0.0029,0.0000,0.0000,0.0000,0.0028,0.0001,200,1.6394
0.0167,0.0000,0.0000,0.0000,0.0162,0.0005,200,1.6265
0.0359,0.0000,0.0000,0.0000,0.0358,0.0000,200,1.6074
0.0015,0.0000,0.0000,0.0000,0.0014,0.0000,200,1.6419
0.0141,0.0000,0.0000,0.0000,0.0140,0.0000,200,1.6293
0.0255,0.0000,0.0000,0.0000,0.0254,0.0001,200,1.6186
0.0081,0.0000,0.0000,0.0000,0.0079,0.0001,200,1.6360
0.0203,0.0000,0.0000,0.0000,0.0202,0.0001,200,1.6242
0.0057,0.0000,0.0000,0.0000,0.0052,0.0001,200,1.6394
0.0052,0.0000,0.0000,0.0000,0.0051,0.0001,200,1.6399
0.0386,0.0000,0.0000,0.0000,0.0385,0.0000,200,1.6069
0.0027,0.0000,0.0000,0.0000,0.0026,0.0001,200,1.6432
0.0082,0.0000,0.0000,0.0000,0.0080,0.0001,200,1.6382
0.0262,0.0000,0.0000,0.0000,0.0261,0.0000,200,1.6207
0.0067,0.0000,0.0000,0.0000,0.0065,0.0001,200,1.6405
0.0033,0.0000,0.0000,0.0000,0.0032,0.0001,200,1.6441
0.0071,0.0000,0.0000,0.0000,0.0070,0.0000,200,1.6407
0.0036,0.0000,0.0000,0.0000,0.0035,0.0001,200,1.6445
0.0015,0.0000,0.0000,0.0000,0.0014,0.0000,200,1.6469
0.0017,0.0000,0.0000,0.0001,0.0015,0.0000,200,1.6472
0.0058,0.0000,0.0000,0.0000,0.0057,0.0001,200,1.6434
0.0080,0.0000,0.0000,0.0000,0.0080,0.0000,200,1.6416
0.0067,0.0000,0.0000,0.0000,0.0066,0.0001,200,1.6433
0.0014,0.0000,0.0000,0.0000,0.0013,0.0000,200,1.6489
0.0044,0.0000,0.0000,0.0000,0.0042,0.0002,200,1.6464
0.0061,0.0000,0.0000,0.0000,0.0060,0.0000,200,1.6451
0.0184,0.0000,0.0000,0.0000,0.0183,0.0001,200,1.6333
0.0270,0.0000,0.0000,0.0000,0.0269,0.0000,200,1.6251
0.0043,0.0000,0.0000,0.0000,0.0042,0.0000,200,1.6484
0.0069,0.0000,0.0000,0.0000,0.0068,0.0001,200,1.6459
0.0037,0.0000,0.0000,0.0001,0.0035,0.0001,200,1.6497
0.0183,0.0000,0.0000,0.0000,0.0183,0.0000,200,1.6356
0.0037,0.0000,0.0000,0.0000,0.0034,0.0000,200,1.6503
0.0132,0.0000,0.0000,0.0000,0.0130,0.0001,200,1.6408
0.0090,0.0000,0.0000,0.0000,0.0089,0.0000,200,1.6450
0.0028,0.0000,0.0000,0.0000,0.0026,0.0001,200,1.6517
0.0239,0.0000,0.0000,0.0000,0.0238,0.0000,200,1.6310
0.0028,0.0000,0.0000,0.0000,0.0027,0.0000,200,1.6521
0.0012,0.0000,0.0000,0.0000,0.0011,0.0000,200,1.6540
0.0130,0.0000,0.0000,0.0000,0.0129,0.0000,200,1.6422
0.0065,0.0000,0.0000,0.0000,0.0060,0.0000,200,1.6492
0.0172,0.0000,0.0000,0.0000,0.0171,0.0000,200,1.6385
0.0128,0.0000,0.0000,0.0000,0.0127,0.0001,200,1.6434
0.0094,0.0000,0.0000,0.0000,0.0092,0.0002,200,1.6474
0.0013,0.0000,0.0000,0.0000,0.0012,0.0001,200,1.6557
0.0073,0.0000,0.0000,0.0000,0.0072,0.0001,200,1.6500
0.0022,0.0000,0.0000,0.0000,0.0021,0.0000,200,1.6552
0.0163,0.0000,0.0000,0.0000,0.0162,0.0001,200,1.6414
0.0025,0.0000,0.0000,0.0000,0.0024,0.0000,200,1.6557
0.0101,0.0000,0.0000,0.0001,0.0096,0.0003,200,1.6481
0.0014,0.0000,0.0000,0.0000,0.0012,0.0002,200,1.6573
0.0049,0.0000,0.0000,0.0000,0.0048,0.0000,200,1.6545
0.0045,0.0000,0.0000,0.0000,0.0043,0.0002,200,1.6552
0.0089,0.0000,0.0000,0.0002,0.0085,0.0000,200,1.6508
0.0072,0.0000,0.0000,0.0000,0.0070,0.0002,200,1.6528
0.0067,0.0000,0.0000,0.0000,0.0060,0.0000,200,1.6533
0.0066,0.0000,0.0000,0.0000,0.0065,0.0001,200,1.6540
0.0033,0.0000,0.0000,0.0001,0.0032,0.0000,200,1.6577
0.0046,0.0000,0.0000,0.0000,0.0044,0.0001,200,1.6574
0.0054,0.0000,0.0000,0.0000,0.0053,0.0000,200,1.6569
0.0065,0.0000,0.0000,0.0000,0.0065,0.0000,200,1.6562
0.0038,0.0000,0.0000,0.0000,0.0034,0.0003,200,1.6597
0.0105,0.0000,0.0000,0.0000,0.0102,0.0002,200,1.6539
0.0057,0.0000,0.0000,0.0000,0.0057,0.0001,200,1.6588
0.0264,0.0000,0.0000,0.0001,0.0262,0.0000,200,1.6382
0.0101,0.0000,0.0000,0.0000,0.0101,0.0001,200,1.6549
0.0019,0.0000,0.0000,0.0000,0.0019,0.0000,200,1.6634
0.0029,0.0000,0.0000,0.0000,0.0028,0.0000,200,1.6627
0.0048,0.0000,0.0000,0.0000,0.0048,0.0000,200,1.6611
0.0044,0.0000,0.0000,0.0000,0.0042,0.0001,200,1.6619
0.0122,0.0000,0.0000,0.0000,0.0122,0.0000,200,1.6549
0.0024,0.0000,0.0000,0.0000,0.0013,0.0011,200,1.6659
0.0084,0.0000,0.0000,0.0000,0.0082,0.0001,200,1.6601
0.0148,0.0000,0.0000,0.0000,0.0147,0.0000,200,1.6539
0.0054,0.0000,0.0000,0.0000,0.0054,0.0000,200,1.6646
0.0223,0.0000,0.0000,0.0000,0.0222,0.0000,200,1.6477
0.0100,0.0000,0.0000,0.0000,0.0099,0.0000,200,1.6600
0.0119,0.0000,0.0000,0.0002,0.0117,0.0000,200,1.6582
0.0047,0.0000,0.0000,0.0000,0.0047,0.0000,200,1.6654
0.0246,0.0000,0.0000,0.0000,0.0245,0.0000,200,1.6455
0.0024,0.0000,0.0000,0.0000,0.0023,0.0001,200,1.6687
0.0114,0.0000,0.0000,0.0000,0.0112,0.0001,200,1.6605
0.0018,0.0000,0.0000,0.0000,0.0015,0.0000,200,1.6711
0.0029,0.0000,0.0000,0.0000,0.0029,0.0000,200,1.6700
0.0133,0.0000,0.0000,0.0000,0.0133,0.0000,200,1.6597
0.0089,0.0000,0.0000,0.0000,0.0089,0.0000,200,1.6645
0.0159,0.0000,0.0000,0.0000,0.0158,0.0001,200,1.6582
0.0015,0.0000,0.0000,0.0005,0.0010,0.0001,200,1.6731
0.0048,0.0000,0.0000,0.0000,0.0047,0.0001,200,1.6700
0.0068,0.0000,0.0000,0.0000,0.0067,0.0000,200,1.6683
0.0023,0.0000,0.0000,0.0000,0.0023,0.0000,200,1.6729
0.0129,0.0000,0.0000,0.0000,0.0129,0.0000,200,1.6623
0.0056,0.0000,0.0000,0.0006,0.0048,0.0002,200,1.6701
0.0016,0.0000,0.0000,0.0000,0.0015,0.0000,200,1.6748
0.0034,0.0000,0.0000,0.0000,0.0033,0.0001,200,1.6735
0.0084,0.0000,0.0000,0.0000,0.0084,0.0000,200,1.6685
0.0130,0.0000,0.0000,0.0000,0.0128,0.0001,200,1.6644
0.0010,0.0000,0.0000,0.0000,0.0009,0.0000,200,1.6764
0.0107,0.0000,0.0000,0.0000,0.0106,0.0000,200,1.6672
0.0130,0.0000,0.0000,0.0000,0.0129,0.0000,200,1.6651
0.0030,0.0000,0.0000,0.0000,0.0029,0.0000,200,1.6751
0.0084,0.0000,0.0000,0.0007,0.0076,0.0001,200,1.6701
0.0030,0.0000,0.0000,0.0002,0.0027,0.0000,200,1.6757
0.0086,0.0000,0.0000,0.0000,0.0086,0.0000,200,1.6700
0.0011,0.0000,0.0000,0.0000,0.0010,0.0001,200,1.6781
0.0015,0.0000,0.0000,0.0000,0.0014,0.0001,200,1.6781
0.0025,0.0000,0.0000,0.0000,0.0024,0.0000,200,1.6773
0.0057,0.0000,0.0000,0.0000,0.0056,0.0000,200,1.6741
0.0147,0.0000,0.0000,0.0000,0.0146,0.0000,200,1.6657
0.0052,0.0000,0.0000,0.0000,0.0051,0.0000,200,1.6753
0.0063,0.0000,0.0000,0.0000,0.0063,0.0000,200,1.6746
0.0043,0.0000,0.0000,0.0000,0.0042,0.0001,200,1.6769
0.0026,0.0000,0.0000,0.0000,0.0025,0.0001,200,1.6792
0.0024,0.0000,0.0000,0.0000,0.0019,0.0001,200,1.6798
0.0071,0.0000,0.0000,0.0000,0.0070,0.0000,200,1.6753
0.0023,0.0000,0.0000,0.0000,0.0022,0.0000,200,1.6804
0.0037,0.0000,0.0000,0.0000,0.0036,0.0001,200,1.6796
0.0022,0.0000,0.0000,0.0000,0.0021,0.0000,200,1.6812
0.0031,0.0000,0.0000,0.0000,0.0030,0.0000,200,1.6809
0.0274,0.0000,0.0000,0.0000,0.0272,0.0001,200,1.6569
0.0065,0.0000,0.0000,0.0003,0.0062,0.0000,200,1.6779
0.0020,0.0000,0.0000,0.0000,0.0019,0.0000,200,1.6827
0.0016,0.0000,0.0000,0.0000,0.0015,0.0000,200,1.6834
0.0009,0.0000,0.0000,0.0000,0.0008,0.0001,200,1.6842
0.0069,0.0000,0.0000,0.0000,0.0067,0.0001,200,1.6785
0.0053,0.0000,0.0000,0.0000,0.0053,0.0000,200,1.6805
0.0093,0.0000,0.0000,0.0000,0.0092,0.0000,200,1.6769
0.0145,0.0000,0.0000,0.0002,0.0142,0.0000,200,1.6719
0.0017,0.0000,0.0000,0.0000,0.0017,0.0000,200,1.6850
0.0016,0.0000,0.0000,0.0004,0.0012,0.0000,200,1.6854
0.0060,0.0000,0.0000,0.0000,0.0053,0.0007,200,1.6822
0.0060,0.0000,0.0000,0.0000,0.0059,0.0000,200,1.6823
0.0015,0.0000,0.0000,0.0000,0.0012,0.0002,200,1.6870
0.0027,0.0000,0.0000,0.0000,0.0027,0.0000,200,1.6858
0.0087,0.0000,0.0000,0.0003,0.0084,0.0000,200,1.6798
0.0112,0.0000,0.0000,0.0000,0.0110,0.0002,200,1.6774
0.0024,0.0000,0.0000,0.0000,0.0023,0.0000,200,1.6867
0.0011,0.0000,0.0000,0.0000,0.0010,0.0001,200,1.6883
0.0013,0.0000,0.0000,0.0000,0.0012,0.0000,200,1.6885
0.0056,0.0000,0.0000,0.0000,0.0055,0.0001,200,1.6847
0.0040,0.0000,0.0000,0.0000,0.0039,0.0001,200,1.6864
0.0019,0.0000,0.0000,0.0000,0.0017,0.0001,200,1.6891
0.0017,0.0000,0.0000,0.0000,0.0016,0.0000,200,1.6895
0.0033,0.0000,0.0000,0.0000,0.0031,0.0002,200,1.6883
0.0031,0.0000,0.0000,0.0002,0.0028,0.0000,200,1.6885
0.0135,0.0000,0.0000,0.0000,0.0134,0.0001,200,1.6787
0.0031,0.0000,0.0000,0.0000,0.0030,0.0000,200,1.6899
0.0045,0.0000,0.0000,0.0000,0.0044,0.0000,200,1.6886
0.0016,0.0000,0.0000,0.0000,0.0010,0.0006,200,1.6916
0.0016,0.0000,0.0000,0.0000,0.0010,0.0006,200,1.6916
0.0029,0.0000,0.0000,0.0000,0.0027,0.0001,200,1.6904
0.0084,0.0000,0.0000,0.0000,0.0083,0.0002,200,1.6851
0.0025,0.0000,0.0000,0.0000,0.0022,0.0000,200,1.6913
0.0009,0.0000,0.0000,0.0000,0.0009,0.0000,200,1.6933
0.0013,0.0000,0.0000,0.0000,0.0012,0.0001,200,1.6933
0.0016,0.0000,0.0000,0.0000,0.0013,0.0002,200,1.6930
0.0028,0.0000,0.0000,0.0000,0.0026,0.0001,200,1.6922
0.0019,0.0000,0.0000,0.0000,0.0018,0.0001,200,1.6936
0.0021,0.0000,0.0000,0.0000,0.0019,0.0000,200,1.6937
0.0051,0.0000,0.0000,0.0000,0.0047,0.0000,200,1.6910
0.0015,0.0000,0.0000,0.0000,0.0013,0.0001,200,1.6949
0.0064,0.0000,0.0000,0.0000,0.0064,0.0000,200,1.6902
0.0028,0.0000,0.0000,0.0000,0.0028,0.0000,200,1.6942
0.0020,0.0000,0.0000,0.0000,0.0019,0.0000,200,1.6955
0.0011,0.0000,0.0000,0.0000,0.0010,0.0000,200,1.6967
0.0011,0.0000,0.0000,0.0000,0.0010,0.0000,200,1.6971
0.0026,0.0000,0.0000,0.0000,0.0024,0.0001,200,1.6958
0.0039,0.0000,0.0000,0.0000,0.0037,0.0000,200,1.6946
0.0055,0.0000,0.0000,0.0000,0.0054,0.0000,200,1.6932
0.0007,0.0000,0.0000,0.0000,0.0006,0.0000,200,1.6984
0.0037,0.0000,0.0000,0.0000,0.0035,0.0001,200,1.6960
0.0016,0.0000,0.0000,0.0000,0.0015,0.0001,200,1.6981
0.0014,0.0000,0.0000,0.0000,0.0013,0.0001,200,1.6985
0.0008,0.0000,0.0000,0.0000,0.0007,0.0001,200,1.6997
0.0059,0.0000,0.0000,0.0000,0.0058,0.0000,200,1.6947
0.0009,0.0000,0.0000,0.0000,0.0008,0.0000,200,1.6997
0.0034,0.0000,0.0000,0.0000,0.0034,0.0000,200,1.6975
0.0005,0.0000,0.0000,0.0000,0.0005,0.0000,200,1.7005
0.0009,0.0000,0.0000,0.0000,0.0008,0.0000,200,1.7005
0.0011,0.0000,0.0000,0.0003,0.0007,0.0000,200,1.7006
0.0011,0.0000,0.0000,0.0000,0.0011,0.0000,200,1.7009
0.0009,0.0000,0.0000,0.0000,0.0009,0.0000,200,1.7014
0.0014,0.0000,0.0000,0.0000,0.0013,0.0000,200,1.7010
0.0040,0.0000,0.0000,0.0000,0.0037,0.0002,200,1.6991
0.0015,0.0000,0.0000,0.0000,0.0014,0.0000,200,1.7017
0.0013,0.0000,0.0000,0.0000,0.0012,0.0001,200,1.7021
0.0015,0.0000,0.0000,0.0000,0.0014,0.0000,200,1.7024
0.0012,0.0000,0.0000,0.0000,0.0012,0.0001,200,1.7031
0.0016,0.0000,0.0000,0.0000,0.0015,0.0001,200,1.7031
0.0015,0.0000,0.0000,0.0000,0.0014,0.0000,200,1.7034
0.0015,0.0000,0.0000,0.0000,0.0015,0.0000,200,1.7038
0.0014,0.0000,0.0000,0.0000,0.0013,0.0001,200,1.7043
0.0016,0.0000,0.0000,0.0000,0.0012,0.0002,200,1.7049
0.0019,0.0000,0.0000,0.0000,0.0017,0.0002,200,1.7047
0.0009,0.0000,0.0000,0.0000,0.0009,0.0000,200,1.7057
0.0007,0.0000,0.0000,0.0000,0.0006,0.0000,200,1.7065
0.0008,0.0000,0.0000,0.0000,0.0007,0.0001,200,1.7066
0.0008,0.0000,0.0000,0.0000,0.0005,0.0002,200,1.7072
0.0005,0.0000,0.0000,0.0000,0.0004,0.0001,200,1.7079
0.0005,0.0000,0.0000,0.0000,0.0004,0.0000,200,1.7084
0.0006,0.0000,0.0000,0.0000,0.0005,0.0001,200,1.7089
0.0005,0.0000,0.0000,0.0000,0.0004,0.0001,200,1.7095
