response-time,DNS+dialup,DNS,Request-write,Response-delay,Response-read,status-code,offset
0.0066,0.0025,0.0000,0.0021,0.0011,0.0008,200,0.0160
0.0165,0.0061,0.0000,0.0029,0.0023,0.0000,200,0.0065
0.0079,0.0050,0.0000,0.0001,0.0026,0.0001,200,0.0159
0.0127,0.0067,0.0000,0.0011,0.0043,0.0002,200,0.0115
0.0079,0.0014,0.0000,0.0028,0.0035,0.0001,200,0.0165
0.0088,0.0024,0.0000,0.0022,0.0041,0.0000,200,0.0162
0.0187,0.0049,0.0000,0.0001,0.0044,0.0000,200,0.0067
0.0139,0.0087,0.0000,0.0002,0.0049,0.0001,200,0.0128
0.0127,0.0077,0.0000,0.0001,0.0048,0.0000,200,0.0158
0.0132,0.0077,0.0000,0.0001,0.0051,0.0002,200,0.0157
0.0129,0.0020,0.0000,0.0030,0.0079,0.0000,200,0.0160
0.0181,0.0000,0.0000,0.0000,0.0029,0.0000,200,0.0118
0.0147,0.0074,0.0000,0.0043,0.0030,0.0001,200,0.0155
0.0026,0.0000,0.0000,0.0000,0.0021,0.0005,200,0.0298
0.0023,0.0000,0.0000,0.0000,0.0022,0.0000,200,0.0303
0.0212,0.0012,0.0000,0.0030,0.0053,0.0000,200,0.0114
0.0077,0.0000,0.0000,0.0023,0.0023,0.0001,200,0.0249
0.0201,0.0101,0.0000,0.0042,0.0056,0.0001,200,0.0127
0.0213,0.0000,0.0000,0.0022,0.0025,0.0001,200,0.0115
0.0061,0.0000,0.0000,0.0002,0.0041,0.0000,200,0.0267
0.0202,0.0000,0.0000,0.0000,0.0056,0.0000,200,0.0127
0.0222,0.0021,0.0000,0.0022,0.0033,0.0004,200,0.0115
0.0096,0.0000,0.0000,0.0022,0.0037,0.0000,200,0.0241
0.0061,0.0000,0.0000,0.0000,0.0060,0.0001,200,0.0285
0.0096,0.0025,0.0000,0.0003,0.0067,0.0000,200,0.0254
0.0026,0.0000,0.0000,0.0000,0.0023,0.0002,200,0.0324
0.0206,0.0077,0.0000,0.0042,0.0086,0.0000,200,0.0155
0.0033,0.0000,0.0000,0.0000,0.0032,0.0001,200,0.0328
0.0247,0.0015,0.0000,0.0001,0.0078,0.0000,200,0.0115
0.0073,0.0000,0.0000,0.0000,0.0072,0.0001,200,0.0289
0.0200,0.0000,0.0000,0.0000,0.0069,0.0001,200,0.0165
0.0043,0.0000,0.0000,0.0000,0.0041,0.0002,200,0.0328
0.0221,0.0000,0.0000,0.0045,0.0076,0.0004,200,0.0155
0.0049,0.0000,0.0000,0.0000,0.0048,0.0000,200,0.0326
0.0320,0.0000,0.0000,0.0014,0.0095,0.0003,200,0.0061
0.0268,0.0051,0.0000,0.0045,0.0087,0.0000,200,0.0113
0.0050,0.0000,0.0000,0.0000,0.0049,0.0000,200,0.0337
0.0277,0.0021,0.0000,0.0043,0.0097,0.0000,200,0.0112
0.0325,0.0000,0.0000,0.0013,0.0113,0.0001,200,0.0069
0.0284,0.0000,0.0000,0.0000,0.0125,0.0000,200,0.0115
0.0232,0.0080,0.0000,0.0030,0.0122,0.0000,200,0.0167
0.0295,0.0084,0.0000,0.0027,0.0108,0.0002,200,0.0112
0.0280,0.0112,0.0000,0.0034,0.0132,0.0000,200,0.0127
0.0180,0.0017,0.0000,0.0043,0.0119,0.0000,200,0.0230
0.0090,0.0000,0.0000,0.0000,0.0087,0.0002,200,0.0326
0.0304,0.0000,0.0000,0.0000,0.0137,0.0000,200,0.0113
0.0056,0.0000,0.0000,0.0000,0.0055,0.0000,200,0.0362
0.0245,0.0000,0.0000,0.0012,0.0144,0.0000,200,0.0177
0.0315,0.0064,0.0000,0.0044,0.0130,0.0000,200,0.0112
0.0082,0.0000,0.0000,0.0000,0.0080,0.0000,200,0.0346
0.0032,0.0000,0.0000,0.0000,0.0031,0.0000,200,0.0399
0.0325,0.0057,0.0000,0.0044,0.0142,0.0001,200,0.0112
0.0212,0.0026,0.0000,0.0046,0.0138,0.0001,200,0.0226
0.0088,0.0000,0.0000,0.0000,0.0088,0.0000,200,0.0361
0.0021,0.0000,0.0000,0.0000,0.0020,0.0000,200,0.0428
0.0062,0.0000,0.0000,0.0000,0.0061,0.0000,200,0.0389
0.0052,0.0000,0.0000,0.0002,0.0049,0.0000,200,0.0399
0.0072,0.0000,0.0000,0.0000,0.0070,0.0001,200,0.0381
0.0347,0.0000,0.0000,0.0019,0.0169,0.0000,200,0.0113
0.0335,0.0000,0.0000,0.0020,0.0169,0.0000,200,0.0127
0.0098,0.0000,0.0000,0.0001,0.0096,0.0000,200,0.0371
0.0329,0.0093,0.0000,0.0040,0.0195,0.0000,200,0.0141
0.0025,0.0000,0.0000,0.0000,0.0022,0.0002,200,0.0449
0.0242,0.0000,0.0000,0.0021,0.0186,0.0000,200,0.0238
0.0048,0.0000,0.0000,0.0000,0.0047,0.0001,200,0.0437
0.0119,0.0000,0.0000,0.0000,0.0117,0.0001,200,0.0376
0.0056,0.0000,0.0000,0.0000,0.0054,0.0000,200,0.0449
0.0032,0.0000,0.0000,0.0000,0.0031,0.0000,200,0.0474
0.0342,0.0000,0.0000,0.0042,0.0206,0.0005,200,0.0167
0.0381,0.0000,0.0000,0.0000,0.0218,0.0000,200,0.0127
0.0065,0.0000,0.0000,0.0000,0.0064,0.0001,200,0.0451
0.0064,0.0000,0.0000,0.0000,0.0061,0.0000,200,0.0453
0.0107,0.0000,0.0000,0.0000,0.0105,0.0001,200,0.0419
0.0058,0.0000,0.0000,0.0000,0.0055,0.0001,200,0.0469
0.0052,0.0000,0.0000,0.0000,0.0050,0.0001,200,0.0480
0.0072,0.0000,0.0000,0.0000,0.0065,0.0006,200,0.0460
0.0130,0.0000,0.0000,0.0000,0.0129,0.0000,200,0.0407
0.0041,0.0000,0.0000,0.0000,0.0040,0.0001,200,0.0509
0.0381,0.0000,0.0000,0.0012,0.0272,0.0001,200,0.0168
0.0034,0.0000,0.0000,0.0000,0.0032,0.0002,200,0.0517
0.0093,0.0000,0.0000,0.0000,0.0091,0.0001,200,0.0462
0.0383,0.0000,0.0000,0.0000,0.0265,0.0002,200,0.0179
0.0145,0.0000,0.0000,0.0000,0.0144,0.0000,200,0.0417
0.0401,0.0065,0.0000,0.0041,0.0294,0.0000,200,0.0173
0.0020,0.0000,0.0000,0.0000,0.0019,0.0000,200,0.0555
0.0202,0.0000,0.0000,0.0000,0.0194,0.0008,200,0.0381
0.0234,0.0000,0.0000,0.0000,0.0225,0.0008,200,0.0350
0.0404,0.0000,0.0000,0.0013,0.0303,0.0000,200,0.0180
0.0226,0.0000,0.0000,0.0000,0.0225,0.0000,200,0.0365
0.0181,0.0000,0.0000,0.0000,0.0180,0.0000,200,0.0410
0.0144,0.0000,0.0000,0.0000,0.0143,0.0001,200,0.0451
0.0026,0.0000,0.0000,0.0000,0.0023,0.0003,200,0.0576
0.0264,0.0000,0.0000,0.0000,0.0264,0.0000,200,0.0337
0.0482,0.0121,0.0000,0.0033,0.0328,0.0000,200,0.0127
0.0025,0.0000,0.0000,0.0000,0.0024,0.0000,200,0.0590
0.0056,0.0000,0.0000,0.0000,0.0055,0.0000,200,0.0562
0.0380,0.0000,0.0000,0.0040,0.0305,0.0000,200,0.0244
0.0193,0.0000,0.0000,0.0000,0.0191,0.0001,200,0.0436
0.0054,0.0000,0.0000,0.0000,0.0053,0.0001,200,0.0584
0.0313,0.0000,0.0000,0.0000,0.0309,0.0004,200,0.0328
0.0207,0.0000,0.0000,0.0000,0.0205,0.0001,200,0.0438
0.0538,0.0000,0.0000,0.0024,0.0352,0.0000,200,0.0115
0.0115,0.0000,0.0000,0.0000,0.0113,0.0001,200,0.0537
0.0263,0.0000,0.0000,0.0000,0.0259,0.0000,200,0.0394
0.0052,0.0000,0.0000,0.0000,0.0050,0.0000,200,0.0609
0.0061,0.0000,0.0000,0.0000,0.0059,0.0000,200,0.0602
0.0155,0.0000,0.0000,0.0000,0.0155,0.0000,200,0.0516
0.0207,0.0000,0.0000,0.0000,0.0206,0.0000,200,0.0469
0.0060,0.0000,0.0000,0.0000,0.0057,0.0003,200,0.0618
0.0134,0.0000,0.0000,0.0000,0.0129,0.0001,200,0.0550
0.0404,0.0000,0.0000,0.0000,0.0403,0.0000,200,0.0289
0.0198,0.0000,0.0000,0.0000,0.0196,0.0002,200,0.0495
0.0185,0.0000,0.0000,0.0000,0.0184,0.0000,200,0.0525
0.0115,0.0000,0.0000,0.0000,0.0114,0.0000,200,0.0595
0.0058,0.0000,0.0000,0.0000,0.0056,0.0001,200,0.0652
0.0066,0.0000,0.0000,0.0000,0.0066,0.0000,200,0.0645
0.0024,0.0000,0.0000,0.0000,0.0022,0.0000,200,0.0694
0.0391,0.0000,0.0000,0.0000,0.0390,0.0000,200,0.0327
0.0357,0.0000,0.0000,0.0000,0.0335,0.0022,200,0.0361
0.0156,0.0000,0.0000,0.0000,0.0155,0.0000,200,0.0574
0.0404,0.0000,0.0000,0.0000,0.0403,0.0000,200,0.0326
0.0226,0.0000,0.0000,0.0000,0.0224,0.0000,200,0.0505
0.0627,0.0053,0.0000,0.0041,0.0445,0.0001,200,0.0113
0.0027,0.0000,0.0000,0.0000,0.0025,0.0001,200,0.0718
0.0098,0.0000,0.0000,0.0000,0.0096,0.0001,200,0.0652
0.0159,0.0000,0.0000,0.0000,0.0158,0.0000,200,0.0591
0.0204,0.0000,0.0000,0.0001,0.0201,0.0000,200,0.0551
0.0172,0.0000,0.0000,0.0000,0.0171,0.0000,200,0.0584
0.0224,0.0000,0.0000,0.0004,0.0219,0.0000,200,0.0532
0.0030,0.0000,0.0000,0.0000,0.0028,0.0001,200,0.0740
0.0020,0.0000,0.0000,0.0000,0.0019,0.0001,200,0.0750
0.0060,0.0000,0.0000,0.0000,0.0060,0.0000,200,0.0710
0.0105,0.0000,0.0000,0.0000,0.0105,0.0000,200,0.0671
0.0126,0.0000,0.0000,0.0000,0.0125,0.0001,200,0.0657
0.0399,0.0000,0.0000,0.0000,0.0399,0.0000,200,0.0387
0.0129,0.0000,0.0000,0.0003,0.0125,0.0001,200,0.0662
0.0289,0.0000,0.0000,0.0000,0.0287,0.0001,200,0.0506
0.0026,0.0000,0.0000,0.0001,0.0024,0.0000,200,0.0769
0.0089,0.0000,0.0000,0.0000,0.0087,0.0001,200,0.0711
0.0086,0.0000,0.0000,0.0000,0.0084,0.0001,200,0.0731
0.0087,0.0000,0.0000,0.0001,0.0085,0.0000,200,0.0730
0.0291,0.0000,0.0000,0.0000,0.0290,0.0000,200,0.0532
0.0084,0.0000,0.0000,0.0000,0.0081,0.0001,200,0.0744
0.0076,0.0000,0.0000,0.0000,0.0073,0.0002,200,0.0770
0.0283,0.0000,0.0000,0.0000,0.0282,0.0000,200,0.0562
0.0297,0.0000,0.0000,0.0000,0.0296,0.0000,200,0.0550
0.0733,0.0019,0.0000,0.0043,0.0556,0.0000,200,0.0114
0.0131,0.0000,0.0000,0.0000,0.0127,0.0004,200,0.0718
0.0055,0.0000,0.0000,0.0001,0.0054,0.0000,200,0.0795
0.0221,0.0000,0.0000,0.0000,0.0217,0.0001,200,0.0637
0.0144,0.0000,0.0000,0.0000,0.0143,0.0000,200,0.0718
0.0492,0.0000,0.0000,0.0000,0.0491,0.0001,200,0.0376
0.0123,0.0000,0.0000,0.0004,0.0118,0.0000,200,0.0750
0.0270,0.0000,0.0000,0.0000,0.0269,0.0000,200,0.0623
0.0202,0.0000,0.0000,0.0001,0.0198,0.0000,200,0.0693
0.0073,0.0000,0.0000,0.0000,0.0069,0.0003,200,0.0824
0.0053,0.0000,0.0000,0.0000,0.0051,0.0000,200,0.0847
0.0402,0.0000,0.0000,0.0000,0.0401,0.0000,200,0.0508
0.0272,0.0000,0.0000,0.0000,0.0270,0.0002,200,0.0641
0.0067,0.0000,0.0000,0.0000,0.0065,0.0000,200,0.0849
0.0499,0.0000,0.0000,0.0000,0.0492,0.0006,200,0.0422
0.0076,0.0000,0.0000,0.0000,0.0075,0.0000,200,0.0846
0.0136,0.0000,0.0000,0.0000,0.0134,0.0002,200,0.0791
0.0075,0.0000,0.0000,0.0000,0.0073,0.0001,200,0.0858
0.0516,0.0000,0.0000,0.0000,0.0513,0.0003,200,0.0417
0.0124,0.0000,0.0000,0.0000,0.0123,0.0000,200,0.0816
0.0084,0.0000,0.0000,0.0000,0.0083,0.0001,200,0.0862
0.0195,0.0000,0.0000,0.0000,0.0192,0.0002,200,0.0755
0.0226,0.0000,0.0000,0.0000,0.0224,0.0002,200,0.0730
0.0204,0.0000,0.0000,0.0006,0.0198,0.0000,200,0.0756
0.0287,0.0000,0.0000,0.0000,0.0283,0.0004,200,0.0684
0.0490,0.0000,0.0000,0.0000,0.0488,0.0001,200,0.0485
0.0198,0.0000,0.0000,0.0000,0.0197,0.0000,200,0.0786
0.0330,0.0000,0.0000,0.0000,0.0329,0.0000,200,0.0662
0.0390,0.0000,0.0000,0.0000,0.0389,0.0000,200,0.0601
0.0412,0.0000,0.0000,0.0003,0.0407,0.0001,200,0.0584
0.0050,0.0000,0.0000,0.0000,0.0050,0.0001,200,0.0946
0.0372,0.0000,0.0000,0.0000,0.0370,0.0001,200,0.0633
0.0154,0.0000,0.0000,0.0001,0.0152,0.0001,200,0.0851
0.0506,0.0000,0.0000,0.0000,0.0505,0.0000,200,0.0528
0.0161,0.0000,0.0000,0.0001,0.0158,0.0000,200,0.0873
0.0101,0.0000,0.0000,0.0000,0.0099,0.0001,200,0.0933
0.0685,0.0000,0.0000,0.0004,0.0650,0.0031,200,0.0350
0.0252,0.0000,0.0000,0.0000,0.0252,0.0000,200,0.0783
0.0103,0.0000,0.0000,0.0001,0.0101,0.0000,200,0.0933
0.0116,0.0000,0.0000,0.0001,0.0087,0.0028,200,0.0921
0.0611,0.0000,0.0000,0.0000,0.0610,0.0000,200,0.0428
0.0135,0.0000,0.0000,0.0000,0.0132,0.0002,200,0.0916
0.0944,0.0060,0.0000,0.0045,0.0753,0.0006,200,0.0112
0.0099,0.0000,0.0000,0.0002,0.0093,0.0003,200,0.0957
0.0073,0.0000,0.0000,0.0001,0.0063,0.0006,200,0.0984
0.0385,0.0000,0.0000,0.0000,0.0384,0.0000,200,0.0676
0.0657,0.0000,0.0000,0.0000,0.0655,0.0001,200,0.0407
0.0175,0.0000,0.0000,0.0000,0.0174,0.0000,200,0.0894
0.0156,0.0000,0.0000,0.0000,0.0155,0.0000,200,0.0914
0.0025,0.0000,0.0000,0.0000,0.0018,0.0006,200,0.1056
0.0107,0.0000,0.0000,0.0000,0.0106,0.0000,200,0.0974
0.0305,0.0000,0.0000,0.0000,0.0304,0.0000,200,0.0777
0.0374,0.0000,0.0000,0.0001,0.0373,0.0000,200,0.0710
0.0179,0.0000,0.0000,0.0001,0.0175,0.0000,200,0.0911
0.0266,0.0000,0.0000,0.0000,0.0265,0.0000,200,0.0828
0.0336,0.0000,0.0000,0.0001,0.0327,0.0007,200,0.0770
0.0101,0.0000,0.0000,0.0000,0.0069,0.0000,200,0.1005
0.0745,0.0000,0.0000,0.0001,0.0743,0.0000,200,0.0362
0.0293,0.0000,0.0000,0.0000,0.0289,0.0004,200,0.0817
0.0042,0.0000,0.0000,0.0000,0.0041,0.0001,200,0.1070
0.0082,0.0000,0.0000,0.0001,0.0081,0.0000,200,0.1034
0.0367,0.0000,0.0000,0.0000,0.0365,0.0001,200,0.0756
0.0331,0.0000,0.0000,0.0000,0.0330,0.0000,200,0.0795
0.0178,0.0000,0.0000,0.0002,0.0174,0.0001,200,0.0950
0.0081,0.0000,0.0000,0.0000,0.0080,0.0000,200,0.1056
0.0141,0.0000,0.0000,0.0033,0.0098,0.0003,200,0.0997
0.0134,0.0000,0.0000,0.0030,0.0102,0.0001,200,0.1005
0.0109,0.0000,0.0000,0.0000,0.0107,0.0001,200,0.1034
0.0040,0.0000,0.0000,0.0004,0.0030,0.0006,200,0.1112
0.0015,0.0000,0.0000,0.0000,0.0015,0.0000,200,0.1137
0.0047,0.0000,0.0000,0.0000,0.0044,0.0002,200,0.1107
0.0086,0.0000,0.0000,0.0000,0.0086,0.0000,200,0.1069
0.0223,0.0000,0.0000,0.0000,0.0222,0.0001,200,0.0940
0.0025,0.0000,0.0000,0.0000,0.0024,0.0000,200,0.1139
0.0206,0.0000,0.0000,0.0004,0.0198,0.0001,200,0.0960
0.0178,0.0000,0.0000,0.0000,0.0176,0.0001,200,0.0993
0.0110,0.0000,0.0000,0.0000,0.0108,0.0002,200,0.1061
0.0072,0.0000,0.0000,0.0000,0.0071,0.0000,200,0.1106
0.0189,0.0000,0.0000,0.0001,0.0188,0.0000,200,0.0996
0.0149,0.0000,0.0000,0.0000,0.0148,0.0000,200,0.1036
0.0096,0.0000,0.0000,0.0000,0.0095,0.0000,200,0.1094
0.0482,0.0000,0.0000,0.0000,0.0482,0.0000,200,0.0711
0.0297,0.0000,0.0000,0.0000,0.0295,0.0001,200,0.0900
0.0086,0.0000,0.0000,0.0000,0.0084,0.0001,200,0.1116
0.0121,0.0000,0.0000,0.0000,0.0120,0.0000,200,0.1081
0.0043,0.0000,0.0000,0.0001,0.0037,0.0001,200,0.1164
0.0342,0.0000,0.0000,0.0000,0.0341,0.0001,200,0.0868
0.0108,0.0000,0.0000,0.0000,0.0108,0.0000,200,0.1106
0.1044,0.0000,0.0000,0.0012,0.0942,0.0000,200,0.0176
0.0025,0.0000,0.0000,0.0000,0.0023,0.0001,200,0.1197
0.0069,0.0000,0.0000,0.0000,0.0067,0.0000,200,0.1156
0.0105,0.0000,0.0000,0.0000,0.0102,0.0003,200,0.1128
0.0057,0.0000,0.0000,0.0000,0.0055,0.0002,200,0.1178
0.0016,0.0000,0.0000,0.0000,0.0014,0.0001,200,0.1225
0.0625,0.0000,0.0000,0.0000,0.0623,0.0001,200,0.0616
0.0098,0.0000,0.0000,0.0000,0.0097,0.0000,200,0.1143
0.0038,0.0000,0.0000,0.0000,0.0036,0.0001,200,0.1210
0.0099,0.0000,0.0000,0.0000,0.0098,0.0000,200,0.1152
0.0023,0.0000,0.0000,0.0000,0.0020,0.0003,200,0.1235
0.0177,0.0000,0.0000,0.0000,0.0177,0.0000,200,0.1081
0.0069,0.0000,0.0000,0.0000,0.0068,0.0001,200,0.1193
0.0182,0.0000,0.0000,0.0000,0.0180,0.0001,200,0.1084
0.0206,0.0000,0.0000,0.0000,0.0204,0.0000,200,0.1064
0.0352,0.0000,0.0000,0.0000,0.0351,0.0000,200,0.0921
0.0025,0.0000,0.0000,0.0000,0.0023,0.0002,200,0.1251
0.0110,0.0000,0.0000,0.0000,0.0108,0.0002,200,0.1171
0.0128,0.0000,0.0000,0.0002,0.0126,0.0000,200,0.1154
0.0022,0.0000,0.0000,0.0000,0.0017,0.0001,200,0.1266
0.0035,0.0000,0.0000,0.0000,0.0028,0.0005,200,0.1262
0.0323,0.0000,0.0000,0.0000,0.0322,0.0000,200,0.0975
0.0113,0.0000,0.0000,0.0000,0.0111,0.0001,200,0.1185
0.0161,0.0000,0.0000,0.0000,0.0161,0.0000,200,0.1137
0.0454,0.0000,0.0000,0.0000,0.0453,0.0000,200,0.0846
0.0087,0.0000,0.0000,0.0000,0.0081,0.0005,200,0.1220
0.0105,0.0000,0.0000,0.0000,0.0104,0.0000,200,0.1202
0.0418,0.0000,0.0000,0.0000,0.0417,0.0001,200,0.0894
0.0277,0.0000,0.0000,0.0000,0.0276,0.0000,200,0.1036
0.0042,0.0000,0.0000,0.0000,0.0041,0.0001,200,0.1277
0.0194,0.0000,0.0000,0.0000,0.0190,0.0004,200,0.1126
0.0524,0.0000,0.0000,0.0000,0.0520,0.0002,200,0.0800
0.0108,0.0000,0.0000,0.0000,0.0103,0.0005,200,0.1222
0.0220,0.0000,0.0000,0.0001,0.0218,0.0001,200,0.1110
0.0058,0.0000,0.0000,0.0000,0.0058,0.0000,200,0.1288
0.0032,0.0000,0.0000,0.0000,0.0030,0.0000,200,0.1324
0.1243,0.0053,0.0000,0.0044,0.1062,0.0000,200,0.0112
0.0306,0.0000,0.0000,0.0000,0.0305,0.0000,200,0.1051
0.0044,0.0000,0.0000,0.0000,0.0041,0.0001,200,0.1319
0.0123,0.0000,0.0000,0.0000,0.0122,0.0000,200,0.1241
0.0217,0.0000,0.0000,0.0000,0.0217,0.0000,200,0.1152
0.0335,0.0000,0.0000,0.0000,0.0334,0.0001,200,0.1035
0.0210,0.0000,0.0000,0.0000,0.0202,0.0007,200,0.1166
0.0207,0.0000,0.0000,0.0000,0.0206,0.0000,200,0.1171
0.0321,0.0000,0.0000,0.0000,0.0313,0.0007,200,0.1057
0.0339,0.0000,0.0000,0.0000,0.0336,0.0001,200,0.1040
0.0343,0.0000,0.0000,0.0000,0.0343,0.0000,200,0.1037
0.0141,0.0000,0.0000,0.0000,0.0138,0.0002,200,0.1248
0.0044,0.0000,0.0000,0.0000,0.0043,0.0000,200,0.1346
0.0037,0.0000,0.0000,0.0005,0.0031,0.0000,200,0.1364
0.0195,0.0000,0.0000,0.0000,0.0189,0.0006,200,0.1207
0.0018,0.0000,0.0000,0.0000,0.0017,0.0000,200,0.1390
0.0487,0.0000,0.0000,0.0000,0.0486,0.0001,200,0.0927
0.0231,0.0000,0.0000,0.0000,0.0229,0.0001,200,0.1190
0.0538,0.0000,0.0000,0.0000,0.0537,0.0000,200,0.0897
0.0201,0.0000,0.0000,0.0000,0.0201,0.0000,200,0.1241
0.0170,0.0000,0.0000,0.0000,0.0160,0.0009,200,0.1274
0.0189,0.0000,0.0000,0.0005,0.0183,0.0000,200,0.1258
0.0052,0.0000,0.0000,0.0000,0.0050,0.0002,200,0.1400
0.0271,0.0000,0.0000,0.0000,0.0270,0.0000,200,0.1185
0.0164,0.0000,0.0000,0.0002,0.0161,0.0000,200,0.1298
0.0304,0.0000,0.0000,0.0001,0.0299,0.0004,200,0.1163
0.0162,0.0000,0.0000,0.0000,0.0161,0.0001,200,0.1307
0.0346,0.0000,0.0000,0.0000,0.0344,0.0001,200,0.1123
0.0387,0.0000,0.0000,0.0000,0.0385,0.0000,200,0.1090
0.0122,0.0000,0.0000,0.0000,0.0121,0.0001,200,0.1357
0.0090,0.0000,0.0000,0.0000,0.0088,0.0000,200,0.1389
0.0245,0.0000,0.0000,0.0000,0.0244,0.0000,200,0.1240
0.0288,0.0000,0.0000,0.0000,0.0287,0.0001,200,0.1202
0.0127,0.0000,0.0000,0.0000,0.0121,0.0000,200,0.1364
0.0417,0.0000,0.0000,0.0000,0.0417,0.0000,200,0.1081
0.0217,0.0000,0.0000,0.0000,0.0216,0.0000,200,0.1282
0.0126,0.0000,0.0000,0.0000,0.0124,0.0002,200,0.1378
0.0252,0.0000,0.0000,0.0000,0.0244,0.0003,200,0.1259
0.0131,0.0000,0.0000,0.0000,0.0131,0.0000,200,0.1380
0.0219,0.0000,0.0000,0.0000,0.0217,0.0002,200,0.1298
0.0048,0.0000,0.0000,0.0000,0.0047,0.0000,200,0.1470
0.0204,0.0000,0.0000,0.0001,0.0202,0.0000,200,0.1319
0.0114,0.0000,0.0000,0.0000,0.0112,0.0002,200,0.1414
0.0151,0.0000,0.0000,0.0003,0.0148,0.0000,200,0.1378
0.0223,0.0000,0.0000,0.0000,0.0218,0.0003,200,0.1312
0.0257,0.0000,0.0000,0.0000,0.0255,0.0002,200,0.1282
0.0306,0.0000,0.0000,0.0000,0.0305,0.0000,200,0.1233
0.0174,0.0000,0.0000,0.0000,0.0171,0.0001,200,0.1370
0.0700,0.0000,0.0000,0.0000,0.0699,0.0000,200,0.0848
0.0104,0.0000,0.0000,0.0000,0.0100,0.0001,200,0.1444
0.0065,0.0000,0.0000,0.0000,0.0064,0.0000,200,0.1485
0.0024,0.0000,0.0000,0.0001,0.0022,0.0001,200,0.1530
0.0155,0.0000,0.0000,0.0000,0.0155,0.0000,200,0.1402
0.0347,0.0000,0.0000,0.0000,0.0347,0.0000,200,0.1214
0.0537,0.0000,0.0000,0.0000,0.0535,0.0000,200,0.1035
0.0195,0.0000,0.0000,0.0001,0.0193,0.0000,200,0.1379
0.0197,0.0000,0.0000,0.0000,0.0196,0.0000,200,0.1377
0.0107,0.0000,0.0000,0.0002,0.0103,0.0001,200,0.1467
0.0116,0.0000,0.0000,0.0000,0.0115,0.0000,200,0.1462
0.0138,0.0000,0.0000,0.0000,0.0137,0.0001,200,0.1447
0.0144,0.0000,0.0000,0.0002,0.0142,0.0000,200,0.1442
0.0125,0.0000,0.0000,0.0001,0.0119,0.0003,200,0.1470
0.0239,0.0000,0.0000,0.0001,0.0237,0.0000,200,0.1356
0.0054,0.0000,0.0000,0.0000,0.0053,0.0000,200,0.1543
0.0127,0.0000,0.0000,0.0000,0.0123,0.0003,200,0.1479
0.0106,0.0000,0.0000,0.0000,0.0102,0.0004,200,0.1504
0.0063,0.0000,0.0000,0.0000,0.0063,0.0000,200,0.1547
0.0072,0.0000,0.0000,0.0001,0.0071,0.0000,200,0.1539
0.0041,0.0000,0.0000,0.0000,0.0036,0.0004,200,0.1572
0.0623,0.0000,0.0000,0.0000,0.0620,0.0000,200,0.0992
0.0146,0.0000,0.0000,0.0000,0.0143,0.0002,200,0.1476
0.0267,0.0000,0.0000,0.0000,0.0266,0.0000,200,0.1356
0.0033,0.0000,0.0000,0.0000,0.0031,0.0002,200,0.1594
0.0081,0.0000,0.0000,0.0005,0.0076,0.0000,200,0.1548
0.0021,0.0000,0.0000,0.0000,0.0019,0.0001,200,0.1614
0.0064,0.0000,0.0000,0.0002,0.0062,0.0000,200,0.1574
0.0023,0.0000,0.0000,0.0001,0.0022,0.0000,200,0.1615
0.0273,0.0000,0.0000,0.0000,0.0272,0.0000,200,0.1370
0.0015,0.0000,0.0000,0.0000,0.0014,0.0001,200,0.1629
0.0139,0.0000,0.0000,0.0000,0.0138,0.0000,200,0.1512
0.0972,0.0000,0.0000,0.0000,0.0970,0.0000,200,0.0679
0.0356,0.0000,0.0000,0.0000,0.0355,0.0001,200,0.1300
0.0038,0.0000,0.0000,0.0001,0.0034,0.0000,200,0.1622
0.0029,0.0000,0.0000,0.0000,0.0027,0.0002,200,0.1638
0.0096,0.0000,0.0000,0.0000,0.0095,0.0001,200,0.1574
0.0150,0.0000,0.0000,0.0001,0.0149,0.0000,200,0.1524
0.0052,0.0000,0.0000,0.0000,0.0051,0.0000,200,0.1622
0.0127,0.0000,0.0000,0.0000,0.0126,0.0000,200,0.1554
0.0188,0.0000,0.0000,0.0000,0.0187,0.0001,200,0.1499
0.0049,0.0000,0.0000,0.0000,0.0048,0.0000,200,0.1645
0.0020,0.0000,0.0000,0.0000,0.0019,0.0001,200,0.1674
0.0201,0.0000,0.0000,0.0000,0.0200,0.0000,200,0.1499
0.0210,0.0000,0.0000,0.0000,0.0209,0.0001,200,0.1490
0.0409,0.0000,0.0000,0.0000,0.0408,0.0000,200,0.1297
0.0199,0.0000,0.0000,0.0000,0.0198,0.0001,200,0.1511
0.0198,0.0000,0.0000,0.0000,0.0196,0.0001,200,0.1518
0.0066,0.0000,0.0000,0.0000,0.0065,0.0001,200,0.1650
0.0205,0.0000,0.0000,0.0000,0.0204,0.0000,200,0.1517
0.0200,0.0000,0.0000,0.0000,0.0199,0.0001,200,0.1528
0.0023,0.0000,0.0000,0.0000,0.0022,0.0000,200,0.1706
0.0246,0.0000,0.0000,0.0000,0.0245,0.0000,200,0.1491
0.0070,0.0000,0.0000,0.0000,0.0068,0.0001,200,0.1667
0.0090,0.0000,0.0000,0.0000,0.0087,0.0002,200,0.1656
0.0210,0.0000,0.0000,0.0000,0.0209,0.0001,200,0.1539
0.0195,0.0000,0.0000,0.0000,0.0195,0.0000,200,0.1562
0.0146,0.0000,0.0000,0.0000,0.0143,0.0000,200,0.1611
0.0338,0.0000,0.0000,0.0000,0.0336,0.0001,200,0.1421
0.0455,0.0000,0.0000,0.0000,0.0454,0.0001,200,0.1311
0.0211,0.0000,0.0000,0.0000,0.0209,0.0001,200,0.1557
0.0222,0.0000,0.0000,0.0000,0.0221,0.0000,200,0.1550
0.0028,0.0000,0.0000,0.0000,0.0026,0.0001,200,0.1748
0.0172,0.0000,0.0000,0.0000,0.0171,0.0001,200,0.1610
0.0090,0.0000,0.0000,0.0000,0.0089,0.0000,200,0.1694
0.0113,0.0000,0.0000,0.0000,0.0106,0.0005,200,0.1681
0.0209,0.0000,0.0000,0.0000,0.0208,0.0000,200,0.1585
0.0169,0.0000,0.0000,0.0001,0.0167,0.0001,200,0.1628
0.0062,0.0000,0.0000,0.0000,0.0060,0.0000,200,0.1737
0.0479,0.0000,0.0000,0.0001,0.0473,0.0004,200,0.1330
0.0139,0.0000,0.0000,0.0000,0.0138,0.0000,200,0.1670
0.0174,0.0000,0.0000,0.0000,0.0173,0.0000,200,0.1643
0.0124,0.0000,0.0000,0.0000,0.0123,0.0000,200,0.1700
0.0523,0.0000,0.0000,0.0000,0.0521,0.0002,200,0.1307
0.0076,0.0000,0.0000,0.0000,0.0075,0.0000,200,0.1768
0.0064,0.0000,0.0000,0.0001,0.0060,0.0000,200,0.1784
0.0046,0.0000,0.0000,0.0000,0.0045,0.0000,200,0.1809
0.0174,0.0000,0.0000,0.0000,0.0165,0.0004,200,0.1687
0.0326,0.0000,0.0000,0.0000,0.0325,0.0000,200,0.1535
0.0085,0.0000,0.0000,0.0000,0.0083,0.0001,200,0.1783
0.0280,0.0000,0.0000,0.0000,0.0279,0.0000,200,0.1594
0.0026,0.0000,0.0000,0.0000,0.0021,0.0005,200,0.1854
0.0432,0.0000,0.0000,0.0000,0.0431,0.0001,200,0.1457
0.0288,0.0000,0.0000,0.0000,0.0287,0.0001,200,0.1611
0.0088,0.0000,0.0000,0.0000,0.0086,0.0000,200,0.1817
0.0064,0.0000,0.0000,0.0000,0.0063,0.0000,200,0.1844
0.0185,0.0000,0.0000,0.0000,0.0184,0.0000,200,0.1729
0.0267,0.0000,0.0000,0.0000,0.0266,0.0001,200,0.1650
0.0125,0.0000,0.0000,0.0000,0.0122,0.0000,200,0.1797
0.0474,0.0000,0.0000,0.0000,0.0473,0.0000,200,0.1452
0.0498,0.0000,0.0000,0.0000,0.0497,0.0001,200,0.1435
0.0146,0.0000,0.0000,0.0000,0.0144,0.0002,200,0.1794
0.0362,0.0000,0.0000,0.0000,0.0361,0.0000,200,0.1578
0.0058,0.0000,0.0000,0.0000,0.0052,0.0006,200,0.1889
0.0286,0.0000,0.0000,0.0000,0.0286,0.0000,200,0.1660
0.0210,0.0000,0.0000,0.0000,0.0203,0.0007,200,0.1737
0.0050,0.0000,0.0000,0.0000,0.0047,0.0003,200,0.1898
0.0363,0.0000,0.0000,0.0000,0.0362,0.0000,200,0.1586
0.0103,0.0000,0.0000,0.0000,0.0102,0.0000,200,0.1847
0.0387,0.0000,0.0000,0.0000,0.0385,0.0002,200,0.1574
0.0100,0.0000,0.0000,0.0000,0.0093,0.0007,200,0.1861
0.0057,0.0000,0.0000,0.0000,0.0056,0.0001,200,0.1908
0.0028,0.0000,0.0000,0.0002,0.0025,0.0000,200,0.1940
0.0244,0.0000,0.0000,0.0001,0.0242,0.0001,200,0.1728
0.0335,0.0000,0.0000,0.0000,0.0334,0.0001,200,0.1638
0.0278,0.0000,0.0000,0.0001,0.0277,0.0001,200,0.1700
0.0228,0.0000,0.0000,0.0000,0.0226,0.0001,200,0.1757
0.0218,0.0000,0.0000,0.0000,0.0217,0.0001,200,0.1772
0.0131,0.0000,0.0000,0.0000,0.0130,0.0001,200,0.1861
0.0591,0.0000,0.0000,0.0000,0.0583,0.0007,200,0.1408
0.0026,0.0000,0.0000,0.0001,0.0020,0.0001,200,0.1973
0.0134,0.0000,0.0000,0.0000,0.0131,0.0003,200,0.1867
0.0247,0.0000,0.0000,0.0000,0.0245,0.0001,200,0.1757
0.0044,0.0000,0.0000,0.0000,0.0043,0.0000,200,0.1961
0.0042,0.0000,0.0000,0.0000,0.0041,0.0000,200,0.1969
0.0029,0.0000,0.0000,0.0000,0.0028,0.0000,200,0.1985
0.0294,0.0000,0.0000,0.0000,0.0293,0.0001,200,0.1722
0.0100,0.0000,0.0000,0.0000,0.0098,0.0001,200,0.1918
0.0222,0.0000,0.0000,0.0000,0.0221,0.0000,200,0.1799
0.0015,0.0000,0.0000,0.0000,0.0014,0.0000,200,0.2014
0.0270,0.0000,0.0000,0.0002,0.0268,0.0000,200,0.1758
0.0042,0.0000,0.0000,0.0000,0.0039,0.0000,200,0.1990
0.0434,0.0000,0.0000,0.0000,0.0434,0.0000,200,0.1605
0.0273,0.0000,0.0000,0.0000,0.0273,0.0000,200,0.1767
0.0086,0.0000,0.0000,0.0000,0.0083,0.0000,200,0.1961
0.0030,0.0000,0.0000,0.0001,0.0026,0.0000,200,0.2018
0.0111,0.0000,0.0000,0.0000,0.0109,0.0002,200,0.1940
0.0038,0.0000,0.0000,0.0000,0.0036,0.0002,200,0.2021
0.0113,0.0000,0.0000,0.0000,0.0113,0.0000,200,0.1948
0.0113,0.0000,0.0000,0.0000,0.0112,0.0000,200,0.1949
0.0352,0.0000,0.0000,0.0000,0.0351,0.0001,200,0.1716
0.0146,0.0000,0.0000,0.0000,0.0145,0.0001,200,0.1922
0.0011,0.0000,0.0000,0.0000,0.0008,0.0003,200,0.2061
0.0385,0.0000,0.0000,0.0000,0.0378,0.0000,200,0.1694
0.0600,0.0000,0.0000,0.0000,0.0599,0.0000,200,0.1479
0.0052,0.0000,0.0000,0.0000,0.0050,0.0001,200,0.2032
0.0174,0.0000,0.0000,0.0000,0.0173,0.0000,200,0.1913
0.0060,0.0000,0.0000,0.0000,0.0059,0.0000,200,0.2029
0.0026,0.0000,0.0000,0.0000,0.0025,0.0000,200,0.2068
0.0302,0.0000,0.0000,0.0000,0.0301,0.0000,200,0.1794
0.0802,0.0000,0.0000,0.0000,0.0801,0.0001,200,0.1299
0.0126,0.0000,0.0000,0.0000,0.0126,0.0000,200,0.1979
0.0078,0.0000,0.0000,0.0000,0.0076,0.0001,200,0.2029
0.0108,0.0000,0.0000,0.0000,0.0107,0.0000,200,0.1999
0.0842,0.0000,0.0000,0.0000,0.0841,0.0001,200,0.1270
0.0404,0.0000,0.0000,0.0000,0.0403,0.0000,200,0.1710
0.0309,0.0000,0.0000,0.0000,0.0308,0.0000,200,0.1809
0.0157,0.0000,0.0000,0.0000,0.0155,0.0002,200,0.1965
0.0529,0.0000,0.0000,0.0000,0.0528,0.0001,200,0.1598
0.0028,0.0000,0.0000,0.0000,0.0025,0.0003,200,0.2107
0.0359,0.0000,0.0000,0.0000,0.0358,0.0001,200,0.1776
0.0422,0.0000,0.0000,0.0000,0.0422,0.0000,200,0.1717
0.0192,0.0000,0.0000,0.0000,0.0190,0.0002,200,0.1947
0.0036,0.0000,0.0000,0.0001,0.0032,0.0003,200,0.2112
0.0061,0.0000,0.0000,0.0000,0.0060,0.0000,200,0.2087
0.0154,0.0000,0.0000,0.0000,0.0153,0.0001,200,0.1999
0.0208,0.0000,0.0000,0.0001,0.0206,0.0000,200,0.1947
0.0830,0.0000,0.0000,0.0000,0.0828,0.0001,200,0.1330
0.0282,0.0000,0.0000,0.0000,0.0280,0.0001,200,0.1881
0.0118,0.0000,0.0000,0.0000,0.0117,0.0000,200,0.2048
0.0168,0.0000,0.0000,0.0000,0.0166,0.0000,200,0.2004
0.0070,0.0000,0.0000,0.0000,0.0069,0.0000,200,0.2105
0.0236,0.0000,0.0000,0.0000,0.0235,0.0001,200,0.1950
0.0254,0.0000,0.0000,0.0002,0.0251,0.0000,200,0.1933
0.0108,0.0000,0.0000,0.0000,0.0108,0.0000,200,0.2079
0.0365,0.0000,0.0000,0.0000,0.0364,0.0000,200,0.1824
0.0049,0.0000,0.0000,0.0000,0.0035,0.0012,200,0.2153
0.0164,0.0000,0.0000,0.0000,0.0157,0.0007,200,0.2040
0.0583,0.0000,0.0000,0.0000,0.0582,0.0000,200,0.1634
0.0078,0.0000,0.0000,0.0000,0.0077,0.0000,200,0.2139
0.0272,0.0000,0.0000,0.0000,0.0269,0.0002,200,0.1949
0.0110,0.0000,0.0000,0.0001,0.0079,0.0030,200,0.2139
0.0504,0.0000,0.0000,0.0000,0.0501,0.0001,200,0.1746
0.0182,0.0000,0.0000,0.0000,0.0177,0.0004,200,0.2072
0.0160,0.0000,0.0000,0.0000,0.0153,0.0006,200,0.2094
0.0581,0.0000,0.0000,0.0000,0.0579,0.0001,200,0.1674
0.0255,0.0000,0.0000,0.0000,0.0254,0.0000,200,0.2001
0.0189,0.0000,0.0000,0.0000,0.0188,0.0000,200,0.2068
0.0206,0.0000,0.0000,0.0000,0.0206,0.0000,200,0.2051
0.0174,0.0000,0.0000,0.0000,0.0173,0.0000,200,0.2084
0.0197,0.0000,0.0000,0.0000,0.0196,0.0000,200,0.2062
0.0092,0.0000,0.0000,0.0000,0.0091,0.0001,200,0.2166
0.0124,0.0000,0.0000,0.0000,0.0123,0.0000,200,0.2135
0.0218,0.0000,0.0000,0.0001,0.0216,0.0001,200,0.2047
0.0083,0.0000,0.0000,0.0012,0.0068,0.0000,200,0.2186
0.0168,0.0000,0.0000,0.0000,0.0167,0.0001,200,0.2106
0.0164,0.0000,0.0000,0.0000,0.0160,0.0002,200,0.2114
0.0161,0.0000,0.0000,0.0001,0.0158,0.0000,200,0.2118
0.0178,0.0000,0.0000,0.0000,0.0177,0.0000,200,0.2101
0.0026,0.0000,0.0000,0.0000,0.0024,0.0001,200,0.2255
0.0292,0.0000,0.0000,0.0000,0.0292,0.0000,200,0.1992
0.0061,0.0000,0.0000,0.0000,0.0037,0.0000,200,0.2225
0.0416,0.0000,0.0000,0.0000,0.0415,0.0000,200,0.1874
0.0093,0.0000,0.0000,0.0002,0.0089,0.0000,200,0.2202
0.0042,0.0000,0.0000,0.0000,0.0041,0.0001,200,0.2258
0.0168,0.0000,0.0000,0.0000,0.0167,0.0000,200,0.2135
0.0054,0.0000,0.0000,0.0000,0.0053,0.0000,200,0.2254
0.0031,0.0000,0.0000,0.0000,0.0027,0.0003,200,0.2285
0.0037,0.0000,0.0000,0.0000,0.0037,0.0000,200,0.2279
0.0062,0.0000,0.0000,0.0000,0.0061,0.0000,200,0.2258
0.0065,0.0000,0.0000,0.0000,0.0064,0.0000,200,0.2259
0.0069,0.0000,0.0000,0.0000,0.0068,0.0000,200,0.2258
0.0016,0.0000,0.0000,0.0000,0.0015,0.0000,200,0.2317
0.0039,0.0000,0.0000,0.0000,0.0039,0.0000,200,0.2295
0.0174,0.0000,0.0000,0.0000,0.0173,0.0001,200,0.2163
0.0512,0.0000,0.0000,0.0000,0.0510,0.0001,200,0.1831
0.0287,0.0000,0.0000,0.0000,0.0283,0.0001,200,0.2059
0.0133,0.0000,0.0000,0.0001,0.0131,0.0001,200,0.2217
0.0314,0.0000,0.0000,0.0000,0.0314,0.0000,200,0.2039
0.0107,0.0000,0.0000,0.0000,0.0105,0.0002,200,0.2249
0.0078,0.0000,0.0000,0.0000,0.0078,0.0000,200,0.2279
0.0064,0.0000,0.0000,0.0000,0.0061,0.0001,200,0.2300
0.0097,0.0000,0.0000,0.0000,0.0096,0.0000,200,0.2269
0.0031,0.0000,0.0000,0.0000,0.0029,0.0001,200,0.2337
0.0016,0.0000,0.0000,0.0002,0.0014,0.0000,200,0.2357
0.0222,0.0000,0.0000,0.0000,0.0220,0.0000,200,0.2154
0.0209,0.0000,0.0000,0.0000,0.0208,0.0000,200,0.2171
0.0072,0.0000,0.0000,0.0000,0.0069,0.0002,200,0.2315
0.0035,0.0000,0.0000,0.0000,0.0034,0.0000,200,0.2354
0.0467,0.0000,0.0000,0.0000,0.0466,0.0001,200,0.1926
0.0141,0.0000,0.0000,0.0000,0.0140,0.0000,200,0.2255
0.0321,0.0000,0.0000,0.0000,0.0321,0.0000,200,0.2079
0.0012,0.0000,0.0000,0.0000,0.0011,0.0000,200,0.2388
0.0054,0.0000,0.0000,0.0000,0.0053,0.0001,200,0.2350
0.0319,0.0000,0.0000,0.0000,0.0317,0.0001,200,0.2088
0.0134,0.0000,0.0000,0.0000,0.0133,0.0001,200,0.2275
0.0401,0.0000,0.0000,0.0000,0.0396,0.0000,200,0.2011
0.0038,0.0000,0.0000,0.0000,0.0038,0.0000,200,0.2376
0.0401,0.0000,0.0000,0.0000,0.0400,0.0001,200,0.2016
0.0102,0.0000,0.0000,0.0000,0.0101,0.0000,200,0.2320
0.0265,0.0000,0.0000,0.0000,0.0264,0.0000,200,0.2161
0.0096,0.0000,0.0000,0.0000,0.0095,0.0000,200,0.2332
0.0530,0.0000,0.0000,0.0000,0.0527,0.0002,200,0.1905
0.0178,0.0000,0.0000,0.0000,0.0177,0.0000,200,0.2257
0.0265,0.0000,0.0000,0.0000,0.0264,0.0000,200,0.2176
0.0057,0.0000,0.0000,0.0000,0.0055,0.0000,200,0.2387
0.0048,0.0000,0.0000,0.0000,0.0047,0.0001,200,0.2400
0.0195,0.0000,0.0000,0.0000,0.0194,0.0001,200,0.2258
0.0012,0.0000,0.0000,0.0000,0.0011,0.0000,200,0.2444
0.0276,0.0000,0.0000,0.0007,0.0268,0.0000,200,0.2189
0.0084,0.0000,0.0000,0.0000,0.0084,0.0000,200,0.2380
0.0370,0.0000,0.0000,0.0000,0.0368,0.0000,200,0.2096
0.0112,0.0000,0.0000,0.0000,0.0110,0.0000,200,0.2357
0.0035,0.0000,0.0000,0.0000,0.0034,0.0000,200,0.2435
0.0020,0.0000,0.0000,0.0000,0.0020,0.0000,200,0.2454
0.0133,0.0000,0.0000,0.0000,0.0132,0.0000,200,0.2342
0.0331,0.0000,0.0000,0.0001,0.0329,0.0001,200,0.2148
0.0068,0.0000,0.0000,0.0000,0.0067,0.0001,200,0.2414
0.0161,0.0000,0.0000,0.0001,0.0158,0.0001,200,0.2327
0.0019,0.0000,0.0000,0.0000,0.0016,0.0000,200,0.2470
0.0092,0.0000,0.0000,0.0000,0.0091,0.0000,200,0.2400
0.0118,0.0000,0.0000,0.0000,0.0116,0.0000,200,0.2396
0.0310,0.0000,0.0000,0.0001,0.0309,0.0000,200,0.2205
0.0510,0.0000,0.0000,0.0000,0.0509,0.0000,200,0.2005
0.0108,0.0000,0.0000,0.0000,0.0108,0.0000,200,0.2407
0.0393,0.0000,0.0000,0.0000,0.0392,0.0000,200,0.2123
0.0107,0.0000,0.0000,0.0000,0.0106,0.0001,200,0.2409
0.0060,0.0000,0.0000,0.0000,0.0059,0.0000,200,0.2456
0.0051,0.0000,0.0000,0.0000,0.0051,0.0000,200,0.2465
0.0329,0.0000,0.0000,0.0000,0.0317,0.0002,200,0.2188
0.0034,0.0000,0.0000,0.0000,0.0033,0.0001,200,0.2489
0.0059,0.0000,0.0000,0.0000,0.0058,0.0000,200,0.2464
0.0082,0.0000,0.0000,0.0000,0.0080,0.0001,200,0.2448
0.0404,0.0000,0.0000,0.0000,0.0403,0.0000,200,0.2126
0.0071,0.0000,0.0000,0.0000,0.0070,0.0001,200,0.2464
0.0171,0.0000,0.0000,0.0002,0.0168,0.0001,200,0.2368
0.0025,0.0000,0.0000,0.0000,0.0024,0.0000,200,0.2516
0.0121,0.0000,0.0000,0.0000,0.0120,0.0001,200,0.2425
0.0286,0.0000,0.0000,0.0001,0.0283,0.0002,200,0.2265
0.0141,0.0000,0.0000,0.0000,0.0140,0.0000,200,0.2411
0.0043,0.0000,0.0000,0.0000,0.0038,0.0005,200,0.2514
0.0070,0.0000,0.0000,0.0000,0.0069,0.0000,200,0.2488
0.0200,0.0000,0.0000,0.0000,0.0194,0.0003,200,0.2366
0.0161,0.0000,0.0000,0.0000,0.0160,0.0000,200,0.2405
0.0134,0.0000,0.0000,0.0001,0.0132,0.0000,200,0.2435
0.0602,0.0000,0.0000,0.0000,0.0601,0.0000,200,0.1973
0.0293,0.0000,0.0000,0.0000,0.0293,0.0000,200,0.2286
0.0034,0.0000,0.0000,0.0000,0.0025,0.0001,200,0.2547
0.0305,0.0000,0.0000,0.0000,0.0305,0.0000,200,0.2278
0.0171,0.0000,0.0000,0.0000,0.0169,0.0001,200,0.2418
0.0075,0.0000,0.0000,0.0000,0.0074,0.0000,200,0.2516
0.0072,0.0000,0.0000,0.0000,0.0072,0.0000,200,0.2524
0.0050,0.0000,0.0000,0.0000,0.0048,0.0001,200,0.2551
0.0040,0.0000,0.0000,0.0000,0.0038,0.0001,200,0.2566
0.0271,0.0000,0.0000,0.0000,0.0269,0.0002,200,0.2334
0.0049,0.0000,0.0000,0.0000,0.0048,0.0000,200,0.2558
0.0365,0.0000,0.0000,0.0004,0.0357,0.0004,200,0.2250
0.0102,0.0000,0.0000,0.0000,0.0102,0.0000,200,0.2514
0.0091,0.0000,0.0000,0.0000,0.0090,0.0001,200,0.2530
0.0045,0.0000,0.0000,0.0000,0.0044,0.0000,200,0.2581
0.0154,0.0000,0.0000,0.0001,0.0150,0.0000,200,0.2475
0.0020,0.0000,0.0000,0.0000,0.0018,0.0000,200,0.2616
0.0054,0.0000,0.0000,0.0000,0.0054,0.0000,200,0.2584
0.0124,0.0000,0.0000,0.0000,0.0121,0.0003,200,0.2523
0.0133,0.0000,0.0000,0.0000,0.0132,0.0000,200,0.2516
0.0080,0.0000,0.0000,0.0000,0.0079,0.0000,200,0.2575
0.0443,0.0000,0.0000,0.0000,0.0434,0.0005,200,0.2217
0.0055,0.0000,0.0000,0.0008,0.0046,0.0002,200,0.2606
0.0045,0.0000,0.0000,0.0000,0.0043,0.0000,200,0.2622
0.0415,0.0000,0.0000,0.0000,0.0414,0.0000,200,0.2257
0.0028,0.0000,0.0000,0.0000,0.0025,0.0000,200,0.2648
0.0378,0.0000,0.0000,0.0000,0.0377,0.0001,200,0.2304
0.0294,0.0000,0.0000,0.0000,0.0294,0.0000,200,0.2393
0.0062,0.0000,0.0000,0.0001,0.0060,0.0001,200,0.2626
0.0199,0.0000,0.0000,0.0000,0.0195,0.0004,200,0.2491
0.0142,0.0000,0.0000,0.0000,0.0140,0.0001,200,0.2552
0.0253,0.0000,0.0000,0.0000,0.0251,0.0001,200,0.2441
0.0039,0.0000,0.0000,0.0001,0.0035,0.0000,200,0.2660
0.0238,0.0000,0.0000,0.0000,0.0236,0.0002,200,0.2468
0.0016,0.0000,0.0000,0.0000,0.0015,0.0000,200,0.2691
0.0106,0.0000,0.0000,0.0000,0.0105,0.0001,200,0.2606
0.0116,0.0000,0.0000,0.0000,0.0105,0.0002,200,0.2601
0.0431,0.0000,0.0000,0.0000,0.0428,0.0002,200,0.2290
0.0248,0.0000,0.0000,0.0000,0.0247,0.0000,200,0.2479
0.0245,0.0000,0.0000,0.0001,0.0243,0.0001,200,0.2482
0.0157,0.0000,0.0000,0.0000,0.0153,0.0002,200,0.2579
0.0198,0.0000,0.0000,0.0000,0.0197,0.0000,200,0.2539
0.0173,0.0000,0.0000,0.0000,0.0172,0.0000,200,0.2569
0.0061,0.0000,0.0000,0.0000,0.0059,0.0002,200,0.2693
0.0489,0.0000,0.0000,0.0000,0.0486,0.0002,200,0.2281
0.0256,0.0000,0.0000,0.0000,0.0255,0.0000,200,0.2515
0.0217,0.0000,0.0000,0.0000,0.0214,0.0001,200,0.2558
0.0594,0.0000,0.0000,0.0000,0.0591,0.0001,200,0.2187
0.0197,0.0000,0.0000,0.0000,0.0194,0.0003,200,0.2589
0.0271,0.0000,0.0000,0.0000,0.0270,0.0000,200,0.2516
0.0050,0.0000,0.0000,0.0001,0.0045,0.0003,200,0.2742
0.0372,0.0000,0.0000,0.0000,0.0371,0.0000,200,0.2422
0.0062,0.0000,0.0000,0.0001,0.0061,0.0000,200,0.2737
0.0196,0.0000,0.0000,0.0000,0.0195,0.0001,200,0.2606
0.0271,0.0000,0.0000,0.0000,0.0270,0.0001,200,0.2536
0.0102,0.0000,0.0000,0.0000,0.0101,0.0001,200,0.2711
0.0052,0.0000,0.0000,0.0000,0.0051,0.0001,200,0.2770
0.0042,0.0000,0.0000,0.0000,0.0041,0.0000,200,0.2781
0.0141,0.0000,0.0000,0.0000,0.0136,0.0000,200,0.2688
0.0462,0.0000,0.0000,0.0000,0.0461,0.0001,200,0.2373
0.0088,0.0000,0.0000,0.0000,0.0083,0.0001,200,0.2754
0.0165,0.0000,0.0000,0.0000,0.0164,0.0000,200,0.2681
0.0374,0.0000,0.0000,0.0000,0.0373,0.0000,200,0.2474
0.0124,0.0000,0.0000,0.0000,0.0124,0.0000,200,0.2726
0.0218,0.0000,0.0000,0.0000,0.0217,0.0000,200,0.2638
0.0017,0.0000,0.0000,0.0000,0.0016,0.0001,200,0.2848
0.0075,0.0000,0.0000,0.0000,0.0069,0.0006,200,0.2792
0.0163,0.0000,0.0000,0.0000,0.0161,0.0001,200,0.2706
0.0099,0.0000,0.0000,0.0000,0.0098,0.0000,200,0.2775
0.0532,0.0000,0.0000,0.0000,0.0531,0.0001,200,0.2345
0.0235,0.0000,0.0000,0.0000,0.0234,0.0001,200,0.2649
0.0088,0.0000,0.0000,0.0001,0.0087,0.0000,200,0.2799
0.0208,0.0000,0.0000,0.0000,0.0204,0.0000,200,0.2687
0.0332,0.0000,0.0000,0.0000,0.0331,0.0000,200,0.2566
0.0032,0.0000,0.0000,0.0000,0.0030,0.0001,200,0.2869
0.0084,0.0000,0.0000,0.0000,0.0083,0.0001,200,0.2823
0.0040,0.0000,0.0000,0.0000,0.0040,0.0000,200,0.2867
0.0393,0.0000,0.0000,0.0000,0.0393,0.0000,200,0.2515
0.0591,0.0000,0.0000,0.0001,0.0587,0.0001,200,0.2324
0.0042,0.0000,0.0000,0.0000,0.0040,0.0002,200,0.2877
0.0405,0.0000,0.0000,0.0000,0.0404,0.0000,200,0.2516
0.0030,0.0000,0.0000,0.0000,0.0029,0.0000,200,0.2896
0.0233,0.0000,0.0000,0.0000,0.0233,0.0000,200,0.2693
0.0150,0.0000,0.0000,0.0000,0.0145,0.0005,200,0.2786
0.0086,0.0000,0.0000,0.0000,0.0084,0.0001,200,0.2851
0.0017,0.0000,0.0000,0.0000,0.0017,0.0000,200,0.2926
0.0008,0.0000,0.0000,0.0000,0.0007,0.0000,200,0.2936
0.0116,0.0000,0.0000,0.0000,0.0111,0.0005,200,0.2829
0.0162,0.0000,0.0000,0.0000,0.0162,0.0000,200,0.2787
0.0232,0.0000,0.0000,0.0006,0.0225,0.0000,200,0.2719
0.0067,0.0000,0.0000,0.0001,0.0065,0.0000,200,0.2884
0.0218,0.0000,0.0000,0.0000,0.0217,0.0000,200,0.2737
0.0124,0.0000,0.0000,0.0001,0.0122,0.0001,200,0.2835
0.0049,0.0000,0.0000,0.0002,0.0046,0.0001,200,0.2915
0.0175,0.0000,0.0000,0.0000,0.0174,0.0001,200,0.2793
0.0279,0.0000,0.0000,0.0000,0.0278,0.0000,200,0.2699
0.0014,0.0000,0.0000,0.0000,0.0013,0.0000,200,0.2964
0.0026,0.0000,0.0000,0.0000,0.0026,0.0000,200,0.2952
0.0087,0.0000,0.0000,0.0000,0.0086,0.0000,200,0.2897
0.0356,0.0000,0.0000,0.0002,0.0354,0.0000,200,0.2628
0.0079,0.0000,0.0000,0.0000,0.0079,0.0000,200,0.2909
0.0120,0.0000,0.0000,0.0000,0.0118,0.0000,200,0.2874
0.0054,0.0000,0.0000,0.0002,0.0049,0.0001,200,0.2943
0.0156,0.0000,0.0000,0.0000,0.0155,0.0001,200,0.2842
0.0699,0.0000,0.0000,0.0000,0.0694,0.0004,200,0.2308
0.0287,0.0000,0.0000,0.0000,0.0282,0.0000,200,0.2721
0.0030,0.0000,0.0000,0.0000,0.0029,0.0000,200,0.2978
0.0031,0.0000,0.0000,0.0000,0.0027,0.0003,200,0.2984
0.0345,0.0000,0.0000,0.0000,0.0344,0.0001,200,0.2671
0.0353,0.0000,0.0000,0.0000,0.0352,0.0000,200,0.2667
0.0157,0.0000,0.0000,0.0000,0.0155,0.0000,200,0.2865
0.0032,0.0000,0.0000,0.0001,0.0031,0.0000,200,0.2997
0.0491,0.0000,0.0000,0.0000,0.0490,0.0001,200,0.2541
0.0266,0.0000,0.0000,0.0000,0.0265,0.0000,200,0.2770
0.0023,0.0000,0.0000,0.0000,0.0022,0.0001,200,0.3020
0.0028,0.0000,0.0000,0.0000,0.0027,0.0000,200,0.3015
0.0240,0.0000,0.0000,0.0001,0.0238,0.0001,200,0.2807
0.0235,0.0000,0.0000,0.0000,0.0234,0.0001,200,0.2813
0.0146,0.0000,0.0000,0.0000,0.0146,0.0000,200,0.2908
0.0459,0.0000,0.0000,0.0000,0.0458,0.0000,200,0.2596
0.0138,0.0000,0.0000,0.0000,0.0137,0.0000,200,0.2920
0.0037,0.0000,0.0000,0.0000,0.0035,0.0002,200,0.3029
0.0115,0.0000,0.0000,0.0000,0.0114,0.0000,200,0.2955
0.0095,0.0000,0.0000,0.0000,0.0094,0.0001,200,0.2978
0.0272,0.0000,0.0000,0.0000,0.0271,0.0001,200,0.2802
0.0101,0.0000,0.0000,0.0000,0.0100,0.0001,200,0.2978
0.0719,0.0000,0.0000,0.0000,0.0718,0.0001,200,0.2364
0.0032,0.0000,0.0000,0.0000,0.0031,0.0000,200,0.3054
0.0046,0.0000,0.0000,0.0000,0.0045,0.0001,200,0.3043
0.0144,0.0000,0.0000,0.0000,0.0142,0.0001,200,0.2950
0.0096,0.0000,0.0000,0.0000,0.0095,0.0000,200,0.2999
0.0113,0.0000,0.0000,0.0000,0.0112,0.0001,200,0.2988
0.0514,0.0000,0.0000,0.0000,0.0512,0.0000,200,0.2591
0.0086,0.0000,0.0000,0.0000,0.0085,0.0000,200,0.3022
0.0578,0.0000,0.0000,0.0000,0.0576,0.0000,200,0.2530
0.0167,0.0000,0.0000,0.0000,0.0161,0.0000,200,0.2944
0.0297,0.0000,0.0000,0.0000,0.0295,0.0001,200,0.2823
0.0106,0.0000,0.0000,0.0001,0.0103,0.0001,200,0.3016
0.0131,0.0000,0.0000,0.0000,0.0129,0.0002,200,0.2994
0.0081,0.0000,0.0000,0.0000,0.0080,0.0000,200,0.3048
0.0053,0.0000,0.0000,0.0000,0.0053,0.0000,200,0.3083
0.0154,0.0000,0.0000,0.0000,0.0153,0.0001,200,0.2984
0.0093,0.0000,0.0000,0.0000,0.0092,0.0001,200,0.3047
0.0259,0.0000,0.0000,0.0004,0.0253,0.0001,200,0.2887
0.0052,0.0000,0.0000,0.0000,0.0051,0.0000,200,0.3094
0.0536,0.0000,0.0000,0.0001,0.0534,0.0001,200,0.2615
0.0059,0.0000,0.0000,0.0000,0.0043,0.0005,200,0.3101
0.0153,0.0000,0.0000,0.0000,0.0153,0.0000,200,0.3007
0.0074,0.0000,0.0000,0.0000,0.0074,0.0000,200,0.3086
0.0436,0.0000,0.0000,0.0000,0.0435,0.0000,200,0.2727
0.0099,0.0000,0.0000,0.0000,0.0098,0.0000,200,0.3070
0.0038,0.0000,0.0000,0.0000,0.0037,0.0001,200,0.3136
0.0231,0.0000,0.0000,0.0000,0.0228,0.0001,200,0.2950
0.0087,0.0000,0.0000,0.0000,0.0086,0.0001,200,0.3094
0.0757,0.0000,0.0000,0.0001,0.0755,0.0000,200,0.2428
0.0027,0.0000,0.0000,0.0000,0.0025,0.0002,200,0.3164
0.0031,0.0000,0.0000,0.0000,0.0030,0.0000,200,0.3161
0.0519,0.0000,0.0000,0.0000,0.0518,0.0001,200,0.2675
0.0088,0.0000,0.0000,0.0000,0.0086,0.0000,200,0.3111
0.0190,0.0000,0.0000,0.0000,0.0189,0.0001,200,0.3008
0.0196,0.0000,0.0000,0.0000,0.0195,0.0000,200,0.3008
0.0062,0.0000,0.0000,0.0000,0.0061,0.0000,200,0.3146
0.1059,0.0000,0.0000,0.0000,0.1058,0.0000,200,0.2148
0.0032,0.0000,0.0000,0.0000,0.0031,0.0000,200,0.3181
0.0126,0.0000,0.0000,0.0000,0.0126,0.0000,200,0.3089
0.0055,0.0000,0.0000,0.0000,0.0055,0.0000,200,0.3161
0.0565,0.0000,0.0000,0.0003,0.0559,0.0001,200,0.2655
0.0254,0.0000,0.0000,0.0000,0.0253,0.0000,200,0.2968
0.0104,0.0000,0.0000,0.0000,0.0103,0.0000,200,0.3122
0.0164,0.0000,0.0000,0.0000,0.0163,0.0000,200,0.3066
0.0117,0.0000,0.0000,0.0000,0.0112,0.0005,200,0.3119
0.0056,0.0000,0.0000,0.0000,0.0056,0.0000,200,0.3181
0.0605,0.0000,0.0000,0.0001,0.0604,0.0000,200,0.2636
0.0025,0.0000,0.0000,0.0000,0.0023,0.0002,200,0.3221
0.0042,0.0000,0.0000,0.0000,0.0040,0.0000,200,0.3207
0.0050,0.0000,0.0000,0.0000,0.0049,0.0001,200,0.3204
0.0075,0.0000,0.0000,0.0000,0.0071,0.0003,200,0.3186
0.0040,0.0000,0.0000,0.0000,0.0040,0.0000,200,0.3230
0.0081,0.0000,0.0000,0.0000,0.0078,0.0002,200,0.3191
0.0212,0.0000,0.0000,0.0000,0.0199,0.0012,200,0.3073
0.0039,0.0000,0.0000,0.0000,0.0038,0.0001,200,0.3246
0.0077,0.0000,0.0000,0.0000,0.0063,0.0014,200,0.3215
0.0592,0.0000,0.0000,0.0000,0.0577,0.0014,200,0.2707
0.0228,0.0000,0.0000,0.0000,0.0218,0.0009,200,0.3075
0.0035,0.0000,0.0000,0.0002,0.0032,0.0000,200,0.3270
0.0198,0.0000,0.0000,0.0000,0.0196,0.0000,200,0.3108
0.0272,0.0000,0.0000,0.0000,0.0271,0.0001,200,0.3036
0.0150,0.0000,0.0000,0.0000,0.0150,0.0000,200,0.3160
0.0189,0.0000,0.0000,0.0000,0.0188,0.0000,200,0.3125
0.0419,0.0000,0.0000,0.0000,0.0415,0.0003,200,0.2901
0.0105,0.0000,0.0000,0.0000,0.0104,0.0000,200,0.3216
0.0025,0.0000,0.0000,0.0000,0.0024,0.0001,200,0.3298
0.0229,0.0000,0.0000,0.0000,0.0224,0.0005,200,0.3105
0.0031,0.0000,0.0000,0.0000,0.0026,0.0004,200,0.3303
0.0255,0.0000,0.0000,0.0000,0.0255,0.0000,200,0.3079
0.0303,0.0000,0.0000,0.0000,0.0302,0.0000,200,0.3032
0.0140,0.0000,0.0000,0.0000,0.0139,0.0000,200,0.3198
0.0082,0.0000,0.0000,0.0000,0.0080,0.0001,200,0.3260
0.0032,0.0000,0.0000,0.0000,0.0031,0.0000,200,0.3314
0.0147,0.0000,0.0000,0.0000,0.0145,0.0000,200,0.3207
0.0186,0.0000,0.0000,0.0000,0.0185,0.0001,200,0.3169
0.0304,0.0000,0.0000,0.0000,0.0303,0.0000,200,0.3055
0.0141,0.0000,0.0000,0.0000,0.0140,0.0002,200,0.3222
0.0034,0.0000,0.0000,0.0000,0.0033,0.0001,200,0.3334
0.0115,0.0000,0.0000,0.0000,0.0108,0.0000,200,0.3254
0.0436,0.0000,0.0000,0.0000,0.0435,0.0000,200,0.2936
0.0223,0.0000,0.0000,0.0000,0.0221,0.0002,200,0.3151
0.0190,0.0000,0.0000,0.0000,0.0189,0.0001,200,0.3191
0.0073,0.0000,0.0000,0.0000,0.0073,0.0000,200,0.3311
0.0038,0.0000,0.0000,0.0000,0.0037,0.0000,200,0.3354
0.0033,0.0000,0.0000,0.0000,0.0033,0.0000,200,0.3359
0.0202,0.0000,0.0000,0.0000,0.0201,0.0000,200,0.3198
0.0080,0.0000,0.0000,0.0001,0.0074,0.0005,200,0.3321
0.0483,0.0000,0.0000,0.0000,0.0479,0.0004,200,0.2927
0.0215,0.0000,0.0000,0.0000,0.0211,0.0000,200,0.3195
0.0237,0.0000,0.0000,0.0001,0.0236,0.0000,200,0.3174
0.0032,0.0000,0.0000,0.0000,0.0032,0.0000,200,0.3384
0.0016,0.0000,0.0000,0.0000,0.0015,0.0000,200,0.3400
0.0024,0.0000,0.0000,0.0000,0.0024,0.0000,200,0.3392
0.0087,0.0000,0.0000,0.0001,0.0085,0.0001,200,0.3335
0.0103,0.0000,0.0000,0.0000,0.0102,0.0001,200,0.3323
0.0014,0.0000,0.0000,0.0000,0.0013,0.0001,200,0.3416
0.0378,0.0000,0.0000,0.0000,0.0377,0.0000,200,0.3058
0.0120,0.0000,0.0000,0.0000,0.0119,0.0000,200,0.3320
0.0527,0.0000,0.0000,0.0000,0.0522,0.0004,200,0.2919
0.0016,0.0000,0.0000,0.0000,0.0015,0.0000,200,0.3430
0.0503,0.0000,0.0000,0.0000,0.0501,0.0002,200,0.2945
0.0181,0.0000,0.0000,0.0000,0.0180,0.0001,200,0.3272
0.0047,0.0000,0.0000,0.0000,0.0046,0.0001,200,0.3411
0.0353,0.0000,0.0000,0.0004,0.0349,0.0000,200,0.3108
0.0027,0.0000,0.0000,0.0000,0.0026,0.0001,200,0.3440
0.0009,0.0000,0.0000,0.0000,0.0009,0.0000,200,0.3461
0.0254,0.0000,0.0000,0.0000,0.0251,0.0002,200,0.3216
0.0170,0.0000,0.0000,0.0000,0.0169,0.0000,200,0.3305
0.0173,0.0000,0.0000,0.0000,0.0172,0.0000,200,0.3306
0.0524,0.0000,0.0000,0.0000,0.0524,0.0000,200,0.2959
0.0826,0.0000,0.0000,0.0000,0.0825,0.0001,200,0.2661
0.0023,0.0000,0.0000,0.0000,0.0020,0.0002,200,0.3470
0.0093,0.0000,0.0000,0.0000,0.0092,0.0000,200,0.3400
0.0453,0.0000,0.0000,0.0000,0.0452,0.0001,200,0.3043
0.0064,0.0000,0.0000,0.0000,0.0064,0.0000,200,0.3436
0.0057,0.0000,0.0000,0.0000,0.0056,0.0000,200,0.3446
0.0058,0.0000,0.0000,0.0000,0.0058,0.0000,200,0.3449
0.0225,0.0000,0.0000,0.0005,0.0219,0.0000,200,0.3284
0.0065,0.0000,0.0000,0.0000,0.0064,0.0001,200,0.3446
0.0282,0.0000,0.0000,0.0000,0.0281,0.0001,200,0.3237
0.0020,0.0000,0.0000,0.0000,0.0018,0.0001,200,0.3503
0.0132,0.0000,0.0000,0.0000,0.0132,0.0000,200,0.3392
0.0154,0.0000,0.0000,0.0000,0.0152,0.0000,200,0.3374
0.0288,0.0000,0.0000,0.0000,0.0288,0.0000,200,0.3241
0.0042,0.0000,0.0000,0.0000,0.0041,0.0000,200,0.3493
0.0412,0.0000,0.0000,0.0000,0.0410,0.0002,200,0.3129
0.0700,0.0000,0.0000,0.0001,0.0697,0.0002,200,0.2846
0.0309,0.0000,0.0000,0.0000,0.0308,0.0000,200,0.3237
0.0412,0.0000,0.0000,0.0000,0.0409,0.0001,200,0.3138
0.0057,0.0000,0.0000,0.0000,0.0056,0.0001,200,0.3496
0.0042,0.0000,0.0000,0.0001,0.0038,0.0003,200,0.3511
0.0186,0.0000,0.0000,0.0000,0.0185,0.0000,200,0.3372
0.0133,0.0000,0.0000,0.0000,0.0132,0.0000,200,0.3426
0.0065,0.0000,0.0000,0.0000,0.0063,0.0001,200,0.3501
0.0062,0.0000,0.0000,0.0005,0.0056,0.0001,200,0.3507
0.0094,0.0000,0.0000,0.0001,0.0092,0.0000,200,0.3478
0.0034,0.0000,0.0000,0.0000,0.0033,0.0000,200,0.3546
0.0034,0.0000,0.0000,0.0000,0.0033,0.0000,200,0.3553
0.0733,0.0000,0.0000,0.0000,0.0732,0.0000,200,0.2856
0.0025,0.0000,0.0000,0.0000,0.0024,0.0001,200,0.3565
0.0686,0.0000,0.0000,0.0000,0.0684,0.0000,200,0.2907
0.0062,0.0000,0.0000,0.0000,0.0061,0.0001,200,0.3535
0.0033,0.0000,0.0000,0.0001,0.0031,0.0000,200,0.3569
0.0195,0.0000,0.0000,0.0000,0.0193,0.0002,200,0.3410
0.0272,0.0000,0.0000,0.0000,0.0271,0.0001,200,0.3334
0.0266,0.0000,0.0000,0.0000,0.0265,0.0000,200,0.3346
0.0259,0.0000,0.0000,0.0000,0.0258,0.0000,200,0.3355
0.0240,0.0000,0.0000,0.0000,0.0237,0.0001,200,0.3381
0.0079,0.0000,0.0000,0.0000,0.0078,0.0001,200,0.3546
0.0489,0.0000,0.0000,0.0000,0.0487,0.0000,200,0.3140
0.0214,0.0000,0.0000,0.0000,0.0213,0.0000,200,0.3422
0.0128,0.0000,0.0000,0.0001,0.0126,0.0000,200,0.3509
0.0109,0.0000,0.0000,0.0000,0.0106,0.0001,200,0.3529
0.0055,0.0000,0.0000,0.0000,0.0051,0.0000,200,0.3589
0.0232,0.0000,0.0000,0.0000,0.0231,0.0000,200,0.3416
0.0317,0.0000,0.0000,0.0000,0.0316,0.0000,200,0.3334
0.0057,0.0000,0.0000,0.0000,0.0056,0.0001,200,0.3602
0.0193,0.0000,0.0000,0.0000,0.0190,0.0002,200,0.3470
0.0087,0.0000,0.0000,0.0000,0.0086,0.0000,200,0.3580
0.0192,0.0000,0.0000,0.0000,0.0188,0.0003,200,0.3487
0.0041,0.0000,0.0000,0.0000,0.0040,0.0000,200,0.3644
0.0204,0.0000,0.0000,0.0000,0.0200,0.0004,200,0.3493
0.0086,0.0000,0.0000,0.0000,0.0085,0.0000,200,0.3612
0.0472,0.0000,0.0000,0.0000,0.0471,0.0000,200,0.3226
0.0156,0.0000,0.0000,0.0000,0.0152,0.0000,200,0.3550
0.0224,0.0000,0.0000,0.0000,0.0223,0.0000,200,0.3484
0.0125,0.0000,0.0000,0.0000,0.0122,0.0001,200,0.3588
0.0060,0.0000,0.0000,0.0000,0.0059,0.0000,200,0.3660
0.0434,0.0000,0.0000,0.0012,0.0422,0.0000,200,0.3286
0.0019,0.0000,0.0000,0.0000,0.0019,0.0000,200,0.3707
0.0269,0.0000,0.0000,0.0000,0.0268,0.0001,200,0.3458
0.0366,0.0000,0.0000,0.0000,0.0364,0.0002,200,0.3369
0.0186,0.0000,0.0000,0.0000,0.0185,0.0000,200,0.3553
0.0330,0.0000,0.0000,0.0000,0.0329,0.0000,200,0.3410
0.0176,0.0000,0.0000,0.0002,0.0172,0.0000,200,0.3573
0.0029,0.0000,0.0000,0.0000,0.0028,0.0001,200,0.3727
0.0154,0.0000,0.0000,0.0000,0.0153,0.0001,200,0.3605
0.0135,0.0000,0.0000,0.0000,0.0135,0.0000,200,0.3625
0.0467,0.0000,0.0000,0.0000,0.0466,0.0000,200,0.3298
0.0172,0.0000,0.0000,0.0000,0.0171,0.0000,200,0.3597
0.0077,0.0000,0.0000,0.0001,0.0075,0.0001,200,0.3697
0.0072,0.0000,0.0000,0.0000,0.0071,0.0001,200,0.3706
0.0021,0.0000,0.0000,0.0000,0.0020,0.0001,200,0.3759
0.0225,0.0000,0.0000,0.0000,0.0223,0.0002,200,0.3560
0.0010,0.0000,0.0000,0.0000,0.0008,0.0000,200,0.3778
0.0428,0.0000,0.0000,0.0000,0.0427,0.0001,200,0.3363
0.0269,0.0000,0.0000,0.0000,0.0268,0.0000,200,0.3523
0.0038,0.0000,0.0000,0.0000,0.0037,0.0001,200,0.3756
0.0151,0.0000,0.0000,0.0000,0.0150,0.0000,200,0.3648
0.0013,0.0000,0.0000,0.0000,0.0012,0.0001,200,0.3792
0.0016,0.0000,0.0000,0.0000,0.0014,0.0001,200,0.3792
0.0180,0.0000,0.0000,0.0000,0.0179,0.0000,200,0.3629
0.0048,0.0000,0.0000,0.0001,0.0047,0.0000,200,0.3765
0.0017,0.0000,0.0000,0.0000,0.0016,0.0000,200,0.3799
0.0045,0.0000,0.0000,0.0000,0.0045,0.0000,200,0.3774
0.0263,0.0000,0.0000,0.0000,0.0263,0.0000,200,0.3559
0.0107,0.0000,0.0000,0.0000,0.0106,0.0002,200,0.3720
0.0161,0.0000,0.0000,0.0000,0.0160,0.0000,200,0.3667
0.0379,0.0000,0.0000,0.0000,0.0378,0.0001,200,0.3453
0.0369,0.0000,0.0000,0.0000,0.0361,0.0001,200,0.3468
0.0146,0.0000,0.0000,0.0000,0.0145,0.0001,200,0.3698
0.0232,0.0000,0.0000,0.0000,0.0231,0.0000,200,0.3614
0.0103,0.0000,0.0000,0.0000,0.0102,0.0000,200,0.3748
0.0193,0.0000,0.0000,0.0000,0.0192,0.0001,200,0.3663
0.0024,0.0000,0.0000,0.0000,0.0023,0.0001,200,0.3832
0.0013,0.0000,0.0000,0.0000,0.0012,0.0000,200,0.3847
0.0080,0.0000,0.0000,0.0001,0.0078,0.0000,200,0.3785
0.0047,0.0000,0.0000,0.0000,0.0046,0.0000,200,0.3822
0.0145,0.0000,0.0000,0.0000,0.0142,0.0003,200,0.3727
0.0539,0.0000,0.0000,0.0000,0.0538,0.0000,200,0.3339
0.0363,0.0000,0.0000,0.0000,0.0362,0.0000,200,0.3518
0.0117,0.0000,0.0000,0.0000,0.0116,0.0000,200,0.3769
0.0052,0.0000,0.0000,0.0000,0.0050,0.0000,200,0.3837
0.0303,0.0000,0.0000,0.0002,0.0299,0.0002,200,0.3593
0.0025,0.0000,0.0000,0.0000,0.0023,0.0001,200,0.3872
0.0168,0.0000,0.0000,0.0000,0.0166,0.0001,200,0.3735
0.0315,0.0000,0.0000,0.0000,0.0314,0.0001,200,0.3591
0.0224,0.0000,0.0000,0.0000,0.0222,0.0001,200,0.3685
0.0154,0.0000,0.0000,0.0000,0.0154,0.0000,200,0.3760
0.0282,0.0000,0.0000,0.0000,0.0281,0.0001,200,0.3638
0.0393,0.0000,0.0000,0.0000,0.0391,0.0002,200,0.3528
0.0038,0.0000,0.0000,0.0000,0.0037,0.0000,200,0.3889
0.0785,0.0000,0.0000,0.0000,0.0783,0.0002,200,0.3146
0.0194,0.0000,0.0000,0.0000,0.0192,0.0001,200,0.3739
0.0018,0.0000,0.0000,0.0000,0.0018,0.0000,200,0.3921
0.0046,0.0000,0.0000,0.0000,0.0045,0.0001,200,0.3897
0.0314,0.0000,0.0000,0.0000,0.0312,0.0002,200,0.3636
0.0070,0.0000,0.0000,0.0000,0.0069,0.0000,200,0.3881
0.0183,0.0000,0.0000,0.0000,0.0183,0.0001,200,0.3780
0.0244,0.0000,0.0000,0.0000,0.0244,0.0000,200,0.3720
0.0160,0.0000,0.0000,0.0000,0.0160,0.0000,200,0.3804
0.0138,0.0000,0.0000,0.0000,0.0137,0.0000,200,0.3828
0.0081,0.0000,0.0000,0.0000,0.0080,0.0001,200,0.3885
0.0021,0.0000,0.0000,0.0001,0.0016,0.0002,200,0.3951
0.0561,0.0000,0.0000,0.0000,0.0552,0.0008,200,0.3416
0.0012,0.0000,0.0000,0.0000,0.0012,0.0000,200,0.3965
0.0346,0.0000,0.0000,0.0001,0.0344,0.0001,200,0.3637
0.0023,0.0000,0.0000,0.0000,0.0022,0.0000,200,0.3964
0.0466,0.0000,0.0000,0.0000,0.0463,0.0002,200,0.3524
0.0099,0.0000,0.0000,0.0000,0.0098,0.0001,200,0.3895
0.0089,0.0000,0.0000,0.0000,0.0088,0.0000,200,0.3909
0.0058,0.0000,0.0000,0.0000,0.0056,0.0002,200,0.3940
0.0144,0.0000,0.0000,0.0000,0.0144,0.0000,200,0.3859
0.0150,0.0000,0.0000,0.0000,0.0150,0.0000,200,0.3857
0.0161,0.0000,0.0000,0.0004,0.0156,0.0000,200,0.3851
0.0039,0.0000,0.0000,0.0000,0.0038,0.0000,200,0.3977
0.0414,0.0000,0.0000,0.0001,0.0412,0.0000,200,0.3606
0.0236,0.0000,0.0000,0.0000,0.0234,0.0001,200,0.3788
0.0024,0.0000,0.0000,0.0000,0.0023,0.0000,200,0.4004
0.0126,0.0000,0.0000,0.0001,0.0124,0.0000,200,0.3906
0.0043,0.0000,0.0000,0.0000,0.0040,0.0001,200,0.3995
0.0053,0.0000,0.0000,0.0000,0.0052,0.0001,200,0.3987
0.0080,0.0000,0.0000,0.0000,0.0080,0.0000,200,0.3965
0.0312,0.0000,0.0000,0.0000,0.0311,0.0001,200,0.3739
0.0040,0.0000,0.0000,0.0000,0.0040,0.0001,200,0.4016
0.0044,0.0000,0.0000,0.0000,0.0044,0.0000,200,0.4012
0.0239,0.0000,0.0000,0.0000,0.0239,0.0000,200,0.3820
0.0080,0.0000,0.0000,0.0000,0.0079,0.0001,200,0.3983
0.0017,0.0000,0.0000,0.0001,0.0015,0.0001,200,0.4051
0.0016,0.0000,0.0000,0.0000,0.0013,0.0000,200,0.4056
0.0768,0.0000,0.0000,0.0000,0.0767,0.0001,200,0.3309
0.0154,0.0000,0.0000,0.0000,0.0153,0.0001,200,0.3927
0.0259,0.0000,0.0000,0.0000,0.0256,0.0003,200,0.3827
0.0061,0.0000,0.0000,0.0000,0.0061,0.0000,200,0.4028
0.0047,0.0000,0.0000,0.0000,0.0046,0.0001,200,0.4045
0.0015,0.0000,0.0000,0.0000,0.0014,0.0001,200,0.4081
0.0165,0.0000,0.0000,0.0001,0.0162,0.0002,200,0.3933
0.0236,0.0000,0.0000,0.0000,0.0235,0.0001,200,0.3869
0.0037,0.0000,0.0000,0.0000,0.0036,0.0001,200,0.4072
0.0571,0.0000,0.0000,0.0002,0.0567,0.0001,200,0.3541
0.0111,0.0000,0.0000,0.0000,0.0110,0.0000,200,0.4007
0.0204,0.0000,0.0000,0.0000,0.0199,0.0001,200,0.3914
0.0872,0.0000,0.0000,0.0000,0.0871,0.0000,200,0.3250
0.0020,0.0000,0.0000,0.0000,0.0019,0.0000,200,0.4105
0.0657,0.0000,0.0000,0.0000,0.0656,0.0001,200,0.3475
0.0049,0.0000,0.0000,0.0000,0.0047,0.0001,200,0.4089
0.0263,0.0000,0.0000,0.0000,0.0263,0.0000,200,0.3877
0.0086,0.0000,0.0000,0.0000,0.0085,0.0001,200,0.4056
0.0338,0.0000,0.0000,0.0001,0.0337,0.0000,200,0.3807
0.0114,0.0000,0.0000,0.0000,0.0112,0.0001,200,0.4038
0.0160,0.0000,0.0000,0.0001,0.0158,0.0001,200,0.3998
0.0044,0.0000,0.0000,0.0000,0.0042,0.0000,200,0.4118
0.0019,0.0000,0.0000,0.0000,0.0017,0.0002,200,0.4143
0.0199,0.0000,0.0000,0.0000,0.0198,0.0001,200,0.3966
0.0185,0.0000,0.0000,0.0000,0.0184,0.0001,200,0.3990
0.0212,0.0000,0.0000,0.0000,0.0212,0.0000,200,0.3964
0.0018,0.0000,0.0000,0.0001,0.0016,0.0001,200,0.4162
0.0163,0.0000,0.0000,0.0000,0.0162,0.0001,200,0.4020
0.0238,0.0000,0.0000,0.0000,0.0237,0.0000,200,0.3951
0.0106,0.0000,0.0000,0.0000,0.0104,0.0001,200,0.4086
0.0075,0.0000,0.0000,0.0000,0.0074,0.0001,200,0.4122
0.0049,0.0000,0.0000,0.0004,0.0042,0.0002,200,0.4152
0.0103,0.0000,0.0000,0.0000,0.0102,0.0001,200,0.4099
0.0060,0.0000,0.0000,0.0000,0.0059,0.0001,200,0.4145
0.0345,0.0000,0.0000,0.0000,0.0343,0.0001,200,0.3865
0.0593,0.0000,0.0000,0.0000,0.0592,0.0000,200,0.3621
0.0038,0.0000,0.0000,0.0001,0.0034,0.0003,200,0.4183
0.0854,0.0000,0.0000,0.0000,0.0849,0.0001,200,0.3368
0.0384,0.0000,0.0000,0.0002,0.0381,0.0000,200,0.3844
0.0167,0.0000,0.0000,0.0000,0.0165,0.0002,200,0.4063
0.0196,0.0000,0.0000,0.0000,0.0195,0.0001,200,0.4040
0.0421,0.0000,0.0000,0.0000,0.0420,0.0000,200,0.3816
0.0039,0.0000,0.0000,0.0001,0.0035,0.0001,200,0.4201
0.0083,0.0000,0.0000,0.0000,0.0081,0.0000,200,0.4165
0.0058,0.0000,0.0000,0.0000,0.0055,0.0002,200,0.4192
0.0397,0.0000,0.0000,0.0000,0.0397,0.0001,200,0.3857
0.0053,0.0000,0.0000,0.0000,0.0052,0.0001,200,0.4205
0.0038,0.0000,0.0000,0.0000,0.0037,0.0001,200,0.4222
0.0027,0.0000,0.0000,0.0000,0.0024,0.0000,200,0.4238
0.0024,0.0000,0.0000,0.0000,0.0022,0.0001,200,0.4249
0.0331,0.0000,0.0000,0.0000,0.0330,0.0000,200,0.3944
0.0113,0.0000,0.0000,0.0000,0.0113,0.0000,200,0.4162
0.0034,0.0000,0.0000,0.0000,0.0034,0.0000,200,0.4249
0.0011,0.0000,0.0000,0.0002,0.0008,0.0000,200,0.4272
0.0308,0.0000,0.0000,0.0000,0.0307,0.0001,200,0.3977
0.0611,0.0000,0.0000,0.0002,0.0609,0.0000,200,0.3679
0.0042,0.0000,0.0000,0.0000,0.0041,0.0001,200,0.4254
0.0109,0.0000,0.0000,0.0000,0.0108,0.0000,200,0.4188
0.0962,0.0000,0.0000,0.0000,0.0960,0.0002,200,0.3342
0.0654,0.0000,0.0000,0.0000,0.0653,0.0000,200,0.3651
0.0234,0.0000,0.0000,0.0000,0.0233,0.0000,200,0.4077
0.0057,0.0000,0.0000,0.0000,0.0057,0.0000,200,0.4259
0.0061,0.0000,0.0000,0.0001,0.0057,0.0002,200,0.4261
0.0039,0.0000,0.0000,0.0000,0.0038,0.0001,200,0.4285
0.0088,0.0000,0.0000,0.0000,0.0085,0.0000,200,0.4240
0.0118,0.0000,0.0000,0.0000,0.0117,0.0000,200,0.4213
0.0240,0.0000,0.0000,0.0001,0.0239,0.0000,200,0.4096
0.0343,0.0000,0.0000,0.0000,0.0342,0.0000,200,0.3998
0.0631,0.0000,0.0000,0.0000,0.0630,0.0001,200,0.3713
0.0553,0.0000,0.0000,0.0000,0.0552,0.0000,200,0.3794
0.0041,0.0000,0.0000,0.0000,0.0040,0.0001,200,0.4312
0.0326,0.0000,0.0000,0.0000,0.0324,0.0001,200,0.4032
0.0074,0.0000,0.0000,0.0000,0.0073,0.0001,200,0.4284
0.0294,0.0000,0.0000,0.0000,0.0293,0.0000,200,0.4068
0.0228,0.0000,0.0000,0.0000,0.0224,0.0004,200,0.4141
0.0244,0.0000,0.0000,0.0000,0.0243,0.0000,200,0.4125
0.0561,0.0000,0.0000,0.0001,0.0559,0.0001,200,0.3813
0.0115,0.0000,0.0000,0.0001,0.0111,0.0002,200,0.4265
0.0067,0.0000,0.0000,0.0000,0.0065,0.0001,200,0.4317
0.0186,0.0000,0.0000,0.0000,0.0183,0.0000,200,0.4202
0.0219,0.0000,0.0000,0.0002,0.0212,0.0005,200,0.4180
0.0288,0.0000,0.0000,0.0002,0.0279,0.0006,200,0.4112
0.0203,0.0000,0.0000,0.0000,0.0202,0.0001,200,0.4197
0.0177,0.0000,0.0000,0.0001,0.0173,0.0003,200,0.4230
0.0499,0.0000,0.0000,0.0000,0.0493,0.0005,200,0.3920
0.0056,0.0000,0.0000,0.0001,0.0039,0.0016,200,0.4375
0.0467,0.0000,0.0000,0.0000,0.0466,0.0000,200,0.3972
0.0537,0.0000,0.0000,0.0000,0.0535,0.0001,200,0.3903
0.0056,0.0000,0.0000,0.0001,0.0054,0.0000,200,0.4384
0.0165,0.0000,0.0000,0.0000,0.0142,0.0023,200,0.4275
0.0157,0.0000,0.0000,0.0000,0.0138,0.0019,200,0.4284
0.0284,0.0000,0.0000,0.0000,0.0267,0.0017,200,0.4157
0.0310,0.0000,0.0000,0.0001,0.0294,0.0015,200,0.4131
0.0167,0.0000,0.0000,0.0000,0.0146,0.0021,200,0.4275
0.0149,0.0000,0.0000,0.0000,0.0148,0.0001,200,0.4297
0.0222,0.0000,0.0000,0.0000,0.0220,0.0001,200,0.4228
0.0099,0.0000,0.0000,0.0000,0.0098,0.0000,200,0.4353
0.0015,0.0000,0.0000,0.0000,0.0014,0.0000,200,0.4442
0.0020,0.0000,0.0000,0.0000,0.0019,0.0000,200,0.4441
0.0134,0.0000,0.0000,0.0000,0.0133,0.0001,200,0.4331
0.0171,0.0000,0.0000,0.0000,0.0170,0.0000,200,0.4297
0.0114,0.0000,0.0000,0.0000,0.0114,0.0000,200,0.4357
0.0039,0.0000,0.0000,0.0000,0.0036,0.0002,200,0.4439
0.0021,0.0000,0.0000,0.0000,0.0021,0.0000,200,0.4457
0.0459,0.0000,0.0000,0.0000,0.0458,0.0000,200,0.4023
0.0164,0.0000,0.0000,0.0000,0.0164,0.0000,200,0.4321
0.0143,0.0000,0.0000,0.0000,0.0143,0.0000,200,0.4348
0.0171,0.0000,0.0000,0.0000,0.0170,0.0000,200,0.4325
0.0102,0.0000,0.0000,0.0001,0.0100,0.0001,200,0.4401
0.0039,0.0000,0.0000,0.0000,0.0036,0.0002,200,0.4465
0.0069,0.0000,0.0000,0.0000,0.0067,0.0001,200,0.4440
0.0082,0.0000,0.0000,0.0012,0.0069,0.0001,200,0.4430
0.0304,0.0000,0.0000,0.0000,0.0304,0.0000,200,0.4210
0.0042,0.0000,0.0000,0.0000,0.0040,0.0001,200,0.4478
0.0220,0.0000,0.0000,0.0001,0.0217,0.0001,200,0.4305
0.0191,0.0000,0.0000,0.0000,0.0189,0.0001,200,0.4336
0.0152,0.0000,0.0000,0.0000,0.0151,0.0000,200,0.4380
0.0130,0.0000,0.0000,0.0032,0.0096,0.0002,200,0.4407
0.0055,0.0000,0.0000,0.0000,0.0053,0.0000,200,0.4482
0.0175,0.0000,0.0000,0.0001,0.0171,0.0001,200,0.4369
0.0454,0.0000,0.0000,0.0000,0.0454,0.0000,200,0.4092
0.0046,0.0000,0.0000,0.0000,0.0044,0.0001,200,0.4503
0.0082,0.0000,0.0000,0.0000,0.0081,0.0001,200,0.4472
0.0380,0.0000,0.0000,0.0000,0.0379,0.0000,200,0.4176
0.0865,0.0000,0.0000,0.0000,0.0861,0.0003,200,0.3697
0.0041,0.0000,0.0000,0.0000,0.0039,0.0000,200,0.4525
0.0102,0.0000,0.0000,0.0000,0.0101,0.0001,200,0.4468
0.0247,0.0000,0.0000,0.0000,0.0246,0.0001,200,0.4327
0.0134,0.0000,0.0000,0.0000,0.0133,0.0000,200,0.4441
0.0139,0.0000,0.0000,0.0000,0.0137,0.0001,200,0.4440
0.0222,0.0000,0.0000,0.0000,0.0220,0.0001,200,0.4362
0.0525,0.0000,0.0000,0.0002,0.0523,0.0000,200,0.4059
0.0243,0.0000,0.0000,0.0000,0.0242,0.0000,200,0.4344
0.0040,0.0000,0.0000,0.0001,0.0034,0.0005,200,0.4556
0.0009,0.0000,0.0000,0.0000,0.0008,0.0000,200,0.4587
0.0030,0.0000,0.0000,0.0000,0.0026,0.0004,200,0.4570
0.0092,0.0000,0.0000,0.0000,0.0091,0.0000,200,0.4509
0.0428,0.0000,0.0000,0.0000,0.0427,0.0000,200,0.4174
0.0057,0.0000,0.0000,0.0001,0.0055,0.0001,200,0.4548
0.0096,0.0000,0.0000,0.0000,0.0096,0.0000,200,0.4512
0.0395,0.0000,0.0000,0.0000,0.0393,0.0001,200,0.4221
0.0119,0.0000,0.0000,0.0000,0.0117,0.0001,200,0.4497
0.0166,0.0000,0.0000,0.0000,0.0165,0.0001,200,0.4452
0.0723,0.0000,0.0000,0.0000,0.0720,0.0001,200,0.3931
0.0215,0.0000,0.0000,0.0000,0.0214,0.0000,200,0.4440
0.0111,0.0000,0.0000,0.0000,0.0111,0.0000,200,0.4544
0.0118,0.0000,0.0000,0.0000,0.0118,0.0000,200,0.4537
0.0080,0.0000,0.0000,0.0000,0.0079,0.0000,200,0.4575
0.0060,0.0000,0.0000,0.0000,0.0052,0.0003,200,0.4596
0.0271,0.0000,0.0000,0.0001,0.0264,0.0000,200,0.4388
0.0247,0.0000,0.0000,0.0019,0.0224,0.0002,200,0.4420
0.0087,0.0000,0.0000,0.0000,0.0086,0.0000,200,0.4580
0.0118,0.0000,0.0000,0.0001,0.0116,0.0001,200,0.4553
0.0375,0.0000,0.0000,0.0000,0.0374,0.0001,200,0.4304
0.0074,0.0000,0.0000,0.0000,0.0073,0.0001,200,0.4616
0.0882,0.0000,0.0000,0.0000,0.0881,0.0000,200,0.3808
0.0158,0.0000,0.0000,0.0000,0.0158,0.0000,200,0.4532
0.0204,0.0000,0.0000,0.0000,0.0203,0.0000,200,0.4486
0.0016,0.0000,0.0000,0.0000,0.0015,0.0000,200,0.4679
0.0031,0.0000,0.0000,0.0000,0.0030,0.0000,200,0.4667
0.0249,0.0000,0.0000,0.0000,0.0248,0.0001,200,0.4449
0.0048,0.0000,0.0000,0.0000,0.0047,0.0001,200,0.4655
0.0056,0.0000,0.0000,0.0000,0.0052,0.0002,200,0.4654
0.0021,0.0000,0.0000,0.0000,0.0021,0.0000,200,0.4690
0.0132,0.0000,0.0000,0.0001,0.0131,0.0000,200,0.4584
0.0193,0.0000,0.0000,0.0000,0.0193,0.0000,200,0.4527
0.0434,0.0000,0.0000,0.0000,0.0433,0.0000,200,0.4291
0.0588,0.0000,0.0000,0.0000,0.0584,0.0004,200,0.4138
0.0042,0.0000,0.0000,0.0000,0.0041,0.0001,200,0.4690
0.0078,0.0000,0.0000,0.0000,0.0078,0.0000,200,0.4656
0.0075,0.0000,0.0000,0.0000,0.0075,0.0000,200,0.4659
0.0088,0.0000,0.0000,0.0000,0.0086,0.0001,200,0.4654
0.0345,0.0000,0.0000,0.0001,0.0340,0.0000,200,0.4399
0.0078,0.0000,0.0000,0.0000,0.0077,0.0001,200,0.4672
0.0210,0.0000,0.0000,0.0000,0.0209,0.0000,200,0.4546
0.0046,0.0000,0.0000,0.0000,0.0043,0.0003,200,0.4716
0.0244,0.0000,0.0000,0.0000,0.0243,0.0000,200,0.4519
0.0210,0.0000,0.0000,0.0000,0.0207,0.0003,200,0.4562
0.0404,0.0000,0.0000,0.0000,0.0403,0.0000,200,0.4369
0.0330,0.0000,0.0000,0.0000,0.0329,0.0000,200,0.4446
0.0045,0.0000,0.0000,0.0000,0.0044,0.0000,200,0.4732
0.0128,0.0000,0.0000,0.0000,0.0127,0.0001,200,0.4655
0.0044,0.0000,0.0000,0.0001,0.0042,0.0000,200,0.4742
0.0555,0.0000,0.0000,0.0001,0.0553,0.0001,200,0.4235
0.0259,0.0000,0.0000,0.0000,0.0258,0.0001,200,0.4537
0.0336,0.0000,0.0000,0.0000,0.0335,0.0000,200,0.4462
0.0051,0.0000,0.0000,0.0000,0.0051,0.0000,200,0.4750
0.0206,0.0000,0.0000,0.0000,0.0205,0.0000,200,0.4602
0.0330,0.0000,0.0000,0.0000,0.0329,0.0000,200,0.4478
0.0050,0.0000,0.0000,0.0000,0.0047,0.0002,200,0.4763
0.0031,0.0000,0.0000,0.0000,0.0029,0.0002,200,0.4786
0.0044,0.0000,0.0000,0.0000,0.0044,0.0000,200,0.4776
0.0229,0.0000,0.0000,0.0000,0.0223,0.0000,200,0.4596
0.0120,0.0000,0.0000,0.0000,0.0120,0.0001,200,0.4710
0.0330,0.0000,0.0000,0.0001,0.0328,0.0001,200,0.4505
0.0045,0.0000,0.0000,0.0001,0.0041,0.0000,200,0.4791
0.0501,0.0000,0.0000,0.0000,0.0500,0.0001,200,0.4341
0.0121,0.0000,0.0000,0.0000,0.0120,0.0000,200,0.4726
0.0451,0.0000,0.0000,0.0005,0.0445,0.0000,200,0.4399
0.0155,0.0000,0.0000,0.0000,0.0151,0.0002,200,0.4698
0.0040,0.0000,0.0000,0.0001,0.0038,0.0001,200,0.4817
0.0051,0.0000,0.0000,0.0000,0.0050,0.0000,200,0.4808
0.0011,0.0000,0.0000,0.0000,0.0010,0.0001,200,0.4850
0.0036,0.0000,0.0000,0.0000,0.0036,0.0000,200,0.4831
0.0284,0.0000,0.0000,0.0002,0.0282,0.0000,200,0.4584
0.0054,0.0000,0.0000,0.0000,0.0053,0.0000,200,0.4820
0.0187,0.0000,0.0000,0.0000,0.0186,0.0001,200,0.4690
0.0181,0.0000,0.0000,0.0000,0.0180,0.0001,200,0.4703
0.0189,0.0000,0.0000,0.0001,0.0187,0.0001,200,0.4698
0.0453,0.0000,0.0000,0.0000,0.0452,0.0000,200,0.4439
0.0008,0.0000,0.0000,0.0000,0.0007,0.0000,200,0.4884
0.0283,0.0000,0.0000,0.0000,0.0281,0.0001,200,0.4616
0.0168,0.0000,0.0000,0.0000,0.0166,0.0002,200,0.4734
0.0127,0.0000,0.0000,0.0000,0.0126,0.0000,200,0.4777
0.0085,0.0000,0.0000,0.0000,0.0084,0.0001,200,0.4825
0.0077,0.0000,0.0000,0.0000,0.0076,0.0000,200,0.4835
0.0314,0.0000,0.0000,0.0000,0.0314,0.0000,200,0.4601
0.0346,0.0000,0.0000,0.0000,0.0345,0.0000,200,0.4574
0.0047,0.0000,0.0000,0.0000,0.0046,0.0000,200,0.4878
0.0127,0.0000,0.0000,0.0000,0.0125,0.0001,200,0.4798
0.0123,0.0000,0.0000,0.0000,0.0122,0.0001,200,0.4808
0.0326,0.0000,0.0000,0.0001,0.0323,0.0001,200,0.4608
0.0069,0.0000,0.0000,0.0001,0.0067,0.0000,200,0.4868
0.0073,0.0000,0.0000,0.0000,0.0073,0.0000,200,0.4867
0.0042,0.0000,0.0000,0.0001,0.0039,0.0001,200,0.4902
0.0176,0.0000,0.0000,0.0000,0.0175,0.0000,200,0.4773
0.0093,0.0000,0.0000,0.0000,0.0092,0.0001,200,0.4861
0.0061,0.0000,0.0000,0.0000,0.0059,0.0001,200,0.4898
0.0165,0.0000,0.0000,0.0001,0.0163,0.0001,200,0.4796
0.0114,0.0000,0.0000,0.0000,0.0107,0.0007,200,0.4859
0.0615,0.0000,0.0000,0.0000,0.0614,0.0000,200,0.4357
0.0019,0.0000,0.0000,0.0000,0.0017,0.0002,200,0.4954
0.0873,0.0000,0.0000,0.0000,0.0871,0.0000,200,0.4109
0.0041,0.0000,0.0000,0.0000,0.0040,0.0001,200,0.4944
0.0142,0.0000,0.0000,0.0000,0.0142,0.0000,200,0.4846
0.0031,0.0000,0.0000,0.0000,0.0027,0.0003,200,0.4961
0.0022,0.0000,0.0000,0.0001,0.0021,0.0001,200,0.4973
0.0075,0.0000,0.0000,0.0000,0.0073,0.0001,200,0.4924
0.0278,0.0000,0.0000,0.0001,0.0276,0.0000,200,0.4726
0.0406,0.0000,0.0000,0.0000,0.0404,0.0000,200,0.4600
0.0344,0.0000,0.0000,0.0000,0.0342,0.0001,200,0.4667
0.0057,0.0000,0.0000,0.0000,0.0054,0.0003,200,0.4959
0.0327,0.0000,0.0000,0.0000,0.0326,0.0000,200,0.4690
0.0164,0.0000,0.0000,0.0000,0.0164,0.0000,200,0.4857
0.0129,0.0000,0.0000,0.0000,0.0128,0.0000,200,0.4892
0.0039,0.0000,0.0000,0.0000,0.0038,0.0000,200,0.4982
0.0532,0.0000,0.0000,0.0000,0.0531,0.0000,200,0.4491
0.0055,0.0000,0.0000,0.0001,0.0053,0.0001,200,0.4972
0.0175,0.0000,0.0000,0.0001,0.0173,0.0000,200,0.4853
0.0471,0.0000,0.0000,0.0000,0.0466,0.0004,200,0.4566
0.0013,0.0000,0.0000,0.0000,0.0012,0.0000,200,0.5027
0.0331,0.0000,0.0000,0.0000,0.0328,0.0003,200,0.4711
0.0102,0.0000,0.0000,0.0000,0.0101,0.0000,200,0.4941
0.0353,0.0000,0.0000,0.0000,0.0352,0.0001,200,0.4694
0.0030,0.0000,0.0000,0.0000,0.0030,0.0000,200,0.5023
0.0045,0.0000,0.0000,0.0000,0.0044,0.0000,200,0.5011
0.0119,0.0000,0.0000,0.0000,0.0114,0.0004,200,0.4937
0.0136,0.0000,0.0000,0.0000,0.0135,0.0000,200,0.4920
0.0040,0.0000,0.0000,0.0000,0.0037,0.0002,200,0.5021
0.0094,0.0000,0.0000,0.0000,0.0089,0.0004,200,0.4972
0.0460,0.0000,0.0000,0.0001,0.0458,0.0000,200,0.4608
0.0185,0.0000,0.0000,0.0000,0.0184,0.0002,200,0.4887
0.0071,0.0000,0.0000,0.0000,0.0070,0.0000,200,0.5006
0.0024,0.0000,0.0000,0.0000,0.0024,0.0000,200,0.5056
0.0424,0.0000,0.0000,0.0000,0.0422,0.0001,200,0.4656
0.0462,0.0000,0.0000,0.0000,0.0460,0.0001,200,0.4619
0.0040,0.0000,0.0000,0.0000,0.0039,0.0001,200,0.5047
0.0046,0.0000,0.0000,0.0001,0.0045,0.0000,200,0.5042
0.0167,0.0000,0.0000,0.0001,0.0165,0.0000,200,0.4925
0.0182,0.0000,0.0000,0.0000,0.0181,0.0000,200,0.4910
0.0041,0.0000,0.0000,0.0002,0.0039,0.0000,200,0.5054
0.0096,0.0000,0.0000,0.0000,0.0094,0.0001,200,0.5004
0.0344,0.0000,0.0000,0.0000,0.0343,0.0000,200,0.4756
0.0051,0.0000,0.0000,0.0003,0.0047,0.0000,200,0.5056
0.0335,0.0000,0.0000,0.0000,0.0334,0.0000,200,0.4773
0.0091,0.0000,0.0000,0.0000,0.0090,0.0001,200,0.5021
0.0352,0.0000,0.0000,0.0000,0.0350,0.0001,200,0.4763
0.0077,0.0000,0.0000,0.0000,0.0075,0.0001,200,0.5042
0.0323,0.0000,0.0000,0.0000,0.0322,0.0001,200,0.4801
0.0071,0.0000,0.0000,0.0000,0.0068,0.0002,200,0.5056
0.0618,0.0000,0.0000,0.0000,0.0616,0.0001,200,0.4514
0.0044,0.0000,0.0000,0.0000,0.0038,0.0001,200,0.5088
0.0062,0.0000,0.0000,0.0000,0.0061,0.0001,200,0.5077
0.0155,0.0000,0.0000,0.0000,0.0154,0.0000,200,0.4985
0.0067,0.0000,0.0000,0.0000,0.0065,0.0002,200,0.5080
0.0108,0.0000,0.0000,0.0000,0.0107,0.0000,200,0.5040
0.0051,0.0000,0.0000,0.0000,0.0050,0.0001,200,0.5100
0.0094,0.0000,0.0000,0.0000,0.0093,0.0001,200,0.5061
0.0133,0.0000,0.0000,0.0000,0.0130,0.0003,200,0.5028
0.0047,0.0000,0.0000,0.0000,0.0046,0.0000,200,0.5115
0.0073,0.0000,0.0000,0.0000,0.0073,0.0000,200,0.5092
0.0104,0.0000,0.0000,0.0001,0.0098,0.0005,200,0.5067
0.1053,0.0000,0.0000,0.0000,0.1052,0.0000,200,0.4118
0.0139,0.0000,0.0000,0.0000,0.0138,0.0000,200,0.5037
0.0189,0.0000,0.0000,0.0000,0.0187,0.0002,200,0.4992
0.0440,0.0000,0.0000,0.0000,0.0437,0.0001,200,0.4744
0.0173,0.0000,0.0000,0.0000,0.0170,0.0002,200,0.5017
0.0029,0.0000,0.0000,0.0001,0.0027,0.0000,200,0.5161
0.0177,0.0000,0.0000,0.0000,0.0175,0.0002,200,0.5016
0.0282,0.0000,0.0000,0.0000,0.0281,0.0000,200,0.4916
0.0308,0.0000,0.0000,0.0000,0.0307,0.0000,200,0.4892
0.0093,0.0000,0.0000,0.0001,0.0090,0.0002,200,0.5111
0.0076,0.0000,0.0000,0.0000,0.0074,0.0001,200,0.5133
0.0426,0.0000,0.0000,0.0001,0.0425,0.0000,200,0.4783
0.0063,0.0000,0.0000,0.0000,0.0062,0.0000,200,0.5148
0.0302,0.0000,0.0000,0.0000,0.0300,0.0001,200,0.4912
0.0121,0.0000,0.0000,0.0000,0.0119,0.0001,200,0.5100
0.0055,0.0000,0.0000,0.0000,0.0054,0.0001,200,0.5171
0.0281,0.0000,0.0000,0.0000,0.0280,0.0000,200,0.4949
0.0235,0.0000,0.0000,0.0000,0.0233,0.0000,200,0.4996
0.0023,0.0000,0.0000,0.0000,0.0022,0.0000,200,0.5210
0.0308,0.0000,0.0000,0.0000,0.0307,0.0000,200,0.4931
0.0052,0.0000,0.0000,0.0000,0.0051,0.0000,200,0.5189
0.0011,0.0000,0.0000,0.0001,0.0010,0.0000,200,0.5233
0.0181,0.0000,0.0000,0.0000,0.0180,0.0000,200,0.5068
0.0095,0.0000,0.0000,0.0000,0.0095,0.0000,200,0.5162
0.0018,0.0000,0.0000,0.0000,0.0018,0.0000,200,0.5241
0.0119,0.0000,0.0000,0.0000,0.0118,0.0000,200,0.5141
0.0182,0.0000,0.0000,0.0000,0.0181,0.0001,200,0.5080
0.0424,0.0000,0.0000,0.0000,0.0423,0.0001,200,0.4843
0.0068,0.0000,0.0000,0.0002,0.0065,0.0001,200,0.5205
0.0049,0.0000,0.0000,0.0000,0.0048,0.0001,200,0.5227
0.0464,0.0000,0.0000,0.0000,0.0463,0.0000,200,0.4813
0.0039,0.0000,0.0000,0.0000,0.0039,0.0000,200,0.5245
0.0418,0.0000,0.0000,0.0000,0.0417,0.0000,200,0.4874
0.0109,0.0000,0.0000,0.0000,0.0107,0.0000,200,0.5184
0.0116,0.0000,0.0000,0.0000,0.0114,0.0000,200,0.5176
0.0161,0.0000,0.0000,0.0000,0.0161,0.0000,200,0.5132
0.0143,0.0000,0.0000,0.0000,0.0141,0.0001,200,0.5155
0.0027,0.0000,0.0000,0.0000,0.0025,0.0002,200,0.5273
0.0402,0.0000,0.0000,0.0000,0.0401,0.0000,200,0.4904
0.0576,0.0000,0.0000,0.0002,0.0572,0.0000,200,0.4734
0.0165,0.0000,0.0000,0.0000,0.0162,0.0003,200,0.5151
0.0023,0.0000,0.0000,0.0000,0.0022,0.0000,200,0.5293
0.0063,0.0000,0.0000,0.0000,0.0061,0.0000,200,0.5259
0.0492,0.0000,0.0000,0.0000,0.0491,0.0001,200,0.4834
0.0400,0.0000,0.0000,0.0000,0.0398,0.0002,200,0.4933
0.0136,0.0000,0.0000,0.0000,0.0136,0.0000,200,0.5200
0.0047,0.0000,0.0000,0.0000,0.0044,0.0002,200,0.5292
0.0254,0.0000,0.0000,0.0000,0.0251,0.0002,200,0.5092
0.0270,0.0000,0.0000,0.0000,0.0265,0.0005,200,0.5080
0.0143,0.0000,0.0000,0.0000,0.0142,0.0000,200,0.5208
0.0020,0.0000,0.0000,0.0001,0.0018,0.0000,200,0.5333
0.0017,0.0000,0.0000,0.0001,0.0011,0.0005,200,0.5337
0.0044,0.0000,0.0000,0.0000,0.0043,0.0000,200,0.5316
0.0096,0.0000,0.0000,0.0000,0.0095,0.0001,200,0.5267
0.0137,0.0000,0.0000,0.0000,0.0135,0.0001,200,0.5229
0.0263,0.0000,0.0000,0.0000,0.0262,0.0000,200,0.5107
0.0182,0.0000,0.0000,0.0003,0.0176,0.0003,200,0.5194
0.0658,0.0000,0.0000,0.0000,0.0656,0.0001,200,0.4721
0.0363,0.0000,0.0000,0.0000,0.0362,0.0000,200,0.5021
0.0042,0.0000,0.0000,0.0000,0.0037,0.0000,200,0.5346
0.0401,0.0000,0.0000,0.0000,0.0400,0.0001,200,0.4989
0.0052,0.0000,0.0000,0.0000,0.0050,0.0002,200,0.5340
0.0201,0.0000,0.0000,0.0000,0.0199,0.0001,200,0.5197
0.0272,0.0000,0.0000,0.0001,0.0269,0.0001,200,0.5128
0.0309,0.0000,0.0000,0.0000,0.0308,0.0001,200,0.5094
0.0043,0.0000,0.0000,0.0000,0.0040,0.0002,200,0.5363
0.0130,0.0000,0.0000,0.0000,0.0129,0.0001,200,0.5276
0.0200,0.0000,0.0000,0.0000,0.0199,0.0001,200,0.5214
0.0099,0.0000,0.0000,0.0000,0.0098,0.0000,200,0.5316
0.0294,0.0000,0.0000,0.0000,0.0293,0.0001,200,0.5124
0.0030,0.0000,0.0000,0.0000,0.0028,0.0001,200,0.5393
0.0105,0.0000,0.0000,0.0000,0.0102,0.0001,200,0.5322
0.0344,0.0000,0.0000,0.0000,0.0343,0.0001,200,0.5087
0.0329,0.0000,0.0000,0.0000,0.0328,0.0000,200,0.5106
0.0145,0.0000,0.0000,0.0001,0.0144,0.0000,200,0.5292
0.0088,0.0000,0.0000,0.0000,0.0087,0.0000,200,0.5353
0.0153,0.0000,0.0000,0.0000,0.0153,0.0000,200,0.5292
0.0041,0.0000,0.0000,0.0000,0.0041,0.0000,200,0.5406
0.0025,0.0000,0.0000,0.0000,0.0023,0.0000,200,0.5427
0.0019,0.0000,0.0000,0.0000,0.0019,0.0000,200,0.5438
0.0229,0.0000,0.0000,0.0000,0.0227,0.0002,200,0.5231
0.0222,0.0000,0.0000,0.0000,0.0222,0.0000,200,0.5239
0.0053,0.0000,0.0000,0.0000,0.0052,0.0000,200,0.5414
0.0289,0.0000,0.0000,0.0000,0.0287,0.0001,200,0.5181
0.0101,0.0000,0.0000,0.0000,0.0099,0.0002,200,0.5390
0.0421,0.0000,0.0000,0.0000,0.0420,0.0000,200,0.5073
0.0148,0.0000,0.0000,0.0000,0.0146,0.0002,200,0.5351
0.0176,0.0000,0.0000,0.0000,0.0158,0.0017,200,0.5326
0.0121,0.0000,0.0000,0.0000,0.0111,0.0008,200,0.5388
0.0055,0.0000,0.0000,0.0000,0.0051,0.0003,200,0.5452
0.0111,0.0000,0.0000,0.0002,0.0108,0.0000,200,0.5400
0.0367,0.0000,0.0000,0.0000,0.0362,0.0004,200,0.5165
0.0256,0.0000,0.0000,0.0000,0.0249,0.0006,200,0.5277
0.0285,0.0000,0.0000,0.0000,0.0254,0.0030,200,0.5249
0.0535,0.0000,0.0000,0.0000,0.0527,0.0008,200,0.4999
0.0173,0.0000,0.0000,0.0000,0.0172,0.0000,200,0.5366
0.0397,0.0000,0.0000,0.0000,0.0396,0.0000,200,0.5148
0.0047,0.0000,0.0000,0.0001,0.0041,0.0005,200,0.5510
0.0252,0.0000,0.0000,0.0000,0.0250,0.0000,200,0.5306
0.0368,0.0000,0.0000,0.0000,0.0365,0.0000,200,0.5190
0.0070,0.0000,0.0000,0.0000,0.0064,0.0000,200,0.5491
0.0183,0.0000,0.0000,0.0000,0.0182,0.0001,200,0.5385
0.0032,0.0000,0.0000,0.0000,0.0031,0.0000,200,0.5539
0.0101,0.0000,0.0000,0.0013,0.0087,0.0001,200,0.5471
0.0120,0.0000,0.0000,0.0000,0.0119,0.0000,200,0.5457
0.0147,0.0000,0.0000,0.0000,0.0146,0.0000,200,0.5431
0.0222,0.0000,0.0000,0.0000,0.0222,0.0000,200,0.5360
0.0011,0.0000,0.0000,0.0000,0.0010,0.0000,200,0.5571
0.0124,0.0000,0.0000,0.0000,0.0123,0.0000,200,0.5461
0.0036,0.0000,0.0000,0.0000,0.0033,0.0003,200,0.5557
0.0011,0.0000,0.0000,0.0000,0.0011,0.0000,200,0.5582
0.0021,0.0000,0.0000,0.0000,0.0020,0.0000,200,0.5576
0.0104,0.0000,0.0000,0.0000,0.0092,0.0000,200,0.5494
0.0485,0.0000,0.0000,0.0003,0.0480,0.0002,200,0.5119
0.0467,0.0000,0.0000,0.0000,0.0466,0.0001,200,0.5139
0.0193,0.0000,0.0000,0.0000,0.0192,0.0000,200,0.5418
0.0354,0.0000,0.0000,0.0000,0.0354,0.0000,200,0.5260
0.0033,0.0000,0.0000,0.0000,0.0031,0.0001,200,0.5585
0.0189,0.0000,0.0000,0.0000,0.0188,0.0001,200,0.5435
0.0033,0.0000,0.0000,0.0000,0.0030,0.0002,200,0.5593
0.0459,0.0000,0.0000,0.0001,0.0456,0.0000,200,0.5171
0.0133,0.0000,0.0000,0.0000,0.0133,0.0000,200,0.5502
0.0217,0.0000,0.0000,0.0000,0.0214,0.0002,200,0.5422
0.0131,0.0000,0.0000,0.0000,0.0129,0.0000,200,0.5508
0.0117,0.0000,0.0000,0.0000,0.0113,0.0003,200,0.5532
0.0046,0.0000,0.0000,0.0001,0.0045,0.0000,200,0.5604
0.0244,0.0000,0.0000,0.0000,0.0244,0.0000,200,0.5406
0.0055,0.0000,0.0000,0.0000,0.0054,0.0001,200,0.5598
0.0436,0.0000,0.0000,0.0000,0.0435,0.0000,200,0.5222
0.0036,0.0000,0.0000,0.0000,0.0036,0.0000,200,0.5624
0.0206,0.0000,0.0000,0.0000,0.0202,0.0004,200,0.5460
0.0313,0.0000,0.0000,0.0000,0.0313,0.0000,200,0.5353
0.0367,0.0000,0.0000,0.0000,0.0366,0.0000,200,0.5300
0.0137,0.0000,0.0000,0.0000,0.0136,0.0000,200,0.5534
0.0420,0.0000,0.0000,0.0001,0.0419,0.0000,200,0.5257
0.0026,0.0000,0.0000,0.0000,0.0022,0.0004,200,0.5657
0.0087,0.0000,0.0000,0.0000,0.0086,0.0000,200,0.5598
0.0224,0.0000,0.0000,0.0000,0.0222,0.0002,200,0.5467
0.0028,0.0000,0.0000,0.0000,0.0027,0.0000,200,0.5667
0.0135,0.0000,0.0000,0.0000,0.0133,0.0000,200,0.5561
0.0323,0.0000,0.0000,0.0000,0.0323,0.0000,200,0.5379
0.0265,0.0000,0.0000,0.0000,0.0264,0.0000,200,0.5441
0.0152,0.0000,0.0000,0.0000,0.0149,0.0003,200,0.5557
0.0447,0.0000,0.0000,0.0000,0.0438,0.0008,200,0.5263
0.0262,0.0000,0.0000,0.0000,0.0262,0.0000,200,0.5447
0.0311,0.0000,0.0000,0.0000,0.0310,0.0001,200,0.5403
0.0364,0.0000,0.0000,0.0001,0.0363,0.0000,200,0.5350
0.0052,0.0000,0.0000,0.0000,0.0051,0.0000,200,0.5667
0.0047,0.0000,0.0000,0.0000,0.0047,0.0000,200,0.5677
0.0109,0.0000,0.0000,0.0001,0.0107,0.0001,200,0.5618
0.0031,0.0000,0.0000,0.0000,0.0028,0.0002,200,0.5706
0.0027,0.0000,0.0000,0.0000,0.0017,0.0004,200,0.5710
0.0025,0.0000,0.0000,0.0000,0.0024,0.0000,200,0.5719
0.0072,0.0000,0.0000,0.0001,0.0066,0.0006,200,0.5671
0.0052,0.0000,0.0000,0.0000,0.0051,0.0000,200,0.5695
0.0045,0.0000,0.0000,0.0000,0.0044,0.0000,200,0.5709
0.0177,0.0000,0.0000,0.0000,0.0176,0.0000,200,0.5578
0.0201,0.0000,0.0000,0.0000,0.0200,0.0000,200,0.5558
0.0126,0.0000,0.0000,0.0000,0.0119,0.0007,200,0.5636
0.0051,0.0000,0.0000,0.0002,0.0049,0.0000,200,0.5714
0.0086,0.0000,0.0000,0.0001,0.0085,0.0000,200,0.5685
0.0244,0.0000,0.0000,0.0000,0.0243,0.0001,200,0.5532
0.0050,0.0000,0.0000,0.0000,0.0048,0.0001,200,0.5728
0.0125,0.0000,0.0000,0.0000,0.0124,0.0001,200,0.5653
0.0337,0.0000,0.0000,0.0000,0.0334,0.0001,200,0.5446
0.0008,0.0000,0.0000,0.0000,0.0007,0.0001,200,0.5778
0.0050,0.0000,0.0000,0.0000,0.0049,0.0001,200,0.5743
0.0035,0.0000,0.0000,0.0000,0.0034,0.0000,200,0.5761
0.0139,0.0000,0.0000,0.0000,0.0138,0.0000,200,0.5660
0.0590,0.0000,0.0000,0.0000,0.0587,0.0001,200,0.5209
0.0033,0.0000,0.0000,0.0000,0.0030,0.0002,200,0.5771
0.0107,0.0000,0.0000,0.0003,0.0103,0.0000,200,0.5702
0.0232,0.0000,0.0000,0.0000,0.0230,0.0001,200,0.5582
0.0104,0.0000,0.0000,0.0000,0.0099,0.0005,200,0.5710
0.0074,0.0000,0.0000,0.0000,0.0074,0.0000,200,0.5743
0.0314,0.0000,0.0000,0.0015,0.0296,0.0002,200,0.5511
0.0070,0.0000,0.0000,0.0000,0.0069,0.0000,200,0.5755
0.0182,0.0000,0.0000,0.0000,0.0180,0.0001,200,0.5649
0.0263,0.0000,0.0000,0.0000,0.0262,0.0000,200,0.5572
0.0463,0.0000,0.0000,0.0000,0.0462,0.0000,200,0.5375
0.0194,0.0000,0.0000,0.0000,0.0192,0.0002,200,0.5650
0.0351,0.0000,0.0000,0.0001,0.0349,0.0000,200,0.5499
0.0287,0.0000,0.0000,0.0000,0.0286,0.0001,200,0.5568
0.0074,0.0000,0.0000,0.0000,0.0072,0.0001,200,0.5782
0.0062,0.0000,0.0000,0.0000,0.0061,0.0000,200,0.5799
0.0330,0.0000,0.0000,0.0000,0.0329,0.0001,200,0.5534
0.0072,0.0000,0.0000,0.0000,0.0071,0.0001,200,0.5796
0.0059,0.0000,0.0000,0.0000,0.0058,0.0000,200,0.5814
0.0114,0.0000,0.0000,0.0000,0.0114,0.0000,200,0.5759
0.0043,0.0000,0.0000,0.0000,0.0043,0.0000,200,0.5838
0.0127,0.0000,0.0000,0.0000,0.0126,0.0000,200,0.5755
0.0145,0.0000,0.0000,0.0000,0.0144,0.0000,200,0.5736
0.0293,0.0000,0.0000,0.0000,0.0292,0.0000,200,0.5593
0.0589,0.0000,0.0000,0.0000,0.0588,0.0000,200,0.5298
0.0081,0.0000,0.0000,0.0000,0.0080,0.0000,200,0.5809
0.0244,0.0000,0.0000,0.0000,0.0243,0.0000,200,0.5650
0.0202,0.0000,0.0000,0.0000,0.0202,0.0000,200,0.5695
0.0040,0.0000,0.0000,0.0000,0.0039,0.0001,200,0.5861
0.0192,0.0000,0.0000,0.0000,0.0191,0.0001,200,0.5714
0.0160,0.0000,0.0000,0.0000,0.0160,0.0000,200,0.5747
0.0028,0.0000,0.0000,0.0000,0.0025,0.0002,200,0.5886
0.0019,0.0000,0.0000,0.0000,0.0018,0.0000,200,0.5898
0.0278,0.0000,0.0000,0.0000,0.0278,0.0000,200,0.5639
0.0198,0.0000,0.0000,0.0000,0.0197,0.0000,200,0.5725
0.0510,0.0000,0.0000,0.0000,0.0510,0.0000,200,0.5414
0.0192,0.0000,0.0000,0.0000,0.0191,0.0000,200,0.5737
0.0104,0.0000,0.0000,0.0001,0.0100,0.0002,200,0.5831
0.0057,0.0000,0.0000,0.0000,0.0055,0.0001,200,0.5881
0.0151,0.0000,0.0000,0.0000,0.0149,0.0001,200,0.5794
0.0280,0.0000,0.0000,0.0000,0.0279,0.0001,200,0.5666
0.0064,0.0000,0.0000,0.0000,0.0064,0.0000,200,0.5887
0.0649,0.0000,0.0000,0.0000,0.0648,0.0000,200,0.5310
0.0589,0.0000,0.0000,0.0000,0.0588,0.0000,200,0.5370
0.0334,0.0000,0.0000,0.0000,0.0332,0.0002,200,0.5626
0.0174,0.0000,0.0000,0.0002,0.0171,0.0000,200,0.5786
0.0148,0.0000,0.0000,0.0000,0.0147,0.0000,200,0.5814
0.0142,0.0000,0.0000,0.0000,0.0141,0.0001,200,0.5825
0.0064,0.0000,0.0000,0.0000,0.0062,0.0002,200,0.5906
0.0102,0.0000,0.0000,0.0000,0.0101,0.0000,200,0.5873
0.0031,0.0000,0.0000,0.0000,0.0030,0.0000,200,0.5945
0.0063,0.0000,0.0000,0.0000,0.0061,0.0000,200,0.5922
0.0042,0.0000,0.0000,0.0000,0.0041,0.0000,200,0.5946
0.0028,0.0000,0.0000,0.0000,0.0027,0.0001,200,0.5960
0.0377,0.0000,0.0000,0.0001,0.0375,0.0000,200,0.5611
0.0024,0.0000,0.0000,0.0000,0.0023,0.0000,200,0.5970
0.0036,0.0000,0.0000,0.0002,0.0033,0.0000,200,0.5962
0.0182,0.0000,0.0000,0.0000,0.0181,0.0000,200,0.5818
0.0078,0.0000,0.0000,0.0000,0.0078,0.0000,200,0.5928
0.0049,0.0000,0.0000,0.0000,0.0048,0.0000,200,0.5960
0.0025,0.0000,0.0000,0.0000,0.0023,0.0001,200,0.5988
0.0024,0.0000,0.0000,0.0000,0.0024,0.0000,200,0.5994
0.0241,0.0000,0.0000,0.0000,0.0240,0.0000,200,0.5778
0.0198,0.0000,0.0000,0.0000,0.0197,0.0001,200,0.5825
0.0193,0.0000,0.0000,0.0000,0.0192,0.0001,200,0.5834
0.0751,0.0000,0.0000,0.0000,0.0745,0.0005,200,0.5284
0.0395,0.0000,0.0000,0.0000,0.0395,0.0000,200,0.5640
0.0233,0.0000,0.0000,0.0000,0.0232,0.0001,200,0.5804
0.0027,0.0000,0.0000,0.0000,0.0023,0.0000,200,0.6019
0.0432,0.0000,0.0000,0.0000,0.0431,0.0000,200,0.5614
0.0134,0.0000,0.0000,0.0000,0.0133,0.0000,200,0.5914
0.0110,0.0000,0.0000,0.0003,0.0107,0.0000,200,0.5938
0.0088,0.0000,0.0000,0.0000,0.0087,0.0001,200,0.5967
0.0043,0.0000,0.0000,0.0000,0.0043,0.0000,200,0.6013
0.0062,0.0000,0.0000,0.0000,0.0062,0.0000,200,0.6000
0.0224,0.0000,0.0000,0.0000,0.0222,0.0000,200,0.5844
0.0205,0.0000,0.0000,0.0000,0.0204,0.0001,200,0.5869
0.0221,0.0000,0.0000,0.0000,0.0220,0.0000,200,0.5856
0.0068,0.0000,0.0000,0.0000,0.0061,0.0005,200,0.6009
0.0056,0.0000,0.0000,0.0000,0.0054,0.0002,200,0.6027
0.0480,0.0000,0.0000,0.0000,0.0479,0.0000,200,0.5606
0.0197,0.0000,0.0000,0.0000,0.0196,0.0000,200,0.5894
0.0140,0.0000,0.0000,0.0000,0.0139,0.0000,200,0.5951
0.0109,0.0000,0.0000,0.0000,0.0108,0.0000,200,0.5988
0.0183,0.0000,0.0000,0.0000,0.0183,0.0000,200,0.5917
0.0217,0.0000,0.0000,0.0000,0.0216,0.0001,200,0.5890
0.0123,0.0000,0.0000,0.0000,0.0122,0.0000,200,0.5985
0.0154,0.0000,0.0000,0.0000,0.0153,0.0001,200,0.5959
0.0069,0.0000,0.0000,0.0000,0.0068,0.0001,200,0.6048
0.0023,0.0000,0.0000,0.0000,0.0022,0.0001,200,0.6097
0.0201,0.0000,0.0000,0.0000,0.0199,0.0002,200,0.5924
0.0442,0.0000,0.0000,0.0001,0.0440,0.0001,200,0.5684
0.0090,0.0000,0.0000,0.0000,0.0089,0.0001,200,0.6046
0.0287,0.0000,0.0000,0.0000,0.0284,0.0002,200,0.5850
0.0119,0.0000,0.0000,0.0000,0.0118,0.0001,200,0.6019
0.0257,0.0000,0.0000,0.0000,0.0256,0.0000,200,0.5881
0.0098,0.0000,0.0000,0.0000,0.0097,0.0000,200,0.6045
0.0032,0.0000,0.0000,0.0000,0.0031,0.0000,200,0.6117
0.0028,0.0000,0.0000,0.0000,0.0026,0.0002,200,0.6126
0.0098,0.0000,0.0000,0.0000,0.0097,0.0001,200,0.6056
0.0069,0.0000,0.0000,0.0000,0.0068,0.0001,200,0.6091
0.0163,0.0000,0.0000,0.0000,0.0162,0.0000,200,0.5999
0.0261,0.0000,0.0000,0.0000,0.0259,0.0000,200,0.5907
0.0195,0.0000,0.0000,0.0000,0.0194,0.0001,200,0.5976
0.0049,0.0000,0.0000,0.0000,0.0048,0.0001,200,0.6126
0.0114,0.0000,0.0000,0.0000,0.0112,0.0001,200,0.6068
0.0062,0.0000,0.0000,0.0000,0.0061,0.0000,200,0.6120
0.0311,0.0000,0.0000,0.0000,0.0310,0.0000,200,0.5881
0.0137,0.0000,0.0000,0.0000,0.0137,0.0000,200,0.6054
0.0427,0.0000,0.0000,0.0000,0.0426,0.0000,200,0.5765
0.0055,0.0000,0.0000,0.0000,0.0055,0.0001,200,0.6138
0.0264,0.0000,0.0000,0.0000,0.0263,0.0000,200,0.5935
0.0026,0.0000,0.0000,0.0000,0.0026,0.0000,200,0.6175
0.0038,0.0000,0.0000,0.0001,0.0036,0.0001,200,0.6169
0.0294,0.0000,0.0000,0.0000,0.0292,0.0002,200,0.5917
0.0042,0.0000,0.0000,0.0000,0.0040,0.0000,200,0.6171
0.0084,0.0000,0.0000,0.0000,0.0082,0.0001,200,0.6137
0.0108,0.0000,0.0000,0.0000,0.0105,0.0003,200,0.6113
0.0200,0.0000,0.0000,0.0000,0.0200,0.0001,200,0.6023
0.0829,0.0000,0.0000,0.0000,0.0827,0.0001,200,0.5398
0.0123,0.0000,0.0000,0.0000,0.0121,0.0002,200,0.6107
0.0037,0.0000,0.0000,0.0000,0.0037,0.0000,200,0.6193
0.0156,0.0000,0.0000,0.0000,0.0152,0.0003,200,0.6084
0.0033,0.0000,0.0000,0.0001,0.0031,0.0000,200,0.6207
0.0268,0.0000,0.0000,0.0000,0.0267,0.0000,200,0.5976
0.0018,0.0000,0.0000,0.0000,0.0017,0.0000,200,0.6231
0.0100,0.0000,0.0000,0.0001,0.0098,0.0001,200,0.6154
0.0157,0.0000,0.0000,0.0000,0.0156,0.0000,200,0.6101
0.0066,0.0000,0.0000,0.0000,0.0065,0.0000,200,0.6192
0.0385,0.0000,0.0000,0.0000,0.0384,0.0000,200,0.5873
0.0034,0.0000,0.0000,0.0000,0.0033,0.0000,200,0.6231
0.0130,0.0000,0.0000,0.0000,0.0129,0.0001,200,0.6138
0.0086,0.0000,0.0000,0.0000,0.0086,0.0000,200,0.6182
0.0377,0.0000,0.0000,0.0002,0.0373,0.0002,200,0.5901
0.0039,0.0000,0.0000,0.0000,0.0038,0.0000,200,0.6240
0.0062,0.0000,0.0000,0.0001,0.0058,0.0003,200,0.6224
0.0044,0.0000,0.0000,0.0000,0.0043,0.0000,200,0.6244
0.0284,0.0000,0.0000,0.0000,0.0283,0.0001,200,0.6007
0.0038,0.0000,0.0000,0.0000,0.0037,0.0000,200,0.6258
0.0190,0.0000,0.0000,0.0000,0.0189,0.0000,200,0.6107
0.0083,0.0000,0.0000,0.0000,0.0081,0.0002,200,0.6221
0.0219,0.0000,0.0000,0.0000,0.0218,0.0000,200,0.6086
0.0093,0.0000,0.0000,0.0000,0.0093,0.0000,200,0.6212
0.0131,0.0000,0.0000,0.0000,0.0130,0.0000,200,0.6181
0.0115,0.0000,0.0000,0.0000,0.0111,0.0003,200,0.6198
0.0244,0.0000,0.0000,0.0000,0.0242,0.0001,200,0.6074
0.0009,0.0000,0.0000,0.0000,0.0008,0.0001,200,0.6313
0.0342,0.0000,0.0000,0.0001,0.0341,0.0000,200,0.5988
0.0131,0.0000,0.0000,0.0000,0.0127,0.0003,200,0.6201
0.0261,0.0000,0.0000,0.0000,0.0260,0.0001,200,0.6077
0.0089,0.0000,0.0000,0.0000,0.0087,0.0001,200,0.6258
0.0665,0.0000,0.0000,0.0000,0.0664,0.0000,200,0.5691
0.0018,0.0000,0.0000,0.0000,0.0017,0.0000,200,0.6356
0.0077,0.0000,0.0000,0.0000,0.0076,0.0000,200,0.6297
0.0116,0.0000,0.0000,0.0001,0.0115,0.0000,200,0.6258
0.0052,0.0000,0.0000,0.0000,0.0051,0.0000,200,0.6322
0.0232,0.0000,0.0000,0.0000,0.0230,0.0001,200,0.6143
0.0152,0.0000,0.0000,0.0000,0.0151,0.0000,200,0.6227
0.0220,0.0000,0.0000,0.0000,0.0219,0.0000,200,0.6162
0.0352,0.0000,0.0000,0.0000,0.0351,0.0001,200,0.6035
0.0238,0.0000,0.0000,0.0000,0.0237,0.0000,200,0.6154
0.0851,0.0000,0.0000,0.0000,0.0851,0.0000,200,0.5545
0.0327,0.0000,0.0000,0.0000,0.0324,0.0002,200,0.6077
0.0776,0.0000,0.0000,0.0001,0.0772,0.0001,200,0.5630
0.0380,0.0000,0.0000,0.0000,0.0379,0.0000,200,0.6035
0.0084,0.0000,0.0000,0.0000,0.0083,0.0000,200,0.6331
0.0110,0.0000,0.0000,0.0000,0.0109,0.0001,200,0.6306
0.0037,0.0000,0.0000,0.0000,0.0036,0.0000,200,0.6378
0.0567,0.0000,0.0000,0.0000,0.0566,0.0000,200,0.5855
0.0202,0.0000,0.0000,0.0000,0.0202,0.0000,200,0.6221
0.0097,0.0000,0.0000,0.0001,0.0091,0.0001,200,0.6332
0.0125,0.0000,0.0000,0.0000,0.0124,0.0000,200,0.6304
0.0167,0.0000,0.0000,0.0000,0.0163,0.0001,200,0.6268
0.0144,0.0000,0.0000,0.0000,0.0142,0.0000,200,0.6291
0.0228,0.0000,0.0000,0.0000,0.0227,0.0001,200,0.6212
0.0140,0.0000,0.0000,0.0000,0.0139,0.0000,200,0.6305
0.0587,0.0000,0.0000,0.0000,0.0583,0.0003,200,0.5863
0.0035,0.0000,0.0000,0.0000,0.0034,0.0000,200,0.6415
0.0309,0.0000,0.0000,0.0000,0.0303,0.0000,200,0.6149
0.0176,0.0000,0.0000,0.0000,0.0175,0.0000,200,0.6285
0.0094,0.0000,0.0000,0.0000,0.0089,0.0005,200,0.6374
0.0335,0.0000,0.0000,0.0000,0.0334,0.0000,200,0.6136
0.0137,0.0000,0.0000,0.0000,0.0136,0.0000,200,0.6338
0.0159,0.0000,0.0000,0.0000,0.0155,0.0000,200,0.6317
0.0443,0.0000,0.0000,0.0000,0.0442,0.0000,200,0.6037
0.0096,0.0000,0.0000,0.0000,0.0096,0.0000,200,0.6387
0.0067,0.0000,0.0000,0.0000,0.0066,0.0000,200,0.6422
0.0398,0.0000,0.0000,0.0000,0.0396,0.0002,200,0.6091
0.0302,0.0000,0.0000,0.0000,0.0301,0.0001,200,0.6192
0.0015,0.0000,0.0000,0.0000,0.0014,0.0001,200,0.6480
0.0029,0.0000,0.0000,0.0000,0.0028,0.0001,200,0.6471
0.0066,0.0000,0.0000,0.0000,0.0066,0.0000,200,0.6436
0.0221,0.0000,0.0000,0.0000,0.0220,0.0001,200,0.6288
0.0130,0.0000,0.0000,0.0000,0.0129,0.0001,200,0.6382
0.0101,0.0000,0.0000,0.0000,0.0099,0.0001,200,0.6416
0.0067,0.0000,0.0000,0.0000,0.0066,0.0000,200,0.6450
0.0275,0.0000,0.0000,0.0000,0.0274,0.0000,200,0.6248
0.0100,0.0000,0.0000,0.0000,0.0099,0.0000,200,0.6429
0.0038,0.0000,0.0000,0.0001,0.0035,0.0002,200,0.6494
0.0088,0.0000,0.0000,0.0000,0.0087,0.0000,200,0.6450
0.0355,0.0000,0.0000,0.0000,0.0352,0.0002,200,0.6192
0.0045,0.0000,0.0000,0.0000,0.0043,0.0000,200,0.6502
0.0030,0.0000,0.0000,0.0000,0.0030,0.0000,200,0.6517
0.0178,0.0000,0.0000,0.0000,0.0178,0.0000,200,0.6374
0.0019,0.0000,0.0000,0.0000,0.0018,0.0000,200,0.6547
0.0076,0.0000,0.0000,0.0001,0.0074,0.0000,200,0.6490
0.0109,0.0000,0.0000,0.0000,0.0108,0.0000,200,0.6457
0.0143,0.0000,0.0000,0.0000,0.0142,0.0000,200,0.6423
0.0021,0.0000,0.0000,0.0000,0.0019,0.0002,200,0.6547
0.0306,0.0000,0.0000,0.0000,0.0305,0.0001,200,0.6264
0.0411,0.0000,0.0000,0.0000,0.0406,0.0000,200,0.6160
0.0186,0.0000,0.0000,0.0000,0.0185,0.0000,200,0.6392
0.0530,0.0000,0.0000,0.0000,0.0530,0.0000,200,0.6048
0.0035,0.0000,0.0000,0.0000,0.0031,0.0004,200,0.6552
0.0052,0.0000,0.0000,0.0001,0.0049,0.0000,200,0.6547
0.0089,0.0000,0.0000,0.0000,0.0088,0.0000,200,0.6512
0.0037,0.0000,0.0000,0.0002,0.0031,0.0004,200,0.6569
0.0369,0.0000,0.0000,0.0003,0.0344,0.0022,200,0.6239
0.0841,0.0000,0.0000,0.0000,0.0831,0.0008,200,0.5775
0.0243,0.0000,0.0000,0.0000,0.0242,0.0000,200,0.6375
0.0018,0.0000,0.0000,0.0001,0.0016,0.0000,200,0.6600
0.0157,0.0000,0.0000,0.0000,0.0142,0.0015,200,0.6461
0.0222,0.0000,0.0000,0.0000,0.0207,0.0015,200,0.6396
0.0054,0.0000,0.0000,0.0000,0.0043,0.0010,200,0.6565
0.0110,0.0000,0.0000,0.0000,0.0109,0.0001,200,0.6511
0.0101,0.0000,0.0000,0.0000,0.0099,0.0001,200,0.6523
0.0059,0.0000,0.0000,0.0006,0.0053,0.0000,200,0.6571
0.0288,0.0000,0.0000,0.0000,0.0287,0.0000,200,0.6347
0.0221,0.0000,0.0000,0.0000,0.0220,0.0001,200,0.6415
0.0158,0.0000,0.0000,0.0000,0.0157,0.0000,200,0.6484
0.0114,0.0000,0.0000,0.0000,0.0113,0.0000,200,0.6532
0.0032,0.0000,0.0000,0.0000,0.0031,0.0001,200,0.6617
0.0156,0.0000,0.0000,0.0000,0.0155,0.0000,200,0.6501
0.0281,0.0000,0.0000,0.0000,0.0281,0.0000,200,0.6375
0.0092,0.0000,0.0000,0.0000,0.0091,0.0000,200,0.6566
0.0394,0.0000,0.0000,0.0000,0.0393,0.0000,200,0.6268
0.0240,0.0000,0.0000,0.0001,0.0237,0.0001,200,0.6428
0.0268,0.0000,0.0000,0.0000,0.0267,0.0000,200,0.6404
0.0110,0.0000,0.0000,0.0000,0.0110,0.0000,200,0.6566
0.0383,0.0000,0.0000,0.0000,0.0382,0.0001,200,0.6296
0.0084,0.0000,0.0000,0.0000,0.0083,0.0001,200,0.6599
0.0121,0.0000,0.0000,0.0000,0.0120,0.0001,200,0.6565
0.0173,0.0000,0.0000,0.0000,0.0171,0.0001,200,0.6517
0.0255,0.0000,0.0000,0.0000,0.0255,0.0000,200,0.6440
0.0068,0.0000,0.0000,0.0000,0.0068,0.0000,200,0.6630
0.0035,0.0000,0.0000,0.0000,0.0033,0.0001,200,0.6668
0.0048,0.0000,0.0000,0.0000,0.0047,0.0001,200,0.6658
0.0172,0.0000,0.0000,0.0000,0.0172,0.0000,200,0.6539
0.0246,0.0000,0.0000,0.0000,0.0245,0.0000,200,0.6468
0.0034,0.0000,0.0000,0.0000,0.0033,0.0000,200,0.6684
0.0104,0.0000,0.0000,0.0000,0.0103,0.0001,200,0.6617
0.0292,0.0000,0.0000,0.0000,0.0289,0.0002,200,0.6435
0.0061,0.0000,0.0000,0.0000,0.0060,0.0000,200,0.6671
0.0259,0.0000,0.0000,0.0000,0.0257,0.0001,200,0.6476
0.0042,0.0000,0.0000,0.0000,0.0039,0.0002,200,0.6698
0.0122,0.0000,0.0000,0.0003,0.0118,0.0000,200,0.6619
0.0135,0.0000,0.0000,0.0005,0.0129,0.0002,200,0.6608
0.0059,0.0000,0.0000,0.0000,0.0058,0.0001,200,0.6689
0.0065,0.0000,0.0000,0.0000,0.0064,0.0001,200,0.6686
0.0344,0.0000,0.0000,0.0000,0.0341,0.0003,200,0.6415
0.0264,0.0000,0.0000,0.0000,0.0263,0.0001,200,0.6495
0.0110,0.0000,0.0000,0.0000,0.0109,0.0000,200,0.6656
0.0179,0.0000,0.0000,0.0002,0.0173,0.0000,200,0.6587
0.0325,0.0000,0.0000,0.0000,0.0324,0.0000,200,0.6445
0.0713,0.0000,0.0000,0.0000,0.0712,0.0001,200,0.6062
0.0125,0.0000,0.0000,0.0000,0.0123,0.0002,200,0.6656
0.0293,0.0000,0.0000,0.0003,0.0288,0.0000,200,0.6489
0.0988,0.0000,0.0000,0.0000,0.0987,0.0000,200,0.5799
0.0137,0.0000,0.0000,0.0000,0.0136,0.0000,200,0.6650
0.0086,0.0000,0.0000,0.0000,0.0084,0.0002,200,0.6706
0.0056,0.0000,0.0000,0.0000,0.0055,0.0000,200,0.6740
0.0020,0.0000,0.0000,0.0000,0.0017,0.0002,200,0.6782
0.0181,0.0000,0.0000,0.0000,0.0180,0.0000,200,0.6621
0.0200,0.0000,0.0000,0.0010,0.0189,0.0001,200,0.6608
0.0555,0.0000,0.0000,0.0002,0.0553,0.0000,200,0.6254
0.0023,0.0000,0.0000,0.0000,0.0023,0.0000,200,0.6786
0.0157,0.0000,0.0000,0.0001,0.0155,0.0000,200,0.6662
0.0084,0.0000,0.0000,0.0000,0.0081,0.0003,200,0.6735
0.0188,0.0000,0.0000,0.0000,0.0187,0.0000,200,0.6635
0.0551,0.0000,0.0000,0.0001,0.0545,0.0000,200,0.6278
0.0068,0.0000,0.0000,0.0000,0.0067,0.0000,200,0.6766
0.0103,0.0000,0.0000,0.0000,0.0101,0.0002,200,0.6732
0.0029,0.0000,0.0000,0.0000,0.0028,0.0000,200,0.6809
0.0163,0.0000,0.0000,0.0000,0.0161,0.0001,200,0.6678
0.0051,0.0000,0.0000,0.0000,0.0049,0.0002,200,0.6796
0.0022,0.0000,0.0000,0.0000,0.0021,0.0001,200,0.6829
0.0219,0.0000,0.0000,0.0000,0.0217,0.0002,200,0.6637
0.0145,0.0000,0.0000,0.0000,0.0144,0.0000,200,0.6711
0.0041,0.0000,0.0000,0.0000,0.0040,0.0000,200,0.6819
0.0240,0.0000,0.0000,0.0000,0.0239,0.0001,200,0.6624
0.0152,0.0000,0.0000,0.0000,0.0151,0.0000,200,0.6718
0.0070,0.0000,0.0000,0.0001,0.0068,0.0000,200,0.6802
0.0256,0.0000,0.0000,0.0000,0.0254,0.0002,200,0.6619
0.0022,0.0000,0.0000,0.0000,0.0021,0.0000,200,0.6856
0.0121,0.0000,0.0000,0.0000,0.0119,0.0002,200,0.6760
0.0271,0.0000,0.0000,0.0000,0.0268,0.0003,200,0.6618
0.0027,0.0000,0.0000,0.0000,0.0026,0.0000,200,0.6865
0.0143,0.0000,0.0000,0.0000,0.0142,0.0001,200,0.6751
0.0318,0.0000,0.0000,0.0002,0.0309,0.0000,200,0.6578
0.0175,0.0000,0.0000,0.0000,0.0173,0.0001,200,0.6727
0.0624,0.0000,0.0000,0.0000,0.0623,0.0000,200,0.6279
0.0045,0.0000,0.0000,0.0000,0.0044,0.0001,200,0.6860
0.0141,0.0000,0.0000,0.0000,0.0140,0.0000,200,0.6766
0.0109,0.0000,0.0000,0.0000,0.0109,0.0000,200,0.6802
0.0138,0.0000,0.0000,0.0000,0.0137,0.0000,200,0.6775
0.0223,0.0000,0.0000,0.0000,0.0222,0.0001,200,0.6696
0.0083,0.0000,0.0000,0.0000,0.0083,0.0000,200,0.6838
0.0348,0.0000,0.0000,0.0000,0.0347,0.0001,200,0.6578
0.0289,0.0000,0.0000,0.0000,0.0288,0.0000,200,0.6641
0.0032,0.0000,0.0000,0.0001,0.0029,0.0001,200,0.6902
0.0192,0.0000,0.0000,0.0000,0.0191,0.0000,200,0.6749
0.0065,0.0000,0.0000,0.0000,0.0064,0.0000,200,0.6875
0.0137,0.0000,0.0000,0.0000,0.0136,0.0001,200,0.6808
0.0018,0.0000,0.0000,0.0000,0.0016,0.0001,200,0.6930
0.0039,0.0000,0.0000,0.0000,0.0038,0.0000,200,0.6913
0.0106,0.0000,0.0000,0.0000,0.0105,0.0000,200,0.6851
0.0486,0.0000,0.0000,0.0001,0.0485,0.0000,200,0.6474
0.0058,0.0000,0.0000,0.0000,0.0056,0.0002,200,0.6907
0.0562,0.0000,0.0000,0.0000,0.0561,0.0001,200,0.6405
0.0666,0.0000,0.0000,0.0000,0.0664,0.0000,200,0.6313
0.0132,0.0000,0.0000,0.0000,0.0125,0.0006,200,0.6848
0.0053,0.0000,0.0000,0.0000,0.0052,0.0000,200,0.6926
0.0453,0.0000,0.0000,0.0000,0.0452,0.0000,200,0.6529
0.0046,0.0000,0.0000,0.0000,0.0046,0.0000,200,0.6940
0.0617,0.0000,0.0000,0.0000,0.0616,0.0000,200,0.6374
0.0028,0.0000,0.0000,0.0000,0.0027,0.0000,200,0.6968
0.0051,0.0000,0.0000,0.0000,0.0050,0.0000,200,0.6945
0.0297,0.0000,0.0000,0.0000,0.0297,0.0000,200,0.6703
0.0238,0.0000,0.0000,0.0000,0.0236,0.0002,200,0.6769
0.0167,0.0000,0.0000,0.0000,0.0167,0.0000,200,0.6841
0.0020,0.0000,0.0000,0.0000,0.0019,0.0001,200,0.6991
0.0120,0.0000,0.0000,0.0000,0.0119,0.0001,200,0.6897
0.0084,0.0000,0.0000,0.0000,0.0083,0.0000,200,0.6935
0.0015,0.0000,0.0000,0.0000,0.0015,0.0000,200,0.7011
0.1067,0.0000,0.0000,0.0000,0.1067,0.0000,200,0.5959
0.0246,0.0000,0.0000,0.0001,0.0242,0.0000,200,0.6786
0.0036,0.0000,0.0000,0.0000,0.0035,0.0000,200,0.6996
0.0042,0.0000,0.0000,0.0001,0.0039,0.0001,200,0.6996
0.0137,0.0000,0.0000,0.0000,0.0137,0.0000,200,0.6902
0.0254,0.0000,0.0000,0.0001,0.0252,0.0000,200,0.6792
0.0022,0.0000,0.0000,0.0000,0.0022,0.0000,200,0.7026
0.0269,0.0000,0.0000,0.0000,0.0267,0.0001,200,0.6781
0.0223,0.0000,0.0000,0.0000,0.0222,0.0001,200,0.6834
0.0010,0.0000,0.0000,0.0000,0.0008,0.0000,200,0.7048
0.0025,0.0000,0.0000,0.0000,0.0025,0.0000,200,0.7038
0.0106,0.0000,0.0000,0.0000,0.0104,0.0001,200,0.6961
0.0261,0.0000,0.0000,0.0002,0.0258,0.0000,200,0.6810
0.0073,0.0000,0.0000,0.0000,0.0072,0.0000,200,0.7000
0.0183,0.0000,0.0000,0.0000,0.0182,0.0000,200,0.6895
0.0116,0.0000,0.0000,0.0000,0.0116,0.0000,200,0.6965
0.0216,0.0000,0.0000,0.0000,0.0216,0.0000,200,0.6870
0.0079,0.0000,0.0000,0.0000,0.0077,0.0001,200,0.7008
0.0034,0.0000,0.0000,0.0000,0.0032,0.0002,200,0.7058
0.0065,0.0000,0.0000,0.0002,0.0062,0.0001,200,0.7032
0.0165,0.0000,0.0000,0.0000,0.0161,0.0003,200,0.6940
0.0391,0.0000,0.0000,0.0000,0.0391,0.0000,200,0.6714
0.0348,0.0000,0.0000,0.0001,0.0347,0.0000,200,0.6759
0.0207,0.0000,0.0000,0.0000,0.0206,0.0000,200,0.6905
0.0439,0.0000,0.0000,0.0001,0.0436,0.0001,200,0.6676
0.0109,0.0000,0.0000,0.0000,0.0108,0.0000,200,0.7007
0.0268,0.0000,0.0000,0.0000,0.0265,0.0002,200,0.6856
0.0207,0.0000,0.0000,0.0000,0.0206,0.0000,200,0.6919
0.0406,0.0000,0.0000,0.0000,0.0405,0.0000,200,0.6721
0.0186,0.0000,0.0000,0.0000,0.0184,0.0001,200,0.6948
0.0120,0.0000,0.0000,0.0000,0.0119,0.0000,200,0.7019
0.0082,0.0000,0.0000,0.0000,0.0082,0.0000,200,0.7056
0.0051,0.0000,0.0000,0.0002,0.0048,0.0001,200,0.7092
0.0074,0.0000,0.0000,0.0000,0.0072,0.0001,200,0.7073
0.0044,0.0000,0.0000,0.0000,0.0042,0.0001,200,0.7108
0.0106,0.0000,0.0000,0.0000,0.0106,0.0000,200,0.7050
0.0170,0.0000,0.0000,0.0000,0.0170,0.0000,200,0.6987
0.0183,0.0000,0.0000,0.0000,0.0182,0.0000,200,0.6979
0.0031,0.0000,0.0000,0.0000,0.0026,0.0000,200,0.7134
0.0030,0.0000,0.0000,0.0004,0.0024,0.0002,200,0.7138
0.0103,0.0000,0.0000,0.0000,0.0102,0.0000,200,0.7066
0.0099,0.0000,0.0000,0.0000,0.0098,0.0000,200,0.7078
0.0347,0.0000,0.0000,0.0000,0.0346,0.0000,200,0.6835
0.0119,0.0000,0.0000,0.0000,0.0118,0.0000,200,0.7064
0.0441,0.0000,0.0000,0.0000,0.0436,0.0004,200,0.6743
0.0023,0.0000,0.0000,0.0000,0.0021,0.0002,200,0.7164
0.0271,0.0000,0.0000,0.0000,0.0270,0.0000,200,0.6921
0.0376,0.0000,0.0000,0.0000,0.0375,0.0001,200,0.6819
0.0046,0.0000,0.0000,0.0000,0.0045,0.0000,200,0.7152
0.0247,0.0000,0.0000,0.0000,0.0246,0.0001,200,0.6957
0.0078,0.0000,0.0000,0.0000,0.0077,0.0000,200,0.7127
0.0085,0.0000,0.0000,0.0000,0.0084,0.0001,200,0.7126
0.0234,0.0000,0.0000,0.0000,0.0230,0.0003,200,0.6982
0.0033,0.0000,0.0000,0.0000,0.0031,0.0002,200,0.7182
0.0134,0.0000,0.0000,0.0000,0.0133,0.0001,200,0.7086
0.0340,0.0000,0.0000,0.0001,0.0336,0.0003,200,0.6881
0.0051,0.0000,0.0000,0.0000,0.0051,0.0000,200,0.7188
0.0028,0.0000,0.0000,0.0001,0.0026,0.0000,200,0.7221
0.0430,0.0000,0.0000,0.0000,0.0428,0.0001,200,0.6823
0.0065,0.0000,0.0000,0.0000,0.0064,0.0001,200,0.7192
0.0123,0.0000,0.0000,0.0000,0.0122,0.0000,200,0.7139
0.0035,0.0000,0.0000,0.0000,0.0034,0.0000,200,0.7239
0.0070,0.0000,0.0000,0.0000,0.0069,0.0000,200,0.7204
0.0705,0.0000,0.0000,0.0001,0.0702,0.0000,200,0.6571
0.0166,0.0000,0.0000,0.0000,0.0165,0.0000,200,0.7116
0.0107,0.0000,0.0000,0.0000,0.0106,0.0001,200,0.7182
0.0650,0.0000,0.0000,0.0000,0.0649,0.0001,200,0.6646
0.0259,0.0000,0.0000,0.0001,0.0254,0.0004,200,0.7046
0.0274,0.0000,0.0000,0.0001,0.0272,0.0000,200,0.7032
0.0428,0.0000,0.0000,0.0000,0.0427,0.0001,200,0.6878
0.0335,0.0000,0.0000,0.0000,0.0332,0.0003,200,0.6978
0.0425,0.0000,0.0000,0.0000,0.0424,0.0000,200,0.6888
0.0103,0.0000,0.0000,0.0000,0.0101,0.0001,200,0.7216
0.0040,0.0000,0.0000,0.0000,0.0039,0.0000,200,0.7282
0.0173,0.0000,0.0000,0.0000,0.0171,0.0002,200,0.7157
0.0072,0.0000,0.0000,0.0000,0.0072,0.0000,200,0.7258
0.0072,0.0000,0.0000,0.0000,0.0071,0.0001,200,0.7262
0.0091,0.0000,0.0000,0.0000,0.0090,0.0000,200,0.7253
0.0071,0.0000,0.0000,0.0000,0.0070,0.0000,200,0.7274
0.0040,0.0000,0.0000,0.0000,0.0039,0.0000,200,0.7305
0.0319,0.0000,0.0000,0.0000,0.0319,0.0000,200,0.7026
0.0241,0.0000,0.0000,0.0000,0.0241,0.0000,200,0.7105
0.0193,0.0000,0.0000,0.0000,0.0192,0.0000,200,0.7162
0.0171,0.0000,0.0000,0.0000,0.0167,0.0004,200,0.7184
0.0038,0.0000,0.0000,0.0000,0.0036,0.0001,200,0.7319
0.0149,0.0000,0.0000,0.0000,0.0146,0.0001,200,0.7211
0.0275,0.0000,0.0000,0.0000,0.0274,0.0000,200,0.7088
0.0008,0.0000,0.0000,0.0000,0.0007,0.0001,200,0.7360
0.0274,0.0000,0.0000,0.0000,0.0273,0.0001,200,0.7097
0.0059,0.0000,0.0000,0.0001,0.0057,0.0000,200,0.7313
0.0033,0.0000,0.0000,0.0000,0.0032,0.0000,200,0.7344
0.0762,0.0000,0.0000,0.0000,0.0761,0.0001,200,0.6618
0.0106,0.0000,0.0000,0.0000,0.0105,0.0000,200,0.7276
0.0042,0.0000,0.0000,0.0001,0.0041,0.0001,200,0.7346
0.0439,0.0000,0.0000,0.0000,0.0437,0.0001,200,0.6952
0.0520,0.0000,0.0000,0.0000,0.0520,0.0001,200,0.6872
0.0067,0.0000,0.0000,0.0000,0.0066,0.0000,200,0.7330
0.0128,0.0000,0.0000,0.0000,0.0127,0.0001,200,0.7274
0.0251,0.0000,0.0000,0.0000,0.0250,0.0001,200,0.7156
0.0014,0.0000,0.0000,0.0000,0.0013,0.0002,200,0.7397
0.0299,0.0000,0.0000,0.0000,0.0299,0.0000,200,0.7112
0.0677,0.0000,0.0000,0.0000,0.0676,0.0000,200,0.6740
0.0029,0.0000,0.0000,0.0000,0.0028,0.0001,200,0.7391
0.0533,0.0000,0.0000,0.0000,0.0532,0.0001,200,0.6892
0.0072,0.0000,0.0000,0.0000,0.0072,0.0000,200,0.7355
0.0351,0.0000,0.0000,0.0000,0.0350,0.0001,200,0.7082
0.0216,0.0000,0.0000,0.0002,0.0214,0.0000,200,0.7220
0.0110,0.0000,0.0000,0.0000,0.0109,0.0001,200,0.7330
0.0031,0.0000,0.0000,0.0000,0.0030,0.0001,200,0.7411
0.0229,0.0000,0.0000,0.0000,0.0227,0.0000,200,0.7216
0.0042,0.0000,0.0000,0.0001,0.0035,0.0001,200,0.7407
0.0205,0.0000,0.0000,0.0000,0.0204,0.0000,200,0.7249
0.0170,0.0000,0.0000,0.0000,0.0167,0.0002,200,0.7290
0.0017,0.0000,0.0000,0.0000,0.0015,0.0001,200,0.7449
0.0099,0.0000,0.0000,0.0000,0.0098,0.0000,200,0.7372
0.0088,0.0000,0.0000,0.0000,0.0088,0.0000,200,0.7382
0.0565,0.0000,0.0000,0.0000,0.0565,0.0000,200,0.6911
0.0145,0.0000,0.0000,0.0000,0.0145,0.0000,200,0.7334
0.0310,0.0000,0.0000,0.0000,0.0308,0.0001,200,0.7177
0.0051,0.0000,0.0000,0.0000,0.0051,0.0000,200,0.7436
0.0190,0.0000,0.0000,0.0000,0.0189,0.0001,200,0.7306
0.0071,0.0000,0.0000,0.0000,0.0070,0.0000,200,0.7427
0.0520,0.0000,0.0000,0.0000,0.0519,0.0001,200,0.6979
0.0198,0.0000,0.0000,0.0000,0.0197,0.0001,200,0.7306
0.0160,0.0000,0.0000,0.0000,0.0159,0.0000,200,0.7347
0.0148,0.0000,0.0000,0.0000,0.0148,0.0000,200,0.7363
0.0047,0.0000,0.0000,0.0000,0.0046,0.0000,200,0.7470
0.0147,0.0000,0.0000,0.0000,0.0147,0.0000,200,0.7372
0.0072,0.0000,0.0000,0.0000,0.0070,0.0002,200,0.7454
0.0213,0.0000,0.0000,0.0000,0.0211,0.0001,200,0.7313
0.0113,0.0000,0.0000,0.0000,0.0112,0.0000,200,0.7417
0.0039,0.0000,0.0000,0.0000,0.0038,0.0001,200,0.7498
0.0151,0.0000,0.0000,0.0000,0.0147,0.0003,200,0.7388
0.0126,0.0000,0.0000,0.0000,0.0124,0.0001,200,0.7420
0.0088,0.0000,0.0000,0.0000,0.0087,0.0001,200,0.7459
0.0116,0.0000,0.0000,0.0000,0.0115,0.0000,200,0.7440
0.0068,0.0000,0.0000,0.0000,0.0067,0.0000,200,0.7488
0.0080,0.0000,0.0000,0.0000,0.0078,0.0002,200,0.7477
0.0356,0.0000,0.0000,0.0001,0.0354,0.0001,200,0.7205
0.0038,0.0000,0.0000,0.0000,0.0036,0.0001,200,0.7526
0.0199,0.0000,0.0000,0.0000,0.0198,0.0000,200,0.7368
0.0162,0.0000,0.0000,0.0000,0.0161,0.0001,200,0.7411
0.0457,0.0000,0.0000,0.0000,0.0456,0.0000,200,0.7117
0.0413,0.0000,0.0000,0.0001,0.0411,0.0000,200,0.7169
0.0288,0.0000,0.0000,0.0000,0.0287,0.0000,200,0.7295
0.0109,0.0000,0.0000,0.0000,0.0108,0.0000,200,0.7480
0.0052,0.0000,0.0000,0.0000,0.0048,0.0001,200,0.7547
0.0069,0.0000,0.0000,0.0000,0.0068,0.0000,200,0.7530
0.0279,0.0000,0.0000,0.0000,0.0278,0.0000,200,0.7321
0.0045,0.0000,0.0000,0.0000,0.0041,0.0004,200,0.7557
0.0258,0.0000,0.0000,0.0000,0.0258,0.0000,200,0.7345
0.0098,0.0000,0.0000,0.0000,0.0095,0.0002,200,0.7506
0.0234,0.0000,0.0000,0.0000,0.0233,0.0001,200,0.7377
0.0261,0.0000,0.0000,0.0000,0.0258,0.0003,200,0.7357
0.0020,0.0000,0.0000,0.0008,0.0012,0.0000,200,0.7598
0.0221,0.0000,0.0000,0.0000,0.0219,0.0002,200,0.7402
0.0079,0.0000,0.0000,0.0001,0.0077,0.0001,200,0.7545
0.0186,0.0000,0.0000,0.0000,0.0184,0.0002,200,0.7445
0.0508,0.0000,0.0000,0.0000,0.0507,0.0000,200,0.7124
0.0061,0.0000,0.0000,0.0000,0.0055,0.0003,200,0.7574
0.0040,0.0000,0.0000,0.0000,0.0038,0.0001,200,0.7600
0.0453,0.0000,0.0000,0.0000,0.0452,0.0000,200,0.7195
0.0543,0.0000,0.0000,0.0000,0.0542,0.0001,200,0.7105
0.0054,0.0000,0.0000,0.0000,0.0054,0.0000,200,0.7599
0.0154,0.0000,0.0000,0.0000,0.0154,0.0000,200,0.7499
0.0142,0.0000,0.0000,0.0000,0.0140,0.0000,200,0.7512
0.0513,0.0000,0.0000,0.0000,0.0512,0.0000,200,0.7148
0.0229,0.0000,0.0000,0.0002,0.0226,0.0000,200,0.7433
0.0315,0.0000,0.0000,0.0000,0.0314,0.0001,200,0.7355
0.0633,0.0000,0.0000,0.0001,0.0631,0.0001,200,0.7039
0.0123,0.0000,0.0000,0.0000,0.0122,0.0000,200,0.7555
0.0056,0.0000,0.0000,0.0000,0.0055,0.0000,200,0.7624
0.0112,0.0000,0.0000,0.0000,0.0110,0.0001,200,0.7574
0.0057,0.0000,0.0000,0.0000,0.0055,0.0001,200,0.7632
0.0039,0.0000,0.0000,0.0000,0.0038,0.0000,200,0.7654
0.0062,0.0000,0.0000,0.0000,0.0061,0.0001,200,0.7635
0.0501,0.0000,0.0000,0.0000,0.0500,0.0001,200,0.7198
0.0099,0.0000,0.0000,0.0000,0.0098,0.0000,200,0.7603
0.0097,0.0000,0.0000,0.0000,0.0095,0.0000,200,0.7611
0.0207,0.0000,0.0000,0.0000,0.0203,0.0002,200,0.7505
0.0134,0.0000,0.0000,0.0000,0.0134,0.0000,200,0.7583
0.0035,0.0000,0.0000,0.0000,0.0031,0.0001,200,0.7689
0.0068,0.0000,0.0000,0.0000,0.0067,0.0001,200,0.7661
0.0104,0.0000,0.0000,0.0000,0.0103,0.0001,200,0.7632
0.0043,0.0000,0.0000,0.0000,0.0042,0.0000,200,0.7697
0.0222,0.0000,0.0000,0.0000,0.0220,0.0000,200,0.7519
0.0099,0.0000,0.0000,0.0000,0.0098,0.0000,200,0.7648
0.0102,0.0000,0.0000,0.0000,0.0101,0.0001,200,0.7648
0.0189,0.0000,0.0000,0.0000,0.0188,0.0000,200,0.7564
0.0271,0.0000,0.0000,0.0000,0.0270,0.0000,200,0.7487
0.0139,0.0000,0.0000,0.0000,0.0138,0.0001,200,0.7623
0.0112,0.0000,0.0000,0.0000,0.0110,0.0000,200,0.7654
0.0082,0.0000,0.0000,0.0000,0.0081,0.0000,200,0.7686
0.0013,0.0000,0.0000,0.0000,0.0012,0.0000,200,0.7758
0.0010,0.0000,0.0000,0.0000,0.0009,0.0001,200,0.7765
0.0609,0.0000,0.0000,0.0000,0.0608,0.0001,200,0.7169
0.0711,0.0000,0.0000,0.0000,0.0710,0.0001,200,0.7070
0.0116,0.0000,0.0000,0.0000,0.0113,0.0000,200,0.7670
0.0446,0.0000,0.0000,0.0000,0.0445,0.0000,200,0.7345
0.0276,0.0000,0.0000,0.0000,0.0273,0.0001,200,0.7517
0.0089,0.0000,0.0000,0.0003,0.0085,0.0001,200,0.7707
0.0334,0.0000,0.0000,0.0003,0.0329,0.0002,200,0.7470
0.0201,0.0000,0.0000,0.0000,0.0201,0.0000,200,0.7603
0.0055,0.0000,0.0000,0.0000,0.0054,0.0001,200,0.7753
0.0031,0.0000,0.0000,0.0000,0.0030,0.0000,200,0.7781
0.0055,0.0000,0.0000,0.0000,0.0054,0.0000,200,0.7763
0.0086,0.0000,0.0000,0.0000,0.0085,0.0000,200,0.7736
0.0048,0.0000,0.0000,0.0000,0.0046,0.0001,200,0.7779
0.0092,0.0000,0.0000,0.0000,0.0089,0.0002,200,0.7740
0.0307,0.0000,0.0000,0.0000,0.0306,0.0000,200,0.7526
0.0137,0.0000,0.0000,0.0000,0.0136,0.0000,200,0.7699
0.0067,0.0000,0.0000,0.0000,0.0067,0.0001,200,0.7776
0.0203,0.0000,0.0000,0.0000,0.0202,0.0000,200,0.7640
0.0474,0.0000,0.0000,0.0000,0.0473,0.0001,200,0.7380
0.0153,0.0000,0.0000,0.0000,0.0151,0.0000,200,0.7702
0.0390,0.0000,0.0000,0.0000,0.0384,0.0005,200,0.7467
0.0137,0.0000,0.0000,0.0000,0.0135,0.0001,200,0.7724
0.0056,0.0000,0.0000,0.0001,0.0055,0.0000,200,0.7808
0.0179,0.0000,0.0000,0.0000,0.0178,0.0000,200,0.7692
0.0191,0.0000,0.0000,0.0000,0.0188,0.0003,200,0.7680
0.0042,0.0000,0.0000,0.0003,0.0039,0.0000,200,0.7832
0.0443,0.0000,0.0000,0.0000,0.0438,0.0004,200,0.7443
0.0096,0.0000,0.0000,0.0000,0.0094,0.0002,200,0.7791
0.0118,0.0000,0.0000,0.0000,0.0117,0.0000,200,0.7769
0.0080,0.0000,0.0000,0.0000,0.0077,0.0002,200,0.7812
0.0219,0.0000,0.0000,0.0000,0.0218,0.0000,200,0.7678
0.0246,0.0000,0.0000,0.0000,0.0243,0.0001,200,0.7653
0.0043,0.0000,0.0000,0.0000,0.0040,0.0002,200,0.7861
0.0512,0.0000,0.0000,0.0000,0.0510,0.0001,200,0.7392
0.0768,0.0000,0.0000,0.0000,0.0767,0.0000,200,0.7143
0.0354,0.0000,0.0000,0.0000,0.0353,0.0001,200,0.7561
0.0033,0.0000,0.0000,0.0003,0.0030,0.0000,200,0.7886
0.0089,0.0000,0.0000,0.0000,0.0087,0.0001,200,0.7833
0.0124,0.0000,0.0000,0.0000,0.0119,0.0000,200,0.7804
0.0366,0.0000,0.0000,0.0000,0.0364,0.0001,200,0.7567
0.0064,0.0000,0.0000,0.0000,0.0062,0.0000,200,0.7871
0.0031,0.0000,0.0000,0.0000,0.0030,0.0001,200,0.7904
0.0200,0.0000,0.0000,0.0000,0.0199,0.0000,200,0.7741
0.0353,0.0000,0.0000,0.0003,0.0350,0.0000,200,0.7589
0.0046,0.0000,0.0000,0.0000,0.0045,0.0000,200,0.7897
0.0218,0.0000,0.0000,0.0000,0.0217,0.0000,200,0.7729
0.0063,0.0000,0.0000,0.0000,0.0062,0.0000,200,0.7886
0.0131,0.0000,0.0000,0.0000,0.0130,0.0000,200,0.7822
0.0148,0.0000,0.0000,0.0000,0.0146,0.0001,200,0.7817
0.0016,0.0000,0.0000,0.0000,0.0014,0.0001,200,0.7949
0.0051,0.0000,0.0000,0.0001,0.0047,0.0003,200,0.7915
0.0224,0.0000,0.0000,0.0001,0.0221,0.0002,200,0.7748
0.0133,0.0000,0.0000,0.0001,0.0131,0.0001,200,0.7843
0.0421,0.0000,0.0000,0.0000,0.0421,0.0000,200,0.7555
0.0269,0.0000,0.0000,0.0000,0.0268,0.0000,200,0.7711
0.0156,0.0000,0.0000,0.0000,0.0154,0.0001,200,0.7843
0.0211,0.0000,0.0000,0.0000,0.0210,0.0001,200,0.7793
0.0255,0.0000,0.0000,0.0000,0.0254,0.0001,200,0.7751
0.0157,0.0000,0.0000,0.0000,0.0156,0.0001,200,0.7856
0.0188,0.0000,0.0000,0.0000,0.0185,0.0002,200,0.7826
0.0100,0.0000,0.0000,0.0000,0.0099,0.0001,200,0.7920
0.0123,0.0000,0.0000,0.0000,0.0123,0.0001,200,0.7899
0.0533,0.0000,0.0000,0.0000,0.0530,0.0000,200,0.7496
0.0092,0.0000,0.0000,0.0000,0.0091,0.0001,200,0.7941
0.0180,0.0000,0.0000,0.0000,0.0179,0.0001,200,0.7853
0.0110,0.0000,0.0000,0.0000,0.0110,0.0000,200,0.7928
0.0378,0.0000,0.0000,0.0000,0.0377,0.0000,200,0.7662
0.0468,0.0000,0.0000,0.0001,0.0464,0.0003,200,0.7581
0.0115,0.0000,0.0000,0.0000,0.0115,0.0000,200,0.7935
0.0259,0.0000,0.0000,0.0000,0.0257,0.0001,200,0.7797
0.0185,0.0000,0.0000,0.0000,0.0184,0.0000,200,0.7874
0.0387,0.0000,0.0000,0.0000,0.0387,0.0000,200,0.7672
0.0025,0.0000,0.0000,0.0000,0.0023,0.0001,200,0.8040
0.0464,0.0000,0.0000,0.0000,0.0463,0.0000,200,0.7605
0.0106,0.0000,0.0000,0.0000,0.0106,0.0001,200,0.7965
0.0143,0.0000,0.0000,0.0000,0.0141,0.0001,200,0.7933
0.0557,0.0000,0.0000,0.0000,0.0544,0.0012,200,0.7537
0.0095,0.0000,0.0000,0.0000,0.0094,0.0000,200,0.7999
0.0035,0.0000,0.0000,0.0000,0.0034,0.0000,200,0.8060
0.0161,0.0000,0.0000,0.0000,0.0159,0.0002,200,0.7936
0.0059,0.0000,0.0000,0.0000,0.0055,0.0003,200,0.8038
0.0187,0.0000,0.0000,0.0000,0.0183,0.0003,200,0.7911
0.0030,0.0000,0.0000,0.0001,0.0024,0.0003,200,0.8069
0.0227,0.0000,0.0000,0.0000,0.0226,0.0001,200,0.7872
0.0130,0.0000,0.0000,0.0000,0.0129,0.0000,200,0.7976
0.0044,0.0000,0.0000,0.0001,0.0043,0.0001,200,0.8065
0.0255,0.0000,0.0000,0.0000,0.0254,0.0000,200,0.7854
0.0192,0.0000,0.0000,0.0000,0.0191,0.0001,200,0.7922
0.0255,0.0000,0.0000,0.0000,0.0255,0.0000,200,0.7864
0.0089,0.0000,0.0000,0.0002,0.0087,0.0001,200,0.8033
0.0016,0.0000,0.0000,0.0001,0.0012,0.0000,200,0.8109
0.0051,0.0000,0.0000,0.0000,0.0047,0.0002,200,0.8076
0.0231,0.0000,0.0000,0.0002,0.0224,0.0005,200,0.7904
0.0367,0.0000,0.0000,0.0000,0.0366,0.0000,200,0.7771
0.0304,0.0000,0.0000,0.0000,0.0302,0.0000,200,0.7836
0.0258,0.0000,0.0000,0.0000,0.0257,0.0000,200,0.7886
0.0093,0.0000,0.0000,0.0000,0.0091,0.0001,200,0.8056
0.0056,0.0000,0.0000,0.0001,0.0052,0.0001,200,0.8099
0.0143,0.0000,0.0000,0.0000,0.0142,0.0000,200,0.8013
0.0125,0.0000,0.0000,0.0000,0.0125,0.0001,200,0.8033
0.0075,0.0000,0.0000,0.0000,0.0071,0.0005,200,0.8098
0.0078,0.0000,0.0000,0.0000,0.0077,0.0000,200,0.8097
0.0128,0.0000,0.0000,0.0000,0.0127,0.0000,200,0.8050
0.0292,0.0000,0.0000,0.0000,0.0291,0.0001,200,0.7892
0.0216,0.0000,0.0000,0.0000,0.0215,0.0000,200,0.7971
0.0068,0.0000,0.0000,0.0000,0.0067,0.0001,200,0.8122
0.1179,0.0000,0.0000,0.0000,0.1178,0.0000,200,0.7017
0.0261,0.0000,0.0000,0.0000,0.0260,0.0001,200,0.7942
0.0084,0.0000,0.0000,0.0000,0.0082,0.0002,200,0.8126
0.0249,0.0000,0.0000,0.0000,0.0248,0.0000,200,0.7965
0.0204,0.0000,0.0000,0.0000,0.0204,0.0000,200,0.8015
0.0275,0.0000,0.0000,0.0000,0.0274,0.0000,200,0.7947
0.0418,0.0000,0.0000,0.0002,0.0415,0.0002,200,0.7805
0.0135,0.0000,0.0000,0.0000,0.0134,0.0000,200,0.8094
0.0129,0.0000,0.0000,0.0000,0.0127,0.0001,200,0.8113
0.0086,0.0000,0.0000,0.0000,0.0085,0.0000,200,0.8158
0.0707,0.0000,0.0000,0.0000,0.0705,0.0001,200,0.7539
0.0136,0.0000,0.0000,0.0001,0.0133,0.0000,200,0.8110
0.0027,0.0000,0.0000,0.0000,0.0026,0.0000,200,0.8222
0.0226,0.0000,0.0000,0.0000,0.0225,0.0000,200,0.8029
0.0064,0.0000,0.0000,0.0000,0.0062,0.0001,200,0.8196
0.0070,0.0000,0.0000,0.0000,0.0069,0.0000,200,0.8190
0.0080,0.0000,0.0000,0.0000,0.0078,0.0001,200,0.8184
0.0133,0.0000,0.0000,0.0000,0.0132,0.0001,200,0.8137
0.0050,0.0000,0.0000,0.0000,0.0049,0.0000,200,0.8223
0.0304,0.0000,0.0000,0.0000,0.0301,0.0000,200,0.7976
0.0141,0.0000,0.0000,0.0000,0.0140,0.0000,200,0.8140
0.0070,0.0000,0.0000,0.0000,0.0069,0.0001,200,0.8214
0.0286,0.0000,0.0000,0.0000,0.0284,0.0000,200,0.8004
0.0147,0.0000,0.0000,0.0000,0.0145,0.0001,200,0.8144
0.0676,0.0000,0.0000,0.0000,0.0674,0.0001,200,0.7618
0.0332,0.0000,0.0000,0.0000,0.0332,0.0000,200,0.7966
0.0242,0.0000,0.0000,0.0000,0.0242,0.0000,200,0.8059
0.0169,0.0000,0.0000,0.0000,0.0167,0.0001,200,0.8137
0.0211,0.0000,0.0000,0.0000,0.0210,0.0000,200,0.8098
0.0059,0.0000,0.0000,0.0000,0.0058,0.0001,200,0.8255
0.0132,0.0000,0.0000,0.0000,0.0131,0.0000,200,0.8188
0.0078,0.0000,0.0000,0.0000,0.0078,0.0000,200,0.8244
0.0309,0.0000,0.0000,0.0000,0.0305,0.0002,200,0.8020
0.0119,0.0000,0.0000,0.0000,0.0119,0.0000,200,0.8209
0.0087,0.0000,0.0000,0.0000,0.0087,0.0000,200,0.8246
0.0218,0.0000,0.0000,0.0000,0.0216,0.0000,200,0.8120
0.0362,0.0000,0.0000,0.0000,0.0361,0.0001,200,0.7981
0.0079,0.0000,0.0000,0.0000,0.0077,0.0001,200,0.8264
0.0075,0.0000,0.0000,0.0000,0.0074,0.0000,200,0.8270
0.0178,0.0000,0.0000,0.0000,0.0177,0.0001,200,0.8173
0.0036,0.0000,0.0000,0.0000,0.0035,0.0000,200,0.8320
0.0028,0.0000,0.0000,0.0000,0.0026,0.0001,200,0.8333
0.0746,0.0000,0.0000,0.0000,0.0742,0.0004,200,0.7619
0.0056,0.0000,0.0000,0.0000,0.0054,0.0001,200,0.8309
0.0045,0.0000,0.0000,0.0000,0.0044,0.0000,200,0.8323
0.0099,0.0000,0.0000,0.0000,0.0098,0.0001,200,0.8274
0.0947,0.0000,0.0000,0.0000,0.0945,0.0000,200,0.7425
0.0064,0.0000,0.0000,0.0000,0.0061,0.0000,200,0.8314
0.0009,0.0000,0.0000,0.0000,0.0008,0.0001,200,0.8372
0.0085,0.0000,0.0000,0.0000,0.0084,0.0000,200,0.8301
0.0035,0.0000,0.0000,0.0001,0.0032,0.0000,200,0.8355
0.0294,0.0000,0.0000,0.0000,0.0294,0.0000,200,0.8098
0.0222,0.0000,0.0000,0.0000,0.0221,0.0000,200,0.8175
0.0460,0.0000,0.0000,0.0000,0.0459,0.0002,200,0.7942
0.0308,0.0000,0.0000,0.0000,0.0306,0.0000,200,0.8094
0.0254,0.0000,0.0000,0.0000,0.0253,0.0000,200,0.8155
0.0266,0.0000,0.0000,0.0000,0.0265,0.0000,200,0.8149
0.0125,0.0000,0.0000,0.0000,0.0123,0.0000,200,0.8293
0.0046,0.0000,0.0000,0.0000,0.0045,0.0000,200,0.8372
0.0132,0.0000,0.0000,0.0003,0.0125,0.0003,200,0.8290
0.0056,0.0000,0.0000,0.0000,0.0055,0.0001,200,0.8367
0.0082,0.0000,0.0000,0.0000,0.0082,0.0000,200,0.8345
0.0054,0.0000,0.0000,0.0000,0.0052,0.0001,200,0.8378
0.0278,0.0000,0.0000,0.0001,0.0277,0.0000,200,0.8156
0.0051,0.0000,0.0000,0.0000,0.0051,0.0000,200,0.8392
0.0160,0.0000,0.0000,0.0000,0.0159,0.0000,200,0.8283
0.0055,0.0000,0.0000,0.0000,0.0047,0.0006,200,0.8390
0.0016,0.0000,0.0000,0.0000,0.0015,0.0000,200,0.8432
0.0348,0.0000,0.0000,0.0000,0.0347,0.0000,200,0.8106
0.0502,0.0000,0.0000,0.0000,0.0501,0.0000,200,0.7953
0.0122,0.0000,0.0000,0.0000,0.0121,0.0000,200,0.8338
0.0456,0.0000,0.0000,0.0000,0.0454,0.0001,200,0.8006
0.0050,0.0000,0.0000,0.0000,0.0048,0.0001,200,0.8418
0.0214,0.0000,0.0000,0.0001,0.0211,0.0002,200,0.8260
0.0757,0.0000,0.0000,0.0000,0.0756,0.0000,200,0.7717
0.0022,0.0000,0.0000,0.0000,0.0021,0.0000,200,0.8454
0.0432,0.0000,0.0000,0.0001,0.0427,0.0004,200,0.8049
0.0052,0.0000,0.0000,0.0000,0.0051,0.0000,200,0.8434
0.0200,0.0000,0.0000,0.0000,0.0200,0.0000,200,0.8289
0.0018,0.0000,0.0000,0.0000,0.0015,0.0000,200,0.8476
0.0169,0.0000,0.0000,0.0000,0.0169,0.0000,200,0.8329
0.0099,0.0000,0.0000,0.0000,0.0099,0.0000,200,0.8402
0.0075,0.0000,0.0000,0.0000,0.0074,0.0000,200,0.8427
0.0141,0.0000,0.0000,0.0000,0.0140,0.0001,200,0.8361
0.0434,0.0000,0.0000,0.0000,0.0432,0.0000,200,0.8071
0.0091,0.0000,0.0000,0.0000,0.0090,0.0001,200,0.8422
0.0093,0.0000,0.0000,0.0000,0.0091,0.0001,200,0.8423
0.0391,0.0000,0.0000,0.0001,0.0388,0.0002,200,0.8128
0.0155,0.0000,0.0000,0.0000,0.0154,0.0000,200,0.8365
0.0026,0.0000,0.0000,0.0000,0.0025,0.0000,200,0.8494
0.0181,0.0000,0.0000,0.0000,0.0180,0.0000,200,0.8342
0.0247,0.0000,0.0000,0.0000,0.0246,0.0001,200,0.8280
0.0113,0.0000,0.0000,0.0000,0.0112,0.0001,200,0.8418
0.0064,0.0000,0.0000,0.0000,0.0059,0.0003,200,0.8468
0.0289,0.0000,0.0000,0.0000,0.0288,0.0000,200,0.8250
0.0021,0.0000,0.0000,0.0002,0.0019,0.0000,200,0.8519
0.0144,0.0000,0.0000,0.0001,0.0138,0.0004,200,0.8402
0.0218,0.0000,0.0000,0.0000,0.0217,0.0001,200,0.8329
0.0051,0.0000,0.0000,0.0000,0.0049,0.0000,200,0.8498
0.0243,0.0000,0.0000,0.0000,0.0243,0.0000,200,0.8306
0.0308,0.0000,0.0000,0.0000,0.0305,0.0003,200,0.8246
0.0316,0.0000,0.0000,0.0000,0.0314,0.0001,200,0.8243
0.0074,0.0000,0.0000,0.0000,0.0073,0.0000,200,0.8486
0.0264,0.0000,0.0000,0.0000,0.0261,0.0001,200,0.8298
0.0153,0.0000,0.0000,0.0000,0.0151,0.0001,200,0.8415
0.0126,0.0000,0.0000,0.0000,0.0126,0.0000,200,0.8443
0.0032,0.0000,0.0000,0.0001,0.0029,0.0000,200,0.8538
0.0092,0.0000,0.0000,0.0000,0.0091,0.0000,200,0.8482
0.0373,0.0000,0.0000,0.0000,0.0370,0.0003,200,0.8203
0.0107,0.0000,0.0000,0.0000,0.0105,0.0001,200,0.8474
0.0187,0.0000,0.0000,0.0000,0.0187,0.0000,200,0.8397
0.0798,0.0000,0.0000,0.0000,0.0797,0.0000,200,0.7786
0.0180,0.0000,0.0000,0.0002,0.0175,0.0002,200,0.8409
0.0087,0.0000,0.0000,0.0000,0.0087,0.0000,200,0.8502
0.0148,0.0000,0.0000,0.0000,0.0146,0.0001,200,0.8444
0.0313,0.0000,0.0000,0.0000,0.0312,0.0000,200,0.8281
0.0045,0.0000,0.0000,0.0000,0.0044,0.0000,200,0.8550
0.0381,0.0000,0.0000,0.0000,0.0379,0.0002,200,0.8219
0.0032,0.0000,0.0000,0.0000,0.0030,0.0002,200,0.8570
0.0046,0.0000,0.0000,0.0000,0.0044,0.0001,200,0.8559
0.0094,0.0000,0.0000,0.0001,0.0091,0.0001,200,0.8516
0.0088,0.0000,0.0000,0.0000,0.0088,0.0000,200,0.8523
0.0027,0.0000,0.0000,0.0000,0.0026,0.0000,200,0.8590
0.0604,0.0000,0.0000,0.0000,0.0599,0.0005,200,0.8022
0.0450,0.0000,0.0000,0.0000,0.0449,0.0000,200,0.8178
0.0080,0.0000,0.0000,0.0000,0.0078,0.0002,200,0.8549
0.0054,0.0000,0.0000,0.0000,0.0053,0.0001,200,0.8582
0.0181,0.0000,0.0000,0.0000,0.0180,0.0000,200,0.8455
0.0031,0.0000,0.0000,0.0000,0.0029,0.0002,200,0.8612
0.0033,0.0000,0.0000,0.0000,0.0032,0.0001,200,0.8610
0.0113,0.0000,0.0000,0.0000,0.0112,0.0000,200,0.8531
0.0176,0.0000,0.0000,0.0002,0.0173,0.0000,200,0.8474
0.0023,0.0000,0.0000,0.0000,0.0023,0.0000,200,0.8627
0.0093,0.0000,0.0000,0.0000,0.0090,0.0002,200,0.8562
0.0030,0.0000,0.0000,0.0000,0.0029,0.0001,200,0.8628
0.0309,0.0000,0.0000,0.0000,0.0308,0.0000,200,0.8351
0.0014,0.0000,0.0000,0.0000,0.0013,0.0002,200,0.8650
0.0086,0.0000,0.0000,0.0000,0.0085,0.0000,200,0.8584
0.0076,0.0000,0.0000,0.0000,0.0075,0.0000,200,0.8594
0.0102,0.0000,0.0000,0.0000,0.0100,0.0001,200,0.8574
0.0084,0.0000,0.0000,0.0001,0.0082,0.0000,200,0.8594
0.0194,0.0000,0.0000,0.0001,0.0192,0.0000,200,0.8490
0.0319,0.0000,0.0000,0.0001,0.0316,0.0001,200,0.8365
0.0300,0.0000,0.0000,0.0000,0.0299,0.0000,200,0.8386
0.0136,0.0000,0.0000,0.0000,0.0134,0.0000,200,0.8554
0.0128,0.0000,0.0000,0.0000,0.0126,0.0002,200,0.8570
0.0056,0.0000,0.0000,0.0000,0.0055,0.0000,200,0.8643
0.0174,0.0000,0.0000,0.0005,0.0168,0.0000,200,0.8532
0.0025,0.0000,0.0000,0.0000,0.0024,0.0001,200,0.8683
0.0148,0.0000,0.0000,0.0000,0.0145,0.0003,200,0.8568
0.0075,0.0000,0.0000,0.0001,0.0067,0.0000,200,0.8644
0.0109,0.0000,0.0000,0.0000,0.0106,0.0002,200,0.8617
0.0124,0.0000,0.0000,0.0000,0.0123,0.0001,200,0.8602
0.0049,0.0000,0.0000,0.0000,0.0049,0.0000,200,0.8678
0.0211,0.0000,0.0000,0.0000,0.0210,0.0001,200,0.8520
0.0476,0.0000,0.0000,0.0000,0.0475,0.0000,200,0.8260
0.0054,0.0000,0.0000,0.0001,0.0050,0.0000,200,0.8686
0.0184,0.0000,0.0000,0.0000,0.0184,0.0000,200,0.8560
0.0155,0.0000,0.0000,0.0000,0.0153,0.0002,200,0.8592
0.0115,0.0000,0.0000,0.0000,0.0114,0.0000,200,0.8635
0.0105,0.0000,0.0000,0.0000,0.0104,0.0000,200,0.8650
0.0104,0.0000,0.0000,0.0000,0.0102,0.0000,200,0.8656
0.0029,0.0000,0.0000,0.0000,0.0029,0.0000,200,0.8731
0.0017,0.0000,0.0000,0.0000,0.0016,0.0001,200,0.8750
0.0171,0.0000,0.0000,0.0000,0.0169,0.0000,200,0.8600
0.0234,0.0000,0.0000,0.0000,0.0233,0.0000,200,0.8540
0.0199,0.0000,0.0000,0.0000,0.0198,0.0000,200,0.8577
0.0122,0.0000,0.0000,0.0000,0.0121,0.0002,200,0.8658
0.0238,0.0000,0.0000,0.0000,0.0237,0.0000,200,0.8547
0.0132,0.0000,0.0000,0.0000,0.0129,0.0001,200,0.8660
0.0248,0.0000,0.0000,0.0000,0.0248,0.0000,200,0.8547
0.0025,0.0000,0.0000,0.0000,0.0024,0.0000,200,0.8771
0.0166,0.0000,0.0000,0.0000,0.0165,0.0001,200,0.8635
0.0137,0.0000,0.0000,0.0000,0.0137,0.0000,200,0.8670
0.0027,0.0000,0.0000,0.0000,0.0027,0.0000,200,0.8781
0.0349,0.0000,0.0000,0.0000,0.0347,0.0000,200,0.8462
0.0020,0.0000,0.0000,0.0000,0.0020,0.0000,200,0.8796
0.0122,0.0000,0.0000,0.0000,0.0121,0.0001,200,0.8699
0.0147,0.0000,0.0000,0.0000,0.0146,0.0000,200,0.8676
0.0104,0.0000,0.0000,0.0001,0.0103,0.0001,200,0.8726
0.0071,0.0000,0.0000,0.0000,0.0070,0.0000,200,0.8760
0.0014,0.0000,0.0000,0.0000,0.0012,0.0001,200,0.8821
0.0152,0.0000,0.0000,0.0000,0.0152,0.0000,200,0.8684
0.0340,0.0000,0.0000,0.0000,0.0338,0.0000,200,0.8502
0.0075,0.0000,0.0000,0.0000,0.0071,0.0003,200,0.8775
0.0408,0.0000,0.0000,0.0000,0.0405,0.0003,200,0.8445
0.0277,0.0000,0.0000,0.0000,0.0276,0.0000,200,0.8589
0.0155,0.0000,0.0000,0.0000,0.0148,0.0006,200,0.8716
0.0643,0.0000,0.0000,0.0000,0.0642,0.0000,200,0.8228
0.0231,0.0000,0.0000,0.0000,0.0227,0.0004,200,0.8643
0.0075,0.0000,0.0000,0.0000,0.0074,0.0001,200,0.8808
0.0797,0.0000,0.0000,0.0000,0.0796,0.0001,200,0.8094
0.0106,0.0000,0.0000,0.0000,0.0105,0.0001,200,0.8785
0.0145,0.0000,0.0000,0.0000,0.0144,0.0000,200,0.8746
0.0076,0.0000,0.0000,0.0000,0.0073,0.0002,200,0.8816
0.0068,0.0000,0.0000,0.0000,0.0067,0.0000,200,0.8831
0.0176,0.0000,0.0000,0.0000,0.0175,0.0000,200,0.8728
0.0065,0.0000,0.0000,0.0000,0.0065,0.0000,200,0.8842
0.0240,0.0000,0.0000,0.0000,0.0240,0.0000,200,0.8670
0.0045,0.0000,0.0000,0.0002,0.0041,0.0000,200,0.8870
0.0177,0.0000,0.0000,0.0000,0.0175,0.0001,200,0.8744
0.0235,0.0000,0.0000,0.0000,0.0234,0.0000,200,0.8690
0.0479,0.0000,0.0000,0.0001,0.0478,0.0000,200,0.8448
0.0120,0.0000,0.0000,0.0000,0.0120,0.0000,200,0.8808
0.0139,0.0000,0.0000,0.0000,0.0138,0.0000,200,0.8796
0.0407,0.0000,0.0000,0.0000,0.0406,0.0001,200,0.8527
0.0164,0.0000,0.0000,0.0000,0.0163,0.0001,200,0.8774
0.0355,0.0000,0.0000,0.0000,0.0354,0.0000,200,0.8584
0.0431,0.0000,0.0000,0.0002,0.0427,0.0002,200,0.8513
0.0016,0.0000,0.0000,0.0000,0.0014,0.0002,200,0.8935
0.0061,0.0000,0.0000,0.0000,0.0060,0.0000,200,0.8891
0.0047,0.0000,0.0000,0.0000,0.0046,0.0000,200,0.8907
0.0075,0.0000,0.0000,0.0000,0.0074,0.0000,200,0.8883
0.0032,0.0000,0.0000,0.0000,0.0029,0.0002,200,0.8927
0.0098,0.0000,0.0000,0.0000,0.0092,0.0002,200,0.8867
0.0099,0.0000,0.0000,0.0000,0.0098,0.0001,200,0.8872
0.0098,0.0000,0.0000,0.0000,0.0094,0.0000,200,0.8874
0.0017,0.0000,0.0000,0.0000,0.0016,0.0001,200,0.8958
0.0189,0.0000,0.0000,0.0000,0.0189,0.0000,200,0.8792
0.0263,0.0000,0.0000,0.0001,0.0261,0.0000,200,0.8719
0.0012,0.0000,0.0000,0.0000,0.0011,0.0001,200,0.8971
0.0285,0.0000,0.0000,0.0000,0.0281,0.0004,200,0.8706
0.0225,0.0000,0.0000,0.0000,0.0224,0.0000,200,0.8767
0.0257,0.0000,0.0000,0.0000,0.0256,0.0000,200,0.8736
0.0165,0.0000,0.0000,0.0000,0.0164,0.0000,200,0.8837
0.0177,0.0000,0.0000,0.0000,0.0176,0.0001,200,0.8830
0.0254,0.0000,0.0000,0.0000,0.0250,0.0003,200,0.8760
0.0418,0.0000,0.0000,0.0000,0.0416,0.0000,200,0.8604
0.0094,0.0000,0.0000,0.0000,0.0093,0.0001,200,0.8928
0.0033,0.0000,0.0000,0.0001,0.0031,0.0000,200,0.8992
0.0117,0.0000,0.0000,0.0000,0.0117,0.0000,200,0.8925
0.0537,0.0000,0.0000,0.0000,0.0537,0.0000,200,0.8505
0.0523,0.0000,0.0000,0.0000,0.0522,0.0000,200,0.8520
0.0071,0.0000,0.0000,0.0000,0.0070,0.0000,200,0.8972
0.0242,0.0000,0.0000,0.0000,0.0240,0.0002,200,0.8802
0.0102,0.0000,0.0000,0.0000,0.0101,0.0000,200,0.8944
0.0201,0.0000,0.0000,0.0000,0.0199,0.0001,200,0.8852
0.0211,0.0000,0.0000,0.0001,0.0209,0.0000,200,0.8853
0.0604,0.0000,0.0000,0.0000,0.0604,0.0000,200,0.8460
0.0241,0.0000,0.0000,0.0000,0.0240,0.0000,200,0.8823
0.0314,0.0000,0.0000,0.0000,0.0313,0.0001,200,0.8755
0.0034,0.0000,0.0000,0.0000,0.0033,0.0000,200,0.9042
0.0244,0.0000,0.0000,0.0000,0.0243,0.0000,200,0.8835
0.0136,0.0000,0.0000,0.0000,0.0134,0.0002,200,0.8952
0.0204,0.0000,0.0000,0.0000,0.0202,0.0001,200,0.8892
0.0038,0.0000,0.0000,0.0000,0.0037,0.0000,200,0.9064
0.0084,0.0000,0.0000,0.0000,0.0083,0.0001,200,0.9022
0.0150,0.0000,0.0000,0.0000,0.0144,0.0002,200,0.8959
0.0608,0.0000,0.0000,0.0000,0.0607,0.0001,200,0.8502
0.0301,0.0000,0.0000,0.0000,0.0299,0.0001,200,0.8811
0.0379,0.0000,0.0000,0.0000,0.0378,0.0001,200,0.8740
0.0458,0.0000,0.0000,0.0000,0.0457,0.0001,200,0.8665
0.0083,0.0000,0.0000,0.0000,0.0082,0.0000,200,0.9043
0.0179,0.0000,0.0000,0.0000,0.0178,0.0001,200,0.8950
0.0192,0.0000,0.0000,0.0000,0.0192,0.0000,200,0.8938
0.0129,0.0000,0.0000,0.0000,0.0126,0.0001,200,0.9007
0.0016,0.0000,0.0000,0.0002,0.0013,0.0000,200,0.9120
0.0033,0.0000,0.0000,0.0000,0.0031,0.0000,200,0.9110
0.0153,0.0000,0.0000,0.0000,0.0152,0.0000,200,0.8991
0.0082,0.0000,0.0000,0.0000,0.0081,0.0000,200,0.9064
0.0227,0.0000,0.0000,0.0000,0.0223,0.0004,200,0.8921
0.0426,0.0000,0.0000,0.0000,0.0425,0.0000,200,0.8726
0.0013,0.0000,0.0000,0.0000,0.0012,0.0000,200,0.9144
0.0026,0.0000,0.0000,0.0000,0.0025,0.0000,200,0.9135
0.0226,0.0000,0.0000,0.0000,0.0225,0.0001,200,0.8939
0.0189,0.0000,0.0000,0.0000,0.0185,0.0003,200,0.8984
0.0043,0.0000,0.0000,0.0000,0.0042,0.0000,200,0.9129
0.0029,0.0000,0.0000,0.0000,0.0028,0.0000,200,0.9148
0.0137,0.0000,0.0000,0.0000,0.0136,0.0001,200,0.9042
0.0059,0.0000,0.0000,0.0000,0.0057,0.0001,200,0.9126
0.0806,0.0000,0.0000,0.0000,0.0804,0.0001,200,0.8382
0.0479,0.0000,0.0000,0.0000,0.0478,0.0000,200,0.8709
0.0090,0.0000,0.0000,0.0000,0.0089,0.0001,200,0.9102
0.0287,0.0000,0.0000,0.0000,0.0286,0.0000,200,0.8910
0.0056,0.0000,0.0000,0.0000,0.0054,0.0002,200,0.9146
0.0222,0.0000,0.0000,0.0000,0.0222,0.0000,200,0.8981
0.0013,0.0000,0.0000,0.0000,0.0012,0.0001,200,0.9192
0.0245,0.0000,0.0000,0.0000,0.0245,0.0000,200,0.8965
0.0167,0.0000,0.0000,0.0000,0.0167,0.0000,200,0.9044
0.0022,0.0000,0.0000,0.0000,0.0020,0.0001,200,0.9197
0.0075,0.0000,0.0000,0.0000,0.0074,0.0000,200,0.9144
0.0266,0.0000,0.0000,0.0000,0.0266,0.0000,200,0.8954
0.0040,0.0000,0.0000,0.0000,0.0039,0.0000,200,0.9184
0.0008,0.0000,0.0000,0.0000,0.0006,0.0002,200,0.9218
0.0330,0.0000,0.0000,0.0000,0.0325,0.0002,200,0.8904
0.0345,0.0000,0.0000,0.0000,0.0343,0.0001,200,0.8891
0.0017,0.0000,0.0000,0.0000,0.0017,0.0000,200,0.9221
0.0034,0.0000,0.0000,0.0000,0.0031,0.0003,200,0.9211
0.0110,0.0000,0.0000,0.0000,0.0109,0.0000,200,0.9136
0.0046,0.0000,0.0000,0.0000,0.0045,0.0001,200,0.9203
0.0365,0.0000,0.0000,0.0000,0.0364,0.0000,200,0.8891
0.0052,0.0000,0.0000,0.0000,0.0049,0.0002,200,0.9210
0.0029,0.0000,0.0000,0.0001,0.0026,0.0001,200,0.9234
0.0158,0.0000,0.0000,0.0000,0.0157,0.0000,200,0.9109
0.0109,0.0000,0.0000,0.0000,0.0105,0.0003,200,0.9161
0.0118,0.0000,0.0000,0.0000,0.0118,0.0000,200,0.9152
0.0052,0.0000,0.0000,0.0000,0.0051,0.0000,200,0.9224
0.0041,0.0000,0.0000,0.0000,0.0040,0.0000,200,0.9238
0.0020,0.0000,0.0000,0.0001,0.0018,0.0001,200,0.9262
0.0180,0.0000,0.0000,0.0000,0.0180,0.0000,200,0.9106
0.0277,0.0000,0.0000,0.0000,0.0272,0.0000,200,0.9014
0.0227,0.0000,0.0000,0.0000,0.0226,0.0000,200,0.9069
0.0217,0.0000,0.0000,0.0000,0.0217,0.0000,200,0.9079
0.0250,0.0000,0.0000,0.0000,0.0250,0.0000,200,0.9046
0.0178,0.0000,0.0000,0.0000,0.0176,0.0001,200,0.9123
0.0263,0.0000,0.0000,0.0000,0.0262,0.0000,200,0.9043
0.0335,0.0000,0.0000,0.0000,0.0334,0.0000,200,0.8976
0.0124,0.0000,0.0000,0.0000,0.0123,0.0000,200,0.9188
0.0038,0.0000,0.0000,0.0000,0.0038,0.0000,200,0.9279
0.0160,0.0000,0.0000,0.0001,0.0159,0.0000,200,0.9164
0.0427,0.0000,0.0000,0.0000,0.0424,0.0002,200,0.8899
0.0349,0.0000,0.0000,0.0000,0.0348,0.0001,200,0.8981
0.0416,0.0000,0.0000,0.0000,0.0416,0.0000,200,0.8916
0.0049,0.0000,0.0000,0.0000,0.0048,0.0000,200,0.9287
0.0181,0.0000,0.0000,0.0000,0.0180,0.0000,200,0.9157
0.0073,0.0000,0.0000,0.0000,0.0071,0.0001,200,0.9270
0.0248,0.0000,0.0000,0.0000,0.0247,0.0000,200,0.9096
0.0122,0.0000,0.0000,0.0000,0.0121,0.0000,200,0.9227
0.0089,0.0000,0.0000,0.0000,0.0089,0.0000,200,0.9267
0.0046,0.0000,0.0000,0.0000,0.0046,0.0000,200,0.9311
0.0180,0.0000,0.0000,0.0000,0.0179,0.0001,200,0.9180
0.0301,0.0000,0.0000,0.0000,0.0300,0.0000,200,0.9064
0.0067,0.0000,0.0000,0.0002,0.0065,0.0000,200,0.9301
0.0202,0.0000,0.0000,0.0000,0.0199,0.0003,200,0.9172
0.0119,0.0000,0.0000,0.0000,0.0118,0.0000,200,0.9256
0.0377,0.0000,0.0000,0.0000,0.0376,0.0000,200,0.9002
0.0137,0.0000,0.0000,0.0003,0.0133,0.0000,200,0.9245
0.0055,0.0000,0.0000,0.0000,0.0049,0.0001,200,0.9330
0.0171,0.0000,0.0000,0.0000,0.0170,0.0001,200,0.9218
0.0105,0.0000,0.0000,0.0000,0.0100,0.0000,200,0.9291
0.0091,0.0000,0.0000,0.0000,0.0090,0.0000,200,0.9306
0.0222,0.0000,0.0000,0.0000,0.0222,0.0000,200,0.9177
0.0107,0.0000,0.0000,0.0000,0.0105,0.0002,200,0.9296
0.0158,0.0000,0.0000,0.0000,0.0157,0.0000,200,0.9246
0.0382,0.0000,0.0000,0.0000,0.0381,0.0000,200,0.9024
0.0359,0.0000,0.0000,0.0000,0.0357,0.0001,200,0.9053
0.0107,0.0000,0.0000,0.0000,0.0106,0.0000,200,0.9310
0.0062,0.0000,0.0000,0.0000,0.0061,0.0000,200,0.9360
0.0091,0.0000,0.0000,0.0000,0.0089,0.0002,200,0.9332
0.0029,0.0000,0.0000,0.0000,0.0028,0.0000,200,0.9399
0.0042,0.0000,0.0000,0.0000,0.0040,0.0001,200,0.9389
0.0500,0.0000,0.0000,0.0000,0.0499,0.0001,200,0.8934
0.0021,0.0000,0.0000,0.0000,0.0021,0.0001,200,0.9418
0.0079,0.0000,0.0000,0.0000,0.0078,0.0001,200,0.9364
0.0452,0.0000,0.0000,0.0000,0.0449,0.0003,200,0.8993
0.0111,0.0000,0.0000,0.0000,0.0110,0.0000,200,0.9338
0.0191,0.0000,0.0000,0.0000,0.0189,0.0001,200,0.9263
0.0024,0.0000,0.0000,0.0000,0.0023,0.0000,200,0.9432
0.0091,0.0000,0.0000,0.0000,0.0090,0.0000,200,0.9368
0.0039,0.0000,0.0000,0.0000,0.0038,0.0000,200,0.9422
0.0187,0.0000,0.0000,0.0000,0.0186,0.0001,200,0.9276
0.1125,0.0000,0.0000,0.0001,0.1122,0.0001,200,0.8343
0.0029,0.0000,0.0000,0.0000,0.0028,0.0000,200,0.9444
0.0115,0.0000,0.0000,0.0003,0.0111,0.0000,200,0.9357
0.0134,0.0000,0.0000,0.0000,0.0133,0.0000,200,0.9343
0.0276,0.0000,0.0000,0.0000,0.0275,0.0001,200,0.9205
0.0083,0.0000,0.0000,0.0002,0.0080,0.0001,200,0.9404
0.0017,0.0000,0.0000,0.0001,0.0015,0.0000,200,0.9472
0.0158,0.0000,0.0000,0.0000,0.0156,0.0002,200,0.9336
0.0114,0.0000,0.0000,0.0000,0.0113,0.0000,200,0.9382
0.0157,0.0000,0.0000,0.0000,0.0156,0.0000,200,0.9344
0.0028,0.0000,0.0000,0.0000,0.0026,0.0000,200,0.9477
0.0132,0.0000,0.0000,0.0000,0.0129,0.0003,200,0.9379
0.0067,0.0000,0.0000,0.0001,0.0065,0.0000,200,0.9445
0.0118,0.0000,0.0000,0.0000,0.0118,0.0000,200,0.9396
0.0024,0.0000,0.0000,0.0000,0.0023,0.0000,200,0.9494
0.0892,0.0000,0.0000,0.0000,0.0890,0.0001,200,0.8630
0.0103,0.0000,0.0000,0.0000,0.0102,0.0001,200,0.9423
0.0203,0.0000,0.0000,0.0000,0.0202,0.0000,200,0.9325
0.0129,0.0000,0.0000,0.0000,0.0127,0.0001,200,0.9406
0.0026,0.0000,0.0000,0.0000,0.0025,0.0000,200,0.9515
0.0063,0.0000,0.0000,0.0000,0.0062,0.0000,200,0.9489
0.0080,0.0000,0.0000,0.0001,0.0078,0.0000,200,0.9472
0.0042,0.0000,0.0000,0.0000,0.0042,0.0000,200,0.9511
0.0236,0.0000,0.0000,0.0000,0.0235,0.0001,200,0.9317
0.0096,0.0000,0.0000,0.0001,0.0091,0.0003,200,0.9460
0.0353,0.0000,0.0000,0.0001,0.0349,0.0003,200,0.9202
0.0022,0.0000,0.0000,0.0000,0.0021,0.0000,200,0.9552
0.0056,0.0000,0.0000,0.0000,0.0055,0.0000,200,0.9518
0.0338,0.0000,0.0000,0.0000,0.0337,0.0000,200,0.9236
0.0040,0.0000,0.0000,0.0000,0.0039,0.0000,200,0.9535
0.0108,0.0000,0.0000,0.0000,0.0107,0.0000,200,0.9467
0.0048,0.0000,0.0000,0.0000,0.0048,0.0000,200,0.9527
0.0060,0.0000,0.0000,0.0000,0.0058,0.0001,200,0.9521
0.0290,0.0000,0.0000,0.0001,0.0288,0.0001,200,0.9296
0.0014,0.0000,0.0000,0.0000,0.0013,0.0001,200,0.9575
0.0051,0.0000,0.0000,0.0000,0.0050,0.0001,200,0.9540
0.0021,0.0000,0.0000,0.0000,0.0021,0.0000,200,0.9574
0.0251,0.0000,0.0000,0.0000,0.0250,0.0000,200,0.9349
0.0432,0.0000,0.0000,0.0000,0.0431,0.0000,200,0.9172
0.0497,0.0000,0.0000,0.0000,0.0496,0.0000,200,0.9112
0.0422,0.0000,0.0000,0.0001,0.0420,0.0001,200,0.9188
0.0162,0.0000,0.0000,0.0000,0.0161,0.0000,200,0.9454
0.0235,0.0000,0.0000,0.0000,0.0234,0.0001,200,0.9385
0.0044,0.0000,0.0000,0.0000,0.0044,0.0001,200,0.9581
0.0038,0.0000,0.0000,0.0000,0.0034,0.0000,200,0.9591
0.0074,0.0000,0.0000,0.0000,0.0074,0.0000,200,0.9555
0.0103,0.0000,0.0000,0.0000,0.0099,0.0002,200,0.9529
0.0046,0.0000,0.0000,0.0000,0.0045,0.0000,200,0.9586
0.0022,0.0000,0.0000,0.0000,0.0020,0.0001,200,0.9616
0.0045,0.0000,0.0000,0.0000,0.0044,0.0001,200,0.9600
0.0164,0.0000,0.0000,0.0000,0.0163,0.0000,200,0.9487
0.0060,0.0000,0.0000,0.0000,0.0058,0.0001,200,0.9595
0.0083,0.0000,0.0000,0.0000,0.0076,0.0006,200,0.9575
0.0960,0.0000,0.0000,0.0001,0.0959,0.0000,200,0.8698
0.0029,0.0000,0.0000,0.0000,0.0028,0.0000,200,0.9631
0.0206,0.0000,0.0000,0.0000,0.0205,0.0000,200,0.9456
0.0077,0.0000,0.0000,0.0000,0.0075,0.0001,200,0.9589
0.0207,0.0000,0.0000,0.0000,0.0206,0.0001,200,0.9463
0.0246,0.0000,0.0000,0.0000,0.0245,0.0000,200,0.9428
0.0406,0.0000,0.0000,0.0000,0.0405,0.0001,200,0.9270
0.0026,0.0000,0.0000,0.0000,0.0022,0.0000,200,0.9656
0.0308,0.0000,0.0000,0.0000,0.0308,0.0000,200,0.9374
0.0111,0.0000,0.0000,0.0000,0.0110,0.0001,200,0.9574
0.0056,0.0000,0.0000,0.0000,0.0055,0.0000,200,0.9632
0.0140,0.0000,0.0000,0.0000,0.0137,0.0002,200,0.9552
0.0087,0.0000,0.0000,0.0000,0.0086,0.0000,200,0.9610
0.0401,0.0000,0.0000,0.0000,0.0401,0.0000,200,0.9297
0.0448,0.0000,0.0000,0.0000,0.0445,0.0003,200,0.9250
0.0686,0.0000,0.0000,0.0000,0.0685,0.0000,200,0.9022
0.0079,0.0000,0.0000,0.0000,0.0078,0.0000,200,0.9630
0.0636,0.0000,0.0000,0.0000,0.0635,0.0001,200,0.9076
0.0051,0.0000,0.0000,0.0000,0.0050,0.0000,200,0.9662
0.0338,0.0000,0.0000,0.0001,0.0336,0.0001,200,0.9375
0.0023,0.0000,0.0000,0.0000,0.0021,0.0001,200,0.9698
0.0289,0.0000,0.0000,0.0000,0.0288,0.0001,200,0.9434
0.0021,0.0000,0.0000,0.0000,0.0020,0.0001,200,0.9708
0.0379,0.0000,0.0000,0.0000,0.0373,0.0005,200,0.9357
0.0025,0.0000,0.0000,0.0000,0.0024,0.0000,200,0.9712
0.0109,0.0000,0.0000,0.0000,0.0108,0.0000,200,0.9630
0.0121,0.0000,0.0000,0.0000,0.0120,0.0001,200,0.9620
0.0349,0.0000,0.0000,0.0000,0.0347,0.0001,200,0.9396
0.0310,0.0000,0.0000,0.0000,0.0309,0.0000,200,0.9439
0.0346,0.0000,0.0000,0.0000,0.0346,0.0000,200,0.9403
0.0623,0.0000,0.0000,0.0001,0.0621,0.0001,200,0.9131
0.0120,0.0000,0.0000,0.0000,0.0118,0.0001,200,0.9638
0.0025,0.0000,0.0000,0.0000,0.0024,0.0000,200,0.9737
0.0032,0.0000,0.0000,0.0000,0.0030,0.0001,200,0.9736
0.0077,0.0000,0.0000,0.0000,0.0076,0.0000,200,0.9692
0.0162,0.0000,0.0000,0.0000,0.0161,0.0000,200,0.9609
0.0076,0.0000,0.0000,0.0000,0.0075,0.0000,200,0.9698
0.0224,0.0000,0.0000,0.0000,0.0223,0.0000,200,0.9554
0.0012,0.0000,0.0000,0.0002,0.0010,0.0000,200,0.9769
0.0138,0.0000,0.0000,0.0000,0.0137,0.0000,200,0.9645
0.0327,0.0000,0.0000,0.0001,0.0325,0.0001,200,0.9460
0.0309,0.0000,0.0000,0.0000,0.0307,0.0002,200,0.9481
0.0037,0.0000,0.0000,0.0000,0.0035,0.0000,200,0.9758
0.0286,0.0000,0.0000,0.0000,0.0284,0.0001,200,0.9511
0.0254,0.0000,0.0000,0.0000,0.0248,0.0005,200,0.9555
0.0235,0.0000,0.0000,0.0000,0.0234,0.0000,200,0.9575
0.0020,0.0000,0.0000,0.0000,0.0019,0.0000,200,0.9790
0.0065,0.0000,0.0000,0.0000,0.0064,0.0000,200,0.9745
0.0143,0.0000,0.0000,0.0000,0.0142,0.0000,200,0.9670
0.0168,0.0000,0.0000,0.0000,0.0167,0.0000,200,0.9651
0.0051,0.0000,0.0000,0.0000,0.0050,0.0000,200,0.9771
0.0158,0.0000,0.0000,0.0000,0.0157,0.0001,200,0.9666
0.0331,0.0000,0.0000,0.0000,0.0330,0.0000,200,0.9496
0.0021,0.0000,0.0000,0.0000,0.0020,0.0001,200,0.9810
0.0083,0.0000,0.0000,0.0000,0.0082,0.0000,200,0.9750
0.0554,0.0000,0.0000,0.0000,0.0553,0.0001,200,0.9282
0.0101,0.0000,0.0000,0.0000,0.0099,0.0001,200,0.9741
0.0049,0.0000,0.0000,0.0000,0.0048,0.0000,200,0.9795
0.0035,0.0000,0.0000,0.0000,0.0034,0.0001,200,0.9810
0.0007,0.0000,0.0000,0.0001,0.0005,0.0000,200,0.9845
0.0352,0.0000,0.0000,0.0000,0.0350,0.0002,200,0.9500
0.0028,0.0000,0.0000,0.0000,0.0027,0.0000,200,0.9833
0.0187,0.0000,0.0000,0.0000,0.0186,0.0000,200,0.9682
0.0021,0.0000,0.0000,0.0000,0.0020,0.0001,200,0.9852
0.0047,0.0000,0.0000,0.0000,0.0046,0.0000,200,0.9827
0.0059,0.0000,0.0000,0.0000,0.0058,0.0001,200,0.9824
0.0071,0.0000,0.0000,0.0000,0.0070,0.0000,200,0.9819
0.0169,0.0000,0.0000,0.0000,0.0168,0.0001,200,0.9723
0.0575,0.0000,0.0000,0.0000,0.0574,0.0001,200,0.9324
0.0243,0.0000,0.0000,0.0000,0.0242,0.0000,200,0.9660
0.0139,0.0000,0.0000,0.0000,0.0138,0.0000,200,0.9768
0.0466,0.0000,0.0000,0.0000,0.0465,0.0000,200,0.9448
0.0225,0.0000,0.0000,0.0000,0.0219,0.0000,200,0.9698
0.0076,0.0000,0.0000,0.0001,0.0073,0.0000,200,0.9852
0.0119,0.0000,0.0000,0.0000,0.0118,0.0000,200,0.9809
0.0276,0.0000,0.0000,0.0000,0.0274,0.0002,200,0.9658
0.0524,0.0000,0.0000,0.0000,0.0522,0.0000,200,0.9412
0.0216,0.0000,0.0000,0.0000,0.0215,0.0001,200,0.9720
0.0071,0.0000,0.0000,0.0000,0.0070,0.0000,200,0.9869
0.0183,0.0000,0.0000,0.0000,0.0182,0.0000,200,0.9761
0.0167,0.0000,0.0000,0.0000,0.0165,0.0000,200,0.9781
0.0076,0.0000,0.0000,0.0000,0.0073,0.0000,200,0.9874
0.0169,0.0000,0.0000,0.0000,0.0167,0.0001,200,0.9797
0.0395,0.0000,0.0000,0.0000,0.0392,0.0002,200,0.9574
0.0062,0.0000,0.0000,0.0000,0.0061,0.0000,200,0.9907
0.0261,0.0000,0.0000,0.0000,0.0260,0.0001,200,0.9712
0.0238,0.0000,0.0000,0.0000,0.0237,0.0000,200,0.9749
0.0143,0.0000,0.0000,0.0001,0.0141,0.0000,200,0.9844
0.0233,0.0000,0.0000,0.0000,0.0230,0.0003,200,0.9755
0.0018,0.0000,0.0000,0.0000,0.0017,0.0000,200,0.9969
0.0311,0.0000,0.0000,0.0000,0.0307,0.0003,200,0.9685
0.0048,0.0000,0.0000,0.0000,0.0047,0.0000,200,0.9948
0.0126,0.0000,0.0000,0.0000,0.0126,0.0000,200,0.9873
0.0498,0.0000,0.0000,0.0000,0.0497,0.0000,200,0.9504
0.0383,0.0000,0.0000,0.0000,0.0382,0.0000,200,0.9625
0.0166,0.0000,0.0000,0.0000,0.0165,0.0000,200,0.9843
0.0183,0.0000,0.0000,0.0000,0.0183,0.0000,200,0.9831
0.0230,0.0000,0.0000,0.0000,0.0229,0.0001,200,0.9787
0.0346,0.0000,0.0000,0.0001,0.0344,0.0000,200,0.9676
0.0086,0.0000,0.0000,0.0000,0.0085,0.0000,200,0.9940
0.0014,0.0000,0.0000,0.0000,0.0013,0.0001,200,1.0017
0.0109,0.0000,0.0000,0.0000,0.0107,0.0001,200,0.9928
0.0074,0.0000,0.0000,0.0000,0.0074,0.0000,200,0.9966
0.0355,0.0000,0.0000,0.0000,0.0354,0.0000,200,0.9687
0.0111,0.0000,0.0000,0.0000,0.0110,0.0001,200,0.9935
0.0389,0.0000,0.0000,0.0000,0.0389,0.0000,200,0.9658
0.0341,0.0000,0.0000,0.0000,0.0338,0.0002,200,0.9713
0.0283,0.0000,0.0000,0.0000,0.0282,0.0000,200,0.9774
0.0168,0.0000,0.0000,0.0000,0.0167,0.0000,200,0.9889
0.0017,0.0000,0.0000,0.0000,0.0016,0.0000,200,1.0047
0.0115,0.0000,0.0000,0.0000,0.0109,0.0006,200,0.9951
0.0517,0.0000,0.0000,0.0000,0.0516,0.0001,200,0.9554
0.0139,0.0000,0.0000,0.0001,0.0137,0.0000,200,0.9933
0.0336,0.0000,0.0000,0.0000,0.0336,0.0000,200,0.9738
0.0038,0.0000,0.0000,0.0000,0.0038,0.0000,200,1.0037
0.0178,0.0000,0.0000,0.0000,0.0177,0.0001,200,0.9904
0.0248,0.0000,0.0000,0.0000,0.0247,0.0000,200,0.9836
0.0094,0.0000,0.0000,0.0000,0.0093,0.0000,200,0.9996
0.0043,0.0000,0.0000,0.0000,0.0042,0.0000,200,1.0054
0.0040,0.0000,0.0000,0.0000,0.0039,0.0000,200,1.0057
0.0217,0.0000,0.0000,0.0000,0.0215,0.0001,200,0.9883
0.0393,0.0000,0.0000,0.0000,0.0392,0.0000,200,0.9708
0.0041,0.0000,0.0000,0.0000,0.0039,0.0001,200,1.0066
0.0124,0.0000,0.0000,0.0000,0.0123,0.0001,200,0.9987
0.0178,0.0000,0.0000,0.0000,0.0177,0.0000,200,0.9937
0.0022,0.0000,0.0000,0.0000,0.0022,0.0000,200,1.0096
0.0342,0.0000,0.0000,0.0000,0.0341,0.0001,200,0.9782
0.0008,0.0000,0.0000,0.0001,0.0006,0.0001,200,1.0119
0.0017,0.0000,0.0000,0.0000,0.0016,0.0001,200,1.0115
0.0240,0.0000,0.0000,0.0000,0.0239,0.0001,200,0.9899
0.0459,0.0000,0.0000,0.0000,0.0458,0.0001,200,0.9682
0.0173,0.0000,0.0000,0.0000,0.0171,0.0000,200,0.9968
0.0122,0.0000,0.0000,0.0001,0.0121,0.0001,200,1.0026
0.0151,0.0000,0.0000,0.0000,0.0150,0.0000,200,1.0002
0.0182,0.0000,0.0000,0.0000,0.0178,0.0002,200,0.9973
0.0171,0.0000,0.0000,0.0000,0.0170,0.0001,200,0.9988
0.0343,0.0000,0.0000,0.0000,0.0341,0.0001,200,0.9821
0.0073,0.0000,0.0000,0.0000,0.0069,0.0004,200,1.0096
0.0043,0.0000,0.0000,0.0004,0.0038,0.0001,200,1.0127
0.0112,0.0000,0.0000,0.0002,0.0109,0.0000,200,1.0064
0.0107,0.0000,0.0000,0.0000,0.0105,0.0000,200,1.0072
0.0137,0.0000,0.0000,0.0000,0.0135,0.0000,200,1.0046
0.1098,0.0000,0.0000,0.0000,0.1096,0.0002,200,0.9088
0.0065,0.0000,0.0000,0.0000,0.0064,0.0000,200,1.0124
0.0040,0.0000,0.0000,0.0000,0.0038,0.0001,200,1.0155
0.0027,0.0000,0.0000,0.0000,0.0026,0.0000,200,1.0170
0.0530,0.0000,0.0000,0.0000,0.0528,0.0001,200,0.9674
0.0175,0.0000,0.0000,0.0000,0.0174,0.0001,200,1.0032
0.0030,0.0000,0.0000,0.0000,0.0029,0.0000,200,1.0179
0.0132,0.0000,0.0000,0.0000,0.0131,0.0000,200,1.0081
0.0409,0.0000,0.0000,0.0000,0.0407,0.0001,200,0.9810
0.0298,0.0000,0.0000,0.0000,0.0297,0.0000,200,0.9923
0.0239,0.0000,0.0000,0.0000,0.0238,0.0001,200,0.9987
0.0231,0.0000,0.0000,0.0000,0.0229,0.0001,200,0.9999
0.0319,0.0000,0.0000,0.0000,0.0317,0.0001,200,0.9915
0.0048,0.0000,0.0000,0.0000,0.0047,0.0000,200,1.0187
0.0636,0.0000,0.0000,0.0000,0.0634,0.0001,200,0.9605
0.0146,0.0000,0.0000,0.0000,0.0145,0.0001,200,1.0101
0.0304,0.0000,0.0000,0.0000,0.0303,0.0000,200,0.9944
0.0059,0.0000,0.0000,0.0000,0.0058,0.0000,200,1.0189
0.0526,0.0000,0.0000,0.0000,0.0526,0.0000,200,0.9729
0.0109,0.0000,0.0000,0.0000,0.0107,0.0000,200,1.0149
0.0098,0.0000,0.0000,0.0000,0.0097,0.0001,200,1.0164
0.0196,0.0000,0.0000,0.0000,0.0195,0.0000,200,1.0071
0.0053,0.0000,0.0000,0.0000,0.0052,0.0000,200,1.0220
0.0049,0.0000,0.0000,0.0001,0.0047,0.0001,200,1.0226
0.0095,0.0000,0.0000,0.0000,0.0094,0.0001,200,1.0183
0.0051,0.0000,0.0000,0.0000,0.0049,0.0001,200,1.0231
0.0115,0.0000,0.0000,0.0000,0.0113,0.0001,200,1.0170
0.0157,0.0000,0.0000,0.0000,0.0156,0.0000,200,1.0132
0.0057,0.0000,0.0000,0.0000,0.0057,0.0000,200,1.0234
0.0221,0.0000,0.0000,0.0000,0.0220,0.0001,200,1.0075
0.0019,0.0000,0.0000,0.0000,0.0018,0.0000,200,1.0278
0.0039,0.0000,0.0000,0.0000,0.0038,0.0000,200,1.0262
0.0048,0.0000,0.0000,0.0000,0.0048,0.0000,200,1.0258
0.0297,0.0000,0.0000,0.0000,0.0295,0.0002,200,1.0014
0.0072,0.0000,0.0000,0.0000,0.0071,0.0000,200,1.0241
0.0159,0.0000,0.0000,0.0000,0.0159,0.0000,200,1.0153
0.0176,0.0000,0.0000,0.0000,0.0175,0.0000,200,1.0141
0.0167,0.0000,0.0000,0.0000,0.0162,0.0004,200,1.0159
0.0014,0.0000,0.0000,0.0000,0.0009,0.0000,200,1.0312
0.0189,0.0000,0.0000,0.0000,0.0188,0.0001,200,1.0138
0.0021,0.0000,0.0000,0.0000,0.0020,0.0000,200,1.0312
0.0560,0.0000,0.0000,0.0000,0.0558,0.0001,200,0.9778
0.0071,0.0000,0.0000,0.0000,0.0071,0.0000,200,1.0266
0.0148,0.0000,0.0000,0.0000,0.0147,0.0000,200,1.0195
0.0072,0.0000,0.0000,0.0000,0.0072,0.0000,200,1.0275
0.0208,0.0000,0.0000,0.0000,0.0207,0.0001,200,1.0141
0.0120,0.0000,0.0000,0.0000,0.0119,0.0000,200,1.0234
0.0021,0.0000,0.0000,0.0000,0.0020,0.0000,200,1.0338
0.0340,0.0000,0.0000,0.0000,0.0339,0.0001,200,1.0022
0.0323,0.0000,0.0000,0.0000,0.0323,0.0000,200,1.0042
0.0092,0.0000,0.0000,0.0000,0.0091,0.0000,200,1.0273
0.0011,0.0000,0.0000,0.0000,0.0009,0.0001,200,1.0358
0.0364,0.0000,0.0000,0.0000,0.0363,0.0000,200,1.0009
0.0034,0.0000,0.0000,0.0000,0.0032,0.0000,200,1.0342
0.0091,0.0000,0.0000,0.0000,0.0090,0.0000,200,1.0289
0.0341,0.0000,0.0000,0.0000,0.0338,0.0000,200,1.0040
0.0039,0.0000,0.0000,0.0000,0.0038,0.0000,200,1.0347
0.0092,0.0000,0.0000,0.0000,0.0088,0.0003,200,1.0302
0.0406,0.0000,0.0000,0.0000,0.0405,0.0000,200,0.9988
0.0111,0.0000,0.0000,0.0000,0.0110,0.0000,200,1.0285
0.0031,0.0000,0.0000,0.0001,0.0030,0.0000,200,1.0369
0.0104,0.0000,0.0000,0.0000,0.0103,0.0001,200,1.0297
0.0056,0.0000,0.0000,0.0001,0.0054,0.0001,200,1.0349
0.0129,0.0000,0.0000,0.0003,0.0125,0.0001,200,1.0281
0.0012,0.0000,0.0000,0.0000,0.0011,0.0001,200,1.0401
0.0036,0.0000,0.0000,0.0000,0.0036,0.0000,200,1.0381
0.0174,0.0000,0.0000,0.0000,0.0172,0.0000,200,1.0248
0.0253,0.0000,0.0000,0.0000,0.0249,0.0003,200,1.0176
0.0139,0.0000,0.0000,0.0000,0.0139,0.0000,200,1.0291
0.0213,0.0000,0.0000,0.0000,0.0211,0.0000,200,1.0219
0.0423,0.0000,0.0000,0.0000,0.0423,0.0000,200,1.0008
0.0621,0.0000,0.0000,0.0000,0.0621,0.0000,200,0.9814
0.0223,0.0000,0.0000,0.0000,0.0222,0.0000,200,1.0214
0.0067,0.0000,0.0000,0.0000,0.0066,0.0001,200,1.0376
0.0234,0.0000,0.0000,0.0000,0.0233,0.0000,200,1.0209
0.0017,0.0000,0.0000,0.0001,0.0015,0.0000,200,1.0432
0.0592,0.0000,0.0000,0.0000,0.0591,0.0001,200,0.9861
0.0255,0.0000,0.0000,0.0000,0.0250,0.0004,200,1.0207
0.0571,0.0000,0.0000,0.0000,0.0570,0.0000,200,0.9892
0.0129,0.0000,0.0000,0.0000,0.0128,0.0000,200,1.0334
0.0359,0.0000,0.0000,0.0001,0.0357,0.0000,200,1.0107
0.0077,0.0000,0.0000,0.0000,0.0076,0.0000,200,1.0394
0.0070,0.0000,0.0000,0.0000,0.0069,0.0000,200,1.0406
0.0379,0.0000,0.0000,0.0000,0.0378,0.0000,200,1.0100
0.0289,0.0000,0.0000,0.0000,0.0288,0.0000,200,1.0197
0.0054,0.0000,0.0000,0.0000,0.0053,0.0001,200,1.0435
0.0092,0.0000,0.0000,0.0000,0.0091,0.0000,200,1.0401
0.0102,0.0000,0.0000,0.0000,0.0100,0.0001,200,1.0396
0.0030,0.0000,0.0000,0.0000,0.0029,0.0000,200,1.0470
0.0054,0.0000,0.0000,0.0000,0.0052,0.0001,200,1.0453
0.0153,0.0000,0.0000,0.0000,0.0152,0.0000,200,1.0354
0.0151,0.0000,0.0000,0.0000,0.0149,0.0001,200,1.0362
0.0586,0.0000,0.0000,0.0000,0.0585,0.0000,200,0.9928
0.0151,0.0000,0.0000,0.0000,0.0151,0.0001,200,1.0365
0.0059,0.0000,0.0000,0.0000,0.0058,0.0000,200,1.0462
0.0195,0.0000,0.0000,0.0000,0.0193,0.0000,200,1.0327
0.0532,0.0000,0.0000,0.0000,0.0531,0.0000,200,0.9996
0.0037,0.0000,0.0000,0.0000,0.0035,0.0000,200,1.0493
0.0012,0.0000,0.0000,0.0000,0.0012,0.0000,200,1.0522
0.0224,0.0000,0.0000,0.0000,0.0223,0.0000,200,1.0317
0.0110,0.0000,0.0000,0.0004,0.0106,0.0000,200,1.0431
0.0026,0.0000,0.0000,0.0005,0.0014,0.0007,200,1.0517
0.0101,0.0000,0.0000,0.0000,0.0100,0.0000,200,1.0443
0.0343,0.0000,0.0000,0.0000,0.0342,0.0000,200,1.0204
0.0142,0.0000,0.0000,0.0000,0.0139,0.0003,200,1.0410
0.0028,0.0000,0.0000,0.0000,0.0027,0.0001,200,1.0528
0.0014,0.0000,0.0000,0.0000,0.0013,0.0000,200,1.0542
0.0081,0.0000,0.0000,0.0000,0.0080,0.0000,200,1.0476
0.0486,0.0000,0.0000,0.0000,0.0485,0.0000,200,1.0075
0.0153,0.0000,0.0000,0.0000,0.0153,0.0000,200,1.0413
0.0030,0.0000,0.0000,0.0000,0.0030,0.0000,200,1.0541
0.0115,0.0000,0.0000,0.0000,0.0113,0.0001,200,1.0462
0.0190,0.0000,0.0000,0.0000,0.0189,0.0000,200,1.0387
0.0026,0.0000,0.0000,0.0000,0.0025,0.0000,200,1.0556
0.0060,0.0000,0.0000,0.0000,0.0059,0.0000,200,1.0522
0.0021,0.0000,0.0000,0.0000,0.0020,0.0000,200,1.0567
0.0014,0.0000,0.0000,0.0000,0.0014,0.0000,200,1.0577
0.0233,0.0000,0.0000,0.0000,0.0233,0.0000,200,1.0365
0.0515,0.0000,0.0000,0.0000,0.0514,0.0000,200,1.0084
0.0070,0.0000,0.0000,0.0000,0.0069,0.0001,200,1.0534
0.0009,0.0000,0.0000,0.0000,0.0008,0.0000,200,1.0599
0.0183,0.0000,0.0000,0.0001,0.0181,0.0001,200,1.0429
0.0055,0.0000,0.0000,0.0000,0.0054,0.0001,200,1.0561
0.0092,0.0000,0.0000,0.0000,0.0091,0.0001,200,1.0531
0.0117,0.0000,0.0000,0.0000,0.0116,0.0000,200,1.0507
0.0318,0.0000,0.0000,0.0000,0.0316,0.0001,200,1.0306
0.0211,0.0000,0.0000,0.0000,0.0210,0.0000,200,1.0417
0.0030,0.0000,0.0000,0.0000,0.0029,0.0000,200,1.0599
0.0122,0.0000,0.0000,0.0000,0.0121,0.0000,200,1.0513
0.0155,0.0000,0.0000,0.0000,0.0154,0.0001,200,1.0486
0.0273,0.0000,0.0000,0.0000,0.0270,0.0000,200,1.0372
0.0089,0.0000,0.0000,0.0000,0.0087,0.0002,200,1.0556
0.0078,0.0000,0.0000,0.0000,0.0076,0.0001,200,1.0571
0.0155,0.0000,0.0000,0.0000,0.0153,0.0002,200,1.0498
0.0360,0.0000,0.0000,0.0000,0.0359,0.0000,200,1.0295
0.0120,0.0000,0.0000,0.0000,0.0119,0.0001,200,1.0541
0.0075,0.0000,0.0000,0.0000,0.0074,0.0000,200,1.0592
0.0043,0.0000,0.0000,0.0000,0.0042,0.0000,200,1.0624
0.0292,0.0000,0.0000,0.0000,0.0290,0.0001,200,1.0380
0.0068,0.0000,0.0000,0.0000,0.0067,0.0000,200,1.0605
0.0622,0.0000,0.0000,0.0000,0.0619,0.0003,200,1.0057
0.0030,0.0000,0.0000,0.0000,0.0029,0.0001,200,1.0649
0.0218,0.0000,0.0000,0.0004,0.0212,0.0002,200,1.0467
0.0144,0.0000,0.0000,0.0000,0.0143,0.0000,200,1.0546
0.0135,0.0000,0.0000,0.0000,0.0131,0.0000,200,1.0557
0.0071,0.0000,0.0000,0.0000,0.0070,0.0000,200,1.0623
0.0184,0.0000,0.0000,0.0000,0.0183,0.0000,200,1.0513
0.0377,0.0000,0.0000,0.0000,0.0376,0.0001,200,1.0327
0.0284,0.0000,0.0000,0.0000,0.0283,0.0001,200,1.0421
0.0082,0.0000,0.0000,0.0001,0.0081,0.0000,200,1.0623
0.0020,0.0000,0.0000,0.0000,0.0019,0.0001,200,1.0690
0.0378,0.0000,0.0000,0.0000,0.0377,0.0000,200,1.0338
0.0022,0.0000,0.0000,0.0000,0.0020,0.0002,200,1.0706
0.0473,0.0000,0.0000,0.0000,0.0471,0.0000,200,1.0255
0.0040,0.0000,0.0000,0.0000,0.0038,0.0000,200,1.0698
0.0242,0.0000,0.0000,0.0000,0.0240,0.0002,200,1.0506
0.0215,0.0000,0.0000,0.0000,0.0214,0.0000,200,1.0552
0.0333,0.0000,0.0000,0.0000,0.0332,0.0001,200,1.0448
0.0137,0.0000,0.0000,0.0000,0.0135,0.0000,200,1.0645
0.0068,0.0000,0.0000,0.0000,0.0066,0.0001,200,1.0715
0.0307,0.0000,0.0000,0.0000,0.0306,0.0001,200,1.0479
0.0079,0.0000,0.0000,0.0000,0.0079,0.0000,200,1.0710
0.0062,0.0000,0.0000,0.0000,0.0061,0.0000,200,1.0728
0.0087,0.0000,0.0000,0.0000,0.0087,0.0000,200,1.0703
0.0175,0.0000,0.0000,0.0000,0.0175,0.0000,200,1.0616
0.0165,0.0000,0.0000,0.0000,0.0164,0.0000,200,1.0628
0.0122,0.0000,0.0000,0.0000,0.0121,0.0000,200,1.0672
0.0114,0.0000,0.0000,0.0000,0.0114,0.0000,200,1.0679
0.0065,0.0000,0.0000,0.0000,0.0061,0.0003,200,1.0738
0.0714,0.0000,0.0000,0.0000,0.0711,0.0001,200,1.0089
0.0693,0.0000,0.0000,0.0000,0.0692,0.0000,200,1.0110
0.0021,0.0000,0.0000,0.0000,0.0021,0.0000,200,1.0789
0.0133,0.0000,0.0000,0.0000,0.0132,0.0000,200,1.0684
0.0164,0.0000,0.0000,0.0000,0.0163,0.0000,200,1.0653
0.0157,0.0000,0.0000,0.0001,0.0150,0.0004,200,1.0661
0.0494,0.0000,0.0000,0.0000,0.0491,0.0003,200,1.0326
0.0036,0.0000,0.0000,0.0000,0.0034,0.0001,200,1.0787
0.0136,0.0000,0.0000,0.0000,0.0135,0.0001,200,1.0692
0.0152,0.0000,0.0000,0.0001,0.0150,0.0000,200,1.0679
0.0447,0.0000,0.0000,0.0000,0.0446,0.0000,200,1.0394
0.0174,0.0000,0.0000,0.0000,0.0173,0.0000,200,1.0668
0.0170,0.0000,0.0000,0.0000,0.0169,0.0000,200,1.0672
0.0051,0.0000,0.0000,0.0000,0.0050,0.0000,200,1.0793
0.0039,0.0000,0.0000,0.0000,0.0037,0.0001,200,1.0811
0.0057,0.0000,0.0000,0.0000,0.0056,0.0000,200,1.0793
0.0065,0.0000,0.0000,0.0001,0.0063,0.0000,200,1.0791
0.0315,0.0000,0.0000,0.0000,0.0314,0.0000,200,1.0544
0.0615,0.0000,0.0000,0.0000,0.0612,0.0001,200,1.0248
0.0084,0.0000,0.0000,0.0000,0.0082,0.0001,200,1.0781
0.0282,0.0000,0.0000,0.0000,0.0281,0.0001,200,1.0588
0.0071,0.0000,0.0000,0.0000,0.0070,0.0000,200,1.0803
0.0186,0.0000,0.0000,0.0000,0.0184,0.0002,200,1.0695
0.0228,0.0000,0.0000,0.0000,0.0228,0.0000,200,1.0656
0.0249,0.0000,0.0000,0.0000,0.0247,0.0001,200,1.0641
0.0125,0.0000,0.0000,0.0000,0.0124,0.0001,200,1.0768
0.0079,0.0000,0.0000,0.0000,0.0079,0.0000,200,1.0817
0.0589,0.0000,0.0000,0.0000,0.0588,0.0000,200,1.0312
0.0654,0.0000,0.0000,0.0000,0.0654,0.0000,200,1.0247
0.0064,0.0000,0.0000,0.0000,0.0063,0.0000,200,1.0842
0.0295,0.0000,0.0000,0.0000,0.0295,0.0000,200,1.0612
0.0279,0.0000,0.0000,0.0000,0.0278,0.0001,200,1.0635
0.0100,0.0000,0.0000,0.0000,0.0099,0.0000,200,1.0817
0.0078,0.0000,0.0000,0.0000,0.0077,0.0001,200,1.0849
0.0299,0.0000,0.0000,0.0000,0.0298,0.0000,200,1.0629
0.0022,0.0000,0.0000,0.0000,0.0021,0.0000,200,1.0907
0.0073,0.0000,0.0000,0.0000,0.0071,0.0001,200,1.0859
0.0271,0.0000,0.0000,0.0000,0.0270,0.0000,200,1.0667
0.0026,0.0000,0.0000,0.0000,0.0024,0.0001,200,1.0917
0.0031,0.0000,0.0000,0.0001,0.0030,0.0001,200,1.0913
0.0055,0.0000,0.0000,0.0000,0.0055,0.0000,200,1.0893
0.0131,0.0000,0.0000,0.0000,0.0131,0.0000,200,1.0817
0.0165,0.0000,0.0000,0.0000,0.0164,0.0000,200,1.0791
0.0163,0.0000,0.0000,0.0000,0.0163,0.0000,200,1.0793
0.0214,0.0000,0.0000,0.0000,0.0213,0.0001,200,1.0749
0.0389,0.0000,0.0000,0.0000,0.0387,0.0001,200,1.0581
0.0043,0.0000,0.0000,0.0000,0.0041,0.0001,200,1.0928
0.0103,0.0000,0.0000,0.0000,0.0102,0.0000,200,1.0874
0.0150,0.0000,0.0000,0.0000,0.0149,0.0000,200,1.0828
0.0276,0.0000,0.0000,0.0002,0.0274,0.0001,200,1.0706
0.0153,0.0000,0.0000,0.0002,0.0150,0.0000,200,1.0831
0.0543,0.0000,0.0000,0.0000,0.0543,0.0000,200,1.0444
0.0088,0.0000,0.0000,0.0000,0.0087,0.0000,200,1.0901
0.0092,0.0000,0.0000,0.0000,0.0090,0.0002,200,1.0901
0.0054,0.0000,0.0000,0.0000,0.0052,0.0001,200,1.0943
0.0135,0.0000,0.0000,0.0000,0.0134,0.0000,200,1.0865
0.0570,0.0000,0.0000,0.0000,0.0568,0.0000,200,1.0432
0.0424,0.0000,0.0000,0.0000,0.0423,0.0000,200,1.0581
0.0010,0.0000,0.0000,0.0000,0.0009,0.0001,200,1.1000
0.0069,0.0000,0.0000,0.0000,0.0068,0.0000,200,1.0945
0.0110,0.0000,0.0000,0.0000,0.0110,0.0001,200,1.0907
0.0522,0.0000,0.0000,0.0000,0.0521,0.0000,200,1.0500
0.0026,0.0000,0.0000,0.0000,0.0026,0.0000,200,1.0997
0.0591,0.0000,0.0000,0.0000,0.0591,0.0000,200,1.0436
0.0053,0.0000,0.0000,0.0000,0.0052,0.0000,200,1.0977
0.0103,0.0000,0.0000,0.0000,0.0102,0.0000,200,1.0929
0.0166,0.0000,0.0000,0.0000,0.0163,0.0001,200,1.0870
0.0055,0.0000,0.0000,0.0000,0.0055,0.0000,200,1.0982
0.0034,0.0000,0.0000,0.0000,0.0033,0.0002,200,1.1010
0.0190,0.0000,0.0000,0.0000,0.0190,0.0000,200,1.0855
0.0268,0.0000,0.0000,0.0002,0.0266,0.0000,200,1.0782
0.0107,0.0000,0.0000,0.0000,0.0106,0.0001,200,1.0948
0.0180,0.0000,0.0000,0.0000,0.0179,0.0000,200,1.0880
0.0077,0.0000,0.0000,0.0000,0.0075,0.0000,200,1.0987
0.0060,0.0000,0.0000,0.0000,0.0059,0.0000,200,1.1005
0.0422,0.0000,0.0000,0.0001,0.0420,0.0000,200,1.0645
0.0081,0.0000,0.0000,0.0000,0.0080,0.0001,200,1.0989
0.0223,0.0000,0.0000,0.0000,0.0221,0.0001,200,1.0850
0.0059,0.0000,0.0000,0.0000,0.0059,0.0000,200,1.1022
0.0262,0.0000,0.0000,0.0000,0.0261,0.0000,200,1.0823
0.0139,0.0000,0.0000,0.0000,0.0139,0.0000,200,1.0948
0.0237,0.0000,0.0000,0.0001,0.0227,0.0009,200,1.0862
0.0087,0.0000,0.0000,0.0001,0.0086,0.0001,200,1.1018
0.0073,0.0000,0.0000,0.0001,0.0071,0.0000,200,1.1037
0.0627,0.0000,0.0000,0.0000,0.0626,0.0000,200,1.0490
0.0300,0.0000,0.0000,0.0000,0.0296,0.0002,200,1.0820
0.0101,0.0000,0.0000,0.0001,0.0098,0.0001,200,1.1024
0.0162,0.0000,0.0000,0.0000,0.0160,0.0000,200,1.0964
0.0066,0.0000,0.0000,0.0000,0.0065,0.0000,200,1.1065
0.0026,0.0000,0.0000,0.0001,0.0025,0.0000,200,1.1105
0.0295,0.0000,0.0000,0.0000,0.0294,0.0001,200,1.0841
0.0149,0.0000,0.0000,0.0001,0.0146,0.0002,200,1.0993
0.0213,0.0000,0.0000,0.0000,0.0211,0.0000,200,1.0932
0.0078,0.0000,0.0000,0.0000,0.0077,0.0000,200,1.1071
0.0026,0.0000,0.0000,0.0000,0.0025,0.0000,200,1.1126
0.0125,0.0000,0.0000,0.0000,0.0124,0.0000,200,1.1027
0.0100,0.0000,0.0000,0.0000,0.0099,0.0001,200,1.1056
0.0316,0.0000,0.0000,0.0000,0.0315,0.0000,200,1.0844
0.0164,0.0000,0.0000,0.0000,0.0163,0.0000,200,1.1002
0.0039,0.0000,0.0000,0.0000,0.0038,0.0001,200,1.1131
0.0593,0.0000,0.0000,0.0000,0.0592,0.0001,200,1.0582
0.0019,0.0000,0.0000,0.0000,0.0015,0.0003,200,1.1156
0.0288,0.0000,0.0000,0.0000,0.0287,0.0001,200,1.0890
0.0031,0.0000,0.0000,0.0000,0.0030,0.0001,200,1.1152
0.0025,0.0000,0.0000,0.0000,0.0024,0.0000,200,1.1160
0.0235,0.0000,0.0000,0.0000,0.0234,0.0000,200,1.0955
0.0074,0.0000,0.0000,0.0001,0.0073,0.0000,200,1.1117
0.0047,0.0000,0.0000,0.0000,0.0046,0.0000,200,1.1149
0.0417,0.0000,0.0000,0.0000,0.0416,0.0001,200,1.0783
0.0065,0.0000,0.0000,0.0000,0.0064,0.0001,200,1.1135
0.0222,0.0000,0.0000,0.0000,0.0221,0.0001,200,1.0984
0.0368,0.0000,0.0000,0.0000,0.0367,0.0000,200,1.0843
0.0066,0.0000,0.0000,0.0000,0.0065,0.0000,200,1.1144
0.0015,0.0000,0.0000,0.0000,0.0013,0.0002,200,1.1200
0.0133,0.0000,0.0000,0.0000,0.0118,0.0001,200,1.1088
0.0103,0.0000,0.0000,0.0000,0.0103,0.0000,200,1.1120
0.0193,0.0000,0.0000,0.0000,0.0191,0.0002,200,1.1036
0.0100,0.0000,0.0000,0.0000,0.0095,0.0001,200,1.1131
0.0041,0.0000,0.0000,0.0000,0.0040,0.0001,200,1.1196
0.0033,0.0000,0.0000,0.0005,0.0026,0.0001,200,1.1205
0.0442,0.0000,0.0000,0.0001,0.0440,0.0001,200,1.0802
0.0219,0.0000,0.0000,0.0001,0.0217,0.0001,200,1.1030
0.0276,0.0000,0.0000,0.0000,0.0274,0.0002,200,1.0978
0.0174,0.0000,0.0000,0.0000,0.0170,0.0000,200,1.1082
0.0331,0.0000,0.0000,0.0000,0.0330,0.0000,200,1.0928
0.0065,0.0000,0.0000,0.0000,0.0064,0.0000,200,1.1201
0.0089,0.0000,0.0000,0.0000,0.0088,0.0000,200,1.1178
0.0207,0.0000,0.0000,0.0000,0.0206,0.0000,200,1.1064
0.0208,0.0000,0.0000,0.0000,0.0207,0.0000,200,1.1067
0.0111,0.0000,0.0000,0.0000,0.0110,0.0000,200,1.1166
0.0234,0.0000,0.0000,0.0000,0.0233,0.0000,200,1.1051
0.0484,0.0000,0.0000,0.0000,0.0483,0.0000,200,1.0804
0.0389,0.0000,0.0000,0.0000,0.0388,0.0000,200,1.0900
0.0024,0.0000,0.0000,0.0000,0.0024,0.0000,200,1.1270
0.0838,0.0000,0.0000,0.0000,0.0836,0.0002,200,1.0462
0.0511,0.0000,0.0000,0.0000,0.0510,0.0000,200,1.0789
0.0137,0.0000,0.0000,0.0000,0.0136,0.0000,200,1.1170
0.0351,0.0000,0.0000,0.0001,0.0349,0.0000,200,1.0957
0.0709,0.0000,0.0000,0.0000,0.0705,0.0004,200,1.0607
0.0127,0.0000,0.0000,0.0000,0.0127,0.0000,200,1.1191
0.0019,0.0000,0.0000,0.0000,0.0016,0.0000,200,1.1300
0.0070,0.0000,0.0000,0.0000,0.0069,0.0000,200,1.1249
0.0014,0.0000,0.0000,0.0000,0.0014,0.0000,200,1.1308
0.0358,0.0000,0.0000,0.0000,0.0357,0.0001,200,1.0970
0.0065,0.0000,0.0000,0.0000,0.0062,0.0001,200,1.1267
0.0018,0.0000,0.0000,0.0000,0.0017,0.0000,200,1.1318
0.0101,0.0000,0.0000,0.0000,0.0100,0.0000,200,1.1239
0.0232,0.0000,0.0000,0.0000,0.0229,0.0000,200,1.1110
0.0173,0.0000,0.0000,0.0000,0.0170,0.0000,200,1.1175
0.0319,0.0000,0.0000,0.0000,0.0318,0.0000,200,1.1032
0.0115,0.0000,0.0000,0.0000,0.0115,0.0000,200,1.1237
0.0137,0.0000,0.0000,0.0000,0.0136,0.0000,200,1.1221
0.0081,0.0000,0.0000,0.0000,0.0079,0.0002,200,1.1285
0.0432,0.0000,0.0000,0.0000,0.0432,0.0001,200,1.0937
0.0161,0.0000,0.0000,0.0000,0.0161,0.0000,200,1.1210
0.0205,0.0000,0.0000,0.0001,0.0199,0.0004,200,1.1175
0.0366,0.0000,0.0000,0.0000,0.0366,0.0000,200,1.1014
0.0033,0.0000,0.0000,0.0000,0.0030,0.0000,200,1.1352
0.0035,0.0000,0.0000,0.0000,0.0034,0.0000,200,1.1351
0.0042,0.0000,0.0000,0.0000,0.0037,0.0000,200,1.1348
0.0024,0.0000,0.0000,0.0000,0.0021,0.0002,200,1.1370
0.0273,0.0000,0.0000,0.0000,0.0271,0.0001,200,1.1125
0.0188,0.0000,0.0000,0.0000,0.0188,0.0000,200,1.1210
0.0061,0.0000,0.0000,0.0000,0.0060,0.0001,200,1.1342
0.0217,0.0000,0.0000,0.0000,0.0215,0.0001,200,1.1191
0.0028,0.0000,0.0000,0.0000,0.0028,0.0000,200,1.1380
0.0530,0.0000,0.0000,0.0000,0.0529,0.0000,200,1.0884
0.0047,0.0000,0.0000,0.0000,0.0046,0.0001,200,1.1372
0.0146,0.0000,0.0000,0.0000,0.0144,0.0000,200,1.1275
0.0045,0.0000,0.0000,0.0000,0.0044,0.0000,200,1.1380
0.0288,0.0000,0.0000,0.0000,0.0287,0.0000,200,1.1142
0.0247,0.0000,0.0000,0.0000,0.0247,0.0000,200,1.1185
0.0394,0.0000,0.0000,0.0000,0.0391,0.0002,200,1.1044
0.0397,0.0000,0.0000,0.0000,0.0396,0.0001,200,1.1045
0.0200,0.0000,0.0000,0.0001,0.0198,0.0000,200,1.1254
0.0051,0.0000,0.0000,0.0000,0.0050,0.0000,200,1.1403
0.0089,0.0000,0.0000,0.0000,0.0088,0.0000,200,1.1366
0.0196,0.0000,0.0000,0.0001,0.0193,0.0000,200,1.1259
0.0124,0.0000,0.0000,0.0000,0.0124,0.0000,200,1.1331
0.0140,0.0000,0.0000,0.0003,0.0136,0.0001,200,1.1317
0.0361,0.0000,0.0000,0.0000,0.0358,0.0001,200,1.1100
0.0496,0.0000,0.0000,0.0000,0.0495,0.0000,200,1.0970
0.0382,0.0000,0.0000,0.0000,0.0381,0.0000,200,1.1085
0.0018,0.0000,0.0000,0.0000,0.0017,0.0001,200,1.1454
0.0014,0.0000,0.0000,0.0000,0.0013,0.0000,200,1.1461
0.0176,0.0000,0.0000,0.0000,0.0175,0.0000,200,1.1300
0.0165,0.0000,0.0000,0.0000,0.0164,0.0001,200,1.1318
0.0097,0.0000,0.0000,0.0000,0.0095,0.0002,200,1.1390
0.0269,0.0000,0.0000,0.0000,0.0268,0.0000,200,1.1223
0.0023,0.0000,0.0000,0.0003,0.0019,0.0001,200,1.1472
0.0065,0.0000,0.0000,0.0000,0.0064,0.0000,200,1.1432
0.0244,0.0000,0.0000,0.0000,0.0243,0.0001,200,1.1255
0.0212,0.0000,0.0000,0.0000,0.0212,0.0000,200,1.1289
0.0052,0.0000,0.0000,0.0000,0.0050,0.0002,200,1.1457
0.0036,0.0000,0.0000,0.0001,0.0034,0.0000,200,1.1476
0.0016,0.0000,0.0000,0.0000,0.0015,0.0000,200,1.1499
0.0020,0.0000,0.0000,0.0000,0.0019,0.0000,200,1.1502
0.0030,0.0000,0.0000,0.0000,0.0030,0.0000,200,1.1492
0.0141,0.0000,0.0000,0.0000,0.0140,0.0001,200,1.1386
0.0344,0.0000,0.0000,0.0002,0.0341,0.0000,200,1.1183
0.0284,0.0000,0.0000,0.0000,0.0283,0.0000,200,1.1245
0.0305,0.0000,0.0000,0.0000,0.0301,0.0003,200,1.1230
0.0012,0.0000,0.0000,0.0000,0.0011,0.0000,200,1.1523
0.0323,0.0000,0.0000,0.0000,0.0322,0.0000,200,1.1216
0.0208,0.0000,0.0000,0.0000,0.0207,0.0001,200,1.1336
0.0049,0.0000,0.0000,0.0000,0.0047,0.0001,200,1.1497
0.0020,0.0000,0.0000,0.0000,0.0017,0.0002,200,1.1534
0.0146,0.0000,0.0000,0.0000,0.0145,0.0000,200,1.1408
0.0162,0.0000,0.0000,0.0000,0.0161,0.0001,200,1.1393
0.0281,0.0000,0.0000,0.0000,0.0280,0.0000,200,1.1277
0.0106,0.0000,0.0000,0.0000,0.0105,0.0000,200,1.1456
0.0167,0.0000,0.0000,0.0000,0.0166,0.0000,200,1.1399
0.0356,0.0000,0.0000,0.0000,0.0348,0.0006,200,1.1232
0.0023,0.0000,0.0000,0.0000,0.0022,0.0000,200,1.1565
0.0323,0.0000,0.0000,0.0000,0.0322,0.0000,200,1.1266
0.0249,0.0000,0.0000,0.0000,0.0248,0.0001,200,1.1340
0.0105,0.0000,0.0000,0.0000,0.0105,0.0000,200,1.1487
0.0523,0.0000,0.0000,0.0000,0.0520,0.0001,200,1.1073
0.0038,0.0000,0.0000,0.0000,0.0038,0.0000,200,1.1558
0.0088,0.0000,0.0000,0.0000,0.0088,0.0000,200,1.1512
0.0010,0.0000,0.0000,0.0000,0.0009,0.0000,200,1.1592
0.0096,0.0000,0.0000,0.0000,0.0095,0.0000,200,1.1515
0.0462,0.0000,0.0000,0.0000,0.0461,0.0000,200,1.1152
0.0555,0.0000,0.0000,0.0000,0.0553,0.0002,200,1.1061
0.0092,0.0000,0.0000,0.0000,0.0091,0.0001,200,1.1528
0.0100,0.0000,0.0000,0.0000,0.0099,0.0001,200,1.1522
0.0040,0.0000,0.0000,0.0000,0.0039,0.0001,200,1.1587
0.0309,0.0000,0.0000,0.0000,0.0307,0.0002,200,1.1322
0.0039,0.0000,0.0000,0.0003,0.0034,0.0000,200,1.1596
0.0161,0.0000,0.0000,0.0000,0.0158,0.0002,200,1.1483
0.0226,0.0000,0.0000,0.0000,0.0225,0.0000,200,1.1425
0.0031,0.0000,0.0000,0.0000,0.0028,0.0002,200,1.1620
0.0224,0.0000,0.0000,0.0000,0.0222,0.0001,200,1.1438
0.0027,0.0000,0.0000,0.0000,0.0027,0.0000,200,1.1635
0.0249,0.0000,0.0000,0.0000,0.0249,0.0000,200,1.1414
0.0054,0.0000,0.0000,0.0000,0.0052,0.0001,200,1.1614
0.0136,0.0000,0.0000,0.0000,0.0135,0.0000,200,1.1535
0.0087,0.0000,0.0000,0.0000,0.0086,0.0000,200,1.1589
0.0063,0.0000,0.0000,0.0000,0.0062,0.0000,200,1.1615
0.0226,0.0000,0.0000,0.0000,0.0225,0.0000,200,1.1455
0.0140,0.0000,0.0000,0.0000,0.0139,0.0000,200,1.1546
0.0162,0.0000,0.0000,0.0000,0.0161,0.0000,200,1.1527
0.0305,0.0000,0.0000,0.0000,0.0304,0.0000,200,1.1385
0.0073,0.0000,0.0000,0.0000,0.0072,0.0001,200,1.1622
0.0202,0.0000,0.0000,0.0000,0.0201,0.0000,200,1.1496
0.0071,0.0000,0.0000,0.0001,0.0069,0.0000,200,1.1631
0.0240,0.0000,0.0000,0.0000,0.0239,0.0000,200,1.1467
0.0311,0.0000,0.0000,0.0000,0.0310,0.0001,200,1.1398
0.0415,0.0000,0.0000,0.0000,0.0415,0.0000,200,1.1294
0.0261,0.0000,0.0000,0.0000,0.0260,0.0001,200,1.1454
0.0042,0.0000,0.0000,0.0000,0.0042,0.0000,200,1.1678
0.0259,0.0000,0.0000,0.0000,0.0257,0.0001,200,1.1467
0.0297,0.0000,0.0000,0.0000,0.0297,0.0000,200,1.1431
0.0137,0.0000,0.0000,0.0000,0.0132,0.0001,200,1.1596
0.0137,0.0000,0.0000,0.0001,0.0135,0.0000,200,1.1600
0.0176,0.0000,0.0000,0.0000,0.0175,0.0001,200,1.1561
0.0095,0.0000,0.0000,0.0000,0.0091,0.0003,200,1.1651
0.0291,0.0000,0.0000,0.0000,0.0291,0.0000,200,1.1455
0.0088,0.0000,0.0000,0.0000,0.0087,0.0000,200,1.1662
0.0467,0.0000,0.0000,0.0000,0.0466,0.0001,200,1.1288
0.0048,0.0000,0.0000,0.0000,0.0047,0.0000,200,1.1710
0.0110,0.0000,0.0000,0.0000,0.0110,0.0000,200,1.1651
0.0460,0.0000,0.0000,0.0000,0.0459,0.0001,200,1.1307
0.0054,0.0000,0.0000,0.0000,0.0053,0.0000,200,1.1715
0.0085,0.0000,0.0000,0.0000,0.0084,0.0000,200,1.1689
0.0189,0.0000,0.0000,0.0000,0.0188,0.0001,200,1.1588
0.0118,0.0000,0.0000,0.0000,0.0113,0.0004,200,1.1668
0.0260,0.0000,0.0000,0.0000,0.0259,0.0000,200,1.1527
0.0366,0.0000,0.0000,0.0000,0.0365,0.0000,200,1.1421
0.0034,0.0000,0.0000,0.0000,0.0033,0.0000,200,1.1758
0.0239,0.0000,0.0000,0.0002,0.0236,0.0000,200,1.1555
0.0096,0.0000,0.0000,0.0000,0.0096,0.0000,200,1.1701
0.0058,0.0000,0.0000,0.0000,0.0057,0.0000,200,1.1746
0.0332,0.0000,0.0000,0.0000,0.0331,0.0001,200,1.1476
0.0151,0.0000,0.0000,0.0000,0.0147,0.0003,200,1.1663
0.0121,0.0000,0.0000,0.0001,0.0120,0.0000,200,1.1694
0.0205,0.0000,0.0000,0.0000,0.0204,0.0000,200,1.1611
0.0499,0.0000,0.0000,0.0000,0.0493,0.0001,200,1.1319
0.0086,0.0000,0.0000,0.0000,0.0085,0.0000,200,1.1738
0.0274,0.0000,0.0000,0.0000,0.0274,0.0000,200,1.1554
0.0275,0.0000,0.0000,0.0000,0.0274,0.0000,200,1.1554
0.0410,0.0000,0.0000,0.0000,0.0410,0.0000,200,1.1421
0.0017,0.0000,0.0000,0.0000,0.0017,0.0000,200,1.1814
0.0051,0.0000,0.0000,0.0000,0.0049,0.0001,200,1.1787
0.0117,0.0000,0.0000,0.0000,0.0117,0.0000,200,1.1721
0.0084,0.0000,0.0000,0.0001,0.0080,0.0003,200,1.1755
0.0178,0.0000,0.0000,0.0000,0.0177,0.0000,200,1.1662
0.0139,0.0000,0.0000,0.0000,0.0138,0.0001,200,1.1706
0.0119,0.0000,0.0000,0.0000,0.0118,0.0000,200,1.1728
0.0062,0.0000,0.0000,0.0000,0.0061,0.0001,200,1.1786
0.0100,0.0000,0.0000,0.0000,0.0099,0.0001,200,1.1750
0.0029,0.0000,0.0000,0.0000,0.0028,0.0000,200,1.1823
0.0123,0.0000,0.0000,0.0000,0.0122,0.0000,200,1.1737
0.0033,0.0000,0.0000,0.0000,0.0032,0.0000,200,1.1829
0.0131,0.0000,0.0000,0.0002,0.0128,0.0000,200,1.1733
0.0020,0.0000,0.0000,0.0000,0.0019,0.0000,200,1.1849
0.0024,0.0000,0.0000,0.0000,0.0023,0.0000,200,1.1846
0.0035,0.0000,0.0000,0.0001,0.0034,0.0000,200,1.1838
0.0202,0.0000,0.0000,0.0000,0.0202,0.0000,200,1.1677
0.0344,0.0000,0.0000,0.0000,0.0343,0.0001,200,1.1539
0.0107,0.0000,0.0000,0.0000,0.0106,0.0000,200,1.1777
0.0120,0.0000,0.0000,0.0001,0.0118,0.0000,200,1.1767
0.0099,0.0000,0.0000,0.0000,0.0098,0.0001,200,1.1794
0.0030,0.0000,0.0000,0.0000,0.0027,0.0002,200,1.1869
0.0070,0.0000,0.0000,0.0000,0.0069,0.0000,200,1.1831
0.0055,0.0000,0.0000,0.0000,0.0054,0.0000,200,1.1852
0.0041,0.0000,0.0000,0.0000,0.0040,0.0000,200,1.1869
0.0213,0.0000,0.0000,0.0000,0.0213,0.0000,200,1.1697
0.0112,0.0000,0.0000,0.0000,0.0111,0.0000,200,1.1804
0.0330,0.0000,0.0000,0.0000,0.0329,0.0000,200,1.1589
0.0086,0.0000,0.0000,0.0001,0.0084,0.0000,200,1.1839
0.0009,0.0000,0.0000,0.0000,0.0008,0.0000,200,1.1918
0.0023,0.0000,0.0000,0.0000,0.0022,0.0000,200,1.1910
0.0108,0.0000,0.0000,0.0000,0.0107,0.0000,200,1.1829
0.0056,0.0000,0.0000,0.0000,0.0054,0.0001,200,1.1883
0.0262,0.0000,0.0000,0.0000,0.0261,0.0001,200,1.1681
0.0279,0.0000,0.0000,0.0000,0.0277,0.0001,200,1.1670
0.0015,0.0000,0.0000,0.0000,0.0014,0.0000,200,1.1937
0.0212,0.0000,0.0000,0.0000,0.0211,0.0001,200,1.1746
0.0033,0.0000,0.0000,0.0000,0.0033,0.0000,200,1.1927
0.0151,0.0000,0.0000,0.0000,0.0150,0.0000,200,1.1816
0.0563,0.0000,0.0000,0.0000,0.0562,0.0000,200,1.1408
0.0082,0.0000,0.0000,0.0000,0.0081,0.0000,200,1.1893
0.0127,0.0000,0.0000,0.0000,0.0125,0.0001,200,1.1850
0.0019,0.0000,0.0000,0.0000,0.0018,0.0001,200,1.1960
0.0222,0.0000,0.0000,0.0000,0.0220,0.0002,200,1.1761
0.0545,0.0000,0.0000,0.0000,0.0529,0.0001,200,1.1442
0.0481,0.0000,0.0000,0.0000,0.0480,0.0000,200,1.1509
0.0220,0.0000,0.0000,0.0000,0.0219,0.0001,200,1.1774
0.0114,0.0000,0.0000,0.0002,0.0112,0.0000,200,1.1884
0.0062,0.0000,0.0000,0.0000,0.0061,0.0002,200,1.1943
0.0237,0.0000,0.0000,0.0000,0.0237,0.0000,200,1.1769
0.0220,0.0000,0.0000,0.0000,0.0218,0.0000,200,1.1791
0.0029,0.0000,0.0000,0.0000,0.0028,0.0001,200,1.1984
0.0115,0.0000,0.0000,0.0000,0.0114,0.0000,200,1.1899
0.0161,0.0000,0.0000,0.0000,0.0158,0.0002,200,1.1860
0.0480,0.0000,0.0000,0.0000,0.0476,0.0003,200,1.1544
0.0118,0.0000,0.0000,0.0000,0.0117,0.0000,200,1.1907
0.0386,0.0000,0.0000,0.0000,0.0382,0.0003,200,1.1644
0.0111,0.0000,0.0000,0.0000,0.0110,0.0001,200,1.1924
0.0409,0.0000,0.0000,0.0001,0.0406,0.0000,200,1.1628
0.0357,0.0000,0.0000,0.0000,0.0355,0.0001,200,1.1686
0.0034,0.0000,0.0000,0.0000,0.0033,0.0000,200,1.2013
0.0021,0.0000,0.0000,0.0000,0.0019,0.0002,200,1.2031
0.0342,0.0000,0.0000,0.0000,0.0341,0.0000,200,1.1709
0.0142,0.0000,0.0000,0.0000,0.0141,0.0001,200,1.1916
0.0113,0.0000,0.0000,0.0000,0.0110,0.0000,200,1.1949
0.0178,0.0000,0.0000,0.0000,0.0177,0.0000,200,1.1887
0.0169,0.0000,0.0000,0.0000,0.0167,0.0001,200,1.1902
0.0231,0.0000,0.0000,0.0000,0.0217,0.0000,200,1.1840
0.0100,0.0000,0.0000,0.0000,0.0099,0.0000,200,1.1994
0.0143,0.0000,0.0000,0.0000,0.0143,0.0000,200,1.1952
0.0025,0.0000,0.0000,0.0000,0.0024,0.0000,200,1.2070
0.0231,0.0000,0.0000,0.0000,0.0231,0.0000,200,1.1864
0.0493,0.0000,0.0000,0.0000,0.0493,0.0000,200,1.1602
0.0768,0.0000,0.0000,0.0000,0.0767,0.0000,200,1.1328
0.0129,0.0000,0.0000,0.0000,0.0125,0.0000,200,1.1967
0.0160,0.0000,0.0000,0.0000,0.0159,0.0001,200,1.1939
0.0104,0.0000,0.0000,0.0000,0.0103,0.0000,200,1.1998
0.0132,0.0000,0.0000,0.0000,0.0131,0.0001,200,1.1975
0.0105,0.0000,0.0000,0.0000,0.0104,0.0000,200,1.2006
0.0275,0.0000,0.0000,0.0000,0.0274,0.0000,200,1.1838
0.0137,0.0000,0.0000,0.0000,0.0135,0.0001,200,1.1979
0.0329,0.0000,0.0000,0.0000,0.0328,0.0000,200,1.1787
0.0097,0.0000,0.0000,0.0000,0.0096,0.0001,200,1.2022
0.0034,0.0000,0.0000,0.0000,0.0033,0.0000,200,1.2096
0.0059,0.0000,0.0000,0.0000,0.0058,0.0000,200,1.2071
0.0084,0.0000,0.0000,0.0000,0.0084,0.0000,200,1.2047
0.0300,0.0000,0.0000,0.0000,0.0300,0.0000,200,1.1831
0.0319,0.0000,0.0000,0.0000,0.0317,0.0002,200,1.1819
0.0020,0.0000,0.0000,0.0000,0.0019,0.0000,200,1.2120
0.0027,0.0000,0.0000,0.0000,0.0026,0.0001,200,1.2116
0.0050,0.0000,0.0000,0.0000,0.0047,0.0002,200,1.2099
0.0146,0.0000,0.0000,0.0000,0.0145,0.0000,200,1.2006
0.0092,0.0000,0.0000,0.0000,0.0091,0.0000,200,1.2062
0.0187,0.0000,0.0000,0.0000,0.0183,0.0004,200,1.1971
0.0348,0.0000,0.0000,0.0000,0.0344,0.0004,200,1.1816
0.0314,0.0000,0.0000,0.0000,0.0313,0.0001,200,1.1873
0.0181,0.0000,0.0000,0.0000,0.0178,0.0001,200,1.2014
0.0510,0.0000,0.0000,0.0000,0.0510,0.0000,200,1.1690
0.0354,0.0000,0.0000,0.0000,0.0353,0.0001,200,1.1847
0.0043,0.0000,0.0000,0.0001,0.0033,0.0002,200,1.2164
0.0485,0.0000,0.0000,0.0000,0.0484,0.0000,200,1.1725
0.0186,0.0000,0.0000,0.0000,0.0182,0.0000,200,1.2025
0.0089,0.0000,0.0000,0.0000,0.0085,0.0003,200,1.2131
0.0210,0.0000,0.0000,0.0000,0.0209,0.0001,200,1.2012
0.0015,0.0000,0.0000,0.0000,0.0014,0.0000,200,1.2210
0.0184,0.0000,0.0000,0.0000,0.0177,0.0006,200,1.2052
0.0141,0.0000,0.0000,0.0000,0.0141,0.0000,200,1.2095
0.0439,0.0000,0.0000,0.0000,0.0438,0.0001,200,1.1798
0.0097,0.0000,0.0000,0.0000,0.0097,0.0000,200,1.2143
0.0105,0.0000,0.0000,0.0000,0.0104,0.0001,200,1.2140
0.0013,0.0000,0.0000,0.0000,0.0013,0.0000,200,1.2236
0.0160,0.0000,0.0000,0.0000,0.0159,0.0001,200,1.2095
0.0395,0.0000,0.0000,0.0001,0.0391,0.0002,200,1.1862
0.0226,0.0000,0.0000,0.0000,0.0225,0.0001,200,1.2035
0.0021,0.0000,0.0000,0.0000,0.0019,0.0001,200,1.2241
0.0169,0.0000,0.0000,0.0000,0.0168,0.0001,200,1.2096
0.0034,0.0000,0.0000,0.0001,0.0032,0.0000,200,1.2237
0.0140,0.0000,0.0000,0.0000,0.0140,0.0000,200,1.2130
0.0055,0.0000,0.0000,0.0000,0.0054,0.0000,200,1.2220
0.0008,0.0000,0.0000,0.0000,0.0008,0.0000,200,1.2270
0.0404,0.0000,0.0000,0.0000,0.0403,0.0001,200,1.1879
0.0069,0.0000,0.0000,0.0000,0.0068,0.0001,200,1.2222
0.0035,0.0000,0.0000,0.0000,0.0033,0.0000,200,1.2256
0.0238,0.0000,0.0000,0.0000,0.0236,0.0001,200,1.2058
0.0173,0.0000,0.0000,0.0000,0.0169,0.0004,200,1.2130
0.0150,0.0000,0.0000,0.0000,0.0148,0.0001,200,1.2154
0.0008,0.0000,0.0000,0.0000,0.0007,0.0000,200,1.2296
0.0161,0.0000,0.0000,0.0000,0.0160,0.0000,200,1.2149
0.0108,0.0000,0.0000,0.0000,0.0107,0.0000,200,1.2207
0.0207,0.0000,0.0000,0.0000,0.0205,0.0001,200,1.2112
0.0018,0.0000,0.0000,0.0000,0.0017,0.0000,200,1.2304
0.0128,0.0000,0.0000,0.0000,0.0128,0.0000,200,1.2195
0.0092,0.0000,0.0000,0.0000,0.0091,0.0001,200,1.2236
0.0122,0.0000,0.0000,0.0000,0.0121,0.0000,200,1.2211
0.0978,0.0000,0.0000,0.0000,0.0977,0.0000,200,1.1358
0.0061,0.0000,0.0000,0.0000,0.0060,0.0000,200,1.2275
0.0297,0.0000,0.0000,0.0000,0.0296,0.0000,200,1.2043
0.0412,0.0000,0.0000,0.0000,0.0411,0.0000,200,1.1932
0.0080,0.0000,0.0000,0.0000,0.0079,0.0000,200,1.2271
0.0074,0.0000,0.0000,0.0000,0.0073,0.0000,200,1.2284
0.0014,0.0000,0.0000,0.0000,0.0014,0.0000,200,1.2344
0.0449,0.0000,0.0000,0.0000,0.0447,0.0001,200,1.1911
0.0109,0.0000,0.0000,0.0000,0.0107,0.0001,200,1.2255
0.0093,0.0000,0.0000,0.0000,0.0091,0.0002,200,1.2279
0.0071,0.0000,0.0000,0.0000,0.0071,0.0000,200,1.2303
0.0071,0.0000,0.0000,0.0000,0.0071,0.0000,200,1.2303
0.1650,0.0000,0.0000,0.0000,0.1648,0.0000,200,1.0729
0.0183,0.0000,0.0000,0.0000,0.0182,0.0001,200,1.2200
0.0050,0.0000,0.0000,0.0000,0.0048,0.0002,200,1.2340
0.0296,0.0000,0.0000,0.0000,0.0296,0.0000,200,1.2095
0.0100,0.0000,0.0000,0.0001,0.0099,0.0000,200,1.2291
0.0023,0.0000,0.0000,0.0000,0.0022,0.0001,200,1.2374
0.0141,0.0000,0.0000,0.0000,0.0140,0.0000,200,1.2261
0.0162,0.0000,0.0000,0.0000,0.0161,0.0000,200,1.2244
0.0208,0.0000,0.0000,0.0000,0.0207,0.0000,200,1.2200
0.0283,0.0000,0.0000,0.0000,0.0283,0.0001,200,1.2131
0.0391,0.0000,0.0000,0.0000,0.0390,0.0001,200,1.2024
0.0310,0.0000,0.0000,0.0000,0.0309,0.0001,200,1.2111
0.0101,0.0000,0.0000,0.0000,0.0100,0.0001,200,1.2322
0.0042,0.0000,0.0000,0.0000,0.0041,0.0001,200,1.2384
0.0075,0.0000,0.0000,0.0000,0.0072,0.0003,200,1.2359
0.0075,0.0000,0.0000,0.0000,0.0075,0.0000,200,1.2359
0.0039,0.0000,0.0000,0.0000,0.0036,0.0000,200,1.2397
0.0037,0.0000,0.0000,0.0000,0.0036,0.0000,200,1.2402
0.0176,0.0000,0.0000,0.0001,0.0173,0.0002,200,1.2265
0.0083,0.0000,0.0000,0.0000,0.0082,0.0000,200,1.2358
0.0076,0.0000,0.0000,0.0000,0.0074,0.0002,200,1.2371
0.0384,0.0000,0.0000,0.0000,0.0383,0.0000,200,1.2065
0.0116,0.0000,0.0000,0.0000,0.0115,0.0000,200,1.2336
0.0030,0.0000,0.0000,0.0000,0.0029,0.0000,200,1.2426
0.0033,0.0000,0.0000,0.0000,0.0033,0.0000,200,1.2424
0.0021,0.0000,0.0000,0.0000,0.0019,0.0002,200,1.2441
0.0084,0.0000,0.0000,0.0003,0.0079,0.0001,200,1.2379
0.0076,0.0000,0.0000,0.0000,0.0075,0.0000,200,1.2391
0.0520,0.0000,0.0000,0.0000,0.0518,0.0001,200,1.1958
0.0155,0.0000,0.0000,0.0000,0.0154,0.0001,200,1.2328
0.0178,0.0000,0.0000,0.0000,0.0176,0.0001,200,1.2310
0.0059,0.0000,0.0000,0.0000,0.0058,0.0001,200,1.2434
0.0174,0.0000,0.0000,0.0000,0.0173,0.0000,200,1.2323
0.0529,0.0000,0.0000,0.0000,0.0528,0.0000,200,1.1990
0.0041,0.0000,0.0000,0.0000,0.0040,0.0000,200,1.2478
0.0188,0.0000,0.0000,0.0000,0.0187,0.0000,200,1.2332
0.0362,0.0000,0.0000,0.0003,0.0359,0.0000,200,1.2158
0.0065,0.0000,0.0000,0.0000,0.0062,0.0003,200,1.2456
0.0113,0.0000,0.0000,0.0000,0.0111,0.0002,200,1.2415
0.0086,0.0000,0.0000,0.0001,0.0084,0.0001,200,1.2447
0.0094,0.0000,0.0000,0.0000,0.0094,0.0000,200,1.2439
0.0132,0.0000,0.0000,0.0001,0.0130,0.0000,200,1.2408
0.0092,0.0000,0.0000,0.0000,0.0090,0.0001,200,1.2449
0.0112,0.0000,0.0000,0.0000,0.0111,0.0001,200,1.2436
0.0261,0.0000,0.0000,0.0000,0.0259,0.0000,200,1.2291
0.0140,0.0000,0.0000,0.0001,0.0138,0.0001,200,1.2415
0.0184,0.0000,0.0000,0.0000,0.0183,0.0000,200,1.2374
0.0028,0.0000,0.0000,0.0000,0.0027,0.0000,200,1.2534
0.0049,0.0000,0.0000,0.0000,0.0048,0.0000,200,1.2521
0.0235,0.0000,0.0000,0.0000,0.0234,0.0000,200,1.2336
0.0348,0.0000,0.0000,0.0000,0.0346,0.0002,200,1.2225
0.0212,0.0000,0.0000,0.0001,0.0211,0.0001,200,1.2365
0.0122,0.0000,0.0000,0.0002,0.0120,0.0000,200,1.2458
0.0270,0.0000,0.0000,0.0000,0.0269,0.0001,200,1.2315
0.0027,0.0000,0.0000,0.0000,0.0027,0.0000,200,1.2559
0.0554,0.0000,0.0000,0.0000,0.0553,0.0001,200,1.2037
0.0202,0.0000,0.0000,0.0000,0.0200,0.0002,200,1.2391
0.0098,0.0000,0.0000,0.0000,0.0097,0.0001,200,1.2497
0.0049,0.0000,0.0000,0.0000,0.0047,0.0001,200,1.2548
0.0066,0.0000,0.0000,0.0001,0.0064,0.0000,200,1.2533
0.0116,0.0000,0.0000,0.0000,0.0115,0.0000,200,1.2488
0.0420,0.0000,0.0000,0.0005,0.0414,0.0000,200,1.2187
0.0060,0.0000,0.0000,0.0000,0.0060,0.0000,200,1.2552
0.0077,0.0000,0.0000,0.0000,0.0076,0.0000,200,1.2541
0.0360,0.0000,0.0000,0.0000,0.0359,0.0001,200,1.2261
0.0022,0.0000,0.0000,0.0000,0.0020,0.0001,200,1.2604
0.0138,0.0000,0.0000,0.0000,0.0137,0.0001,200,1.2493
0.0539,0.0000,0.0000,0.0000,0.0538,0.0000,200,1.2095
0.0214,0.0000,0.0000,0.0000,0.0213,0.0000,200,1.2421
0.0194,0.0000,0.0000,0.0001,0.0192,0.0000,200,1.2441
0.0190,0.0000,0.0000,0.0000,0.0189,0.0001,200,1.2452
0.0051,0.0000,0.0000,0.0000,0.0045,0.0001,200,1.2594
0.0061,0.0000,0.0000,0.0000,0.0059,0.0001,200,1.2585
0.0131,0.0000,0.0000,0.0000,0.0130,0.0000,200,1.2520
0.0188,0.0000,0.0000,0.0000,0.0187,0.0000,200,1.2467
0.0089,0.0000,0.0000,0.0000,0.0088,0.0000,200,1.2570
0.0030,0.0000,0.0000,0.0000,0.0027,0.0001,200,1.2631
0.0070,0.0000,0.0000,0.0000,0.0068,0.0001,200,1.2597
0.0088,0.0000,0.0000,0.0000,0.0087,0.0000,200,1.2580
0.0209,0.0000,0.0000,0.0001,0.0207,0.0000,200,1.2463
0.0153,0.0000,0.0000,0.0000,0.0153,0.0000,200,1.2520
0.0271,0.0000,0.0000,0.0001,0.0269,0.0000,200,1.2406
0.0566,0.0000,0.0000,0.0000,0.0565,0.0000,200,1.2116
0.0220,0.0000,0.0000,0.0001,0.0218,0.0000,200,1.2462
0.0160,0.0000,0.0000,0.0001,0.0158,0.0000,200,1.2528
0.0100,0.0000,0.0000,0.0001,0.0098,0.0001,200,1.2593
0.0646,0.0000,0.0000,0.0000,0.0644,0.0000,200,1.2052
0.0560,0.0000,0.0000,0.0000,0.0559,0.0000,200,1.2137
0.0084,0.0000,0.0000,0.0001,0.0083,0.0000,200,1.2618
0.0131,0.0000,0.0000,0.0000,0.0130,0.0000,200,1.2577
0.0036,0.0000,0.0000,0.0000,0.0035,0.0001,200,1.2677
0.0744,0.0000,0.0000,0.0000,0.0742,0.0002,200,1.1977
0.0168,0.0000,0.0000,0.0000,0.0167,0.0000,200,1.2555
0.0636,0.0000,0.0000,0.0000,0.0635,0.0000,200,1.2094
0.0079,0.0000,0.0000,0.0000,0.0078,0.0000,200,1.2655
0.0215,0.0000,0.0000,0.0000,0.0214,0.0000,200,1.2519
0.0629,0.0000,0.0000,0.0000,0.0626,0.0001,200,1.2106
0.0093,0.0000,0.0000,0.0000,0.0091,0.0001,200,1.2646
0.0355,0.0000,0.0000,0.0001,0.0353,0.0000,200,1.2390
0.0087,0.0000,0.0000,0.0000,0.0083,0.0003,200,1.2659
0.0013,0.0000,0.0000,0.0000,0.0012,0.0001,200,1.2739
0.0069,0.0000,0.0000,0.0000,0.0067,0.0002,200,1.2688
0.0055,0.0000,0.0000,0.0000,0.0054,0.0000,200,1.2702
0.0191,0.0000,0.0000,0.0000,0.0190,0.0001,200,1.2570
0.0518,0.0000,0.0000,0.0000,0.0517,0.0000,200,1.2250
0.0035,0.0000,0.0000,0.0000,0.0034,0.0000,200,1.2734
0.0037,0.0000,0.0000,0.0000,0.0037,0.0000,200,1.2734
0.0137,0.0000,0.0000,0.0001,0.0135,0.0000,200,1.2635
0.0147,0.0000,0.0000,0.0000,0.0145,0.0001,200,1.2626
0.0015,0.0000,0.0000,0.0000,0.0014,0.0000,200,1.2762
0.0110,0.0000,0.0000,0.0001,0.0109,0.0000,200,1.2673
0.0142,0.0000,0.0000,0.0000,0.0141,0.0000,200,1.2642
0.0980,0.0000,0.0000,0.0000,0.0980,0.0000,200,1.1808
0.0441,0.0000,0.0000,0.0000,0.0440,0.0001,200,1.2350
0.0124,0.0000,0.0000,0.0000,0.0117,0.0002,200,1.2672
0.0151,0.0000,0.0000,0.0000,0.0150,0.0000,200,1.2646
0.0318,0.0000,0.0000,0.0000,0.0316,0.0001,200,1.2483
0.0208,0.0000,0.0000,0.0000,0.0206,0.0001,200,1.2599
0.0130,0.0000,0.0000,0.0002,0.0125,0.0003,200,1.2682
0.0059,0.0000,0.0000,0.0000,0.0058,0.0000,200,1.2757
0.0048,0.0000,0.0000,0.0000,0.0046,0.0002,200,1.2768
0.0169,0.0000,0.0000,0.0000,0.0167,0.0001,200,1.2651
0.0080,0.0000,0.0000,0.0000,0.0079,0.0000,200,1.2746
0.0092,0.0000,0.0000,0.0000,0.0092,0.0000,200,1.2735
0.0133,0.0000,0.0000,0.0000,0.0132,0.0000,200,1.2697
0.0047,0.0000,0.0000,0.0000,0.0046,0.0000,200,1.2788
0.0277,0.0000,0.0000,0.0000,0.0276,0.0000,200,1.2562
0.0740,0.0000,0.0000,0.0000,0.0739,0.0001,200,1.2102
0.0212,0.0000,0.0000,0.0000,0.0211,0.0001,200,1.2634
0.0126,0.0000,0.0000,0.0000,0.0122,0.0000,200,1.2723
0.0241,0.0000,0.0000,0.0000,0.0240,0.0000,200,1.2612
0.0011,0.0000,0.0000,0.0000,0.0010,0.0001,200,1.2849
0.0272,0.0000,0.0000,0.0001,0.0269,0.0001,200,1.2591
0.0075,0.0000,0.0000,0.0000,0.0073,0.0000,200,1.2796
0.0150,0.0000,0.0000,0.0000,0.0148,0.0000,200,1.2721
0.0095,0.0000,0.0000,0.0000,0.0094,0.0000,200,1.2776
0.0335,0.0000,0.0000,0.0000,0.0330,0.0004,200,1.2540
0.0294,0.0000,0.0000,0.0000,0.0293,0.0001,200,1.2586
0.0075,0.0000,0.0000,0.0000,0.0071,0.0000,200,1.2807
0.0220,0.0000,0.0000,0.0000,0.0220,0.0000,200,1.2668
0.0285,0.0000,0.0000,0.0000,0.0284,0.0000,200,1.2607
0.0039,0.0000,0.0000,0.0001,0.0036,0.0001,200,1.2859
0.0279,0.0000,0.0000,0.0000,0.0278,0.0000,200,1.2621
0.0383,0.0000,0.0000,0.0000,0.0382,0.0000,200,1.2519
0.0178,0.0000,0.0000,0.0000,0.0177,0.0001,200,1.2730
0.0157,0.0000,0.0000,0.0001,0.0155,0.0001,200,1.2757
0.0207,0.0000,0.0000,0.0000,0.0206,0.0000,200,1.2708
0.0257,0.0000,0.0000,0.0000,0.0256,0.0001,200,1.2662
0.0257,0.0000,0.0000,0.0001,0.0255,0.0000,200,1.2667
0.0099,0.0000,0.0000,0.0000,0.0099,0.0000,200,1.2826
0.0091,0.0000,0.0000,0.0000,0.0087,0.0003,200,1.2839
0.0099,0.0000,0.0000,0.0000,0.0098,0.0000,200,1.2835
0.0254,0.0000,0.0000,0.0000,0.0253,0.0000,200,1.2682
0.0017,0.0000,0.0000,0.0000,0.0016,0.0000,200,1.2919
0.0018,0.0000,0.0000,0.0000,0.0017,0.0000,200,1.2925
0.0230,0.0000,0.0000,0.0000,0.0228,0.0003,200,1.2713
0.0201,0.0000,0.0000,0.0000,0.0201,0.0000,200,1.2747
0.0015,0.0000,0.0000,0.0000,0.0014,0.0001,200,1.2936
0.0115,0.0000,0.0000,0.0000,0.0113,0.0001,200,1.2841
0.0058,0.0000,0.0000,0.0000,0.0056,0.0000,200,1.2900
0.0013,0.0000,0.0000,0.0000,0.0012,0.0001,200,1.2949
0.0812,0.0000,0.0000,0.0000,0.0811,0.0000,200,1.2152
0.0647,0.0000,0.0000,0.0000,0.0646,0.0001,200,1.2319
0.0118,0.0000,0.0000,0.0000,0.0115,0.0003,200,1.2853
0.0112,0.0000,0.0000,0.0000,0.0110,0.0000,200,1.2863
0.0285,0.0000,0.0000,0.0000,0.0284,0.0000,200,1.2693
0.0087,0.0000,0.0000,0.0000,0.0086,0.0000,200,1.2892
0.0202,0.0000,0.0000,0.0000,0.0201,0.0000,200,1.2784
0.0194,0.0000,0.0000,0.0000,0.0193,0.0000,200,1.2792
0.0173,0.0000,0.0000,0.0000,0.0172,0.0000,200,1.2816
0.0025,0.0000,0.0000,0.0000,0.0024,0.0000,200,1.2966
0.0427,0.0000,0.0000,0.0000,0.0425,0.0000,200,1.2573
0.0075,0.0000,0.0000,0.0000,0.0075,0.0000,200,1.2924
0.0048,0.0000,0.0000,0.0000,0.0047,0.0000,200,1.2951
0.0184,0.0000,0.0000,0.0000,0.0184,0.0000,200,1.2816
0.0102,0.0000,0.0000,0.0001,0.0100,0.0000,200,1.2902
0.0236,0.0000,0.0000,0.0000,0.0235,0.0000,200,1.2773
0.0192,0.0000,0.0000,0.0000,0.0191,0.0000,200,1.2820
0.0029,0.0000,0.0000,0.0000,0.0027,0.0001,200,1.2989
0.0014,0.0000,0.0000,0.0000,0.0013,0.0000,200,1.3005
0.1037,0.0000,0.0000,0.0000,0.1036,0.0000,200,1.1987
0.0010,0.0000,0.0000,0.0000,0.0009,0.0000,200,1.3018
0.0204,0.0000,0.0000,0.0000,0.0203,0.0001,200,1.2827
0.0266,0.0000,0.0000,0.0000,0.0265,0.0001,200,1.2771
0.0039,0.0000,0.0000,0.0000,0.0038,0.0000,200,1.3000
0.0293,0.0000,0.0000,0.0001,0.0291,0.0000,200,1.2752
0.0138,0.0000,0.0000,0.0001,0.0135,0.0000,200,1.2908
0.0281,0.0000,0.0000,0.0000,0.0280,0.0000,200,1.2768
0.0154,0.0000,0.0000,0.0000,0.0153,0.0000,200,1.2898
0.0012,0.0000,0.0000,0.0000,0.0011,0.0000,200,1.3046
0.0235,0.0000,0.0000,0.0000,0.0235,0.0000,200,1.2830
0.0281,0.0000,0.0000,0.0000,0.0280,0.0001,200,1.2784
0.0633,0.0000,0.0000,0.0000,0.0630,0.0002,200,1.2435
0.0139,0.0000,0.0000,0.0000,0.0136,0.0003,200,1.2934
0.0055,0.0000,0.0000,0.0001,0.0053,0.0000,200,1.3018
0.0108,0.0000,0.0000,0.0001,0.0105,0.0002,200,1.2972
0.0015,0.0000,0.0000,0.0000,0.0014,0.0000,200,1.3065
0.0100,0.0000,0.0000,0.0000,0.0100,0.0000,200,1.2985
0.0203,0.0000,0.0000,0.0000,0.0201,0.0001,200,1.2888
0.0137,0.0000,0.0000,0.0001,0.0135,0.0000,200,1.2956
0.0155,0.0000,0.0000,0.0000,0.0154,0.0001,200,1.2943
0.0307,0.0000,0.0000,0.0001,0.0306,0.0000,200,1.2797
0.0105,0.0000,0.0000,0.0000,0.0104,0.0000,200,1.2999
0.0095,0.0000,0.0000,0.0000,0.0095,0.0001,200,1.3012
0.0231,0.0000,0.0000,0.0000,0.0230,0.0000,200,1.2880
0.0157,0.0000,0.0000,0.0000,0.0156,0.0000,200,1.2958
0.0082,0.0000,0.0000,0.0000,0.0080,0.0001,200,1.3037
0.0164,0.0000,0.0000,0.0000,0.0162,0.0002,200,1.2962
0.0051,0.0000,0.0000,0.0000,0.0048,0.0003,200,1.3080
0.0145,0.0000,0.0000,0.0000,0.0145,0.0000,200,1.2985
0.0038,0.0000,0.0000,0.0000,0.0038,0.0000,200,1.3093
0.0066,0.0000,0.0000,0.0000,0.0065,0.0000,200,1.3068
0.0505,0.0000,0.0000,0.0000,0.0503,0.0002,200,1.2634
0.0450,0.0000,0.0000,0.0000,0.0449,0.0000,200,1.2697
0.0219,0.0000,0.0000,0.0000,0.0218,0.0000,200,1.2930
0.0034,0.0000,0.0000,0.0001,0.0032,0.0001,200,1.3119
0.0217,0.0000,0.0000,0.0000,0.0215,0.0000,200,1.2936
0.0045,0.0000,0.0000,0.0000,0.0032,0.0013,200,1.3111
0.0018,0.0000,0.0000,0.0000,0.0017,0.0000,200,1.3140
0.0102,0.0000,0.0000,0.0000,0.0102,0.0000,200,1.3057
0.0188,0.0000,0.0000,0.0000,0.0188,0.0000,200,1.2979
0.0084,0.0000,0.0000,0.0000,0.0083,0.0000,200,1.3086
0.0048,0.0000,0.0000,0.0000,0.0047,0.0001,200,1.3125
0.0367,0.0000,0.0000,0.0000,0.0366,0.0000,200,1.2812
0.0028,0.0000,0.0000,0.0002,0.0025,0.0000,200,1.3158
0.0151,0.0000,0.0000,0.0000,0.0150,0.0000,200,1.3039
0.0057,0.0000,0.0000,0.0000,0.0056,0.0000,200,1.3134
0.0046,0.0000,0.0000,0.0000,0.0045,0.0001,200,1.3147
0.0164,0.0000,0.0000,0.0000,0.0164,0.0001,200,1.3032
0.0072,0.0000,0.0000,0.0000,0.0071,0.0000,200,1.3130
0.0434,0.0000,0.0000,0.0000,0.0433,0.0001,200,1.2773
0.0146,0.0000,0.0000,0.0000,0.0146,0.0000,200,1.3065
0.0025,0.0000,0.0000,0.0000,0.0020,0.0004,200,1.3191
0.0241,0.0000,0.0000,0.0000,0.0240,0.0000,200,1.2975
0.0065,0.0000,0.0000,0.0000,0.0064,0.0000,200,1.3153
0.0374,0.0000,0.0000,0.0000,0.0373,0.0000,200,1.2846
0.0062,0.0000,0.0000,0.0000,0.0060,0.0000,200,1.3160
0.0128,0.0000,0.0000,0.0000,0.0128,0.0000,200,1.3098
0.0323,0.0000,0.0000,0.0000,0.0317,0.0004,200,1.2914
0.0083,0.0000,0.0000,0.0000,0.0083,0.0000,200,1.3154
0.0368,0.0000,0.0000,0.0000,0.0366,0.0002,200,1.2871
0.0249,0.0000,0.0000,0.0000,0.0248,0.0000,200,1.2991
0.0378,0.0000,0.0000,0.0000,0.0377,0.0001,200,1.2871
0.0034,0.0000,0.0000,0.0000,0.0032,0.0002,200,1.3216
0.0282,0.0000,0.0000,0.0000,0.0277,0.0004,200,1.2978
0.0035,0.0000,0.0000,0.0000,0.0032,0.0003,200,1.3227
0.0142,0.0000,0.0000,0.0000,0.0140,0.0001,200,1.3132
0.0174,0.0000,0.0000,0.0000,0.0173,0.0000,200,1.3104
0.0314,0.0000,0.0000,0.0000,0.0314,0.0000,200,1.2964
0.0048,0.0000,0.0000,0.0000,0.0047,0.0001,200,1.3239
0.0420,0.0000,0.0000,0.0002,0.0415,0.0003,200,1.2871
0.0136,0.0000,0.0000,0.0002,0.0133,0.0000,200,1.3156
0.0063,0.0000,0.0000,0.0000,0.0061,0.0002,200,1.3237
0.0196,0.0000,0.0000,0.0000,0.0195,0.0000,200,1.3107
0.0306,0.0000,0.0000,0.0000,0.0305,0.0000,200,1.2999
0.0368,0.0000,0.0000,0.0000,0.0367,0.0000,200,1.2943
0.0078,0.0000,0.0000,0.0000,0.0077,0.0001,200,1.3237
0.0125,0.0000,0.0000,0.0000,0.0124,0.0001,200,1.3194
0.0066,0.0000,0.0000,0.0002,0.0063,0.0000,200,1.3260
0.0028,0.0000,0.0000,0.0000,0.0027,0.0000,200,1.3300
0.0060,0.0000,0.0000,0.0000,0.0059,0.0000,200,1.3278
0.0289,0.0000,0.0000,0.0000,0.0288,0.0001,200,1.3052
0.0067,0.0000,0.0000,0.0000,0.0066,0.0000,200,1.3278
0.0305,0.0000,0.0000,0.0000,0.0304,0.0000,200,1.3045
0.0440,0.0000,0.0000,0.0000,0.0439,0.0000,200,1.2915
0.0287,0.0000,0.0000,0.0000,0.0286,0.0000,200,1.3073
0.0120,0.0000,0.0000,0.0003,0.0111,0.0000,200,1.3249
0.0163,0.0000,0.0000,0.0000,0.0162,0.0000,200,1.3207
0.0257,0.0000,0.0000,0.0000,0.0256,0.0000,200,1.3131
0.0315,0.0000,0.0000,0.0000,0.0314,0.0001,200,1.3073
0.0362,0.0000,0.0000,0.0000,0.0361,0.0000,200,1.3028
0.0397,0.0000,0.0000,0.0000,0.0396,0.0001,200,1.2999
0.0088,0.0000,0.0000,0.0000,0.0082,0.0005,200,1.3315
0.0520,0.0000,0.0000,0.0000,0.0520,0.0000,200,1.2882
0.0117,0.0000,0.0000,0.0000,0.0116,0.0001,200,1.3287
0.0022,0.0000,0.0000,0.0000,0.0021,0.0000,200,1.3388
0.0364,0.0000,0.0000,0.0000,0.0364,0.0000,200,1.3049
0.0125,0.0000,0.0000,0.0000,0.0124,0.0000,200,1.3291
0.0092,0.0000,0.0000,0.0000,0.0092,0.0000,200,1.3328
0.0029,0.0000,0.0000,0.0001,0.0028,0.0000,200,1.3396
0.0071,0.0000,0.0000,0.0000,0.0071,0.0000,200,1.3355
0.0425,0.0000,0.0000,0.0000,0.0421,0.0003,200,1.3009
0.0161,0.0000,0.0000,0.0005,0.0153,0.0000,200,1.3274
0.0248,0.0000,0.0000,0.0000,0.0247,0.0000,200,1.3190
0.0053,0.0000,0.0000,0.0000,0.0052,0.0001,200,1.3389
0.0032,0.0000,0.0000,0.0000,0.0031,0.0001,200,1.3414
0.0077,0.0000,0.0000,0.0000,0.0076,0.0000,200,1.3369
0.0116,0.0000,0.0000,0.0000,0.0115,0.0001,200,1.3338
0.0154,0.0000,0.0000,0.0000,0.0153,0.0001,200,1.3305
0.0135,0.0000,0.0000,0.0000,0.0133,0.0002,200,1.3341
0.0042,0.0000,0.0000,0.0000,0.0041,0.0000,200,1.3435
0.0173,0.0000,0.0000,0.0000,0.0173,0.0000,200,1.3303
0.0397,0.0000,0.0000,0.0000,0.0397,0.0000,200,1.3080
0.0282,0.0000,0.0000,0.0000,0.0281,0.0000,200,1.3196
0.0039,0.0000,0.0000,0.0001,0.0037,0.0000,200,1.3442
0.0079,0.0000,0.0000,0.0000,0.0078,0.0000,200,1.3403
0.0300,0.0000,0.0000,0.0000,0.0297,0.0003,200,1.3186
0.0311,0.0000,0.0000,0.0000,0.0311,0.0000,200,1.3175
0.0275,0.0000,0.0000,0.0000,0.0269,0.0000,200,1.3211
0.0045,0.0000,0.0000,0.0000,0.0043,0.0001,200,1.3447
0.0325,0.0000,0.0000,0.0000,0.0325,0.0000,200,1.3167
0.0381,0.0000,0.0000,0.0000,0.0379,0.0001,200,1.3115
0.0016,0.0000,0.0000,0.0000,0.0014,0.0001,200,1.3486
0.0024,0.0000,0.0000,0.0000,0.0023,0.0001,200,1.3481
0.0289,0.0000,0.0000,0.0000,0.0288,0.0000,200,1.3222
0.0157,0.0000,0.0000,0.0000,0.0155,0.0002,200,1.3360
0.0044,0.0000,0.0000,0.0001,0.0041,0.0001,200,1.3476
0.0102,0.0000,0.0000,0.0000,0.0101,0.0000,200,1.3421
0.0179,0.0000,0.0000,0.0000,0.0178,0.0000,200,1.3345
0.0134,0.0000,0.0000,0.0000,0.0133,0.0000,200,1.3391
0.0066,0.0000,0.0000,0.0001,0.0065,0.0000,200,1.3445
0.0328,0.0000,0.0000,0.0000,0.0327,0.0000,200,1.3202
0.0062,0.0000,0.0000,0.0000,0.0061,0.0001,200,1.3477
0.0293,0.0000,0.0000,0.0001,0.0273,0.0010,200,1.3250
0.0224,0.0000,0.0000,0.0000,0.0223,0.0000,200,1.3318
0.0018,0.0000,0.0000,0.0000,0.0016,0.0002,200,1.3530
0.0372,0.0000,0.0000,0.0000,0.0371,0.0000,200,1.3179
0.0036,0.0000,0.0000,0.0000,0.0030,0.0006,200,1.3517
0.0100,0.0000,0.0000,0.0000,0.0098,0.0001,200,1.3454
0.0685,0.0000,0.0000,0.0000,0.0683,0.0001,200,1.2875
0.0194,0.0000,0.0000,0.0000,0.0192,0.0001,200,1.3369
0.0042,0.0000,0.0000,0.0000,0.0041,0.0001,200,1.3524
0.0349,0.0000,0.0000,0.0000,0.0348,0.0001,200,1.3220
0.0025,0.0000,0.0000,0.0000,0.0021,0.0001,200,1.3547
0.0225,0.0000,0.0000,0.0000,0.0224,0.0001,200,1.3350
0.0080,0.0000,0.0000,0.0000,0.0079,0.0000,200,1.3497
0.0143,0.0000,0.0000,0.0004,0.0137,0.0001,200,1.3438
0.0127,0.0000,0.0000,0.0000,0.0124,0.0002,200,1.3459
0.0155,0.0000,0.0000,0.0000,0.0153,0.0001,200,1.3434
0.0056,0.0000,0.0000,0.0000,0.0055,0.0000,200,1.3539
0.0118,0.0000,0.0000,0.0000,0.0118,0.0000,200,1.3478
0.0378,0.0000,0.0000,0.0000,0.0378,0.0000,200,1.3218
0.0191,0.0000,0.0000,0.0000,0.0190,0.0000,200,1.3409
0.0047,0.0000,0.0000,0.0000,0.0042,0.0005,200,1.3553
0.0084,0.0000,0.0000,0.0000,0.0082,0.0001,200,1.3523
0.0085,0.0000,0.0000,0.0000,0.0085,0.0000,200,1.3524
0.0196,0.0000,0.0000,0.0000,0.0196,0.0000,200,1.3416
0.0468,0.0000,0.0000,0.0000,0.0467,0.0001,200,1.3149
0.0596,0.0000,0.0000,0.0000,0.0594,0.0001,200,1.3024
0.0038,0.0000,0.0000,0.0000,0.0037,0.0000,200,1.3589
0.0365,0.0000,0.0000,0.0002,0.0363,0.0000,200,1.3262
0.0154,0.0000,0.0000,0.0000,0.0150,0.0003,200,1.3481
0.0084,0.0000,0.0000,0.0004,0.0080,0.0000,200,1.3551
0.0398,0.0000,0.0000,0.0000,0.0398,0.0000,200,1.3240
0.0329,0.0000,0.0000,0.0000,0.0328,0.0000,200,1.3311
0.0150,0.0000,0.0000,0.0001,0.0147,0.0001,200,1.3492
0.0021,0.0000,0.0000,0.0000,0.0019,0.0001,200,1.3627
0.0162,0.0000,0.0000,0.0000,0.0162,0.0000,200,1.3486
0.0096,0.0000,0.0000,0.0000,0.0091,0.0005,200,1.3563
0.0234,0.0000,0.0000,0.0000,0.0233,0.0000,200,1.3426
0.0138,0.0000,0.0000,0.0000,0.0137,0.0000,200,1.3523
0.0062,0.0000,0.0000,0.0000,0.0062,0.0000,200,1.3600
0.0092,0.0000,0.0000,0.0000,0.0091,0.0000,200,1.3576
0.0032,0.0000,0.0000,0.0000,0.0032,0.0000,200,1.3640
0.0505,0.0000,0.0000,0.0000,0.0504,0.0000,200,1.3170
0.0093,0.0000,0.0000,0.0001,0.0089,0.0002,200,1.3586
0.0591,0.0000,0.0000,0.0000,0.0589,0.0000,200,1.3091
0.0039,0.0000,0.0000,0.0000,0.0037,0.0002,200,1.3648
0.0889,0.0000,0.0000,0.0000,0.0888,0.0000,200,1.2801
0.0369,0.0000,0.0000,0.0000,0.0367,0.0002,200,1.3325
0.0218,0.0000,0.0000,0.0000,0.0217,0.0000,200,1.3478
0.0132,0.0000,0.0000,0.0000,0.0131,0.0000,200,1.3566
0.0068,0.0000,0.0000,0.0000,0.0067,0.0001,200,1.3639
0.0012,0.0000,0.0000,0.0001,0.0008,0.0000,200,1.3696
0.0131,0.0000,0.0000,0.0000,0.0130,0.0000,200,1.3581
0.0121,0.0000,0.0000,0.0000,0.0121,0.0000,200,1.3596
0.0092,0.0000,0.0000,0.0000,0.0091,0.0000,200,1.3627
0.0044,0.0000,0.0000,0.0000,0.0040,0.0000,200,1.3681
0.0225,0.0000,0.0000,0.0000,0.0223,0.0001,200,1.3505
0.0099,0.0000,0.0000,0.0000,0.0098,0.0000,200,1.3635
0.0178,0.0000,0.0000,0.0000,0.0176,0.0002,200,1.3560
0.0013,0.0000,0.0000,0.0001,0.0010,0.0001,200,1.3730
0.0027,0.0000,0.0000,0.0000,0.0026,0.0000,200,1.3717
0.0109,0.0000,0.0000,0.0000,0.0106,0.0000,200,1.3642
0.0152,0.0000,0.0000,0.0000,0.0151,0.0000,200,1.3600
0.0349,0.0000,0.0000,0.0001,0.0348,0.0000,200,1.3404
0.0165,0.0000,0.0000,0.0000,0.0163,0.0001,200,1.3595
0.0102,0.0000,0.0000,0.0001,0.0099,0.0001,200,1.3660
0.0155,0.0000,0.0000,0.0000,0.0154,0.0001,200,1.3612
0.0108,0.0000,0.0000,0.0000,0.0105,0.0001,200,1.3662
0.0059,0.0000,0.0000,0.0000,0.0055,0.0003,200,1.3719
0.0293,0.0000,0.0000,0.0000,0.0292,0.0000,200,1.3486
0.0162,0.0000,0.0000,0.0000,0.0161,0.0000,200,1.3617
0.0026,0.0000,0.0000,0.0000,0.0025,0.0001,200,1.3759
0.0027,0.0000,0.0000,0.0000,0.0026,0.0000,200,1.3762
0.0088,0.0000,0.0000,0.0000,0.0086,0.0002,200,1.3707
0.0374,0.0000,0.0000,0.0000,0.0373,0.0001,200,1.3425
0.0065,0.0000,0.0000,0.0000,0.0062,0.0000,200,1.3734
0.0170,0.0000,0.0000,0.0000,0.0168,0.0002,200,1.3635
0.0028,0.0000,0.0000,0.0000,0.0027,0.0000,200,1.3778
0.0191,0.0000,0.0000,0.0000,0.0190,0.0000,200,1.3620
0.0245,0.0000,0.0000,0.0000,0.0244,0.0000,200,1.3568
0.0108,0.0000,0.0000,0.0000,0.0105,0.0002,200,1.3712
0.0074,0.0000,0.0000,0.0000,0.0073,0.0000,200,1.3751
0.0043,0.0000,0.0000,0.0001,0.0041,0.0000,200,1.3785
0.0019,0.0000,0.0000,0.0000,0.0018,0.0000,200,1.3814
0.0189,0.0000,0.0000,0.0000,0.0189,0.0000,200,1.3648
0.0153,0.0000,0.0000,0.0000,0.0152,0.0000,200,1.3688
0.0150,0.0000,0.0000,0.0002,0.0147,0.0001,200,1.3695
0.0112,0.0000,0.0000,0.0000,0.0110,0.0001,200,1.3737
0.0041,0.0000,0.0000,0.0000,0.0039,0.0001,200,1.3811
0.0250,0.0000,0.0000,0.0000,0.0248,0.0000,200,1.3607
0.0192,0.0000,0.0000,0.0000,0.0191,0.0000,200,1.3668
0.0040,0.0000,0.0000,0.0000,0.0039,0.0000,200,1.3825
0.0211,0.0000,0.0000,0.0000,0.0205,0.0001,200,1.3660
0.0296,0.0000,0.0000,0.0001,0.0293,0.0002,200,1.3577
0.0197,0.0000,0.0000,0.0000,0.0196,0.0000,200,1.3679
0.0479,0.0000,0.0000,0.0000,0.0478,0.0001,200,1.3402
0.0049,0.0000,0.0000,0.0000,0.0049,0.0000,200,1.3832
0.0040,0.0000,0.0000,0.0000,0.0039,0.0001,200,1.3845
0.0122,0.0000,0.0000,0.0000,0.0121,0.0001,200,1.3767
0.0283,0.0000,0.0000,0.0000,0.0280,0.0001,200,1.3610
0.0092,0.0000,0.0000,0.0001,0.0091,0.0000,200,1.3805
0.0688,0.0000,0.0000,0.0000,0.0687,0.0000,200,1.3215
0.0133,0.0000,0.0000,0.0000,0.0131,0.0001,200,1.3771
0.0248,0.0000,0.0000,0.0000,0.0243,0.0000,200,1.3659
0.0057,0.0000,0.0000,0.0000,0.0055,0.0001,200,1.3852
0.0166,0.0000,0.0000,0.0001,0.0161,0.0004,200,1.3752
0.0037,0.0000,0.0000,0.0000,0.0037,0.0000,200,1.3881
0.0443,0.0000,0.0000,0.0000,0.0442,0.0000,200,1.3477
0.0094,0.0000,0.0000,0.0000,0.0093,0.0000,200,1.3828
0.0182,0.0000,0.0000,0.0000,0.0178,0.0004,200,1.3745
0.0010,0.0000,0.0000,0.0000,0.0008,0.0001,200,1.3918
0.0641,0.0000,0.0000,0.0001,0.0639,0.0000,200,1.3293
0.0383,0.0000,0.0000,0.0000,0.0382,0.0000,200,1.3554
0.0134,0.0000,0.0000,0.0000,0.0133,0.0000,200,1.3806
0.0085,0.0000,0.0000,0.0000,0.0084,0.0000,200,1.3860
0.0352,0.0000,0.0000,0.0000,0.0351,0.0001,200,1.3596
0.0069,0.0000,0.0000,0.0000,0.0068,0.0000,200,1.3885
0.0167,0.0000,0.0000,0.0000,0.0167,0.0000,200,1.3789
0.0423,0.0000,0.0000,0.0000,0.0422,0.0001,200,1.3542
0.0223,0.0000,0.0000,0.0000,0.0222,0.0000,200,1.3743
0.0048,0.0000,0.0000,0.0000,0.0047,0.0000,200,1.3919
0.0048,0.0000,0.0000,0.0000,0.0041,0.0002,200,1.3922
0.0150,0.0000,0.0000,0.0000,0.0150,0.0000,200,1.3820
0.0074,0.0000,0.0000,0.0000,0.0073,0.0001,200,1.3904
0.0225,0.0000,0.0000,0.0000,0.0225,0.0000,200,1.3754
0.0881,0.0000,0.0000,0.0000,0.0880,0.0000,200,1.3104
0.0064,0.0000,0.0000,0.0000,0.0063,0.0000,200,1.3927
0.0153,0.0000,0.0000,0.0000,0.0151,0.0000,200,1.3838
0.0031,0.0000,0.0000,0.0000,0.0030,0.0000,200,1.3965
0.0107,0.0000,0.0000,0.0000,0.0105,0.0000,200,1.3889
0.0128,0.0000,0.0000,0.0000,0.0124,0.0001,200,1.3873
0.0097,0.0000,0.0000,0.0000,0.0096,0.0000,200,1.3907
0.0210,0.0000,0.0000,0.0000,0.0209,0.0001,200,1.3799
0.0234,0.0000,0.0000,0.0000,0.0233,0.0001,200,1.3779
0.0115,0.0000,0.0000,0.0000,0.0114,0.0000,200,1.3904
0.0074,0.0000,0.0000,0.0000,0.0073,0.0000,200,1.3945
0.0125,0.0000,0.0000,0.0000,0.0124,0.0000,200,1.3897
0.0070,0.0000,0.0000,0.0000,0.0069,0.0001,200,1.3956
0.0183,0.0000,0.0000,0.0000,0.0182,0.0000,200,1.3849
0.0143,0.0000,0.0000,0.0000,0.0141,0.0000,200,1.3893
0.0107,0.0000,0.0000,0.0002,0.0104,0.0001,200,1.3934
0.0018,0.0000,0.0000,0.0001,0.0016,0.0000,200,1.4026
0.0015,0.0000,0.0000,0.0000,0.0015,0.0000,200,1.4036
0.0130,0.0000,0.0000,0.0000,0.0129,0.0000,200,1.3928
0.0069,0.0000,0.0000,0.0000,0.0067,0.0001,200,1.3991
0.0539,0.0000,0.0000,0.0000,0.0538,0.0001,200,1.3524
0.0096,0.0000,0.0000,0.0000,0.0095,0.0000,200,1.3970
0.0048,0.0000,0.0000,0.0000,0.0047,0.0000,200,1.4019
0.0091,0.0000,0.0000,0.0000,0.0090,0.0000,200,1.3978
0.0104,0.0000,0.0000,0.0001,0.0103,0.0001,200,1.3970
0.0535,0.0000,0.0000,0.0001,0.0530,0.0001,200,1.3542
0.0581,0.0000,0.0000,0.0000,0.0580,0.0001,200,1.3502
0.0166,0.0000,0.0000,0.0000,0.0164,0.0000,200,1.3920
0.0012,0.0000,0.0000,0.0000,0.0010,0.0000,200,1.4086
0.0150,0.0000,0.0000,0.0000,0.0150,0.0000,200,1.3948
0.0133,0.0000,0.0000,0.0000,0.0131,0.0001,200,1.3966
0.0038,0.0000,0.0000,0.0000,0.0036,0.0002,200,1.4067
0.0233,0.0000,0.0000,0.0000,0.0233,0.0000,200,1.3876
0.0070,0.0000,0.0000,0.0000,0.0066,0.0004,200,1.4041
0.0106,0.0000,0.0000,0.0000,0.0101,0.0004,200,1.4005
0.0407,0.0000,0.0000,0.0000,0.0406,0.0000,200,1.3708
0.0179,0.0000,0.0000,0.0000,0.0175,0.0000,200,1.3941
0.0058,0.0000,0.0000,0.0000,0.0057,0.0000,200,1.4066
0.0634,0.0000,0.0000,0.0000,0.0634,0.0000,200,1.3492
0.0266,0.0000,0.0000,0.0000,0.0266,0.0000,200,1.3865
0.0038,0.0000,0.0000,0.0000,0.0037,0.0000,200,1.4098
0.0057,0.0000,0.0000,0.0000,0.0056,0.0000,200,1.4083
0.0122,0.0000,0.0000,0.0004,0.0117,0.0001,200,1.4022
0.0163,0.0000,0.0000,0.0000,0.0161,0.0000,200,1.3985
0.0427,0.0000,0.0000,0.0000,0.0426,0.0001,200,1.3726
0.0122,0.0000,0.0000,0.0000,0.0121,0.0000,200,1.4032
0.0470,0.0000,0.0000,0.0000,0.0468,0.0001,200,1.3690
0.0062,0.0000,0.0000,0.0003,0.0055,0.0001,200,1.4105
0.0650,0.0000,0.0000,0.0001,0.0649,0.0000,200,1.3520
0.0028,0.0000,0.0000,0.0000,0.0027,0.0001,200,1.4147
0.0176,0.0000,0.0000,0.0000,0.0175,0.0001,200,1.4013
0.0086,0.0000,0.0000,0.0000,0.0086,0.0000,200,1.4110
0.0331,0.0000,0.0000,0.0000,0.0329,0.0001,200,1.3871
0.0144,0.0000,0.0000,0.0000,0.0143,0.0001,200,1.4060
0.0079,0.0000,0.0000,0.0000,0.0078,0.0000,200,1.4131
0.0051,0.0000,0.0000,0.0000,0.0049,0.0002,200,1.4167
0.0015,0.0000,0.0000,0.0001,0.0013,0.0000,200,1.4204
0.0150,0.0000,0.0000,0.0000,0.0149,0.0000,200,1.4078
0.0220,0.0000,0.0000,0.0000,0.0218,0.0000,200,1.4009
0.0175,0.0000,0.0000,0.0000,0.0175,0.0000,200,1.4058
0.0114,0.0000,0.0000,0.0000,0.0114,0.0000,200,1.4121
0.0445,0.0000,0.0000,0.0000,0.0444,0.0000,200,1.3795
0.0117,0.0000,0.0000,0.0000,0.0116,0.0001,200,1.4126
0.0200,0.0000,0.0000,0.0001,0.0195,0.0004,200,1.4051
0.0473,0.0000,0.0000,0.0000,0.0473,0.0000,200,1.3778
0.0315,0.0000,0.0000,0.0001,0.0313,0.0001,200,1.3937
0.0105,0.0000,0.0000,0.0000,0.0104,0.0001,200,1.4153
0.0403,0.0000,0.0000,0.0000,0.0402,0.0000,200,1.3857
0.0167,0.0000,0.0000,0.0000,0.0166,0.0000,200,1.4099
0.0171,0.0000,0.0000,0.0000,0.0170,0.0000,200,1.4098
0.0296,0.0000,0.0000,0.0000,0.0293,0.0002,200,1.3979
0.0116,0.0000,0.0000,0.0000,0.0115,0.0000,200,1.4159
0.0135,0.0000,0.0000,0.0000,0.0135,0.0000,200,1.4144
0.0033,0.0000,0.0000,0.0001,0.0030,0.0001,200,1.4251
0.0409,0.0000,0.0000,0.0000,0.0407,0.0002,200,1.3882
0.0492,0.0000,0.0000,0.0000,0.0491,0.0000,200,1.3799
0.0026,0.0000,0.0000,0.0000,0.0024,0.0001,200,1.4269
0.0276,0.0000,0.0000,0.0000,0.0273,0.0000,200,1.4019
0.0454,0.0000,0.0000,0.0000,0.0453,0.0000,200,1.3841
0.0600,0.0000,0.0000,0.0000,0.0600,0.0000,200,1.3698
0.0733,0.0000,0.0000,0.0001,0.0730,0.0001,200,1.3572
0.0069,0.0000,0.0000,0.0000,0.0067,0.0002,200,1.4240
0.0052,0.0000,0.0000,0.0000,0.0051,0.0001,200,1.4260
0.0196,0.0000,0.0000,0.0000,0.0194,0.0002,200,1.4125
0.0086,0.0000,0.0000,0.0000,0.0085,0.0000,200,1.4235
0.0114,0.0000,0.0000,0.0000,0.0113,0.0000,200,1.4210
0.0333,0.0000,0.0000,0.0000,0.0328,0.0000,200,1.3997
0.0657,0.0000,0.0000,0.0000,0.0654,0.0002,200,1.3674
0.0061,0.0000,0.0000,0.0000,0.0060,0.0001,200,1.4275
0.0342,0.0000,0.0000,0.0000,0.0341,0.0001,200,1.3996
0.0166,0.0000,0.0000,0.0000,0.0166,0.0000,200,1.4176
0.0158,0.0000,0.0000,0.0000,0.0157,0.0000,200,1.4189
0.0360,0.0000,0.0000,0.0000,0.0359,0.0001,200,1.3991
0.0155,0.0000,0.0000,0.0000,0.0155,0.0000,200,1.4196
0.0063,0.0000,0.0000,0.0000,0.0063,0.0000,200,1.4291
0.0219,0.0000,0.0000,0.0000,0.0218,0.0000,200,1.4140
0.0060,0.0000,0.0000,0.0000,0.0057,0.0003,200,1.4305
0.0167,0.0000,0.0000,0.0000,0.0166,0.0000,200,1.4201
0.0050,0.0000,0.0000,0.0001,0.0048,0.0001,200,1.4324
0.0016,0.0000,0.0000,0.0000,0.0014,0.0001,200,1.4358
0.0465,0.0000,0.0000,0.0000,0.0464,0.0001,200,1.3909
0.0079,0.0000,0.0000,0.0000,0.0078,0.0000,200,1.4299
0.0383,0.0000,0.0000,0.0000,0.0382,0.0000,200,1.4001
0.0057,0.0000,0.0000,0.0000,0.0056,0.0000,200,1.4329
0.0125,0.0000,0.0000,0.0000,0.0125,0.0000,200,1.4266
0.0041,0.0000,0.0000,0.0000,0.0040,0.0001,200,1.4354
0.0046,0.0000,0.0000,0.0000,0.0045,0.0000,200,1.4351
0.0079,0.0000,0.0000,0.0000,0.0078,0.0000,200,1.4321
0.0731,0.0000,0.0000,0.0000,0.0730,0.0001,200,1.3672
0.0340,0.0000,0.0000,0.0000,0.0338,0.0001,200,1.4069
0.0366,0.0000,0.0000,0.0000,0.0365,0.0000,200,1.4044
0.0193,0.0000,0.0000,0.0001,0.0192,0.0000,200,1.4219
0.0077,0.0000,0.0000,0.0000,0.0076,0.0000,200,1.4342
0.0127,0.0000,0.0000,0.0000,0.0126,0.0000,200,1.4295
0.0268,0.0000,0.0000,0.0000,0.0267,0.0000,200,1.4154
0.0039,0.0000,0.0000,0.0000,0.0035,0.0004,200,1.4391
0.0140,0.0000,0.0000,0.0000,0.0140,0.0000,200,1.4291
0.0095,0.0000,0.0000,0.0000,0.0094,0.0000,200,1.4336
0.0177,0.0000,0.0000,0.0000,0.0175,0.0000,200,1.4259
0.0070,0.0000,0.0000,0.0000,0.0066,0.0002,200,1.4375
0.0046,0.0000,0.0000,0.0000,0.0039,0.0006,200,1.4399
0.0235,0.0000,0.0000,0.0002,0.0232,0.0001,200,1.4228
0.0027,0.0000,0.0000,0.0000,0.0026,0.0000,200,1.4436
0.0053,0.0000,0.0000,0.0000,0.0051,0.0001,200,1.4413
0.0215,0.0000,0.0000,0.0000,0.0215,0.0000,200,1.4251
0.0357,0.0000,0.0000,0.0000,0.0357,0.0000,200,1.4110
0.0250,0.0000,0.0000,0.0001,0.0249,0.0000,200,1.4218
0.0302,0.0000,0.0000,0.0000,0.0301,0.0001,200,1.4171
0.0035,0.0000,0.0000,0.0002,0.0032,0.0001,200,1.4445
0.0094,0.0000,0.0000,0.0000,0.0094,0.0000,200,1.4386
0.0067,0.0000,0.0000,0.0000,0.0066,0.0000,200,1.4422
0.0112,0.0000,0.0000,0.0000,0.0106,0.0006,200,1.4378
0.0377,0.0000,0.0000,0.0000,0.0376,0.0000,200,1.4114
0.0089,0.0000,0.0000,0.0000,0.0087,0.0001,200,1.4409
0.0126,0.0000,0.0000,0.0000,0.0122,0.0001,200,1.4374
0.0104,0.0000,0.0000,0.0000,0.0103,0.0000,200,1.4403
0.0273,0.0000,0.0000,0.0000,0.0272,0.0000,200,1.4233
0.0435,0.0000,0.0000,0.0000,0.0432,0.0000,200,1.4075
0.0050,0.0000,0.0000,0.0000,0.0048,0.0000,200,1.4463
0.0097,0.0000,0.0000,0.0000,0.0096,0.0001,200,1.4422
0.0139,0.0000,0.0000,0.0000,0.0138,0.0001,200,1.4384
0.0218,0.0000,0.0000,0.0000,0.0216,0.0001,200,1.4309
0.0183,0.0000,0.0000,0.0000,0.0181,0.0002,200,1.4347
0.0029,0.0000,0.0000,0.0000,0.0028,0.0000,200,1.4506
0.0309,0.0000,0.0000,0.0000,0.0308,0.0001,200,1.4229
0.0407,0.0000,0.0000,0.0000,0.0406,0.0000,200,1.4136
0.0056,0.0000,0.0000,0.0000,0.0055,0.0001,200,1.4490
0.0585,0.0000,0.0000,0.0000,0.0584,0.0001,200,1.3966
0.0067,0.0000,0.0000,0.0000,0.0066,0.0000,200,1.4489
0.0013,0.0000,0.0000,0.0000,0.0011,0.0002,200,1.4546
0.0241,0.0000,0.0000,0.0000,0.0239,0.0001,200,1.4321
0.0143,0.0000,0.0000,0.0000,0.0142,0.0000,200,1.4419
0.0255,0.0000,0.0000,0.0000,0.0254,0.0001,200,1.4312
0.0018,0.0000,0.0000,0.0000,0.0016,0.0001,200,1.4556
0.0323,0.0000,0.0000,0.0000,0.0322,0.0000,200,1.4251
0.0018,0.0000,0.0000,0.0000,0.0018,0.0000,200,1.4559
0.0044,0.0000,0.0000,0.0000,0.0043,0.0000,200,1.4538
0.0010,0.0000,0.0000,0.0000,0.0009,0.0001,200,1.4577
0.0090,0.0000,0.0000,0.0000,0.0086,0.0003,200,1.4500
0.0071,0.0000,0.0000,0.0001,0.0069,0.0000,200,1.4519
0.0301,0.0000,0.0000,0.0000,0.0299,0.0001,200,1.4295
0.0028,0.0000,0.0000,0.0001,0.0027,0.0000,200,1.4568
0.0170,0.0000,0.0000,0.0000,0.0169,0.0000,200,1.4431
0.0132,0.0000,0.0000,0.0000,0.0132,0.0000,200,1.4473
0.0100,0.0000,0.0000,0.0000,0.0099,0.0000,200,1.4506
0.0049,0.0000,0.0000,0.0000,0.0048,0.0000,200,1.4562
0.0243,0.0000,0.0000,0.0000,0.0237,0.0002,200,1.4369
0.0056,0.0000,0.0000,0.0000,0.0055,0.0000,200,1.4562
0.0342,0.0000,0.0000,0.0001,0.0340,0.0001,200,1.4280
0.0260,0.0000,0.0000,0.0000,0.0259,0.0001,200,1.4365
0.0256,0.0000,0.0000,0.0000,0.0254,0.0001,200,1.4374
0.0019,0.0000,0.0000,0.0000,0.0018,0.0000,200,1.4612
0.0173,0.0000,0.0000,0.0000,0.0172,0.0001,200,1.4464
0.0158,0.0000,0.0000,0.0000,0.0157,0.0000,200,1.4480
0.0367,0.0000,0.0000,0.0000,0.0366,0.0001,200,1.4275
0.0250,0.0000,0.0000,0.0000,0.0249,0.0000,200,1.4396
0.0185,0.0000,0.0000,0.0000,0.0184,0.0000,200,1.4466
0.0023,0.0000,0.0000,0.0000,0.0021,0.0000,200,1.4631
0.0013,0.0000,0.0000,0.0000,0.0011,0.0001,200,1.4646
0.0369,0.0000,0.0000,0.0000,0.0368,0.0000,200,1.4295
0.0258,0.0000,0.0000,0.0000,0.0255,0.0002,200,1.4410
0.0076,0.0000,0.0000,0.0001,0.0072,0.0003,200,1.4596
0.0037,0.0000,0.0000,0.0000,0.0037,0.0000,200,1.4637
0.0207,0.0000,0.0000,0.0000,0.0206,0.0000,200,1.4468
0.0727,0.0000,0.0000,0.0000,0.0725,0.0001,200,1.3954
0.0045,0.0000,0.0000,0.0000,0.0044,0.0001,200,1.4637
0.0196,0.0000,0.0000,0.0000,0.0196,0.0000,200,1.4491
0.0007,0.0000,0.0000,0.0000,0.0007,0.0000,200,1.4682
0.0083,0.0000,0.0000,0.0000,0.0081,0.0002,200,1.4611
0.0217,0.0000,0.0000,0.0000,0.0216,0.0000,200,1.4481
0.0070,0.0000,0.0000,0.0000,0.0069,0.0000,200,1.4630
0.0376,0.0000,0.0000,0.0000,0.0376,0.0000,200,1.4331
0.0118,0.0000,0.0000,0.0000,0.0115,0.0002,200,1.4590
0.0200,0.0000,0.0000,0.0000,0.0199,0.0000,200,1.4509
0.0140,0.0000,0.0000,0.0000,0.0140,0.0001,200,1.4573
0.0075,0.0000,0.0000,0.0000,0.0075,0.0001,200,1.4642
0.0074,0.0000,0.0000,0.0000,0.0070,0.0003,200,1.4651
0.0054,0.0000,0.0000,0.0001,0.0053,0.0000,200,1.4675
0.0178,0.0000,0.0000,0.0000,0.0178,0.0000,200,1.4551
0.0221,0.0000,0.0000,0.0000,0.0219,0.0002,200,1.4512
0.0027,0.0000,0.0000,0.0000,0.0026,0.0000,200,1.4709
0.0206,0.0000,0.0000,0.0001,0.0205,0.0000,200,1.4535
0.0049,0.0000,0.0000,0.0000,0.0044,0.0004,200,1.4700
0.0223,0.0000,0.0000,0.0000,0.0218,0.0004,200,1.4527
0.0133,0.0000,0.0000,0.0000,0.0132,0.0000,200,1.4617
0.0097,0.0000,0.0000,0.0000,0.0096,0.0000,200,1.4659
0.0024,0.0000,0.0000,0.0001,0.0022,0.0001,200,1.4736
0.0295,0.0000,0.0000,0.0000,0.0294,0.0001,200,1.4467
0.0160,0.0000,0.0000,0.0000,0.0159,0.0000,200,1.4606
0.0050,0.0000,0.0000,0.0001,0.0047,0.0001,200,1.4718
0.0102,0.0000,0.0000,0.0000,0.0099,0.0004,200,1.4672
0.0430,0.0000,0.0000,0.0000,0.0429,0.0000,200,1.4352
0.0026,0.0000,0.0000,0.0000,0.0025,0.0000,200,1.4760
0.0358,0.0000,0.0000,0.0000,0.0357,0.0001,200,1.4431
0.0023,0.0000,0.0000,0.0000,0.0022,0.0001,200,1.4766
0.0012,0.0000,0.0000,0.0000,0.0009,0.0001,200,1.4781
0.0071,0.0000,0.0000,0.0000,0.0070,0.0001,200,1.4725
0.0734,0.0000,0.0000,0.0001,0.0733,0.0000,200,1.4063
0.0281,0.0000,0.0000,0.0000,0.0280,0.0001,200,1.4523
0.0077,0.0000,0.0000,0.0000,0.0075,0.0001,200,1.4730
0.0416,0.0000,0.0000,0.0000,0.0413,0.0001,200,1.4397
0.0372,0.0000,0.0000,0.0000,0.0371,0.0001,200,1.4446
0.0014,0.0000,0.0000,0.0000,0.0014,0.0000,200,1.4807
0.0049,0.0000,0.0000,0.0000,0.0047,0.0002,200,1.4775
0.0117,0.0000,0.0000,0.0000,0.0114,0.0000,200,1.4708
0.0331,0.0000,0.0000,0.0000,0.0330,0.0000,200,1.4498
0.0145,0.0000,0.0000,0.0000,0.0144,0.0001,200,1.4690
0.0050,0.0000,0.0000,0.0002,0.0048,0.0000,200,1.4789
0.0555,0.0000,0.0000,0.0000,0.0550,0.0004,200,1.4284
0.0093,0.0000,0.0000,0.0000,0.0092,0.0000,200,1.4749
0.0113,0.0000,0.0000,0.0000,0.0110,0.0001,200,1.4734
0.0278,0.0000,0.0000,0.0000,0.0277,0.0000,200,1.4573
0.0013,0.0000,0.0000,0.0000,0.0011,0.0001,200,1.4842
0.0327,0.0000,0.0000,0.0000,0.0326,0.0001,200,1.4530
0.0102,0.0000,0.0000,0.0000,0.0100,0.0002,200,1.4756
0.0134,0.0000,0.0000,0.0000,0.0133,0.0001,200,1.4729
0.0035,0.0000,0.0000,0.0000,0.0034,0.0000,200,1.4835
0.0102,0.0000,0.0000,0.0000,0.0102,0.0000,200,1.4767
0.0084,0.0000,0.0000,0.0000,0.0084,0.0000,200,1.4786
0.0066,0.0000,0.0000,0.0000,0.0063,0.0001,200,1.4813
0.0025,0.0000,0.0000,0.0000,0.0023,0.0001,200,1.4858
0.0222,0.0000,0.0000,0.0000,0.0221,0.0000,200,1.4664
0.0051,0.0000,0.0000,0.0000,0.0050,0.0000,200,1.4839
0.0152,0.0000,0.0000,0.0000,0.0151,0.0001,200,1.4741
0.0295,0.0000,0.0000,0.0000,0.0294,0.0001,200,1.4601
0.0789,0.0000,0.0000,0.0000,0.0788,0.0000,200,1.4111
0.0033,0.0000,0.0000,0.0001,0.0032,0.0000,200,1.4870
0.0158,0.0000,0.0000,0.0000,0.0157,0.0001,200,1.4750
0.0197,0.0000,0.0000,0.0000,0.0196,0.0001,200,1.4714
0.0262,0.0000,0.0000,0.0000,0.0260,0.0001,200,1.4654
0.0329,0.0000,0.0000,0.0001,0.0325,0.0000,200,1.4587
0.0051,0.0000,0.0000,0.0000,0.0051,0.0000,200,1.4870
0.0231,0.0000,0.0000,0.0000,0.0230,0.0000,200,1.4697
0.0305,0.0000,0.0000,0.0000,0.0300,0.0004,200,1.4625
0.0503,0.0000,0.0000,0.0001,0.0501,0.0000,200,1.4432
0.0035,0.0000,0.0000,0.0000,0.0034,0.0000,200,1.4903
0.0043,0.0000,0.0000,0.0000,0.0042,0.0001,200,1.4900
0.0092,0.0000,0.0000,0.0000,0.0092,0.0000,200,1.4855
0.0363,0.0000,0.0000,0.0000,0.0358,0.0004,200,1.4590
0.0102,0.0000,0.0000,0.0000,0.0100,0.0001,200,1.4851
0.0172,0.0000,0.0000,0.0000,0.0169,0.0003,200,1.4789
0.0133,0.0000,0.0000,0.0001,0.0132,0.0000,200,1.4828
0.0281,0.0000,0.0000,0.0000,0.0278,0.0001,200,1.4688
0.0085,0.0000,0.0000,0.0000,0.0084,0.0000,200,1.4890
0.0065,0.0000,0.0000,0.0000,0.0061,0.0004,200,1.4911
0.0081,0.0000,0.0000,0.0000,0.0080,0.0000,200,1.4896
0.0640,0.0000,0.0000,0.0000,0.0639,0.0000,200,1.4339
0.0091,0.0000,0.0000,0.0000,0.0090,0.0000,200,1.4893
0.0064,0.0000,0.0000,0.0000,0.0063,0.0001,200,1.4930
0.0751,0.0000,0.0000,0.0001,0.0750,0.0000,200,1.4243
0.0179,0.0000,0.0000,0.0000,0.0177,0.0002,200,1.4818
0.0416,0.0000,0.0000,0.0000,0.0416,0.0000,200,1.4582
0.0062,0.0000,0.0000,0.0000,0.0061,0.0000,200,1.4938
0.0183,0.0000,0.0000,0.0000,0.0181,0.0002,200,1.4824
0.0121,0.0000,0.0000,0.0000,0.0120,0.0001,200,1.4886
0.0255,0.0000,0.0000,0.0000,0.0254,0.0000,200,1.4762
0.0313,0.0000,0.0000,0.0000,0.0312,0.0001,200,1.4708
0.0150,0.0000,0.0000,0.0000,0.0150,0.0000,200,1.4883
0.0194,0.0000,0.0000,0.0000,0.0194,0.0000,200,1.4839
0.0050,0.0000,0.0000,0.0000,0.0049,0.0001,200,1.4985
0.0218,0.0000,0.0000,0.0000,0.0216,0.0001,200,1.4824
0.0352,0.0000,0.0000,0.0000,0.0351,0.0000,200,1.4694
0.0194,0.0000,0.0000,0.0001,0.0193,0.0000,200,1.4857
0.0146,0.0000,0.0000,0.0000,0.0145,0.0001,200,1.4916
0.0032,0.0000,0.0000,0.0000,0.0031,0.0000,200,1.5034
0.0154,0.0000,0.0000,0.0000,0.0153,0.0000,200,1.4916
0.0052,0.0000,0.0000,0.0000,0.0051,0.0000,200,1.5021
0.0135,0.0000,0.0000,0.0000,0.0134,0.0000,200,1.4942
0.0475,0.0000,0.0000,0.0000,0.0474,0.0000,200,1.4605
0.0091,0.0000,0.0000,0.0000,0.0090,0.0000,200,1.4994
0.0127,0.0000,0.0000,0.0000,0.0126,0.0001,200,1.4961
0.0295,0.0000,0.0000,0.0001,0.0294,0.0000,200,1.4796
0.0061,0.0000,0.0000,0.0000,0.0060,0.0000,200,1.5035
0.0102,0.0000,0.0000,0.0000,0.0101,0.0001,200,1.5000
0.0235,0.0000,0.0000,0.0000,0.0234,0.0000,200,1.4869
0.0562,0.0000,0.0000,0.0000,0.0561,0.0000,200,1.4542
0.0244,0.0000,0.0000,0.0000,0.0243,0.0001,200,1.4864
0.0307,0.0000,0.0000,0.0000,0.0306,0.0001,200,1.4804
0.0491,0.0000,0.0000,0.0000,0.0490,0.0000,200,1.4621
0.0268,0.0000,0.0000,0.0000,0.0262,0.0000,200,1.4847
0.0044,0.0000,0.0000,0.0000,0.0043,0.0000,200,1.5077
0.0060,0.0000,0.0000,0.0000,0.0060,0.0000,200,1.5062
0.0023,0.0000,0.0000,0.0000,0.0020,0.0000,200,1.5102
0.0112,0.0000,0.0000,0.0000,0.0107,0.0000,200,1.5017
0.0128,0.0000,0.0000,0.0000,0.0127,0.0001,200,1.5007
0.0141,0.0000,0.0000,0.0000,0.0140,0.0000,200,1.4997
0.0026,0.0000,0.0000,0.0000,0.0026,0.0000,200,1.5115
0.0055,0.0000,0.0000,0.0000,0.0054,0.0000,200,1.5088
0.0112,0.0000,0.0000,0.0000,0.0111,0.0000,200,1.5034
0.0174,0.0000,0.0000,0.0000,0.0173,0.0000,200,1.4975
0.0025,0.0000,0.0000,0.0000,0.0023,0.0002,200,1.5129
0.0038,0.0000,0.0000,0.0000,0.0037,0.0000,200,1.5121
0.0207,0.0000,0.0000,0.0000,0.0207,0.0000,200,1.4953
0.0112,0.0000,0.0000,0.0000,0.0111,0.0001,200,1.5051
0.0028,0.0000,0.0000,0.0000,0.0027,0.0000,200,1.5141
0.0065,0.0000,0.0000,0.0000,0.0064,0.0000,200,1.5104
0.0132,0.0000,0.0000,0.0000,0.0131,0.0000,200,1.5042
0.0063,0.0000,0.0000,0.0000,0.0062,0.0000,200,1.5112
0.0252,0.0000,0.0000,0.0000,0.0249,0.0003,200,1.4928
0.0089,0.0000,0.0000,0.0000,0.0089,0.0000,200,1.5091
0.0231,0.0000,0.0000,0.0000,0.0230,0.0000,200,1.4953
0.0266,0.0000,0.0000,0.0000,0.0265,0.0001,200,1.4922
0.0032,0.0000,0.0000,0.0000,0.0031,0.0000,200,1.5160
0.0072,0.0000,0.0000,0.0000,0.0070,0.0002,200,1.5125
0.0203,0.0000,0.0000,0.0000,0.0200,0.0001,200,1.4999
0.0068,0.0000,0.0000,0.0000,0.0066,0.0001,200,1.5135
0.0163,0.0000,0.0000,0.0000,0.0162,0.0000,200,1.5045
0.0126,0.0000,0.0000,0.0001,0.0124,0.0000,200,1.5085
0.0014,0.0000,0.0000,0.0000,0.0013,0.0001,200,1.5201
0.0146,0.0000,0.0000,0.0000,0.0145,0.0000,200,1.5074
0.0245,0.0000,0.0000,0.0000,0.0243,0.0001,200,1.4976
0.0760,0.0000,0.0000,0.0000,0.0758,0.0001,200,1.4468
0.0261,0.0000,0.0000,0.0000,0.0259,0.0000,200,1.4969
0.0060,0.0000,0.0000,0.0000,0.0060,0.0000,200,1.5170
0.0639,0.0000,0.0000,0.0000,0.0638,0.0000,200,1.4596
0.0009,0.0000,0.0000,0.0001,0.0007,0.0001,200,1.5228
0.0031,0.0000,0.0000,0.0000,0.0030,0.0000,200,1.5211
0.0369,0.0000,0.0000,0.0000,0.0368,0.0000,200,1.4878
0.0568,0.0000,0.0000,0.0000,0.0566,0.0002,200,1.4680
0.0579,0.0000,0.0000,0.0000,0.0577,0.0001,200,1.4674
0.0069,0.0000,0.0000,0.0001,0.0067,0.0000,200,1.5188
0.0039,0.0000,0.0000,0.0000,0.0038,0.0000,200,1.5221
0.0167,0.0000,0.0000,0.0000,0.0166,0.0000,200,1.5095
0.0030,0.0000,0.0000,0.0000,0.0029,0.0000,200,1.5237
0.0090,0.0000,0.0000,0.0000,0.0086,0.0000,200,1.5180
0.0092,0.0000,0.0000,0.0000,0.0089,0.0001,200,1.5184
0.0173,0.0000,0.0000,0.0000,0.0171,0.0000,200,1.5104
0.0614,0.0000,0.0000,0.0000,0.0613,0.0000,200,1.4668
0.0292,0.0000,0.0000,0.0000,0.0291,0.0000,200,1.4994
0.0489,0.0000,0.0000,0.0001,0.0488,0.0000,200,1.4798
0.0334,0.0000,0.0000,0.0000,0.0330,0.0004,200,1.4961
0.0017,0.0000,0.0000,0.0000,0.0017,0.0000,200,1.5282
0.0131,0.0000,0.0000,0.0000,0.0129,0.0001,200,1.5170
0.0393,0.0000,0.0000,0.0000,0.0392,0.0000,200,1.4908
0.0131,0.0000,0.0000,0.0000,0.0129,0.0001,200,1.5174
0.0063,0.0000,0.0000,0.0000,0.0062,0.0000,200,1.5247
0.0098,0.0000,0.0000,0.0000,0.0097,0.0001,200,1.5215
0.0014,0.0000,0.0000,0.0000,0.0013,0.0000,200,1.5305
0.0166,0.0000,0.0000,0.0000,0.0164,0.0001,200,1.5154
0.0254,0.0000,0.0000,0.0000,0.0254,0.0000,200,1.5066
0.0152,0.0000,0.0000,0.0000,0.0151,0.0000,200,1.5174
0.0382,0.0000,0.0000,0.0000,0.0381,0.0001,200,1.4947
0.0211,0.0000,0.0000,0.0000,0.0209,0.0001,200,1.5122
0.0059,0.0000,0.0000,0.0000,0.0058,0.0000,200,1.5277
0.0045,0.0000,0.0000,0.0000,0.0044,0.0000,200,1.5296
0.0022,0.0000,0.0000,0.0000,0.0021,0.0001,200,1.5326
0.0092,0.0000,0.0000,0.0000,0.0090,0.0002,200,1.5256
0.0066,0.0000,0.0000,0.0000,0.0065,0.0000,200,1.5287
0.0283,0.0000,0.0000,0.0000,0.0282,0.0000,200,1.5070
0.0127,0.0000,0.0000,0.0000,0.0126,0.0000,200,1.5230
0.0025,0.0000,0.0000,0.0000,0.0024,0.0000,200,1.5336
0.0131,0.0000,0.0000,0.0000,0.0130,0.0000,200,1.5235
0.0091,0.0000,0.0000,0.0000,0.0090,0.0000,200,1.5276
0.0264,0.0000,0.0000,0.0000,0.0257,0.0001,200,1.5109
0.0118,0.0000,0.0000,0.0000,0.0117,0.0000,200,1.5260
0.0059,0.0000,0.0000,0.0000,0.0058,0.0000,200,1.5319
0.0163,0.0000,0.0000,0.0000,0.0161,0.0001,200,1.5219
0.0083,0.0000,0.0000,0.0001,0.0082,0.0000,200,1.5301
0.0209,0.0000,0.0000,0.0000,0.0203,0.0001,200,1.5181
0.0008,0.0000,0.0000,0.0001,0.0006,0.0000,200,1.5382
0.0051,0.0000,0.0000,0.0000,0.0051,0.0000,200,1.5341
0.0148,0.0000,0.0000,0.0000,0.0147,0.0001,200,1.5249
0.0604,0.0000,0.0000,0.0000,0.0604,0.0000,200,1.4793
0.0072,0.0000,0.0000,0.0000,0.0071,0.0000,200,1.5330
0.0327,0.0000,0.0000,0.0000,0.0326,0.0001,200,1.5080
0.0299,0.0000,0.0000,0.0000,0.0298,0.0000,200,1.5112
0.0093,0.0000,0.0000,0.0000,0.0093,0.0000,200,1.5320
0.0484,0.0000,0.0000,0.0000,0.0483,0.0001,200,1.4934
0.0015,0.0000,0.0000,0.0000,0.0013,0.0002,200,1.5407
0.0071,0.0000,0.0000,0.0000,0.0070,0.0000,200,1.5353
0.0267,0.0000,0.0000,0.0000,0.0266,0.0000,200,1.5159
0.0056,0.0000,0.0000,0.0000,0.0054,0.0001,200,1.5373
0.0052,0.0000,0.0000,0.0000,0.0050,0.0000,200,1.5378
0.0043,0.0000,0.0000,0.0000,0.0042,0.0000,200,1.5392
0.0012,0.0000,0.0000,0.0000,0.0011,0.0000,200,1.5423
0.0049,0.0000,0.0000,0.0000,0.0048,0.0000,200,1.5389
0.0032,0.0000,0.0000,0.0000,0.0031,0.0001,200,1.5414
0.0074,0.0000,0.0000,0.0000,0.0072,0.0002,200,1.5378
0.0016,0.0000,0.0000,0.0000,0.0013,0.0000,200,1.5435
0.0100,0.0000,0.0000,0.0000,0.0099,0.0001,200,1.5357
0.0216,0.0000,0.0000,0.0000,0.0214,0.0002,200,1.5242
0.0016,0.0000,0.0000,0.0000,0.0015,0.0000,200,1.5446
0.0321,0.0000,0.0000,0.0000,0.0319,0.0001,200,1.5149
0.0044,0.0000,0.0000,0.0000,0.0043,0.0000,200,1.5430
0.0108,0.0000,0.0000,0.0000,0.0107,0.0000,200,1.5367
0.0207,0.0000,0.0000,0.0000,0.0207,0.0000,200,1.5271
0.0151,0.0000,0.0000,0.0000,0.0150,0.0000,200,1.5333
0.0173,0.0000,0.0000,0.0000,0.0172,0.0000,200,1.5313
0.0013,0.0000,0.0000,0.0000,0.0013,0.0000,200,1.5475
0.0207,0.0000,0.0000,0.0000,0.0206,0.0000,200,1.5287
0.0197,0.0000,0.0000,0.0000,0.0197,0.0000,200,1.5300
0.0080,0.0000,0.0000,0.0000,0.0079,0.0001,200,1.5423
0.0244,0.0000,0.0000,0.0000,0.0242,0.0001,200,1.5262
0.0126,0.0000,0.0000,0.0000,0.0126,0.0000,200,1.5384
0.0314,0.0000,0.0000,0.0000,0.0313,0.0000,200,1.5197
0.0509,0.0000,0.0000,0.0000,0.0507,0.0000,200,1.5007
0.0355,0.0000,0.0000,0.0000,0.0354,0.0000,200,1.5163
0.0029,0.0000,0.0000,0.0000,0.0028,0.0001,200,1.5494
0.0166,0.0000,0.0000,0.0000,0.0165,0.0000,200,1.5361
0.0065,0.0000,0.0000,0.0000,0.0065,0.0000,200,1.5462
0.0390,0.0000,0.0000,0.0000,0.0389,0.0001,200,1.5143
0.0048,0.0000,0.0000,0.0000,0.0047,0.0001,200,1.5489
0.0014,0.0000,0.0000,0.0000,0.0013,0.0000,200,1.5527
0.0407,0.0000,0.0000,0.0000,0.0406,0.0001,200,1.5138
0.0120,0.0000,0.0000,0.0000,0.0119,0.0000,200,1.5429
0.0244,0.0000,0.0000,0.0000,0.0243,0.0001,200,1.5310
0.0169,0.0000,0.0000,0.0000,0.0166,0.0001,200,1.5390
0.0101,0.0000,0.0000,0.0000,0.0100,0.0000,200,1.5459
0.0053,0.0000,0.0000,0.0000,0.0052,0.0001,200,1.5516
0.0151,0.0000,0.0000,0.0000,0.0150,0.0000,200,1.5426
0.0067,0.0000,0.0000,0.0002,0.0046,0.0017,200,1.5511
0.0124,0.0000,0.0000,0.0000,0.0123,0.0000,200,1.5457
0.0072,0.0000,0.0000,0.0000,0.0070,0.0001,200,1.5511
0.0232,0.0000,0.0000,0.0000,0.0231,0.0001,200,1.5353
0.0042,0.0000,0.0000,0.0000,0.0041,0.0000,200,1.5549
0.0034,0.0000,0.0000,0.0000,0.0033,0.0001,200,1.5559
0.0146,0.0000,0.0000,0.0000,0.0143,0.0003,200,1.5451
0.0150,0.0000,0.0000,0.0000,0.0149,0.0001,200,1.5451
0.0171,0.0000,0.0000,0.0000,0.0169,0.0002,200,1.5438
0.0073,0.0000,0.0000,0.0000,0.0072,0.0000,200,1.5536
0.0112,0.0000,0.0000,0.0000,0.0111,0.0001,200,1.5503
0.0132,0.0000,0.0000,0.0000,0.0132,0.0000,200,1.5484
0.0027,0.0000,0.0000,0.0000,0.0026,0.0000,200,1.5591
0.0324,0.0000,0.0000,0.0001,0.0323,0.0000,200,1.5299
0.0032,0.0000,0.0000,0.0001,0.0027,0.0000,200,1.5593
0.0651,0.0000,0.0000,0.0000,0.0650,0.0001,200,1.4976
0.0021,0.0000,0.0000,0.0000,0.0020,0.0000,200,1.5609
0.0036,0.0000,0.0000,0.0000,0.0035,0.0000,200,1.5597
0.0160,0.0000,0.0000,0.0000,0.0159,0.0001,200,1.5478
0.0494,0.0000,0.0000,0.0000,0.0494,0.0000,200,1.5145
0.0044,0.0000,0.0000,0.0001,0.0041,0.0001,200,1.5602
0.0008,0.0000,0.0000,0.0000,0.0008,0.0000,200,1.5638
0.0382,0.0000,0.0000,0.0000,0.0381,0.0000,200,1.5267
0.0092,0.0000,0.0000,0.0000,0.0091,0.0000,200,1.5560
0.0028,0.0000,0.0000,0.0000,0.0025,0.0000,200,1.5627
0.0314,0.0000,0.0000,0.0000,0.0312,0.0000,200,1.5348
0.0030,0.0000,0.0000,0.0000,0.0029,0.0000,200,1.5633
0.0463,0.0000,0.0000,0.0000,0.0462,0.0001,200,1.5208
0.0092,0.0000,0.0000,0.0000,0.0091,0.0001,200,1.5581
0.0354,0.0000,0.0000,0.0000,0.0351,0.0003,200,1.5320
0.0012,0.0000,0.0000,0.0000,0.0011,0.0000,200,1.5663
0.0163,0.0000,0.0000,0.0000,0.0162,0.0001,200,1.5518
0.0863,0.0000,0.0000,0.0000,0.0862,0.0000,200,1.4821
0.0076,0.0000,0.0000,0.0000,0.0072,0.0003,200,1.5615
0.0280,0.0000,0.0000,0.0000,0.0279,0.0000,200,1.5411
0.0026,0.0000,0.0000,0.0000,0.0025,0.0000,200,1.5671
0.0047,0.0000,0.0000,0.0000,0.0044,0.0003,200,1.5656
0.0307,0.0000,0.0000,0.0000,0.0305,0.0000,200,1.5397
0.0140,0.0000,0.0000,0.0000,0.0138,0.0000,200,1.5569
0.0064,0.0000,0.0000,0.0000,0.0063,0.0000,200,1.5649
0.0170,0.0000,0.0000,0.0000,0.0169,0.0000,200,1.5545
0.0079,0.0000,0.0000,0.0000,0.0079,0.0000,200,1.5640
0.0326,0.0000,0.0000,0.0000,0.0325,0.0000,200,1.5397
0.0157,0.0000,0.0000,0.0000,0.0150,0.0007,200,1.5576
0.0060,0.0000,0.0000,0.0000,0.0060,0.0000,200,1.5674
0.0158,0.0000,0.0000,0.0000,0.0156,0.0001,200,1.5578
0.0032,0.0000,0.0000,0.0000,0.0027,0.0005,200,1.5704
0.0052,0.0000,0.0000,0.0000,0.0051,0.0001,200,1.5691
0.0040,0.0000,0.0000,0.0000,0.0039,0.0000,200,1.5703
0.0243,0.0000,0.0000,0.0000,0.0242,0.0001,200,1.5506
0.0352,0.0000,0.0000,0.0000,0.0349,0.0003,200,1.5402
0.0777,0.0000,0.0000,0.0000,0.0777,0.0000,200,1.4979
0.0022,0.0000,0.0000,0.0000,0.0021,0.0000,200,1.5736
0.0033,0.0000,0.0000,0.0000,0.0031,0.0001,200,1.5733
0.0014,0.0000,0.0000,0.0000,0.0013,0.0000,200,1.5754
0.0047,0.0000,0.0000,0.0000,0.0047,0.0000,200,1.5724
0.0033,0.0000,0.0000,0.0000,0.0032,0.0000,200,1.5743
0.0131,0.0000,0.0000,0.0000,0.0130,0.0001,200,1.5652
0.0065,0.0000,0.0000,0.0000,0.0063,0.0002,200,1.5719
0.0202,0.0000,0.0000,0.0001,0.0198,0.0001,200,1.5585
0.0037,0.0000,0.0000,0.0000,0.0034,0.0002,200,1.5757
0.0120,0.0000,0.0000,0.0000,0.0116,0.0004,200,1.5681
0.0192,0.0000,0.0000,0.0000,0.0190,0.0000,200,1.5609
0.0335,0.0000,0.0000,0.0000,0.0334,0.0001,200,1.5470
0.0112,0.0000,0.0000,0.0000,0.0111,0.0001,200,1.5697
0.0378,0.0000,0.0000,0.0000,0.0378,0.0000,200,1.5435
0.0023,0.0000,0.0000,0.0000,0.0022,0.0000,200,1.5801
0.0048,0.0000,0.0000,0.0000,0.0047,0.0000,200,1.5776
0.0023,0.0000,0.0000,0.0000,0.0023,0.0000,200,1.5801
0.0189,0.0000,0.0000,0.0000,0.0188,0.0000,200,1.5646
0.0101,0.0000,0.0000,0.0000,0.0099,0.0001,200,1.5736
0.0016,0.0000,0.0000,0.0000,0.0016,0.0000,200,1.5824
0.0080,0.0000,0.0000,0.0000,0.0079,0.0000,200,1.5771
0.0331,0.0000,0.0000,0.0001,0.0330,0.0000,200,1.5523
0.0387,0.0000,0.0000,0.0000,0.0386,0.0000,200,1.5474
0.0614,0.0000,0.0000,0.0000,0.0613,0.0000,200,1.5254
0.0198,0.0000,0.0000,0.0000,0.0194,0.0000,200,1.5673
0.0169,0.0000,0.0000,0.0000,0.0167,0.0002,200,1.5709
0.0348,0.0000,0.0000,0.0000,0.0347,0.0001,200,1.5533
0.0534,0.0000,0.0000,0.0000,0.0533,0.0000,200,1.5348
0.0280,0.0000,0.0000,0.0000,0.0273,0.0005,200,1.5617
0.0131,0.0000,0.0000,0.0001,0.0129,0.0000,200,1.5766
0.0237,0.0000,0.0000,0.0000,0.0235,0.0001,200,1.5663
0.0211,0.0000,0.0000,0.0000,0.0210,0.0000,200,1.5691
0.0272,0.0000,0.0000,0.0000,0.0272,0.0000,200,1.5630
0.1156,0.0000,0.0000,0.0000,0.1155,0.0001,200,1.4750
0.0128,0.0000,0.0000,0.0000,0.0127,0.0001,200,1.5784
0.0155,0.0000,0.0000,0.0000,0.0154,0.0001,200,1.5758
0.0015,0.0000,0.0000,0.0000,0.0014,0.0000,200,1.5902
0.0097,0.0000,0.0000,0.0000,0.0096,0.0001,200,1.5824
0.0116,0.0000,0.0000,0.0001,0.0114,0.0000,200,1.5805
0.0279,0.0000,0.0000,0.0000,0.0278,0.0000,200,1.5645
0.0733,0.0000,0.0000,0.0000,0.0733,0.0000,200,1.5192
0.0134,0.0000,0.0000,0.0000,0.0133,0.0000,200,1.5794
0.0032,0.0000,0.0000,0.0000,0.0030,0.0000,200,1.5902
0.0060,0.0000,0.0000,0.0000,0.0059,0.0000,200,1.5878
0.0444,0.0000,0.0000,0.0000,0.0442,0.0001,200,1.5497
0.0088,0.0000,0.0000,0.0000,0.0088,0.0000,200,1.5854
0.0742,0.0000,0.0000,0.0000,0.0741,0.0000,200,1.5203
0.0099,0.0000,0.0000,0.0000,0.0098,0.0000,200,1.5850
0.0021,0.0000,0.0000,0.0000,0.0020,0.0001,200,1.5934
0.0037,0.0000,0.0000,0.0000,0.0035,0.0001,200,1.5921
0.0135,0.0000,0.0000,0.0000,0.0134,0.0001,200,1.5824
0.0288,0.0000,0.0000,0.0000,0.0287,0.0002,200,1.5675
0.0250,0.0000,0.0000,0.0000,0.0250,0.0000,200,1.5715
0.0554,0.0000,0.0000,0.0000,0.0552,0.0001,200,1.5418
0.0047,0.0000,0.0000,0.0000,0.0045,0.0002,200,1.5928
0.0140,0.0000,0.0000,0.0000,0.0138,0.0002,200,1.5841
0.0269,0.0000,0.0000,0.0000,0.0268,0.0000,200,1.5713
0.0099,0.0000,0.0000,0.0001,0.0097,0.0000,200,1.5882
0.0022,0.0000,0.0000,0.0000,0.0020,0.0000,200,1.5964
0.0626,0.0000,0.0000,0.0001,0.0622,0.0001,200,1.5366
0.0122,0.0000,0.0000,0.0000,0.0121,0.0000,200,1.5871
0.0315,0.0000,0.0000,0.0000,0.0313,0.0002,200,1.5684
0.0167,0.0000,0.0000,0.0000,0.0166,0.0001,200,1.5835
0.0269,0.0000,0.0000,0.0000,0.0267,0.0000,200,1.5735
0.0063,0.0000,0.0000,0.0000,0.0062,0.0000,200,1.5949
0.0396,0.0000,0.0000,0.0000,0.0390,0.0005,200,1.5616
0.0014,0.0000,0.0000,0.0000,0.0013,0.0001,200,1.6003
0.0494,0.0000,0.0000,0.0000,0.0493,0.0001,200,1.5528
0.0012,0.0000,0.0000,0.0000,0.0012,0.0000,200,1.6012
0.0485,0.0000,0.0000,0.0000,0.0484,0.0000,200,1.5541
0.0016,0.0000,0.0000,0.0000,0.0015,0.0000,200,1.6012
0.0174,0.0000,0.0000,0.0000,0.0173,0.0000,200,1.5867
0.0068,0.0000,0.0000,0.0000,0.0067,0.0000,200,1.5975
0.0085,0.0000,0.0000,0.0000,0.0084,0.0000,200,1.5958
0.0070,0.0000,0.0000,0.0000,0.0067,0.0002,200,1.5982
0.0822,0.0000,0.0000,0.0000,0.0821,0.0000,200,1.5230
0.0030,0.0000,0.0000,0.0000,0.0024,0.0002,200,1.6028
0.0074,0.0000,0.0000,0.0000,0.0073,0.0000,200,1.5986
0.0165,0.0000,0.0000,0.0000,0.0164,0.0001,200,1.5897
0.0252,0.0000,0.0000,0.0000,0.0251,0.0000,200,1.5813
0.0133,0.0000,0.0000,0.0002,0.0129,0.0001,200,1.5937
0.0094,0.0000,0.0000,0.0000,0.0093,0.0000,200,1.5982
0.0020,0.0000,0.0000,0.0001,0.0018,0.0001,200,1.6062
0.0171,0.0000,0.0000,0.0000,0.0171,0.0000,200,1.5913
0.0307,0.0000,0.0000,0.0000,0.0305,0.0002,200,1.5783
0.0343,0.0000,0.0000,0.0000,0.0341,0.0000,200,1.5749
0.0542,0.0000,0.0000,0.0000,0.0541,0.0000,200,1.5555
0.0176,0.0000,0.0000,0.0000,0.0174,0.0001,200,1.5921
0.0615,0.0000,0.0000,0.0000,0.0613,0.0000,200,1.5486
0.0482,0.0000,0.0000,0.0000,0.0482,0.0000,200,1.5626
0.0329,0.0000,0.0000,0.0000,0.0324,0.0003,200,1.5787
0.0159,0.0000,0.0000,0.0000,0.0158,0.0000,200,1.5958
0.0174,0.0000,0.0000,0.0000,0.0173,0.0000,200,1.5942
0.0182,0.0000,0.0000,0.0000,0.0181,0.0001,200,1.5941
0.0291,0.0000,0.0000,0.0000,0.0290,0.0000,200,1.5836
0.0176,0.0000,0.0000,0.0000,0.0175,0.0000,200,1.5955
0.0059,0.0000,0.0000,0.0000,0.0058,0.0001,200,1.6076
0.0030,0.0000,0.0000,0.0000,0.0029,0.0000,200,1.6108
0.0027,0.0000,0.0000,0.0000,0.0025,0.0002,200,1.6115
0.0231,0.0000,0.0000,0.0000,0.0230,0.0000,200,1.5912
0.0220,0.0000,0.0000,0.0000,0.0219,0.0001,200,1.5925
0.0133,0.0000,0.0000,0.0000,0.0129,0.0004,200,1.6017
0.0023,0.0000,0.0000,0.0001,0.0022,0.0000,200,1.6127
0.0068,0.0000,0.0000,0.0000,0.0066,0.0000,200,1.6084
0.0020,0.0000,0.0000,0.0000,0.0019,0.0001,200,1.6138
0.0244,0.0000,0.0000,0.0000,0.0244,0.0000,200,1.5917
0.0073,0.0000,0.0000,0.0000,0.0073,0.0000,200,1.6092
0.0169,0.0000,0.0000,0.0000,0.0168,0.0000,200,1.5999
0.0268,0.0000,0.0000,0.0000,0.0265,0.0002,200,1.5906
0.0089,0.0000,0.0000,0.0004,0.0083,0.0001,200,1.6090
0.0061,0.0000,0.0000,0.0000,0.0060,0.0001,200,1.6124
0.0102,0.0000,0.0000,0.0000,0.0099,0.0001,200,1.6082
0.0070,0.0000,0.0000,0.0001,0.0067,0.0001,200,1.6117
0.0045,0.0000,0.0000,0.0000,0.0043,0.0000,200,1.6143
0.0298,0.0000,0.0000,0.0000,0.0297,0.0000,200,1.5899
0.0157,0.0000,0.0000,0.0000,0.0156,0.0000,200,1.6041
0.0148,0.0000,0.0000,0.0000,0.0148,0.0000,200,1.6052
0.0037,0.0000,0.0000,0.0000,0.0036,0.0000,200,1.6167
0.0226,0.0000,0.0000,0.0000,0.0224,0.0000,200,1.5981
0.0061,0.0000,0.0000,0.0000,0.0060,0.0000,200,1.6150
0.0028,0.0000,0.0000,0.0000,0.0027,0.0000,200,1.6188
0.0061,0.0000,0.0000,0.0000,0.0056,0.0001,200,1.6161
0.0025,0.0000,0.0000,0.0000,0.0024,0.0000,200,1.6198
0.0097,0.0000,0.0000,0.0000,0.0096,0.0000,200,1.6131
0.0163,0.0000,0.0000,0.0000,0.0162,0.0001,200,1.6070
0.0121,0.0000,0.0000,0.0000,0.0119,0.0001,200,1.6116
0.0620,0.0000,0.0000,0.0000,0.0618,0.0001,200,1.5623
0.0061,0.0000,0.0000,0.0000,0.0061,0.0000,200,1.6184
0.0193,0.0000,0.0000,0.0000,0.0192,0.0000,200,1.6058
0.0484,0.0000,0.0000,0.0000,0.0484,0.0000,200,1.5768
0.0398,0.0000,0.0000,0.0000,0.0397,0.0001,200,1.5861
0.0018,0.0000,0.0000,0.0002,0.0014,0.0001,200,1.6243
0.0048,0.0000,0.0000,0.0000,0.0047,0.0001,200,1.6215
0.0386,0.0000,0.0000,0.0000,0.0385,0.0000,200,1.5881
0.0269,0.0000,0.0000,0.0000,0.0268,0.0000,200,1.6002
0.0098,0.0000,0.0000,0.0000,0.0097,0.0000,200,1.6179
0.0125,0.0000,0.0000,0.0001,0.0121,0.0003,200,1.6153
0.0241,0.0000,0.0000,0.0000,0.0239,0.0001,200,1.6043
0.0101,0.0000,0.0000,0.0000,0.0099,0.0001,200,1.6187
0.0093,0.0000,0.0000,0.0000,0.0092,0.0000,200,1.6197
0.0145,0.0000,0.0000,0.0000,0.0144,0.0001,200,1.6150
0.0075,0.0000,0.0000,0.0000,0.0074,0.0000,200,1.6222
0.0248,0.0000,0.0000,0.0000,0.0248,0.0000,200,1.6052
0.0059,0.0000,0.0000,0.0000,0.0058,0.0000,200,1.6246
0.0037,0.0000,0.0000,0.0000,0.0035,0.0001,200,1.6271
0.0165,0.0000,0.0000,0.0002,0.0163,0.0000,200,1.6143
0.0367,0.0000,0.0000,0.0000,0.0365,0.0002,200,1.5945
0.0151,0.0000,0.0000,0.0000,0.0150,0.0001,200,1.6165
0.0421,0.0000,0.0000,0.0000,0.0421,0.0000,200,1.5897
0.0327,0.0000,0.0000,0.0000,0.0325,0.0001,200,1.5991
0.0357,0.0000,0.0000,0.0000,0.0356,0.0000,200,1.5965
0.0013,0.0000,0.0000,0.0000,0.0011,0.0001,200,1.6312
0.0029,0.0000,0.0000,0.0000,0.0028,0.0001,200,1.6300
0.0083,0.0000,0.0000,0.0000,0.0082,0.0000,200,1.6252
0.0115,0.0000,0.0000,0.0000,0.0115,0.0000,200,1.6222
0.0058,0.0000,0.0000,0.0000,0.0057,0.0001,200,1.6284
0.0068,0.0000,0.0000,0.0000,0.0066,0.0002,200,1.6278
0.0097,0.0000,0.0000,0.0003,0.0092,0.0001,200,1.6252
0.0045,0.0000,0.0000,0.0000,0.0043,0.0001,200,1.6308
0.0549,0.0000,0.0000,0.0001,0.0548,0.0000,200,1.5809
0.0151,0.0000,0.0000,0.0000,0.0150,0.0000,200,1.6207
0.0127,0.0000,0.0000,0.0000,0.0126,0.0000,200,1.6233
0.0306,0.0000,0.0000,0.0002,0.0303,0.0000,200,1.6059
0.0027,0.0000,0.0000,0.0000,0.0026,0.0000,200,1.6342
0.0012,0.0000,0.0000,0.0000,0.0011,0.0000,200,1.6360
0.0110,0.0000,0.0000,0.0000,0.0109,0.0000,200,1.6264
0.0335,0.0000,0.0000,0.0000,0.0333,0.0000,200,1.6043
0.0126,0.0000,0.0000,0.0000,0.0126,0.0000,200,1.6268
0.0036,0.0000,0.0000,0.0000,0.0035,0.0000,200,1.6358
0.0371,0.0000,0.0000,0.0000,0.0370,0.0000,200,1.6024
0.0167,0.0000,0.0000,0.0000,0.0167,0.0000,200,1.6228
0.0067,0.0000,0.0000,0.0000,0.0066,0.0000,200,1.6329
0.0137,0.0000,0.0000,0.0000,0.0137,0.0000,200,1.6259
0.0189,0.0000,0.0000,0.0000,0.0188,0.0000,200,1.6212
0.0261,0.0000,0.0000,0.0000,0.0259,0.0000,200,1.6146
0.0055,0.0000,0.0000,0.0000,0.0054,0.0000,200,1.6353
0.0384,0.0000,0.0000,0.0000,0.0380,0.0001,200,1.6026
0.0240,0.0000,0.0000,0.0000,0.0238,0.0001,200,1.6174
0.0316,0.0000,0.0000,0.0000,0.0316,0.0000,200,1.6101
0.0323,0.0000,0.0000,0.0000,0.0322,0.0001,200,1.6096
0.0135,0.0000,0.0000,0.0000,0.0133,0.0001,200,1.6288
0.0132,0.0000,0.0000,0.0000,0.0131,0.0000,200,1.6295
0.0194,0.0000,0.0000,0.0000,0.0193,0.0001,200,1.6237
0.0038,0.0000,0.0000,0.0000,0.0035,0.0003,200,1.6394
0.0025,0.0000,0.0000,0.0000,0.0025,0.0000,200,1.6410
0.0044,0.0000,0.0000,0.0000,0.0044,0.0000,200,1.6396
0.0860,0.0000,0.0000,0.0001,0.0859,0.0000,200,1.5582
0.0352,0.0000,0.0000,0.0000,0.0351,0.0000,200,1.6096
0.0103,0.0000,0.0000,0.0001,0.0101,0.0000,200,1.6346
0.0203,0.0000,0.0000,0.0000,0.0198,0.0005,200,1.6261
0.0044,0.0000,0.0000,0.0001,0.0043,0.0000,200,1.6419
0.0069,0.0000,0.0000,0.0000,0.0068,0.0001,200,1.6395
0.0289,0.0000,0.0000,0.0000,0.0286,0.0002,200,1.6184
0.0102,0.0000,0.0000,0.0000,0.0101,0.0000,200,1.6372
0.0053,0.0000,0.0000,0.0000,0.0052,0.0001,200,1.6427
0.0511,0.0000,0.0000,0.0001,0.0509,0.0000,200,1.5972
0.0161,0.0000,0.0000,0.0000,0.0160,0.0000,200,1.6325
0.0096,0.0000,0.0000,0.0000,0.0095,0.0001,200,1.6396
0.0130,0.0000,0.0000,0.0000,0.0129,0.0000,200,1.6365
0.0075,0.0000,0.0000,0.0000,0.0075,0.0000,200,1.6423
0.0019,0.0000,0.0000,0.0001,0.0017,0.0001,200,1.6482
0.0169,0.0000,0.0000,0.0000,0.0168,0.0000,200,1.6335
0.0100,0.0000,0.0000,0.0000,0.0098,0.0001,200,1.6408
0.0047,0.0000,0.0000,0.0000,0.0046,0.0000,200,1.6464
0.0241,0.0000,0.0000,0.0000,0.0238,0.0002,200,1.6277
0.0023,0.0000,0.0000,0.0000,0.0022,0.0000,200,1.6501
0.0084,0.0000,0.0000,0.0000,0.0084,0.0000,200,1.6440
0.0082,0.0000,0.0000,0.0000,0.0082,0.0000,200,1.6449
0.0093,0.0000,0.0000,0.0000,0.0091,0.0002,200,1.6442
0.0060,0.0000,0.0000,0.0000,0.0060,0.0000,200,1.6480
0.0143,0.0000,0.0000,0.0000,0.0142,0.0000,200,1.6402
0.0228,0.0000,0.0000,0.0000,0.0227,0.0000,200,1.6319
0.0229,0.0000,0.0000,0.0000,0.0228,0.0000,200,1.6322
0.0187,0.0000,0.0000,0.0000,0.0185,0.0001,200,1.6369
0.0219,0.0000,0.0000,0.0000,0.0219,0.0000,200,1.6337
0.0099,0.0000,0.0000,0.0000,0.0098,0.0000,200,1.6463
0.0028,0.0000,0.0000,0.0000,0.0027,0.0001,200,1.6540
0.0039,0.0000,0.0000,0.0000,0.0038,0.0001,200,1.6531
0.0027,0.0000,0.0000,0.0000,0.0026,0.0001,200,1.6545
0.0417,0.0000,0.0000,0.0000,0.0416,0.0000,200,1.6158
0.0077,0.0000,0.0000,0.0000,0.0076,0.0001,200,1.6504
0.0265,0.0000,0.0000,0.0000,0.0265,0.0000,200,1.6316
0.0088,0.0000,0.0000,0.0000,0.0086,0.0000,200,1.6498
0.0526,0.0000,0.0000,0.0000,0.0525,0.0000,200,1.6065
0.0243,0.0000,0.0000,0.0000,0.0242,0.0000,200,1.6348
0.0033,0.0000,0.0000,0.0001,0.0031,0.0001,200,1.6562
0.0165,0.0000,0.0000,0.0000,0.0164,0.0001,200,1.6435
0.0048,0.0000,0.0000,0.0000,0.0046,0.0001,200,1.6558
0.0054,0.0000,0.0000,0.0002,0.0050,0.0001,200,1.6555
0.0201,0.0000,0.0000,0.0000,0.0200,0.0000,200,1.6413
0.0150,0.0000,0.0000,0.0000,0.0149,0.0000,200,1.6464
0.0224,0.0000,0.0000,0.0000,0.0223,0.0000,200,1.6394
0.0032,0.0000,0.0000,0.0000,0.0031,0.0001,200,1.6591
0.0026,0.0000,0.0000,0.0000,0.0025,0.0001,200,1.6601
0.0154,0.0000,0.0000,0.0000,0.0150,0.0000,200,1.6473
0.0202,0.0000,0.0000,0.0002,0.0198,0.0001,200,1.6432
0.0129,0.0000,0.0000,0.0001,0.0126,0.0001,200,1.6507
0.0073,0.0000,0.0000,0.0001,0.0070,0.0003,200,1.6568
0.0023,0.0000,0.0000,0.0000,0.0023,0.0000,200,1.6618
0.0013,0.0000,0.0000,0.0000,0.0012,0.0001,200,1.6636
0.0063,0.0000,0.0000,0.0001,0.0061,0.0000,200,1.6586
0.0118,0.0000,0.0000,0.0000,0.0117,0.0000,200,1.6536
0.0240,0.0000,0.0000,0.0000,0.0239,0.0000,200,1.6417
0.0048,0.0000,0.0000,0.0000,0.0047,0.0000,200,1.6614
0.0309,0.0000,0.0000,0.0000,0.0308,0.0001,200,1.6358
0.0059,0.0000,0.0000,0.0004,0.0054,0.0000,200,1.6609
0.0101,0.0000,0.0000,0.0000,0.0100,0.0001,200,1.6572
0.0375,0.0000,0.0000,0.0000,0.0374,0.0000,200,1.6304
0.0030,0.0000,0.0000,0.0000,0.0028,0.0001,200,1.6654
0.0109,0.0000,0.0000,0.0000,0.0108,0.0000,200,1.6575
0.0136,0.0000,0.0000,0.0001,0.0135,0.0000,200,1.6551
0.0555,0.0000,0.0000,0.0000,0.0554,0.0000,200,1.6135
0.0203,0.0000,0.0000,0.0001,0.0201,0.0000,200,1.6491
0.0071,0.0000,0.0000,0.0000,0.0070,0.0001,200,1.6627
0.0152,0.0000,0.0000,0.0000,0.0150,0.0000,200,1.6546
0.0053,0.0000,0.0000,0.0000,0.0051,0.0001,200,1.6649
0.0034,0.0000,0.0000,0.0000,0.0033,0.0000,200,1.6673
0.0223,0.0000,0.0000,0.0000,0.0220,0.0000,200,1.6495
0.0519,0.0000,0.0000,0.0000,0.0518,0.0000,200,1.6200
0.0059,0.0000,0.0000,0.0000,0.0057,0.0002,200,1.6679
0.0441,0.0000,0.0000,0.0000,0.0438,0.0003,200,1.6298
0.0088,0.0000,0.0000,0.0000,0.0083,0.0004,200,1.6657
0.0120,0.0000,0.0000,0.0000,0.0118,0.0001,200,1.6642
0.0104,0.0000,0.0000,0.0000,0.0103,0.0000,200,1.6662
0.0197,0.0000,0.0000,0.0001,0.0195,0.0000,200,1.6570
0.0247,0.0000,0.0000,0.0000,0.0246,0.0000,200,1.6524
0.0168,0.0000,0.0000,0.0000,0.0167,0.0001,200,1.6605
0.0194,0.0000,0.0000,0.0000,0.0193,0.0000,200,1.6581
0.0020,0.0000,0.0000,0.0000,0.0019,0.0000,200,1.6761
0.0139,0.0000,0.0000,0.0000,0.0138,0.0001,200,1.6649
0.0470,0.0000,0.0000,0.0000,0.0469,0.0000,200,1.6319
0.0108,0.0000,0.0000,0.0000,0.0107,0.0000,200,1.6687
0.0316,0.0000,0.0000,0.0000,0.0315,0.0000,200,1.6487
0.0030,0.0000,0.0000,0.0000,0.0030,0.0000,200,1.6776
0.0040,0.0000,0.0000,0.0000,0.0039,0.0001,200,1.6771
0.0074,0.0000,0.0000,0.0002,0.0071,0.0000,200,1.6738
0.0121,0.0000,0.0000,0.0000,0.0120,0.0000,200,1.6694
0.0179,0.0000,0.0000,0.0000,0.0178,0.0000,200,1.6642
0.0156,0.0000,0.0000,0.0000,0.0155,0.0000,200,1.6668
0.0200,0.0000,0.0000,0.0000,0.0198,0.0002,200,1.6627
0.0314,0.0000,0.0000,0.0000,0.0312,0.0000,200,1.6518
0.0097,0.0000,0.0000,0.0002,0.0095,0.0000,200,1.6738
0.0014,0.0000,0.0000,0.0000,0.0013,0.0000,200,1.6824
0.0029,0.0000,0.0000,0.0000,0.0029,0.0000,200,1.6812
0.0029,0.0000,0.0000,0.0000,0.0028,0.0000,200,1.6815
0.0444,0.0000,0.0000,0.0000,0.0444,0.0000,200,1.6407
0.0090,0.0000,0.0000,0.0000,0.0090,0.0000,200,1.6766
0.0654,0.0000,0.0000,0.0000,0.0650,0.0001,200,1.6204
0.0465,0.0000,0.0000,0.0000,0.0465,0.0000,200,1.6395
0.0496,0.0000,0.0000,0.0000,0.0493,0.0003,200,1.6374
0.0029,0.0000,0.0000,0.0000,0.0028,0.0000,200,1.6842
0.0060,0.0000,0.0000,0.0000,0.0058,0.0002,200,1.6811
0.0181,0.0000,0.0000,0.0000,0.0179,0.0002,200,1.6690
0.0250,0.0000,0.0000,0.0000,0.0250,0.0000,200,1.6623
0.0031,0.0000,0.0000,0.0000,0.0029,0.0001,200,1.6851
0.0035,0.0000,0.0000,0.0000,0.0028,0.0006,200,1.6856
0.0194,0.0000,0.0000,0.0000,0.0193,0.0000,200,1.6698
0.1149,0.0000,0.0000,0.0001,0.1148,0.0000,200,1.5743
0.0038,0.0000,0.0000,0.0000,0.0035,0.0002,200,1.6860
0.0221,0.0000,0.0000,0.0000,0.0219,0.0000,200,1.6683
0.0069,0.0000,0.0000,0.0000,0.0068,0.0000,200,1.6836
0.0600,0.0000,0.0000,0.0000,0.0599,0.0001,200,1.6308
0.0318,0.0000,0.0000,0.0000,0.0317,0.0000,200,1.6591
0.0989,0.0000,0.0000,0.0003,0.0985,0.0000,200,1.5924
0.0027,0.0000,0.0000,0.0001,0.0026,0.0000,200,1.6892
0.0476,0.0000,0.0000,0.0000,0.0474,0.0002,200,1.6448
0.0053,0.0000,0.0000,0.0000,0.0052,0.0000,200,1.6871
0.0013,0.0000,0.0000,0.0000,0.0013,0.0000,200,1.6913
0.0232,0.0000,0.0000,0.0000,0.0228,0.0003,200,1.6702
0.0030,0.0000,0.0000,0.0000,0.0030,0.0000,200,1.6904
0.0152,0.0000,0.0000,0.0000,0.0151,0.0001,200,1.6788
0.0222,0.0000,0.0000,0.0001,0.0205,0.0000,200,1.6719
0.0045,0.0000,0.0000,0.0000,0.0044,0.0001,200,1.6898
0.0243,0.0000,0.0000,0.0000,0.0243,0.0000,200,1.6707
0.0071,0.0000,0.0000,0.0001,0.0069,0.0001,200,1.6882
0.0176,0.0000,0.0000,0.0000,0.0175,0.0001,200,1.6781
0.0451,0.0000,0.0000,0.0000,0.0450,0.0000,200,1.6511
0.0015,0.0000,0.0000,0.0000,0.0009,0.0005,200,1.6953
0.0044,0.0000,0.0000,0.0000,0.0043,0.0001,200,1.6924
0.0229,0.0000,0.0000,0.0000,0.0227,0.0002,200,1.6745
0.0180,0.0000,0.0000,0.0000,0.0179,0.0000,200,1.6795
0.0281,0.0000,0.0000,0.0002,0.0278,0.0000,200,1.6698
0.0049,0.0000,0.0000,0.0000,0.0049,0.0000,200,1.6934
0.0373,0.0000,0.0000,0.0001,0.0370,0.0000,200,1.6615
0.0612,0.0000,0.0000,0.0000,0.0611,0.0000,200,1.6378
0.0411,0.0000,0.0000,0.0000,0.0410,0.0000,200,1.6581
0.0190,0.0000,0.0000,0.0000,0.0189,0.0000,200,1.6806
0.0077,0.0000,0.0000,0.0000,0.0076,0.0001,200,1.6924
0.0085,0.0000,0.0000,0.0000,0.0084,0.0000,200,1.6919
0.0041,0.0000,0.0000,0.0000,0.0039,0.0002,200,1.6968
0.0120,0.0000,0.0000,0.0000,0.0119,0.0000,200,1.6891
0.0173,0.0000,0.0000,0.0000,0.0172,0.0000,200,1.6838
0.0214,0.0000,0.0000,0.0000,0.0213,0.0000,200,1.6803
0.0013,0.0000,0.0000,0.0000,0.0010,0.0000,200,1.7009
0.0031,0.0000,0.0000,0.0000,0.0028,0.0002,200,1.6992
0.0059,0.0000,0.0000,0.0000,0.0056,0.0001,200,1.6968
0.0056,0.0000,0.0000,0.0000,0.0055,0.0000,200,1.6975
0.0265,0.0000,0.0000,0.0000,0.0264,0.0000,200,1.6767
0.0145,0.0000,0.0000,0.0001,0.0143,0.0001,200,1.6893
0.0447,0.0000,0.0000,0.0000,0.0446,0.0002,200,1.6595
0.0377,0.0000,0.0000,0.0000,0.0375,0.0000,200,1.6667
0.0328,0.0000,0.0000,0.0000,0.0308,0.0004,200,1.6719
0.0195,0.0000,0.0000,0.0001,0.0192,0.0001,200,1.6858
0.0226,0.0000,0.0000,0.0000,0.0226,0.0000,200,1.6827
0.0108,0.0000,0.0000,0.0000,0.0106,0.0001,200,1.6950
0.0065,0.0000,0.0000,0.0000,0.0064,0.0000,200,1.6996
0.0195,0.0000,0.0000,0.0000,0.0195,0.0000,200,1.6870
0.0431,0.0000,0.0000,0.0001,0.0428,0.0000,200,1.6634
0.0161,0.0000,0.0000,0.0000,0.0160,0.0000,200,1.6904
0.0018,0.0000,0.0000,0.0000,0.0017,0.0000,200,1.7053
0.0089,0.0000,0.0000,0.0000,0.0085,0.0003,200,1.6987
0.0048,0.0000,0.0000,0.0000,0.0046,0.0001,200,1.7032
0.0015,0.0000,0.0000,0.0000,0.0015,0.0000,200,1.7065
0.0038,0.0000,0.0000,0.0000,0.0037,0.0000,200,1.7044
0.0026,0.0000,0.0000,0.0000,0.0025,0.0001,200,1.7061
0.0164,0.0000,0.0000,0.0000,0.0163,0.0000,200,1.6927
0.0057,0.0000,0.0000,0.0000,0.0055,0.0000,200,1.7038
0.0137,0.0000,0.0000,0.0000,0.0135,0.0000,200,1.6962
0.0170,0.0000,0.0000,0.0000,0.0169,0.0001,200,1.6933
0.0018,0.0000,0.0000,0.0000,0.0018,0.0000,200,1.7088
0.0171,0.0000,0.0000,0.0000,0.0170,0.0000,200,1.6940
0.0244,0.0000,0.0000,0.0000,0.0242,0.0001,200,1.6871
0.0685,0.0000,0.0000,0.0000,0.0684,0.0001,200,1.6432
0.0014,0.0000,0.0000,0.0003,0.0009,0.0000,200,1.7106
0.0295,0.0000,0.0000,0.0000,0.0294,0.0001,200,1.6832
0.0114,0.0000,0.0000,0.0000,0.0114,0.0000,200,1.7017
0.0358,0.0000,0.0000,0.0000,0.0356,0.0002,200,1.6773
0.0661,0.0000,0.0000,0.0000,0.0661,0.0000,200,1.6474
0.0181,0.0000,0.0000,0.0000,0.0180,0.0000,200,1.6957
0.0274,0.0000,0.0000,0.0000,0.0273,0.0000,200,1.6870
0.0145,0.0000,0.0000,0.0001,0.0142,0.0002,200,1.7004
0.0177,0.0000,0.0000,0.0001,0.0176,0.0000,200,1.6974
0.0140,0.0000,0.0000,0.0000,0.0139,0.0001,200,1.7011
0.0248,0.0000,0.0000,0.0000,0.0246,0.0001,200,1.6909
0.0060,0.0000,0.0000,0.0000,0.0058,0.0001,200,1.7098
0.0142,0.0000,0.0000,0.0000,0.0140,0.0002,200,1.7022
0.0187,0.0000,0.0000,0.0000,0.0186,0.0000,200,1.6980
0.0021,0.0000,0.0000,0.0000,0.0019,0.0001,200,1.7151
0.0147,0.0000,0.0000,0.0000,0.0144,0.0003,200,1.7031
0.0062,0.0000,0.0000,0.0001,0.0061,0.0000,200,1.7117
0.0018,0.0000,0.0000,0.0000,0.0016,0.0001,200,1.7167
0.0065,0.0000,0.0000,0.0000,0.0064,0.0001,200,1.7120
0.0126,0.0000,0.0000,0.0000,0.0125,0.0000,200,1.7065
0.0152,0.0000,0.0000,0.0000,0.0146,0.0000,200,1.7042
0.0046,0.0000,0.0000,0.0000,0.0045,0.0001,200,1.7151
0.0110,0.0000,0.0000,0.0000,0.0109,0.0000,200,1.7091
0.0095,0.0000,0.0000,0.0000,0.0093,0.0001,200,1.7111
0.0024,0.0000,0.0000,0.0002,0.0020,0.0001,200,1.7185
0.0203,0.0000,0.0000,0.0000,0.0202,0.0000,200,1.7011
0.0036,0.0000,0.0000,0.0000,0.0034,0.0002,200,1.7184
0.0348,0.0000,0.0000,0.0000,0.0347,0.0001,200,1.6874
0.0144,0.0000,0.0000,0.0000,0.0142,0.0001,200,1.7081
0.0040,0.0000,0.0000,0.0000,0.0039,0.0000,200,1.7194
0.0139,0.0000,0.0000,0.0000,0.0139,0.0000,200,1.7095
0.0131,0.0000,0.0000,0.0000,0.0127,0.0001,200,1.7104
0.0190,0.0000,0.0000,0.0000,0.0189,0.0000,200,1.7047
0.0113,0.0000,0.0000,0.0002,0.0111,0.0000,200,1.7127
0.0042,0.0000,0.0000,0.0000,0.0041,0.0000,200,1.7206
0.0267,0.0000,0.0000,0.0000,0.0266,0.0001,200,1.6984
0.0119,0.0000,0.0000,0.0000,0.0117,0.0001,200,1.7138
0.0318,0.0000,0.0000,0.0000,0.0314,0.0004,200,1.6943
0.0055,0.0000,0.0000,0.0000,0.0054,0.0000,200,1.7209
0.0274,0.0000,0.0000,0.0000,0.0274,0.0000,200,1.6990
0.0204,0.0000,0.0000,0.0000,0.0203,0.0000,200,1.7065
0.0113,0.0000,0.0000,0.0000,0.0108,0.0000,200,1.7159
0.0043,0.0000,0.0000,0.0000,0.0041,0.0001,200,1.7234
0.0064,0.0000,0.0000,0.0000,0.0063,0.0000,200,1.7214
0.0151,0.0000,0.0000,0.0000,0.0150,0.0000,200,1.7131
0.0347,0.0000,0.0000,0.0000,0.0346,0.0000,200,1.6940
0.0055,0.0000,0.0000,0.0000,0.0053,0.0000,200,1.7235
0.0009,0.0000,0.0000,0.0000,0.0009,0.0000,200,1.7282
0.0118,0.0000,0.0000,0.0000,0.0117,0.0001,200,1.7178
0.0035,0.0000,0.0000,0.0000,0.0034,0.0000,200,1.7265
0.0063,0.0000,0.0000,0.0000,0.0062,0.0000,200,1.7241
0.0129,0.0000,0.0000,0.0000,0.0128,0.0000,200,1.7178
0.0112,0.0000,0.0000,0.0000,0.0111,0.0001,200,1.7200
0.0095,0.0000,0.0000,0.0001,0.0090,0.0002,200,1.7221
0.0251,0.0000,0.0000,0.0000,0.0249,0.0002,200,1.7070
0.0066,0.0000,0.0000,0.0000,0.0064,0.0001,200,1.7257
0.0050,0.0000,0.0000,0.0000,0.0048,0.0001,200,1.7277
0.0540,0.0000,0.0000,0.0000,0.0539,0.0001,200,1.6788
0.0073,0.0000,0.0000,0.0000,0.0071,0.0001,200,1.7261
0.0010,0.0000,0.0000,0.0000,0.0009,0.0001,200,1.7326
0.0090,0.0000,0.0000,0.0000,0.0088,0.0001,200,1.7251
0.0054,0.0000,0.0000,0.0000,0.0052,0.0001,200,1.7292
0.0026,0.0000,0.0000,0.0003,0.0021,0.0000,200,1.7322
0.0270,0.0000,0.0000,0.0000,0.0270,0.0000,200,1.7082
0.0351,0.0000,0.0000,0.0000,0.0350,0.0000,200,1.7002
0.0054,0.0000,0.0000,0.0000,0.0053,0.0001,200,1.7303
0.0229,0.0000,0.0000,0.0000,0.0228,0.0000,200,1.7136
0.0075,0.0000,0.0000,0.0000,0.0074,0.0000,200,1.7290
0.0250,0.0000,0.0000,0.0000,0.0250,0.0000,200,1.7115
0.0054,0.0000,0.0000,0.0000,0.0053,0.0000,200,1.7316
0.0155,0.0000,0.0000,0.0000,0.0154,0.0000,200,1.7220
0.0229,0.0000,0.0000,0.0000,0.0228,0.0001,200,1.7149
0.0114,0.0000,0.0000,0.0001,0.0111,0.0002,200,1.7271
0.0221,0.0000,0.0000,0.0000,0.0220,0.0000,200,1.7165
0.0306,0.0000,0.0000,0.0001,0.0305,0.0000,200,1.7080
0.0126,0.0000,0.0000,0.0000,0.0122,0.0004,200,1.7269
0.0010,0.0000,0.0000,0.0000,0.0010,0.0000,200,1.7385
0.0045,0.0000,0.0000,0.0000,0.0042,0.0003,200,1.7358
0.0139,0.0000,0.0000,0.0000,0.0138,0.0001,200,1.7264
0.0065,0.0000,0.0000,0.0000,0.0063,0.0000,200,1.7341
0.0079,0.0000,0.0000,0.0000,0.0078,0.0000,200,1.7334
0.0568,0.0000,0.0000,0.0000,0.0567,0.0000,200,1.6844
0.0507,0.0000,0.0000,0.0000,0.0506,0.0001,200,1.6908
0.0189,0.0000,0.0000,0.0000,0.0187,0.0002,200,1.7234
0.0041,0.0000,0.0000,0.0000,0.0040,0.0000,200,1.7385
0.0012,0.0000,0.0000,0.0000,0.0011,0.0000,200,1.7416
0.0028,0.0000,0.0000,0.0000,0.0027,0.0000,200,1.7403
0.0071,0.0000,0.0000,0.0000,0.0070,0.0001,200,1.7365
0.0617,0.0000,0.0000,0.0000,0.0616,0.0000,200,1.6821
0.0218,0.0000,0.0000,0.0000,0.0217,0.0001,200,1.7225
0.0273,0.0000,0.0000,0.0000,0.0270,0.0001,200,1.7172
0.0118,0.0000,0.0000,0.0000,0.0117,0.0000,200,1.7337
0.0429,0.0000,0.0000,0.0001,0.0427,0.0000,200,1.7027
0.0104,0.0000,0.0000,0.0000,0.0103,0.0000,200,1.7352
0.0088,0.0000,0.0000,0.0000,0.0087,0.0001,200,1.7375
0.0092,0.0000,0.0000,0.0000,0.0086,0.0006,200,1.7378
0.0043,0.0000,0.0000,0.0000,0.0042,0.0000,200,1.7428
0.0165,0.0000,0.0000,0.0000,0.0161,0.0004,200,1.7307
0.0029,0.0000,0.0000,0.0000,0.0028,0.0000,200,1.7445
0.0042,0.0000,0.0000,0.0000,0.0041,0.0000,200,1.7438
0.0196,0.0000,0.0000,0.0000,0.0195,0.0001,200,1.7287
0.0140,0.0000,0.0000,0.0000,0.0139,0.0001,200,1.7348
0.0108,0.0000,0.0000,0.0000,0.0105,0.0001,200,1.7385
0.0128,0.0000,0.0000,0.0000,0.0127,0.0001,200,1.7369
0.0174,0.0000,0.0000,0.0000,0.0173,0.0000,200,1.7323
0.0111,0.0000,0.0000,0.0000,0.0110,0.0000,200,1.7395
0.0452,0.0000,0.0000,0.0000,0.0450,0.0000,200,1.7053
0.0087,0.0000,0.0000,0.0000,0.0085,0.0001,200,1.7423
0.0186,0.0000,0.0000,0.0000,0.0185,0.0000,200,1.7329
0.0017,0.0000,0.0000,0.0000,0.0017,0.0000,200,1.7506
0.0040,0.0000,0.0000,0.0000,0.0038,0.0002,200,1.7483
0.0035,0.0000,0.0000,0.0000,0.0034,0.0000,200,1.7492
0.0056,0.0000,0.0000,0.0000,0.0055,0.0001,200,1.7474
0.0235,0.0000,0.0000,0.0000,0.0234,0.0001,200,1.7299
0.0014,0.0000,0.0000,0.0001,0.0011,0.0002,200,1.7523
0.0089,0.0000,0.0000,0.0000,0.0083,0.0005,200,1.7456
0.0030,0.0000,0.0000,0.0000,0.0030,0.0000,200,1.7515
0.0042,0.0000,0.0000,0.0000,0.0040,0.0001,200,1.7506
0.0024,0.0000,0.0000,0.0000,0.0024,0.0000,200,1.7523
0.0302,0.0000,0.0000,0.0000,0.0301,0.0001,200,1.7248
0.0055,0.0000,0.0000,0.0000,0.0052,0.0001,200,1.7497
0.0154,0.0000,0.0000,0.0000,0.0152,0.0002,200,1.7403
0.0088,0.0000,0.0000,0.0000,0.0087,0.0000,200,1.7470
0.0111,0.0000,0.0000,0.0001,0.0109,0.0001,200,1.7455
0.0425,0.0000,0.0000,0.0000,0.0424,0.0000,200,1.7144
0.0019,0.0000,0.0000,0.0000,0.0017,0.0002,200,1.7550
0.0298,0.0000,0.0000,0.0000,0.0297,0.0001,200,1.7278
0.0170,0.0000,0.0000,0.0000,0.0169,0.0001,200,1.7413
0.0050,0.0000,0.0000,0.0001,0.0049,0.0000,200,1.7534
0.0039,0.0000,0.0000,0.0000,0.0038,0.0001,200,1.7545
0.0133,0.0000,0.0000,0.0000,0.0131,0.0000,200,1.7457
0.0046,0.0000,0.0000,0.0000,0.0045,0.0000,200,1.7547
0.0072,0.0000,0.0000,0.0000,0.0070,0.0001,200,1.7527
0.0209,0.0000,0.0000,0.0000,0.0207,0.0000,200,1.7396
0.0261,0.0000,0.0000,0.0000,0.0260,0.0000,200,1.7352
0.1102,0.0000,0.0000,0.0000,0.1102,0.0000,200,1.6524
0.0183,0.0000,0.0000,0.0000,0.0183,0.0000,200,1.7443
0.0157,0.0000,0.0000,0.0000,0.0156,0.0000,200,1.7470
0.0056,0.0000,0.0000,0.0000,0.0054,0.0001,200,1.7576
0.0039,0.0000,0.0000,0.0000,0.0038,0.0001,200,1.7599
0.0092,0.0000,0.0000,0.0000,0.0091,0.0000,200,1.7557
0.0142,0.0000,0.0000,0.0000,0.0141,0.0001,200,1.7511
0.0159,0.0000,0.0000,0.0000,0.0155,0.0001,200,1.7497
0.0090,0.0000,0.0000,0.0000,0.0089,0.0000,200,1.7569
0.0259,0.0000,0.0000,0.0000,0.0258,0.0000,200,1.7406
0.0017,0.0000,0.0000,0.0000,0.0017,0.0000,200,1.7649
0.0136,0.0000,0.0000,0.0000,0.0134,0.0002,200,1.7537
0.0330,0.0000,0.0000,0.0001,0.0328,0.0001,200,1.7346
0.0113,0.0000,0.0000,0.0000,0.0112,0.0001,200,1.7569
0.0257,0.0000,0.0000,0.0000,0.0255,0.0001,200,1.7431
0.0102,0.0000,0.0000,0.0000,0.0100,0.0000,200,1.7590
0.0111,0.0000,0.0000,0.0000,0.0109,0.0001,200,1.7585
0.0239,0.0000,0.0000,0.0000,0.0236,0.0002,200,1.7463
0.0293,0.0000,0.0000,0.0000,0.0290,0.0003,200,1.7413
0.0163,0.0000,0.0000,0.0001,0.0162,0.0000,200,1.7548
0.0107,0.0000,0.0000,0.0000,0.0106,0.0000,200,1.7604
0.0242,0.0000,0.0000,0.0000,0.0241,0.0001,200,1.7472
0.0354,0.0000,0.0000,0.0000,0.0352,0.0001,200,1.7365
0.0028,0.0000,0.0000,0.0001,0.0024,0.0003,200,1.7696
0.0013,0.0000,0.0000,0.0000,0.0012,0.0000,200,1.7715
0.0056,0.0000,0.0000,0.0000,0.0055,0.0001,200,1.7676
0.0108,0.0000,0.0000,0.0001,0.0107,0.0000,200,1.7626
0.0110,0.0000,0.0000,0.0001,0.0108,0.0001,200,1.7627
0.0014,0.0000,0.0000,0.0000,0.0013,0.0000,200,1.7724
0.0159,0.0000,0.0000,0.0005,0.0153,0.0000,200,1.7585
0.0382,0.0000,0.0000,0.0000,0.0381,0.0000,200,1.7365
0.0096,0.0000,0.0000,0.0000,0.0093,0.0003,200,1.7659
0.0321,0.0000,0.0000,0.0000,0.0319,0.0001,200,1.7436
0.0203,0.0000,0.0000,0.0000,0.0202,0.0000,200,1.7558
0.0043,0.0000,0.0000,0.0000,0.0042,0.0000,200,1.7719
0.0082,0.0000,0.0000,0.0000,0.0081,0.0000,200,1.7682
0.0237,0.0000,0.0000,0.0000,0.0236,0.0001,200,1.7530
0.0177,0.0000,0.0000,0.0000,0.0176,0.0001,200,1.7593
0.0100,0.0000,0.0000,0.0000,0.0098,0.0001,200,1.7675
0.0013,0.0000,0.0000,0.0000,0.0012,0.0000,200,1.7764
0.0232,0.0000,0.0000,0.0000,0.0230,0.0001,200,1.7552
0.0590,0.0000,0.0000,0.0000,0.0589,0.0001,200,1.7198
0.0030,0.0000,0.0000,0.0000,0.0030,0.0000,200,1.7762
0.0306,0.0000,0.0000,0.0000,0.0301,0.0004,200,1.7493
0.0056,0.0000,0.0000,0.0000,0.0056,0.0000,200,1.7747
0.0067,0.0000,0.0000,0.0000,0.0061,0.0005,200,1.7737
0.0038,0.0000,0.0000,0.0000,0.0037,0.0000,200,1.7770
0.0332,0.0000,0.0000,0.0000,0.0331,0.0001,200,1.7480
0.0232,0.0000,0.0000,0.0000,0.0231,0.0000,200,1.7583
0.0057,0.0000,0.0000,0.0000,0.0056,0.0000,200,1.7761
0.0080,0.0000,0.0000,0.0000,0.0079,0.0000,200,1.7744
0.0281,0.0000,0.0000,0.0000,0.0281,0.0000,200,1.7545
0.0028,0.0000,0.0000,0.0000,0.0027,0.0000,200,1.7804
0.0044,0.0000,0.0000,0.0000,0.0043,0.0000,200,1.7792
0.0085,0.0000,0.0000,0.0000,0.0083,0.0000,200,1.7755
0.0285,0.0000,0.0000,0.0003,0.0281,0.0000,200,1.7566
0.0123,0.0000,0.0000,0.0000,0.0122,0.0001,200,1.7728
0.0077,0.0000,0.0000,0.0000,0.0070,0.0006,200,1.7775
0.0126,0.0000,0.0000,0.0000,0.0124,0.0001,200,1.7732
0.0046,0.0000,0.0000,0.0000,0.0044,0.0002,200,1.7815
0.0059,0.0000,0.0000,0.0000,0.0057,0.0001,200,1.7804
0.0128,0.0000,0.0000,0.0000,0.0127,0.0000,200,1.7738
0.0083,0.0000,0.0000,0.0000,0.0082,0.0000,200,1.7788
0.0024,0.0000,0.0000,0.0000,0.0023,0.0000,200,1.7851
0.0168,0.0000,0.0000,0.0000,0.0167,0.0000,200,1.7711
0.0103,0.0000,0.0000,0.0000,0.0101,0.0000,200,1.7776
0.0271,0.0000,0.0000,0.0000,0.0270,0.0000,200,1.7614
0.0128,0.0000,0.0000,0.0000,0.0125,0.0003,200,1.7756
0.0077,0.0000,0.0000,0.0001,0.0076,0.0000,200,1.7812
0.0019,0.0000,0.0000,0.0000,0.0018,0.0000,200,1.7871
0.0110,0.0000,0.0000,0.0000,0.0109,0.0000,200,1.7784
0.0043,0.0000,0.0000,0.0000,0.0038,0.0001,200,1.7863
0.0029,0.0000,0.0000,0.0000,0.0023,0.0006,200,1.7880
0.0111,0.0000,0.0000,0.0000,0.0106,0.0004,200,1.7799
0.0192,0.0000,0.0000,0.0001,0.0183,0.0008,200,1.7735
0.0108,0.0000,0.0000,0.0000,0.0103,0.0005,200,1.7827
0.0052,0.0000,0.0000,0.0000,0.0045,0.0007,200,1.7884
0.0062,0.0000,0.0000,0.0000,0.0054,0.0007,200,1.7875
0.0045,0.0000,0.0000,0.0002,0.0034,0.0002,200,1.7894
0.0037,0.0000,0.0000,0.0002,0.0034,0.0000,200,1.7909
0.0282,0.0000,0.0000,0.0000,0.0280,0.0002,200,1.7666
0.0116,0.0000,0.0000,0.0000,0.0116,0.0000,200,1.7832
0.0017,0.0000,0.0000,0.0000,0.0016,0.0000,200,1.7938
0.0044,0.0000,0.0000,0.0008,0.0036,0.0000,200,1.7910
0.0266,0.0000,0.0000,0.0000,0.0265,0.0000,200,1.7691
0.0056,0.0000,0.0000,0.0008,0.0034,0.0000,200,1.7905
0.0012,0.0000,0.0000,0.0000,0.0012,0.0000,200,1.7954
0.0273,0.0000,0.0000,0.0001,0.0269,0.0000,200,1.7702
0.0337,0.0000,0.0000,0.0001,0.0334,0.0001,200,1.7638
0.0017,0.0000,0.0000,0.0000,0.0016,0.0000,200,1.7967
0.0022,0.0000,0.0000,0.0000,0.0021,0.0000,200,1.7962
0.0097,0.0000,0.0000,0.0000,0.0095,0.0001,200,1.7889
0.0043,0.0000,0.0000,0.0000,0.0041,0.0001,200,1.7948
0.0057,0.0000,0.0000,0.0000,0.0052,0.0000,200,1.7935
0.0366,0.0000,0.0000,0.0001,0.0365,0.0000,200,1.7632
0.0377,0.0000,0.0000,0.0000,0.0374,0.0002,200,1.7626
0.0186,0.0000,0.0000,0.0000,0.0185,0.0000,200,1.7818
0.0351,0.0000,0.0000,0.0000,0.0350,0.0000,200,1.7656
0.0086,0.0000,0.0000,0.0000,0.0083,0.0002,200,1.7927
0.0193,0.0000,0.0000,0.0000,0.0193,0.0000,200,1.7823
0.0181,0.0000,0.0000,0.0001,0.0179,0.0000,200,1.7836
0.0042,0.0000,0.0000,0.0000,0.0037,0.0005,200,1.7984
0.0176,0.0000,0.0000,0.0000,0.0174,0.0002,200,1.7852
0.0019,0.0000,0.0000,0.0000,0.0017,0.0001,200,1.8013
0.0196,0.0000,0.0000,0.0000,0.0194,0.0003,200,1.7840
0.0179,0.0000,0.0000,0.0000,0.0176,0.0002,200,1.7858
0.0080,0.0000,0.0000,0.0000,0.0077,0.0002,200,1.7957
0.0013,0.0000,0.0000,0.0000,0.0013,0.0000,200,1.8026
0.0159,0.0000,0.0000,0.0000,0.0158,0.0000,200,1.7884
0.0071,0.0000,0.0000,0.0000,0.0069,0.0000,200,1.7975
0.0239,0.0000,0.0000,0.0000,0.0237,0.0000,200,1.7811
0.0102,0.0000,0.0000,0.0000,0.0099,0.0003,200,1.7954
0.0025,0.0000,0.0000,0.0000,0.0025,0.0000,200,1.8032
0.0171,0.0000,0.0000,0.0000,0.0170,0.0000,200,1.7889
0.0127,0.0000,0.0000,0.0000,0.0126,0.0000,200,1.7939
0.0065,0.0000,0.0000,0.0000,0.0064,0.0000,200,1.8004
0.0031,0.0000,0.0000,0.0000,0.0030,0.0000,200,1.8043
0.0086,0.0000,0.0000,0.0000,0.0085,0.0001,200,1.7992
0.0013,0.0000,0.0000,0.0000,0.0012,0.0000,200,1.8069
0.0084,0.0000,0.0000,0.0000,0.0083,0.0000,200,1.7998
0.0050,0.0000,0.0000,0.0000,0.0049,0.0001,200,1.8037
0.0086,0.0000,0.0000,0.0000,0.0085,0.0001,200,1.8003
0.0143,0.0000,0.0000,0.0000,0.0142,0.0000,200,1.7948
0.0389,0.0000,0.0000,0.0000,0.0385,0.0003,200,1.7711
0.0109,0.0000,0.0000,0.0000,0.0108,0.0001,200,1.7991
0.0229,0.0000,0.0000,0.0000,0.0228,0.0000,200,1.7879
0.0051,0.0000,0.0000,0.0000,0.0050,0.0000,200,1.8057
0.0023,0.0000,0.0000,0.0000,0.0022,0.0000,200,1.8091
0.0130,0.0000,0.0000,0.0000,0.0129,0.0000,200,1.7984
0.0417,0.0000,0.0000,0.0000,0.0416,0.0000,200,1.7705
0.0008,0.0000,0.0000,0.0000,0.0008,0.0000,200,1.8114
0.0186,0.0000,0.0000,0.0000,0.0185,0.0000,200,1.7937
0.0008,0.0000,0.0000,0.0000,0.0007,0.0000,200,1.8122
0.0270,0.0000,0.0000,0.0000,0.0270,0.0000,200,1.7865
0.0070,0.0000,0.0000,0.0000,0.0069,0.0001,200,1.8066
0.0045,0.0000,0.0000,0.0000,0.0041,0.0004,200,1.8100
0.0109,0.0000,0.0000,0.0000,0.0108,0.0000,200,1.8037
0.0130,0.0000,0.0000,0.0001,0.0128,0.0001,200,1.8017
0.0075,0.0000,0.0000,0.0000,0.0073,0.0001,200,1.8074
0.0179,0.0000,0.0000,0.0000,0.0178,0.0000,200,1.7974
0.0130,0.0000,0.0000,0.0000,0.0127,0.0000,200,1.8027
0.0060,0.0000,0.0000,0.0000,0.0059,0.0001,200,1.8100
0.0042,0.0000,0.0000,0.0000,0.0041,0.0000,200,1.8122
0.0129,0.0000,0.0000,0.0000,0.0128,0.0001,200,1.8040
0.0153,0.0000,0.0000,0.0000,0.0152,0.0000,200,1.8017
0.0325,0.0000,0.0000,0.0000,0.0325,0.0000,200,1.7851
0.0099,0.0000,0.0000,0.0000,0.0096,0.0001,200,1.8078
0.0013,0.0000,0.0000,0.0000,0.0012,0.0000,200,1.8169
0.0042,0.0000,0.0000,0.0000,0.0040,0.0001,200,1.8145
0.0100,0.0000,0.0000,0.0000,0.0099,0.0001,200,1.8089
0.0013,0.0000,0.0000,0.0000,0.0012,0.0000,200,1.8181
0.0051,0.0000,0.0000,0.0001,0.0049,0.0000,200,1.8146
0.0055,0.0000,0.0000,0.0000,0.0055,0.0000,200,1.8147
0.0031,0.0000,0.0000,0.0000,0.0028,0.0002,200,1.8178
0.0095,0.0000,0.0000,0.0000,0.0094,0.0000,200,1.8114
0.0055,0.0000,0.0000,0.0000,0.0054,0.0000,200,1.8157
0.0167,0.0000,0.0000,0.0000,0.0166,0.0000,200,1.8050
0.0158,0.0000,0.0000,0.0000,0.0157,0.0000,200,1.8060
0.0093,0.0000,0.0000,0.0000,0.0092,0.0000,200,1.8130
0.0180,0.0000,0.0000,0.0000,0.0179,0.0001,200,1.8047
0.0055,0.0000,0.0000,0.0000,0.0055,0.0000,200,1.8176
0.0046,0.0000,0.0000,0.0001,0.0045,0.0000,200,1.8187
0.0021,0.0000,0.0000,0.0002,0.0018,0.0000,200,1.8217
0.0117,0.0000,0.0000,0.0000,0.0116,0.0000,200,1.8122
0.0164,0.0000,0.0000,0.0000,0.0162,0.0000,200,1.8082
0.0076,0.0000,0.0000,0.0000,0.0075,0.0000,200,1.8170
0.0163,0.0000,0.0000,0.0000,0.0162,0.0000,200,1.8087
0.0172,0.0000,0.0000,0.0001,0.0171,0.0000,200,1.8082
0.0048,0.0000,0.0000,0.0003,0.0044,0.0000,200,1.8212
0.0112,0.0000,0.0000,0.0001,0.0110,0.0000,200,1.8149
0.0014,0.0000,0.0000,0.0000,0.0013,0.0001,200,1.8254
0.0038,0.0000,0.0000,0.0000,0.0037,0.0000,200,1.8231
0.0028,0.0000,0.0000,0.0000,0.0026,0.0001,200,1.8246
0.0116,0.0000,0.0000,0.0000,0.0115,0.0001,200,1.8164
0.0034,0.0000,0.0000,0.0000,0.0031,0.0003,200,1.8246
0.0020,0.0000,0.0000,0.0000,0.0020,0.0000,200,1.8261
0.0179,0.0000,0.0000,0.0000,0.0178,0.0001,200,1.8108
0.0138,0.0000,0.0000,0.0000,0.0137,0.0001,200,1.8153
0.0100,0.0000,0.0000,0.0000,0.0099,0.0001,200,1.8194
0.0101,0.0000,0.0000,0.0000,0.0099,0.0000,200,1.8196
0.0040,0.0000,0.0000,0.0000,0.0039,0.0000,200,1.8260
0.0088,0.0000,0.0000,0.0000,0.0087,0.0000,200,1.8218
0.0042,0.0000,0.0000,0.0000,0.0041,0.0001,200,1.8268
0.0063,0.0000,0.0000,0.0000,0.0062,0.0001,200,1.8250
0.0094,0.0000,0.0000,0.0000,0.0094,0.0000,200,1.8223
0.0028,0.0000,0.0000,0.0000,0.0027,0.0000,200,1.8295
0.0010,0.0000,0.0000,0.0001,0.0009,0.0001,200,1.8317
0.0129,0.0000,0.0000,0.0000,0.0127,0.0002,200,1.8202
0.0057,0.0000,0.0000,0.0000,0.0056,0.0001,200,1.8274
0.0105,0.0000,0.0000,0.0001,0.0103,0.0000,200,1.8233
0.0117,0.0000,0.0000,0.0000,0.0116,0.0000,200,1.8227
0.0022,0.0000,0.0000,0.0000,0.0021,0.0000,200,1.8323
0.0059,0.0000,0.0000,0.0000,0.0057,0.0001,200,1.8292
0.0069,0.0000,0.0000,0.0000,0.0068,0.0000,200,1.8287
0.0076,0.0000,0.0000,0.0000,0.0075,0.0000,200,1.8280
0.0171,0.0000,0.0000,0.0000,0.0169,0.0002,200,1.8190
0.0024,0.0000,0.0000,0.0000,0.0024,0.0000,200,1.8337
0.0124,0.0000,0.0000,0.0000,0.0123,0.0001,200,1.8240
0.0385,0.0000,0.0000,0.0000,0.0383,0.0001,200,1.7986
0.0067,0.0000,0.0000,0.0000,0.0064,0.0003,200,1.8306
0.0080,0.0000,0.0000,0.0000,0.0079,0.0000,200,1.8298
0.0022,0.0000,0.0000,0.0000,0.0021,0.0000,200,1.8356
0.0100,0.0000,0.0000,0.0000,0.0099,0.0000,200,1.8281
0.0024,0.0000,0.0000,0.0000,0.0022,0.0001,200,1.8361
0.0078,0.0000,0.0000,0.0000,0.0070,0.0001,200,1.8311
0.0064,0.0000,0.0000,0.0000,0.0064,0.0000,200,1.8332
0.0025,0.0000,0.0000,0.0000,0.0025,0.0000,200,1.8371
0.0065,0.0000,0.0000,0.0000,0.0064,0.0000,200,1.8332
0.0131,0.0000,0.0000,0.0000,0.0129,0.0002,200,1.8269
0.0031,0.0000,0.0000,0.0000,0.0029,0.0001,200,1.8373
0.0062,0.0000,0.0000,0.0000,0.0061,0.0002,200,1.8345
0.0063,0.0000,0.0000,0.0000,0.0062,0.0000,200,1.8351
0.0103,0.0000,0.0000,0.0000,0.0102,0.0001,200,1.8313
0.0065,0.0000,0.0000,0.0000,0.0064,0.0001,200,1.8356
0.0034,0.0000,0.0000,0.0000,0.0033,0.0001,200,1.8397
0.0070,0.0000,0.0000,0.0000,0.0070,0.0000,200,1.8361
0.0223,0.0000,0.0000,0.0000,0.0222,0.0000,200,1.8208
0.0011,0.0000,0.0000,0.0000,0.0010,0.0000,200,1.8421
0.0016,0.0000,0.0000,0.0002,0.0013,0.0001,200,1.8416
0.0379,0.0000,0.0000,0.0000,0.0379,0.0000,200,1.8057
0.0079,0.0000,0.0000,0.0000,0.0078,0.0001,200,1.8364
0.0043,0.0000,0.0000,0.0001,0.0041,0.0000,200,1.8404
0.0021,0.0000,0.0000,0.0002,0.0018,0.0000,200,1.8430
0.0055,0.0000,0.0000,0.0000,0.0053,0.0001,200,1.8400
0.0047,0.0000,0.0000,0.0000,0.0046,0.0000,200,1.8413
0.0070,0.0000,0.0000,0.0000,0.0069,0.0000,200,1.8396
0.0081,0.0000,0.0000,0.0000,0.0080,0.0000,200,1.8385
0.0078,0.0000,0.0000,0.0000,0.0078,0.0000,200,1.8389
0.0086,0.0000,0.0000,0.0000,0.0085,0.0000,200,1.8381
0.0196,0.0000,0.0000,0.0000,0.0193,0.0003,200,1.8280
0.0045,0.0000,0.0000,0.0000,0.0045,0.0000,200,1.8432
0.0019,0.0000,0.0000,0.0000,0.0018,0.0000,200,1.8460
0.0026,0.0000,0.0000,0.0000,0.0024,0.0001,200,1.8455
0.0017,0.0000,0.0000,0.0000,0.0016,0.0000,200,1.8467
0.0022,0.0000,0.0000,0.0001,0.0020,0.0001,200,1.8467
0.0021,0.0000,0.0000,0.0000,0.0020,0.0000,200,1.8477
0.0091,0.0000,0.0000,0.0000,0.0090,0.0000,200,1.8408
0.0051,0.0000,0.0000,0.0000,0.0051,0.0000,200,1.8447
0.0068,0.0000,0.0000,0.0000,0.0067,0.0001,200,1.8431
0.0059,0.0000,0.0000,0.0000,0.0059,0.0000,200,1.8443
0.0075,0.0000,0.0000,0.0001,0.0073,0.0001,200,1.8432
0.0074,0.0000,0.0000,0.0000,0.0073,0.0000,200,1.8437
0.0025,0.0000,0.0000,0.0000,0.0024,0.0001,200,1.8490
0.0010,0.0000,0.0000,0.0000,0.0009,0.0000,200,1.8507
0.0035,0.0000,0.0000,0.0000,0.0035,0.0000,200,1.8484
0.0048,0.0000,0.0000,0.0002,0.0046,0.0000,200,1.8477
0.0063,0.0000,0.0000,0.0000,0.0061,0.0001,200,1.8466
0.0089,0.0000,0.0000,0.0000,0.0089,0.0000,200,1.8452
0.0024,0.0000,0.0000,0.0000,0.0022,0.0000,200,1.8518
0.0046,0.0000,0.0000,0.0000,0.0046,0.0000,200,1.8510
0.0135,0.0000,0.0000,0.0000,0.0133,0.0000,200,1.8431
0.0044,0.0000,0.0000,0.0000,0.0043,0.0001,200,1.8525
0.0095,0.0000,0.0000,0.0000,0.0095,0.0000,200,1.8480
0.0061,0.0000,0.0000,0.0000,0.0061,0.0001,200,1.8519
0.0014,0.0000,0.0000,0.0000,0.0013,0.0000,200,1.8569
0.0095,0.0000,0.0000,0.0000,0.0093,0.0001,200,1.8499
0.0031,0.0000,0.0000,0.0000,0.0031,0.0000,200,1.8566
0.0087,0.0000,0.0000,0.0000,0.0086,0.0001,200,1.8515
0.0497,0.0000,0.0000,0.0000,0.0496,0.0000,200,1.8108
0.0080,0.0000,0.0000,0.0000,0.0080,0.0000,200,1.8529
0.0071,0.0000,0.0000,0.0000,0.0070,0.0001,200,1.8541
0.0117,0.0000,0.0000,0.0000,0.0115,0.0000,200,1.8502
0.0032,0.0000,0.0000,0.0002,0.0026,0.0005,200,1.8593
0.0021,0.0000,0.0000,0.0000,0.0021,0.0000,200,1.8605
0.0129,0.0000,0.0000,0.0000,0.0128,0.0000,200,1.8498
0.0086,0.0000,0.0000,0.0000,0.0085,0.0001,200,1.8542
0.0134,0.0000,0.0000,0.0000,0.0133,0.0000,200,1.8499
0.0051,0.0000,0.0000,0.0000,0.0051,0.0000,200,1.8583
0.0020,0.0000,0.0000,0.0000,0.0019,0.0000,200,1.8619
0.0016,0.0000,0.0000,0.0000,0.0011,0.0005,200,1.8632
0.0047,0.0000,0.0000,0.0000,0.0046,0.0000,200,1.8602
0.0074,0.0000,0.0000,0.0000,0.0073,0.0000,200,1.8576
0.0027,0.0000,0.0000,0.0000,0.0026,0.0001,200,1.8626
0.0021,0.0000,0.0000,0.0000,0.0020,0.0001,200,1.8638
0.0051,0.0000,0.0000,0.0000,0.0051,0.0000,200,1.8609
0.0166,0.0000,0.0000,0.0000,0.0164,0.0001,200,1.8499
0.0633,0.0000,0.0000,0.0000,0.0632,0.0000,200,1.8037
0.0062,0.0000,0.0000,0.0000,0.0061,0.0000,200,1.8612
0.0030,0.0000,0.0000,0.0000,0.0028,0.0000,200,1.8648
0.0055,0.0000,0.0000,0.0001,0.0054,0.0001,200,1.8626
0.0041,0.0000,0.0000,0.0000,0.0040,0.0000,200,1.8650
0.0018,0.0000,0.0000,0.0000,0.0018,0.0000,200,1.8673
0.0032,0.0000,0.0000,0.0000,0.0031,0.0001,200,1.8660
0.0015,0.0000,0.0000,0.0000,0.0014,0.0000,200,1.8682
0.0032,0.0000,0.0000,0.0000,0.0031,0.0000,200,1.8665
0.0011,0.0000,0.0000,0.0000,0.0009,0.0002,200,1.8691
0.0013,0.0000,0.0000,0.0000,0.0013,0.0000,200,1.8691
0.0011,0.0000,0.0000,0.0000,0.0010,0.0001,200,1.8697
0.0016,0.0000,0.0000,0.0000,0.0016,0.0000,200,1.8692
0.0039,0.0000,0.0000,0.0000,0.0039,0.0000,200,1.8670
0.0037,0.0000,0.0000,0.0000,0.0035,0.0000,200,1.8678
0.0011,0.0000,0.0000,0.0000,0.0010,0.0001,200,1.8709
0.0011,0.0000,0.0000,0.0000,0.0009,0.0001,200,1.8715
0.0018,0.0000,0.0000,0.0000,0.0017,0.0000,200,1.8707
0.0026,0.0000,0.0000,0.0000,0.0025,0.0000,200,1.8704
0.0032,0.0000,0.0000,0.0000,0.0031,0.0000,200,1.8702
0.0076,0.0000,0.0000,0.0000,0.0075,0.0001,200,1.8661
0.0087,0.0000,0.0000,0.0000,0.0086,0.0000,200,1.8653
0.0020,0.0000,0.0000,0.0000,0.0016,0.0003,200,1.8726
0.0019,0.0000,0.0000,0.0000,0.0018,0.0000,200,1.8726
0.0051,0.0000,0.0000,0.0000,0.0050,0.0001,200,1.8697
0.0195,0.0000,0.0000,0.0000,0.0193,0.0001,200,1.8557
0.0021,0.0000,0.0000,0.0003,0.0015,0.0002,200,1.8734
0.0011,0.0000,0.0000,0.0000,0.0011,0.0000,200,1.8745
0.0057,0.0000,0.0000,0.0000,0.0056,0.0001,200,1.8708
0.0038,0.0000,0.0000,0.0000,0.0037,0.0000,200,1.8730
0.0012,0.0000,0.0000,0.0002,0.0010,0.0000,200,1.8757
0.0038,0.0000,0.0000,0.0000,0.0037,0.0001,200,1.8737
0.0151,0.0000,0.0000,0.0000,0.0150,0.0000,200,1.8626
0.0012,0.0000,0.0000,0.0000,0.0011,0.0000,200,1.8769
0.0156,0.0000,0.0000,0.0000,0.0154,0.0001,200,1.8627
0.0022,0.0000,0.0000,0.0000,0.0020,0.0001,200,1.8768
0.0019,0.0000,0.0000,0.0000,0.0018,0.0000,200,1.8775
0.0046,0.0000,0.0000,0.0000,0.0045,0.0001,200,1.8748
0.0022,0.0000,0.0000,0.0000,0.0021,0.0000,200,1.8776
0.0084,0.0000,0.0000,0.0000,0.0083,0.0000,200,1.8720
0.0027,0.0000,0.0000,0.0000,0.0027,0.0000,200,1.8781
0.0067,0.0000,0.0000,0.0000,0.0066,0.0000,200,1.8745
0.0029,0.0000,0.0000,0.0000,0.0028,0.0000,200,1.8789
0.0028,0.0000,0.0000,0.0000,0.0024,0.0004,200,1.8798
0.0008,0.0000,0.0000,0.0000,0.0006,0.0000,200,1.8819
0.0035,0.0000,0.0000,0.0000,0.0035,0.0000,200,1.8794
0.0081,0.0000,0.0000,0.0003,0.0078,0.0000,200,1.8751
0.0033,0.0000,0.0000,0.0000,0.0032,0.0000,200,1.8804
0.0015,0.0000,0.0000,0.0000,0.0014,0.0000,200,1.8826
0.0016,0.0000,0.0000,0.0000,0.0015,0.0001,200,1.8832
0.0037,0.0000,0.0000,0.0001,0.0035,0.0001,200,1.8812
0.0022,0.0000,0.0000,0.0000,0.0022,0.0000,200,1.8830
0.0011,0.0000,0.0000,0.0000,0.0010,0.0000,200,1.8841
0.0049,0.0000,0.0000,0.0000,0.0048,0.0000,200,1.8808
0.0010,0.0000,0.0000,0.0000,0.0009,0.0000,200,1.8852
0.0014,0.0000,0.0000,0.0000,0.0010,0.0003,200,1.8852
0.0014,0.0000,0.0000,0.0000,0.0013,0.0000,200,1.8858
0.0037,0.0000,0.0000,0.0000,0.0036,0.0000,200,1.8838
0.0014,0.0000,0.0000,0.0000,0.0013,0.0000,200,1.8862
0.0015,0.0000,0.0000,0.0000,0.0015,0.0000,200,1.8866
0.0016,0.0000,0.0000,0.0000,0.0013,0.0002,200,1.8871
0.0038,0.0000,0.0000,0.0000,0.0038,0.0000,200,1.8849
0.0017,0.0000,0.0000,0.0000,0.0016,0.0000,200,1.8875
0.0017,0.0000,0.0000,0.0000,0.0015,0.0001,200,1.8876
0.0050,0.0000,0.0000,0.0000,0.0047,0.0000,200,1.8849
0.0018,0.0000,0.0000,0.0000,0.0013,0.0001,200,1.8881
0.0015,0.0000,0.0000,0.0000,0.0014,0.0000,200,1.8892
0.0020,0.0000,0.0000,0.0000,0.0020,0.0000,200,1.8887
0.0013,0.0000,0.0000,0.0000,0.0012,0.0001,200,1.8899
0.0014,0.0000,0.0000,0.0004,0.0010,0.0000,200,1.8900
0.0013,0.0000,0.0000,0.0000,0.0012,0.0001,200,1.8907
0.0012,0.0000,0.0000,0.0000,0.0010,0.0001,200,1.8914
0.0016,0.0000,0.0000,0.0000,0.0012,0.0002,200,1.8912
0.0022,0.0000,0.0000,0.0000,0.0022,0.0000,200,1.8907
0.0012,0.0000,0.0000,0.0001,0.0009,0.0001,200,1.8920
0.0006,0.0000,0.0000,0.0000,0.0005,0.0000,200,1.8930
0.0011,0.0000,0.0000,0.0000,0.0010,0.0000,200,1.8928
0.0015,0.0000,0.0000,0.0000,0.0014,0.0001,200,1.8926
0.0012,0.0000,0.0000,0.0000,0.0009,0.0002,200,1.8936
0.0010,0.0000,0.0000,0.0000,0.0008,0.0001,200,1.8942
0.0007,0.0000,0.0000,0.0000,0.0005,0.0002,200,1.8947
0.0006,0.0000,0.0000,0.0000,0.0004,0.0000,200,1.8951
0.0006,0.0000,0.0000,0.0000,0.0005,0.0001,200,1.8957
0.0009,0.0000,0.0000,0.0000,0.0005,0.0004,200,1.8954
0.0006,0.0000,0.0000,0.0000,0.0005,0.0000,200,1.8963
0.0006,0.0000,0.0000,0.0000,0.0005,0.0000,200,1.8969
0.0007,0.0000,0.0000,0.0001,0.0005,0.0000,200,1.8975
0.0007,0.0000,0.0000,0.0000,0.0004,0.0002,200,1.8982
0.0007,0.0000,0.0000,0.0000,0.0006,0.0000,200,1.8989
